Date,Company,Next_Day_Return,Actual_Direction,Predicted_Direction,UP_Probability,Correct
2025-09-17,Axis Bank,0.6216696269982336,UP,UP,0.5127216901831696,True
2025-09-17,Bharti Airtel,-0.0103061472804477,DOWN,DOWN,0.47527203721042244,True
2025-09-17,Dr Reddy's,0.8616689452069615,UP,UP,0.5060025328340684,True
2025-09-17,HCLTech,0.8302429178619564,UP,UP,0.502832772324932,True
2025-09-17,HDFC Bank,1.0760501204410078,UP,DOWN,0.47172133235940406,False
2025-09-17,Hindustan Unilever,0.6654511414241782,UP,DOWN,0.4601506264470556,False
2025-09-17,ICICI Bank,0.1761555866695019,UP,UP,0.506969927127225,True
2025-09-17,ITC,0.5497190488894077,UP,UP,0.5045743871086081,True
2025-09-17,Infosys,1.195477593274452,UP,UP,0.5054086255577465,True
2025-09-17,M&M,0.247715515825031,UP,DOWN,0.4027374799721075,False
2025-09-17,Maruti Suzuki,0.1012594139611522,UP,DOWN,0.4769821145962259,False
2025-09-17,NTPC,0.1635012843419048,UP,DOWN,0.4939032949630273,False
2025-09-17,ONGC,-0.5445831299944581,DOWN,DOWN,0.48159254041532323,True
2025-09-17,Reliance,0.084874178132166,UP,DOWN,0.47652527179399234,False
2025-09-17,SBI,-0.326669631729759,DOWN,DOWN,0.4945812627912941,True
2025-09-17,Sun Pharma,1.7528715757287203,UP,DOWN,0.48577730390314816,False
2025-09-17,TCS,0.1229167386451068,UP,DOWN,0.45878629921620007,False
2025-09-17,Tata Steel,0.3909886592897482,UP,DOWN,0.470015961085414,False
2025-09-17,Wipro,1.093841765122816,UP,DOWN,0.47840364030067,False
2025-09-18,Axis Bank,0.2559597894141729,UP,DOWN,0.49075059676019056,False
2025-09-18,Bharti Airtel,1.0973184841597703,UP,DOWN,0.4685708996331817,False
2025-09-18,Dr Reddy's,-0.0756029361847376,DOWN,DOWN,0.48397953236940194,True
2025-09-18,HCLTech,-1.7673064366796054,DOWN,DOWN,0.47469342795156316,True
2025-09-18,HDFC Bank,-1.0236462022813364,DOWN,DOWN,0.4946203840185609,True
2025-09-18,Hindustan Unilever,-1.0514902836884166,DOWN,DOWN,0.4580223363190934,True
2025-09-18,ICICI Bank,-1.371597430521576,DOWN,DOWN,0.4893690488640854,True
2025-09-18,ITC,-0.2186839808478335,DOWN,UP,0.5047574510479325,False
2025-09-18,Infosys,-0.0259654952876609,DOWN,UP,0.5168206092689343,False
2025-09-18,M&M,-1.3755382512567804,DOWN,DOWN,0.44621102009447117,True
2025-09-18,Maruti Suzuki,0.2971486375418886,UP,DOWN,0.44678119715406345,False
2025-09-18,NTPC,0.5045204415688342,UP,DOWN,0.46753767222854453,False
2025-09-18,ONGC,0.466915455076422,UP,DOWN,0.4847442135694801,False
2025-09-18,Reliance,-0.5371007481227874,DOWN,DOWN,0.49073296932165067,True
2025-09-18,SBI,0.9363844125486632,UP,UP,0.54865192547736,True
2025-09-18,Sun Pharma,0.4488671917778353,UP,DOWN,0.496656834762506,False
2025-09-18,TCS,-0.23609406350239,DOWN,DOWN,0.475592833391474,True
2025-09-18,Tata Steel,-0.3197134544326907,DOWN,DOWN,0.47192453856217015,True
2025-09-18,Wipro,-0.4086668831589923,DOWN,DOWN,0.4839822573141543,True
2025-09-19,Axis Bank,0.7483052924824651,UP,DOWN,0.48350275147764543,False
2025-09-19,Bharti Airtel,-0.3159433940609912,DOWN,DOWN,0.4602474524287058,True
2025-09-19,Dr Reddy's,-1.5358952491307698,DOWN,UP,0.5031914464667208,False
2025-09-19,HCLTech,-1.8740629373357744,DOWN,DOWN,0.49990166725837004,True
2025-09-19,HDFC Bank,-0.2792441967996995,DOWN,UP,0.5272514175975108,False
2025-09-19,Hindustan Unilever,0.4922586745938373,UP,DOWN,0.48740532463485514,False
2025-09-19,ICICI Bank,-0.049918071334265,DOWN,DOWN,0.48643565132147537,True
2025-09-19,ITC,-0.9010061474360452,DOWN,UP,0.5158512316244157,False
2025-09-19,Infosys,-2.642510872754411,DOWN,DOWN,0.49467659837127903,True
2025-09-19,M&M,-0.2032250947819669,DOWN,DOWN,0.49965368446269254,True
2025-09-19,Maruti Suzuki,-0.302571860816947,DOWN,DOWN,0.43601410565132454,True
2025-09-19,NTPC,0.1624149772508243,UP,DOWN,0.4788277834950544,False
2025-09-19,ONGC,0.3295444553007565,UP,UP,0.5017496871074647,True
2025-09-19,Reliance,-1.1936939417859782,DOWN,UP,0.5141163593214938,False
2025-09-19,SBI,-0.8233287861014071,DOWN,DOWN,0.48973942727484987,True
2025-09-19,Sun Pharma,-0.7246376811594235,DOWN,DOWN,0.469666629397943,True
2025-09-19,TCS,-3.010220365189453,DOWN,DOWN,0.47670163548202377,True
2025-09-19,Tata Steel,-0.0524821204413994,DOWN,DOWN,0.4741048081327704,True
2025-09-19,Wipro,-2.1689866131976987,DOWN,DOWN,0.4910579292958488,True
2025-09-22,Axis Bank,2.306887788435641,UP,DOWN,0.469030674633313,False
2025-09-22,Bharti Airtel,-0.8945915773853508,DOWN,DOWN,0.4682315867271894,True
2025-09-22,Dr Reddy's,0.5378822705302877,UP,UP,0.5028772509230198,True
2025-09-22,HCLTech,-0.7014358924014474,DOWN,DOWN,0.4967635917701158,True
2025-09-22,HDFC Bank,-0.7259904492198821,DOWN,UP,0.5432255897786598,False
2025-09-22,Hindustan Unilever,-1.943861322958984,DOWN,DOWN,0.4839656092274105,True
2025-09-22,ICICI Bank,-0.5137317996343205,DOWN,UP,0.5226182754396034,False
2025-09-22,ITC,-0.921489098786965,DOWN,DOWN,0.4928649373951353,True
2025-09-22,Infosys,-0.1333777925975332,DOWN,DOWN,0.49643113205303585,True
2025-09-22,M&M,0.8312890097696535,UP,UP,0.5102432345242099,True
2025-09-22,Maruti Suzuki,1.7766818411734997,UP,DOWN,0.47212410480543837,False
2025-09-22,NTPC,1.120279379780631,UP,UP,0.5061870819872608,True
2025-09-22,ONGC,-0.3410946875100351,DOWN,UP,0.5121605760137075,False
2025-09-22,Reliance,-0.057523858180386,DOWN,DOWN,0.49786462175112356,True
2025-09-22,SBI,1.7947939884171316,UP,UP,0.5103073332354193,True
2025-09-22,Sun Pharma,-0.7785917778664886,DOWN,UP,0.5044637336732638,False
2025-09-22,TCS,-0.3708811992738869,DOWN,UP,0.5132770001492069,False
2025-09-22,Tata Steel,1.108579207217808,UP,DOWN,0.48434626977183615,False
2025-09-22,Wipro,-0.2796296660895647,DOWN,DOWN,0.4955758982911243,True
2025-09-23,Axis Bank,-1.01640108624641,DOWN,DOWN,0.44915815957805544,True
2025-09-23,Bharti Airtel,-0.392014018535658,DOWN,DOWN,0.47695973906529254,True
2025-09-23,Dr Reddy's,-0.7872247505297691,DOWN,DOWN,0.48393043080066983,True
2025-09-23,HCLTech,0.8742481167380856,UP,UP,0.5079312873402256,True
2025-09-23,HDFC Bank,-0.6425014976631949,DOWN,UP,0.5441703779800804,False
2025-09-23,Hindustan Unilever,1.082390347975415,UP,DOWN,0.47677991868655845,False
2025-09-23,ICICI Bank,-0.831965663775136,DOWN,DOWN,0.4982823795083371,True
2025-09-23,ITC,-0.5456379316530535,DOWN,UP,0.5002053129376464,False
2025-09-23,Infosys,-0.1936577238105141,DOWN,UP,0.5053995380905493,False
2025-09-23,M&M,-1.0983288397032331,DOWN,DOWN,0.4605761307443399,True
2025-09-23,Maruti Suzuki,0.9442753308069872,UP,UP,0.5170295414203695,True
2025-09-23,NTPC,1.3411096511707354,UP,DOWN,0.47472952469359586,False
2025-09-23,ONGC,0.78593787778658,UP,UP,0.5089533053672725,True
2025-09-23,Reliance,-0.4892825290845781,DOWN,UP,0.5150760950708791,False
2025-09-23,SBI,-0.505394383447455,DOWN,UP,0.5000993548725647,False
2025-09-23,Sun Pharma,-0.2513472111737136,DOWN,DOWN,0.4952547239387394,True
2025-09-23,TCS,-0.8816614701213976,DOWN,DOWN,0.4915920403934254,True
2025-09-23,Tata Steel,-0.363546453016017,DOWN,DOWN,0.44788374907625067,True
2025-09-23,Wipro,-2.018991485934496,DOWN,DOWN,0.48146078355724664,True
2025-09-24,Axis Bank,0.6644189325794692,UP,DOWN,0.47605873719119607,False
2025-09-24,Bharti Airtel,0.2330278109311523,UP,DOWN,0.4744904016578922,False
2025-09-24,Dr Reddy's,-1.7641187000042802,DOWN,UP,0.5023597418672482,False
2025-09-24,HCLTech,-1.2826734641679716,DOWN,DOWN,0.4738804635023497,True
2025-09-24,HDFC Bank,-0.1261776165746964,DOWN,UP,0.5106628826196868,False
2025-09-24,Hindustan Unilever,-0.4392999086830773,DOWN,DOWN,0.44659405971376126,True
2025-09-24,ICICI Bank,-0.4990166042822319,DOWN,UP,0.5046483948444859,False
2025-09-24,ITC,-0.2244373806694177,DOWN,DOWN,0.49144869033112903,True
2025-09-24,Infosys,-0.6556889413818268,DOWN,DOWN,0.4927861086778695,True
2025-09-24,M&M,-1.255976490819033,DOWN,UP,0.5072274880425519,False
2025-09-24,Maruti Suzuki,0.1230844975075307,UP,DOWN,0.4332937179710509,False
2025-09-24,NTPC,-2.0425793955254568,DOWN,DOWN,0.47383454866122693,True
2025-09-24,ONGC,0.4821372949376457,UP,DOWN,0.48115465070705415,False
2025-09-24,Reliance,-0.7664479816296144,DOWN,UP,0.5084866389566871,False
2025-09-24,SBI,-0.5830048166475588,DOWN,DOWN,0.48984912685574955,True
2025-09-24,Sun Pharma,0.0184407124717012,UP,UP,0.539278048660109,True
2025-09-24,TCS,-2.5696778846099666,DOWN,UP,0.5018195669439467,False
2025-09-24,Tata Steel,-0.1621677130534626,DOWN,DOWN,0.4862628156302305,True
2025-09-24,Wipro,-1.0589134374542009,DOWN,DOWN,0.4912936868999112,True
2025-09-25,Axis Bank,-1.0800596476619129,DOWN,DOWN,0.4874909523870515,True
2025-09-25,Bharti Airtel,-0.9816077825816504,DOWN,DOWN,0.4742428983604741,True
2025-09-25,Dr Reddy's,-1.733059632383782,DOWN,DOWN,0.4914600524023613,True
2025-09-25,HCLTech,-2.0016855613579465,DOWN,DOWN,0.48875004979404224,True
2025-09-25,HDFC Bank,-0.5053416767219376,DOWN,UP,0.5424343809195147,False
2025-09-25,Hindustan Unilever,-1.0440058105910088,DOWN,DOWN,0.4710786978994536,True
2025-09-25,ICICI Bank,-1.1775020109925372,DOWN,UP,0.5463459780199792,False
2025-09-25,ITC,1.2496875590415124,UP,UP,0.5243040674047786,True
2025-09-25,Infosys,-2.4178356164789028,DOWN,UP,0.5124024346338408,False
2025-09-25,M&M,-3.781869688385264,DOWN,DOWN,0.4932216538790096,True
2025-09-25,Maruti Suzuki,0.1044932079414806,UP,DOWN,0.4286723027740636,False
2025-09-25,NTPC,-0.7635847587417421,DOWN,DOWN,0.4750663511109436,True
2025-09-25,ONGC,-0.6884440727209062,DOWN,DOWN,0.49281089350700596,True
2025-09-25,Reliance,0.3788947157804978,UP,UP,0.5273724442487232,True
2025-09-25,SBI,-0.4877213131229907,DOWN,UP,0.5041246161596006,False
2025-09-25,Sun Pharma,-2.500926178665963,DOWN,DOWN,0.49833634619151645,True
2025-09-25,TCS,-1.9713196257732049,DOWN,UP,0.5025420928833115,False
2025-09-25,Tata Steel,-2.8889725288693717,DOWN,DOWN,0.4766580311996023,True
2025-09-25,Wipro,-2.5826446280991733,DOWN,DOWN,0.4894541659057132,True
2025-09-26,Axis Bank,-1.8890856870125703,DOWN,UP,0.5327359667013928,False
2025-09-26,Bharti Airtel,-0.751331764452301,DOWN,DOWN,0.48204791365741445,True
2025-09-26,Dr Reddy's,-1.4763387088368218,DOWN,UP,0.5076881024733179,False
2025-09-26,HCLTech,-0.5661882131157037,DOWN,UP,0.5085255773559171,False
2025-09-26,HDFC Bank,0.5555261698125147,UP,UP,0.5250373601679715,True
2025-09-26,Hindustan Unilever,-0.5533938296903851,DOWN,DOWN,0.46817053215993404,True
2025-09-26,ICICI Bank,-0.8458370260740811,DOWN,UP,0.5197099128533915,False
2025-09-26,ITC,0.5307316376428339,UP,DOWN,0.4949090427007876,False
2025-09-26,Infosys,-0.4900252237078129,DOWN,DOWN,0.48956890706603634,True
2025-09-26,M&M,0.6359516459958803,UP,DOWN,0.4941563454454514,False
2025-09-26,Maruti Suzuki,-1.854353432395928,DOWN,DOWN,0.38794681630387967,True
2025-09-26,NTPC,0.9026393505888076,UP,DOWN,0.4672181583302613,False
2025-09-26,ONGC,0.823456608644757,UP,UP,0.5059481881321427,True
2025-09-26,Reliance,-0.3484267452727674,DOWN,DOWN,0.47844145314359565,True
2025-09-26,SBI,1.6103608841112615,UP,UP,0.5097522613816972,True
2025-09-26,Sun Pharma,0.1638682634564681,UP,UP,0.5181439257469319,True
2025-09-26,TCS,-0.1034803869802702,DOWN,UP,0.523335613880338,False
2025-09-26,Tata Steel,0.9438482011126624,UP,UP,0.505117079823524,True
2025-09-26,Wipro,1.6500527633715567,UP,DOWN,0.481251922089089,False
2025-09-29,Axis Bank,-0.0529920165882824,DOWN,UP,0.51035214254983,False
2025-09-29,Bharti Airtel,-1.2511790226442887,DOWN,DOWN,0.4861098108630363,True
2025-09-29,Dr Reddy's,-0.8828790401432918,DOWN,DOWN,0.4918664259750786,True
2025-09-29,HCLTech,-0.1657812301896433,DOWN,UP,0.5026417730919273,False
2025-09-29,HDFC Bank,0.0736622346651838,UP,UP,0.5153384686077247,True
2025-09-29,Hindustan Unilever,0.660554891912124,UP,UP,0.5479250250127876,True
2025-09-29,ICICI Bank,-0.0074160364771147,DOWN,UP,0.538352851347578,False
2025-09-29,ITC,-1.399634673304162,DOWN,DOWN,0.4994687996564218,True
2025-09-29,Infosys,0.0,DOWN,DOWN,0.488594412350443,True
2025-09-29,M&M,0.2603757084192137,UP,UP,0.5365734489350156,True
2025-09-29,Maruti Suzuki,0.2815315315315425,UP,DOWN,0.44050853100312454,False
2025-09-29,NTPC,-0.1466490635279371,DOWN,DOWN,0.45117745301352963,True
2025-09-29,ONGC,-0.2000148912761901,DOWN,DOWN,0.48069260247667084,True
2025-09-29,Reliance,-0.641029175052632,DOWN,UP,0.5047829018752112,False
2025-09-29,SBI,0.1952353955821051,UP,UP,0.5239364590381552,True
2025-09-29,Sun Pharma,0.3146039040071047,UP,DOWN,0.4717134731898088,False
2025-09-29,TCS,-0.2658815321587626,DOWN,UP,0.513789497345599,False
2025-09-29,Tata Steel,-0.1242700085143266,DOWN,DOWN,0.4678078583069883,True
2025-09-29,Wipro,-0.1126707866585863,DOWN,DOWN,0.4715113017971271,True
2025-09-30,Axis Bank,2.4655377355956576,UP,DOWN,0.48754196401526023,False
2025-09-30,Bharti Airtel,-0.5749600025422796,DOWN,DOWN,0.4824515015666824,True
2025-09-30,Dr Reddy's,1.7161069574195276,UP,DOWN,0.49339575190579943,False
2025-09-30,HCLTech,0.3176683626899379,UP,UP,0.5097765923757813,True
2025-09-30,HDFC Bank,1.4984227129337446,UP,UP,0.5076536153215438,True
2025-09-30,Hindustan Unilever,0.8670080207927366,UP,DOWN,0.4539190378682439,False
2025-09-30,ICICI Bank,1.7804154302670572,UP,UP,0.5302845346005124,True
2025-09-30,ITC,1.0085962977627982,UP,UP,0.5039215832883953,True
2025-09-30,Infosys,0.2774309796459651,UP,DOWN,0.4802423628063945,False
2025-09-30,M&M,1.0621506374015155,UP,UP,0.5788363876364658,True
2025-09-30,Maruti Suzuki,-0.3992763116850706,DOWN,UP,0.5465584230897286,False
2025-09-30,NTPC,-0.0587493610984535,DOWN,DOWN,0.4634969238351082,True
2025-09-30,ONGC,1.478076528656702,UP,UP,0.5234201140206665,True
2025-09-30,Reliance,0.3445712002840828,UP,UP,0.5028108529738413,True
2025-09-30,SBI,-0.957079088115398,DOWN,UP,0.5145293704767728,False
2025-09-30,Sun Pharma,2.628106445493006,UP,DOWN,0.488951132455109,False
2025-09-30,TCS,0.893229805443152,UP,UP,0.5195766829456072,True
2025-09-30,Tata Steel,-0.7465839507776795,DOWN,UP,0.505121795217034,False
2025-09-30,Wipro,0.7102027161754343,UP,DOWN,0.4916505464214426,False
2025-10-01,Axis Bank,1.8542475204829767,UP,DOWN,0.48878668546182213,False
2025-10-01,Bharti Airtel,1.5581482098064423,UP,DOWN,0.4857658670516686,False
2025-10-01,Dr Reddy's,0.2731601628859659,UP,DOWN,0.46649908245045235,False
2025-10-01,HCLTech,0.2878733357322804,UP,DOWN,0.4967935762635105,False
2025-10-01,HDFC Bank,-0.0103574810606188,DOWN,UP,0.5266245007719083,False
2025-10-01,Hindustan Unilever,0.3430309651987429,UP,DOWN,0.4538453133423257,False
2025-10-01,ICICI Bank,-0.4956303810586759,DOWN,DOWN,0.48549101565679675,True
2025-10-01,ITC,-0.3205173301242592,DOWN,DOWN,0.49810950052459474,True
2025-10-01,Infosys,0.0553276200578878,UP,DOWN,0.48768175643200495,False
2025-10-01,M&M,-0.040419887486931,DOWN,UP,0.5419271379948084,False
2025-10-01,Maruti Suzuki,-0.9959285937989336,DOWN,DOWN,0.47168178186816145,True
2025-10-01,NTPC,0.5143277002204183,UP,DOWN,0.4562946905499724,False
2025-10-01,ONGC,0.255106317109921,UP,DOWN,0.498885196170647,False
2025-10-01,Reliance,-0.3872234198061264,DOWN,DOWN,0.4939029648902619,True
2025-10-01,SBI,0.3703289315407421,UP,DOWN,0.49359798206517763,False
2025-10-01,Sun Pharma,-0.3055861232863943,DOWN,DOWN,0.49002446168216307,True
2025-10-01,TCS,-0.4220729199854278,DOWN,UP,0.538250653033992,False
2025-10-01,Tata Steel,3.4027893223998795,UP,DOWN,0.48830898292153846,False
2025-10-01,Wipro,-0.0373383639378444,DOWN,DOWN,0.48906605453898994,True
2025-10-03,Axis Bank,2.692637496030903,UP,UP,0.5084125972026832,True
2025-10-03,Bharti Airtel,0.3374294605801076,UP,DOWN,0.44680827112390326,False
2025-10-03,Dr Reddy's,0.0400608933403212,UP,DOWN,0.46726738604372176,False
2025-10-03,HCLTech,1.7366308698869792,UP,DOWN,0.4912831540335453,False
2025-10-03,HDFC Bank,0.8599686663229189,UP,DOWN,0.48476772577179666,False
2025-10-03,Hindustan Unilever,-0.1218065006317159,DOWN,DOWN,0.46452373991425266,True
2025-10-03,ICICI Bank,-0.1318434531342838,DOWN,UP,0.5274434235103512,False
2025-10-03,ITC,-0.8780578531173866,DOWN,UP,0.5225305932899332,False
2025-10-03,Infosys,2.032353443263002,UP,DOWN,0.4773384023005343,False
2025-10-03,M&M,0.2888503755054783,UP,UP,0.5276973070038173,True
2025-10-03,Maruti Suzuki,1.2147285840820032,UP,DOWN,0.44208598257817205,False
2025-10-03,NTPC,-0.8479514317205727,DOWN,DOWN,0.4520412360921739,True
2025-10-03,ONGC,0.9028962140594564,UP,DOWN,0.49842293456229547,False
2025-10-03,Reliance,0.8508123352075403,UP,DOWN,0.4926581311068628,False
2025-10-03,SBI,0.7782774236140488,UP,DOWN,0.49712413962352825,False
2025-10-03,Sun Pharma,1.4406572280190044,UP,DOWN,0.4922286570436858,False
2025-10-03,TCS,2.980805779349493,UP,UP,0.5200087440574809,True
2025-10-03,Tata Steel,-1.8186069125192492,DOWN,UP,0.552780601314508,False
2025-10-03,Wipro,0.4772218340370893,UP,DOWN,0.48942092277097354,False
2025-10-06,Axis Bank,-2.143799385984746,DOWN,DOWN,0.4599926551345671,True
2025-10-06,Bharti Airtel,1.3609387182136112,UP,UP,0.5039844627382188,True
2025-10-06,Dr Reddy's,-0.0080070148880562,DOWN,DOWN,0.4919995327152735,True
2025-10-06,HCLTech,1.1074327278638665,UP,DOWN,0.4903808267749157,False
2025-10-06,HDFC Bank,0.9296818202765732,UP,UP,0.532511998303333,True
2025-10-06,Hindustan Unilever,-0.9678219050940572,DOWN,UP,0.5025725103534064,False
2025-10-06,ICICI Bank,0.91682556668371,UP,UP,0.5089159284896615,True
2025-10-06,ITC,-0.2370585669447811,DOWN,UP,0.5006309143169457,False
2025-10-06,Infosys,-1.185636856368566,DOWN,UP,0.5180765852522551,False
2025-10-06,M&M,0.5990797473538256,UP,UP,0.5260344691373927,True
2025-10-06,Maruti Suzuki,0.6875859482435409,UP,DOWN,0.4412054675727738,False
2025-10-06,NTPC,-0.324389880187681,DOWN,DOWN,0.47072997942027794,True
2025-10-06,ONGC,-0.2196344605841949,DOWN,UP,0.5067791099007075,False
2025-10-06,Reliance,0.7127308238636276,UP,DOWN,0.4778535933689281,False
2025-10-06,SBI,-1.0697300745403315,DOWN,DOWN,0.4789298551156356,True
2025-10-06,Sun Pharma,-0.0966927922373073,DOWN,UP,0.5313281388308263,False
2025-10-06,TCS,-0.4919004033009821,DOWN,UP,0.514386774454411,False
2025-10-06,Tata Steel,0.8055951645627113,UP,UP,0.52764827485018,True
2025-10-06,Wipro,0.5781992600057739,UP,UP,0.5003435726741534,True
2025-10-07,Axis Bank,-0.522419361905957,DOWN,UP,0.5440906829717552,False
2025-10-07,Bharti Airtel,0.7516848107827823,UP,DOWN,0.46175236604779,False
2025-10-07,Dr Reddy's,-1.12134561473769,DOWN,DOWN,0.48058819417946014,True
2025-10-07,HCLTech,1.381325967669511,UP,UP,0.506884704831906,True
2025-10-07,HDFC Bank,-0.3867672053912252,DOWN,DOWN,0.49268950937951567,True
2025-10-07,Hindustan Unilever,-0.6793204293391253,DOWN,UP,0.5062304234913304,False
2025-10-07,ICICI Bank,-0.4070045415052847,DOWN,UP,0.507885679661063,False
2025-10-07,ITC,-0.0125032002238789,DOWN,UP,0.5107588548316948,False
2025-10-07,Infosys,2.5025711347274493,UP,DOWN,0.49413098382509985,False
2025-10-07,M&M,-1.8981919348738383,DOWN,DOWN,0.48525133571702705,True
2025-10-07,Maruti Suzuki,-0.595977154209093,DOWN,DOWN,0.4391699933275716,True
2025-10-07,NTPC,-1.2426071618435677,DOWN,DOWN,0.4794691366346792,True
2025-10-07,ONGC,-1.4307882198071886,DOWN,UP,0.5004755966597094,False
2025-10-07,Reliance,-1.2565008521473686,DOWN,DOWN,0.47794190796878516,True
2025-10-07,SBI,-0.7459248428328902,DOWN,DOWN,0.4924940635668524,True
2025-10-07,Sun Pharma,-1.300586795567482,DOWN,DOWN,0.48106414421354715,True
2025-10-07,TCS,1.799105521016564,UP,UP,0.5197526155689034,True
2025-10-07,Tata Steel,0.2975032301317126,UP,DOWN,0.49485328664905154,False
2025-10-07,Wipro,0.3038662574932571,UP,DOWN,0.4982710160170626,False
2025-10-08,Axis Bank,-1.1180714420499505,DOWN,UP,0.5314656049364057,False
2025-10-08,Bharti Airtel,-0.0771803447388697,DOWN,DOWN,0.46200436198421796,True
2025-10-08,Dr Reddy's,0.9396497031946228,UP,DOWN,0.4920217586355702,False
2025-10-08,HCLTech,2.291498069572006,UP,UP,0.5006468816887103,True
2025-10-08,HDFC Bank,-0.163485909996619,DOWN,UP,0.5269113415515736,False
2025-10-08,Hindustan Unilever,0.6999719737784016,UP,DOWN,0.48513550102573705,False
2025-10-08,ICICI Bank,0.4305555085395873,UP,UP,0.5090258979028358,True
2025-10-08,ITC,0.0375219253244241,UP,UP,0.5248255892855591,True
2025-10-08,Infosys,0.9565250052257612,UP,DOWN,0.4911886185206848,False
2025-10-08,M&M,0.4786196510652374,UP,UP,0.5012703881112988,True
2025-10-08,Maruti Suzuki,-0.1686235323507423,DOWN,DOWN,0.3917376434706068,True
2025-10-08,NTPC,0.6141457116584315,UP,DOWN,0.45340890245559584,False
2025-10-08,ONGC,0.6534063301794957,UP,UP,0.5137451951828017,True
2025-10-08,Reliance,0.760569272222944,UP,DOWN,0.49916638157885274,False
2025-10-08,SBI,0.4485843968467851,UP,DOWN,0.49105308614206555,False
2025-10-08,Sun Pharma,1.648689925016833,UP,UP,0.5057721062941968,True
2025-10-08,TCS,1.139667037410086,UP,UP,0.510209343409045,True
2025-10-08,Tata Steel,2.605557557244853,UP,UP,0.5065673129474004,True
2025-10-08,Wipro,0.8719816542221315,UP,DOWN,0.49132097074022546,False
2025-10-09,Axis Bank,1.1135857228138146,UP,UP,0.5077233758562762,True
2025-10-09,Bharti Airtel,-0.1081346851667053,DOWN,DOWN,0.48714013089913094,True
2025-10-09,Dr Reddy's,1.4685859230131104,UP,DOWN,0.4964560357362695,False
2025-10-09,HCLTech,0.6054490413723412,UP,UP,0.5091754184455115,True
2025-10-09,HDFC Bank,0.3889109531341361,UP,DOWN,0.4963825400237491,False
2025-10-09,Hindustan Unilever,0.4488323899422886,UP,DOWN,0.4670925438047461,False
2025-10-09,ICICI Bank,0.2979289203402846,UP,DOWN,0.48855803723112406,False
2025-10-09,ITC,0.725179780131513,UP,UP,0.5385501199596049,True
2025-10-09,Infosys,0.371031299593838,UP,DOWN,0.47697905233607496,False
2025-10-09,M&M,0.348543389014333,UP,DOWN,0.48489633716312996,False
2025-10-09,Maruti Suzuki,1.7516421645292546,UP,DOWN,0.36673318115240844,False
2025-10-09,NTPC,1.14634689103712,UP,DOWN,0.47487640637444417,False
2025-10-09,ONGC,1.2120452589013286,UP,DOWN,0.4840024797295745,False
2025-10-09,Reliance,0.2830528527754783,UP,DOWN,0.490731210866795,False
2025-10-09,SBI,2.1517282627826484,UP,UP,0.5087032928118151,True
2025-10-09,Sun Pharma,0.7476650234586879,UP,DOWN,0.4966961552933479,False
2025-10-09,TCS,-1.0908940417550084,DOWN,UP,0.5092720539310985,False
2025-10-09,Tata Steel,-1.4510812748916413,DOWN,UP,0.5160325773568976,False
2025-10-09,Wipro,0.9334428201017042,UP,UP,0.512387947065865,True
2025-10-10,Axis Bank,0.7793926619445557,UP,DOWN,0.48929313833605403,False
2025-10-10,Bharti Airtel,0.7732357240693766,UP,UP,0.5383945536916243,True
2025-10-10,Dr Reddy's,-0.1581777887837976,DOWN,UP,0.5256227194583709,False
2025-10-10,HCLTech,-0.0534970797810063,DOWN,UP,0.5012780699145607,False
2025-10-10,HDFC Bank,-0.3975965253331548,DOWN,DOWN,0.49306445728602283,True
2025-10-10,Hindustan Unilever,-1.4274923844225018,DOWN,DOWN,0.46760263176305605,True
2025-10-10,ICICI Bank,-0.065204983135847,DOWN,DOWN,0.4950821136785872,True
2025-10-10,ITC,-0.8813276813686044,DOWN,DOWN,0.48509289054526306,True
2025-10-10,Infosys,-1.4324425963740173,DOWN,UP,0.5394571305510009,False
2025-10-10,M&M,0.1389345267244657,UP,UP,0.5018423951023718,True
2025-10-10,Maruti Suzuki,0.3565939133107987,UP,DOWN,0.4842170197748409,False
2025-10-10,NTPC,0.5887547624758627,UP,DOWN,0.47324573921903723,False
2025-10-10,ONGC,-0.9133717761827808,DOWN,DOWN,0.4786467602269051,True
2025-10-10,Reliance,-0.484906376828953,DOWN,UP,0.5214806868437466,False
2025-10-10,SBI,0.2611693327890352,UP,DOWN,0.48618881799816155,False
2025-10-10,Sun Pharma,-0.1496199631020212,DOWN,UP,0.5012587775649323,False
2025-10-10,TCS,-0.6967637722825826,DOWN,UP,0.510265846179142,False
2025-10-10,Tata Steel,-0.4773966571614441,DOWN,UP,0.5250197391618553,False
2025-10-10,Wipro,-1.4354612421537905,DOWN,DOWN,0.472639238919103,True
2025-10-13,Axis Bank,-1.0759857952676866,DOWN,UP,0.5185892504393417,False
2025-10-13,Bharti Airtel,-0.4245766394428751,DOWN,DOWN,0.45847839071185686,True
2025-10-13,Dr Reddy's,-1.988274326720452,DOWN,UP,0.512959392362864,False
2025-10-13,HCLTech,0.0468370418851282,UP,DOWN,0.4659612636282756,False
2025-10-13,HDFC Bank,0.0153556206819338,UP,UP,0.5047871974024895,True
2025-10-13,Hindustan Unilever,0.3810975535107896,UP,DOWN,0.49824614351421265,False
2025-10-13,ICICI Bank,0.3407243068501042,UP,DOWN,0.49713998904771056,False
2025-10-13,ITC,-0.613653652355961,DOWN,UP,0.5530251315552503,False
2025-10-13,Infosys,-0.2209969773453779,DOWN,DOWN,0.48308657157263163,True
2025-10-13,M&M,0.0028932467457609,UP,DOWN,0.4643618975597627,False
2025-10-13,Maruti Suzuki,-0.3798321386999981,DOWN,DOWN,0.4182163967463341,True
2025-10-13,NTPC,-1.4779099005378882,DOWN,DOWN,0.46980444945531813,True
2025-10-13,ONGC,0.2458134755694896,UP,DOWN,0.4919931317544177,False
2025-10-13,Reliance,0.0654563210227276,UP,DOWN,0.49482701963609116,False
2025-10-13,SBI,-0.6795401684181801,DOWN,DOWN,0.48278414793133334,True
2025-10-13,Sun Pharma,-0.8391272953209628,DOWN,DOWN,0.48517612762923346,True
2025-10-13,TCS,-1.559587094482151,DOWN,UP,0.5077806217148163,False
2025-10-13,Tata Steel,-1.4563973243016948,DOWN,DOWN,0.4909480942764238,True
2025-10-13,Wipro,1.3421422186588927,UP,DOWN,0.48537598472882904,False
2025-10-14,Axis Bank,-0.6118348864242007,DOWN,DOWN,0.49735773035098135,True
2025-10-14,Bharti Airtel,1.1250397970168802,UP,DOWN,0.4823052619319872,False
2025-10-14,Dr Reddy's,-0.396025557317603,DOWN,DOWN,0.49524356395070424,True
2025-10-14,HCLTech,0.0200566238408361,UP,DOWN,0.4896800605755875,False
2025-10-14,HDFC Bank,0.1125697752089927,UP,DOWN,0.495041084306475,False
2025-10-14,Hindustan Unilever,0.667384040522867,UP,DOWN,0.47745552888810894,False
2025-10-14,ICICI Bank,1.033165889774068,UP,DOWN,0.48829303827370896,False
2025-10-14,ITC,0.7812515622185545,UP,UP,0.5051873760648056,True
2025-10-14,Infosys,-1.0403382606893885,DOWN,DOWN,0.49286376098476525,True
2025-10-14,M&M,1.0809845024546405,UP,DOWN,0.48221450601774,False
2025-10-14,Maruti Suzuki,-0.301334481274218,DOWN,DOWN,0.3957423107225742,True
2025-10-14,NTPC,0.7723172881788587,UP,DOWN,0.45771517038819537,False
2025-10-14,ONGC,1.238301013145171,UP,DOWN,0.4865120704517373,False
2025-10-14,Reliance,-0.1162857444252818,DOWN,DOWN,0.47821680914346276,True
2025-10-14,SBI,1.0433848282729752,UP,UP,0.5115191838924646,True
2025-10-14,Sun Pharma,0.0423084599580292,UP,DOWN,0.48116562505046345,False
2025-10-14,TCS,0.3209134156438198,UP,UP,0.5078283368611476,True
2025-10-14,Tata Steel,1.6010856103914062,UP,UP,0.5419724186671315,True
2025-10-14,Wipro,0.7205573456709136,UP,DOWN,0.4951145889702158,False
2025-10-15,Axis Bank,2.2828380471546783,UP,DOWN,0.49650618460382684,False
2025-10-15,Bharti Airtel,-0.0558788715233626,DOWN,DOWN,0.46835541741478,True
2025-10-15,Dr Reddy's,0.6329054368139131,UP,DOWN,0.48552048379473745,False
2025-10-15,HCLTech,1.2903690217415331,UP,DOWN,0.480778408051362,False
2025-10-15,HDFC Bank,1.645793568713283,UP,UP,0.5024897688092729,True
2025-10-15,Hindustan Unilever,1.6871774513695923,UP,DOWN,0.473004563273841,False
2025-10-15,ICICI Bank,1.3515463446864384,UP,DOWN,0.4852269404381784,False
2025-10-15,ITC,1.3128282270889358,UP,DOWN,0.4953079390217617,False
2025-10-15,Infosys,-0.1966918316631871,DOWN,DOWN,0.48821673242963165,True
2025-10-15,M&M,1.8186005531350304,UP,DOWN,0.465591165072282,False
2025-10-15,Maruti Suzuki,0.5304712558598546,UP,DOWN,0.37102332206285205,False
2025-10-15,NTPC,0.6632277081798144,UP,DOWN,0.452269983700803,False
2025-10-15,ONGC,0.2543213627111074,UP,DOWN,0.4879784653185994,False
2025-10-15,Reliance,1.7463435310553166,UP,DOWN,0.48856825498199224,False
2025-10-15,SBI,0.0959301032066539,UP,DOWN,0.47815499657220184,False
2025-10-15,Sun Pharma,0.235636787601412,UP,DOWN,0.48111685740615,False
2025-10-15,TCS,0.0303017822396833,UP,DOWN,0.49160197015854284,False
2025-10-15,Tata Steel,0.4386945755816995,UP,DOWN,0.49599081336117584,False
2025-10-15,Wipro,1.4387877175685349,UP,DOWN,0.49515231250840513,False
2025-10-16,Axis Bank,0.3259970061499473,UP,UP,0.5492515945106076,True
2025-10-16,Bharti Airtel,2.266950037231008,UP,DOWN,0.4531031718705176,False
2025-10-16,Dr Reddy's,1.265930806347182,UP,UP,0.5094452543039818,True
2025-10-16,HCLTech,-1.9009933219884532,DOWN,DOWN,0.4384281938936405,True
2025-10-16,HDFC Bank,0.8246605730742873,UP,UP,0.5162527392142955,True
2025-10-16,Hindustan Unilever,1.6474702780353343,UP,UP,0.5130202567276281,True
2025-10-16,ICICI Bank,1.361738946793256,UP,DOWN,0.49514782450458766,False
2025-10-16,ITC,1.727755178441015,UP,UP,0.5176523143185029,True
2025-10-16,Infosys,-2.0659207892669063,DOWN,DOWN,0.48717261115626437,True
2025-10-16,M&M,2.4264182531727574,UP,DOWN,0.4895001396214626,False
2025-10-16,Maruti Suzuki,0.6319793839735022,UP,DOWN,0.4158221655394035,False
2025-10-16,NTPC,-0.1464128843338241,DOWN,DOWN,0.47754776920575154,True
2025-10-16,ONGC,-0.265755444287874,DOWN,UP,0.5004415382257887,False
2025-10-16,Reliance,1.3230350678671732,UP,DOWN,0.4917871313625457,False
2025-10-16,SBI,0.2480424123967095,UP,DOWN,0.4785235561787352,False
2025-10-16,Sun Pharma,1.2115717652765312,UP,DOWN,0.48915424525277124,False
2025-10-16,TCS,-0.2861278533581646,DOWN,UP,0.5105628961053973,False
2025-10-16,Tata Steel,-1.0229878041936091,DOWN,DOWN,0.4825148732773167,True
2025-10-16,Wipro,-5.086483505886696,DOWN,UP,0.5062151759005112,False
2025-10-17,Axis Bank,2.14964588216604,UP,UP,0.5089793745138849,True
2025-10-17,Bharti Airtel,1.963220675944344,UP,DOWN,0.4523432998355124,False
2025-10-17,Dr Reddy's,2.0781889544205123,UP,DOWN,0.49973089945556703,False
2025-10-17,HCLTech,0.6190333430527328,UP,DOWN,0.4831828785851935,False
2025-10-17,HDFC Bank,0.0399006951207647,UP,UP,0.5037495648229265,True
2025-10-17,Hindustan Unilever,-0.3571858894086177,DOWN,UP,0.5135611523956913,False
2025-10-17,ICICI Bank,-3.222882329434007,DOWN,DOWN,0.45560115604778617,True
2025-10-17,ITC,0.2183656216941498,UP,UP,0.5170664458105053,True
2025-10-17,Infosys,1.3739538660441974,UP,UP,0.5003319528267117,True
2025-10-17,M&M,-1.318815917952898,DOWN,DOWN,0.4422832119848305,True
2025-10-17,Maruti Suzuki,0.1402353515029597,UP,DOWN,0.4030849705050424,False
2025-10-17,NTPC,0.2785959551411254,UP,DOWN,0.4600583240569519,False
2025-10-17,ONGC,0.4239182209246461,UP,UP,0.5032722902917546,True
2025-10-17,Reliance,3.5290794944111026,UP,DOWN,0.49279930352071893,False
2025-10-17,SBI,2.063765965482589,UP,DOWN,0.4764027545059894,False
2025-10-17,Sun Pharma,0.5657792947489471,UP,DOWN,0.48595733854097023,False
2025-10-17,TCS,1.7892107512537336,UP,DOWN,0.49174754419568845,False
2025-10-17,Tata Steel,-0.1567786961718331,DOWN,UP,0.5168526249934745,False
2025-10-17,Wipro,0.1411422188851485,UP,UP,0.5756478193809471,True
2025-10-20,Axis Bank,0.9217005569433168,UP,DOWN,0.4973298636795736,False
2025-10-20,Bharti Airtel,-0.3899585669022709,DOWN,DOWN,0.45964041314083864,True
2025-10-20,Dr Reddy's,0.5226170960900944,UP,UP,0.51288851450085,True
2025-10-20,HCLTech,-0.6285959783734585,DOWN,DOWN,0.4826636552255177,True
2025-10-20,HDFC Bank,0.4736028657646995,UP,UP,0.5027359814329537,True
2025-10-20,Hindustan Unilever,-0.104068427131676,DOWN,UP,0.5222911491767209,False
2025-10-20,ICICI Bank,-0.5969969457399582,DOWN,UP,0.5297785320781704,False
2025-10-20,ITC,-0.0484158565218106,DOWN,UP,0.5114178177547555,False
2025-10-20,Infosys,0.7871859680892657,UP,DOWN,0.49695557455644185,False
2025-10-20,M&M,0.614038312799825,UP,UP,0.508873947555563,True
2025-10-20,Maruti Suzuki,-0.1704822211398005,DOWN,DOWN,0.39496516188225184,True
2025-10-20,NTPC,0.0146184504121293,UP,DOWN,0.4649404166198938,False
2025-10-20,ONGC,-0.2492604174175072,DOWN,DOWN,0.49093414352835785,True
2025-10-20,Reliance,-0.1090876467810586,DOWN,DOWN,0.47362902708399846,True
2025-10-20,SBI,0.038564802858132,UP,DOWN,0.4876346556402399,False
2025-10-20,Sun Pharma,0.1125206941569034,UP,DOWN,0.4885070969172304,False
2025-10-20,TCS,-0.281905019157902,DOWN,UP,0.5375764428155331,False
2025-10-20,Tata Steel,0.4826995322974703,UP,DOWN,0.4887050017715555,False
2025-10-20,Wipro,0.0497409693480221,UP,DOWN,0.45906252152531807,False
2025-10-21,Axis Bank,1.737654501861785,UP,UP,0.5518639991536145,True
2025-10-21,Bharti Airtel,-1.7421079317806454,DOWN,UP,0.5201728744446265,False
2025-10-21,Dr Reddy's,-0.7216518282130435,DOWN,UP,0.5466115157405442,False
2025-10-21,HCLTech,2.550472706195328,UP,DOWN,0.4967272600426287,False
2025-10-21,HDFC Bank,0.1091570479917258,UP,UP,0.5254338360105593,True
2025-10-21,Hindustan Unilever,0.3819943153488214,UP,UP,0.5527915966374151,True
2025-10-21,ICICI Bank,-1.3241714057977585,DOWN,UP,0.512698473011713,False
2025-10-21,ITC,0.7508795101575982,UP,UP,0.5636684360638172,True
2025-10-21,Infosys,3.810104228180955,UP,DOWN,0.4549515067516567,False
2025-10-21,M&M,0.0662804185556753,UP,UP,0.5590473985648202,True
2025-10-21,Maruti Suzuki,-0.018297145645274,DOWN,DOWN,0.44208867915284883,True
2025-10-21,NTPC,0.1900566948784821,UP,UP,0.5289744201476672,True
2025-10-21,ONGC,1.688700033799062,UP,UP,0.5253870079534786,True
2025-10-21,Reliance,-1.1465961860274263,DOWN,UP,0.534540365915605,False
2025-10-21,SBI,0.4075576699380523,UP,UP,0.5265205473939174,True
2025-10-21,Sun Pharma,-0.0354910136609043,DOWN,UP,0.5577938669051321,False
2025-10-21,TCS,2.211727178632561,UP,UP,0.5531242048150647,True
2025-10-21,Tata Steel,0.7987063853237331,UP,UP,0.5548494922618886,True
2025-10-21,Wipro,1.2180984562361274,UP,DOWN,0.4952764720373084,False
2025-10-23,Axis Bank,-1.3425503462440649,DOWN,DOWN,0.4887687625338134,True
2025-10-23,Bharti Airtel,1.0657913319318535,UP,DOWN,0.49577413424176003,False
2025-10-23,Dr Reddy's,0.3282750579748139,UP,UP,0.5697306853391821,True
2025-10-23,HCLTech,-0.0065605081918662,DOWN,UP,0.5125992984252747,False
2025-10-23,HDFC Bank,-1.3927426608823623,DOWN,UP,0.5304879919278281,False
2025-10-23,Hindustan Unilever,-3.274915133546308,DOWN,UP,0.53543932586555,False
2025-10-23,ICICI Bank,1.026618794550016,UP,UP,0.558743559987767,True
2025-10-23,ITC,0.2043456090859319,UP,UP,0.5025044893221385,True
2025-10-23,Infosys,-0.2028116183145245,DOWN,UP,0.529979524854311,False
2025-10-23,M&M,0.0386329149470787,UP,DOWN,0.4646092038126001,False
2025-10-23,Maruti Suzuki,-0.7259195998291945,DOWN,DOWN,0.39655713845563684,True
2025-10-23,NTPC,-0.8901175681591211,DOWN,DOWN,0.4863458476823566,True
2025-10-23,ONGC,1.0502989104338225,UP,UP,0.517832016959807,True
2025-10-23,Reliance,0.2209300688992721,UP,UP,0.5236741105719372,True
2025-10-23,SBI,-0.7734066027512143,DOWN,UP,0.5102462006987201,False
2025-10-23,Sun Pharma,0.5384919494922702,UP,UP,0.5095374132618873,True
2025-10-23,TCS,-0.3253937315789268,DOWN,UP,0.5615425190485772,False
2025-10-23,Tata Steel,0.1607709998904916,UP,UP,0.5267133919840605,True
2025-10-23,Wipro,-0.5403222708675659,DOWN,UP,0.5139581383506422,False
2025-10-24,Axis Bank,0.9823617788904616,UP,DOWN,0.4830727935124781,False
2025-10-24,Bharti Airtel,2.503328616064482,UP,DOWN,0.4649243471604914,False
2025-10-24,Dr Reddy's,0.0545398298148036,UP,UP,0.5321822153501159,True
2025-10-24,HCLTech,0.636563253776945,UP,UP,0.5205999665461386,True
2025-10-24,HDFC Bank,0.8243289476784321,UP,UP,0.5062087580059823,True
2025-10-24,Hindustan Unilever,-0.1827950124835387,DOWN,UP,0.533088455379357,False
2025-10-24,ICICI Bank,-0.0072567024374525,DOWN,UP,0.5018656412531364,False
2025-10-24,ITC,0.923705906015515,UP,DOWN,0.4972281366248064,False
2025-10-24,Infosys,-1.370134002855461,DOWN,UP,0.5423879929646448,False
2025-10-24,M&M,-0.3696524784482791,DOWN,DOWN,0.4512640568831032,True
2025-10-24,Maruti Suzuki,0.7005038712055933,UP,DOWN,0.39093289148766086,False
2025-10-24,NTPC,0.6330959534285308,UP,DOWN,0.4702222813530196,False
2025-10-24,ONGC,-0.6628500144741922,DOWN,DOWN,0.48559018927283926,True
2025-10-24,Reliance,2.2389088279559437,UP,UP,0.5143662218517071,True
2025-10-24,SBI,2.0176893311221638,UP,UP,0.5006800223337268,True
2025-10-24,Sun Pharma,-0.3178354569783659,DOWN,UP,0.5337023066870953,False
2025-10-24,TCS,0.7084079236673091,UP,UP,0.5244369971284538,True
2025-10-24,Tata Steel,1.272644570988701,UP,DOWN,0.4916489994144495,False
2025-10-24,Wipro,0.3827508234929277,UP,DOWN,0.46707323826860025,False
2025-10-27,Axis Bank,-0.6219541431829012,DOWN,DOWN,0.44490239586923586,True
2025-10-27,Bharti Airtel,0.4855465141800241,UP,DOWN,0.4402605769732438,False
2025-10-27,Dr Reddy's,0.3971015644351094,UP,DOWN,0.48897822762765336,False
2025-10-27,HCLTech,-0.7433990488465936,DOWN,DOWN,0.4835082268085628,True
2025-10-27,HDFC Bank,0.059821085660805,UP,DOWN,0.4991674516316611,False
2025-10-27,Hindustan Unilever,-0.5852357228328442,DOWN,DOWN,0.49990909775030523,True
2025-10-27,ICICI Bank,-1.0525551870623873,DOWN,DOWN,0.4892855750188592,True
2025-10-27,ITC,-0.6537501580653138,DOWN,DOWN,0.4719230482900004,True
2025-10-27,Infosys,-0.2858124844217324,DOWN,DOWN,0.4924433593780113,True
2025-10-27,M&M,-0.8998781460076599,DOWN,DOWN,0.4471895655337418,True
2025-10-27,Maruti Suzuki,-0.4698559921894052,DOWN,DOWN,0.4093887730227752,True
2025-10-27,NTPC,-0.7607918371662414,DOWN,DOWN,0.4971542278787339,True
2025-10-27,ONGC,-1.0779053738204314,DOWN,UP,0.509086139871848,False
2025-10-27,Reliance,0.1886698250917806,UP,DOWN,0.47353042150161145,False
2025-10-27,SBI,0.8127878623679141,UP,DOWN,0.48077453118963753,False
2025-10-27,Sun Pharma,-0.3897009731388401,DOWN,UP,0.5260895776030432,False
2025-10-27,TCS,-0.8752309914330403,DOWN,UP,0.5103719060392525,False
2025-10-27,Tata Steel,2.9152008319520477,UP,DOWN,0.49080966970463813,False
2025-10-27,Wipro,-0.6272800444119153,DOWN,DOWN,0.48875014485201357,True
2025-10-28,Axis Bank,0.2005937496633025,UP,DOWN,0.4518568261194921,False
2025-10-28,Bharti Airtel,0.497567061875781,UP,DOWN,0.4297953252722569,False
2025-10-28,Dr Reddy's,-2.98588485117296,DOWN,DOWN,0.49505603196834735,True
2025-10-28,HCLTech,2.312599290899864,UP,UP,0.5000961618031564,True
2025-10-28,HDFC Bank,0.4284776887323316,UP,UP,0.5153249530602007,True
2025-10-28,Hindustan Unilever,-0.3604180708833948,DOWN,DOWN,0.49783884717192756,True
2025-10-28,ICICI Bank,0.5355475723625602,UP,UP,0.5364331768154053,True
2025-10-28,ITC,0.8853822113114918,UP,DOWN,0.49282212335435027,False
2025-10-28,Infosys,0.6799142497118327,UP,DOWN,0.4881941844170938,False
2025-10-28,M&M,-1.2405393890338567,DOWN,DOWN,0.46187318312860537,True
2025-10-28,Maruti Suzuki,-1.060633928024035,DOWN,DOWN,0.36981745568682123,True
2025-10-28,NTPC,2.462039290516471,UP,DOWN,0.47581780873835866,False
2025-10-28,ONGC,2.0356055880033086,UP,DOWN,0.48844346017238677,False
2025-10-28,Reliance,1.1634895738622308,UP,DOWN,0.46228105511029793,False
2025-10-28,SBI,1.0212308519215174,UP,DOWN,0.44285986116173953,False
2025-10-28,Sun Pharma,1.7131016250185205,UP,DOWN,0.48882283362568596,False
2025-10-28,TCS,-0.009804267538982,DOWN,UP,0.5157084071464749,False
2025-10-28,Tata Steel,1.859086369396845,UP,UP,0.5341678631725822,True
2025-10-28,Wipro,-0.0412600468276957,DOWN,UP,0.5127358298822037,False
2025-10-29,Axis Bank,-0.8167899458171313,DOWN,DOWN,0.4891067174824901,True
2025-10-29,Bharti Airtel,-1.6328690485350017,DOWN,DOWN,0.4651610473104262,True
2025-10-29,Dr Reddy's,-3.8932026774081474,DOWN,UP,0.5496511229249349,False
2025-10-29,HCLTech,-0.4816027589316429,DOWN,DOWN,0.49853232898876904,True
2025-10-29,HDFC Bank,-0.9624399867882992,DOWN,UP,0.5305225763518265,False
2025-10-29,Hindustan Unilever,-0.7435392176314282,DOWN,DOWN,0.48618621975542026,True
2025-10-29,ICICI Bank,-0.5837711513045685,DOWN,UP,0.5192247861291035,False
2025-10-29,ITC,-0.6759976428500902,DOWN,DOWN,0.48469385059757786,True
2025-10-29,Infosys,-1.0990449760074128,DOWN,UP,0.5265425329361805,False
2025-10-29,M&M,-0.9222806452020672,DOWN,DOWN,0.4896843907254789,True
2025-10-29,Maruti Suzuki,0.4213657206593169,UP,DOWN,0.35554365162326995,False
2025-10-29,NTPC,-0.6762607492131312,DOWN,DOWN,0.4715879529680288,True
2025-10-29,ONGC,-0.4342045896580049,DOWN,DOWN,0.48261273194322685,True
2025-10-29,Reliance,-1.043740970716267,DOWN,DOWN,0.464823156445922,True
2025-10-29,SBI,-0.5746235077480621,DOWN,DOWN,0.4774542611160345,True
2025-10-29,Sun Pharma,-0.7284806703274249,DOWN,UP,0.5136866892713837,False
2025-10-29,TCS,-0.7293317672647515,DOWN,DOWN,0.4813928417456238,True
2025-10-29,Tata Steel,-0.4535862232392551,DOWN,DOWN,0.44337139168855144,True
2025-10-29,Wipro,-0.1485886627725752,DOWN,UP,0.519316140125835,False
2025-10-30,Axis Bank,-0.4682647240541682,DOWN,DOWN,0.47493982663689316,True
2025-10-30,Bharti Airtel,-0.5710714102154402,DOWN,DOWN,0.4680501716340415,True
2025-10-30,Dr Reddy's,-0.3826298263823413,DOWN,UP,0.514417708038716,False
2025-10-30,HCLTech,-0.5355561083122296,DOWN,DOWN,0.4900701780767623,True
2025-10-30,HDFC Bank,-1.0870146126042424,DOWN,UP,0.5129525717084795,False
2025-10-30,Hindustan Unilever,-0.1660227362373811,DOWN,DOWN,0.479318549560028,True
2025-10-30,ICICI Bank,-1.2551361772979883,DOWN,UP,0.5425210240624662,False
2025-10-30,ITC,0.3820910097947827,UP,DOWN,0.48948991961458416,False
2025-10-30,Infosys,-0.7698486828288442,DOWN,DOWN,0.496042222628708,True
2025-10-30,M&M,-0.4254631812022347,DOWN,DOWN,0.48309412579653144,True
2025-10-30,Maruti Suzuki,-0.1234110823151946,DOWN,DOWN,0.36307362096775475,True
2025-10-30,NTPC,-2.375773383879132,DOWN,DOWN,0.4632157275146781,True
2025-10-30,ONGC,0.3300185997403781,UP,UP,0.5005272169482842,True
2025-10-30,Reliance,-0.1410799856189082,DOWN,DOWN,0.4702329483720598,True
2025-10-30,SBI,0.2836222489758677,UP,DOWN,0.48081468348772805,False
2025-10-30,Sun Pharma,-0.7455719772315961,DOWN,UP,0.5090192128466754,False
2025-10-30,TCS,0.7478651469939201,UP,UP,0.5084991498756252,True
2025-10-30,Tata Steel,-0.8190993846656225,DOWN,DOWN,0.46971657217570956,True
2025-10-30,Wipro,-0.5166997393605599,DOWN,UP,0.5051384976055118,False
2025-10-31,Axis Bank,0.0729966181138186,UP,DOWN,0.4847097725912239,False
2025-10-31,Bharti Airtel,0.9491360428327988,UP,DOWN,0.4792579947324404,False
2025-10-31,Dr Reddy's,-0.1335984985432747,DOWN,DOWN,0.48099471268822924,True
2025-10-31,HCLTech,0.129743756081746,UP,DOWN,0.49976984169646993,False
2025-10-31,HDFC Bank,0.5418856160479768,UP,UP,0.5163505308499565,True
2025-10-31,Hindustan Unilever,-0.223078483066319,DOWN,DOWN,0.4638093735124763,True
2025-10-31,ICICI Bank,0.0817643310795812,UP,DOWN,0.4995463931284085,False
2025-10-31,ITC,-1.5225392657442385,DOWN,DOWN,0.48232660075097394,True
2025-10-31,Infosys,0.2158774247093209,UP,DOWN,0.49438896792359827,False
2025-10-31,M&M,1.7693264520475926,UP,DOWN,0.47848413662949146,False
2025-10-31,Maruti Suzuki,-3.3053255900160616,DOWN,DOWN,0.4281627275493198,True
2025-10-31,NTPC,-0.5193648721178112,DOWN,UP,0.5229244311375449,False
2025-10-31,ONGC,0.8536604602983555,UP,DOWN,0.4734479239272409,False
2025-10-31,Reliance,-0.1143752162448774,DOWN,DOWN,0.4660909223152827,True
2025-10-31,SBI,1.3553908438667328,UP,DOWN,0.44789086548409573,False
2025-10-31,Sun Pharma,0.9286138105880636,UP,DOWN,0.498058861444248,False
2025-10-31,TCS,-1.3472842109834904,DOWN,DOWN,0.4816667319709885,True
2025-10-31,Tata Steel,-0.0929764670478228,DOWN,DOWN,0.4718628733046764,True
2025-10-31,Wipro,-0.070635380495565,DOWN,UP,0.5261889130702234,False
2025-11-03,Axis Bank,-0.5755026235668814,DOWN,DOWN,0.4868919884347015,True
2025-11-03,Bharti Airtel,1.8948914574794973,UP,DOWN,0.4684839065650558,False
2025-11-03,Dr Reddy's,0.3344481605351168,UP,DOWN,0.46673844552035937,False
2025-11-03,HCLTech,-0.9329461881478762,DOWN,DOWN,0.48865475412164205,True
2025-11-03,HDFC Bank,-0.7454817138024539,DOWN,DOWN,0.4979008487102029,True
2025-11-03,Hindustan Unilever,-0.5813027978912588,DOWN,DOWN,0.4684959107779389,True
2025-11-03,ICICI Bank,-0.7055852516145267,DOWN,DOWN,0.49161211979433167,True
2025-11-03,ITC,-1.2199584881329215,DOWN,DOWN,0.46772137995230667,True
2025-11-03,Infosys,-1.1847846237588389,DOWN,DOWN,0.47908305089984454,True
2025-11-03,M&M,0.9101425714146848,UP,DOWN,0.4858660231479722,False
2025-11-03,Maruti Suzuki,-1.7698549613443193,DOWN,DOWN,0.38776003354949246,True
2025-11-03,NTPC,-1.3723168066815283,DOWN,DOWN,0.4661099827142399,True
2025-11-03,ONGC,-2.019018418138363,DOWN,DOWN,0.4695764821311203,True
2025-11-03,Reliance,-0.7813010013761779,DOWN,DOWN,0.4768541613965058,True
2025-11-03,SBI,0.8318377674385147,UP,DOWN,0.4369506414754633,False
2025-11-03,Sun Pharma,-0.9610890869328204,DOWN,DOWN,0.46819173196455677,True
2025-11-03,TCS,-0.8817322071637768,DOWN,UP,0.5102146234780037,False
2025-11-03,Tata Steel,-1.850333889907008,DOWN,DOWN,0.4658630729393576,True
2025-11-03,Wipro,-1.072765834118372,DOWN,UP,0.5391158948950268,False
2025-11-04,Axis Bank,0.1549017162791655,UP,UP,0.5104110811140756,True
2025-11-04,Bharti Airtel,-0.8706831050601771,DOWN,DOWN,0.4836336644202563,True
2025-11-04,Dr Reddy's,0.4333292643229125,UP,DOWN,0.4913274879010465,False
2025-11-04,HCLTech,-0.1765712651221829,DOWN,UP,0.5130551905753585,False
2025-11-04,HDFC Bank,-0.0608957712192492,DOWN,DOWN,0.49800487557285844,True
2025-11-04,Hindustan Unilever,-0.3966124776355828,DOWN,DOWN,0.4845166121923334,True
2025-11-04,ICICI Bank,-1.2341984964232222,DOWN,DOWN,0.4880862572654392,True
2025-11-04,ITC,-0.3423805129326496,DOWN,DOWN,0.47546341782374363,True
2025-11-04,Infosys,-0.0817544262025959,DOWN,DOWN,0.49414310787087545,True
2025-11-04,M&M,1.0415516959872528,UP,DOWN,0.4557809714329393,False
2025-11-04,Maruti Suzuki,0.5073500715493617,UP,DOWN,0.39121416116406144,False
2025-11-04,NTPC,-1.1948010085016336,DOWN,DOWN,0.4852519236168748,True
2025-11-04,ONGC,-0.3368361731550418,DOWN,DOWN,0.4836093557214736,True
2025-11-04,Reliance,1.561333268697629,UP,DOWN,0.47040798977449505,False
2025-11-04,SBI,0.3289499263129158,UP,DOWN,0.4190527109655225,False
2025-11-04,Sun Pharma,-0.2426021056767702,DOWN,DOWN,0.49090149976007874,True
2025-11-04,TCS,0.6922597655639295,UP,UP,0.5030123389052448,True
2025-11-04,Tata Steel,-1.1266602093336742,DOWN,DOWN,0.49569938718265605,True
2025-11-04,Wipro,0.8952609697399305,UP,UP,0.5017966903336859,True
2025-11-06,Axis Bank,-0.4639764893671128,DOWN,DOWN,0.4776446988806237,True
2025-11-06,Bharti Airtel,-4.472765074218799,DOWN,DOWN,0.46350272838276263,True
2025-11-06,Dr Reddy's,0.0166008339108403,UP,DOWN,0.49921337129749116,False
2025-11-06,HCLTech,-0.9171907610112996,DOWN,UP,0.5025925026146184,False
2025-11-06,HDFC Bank,-0.2386671977682719,DOWN,DOWN,0.4967776857265153,True
2025-11-06,Hindustan Unilever,-0.9031198686371144,DOWN,DOWN,0.4613049824080309,True
2025-11-06,ICICI Bank,1.711600664046209,UP,UP,0.5198425168490285,True
2025-11-06,ITC,-0.8466287624616431,DOWN,DOWN,0.47428406419929586,True
2025-11-06,Infosys,0.6886273943201626,UP,UP,0.5080813275621082,True
2025-11-06,M&M,1.981482690945824,UP,DOWN,0.46623386952952717,False
2025-11-06,Maruti Suzuki,0.1747346621796541,UP,DOWN,0.4113696220738427,False
2025-11-06,NTPC,-0.1683722036569301,DOWN,DOWN,0.4996109587115856,True
2025-11-06,ONGC,0.2783288064581279,UP,DOWN,0.48195399858928417,False
2025-11-06,Reliance,-1.209810566225611,DOWN,DOWN,0.4764832612385383,True
2025-11-06,SBI,-0.5100207560824743,DOWN,DOWN,0.442546626584057,True
2025-11-06,Sun Pharma,0.3262352405452695,UP,DOWN,0.49818164772640433,False
2025-11-06,TCS,-0.6343569741643407,DOWN,UP,0.5004596306906318,False
2025-11-06,Tata Steel,2.3128508748862853,UP,UP,0.5106203168614905,True
2025-11-06,Wipro,-1.4830233340285104,DOWN,UP,0.5000600737755669,False
2025-11-07,Axis Bank,-0.4743252041642831,DOWN,UP,0.5106215903608424,False
2025-11-07,Bharti Airtel,0.9294472371617956,UP,UP,0.5247670250779102,True
2025-11-07,Dr Reddy's,-0.5558381538480872,DOWN,UP,0.5273385050862994,False
2025-11-07,HCLTech,1.8579724366788453,UP,DOWN,0.4865788378773658,False
2025-11-07,HDFC Bank,0.2239654112155875,UP,UP,0.5040001675630127,True
2025-11-07,Hindustan Unilever,-0.2154080849989692,DOWN,DOWN,0.472118543644344,True
2025-11-07,ICICI Bank,0.3723008190618104,UP,DOWN,0.4835755613913964,False
2025-11-07,ITC,0.3712411942377258,UP,DOWN,0.48410188522469033,False
2025-11-07,Infosys,2.485099536731284,UP,DOWN,0.49246585610871507,False
2025-11-07,M&M,-0.7126998313403909,DOWN,DOWN,0.4605562607655265,True
2025-11-07,Maruti Suzuki,0.6718780282964021,UP,DOWN,0.4511948148472018,False
2025-11-07,NTPC,-0.1993234849183234,DOWN,DOWN,0.4990377378422594,True
2025-11-07,ONGC,-0.3172097785242855,DOWN,DOWN,0.48941878781259135,True
2025-11-07,Reliance,0.7645499883710993,UP,DOWN,0.4835634621786652,False
2025-11-07,SBI,-0.4917038543621022,DOWN,DOWN,0.45144571150435403,True
2025-11-07,Sun Pharma,0.3783862079746347,UP,DOWN,0.49250930024449585,False
2025-11-07,TCS,1.1163815027288582,UP,UP,0.5172096878032749,True
2025-11-07,Tata Steel,0.060649839175686,UP,UP,0.5210394509228534,True
2025-11-07,Wipro,1.416546478461389,UP,UP,0.5035870437826174,True
2025-11-10,Axis Bank,0.4519309778143077,UP,DOWN,0.49762352080806266,False
2025-11-10,Bharti Airtel,1.1139716534344313,UP,DOWN,0.47973777486983255,False
2025-11-10,Dr Reddy's,1.0678275923521552,UP,UP,0.5141149820541367,True
2025-11-10,HCLTech,1.914962674456344,UP,UP,0.5079160800644931,True
2025-11-10,HDFC Bank,0.7313369433246564,UP,UP,0.5001418418825814,True
2025-11-10,Hindustan Unilever,0.7763181166063449,UP,DOWN,0.434963708314199,False
2025-11-10,ICICI Bank,0.7640985777540799,UP,DOWN,0.49244120382618245,False
2025-11-10,ITC,0.32055686097332,UP,DOWN,0.4962369115947187,False
2025-11-10,Infosys,1.1100131369755628,UP,DOWN,0.4970777071156841,False
2025-11-10,M&M,2.32539636953506,UP,UP,0.504589190364631,True
2025-11-10,Maruti Suzuki,0.3978694731438192,UP,DOWN,0.3858768794311727,False
2025-11-10,NTPC,0.3687145934687441,UP,DOWN,0.49851682490673216,False
2025-11-10,ONGC,-0.7756551295085345,DOWN,DOWN,0.47878918693684597,True
2025-11-10,Reliance,0.2752954711284339,UP,DOWN,0.45142899046718926,False
2025-11-10,SBI,0.2260383034980106,UP,DOWN,0.4827175765751005,False
2025-11-10,Sun Pharma,1.077861128019375,UP,UP,0.5093846295635658,True
2025-11-10,TCS,0.7206151388333915,UP,UP,0.5159555388041908,True
2025-11-10,Tata Steel,-0.2424523097668607,DOWN,DOWN,0.48761838293673215,True
2025-11-10,Wipro,0.7713501216491281,UP,DOWN,0.4917873621559615,False
2025-11-11,Axis Bank,-0.0736216289621727,DOWN,DOWN,0.49815860818215724,True
2025-11-11,Bharti Airtel,1.5423786538160569,UP,UP,0.5040895346171493,True
2025-11-11,Dr Reddy's,1.494013667844607,UP,UP,0.5104419557699005,True
2025-11-11,HCLTech,1.5286624203821653,UP,DOWN,0.4953847470340645,False
2025-11-11,HDFC Bank,-0.221842510835013,DOWN,UP,0.5239890593746449,False
2025-11-11,Hindustan Unilever,-0.1235839340885669,DOWN,DOWN,0.4596833287302593,True
2025-11-11,ICICI Bank,0.044171064151488,UP,DOWN,0.47880775642428886,False
2025-11-11,ITC,0.0368671240590368,UP,UP,0.5001180657085779,True
2025-11-11,Infosys,1.398412184599862,UP,DOWN,0.48830621784499945,False
2025-11-11,M&M,0.138698648647062,UP,DOWN,0.45011782026555097,False
2025-11-11,Maruti Suzuki,0.3259827420901251,UP,DOWN,0.4291562480104107,False
2025-11-11,NTPC,0.1530690369945242,UP,DOWN,0.4746558396660849,False
2025-11-11,ONGC,1.763884228944823,UP,UP,0.5062180924814924,True
2025-11-11,Reliance,1.2119978096986506,UP,DOWN,0.4744262902567689,False
2025-11-11,SBI,0.4038641215140526,UP,DOWN,0.4719962970081297,False
2025-11-11,Sun Pharma,0.9323466131125002,UP,DOWN,0.468002961432973,False
2025-11-11,TCS,2.783066912639476,UP,UP,0.5017289431640923,True
2025-11-11,Tata Steel,-1.342240811918649,DOWN,UP,0.5089473442809915,False
2025-11-11,Wipro,1.4605481168600054,UP,DOWN,0.4742079814155662,False
2025-11-12,Axis Bank,0.2946934886938646,UP,DOWN,0.4990341547361256,False
2025-11-12,Bharti Airtel,0.8679718186992869,UP,UP,0.5398945532665131,True
2025-11-12,Dr Reddy's,0.4310384623746666,UP,UP,0.5105880802856564,True
2025-11-12,HCLTech,0.282308657465502,UP,DOWN,0.47044189490263894,False
2025-11-12,HDFC Bank,-0.288021787361048,DOWN,UP,0.5011733510287898,False
2025-11-12,Hindustan Unilever,-0.6970469104454535,DOWN,DOWN,0.48601314395501577,True
2025-11-12,ICICI Bank,1.9869011343672585,UP,DOWN,0.4902166041140874,False
2025-11-12,ITC,-0.3194073201397307,DOWN,UP,0.5435409176422856,False
2025-11-12,Infosys,-0.6380036511745346,DOWN,DOWN,0.4680561234630304,True
2025-11-12,M&M,-1.4596608719441684,DOWN,DOWN,0.4434302534722249,True
2025-11-12,Maruti Suzuki,0.3376656472986683,UP,DOWN,0.4029125470332178,False
2025-11-12,NTPC,-0.061128440527014,DOWN,UP,0.5064946028093186,False
2025-11-12,ONGC,-1.181800247338438,DOWN,DOWN,0.4924980929087512,True
2025-11-12,Reliance,-0.0396940513355925,DOWN,DOWN,0.4848566262581702,True
2025-11-12,SBI,-0.3291045639361223,DOWN,DOWN,0.48878680473519326,True
2025-11-12,Sun Pharma,0.305989775580473,UP,DOWN,0.48082669304173864,False
2025-11-12,TCS,-0.8333896560866472,DOWN,DOWN,0.4846028251258073,True
2025-11-12,Tata Steel,-1.097366724802307,DOWN,DOWN,0.4959801991713292,True
2025-11-12,Wipro,0.044857927495312,UP,UP,0.508116496293357,True
2025-11-13,Axis Bank,1.3385590162957597,UP,UP,0.5321571449704008,True
2025-11-13,Bharti Airtel,0.4254662078593929,UP,UP,0.5281968795134047,True
2025-11-13,Dr Reddy's,0.8988562123645849,UP,UP,0.5005209371483293,True
2025-11-13,HCLTech,-0.243980257370191,DOWN,DOWN,0.4887015367418404,True
2025-11-13,HDFC Bank,0.2989865807409453,UP,DOWN,0.49633059437207333,False
2025-11-13,Hindustan Unilever,0.8348501703082656,UP,DOWN,0.4658378704292819,False
2025-11-13,ICICI Bank,-0.9308048334522812,DOWN,DOWN,0.4859216303979225,True
2025-11-13,ITC,0.6038899718353585,UP,UP,0.525898662645346,True
2025-11-13,Infosys,-2.529510881105668,DOWN,DOWN,0.48409785574159997,True
2025-11-13,M&M,-0.0243249721246119,DOWN,DOWN,0.48250643467853727,True
2025-11-13,Maruti Suzuki,-0.4127246174360222,DOWN,DOWN,0.4109970003841689,True
2025-11-13,NTPC,0.4587857299268583,UP,DOWN,0.49232399182527736,False
2025-11-13,ONGC,-1.2955949455543792,DOWN,DOWN,0.48442836034026326,True
2025-11-13,Reliance,0.5294857284221965,UP,UP,0.5188679026404198,True
2025-11-13,SBI,1.451779411523857,UP,DOWN,0.49070998439901414,False
2025-11-13,Sun Pharma,1.133875382470939,UP,DOWN,0.4942703674110312,False
2025-11-13,TCS,0.0096612304099741,UP,UP,0.5523154620594561,True
2025-11-13,Tata Steel,-1.3529575274420669,DOWN,UP,0.5707801401711287,False
2025-11-13,Wipro,-0.3913123982806965,DOWN,UP,0.5239473445009156,False
2025-11-14,Axis Bank,0.6443299095769239,UP,DOWN,0.49199855328879827,False
2025-11-14,Bharti Airtel,0.5474365814872595,UP,DOWN,0.4818347722022449,False
2025-11-14,Dr Reddy's,-0.1284089555326995,DOWN,UP,0.5255010680337331,False
2025-11-14,HCLTech,0.7400005649560448,UP,DOWN,0.4840851222647521,False
2025-11-14,HDFC Bank,0.7023052120546103,UP,UP,0.5029790417396921,True
2025-11-14,Hindustan Unilever,-0.1112143685866873,DOWN,DOWN,0.4568290238203475,True
2025-11-14,ICICI Bank,0.4369992716678705,UP,UP,0.5259266834068657,True
2025-11-14,ITC,-0.2572553739238925,DOWN,UP,0.5559607664052464,False
2025-11-14,Infosys,0.3193988955187743,UP,UP,0.5173225713115323,True
2025-11-14,M&M,0.9814471348362996,UP,DOWN,0.42479358401240125,False
2025-11-14,Maruti Suzuki,1.236929354756433,UP,DOWN,0.4051164482805728,False
2025-11-14,NTPC,0.5328055822683142,UP,DOWN,0.4957325477407851,False
2025-11-14,ONGC,0.1817435125805566,UP,DOWN,0.48509121481293327,False
2025-11-14,Reliance,-0.0395006633941541,DOWN,DOWN,0.4692673292059801,True
2025-11-14,SBI,0.5682698908650918,UP,DOWN,0.44272338726137067,False
2025-11-14,Sun Pharma,0.3870040932564045,UP,DOWN,0.46211600196703967,False
2025-11-14,TCS,-0.1223454226698339,DOWN,DOWN,0.46723692102286485,True
2025-11-14,Tata Steel,-0.6255000414612466,DOWN,UP,0.5120426906908652,False
2025-11-14,Wipro,-0.1309457264899616,DOWN,DOWN,0.4716332271713978,True
2025-11-17,Axis Bank,1.2644085416788189,UP,UP,0.5084844271433079,True
2025-11-17,Bharti Airtel,1.7517280965503312,UP,DOWN,0.4777970887784239,False
2025-11-17,Dr Reddy's,-0.0482140448542667,DOWN,UP,0.5020023529331484,False
2025-11-17,HCLTech,-0.6972157041813309,DOWN,DOWN,0.46246787246750215,True
2025-11-17,HDFC Bank,-0.4114169521006738,DOWN,UP,0.5037782295826901,False
2025-11-17,Hindustan Unilever,-0.8659793814432937,DOWN,DOWN,0.49036590232447347,True
2025-11-17,ICICI Bank,-0.4060896001405023,DOWN,UP,0.5073254501319817,False
2025-11-17,ITC,-0.3070498602945615,DOWN,DOWN,0.4982583431468378,True
2025-11-17,Infosys,-1.40620532735386,DOWN,DOWN,0.4887471217248914,True
2025-11-17,M&M,-1.073652696567884,DOWN,DOWN,0.4118512565395457,True
2025-11-17,Maruti Suzuki,0.3274971658899117,UP,DOWN,0.39165216200474684,False
2025-11-17,NTPC,-0.5299818096017428,DOWN,UP,0.5344170833977787,False
2025-11-17,ONGC,-0.4434614351873644,DOWN,UP,0.5156112512104963,False
2025-11-17,Reliance,0.0724478397261751,UP,DOWN,0.49778420949700075,False
2025-11-17,SBI,-0.0924604100765114,DOWN,DOWN,0.4746052740173813,True
2025-11-17,Sun Pharma,-0.2891306488660872,DOWN,DOWN,0.4714408653453895,True
2025-11-17,TCS,-0.4867466234702577,DOWN,DOWN,0.48581761013931396,True
2025-11-17,Tata Steel,-0.4157771140014032,DOWN,UP,0.5001400488293172,False
2025-11-17,Wipro,-1.290722850187942,DOWN,DOWN,0.4868654136190519,True
2025-11-18,Axis Bank,0.3951319664558417,UP,DOWN,0.49153450688604805,False
2025-11-18,Bharti Airtel,0.4932113296610696,UP,DOWN,0.4705197023714064,False
2025-11-18,Dr Reddy's,0.5145443071641553,UP,UP,0.5294924670204952,True
2025-11-18,HCLTech,4.2251771863802245,UP,DOWN,0.4965979214887815,False
2025-11-18,HDFC Bank,0.2166319061375432,UP,UP,0.5340055345606097,True
2025-11-18,Hindustan Unilever,1.5640639624064034,UP,DOWN,0.4996591600317804,False
2025-11-18,ICICI Bank,0.7062728265214258,UP,UP,0.5053656344228152,True
2025-11-18,ITC,-0.5667163424805222,DOWN,UP,0.5034067426138706,False
2025-11-18,Infosys,3.6800289473513543,UP,DOWN,0.4940764176974304,False
2025-11-18,M&M,0.7497009528475207,UP,DOWN,0.44458262757141154,False
2025-11-18,Maruti Suzuki,-1.016949152542368,DOWN,DOWN,0.418862747445199,True
2025-11-18,NTPC,-0.5632534738191808,DOWN,UP,0.502638927421393,False
2025-11-18,ONGC,0.8301288022236619,UP,DOWN,0.4844275237505324,False
2025-11-18,Reliance,-0.0329077262054666,DOWN,DOWN,0.48427229153320744,True
2025-11-18,SBI,1.059179152005174,UP,DOWN,0.4806504634920126,False
2025-11-18,Sun Pharma,1.4384765780891096,UP,DOWN,0.48264875322508666,False
2025-11-18,TCS,1.963002546034476,UP,DOWN,0.49577710248251916,False
2025-11-18,Tata Steel,0.4407131221075611,UP,DOWN,0.4972475142599121,False
2025-11-18,Wipro,2.146124349822909,UP,DOWN,0.4946704369419765,False
2025-11-19,Axis Bank,1.164981617867844,UP,UP,0.5357090332256392,True
2025-11-19,Bharti Airtel,-0.0694508735109011,DOWN,UP,0.5021863027347614,False
2025-11-19,Dr Reddy's,-0.127977575462046,DOWN,UP,0.5053827041353026,False
2025-11-19,HCLTech,-1.034521317481274,DOWN,UP,0.5473833474680835,False
2025-11-19,HDFC Bank,1.4327368137732943,UP,DOWN,0.48975672848163376,False
2025-11-19,Hindustan Unilever,-0.5406370734163723,DOWN,DOWN,0.4843628697369049,True
2025-11-19,ICICI Bank,-0.0072283701613939,DOWN,DOWN,0.48936771811245117,True
2025-11-19,ITC,0.470827523612094,UP,UP,0.5284169214817201,True
2025-11-19,Infosys,-0.2984865134520897,DOWN,DOWN,0.48602221892648884,True
2025-11-19,M&M,-0.155810579667559,DOWN,DOWN,0.45267260238333706,True
2025-11-19,Maruti Suzuki,0.2092846270928428,UP,DOWN,0.4223393246157264,False
2025-11-19,NTPC,0.0,DOWN,UP,0.5103258993459395,False
2025-11-19,ONGC,-0.3815248788121228,DOWN,DOWN,0.4691144611519376,True
2025-11-19,Reliance,1.9882777461620595,UP,UP,0.5493198691198197,True
2025-11-19,SBI,-0.1221075763959578,DOWN,DOWN,0.4248416353651905,True
2025-11-19,Sun Pharma,-0.3755367559867051,DOWN,DOWN,0.4648341576542592,True
2025-11-19,TCS,-0.0921276611091981,DOWN,DOWN,0.49698934292850394,True
2025-11-19,Tata Steel,-0.4330003873500021,DOWN,UP,0.5093609034892871,False
2025-11-19,Wipro,0.0772085898168573,UP,UP,0.5170839934055905,True
2025-11-20,Axis Bank,-0.7313961018422854,DOWN,DOWN,0.4925748614093594,True
2025-11-20,Bharti Airtel,0.2038596230463429,UP,DOWN,0.4502295063219041,False
2025-11-20,Dr Reddy's,-0.3764176889134885,DOWN,DOWN,0.4975530257182089,True
2025-11-20,HCLTech,-2.273004975029147,DOWN,UP,0.5225582353518426,False
2025-11-20,HDFC Bank,-1.0705246621725115,DOWN,UP,0.504679616410537,False
2025-11-20,Hindustan Unilever,0.218252719538059,UP,DOWN,0.48822169494620454,False
2025-11-20,ICICI Bank,-0.9761388286334104,DOWN,DOWN,0.49020094513444284,True
2025-11-20,ITC,0.5919333639725854,UP,UP,0.5194121085530908,True
2025-11-20,Infosys,0.5532053368044298,UP,UP,0.5256817127882488,True
2025-11-20,M&M,0.8851978076412026,UP,DOWN,0.42628274341978845,False
2025-11-20,Maruti Suzuki,1.1138535535725635,UP,DOWN,0.41597695085892444,False
2025-11-20,NTPC,0.0153055088899511,UP,UP,0.5228412591742594,True
2025-11-20,ONGC,-0.4434614351873644,DOWN,DOWN,0.4830682077186097,True
2025-11-20,Reliance,-0.1613840319798831,DOWN,UP,0.5015950766438695,False
2025-11-20,SBI,-0.9118243918636691,DOWN,DOWN,0.49123595392861263,True
2025-11-20,Sun Pharma,0.1293983755047412,UP,DOWN,0.4806760245692804,False
2025-11-20,TCS,0.1844329921797838,UP,DOWN,0.46626916092641757,False
2025-11-20,Tata Steel,-2.586110715666912,DOWN,DOWN,0.4849190356877577,True
2025-11-20,Wipro,-0.7187480927287937,DOWN,UP,0.5220511661921368,False
2025-11-21,Axis Bank,-0.5330027095053924,DOWN,UP,0.5107320155791504,False
2025-11-21,Bharti Airtel,-0.4901213184880904,DOWN,DOWN,0.4121713684246115,True
2025-11-21,Dr Reddy's,-1.4229498267374852,DOWN,UP,0.5104699663244231,False
2025-11-21,HCLTech,0.149255249630742,UP,UP,0.5229829213120586,True
2025-11-21,HDFC Bank,0.1102185897047247,UP,UP,0.5034995590517531,True
2025-11-21,Hindustan Unilever,-0.3903521465505877,DOWN,DOWN,0.4742899730130563,True
2025-11-21,ICICI Bank,-0.0803195024415837,DOWN,DOWN,0.4878936725611976,True
2025-11-21,ITC,-1.0543136560491884,DOWN,UP,0.5081559958616917,False
2025-11-21,Infosys,0.1941747572815622,UP,UP,0.5100367920832021,True
2025-11-21,M&M,-1.568168532555747,DOWN,DOWN,0.4328610707171532,True
2025-11-21,Maruti Suzuki,-0.1189209488639875,DOWN,DOWN,0.4344732991536977,True
2025-11-21,NTPC,-0.9796362312093576,DOWN,DOWN,0.4987387052294691,True
2025-11-21,ONGC,-0.4859270957973338,DOWN,UP,0.5098719427915405,False
2025-11-21,Reliance,-0.6918370193185419,DOWN,UP,0.5080447105416448,False
2025-11-21,SBI,-0.2056343872304911,DOWN,DOWN,0.4891872573646634,True
2025-11-21,Sun Pharma,0.0618136588431905,UP,DOWN,0.47140715524381077,False
2025-11-21,TCS,-0.2983605088874297,DOWN,DOWN,0.4567568972063432,True
2025-11-21,Tata Steel,-1.5714282081240705,DOWN,UP,0.5837479280844389,False
2025-11-21,Wipro,1.1370602956506382,UP,DOWN,0.4868378256115623,False
2025-11-24,Axis Bank,-0.212762109682818,DOWN,UP,0.51377910643647,False
2025-11-24,Bharti Airtel,0.4414292815815512,UP,DOWN,0.4545693537298204,False
2025-11-24,Dr Reddy's,0.8073743931078292,UP,UP,0.5277317906063247,True
2025-11-24,HCLTech,-0.5774992975120408,DOWN,UP,0.5264759991553191,False
2025-11-24,HDFC Bank,-0.9357990684709104,DOWN,UP,0.5114531518292009,False
2025-11-24,Hindustan Unilever,-0.4166262568705448,DOWN,DOWN,0.49730943336804284,True
2025-11-24,ICICI Bank,-0.7746255040061323,DOWN,DOWN,0.4978982845374186,True
2025-11-24,ITC,-0.6814521331148793,DOWN,UP,0.5230291430765126,False
2025-11-24,Infosys,-1.1240325848877577,DOWN,UP,0.5061177317271122,False
2025-11-24,M&M,-0.5825295251859153,DOWN,DOWN,0.46876853266733265,True
2025-11-24,Maruti Suzuki,-0.4323850106529692,DOWN,DOWN,0.3775723287323044,True
2025-11-24,NTPC,0.07729169595454,UP,UP,0.5232128985641938,True
2025-11-24,ONGC,-0.1627645560465573,DOWN,UP,0.5295706205039281,False
2025-11-24,Reliance,0.2474071682668333,UP,UP,0.5040990725509705,True
2025-11-24,SBI,1.3393777382028071,UP,UP,0.5054211984727217,True
2025-11-24,Sun Pharma,-0.2246181429875982,DOWN,DOWN,0.4649234429059183,True
2025-11-24,TCS,-0.7003692965101616,DOWN,DOWN,0.4842953074654773,True
2025-11-24,Tata Steel,0.5865996716998056,UP,UP,0.5896733781117461,True
2025-11-24,Wipro,-0.6592004103402771,DOWN,UP,0.5149402062279304,False
2025-11-25,Axis Bank,1.887380669839489,UP,UP,0.5278460140552153,True
2025-11-25,Bharti Airtel,-1.6099207649859726,DOWN,DOWN,0.45193993802521126,True
2025-11-25,Dr Reddy's,0.9627072768464195,UP,DOWN,0.4986819007863153,False
2025-11-25,HCLTech,1.049281686609027,UP,UP,0.5201527048669006,True
2025-11-25,HDFC Bank,1.4245339255391842,UP,UP,0.5191610468809245,True
2025-11-25,Hindustan Unilever,0.4597925962722682,UP,UP,0.5102730398655889,True
2025-11-25,ICICI Bank,1.2667514032511429,UP,DOWN,0.4872532591000264,False
2025-11-25,ITC,0.374251508404444,UP,DOWN,0.4962658305908756,False
2025-11-25,Infosys,1.783617487493694,UP,UP,0.5223167518236457,True
2025-11-25,M&M,0.466024944487331,UP,DOWN,0.4514210616257106,False
2025-11-25,Maruti Suzuki,1.6804078293158886,UP,DOWN,0.42235963320970826,False
2025-11-25,NTPC,0.7414253339445009,UP,UP,0.5410997600158947,True
2025-11-25,ONGC,0.9578116104611344,UP,UP,0.5048308893799862,True
2025-11-25,Reliance,1.961425875164968,UP,DOWN,0.4725584245196734,False
2025-11-25,SBI,0.0305051683176404,UP,DOWN,0.4768285816349827,False
2025-11-25,Sun Pharma,1.5814934046445297,UP,DOWN,0.4945803140313729,False
2025-11-25,TCS,1.400998713001944,UP,UP,0.5132046400492606,True
2025-11-25,Tata Steel,2.008054049853936,UP,UP,0.5201425744351509,True
2025-11-25,Wipro,1.852305431958712,UP,UP,0.5055187532036259,True
2025-11-26,Axis Bank,-0.224763792706395,DOWN,DOWN,0.4793788679087796,True
2025-11-26,Bharti Airtel,-0.5266104436120411,DOWN,UP,0.5149971497694122,False
2025-11-26,Dr Reddy's,0.1041705791766878,UP,UP,0.5106721309489385,True
2025-11-26,HCLTech,0.6860730217219446,UP,UP,0.5083994682621575,True
2025-11-26,HDFC Bank,0.5578220390228594,UP,DOWN,0.4984841136617903,False
2025-11-26,Hindustan Unilever,1.0926934081123996,UP,DOWN,0.4969422253849569,False
2025-11-26,ICICI Bank,1.2509055397727176,UP,DOWN,0.4981846250640688,False
2025-11-26,ITC,0.4971414518235573,UP,UP,0.5079744688652232,True
2025-11-26,Infosys,0.5456062562934294,UP,UP,0.5129448807794916,True
2025-11-26,M&M,-0.1410577069668739,DOWN,DOWN,0.45146516218089827,True
2025-11-26,Maruti Suzuki,-1.5659816786333214,DOWN,DOWN,0.44051404953840756,True
2025-11-26,NTPC,0.3833179934388697,UP,DOWN,0.48970676442983213,False
2025-11-26,ONGC,-1.4937412167248865,DOWN,DOWN,0.48852897480207513,True
2025-11-26,Reliance,-0.4140391043325198,DOWN,DOWN,0.4536202645753467,True
2025-11-26,SBI,-1.1230865488295327,DOWN,DOWN,0.48983322981482674,True
2025-11-26,Sun Pharma,0.2991868990536162,UP,DOWN,0.445200512905688,False
2025-11-26,TCS,-0.8315092320187456,DOWN,UP,0.5005302164016862,False
2025-11-26,Tata Steel,-0.9076403033843384,DOWN,DOWN,0.48829785389517233,True
2025-11-26,Wipro,-0.2518105746292187,DOWN,DOWN,0.49534993167973806,True
2025-11-27,Axis Bank,-0.590390535848162,DOWN,DOWN,0.49732419878242384,True
2025-11-27,Bharti Airtel,-0.6617507730080852,DOWN,DOWN,0.49361150183336794,True
2025-11-27,Dr Reddy's,0.760425808748777,UP,UP,0.500967483796358,True
2025-11-27,HCLTech,-0.2946622976135682,DOWN,DOWN,0.4946801256070077,True
2025-11-27,HDFC Bank,-0.1882144045628919,DOWN,DOWN,0.49235100294393336,True
2025-11-27,Hindustan Unilever,0.6077475539881139,UP,DOWN,0.45994456656123145,False
2025-11-27,ICICI Bank,-0.2442107788387826,DOWN,UP,0.5033044333783462,False
2025-11-27,ITC,-0.0123640352406861,DOWN,DOWN,0.49998615074010433,True
2025-11-27,Infosys,-0.4021992294389598,DOWN,DOWN,0.4881276903891983,True
2025-11-27,M&M,2.067263356124527,UP,DOWN,0.4580799240334479,False
2025-11-27,Maruti Suzuki,-0.0188643652141107,DOWN,DOWN,0.40575380714948384,True
2025-11-27,NTPC,-0.2749332151225858,DOWN,DOWN,0.4854841433609444,True
2025-11-27,ONGC,-0.307377049180324,DOWN,DOWN,0.4804352368741861,True
2025-11-27,Reliance,0.2622473789121393,UP,UP,0.5101649109307334,True
2025-11-27,SBI,0.6321657571465078,UP,DOWN,0.47972345504856595,False
2025-11-27,Sun Pharma,1.1765964858477806,UP,DOWN,0.47561610573398194,False
2025-11-27,TCS,0.0286903754298295,UP,DOWN,0.4842800282560708,False
2025-11-27,Tata Steel,-0.1011111425731514,DOWN,UP,0.5042751398696009,False
2025-11-27,Wipro,-0.0120206682121648,DOWN,UP,0.5090909287001212,False
2025-11-28,Axis Bank,-0.3125732712841778,DOWN,UP,0.5265125514265163,False
2025-11-28,Bharti Airtel,-0.5662421931577843,DOWN,DOWN,0.48063136770981524,True
2025-11-28,Dr Reddy's,0.1032671359540104,UP,UP,0.5149718443575944,True
2025-11-28,HCLTech,1.1513405864034931,UP,DOWN,0.4840923808429171,False
2025-11-28,HDFC Bank,-0.5458515416102205,DOWN,UP,0.5209612995216918,False
2025-11-28,Hindustan Unilever,-0.0851413919202181,DOWN,UP,0.5166053994150911,False
2025-11-28,ICICI Bank,0.0936007137175343,UP,UP,0.5466558580419235,True
2025-11-28,ITC,0.0,DOWN,UP,0.5255256150596004,False
2025-11-28,Infosys,0.2499855442019249,UP,UP,0.5558461363076322,True
2025-11-28,M&M,-0.4178519406979886,DOWN,DOWN,0.47305771248653156,True
2025-11-28,Maruti Suzuki,1.238993710691827,UP,DOWN,0.4067013545340982,False
2025-11-28,NTPC,0.1991097785813966,UP,DOWN,0.4899808887600836,False
2025-11-28,ONGC,0.6495382655928861,UP,UP,0.5131526787951195,True
2025-11-28,Reliance,-0.0893157520932996,DOWN,DOWN,0.48005841973968527,True
2025-11-28,SBI,-0.6026582649706236,DOWN,DOWN,0.4974101679839221,True
2025-11-28,Sun Pharma,-1.3212465327825271,DOWN,DOWN,0.4473416700228209,True
2025-11-28,TCS,-0.1306804033864517,DOWN,UP,0.5491227387103212,False
2025-11-28,Tata Steel,0.3989033949532539,UP,UP,0.5225093223157686,True
2025-11-28,Wipro,0.3005650637875279,UP,DOWN,0.4896170049435623,False
2025-12-01,Axis Bank,-1.3874697694873817,DOWN,DOWN,0.4890611246058232,True
2025-12-01,Bharti Airtel,0.6843111050514938,UP,DOWN,0.4884007351630935,False
2025-12-01,Dr Reddy's,1.198315679588524,UP,DOWN,0.49673539701261876,False
2025-12-01,HCLTech,-0.4504245117837757,DOWN,DOWN,0.465577413588879,True
2025-12-01,HDFC Bank,-1.2274212246913718,DOWN,UP,0.5118130779741137,False
2025-12-01,Hindustan Unilever,0.5396651989501011,UP,DOWN,0.4967559893775342,False
2025-12-01,ICICI Bank,-1.2301255942925748,DOWN,DOWN,0.4936979828787009,True
2025-12-01,ITC,-0.8163235109384548,DOWN,DOWN,0.49696586265863,True
2025-12-01,Infosys,-0.1918158567774885,DOWN,DOWN,0.4908130454800694,True
2025-12-01,M&M,-0.6708385984908638,DOWN,DOWN,0.48737552740305434,True
2025-12-01,Maruti Suzuki,0.882151953780208,UP,DOWN,0.40360317785138944,False
2025-12-01,NTPC,0.4585753506605838,UP,UP,0.5092499632596041,True
2025-12-01,ONGC,-0.5268996999036268,DOWN,DOWN,0.4917313987508531,True
2025-12-01,Reliance,-1.2642824255459597,DOWN,DOWN,0.47352590421620583,True
2025-12-01,SBI,-0.5960320561591348,DOWN,DOWN,0.4903222267834501,True
2025-12-01,Sun Pharma,-0.437093300174296,DOWN,DOWN,0.48457548881826523,True
2025-12-01,TCS,0.0734042541587154,UP,DOWN,0.48052911189287567,False
2025-12-01,Tata Steel,-0.504065752774141,DOWN,DOWN,0.4985834498431247,True
2025-12-01,Wipro,-0.043951019213706,DOWN,UP,0.5411427091430231,False
2025-12-02,Axis Bank,1.009535069306433,UP,UP,0.521946435588102,True
2025-12-02,Bharti Airtel,-0.8555133079847899,DOWN,DOWN,0.4707083666176358,True
2025-12-02,Dr Reddy's,0.4313049098649602,UP,UP,0.5058639048460228,True
2025-12-02,HCLTech,0.305716906144915,UP,DOWN,0.48503701627368445,False
2025-12-02,HDFC Bank,1.0810277166086737,UP,UP,0.5379087492390242,True
2025-12-02,Hindustan Unilever,-1.202681743517553,DOWN,DOWN,0.47878864102111235,True
2025-12-02,ICICI Bank,1.3474144209759675,UP,UP,0.5049379990248196,True
2025-12-02,ITC,-0.1122364866767866,DOWN,DOWN,0.48081924095086453,True
2025-12-02,Infosys,1.1338854049887992,UP,DOWN,0.4763909825584781,False
2025-12-02,M&M,-1.8054647559868189,DOWN,DOWN,0.4464598232183,True
2025-12-02,Maruti Suzuki,-0.966808301003752,DOWN,DOWN,0.42437429815788547,True
2025-12-02,NTPC,-1.7194138136152448,DOWN,DOWN,0.48433439119378674,True
2025-12-02,ONGC,-1.4453433155581563,DOWN,DOWN,0.497296713335765,True
2025-12-02,Reliance,-0.4850287630582373,DOWN,DOWN,0.48763133918366636,True
2025-12-02,SBI,-1.6799338576522382,DOWN,DOWN,0.4807049141548574,True
2025-12-02,Sun Pharma,0.4001084285565337,UP,DOWN,0.4952552479022888,False
2025-12-02,TCS,1.4127642796808226,UP,UP,0.5018380007843887,True
2025-12-02,Tata Steel,-0.5125763598811561,DOWN,UP,0.5116281590945531,False
2025-12-02,Wipro,1.8067731164983505,UP,DOWN,0.49808681607745436,False
2025-12-03,Axis Bank,0.731883936845068,UP,DOWN,0.479173705371611,False
2025-12-03,Bharti Airtel,0.8533101068132876,UP,DOWN,0.48815995254324834,False
2025-12-03,Dr Reddy's,-0.2420532290253407,DOWN,UP,0.5086525171700805,False
2025-12-03,HCLTech,0.8594925684814125,UP,DOWN,0.4683311374187314,False
2025-12-03,HDFC Bank,-0.3298338623656915,DOWN,UP,0.5100893844126906,False
2025-12-03,Hindustan Unilever,0.5800633648641806,UP,UP,0.5104655159066411,True
2025-12-03,ICICI Bank,-0.3449550002245782,DOWN,UP,0.5074670284381972,False
2025-12-03,ITC,0.6367010719023236,UP,UP,0.5012717544738571,True
2025-12-03,Infosys,1.197189142878785,UP,DOWN,0.48902340543600187,False
2025-12-03,M&M,0.6083245439405749,UP,UP,0.5047328737295842,True
2025-12-03,Maruti Suzuki,-0.5471956224350261,DOWN,DOWN,0.41127568938090575,True
2025-12-03,NTPC,0.0,DOWN,DOWN,0.4648921048711677,True
2025-12-03,ONGC,0.9207530271391208,UP,UP,0.5229314468228187,True
2025-12-03,Reliance,-0.2079590031612288,DOWN,UP,0.5085680914694906,False
2025-12-03,SBI,-0.3101847689286008,DOWN,DOWN,0.48348747405197706,True
2025-12-03,Sun Pharma,0.6420599972190022,UP,DOWN,0.48960987911527337,False
2025-12-03,TCS,1.5471682758451344,UP,UP,0.5019366344479969,True
2025-12-03,Tata Steel,-0.0898597520547328,DOWN,DOWN,0.49926547794611054,True
2025-12-03,Wipro,0.8794967265707054,UP,UP,0.5067584396549633,True
2025-12-04,Axis Bank,0.1953125,UP,DOWN,0.48635443534845774,False
2025-12-04,Bharti Airtel,0.237665171782142,UP,DOWN,0.48149493351430966,False
2025-12-04,Dr Reddy's,-0.1878541374393694,DOWN,UP,0.5289052120034263,False
2025-12-04,HCLTech,1.7164284318332168,UP,DOWN,0.4781178539963647,False
2025-12-04,HDFC Bank,0.6117103400788082,UP,DOWN,0.49682412763337536,False
2025-12-04,Hindustan Unilever,-5.019895051853851,DOWN,UP,0.5039507590806208,False
2025-12-04,ICICI Bank,0.4182627123642257,UP,DOWN,0.497372412808094,False
2025-12-04,ITC,0.4714116044182814,UP,DOWN,0.48728763298536376,False
2025-12-04,Infosys,1.1642448591748122,UP,DOWN,0.46649438935988047,False
2025-12-04,M&M,1.239241714506023,UP,DOWN,0.49537031235280327,False
2025-12-04,Maruti Suzuki,1.8006752532199632,UP,DOWN,0.36965606458953076,False
2025-12-04,NTPC,0.1083683457838491,UP,UP,0.5161598769761291,True
2025-12-04,ONGC,-0.4128307879445292,DOWN,DOWN,0.48722267219941234,True
2025-12-04,Reliance,0.3256056316419453,UP,UP,0.5132963499876572,True
2025-12-04,SBI,2.4680967215088057,UP,DOWN,0.49816825448812657,False
2025-12-04,Sun Pharma,-0.7149535088215142,DOWN,DOWN,0.4989345538161947,True
2025-12-04,TCS,0.2787068046602003,UP,DOWN,0.4752293434256749,False
2025-12-04,Tata Steel,0.2038713972418948,UP,UP,0.5211689546901955,True
2025-12-04,Wipro,1.159853295169233,UP,DOWN,0.49409850329679905,False
2025-12-05,Axis Bank,-0.6783587658382051,DOWN,DOWN,0.4911950623480065,True
2025-12-05,Bharti Airtel,-1.0717041508420455,DOWN,UP,0.5027170975056067,False
2025-12-05,Dr Reddy's,-0.6822421192754891,DOWN,UP,0.5442493850787218,False
2025-12-05,HCLTech,0.332737705640973,UP,DOWN,0.4279415446603547,False
2025-12-05,HDFC Bank,-0.0199354340142177,DOWN,DOWN,0.4881906555761456,True
2025-12-05,Hindustan Unilever,-1.0519155318989504,DOWN,UP,0.6539087493316023,False
2025-12-05,ICICI Bank,-0.2082602810816847,DOWN,UP,0.511694628068049,False
2025-12-05,ITC,-0.6544077871783571,DOWN,UP,0.5372259906837216,False
2025-12-05,Infosys,-0.3341110324768026,DOWN,DOWN,0.4470367922594299,True
2025-12-05,M&M,-0.952359246572243,DOWN,DOWN,0.4910933243753368,True
2025-12-05,Maruti Suzuki,-0.5834664046185933,DOWN,DOWN,0.47092758236846105,True
2025-12-05,NTPC,-1.1753751736613527,DOWN,DOWN,0.4895187361998489,True
2025-12-05,ONGC,-1.1234056722112529,DOWN,UP,0.517527893215436,False
2025-12-05,Reliance,0.1557850481692879,UP,DOWN,0.47544219665488496,False
2025-12-05,SBI,-1.55429496509909,DOWN,DOWN,0.4810685832496379,True
2025-12-05,Sun Pharma,-0.5040767412684222,DOWN,DOWN,0.4930855438568582,True
2025-12-05,TCS,-0.0524967944385168,DOWN,DOWN,0.4393159903228815,True
2025-12-05,Tata Steel,-2.178205598919114,DOWN,UP,0.5529418371781968,False
2025-12-05,Wipro,0.5655808549078323,UP,DOWN,0.48866569361796197,False
2025-12-08,Axis Bank,0.1648591227382478,UP,DOWN,0.4883409904640137,False
2025-12-08,Bharti Airtel,0.1677691535767689,UP,DOWN,0.49155932937624935,False
2025-12-08,Dr Reddy's,-1.602846334632846,DOWN,DOWN,0.49871074290154827,True
2025-12-08,HCLTech,-1.8358403676538624,DOWN,DOWN,0.45061679230812957,True
2025-12-08,HDFC Bank,-0.5981457627386777,DOWN,DOWN,0.49755970728232984,True
2025-12-08,Hindustan Unilever,-0.3241140881590332,DOWN,DOWN,0.4891760402510202,True
2025-12-08,ICICI Bank,-1.0362712051711576,DOWN,DOWN,0.4879378281866675,True
2025-12-08,ITC,-0.3107134073897288,DOWN,DOWN,0.47768074470494354,True
2025-12-08,Infosys,-0.7325582611392156,DOWN,DOWN,0.47753784595547993,True
2025-12-08,M&M,-1.2439918905816083,DOWN,DOWN,0.4959343849941948,True
2025-12-08,Maruti Suzuki,-1.0316920985976363,DOWN,DOWN,0.4052776102824362,True
2025-12-08,NTPC,0.1095480762177247,UP,DOWN,0.4782371294809559,False
2025-12-08,ONGC,0.5534093752245228,UP,DOWN,0.492005001606136,False
2025-12-08,Reliance,-0.8813982881359372,DOWN,DOWN,0.4816481894255604,True
2025-12-08,SBI,0.3084432346896371,UP,DOWN,0.490106066479148,False
2025-12-08,Sun Pharma,-1.1245936822733005,DOWN,DOWN,0.4942971334927473,True
2025-12-08,TCS,-0.8713100933686047,DOWN,DOWN,0.45879941353040643,True
2025-12-08,Tata Steel,-1.7128543652345618,DOWN,UP,0.5144797276726171,False
2025-12-08,Wipro,-1.5188618664549458,DOWN,DOWN,0.4780307029116447,True
2025-12-09,Axis Bank,0.2116114993504281,UP,DOWN,0.484219179823403,False
2025-12-09,Bharti Airtel,-1.086278016092468,DOWN,DOWN,0.4699460432437343,True
2025-12-09,Dr Reddy's,0.3691299820646199,UP,DOWN,0.4827274653267415,False
2025-12-09,HCLTech,0.5067582370766655,UP,DOWN,0.47558861768025706,False
2025-12-09,HDFC Bank,-0.7321219508283572,DOWN,UP,0.5037518454634005,False
2025-12-09,Hindustan Unilever,-0.2081096391990056,DOWN,DOWN,0.4804947665452038,True
2025-12-09,ICICI Bank,-0.8435119253787482,DOWN,DOWN,0.4987561479296282,True
2025-12-09,ITC,0.5236270209287852,UP,DOWN,0.46970758039842847,False
2025-12-09,Infosys,-0.8880519807301424,DOWN,DOWN,0.46996984127776936,True
2025-12-09,M&M,-0.1622680079819249,DOWN,UP,0.5356317093108733,False
2025-12-09,Maruti Suzuki,-0.0062421972534365,DOWN,DOWN,0.37603739004235937,True
2025-12-09,NTPC,0.5471314574349684,UP,DOWN,0.4749507735204071,False
2025-12-09,ONGC,-0.2293208222797771,DOWN,DOWN,0.4834057003340239,True
2025-12-09,Reliance,0.490388379774842,UP,DOWN,0.4931879595808484,False
2025-12-09,SBI,0.0416974435026196,UP,DOWN,0.49967435997541115,False
2025-12-09,Sun Pharma,0.5349099099099197,UP,DOWN,0.48498590975957917,False
2025-12-09,TCS,-0.5953338953825882,DOWN,DOWN,0.46572978625257294,True
2025-12-09,Tata Steel,0.9709327045323012,UP,UP,0.5290414052390041,True
2025-12-09,Wipro,0.2214394608249126,UP,UP,0.503339578341143,True
2025-12-10,Axis Bank,-0.4614441206569508,DOWN,UP,0.5196920368459333,False
2025-12-10,Bharti Airtel,-0.6676366148101076,DOWN,DOWN,0.4758688403505175,True
2025-12-10,Dr Reddy's,1.8148345287596124,UP,DOWN,0.49744146575926607,False
2025-12-10,HCLTech,0.3841551268945142,UP,UP,0.5200623052440835,True
2025-12-10,HDFC Bank,1.0608203808339711,UP,UP,0.5028519862350127,True
2025-12-10,Hindustan Unilever,0.169446346922375,UP,DOWN,0.4765599745728032,False
2025-12-10,ICICI Bank,-0.2640052545021976,DOWN,DOWN,0.4895565576914039,True
2025-12-10,ITC,-0.0620116591305675,DOWN,UP,0.5227105442617752,False
2025-12-10,Infosys,0.8329095636787631,UP,UP,0.5062090672565596,True
2025-12-10,M&M,0.9696956245695664,UP,DOWN,0.48782187089663875,False
2025-12-10,Maruti Suzuki,1.4295524065172538,UP,DOWN,0.33927340413610557,False
2025-12-10,NTPC,0.3109452677305446,UP,DOWN,0.49353572670017654,False
2025-12-10,ONGC,-0.3677502815469857,DOWN,UP,0.5328056232180183,False
2025-12-10,Reliance,0.5270333435660968,UP,UP,0.5125647745010702,True
2025-12-10,SBI,0.3646783016410415,UP,UP,0.5042782278122234,True
2025-12-10,Sun Pharma,1.215343106797806,UP,DOWN,0.48528118796972874,False
2025-12-10,TCS,0.0846592002136104,UP,DOWN,0.49189605635524525,False
2025-12-10,Tata Steel,2.558102240379312,UP,DOWN,0.48604626193273626,False
2025-12-10,Wipro,0.492281944177142,UP,DOWN,0.4885218757547572,False
2025-12-11,Axis Bank,1.052881663248595,UP,UP,0.5175270514440368,True
2025-12-11,Bharti Airtel,1.4708723889574449,UP,DOWN,0.4968503937436545,False
2025-12-11,Dr Reddy's,0.4554416040930542,UP,DOWN,0.4926712368676829,False
2025-12-11,HCLTech,0.0478310659014047,UP,DOWN,0.4683246868770269,False
2025-12-11,HDFC Bank,0.1199652325977629,UP,DOWN,0.48860435571945876,False
2025-12-11,Hindustan Unilever,-1.9517695217719957,DOWN,DOWN,0.46918203956657845,True
2025-12-11,ICICI Bank,0.4411764705882337,UP,UP,0.5028093217519062,True
2025-12-11,ITC,-0.6949585096514443,DOWN,UP,0.5103179098429788,False
2025-12-11,Infosys,0.0125125889784083,UP,DOWN,0.467588788834016,False
2025-12-11,M&M,0.3928884283590284,UP,DOWN,0.48780427314412594,False
2025-12-11,Maruti Suzuki,1.6863613983259418,UP,DOWN,0.3851287924186023,False
2025-12-11,NTPC,0.7594487424364749,UP,DOWN,0.48206063520008086,False
2025-12-11,ONGC,-0.1635834837707239,DOWN,UP,0.5126971748502486,False
2025-12-11,Reliance,0.7443365695792847,UP,UP,0.5301579617338924,True
2025-12-11,SBI,-0.0103789863418191,DOWN,DOWN,0.48206177783597115,True
2025-12-11,Sun Pharma,-0.75807611454346,DOWN,DOWN,0.47989027172815735,True
2025-12-11,TCS,0.8960211325940826,UP,DOWN,0.4964711899908979,False
2025-12-11,Tata Steel,3.311692718555226,UP,UP,0.5349894603217729,True
2025-12-11,Wipro,0.5207352376145113,UP,DOWN,0.49568534865976593,False
2025-12-12,Axis Bank,-0.1010750938876481,DOWN,UP,0.5009525512358556,False
2025-12-12,Bharti Airtel,-0.6575766446212827,DOWN,DOWN,0.48198931436513665,True
2025-12-12,Dr Reddy's,0.1016123433281501,UP,UP,0.5427645914102263,True
2025-12-12,HCLTech,0.6454726956309553,UP,DOWN,0.4872672454931717,False
2025-12-12,HDFC Bank,-0.5391936509298478,DOWN,DOWN,0.49492702226014473,True
2025-12-12,Hindustan Unilever,1.45536144928331,UP,UP,0.5309539829477086,True
2025-12-12,ICICI Bank,-0.058568728266839,DOWN,UP,0.5054872173960464,False
2025-12-12,ITC,0.5498579494857658,UP,DOWN,0.4842402641143245,False
2025-12-12,Infosys,0.5381114953697752,UP,DOWN,0.4942442776557483,False
2025-12-12,M&M,-1.9458662831826845,DOWN,DOWN,0.4822916937470807,True
2025-12-12,Maruti Suzuki,-0.6476213533470498,DOWN,DOWN,0.45839889719282706,True
2025-12-12,NTPC,-0.3384019773100544,DOWN,UP,0.5160848116799323,False
2025-12-12,ONGC,-1.121753684992366,DOWN,UP,0.5244882689702292,False
2025-12-12,Reliance,-0.0192771492531274,DOWN,DOWN,0.49261551478778787,True
2025-12-12,SBI,0.4256840037388576,UP,DOWN,0.48662592593663484,False
2025-12-12,Sun Pharma,0.2007234784464628,UP,DOWN,0.4806791196902307,False
2025-12-12,TCS,0.3011939503764882,UP,DOWN,0.48849468061025597,False
2025-12-12,Tata Steel,0.5701295776478377,UP,UP,0.5119326113752679,True
2025-12-12,Wipro,0.437445934059788,UP,UP,0.5161082727835561,True
2025-12-15,Axis Bank,-5.074725308553418,DOWN,UP,0.5211853226348011,False
2025-12-15,Bharti Airtel,1.5606150451825895,UP,DOWN,0.4958750904809724,False
2025-12-15,Dr Reddy's,-0.2889232580362999,DOWN,UP,0.5022666604305708,False
2025-12-15,HCLTech,-1.9180551560644357,DOWN,DOWN,0.48081973456147464,True
2025-12-15,HDFC Bank,-0.1807035274657087,DOWN,UP,0.5015375608832264,False
2025-12-15,Hindustan Unilever,-0.5406541244277308,DOWN,UP,0.5009740880006105,False
2025-12-15,ICICI Bank,0.0586030513287205,UP,DOWN,0.4949940690231939,False
2025-12-15,ITC,-0.1491363669258283,DOWN,UP,0.5173238092584677,False
2025-12-15,Infosys,-0.8650749310220696,DOWN,DOWN,0.4849753076927149,True
2025-12-15,M&M,0.3603104212860364,UP,DOWN,0.4825688995579752,False
2025-12-15,Maruti Suzuki,-0.3716113310996083,DOWN,DOWN,0.4124605384662839,True
2025-12-15,NTPC,-0.9106380910231082,DOWN,DOWN,0.4916839296107805,True
2025-12-15,ONGC,-1.334182837568032,DOWN,UP,0.5555645978485066,False
2025-12-15,Reliance,-0.8931951407197269,DOWN,DOWN,0.4902776144217385,True
2025-12-15,SBI,-0.6306513916709888,DOWN,DOWN,0.4987162146408566,True
2025-12-15,Sun Pharma,-0.87919019378212,DOWN,DOWN,0.486919468243442,True
2025-12-15,TCS,-0.7770371461531034,DOWN,DOWN,0.47851844265356724,True
2025-12-15,Tata Steel,-1.7585430508469837,DOWN,UP,0.5113816503512153,False
2025-12-15,Wipro,-0.9627833375463024,DOWN,DOWN,0.4883441044412086,True
2025-12-16,Axis Bank,0.4181678983297132,UP,UP,0.6883303169167351,True
2025-12-16,Bharti Airtel,0.2854424357754626,UP,DOWN,0.47632327049325607,False
2025-12-16,Dr Reddy's,-0.3837437794952714,DOWN,UP,0.5103529158142329,False
2025-12-16,HCLTech,0.1997971136212584,UP,DOWN,0.474071055478686,False
2025-12-16,HDFC Bank,-1.0359034415590718,DOWN,UP,0.5362139570186545,False
2025-12-16,Hindustan Unilever,-0.2411117340116342,DOWN,DOWN,0.4831437654264766,True
2025-12-16,ICICI Bank,-0.9956058262033274,DOWN,UP,0.5245168203441817,False
2025-12-16,ITC,-0.4729958566900061,DOWN,DOWN,0.48192974852812825,True
2025-12-16,Infosys,0.5712835360954127,UP,DOWN,0.4883911468437595,False
2025-12-16,M&M,-0.2264554314243327,DOWN,DOWN,0.47075790585344,True
2025-12-16,Maruti Suzuki,0.2690473278708527,UP,DOWN,0.3985447219772071,False
2025-12-16,NTPC,0.0778816199376919,UP,DOWN,0.49147672908439194,False
2025-12-16,ONGC,0.3014499496159395,UP,UP,0.5174360327956316,True
2025-12-16,Reliance,0.1361586928259051,UP,UP,0.5055323037072451,True
2025-12-16,SBI,1.5294127657996537,UP,UP,0.5025046043923266,True
2025-12-16,Sun Pharma,0.6512084021762066,UP,UP,0.5137673453633361,True
2025-12-16,TCS,0.3962419514186743,UP,DOWN,0.491483266885717,False
2025-12-16,Tata Steel,0.3002970625550993,UP,UP,0.5300119586316597,True
2025-12-16,Wipro,0.740688765794606,UP,UP,0.5114124428986956,True
2025-12-17,Axis Bank,0.416436503599904,UP,DOWN,0.4780459515865734,False
2025-12-17,Bharti Airtel,-0.7590132827324458,DOWN,DOWN,0.4802453890717139,True
2025-12-17,Dr Reddy's,0.6289308176100628,UP,UP,0.5071360799278503,True
2025-12-17,HCLTech,0.3867084238104334,UP,UP,0.5005434235562696,True
2025-12-17,HDFC Bank,-0.4369906293667402,DOWN,DOWN,0.4985377196146256,True
2025-12-17,Hindustan Unilever,-0.4438432599230713,DOWN,DOWN,0.4794272803301979,True
2025-12-17,ICICI Bank,0.3253493296828891,UP,UP,0.5090028076372977,True
2025-12-17,ITC,0.1500765687432403,UP,UP,0.5215474188572706,True
2025-12-17,Infosys,1.5480679667993158,UP,DOWN,0.4703511515461198,False
2025-12-17,M&M,-0.7251979300756828,DOWN,DOWN,0.47468297218345157,True
2025-12-17,Maruti Suzuki,-0.4207830223197928,DOWN,DOWN,0.4069412689866217,True
2025-12-17,NTPC,-0.8560311284046662,DOWN,UP,0.5213628056677497,False
2025-12-17,ONGC,-0.3907104236834158,DOWN,DOWN,0.48012604541660625,True
2025-12-17,Reliance,0.0,DOWN,UP,0.5380417774909924,False
2025-12-17,SBI,0.1742083567722874,UP,DOWN,0.49654660512993626,False
2025-12-17,Sun Pharma,-2.6214512443525684,DOWN,DOWN,0.48436916414476855,True
2025-12-17,TCS,1.9578593773389883,UP,DOWN,0.4969554322647475,False
2025-12-17,Tata Steel,-1.3032765459848217,DOWN,UP,0.5412456233965747,False
2025-12-17,Wipro,1.037754194326168,UP,DOWN,0.470293046078371,False
2025-12-18,Axis Bank,0.0650452696415726,UP,DOWN,0.481633205417255,False
2025-12-18,Bharti Airtel,0.2724642051565418,UP,UP,0.5069161527271551,True
2025-12-18,Dr Reddy's,-0.1406288146972634,DOWN,UP,0.5063795063259111,False
2025-12-18,HCLTech,-1.1436138028648957,DOWN,DOWN,0.46693870545878535,True
2025-12-18,HDFC Bank,0.5920167113097063,UP,UP,0.5055222535289118,True
2025-12-18,Hindustan Unilever,0.6400353122930857,UP,DOWN,0.47269074125975624,False
2025-12-18,ICICI Bank,-0.1990030325042746,DOWN,DOWN,0.4970407775105585,True
2025-12-18,ITC,0.1623361404577084,UP,UP,0.5097089175680806,True
2025-12-18,Infosys,0.7314913933228695,UP,DOWN,0.47912981262815973,False
2025-12-18,M&M,0.4739864924196313,UP,UP,0.5009987398225301,True
2025-12-18,Maruti Suzuki,0.5205462673770533,UP,DOWN,0.3278123522200761,False
2025-12-18,NTPC,0.4395585232290111,UP,DOWN,0.47140226627310977,False
2025-12-18,ONGC,0.3836204265726062,UP,UP,0.5024271541413,True
2025-12-18,Reliance,1.3403231575140897,UP,DOWN,0.4978341777521113,False
2025-12-18,SBI,0.2813155372451748,UP,UP,0.5071779075509206,True
2025-12-18,Sun Pharma,-0.0572770482854867,DOWN,UP,0.5082828526106034,False
2025-12-18,TCS,0.0365749559258832,UP,DOWN,0.4898196529317245,False
2025-12-18,Tata Steel,0.3390479067177265,UP,DOWN,0.4965425557696913,False
2025-12-18,Wipro,0.2274042409080801,UP,DOWN,0.47865758937756947,False
2025-12-19,Axis Bank,0.2112770711456768,UP,UP,0.5060657698671848,True
2025-12-19,Bharti Airtel,2.378802862463636,UP,DOWN,0.4881419733847435,False
2025-12-19,Dr Reddy's,0.4068278392140412,UP,DOWN,0.4916766753777513,False
2025-12-19,HCLTech,1.698735021878495,UP,DOWN,0.49635028099871686,False
2025-12-19,HDFC Bank,0.2232381742294453,UP,UP,0.5340442580228381,True
2025-12-19,Hindustan Unilever,0.4166666666666652,UP,DOWN,0.469524924426481,False
2025-12-19,ICICI Bank,1.0634387913515342,UP,UP,0.5277615174323224,True
2025-12-19,ITC,0.4114261224998028,UP,UP,0.5002438845780776,True
2025-12-19,Infosys,3.1061222878332684,UP,UP,0.5002064392711554,True
2025-12-19,M&M,0.3635212887286076,UP,DOWN,0.48643191656291235,False
2025-12-19,Maruti Suzuki,1.4317046423784507,UP,DOWN,0.40831956301957006,False
2025-12-19,NTPC,0.2500838780277625,UP,UP,0.5184982895437226,True
2025-12-19,ONGC,0.5539066896447231,UP,UP,0.5065327593194104,True
2025-12-19,Reliance,0.6581080434985509,UP,DOWN,0.49101963183378095,False
2025-12-19,SBI,-0.6120575410296869,DOWN,DOWN,0.49216621568178304,True
2025-12-19,Sun Pharma,1.427017254035734,UP,DOWN,0.47892534628706596,False
2025-12-19,TCS,1.3071268233927569,UP,DOWN,0.4673931934710865,False
2025-12-19,Tata Steel,0.3141850563912252,UP,UP,0.5188166707578604,True
2025-12-19,Wipro,3.10833837824438,UP,UP,0.5082486867012409,True
2025-12-22,Axis Bank,-0.6649328167814827,DOWN,UP,0.5081317761527964,False
2025-12-22,Bharti Airtel,-1.1501301075305448,DOWN,DOWN,0.49308784037096615,True
2025-12-22,Dr Reddy's,0.0077899005793691,UP,UP,0.5238190488256895,True
2025-12-22,HCLTech,0.5747455729689266,UP,DOWN,0.49593251694043783,False
2025-12-22,HDFC Bank,0.9010796060454852,UP,UP,0.5272219953829043,True
2025-12-22,Hindustan Unilever,0.5721815966914123,UP,UP,0.5214305622209561,True
2025-12-22,ICICI Bank,-0.4018998903909443,DOWN,UP,0.5011161956269151,False
2025-12-22,ITC,1.1547041856293072,UP,UP,0.540648012228084,True
2025-12-22,Infosys,-1.260649092423538,DOWN,DOWN,0.487529495906727,True
2025-12-22,M&M,0.2322599772661027,UP,DOWN,0.4591610346116996,False
2025-12-22,Maruti Suzuki,-0.3844074719202339,DOWN,DOWN,0.410706202231762,True
2025-12-22,NTPC,0.7951318041492961,UP,UP,0.506803537657898,True
2025-12-22,ONGC,0.5594042438956448,UP,UP,0.5092912244560308,True
2025-12-22,Reliance,-0.2983415747968898,DOWN,DOWN,0.4971185957039257,True
2025-12-22,SBI,-0.246326943341435,DOWN,DOWN,0.48746533999302,True
2025-12-22,Sun Pharma,-0.7854008379797661,DOWN,DOWN,0.46157674742624843,True
2025-12-22,TCS,-0.4481308545032259,DOWN,DOWN,0.4397061411029754,True
2025-12-22,Tata Steel,0.9927861149168438,UP,DOWN,0.49322715452030946,False
2025-12-22,Wipro,-0.4657716172323356,DOWN,UP,0.5005837611581357,False
2025-12-23,Axis Bank,0.1061264349489832,UP,DOWN,0.4950953526731388,False
2025-12-23,Bharti Airtel,0.0376866015793675,UP,UP,0.5046059409040518,True
2025-12-23,Dr Reddy's,-1.3790378786034283,DOWN,UP,0.5301316674637927,False
2025-12-23,HCLTech,-0.3095465900717076,DOWN,DOWN,0.4778817795994048,True
2025-12-23,HDFC Bank,0.0602083720442347,UP,DOWN,0.4868349522638737,False
2025-12-23,Hindustan Unilever,-0.8859613315025827,DOWN,DOWN,0.4854357734617584,True
2025-12-23,ICICI Bank,-0.2347726465058652,DOWN,UP,0.5033498163870704,False
2025-12-23,ITC,-0.1841168500705481,DOWN,DOWN,0.47753803942932826,True
2025-12-23,Infosys,-0.2937136168942977,DOWN,UP,0.5165267416374278,False
2025-12-23,M&M,0.3199871232004048,UP,DOWN,0.471492982675954,False
2025-12-23,Maruti Suzuki,0.7114862827856561,UP,DOWN,0.35643711447679843,False
2025-12-23,NTPC,-0.2165544337296987,DOWN,DOWN,0.4919012075294617,True
2025-12-23,ONGC,-0.730392450032491,DOWN,DOWN,0.4892208098571765,True
2025-12-23,Reliance,-0.795823542916263,DOWN,DOWN,0.4946811426364437,True
2025-12-23,SBI,-0.3035304180396214,DOWN,UP,0.5020775517547615,False
2025-12-23,Sun Pharma,-1.0763724671835615,DOWN,DOWN,0.49936716631339306,True
2025-12-23,TCS,0.2719033232628343,UP,DOWN,0.4497497460015214,False
2025-12-23,Tata Steel,-0.4856562913444939,DOWN,DOWN,0.4865750690123692,True
2025-12-23,Wipro,-1.2306545368474089,DOWN,UP,0.5226030657551645,False
2025-12-24,Axis Bank,0.1549296475659156,UP,DOWN,0.4991967744444337,False
2025-12-24,Bharti Airtel,-0.8617059494693158,DOWN,DOWN,0.4710407146994274,True
2025-12-24,Dr Reddy's,0.2765049664234409,UP,UP,0.5527494561842603,True
2025-12-24,HCLTech,-0.8240238347266948,DOWN,UP,0.5342907056645068,False
2025-12-24,HDFC Bank,-0.511435675758376,DOWN,DOWN,0.494454205404438,True
2025-12-24,Hindustan Unilever,0.1402134449363989,UP,UP,0.5005095474717365,True
2025-12-24,ICICI Bank,-0.6912798997296243,DOWN,DOWN,0.4939409647611475,True
2025-12-24,ITC,-0.6025607895361218,DOWN,UP,0.5121007569878859,False
2025-12-24,Infosys,-0.4388630949248906,DOWN,DOWN,0.499949773468262,True
2025-12-24,M&M,-0.3739613852730028,DOWN,UP,0.5116990128541105,False
2025-12-24,Maruti Suzuki,-0.640603484404001,DOWN,DOWN,0.40381630419142495,True
2025-12-24,NTPC,0.4805513468324029,UP,DOWN,0.48414554279495814,False
2025-12-24,ONGC,0.3251035175369177,UP,UP,0.5111202336094771,True
2025-12-24,Reliance,0.0641766160528911,UP,DOWN,0.480717326310569,False
2025-12-24,SBI,-0.2734944404434669,DOWN,UP,0.513052080605286,False
2025-12-24,Sun Pharma,-1.007484168105932,DOWN,UP,0.5120420895245209,False
2025-12-24,TCS,-1.1750527267249122,DOWN,DOWN,0.48691482014043347,True
2025-12-24,Tata Steel,-0.5586006739096372,DOWN,DOWN,0.4927643963919219,True
2025-12-24,Wipro,-0.6565730738098075,DOWN,UP,0.5175711383071767,False
2025-12-26,Axis Bank,0.3093998517504692,UP,UP,0.5352628232357114,True
2025-12-26,Bharti Airtel,-1.1304172979682336,DOWN,UP,0.503370364214704,False
2025-12-26,Dr Reddy's,-0.0551542752112776,DOWN,UP,0.5149717881731035,False
2025-12-26,HCLTech,-1.8122689592081964,DOWN,DOWN,0.48945278602077696,True
2025-12-26,HDFC Bank,-0.0403148260002872,DOWN,UP,0.5331337196391472,False
2025-12-26,Hindustan Unilever,0.3456789543166305,UP,UP,0.5203784425209008,True
2025-12-26,ICICI Bank,-0.5257683247612666,DOWN,UP,0.5131508692807513,False
2025-12-26,ITC,-0.3835179553078882,DOWN,UP,0.5331767795746384,False
2025-12-26,Infosys,-0.6883657135511423,DOWN,UP,0.5296270259916306,False
2025-12-26,M&M,-0.8556208540871801,DOWN,DOWN,0.4944737523580444,True
2025-12-26,Maruti Suzuki,-0.3253796095444738,DOWN,DOWN,0.3460225859906235,True
2025-12-26,NTPC,0.4319635514098863,UP,UP,0.5048860144179776,True
2025-12-26,ONGC,0.1236552025034587,UP,UP,0.5183213195191333,True
2025-12-26,Reliance,-0.872240636982824,DOWN,UP,0.5272556470316729,False
2025-12-26,SBI,-0.129359413824992,DOWN,UP,0.510234032573033,False
2025-12-26,Sun Pharma,-0.133762653569347,DOWN,DOWN,0.4905745955205775,True
2025-12-26,TCS,-0.8689024390243882,DOWN,DOWN,0.49379598223013005,True
2025-12-26,Tata Steel,1.8803264110590856,UP,DOWN,0.49393549554951827,False
2025-12-26,Wipro,-0.7735627686904945,DOWN,UP,0.5166439335808128,False
2025-12-29,Axis Bank,1.1363636363636465,UP,UP,0.504205706804865,True
2025-12-29,Bharti Airtel,0.8743250537107006,UP,UP,0.5107548875014741,True
2025-12-29,Dr Reddy's,-0.2207099804269918,DOWN,UP,0.5019363968133687,False
2025-12-29,HCLTech,-0.9565916843981004,DOWN,DOWN,0.49946746294149563,True
2025-12-29,HDFC Bank,-0.0806683254130913,DOWN,DOWN,0.4963877495758397,True
2025-12-29,Hindustan Unilever,-0.1351806388280585,DOWN,DOWN,0.4956662922790281,True
2025-12-29,ICICI Bank,-0.0595584604365151,DOWN,UP,0.5098157141874353,False
2025-12-29,ITC,-0.4967709810430931,DOWN,DOWN,0.4951219175282255,True
2025-12-29,Infosys,-1.404510018345806,DOWN,UP,0.5153720105720847,False
2025-12-29,M&M,1.8986094295193376,UP,DOWN,0.47472466432471777,False
2025-12-29,Maruti Suzuki,0.6347479143997026,UP,DOWN,0.32624154519965165,False
2025-12-29,NTPC,-0.1843336723550304,DOWN,DOWN,0.4827065891884712,True
2025-12-29,ONGC,-0.059626370867194,DOWN,UP,0.5314423467320941,False
2025-12-29,Reliance,-0.3752540663449322,DOWN,UP,0.501547792211904,False
2025-12-29,SBI,0.8704237625320355,UP,DOWN,0.49788983688277255,False
2025-12-29,Sun Pharma,0.1747030098593116,UP,DOWN,0.483371419749749,False
2025-12-29,TCS,-0.1445471681339349,DOWN,DOWN,0.4829388764364167,True
2025-12-29,Tata Steel,2.0313406488731367,UP,UP,0.5263978354002652,True
2025-12-29,Wipro,-0.2232804873203764,DOWN,DOWN,0.49699638695707365,True
2025-12-30,Axis Bank,1.87801159021368,UP,DOWN,0.49549178535008737,False
2025-12-30,Bharti Airtel,0.2762191014978654,UP,DOWN,0.47152886310580594,False
2025-12-30,Dr Reddy's,0.4424060175319155,UP,DOWN,0.49804302033583253,False
2025-12-30,HCLTech,0.5014919453392164,UP,UP,0.5089017551766642,True
2025-12-30,HDFC Bank,0.0302742744553219,UP,UP,0.536249350903138,True
2025-12-30,Hindustan Unilever,1.1221706278844668,UP,UP,0.5037906952751094,True
2025-12-30,ICICI Bank,0.0297969768389139,UP,UP,0.5432112134953987,True
2025-12-30,ITC,0.5990998152566762,UP,UP,0.5150263293621226,True
2025-12-30,Infosys,-0.3823354258274958,DOWN,UP,0.5299889290503988,False
2025-12-30,M&M,1.3359533833682713,UP,UP,0.5004795665834036,True
2025-12-30,Maruti Suzuki,0.3003544182134998,UP,DOWN,0.41034491645616517,False
2025-12-30,NTPC,1.4312077512583343,UP,UP,0.5476946125797225,True
2025-12-30,ONGC,2.428844547863096,UP,UP,0.5292314092627702,True
2025-12-30,Reliance,1.987269425613136,UP,DOWN,0.4947004334727916,False
2025-12-30,SBI,0.8988648508167163,UP,DOWN,0.48213037299253947,False
2025-12-30,Sun Pharma,-0.0290663884544017,DOWN,DOWN,0.4892111782729678,True
2025-12-30,TCS,-1.2504649823109282,DOWN,DOWN,0.4680022801644651,True
2025-12-30,Tata Steel,2.4345840187709245,UP,UP,0.5243266800753347,True
2025-12-30,Wipro,-0.1403357199897259,DOWN,UP,0.517622012134661,False
2025-12-31,Axis Bank,0.3938868681137686,UP,UP,0.5387768864552682,True
2025-12-31,Bharti Airtel,0.2279542394038936,UP,DOWN,0.48255432493671263,False
2025-12-31,Dr Reddy's,-1.415762124772291,DOWN,UP,0.5243879691257987,False
2025-12-31,HCLTech,0.6899495370532582,UP,UP,0.5052627491093016,True
2025-12-31,HDFC Bank,-0.0050431590348343,DOWN,UP,0.53563085250016,False
2025-12-31,Hindustan Unilever,0.3065805067423044,UP,DOWN,0.48086667547220485,False
2025-12-31,ICICI Bank,-0.3648837832287976,DOWN,UP,0.5178034760683841,False
2025-12-31,ITC,-9.71463868399116,DOWN,UP,0.5026244138665938,False
2025-12-31,Infosys,0.8914215795734926,UP,UP,0.5083453650324139,True
2025-12-31,M&M,1.3965288879010052,UP,DOWN,0.48235760899382013,False
2025-12-31,Maruti Suzuki,0.0658800982212381,UP,DOWN,0.3976251986872718,False
2025-12-31,NTPC,2.048247686247984,UP,DOWN,0.49315446124757584,False
2025-12-31,ONGC,-1.0150604841678843,DOWN,DOWN,0.4982352927703217,True
2025-12-31,Reliance,0.3311227133873107,UP,DOWN,0.4970108477277749,False
2025-12-31,SBI,0.2596200123474723,UP,DOWN,0.49342649279670864,False
2025-12-31,Sun Pharma,0.0814109701583909,UP,UP,0.5204005611339224,True
2025-12-31,TCS,0.6612173755453421,UP,DOWN,0.49911201908420355,False
2025-12-31,Tata Steel,1.0051074745611288,UP,UP,0.519420628134936,True
2025-12-31,Wipro,1.5458854995022089,UP,DOWN,0.4719390137079669,False
2026-01-01,Axis Bank,-0.5885122297803136,DOWN,UP,0.5379477954404965,False
2026-01-01,Bharti Airtel,-0.1942690345593689,DOWN,UP,0.5197557973290472,False
2026-01-01,Dr Reddy's,0.2154101738698344,UP,UP,0.5064040028067393,True
2026-01-01,HCLTech,0.3487275112802113,UP,DOWN,0.48844630783044496,False
2026-01-01,HDFC Bank,1.054325875444828,UP,UP,0.5305116650259698,True
2026-01-01,Hindustan Unilever,1.076194575979339,UP,UP,0.5179681032929546,True
2026-01-01,ICICI Bank,1.3004502551616115,UP,UP,0.5339947121027151,True
2026-01-01,ITC,-3.792776715419588,DOWN,UP,0.6137590999742697,False
2026-01-01,Infosys,0.6503850330326744,UP,DOWN,0.47708672362817794,False
2026-01-01,M&M,1.1007684749734017,UP,DOWN,0.45557945155908897,False
2026-01-01,Maruti Suzuki,1.508259516399324,UP,DOWN,0.39765905374071564,False
2026-01-01,NTPC,4.69819175856574,UP,UP,0.5015644313293388,True
2026-01-01,ONGC,1.479366326108944,UP,UP,0.5118928210595595,True
2026-01-01,Reliance,1.059918348626332,UP,DOWN,0.47077929423429,False
2026-01-01,SBI,1.4419915924885671,UP,UP,0.517611159331151,True
2026-01-01,Sun Pharma,0.4009078212736217,UP,UP,0.5062207005357515,True
2026-01-01,TCS,0.7219448947496154,UP,UP,0.516820948948226,True
2026-01-01,Tata Steel,0.544288029295803,UP,UP,0.5107143870033833,True
2026-01-01,Wipro,0.6171662086461804,UP,UP,0.5079360123415316,True
2026-01-02,Axis Bank,1.491832350607436,UP,UP,0.5279476753906606,True
2026-01-02,Bharti Airtel,-0.0617219198588703,DOWN,DOWN,0.47455261141655464,True
2026-01-02,Dr Reddy's,-0.4856281907888782,DOWN,UP,0.5509140513359672,False
2026-01-02,HCLTech,-1.987561063067078,DOWN,DOWN,0.47807234460842607,True
2026-01-02,HDFC Bank,-2.4061477808881797,DOWN,DOWN,0.4718397190098991,True
2026-01-02,Hindustan Unilever,1.5374828644058702,UP,DOWN,0.4687710687267282,False
2026-01-02,ICICI Bank,1.1878394050418797,UP,DOWN,0.47697040595160645,False
2026-01-02,ITC,-0.0999787453626388,DOWN,UP,0.5359810992955415,False
2026-01-02,Infosys,-2.072665172761412,DOWN,UP,0.5270461558313025,False
2026-01-02,M&M,-0.3182162272875821,DOWN,DOWN,0.42610695016197775,True
2026-01-02,Maruti Suzuki,1.149764150943389,UP,DOWN,0.44370742678717884,False
2026-01-02,NTPC,-0.4260153291673063,DOWN,UP,0.5765621162721244,False
2026-01-02,ONGC,-1.3956805608682177,DOWN,UP,0.5012868693973179,False
2026-01-02,Reliance,-0.8917963202122792,DOWN,DOWN,0.4713784650652513,True
2026-01-02,SBI,0.6606912763688522,UP,DOWN,0.4938312880572774,False
2026-01-02,Sun Pharma,0.0520847461841667,UP,UP,0.5084955215639667,True
2026-01-02,TCS,-1.0643816419645846,DOWN,DOWN,0.4727159149423581,True
2026-01-02,Tata Steel,1.5529288397112984,UP,DOWN,0.4885198359586422,False
2026-01-02,Wipro,-2.118963645736527,DOWN,DOWN,0.4855039812824385,True
2026-01-05,Axis Bank,0.6221807198787399,UP,UP,0.5162065460689398,True
2026-01-05,Bharti Airtel,0.0142541010985652,UP,DOWN,0.4918908649837538,False
2026-01-05,Dr Reddy's,0.4959960937499952,UP,DOWN,0.498067947587854,False
2026-01-05,HCLTech,0.5411839620746761,UP,UP,0.5172687750801469,True
2026-01-05,HDFC Bank,-1.5652161425032007,DOWN,UP,0.5309524366738728,False
2026-01-05,Hindustan Unilever,1.7029424878400643,UP,UP,0.5039710532562308,True
2026-01-05,ICICI Bank,2.894637343920881,UP,DOWN,0.4886741834379053,False
2026-01-05,ITC,-2.073205532434419,DOWN,UP,0.5828649748425505,False
2026-01-05,Infosys,0.3610512120060472,UP,DOWN,0.4896175076007951,False
2026-01-05,M&M,-0.1239994488913431,DOWN,DOWN,0.43325452778591833,True
2026-01-05,Maruti Suzuki,0.7986009909647374,UP,DOWN,0.41938512092329155,False
2026-01-05,NTPC,0.0570398419770912,UP,DOWN,0.4830568266012206,False
2026-01-05,ONGC,1.5960364190878984,UP,UP,0.6025247381742931,True
2026-01-05,Reliance,-4.467397572439847,DOWN,UP,0.5006963023066325,False
2026-01-05,SBI,1.3276353023875975,UP,DOWN,0.4921909860022238,False
2026-01-05,Sun Pharma,1.8103954141836631,UP,DOWN,0.4883572082737348,False
2026-01-05,TCS,1.2344127970645768,UP,UP,0.5240431488927195,True
2026-01-05,Tata Steel,0.2584512838596398,UP,DOWN,0.4672259787254533,False
2026-01-05,Wipro,0.8735352894719384,UP,DOWN,0.49721232619633554,False
2026-01-06,Axis Bank,0.1313921091141257,UP,DOWN,0.484271047709494,False
2026-01-06,Bharti Airtel,-1.00223707627779,DOWN,DOWN,0.48096414021572903,True
2026-01-06,Dr Reddy's,-1.0667013902722733,DOWN,DOWN,0.49654119351444836,True
2026-01-06,HCLTech,1.942702554919551,UP,DOWN,0.4755626021018365,False
2026-01-06,HDFC Bank,-1.3666622580787324,DOWN,DOWN,0.4897478913181273,True
2026-01-06,Hindustan Unilever,-1.0434300877474434,DOWN,DOWN,0.47093793447470184,True
2026-01-06,ICICI Bank,1.1692177275302695,UP,UP,0.5033524254014856,True
2026-01-06,ITC,-0.3504196712674545,DOWN,UP,0.6202545081268583,False
2026-01-06,Infosys,1.6623278526118668,UP,DOWN,0.46804297143492,False
2026-01-06,M&M,-0.9721060830199302,DOWN,DOWN,0.43399231654750203,True
2026-01-06,Maruti Suzuki,-2.793199167244964,DOWN,DOWN,0.4506525254096678,True
2026-01-06,NTPC,-0.555867091592932,DOWN,UP,0.5135031265103878,False
2026-01-06,ONGC,-1.1699540444812029,DOWN,UP,0.5093649757337553,False
2026-01-06,Reliance,-0.2255256347255541,DOWN,UP,0.6098510048117115,False
2026-01-06,SBI,-1.1532044085244777,DOWN,DOWN,0.4967743126608201,True
2026-01-06,Sun Pharma,1.272584083367878,UP,DOWN,0.4836604865831564,False
2026-01-06,TCS,1.2224352918248194,UP,DOWN,0.4880163927034907,False
2026-01-06,Tata Steel,-1.288933370472345,DOWN,DOWN,0.4482342640985772,True
2026-01-06,Wipro,1.9578243862789837,UP,DOWN,0.49158902359847795,False
2026-01-07,Axis Bank,-0.6715516149652601,DOWN,DOWN,0.4876540144901929,True
2026-01-07,Bharti Airtel,-0.8588380559977238,DOWN,DOWN,0.49372233565855406,True
2026-01-07,Dr Reddy's,-2.8886404090435747,DOWN,UP,0.5200657879642708,False
2026-01-07,HCLTech,-0.0606906615059799,DOWN,DOWN,0.47500080424262603,True
2026-01-07,HDFC Bank,-0.2476134678008223,DOWN,DOWN,0.492746027794601,True
2026-01-07,Hindustan Unilever,-0.5292969779430945,DOWN,DOWN,0.4841252481428671,True
2026-01-07,ICICI Bank,0.511315337801399,UP,DOWN,0.4754244109868268,False
2026-01-07,ITC,-0.102565891140105,DOWN,UP,0.5985900281628808,False
2026-01-07,Infosys,-1.5680263070088518,DOWN,DOWN,0.47509607085396,True
2026-01-07,M&M,-0.6615463216257056,DOWN,DOWN,0.4915835838715727,True
2026-01-07,Maruti Suzuki,-0.8626331132131626,DOWN,DOWN,0.3998612032206945,True
2026-01-07,NTPC,-1.2756233708394404,DOWN,DOWN,0.49083932885982495,True
2026-01-07,ONGC,-3.1958501914465254,DOWN,DOWN,0.49562733017530974,True
2026-01-07,Reliance,-2.233743962015211,DOWN,DOWN,0.4688012254866872,True
2026-01-07,SBI,-0.908506597056946,DOWN,UP,0.5118869983211145,False
2026-01-07,Sun Pharma,-1.2285439646583685,DOWN,DOWN,0.47919495059728223,True
2026-01-07,TCS,-2.782503719966356,DOWN,UP,0.5039881888637306,False
2026-01-07,Tata Steel,-2.002180562278899,DOWN,DOWN,0.4786971496977626,True
2026-01-07,Wipro,-3.17576660768254,DOWN,DOWN,0.4978198362031716,True
2026-01-08,Axis Bank,-1.1501436327736592,DOWN,DOWN,0.4988576951458515,True
2026-01-08,Bharti Airtel,-1.897114277494183,DOWN,DOWN,0.4739702100086987,True
2026-01-08,Dr Reddy's,0.2651380484832266,UP,UP,0.51400904475344,True
2026-01-08,HCLTech,0.8926989541553132,UP,DOWN,0.4863677037191256,False
2026-01-08,HDFC Bank,-0.8133529214899182,DOWN,DOWN,0.48137409997677283,True
2026-01-08,Hindustan Unilever,-0.5907677464317196,DOWN,DOWN,0.47907482358416087,True
2026-01-08,ICICI Bank,-2.139369419642856,DOWN,DOWN,0.4930748571770107,True
2026-01-08,ITC,-1.1000293538106387,DOWN,UP,0.6370395238673285,False
2026-01-08,Infosys,0.0495832600013512,UP,DOWN,0.47806731731820634,False
2026-01-08,M&M,-1.254026615786119,DOWN,DOWN,0.48043032654050044,True
2026-01-08,Maruti Suzuki,-0.978156505040806,DOWN,DOWN,0.3589371472155743,True
2026-01-08,NTPC,-2.4390226612516,DOWN,DOWN,0.4893511371730271,True
2026-01-08,ONGC,1.1537456529561174,UP,DOWN,0.4954503811642736,False
2026-01-08,Reliance,0.3196024289552124,UP,DOWN,0.4554035463708567,False
2026-01-08,SBI,0.250501002004011,UP,DOWN,0.4892896107502091,False
2026-01-08,Sun Pharma,-1.7493001426684196,DOWN,UP,0.52000496814299,False
2026-01-08,TCS,0.1217312214255583,UP,UP,0.5000179301953671,True
2026-01-08,Tata Steel,-0.954919646530128,DOWN,UP,0.5026988000343562,False
2026-01-08,Wipro,-0.0953470588714533,DOWN,DOWN,0.49966104328153327,True
2026-01-09,Axis Bank,0.1729521361536923,UP,UP,0.5067385482914748,True
2026-01-09,Bharti Airtel,0.8337045344385619,UP,DOWN,0.4928087876681383,False
2026-01-09,Dr Reddy's,0.4462461385843497,UP,DOWN,0.48256610616619305,False
2026-01-09,HCLTech,0.3731763019602541,UP,DOWN,0.4797818282071786,False
2026-01-09,HDFC Bank,-0.2183160588891119,DOWN,UP,0.5343571930669472,False
2026-01-09,Hindustan Unilever,1.416161684761641,UP,UP,0.5046277019061516,True
2026-01-09,ICICI Bank,0.6266414905529594,UP,UP,0.5135175337965642,True
2026-01-09,ITC,0.3707548636004976,UP,UP,0.6224170283756424,True
2026-01-09,Infosys,-1.127560339951572,DOWN,DOWN,0.4724525921757372,True
2026-01-09,M&M,0.1278098362784696,UP,DOWN,0.49513116188584944,False
2026-01-09,Maruti Suzuki,0.4908793406460221,UP,DOWN,0.36709185804879285,False
2026-01-09,NTPC,0.4315512520926434,UP,DOWN,0.4800263959712899,False
2026-01-09,ONGC,0.6920459657909328,UP,DOWN,0.47863386315373135,False
2026-01-09,Reliance,0.5354776711371523,UP,DOWN,0.46531437229571765,False
2026-01-09,SBI,1.4642703062531126,UP,DOWN,0.4810500257325725,False
2026-01-09,Sun Pharma,0.3526201225416914,UP,DOWN,0.4998072097916408,False
2026-01-09,TCS,0.9913351313696196,UP,DOWN,0.47676170839553594,False
2026-01-09,Tata Steel,2.713011077504923,UP,DOWN,0.48898209347400334,False
2026-01-09,Wipro,0.4390127287245526,UP,DOWN,0.4795493283311433,False
2026-01-12,Axis Bank,-0.9574597111430384,DOWN,DOWN,0.49494138287201905,True
2026-01-12,Bharti Airtel,-0.8365937175116245,DOWN,DOWN,0.4669549684714032,True
2026-01-12,Dr Reddy's,-1.9909462091217576,DOWN,DOWN,0.4968698214709963,True
2026-01-12,HCLTech,-0.155911227152905,DOWN,DOWN,0.47453769741411844,True
2026-01-12,HDFC Bank,0.0426878033721545,UP,UP,0.5220657856788626,True
2026-01-12,Hindustan Unilever,-0.6940383804655004,DOWN,DOWN,0.48147218720914414,True
2026-01-12,ICICI Bank,1.691318719622248,UP,DOWN,0.48042305849546435,False
2026-01-12,ITC,-1.0933752234596472,DOWN,UP,0.5613214183479607,False
2026-01-12,Infosys,0.1942462271141032,UP,DOWN,0.4809371893710892,False
2026-01-12,M&M,-0.5567626290059802,DOWN,DOWN,0.47992418714781415,True
2026-01-12,Maruti Suzuki,-0.9407791581232616,DOWN,DOWN,0.3721771511857184,True
2026-01-12,NTPC,0.1333476583717185,UP,DOWN,0.45845127120270907,False
2026-01-12,ONGC,3.4236951489403644,UP,DOWN,0.4905116247333829,False
2026-01-12,Reliance,-2.049615921287695,DOWN,DOWN,0.4762794257837651,True
2026-01-12,SBI,1.3101439627595246,UP,DOWN,0.4875748265643345,False
2026-01-12,Sun Pharma,-0.4205097251224088,DOWN,DOWN,0.491043090255449,True
2026-01-12,TCS,0.8766483975690909,UP,DOWN,0.4792648423074713,False
2026-01-12,Tata Steel,-0.3656396795787775,DOWN,DOWN,0.4667452751022419,True
2026-01-12,Wipro,0.41809429038282,UP,DOWN,0.4939046898147673,False
2026-01-13,Axis Bank,2.916010208250785,UP,DOWN,0.49439170711748925,False
2026-01-13,Bharti Airtel,-0.2170814722514236,DOWN,DOWN,0.47839559492407774,True
2026-01-13,Dr Reddy's,-0.4029252607558264,DOWN,UP,0.5510602063532839,False
2026-01-13,HCLTech,0.2102102102102154,UP,UP,0.5007150930327855,True
2026-01-13,HDFC Bank,-1.2695325853577466,DOWN,UP,0.5348969949069927,False
2026-01-13,Hindustan Unilever,-1.5065913370998163,DOWN,UP,0.5053189370853752,False
2026-01-13,ICICI Bank,-1.2943615578244638,DOWN,DOWN,0.4962661704063602,True
2026-01-13,ITC,0.0149351034196554,UP,UP,0.6425596982579959,True
2026-01-13,Infosys,0.0500343232098243,UP,DOWN,0.4811379015519478,False
2026-01-13,M&M,-0.3277345350266247,DOWN,DOWN,0.47168581840269513,True
2026-01-13,Maruti Suzuki,-1.668087178862776,DOWN,DOWN,0.35541597995412133,True
2026-01-13,NTPC,3.314593787907083,UP,DOWN,0.4648123884506114,False
2026-01-13,ONGC,1.8254151163036525,UP,UP,0.5396226545923831,True
2026-01-13,Reliance,0.4129955808330088,UP,UP,0.5002952131809327,True
2026-01-13,SBI,-0.0097209967119482,DOWN,UP,0.5047485909848213,False
2026-01-13,Sun Pharma,-1.6197142818809571,DOWN,DOWN,0.48433966105537923,True
2026-01-13,TCS,-2.3102815177478586,DOWN,DOWN,0.4975404663129803,True
2026-01-13,Tata Steel,3.6588664116765424,UP,DOWN,0.4842942890730453,False
2026-01-13,Wipro,-1.514004472060937,DOWN,DOWN,0.4876595374121847,True
2026-01-14,Axis Bank,0.0,DOWN,UP,0.5400594756124842,False
2026-01-14,Bharti Airtel,0.0,DOWN,DOWN,0.484055283495149,True
2026-01-14,Dr Reddy's,0.0,DOWN,DOWN,0.49516416465985214,True
2026-01-14,HCLTech,0.0,DOWN,UP,0.5085674438826844,False
2026-01-14,HDFC Bank,0.0,DOWN,UP,0.5522493500075047,False
2026-01-14,Hindustan Unilever,0.0,DOWN,UP,0.509365770342326,False
2026-01-14,ICICI Bank,0.0,DOWN,DOWN,0.4883837486913518,True
2026-01-14,ITC,0.0,DOWN,UP,0.5737418166027313,False
2026-01-14,Infosys,0.0,DOWN,DOWN,0.4714897682482197,True
2026-01-14,M&M,0.0,DOWN,DOWN,0.4598827680994409,True
2026-01-14,Maruti Suzuki,0.0,DOWN,DOWN,0.3440851218389709,True
2026-01-14,NTPC,0.0,DOWN,UP,0.5302277862562962,False
2026-01-14,ONGC,0.0,DOWN,UP,0.5170691955304744,False
2026-01-14,Reliance,0.0,DOWN,DOWN,0.48826462604286347,True
2026-01-14,SBI,0.0,DOWN,UP,0.5119328180063865,False
2026-01-14,Sun Pharma,0.0,DOWN,DOWN,0.48904491449581977,True
2026-01-14,TCS,0.0,DOWN,DOWN,0.4978499270430937,True
2026-01-14,Tata Steel,0.0,DOWN,UP,0.607630162535962,False
2026-01-14,Wipro,0.0,DOWN,DOWN,0.49729246174536523,True
2026-01-15,Axis Bank,-0.3541805884901605,DOWN,UP,0.6483936527290411,False
2026-01-15,Bharti Airtel,-0.3016057150030948,DOWN,UP,0.551042035425742,False
2026-01-15,Dr Reddy's,-0.9270965023177368,DOWN,UP,0.5748531613445715,False
2026-01-15,HCLTech,1.7680551393467248,UP,UP,0.6155791732509716,True
2026-01-15,HDFC Bank,0.6105098389303842,UP,UP,0.5753721237482605,True
2026-01-15,Hindustan Unilever,0.2931762202570631,UP,UP,0.6022178324196108,True
2026-01-15,ICICI Bank,-0.5358132723578435,DOWN,UP,0.6183379525518258,False
2026-01-15,ITC,-1.6579500501773703,DOWN,UP,0.5601296060214042,False
2026-01-15,Infosys,5.625703041197316,UP,UP,0.5687928573037074,True
2026-01-15,M&M,0.2383874824462228,UP,UP,0.550736516030243,True
2026-01-15,Maruti Suzuki,-1.8140168400198164,DOWN,UP,0.5044673529844984,False
2026-01-15,NTPC,-0.7877398888341935,DOWN,UP,0.6326054223559678,False
2026-01-15,ONGC,-0.4270223489659108,DOWN,UP,0.6602382660039564,False
2026-01-15,Reliance,-0.061696214966922,DOWN,UP,0.5406112980451371,False
2026-01-15,SBI,1.3565491878617442,UP,UP,0.633951036876473,True
2026-01-15,Sun Pharma,-1.8698140572004247,DOWN,UP,0.5509765292566017,False
2026-01-15,TCS,0.4447909529169846,UP,UP,0.5915312365043451,True
2026-01-15,Tata Steel,-0.5495341009948862,DOWN,UP,0.6278700935809306,False
2026-01-15,Wipro,2.7863180860389303,UP,UP,0.6155815787963167,True
2026-01-19,Axis Bank,-1.070745697896747,DOWN,DOWN,0.48776538498646876,True
2026-01-19,Bharti Airtel,-0.6965174129353269,DOWN,UP,0.5051619340189952,False
2026-01-19,Dr Reddy's,-0.0428375617646303,DOWN,UP,0.5103270902170719,False
2026-01-19,HCLTech,-1.718313091855772,DOWN,DOWN,0.48148157604737984,True
2026-01-19,HDFC Bank,0.3556404468307628,UP,UP,0.5266488833016478,True
2026-01-19,Hindustan Unilever,-1.4416424083580015,DOWN,DOWN,0.4863088188744877,True
2026-01-19,ICICI Bank,-0.3476696249958499,DOWN,UP,0.5301633952088559,False
2026-01-19,ITC,-2.0708355826155267,DOWN,UP,0.5259825072323877,False
2026-01-19,Infosys,-1.3264291818631313,DOWN,UP,0.5121422917913413,False
2026-01-19,M&M,-2.7314459728544294,DOWN,DOWN,0.46321434467633554,True
2026-01-19,Maruti Suzuki,-1.8360534124629124,DOWN,DOWN,0.4283638614638454,True
2026-01-19,NTPC,-1.3397425431030283,DOWN,DOWN,0.48581570672445956,True
2026-01-19,ONGC,-1.118835594535117,DOWN,UP,0.5119880474580699,False
2026-01-19,Reliance,-1.386529140099435,DOWN,UP,0.5277670167756594,False
2026-01-19,SBI,-0.1926040016349661,DOWN,DOWN,0.4943366035574591,True
2026-01-19,Sun Pharma,-3.676732403503502,DOWN,UP,0.5375861369866851,False
2026-01-19,TCS,-1.9376674338055235,DOWN,UP,0.5003324653784234,False
2026-01-19,Tata Steel,-2.501729753535764,DOWN,DOWN,0.4704900489016144,True
2026-01-19,Wipro,-2.459850834245369,DOWN,DOWN,0.498075366921699,True
2026-01-20,Axis Bank,-0.6648608879735174,DOWN,UP,0.5203716512486676,False
2026-01-20,Bharti Airtel,0.0050087968906487,UP,DOWN,0.486202618950699,False
2026-01-20,Dr Reddy's,-0.8142624837223833,DOWN,UP,0.5270837563784081,False
2026-01-20,HCLTech,-0.2844810460035707,DOWN,DOWN,0.49340410274184393,True
2026-01-20,HDFC Bank,-1.1651671476440415,DOWN,UP,0.5188592003033019,False
2026-01-20,Hindustan Unilever,-0.4665670716076708,DOWN,DOWN,0.4906924609429048,True
2026-01-20,ICICI Bank,-1.9479610319066865,DOWN,UP,0.5018042347652326,False
2026-01-20,ITC,-0.4750192617083981,DOWN,UP,0.5477840761460953,False
2026-01-20,Infosys,-0.2712640866702864,DOWN,UP,0.5348414750566829,False
2026-01-20,M&M,-0.1180590631588152,DOWN,DOWN,0.4821942210663623,True
2026-01-20,Maruti Suzuki,-0.6864412116632024,DOWN,DOWN,0.37022672164938597,True
2026-01-20,NTPC,-0.0147565440498209,DOWN,DOWN,0.479620798642943,True
2026-01-20,ONGC,0.8236597747686147,UP,DOWN,0.48777580617058997,False
2026-01-20,Reliance,0.760399970296799,UP,UP,0.5249739738105506,True
2026-01-20,SBI,-0.747780762006589,DOWN,DOWN,0.48129915659863104,True
2026-01-20,Sun Pharma,-0.0557705035835187,DOWN,UP,0.5219193817344177,False
2026-01-20,TCS,0.6543547854371168,UP,DOWN,0.47504846866981865,False
2026-01-20,Tata Steel,0.4630671795712304,UP,UP,0.5221236200752164,True
2026-01-20,Wipro,-0.145890309975416,DOWN,DOWN,0.4569664029039518,True
2026-01-21,Axis Bank,0.7704898611529787,UP,UP,0.5072909483955642,True
2026-01-21,Bharti Airtel,0.3055946926780128,UP,DOWN,0.4590713332361648,False
2026-01-21,Dr Reddy's,5.21085822437688,UP,DOWN,0.4790166352622088,False
2026-01-21,HCLTech,1.2243670481983715,UP,DOWN,0.4810621436300422,False
2026-01-21,HDFC Bank,-0.17927564759872,DOWN,UP,0.5410769559099338,False
2026-01-21,Hindustan Unilever,0.9543960158889364,UP,DOWN,0.4994882414060861,False
2026-01-21,ICICI Bank,-0.2594514455152019,DOWN,UP,0.5070383439583106,False
2026-01-21,ITC,0.0307947970794808,UP,UP,0.5212278296541846,True
2026-01-21,Infosys,0.5500468720774032,UP,DOWN,0.4972175156729734,False
2026-01-21,M&M,0.5741114474832498,UP,DOWN,0.4700921173083801,False
2026-01-21,Maruti Suzuki,-0.0317057704502188,DOWN,DOWN,0.4016326574957317,True
2026-01-21,NTPC,1.1071744507962444,UP,DOWN,0.4651242364963751,False
2026-01-21,ONGC,0.6766511625564631,UP,DOWN,0.46606148630880273,False
2026-01-21,Reliance,-0.1495070213895943,DOWN,DOWN,0.470949931930766,True
2026-01-21,SBI,1.91512669074172,UP,DOWN,0.4826237090976673,False
2026-01-21,Sun Pharma,1.3205980801910044,UP,UP,0.5221607036993635,True
2026-01-21,TCS,0.8902774552644654,UP,UP,0.5179109341484259,True
2026-01-21,Tata Steel,2.543247301268803,UP,UP,0.5028626113983906,True
2026-01-21,Wipro,0.4591904949752479,UP,UP,0.5453008320808819,True
2026-01-22,Axis Bank,-2.842141445810986,DOWN,DOWN,0.4884240011413709,True
2026-01-22,Bharti Airtel,-0.8740385789020366,DOWN,DOWN,0.49211511816220943,True
2026-01-22,Dr Reddy's,1.486650972150927,UP,DOWN,0.49974301209847216,False
2026-01-22,HCLTech,0.2289956238605839,UP,DOWN,0.4664413202775982,False
2026-01-22,HDFC Bank,-0.2830125815332707,DOWN,UP,0.5344173100728545,False
2026-01-22,Hindustan Unilever,0.7905923856641461,UP,DOWN,0.46679920631624505,False
2026-01-22,ICICI Bank,-0.1560739937523259,DOWN,UP,0.5040377965269052,False
2026-01-22,ITC,-0.4463636077535415,DOWN,UP,0.5276805532235829,False
2026-01-22,Infosys,0.4388367194544607,UP,UP,0.5019777533175613,True
2026-01-22,M&M,-0.8478621384593099,DOWN,DOWN,0.48107920115875674,True
2026-01-22,Maruti Suzuki,-1.8775769108785312,DOWN,DOWN,0.41980676032578224,True
2026-01-22,NTPC,-1.67907717770025,DOWN,DOWN,0.4574393848753345,True
2026-01-22,ONGC,0.5983388987069738,UP,DOWN,0.4714435434535471,False
2026-01-22,Reliance,-1.1693422042112325,DOWN,UP,0.5079083356218599,False
2026-01-22,SBI,-1.798061336854806,DOWN,DOWN,0.4760309522831696,True
2026-01-22,Sun Pharma,-0.1407371696568238,DOWN,DOWN,0.4634056176772966,True
2026-01-22,TCS,0.384081324001051,UP,DOWN,0.47612288703457123,False
2026-01-22,Tata Steel,-0.7879457668279244,DOWN,DOWN,0.484078773683652,True
2026-01-22,Wipro,-0.934967819266952,DOWN,UP,0.5165665540373958,False
2026-01-23,Axis Bank,4.594598476003586,UP,DOWN,0.48692311916510905,False
2026-01-23,Bharti Airtel,-0.5693518937782249,DOWN,UP,0.5160962449756565,False
2026-01-23,Dr Reddy's,0.3399217647439556,UP,UP,0.5563040234541698,True
2026-01-23,HCLTech,0.7732836070225568,UP,DOWN,0.46748101740325004,False
2026-01-23,HDFC Bank,1.1243367648314573,UP,UP,0.557333062853347,True
2026-01-23,Hindustan Unilever,-0.3569245758974881,DOWN,DOWN,0.4792609990511357,True
2026-01-23,ICICI Bank,1.33988385238053,UP,DOWN,0.486042179416004,False
2026-01-23,ITC,-1.4687693536322155,DOWN,UP,0.5291719824948334,False
2026-01-23,Infosys,0.71222779482778,UP,DOWN,0.495033750709743,False
2026-01-23,M&M,-4.230397541203301,DOWN,DOWN,0.4634183329793487,True
2026-01-23,Maruti Suzuki,-1.448057405132841,DOWN,DOWN,0.4011294577588466,True
2026-01-23,NTPC,2.376002289860613,UP,DOWN,0.4756527044788352,False
2026-01-23,ONGC,1.0103050129165458,UP,DOWN,0.4938954668212901,False
2026-01-23,Reliance,-0.4040095003659649,DOWN,UP,0.5105774378010524,False
2026-01-23,SBI,2.2972340373057287,UP,DOWN,0.47563843733651073,False
2026-01-23,Sun Pharma,0.428947845779537,UP,DOWN,0.47718621477838535,False
2026-01-23,TCS,-0.1422924901185784,DOWN,DOWN,0.49689196159187776,True
2026-01-23,Tata Steel,2.489205348196988,UP,UP,0.5060640188540769,True
2026-01-23,Wipro,-1.5100633124553453,DOWN,UP,0.5189522928761809,False
2026-01-27,Axis Bank,0.3039975567383779,UP,UP,0.5096786203549615,True
2026-01-27,Bharti Airtel,-0.795584931993154,DOWN,UP,0.5096896850600063,False
2026-01-27,Dr Reddy's,-1.395390236068894,DOWN,UP,0.5413937966760033,False
2026-01-27,HCLTech,0.5464495221999544,UP,DOWN,0.46183075883497066,False
2026-01-27,HDFC Bank,0.6800504778649463,UP,UP,0.5221287261994324,True
2026-01-27,Hindustan Unilever,-0.9371486074049028,DOWN,DOWN,0.49031318318071243,True
2026-01-27,ICICI Bank,0.4627535364210011,UP,DOWN,0.4947687308099955,False
2026-01-27,ITC,0.7845598769451456,UP,UP,0.6258508003550046,True
2026-01-27,Infosys,-0.9627355822167228,DOWN,DOWN,0.4915304205676202,True
2026-01-27,M&M,1.6413717746242895,UP,UP,0.6127401895583056,True
2026-01-27,Maruti Suzuki,-2.4139061987536903,DOWN,DOWN,0.45147841788909376,True
2026-01-27,NTPC,0.9718524709321664,UP,DOWN,0.4648503389534887,False
2026-01-27,ONGC,8.32022176968601,UP,DOWN,0.4842857156764369,False
2026-01-27,Reliance,1.1734843297265485,UP,UP,0.5599586949768788,True
2026-01-27,SBI,0.9827636467744316,UP,DOWN,0.4985432627499758,False
2026-01-27,Sun Pharma,-1.7267709077155469,DOWN,DOWN,0.49528314383277755,True
2026-01-27,TCS,1.3331253216038563,UP,DOWN,0.4880650331940087,False
2026-01-27,Tata Steel,0.8165213928573056,UP,DOWN,0.4527705247873976,False
2026-01-27,Wipro,1.086031950006272,UP,UP,0.5522105101691028,True
2026-01-28,Axis Bank,3.326254032399034,UP,UP,0.5431997102524544,True
2026-01-28,Bharti Airtel,0.521023318005498,UP,DOWN,0.48562415029830286,False
2026-01-28,Dr Reddy's,-1.1124724405674802,DOWN,UP,0.5498150001050814,False
2026-01-28,HCLTech,-0.4625346966306343,DOWN,DOWN,0.45042561200323017,True
2026-01-28,HDFC Bank,0.3002023969468137,UP,UP,0.5245786146834623,True
2026-01-28,Hindustan Unilever,-1.0847546984035783,DOWN,DOWN,0.4817116264222692,True
2026-01-28,ICICI Bank,1.162537470330327,UP,DOWN,0.4948222395577064,False
2026-01-28,ITC,-0.7940176993404102,DOWN,UP,0.5221309063036295,False
2026-01-28,Infosys,-0.420042004200416,DOWN,DOWN,0.49976031291734585,True
2026-01-28,M&M,-1.8786979515672653,DOWN,DOWN,0.4932311509579325,True
2026-01-28,Maruti Suzuki,-2.520669489816496,DOWN,UP,0.574335748039164,False
2026-01-28,NTPC,2.9018837689267274,UP,DOWN,0.4505265325545767,False
2026-01-28,ONGC,2.535567956155038,UP,DOWN,0.4037000903964693,False
2026-01-28,Reliance,-0.4081013368041231,DOWN,UP,0.5169996646584195,False
2026-01-28,SBI,0.2538741111306919,UP,DOWN,0.47543684914036144,False
2026-01-28,Sun Pharma,-1.3224839861346482,DOWN,DOWN,0.4867219265108892,True
2026-01-28,TCS,-1.740576657376902,DOWN,UP,0.5100988989510954,False
2026-01-28,Tata Steel,4.369358242981014,UP,DOWN,0.37822712653191687,False
2026-01-28,Wipro,1.0322295703559805,UP,UP,0.5556182746436436,True
2026-01-29,Axis Bank,0.4913157939493873,UP,UP,0.5177416439948831,True
2026-01-29,Bharti Airtel,0.0406487498291863,UP,UP,0.5106843031689787,True
2026-01-29,Dr Reddy's,0.7610183626503009,UP,UP,0.5235706265174247,True
2026-01-29,HCLTech,-1.5102230697436547,DOWN,DOWN,0.472103824910486,True
2026-01-29,HDFC Bank,-0.668091929449488,DOWN,UP,0.5094610159867178,False
2026-01-29,Hindustan Unilever,0.8671215462446424,UP,DOWN,0.4800997880329536,False
2026-01-29,ICICI Bank,-2.067069679863631,DOWN,DOWN,0.4690482548614392,True
2026-01-29,ITC,1.1142459902575563,UP,UP,0.5378955507753392,True
2026-01-29,Infosys,-1.114793612533893,DOWN,UP,0.5050567540020459,False
2026-01-29,M&M,1.4005480395963057,UP,UP,0.559874755644149,True
2026-01-29,Maruti Suzuki,0.668873258860847,UP,DOWN,0.4929400009178329,False
2026-01-29,NTPC,-0.6003054399341345,DOWN,UP,0.5183453187646522,False
2026-01-29,ONGC,-2.334878845032906,DOWN,DOWN,0.32789460656884645,True
2026-01-29,Reliance,0.3163209499685404,UP,UP,0.535084608887197,True
2026-01-29,SBI,1.0270187341644643,UP,DOWN,0.4744644664596324,False
2026-01-29,Sun Pharma,0.3775246848085167,UP,DOWN,0.48911986285107334,False
2026-01-29,TCS,-0.651952698024183,DOWN,UP,0.5118372454702954,False
2026-01-29,Tata Steel,-4.542310255396165,DOWN,DOWN,0.4913828245762313,True
2026-01-29,Wipro,-1.2093449200863748,DOWN,UP,0.5419466810383956,False
2026-01-30,Axis Bank,-4.298016883008026,DOWN,UP,0.5313725900782371,False
2026-01-30,Bharti Airtel,-0.1676195885436104,DOWN,DOWN,0.47833216741900486,True
2026-01-30,Dr Reddy's,-2.922582406982888,DOWN,DOWN,0.49749319452961155,True
2026-01-30,HCLTech,-1.108747760586393,DOWN,UP,0.5213758601306779,False
2026-01-30,HDFC Bank,-0.1237583442628365,DOWN,UP,0.5263268184347778,False
2026-01-30,Hindustan Unilever,-0.6616077190002123,DOWN,DOWN,0.4639343428250755,True
2026-01-30,ICICI Bank,-0.1623580200645791,DOWN,UP,0.5049002518115842,False
2026-01-30,ITC,-2.31258166400804,DOWN,UP,0.5468404167862265,False
2026-01-30,Infosys,-0.7068845573392712,DOWN,UP,0.5198287808407197,False
2026-01-30,M&M,0.9149688763036234,UP,UP,0.5524926333869501,True
2026-01-30,Maruti Suzuki,-1.47270360983629,DOWN,DOWN,0.4183596529689435,True
2026-01-30,NTPC,-1.587076937214715,DOWN,DOWN,0.49847493777534246,True
2026-01-30,ONGC,-5.580753637606694,DOWN,UP,0.5251197832238145,False
2026-01-30,Reliance,-0.3583201886569798,DOWN,UP,0.5163357768117866,False
2026-01-30,SBI,-4.497987480299493,DOWN,DOWN,0.4876687077488672,True
2026-01-30,Sun Pharma,2.0435011965231675,UP,DOWN,0.46988164564533064,False
2026-01-30,TCS,1.462921243994164,UP,DOWN,0.4942622370511312,False
2026-01-30,Tata Steel,-2.392176388531564,DOWN,UP,0.5615256943843459,False
2026-01-30,Wipro,2.2794467262134965,UP,UP,0.5340842844911182,True
2026-02-02,Axis Bank,3.408307371092256,UP,UP,0.5848286883225722,True
2026-02-02,Bharti Airtel,1.6230804934264098,UP,UP,0.5115653270601942,True
2026-02-02,Dr Reddy's,4.473575003303387,UP,UP,0.5101450287334353,True
2026-02-02,HCLTech,1.1032919526051457,UP,DOWN,0.4798525862156762,False
2026-02-02,HDFC Bank,2.219592410622373,UP,UP,0.5113566692618342,True
2026-02-02,Hindustan Unilever,0.4793640433572443,UP,DOWN,0.48749927832151874,False
2026-02-02,ICICI Bank,2.727668614124812,UP,DOWN,0.4942069158491256,False
2026-02-02,ITC,0.6196319077897972,UP,UP,0.6412585961962841,True
2026-02-02,Infosys,1.6325012389454718,UP,DOWN,0.48348060190614167,False
2026-02-02,M&M,1.8682129846410376,UP,UP,0.5055072782052595,True
2026-02-02,Maruti Suzuki,2.7669632925472643,UP,UP,0.5020066998280021,True
2026-02-02,NTPC,2.340511359097941,UP,UP,0.5459647829734533,True
2026-02-02,ONGC,1.2010250397362476,UP,UP,0.5435750505731588,True
2026-02-02,Reliance,3.35874211391467,UP,UP,0.5521871655100256,True
2026-02-02,SBI,3.450957683001654,UP,UP,0.577621496130008,True
2026-02-02,Sun Pharma,4.558016466556802,UP,DOWN,0.48049838135694806,False
2026-02-02,TCS,1.757317940930858,UP,UP,0.5066800635442129,True
2026-02-02,Tata Steel,2.344702295763401,UP,UP,0.5690130052440802,True
2026-02-02,Wipro,0.1609572367876177,UP,UP,0.5989284788861254,True
2026-02-03,Axis Bank,-1.2903701983530191,DOWN,UP,0.5567171567874595,False
2026-02-03,Bharti Airtel,1.4269263156891032,UP,DOWN,0.496954121696194,False
2026-02-03,Dr Reddy's,0.3885321890040538,UP,UP,0.5075228910986272,True
2026-02-03,HCLTech,-4.3355157130330335,DOWN,DOWN,0.47184804529516716,True
2026-02-03,HDFC Bank,0.4637886921357248,UP,UP,0.5137333458606139,True
2026-02-03,Hindustan Unilever,0.1013215504856557,UP,DOWN,0.48247156223872345,False
2026-02-03,ICICI Bank,1.345619478968718,UP,UP,0.5185389633860664,True
2026-02-03,ITC,-0.8842532281507332,DOWN,UP,0.6139288433344899,False
2026-02-03,Infosys,-7.2584511577219235,DOWN,DOWN,0.4825511800585744,True
2026-02-03,M&M,1.3067291854177432,UP,DOWN,0.49041767796259395,False
2026-02-03,Maruti Suzuki,1.955080503314832,UP,UP,0.5115999949319031,True
2026-02-03,NTPC,2.4264433142456854,UP,DOWN,0.47591252823212105,False
2026-02-03,ONGC,3.871600080556914,UP,UP,0.556304111904931,True
2026-02-03,Reliance,1.3708213469390218,UP,UP,0.5035332814417124,True
2026-02-03,SBI,0.3758692147650677,UP,UP,0.5271028601143579,True
2026-02-03,Sun Pharma,0.1351300664541366,UP,DOWN,0.4649377178886743,False
2026-02-03,TCS,-7.013299468186284,DOWN,DOWN,0.47938595527127104,True
2026-02-03,Tata Steel,1.2802577693837414,UP,UP,0.5203845057824915,True
2026-02-03,Wipro,-3.852654006945755,DOWN,UP,0.5768436121011894,False
2026-02-04,Axis Bank,-0.6050628132799218,DOWN,UP,0.5749043288095818,False
2026-02-04,Bharti Airtel,-1.6487325308034984,DOWN,DOWN,0.48611213037025114,True
2026-02-04,Dr Reddy's,0.3789770542843795,UP,UP,0.5510832078366741,True
2026-02-04,HCLTech,-0.7275896209678501,DOWN,DOWN,0.46629236432971166,True
2026-02-04,HDFC Bank,-0.3567268351692187,DOWN,UP,0.5440518225243324,False
2026-02-04,Hindustan Unilever,-0.7001306476697611,DOWN,DOWN,0.4891849829940576,True
2026-02-04,ICICI Bank,-0.8449321363093065,DOWN,UP,0.5237828058954306,False
2026-02-04,ITC,-1.162973976581827,DOWN,DOWN,0.4919578029615009,True
2026-02-04,Infosys,-1.0157635864221692,DOWN,UP,0.6104756740624699,False
2026-02-04,M&M,-0.055959709009512,DOWN,UP,0.5268086570093892,False
2026-02-04,Maruti Suzuki,-0.0796231172450423,DOWN,DOWN,0.4633507123215245,True
2026-02-04,NTPC,-0.0680735194009574,DOWN,DOWN,0.4810972166637267,True
2026-02-04,ONGC,0.8428544285868034,UP,UP,0.5719339177410352,True
2026-02-04,Reliance,-0.919825917416861,DOWN,UP,0.5382214346465237,False
2026-02-04,SBI,0.4961663612051747,UP,UP,0.5120544008055659,True
2026-02-04,Sun Pharma,-0.1056118752840173,DOWN,UP,0.5339983547095499,False
2026-02-04,TCS,-0.2534126040737772,DOWN,UP,0.6201503730576133,False
2026-02-04,Tata Steel,1.207779265132336,UP,DOWN,0.44788850820854387,False
2026-02-04,Wipro,0.0214292673963001,UP,UP,0.5556404908577743,True
2026-02-05,Axis Bank,0.8266947393529067,UP,UP,0.5480247298210861,True
2026-02-05,Bharti Airtel,2.308773310396228,UP,DOWN,0.4909851840053431,False
2026-02-05,Dr Reddy's,-0.2972185050706399,DOWN,UP,0.560144833018575,False
2026-02-05,HCLTech,-1.0124253930512417,DOWN,DOWN,0.4672605608760867,True
2026-02-05,HDFC Bank,-0.9055529652050698,DOWN,UP,0.5332098355729538,False
2026-02-05,Hindustan Unilever,2.96466410649443,UP,DOWN,0.48721438166102027,False
2026-02-05,ICICI Bank,0.6874311196518157,UP,UP,0.5169327790616108,True
2026-02-05,ITC,5.029005471323411,UP,UP,0.5099481902227164,True
2026-02-05,Infosys,-0.8617271416065497,DOWN,DOWN,0.424899707567381,True
2026-02-05,M&M,0.1679731243001025,UP,UP,0.5316841339271644,True
2026-02-05,Maruti Suzuki,-0.4117139252274415,DOWN,DOWN,0.41095022812015725,True
2026-02-05,NTPC,-0.5313384760302964,DOWN,DOWN,0.47544777769409197,True
2026-02-05,ONGC,-0.0928677521038645,DOWN,DOWN,0.4138052015495738,True
2026-02-05,Reliance,0.512680080982153,UP,UP,0.5168033975217007,True
2026-02-05,SBI,-0.661385708983464,DOWN,UP,0.532366394613259,False
2026-02-05,Sun Pharma,-0.4405027668004546,DOWN,UP,0.5202241130502401,False
2026-02-05,TCS,-1.668056237464488,DOWN,DOWN,0.4624981306726402,True
2026-02-05,Tata Steel,-0.3539628679642304,DOWN,DOWN,0.4843821051829975,True
2026-02-05,Wipro,-1.1440071022442155,DOWN,DOWN,0.4723311635248006,True
2026-02-06,Axis Bank,-0.0149039337741241,DOWN,UP,0.5223460697130254,False
2026-02-06,Bharti Airtel,-0.0098152099583637,DOWN,DOWN,0.46561036688949087,True
2026-02-06,Dr Reddy's,2.763458763895432,UP,UP,0.5198363985362104,True
2026-02-06,HCLTech,0.5208037323475967,UP,DOWN,0.49025956929984743,False
2026-02-06,HDFC Bank,-0.4090931554366017,DOWN,UP,0.5375189735023036,False
2026-02-06,Hindustan Unilever,0.4455098195552898,UP,DOWN,0.4563006046682091,False
2026-02-06,ICICI Bank,-0.696958034845907,DOWN,DOWN,0.49080872708820844,True
2026-02-06,ITC,-0.9208103475763064,DOWN,UP,0.5022988143047511,False
2026-02-06,Infosys,-0.6568923478492916,DOWN,DOWN,0.4357799410744277,True
2026-02-06,M&M,0.8831776874301367,UP,DOWN,0.48684714813881497,False
2026-02-06,Maruti Suzuki,-0.1266920050676856,DOWN,DOWN,0.4061350159186739,True
2026-02-06,NTPC,-0.8628938506555661,DOWN,DOWN,0.45052582656362117,True
2026-02-06,ONGC,-0.8737705881592062,DOWN,DOWN,0.4336928461538206,True
2026-02-06,Reliance,0.7444117999951816,UP,UP,0.5106753511632139,True
2026-02-06,SBI,7.46436363124372,UP,UP,0.5071025600596305,True
2026-02-06,Sun Pharma,0.5604389202304327,UP,UP,0.5409133698977812,True
2026-02-06,TCS,0.2243627038523543,UP,DOWN,0.47019376014210573,False
2026-02-06,Tata Steel,2.506851975341906,UP,DOWN,0.454529898377287,False
2026-02-06,Wipro,-0.2773922443924714,DOWN,UP,0.5119548624404072,False
2026-02-09,Axis Bank,1.140593892899,UP,UP,0.5476864632214138,True
2026-02-09,Bharti Airtel,-1.3197872136285649,DOWN,UP,0.5218435059832447,False
2026-02-09,Dr Reddy's,-1.5288122304978446,DOWN,UP,0.5224672122235168,False
2026-02-09,HCLTech,-1.8039965302161345,DOWN,DOWN,0.4727934217939341,True
2026-02-09,HDFC Bank,-0.5174687208255646,DOWN,UP,0.528134088119565,False
2026-02-09,Hindustan Unilever,0.7638643801334721,UP,UP,0.5124070277943357,True
2026-02-09,ICICI Bank,0.7304985185981661,UP,UP,0.515979841345816,True
2026-02-09,ITC,-0.4337032061420887,DOWN,UP,0.5690260538685069,False
2026-02-09,Infosys,0.0400813302044555,UP,DOWN,0.47064461925136963,False
2026-02-09,M&M,1.8339968246027905,UP,DOWN,0.4600044280916909,False
2026-02-09,Maruti Suzuki,1.1216450794498511,UP,DOWN,0.41573399814927386,False
2026-02-09,NTPC,1.3815971495788837,UP,DOWN,0.4869247876595407,False
2026-02-09,ONGC,2.0817658161694785,UP,DOWN,0.47520093701659166,False
2026-02-09,Reliance,-0.212094665963225,DOWN,DOWN,0.4958028127354524,True
2026-02-09,SBI,-0.1657961966895715,DOWN,UP,0.5006746650909841,False
2026-02-09,Sun Pharma,0.1877316254851768,UP,DOWN,0.4982488698498747,False
2026-02-09,TCS,1.2346566409074944,UP,UP,0.5328432146038885,True
2026-02-09,Tata Steel,2.975244805364352,UP,DOWN,0.4927630816317109,False
2026-02-09,Wipro,0.604137421151929,UP,UP,0.5150339479510239,True
2026-02-10,Axis Bank,-0.6928504962081417,DOWN,UP,0.536398040404098,False
2026-02-10,Bharti Airtel,0.039771627225793,UP,DOWN,0.4969836188445902,False
2026-02-10,Dr Reddy's,1.1385389194366935,UP,UP,0.5197396473683608,True
2026-02-10,HCLTech,-1.366728137669182,DOWN,UP,0.5376120609427574,False
2026-02-10,HDFC Bank,-0.568430790363339,DOWN,UP,0.5118718049275142,False
2026-02-10,Hindustan Unilever,0.3790269121844103,UP,DOWN,0.4840056947523839,False
2026-02-10,ICICI Bank,-0.0284411243556714,DOWN,UP,0.5057979554099387,False
2026-02-10,ITC,-0.9800852384268866,DOWN,UP,0.5440621798976314,False
2026-02-10,Infosys,-1.7292044044414756,DOWN,UP,0.5024015331315023,False
2026-02-10,M&M,-0.0244884507431764,DOWN,UP,0.5055452030018195,False
2026-02-10,Maruti Suzuki,1.7562392710946728,UP,DOWN,0.39662524941803445,False
2026-02-10,NTPC,0.4224634331785326,UP,DOWN,0.453636945546621,False
2026-02-10,ONGC,0.9002433444709634,UP,DOWN,0.46436092117747146,False
2026-02-10,Reliance,0.6993452980373682,UP,DOWN,0.4961225450290011,False
2026-02-10,SBI,3.39131628844358,UP,DOWN,0.4866792025604939,False
2026-02-10,Sun Pharma,0.193226763289811,UP,UP,0.5064498239219001,True
2026-02-10,TCS,-2.506200039558537,DOWN,DOWN,0.4987761426145017,True
2026-02-10,Tata Steel,-0.2019124946092576,DOWN,UP,0.5283197347928317,False
2026-02-10,Wipro,-0.7171571492439965,DOWN,DOWN,0.4691037406982478,True
2026-02-11,Axis Bank,-0.5418279940295867,DOWN,UP,0.5435238801019826,False
2026-02-11,Bharti Airtel,0.1192795806959745,UP,DOWN,0.4756786870341162,False
2026-02-11,Dr Reddy's,0.3621172486123258,UP,UP,0.5503880179393413,True
2026-02-11,HCLTech,-4.865944907706554,DOWN,UP,0.5471717425406983,False
2026-02-11,HDFC Bank,-0.7011110097259965,DOWN,UP,0.5255982889915615,False
2026-02-11,Hindustan Unilever,-2.1600533225588525,DOWN,DOWN,0.4774058458789494,True
2026-02-11,ICICI Bank,1.6997386266295322,UP,UP,0.5277312465859952,True
2026-02-11,ITC,-0.2513708697466588,DOWN,UP,0.5418730324362125,False
2026-02-11,Infosys,-5.835995854966969,DOWN,UP,0.5142204436250692,False
2026-02-11,M&M,-2.225905653520799,DOWN,DOWN,0.46996096844674856,True
2026-02-11,Maruti Suzuki,-0.558006747988582,DOWN,DOWN,0.41705893720753784,True
2026-02-11,NTPC,-0.0542847605929597,DOWN,DOWN,0.47657860345901526,True
2026-02-11,ONGC,0.6372905903506476,UP,DOWN,0.4169562729446515,False
2026-02-11,Reliance,-1.3481260581519106,DOWN,UP,0.5136523893908163,False
2026-02-11,SBI,0.8031109818182447,UP,DOWN,0.39045179652767925,False
2026-02-11,Sun Pharma,0.2220822209306527,UP,UP,0.5162350333401995,True
2026-02-11,TCS,-5.488347944601612,DOWN,UP,0.5272985498327462,False
2026-02-11,Tata Steel,0.250495824285557,UP,DOWN,0.4022013444451015,False
2026-02-11,Wipro,-4.6690726432836005,DOWN,UP,0.5155024123457358,False
2026-02-12,Axis Bank,-0.5746232217817115,DOWN,UP,0.5139003592317879,False
2026-02-12,Bharti Airtel,-0.4864754940742122,DOWN,DOWN,0.47431981364891207,True
2026-02-12,Dr Reddy's,-0.5333789864228944,DOWN,UP,0.5151827653422326,False
2026-02-12,HCLTech,-1.4158949095413598,DOWN,UP,0.6717655938415842,False
2026-02-12,HDFC Bank,-1.8140290696017192,DOWN,UP,0.5151315114044086,False
2026-02-12,Hindustan Unilever,-4.336639503568895,DOWN,UP,0.5343622993417856,False
2026-02-12,ICICI Bank,-1.0769247842001728,DOWN,DOWN,0.4985748723067491,True
2026-02-12,ITC,-1.1655416805018803,DOWN,UP,0.523417562364494,False
2026-02-12,Infosys,-1.2193379808125848,DOWN,UP,0.6884727163574081,False
2026-02-12,M&M,-1.6615232999337204,DOWN,UP,0.5054392768511701,False
2026-02-12,Maruti Suzuki,-0.5807125146809367,DOWN,DOWN,0.43203937732605663,True
2026-02-12,NTPC,-1.4256619144602856,DOWN,DOWN,0.45497563892597553,True
2026-02-12,ONGC,-3.238650989455283,DOWN,DOWN,0.4573734481129375,True
2026-02-12,Reliance,-2.022227091891593,DOWN,UP,0.5036288725730245,False
2026-02-12,SBI,0.5199556394609672,UP,DOWN,0.37858919041581607,False
2026-02-12,Sun Pharma,-1.0146378311474802,DOWN,DOWN,0.48425138962460285,True
2026-02-12,TCS,-2.1053832380035886,DOWN,UP,0.7555251953543753,False
2026-02-12,Tata Steel,-2.368943308880622,DOWN,DOWN,0.38807585865839284,True
2026-02-12,Wipro,-2.277709262122485,DOWN,UP,0.6224292282031088,False
2026-02-13,Axis Bank,1.9515123506052,UP,UP,0.5096316257851247,True
2026-02-13,Bharti Airtel,1.232108237831242,UP,DOWN,0.4995185794881693,False
2026-02-13,Dr Reddy's,0.1025194269500984,UP,UP,0.5313473022502428,True
2026-02-13,HCLTech,0.4535526304089599,UP,UP,0.6418967956678039,True
2026-02-13,HDFC Bank,2.422830267440545,UP,UP,0.5154661648357035,True
2026-02-13,Hindustan Unilever,0.5986486691147874,UP,UP,0.5623746313640589,True
2026-02-13,ICICI Bank,-0.2120740882069816,DOWN,UP,0.5137505627438006,False
2026-02-13,ITC,1.3386493090139506,UP,UP,0.5026355302844416,True
2026-02-13,Infosys,-0.2556423973714583,DOWN,UP,0.7386957858718103,False
2026-02-13,M&M,-0.6707406981065089,DOWN,UP,0.5055818992527998,False
2026-02-13,Maruti Suzuki,-1.2207127387280914,DOWN,DOWN,0.38327583289144956,True
2026-02-13,NTPC,1.6804424527591344,UP,DOWN,0.4697583649953518,False
2026-02-13,ONGC,1.551979802247461,UP,UP,0.5491262362256506,True
2026-02-13,Reliance,1.2327416385575107,UP,DOWN,0.4904575876623299,False
2026-02-13,SBI,0.7925913727268252,UP,DOWN,0.41135587280501934,False
2026-02-13,Sun Pharma,0.1767304860088359,UP,DOWN,0.49161246409364734,False
2026-02-13,TCS,0.5348839887656442,UP,UP,0.7025944489175868,True
2026-02-13,Tata Steel,1.2944211918587856,UP,DOWN,0.46356471797546095,False
2026-02-13,Wipro,-0.3876882830829209,DOWN,UP,0.5643625432369939,False
2026-02-16,Axis Bank,-0.0809907691013522,DOWN,DOWN,0.4868706270985776,True
2026-02-16,Bharti Airtel,-0.4484071881572404,DOWN,DOWN,0.4980952433596239,True
2026-02-16,Dr Reddy's,1.2131734770661318,UP,UP,0.5066494682912799,True
2026-02-16,HCLTech,1.4228982120015,UP,UP,0.5221357673261102,True
2026-02-16,HDFC Bank,-0.0107988320647733,DOWN,UP,0.5018305908078953,False
2026-02-16,Hindustan Unilever,-0.2889155313443248,DOWN,DOWN,0.48454758345605986,True
2026-02-16,ICICI Bank,-0.2904488280566664,DOWN,UP,0.5036948828387627,False
2026-02-16,ITC,2.358861365640208,UP,UP,0.514360538505443,True
2026-02-16,Infosys,1.874632106298435,UP,UP,0.6017041146306812,True
2026-02-16,M&M,-0.5840955148646021,DOWN,DOWN,0.49383396199205615,True
2026-02-16,Maruti Suzuki,0.8504418311075623,UP,DOWN,0.38885743003026896,False
2026-02-16,NTPC,-0.1896538053253071,DOWN,DOWN,0.4429060420940961,True
2026-02-16,ONGC,0.110483639857728,UP,DOWN,0.44940836303491155,False
2026-02-16,Reliance,-0.9811408966302836,DOWN,DOWN,0.49338797196046924,True
2026-02-16,SBI,0.4387094557761539,UP,DOWN,0.36281746768716433,False
2026-02-16,Sun Pharma,0.9761820397493404,UP,DOWN,0.48545464695989193,False
2026-02-16,TCS,0.3990173759637505,UP,UP,0.5988434818383997,True
2026-02-16,Tata Steel,-1.3264640979172015,DOWN,DOWN,0.435068619295811,True
2026-02-16,Wipro,1.139457937335897,UP,UP,0.5702402541283642,True
2026-02-17,Axis Bank,1.45888959184155,UP,UP,0.500685424984952,True
2026-02-17,Bharti Airtel,0.0742463972551954,UP,DOWN,0.4666198301917053,False
2026-02-17,Dr Reddy's,-0.3502490526914648,DOWN,DOWN,0.4906226627606058,True
2026-02-17,HCLTech,-1.0387174334045346,DOWN,UP,0.5481360349625023,False
2026-02-17,HDFC Bank,-0.1080263570069295,DOWN,UP,0.5155697422289669,False
2026-02-17,Hindustan Unilever,0.4843640935591864,UP,DOWN,0.4803585113826635,False
2026-02-17,ICICI Bank,0.0497301010213169,UP,DOWN,0.49746644197485534,False
2026-02-17,ITC,2.15086794820798,UP,UP,0.5299145131880572,True
2026-02-17,Infosys,-1.2579068871630517,DOWN,UP,0.6398405375650544,False
2026-02-17,M&M,1.183653829132214,UP,DOWN,0.4772821126731752,False
2026-02-17,Maruti Suzuki,-0.0988207391791284,DOWN,DOWN,0.3983595293923087,True
2026-02-17,NTPC,0.0,DOWN,UP,0.5008849709376084,False
2026-02-17,ONGC,-2.6669118400679093,DOWN,DOWN,0.4669310889157013,True
2026-02-17,Reliance,1.286018891646168,UP,UP,0.5102883128913298,True
2026-02-17,SBI,0.4532717891328364,UP,DOWN,0.3836989639152078,False
2026-02-17,Sun Pharma,0.4251382523975611,UP,DOWN,0.4644332246349629,False
2026-02-17,TCS,-0.8279973801645357,DOWN,UP,0.659002879503582,False
2026-02-17,Tata Steel,2.9298783211515245,UP,DOWN,0.4583900601565972,False
2026-02-17,Wipro,-1.7339725767679282,DOWN,UP,0.5905567699768183,False
2026-02-18,Axis Bank,-1.4814832544707723,DOWN,DOWN,0.4966231505481181,True
2026-02-18,Bharti Airtel,-1.6421046809960815,DOWN,UP,0.5390911183461304,False
2026-02-18,Dr Reddy's,0.1562133815296462,UP,DOWN,0.4907868731031605,False
2026-02-18,HCLTech,-1.145033214075164,DOWN,UP,0.5199558882602164,False
2026-02-18,HDFC Bank,-0.98410689963917,DOWN,UP,0.5376027268133345,False
2026-02-18,Hindustan Unilever,-1.9023004593016977,DOWN,DOWN,0.4907629897371796,True
2026-02-18,ICICI Bank,-1.377638333789588,DOWN,UP,0.5124636568387917,False
2026-02-18,ITC,-1.940144975243541,DOWN,UP,0.5254679756309348,False
2026-02-18,Infosys,-0.2329439677962508,DOWN,UP,0.6011371606254877,False
2026-02-18,M&M,-2.795636628575981,DOWN,DOWN,0.4774280722452096,True
2026-02-18,Maruti Suzuki,-1.721181746241096,DOWN,DOWN,0.39531106498721386,True
2026-02-18,NTPC,-1.4115042821944757,DOWN,DOWN,0.4911505403960435,True
2026-02-18,ONGC,3.7981812400401216,UP,DOWN,0.48908022387858496,False
2026-02-18,Reliance,-2.206344810296834,DOWN,DOWN,0.49911217614884623,True
2026-02-18,SBI,-1.0829496248909276,DOWN,DOWN,0.43469644954339004,True
2026-02-18,Sun Pharma,-0.6379030297066768,DOWN,UP,0.5042168288069877,False
2026-02-18,TCS,-0.6308212036081562,DOWN,UP,0.5935268267337985,False
2026-02-18,Tata Steel,-1.7318065054431453,DOWN,DOWN,0.4630433991471054,True
2026-02-18,Wipro,-0.3491343453784989,DOWN,UP,0.5480899751153151,False
2026-02-19,Axis Bank,0.8624556577287334,UP,UP,0.5238724301204926,True
2026-02-19,Bharti Airtel,-0.5632078502150639,DOWN,DOWN,0.49792604321912637,True
2026-02-19,Dr Reddy's,-0.1481731530618701,DOWN,UP,0.5007090386287996,False
2026-02-19,HCLTech,-0.9583579826315748,DOWN,UP,0.5455242089946963,False
2026-02-19,HDFC Bank,-0.4095675076443927,DOWN,UP,0.5184081035237341,False
2026-02-19,Hindustan Unilever,1.5443316113634475,UP,UP,0.5020930076564362,True
2026-02-19,ICICI Bank,0.4104227370012481,UP,UP,0.5516634161733396,True
2026-02-19,ITC,0.3067484662576669,UP,UP,0.5681501898463556,True
2026-02-19,Infosys,-1.2623165872400532,DOWN,UP,0.5867186408273267,False
2026-02-19,M&M,-0.5536453094488469,DOWN,UP,0.5057346809447916,False
2026-02-19,Maruti Suzuki,0.4965443199355768,UP,DOWN,0.42028160976693235,False
2026-02-19,NTPC,2.6844712754145794,UP,DOWN,0.4575739739542748,False
2026-02-19,ONGC,1.456399085706006,UP,DOWN,0.4901120304061186,False
2026-02-19,Reliance,0.7023784614446527,UP,UP,0.5027113979293348,True
2026-02-19,SBI,0.8625715215426766,UP,DOWN,0.42223370624885953,False
2026-02-19,Sun Pharma,0.6419983566745779,UP,UP,0.5188160782884812,True
2026-02-19,TCS,0.3099461940627712,UP,UP,0.5968053672096832,True
2026-02-19,Tata Steel,1.436150574776729,UP,UP,0.5148812234920409,True
2026-02-19,Wipro,-0.6391771509881572,DOWN,UP,0.5454090567910026,False
2026-02-20,Axis Bank,1.3447271568475472,UP,DOWN,0.47985777462116097,False
2026-02-20,Bharti Airtel,1.006373225870627,UP,DOWN,0.4686713431115193,False
2026-02-20,Dr Reddy's,2.1087159860337934,UP,DOWN,0.4847452565594069,False
2026-02-20,HCLTech,-0.7170239351287799,DOWN,UP,0.543389443384147,False
2026-02-20,HDFC Bank,1.2885891664853766,UP,UP,0.5096958621038521,True
2026-02-20,Hindustan Unilever,1.3350573490494622,UP,DOWN,0.4866039661659201,False
2026-02-20,ICICI Bank,0.3513821738302169,UP,DOWN,0.4948056087030677,False
2026-02-20,ITC,-0.4892985026041629,DOWN,UP,0.5084417169921034,False
2026-02-20,Infosys,-1.8991983519966005,DOWN,UP,0.5867361821142816,False
2026-02-20,M&M,1.0050412663321184,UP,DOWN,0.481896713587553,False
2026-02-20,Maruti Suzuki,0.6343059357681868,UP,DOWN,0.3928898574851466,False
2026-02-20,NTPC,0.6703311216443186,UP,DOWN,0.46500414576523336,False
2026-02-20,ONGC,-1.076619438618931,DOWN,DOWN,0.4725834610685729,True
2026-02-20,Reliance,0.6058880821484758,UP,UP,0.5089268134177012,True
2026-02-20,SBI,0.962097975254883,UP,DOWN,0.3551056877450701,False
2026-02-20,Sun Pharma,0.4581317734988266,UP,DOWN,0.4908555433416218,False
2026-02-20,TCS,-0.3685467397701036,DOWN,UP,0.6236939487675217,False
2026-02-20,Tata Steel,-0.1055870704831596,DOWN,DOWN,0.42578011854770287,True
2026-02-20,Wipro,-1.891737924881776,DOWN,UP,0.5437303165407098,False
2026-02-23,Axis Bank,0.0649040488753138,UP,DOWN,0.49743692547425894,False
2026-02-23,Bharti Airtel,-2.818807763067843,DOWN,UP,0.5024503013290559,False
2026-02-23,Dr Reddy's,-0.5507169273164414,DOWN,DOWN,0.49682420720432163,True
2026-02-23,HCLTech,-6.100126418354879,DOWN,UP,0.5520984649929279,False
2026-02-23,HDFC Bank,-1.4183603218078211,DOWN,UP,0.5164389166818221,False
2026-02-23,Hindustan Unilever,0.5628121370393702,UP,DOWN,0.485213180012468,False
2026-02-23,ICICI Bank,-1.0433025104491178,DOWN,DOWN,0.49597883416569394,True
2026-02-23,ITC,-0.5838948777266428,DOWN,UP,0.502280395189338,False
2026-02-23,Infosys,-3.917137476459509,DOWN,UP,0.5873491669248194,False
2026-02-23,M&M,-0.403241742060989,DOWN,DOWN,0.47704442329297714,True
2026-02-23,Maruti Suzuki,-0.9686836518046692,DOWN,DOWN,0.43060520212661685,True
2026-02-23,NTPC,1.9443301519839415,UP,DOWN,0.47273492068663897,False
2026-02-23,ONGC,0.3083642743829884,UP,UP,0.505583504774526,True
2026-02-23,Reliance,0.0560258283000658,UP,DOWN,0.4902290646341501,False
2026-02-23,SBI,-0.3665091888777061,DOWN,DOWN,0.3668252487166665,True
2026-02-23,Sun Pharma,-0.0288633600361687,DOWN,DOWN,0.49893330908669903,True
2026-02-23,TCS,-3.8336545149777024,DOWN,UP,0.5926949050353455,False
2026-02-23,Tata Steel,0.4756440357774449,UP,DOWN,0.437424581021657,False
2026-02-23,Wipro,-2.792753420295113,DOWN,UP,0.5971021999700433,False
2026-02-24,Axis Bank,1.1098317011399184,UP,DOWN,0.4997848223142039,False
2026-02-24,Bharti Airtel,-1.4219461919596887,DOWN,UP,0.5249857926231221,False
2026-02-24,Dr Reddy's,0.4845446134993825,UP,DOWN,0.4940448675928537,False
2026-02-24,HCLTech,2.912186486108581,UP,UP,0.7792921261939983,True
2026-02-24,HDFC Bank,-0.3185089966021293,DOWN,UP,0.5246772681559235,False
2026-02-24,Hindustan Unilever,0.6910796240404249,UP,DOWN,0.4899800464923007,False
2026-02-24,ICICI Bank,1.1337341578779414,UP,UP,0.5035004965964336,True
2026-02-24,ITC,-1.1591962905718731,DOWN,DOWN,0.4959959654878012,True
2026-02-24,Infosys,1.1446472431154486,UP,UP,0.6529298248622245,True
2026-02-24,M&M,1.692301598583512,UP,DOWN,0.46999055920735816,False
2026-02-24,Maruti Suzuki,0.96475948010184,UP,DOWN,0.39796779044700464,False
2026-02-24,NTPC,0.5617227685132287,UP,DOWN,0.4642716210588517,False
2026-02-24,ONGC,0.3435848850022571,UP,DOWN,0.47045660678979706,False
2026-02-24,Reliance,-2.12066403923884,DOWN,DOWN,0.4917265001661019,True
2026-02-24,SBI,-1.8965153532375267,DOWN,DOWN,0.3935623210074873,True
2026-02-24,Sun Pharma,1.870880091825522,UP,DOWN,0.49038499262269275,False
2026-02-24,TCS,2.160317780281029,UP,UP,0.665731123543927,True
2026-02-24,Tata Steel,2.634722124127298,UP,DOWN,0.43236779089161625,False
2026-02-24,Wipro,0.8893768285825887,UP,UP,0.6316670820382465,True
2026-02-25,Axis Bank,-0.5345687811831756,DOWN,UP,0.523447894829101,False
2026-02-25,Bharti Airtel,0.8466578324015428,UP,UP,0.5083139382812895,True
2026-02-25,Dr Reddy's,0.9797205379353136,UP,UP,0.507400980919104,True
2026-02-25,HCLTech,-0.3410209939333275,DOWN,UP,0.541575126032678,False
2026-02-25,HDFC Bank,-0.9916262937523568,DOWN,UP,0.5147081474949321,False
2026-02-25,Hindustan Unilever,0.3537052856874112,UP,DOWN,0.48543968816916494,False
2026-02-25,ICICI Bank,0.3141752526999219,UP,UP,0.5091434216309302,True
2026-02-25,ITC,-0.4534830983678684,DOWN,DOWN,0.4997776783001739,True
2026-02-25,Infosys,-0.0775133725233856,DOWN,UP,0.646210556465869,False
2026-02-25,M&M,-0.1919041926552234,DOWN,DOWN,0.48311398134071054,True
2026-02-25,Maruti Suzuki,0.948905109489062,UP,DOWN,0.3788791495555472,False
2026-02-25,NTPC,-0.7794232391717948,DOWN,DOWN,0.47676653574460576,True
2026-02-25,ONGC,0.9551248080345908,UP,DOWN,0.49066343557119835,False
2026-02-25,Reliance,0.593496519708614,UP,DOWN,0.4953427613507733,False
2026-02-25,SBI,0.7832701112649332,UP,DOWN,0.45887443032752884,False
2026-02-25,Sun Pharma,1.2186827227672614,UP,UP,0.5263678367705742,True
2026-02-25,TCS,0.6998023048738977,UP,UP,0.5606458215848966,True
2026-02-25,Tata Steel,0.4099910945372986,UP,DOWN,0.4629364355903089,False
2026-02-25,Wipro,-0.4160045292729286,DOWN,UP,0.585639390519181,False
2026-02-26,Axis Bank,-0.8312415324928324,DOWN,DOWN,0.49886369784384593,True
2026-02-26,Bharti Airtel,-2.606754114543264,DOWN,DOWN,0.47444010889210525,True
2026-02-26,Dr Reddy's,-2.501326368426382,DOWN,UP,0.5005770518474388,False
2026-02-26,HCLTech,1.1357827146659891,UP,UP,0.5264507243559041,True
2026-02-26,HDFC Bank,-1.2074311017939543,DOWN,UP,0.5341716915227436,False
2026-02-26,Hindustan Unilever,-1.8965279337823997,DOWN,DOWN,0.4752193207719009,True
2026-02-26,ICICI Bank,-1.8506654956350843,DOWN,UP,0.5177475906797533,False
2026-02-26,ITC,-1.4765887118129983,DOWN,DOWN,0.4908505342027261,True
2026-02-26,Infosys,0.8533085259737172,UP,UP,0.5851680692618754,True
2026-02-26,M&M,-2.502444839255757,DOWN,DOWN,0.478692122618201,True
2026-02-26,Maruti Suzuki,-2.340103858542042,DOWN,DOWN,0.3685370449869768,True
2026-02-26,NTPC,0.0,DOWN,DOWN,0.44238077748474275,True
2026-02-26,ONGC,-0.1428039585035012,DOWN,DOWN,0.4386048857105592,True
2026-02-26,Reliance,-0.9169763979471224,DOWN,UP,0.5118042663455921,False
2026-02-26,SBI,-0.6448986215894958,DOWN,DOWN,0.40557597470669826,True
2026-02-26,Sun Pharma,-2.7272191579506666,DOWN,DOWN,0.4463413484035019,True
2026-02-26,TCS,-0.3890187339228634,DOWN,UP,0.5303281410848406,False
2026-02-26,Tata Steel,-1.4801421576502105,DOWN,DOWN,0.38523791781378797,True
2026-02-26,Wipro,-0.0596753113660253,DOWN,UP,0.5642630455652606,False
2026-02-27,Axis Bank,-0.8382090744487813,DOWN,UP,0.5131052316916054,False
2026-02-27,Bharti Airtel,-0.3245941306740163,DOWN,UP,0.5169231477129383,False
2026-02-27,Dr Reddy's,0.6297112087741086,UP,UP,0.5059793561615353,True
2026-02-27,HCLTech,-1.3030002090600237,DOWN,UP,0.5169912988750757,False
2026-02-27,HDFC Bank,-0.9405773681709362,DOWN,UP,0.5150951535592984,False
2026-02-27,Hindustan Unilever,-0.748470949449187,DOWN,UP,0.5306122401265314,False
2026-02-27,ICICI Bank,-0.3553574825806982,DOWN,UP,0.5095156734475978,False
2026-02-27,ITC,0.4145369157102729,UP,DOWN,0.4934000161001937,False
2026-02-27,Infosys,-0.8614684549030471,DOWN,UP,0.5506596446399747,False
2026-02-27,M&M,-1.857298384923556,DOWN,DOWN,0.4889203797128628,True
2026-02-27,Maruti Suzuki,-3.1567611227031,DOWN,DOWN,0.38984031152420706,True
2026-02-27,NTPC,-1.1390432503370684,DOWN,DOWN,0.44762680902684193,True
2026-02-27,ONGC,0.8938147625640935,UP,DOWN,0.44826808684703345,False
2026-02-27,Reliance,-2.575509275075405,DOWN,UP,0.5066321613780594,False
2026-02-27,SBI,-0.981936193498667,DOWN,DOWN,0.4900800339706849,True
2026-02-27,Sun Pharma,0.892343120322403,UP,DOWN,0.4977633188964626,False
2026-02-27,TCS,-0.9061918263707835,DOWN,UP,0.5379258738857483,False
2026-02-27,Tata Steel,-0.6216772537255388,DOWN,DOWN,0.43515317905553746,True
2026-02-27,Wipro,-1.189291057822961,DOWN,UP,0.5171269846395536,False
2026-03-02,Axis Bank,-1.5302775816362413,DOWN,DOWN,0.48781484662088453,True
2026-03-02,Bharti Airtel,1.745679804322564,UP,UP,0.5244827492951947,True
2026-03-02,Dr Reddy's,-0.2472244423539882,DOWN,UP,0.5495706575923811,False
2026-03-02,HCLTech,-0.5105762217359588,DOWN,UP,0.5214861717713026,False
2026-03-02,HDFC Bank,-1.222424346322104,DOWN,UP,0.5320058519423138,False
2026-03-02,Hindustan Unilever,-2.5553756068534383,DOWN,DOWN,0.49253196572759067,True
2026-03-02,ICICI Bank,-0.625907975686868,DOWN,DOWN,0.48076163498861035,True
2026-03-02,ITC,-0.9367995384664484,DOWN,DOWN,0.49547312722268505,True
2026-03-02,Infosys,1.435332426842817,UP,UP,0.5297796445835938,True
2026-03-02,M&M,-2.0993911458149106,DOWN,UP,0.5088141655317177,False
2026-03-02,Maruti Suzuki,-1.598554350847925,DOWN,DOWN,0.43597771469391877,True
2026-03-02,NTPC,-3.11217067405738,DOWN,DOWN,0.47027216907047326,True
2026-03-02,ONGC,-1.8603826268258403,DOWN,UP,0.5037307588407274,False
2026-03-02,Reliance,-0.9572901325478612,DOWN,UP,0.5421085449473999,False
2026-03-02,SBI,-1.2942284307999596,DOWN,DOWN,0.4782604481727987,True
2026-03-02,Sun Pharma,-0.1141226818830221,DOWN,DOWN,0.475655237119664,True
2026-03-02,TCS,-0.9833537850344354,DOWN,UP,0.5226767961613896,False
2026-03-02,Tata Steel,-6.767451377206846,DOWN,UP,0.5134205878634868,False
2026-03-02,Wipro,-1.5208763464111483,DOWN,UP,0.5435367494162352,False
2026-03-04,Axis Bank,-0.1628116008798641,DOWN,DOWN,0.4821030584365246,True
2026-03-04,Bharti Airtel,0.0577142332675917,UP,UP,0.5272297967531807,True
2026-03-04,Dr Reddy's,1.7270794355193295,UP,DOWN,0.4973063295677657,False
2026-03-04,HCLTech,-0.725808241500181,DOWN,UP,0.59341381507029,False
2026-03-04,HDFC Bank,1.047599761719442,UP,UP,0.5220931343984573,True
2026-03-04,Hindustan Unilever,-0.2786029581253402,DOWN,DOWN,0.49867364864469693,True
2026-03-04,ICICI Bank,-0.5712647347777988,DOWN,DOWN,0.4915081881319786,True
2026-03-04,ITC,-0.1442577943329581,DOWN,UP,0.5038617516308177,False
2026-03-04,Infosys,-0.1223784271118244,DOWN,UP,0.5474796336595124,False
2026-03-04,M&M,2.564101029925947,UP,DOWN,0.47377885910226125,False
2026-03-04,Maruti Suzuki,1.8152281395677368,UP,DOWN,0.39008499572276456,False
2026-03-04,NTPC,3.3488246060120463,UP,DOWN,0.4721750334979302,False
2026-03-04,ONGC,-0.2166477981835557,DOWN,UP,0.5671339021244118,False
2026-03-04,Reliance,3.301117056807623,UP,UP,0.5052287965176179,True
2026-03-04,SBI,-0.4257130693912314,DOWN,UP,0.5011088153178327,False
2026-03-04,Sun Pharma,1.942302199371615,UP,DOWN,0.4825046511150048,False
2026-03-04,TCS,-0.3477857574071707,DOWN,UP,0.5625807803677582,False
2026-03-04,Tata Steel,1.951919727583351,UP,UP,0.5512273238327439,True
2026-03-04,Wipro,0.0664738542545784,UP,UP,0.5784665265104972,True
2026-03-05,Axis Bank,-2.468306823840072,DOWN,DOWN,0.4955049510432866,True
2026-03-05,Bharti Airtel,-1.8982669728303647,DOWN,UP,0.520082144495432,False
2026-03-05,Dr Reddy's,-0.7384812464312884,DOWN,UP,0.5248132943986041,False
2026-03-05,HCLTech,0.1920076532615278,UP,UP,0.5296422392075284,True
2026-03-05,HDFC Bank,-2.358303868644973,DOWN,UP,0.5240327665854239,False
2026-03-05,Hindustan Unilever,-1.2993369768569796,DOWN,UP,0.5042580889569246,False
2026-03-05,ICICI Bank,-3.2557418950157517,DOWN,DOWN,0.49918127530254,True
2026-03-05,ITC,-0.5778451983848298,DOWN,UP,0.5031307113271631,False
2026-03-05,Infosys,0.1991097785813966,UP,UP,0.5686239149229306,True
2026-03-05,M&M,-0.462962962962965,DOWN,DOWN,0.48351137966783747,True
2026-03-05,Maruti Suzuki,-1.7759278529309697,DOWN,DOWN,0.475271035631462,True
2026-03-05,NTPC,0.6745188183799877,UP,DOWN,0.47465327105561556,False
2026-03-05,ONGC,0.9408380843464624,UP,UP,0.538715539573126,True
2026-03-05,Reliance,1.1083938493924306,UP,UP,0.5305946930396563,True
2026-03-05,SBI,-2.26592560923472,DOWN,UP,0.5075249393872832,False
2026-03-05,Sun Pharma,0.8349691462069098,UP,DOWN,0.4994574919008496,False
2026-03-05,TCS,-0.8220858837624467,DOWN,UP,0.5372731194397484,False
2026-03-05,Tata Steel,-1.052002060777102,DOWN,UP,0.5149620148199039,False
2026-03-05,Wipro,-0.1430901419547603,DOWN,UP,0.5294562018499491,False
2026-03-06,Axis Bank,-2.0899832025764065,DOWN,UP,0.5018969393720641,False
2026-03-06,Bharti Airtel,-0.2191627939510887,DOWN,UP,0.504065389570703,False
2026-03-06,Dr Reddy's,-1.288544884104359,DOWN,DOWN,0.4947423295970357,True
2026-03-06,HCLTech,0.1400475036813731,UP,UP,0.5352333059392841,True
2026-03-06,HDFC Bank,-1.907703846778075,DOWN,UP,0.5288678775418736,False
2026-03-06,Hindustan Unilever,-1.3973066539921697,DOWN,DOWN,0.4914813703514321,True
2026-03-06,ICICI Bank,-2.664839298721222,DOWN,UP,0.5215078437945359,False
2026-03-06,ITC,-1.1947084472692326,DOWN,UP,0.5069775970359832,False
2026-03-06,Infosys,0.5044310197787727,UP,UP,0.5269712426931412,True
2026-03-06,M&M,-4.348084091335336,DOWN,DOWN,0.4654965582911761,True
2026-03-06,Maruti Suzuki,-4.597782329260536,DOWN,DOWN,0.4198765436557002,True
2026-03-06,NTPC,-1.1429337976238796,DOWN,DOWN,0.4642317212096896,True
2026-03-06,ONGC,-2.9216791745517834,DOWN,DOWN,0.49211944133660024,True
2026-03-06,Reliance,1.3667390734995788,UP,UP,0.5359200640001723,True
2026-03-06,SBI,-3.8932633420822422,DOWN,UP,0.5170472917197869,False
2026-03-06,Sun Pharma,0.4445926359595953,UP,DOWN,0.46266593289238195,False
2026-03-06,TCS,-1.1808020863064206,DOWN,UP,0.5473278166992749,False
2026-03-06,Tata Steel,-3.753911092914741,DOWN,UP,0.5209572805205653,False
2026-03-06,Wipro,1.714435111646062,UP,UP,0.5555646107916284,True
2026-03-09,Axis Bank,2.049204482120759,UP,UP,0.5022732125047621,True
2026-03-09,Bharti Airtel,-0.873194792102483,DOWN,DOWN,0.4751195745360059,True
2026-03-09,Dr Reddy's,2.144520247547588,UP,DOWN,0.4907745267856337,False
2026-03-09,HCLTech,0.2134568280712567,UP,UP,0.5497135874681427,True
2026-03-09,HDFC Bank,1.0407993187759423,UP,UP,0.5721019077766141,True
2026-03-09,Hindustan Unilever,-0.2004987828568061,DOWN,DOWN,0.4759610645632627,True
2026-03-09,ICICI Bank,2.620463028804632,UP,UP,0.512763052876608,True
2026-03-09,ITC,0.996728036917882,UP,UP,0.5068018446681155,True
2026-03-09,Infosys,-1.475287027685357,DOWN,UP,0.5096341523567562,False
2026-03-09,M&M,3.328518329311048,UP,UP,0.5429089239026391,True
2026-03-09,Maruti Suzuki,2.6576843352087653,UP,DOWN,0.45559727952990386,False
2026-03-09,NTPC,0.2790665230481881,UP,DOWN,0.48648573417141816,False
2026-03-09,ONGC,-0.5908329608791174,DOWN,UP,0.6576893356024534,False
2026-03-09,Reliance,-1.0674123013957204,DOWN,UP,0.5203444849726456,False
2026-03-09,SBI,1.247150766670457,UP,UP,0.5402787652916328,True
2026-03-09,Sun Pharma,0.298773063025326,UP,DOWN,0.4564040773803679,False
2026-03-09,TCS,-0.5657911387208392,DOWN,UP,0.5359419963146533,False
2026-03-09,Tata Steel,2.08889880525136,UP,UP,0.5370419641079737,True
2026-03-09,Wipro,1.0968516607704482,UP,UP,0.5532478863486818,True
2026-03-10,Axis Bank,-4.480102269057573,DOWN,DOWN,0.4548477365505165,True
2026-03-10,Bharti Airtel,-2.34544011248623,DOWN,UP,0.5150052287013188,False
2026-03-10,Dr Reddy's,0.8291514237404485,UP,UP,0.5115110682123795,True
2026-03-10,HCLTech,-0.8226185216213766,DOWN,UP,0.5564116603797131,False
2026-03-10,HDFC Bank,-1.8247100803175045,DOWN,UP,0.5507926756077933,False
2026-03-10,Hindustan Unilever,-1.314950665244763,DOWN,DOWN,0.494726677835928,True
2026-03-10,ICICI Bank,-1.3187017688982672,DOWN,DOWN,0.4776429313200827,True
2026-03-10,ITC,-0.0161746626575642,DOWN,DOWN,0.4888747951877365,True
2026-03-10,Infosys,-1.4896516765588896,DOWN,UP,0.5526537142219025,False
2026-03-10,M&M,-3.810304577238377,DOWN,UP,0.525959334771696,False
2026-03-10,Maruti Suzuki,-2.668205091223763,DOWN,DOWN,0.44239402919790677,True
2026-03-10,NTPC,0.6891084515333379,UP,DOWN,0.49805572800449455,False
2026-03-10,ONGC,0.5757755284857557,UP,DOWN,0.4698502944322986,False
2026-03-10,Reliance,-1.3202794585166266,DOWN,UP,0.5290226572233019,False
2026-03-10,SBI,-1.897138690188338,DOWN,DOWN,0.49516203458458496,True
2026-03-10,Sun Pharma,0.7226376452497352,UP,DOWN,0.4677476726190402,False
2026-03-10,TCS,-1.91795763954854,DOWN,UP,0.5519243598651108,False
2026-03-10,Tata Steel,-0.1333305163261022,DOWN,UP,0.5214683107010762,False
2026-03-10,Wipro,0.6469930319737971,UP,UP,0.525123842342939,True
2026-03-11,Axis Bank,-1.6961337792590123,DOWN,UP,0.5437240481291753,False
2026-03-11,Bharti Airtel,-0.3154372535625338,DOWN,UP,0.5161558954653922,False
2026-03-11,Dr Reddy's,-0.4903809883063048,DOWN,DOWN,0.4904811986281283,True
2026-03-11,HCLTech,0.5776439662119381,UP,UP,0.5223745146729454,True
2026-03-11,HDFC Bank,-0.1438949804503764,DOWN,UP,0.5757474904331447,False
2026-03-11,Hindustan Unilever,-1.133524618624859,DOWN,UP,0.539499933148851,False
2026-03-11,ICICI Bank,-2.1705527665578206,DOWN,UP,0.516538197541644,False
2026-03-11,ITC,-1.585758542551574,DOWN,UP,0.5128222630359119,False
2026-03-11,Infosys,-0.822690558512551,DOWN,UP,0.5356146992671046,False
2026-03-11,M&M,-4.324222022329294,DOWN,UP,0.5822267339279421,False
2026-03-11,Maruti Suzuki,-3.600800177817298,DOWN,DOWN,0.41938290620713564,True
2026-03-11,NTPC,2.8033677461406725,UP,DOWN,0.4768604723475157,False
2026-03-11,ONGC,-0.0738733913319467,DOWN,DOWN,0.46709523401675207,True
2026-03-11,Reliance,0.1438641972555165,UP,UP,0.5110558998782951,True
2026-03-11,SBI,-0.5407409537237062,DOWN,DOWN,0.48693546753984673,True
2026-03-11,Sun Pharma,-0.0328591696103441,DOWN,DOWN,0.460348456586536,True
2026-03-11,TCS,-0.912815971902381,DOWN,UP,0.5602739608397674,False
2026-03-11,Tata Steel,-0.65215376226615,DOWN,UP,0.568382140554005,False
2026-03-11,Wipro,0.1384556125265446,UP,UP,0.5098113186927091,True
2026-03-12,Axis Bank,-3.013361779819768,DOWN,DOWN,0.4906798442690453,True
2026-03-12,Bharti Airtel,0.1165811096992763,UP,DOWN,0.4779088192491371,False
2026-03-12,Dr Reddy's,-2.0242571017342725,DOWN,DOWN,0.48905489412285014,True
2026-03-12,HCLTech,-2.407772016766807,DOWN,UP,0.522994911879799,False
2026-03-12,HDFC Bank,-1.8913239267487223,DOWN,UP,0.5440708435310234,False
2026-03-12,Hindustan Unilever,1.081009813838918,UP,UP,0.538765661736344,True
2026-03-12,ICICI Bank,-0.9238019085570426,DOWN,UP,0.506937784783844,False
2026-03-12,ITC,-0.8714218491604808,DOWN,UP,0.5505090338878816,False
2026-03-12,Infosys,-1.3825248321171602,DOWN,UP,0.5339231661208117,False
2026-03-12,M&M,-3.302317733177784,DOWN,UP,0.6120100446110431,False
2026-03-12,Maruti Suzuki,-3.2280378141572474,DOWN,DOWN,0.49153402600969287,True
2026-03-12,NTPC,-1.5618936823961982,DOWN,UP,0.5639350153336411,False
2026-03-12,ONGC,-2.384025866003292,DOWN,DOWN,0.4933965606351245,True
2026-03-12,Reliance,-0.8260307716804527,DOWN,UP,0.5116782987086637,False
2026-03-12,SBI,-3.5200841218822387,DOWN,UP,0.5216299450549378,False
2026-03-12,Sun Pharma,-1.2984206765021211,DOWN,DOWN,0.4755140140309616,True
2026-03-12,TCS,-1.3060884220122415,DOWN,UP,0.5588804166101651,False
2026-03-12,Tata Steel,-5.148088412169461,DOWN,UP,0.6013983371278215,False
2026-03-12,Wipro,-2.434444130911717,DOWN,UP,0.500849964259269,False
2026-03-13,Axis Bank,1.4532616415392718,UP,DOWN,0.49335752154415463,False
2026-03-13,Bharti Airtel,-0.8095805361143404,DOWN,DOWN,0.48500673739251793,True
2026-03-13,Dr Reddy's,-1.1916756041313703,DOWN,DOWN,0.4909460200134035,True
2026-03-13,HCLTech,0.2414328589807945,UP,UP,0.5160225658605896,True
2026-03-13,HDFC Bank,2.888613902807524,UP,UP,0.5515538335306842,True
2026-03-13,Hindustan Unilever,0.7268495912905015,UP,UP,0.5148669941590251,True
2026-03-13,ICICI Bank,1.4424589481679906,UP,DOWN,0.4777827732309617,False
2026-03-13,ITC,2.2557596674763536,UP,UP,0.5391032649907677,True
2026-03-13,Infosys,0.1201634175539867,UP,UP,0.5305677873899193,True
2026-03-13,M&M,3.582272747490256,UP,UP,0.6342721393334536,True
2026-03-13,Maruti Suzuki,1.318402033198307,UP,UP,0.5735577570258529,True
2026-03-13,NTPC,-0.5332340344530895,DOWN,UP,0.5310422421765341,False
2026-03-13,ONGC,-1.382049909932126,DOWN,UP,0.5125640161038904,False
2026-03-13,Reliance,1.0429510337738757,UP,UP,0.5067767783917625,True
2026-03-13,SBI,1.8815617165114595,UP,DOWN,0.4923351930985724,False
2026-03-13,Sun Pharma,-1.021315756183783,DOWN,UP,0.5004822638696363,False
2026-03-13,TCS,-0.0539327454107008,DOWN,UP,0.5848002730776727,False
2026-03-13,Tata Steel,1.8691123302510213,UP,UP,0.6575483235850732,True
2026-03-13,Wipro,-1.2501271372672207,DOWN,UP,0.5473205401144163,False
2026-03-16,Axis Bank,1.1031550961317471,UP,UP,0.5653915584411671,True
2026-03-16,Bharti Airtel,2.1355070510480134,UP,DOWN,0.48580992256497313,False
2026-03-16,Dr Reddy's,0.5403731131752965,UP,DOWN,0.4816300228486801,False
2026-03-16,HCLTech,-0.5645039995347267,DOWN,DOWN,0.487289427844329,True
2026-03-16,HDFC Bank,0.5650725836256365,UP,DOWN,0.4974002139336585,False
2026-03-16,Hindustan Unilever,-0.8043388515302508,DOWN,DOWN,0.4645421458738654,True
2026-03-16,ICICI Bank,1.2412543369292095,UP,UP,0.5551861009195957,True
2026-03-16,ITC,-1.1029988309762762,DOWN,UP,0.5257748296572612,False
2026-03-16,Infosys,-1.352218255224813,DOWN,DOWN,0.49650152692154376,True
2026-03-16,M&M,3.0565462831458667,UP,UP,0.581369807946149,True
2026-03-16,Maruti Suzuki,1.6853492200360476,UP,UP,0.5901027627523883,True
2026-03-16,NTPC,0.2484341585236471,UP,UP,0.5196733767551553,True
2026-03-16,ONGC,1.6509839091697565,UP,UP,0.5076878121452771,True
2026-03-16,Reliance,0.179198626890531,UP,DOWN,0.4838751292054075,False
2026-03-16,SBI,-0.1874941493906323,DOWN,DOWN,0.4912271762528972,True
2026-03-16,Sun Pharma,0.6280884672987597,UP,DOWN,0.4784143397062427,False
2026-03-16,TCS,-0.7263822162825395,DOWN,UP,0.561917932839218,False
2026-03-16,Tata Steel,4.5415588549786445,UP,UP,0.6189374045009974,True
2026-03-16,Wipro,-1.9424905306118732,DOWN,DOWN,0.49512179902904896,True
2026-03-17,Axis Bank,2.043805560207912,UP,UP,0.515209609901171,True
2026-03-17,Bharti Airtel,1.5544622010981168,UP,DOWN,0.4714360168013552,False
2026-03-17,Dr Reddy's,0.8568312495424113,UP,DOWN,0.4800537860177225,False
2026-03-17,HCLTech,2.732569544551411,UP,UP,0.5004424671812574,True
2026-03-17,HDFC Bank,-0.2720752184767638,DOWN,UP,0.5230850445524238,False
2026-03-17,Hindustan Unilever,-1.0610649088058643,DOWN,DOWN,0.4961988425697132,True
2026-03-17,ICICI Bank,0.0465661270262485,UP,UP,0.5090784726089989,True
2026-03-17,ITC,-0.2624301441789156,DOWN,UP,0.5251718373751595,False
2026-03-17,Infosys,2.773943587853256,UP,UP,0.5318975611022916,True
2026-03-17,M&M,2.738988078471438,UP,UP,0.5553850329338675,True
2026-03-17,Maruti Suzuki,0.5858772741288876,UP,DOWN,0.4752610390952063,False
2026-03-17,NTPC,-1.265163956253068,DOWN,DOWN,0.4892353149213009,True
2026-03-17,ONGC,0.0944287063267212,UP,DOWN,0.46628344198497973,False
2026-03-17,Reliance,0.7512879352761903,UP,DOWN,0.4972550844986807,False
2026-03-17,SBI,0.4790173654686924,UP,UP,0.5121040200315212,True
2026-03-17,Sun Pharma,-0.8972344720734604,DOWN,DOWN,0.4893900012766641,True
2026-03-17,TCS,2.0529371852097134,UP,UP,0.5964195371458183,True
2026-03-17,Tata Steel,-0.0102282220851956,DOWN,UP,0.6000584359859713,False
2026-03-17,Wipro,1.557597539963007,UP,UP,0.5246722173680416,True
2026-03-18,Axis Bank,-3.6865586476182983,DOWN,UP,0.5231831016163311,False
2026-03-18,Bharti Airtel,-1.5306685372622697,DOWN,DOWN,0.4906378855937324,True
2026-03-18,Dr Reddy's,-1.5678134123100929,DOWN,DOWN,0.4811313041122675,True
2026-03-18,HCLTech,-3.345115235566387,DOWN,DOWN,0.4922574021312232,True
2026-03-18,HDFC Bank,-5.319966340709026,DOWN,UP,0.5279958838372502,False
2026-03-18,Hindustan Unilever,-2.7162458986422555,DOWN,DOWN,0.48385686481285867,True
2026-03-18,ICICI Bank,-3.0404150901737204,DOWN,UP,0.5108539491885256,False
2026-03-18,ITC,-1.989800373578132,DOWN,UP,0.5079221158370695,False
2026-03-18,Infosys,-3.654007390885028,DOWN,UP,0.5348674163380326,False
2026-03-18,M&M,-5.263491263994647,DOWN,UP,0.5118663522886112,False
2026-03-18,Maruti Suzuki,-3.441140404659715,DOWN,DOWN,0.47070688958664403,True
2026-03-18,NTPC,-1.1756967521878936,DOWN,DOWN,0.4909777528460708,True
2026-03-18,ONGC,1.54717211453419,UP,DOWN,0.48798181256392287,False
2026-03-18,Reliance,-1.6547068504931262,DOWN,UP,0.5264268158054872,False
2026-03-18,SBI,-1.9536383866271767,DOWN,UP,0.5199707594957187,False
2026-03-18,Sun Pharma,-1.9063163405074524,DOWN,DOWN,0.49497614678822366,True
2026-03-18,TCS,-3.474272661901945,DOWN,UP,0.5082472778111883,False
2026-03-18,Tata Steel,-2.507552870090568,DOWN,UP,0.564158738691245,False
2026-03-18,Wipro,-3.031394388645248,DOWN,UP,0.5011485725326026,False
2026-03-19,Axis Bank,-0.2568331057114736,DOWN,DOWN,0.49757236891179246,True
2026-03-19,Bharti Airtel,1.0454283298268807,UP,DOWN,0.4992220835038905,False
2026-03-19,Dr Reddy's,1.914478180781676,UP,DOWN,0.48244321862298345,False
2026-03-19,HCLTech,1.669454301615092,UP,UP,0.54164518336611,True
2026-03-19,HDFC Bank,-2.223753411243512,DOWN,UP,0.613819014999708,False
2026-03-19,Hindustan Unilever,0.2599481161518424,UP,DOWN,0.49706597589653495,False
2026-03-19,ICICI Bank,-0.3759660238111806,DOWN,UP,0.5251588402568789,False
2026-03-19,ITC,0.6543665124265852,UP,UP,0.5077518517264382,True
2026-03-19,Infosys,2.875161712160046,UP,UP,0.5309211552843989,True
2026-03-19,M&M,0.6797201016710108,UP,UP,0.6051988781256608,True
2026-03-19,Maruti Suzuki,0.0158742757361718,UP,DOWN,0.4867878740227289,False
2026-03-19,NTPC,1.844679759188117,UP,DOWN,0.46308128856036407,False
2026-03-19,ONGC,-1.3749580539243689,DOWN,UP,0.5178593430501794,False
2026-03-19,Reliance,2.1374909403697906,UP,DOWN,0.49470332533478956,False
2026-03-19,SBI,0.8675732075629439,UP,UP,0.5315515393717991,True
2026-03-19,Sun Pharma,1.87456722736854,UP,DOWN,0.4827304818932267,False
2026-03-19,TCS,1.468594976920623,UP,UP,0.5604534835401135,True
2026-03-19,Tata Steel,3.285921970566364,UP,UP,0.5442674342334091,True
2026-03-19,Wipro,1.3215806942186603,UP,UP,0.5304690049769479,True
2026-03-20,Axis Bank,-2.766014465722111,DOWN,UP,0.5555636891478738,False
2026-03-20,Bharti Airtel,-2.7192433690348627,DOWN,DOWN,0.46959410869464,True
2026-03-20,Dr Reddy's,-3.5106609229996533,DOWN,UP,0.5532009207978278,False
2026-03-20,HCLTech,1.8669884775945,UP,UP,0.5485154457377587,True
2026-03-20,HDFC Bank,-4.65116115384715,DOWN,DOWN,0.49069994164932507,True
2026-03-20,Hindustan Unilever,-1.46444522567154,DOWN,DOWN,0.4848594269002635,True
2026-03-20,ICICI Bank,-1.822713409120691,DOWN,UP,0.5166229741155522,False
2026-03-20,ITC,-3.1671944035271182,DOWN,UP,0.5640581633562847,False
2026-03-20,Infosys,0.0716636990657271,UP,UP,0.5445742847991526,True
2026-03-20,M&M,-3.597405346043303,DOWN,UP,0.5825582813521925,False
2026-03-20,Maruti Suzuki,-1.9522260138084224,DOWN,UP,0.6105574014723508,False
2026-03-20,NTPC,-2.244393762061448,DOWN,DOWN,0.47021562471935197,True
2026-03-20,ONGC,0.0188463872257571,UP,UP,0.5122756161476082,True
2026-03-20,Reliance,-0.466627225114169,DOWN,DOWN,0.4906900855666338,True
2026-03-20,SBI,-2.466916406988417,DOWN,UP,0.5334261703830286,False
2026-03-20,Sun Pharma,-1.0522734471204551,DOWN,DOWN,0.47964260152141397,True
2026-03-20,TCS,-0.2844494499432026,DOWN,UP,0.5355708345504239,False
2026-03-20,Tata Steel,-4.8787954947761225,DOWN,UP,0.6162750838392527,False
2026-03-20,Wipro,-1.760084189512101,DOWN,UP,0.5123372167957139,False
2026-03-23,Axis Bank,1.8879186781868509,UP,DOWN,0.45724466125932706,False
2026-03-23,Bharti Airtel,0.3452280799371099,UP,UP,0.5049900581801957,True
2026-03-23,Dr Reddy's,0.5026670798986332,UP,UP,0.5015958299233684,True
2026-03-23,HCLTech,1.0820015829786644,UP,UP,0.5226380895143864,True
2026-03-23,HDFC Bank,2.788416222432888,UP,UP,0.5820085741319342,True
2026-03-23,Hindustan Unilever,1.598287184901026,UP,UP,0.5101029095731453,True
2026-03-23,ICICI Bank,2.330907102162283,UP,UP,0.5100995969507756,True
2026-03-23,ITC,0.2754304559638099,UP,UP,0.5530575977753183,True
2026-03-23,Infosys,1.7106937591263804,UP,UP,0.5060499283163583,True
2026-03-23,M&M,2.5542999781035025,UP,UP,0.5244466153885152,True
2026-03-23,Maruti Suzuki,0.8822339133953916,UP,UP,0.595804097701307,True
2026-03-23,NTPC,0.8458630365498987,UP,DOWN,0.49210319723796164,False
2026-03-23,ONGC,0.9794595842435694,UP,DOWN,0.49433420943759265,False
2026-03-23,Reliance,0.2841312587912981,UP,DOWN,0.49638145998695116,False
2026-03-23,SBI,-0.1065971082384709,DOWN,DOWN,0.49253131241181725,True
2026-03-23,Sun Pharma,-0.2900350042725264,DOWN,DOWN,0.48694561974741457,True
2026-03-23,TCS,0.6292474071964982,UP,UP,0.5265364021643801,True
2026-03-23,Tata Steel,1.9340680411397804,UP,UP,0.59575468051748,True
2026-03-23,Wipro,0.6398700277227887,UP,UP,0.5159142638286536,True
2026-03-24,Axis Bank,2.4649975364865018,UP,UP,0.5213569042055757,True
2026-03-24,Bharti Airtel,1.820101507823435,UP,DOWN,0.48835002363843616,False
2026-03-24,Dr Reddy's,3.2629387410728405,UP,DOWN,0.47931547699593824,False
2026-03-24,HCLTech,0.5825383904141335,UP,UP,0.5557615551918201,True
2026-03-24,HDFC Bank,2.274802304031187,UP,UP,0.5775936675464138,True
2026-03-24,Hindustan Unilever,2.388491550509597,UP,DOWN,0.48893925151847906,False
2026-03-24,ICICI Bank,0.679347852598533,UP,DOWN,0.48977520504364414,False
2026-03-24,ITC,1.5279011869635095,UP,UP,0.5208632162787611,True
2026-03-24,Infosys,0.0625773861579581,UP,UP,0.5220917789895896,True
2026-03-24,M&M,3.1933509474110666,UP,UP,0.5226625133527686,True
2026-03-24,Maruti Suzuki,1.981707317073167,UP,DOWN,0.49034408204612495,False
2026-03-24,NTPC,0.7588886156712382,UP,DOWN,0.4790009424259453,False
2026-03-24,ONGC,0.8020983070229137,UP,DOWN,0.47800777147996,False
2026-03-24,Reliance,0.0920758402644494,UP,UP,0.5044049101399071,True
2026-03-24,SBI,2.890951236536199,UP,UP,0.5513340323871907,True
2026-03-24,Sun Pharma,2.401184875006224,UP,DOWN,0.49232764995973155,False
2026-03-24,TCS,-0.8921188114378031,DOWN,UP,0.5321185398373296,False
2026-03-24,Tata Steel,3.0714402309156785,UP,UP,0.5632474135178887,True
2026-03-24,Wipro,0.1642458141207115,UP,UP,0.5058955222257187,True
2026-03-25,Axis Bank,-1.3828675846229157,DOWN,DOWN,0.4956435167184685,True
2026-03-25,Bharti Airtel,0.4904899384299721,UP,DOWN,0.48330148323844874,False
2026-03-25,Dr Reddy's,-1.460751957658013,DOWN,DOWN,0.4897089772503547,True
2026-03-25,HCLTech,-1.2234868469309212,DOWN,DOWN,0.49253183054101335,True
2026-03-25,HDFC Bank,-3.336312922561968,DOWN,UP,0.5089757533999539,False
2026-03-25,Hindustan Unilever,-2.829311649937938,DOWN,DOWN,0.4806842298192207,True
2026-03-25,ICICI Bank,-2.056037417454515,DOWN,DOWN,0.49803098558597614,True
2026-03-25,ITC,-0.3381805744735122,DOWN,UP,0.5032115591938352,False
2026-03-25,Infosys,-0.7348936434586784,DOWN,UP,0.5092971545048058,False
2026-03-25,M&M,-2.774848825750831,DOWN,UP,0.5396282974702196,False
2026-03-25,Maruti Suzuki,-2.5332389269136946,DOWN,DOWN,0.4944145459441411,True
2026-03-25,NTPC,-0.7267441977687472,DOWN,DOWN,0.46610909900422626,True
2026-03-25,ONGC,4.348630447506041,UP,DOWN,0.4811295001868412,False
2026-03-25,Reliance,-4.599816086830511,DOWN,UP,0.5064792965446966,False
2026-03-25,SBI,-3.8751627882351647,DOWN,UP,0.5105827603407689,False
2026-03-25,Sun Pharma,-0.1002589285756805,DOWN,DOWN,0.4754766423490747,True
2026-03-25,TCS,0.5215843776282814,UP,UP,0.5287082929869014,True
2026-03-25,Tata Steel,-1.744211941133755,DOWN,UP,0.5784813032283608,False
2026-03-25,Wipro,1.348851103197091,UP,DOWN,0.47752819035594046,False
2026-03-27,Axis Bank,-3.6425409991980175,DOWN,UP,0.5232652758729289,False
2026-03-27,Bharti Airtel,-3.335321827957727,DOWN,DOWN,0.45450139658110583,True
2026-03-27,Dr Reddy's,-2.090967291783774,DOWN,DOWN,0.49975140343695057,True
2026-03-27,HCLTech,-1.6710677528693596,DOWN,UP,0.5292142689598713,False
2026-03-27,HDFC Bank,-3.259722826784861,DOWN,UP,0.5353714765338031,False
2026-03-27,Hindustan Unilever,-0.925566528911903,DOWN,UP,0.5014329560821732,False
2026-03-27,ICICI Bank,-2.261308421941,DOWN,DOWN,0.4923546174867255,True
2026-03-27,ITC,-2.375296813724725,DOWN,UP,0.5110926275806226,False
2026-03-27,Infosys,-1.5042904875525176,DOWN,UP,0.534315619513959,False
2026-03-27,M&M,-2.8474697091994794,DOWN,UP,0.5463867835387363,False
2026-03-27,Maruti Suzuki,-0.6699491484381315,DOWN,UP,0.55946172941419,False
2026-03-27,NTPC,-1.3310262428429145,DOWN,UP,0.5160187895162611,False
2026-03-27,ONGC,0.9576100629747676,UP,UP,0.596390266665674,True
2026-03-27,Reliance,-0.3115459719557956,DOWN,UP,0.5875762445334329,False
2026-03-27,SBI,-3.93329824285803,DOWN,UP,0.5659587712444737,False
2026-03-27,Sun Pharma,-2.0294393905849195,DOWN,DOWN,0.4960173623542628,True
2026-03-27,TCS,-1.2930013328741552,DOWN,UP,0.5299890174584914,False
2026-03-27,Tata Steel,-0.703861195403932,DOWN,UP,0.5731684531067142,False
2026-03-27,Wipro,-2.066809283778248,DOWN,UP,0.5170620986269981,False
2026-03-30,Axis Bank,2.7383040920304857,UP,UP,0.5093196196121591,True
2026-03-30,Bharti Airtel,-0.0280520642477188,DOWN,UP,0.5221826152007015,False
2026-03-30,Dr Reddy's,-3.609853211157321,DOWN,DOWN,0.49829465649390575,True
2026-03-30,HCLTech,0.9540883319213432,UP,UP,0.5139245779812415,True
2026-03-30,HDFC Bank,1.462649495670476,UP,UP,0.5712167113762515,True
2026-03-30,Hindustan Unilever,0.4622421285375822,UP,DOWN,0.49646863974041433,False
2026-03-30,ICICI Bank,0.5638881018446451,UP,UP,0.5087108114130985,True
2026-03-30,ITC,1.3903370977689011,UP,UP,0.5336355933339514,True
2026-03-30,Infosys,2.007034709414368,UP,DOWN,0.4986988669491194,False
2026-03-30,M&M,2.599250350197657,UP,UP,0.5616534426660872,True
2026-03-30,Maruti Suzuki,1.6496018202502905,UP,UP,0.520832083988167,True
2026-03-30,NTPC,-1.6187778494003435,DOWN,DOWN,0.45869142857817585,True
2026-03-30,ONGC,1.19444720512476,UP,DOWN,0.4836226913823028,False
2026-03-30,Reliance,1.8825750649750228,UP,DOWN,0.47550551553260506,False
2026-03-30,SBI,3.920763980160169,UP,DOWN,0.4829213348217288,False
2026-03-30,Sun Pharma,-1.6332774851680942,DOWN,UP,0.5037865484047575,False
2026-03-30,TCS,2.089959339908476,UP,UP,0.522356043389816,True
2026-03-30,Tata Steel,1.4281275328090317,UP,UP,0.5422252202033959,True
2026-03-30,Wipro,1.8865877732080705,UP,UP,0.5172790592975103,True
2026-04-01,Axis Bank,0.4023174022585785,UP,UP,0.5166698932980829,True
2026-04-01,Bharti Airtel,0.4377308856245987,UP,UP,0.5125260547062479,True
2026-04-01,Dr Reddy's,0.636580141997567,UP,UP,0.574957357404784,True
2026-04-01,HCLTech,3.5292325676449687,UP,DOWN,0.498088285093197,False
2026-04-01,HDFC Bank,1.1653788365190376,UP,UP,0.6197429884096588,True
2026-04-01,Hindustan Unilever,0.0290646423423135,UP,DOWN,0.49314785417072327,False
2026-04-01,ICICI Bank,0.255636000748094,UP,UP,0.5095058376845859,True
2026-04-01,ITC,0.3942385493176381,UP,UP,0.5132877495945821,True
2026-04-01,Infosys,1.9675549593925143,UP,UP,0.5335739594217683,True
2026-04-01,M&M,-0.6531436195983842,DOWN,UP,0.5830639251076289,False
2026-04-01,Maruti Suzuki,0.9752977855943756,UP,UP,0.5008475539443402,True
2026-04-01,NTPC,-1.371177864716866,DOWN,UP,0.5696128796136736,False
2026-04-01,ONGC,-0.2950791952639808,DOWN,DOWN,0.4780317750313075,True
2026-04-01,Reliance,-1.3657575108639186,DOWN,UP,0.5405172643040335,False
2026-04-01,SBI,0.0589542767037043,UP,UP,0.5415813671286119,True
2026-04-01,Sun Pharma,-2.0190931104461907,DOWN,UP,0.5007630741001361,False
2026-04-01,TCS,1.7648036235246467,UP,UP,0.5486533095099124,True
2026-04-01,Tata Steel,-0.2363857653850498,DOWN,UP,0.5683356970012652,False
2026-04-01,Wipro,1.951046725194572,UP,UP,0.5298670723338784,True
2026-04-02,Axis Bank,3.9569265755084793,UP,UP,0.5586688745345277,True
2026-04-02,Bharti Airtel,0.173218849015444,UP,DOWN,0.4775775195330912,False
2026-04-02,Dr Reddy's,0.0410745075120511,UP,UP,0.5263815360379598,True
2026-04-02,HCLTech,0.0784551201368,UP,UP,0.5582895257723046,True
2026-04-02,HDFC Bank,2.676784516237274,UP,UP,0.603161046320445,True
2026-04-02,Hindustan Unilever,0.9441727370831376,UP,DOWN,0.48410067403118356,False
2026-04-02,ICICI Bank,1.2831037143791857,UP,UP,0.5046187124280102,True
2026-04-02,ITC,0.6829434721927319,UP,DOWN,0.4899776951169815,False
2026-04-02,Infosys,0.4151216283098113,UP,UP,0.5025404088020586,True
2026-04-02,M&M,0.3287228689738075,UP,UP,0.5317129541113659,True
2026-04-02,Maruti Suzuki,0.4512706832396462,UP,DOWN,0.4452137259862338,False
2026-04-02,NTPC,1.7934136845523474,UP,DOWN,0.467975328034539,False
2026-04-02,ONGC,-1.8628154164767263,DOWN,DOWN,0.48200340078574705,True
2026-04-02,Reliance,-3.3913401575805247,DOWN,UP,0.5106459097260915,False
2026-04-02,SBI,1.409070624698172,UP,UP,0.5497070677509862,True
2026-04-02,Sun Pharma,0.0590458204071442,UP,UP,0.5107107055808842,True
2026-04-02,TCS,0.9466663252994724,UP,DOWN,0.49635690444459746,False
2026-04-02,Tata Steel,1.009584176382594,UP,UP,0.5454109818308188,True
2026-04-02,Wipro,1.221071047820299,UP,UP,0.5086973888773335,True
2026-04-06,Axis Bank,0.3854433927252598,UP,UP,0.5449325950866261,True
2026-04-06,Bharti Airtel,2.0917000768999383,UP,UP,0.5006979374198989,True
2026-04-06,Dr Reddy's,-1.7819077329705555,DOWN,UP,0.5000816410803955,False
2026-04-06,HCLTech,2.7292756662979034,UP,UP,0.5245424311184004,True
2026-04-06,HDFC Bank,0.1297016861219191,UP,UP,0.586690666453843,True
2026-04-06,Hindustan Unilever,1.2375310928560035,UP,DOWN,0.459710361930835,False
2026-04-06,ICICI Bank,1.1450361626106575,UP,UP,0.5078968516251783,True
2026-04-06,ITC,1.2209618548394197,UP,DOWN,0.48871556199559163,False
2026-04-06,Infosys,2.541729787418956,UP,UP,0.508391171981404,True
2026-04-06,M&M,-0.496425718665916,DOWN,UP,0.5262812671941713,False
2026-04-06,Maruti Suzuki,0.866960907944514,UP,DOWN,0.44546757862588804,False
2026-04-06,NTPC,0.7511608724809493,UP,DOWN,0.45544804506636344,False
2026-04-06,ONGC,1.7030291605549364,UP,UP,0.5294991113552202,True
2026-04-06,Reliance,-0.0076627262726391,DOWN,UP,0.5827323879480656,False
2026-04-06,SBI,-0.2275454452614345,DOWN,UP,0.544775321858527,False
2026-04-06,Sun Pharma,1.380858299963772,UP,DOWN,0.4740312084281592,False
2026-04-06,TCS,2.6638162046064062,UP,UP,0.5442623011652148,True
2026-04-06,Tata Steel,1.0351854748160028,UP,UP,0.5170865014498113,True
2026-04-06,Wipro,3.7660338524085457,UP,UP,0.5235008117335278,True
2026-04-07,Axis Bank,6.631471564920743,UP,UP,0.5202302908265595,True
2026-04-07,Bharti Airtel,1.710098121772563,UP,DOWN,0.4902285337447982,False
2026-04-07,Dr Reddy's,-0.3929396595441448,DOWN,UP,0.513901140651494,False
2026-04-07,HCLTech,1.3457286863630458,UP,UP,0.5003719431369599,True
2026-04-07,HDFC Bank,5.712432070717299,UP,UP,0.5579311007186871,True
2026-04-07,Hindustan Unilever,1.6582961423562192,UP,UP,0.5036539403361683,True
2026-04-07,ICICI Bank,5.114407962414691,UP,UP,0.5049516047134445,True
2026-04-07,ITC,1.340257944846468,UP,UP,0.5164287807539284,True
2026-04-07,Infosys,0.5076845329151869,UP,UP,0.504192656169159,True
2026-04-07,M&M,6.768442539419706,UP,UP,0.5158550150114228,True
2026-04-07,Maruti Suzuki,6.2822315986873045,UP,DOWN,0.4087849790836139,False
2026-04-07,NTPC,1.4368951349512438,UP,DOWN,0.4680094467237846,False
2026-04-07,ONGC,-0.4011839947569151,DOWN,DOWN,0.475191219456898,True
2026-04-07,Reliance,3.3113654798885728,UP,UP,0.5117158140733487,True
2026-04-07,SBI,3.013385677612823,UP,UP,0.5589109820286376,True
2026-04-07,Sun Pharma,-0.1979059612376321,DOWN,DOWN,0.47547721736851856,True
2026-04-07,TCS,0.7638358126932587,UP,DOWN,0.48935233111432536,False
2026-04-07,Tata Steel,3.0535444626608177,UP,DOWN,0.4992783554507905,False
2026-04-07,Wipro,-0.6350151641296264,DOWN,UP,0.5558806661131168,False
2026-04-08,Axis Bank,-1.087771942985749,DOWN,DOWN,0.41095036986025374,True
2026-04-08,Bharti Airtel,-0.1181752901120658,DOWN,UP,0.5418536126223346,False
2026-04-08,Dr Reddy's,1.7206647288833254,UP,UP,0.5366289195061049,True
2026-04-08,HCLTech,0.266942122796876,UP,DOWN,0.4625657901334037,False
2026-04-08,HDFC Bank,-2.254621238739229,DOWN,UP,0.5273624510923323,False
2026-04-08,Hindustan Unilever,-0.57793372110303,DOWN,UP,0.506520450596604,False
2026-04-08,ICICI Bank,-2.131065030882151,DOWN,UP,0.5255541278587289,False
2026-04-08,ITC,0.1818441959897443,UP,UP,0.5160858921556145,True
2026-04-08,Infosys,-1.0845324703234516,DOWN,UP,0.5023781002888128,False
2026-04-08,M&M,-1.348869116565532,DOWN,DOWN,0.4804133895704779,True
2026-04-08,Maruti Suzuki,-0.0955741802676102,DOWN,UP,0.5497864372610912,False
2026-04-08,NTPC,1.2027261989599358,UP,UP,0.5060101614582386,True
2026-04-08,ONGC,1.0858164986044194,UP,UP,0.5756806980904123,True
2026-04-08,Reliance,-1.320674297615709,DOWN,UP,0.5889224227653698,False
2026-04-08,SBI,-1.931320452496832,DOWN,UP,0.5511329380902489,False
2026-04-08,Sun Pharma,0.1458066041990724,UP,DOWN,0.4944893605736423,False
2026-04-08,TCS,1.164428313406285,UP,DOWN,0.46275833640834285,False
2026-04-08,Tata Steel,0.4995613228768292,UP,UP,0.5344848171145283,True
2026-04-08,Wipro,-0.2703780634689678,DOWN,UP,0.5295003154457332,False
2026-04-09,Axis Bank,2.4497572110826704,UP,DOWN,0.4513672517643706,False
2026-04-09,Bharti Airtel,0.5700750482284134,UP,UP,0.5079667775128978,True
2026-04-09,Dr Reddy's,1.6750496203370655,UP,DOWN,0.4996505008417436,False
2026-04-09,HCLTech,-0.9352224052059376,DOWN,DOWN,0.4845579793075263,True
2026-04-09,HDFC Bank,1.5795380961668215,UP,UP,0.557589377669055,True
2026-04-09,Hindustan Unilever,1.0360068517772714,UP,UP,0.5367053030424399,True
2026-04-09,ICICI Bank,3.168654806738691,UP,UP,0.5603386768550253,True
2026-04-09,ITC,0.4125412541254203,UP,DOWN,0.49563563603149274,False
2026-04-09,Infosys,-2.936315432773462,DOWN,UP,0.5070217212563929,False
2026-04-09,M&M,2.936718408679284,UP,UP,0.5163921565093113,True
2026-04-09,Maruti Suzuki,0.8830671866951301,UP,DOWN,0.38074795579957976,False
2026-04-09,NTPC,0.3961442028730388,UP,DOWN,0.48887227340743095,False
2026-04-09,ONGC,-0.727652827132097,DOWN,DOWN,0.4641153345900842,True
2026-04-09,Reliance,1.518793321193601,UP,UP,0.5472210838638122,True
2026-04-09,SBI,2.4737020229465667,UP,UP,0.5557013618029931,True
2026-04-09,Sun Pharma,-3.6223837898926137,DOWN,DOWN,0.48880994312384457,True
2026-04-09,TCS,-2.499032490223063,DOWN,DOWN,0.46962426598572676,True
2026-04-09,Tata Steel,0.687136297796842,UP,UP,0.511373850046213,True
2026-04-09,Wipro,0.9907871119452238,UP,DOWN,0.4802599438653996,False
2026-04-10,Axis Bank,0.2072791424786668,UP,DOWN,0.3849563848305691,False
2026-04-10,Bharti Airtel,0.0481296478108239,UP,UP,0.5199431893391467,True
2026-04-10,Dr Reddy's,0.3002818851492783,UP,UP,0.5117044693234901,True
2026-04-10,HCLTech,-1.5022000752004327,DOWN,DOWN,0.49849918151191286,True
2026-04-10,HDFC Bank,-1.925209900154079,DOWN,UP,0.5744337838271197,False
2026-04-10,Hindustan Unilever,-1.3037673186862553,DOWN,DOWN,0.4812615012889667,True
2026-04-10,ICICI Bank,2.2089379402816745,UP,UP,0.5235100179091803,True
2026-04-10,ITC,-1.8405936248202528,DOWN,UP,0.5035151943247805,False
2026-04-10,Infosys,-1.2146964156189544,DOWN,DOWN,0.4922422750091893,True
2026-04-10,M&M,-1.2148014314708022,DOWN,DOWN,0.43950350251854037,True
2026-04-10,Maruti Suzuki,-4.617404624699106,DOWN,DOWN,0.3966019633212342,True
2026-04-10,NTPC,1.6046313827317027,UP,DOWN,0.49923104772839433,False
2026-04-10,ONGC,0.3664878858529619,UP,DOWN,0.47489671347704987,False
2026-04-10,Reliance,-2.599613157701075,DOWN,UP,0.5575473234461291,False
2026-04-10,SBI,-0.2952941303024814,DOWN,UP,0.5553580169123573,False
2026-04-10,Sun Pharma,-0.1631562754459081,DOWN,UP,0.5462743103952902,False
2026-04-10,TCS,-2.0480905665662075,DOWN,UP,0.5254339964019771,False
2026-04-10,Tata Steel,-0.106481399764402,DOWN,UP,0.5073672338149913,False
2026-04-10,Wipro,-0.932254791384768,DOWN,UP,0.5071983181418858,False
2026-04-13,Axis Bank,0.1403682364311542,UP,DOWN,0.45517941751726093,False
2026-04-13,Bharti Airtel,-0.8124471133591382,DOWN,DOWN,0.4798440981615133,True
2026-04-13,Dr Reddy's,-1.4645177788161878,DOWN,DOWN,0.4995203861664683,True
2026-04-13,HCLTech,1.532113057227602,UP,UP,0.5279816444558363,True
2026-04-13,HDFC Bank,1.9126729550208443,UP,UP,0.5268484513157258,True
2026-04-13,Hindustan Unilever,1.4291156065337152,UP,DOWN,0.4933950166775833,False
2026-04-13,ICICI Bank,-0.2220413036939761,DOWN,UP,0.5096862664848907,False
2026-04-13,ITC,1.1384543666399072,UP,UP,0.5048027810029017,True
2026-04-13,Infosys,2.232142771779966,UP,DOWN,0.4867159038916813,False
2026-04-13,M&M,1.1272607098486098,UP,DOWN,0.48278430010926704,False
2026-04-13,Maruti Suzuki,1.6289385133068324,UP,DOWN,0.40284498214446945,False
2026-04-13,NTPC,1.644014525182036,UP,DOWN,0.4949909861648614,False
2026-04-13,ONGC,0.0173946488159382,UP,DOWN,0.46253672298995613,False
2026-04-13,Reliance,2.2051555424202007,UP,UP,0.5606975428396608,True
2026-04-13,SBI,0.747491966234648,UP,UP,0.5343246387447799,True
2026-04-13,Sun Pharma,2.687327546679219,UP,UP,0.5163221724071633,True
2026-04-13,TCS,3.3284721118271854,UP,UP,0.5054029122764278,True
2026-04-13,Tata Steel,1.1289315557658552,UP,DOWN,0.49786858363741276,False
2026-04-13,Wipro,3.34039451077528,UP,DOWN,0.48716816915900124,False
2026-04-15,Axis Bank,-0.4352655414284423,DOWN,DOWN,0.4778752881252847,True
2026-04-15,Bharti Airtel,-0.8137078182494983,DOWN,UP,0.5050484238512057,False
2026-04-15,Dr Reddy's,0.2956130269005763,UP,UP,0.5371132239342253,True
2026-04-15,HCLTech,-0.0758008419512124,DOWN,UP,0.5117660789850227,False
2026-04-15,HDFC Bank,-1.784172338738399,DOWN,UP,0.5673945895823158,False
2026-04-15,Hindustan Unilever,-0.8574341473239655,DOWN,UP,0.514133201649854,False
2026-04-15,ICICI Bank,-0.1928622233530852,DOWN,UP,0.5262287501531655,False
2026-04-15,ITC,0.4469479086491201,UP,DOWN,0.4880713430439304,False
2026-04-15,Infosys,1.06488177612718,UP,UP,0.511834940431893,True
2026-04-15,M&M,-1.0502057783471463,DOWN,DOWN,0.44805234084767553,True
2026-04-15,Maruti Suzuki,0.3461509519151251,UP,DOWN,0.4082668544587584,False
2026-04-15,NTPC,-0.4584865722269571,DOWN,UP,0.5264241757008146,False
2026-04-15,ONGC,-1.6863720447105823,DOWN,DOWN,0.4724001887645439,True
2026-04-15,Reliance,-0.0595139329173655,DOWN,UP,0.5864507192686019,False
2026-04-15,SBI,-0.4059706566437282,DOWN,UP,0.5284238787590173,False
2026-04-15,Sun Pharma,-0.2062949457954155,DOWN,DOWN,0.47634257839397076,True
2026-04-15,TCS,0.8610904865516744,UP,UP,0.5228724547424103,True
2026-04-15,Tata Steel,0.9438487970398368,UP,DOWN,0.48672011956962197,False
2026-04-15,Wipro,0.2431439841887872,UP,UP,0.5008756253070199,True
2026-04-16,Axis Bank,0.7039122830359901,UP,UP,0.5043130014368767,True
2026-04-16,Bharti Airtel,0.3422823487824855,UP,DOWN,0.49573679839126167,False
2026-04-16,Dr Reddy's,1.170781600784121,UP,UP,0.5202483396795247,True
2026-04-16,HCLTech,-0.5447457322947935,DOWN,UP,0.5102933529381459,False
2026-04-16,HDFC Bank,0.5594332942034042,UP,UP,0.513608050285749,True
2026-04-16,Hindustan Unilever,4.754333435976399,UP,UP,0.5152348433267815,True
2026-04-16,ICICI Bank,0.0966219864827255,UP,UP,0.5104809329350385,True
2026-04-16,ITC,1.1206308387878172,UP,DOWN,0.4892062307804282,False
2026-04-16,Infosys,-0.0379017600444786,DOWN,DOWN,0.4967897531087019,True
2026-04-16,M&M,-0.6858485343190557,DOWN,UP,0.5240158334843786,False
2026-04-16,Maruti Suzuki,0.8848893888264042,UP,DOWN,0.40118768639789354,False
2026-04-16,NTPC,0.7164837251812273,UP,DOWN,0.4819861575036915,False
2026-04-16,ONGC,0.4597657976900926,UP,DOWN,0.48750125632135555,False
2026-04-16,Reliance,1.6154210067069965,UP,UP,0.5667140218693819,True
2026-04-16,SBI,1.2275664420408283,UP,DOWN,0.49918578806862046,False
2026-04-16,Sun Pharma,-1.039511891779843,DOWN,DOWN,0.49499018378638815,True
2026-04-16,TCS,0.1785128577197037,UP,DOWN,0.441305672950775,False
2026-04-16,Tata Steel,0.678718809251011,UP,DOWN,0.44994258906952345,False
2026-04-16,Wipro,-2.8250676960919097,DOWN,DOWN,0.4850364915881198,True
2026-04-17,Axis Bank,-0.3237454560445774,DOWN,DOWN,0.4891639629818756,True
2026-04-17,Bharti Airtel,-0.0433184697357424,DOWN,DOWN,0.48636536060273566,True
2026-04-17,Dr Reddy's,-0.2508679864393959,DOWN,DOWN,0.49243025358637654,True
2026-04-17,HCLTech,-0.9706718107217016,DOWN,UP,0.5141412079769185,False
2026-04-17,HDFC Bank,-0.5563210490324599,DOWN,UP,0.5189657125179503,False
2026-04-17,Hindustan Unilever,-0.41503251630991,DOWN,UP,0.5514121194905809,False
2026-04-17,ICICI Bank,0.6979434216630054,UP,UP,0.5044068495394871,True
2026-04-17,ITC,-0.5866974786789769,DOWN,DOWN,0.4918301828629429,True
2026-04-17,Infosys,-0.4625749459167494,DOWN,UP,0.5353219492681687,False
2026-04-17,M&M,0.6687127932908821,UP,DOWN,0.47959833377648464,False
2026-04-17,Maruti Suzuki,-0.0222998587675604,DOWN,DOWN,0.4233269904826051,True
2026-04-17,NTPC,1.1178846108369278,UP,DOWN,0.4593527304951424,False
2026-04-17,ONGC,-0.2464290510596045,DOWN,DOWN,0.4794946363025695,True
2026-04-17,Reliance,-0.1245385473901072,DOWN,UP,0.5566806409783701,False
2026-04-17,SBI,2.55496186863573,UP,DOWN,0.48736412641692617,False
2026-04-17,Sun Pharma,-0.4118188250708754,DOWN,UP,0.5077041435542766,False
2026-04-17,TCS,-0.073596836868095,DOWN,UP,0.5083129323855906,False
2026-04-17,Tata Steel,-0.1885696330812147,DOWN,DOWN,0.4567592699366104,True
2026-04-17,Wipro,-0.9005538032112348,DOWN,DOWN,0.4963797173740931,True
2026-04-20,Axis Bank,1.697792930464348,UP,DOWN,0.47063771569525414,False
2026-04-20,Bharti Airtel,0.4820987233498996,UP,DOWN,0.49926408257550237,False
2026-04-20,Dr Reddy's,-0.9735518609186756,DOWN,UP,0.5205533149842839,False
2026-04-20,HCLTech,0.9031647344921678,UP,UP,0.5094919495022473,True
2026-04-20,HDFC Bank,2.0491530005440906,UP,UP,0.506678891400799,True
2026-04-20,Hindustan Unilever,3.5491799763331944,UP,DOWN,0.45562509265613327,False
2026-04-20,ICICI Bank,2.3742865655144607,UP,DOWN,0.49305821758139956,False
2026-04-20,ITC,1.5245881627817592,UP,DOWN,0.494944583522264,False
2026-04-20,Infosys,0.0457089438592905,UP,UP,0.540576214355651,True
2026-04-20,M&M,0.7977387134601832,UP,DOWN,0.468697254960609,False
2026-04-20,Maruti Suzuki,0.0817843866171008,UP,DOWN,0.43367101367580885,False
2026-04-20,NTPC,-0.4522582394393737,DOWN,DOWN,0.45776910341076654,True
2026-04-20,ONGC,-0.0882301022109954,DOWN,UP,0.5069148997780163,False
2026-04-20,Reliance,-0.733514240580857,DOWN,UP,0.5322256323566875,False
2026-04-20,SBI,0.361059718206369,UP,UP,0.5573657336118817,True
2026-04-20,Sun Pharma,-0.2037651003122254,DOWN,UP,0.5222875456896775,False
2026-04-20,TCS,1.1978563022936983,UP,DOWN,0.4611128073149326,False
2026-04-20,Tata Steel,0.1369701891464458,UP,DOWN,0.46267061497501594,False
2026-04-20,Wipro,1.2495055475511665,UP,DOWN,0.49080198976435774,False
2026-04-21,Axis Bank,0.1379127880817732,UP,DOWN,0.4511183860268129,False
2026-04-21,Bharti Airtel,-1.401617250673859,DOWN,DOWN,0.47538900704366227,True
2026-04-21,Dr Reddy's,-0.2949349220009112,DOWN,UP,0.506536983375092,False
2026-04-21,HCLTech,-10.817368000670823,DOWN,DOWN,0.48712089522513213,True
2026-04-21,HDFC Bank,-1.459806046927936,DOWN,UP,0.5309700974424703,False
2026-04-21,Hindustan Unilever,2.5143938583105374,UP,DOWN,0.44122783426700124,False
2026-04-21,ICICI Bank,-1.4981308313433028,DOWN,DOWN,0.47196745799084944,True
2026-04-21,ITC,-1.3402208875456068,DOWN,DOWN,0.49660694895995317,True
2026-04-21,Infosys,-3.3962821538439214,DOWN,UP,0.5002184299271117,False
2026-04-21,M&M,-3.005576823474365,DOWN,DOWN,0.43914028633277885,True
2026-04-21,Maruti Suzuki,-0.921179704331032,DOWN,DOWN,0.39984687567837274,True
2026-04-21,NTPC,2.3220548727912904,UP,DOWN,0.45921751381690323,False
2026-04-21,ONGC,0.1942733243063488,UP,DOWN,0.4852352575913496,False
2026-04-21,Reliance,0.6502568861526781,UP,UP,0.5374979871822713,True
2026-04-21,SBI,-0.7689820520351054,DOWN,UP,0.5269424990276992,False
2026-04-21,Sun Pharma,0.2762489665588008,UP,UP,0.5038685314725545,True
2026-04-21,TCS,-2.758092319479022,DOWN,DOWN,0.4781466836350029,True
2026-04-21,Tata Steel,0.4811114093151936,UP,DOWN,0.47334408537320455,False
2026-04-21,Wipro,-0.4926562284271019,DOWN,UP,0.5041712177690852,False
2026-04-22,Axis Bank,-0.7248477947930376,DOWN,DOWN,0.4791199520240533,True
2026-04-22,Bharti Airtel,0.6670284949084282,UP,UP,0.5048301563774478,True
2026-04-22,Dr Reddy's,9.367296631059974,UP,DOWN,0.49678914178561323,False
2026-04-22,HCLTech,-0.5990876020901204,DOWN,UP,0.6798027906853635,False
2026-04-22,HDFC Bank,-1.9439990440699884,DOWN,UP,0.5543964781549865,False
2026-04-22,Hindustan Unilever,-0.1013233044115491,DOWN,DOWN,0.4138023347073854,True
2026-04-22,ICICI Bank,-1.4331658332722652,DOWN,UP,0.5384514101105041,False
2026-04-22,ITC,-0.0654704442000775,DOWN,UP,0.5148176707130616,False
2026-04-22,Infosys,-2.207157538929283,DOWN,UP,0.5182759678961716,False
2026-04-22,M&M,-3.238403707694437,DOWN,UP,0.5286909214171255,False
2026-04-22,Maruti Suzuki,-1.3271350378645907,DOWN,DOWN,0.39118986796481536,True
2026-04-22,NTPC,-0.7770088662824914,DOWN,DOWN,0.464463303637147,True
2026-04-22,ONGC,0.9166247697733,UP,DOWN,0.49940619541392967,False
2026-04-22,Reliance,-1.372876551431612,DOWN,UP,0.5264574286929379,False
2026-04-22,SBI,-0.8202708626486088,DOWN,DOWN,0.4955498565123048,True
2026-04-22,Sun Pharma,0.6168359358380116,UP,DOWN,0.4914604758433313,False
2026-04-22,TCS,-0.657866896666337,DOWN,UP,0.5258765283391529,False
2026-04-22,Tata Steel,-0.9951627138598208,DOWN,DOWN,0.4528320865153057,True
2026-04-22,Wipro,-0.6078458299823564,DOWN,DOWN,0.49607678921283355,True
2026-04-23,Axis Bank,-0.2701483088368261,DOWN,DOWN,0.4772265837604132,True
2026-04-23,Bharti Airtel,-1.4501385987372606,DOWN,DOWN,0.4720509329120106,True
2026-04-23,Dr Reddy's,-1.044329407517841,DOWN,DOWN,0.463359417227142,True
2026-04-23,HCLTech,-5.823420932670331,DOWN,DOWN,0.48629263218754837,True
2026-04-23,HDFC Bank,0.063747053683083,UP,UP,0.50749489441375,True
2026-04-23,Hindustan Unilever,-1.6522927285831712,DOWN,DOWN,0.45169585937538925,True
2026-04-23,ICICI Bank,-1.617214304757042,DOWN,UP,0.5377504429878254,False
2026-04-23,ITC,-1.211916749882802,DOWN,UP,0.5083893549286493,False
2026-04-23,Infosys,-6.932129751121597,DOWN,UP,0.5055140663797327,False
2026-04-23,M&M,-0.305149751521605,DOWN,DOWN,0.49219360377820287,True
2026-04-23,Maruti Suzuki,-0.8510638297872353,DOWN,DOWN,0.3843512533162324,True
2026-04-23,NTPC,-0.0994391290203511,DOWN,DOWN,0.45738992005817436,True
2026-04-23,ONGC,-0.5065544828056767,DOWN,DOWN,0.4773850757298462,True
2026-04-23,Reliance,-1.1612308547293335,DOWN,UP,0.5046922606986042,False
2026-04-23,SBI,0.625997311943105,UP,DOWN,0.4938360781723475,False
2026-04-23,Sun Pharma,-3.5533570644243677,DOWN,DOWN,0.4815400118531621,True
2026-04-23,TCS,-4.952817196685199,DOWN,UP,0.5293373921291016,False
2026-04-23,Tata Steel,-0.3982724021171946,DOWN,DOWN,0.48543967207386496,True
2026-04-23,Wipro,-1.6768563763054245,DOWN,DOWN,0.49929986493631245,True
2026-04-24,Axis Bank,-3.0529374402841647,DOWN,UP,0.5121010427663948,False
2026-04-24,Bharti Airtel,0.308623620057169,UP,DOWN,0.4944539973774969,False
2026-04-24,Dr Reddy's,1.3210860782471467,UP,DOWN,0.45280289993189843,False
2026-04-24,HCLTech,2.0777926375122435,UP,UP,0.7475221690537321,True
2026-04-24,HDFC Bank,0.6306953380913027,UP,DOWN,0.48713461528988394,False
2026-04-24,Hindustan Unilever,0.0429682455643565,UP,UP,0.5038463361699289,True
2026-04-24,ICICI Bank,-0.9123794323205648,DOWN,UP,0.5110677577896974,False
2026-04-24,ITC,0.7460212050618198,UP,DOWN,0.49914324737177623,False
2026-04-24,Infosys,1.3597846504560973,UP,UP,0.7143931496676105,True
2026-04-24,M&M,2.106371842318455,UP,DOWN,0.47855004111879823,False
2026-04-24,Maruti Suzuki,1.333537706928256,UP,DOWN,0.3749179796325491,False
2026-04-24,NTPC,2.0778912471547173,UP,DOWN,0.465896779813362,False
2026-04-24,ONGC,0.3862381146993776,UP,DOWN,0.4991814322686399,False
2026-04-24,Reliance,2.861876683431186,UP,UP,0.5164935531631957,True
2026-04-24,SBI,0.9762964524887564,UP,DOWN,0.4710155492429564,False
2026-04-24,Sun Pharma,6.979756472592902,UP,UP,0.5201993743429006,True
2026-04-24,TCS,2.115240409619279,UP,UP,0.6134558552036481,True
2026-04-24,Tata Steel,1.5233002507127669,UP,DOWN,0.4885709670650338,False
2026-04-24,Wipro,2.854134442208056,UP,UP,0.5429791937012954,True
2026-04-27,Axis Bank,-2.658205140449077,DOWN,UP,0.5458540426710788,False
2026-04-27,Bharti Airtel,1.3021302983402316,UP,UP,0.5102709484850401,True
2026-04-27,Dr Reddy's,1.5061802612167383,UP,DOWN,0.47830812217260593,False
2026-04-27,HCLTech,-2.6217189750864067,DOWN,UP,0.5589139440158994,False
2026-04-27,HDFC Bank,-0.917953926570636,DOWN,UP,0.5116583159464495,False
2026-04-27,Hindustan Unilever,-1.6664539799178255,DOWN,DOWN,0.46930865989217757,True
2026-04-27,ICICI Bank,-1.6817575524330608,DOWN,DOWN,0.49904918786647756,True
2026-04-27,ITC,0.1974678596225576,UP,UP,0.5050100069112757,True
2026-04-27,Infosys,-1.5551629909280162,DOWN,DOWN,0.4360345387870807,True
2026-04-27,M&M,-0.4609271898409095,DOWN,DOWN,0.4810071861318687,True
2026-04-27,Maruti Suzuki,-2.4958402662229595,DOWN,DOWN,0.4022843470293612,True
2026-04-27,NTPC,-0.8166762564172925,DOWN,DOWN,0.47807250370333565,True
2026-04-27,ONGC,5.386496755946157,UP,UP,0.511932195772928,True
2026-04-27,Reliance,1.691314596580784,UP,UP,0.6131602758821996,True
2026-04-27,SBI,-1.8482643530196463,DOWN,DOWN,0.4802671969026502,True
2026-04-27,Sun Pharma,0.7960801169959675,UP,UP,0.5341597260812081,True
2026-04-27,TCS,-0.1184893924114471,DOWN,UP,0.5023054578435734,False
2026-04-27,Tata Steel,0.8346221895428219,UP,UP,0.5046688652444242,True
2026-04-27,Wipro,-1.6922707481390464,DOWN,UP,0.5077012193425597,False
2026-04-28,Axis Bank,0.5740903346828974,UP,DOWN,0.4745704617961651,False
2026-04-28,Bharti Airtel,2.402642671908395,UP,DOWN,0.46349719375406684,False
2026-04-28,Dr Reddy's,-1.83079338585439,DOWN,DOWN,0.46087558158806274,True
2026-04-28,HCLTech,0.3511664859427332,UP,UP,0.5358072262270148,True
2026-04-28,HDFC Bank,-0.4536435816682838,DOWN,UP,0.5087849508794243,False
2026-04-28,Hindustan Unilever,1.08756944065298,UP,UP,0.5204182485869318,True
2026-04-28,ICICI Bank,-0.8513931888544879,DOWN,DOWN,0.48993928169535395,True
2026-04-28,ITC,3.875837516782421,UP,DOWN,0.4841429342339288,False
2026-04-28,Infosys,1.3366916708968946,UP,DOWN,0.489787181392104,False
2026-04-28,M&M,2.078946573674867,UP,UP,0.5153585914092754,True
2026-04-28,Maruti Suzuki,2.8312131554452336,UP,DOWN,0.41361057895073644,False
2026-04-28,NTPC,-1.364143597710732,DOWN,DOWN,0.4716585214657415,True
2026-04-28,ONGC,0.0331915391859727,UP,UP,0.5812119584114074,True
2026-04-28,Reliance,2.627978929973618,UP,UP,0.5299347797657971,True
2026-04-28,SBI,-0.4031910764402013,DOWN,DOWN,0.499256754716809,True
2026-04-28,Sun Pharma,1.7970526793500197,UP,UP,0.5165336938809746,True
2026-04-28,TCS,1.2271444594098124,UP,DOWN,0.48260473798968434,False
2026-04-28,Tata Steel,0.3859576002214426,UP,DOWN,0.49333635977050394,False
2026-04-28,Wipro,-0.4464774020727202,DOWN,UP,0.51822323653616,False
2026-04-29,Axis Bank,-2.1675389584042914,DOWN,UP,0.5116266444058915,False
2026-04-29,Bharti Airtel,-0.0688484071087902,DOWN,UP,0.5166668203874231,False
2026-04-29,Dr Reddy's,-0.5188768356673701,DOWN,UP,0.5253848615163095,False
2026-04-29,HCLTech,-0.0916493609971813,DOWN,UP,0.6563426837648197,False
2026-04-29,HDFC Bank,-0.9370972776596598,DOWN,UP,0.5005157148931966,False
2026-04-29,Hindustan Unilever,-2.743691785317426,DOWN,DOWN,0.45813661528546085,True
2026-04-29,ICICI Bank,-1.3739247139685773,DOWN,UP,0.5237150751749196,False
2026-04-29,ITC,-0.4268794003211451,DOWN,UP,0.5713742241116161,False
2026-04-29,Infosys,1.224843582708779,UP,UP,0.5322853947772117,True
2026-04-29,M&M,-1.7384147441325326,DOWN,DOWN,0.4939932333280968,True
2026-04-29,Maruti Suzuki,0.4299615297578718,UP,DOWN,0.4381178941280692,False
2026-04-29,NTPC,-0.5357572793133536,DOWN,DOWN,0.4483867039951863,True
2026-04-29,ONGC,-0.6138042936228438,DOWN,UP,0.5132276868813929,False
2026-04-29,Reliance,0.3788427333781152,UP,UP,0.5222958196269555,True
2026-04-29,SBI,-1.6974949698923547,DOWN,DOWN,0.49058128105557214,True
2026-04-29,Sun Pharma,1.6641422650711002,UP,UP,0.5075697043538147,True
2026-04-29,TCS,-0.032329124496333,DOWN,UP,0.5289185797580767,False
2026-04-29,Tata Steel,-2.0937577219875103,DOWN,DOWN,0.49517001326157073,True
2026-04-29,Wipro,-0.0149485650746017,DOWN,UP,0.5018357035456054,False
2026-04-30,Axis Bank,0.0,DOWN,UP,0.5422172976697535,False
2026-04-30,Bharti Airtel,0.0,DOWN,DOWN,0.481769746118756,True
2026-04-30,Dr Reddy's,0.0,DOWN,UP,0.5307335947173579,False
2026-04-30,HCLTech,0.0,DOWN,UP,0.6205686573156267,False
2026-04-30,HDFC Bank,0.0,DOWN,UP,0.5236428890687693,False
2026-04-30,Hindustan Unilever,0.0,DOWN,UP,0.593217488042241,False
2026-04-30,ICICI Bank,0.0,DOWN,DOWN,0.4967176219984978,True
2026-04-30,ITC,0.0,DOWN,UP,0.531929611504849,False
2026-04-30,Infosys,0.0,DOWN,UP,0.5156546831546497,False
2026-04-30,M&M,0.0,DOWN,UP,0.5282651775295533,False
2026-04-30,Maruti Suzuki,0.0,DOWN,DOWN,0.37513086560211734,True
2026-04-30,NTPC,0.0,DOWN,DOWN,0.4554612181537408,True
2026-04-30,ONGC,0.0,DOWN,UP,0.5470508557919067,False
2026-04-30,Reliance,0.0,DOWN,UP,0.5137404324517955,False
2026-04-30,SBI,0.0,DOWN,DOWN,0.48186725974092176,True
2026-04-30,Sun Pharma,0.0,DOWN,DOWN,0.49576565111390286,True
2026-04-30,TCS,0.0,DOWN,DOWN,0.49869695742048387,True
2026-04-30,Tata Steel,0.0,DOWN,UP,0.5006654393777039,False
2026-04-30,Wipro,0.0,DOWN,DOWN,0.4879043493492306,True
2026-05-01,Axis Bank,0.5361449575039812,UP,UP,0.5563714090262166,True
2026-05-01,Bharti Airtel,-3.1640911435881547,DOWN,UP,0.6402643157521415,False
2026-05-01,Dr Reddy's,-2.698622162169795,DOWN,UP,0.6068628199957007,False
2026-05-01,HCLTech,0.11675627075034,UP,UP,0.6024225636806932,True
2026-05-01,HDFC Bank,0.9977986374536396,UP,UP,0.5707679193794357,True
2026-05-01,Hindustan Unilever,2.59452436883425,UP,UP,0.5852685017993322,True
2026-05-01,ICICI Bank,0.5857229912192174,UP,UP,0.5599562429305394,True
2026-05-01,ITC,-1.2067284428776135,DOWN,UP,0.6640587374993991,False
2026-05-01,Infosys,-1.133865616890939,DOWN,UP,0.5633672297392693,False
2026-05-01,M&M,0.2905569007263908,UP,UP,0.5875225076212616,True
2026-05-01,Maruti Suzuki,1.9978969505783484,UP,DOWN,0.4983111066963673,False
2026-05-01,NTPC,0.2254776174988038,UP,UP,0.6332906686527502,True
2026-05-01,ONGC,-2.219994714565121,DOWN,UP,0.6291346569749934,False
2026-05-01,Reliance,2.2574731377921875,UP,UP,0.6349159998431811,True
2026-05-01,SBI,-0.0046728213855762,DOWN,UP,0.5888957835896953,False
2026-05-01,Sun Pharma,0.8405657668220101,UP,UP,0.6138669053072862,True
2026-05-01,TCS,-1.7219715913027178,DOWN,UP,0.586246599905961,False
2026-05-01,Tata Steel,0.4163535580390176,UP,UP,0.628992125096313,True
2026-05-01,Wipro,0.0498410698019702,UP,UP,0.5923248663502484,True
2026-05-05,Axis Bank,2.738747426949195,UP,UP,0.5187147520133583,True
2026-05-05,Bharti Airtel,1.5281532561332245,UP,DOWN,0.48633713216916646,False
2026-05-05,Dr Reddy's,3.1309038984334903,UP,UP,0.5429553238519974,True
2026-05-05,HCLTech,-0.924843862483038,DOWN,UP,0.6101720307117626,False
2026-05-05,HDFC Bank,3.1399715632911107,UP,UP,0.5230076385354517,True
2026-05-05,Hindustan Unilever,-0.4425455495262298,DOWN,DOWN,0.4985036233438665,True
2026-05-05,ICICI Bank,2.253652207420997,UP,UP,0.549059776396714,True
2026-05-05,ITC,-0.2408091092003017,DOWN,UP,0.5213975995441344,False
2026-05-05,Infosys,-0.9252206637761162,DOWN,UP,0.605003678084249,False
2026-05-05,M&M,2.8030396982474226,UP,DOWN,0.49334950710944175,False
2026-05-05,Maruti Suzuki,2.204677491434537,UP,DOWN,0.3648218464042687,False
2026-05-05,NTPC,-0.9532140602403928,DOWN,DOWN,0.45366696303904963,True
2026-05-05,ONGC,-3.155724790081804,DOWN,DOWN,0.48463594719898195,True
2026-05-05,Reliance,-1.7559409401866288,DOWN,DOWN,0.4862277970062903,True
2026-05-05,SBI,3.4059793145013284,UP,DOWN,0.47833603020668153,False
2026-05-05,Sun Pharma,1.6146694615189583,UP,UP,0.50923469514229,True
2026-05-05,TCS,0.3336980741023509,UP,UP,0.5079352883972598,True
2026-05-05,Tata Steel,1.963843343104399,UP,UP,0.5059753432354893,True
2026-05-05,Wipro,-0.3303652348293884,DOWN,UP,0.5107500196094189,False
2026-05-06,Axis Bank,-0.115901719718181,DOWN,UP,0.5041491679857044,False
2026-05-06,Bharti Airtel,-0.3871939671155178,DOWN,DOWN,0.481826207753598,True
2026-05-06,Dr Reddy's,-0.2593458744517551,DOWN,UP,0.5496782717753882,False
2026-05-06,HCLTech,-0.4793500369105863,DOWN,UP,0.563209319414075,False
2026-05-06,HDFC Bank,-0.0627706995998345,DOWN,UP,0.5182724050434694,False
2026-05-06,Hindustan Unilever,-1.9377732765965328,DOWN,UP,0.5288480588929538,False
2026-05-06,ICICI Bank,-0.0390777647518603,DOWN,UP,0.5096679269110482,False
2026-05-06,ITC,-1.062123650110436,DOWN,UP,0.5153050617894886,False
2026-05-06,Infosys,-0.3855380558816845,DOWN,UP,0.5928343082816881,False
2026-05-06,M&M,2.1176654541242623,UP,DOWN,0.4534498693667437,False
2026-05-06,Maruti Suzuki,0.3498032356799241,UP,DOWN,0.4431708126740481,False
2026-05-06,NTPC,1.39293400404763,UP,DOWN,0.48416191685418186,False
2026-05-06,ONGC,1.1039908255983333,UP,UP,0.517353346059996,True
2026-05-06,Reliance,-0.118233063030948,DOWN,UP,0.5427542532861962,False
2026-05-06,SBI,-0.3649635036496401,DOWN,DOWN,0.4858906635101565,True
2026-05-06,Sun Pharma,-0.8539577977939694,DOWN,DOWN,0.4552385077592005,True
2026-05-06,TCS,-1.3960746227869802,DOWN,UP,0.5003344153366656,False
2026-05-06,Tata Steel,0.7518425339999801,UP,UP,0.5162556956353254,True
2026-05-06,Wipro,-0.8838863750474157,DOWN,UP,0.5085603781390752,False
2026-05-07,Axis Bank,-1.887514757127573,DOWN,UP,0.508820866875194,False
2026-05-07,Bharti Airtel,0.4324988787722139,UP,DOWN,0.49407841391736196,False
2026-05-07,Dr Reddy's,-1.0477173009838858,DOWN,UP,0.5074817947628517,False
2026-05-07,HCLTech,1.2675341972742338,UP,UP,0.566803274842703,True
2026-05-07,HDFC Bank,-1.909429362491788,DOWN,UP,0.5212807509794725,False
2026-05-07,Hindustan Unilever,0.6821582753756328,UP,UP,0.5155407451092192,True
2026-05-07,ICICI Bank,-1.1102385591770902,DOWN,UP,0.5207968735518759,False
2026-05-07,ITC,0.0162714090891302,UP,UP,0.5181240967987453,True
2026-05-07,Infosys,1.4191107502300904,UP,UP,0.5300932522823082,True
2026-05-07,M&M,-1.1955988195898049,DOWN,DOWN,0.4320399064014374,True
2026-05-07,Maruti Suzuki,-0.3195352214960034,DOWN,DOWN,0.40302072006352485,True
2026-05-07,NTPC,0.449603538285781,UP,DOWN,0.4783313412547858,False
2026-05-07,ONGC,-1.6555060903477248,DOWN,DOWN,0.4895501880406407,True
2026-05-07,Reliance,-0.0696281878567184,DOWN,UP,0.5123153615980559,False
2026-05-07,SBI,-6.657510275369161,DOWN,DOWN,0.49654005138681584,True
2026-05-07,Sun Pharma,0.7359354459402612,UP,UP,0.5112985983015258,True
2026-05-07,TCS,-0.2914966388217199,DOWN,UP,0.5319509434657206,False
2026-05-07,Tata Steel,-1.197655759632421,DOWN,DOWN,0.476405096985302,True
2026-05-07,Wipro,0.2786801023797913,UP,DOWN,0.49289246064684494,False
2026-05-08,Axis Bank,0.3153827837266032,UP,DOWN,0.49985984954960355,False
2026-05-08,Bharti Airtel,-4.07195154929817,DOWN,UP,0.5101115083122658,False
2026-05-08,Dr Reddy's,-1.0820001341556362,DOWN,UP,0.5056802006750251,False
2026-05-08,HCLTech,-0.2920560688165263,DOWN,UP,0.5217021829728288,False
2026-05-08,HDFC Bank,-2.202721612300551,DOWN,UP,0.5207298938434068,False
2026-05-08,Hindustan Unilever,0.8523845091665594,UP,UP,0.5245754574109662,True
2026-05-08,ICICI Bank,0.1265002786345448,UP,UP,0.5073851416863592,True
2026-05-08,ITC,-0.5204117872788405,DOWN,UP,0.5122940675007452,False
2026-05-08,Infosys,-0.1865630311202681,DOWN,UP,0.5416968926829016,False
2026-05-08,M&M,-2.537232839231518,DOWN,DOWN,0.4704763169599764,True
2026-05-08,Maruti Suzuki,-1.7703628150954387,DOWN,DOWN,0.38165410858921883,True
2026-05-08,NTPC,-2.287699074744032,DOWN,DOWN,0.47262129659014535,True
2026-05-08,ONGC,0.6446947400682967,UP,UP,0.5320183712390122,True
2026-05-08,Reliance,-3.274805016654536,DOWN,UP,0.5270354856056917,False
2026-05-08,SBI,-4.483470298668668,DOWN,UP,0.754683036649225,False
2026-05-08,Sun Pharma,1.3420599832329128,UP,DOWN,0.43299612401812076,False
2026-05-08,TCS,-0.062646176961989,DOWN,DOWN,0.49336580083829185,True
2026-05-08,Tata Steel,-1.1235971841989656,DOWN,DOWN,0.487761921708224,True
2026-05-08,Wipro,-0.6215001584397029,DOWN,DOWN,0.4902783449444212,True
2026-05-11,Axis Bank,-0.9588990626404948,DOWN,DOWN,0.47801019995283867,True
2026-05-11,Bharti Airtel,-0.1704739127605825,DOWN,UP,0.5202401351392976,False
2026-05-11,Dr Reddy's,-0.7734998222689082,DOWN,UP,0.5129510976471607,False
2026-05-11,HCLTech,-4.109128344023127,DOWN,UP,0.5425651502809743,False
2026-05-11,HDFC Bank,-1.728542105025066,DOWN,UP,0.5209474975212087,False
2026-05-11,Hindustan Unilever,-1.959082529839562,DOWN,UP,0.5053261994932178,False
2026-05-11,ICICI Bank,-2.060958234584165,DOWN,UP,0.5067619799212756,False
2026-05-11,ITC,-1.6838299145697455,DOWN,UP,0.5034864677718156,False
2026-05-11,Infosys,-3.1180927078908294,DOWN,UP,0.523947237977975,False
2026-05-11,M&M,-2.1534829922906007,DOWN,UP,0.5138031271472338,False
2026-05-11,Maruti Suzuki,-2.3066083215901534,DOWN,DOWN,0.3473089440506343,True
2026-05-11,NTPC,-0.0636213238920269,DOWN,DOWN,0.4983217422871695,True
2026-05-11,ONGC,4.804270462633453,UP,UP,0.5126098230417159,True
2026-05-11,Reliance,-1.743261203218327,DOWN,UP,0.5285226958178807,False
2026-05-11,SBI,0.1027115884424834,UP,UP,0.5376524238550318,True
2026-05-11,Sun Pharma,-1.4417686070373523,DOWN,DOWN,0.4359637585738714,True
2026-05-11,TCS,-3.869775473053727,DOWN,DOWN,0.48956621004500744,True
2026-05-11,Tata Steel,-0.0377224775386486,DOWN,DOWN,0.48742264217937786,True
2026-05-11,Wipro,-3.6150018386888023,DOWN,UP,0.5056916548925189,False
2026-05-12,Axis Bank,-0.349180580851649,DOWN,UP,0.5025353807640351,False
2026-05-12,Bharti Airtel,1.8442566850656927,UP,DOWN,0.4746775193684729,False
2026-05-12,Dr Reddy's,-0.3700748954232336,DOWN,UP,0.5135945823873481,False
2026-05-12,HCLTech,-0.2269242053977271,DOWN,UP,0.5163826230528844,False
2026-05-12,HDFC Bank,-0.1132702521509543,DOWN,UP,0.5099709058825812,False
2026-05-12,Hindustan Unilever,0.2343080825873089,UP,UP,0.5348990635597544,True
2026-05-12,ICICI Bank,-0.3789464691731914,DOWN,UP,0.5173957678025883,False
2026-05-12,ITC,1.2470900724201206,UP,DOWN,0.49313550414527024,False
2026-05-12,Infosys,-1.508381347511456,DOWN,UP,0.5139281412374035,False
2026-05-12,M&M,-2.0214090419356068,DOWN,UP,0.5256053921296255,False
2026-05-12,Maruti Suzuki,-0.5238384451867639,DOWN,DOWN,0.3545311945287362,True
2026-05-12,NTPC,-0.572956437499117,DOWN,DOWN,0.4561509017353464,True
2026-05-12,ONGC,0.8998281482120118,UP,UP,0.5593348833567444,True
2026-05-12,Reliance,-0.3812280917796951,DOWN,DOWN,0.47881432838182925,True
2026-05-12,SBI,-0.4617278999308971,DOWN,UP,0.5228027944683179,False
2026-05-12,Sun Pharma,-1.132356444528282,DOWN,UP,0.5033953246997306,False
2026-05-12,TCS,-1.195496214244296,DOWN,UP,0.5297277642386443,False
2026-05-12,Tata Steel,3.594337319428065,UP,UP,0.5021614762227959,True
2026-05-12,Wipro,-0.9336942575698282,DOWN,UP,0.5883990320523792,False
2026-05-13,Axis Bank,-0.0875986006777296,DOWN,DOWN,0.49405884094093816,True
2026-05-13,Bharti Airtel,5.270514833535578,UP,DOWN,0.4702134957383742,False
2026-05-13,Dr Reddy's,3.0269442250701277,UP,UP,0.6129028846895462,True
2026-05-13,HCLTech,-1.6794919517091889,DOWN,UP,0.526696981221913,False
2026-05-13,HDFC Bank,2.661421138846354,UP,UP,0.5058193206495728,True
2026-05-13,Hindustan Unilever,-0.8203633068267102,DOWN,UP,0.5012068284347255,False
2026-05-13,ICICI Bank,0.8416983343764395,UP,UP,0.5060649456919041,True
2026-05-13,ITC,0.9032681523198473,UP,DOWN,0.4809661294143452,False
2026-05-13,Infosys,-2.5020012640706635,DOWN,UP,0.5241010298193131,False
2026-05-13,M&M,1.9956248004755703,UP,DOWN,0.49735464124283707,False
2026-05-13,Maruti Suzuki,-0.2136915210257162,DOWN,DOWN,0.324442699799776,True
2026-05-13,NTPC,1.4982649258659997,UP,DOWN,0.4590887381174842,False
2026-05-13,ONGC,1.2619889204192214,UP,UP,0.5414085383348625,True
2026-05-13,Reliance,0.2207830359284512,UP,DOWN,0.4929638587597281,False
2026-05-13,SBI,1.0102101922232931,UP,UP,0.5609781612744466,True
2026-05-13,Sun Pharma,2.1043347937441226,UP,UP,0.506671113135766,True
2026-05-13,TCS,-1.1791643898434123,DOWN,UP,0.530164792351588,False
2026-05-13,Tata Steel,0.6875556867302901,UP,UP,0.500591955451924,True
2026-05-13,Wipro,0.2662406772497183,UP,UP,0.5094095671959735,True
2026-05-14,Axis Bank,-0.7811196356221517,DOWN,DOWN,0.4873923500914338,True
2026-05-14,Bharti Airtel,1.1627302582459589,UP,DOWN,0.4761961256206554,False
2026-05-14,Dr Reddy's,2.5391206049278914,UP,UP,0.5429393799351345,True
2026-05-14,HCLTech,0.7651223830905218,UP,UP,0.5388493171243219,True
2026-05-14,HDFC Bank,-0.2663878663487495,DOWN,UP,0.5369586758403755,False
2026-05-14,Hindustan Unilever,1.0450482727921706,UP,UP,0.5062304889993711,True
2026-05-14,ICICI Bank,-0.1203852327447796,DOWN,DOWN,0.4886566123521714,True
2026-05-14,ITC,0.7324218458961695,UP,DOWN,0.4789617420996074,False
2026-05-14,Infosys,2.191780821917799,UP,UP,0.5193383031121827,True
2026-05-14,M&M,-1.600548418366543,DOWN,UP,0.5309333337368191,False
2026-05-14,Maruti Suzuki,1.1166347992351833,UP,DOWN,0.33293252041845595,False
2026-05-14,NTPC,-0.2649477227633201,DOWN,DOWN,0.48336966780539553,True
2026-05-14,ONGC,-0.5151172563672368,DOWN,UP,0.5347671487055382,False
2026-05-14,Reliance,-1.8651801662013523,DOWN,UP,0.5009977013806483,False
2026-05-14,SBI,-1.7042567395604502,DOWN,UP,0.5349094604871685,False
2026-05-14,Sun Pharma,0.8050665732663553,UP,DOWN,0.45512853497304034,False
2026-05-14,TCS,0.8014247551202169,UP,UP,0.5338795527347587,True
2026-05-14,Tata Steel,-1.940039094737656,DOWN,DOWN,0.47963043739741135,True
2026-05-14,Wipro,0.9028130221404806,UP,DOWN,0.4799583532337878,False
2026-05-15,Axis Bank,-0.5543078521372369,DOWN,UP,0.5025851318233139,False
2026-05-15,Bharti Airtel,1.716172496740187,UP,DOWN,0.4969334140825839,False
2026-05-15,Dr Reddy's,-0.4114610758516268,DOWN,UP,0.5366498119897581,False
2026-05-15,HCLTech,1.2360939697846351,UP,UP,0.5294970617958243,True
2026-05-15,HDFC Bank,0.1498403145358207,UP,UP,0.5175690724861614,True
2026-05-15,Hindustan Unilever,-0.7921838036620277,DOWN,UP,0.5147824421483675,False
2026-05-15,ICICI Bank,0.5303315054991931,UP,UP,0.5071135257669767,True
2026-05-15,ITC,0.2262018619617389,UP,DOWN,0.497606407645692,False
2026-05-15,Infosys,2.10008936550492,UP,DOWN,0.4756095192264636,False
2026-05-15,M&M,-1.261571683659546,DOWN,UP,0.5294884593452999,False
2026-05-15,Maruti Suzuki,-1.5505634974661509,DOWN,DOWN,0.34051881669104156,True
2026-05-15,NTPC,-1.7583838600964463,DOWN,DOWN,0.46063525059246946,True
2026-05-15,ONGC,-0.7182207625347159,DOWN,UP,0.5589838847512758,False
2026-05-15,Reliance,-0.0374139472362866,DOWN,DOWN,0.497216442517224,True
2026-05-15,SBI,-2.470928933901761,DOWN,UP,0.5810385952163519,False
2026-05-15,Sun Pharma,1.4694973045350943,UP,DOWN,0.47205505776279383,False
2026-05-15,TCS,0.8480543803831786,UP,UP,0.5328228744129054,True
2026-05-15,Tata Steel,-3.288133990240971,DOWN,UP,0.5358178677742765,False
2026-05-15,Wipro,1.1421042994449015,UP,UP,0.5021682593854573,True
2026-05-18,Axis Bank,0.0323147593644934,UP,UP,0.5097178459664817,True
2026-05-18,Bharti Airtel,-1.26928310695118,DOWN,DOWN,0.4723092454251261,True
2026-05-18,Dr Reddy's,0.3004807802523324,UP,UP,0.5624593285515403,True
2026-05-18,HCLTech,2.860635751484608,UP,UP,0.5139733985760941,True
2026-05-18,HDFC Bank,-0.8066105522806066,DOWN,UP,0.5046427702310561,False
2026-05-18,Hindustan Unilever,-0.9449050345800902,DOWN,DOWN,0.46821498927470306,True
2026-05-18,ICICI Bank,-0.823269679386629,DOWN,DOWN,0.47530495027063,True
2026-05-18,ITC,0.0483617280142345,UP,DOWN,0.489337799213514,False
2026-05-18,Infosys,4.761490101887311,UP,DOWN,0.4987781382405361,False
2026-05-18,M&M,0.2788889253956705,UP,UP,0.5365039245470553,True
2026-05-18,Maruti Suzuki,-0.4609711124769489,DOWN,DOWN,0.33434218048579245,True
2026-05-18,NTPC,0.2832876997415967,UP,DOWN,0.45341559984022306,False
2026-05-18,ONGC,-0.23553572620435,DOWN,UP,0.5416459384666051,False
2026-05-18,Reliance,-0.9881033760724134,DOWN,UP,0.5272934296389636,False
2026-05-18,SBI,1.0006347812019143,UP,UP,0.6100708046627155,True
2026-05-18,Sun Pharma,-1.2330779409125414,DOWN,DOWN,0.4403917106322255,True
2026-05-18,TCS,1.922746470883685,UP,UP,0.5012118832639529,True
2026-05-18,Tata Steel,-0.2002829689989216,DOWN,DOWN,0.4957469780139769,True
2026-05-18,Wipro,1.5611177751911898,UP,DOWN,0.49286421852835294,False
2026-05-19,Axis Bank,0.9286925257641075,UP,DOWN,0.4966128202171825,False
2026-05-19,Bharti Airtel,-0.4494369263620346,DOWN,UP,0.5391717318063298,False
2026-05-19,Dr Reddy's,-0.9961000033095746,DOWN,UP,0.5055798779269534,False
2026-05-19,HCLTech,-0.8139711198248301,DOWN,DOWN,0.4860985252963929,True
2026-05-19,HDFC Bank,-0.3869122119221968,DOWN,UP,0.5410209322582932,False
2026-05-19,Hindustan Unilever,-1.0569149781794351,DOWN,DOWN,0.475302263567252,True
2026-05-19,ICICI Bank,-0.282076068848125,DOWN,UP,0.5649543761145943,False
2026-05-19,ITC,-0.8862391582931006,DOWN,DOWN,0.4929994223647063,True
2026-05-19,Infosys,-0.2673634536647373,DOWN,UP,0.5063557222502182,False
2026-05-19,M&M,0.9669146548402008,UP,UP,0.5057366645490162,True
2026-05-19,Maruti Suzuki,0.3627662858907143,UP,DOWN,0.3291838494977831,False
2026-05-19,NTPC,0.7832610062540768,UP,DOWN,0.46409188342606844,False
2026-05-19,ONGC,0.6070785136488288,UP,UP,0.5076572399754825,True
2026-05-19,Reliance,2.7973086388352053,UP,UP,0.5616076196426134,True
2026-05-19,SBI,0.2213360716813106,UP,UP,0.5535041013864791,True
2026-05-19,Sun Pharma,-0.1062529856090233,DOWN,UP,0.5061183512689867,False
2026-05-19,TCS,0.0128831882995505,UP,UP,0.5104603706170191,True
2026-05-19,Tata Steel,-1.0893969384287217,DOWN,DOWN,0.48592557437752065,True
2026-05-19,Wipro,0.99912741022532,UP,UP,0.5118037944682277,True
2026-05-20,Axis Bank,0.2800447962281405,UP,DOWN,0.483769221775782,False
2026-05-20,Bharti Airtel,-1.0289241080757685,DOWN,UP,0.5384358253806896,False
2026-05-20,Dr Reddy's,-0.2572073796253682,DOWN,UP,0.5520278308260744,False
2026-05-20,HCLTech,-0.1367838595880521,DOWN,UP,0.5529027026330556,False
2026-05-20,HDFC Bank,-0.0460797348173169,DOWN,UP,0.5107785144805829,False
2026-05-20,Hindustan Unilever,-1.371477307674751,DOWN,DOWN,0.47433899921804057,True
2026-05-20,ICICI Bank,0.4445162679181269,UP,DOWN,0.4990314548791447,False
2026-05-20,ITC,0.1625751974786649,UP,UP,0.5124192103899762,True
2026-05-20,Infosys,-1.0471643219662097,DOWN,UP,0.5370555333169301,False
2026-05-20,M&M,-0.7430642346646366,DOWN,UP,0.5031161381466582,False
2026-05-20,Maruti Suzuki,0.0538337306775327,UP,DOWN,0.3364804542881099,False
2026-05-20,NTPC,-0.930060976055458,DOWN,DOWN,0.46174953958512865,True
2026-05-20,ONGC,-0.8213147132790088,DOWN,DOWN,0.46343443688426694,True
2026-05-20,Reliance,-0.7428091452994945,DOWN,UP,0.5199655717247335,False
2026-05-20,SBI,0.0,DOWN,UP,0.6210498365634348,False
2026-05-20,Sun Pharma,0.585013014643887,UP,UP,0.5318756262830077,True
2026-05-20,TCS,-0.0085911824467155,DOWN,UP,0.5349491493069677,False
2026-05-20,Tata Steel,0.7584210259794277,UP,UP,0.5039404490755319,True
2026-05-20,Wipro,1.3291449071003658,UP,DOWN,0.4969563908265035,False
2026-05-21,Axis Bank,2.561236283039481,UP,DOWN,0.48023994742762305,False
2026-05-21,Bharti Airtel,-0.7372844668784961,DOWN,UP,0.5493835650362962,False
2026-05-21,Dr Reddy's,-0.857038212220329,DOWN,DOWN,0.496698048097134,True
2026-05-21,HCLTech,-0.3595233134243702,DOWN,UP,0.5383072582398415,False
2026-05-21,HDFC Bank,1.0077011305915209,UP,UP,0.5101670547211181,True
2026-05-21,Hindustan Unilever,1.1289627194240426,UP,DOWN,0.4806266896637043,False
2026-05-21,ICICI Bank,1.7299645281051437,UP,UP,0.5063674370145024,True
2026-05-21,ITC,-2.0613458326786627,DOWN,UP,0.5291836548793415,False
2026-05-21,Infosys,-0.5672156661730265,DOWN,UP,0.5849745860163897,False
2026-05-21,M&M,-0.5711504089020658,DOWN,UP,0.505484555458165,False
2026-05-21,Maruti Suzuki,-0.1767870868562671,DOWN,DOWN,0.3498296564359569,True
2026-05-21,NTPC,-0.0385786782905683,DOWN,DOWN,0.47921644334159386,True
2026-05-21,ONGC,-1.977355410791759,DOWN,DOWN,0.4819708072212857,True
2026-05-21,Reliance,0.3630723549720827,UP,UP,0.5024960107211809,True
2026-05-21,SBI,-0.1787792789340492,DOWN,UP,0.5913389709179394,False
2026-05-21,Sun Pharma,-2.4692048874594863,DOWN,DOWN,0.4853555461186706,True
2026-05-21,TCS,-0.4253997314998536,DOWN,UP,0.5145153409386828,False
2026-05-21,Tata Steel,0.2924540248329554,UP,DOWN,0.49484045785184416,False
2026-05-21,Wipro,1.6871908603721453,UP,DOWN,0.497956737335531,False
2026-05-22,Axis Bank,2.007151568989052,UP,UP,0.5102534794571988,True
2026-05-22,Bharti Airtel,0.181683465304383,UP,UP,0.5502848317761675,True
2026-05-22,Dr Reddy's,1.8512908618526724,UP,DOWN,0.49247197805388043,False
2026-05-22,HCLTech,0.1460439151095283,UP,UP,0.5181035164502191,True
2026-05-22,HDFC Bank,2.614761099654861,UP,DOWN,0.4974768882720435,False
2026-05-22,Hindustan Unilever,-0.3222044536938306,DOWN,DOWN,0.4643588984281893,True
2026-05-22,ICICI Bank,2.175116581343928,UP,UP,0.5082603983030396,True
2026-05-22,ITC,0.7457739174554723,UP,UP,0.5081589200261152,True
2026-05-22,Infosys,-0.5108556832694733,DOWN,UP,0.5521808771996429,False
2026-05-22,M&M,1.872584631730989,UP,UP,0.5106923818566366,True
2026-05-22,Maruti Suzuki,1.4091014091013987,UP,DOWN,0.3692195534703089,False
2026-05-22,NTPC,0.360219714002441,UP,DOWN,0.47139737644599783,False
2026-05-22,ONGC,-1.7413751010237122,DOWN,DOWN,0.4899297967782228,True
2026-05-22,Reliance,0.9228497600590524,UP,DOWN,0.4811921770891549,False
2026-05-22,SBI,2.149174369632956,UP,UP,0.5361465130759883,True
2026-05-22,Sun Pharma,-0.2168491842644337,DOWN,UP,0.516308651477672,False
2026-05-22,TCS,-0.3927026049497573,DOWN,UP,0.529088610660793,False
2026-05-22,Tata Steel,0.4923747632659347,UP,UP,0.5054622902797602,True
2026-05-22,Wipro,1.8364411975433592,UP,UP,0.5065654681778406,True
2026-05-25,Axis Bank,-0.9075581747173268,DOWN,UP,0.536730641041241,False
2026-05-25,Bharti Airtel,-1.4881600003958773,DOWN,UP,0.5268212513520527,False
2026-05-25,Dr Reddy's,-0.262881172887186,DOWN,UP,0.5136330666839127,False
2026-05-25,HCLTech,-0.3259781176101484,DOWN,UP,0.5311903581331974,False
2026-05-25,HDFC Bank,-1.0103515814377406,DOWN,UP,0.5529737314620298,False
2026-05-25,Hindustan Unilever,0.5872935280559988,UP,UP,0.5002855962649999,True
2026-05-25,ICICI Bank,-0.9831299552673478,DOWN,UP,0.5319182521587632,False
2026-05-25,ITC,-0.7567093989719109,DOWN,DOWN,0.4966132855533371,True
2026-05-25,Infosys,-0.0684680212344912,DOWN,UP,0.5436424525347076,False
2026-05-25,M&M,-1.009874201079164,DOWN,UP,0.5113060434552786,False
2026-05-25,Maruti Suzuki,0.2885345482156465,UP,DOWN,0.37643251969956354,False
2026-05-25,NTPC,-0.0897258292245517,DOWN,DOWN,0.4857074754693222,True
2026-05-25,ONGC,0.8948895187679717,UP,UP,0.5000619464475914,True
2026-05-25,Reliance,-0.7827323461503277,DOWN,DOWN,0.4843825202614934,True
2026-05-25,SBI,-0.1134463297890353,DOWN,UP,0.5165077472700139,False
2026-05-25,Sun Pharma,0.0108700013496498,UP,DOWN,0.49473320545703897,False
2026-05-25,TCS,-1.386361696427274,DOWN,UP,0.5277343800417689,False
2026-05-25,Tata Steel,0.1189230323224821,UP,UP,0.5097048420070852,True
2026-05-25,Wipro,-1.503577966261016,DOWN,DOWN,0.49789237469001507,True
2026-05-26,Axis Bank,0.3694240419787276,UP,UP,0.5106112551354887,True
2026-05-26,Bharti Airtel,0.2869633812200511,UP,UP,0.5435108444915498,True
2026-05-26,Dr Reddy's,-0.670233018332056,DOWN,UP,0.5001229122081046,False
2026-05-26,HCLTech,0.2840112478245782,UP,UP,0.5056915168695787,True
2026-05-26,HDFC Bank,-2.599820177850598,DOWN,UP,0.5278330231659624,False
2026-05-26,Hindustan Unilever,-0.4978727476330213,DOWN,UP,0.5200865394009678,False
2026-05-26,ICICI Bank,-0.5003537281071946,DOWN,UP,0.5007396258215764,False
2026-05-26,ITC,-3.2156412682646462,DOWN,UP,0.5377128843271873,False
2026-05-26,Infosys,-0.6679735449149127,DOWN,UP,0.5079541894513352,False
2026-05-26,M&M,0.4602081744091046,UP,UP,0.5153566502659574,True
2026-05-26,Maruti Suzuki,1.1811023622047223,UP,DOWN,0.3394893649273043,False
2026-05-26,NTPC,2.168329849824069,UP,DOWN,0.49285972377935994,False
2026-05-26,ONGC,-4.678265115489133,DOWN,DOWN,0.4484839700666746,True
2026-05-26,Reliance,-0.4276375889786576,DOWN,UP,0.5127479425444786,False
2026-05-26,SBI,-0.0722779769779302,DOWN,UP,0.5111706394667663,False
2026-05-26,Sun Pharma,0.1901347189896096,UP,DOWN,0.4951127274637684,False
2026-05-26,TCS,0.351462972129557,UP,UP,0.5051921075736232,True
2026-05-26,Tata Steel,2.0097855765693677,UP,UP,0.5411291848840409,True
2026-05-26,Wipro,-1.0553153397007242,DOWN,UP,0.5006906940496978,False
2026-05-27,Axis Bank,0.0,DOWN,DOWN,0.4949451019615689,True
2026-05-27,Bharti Airtel,0.0,DOWN,UP,0.5042165233145316,False
2026-05-27,Dr Reddy's,0.0,DOWN,UP,0.5110612629537048,False
2026-05-27,HCLTech,0.0,DOWN,UP,0.5070316229465284,False
2026-05-27,HDFC Bank,0.0,DOWN,UP,0.5164253341267425,False
2026-05-27,Hindustan Unilever,0.0,DOWN,DOWN,0.4823172864063155,True
2026-05-27,ICICI Bank,0.0,DOWN,UP,0.5084873486072252,False
2026-05-27,ITC,0.0,DOWN,UP,0.5287319434280117,False
2026-05-27,Infosys,0.0,DOWN,UP,0.5190848290986829,False
2026-05-27,M&M,0.0,DOWN,DOWN,0.48871909094863325,True
2026-05-27,Maruti Suzuki,0.0,DOWN,DOWN,0.3777559487443428,True
2026-05-27,NTPC,0.0,DOWN,DOWN,0.4716232676408196,True
2026-05-27,ONGC,0.0,DOWN,UP,0.6335355424358663,False
2026-05-27,Reliance,0.0,DOWN,UP,0.5040675925024293,False
2026-05-27,SBI,0.0,DOWN,UP,0.5265559504896326,False
2026-05-27,Sun Pharma,0.0,DOWN,UP,0.5050835921591228,False
2026-05-27,TCS,0.0,DOWN,DOWN,0.49124066118421145,True
2026-05-27,Tata Steel,0.0,DOWN,UP,0.503051073842953,False
2026-05-27,Wipro,0.0,DOWN,UP,0.5255130378640517,False
2026-05-28,Axis Bank,-1.3419216568988257,DOWN,UP,0.6352894582323492,False
2026-05-28,Bharti Airtel,-1.2525619146678268,DOWN,UP,0.5770710427490315,False
2026-05-28,Dr Reddy's,-1.1751326762698966,DOWN,UP,0.6348146733039222,False
2026-05-28,HCLTech,1.5963009299428288,UP,UP,0.6283330427563815,True
2026-05-28,HDFC Bank,-1.8585693227893607,DOWN,UP,0.5775928528374228,False
2026-05-28,Hindustan Unilever,-2.042390117279458,DOWN,UP,0.5897278232464466,False
2026-05-28,ICICI Bank,-1.2807360244497468,DOWN,UP,0.6212648814335612,False
2026-05-28,ITC,-1.7297544440469936,DOWN,UP,0.5747919331205638,False
2026-05-28,Infosys,0.0862143270067727,UP,UP,0.6184016042959619,True
2026-05-28,M&M,-2.4346488218353834,DOWN,UP,0.577890699476684,False
2026-05-28,Maruti Suzuki,-1.77342113139779,DOWN,DOWN,0.4813512098506031,True
2026-05-28,NTPC,-2.825568296486003,DOWN,UP,0.6668941305324079,False
2026-05-28,ONGC,-3.156356242211922,DOWN,UP,0.5558123891814134,False
2026-05-28,Reliance,-2.169570442660129,DOWN,UP,0.6186860534966645,False
2026-05-28,SBI,-0.3513084750765394,DOWN,UP,0.5925663888457279,False
2026-05-28,Sun Pharma,-2.4453774582344545,DOWN,UP,0.5715283512270964,False
2026-05-28,TCS,-1.1076109521473865,DOWN,UP,0.5681625685742753,False
2026-05-28,Tata Steel,-3.1113147511556027,DOWN,UP,0.6376551621040633,False
2026-05-28,Wipro,1.3245352439192226,UP,UP,0.6008564637578627,True
2026-06-01,Axis Bank,-1.9437297870978587,DOWN,DOWN,0.49972940618540795,True
2026-06-01,Bharti Airtel,0.1988277717043907,UP,UP,0.5031616548704808,True
2026-06-01,Dr Reddy's,-1.2709256125060353,DOWN,DOWN,0.4881895900991689,True
2026-06-01,HCLTech,4.049872429319801,UP,UP,0.5176463863282957,True
2026-06-01,HDFC Bank,0.7472718058097572,UP,UP,0.5179971460467084,True
2026-06-01,Hindustan Unilever,0.4509860444054103,UP,UP,0.5377811582871788,True
2026-06-01,ICICI Bank,-1.0567053401554285,DOWN,UP,0.5017746392747282,False
2026-06-01,ITC,1.2873256506660935,UP,UP,0.5092753788654218,True
2026-06-01,Infosys,5.679837740384608,UP,UP,0.55104947756556,True
2026-06-01,M&M,0.94606754151898,UP,UP,0.5176413536737513,True
2026-06-01,Maruti Suzuki,0.5870539162675659,UP,DOWN,0.3549932077531422,False
2026-06-01,NTPC,-2.983897001928093,DOWN,DOWN,0.487390634521641,True
2026-06-01,ONGC,0.2837684580551336,UP,UP,0.517071649623234,True
2026-06-01,Reliance,-0.4090927586410942,DOWN,DOWN,0.4967240121765391,True
2026-06-01,SBI,0.2672727065692104,UP,UP,0.507216713926969,True
2026-06-01,Sun Pharma,-0.36737965966811,DOWN,DOWN,0.48881712755944545,True
2026-06-01,TCS,6.50735641833553,UP,UP,0.534565925809468,True
2026-06-01,Tata Steel,0.0142464635291883,UP,UP,0.5092570503074487,True
2026-06-01,Wipro,1.6617376168435172,UP,DOWN,0.4985724027032744,False
2026-06-02,Axis Bank,0.3277096687670733,UP,UP,0.541041944676219,True
2026-06-02,Bharti Airtel,0.5456964326157943,UP,DOWN,0.4781278712680592,False
2026-06-02,Dr Reddy's,-0.8398705786401117,DOWN,DOWN,0.49079627756184485,True
2026-06-02,HCLTech,-5.186972255729794,DOWN,UP,0.5444111873562382,False
2026-06-02,HDFC Bank,0.7216871919896395,UP,UP,0.5153636503474407,True
2026-06-02,Hindustan Unilever,-0.1480562443481936,DOWN,DOWN,0.48323528880992456,True
2026-06-02,ICICI Bank,1.2555050318426852,UP,UP,0.5094275034499581,True
2026-06-02,ITC,-2.206531332744921,DOWN,UP,0.5050206171829652,False
2026-06-02,Infosys,-3.7928919885260814,DOWN,DOWN,0.4565788077126471,True
2026-06-02,M&M,0.4269102031041916,UP,DOWN,0.4953813012213047,False
2026-06-02,Maruti Suzuki,0.16894486254031,UP,DOWN,0.39909966315659046,False
2026-06-02,NTPC,-0.1633114081337261,DOWN,UP,0.5409065613554574,False
2026-06-02,ONGC,1.0186803740358077,UP,UP,0.5100873659746513,True
2026-06-02,Reliance,-0.1064981317558944,DOWN,UP,0.5026221724270746,False
2026-06-02,SBI,1.4425325292205082,UP,DOWN,0.4901253041233426,False
2026-06-02,Sun Pharma,-0.0782180230720297,DOWN,DOWN,0.4765781054253453,True
2026-06-02,TCS,-8.38611955378008,DOWN,DOWN,0.4901073505646165,True
2026-06-02,Tata Steel,0.6125324068123605,UP,DOWN,0.4951802470340681,False
2026-06-02,Wipro,-2.7354128548174206,DOWN,UP,0.5035315452710994,False
2026-06-03,Axis Bank,-0.1513625253073192,DOWN,DOWN,0.48867024266679,True
2026-06-03,Bharti Airtel,-0.2850694173275436,DOWN,DOWN,0.49268952725831916,True
2026-06-03,Dr Reddy's,0.3324587199827089,UP,UP,0.5041958592452627,True
2026-06-03,HCLTech,-0.9075446286577638,DOWN,UP,0.6112708943704247,False
2026-06-03,HDFC Bank,0.0729765508063806,UP,UP,0.5164679896800431,True
2026-06-03,Hindustan Unilever,-0.5357406863730874,DOWN,DOWN,0.48891515533093666,True
2026-06-03,ICICI Bank,0.7809944582830131,UP,DOWN,0.48908252602974356,False
2026-06-03,ITC,1.191331333201706,UP,UP,0.5685079186616152,True
2026-06-03,Infosys,-1.7421828221127145,DOWN,UP,0.5474733260575112,False
2026-06-03,M&M,0.1660522678702092,UP,UP,0.5100762642382964,True
2026-06-03,Maruti Suzuki,0.1533272002453234,UP,DOWN,0.33791115782900205,False
2026-06-03,NTPC,-0.1090495937285052,DOWN,DOWN,0.4779019984153196,True
2026-06-03,ONGC,-0.0747011044000989,DOWN,UP,0.5267475774140926,False
2026-06-03,Reliance,-0.7234237247360831,DOWN,DOWN,0.4901649678362986,True
2026-06-03,SBI,0.9067945470942362,UP,UP,0.5158211579520756,True
2026-06-03,Sun Pharma,-0.4696686840403918,DOWN,DOWN,0.47389498869590996,True
2026-06-03,TCS,-0.0312241239738164,DOWN,UP,0.6507912289384642,False
2026-06-03,Tata Steel,-0.6229610029883093,DOWN,UP,0.5009396711410011,False
2026-06-03,Wipro,0.1077908937403782,UP,DOWN,0.4859266408271904,False
2026-06-04,Axis Bank,1.5159977068353037,UP,DOWN,0.49650104857091387,False
2026-06-04,Bharti Airtel,-1.1380544815186244,DOWN,DOWN,0.48809993946895663,True
2026-06-04,Dr Reddy's,0.8441776072485307,UP,DOWN,0.4769036588857054,False
2026-06-04,HCLTech,-1.1640928775010884,DOWN,UP,0.5466219500686553,False
2026-06-04,HDFC Bank,-0.9480276184482216,DOWN,UP,0.5139165834890759,False
2026-06-04,Hindustan Unilever,2.0246272787066038,UP,UP,0.5027331802419563,True
2026-06-04,ICICI Bank,0.8308719996614089,UP,DOWN,0.4705918127365724,False
2026-06-04,ITC,0.1427129616423439,UP,UP,0.5059830105358633,True
2026-06-04,Infosys,-0.3163280341020535,DOWN,UP,0.544620557588573,False
2026-06-04,M&M,0.8089884802799041,UP,UP,0.501186074292977,True
2026-06-04,Maruti Suzuki,-0.1071647274954123,DOWN,DOWN,0.3564494129249473,True
2026-06-04,NTPC,-1.2963974015081423,DOWN,DOWN,0.45711258239581537,True
2026-06-04,ONGC,-1.0465288434755582,DOWN,UP,0.5215710276117901,False
2026-06-04,Reliance,-0.974146785881158,DOWN,DOWN,0.4893480301254281,True
2026-06-04,SBI,-0.1582831547581098,DOWN,UP,0.5079993653552849,False
2026-06-04,Sun Pharma,0.1179695306296579,UP,DOWN,0.4917762215298301,False
2026-06-04,TCS,-1.8786299712739816,DOWN,DOWN,0.4490661532688003,True
2026-06-04,Tata Steel,-1.8046269267146364,DOWN,DOWN,0.48591331261764564,True
2026-06-04,Wipro,-2.912104538832394,DOWN,UP,0.5184760692508816,False
2026-06-05,Axis Bank,-0.3301165669258643,DOWN,UP,0.504050432592043,False
2026-06-05,Bharti Airtel,0.8397340710864398,UP,UP,0.508578083342024,True
2026-06-05,Dr Reddy's,-0.2034091445202945,DOWN,DOWN,0.48158565748379883,True
2026-06-05,HCLTech,-0.2944403297410303,DOWN,DOWN,0.4870326852867499,True
2026-06-05,HDFC Bank,-1.1244178456815912,DOWN,UP,0.5142252588424293,False
2026-06-05,Hindustan Unilever,-0.5373510414211635,DOWN,DOWN,0.45091987218335616,True
2026-06-05,ICICI Bank,-0.9428749421009908,DOWN,UP,0.5190875174022548,False
2026-06-05,ITC,-0.4453152638547286,DOWN,DOWN,0.48857311819202387,True
2026-06-05,Infosys,-0.8267243769571997,DOWN,UP,0.5332497422141669,False
2026-06-05,M&M,-2.450254892287451,DOWN,UP,0.5077775889778628,False
2026-06-05,Maruti Suzuki,-1.0574712643678152,DOWN,DOWN,0.35269005387213864,True
2026-06-05,NTPC,0.2073828322017634,UP,UP,0.5118507163641535,True
2026-06-05,ONGC,-0.0377737879190265,DOWN,UP,0.5273532927649929,False
2026-06-05,Reliance,-2.145619765443452,DOWN,UP,0.5142001450384847,False
2026-06-05,SBI,0.43469366338722,UP,DOWN,0.4888420792414491,False
2026-06-05,Sun Pharma,0.3703342967723788,UP,DOWN,0.4873797977809465,False
2026-06-05,TCS,-2.160171090524443,DOWN,DOWN,0.4522614415303938,True
2026-06-05,Tata Steel,-1.9586995057663703,DOWN,UP,0.5268527579596729,False
2026-06-05,Wipro,-8.373242435449535,DOWN,UP,0.5901877619679806,False
2026-06-08,Axis Bank,1.9162565488495489,UP,DOWN,0.4919445413720536,False
2026-06-08,Bharti Airtel,-0.7886201093617484,DOWN,DOWN,0.48605745162375,True
2026-06-08,Dr Reddy's,-0.5565989120277393,DOWN,DOWN,0.4929975189410656,True
2026-06-08,HCLTech,-0.4342916518668915,DOWN,UP,0.5016316665676525,False
2026-06-08,HDFC Bank,-0.0406212439190034,DOWN,DOWN,0.4973988047142861,True
2026-06-08,Hindustan Unilever,1.0757760353211854,UP,DOWN,0.4919840678485847,False
2026-06-08,ICICI Bank,1.9836865938827275,UP,DOWN,0.48687344360782503,False
2026-06-08,ITC,0.1968107958289389,UP,UP,0.5378025375930663,True
2026-06-08,Infosys,-0.6146789245436657,DOWN,UP,0.5112235806305397,False
2026-06-08,M&M,0.8125454368256957,UP,UP,0.5249120044901313,True
2026-06-08,Maruti Suzuki,1.610904584882289,UP,DOWN,0.34112990951027944,False
2026-06-08,NTPC,-1.862582812826441,DOWN,DOWN,0.4760871870268452,True
2026-06-08,ONGC,-2.1348928875072337,DOWN,UP,0.513411621365074,False
2026-06-08,Reliance,0.4670230440680267,UP,UP,0.5197785533602517,True
2026-06-08,SBI,2.113142190747808,UP,UP,0.5054372278888125,True
2026-06-08,Sun Pharma,-0.5478560241847674,DOWN,DOWN,0.48549912850323723,True
2026-06-08,TCS,-0.0185880060380339,DOWN,DOWN,0.4959852874669705,True
2026-06-08,Tata Steel,0.2269097535064324,UP,DOWN,0.4928497542957749,False
2026-06-08,Wipro,-0.0495138317619714,DOWN,UP,0.6420562507456669,False
2026-06-09,Axis Bank,1.7099949836318684,UP,UP,0.5113961092855448,True
2026-06-09,Bharti Airtel,-1.3229599126250655,DOWN,UP,0.5054627043249114,False
2026-06-09,Dr Reddy's,0.2522626071639777,UP,DOWN,0.4964579224776795,False
2026-06-09,HCLTech,-1.2387745474410794,DOWN,DOWN,0.4979168567629332,True
2026-06-09,HDFC Bank,1.1512155862475115,UP,UP,0.5126955205284947,True
2026-06-09,Hindustan Unilever,1.72074035688623,UP,DOWN,0.49587046432977766,False
2026-06-09,ICICI Bank,1.4352979473039262,UP,DOWN,0.4983556106487503,False
2026-06-09,ITC,1.3035692487444184,UP,UP,0.5030524045989397,True
2026-06-09,Infosys,-2.965347670259788,DOWN,UP,0.5065894764983375,False
2026-06-09,M&M,-1.2574862522402586,DOWN,DOWN,0.490734592357634,True
2026-06-09,Maruti Suzuki,-0.3582317073170693,DOWN,DOWN,0.3700858946413453,True
2026-06-09,NTPC,-1.1247012705317916,DOWN,UP,0.5379868418705349,False
2026-06-09,ONGC,-2.7413150978824685,DOWN,UP,0.5400763659680841,False
2026-06-09,Reliance,-0.819406141179535,DOWN,UP,0.5008907084113825,False
2026-06-09,SBI,0.054850681786478,UP,DOWN,0.4982990054538985,False
2026-06-09,Sun Pharma,0.415965397080531,UP,DOWN,0.4954259781816729,False
2026-06-09,TCS,0.1348164734425783,UP,DOWN,0.4960694378900264,False
2026-06-09,Tata Steel,-1.9047126964725325,DOWN,UP,0.500179935687903,False
2026-06-09,Wipro,-1.5082322457095954,DOWN,UP,0.5235998320513771,False
2026-06-10,Axis Bank,0.2130124631513963,UP,UP,0.5208646603029122,True
2026-06-10,Bharti Airtel,0.4168558256875565,UP,DOWN,0.4968854131105913,False
2026-06-10,Dr Reddy's,0.338133914699168,UP,DOWN,0.4827134128433422,False
2026-06-10,HCLTech,-1.9344602849874384,DOWN,UP,0.5283921455625196,False
2026-06-10,HDFC Bank,-0.3012653241683205,DOWN,UP,0.5134105270476843,False
2026-06-10,Hindustan Unilever,-1.3689767767630756,DOWN,UP,0.5250715054006736,False
2026-06-10,ICICI Bank,1.832517612084672,UP,DOWN,0.4826866922236227,False
2026-06-10,ITC,-0.4406839509597082,DOWN,DOWN,0.47886152462627857,True
2026-06-10,Infosys,-2.680526668413219,DOWN,UP,0.5022440652781034,False
2026-06-10,M&M,1.6392854307790028,UP,UP,0.5217032461927235,True
2026-06-10,Maruti Suzuki,0.1912338407404679,UP,DOWN,0.3551227727475718,False
2026-06-10,NTPC,0.0568782057451588,UP,UP,0.5562901801646302,True
2026-06-10,ONGC,0.2778929035301525,UP,UP,0.5272875552915213,True
2026-06-10,Reliance,0.3336472043979466,UP,UP,0.5202091520401203,True
2026-06-10,SBI,-0.2541727179634967,DOWN,DOWN,0.46631894855151057,True
2026-06-10,Sun Pharma,0.4366282272287192,UP,DOWN,0.4929326526399807,False
2026-06-10,TCS,-0.8496125872695992,DOWN,UP,0.5095072205573895,False
2026-06-10,Tata Steel,-0.6773322268139759,DOWN,UP,0.532674614769738,False
2026-06-10,Wipro,-0.8718479977923188,DOWN,UP,0.5599444585096303,False
2026-06-11,Axis Bank,2.960601120048123,UP,UP,0.5459351604122841,True
2026-06-11,Bharti Airtel,2.238305001712315,UP,DOWN,0.4822460944442414,False
2026-06-11,Dr Reddy's,-0.0470200302458811,DOWN,DOWN,0.4953517960148115,True
2026-06-11,HCLTech,-0.0540421196473794,DOWN,UP,0.5060324560949514,False
2026-06-11,HDFC Bank,3.7402682694393175,UP,UP,0.5049474178659658,True
2026-06-11,Hindustan Unilever,1.355266816443068,UP,UP,0.5447189088095604,True
2026-06-11,ICICI Bank,1.8071411410877087,UP,UP,0.5164601517794997,True
2026-06-11,ITC,0.956094994825296,UP,UP,0.5187470854613413,True
2026-06-11,Infosys,0.1614972965685579,UP,DOWN,0.48721722926603417,False
2026-06-11,M&M,1.3995801715078082,UP,DOWN,0.4901551043912176,False
2026-06-11,Maruti Suzuki,2.046113910520697,UP,DOWN,0.36253184812114037,False
2026-06-11,NTPC,0.5826311659536065,UP,UP,0.514643521855713,True
2026-06-11,ONGC,-2.5336536027836365,DOWN,DOWN,0.4930400133730501,True
2026-06-11,Reliance,2.375296912114022,UP,UP,0.5011878240224712,True
2026-06-11,SBI,1.6438505052828845,UP,DOWN,0.48822164709760074,False
2026-06-11,Sun Pharma,0.752424499353177,UP,DOWN,0.4829916422474986,False
2026-06-11,TCS,1.2080822020852366,UP,DOWN,0.4960284800157899,False
2026-06-11,Tata Steel,-0.0505183371003581,DOWN,UP,0.5289168275604665,False
2026-06-11,Wipro,1.5617096175882583,UP,UP,0.5574208449245773,True
2026-06-12,Axis Bank,0.8847599769953751,UP,UP,0.5361965512590076,True
2026-06-12,Bharti Airtel,1.0260604209533677,UP,DOWN,0.4726993059952222,False
2026-06-12,Dr Reddy's,0.3214658544342663,UP,UP,0.5003066058090134,True
2026-06-12,HCLTech,0.8741955169082605,UP,UP,0.5264973580103506,True
2026-06-12,HDFC Bank,0.6343405141397085,UP,UP,0.5320433665961455,True
2026-06-12,Hindustan Unilever,-0.5855750131846915,DOWN,UP,0.5024223053088128,False
2026-06-12,ICICI Bank,-0.9844923002295892,DOWN,UP,0.534978183246977,False
2026-06-12,ITC,0.9821072371188012,UP,DOWN,0.4728376046750888,False
2026-06-12,Infosys,1.6571121099455022,UP,UP,0.5095056940722328,True
2026-06-12,M&M,3.003718473091266,UP,DOWN,0.4835283602808879,False
2026-06-12,Maruti Suzuki,3.284453089929662,UP,DOWN,0.4323807643963018,False
2026-06-12,NTPC,-1.6388776188182796,DOWN,DOWN,0.4970954294810092,True
2026-06-12,ONGC,-1.0357445505142948,DOWN,UP,0.5713749776878614,False
2026-06-12,Reliance,1.0827532869296164,UP,DOWN,0.4789052393033897,False
2026-06-12,SBI,0.363756681223748,UP,DOWN,0.49653036690706953,False
2026-06-12,Sun Pharma,-0.0940394544334033,DOWN,UP,0.5354453854493539,False
2026-06-12,TCS,0.0277643047730036,UP,DOWN,0.4845341588184325,False
2026-06-12,Tata Steel,-0.2931374857300883,DOWN,UP,0.5096361902572449,False
2026-06-12,Wipro,0.6883565545494852,UP,UP,0.5501619480958865,True
2026-06-15,Axis Bank,-0.1900239394478475,DOWN,DOWN,0.47914733732814585,True
2026-06-15,Bharti Airtel,0.6408890474179474,UP,DOWN,0.4817808214609849,False
2026-06-15,Dr Reddy's,-0.2032024686156708,DOWN,UP,0.5122937888194816,False
2026-06-15,HCLTech,3.546855127312787,UP,UP,0.5224921991212556,True
2026-06-15,HDFC Bank,0.9712547842346098,UP,UP,0.5236430232864383,True
2026-06-15,Hindustan Unilever,2.031436515174412,UP,UP,0.5263026842874686,True
2026-06-15,ICICI Bank,0.5046756075172798,UP,UP,0.5290044223832503,True
2026-06-15,ITC,1.3025356302537316,UP,DOWN,0.47072221239083356,False
2026-06-15,Infosys,0.7665830456182077,UP,UP,0.518269868396403,True
2026-06-15,M&M,0.1148535066695544,UP,DOWN,0.4671237673015229,False
2026-06-15,Maruti Suzuki,-0.8257877580586714,DOWN,UP,0.5574785203724782,False
2026-06-15,NTPC,2.1401843030240286,UP,UP,0.5683594117433874,True
2026-06-15,ONGC,1.8674340922375965,UP,UP,0.5299303440314828,True
2026-06-15,Reliance,1.66794558746175,UP,UP,0.5152502540777949,True
2026-06-15,SBI,-0.5436634104617921,DOWN,DOWN,0.47807027698379123,True
2026-06-15,Sun Pharma,-0.2934689273601853,DOWN,UP,0.5137871881707767,False
2026-06-15,TCS,1.7113783533765137,UP,UP,0.517556154939886,True
2026-06-15,Tata Steel,-0.648823391736153,DOWN,UP,0.5136066845334616,False
2026-06-15,Wipro,0.7112103051084784,UP,UP,0.5729605986325416,True
2026-06-16,Axis Bank,-1.0836880198401566,DOWN,DOWN,0.49060949078673627,True
2026-06-16,Bharti Airtel,1.225037839820553,UP,DOWN,0.4850646521035935,False
2026-06-16,Dr Reddy's,-0.6186877800153257,DOWN,UP,0.5469604351728269,False
2026-06-16,HCLTech,0.6729981732635837,UP,UP,0.5407514401176186,True
2026-06-16,HDFC Bank,0.2802842532101168,UP,UP,0.5656313053519515,True
2026-06-16,Hindustan Unilever,-0.1045413332238398,DOWN,UP,0.5202628092355372,False
2026-06-16,ICICI Bank,0.1873641541267678,UP,DOWN,0.4573033967516192,False
2026-06-16,ITC,-0.3085869759365756,DOWN,UP,0.5001819592200614,False
2026-06-16,Infosys,1.2329464748994212,UP,UP,0.5333563226188812,True
2026-06-16,M&M,-0.159342240211846,DOWN,DOWN,0.48147356517565487,True
2026-06-16,Maruti Suzuki,-0.4455481703308783,DOWN,DOWN,0.37941656677072005,True
2026-06-16,NTPC,0.0,DOWN,DOWN,0.4892786479056927,True
2026-06-16,ONGC,-1.289281622718752,DOWN,DOWN,0.44854662222679376,True
2026-06-16,Reliance,0.2934905328449755,UP,UP,0.5162322884641705,True
2026-06-16,SBI,1.1031234454535577,UP,DOWN,0.48086671869196207,False
2026-06-16,Sun Pharma,1.0940230897083625,UP,UP,0.5609230041915633,True
2026-06-16,TCS,1.091405184174632,UP,UP,0.5515154364521077,True
2026-06-16,Tata Steel,1.5357114830795826,UP,UP,0.5267141580690853,True
2026-06-16,Wipro,0.9853851589208596,UP,UP,0.5670916847679134,True
2026-06-17,Axis Bank,0.6810238363764487,UP,DOWN,0.49292330857358235,False
2026-06-17,Bharti Airtel,-0.0479768815469516,DOWN,DOWN,0.4978706567761741,True
2026-06-17,Dr Reddy's,-0.118203309692666,DOWN,UP,0.50939473917331,False
2026-06-17,HCLTech,-0.4285224366438522,DOWN,UP,0.5348488138054501,False
2026-06-17,HDFC Bank,1.5118821983451047,UP,UP,0.533723340682997,True
2026-06-17,Hindustan Unilever,0.9510330094196772,UP,DOWN,0.46811453683364856,False
2026-06-17,ICICI Bank,0.4114302662407532,UP,DOWN,0.4934437137927272,False
2026-06-17,ITC,0.1375731372259325,UP,UP,0.5202324951434661,True
2026-06-17,Infosys,-2.608616433066724,DOWN,UP,0.5474715157200669,False
2026-06-17,M&M,0.1149126294637259,UP,DOWN,0.44954973681382476,False
2026-06-17,Maruti Suzuki,-1.0711665443873808,DOWN,DOWN,0.3170152674309318,True
2026-06-17,NTPC,1.800035053802107,UP,DOWN,0.49727888888249727,False
2026-06-17,ONGC,0.1224502252072712,UP,UP,0.5371916622885238,True
2026-06-17,Reliance,-0.3451621335989863,DOWN,UP,0.5347472608732585,False
2026-06-17,SBI,1.5781735189356991,UP,DOWN,0.4649567231946731,False
2026-06-17,Sun Pharma,0.2417064576495375,UP,DOWN,0.4819508925257252,False
2026-06-17,TCS,-0.8861876370614086,DOWN,UP,0.513829945015242,False
2026-06-17,Tata Steel,0.7587607694612863,UP,UP,0.5117611507011333,True
2026-06-17,Wipro,-0.883615152613515,DOWN,UP,0.5143884143266733,False
2026-06-18,Axis Bank,-0.1617492251573038,DOWN,DOWN,0.4661002870396294,True
2026-06-18,Bharti Airtel,1.9202047718369863,UP,UP,0.5393338808772302,True
2026-06-18,Dr Reddy's,0.3629172059911312,UP,UP,0.5087669895264957,True
2026-06-18,HCLTech,-2.5908156645897185,DOWN,UP,0.5081983775379354,False
2026-06-18,HDFC Bank,-2.403005282482007,DOWN,UP,0.5529557629839368,False
2026-06-18,Hindustan Unilever,-1.077300083107957,DOWN,DOWN,0.48535980826119557,True
2026-06-18,ICICI Bank,0.3128921268789053,UP,DOWN,0.45658343417913205,False
2026-06-18,ITC,0.4636806222965584,UP,DOWN,0.4785886329452578,False
2026-06-18,Infosys,-6.749443510947895,DOWN,UP,0.5303102979137214,False
2026-06-18,M&M,-1.967159291307985,DOWN,DOWN,0.43976042149218586,True
2026-06-18,Maruti Suzuki,-0.6600415307030594,DOWN,DOWN,0.35150698876668984,True
2026-06-18,NTPC,1.0636760480989826,UP,DOWN,0.49644691474681696,False
2026-06-18,ONGC,0.3872796316442439,UP,UP,0.5274371596536327,True
2026-06-18,Reliance,-1.4004951380058197,DOWN,DOWN,0.488897363524381,True
2026-06-18,SBI,-0.7288746467664087,DOWN,DOWN,0.49091225069216515,True
2026-06-18,Sun Pharma,0.7398070823523728,UP,DOWN,0.4918859028212257,False
2026-06-18,TCS,-3.553762406067696,DOWN,UP,0.516024672187358,False
2026-06-18,Tata Steel,-0.7779760250124723,DOWN,UP,0.502858234294861,False
2026-06-18,Wipro,-1.1157259500065295,DOWN,UP,0.5823626690424373,False
2026-06-19,Axis Bank,0.0515465910074564,UP,DOWN,0.47101194422670717,False
2026-06-19,Bharti Airtel,0.3035339444003693,UP,DOWN,0.4841026244211673,False
2026-06-19,Dr Reddy's,1.4621473109745375,UP,UP,0.5073460155153244,True
2026-06-19,HCLTech,-0.1060308583235691,DOWN,UP,0.5287808588322883,False
2026-06-19,HDFC Bank,0.8463755737895706,UP,UP,0.5035445694916817,True
2026-06-19,Hindustan Unilever,-0.4420028652536434,DOWN,UP,0.5024636199201431,False
2026-06-19,ICICI Bank,0.4381748543678121,UP,DOWN,0.493584945855074,False
2026-06-19,ITC,-0.4273504273504258,DOWN,DOWN,0.48461681014358166,True
2026-06-19,Infosys,1.3315578918501547,UP,UP,0.6335084797985204,True
2026-06-19,M&M,-0.3707605796585023,DOWN,UP,0.5231779774381553,False
2026-06-19,Maruti Suzuki,0.1941022769690104,UP,DOWN,0.35277913617471324,False
2026-06-19,NTPC,0.3417167965318324,UP,DOWN,0.47756047063389107,False
2026-06-19,ONGC,-0.3248743357392114,DOWN,DOWN,0.4931608794211409,True
2026-06-19,Reliance,1.298205421916765,UP,UP,0.5009183124120963,True
2026-06-19,SBI,0.5458433530407758,UP,DOWN,0.4846287184929285,False
2026-06-19,Sun Pharma,1.338191531987354,UP,DOWN,0.4724208800007592,False
2026-06-19,TCS,0.1317670036764751,UP,DOWN,0.4955476871448931,False
2026-06-19,Tata Steel,0.0050233747982852,UP,UP,0.5141532417358468,True
2026-06-19,Wipro,-0.3429260871190775,DOWN,UP,0.5826147524187927,False
2026-06-22,Axis Bank,0.3606671943262141,UP,DOWN,0.48394917601009996,False
2026-06-22,Bharti Airtel,-0.7826359277404382,DOWN,DOWN,0.4958588543119721,True
2026-06-22,Dr Reddy's,0.8212673787293401,UP,DOWN,0.4863972701836183,False
2026-06-22,HCLTech,-1.8575851393188847,DOWN,UP,0.5058492935345512,False
2026-06-22,HDFC Bank,-1.4941505131252697,DOWN,UP,0.5161019553370477,False
2026-06-22,Hindustan Unilever,-1.1350545011648894,DOWN,UP,0.5145456004670339,False
2026-06-22,ICICI Bank,-1.0425891253622588,DOWN,UP,0.5387538090720189,False
2026-06-22,ITC,-0.4291845493562207,DOWN,DOWN,0.49185284487528974,True
2026-06-22,Infosys,-3.388396354298129,DOWN,DOWN,0.49026047002269774,True
2026-06-22,M&M,-0.8519897612994098,DOWN,UP,0.5073889415305067,False
2026-06-22,Maruti Suzuki,0.2235302883540679,UP,DOWN,0.3853657132258327,False
2026-06-22,NTPC,-0.6674790276345322,DOWN,UP,0.5260256184856873,False
2026-06-22,ONGC,-0.4481527229183601,DOWN,UP,0.5130013687343297,False
2026-06-22,Reliance,-1.2815680361854542,DOWN,UP,0.5178556572227554,False
2026-06-22,SBI,-1.5902040670790265,DOWN,DOWN,0.49924148673096974,True
2026-06-22,Sun Pharma,0.2737653936926376,UP,DOWN,0.49723224969783997,False
2026-06-22,TCS,-3.20518608923972,DOWN,DOWN,0.4744281089964984,True
2026-06-22,Tata Steel,-2.719004688605542,DOWN,UP,0.5194150199148505,False
2026-06-22,Wipro,-3.1579461726673697,DOWN,UP,0.5110566659356081,False
2026-06-23,Axis Bank,1.5401540154015292,UP,DOWN,0.46783359581439554,False
2026-06-23,Bharti Airtel,-1.2778674310996885,DOWN,DOWN,0.4700600563334533,True
2026-06-23,Dr Reddy's,2.082530897493018,UP,UP,0.5019579131416113,True
2026-06-23,HCLTech,0.396577234255302,UP,UP,0.5081129886454248,True
2026-06-23,HDFC Bank,2.394628181545566,UP,UP,0.51552463691039,True
2026-06-23,Hindustan Unilever,-0.1064788076543532,DOWN,UP,0.5008790498026792,False
2026-06-23,ICICI Bank,2.6376690928706648,UP,UP,0.5187314489834154,True
2026-06-23,ITC,0.1206917598329804,UP,DOWN,0.48338842128410503,False
2026-06-23,Infosys,2.6522807211457837,UP,UP,0.5692968628098147,True
2026-06-23,M&M,0.895530594100169,UP,UP,0.50026375220887,True
2026-06-23,Maruti Suzuki,-1.5091814734963904,DOWN,DOWN,0.3531127447298644,True
2026-06-23,NTPC,-2.0707674668560827,DOWN,DOWN,0.48314618008404436,True
2026-06-23,ONGC,-1.7802357253360437,DOWN,UP,0.5046399045448169,False
2026-06-23,Reliance,0.3130947373759074,UP,UP,0.508454819616798,True
2026-06-23,SBI,1.0154291066078347,UP,UP,0.5002138131228989,True
2026-06-23,Sun Pharma,0.3426137266628659,UP,DOWN,0.4690731241348159,False
2026-06-23,TCS,2.3985191299983555,UP,DOWN,0.45084536765304745,False
2026-06-23,Tata Steel,-1.7565581418522047,DOWN,UP,0.5441958665518168,False
2026-06-23,Wipro,-0.0057365839359779,DOWN,UP,0.5806539108142333,False
2026-06-24,Axis Bank,-0.5272696878385719,DOWN,DOWN,0.4653219891851132,True
2026-06-24,Bharti Airtel,-1.4169337327218812,DOWN,DOWN,0.4767456574758993,True
2026-06-24,Dr Reddy's,1.6636536570138638,UP,DOWN,0.48841359587263583,False
2026-06-24,HCLTech,-1.185032135099473,DOWN,DOWN,0.4861934740679006,True
2026-06-24,HDFC Bank,0.3908189029538711,UP,UP,0.5197566797789103,True
2026-06-24,Hindustan Unilever,0.7600288243879039,UP,DOWN,0.4870892422952838,False
2026-06-24,ICICI Bank,1.0119412246009318,UP,DOWN,0.47803445096295233,False
2026-06-24,ITC,-0.1205462704177984,DOWN,UP,0.5211387870697796,False
2026-06-24,Infosys,-1.4575075496781498,DOWN,UP,0.5312887584971729,False
2026-06-24,M&M,3.8407554632688967,UP,DOWN,0.4897630558350181,False
2026-06-24,Maruti Suzuki,3.75150966183575,UP,DOWN,0.31319101859695053,False
2026-06-24,NTPC,-1.4003641425410662,DOWN,DOWN,0.4853299795139403,True
2026-06-24,ONGC,-2.8749974568685,DOWN,UP,0.5333796514587504,False
2026-06-24,Reliance,0.342570042907675,UP,UP,0.5013975614706966,True
2026-06-24,SBI,1.043886437558483,UP,DOWN,0.46913771528807474,False
2026-06-24,Sun Pharma,-0.61886339281092,DOWN,UP,0.5166138368008228,False
2026-06-24,TCS,-0.6780487827465653,DOWN,DOWN,0.48356233576703234,True
2026-06-24,Tata Steel,-0.7625141566670157,DOWN,UP,0.5594309168735883,False
2026-06-24,Wipro,0.2980308833070877,UP,UP,0.5025728152288882,True
2026-06-25,Axis Bank,0.0,DOWN,DOWN,0.4757016474167203,True
2026-06-25,Bharti Airtel,0.0,DOWN,DOWN,0.4883929054384305,True
2026-06-25,Dr Reddy's,0.0,DOWN,UP,0.5253916777232053,False
2026-06-25,HCLTech,0.0,DOWN,UP,0.5034409472835379,False
2026-06-25,HDFC Bank,0.0,DOWN,UP,0.5210224240091667,False
2026-06-25,Hindustan Unilever,0.0,DOWN,DOWN,0.49564872594629433,True
2026-06-25,ICICI Bank,0.0,DOWN,DOWN,0.4562388055477491,True
2026-06-25,ITC,0.0,DOWN,DOWN,0.4924123130027462,True
2026-06-25,Infosys,0.0,DOWN,UP,0.5027883585473101,False
2026-06-25,M&M,0.0,DOWN,DOWN,0.469721999177572,True
2026-06-25,Maruti Suzuki,0.0,DOWN,UP,0.5767227585530544,False
2026-06-25,NTPC,0.0,DOWN,DOWN,0.45621548311130394,True
2026-06-25,ONGC,0.0,DOWN,UP,0.6348232145205004,False
2026-06-25,Reliance,0.0,DOWN,DOWN,0.4874686973466506,True
2026-06-25,SBI,0.0,DOWN,DOWN,0.4661649658345457,True
2026-06-25,Sun Pharma,0.0,DOWN,DOWN,0.47802004385108754,True
2026-06-25,TCS,0.0,DOWN,DOWN,0.47228320617432257,True
2026-06-25,Tata Steel,0.0,DOWN,UP,0.5343284656656272,False
2026-06-25,Wipro,0.0,DOWN,UP,0.5046483302145928,False
2026-06-26,Axis Bank,-1.481259299086635,DOWN,UP,0.6158148216995735,False
2026-06-26,Bharti Airtel,-0.5187213399913349,DOWN,UP,0.5927693913577113,False
2026-06-26,Dr Reddy's,1.865971949046652,UP,UP,0.6448132167846288,True
2026-06-26,HCLTech,0.1544538309806942,UP,UP,0.577494879078004,True
2026-06-26,HDFC Bank,0.3265147131673362,UP,UP,0.6596092225644064,True
2026-06-26,Hindustan Unilever,-1.0532565016114104,DOWN,UP,0.6194769988710982,False
2026-06-26,ICICI Bank,0.0072054476351279,UP,UP,0.6094350143584938,True
2026-06-26,ITC,0.2413835196659386,UP,UP,0.6540310789420752,True
2026-06-26,Infosys,-0.4321936430111472,DOWN,UP,0.5559895333655207,False
2026-06-26,M&M,-2.8030907089614643,DOWN,UP,0.6005684274652432,False
2026-06-26,Maruti Suzuki,-2.4226991633321204,DOWN,DOWN,0.4610039818712028,True
2026-06-26,NTPC,1.1504100130600214,UP,UP,0.6029173128484958,True
2026-06-26,ONGC,0.4075490876737087,UP,UP,0.584539495870456,True
2026-06-26,Reliance,-1.297320074551711,DOWN,UP,0.6415836625680964,False
2026-06-26,SBI,-0.8896162818953002,DOWN,UP,0.6467637731142271,False
2026-06-26,Sun Pharma,0.644191522732096,UP,UP,0.5732716499313066,True
2026-06-26,TCS,0.152764178472653,UP,UP,0.5334732303229482,True
2026-06-26,Tata Steel,0.4557260239280936,UP,UP,0.5910523393240438,True
2026-06-26,Wipro,0.2742832728794608,UP,UP,0.5737933096835736,True
2026-06-30,Axis Bank,1.7091477175109393,UP,DOWN,0.4916594771895357,False
2026-06-30,Bharti Airtel,1.025917926565878,UP,DOWN,0.4938212039487872,False
2026-06-30,Dr Reddy's,-1.267404869302191,DOWN,UP,0.501670632527453,False
2026-06-30,HCLTech,-3.5081261376467388,DOWN,UP,0.516024516032818,False
2026-06-30,HDFC Bank,-0.2255765104871909,DOWN,UP,0.5230626616170231,False
2026-06-30,Hindustan Unilever,3.011993687981551,UP,UP,0.5052362623768527,True
2026-06-30,ICICI Bank,0.3345039135821626,UP,UP,0.5084503277341228,True
2026-06-30,ITC,1.1674422176084498,UP,UP,0.510571246483784,True
2026-06-30,Infosys,-1.509399865312655,DOWN,UP,0.5813178041169027,False
2026-06-30,M&M,1.9942632363827428,UP,UP,0.5363617397154189,True
2026-06-30,Maruti Suzuki,1.983705278072967,UP,UP,0.5451882178069423,True
2026-06-30,NTPC,0.3504836734590899,UP,DOWN,0.439049594286724,False
2026-06-30,ONGC,0.0383191140989724,UP,UP,0.5405766107265964,True
2026-06-30,Reliance,1.0897268196839782,UP,DOWN,0.48772927852870623,False
2026-06-30,SBI,1.9962994948507395,UP,DOWN,0.4990729359665278,False
2026-06-30,Sun Pharma,0.1986550964765188,UP,DOWN,0.46648296360391717,False
2026-06-30,TCS,-2.4070895601310704,DOWN,UP,0.5405687018075844,False
2026-06-30,Tata Steel,-1.5367432878690468,DOWN,UP,0.5201471594709008,False
2026-06-30,Wipro,-0.152587891171585,DOWN,UP,0.5303048716807337,False
2026-07-01,Axis Bank,-0.4456766131038958,DOWN,DOWN,0.4980901524799698,True
2026-07-01,Bharti Airtel,0.2137894174238486,UP,DOWN,0.4762799332054732,False
2026-07-01,Dr Reddy's,0.4328626503569799,UP,UP,0.5167533410840616,True
2026-07-01,HCLTech,4.2448294804421804,UP,UP,0.5195286089041128,True
2026-07-01,HDFC Bank,-0.0314011169168737,DOWN,UP,0.5550413110158917,False
2026-07-01,Hindustan Unilever,1.3107285818629633,UP,DOWN,0.4740538156051468,False
2026-07-01,ICICI Bank,1.4639766964083645,UP,UP,0.5095321358854484,True
2026-07-01,ITC,-0.1377863979689975,DOWN,UP,0.5291144494999621,False
2026-07-01,Infosys,5.642955172021824,UP,UP,0.5641149421949844,True
2026-07-01,M&M,1.450476113218846,UP,UP,0.5348049397321664,True
2026-07-01,Maruti Suzuki,-0.3265022577283782,DOWN,UP,0.5356356066131941,False
2026-07-01,NTPC,0.0977943865561714,UP,DOWN,0.48718293437165217,False
2026-07-01,ONGC,0.4127840325240273,UP,UP,0.5071631332416316,True
2026-07-01,Reliance,-0.3440366972477071,DOWN,UP,0.5006845793806539,False
2026-07-01,SBI,0.4009882636984319,UP,UP,0.5144657102885661,True
2026-07-01,Sun Pharma,0.2572097821088581,UP,DOWN,0.47320543467062387,False
2026-07-01,TCS,4.312525124744049,UP,UP,0.5141607804300666,True
2026-07-01,Tata Steel,1.3501107224287212,UP,UP,0.5427700850448803,True
2026-07-01,Wipro,2.2747281526578345,UP,UP,0.5606432243452879,True
2026-07-02,Axis Bank,-1.504476762608531,DOWN,DOWN,0.4898888593338207,True
2026-07-02,Bharti Airtel,1.8880013020833308,UP,DOWN,0.4694292744957219,False
2026-07-02,Dr Reddy's,2.1104276915021813,UP,UP,0.519657434242342,True
2026-07-02,HCLTech,5.648829031923852,UP,DOWN,0.4870232870505518,False
2026-07-02,HDFC Bank,0.6470615932820944,UP,UP,0.5108785151101968,True
2026-07-02,Hindustan Unilever,-0.4252305287754776,DOWN,DOWN,0.49530619800183323,True
2026-07-02,ICICI Bank,0.8142874581473114,UP,DOWN,0.48438614427085847,False
2026-07-02,ITC,0.0172536431872982,UP,UP,0.5002423251674197,True
2026-07-02,Infosys,0.6052384100345032,UP,UP,0.5478440702750718,True
2026-07-02,M&M,-1.2124457134228497,DOWN,UP,0.521113015658528,False
2026-07-02,Maruti Suzuki,0.1254530248118168,UP,DOWN,0.45032066388124614,False
2026-07-02,NTPC,-0.502439021065948,DOWN,DOWN,0.46848119014292033,True
2026-07-02,ONGC,0.7967407910371982,UP,DOWN,0.48133461177516373,False
2026-07-02,Reliance,0.038358266206373,UP,UP,0.5204032012419829,True
2026-07-02,SBI,-1.1030787233970885,DOWN,DOWN,0.48455421581182906,True
2026-07-02,Sun Pharma,1.8065231869655247,UP,DOWN,0.47682498528089107,False
2026-07-02,TCS,1.2281756754682904,UP,DOWN,0.46248508881476935,False
2026-07-02,Tata Steel,1.1349735725446175,UP,UP,0.522875507992635,True
2026-07-02,Wipro,1.195403351180846,UP,UP,0.5279375211974768,True
2026-07-03,Axis Bank,-0.1862752436835868,DOWN,DOWN,0.484499762946861,True
2026-07-03,Bharti Airtel,0.8008755528834843,UP,UP,0.5113876170615065,True
2026-07-03,Dr Reddy's,-0.4512008792687205,DOWN,DOWN,0.49228585155123966,True
2026-07-03,HCLTech,-0.4214265871927081,DOWN,DOWN,0.46839162288425645,True
2026-07-03,HDFC Bank,3.595279724342504,UP,UP,0.5161507049098929,True
2026-07-03,Hindustan Unilever,0.0363460315224495,UP,UP,0.5219829515363881,True
2026-07-03,ICICI Bank,1.0982003494321102,UP,DOWN,0.4695925308070201,False
2026-07-03,ITC,-0.586312169498171,DOWN,UP,0.5229114212585638,False
2026-07-03,Infosys,-0.4774637350206778,DOWN,UP,0.5775243872283844,False
2026-07-03,M&M,2.0497960033752705,UP,UP,0.5234458666615756,True
2026-07-03,Maruti Suzuki,0.626479186969231,UP,DOWN,0.4191289596881316,False
2026-07-03,NTPC,-0.0561122738621411,DOWN,DOWN,0.48679610190871375,True
2026-07-03,ONGC,2.547930395182374,UP,DOWN,0.4747235177535241,False
2026-07-03,Reliance,1.3266908610525263,UP,UP,0.5151213671537243,True
2026-07-03,SBI,-0.2211585411658667,DOWN,DOWN,0.4830271778060875,True
2026-07-03,Sun Pharma,0.4199915894018247,UP,DOWN,0.4655935838203361,False
2026-07-03,TCS,-1.7148269569500885,DOWN,UP,0.5270129488222314,False
2026-07-03,Tata Steel,0.563747127621439,UP,UP,0.5118926101705452,True
2026-07-03,Wipro,-0.9995425309710204,DOWN,UP,0.5480056060677958,False
2026-07-06,Axis Bank,0.1045106329932599,UP,DOWN,0.48812974968797324,False
2026-07-06,Bharti Airtel,0.0051979882010666,UP,UP,0.5404197386903309,True
2026-07-06,Dr Reddy's,-0.9722968485085026,DOWN,UP,0.5321082008297083,False
2026-07-06,HCLTech,2.9977077643911665,UP,UP,0.5239344682845956,True
2026-07-06,HDFC Bank,-0.0662755689762373,DOWN,UP,0.5458298939391922,False
2026-07-06,Hindustan Unilever,0.3088123900147677,UP,DOWN,0.48070963957433804,False
2026-07-06,ICICI Bank,-0.8550054687396447,DOWN,DOWN,0.4370110950357191,True
2026-07-06,ITC,0.1734605377276654,UP,UP,0.5664565637757956,True
2026-07-06,Infosys,2.840155348593809,UP,UP,0.5856767049160334,True
2026-07-06,M&M,-0.1499452986798877,DOWN,UP,0.5118648360126882,False
2026-07-06,Maruti Suzuki,0.5672385168788097,UP,DOWN,0.43210655597462005,False
2026-07-06,NTPC,-0.57543516995614,DOWN,DOWN,0.4784583967703165,True
2026-07-06,ONGC,0.1148006503910226,UP,UP,0.5132412420920202,True
2026-07-06,Reliance,-0.9763130203093272,DOWN,UP,0.500636175679405,False
2026-07-06,SBI,0.0385491406847293,UP,DOWN,0.49068688068660654,False
2026-07-06,Sun Pharma,-0.4914274453214018,DOWN,UP,0.5054983587748905,False
2026-07-06,TCS,1.8711118863113496,UP,UP,0.5163375519798937,True
2026-07-06,Tata Steel,-0.5658311199681298,DOWN,UP,0.5296237618328102,False
2026-07-06,Wipro,-0.7572322560563394,DOWN,UP,0.5226717376546229,False
2026-07-07,Axis Bank,-2.348993288590606,DOWN,DOWN,0.48695276579158653,True
2026-07-07,Bharti Airtel,-1.9576317523269715,DOWN,DOWN,0.4803241124832326,True
2026-07-07,Dr Reddy's,-0.4134043767065054,DOWN,DOWN,0.49149645943016956,True
2026-07-07,HCLTech,-1.934598230659612,DOWN,UP,0.5109662642875938,False
2026-07-07,HDFC Bank,-2.2910889038555315,DOWN,UP,0.505883033305237,False
2026-07-07,Hindustan Unilever,-3.304961897240544,DOWN,DOWN,0.48354121677217893,True
2026-07-07,ICICI Bank,-2.410403390322491,DOWN,DOWN,0.4980654310306616,True
2026-07-07,ITC,-2.805196918966446,DOWN,UP,0.5121461718360055,False
2026-07-07,Infosys,-0.2332524618498976,DOWN,UP,0.535589344864742,False
2026-07-07,M&M,-2.937676924432964,DOWN,DOWN,0.46135757385175397,True
2026-07-07,Maruti Suzuki,-4.037694318338147,DOWN,DOWN,0.4760848761974255,True
2026-07-07,NTPC,-1.5527949775408945,DOWN,DOWN,0.47566121443757653,True
2026-07-07,ONGC,1.15488877418517,UP,UP,0.5208556911937452,True
2026-07-07,Reliance,-2.483949816078179,DOWN,UP,0.5177312996810828,False
2026-07-07,SBI,-2.042187811430129,DOWN,DOWN,0.48164248128983295,True
2026-07-07,Sun Pharma,-0.7985748159726302,DOWN,DOWN,0.4676650316974888,True
2026-07-07,TCS,-1.841519768040212,DOWN,DOWN,0.4985093346888118,True
2026-07-07,Tata Steel,-0.8377661595116326,DOWN,UP,0.526340255546425,False
2026-07-07,Wipro,-0.1618490053739152,DOWN,UP,0.5391848080697539,False
2026-07-08,Axis Bank,-0.908745659722221,DOWN,DOWN,0.48459826899678643,True
2026-07-08,Bharti Airtel,2.2774217761776905,UP,DOWN,0.48124843006529194,False
2026-07-08,Dr Reddy's,-5.893254262416603,DOWN,DOWN,0.489136436374535,True
2026-07-08,HCLTech,0.418998684568761,UP,UP,0.589657373156682,True
2026-07-08,HDFC Bank,0.8947303602641066,UP,UP,0.5203932644105068,True
2026-07-08,Hindustan Unilever,0.4073392158900235,UP,DOWN,0.49292322454736737,False
2026-07-08,ICICI Bank,0.0072414593441649,UP,UP,0.5032861980861297,True
2026-07-08,ITC,0.4988398100592039,UP,UP,0.5057293978605486,True
2026-07-08,Infosys,-1.7301037272255515,DOWN,UP,0.5801009294584714,False
2026-07-08,M&M,-0.5511715602336875,DOWN,UP,0.5509622544275964,False
2026-07-08,Maruti Suzuki,-1.5984517238907592,DOWN,DOWN,0.4291304770914416,True
2026-07-08,NTPC,-1.4338972827541483,DOWN,DOWN,0.47784342717980394,True
2026-07-08,ONGC,-1.3562777747026744,DOWN,UP,0.5107235732163562,False
2026-07-08,Reliance,0.3056684959194644,UP,DOWN,0.49188414255482826,False
2026-07-08,SBI,0.5113532350312866,UP,DOWN,0.4785870618542504,False
2026-07-08,Sun Pharma,2.674504888566398,UP,DOWN,0.4863239823035988,False
2026-07-08,TCS,-0.3888213851761857,DOWN,UP,0.5238796390180117,False
2026-07-08,Tata Steel,-0.1540878272238477,DOWN,UP,0.5100521491515975,False
2026-07-08,Wipro,0.0231549825441046,UP,UP,0.5033708811656171,True
2026-07-09,Axis Bank,2.01140382837568,UP,DOWN,0.49767610400688606,False
2026-07-09,Bharti Airtel,-0.5540858219227229,DOWN,DOWN,0.463476117003673,True
2026-07-09,Dr Reddy's,-1.9850296314986249,DOWN,UP,0.6898677468199117,False
2026-07-09,HCLTech,1.1908858554530166,UP,UP,0.5556621353520096,True
2026-07-09,HDFC Bank,0.905146416066782,UP,UP,0.5288273682181371,True
2026-07-09,Hindustan Unilever,0.2844531432151909,UP,DOWN,0.47826503646991314,False
2026-07-09,ICICI Bank,1.4847541627419192,UP,UP,0.5058636852230128,True
2026-07-09,ITC,-0.10635979647301,DOWN,DOWN,0.4800583952622451,True
2026-07-09,Infosys,1.636843392903975,UP,UP,0.5565253998967408,True
2026-07-09,M&M,1.4260712190525604,UP,UP,0.5201208137389924,True
2026-07-09,Maruti Suzuki,0.9178321678321666,UP,DOWN,0.33305371619796065,False
2026-07-09,NTPC,0.2473015873579731,UP,UP,0.5217265075771251,True
2026-07-09,ONGC,0.5376617484913027,UP,UP,0.5244298064647875,True
2026-07-09,Reliance,2.187841766816523,UP,DOWN,0.4858784176904234,False
2026-07-09,SBI,1.35994763194216,UP,DOWN,0.49791727738864383,False
2026-07-09,Sun Pharma,-0.165056545750708,DOWN,DOWN,0.4399523871864767,True
2026-07-09,TCS,0.951451573554518,UP,DOWN,0.4907746228400899,False
2026-07-09,Tata Steel,1.7455157870120086,UP,UP,0.5081057453851568,True
2026-07-09,Wipro,1.562868889142277,UP,UP,0.5230324403151487,True
2026-07-10,Axis Bank,-0.3248414985590808,DOWN,DOWN,0.4739244051960197,True
2026-07-10,Bharti Airtel,-0.9685469355069642,DOWN,DOWN,0.496836423880871,True
2026-07-10,Dr Reddy's,-0.78759531009861,DOWN,DOWN,0.42110511367851816,True
2026-07-10,HCLTech,4.905074889052963,UP,UP,0.5470536228302095,True
2026-07-10,HDFC Bank,-0.8485362623697035,DOWN,UP,0.5401847226257499,False
2026-07-10,Hindustan Unilever,-0.9299729885531184,DOWN,DOWN,0.49895577181626827,True
2026-07-10,ICICI Bank,0.5923529201655509,UP,UP,0.5129025627641597,True
2026-07-10,ITC,-0.7453437811945407,DOWN,DOWN,0.4841558076299222,True
2026-07-10,Infosys,3.2396980885709192,UP,UP,0.5211545315490376,True
2026-07-10,M&M,0.9906052587520976,UP,UP,0.5255594887783094,True
2026-07-10,Maruti Suzuki,-1.1476829796448706,DOWN,DOWN,0.40558431688295093,True
2026-07-10,NTPC,2.0896858110926786,UP,DOWN,0.48701890955634297,False
2026-07-10,ONGC,1.424718377988765,UP,DOWN,0.4995787092833916,False
2026-07-10,Reliance,-0.8334626095043873,DOWN,UP,0.5092144645804667,False
2026-07-10,SBI,0.0965250965250907,UP,DOWN,0.4973456539047521,False
2026-07-10,Sun Pharma,-0.7284926678345349,DOWN,DOWN,0.48988705723620457,True
2026-07-10,TCS,5.437409376510383,UP,DOWN,0.49862017137793524,False
2026-07-10,Tata Steel,-2.134003754879943,DOWN,UP,0.5132339410329769,False
2026-07-10,Wipro,1.6926854258916046,UP,UP,0.512688833306862,True
2026-07-13,Axis Bank,-0.1364293462799093,DOWN,DOWN,0.4838085812423884,True
2026-07-13,Bharti Airtel,1.824584618832925,UP,DOWN,0.4873684577789277,False
2026-07-13,Dr Reddy's,0.9477481710712832,UP,DOWN,0.43656618925664115,False
2026-07-13,HCLTech,-4.462823630782276,DOWN,UP,0.5007760256467414,False
2026-07-13,HDFC Bank,-1.045294659254148,DOWN,UP,0.5072538323229469,False
2026-07-13,Hindustan Unilever,-0.4881322635728602,DOWN,DOWN,0.49028114492400504,True
2026-07-13,ICICI Bank,-0.1277083240954213,DOWN,DOWN,0.4836299677601584,True
2026-07-13,ITC,-1.4661205767926069,DOWN,UP,0.5047956212265141,False
2026-07-13,Infosys,-0.879734390227993,DOWN,UP,0.5331428904169625,False
2026-07-13,M&M,-2.1231443990953114,DOWN,DOWN,0.47857025507510703,True
2026-07-13,Maruti Suzuki,-1.504198612632346,DOWN,DOWN,0.39023550522300626,True
2026-07-13,NTPC,-1.0234558929681947,DOWN,DOWN,0.4765143683651182,True
2026-07-13,ONGC,0.1811217362727379,UP,DOWN,0.498670785398594,False
2026-07-13,Reliance,-0.3007189714430369,DOWN,DOWN,0.4851281818049593,True
2026-07-13,SBI,-2.082929178971804,DOWN,DOWN,0.47738142421471613,True
2026-07-13,Sun Pharma,1.1033595764806892,UP,DOWN,0.487760562889524,False
2026-07-13,TCS,0.8755488267820244,UP,UP,0.527967554841871,True
2026-07-13,Tata Steel,0.6199581306853608,UP,UP,0.5170747509694955,True
2026-07-13,Wipro,-0.7229688612254814,DOWN,UP,0.5119141060182772,False
2026-07-14,Axis Bank,-0.4022409574996888,DOWN,UP,0.5022818961008648,False
2026-07-14,Bharti Airtel,-0.9398373959140228,DOWN,DOWN,0.4684094384144648,True
2026-07-14,Dr Reddy's,-1.3400699587711506,DOWN,DOWN,0.4692149509424136,True
2026-07-14,HCLTech,0.11142957765784,UP,UP,0.5189339086306515,True
2026-07-14,HDFC Bank,0.7474657289945563,UP,DOWN,0.4995602545219584,False
2026-07-14,Hindustan Unilever,-0.830103477075228,DOWN,DOWN,0.47997135704710997,True
2026-07-14,ICICI Bank,0.6038218579835775,UP,DOWN,0.49833602018173034,False
2026-07-14,ITC,0.3992038295215216,UP,DOWN,0.4961850005446685,False
2026-07-14,Infosys,-1.518892416059492,DOWN,UP,0.5176514440270912,False
2026-07-14,M&M,-0.3362152497400017,DOWN,UP,0.5284980703933043,False
2026-07-14,Maruti Suzuki,0.6968641114982521,UP,DOWN,0.37152206893507406,False
2026-07-14,NTPC,-1.0914800688172963,DOWN,DOWN,0.46431097921183245,True
2026-07-14,ONGC,-0.6910410859304772,DOWN,DOWN,0.4900779728853743,True
2026-07-14,Reliance,0.1933488012374251,UP,DOWN,0.4893091193298351,False
2026-07-14,SBI,1.4477004942320848,UP,DOWN,0.4944259198593701,False
2026-07-14,Sun Pharma,0.458150135175317,UP,DOWN,0.4529222512297024,False
2026-07-14,TCS,-0.5180471679755327,DOWN,DOWN,0.49519250455801955,True
2026-07-14,Tata Steel,-1.5987728779507937,DOWN,UP,0.5161328850062997,False
2026-07-14,Wipro,-1.405670939225245,DOWN,UP,0.5188215344464764,False
2026-07-15,Axis Bank,-0.3581553811862314,DOWN,DOWN,0.470491233675428,True
2026-07-15,Bharti Airtel,0.1824532091388997,UP,DOWN,0.4915811451544267,False
2026-07-15,Dr Reddy's,-0.4148007796614505,DOWN,DOWN,0.4825241086215044,True
2026-07-15,HCLTech,1.6609609943546657,UP,DOWN,0.48721547661824766,False
2026-07-15,HDFC Bank,-0.8768194625089043,DOWN,UP,0.5091396175369012,False
2026-07-15,Hindustan Unilever,-0.1997619669656614,DOWN,DOWN,0.48498439449613223,True
2026-07-15,ICICI Bank,0.141222995972079,UP,DOWN,0.4809582556142123,False
2026-07-15,ITC,0.9759668413517276,UP,UP,0.5051129374956259,True
2026-07-15,Infosys,0.5667541864909476,UP,UP,0.5163592244525352,True
2026-07-15,M&M,1.132055778322294,UP,UP,0.5002363454066797,True
2026-07-15,Maruti Suzuki,1.472428771258194,UP,DOWN,0.3571610635026207,False
2026-07-15,NTPC,-0.5517624111536112,DOWN,DOWN,0.4803901338561672,True
2026-07-15,ONGC,-0.1739593367272474,DOWN,DOWN,0.4955034157841662,True
2026-07-15,Reliance,0.0849074168998376,UP,UP,0.5055035997031969,True
2026-07-15,SBI,0.106783381420028,UP,UP,0.5013799429076746,True
2026-07-15,Sun Pharma,-0.0717409384608069,DOWN,DOWN,0.47188072351354937,True
2026-07-15,TCS,0.5390119263344761,UP,DOWN,0.45959888869112614,False
2026-07-15,Tata Steel,0.1241557773659529,UP,UP,0.5033012765189934,True
2026-07-15,Wipro,1.769259493081421,UP,UP,0.5155043149657175,True
2026-07-16,Axis Bank,1.5983500156228736,UP,UP,0.5087089975897922,True
2026-07-16,Bharti Airtel,-0.6764491450568566,DOWN,DOWN,0.4807423242215387,True
2026-07-16,Dr Reddy's,-1.0780850195183933,DOWN,DOWN,0.48559326763703864,True
2026-07-16,HCLTech,1.3895906738036423,UP,DOWN,0.49757551106238623,False
2026-07-16,HDFC Bank,1.3979943045431489,UP,DOWN,0.49980087638695286,False
2026-07-16,Hindustan Unilever,2.163560264831621,UP,DOWN,0.4782170332316838,False
2026-07-16,ICICI Bank,1.8403679703051123,UP,DOWN,0.4880183636333703,False
2026-07-16,ITC,0.4832668960155217,UP,DOWN,0.4826252390593519,False
2026-07-16,Infosys,1.3026584689491472,UP,DOWN,0.4894602906124557,False
2026-07-16,M&M,1.969334190203376,UP,UP,0.5123940952610042,True
2026-07-16,Maruti Suzuki,0.1451062903576883,UP,DOWN,0.35106152733165796,False
2026-07-16,NTPC,-0.1752098356337272,DOWN,DOWN,0.478953111924205,True
2026-07-16,ONGC,0.2188422638836229,UP,UP,0.5095997531870476,True
2026-07-16,Reliance,2.3600166714571547,UP,DOWN,0.4946779810866135,False
2026-07-16,SBI,1.2703741540486702,UP,UP,0.509329301814649,True
2026-07-16,Sun Pharma,-0.8973898886769582,DOWN,UP,0.5073042826137297,False
2026-07-16,TCS,3.0895047705588263,UP,DOWN,0.49420578720605324,False
2026-07-16,Tata Steel,0.2156417513821784,UP,UP,0.5176978471100139,True
2026-07-16,Wipro,-0.9789610888872092,DOWN,UP,0.5022257307989687,False
2026-07-17,Axis Bank,-5.457282649604823,DOWN,UP,0.502981535169361,False
2026-07-17,Bharti Airtel,1.6397698007723838,UP,DOWN,0.4894657152883799,False
2026-07-17,Dr Reddy's,0.9824987527904838,UP,UP,0.5345900688460558,True
2026-07-17,HCLTech,1.4453047646154182,UP,UP,0.5078396974596796,True
2026-07-17,HDFC Bank,-5.1244511043297525,DOWN,UP,0.5083905760091391,False
2026-07-17,Hindustan Unilever,-0.1912537346237752,DOWN,UP,0.5275286970706681,False
2026-07-17,ICICI Bank,1.1008725199899372,UP,DOWN,0.47878441376753234,False
2026-07-17,ITC,0.7125044221675703,UP,DOWN,0.49864645986825223,False
2026-07-17,Infosys,-0.8572753683595558,DOWN,UP,0.5151090377751476,False
2026-07-17,M&M,-0.4309244898807018,DOWN,DOWN,0.4921905394234977,True
2026-07-17,Maruti Suzuki,-2.0937477359994183,DOWN,DOWN,0.393628784786172,True
2026-07-17,NTPC,1.5796383794269175,UP,DOWN,0.4710207199357012,False
2026-07-17,ONGC,0.9260417352481288,UP,DOWN,0.48266157788376857,False
2026-07-17,Reliance,-0.3089192086179193,DOWN,DOWN,0.4911319003205646,True
2026-07-17,SBI,1.5033946603270731,UP,DOWN,0.4852278837259586,False
2026-07-17,Sun Pharma,1.2315041461650411,UP,DOWN,0.49448682543292893,False
2026-07-17,TCS,-0.7888894818752767,DOWN,DOWN,0.44108372199210655,True
2026-07-17,Tata Steel,0.2797376266438389,UP,DOWN,0.49737929562091626,False
2026-07-17,Wipro,0.215911865234375,UP,UP,0.51611531906139,True
2026-07-20,Axis Bank,0.1751553480792145,UP,UP,0.5538201728387385,True
2026-07-20,Bharti Airtel,0.4278155214974655,UP,DOWN,0.46954082038093775,False
2026-07-20,Dr Reddy's,-1.3980848603766471,DOWN,UP,0.5434239422298595,False
2026-07-20,HCLTech,1.4902112866808093,UP,UP,0.5043563728053524,True
2026-07-20,HDFC Bank,-2.076898647886005,DOWN,UP,0.5860409607899628,False
2026-07-20,Hindustan Unilever,0.1308617512745913,UP,UP,0.5352127595877877,True
2026-07-20,ICICI Bank,0.1986046097135707,UP,DOWN,0.4585100746959261,False
2026-07-20,ITC,-0.6013484731604013,DOWN,UP,0.5036962754632182,False
2026-07-20,Infosys,-1.2510326456963816,DOWN,UP,0.5195026179061432,False
2026-07-20,M&M,1.1435776708853318,UP,DOWN,0.49844097607980387,False
2026-07-20,Maruti Suzuki,0.6141778895959682,UP,DOWN,0.36257092135205093,False
2026-07-20,NTPC,0.3743665350522063,UP,DOWN,0.4833132741178244,False
2026-07-20,ONGC,0.1242076914494072,UP,DOWN,0.4701126915531638,False
2026-07-20,Reliance,-1.4662553678508772,DOWN,UP,0.5019404538114992,False
2026-07-20,SBI,-1.4716958099941002,DOWN,DOWN,0.48903834654210643,True
2026-07-20,Sun Pharma,0.2811286000493407,UP,DOWN,0.4809218942682044,False
2026-07-20,TCS,-1.3326817421950632,DOWN,DOWN,0.49170140696701814,True
2026-07-20,Tata Steel,0.4452560564073948,UP,UP,0.5532658386379775,True
2026-07-20,Wipro,-0.7994124181174511,DOWN,DOWN,0.4975303650594745,True
2026-07-21,Axis Bank,-1.5736709208557076,DOWN,DOWN,0.4764774580187981,True
2026-07-21,Bharti Airtel,0.0307932446325098,UP,DOWN,0.4883194846928565,False
2026-07-21,Dr Reddy's,-1.9237107107690663,DOWN,UP,0.5142989832089832,False
2026-07-21,HCLTech,-0.1774869844191173,DOWN,DOWN,0.48399901538726187,True
2026-07-21,HDFC Bank,-1.0900239884311769,DOWN,DOWN,0.4896112670961756,True
2026-07-21,Hindustan Unilever,0.5647653515169271,UP,UP,0.5030833549232668,True
2026-07-21,ICICI Bank,-1.5309975249703456,DOWN,DOWN,0.4771075945657993,True
2026-07-21,ITC,-0.0711787213634296,DOWN,DOWN,0.4956001417156812,True
2026-07-21,Infosys,-1.993481547653708,DOWN,DOWN,0.48647749593462075,True
2026-07-21,M&M,-0.8245589139009524,DOWN,DOWN,0.4730540250464022,True
2026-07-21,Maruti Suzuki,-0.3824373023461058,DOWN,DOWN,0.3752193462341809,True
2026-07-21,NTPC,0.5594641444054638,UP,DOWN,0.49443768032411894,False
2026-07-21,ONGC,0.804351719454699,UP,DOWN,0.4773476210630321,False
2026-07-21,Reliance,-1.1582400975289064,DOWN,DOWN,0.49926520608742586,True
2026-07-21,SBI,-1.857528146358145,DOWN,UP,0.5065176527915013,False
2026-07-21,Sun Pharma,-0.9633530852168226,DOWN,DOWN,0.47398260653424595,True
2026-07-21,TCS,-0.5762932000062393,DOWN,UP,0.5140080869889079,False
2026-07-21,Tata Steel,-0.3791960548159334,DOWN,UP,0.5144645342447446,False
2026-07-21,Wipro,-0.3029083703487867,DOWN,DOWN,0.4953606952196845,True
2026-07-22,Axis Bank,-1.2435419985839302,DOWN,DOWN,0.49621195352404424,True
2026-07-22,Bharti Airtel,-0.9235505387378162,DOWN,DOWN,0.45413128869797786,True
2026-07-22,Dr Reddy's,-1.3949948697032588,DOWN,UP,0.5308710147709775,False
2026-07-22,HCLTech,0.5980685405095221,UP,UP,0.5127834729340812,True
2026-07-22,HDFC Bank,-0.7833797016275179,DOWN,DOWN,0.4873213004406223,True
2026-07-22,Hindustan Unilever,0.3341664738485406,UP,DOWN,0.4995792945351959,False
2026-07-22,ICICI Bank,-0.4234036088483051,DOWN,UP,0.5012376991365816,False
2026-07-22,ITC,0.1780626858034706,UP,DOWN,0.4957849553984325,False
2026-07-22,Infosys,-0.4467209657768034,DOWN,UP,0.5062326297218195,False
2026-07-22,M&M,1.7132208455017397,UP,DOWN,0.4797531000369241,False
2026-07-22,Maruti Suzuki,-1.0483573274270963,DOWN,DOWN,0.37474281256655617,True
2026-07-22,NTPC,-0.5420809975704377,DOWN,DOWN,0.47657972951113464,True
2026-07-22,ONGC,0.1865824660941539,UP,DOWN,0.4616986853245269,False
2026-07-22,Reliance,-1.272700971968066,DOWN,DOWN,0.4903053701498571,True
2026-07-22,SBI,-1.2097584794207197,DOWN,DOWN,0.4907629999997123,True
2026-07-22,Sun Pharma,0.5661348430262558,UP,DOWN,0.476660563639059,False
2026-07-22,TCS,1.5668094348857189,UP,UP,0.5149918178370859,True
2026-07-22,Tata Steel,-1.2330472668255488,DOWN,UP,0.5046842669079472,False
2026-07-22,Wipro,0.2178427410536976,UP,UP,0.5570905532762427,True
2026-07-23,Axis Bank,0.3515984323896104,UP,DOWN,0.4957193560980978,False
2026-07-23,Bharti Airtel,-1.6986042893902151,DOWN,DOWN,0.4736582637234678,True
2026-07-23,Dr Reddy's,-1.2518303219587357,DOWN,UP,0.6294102689331184,False
2026-07-23,HCLTech,2.112962951702846,UP,DOWN,0.49338749925220565,False
2026-07-23,HDFC Bank,-0.5955185288767151,DOWN,DOWN,0.4562397286251213,True
2026-07-23,Hindustan Unilever,-0.7771324104295374,DOWN,DOWN,0.4833651848800395,True
2026-07-23,ICICI Bank,-0.1184965287052031,DOWN,DOWN,0.4781909000306595,True
2026-07-23,ITC,0.7643172795460229,UP,UP,0.5210154794419564,True
2026-07-23,Infosys,-0.6205842895255054,DOWN,DOWN,0.48477961713692186,True
2026-07-23,M&M,-2.114749043586628,DOWN,DOWN,0.46919725667891377,True
2026-07-23,Maruti Suzuki,0.2909796314257917,UP,DOWN,0.3989253993035172,False
2026-07-23,NTPC,-0.401604667806188,DOWN,DOWN,0.47839544681589674,True
2026-07-23,ONGC,-1.4304397036879135,DOWN,DOWN,0.4869551119570923,True
2026-07-23,Reliance,0.4559070154642297,UP,DOWN,0.4744312921746374,False
2026-07-23,SBI,0.2370160450254399,UP,DOWN,0.4827874215732474,False
2026-07-23,Sun Pharma,-0.6601854869018764,DOWN,DOWN,0.48439291367070286,True
2026-07-23,TCS,0.508277095757248,UP,DOWN,0.4805995658799145,False
2026-07-23,Tata Steel,-0.8467663218647781,DOWN,UP,0.5053649693611542,False
2026-07-23,Wipro,1.315631905164727,UP,DOWN,0.4946066611072945,False
2026-07-24,Axis Bank,0.0162919550166895,UP,DOWN,0.48264046725035353,False
2026-07-24,Bharti Airtel,0.374043717147221,UP,DOWN,0.4819901968185229,False
2026-07-24,Dr Reddy's,-0.0781368743511978,DOWN,UP,0.5290636029113729,False
2026-07-24,HCLTech,1.95908925366346,UP,DOWN,0.49520421192134495,False
2026-07-24,HDFC Bank,-0.4375336636254556,DOWN,DOWN,0.49773877308911846,True
2026-07-24,Hindustan Unilever,1.3799579326922995,UP,UP,0.5128796266488242,True
2026-07-24,ICICI Bank,0.8932881945512339,UP,DOWN,0.4910923526550752,False
2026-07-24,ITC,0.846707988402362,UP,UP,0.5033095347198985,True
2026-07-24,Infosys,3.679500995244189,UP,UP,0.5152245450271984,True
2026-07-24,M&M,2.4419623488716624,UP,UP,0.5161433705979406,True
2026-07-24,Maruti Suzuki,2.142538312751085,UP,DOWN,0.39897192645657303,False
2026-07-24,NTPC,1.0368592912925578,UP,DOWN,0.4761610772353355,False
2026-07-24,ONGC,-4.100336538623783,DOWN,UP,0.5003849149670846,False
2026-07-24,Reliance,0.156494522691708,UP,DOWN,0.48794204479181824,False
2026-07-24,SBI,0.551721732604693,UP,DOWN,0.4788516905914198,False
2026-07-24,Sun Pharma,1.6794588633229468,UP,DOWN,0.48956840569803217,False
2026-07-24,TCS,1.832056422550954,UP,DOWN,0.4883878543022404,False
2026-07-24,Tata Steel,0.8649487309861259,UP,DOWN,0.49027062698801427,False
2026-07-24,Wipro,0.7960725502371924,UP,DOWN,0.49064426560453883,False
2026-07-27,Axis Bank,-0.3258655804480703,DOWN,UP,0.5064728574548824,False
2026-07-27,Bharti Airtel,-0.183698100577534,DOWN,DOWN,0.47067918028066447,True
2026-07-27,Dr Reddy's,-1.3208266073385988,DOWN,DOWN,0.47009378012289127,True
2026-07-27,HCLTech,1.751674569351036,UP,DOWN,0.46364367929358813,False
2026-07-27,HDFC Bank,-0.5611471093780906,DOWN,UP,0.5516761648248636,False
2026-07-27,Hindustan Unilever,-6.985199101576911,DOWN,UP,0.5463155120208281,False
2026-07-27,ICICI Bank,-1.030635875146313,DOWN,DOWN,0.4606044275555078,True
2026-07-27,ITC,-0.4198048561862455,DOWN,UP,0.5040712494663956,False
2026-07-27,Infosys,2.45552272043974,UP,UP,0.5433610767778566,True
2026-07-27,M&M,1.0066032400609437,UP,DOWN,0.48595572127052944,False
2026-07-27,Maruti Suzuki,0.5243991260014624,UP,DOWN,0.4117055422167997,False
2026-07-27,NTPC,-2.009688722432179,DOWN,DOWN,0.47476118961939934,True
2026-07-27,ONGC,0.1467161750073442,UP,UP,0.5909700369860128,True
2026-07-27,Reliance,-0.9609413146972612,DOWN,UP,0.5020243532978292,False
2026-07-27,SBI,-0.7250601171784221,DOWN,UP,0.508231572716265,False
2026-07-27,Sun Pharma,0.1519987877700801,UP,UP,0.5013756131744752,True
2026-07-27,TCS,4.460702996497412,UP,DOWN,0.4968146251107553,False
2026-07-27,Tata Steel,-0.8792375127204877,DOWN,UP,0.5251899742607729,False
2026-07-27,Wipro,1.4507345295467378,UP,DOWN,0.49116919729619307,False
2026-07-28,Axis Bank,0.9726215295514872,UP,UP,0.5077004751623776,True
2026-07-28,Bharti Airtel,2.544952208491824,UP,DOWN,0.47573905004860934,False
2026-07-28,Dr Reddy's,0.5900029399640072,UP,UP,0.5572757480462497,True
2026-07-28,HCLTech,1.9490424479014168,UP,DOWN,0.42334209635646614,False
2026-07-28,HDFC Bank,1.7405476431915146,UP,DOWN,0.48504833768752975,False
2026-07-28,Hindustan Unilever,4.701641368071052,UP,UP,0.7175406916632444,True
2026-07-28,ICICI Bank,0.4962241643584386,UP,UP,0.5264881890188559,True
2026-07-28,ITC,0.5620959556730254,UP,UP,0.503915348204303,True
2026-07-28,Infosys,4.51298061116634,UP,UP,0.5487838500827716,True
2026-07-28,M&M,-1.5101462179361147,DOWN,DOWN,0.42820542522344707,True
2026-07-28,Maruti Suzuki,1.057817707578601,UP,DOWN,0.37567066311316355,False
2026-07-28,NTPC,-0.0727272727272687,DOWN,DOWN,0.4649473687435195,True
2026-07-28,ONGC,-0.2511431477621118,DOWN,DOWN,0.46130347238461944,True
2026-07-28,Reliance,0.6468465376690435,UP,DOWN,0.48950114783329574,False
2026-07-28,SBI,0.049348597905241,UP,DOWN,0.4921344149486209,False
2026-07-28,Sun Pharma,0.6677833544925127,UP,DOWN,0.47838330140857616,False
2026-07-28,TCS,2.0266929798269384,UP,DOWN,0.4135346117002667,False
2026-07-28,Tata Steel,2.5406555689607258,UP,UP,0.502881807302214,True
2026-07-28,Wipro,1.374782221892734,UP,UP,0.5003982551438287,True
2026-07-29,Axis Bank,-0.5261453676174921,DOWN,UP,0.519363220589039,False
2026-07-29,Bharti Airtel,0.3384318439903611,UP,DOWN,0.4704126383850075,False
2026-07-29,Dr Reddy's,0.2188566832825422,UP,UP,0.504076560481291,True
2026-07-29,HCLTech,0.6248532350402458,UP,DOWN,0.4436263778577625,False
2026-07-29,HDFC Bank,0.7685110807521545,UP,UP,0.553667887754934,True
2026-07-29,Hindustan Unilever,-0.4674731445895141,DOWN,DOWN,0.4796589492472313,True
2026-07-29,ICICI Bank,-0.2781834572699204,DOWN,UP,0.5128856887277761,False
2026-07-29,ITC,-0.4192182382641962,DOWN,UP,0.5029842241480847,False
2026-07-29,Infosys,-0.0432675675461569,DOWN,DOWN,0.48529761572079544,True
2026-07-29,M&M,1.9212831772805083,UP,DOWN,0.486706864807089,False
2026-07-29,Maruti Suzuki,1.7206767995411545,UP,DOWN,0.3380773204607413,False
2026-07-29,NTPC,0.3930148772971265,UP,DOWN,0.4700134414157296,False
2026-07-29,ONGC,1.3763580264778863,UP,DOWN,0.4865469418134527,False
2026-07-29,Reliance,1.332392795258941,UP,DOWN,0.4837121499386227,False
2026-07-29,SBI,1.1443263767786815,UP,UP,0.5091668260861862,True
2026-07-29,Sun Pharma,0.5628398931837086,UP,DOWN,0.49881653192545156,False
2026-07-29,TCS,-0.6049230866255084,DOWN,DOWN,0.4588017161774107,True
2026-07-29,Tata Steel,-0.1868991806110997,DOWN,UP,0.5190545610576668,False
2026-07-29,Wipro,1.481401455073983,UP,UP,0.5086457088087969,True
2026-07-30,Axis Bank,0.0488221640506214,UP,UP,0.5106389958900847,True
2026-07-30,Bharti Airtel,0.7767758990489426,UP,DOWN,0.4648906731298576,False
2026-07-30,Dr Reddy's,0.2882535479615367,UP,DOWN,0.49842419380751435,False
2026-07-30,HCLTech,-0.4287666864176254,DOWN,DOWN,0.3984405359397624,True
2026-07-30,HDFC Bank,-0.7692801510793101,DOWN,UP,0.5298728268320966,False
2026-07-30,Hindustan Unilever,-0.3131008976416161,DOWN,DOWN,0.48988444906895967,True
2026-07-30,ICICI Bank,0.1046098036446396,UP,DOWN,0.49537621237114027,False
2026-07-30,ITC,-1.4207991462572012,DOWN,DOWN,0.4911057740777931,True
2026-07-30,Infosys,-2.16431482368602,DOWN,UP,0.5085694684973606,False
2026-07-30,M&M,3.496057816949927,UP,DOWN,0.3955930911843894,False
2026-07-30,Maruti Suzuki,0.3242176487172177,UP,DOWN,0.4614976293534442,False
2026-07-30,NTPC,0.6959529807182285,UP,DOWN,0.45728306652760825,False
2026-07-30,ONGC,0.3890899688129057,UP,DOWN,0.4839667618529998,False
2026-07-30,Reliance,1.1524498517056836,UP,DOWN,0.4982765429704426,False
2026-07-30,SBI,0.2048157111020909,UP,DOWN,0.4740578619215346,False
2026-07-30,Sun Pharma,-0.529707446667349,DOWN,DOWN,0.4639747765527854,True
2026-07-30,TCS,-2.722261281464178,DOWN,DOWN,0.45378497603836904,True
2026-07-30,Tata Steel,1.481919698050338,UP,UP,0.5225130820058834,True
2026-07-30,Wipro,-1.4383126218182718,DOWN,UP,0.5431224763783221,False
2026-07-31,Axis Bank,3.4566897112647377,UP,UP,0.5169814812026914,True
2026-07-31,Bharti Airtel,-0.0760649087221065,DOWN,DOWN,0.4673715457586278,True
2026-07-31,Dr Reddy's,2.7785058002272045,UP,UP,0.5264123825707125,True
2026-07-31,HCLTech,2.23475945061562,UP,DOWN,0.42708327575042526,False
2026-07-31,HDFC Bank,0.6482624377023738,UP,UP,0.5446846141095283,True
2026-07-31,Hindustan Unilever,1.7465354932220345,UP,UP,0.520150913500887,True
2026-07-31,ICICI Bank,1.7138062677670265,UP,UP,0.5368203935149164,True
2026-07-31,ITC,2.135231316725972,UP,DOWN,0.49182232795073283,False
2026-07-31,Infosys,4.415540703661214,UP,UP,0.549822224727545,True
2026-07-31,M&M,0.8856877344784353,UP,DOWN,0.4521254673297637,False
2026-07-31,Maruti Suzuki,-0.5901362933820375,DOWN,DOWN,0.381733962478815,True
2026-07-31,NTPC,1.0511141530552548,UP,DOWN,0.4671094232965266,False
2026-07-31,ONGC,-0.2185291642124553,DOWN,DOWN,0.484124080930042,True
2026-07-31,Reliance,0.8563962955889792,UP,UP,0.5251904043690302,True
2026-07-31,SBI,1.7130596814979526,UP,DOWN,0.48157620945625124,False
2026-07-31,Sun Pharma,-1.3564431047475511,DOWN,DOWN,0.47141136680599727,True
2026-07-31,TCS,4.569658820302136,UP,UP,0.5121656830215314,True
2026-07-31,Tata Steel,0.6905991574323478,UP,UP,0.5146736292537624,True
2026-07-31,Wipro,2.7280206545766683,UP,UP,0.5029713190177751,True
2026-08-03,Axis Bank,-0.8018829537637551,DOWN,DOWN,0.4836116468125174,True
2026-08-03,Bharti Airtel,-0.0203006553698426,DOWN,DOWN,0.497672359758418,True
2026-08-03,Dr Reddy's,-0.6271207130561396,DOWN,UP,0.5253108621876715,False
2026-08-03,HCLTech,-0.515611879879263,DOWN,DOWN,0.4440183043203611,True
2026-08-03,HDFC Bank,-1.4608233731739697,DOWN,UP,0.504086285211004,False
2026-08-03,Hindustan Unilever,-1.9410664172123449,DOWN,UP,0.5166783972449919,False
2026-08-03,ICICI Bank,-0.3698646858946941,DOWN,DOWN,0.47887118974354875,True
2026-08-03,ITC,0.6968641114982521,UP,UP,0.5146319256207829,True
2026-08-03,Infosys,-1.0593220338983025,DOWN,UP,0.5139782900849627,False
2026-08-03,M&M,0.1283294119590605,UP,DOWN,0.41106293136077876,False
2026-08-03,Maruti Suzuki,0.1272084805653772,UP,DOWN,0.43960819111450405,False
2026-08-03,NTPC,-2.066115738417129,DOWN,DOWN,0.4679391444061728,True
2026-08-03,ONGC,0.0,DOWN,DOWN,0.49237060005611283,True
2026-08-03,Reliance,-2.1303999686078434,DOWN,DOWN,0.49787400708708796,True
2026-08-03,SBI,-0.2201003663277467,DOWN,UP,0.5042815664895457,False
2026-08-03,Sun Pharma,0.0254647313470801,UP,DOWN,0.48637968943807475,False
2026-08-03,TCS,-0.5538242892144218,DOWN,DOWN,0.3621636794703989,True
2026-08-03,Tata Steel,-0.0261796082501652,DOWN,UP,0.5023484879531946,False
2026-08-03,Wipro,-1.250927893851972,DOWN,DOWN,0.4905936302747559,True
2026-08-04,Axis Bank,-0.6260916237401881,DOWN,UP,0.512760120473532,False
2026-08-04,Bharti Airtel,0.4009961175555743,UP,DOWN,0.4581928651597235,False
2026-08-04,Dr Reddy's,0.2899560365727804,UP,UP,0.5020979868539024,True
2026-08-04,HCLTech,-1.45266253444839,DOWN,DOWN,0.38417002083440654,True
2026-08-04,HDFC Bank,-0.943396226415094,DOWN,UP,0.5433698323876952,False
2026-08-04,Hindustan Unilever,-0.5342213771464377,DOWN,UP,0.5114255705938281,False
2026-08-04,ICICI Bank,-0.3093634040649107,DOWN,DOWN,0.47371045263616085,True
2026-08-04,ITC,-0.7093383366673867,DOWN,DOWN,0.4827809278977232,True
2026-08-04,Infosys,0.5567451820128522,UP,UP,0.5239932944772844,True
2026-08-04,M&M,0.6524876884284936,UP,DOWN,0.4071293836719642,False
2026-08-04,Maruti Suzuki,0.1552795031055875,UP,DOWN,0.3786394026563991,False
2026-08-04,NTPC,1.818710930017553,UP,DOWN,0.4513459835986629,False
2026-08-04,ONGC,-0.7438029139495095,DOWN,DOWN,0.486852082343272,True
2026-08-04,Reliance,-0.8443740187401461,DOWN,DOWN,0.4942574964280766,True
2026-08-04,SBI,1.1796345453264134,UP,DOWN,0.4891556100255198,False
2026-08-04,Sun Pharma,-1.2219959266802416,DOWN,UP,0.5133730654064854,False
2026-08-04,TCS,-1.9105691056910623,DOWN,DOWN,0.41749458795708594,True
2026-08-04,Tata Steel,1.0683469900629738,UP,UP,0.5045268423016148,True
2026-08-04,Wipro,0.3703716747737173,UP,DOWN,0.4986071739700424,False
2026-08-05,Axis Bank,0.1674755199816413,UP,UP,0.5156880840569963,True
2026-08-05,Bharti Airtel,-1.5166835187057637,DOWN,UP,0.5002887084679223,False
2026-08-05,Dr Reddy's,-0.4251700680272141,DOWN,UP,0.5009584127609602,False
2026-08-05,HCLTech,-1.1111111111111072,DOWN,DOWN,0.4031985766927916,True
2026-08-05,HDFC Bank,-0.0952397560586737,DOWN,UP,0.546132281137564,False
2026-08-05,Hindustan Unilever,-0.2781397732851132,DOWN,UP,0.5205791921020783,False
2026-08-05,ICICI Bank,0.5103113260223502,UP,DOWN,0.4827394922869715,False
2026-08-05,ITC,-0.3659237727403508,DOWN,DOWN,0.4937267069597715,True
2026-08-05,Infosys,-0.7666098807495692,DOWN,UP,0.503446186637521,False
2026-08-05,M&M,-1.4296435648517236,DOWN,DOWN,0.3612352952244417,True
2026-08-05,Maruti Suzuki,-0.7751937984496138,DOWN,DOWN,0.3951938296533775,True
2026-08-05,NTPC,-1.4003983943863707,DOWN,DOWN,0.47239017260665717,True
2026-08-05,ONGC,-0.9991648322133506,DOWN,UP,0.5099985120921021,False
2026-08-05,Reliance,3.515625,UP,UP,0.5211460758523796,True
2026-08-05,SBI,2.8436018957346043,UP,UP,0.5025764746103488,True
2026-08-05,Sun Pharma,0.5670103092783485,UP,DOWN,0.49278967340577634,False
2026-08-05,TCS,-1.6576875259013637,DOWN,UP,0.5634844763055161,False
2026-08-05,Tata Steel,-1.9120173772610105,DOWN,UP,0.500286331263906,False
2026-08-05,Wipro,-0.4652710574995944,DOWN,DOWN,0.48151088831564903,True
2026-08-06,Axis Bank,-1.4331210191082857,DOWN,DOWN,0.49760674281227135,True
2026-08-06,Bharti Airtel,0.6108842101674838,UP,DOWN,0.48022355298835834,False
2026-08-06,Dr Reddy's,0.0853970964987294,UP,UP,0.5217197024217353,True
2026-08-06,HCLTech,1.6179756993211614,UP,DOWN,0.4497906687047732,False
2026-08-06,HDFC Bank,-0.449405944141068,DOWN,UP,0.5208121672140148,False
2026-08-06,Hindustan Unilever,0.7934599663380615,UP,DOWN,0.480728053642521,False
2026-08-06,ICICI Bank,-2.5042881646655246,DOWN,DOWN,0.4818484463306611,True
2026-08-06,ITC,0.0699588007349483,UP,DOWN,0.4944498812084201,False
2026-08-06,Infosys,0.8669506940718774,UP,UP,0.538665646522341,True
2026-08-06,M&M,2.8185554903112253,UP,DOWN,0.4528164218200767,False
2026-08-06,Maruti Suzuki,-0.305397727272727,DOWN,DOWN,0.3319273420411528,True
2026-08-06,NTPC,-0.7246376811594235,DOWN,DOWN,0.48153124490548566,True
2026-08-06,ONGC,0.4415487965865328,UP,UP,0.5024632762049367,True
2026-08-06,Reliance,0.739626326650944,UP,UP,0.5037217610784114,True
2026-08-06,SBI,1.1244194628456272,UP,DOWN,0.4789580982316787,False
2026-08-06,Sun Pharma,-0.3075345976422339,DOWN,DOWN,0.4827941260668091,True
2026-08-06,TCS,3.358615725742742,UP,UP,0.5427471807702352,True
2026-08-06,Tata Steel,-0.9244585165281372,DOWN,UP,0.5156494094975431,False
2026-08-06,Wipro,0.757577745057203,UP,DOWN,0.48309079842476127,False
2026-08-07,Axis Bank,0.7512155757774641,UP,UP,0.518230836574168,True
2026-08-07,Bharti Airtel,-0.8622901272280492,DOWN,DOWN,0.48644202671438486,True
2026-08-07,Dr Reddy's,-1.1262756972589605,DOWN,UP,0.5027370124992859,False
2026-08-07,HCLTech,0.0442264187479723,UP,DOWN,0.4116655181051877,False
2026-08-07,HDFC Bank,0.0,DOWN,DOWN,0.4892688667766753,True
2026-08-07,Hindustan Unilever,-0.4198496578303956,DOWN,UP,0.5021735227689447,False
2026-08-07,ICICI Bank,0.7600315853712125,UP,DOWN,0.47629266473486437,False
2026-08-07,ITC,-1.2058763136771788,DOWN,UP,0.5375457159411557,False
2026-08-07,Infosys,0.6722853015228125,UP,DOWN,0.49574631912866646,False
2026-08-07,M&M,0.4283266704740107,UP,DOWN,0.3895777370183733,False
2026-08-07,Maruti Suzuki,0.4274417610600656,UP,DOWN,0.33841647475791814,False
2026-08-07,NTPC,-0.5985365818886867,DOWN,DOWN,0.4835961143119962,True
2026-08-07,ONGC,0.4144819799359878,UP,DOWN,0.4997392853351509,False
2026-08-07,Reliance,-0.5618819093230143,DOWN,UP,0.5232186151063855,False
2026-08-07,SBI,-2.387892119744617,DOWN,UP,0.5202442805086519,False
2026-08-07,Sun Pharma,-0.0308470738271227,DOWN,DOWN,0.48626635504244264,True
2026-08-07,TCS,-1.1008276812293991,DOWN,DOWN,0.38690500961651797,True
2026-08-07,Tata Steel,1.434285469280394,UP,DOWN,0.4979935433481843,False
2026-08-07,Wipro,-1.0824928238206688,DOWN,DOWN,0.46473004751254354,True
2026-08-10,Axis Bank,-1.403030491054802,DOWN,DOWN,0.4932234524332907,True
2026-08-10,Bharti Airtel,-1.430779661766601,DOWN,DOWN,0.48680295296601667,True
2026-08-10,Dr Reddy's,3.9868786007211776,UP,UP,0.5096116897452246,True
2026-08-10,HCLTech,0.6041905052462715,UP,DOWN,0.482945638497609,False
2026-08-10,HDFC Bank,-0.2735978112175075,DOWN,DOWN,0.49078959743225237,True
2026-08-10,Hindustan Unilever,-1.0684193824173185,DOWN,DOWN,0.4941199024280465,True
2026-08-10,ICICI Bank,-0.1536578549489631,DOWN,DOWN,0.48873758779794485,True
2026-08-10,ITC,-1.2913475943046038,DOWN,DOWN,0.4797129848268282,True
2026-08-10,Infosys,0.6508834464814095,UP,DOWN,0.45587111890911436,False
2026-08-10,M&M,-1.6178533506895132,DOWN,DOWN,0.3592071209525885,True
2026-08-10,Maruti Suzuki,-0.7590267432787123,DOWN,DOWN,0.3192256979453718,True
2026-08-10,NTPC,-0.5874577554086824,DOWN,DOWN,0.4818958973608824,True
2026-08-10,ONGC,-0.1626081536038048,DOWN,DOWN,0.48236901731592324,True
2026-08-10,Reliance,-0.2561609499724171,DOWN,UP,0.5110034981895244,False
2026-08-10,SBI,-0.4668534080298769,DOWN,UP,0.559488128006641,False
2026-08-10,Sun Pharma,-0.1234326467767776,DOWN,DOWN,0.4920721385494739,True
2026-08-10,TCS,0.8245042834064353,UP,UP,0.5359137394532195,True
2026-08-10,Tata Steel,-1.0460499556890546,DOWN,UP,0.5232672862990881,False
2026-08-10,Wipro,-0.4851719118514341,DOWN,UP,0.5224794199132247,False
2026-08-11,Axis Bank,0.0162588359030824,UP,DOWN,0.49218398341235853,False
2026-08-11,Bharti Airtel,1.5559758556745518,UP,UP,0.507920153512343,True
2026-08-11,Dr Reddy's,-0.4149377593360981,DOWN,UP,0.5707111400773069,False
2026-08-11,HCLTech,0.0,DOWN,DOWN,0.42899386447290716,True
2026-08-11,HDFC Bank,0.0,DOWN,UP,0.5093330740449971,False
2026-08-11,Hindustan Unilever,-0.092009416126837,DOWN,UP,0.5067607536019487,False
2026-08-11,ICICI Bank,0.1468925309037416,UP,DOWN,0.4781469216602501,False
2026-08-11,ITC,-1.021507563984092,DOWN,DOWN,0.4832172044191761,True
2026-08-11,Infosys,-1.2261674800245317,DOWN,DOWN,0.47052484861690713,True
2026-08-11,M&M,-1.632900737128129,DOWN,DOWN,0.46164354110635175,True
2026-08-11,Maruti Suzuki,-0.8220157255182325,DOWN,DOWN,0.30882251292817015,True
2026-08-11,NTPC,0.2954646074553313,UP,DOWN,0.4609689461964505,False
2026-08-11,ONGC,-0.1670469415670283,DOWN,DOWN,0.49906428579088924,True
2026-08-11,Reliance,0.3852236189960445,UP,DOWN,0.4952914609678145,False
2026-08-11,SBI,1.500938086303938,UP,UP,0.5148897431823233,True
2026-08-11,Sun Pharma,0.1029866117404632,UP,DOWN,0.4773215677793765,False
2026-08-11,TCS,-3.925256651127662,DOWN,UP,0.5191784879275911,False
2026-08-11,Tata Steel,-1.0889790447584646,DOWN,UP,0.5109481164553074,False
2026-08-11,Wipro,-0.3575317661361543,DOWN,UP,0.5020222704132546,False
2026-08-12,Axis Bank,-0.6666626969004108,DOWN,DOWN,0.48772351349101994,True
2026-08-12,Bharti Airtel,-0.3033431575353629,DOWN,DOWN,0.46926847233835056,True
2026-08-12,Dr Reddy's,0.4999999999999893,UP,UP,0.5361428791971101,True
2026-08-12,HCLTech,0.3368958183453507,UP,DOWN,0.41687614296640796,False
2026-08-12,HDFC Bank,-0.5486968449931462,DOWN,DOWN,0.49917878303081553,True
2026-08-12,Hindustan Unilever,1.4057198254968428,UP,UP,0.5011187293698381,True
2026-08-12,ICICI Bank,-1.7391844096501408,DOWN,DOWN,0.49012630859234385,True
2026-08-12,ITC,0.8509890115719232,UP,DOWN,0.47594139020627135,False
2026-08-12,Infosys,-0.0935273878727382,DOWN,UP,0.5033446815711655,False
2026-08-12,M&M,0.7227598075509656,UP,UP,0.535517091811369,True
2026-08-12,Maruti Suzuki,0.216216216216214,UP,DOWN,0.3309424008179864,False
2026-08-12,NTPC,1.4140484962013256,UP,DOWN,0.46448765576497586,False
2026-08-12,ONGC,0.3555703132714694,UP,UP,0.5132049481726986,True
2026-08-12,Reliance,-0.9029345372460472,DOWN,UP,0.5005478643655036,False
2026-08-12,SBI,0.0924214417744817,UP,DOWN,0.49289587085650255,False
2026-08-12,Sun Pharma,-0.6172839506172867,DOWN,UP,0.506423325943282,False
2026-08-12,TCS,1.0767353004159874,UP,UP,0.5818662495278435,True
2026-08-12,Tata Steel,-0.7250219478262654,DOWN,UP,0.5251761459684473,False
2026-08-12,Wipro,-0.4566686564866362,DOWN,DOWN,0.4896107075192463,True
2026-08-13,Axis Bank,-0.3601263904255636,DOWN,DOWN,0.49235843483772596,True
2026-08-13,Bharti Airtel,2.7332267890924467,UP,DOWN,0.471399277150907,False
2026-08-13,Dr Reddy's,-0.497512437810943,DOWN,UP,0.5064374540556968,False
2026-08-13,HCLTech,-0.7299270072992692,DOWN,DOWN,0.4838320537334844,True
2026-08-13,HDFC Bank,0.2758620689655267,UP,UP,0.5290331017484828,True
2026-08-13,Hindustan Unilever,-0.7170172084130066,DOWN,UP,0.5126772789964839,False
2026-08-13,ICICI Bank,0.7250462622866438,UP,DOWN,0.4978089343004325,False
2026-08-13,ITC,-0.107715545051612,DOWN,DOWN,0.48058404859484116,True
2026-08-13,Infosys,-0.4936211768617027,DOWN,UP,0.5063075269859215,False
2026-08-13,M&M,0.0029198313306055,UP,DOWN,0.43900342903569095,False
2026-08-13,Maruti Suzuki,-0.5106076950737171,DOWN,DOWN,0.4103720356248438,True
2026-08-13,NTPC,-1.2345679012345734,DOWN,DOWN,0.4697775041157469,True
2026-08-13,ONGC,-1.4589412626288878,DOWN,UP,0.5235880953792945,False
2026-08-13,Reliance,-0.5315110098709219,DOWN,DOWN,0.4887475168171251,True
2026-08-13,SBI,-1.4127468908702645,DOWN,UP,0.5069175841734663,False
2026-08-13,Sun Pharma,-0.103519668737062,DOWN,UP,0.5290491480782245,False
2026-08-13,TCS,-0.5894736842105286,DOWN,UP,0.5071907421588181,False
2026-08-13,Tata Steel,-0.7303251603679173,DOWN,DOWN,0.49681732630859654,True
2026-08-13,Wipro,0.4915313306847135,UP,UP,0.5138874209658734,True
2026-08-14,Axis Bank,0.8132104662004869,UP,DOWN,0.49356169858410537,False
2026-08-14,Bharti Airtel,-1.1445171947811583,DOWN,DOWN,0.46576358481106617,True
2026-08-14,Dr Reddy's,-0.666666666666671,DOWN,UP,0.5132797647645504,False
2026-08-14,HCLTech,-2.573529411764708,DOWN,DOWN,0.4473632857280671,True
2026-08-14,HDFC Bank,0.2751031636863743,UP,DOWN,0.4971363393502192,False
2026-08-14,Hindustan Unilever,-1.0592200288878195,DOWN,UP,0.5102892689197602,False
2026-08-14,ICICI Bank,-0.1199683254675343,DOWN,DOWN,0.48841189812877833,True
2026-08-14,ITC,-1.851194891476116,DOWN,UP,0.5169295716968542,False
2026-08-14,Infosys,-2.5059808400133443,DOWN,DOWN,0.4977319481837325,True
2026-08-14,M&M,-1.1055084428018502,DOWN,DOWN,0.4514847087810177,True
2026-08-14,Maruti Suzuki,-0.5349139800491565,DOWN,DOWN,0.32000507093614655,True
2026-08-14,NTPC,-0.8823529411764675,DOWN,DOWN,0.47450548429834705,True
2026-08-14,ONGC,0.8840996830121961,UP,DOWN,0.49554283915601616,False
2026-08-14,Reliance,0.458015267175571,UP,DOWN,0.4966699813664878,False
2026-08-14,SBI,-0.6087852671404326,DOWN,UP,0.5132585999472216,False
2026-08-14,Sun Pharma,-2.4870466321243567,DOWN,UP,0.5220262608835397,False
2026-08-14,TCS,-2.0245679300349373,DOWN,UP,0.5070839506771404,False
2026-08-14,Tata Steel,1.3623978201634968,UP,DOWN,0.48804075606797537,False
2026-08-14,Wipro,-1.1413076649541276,DOWN,DOWN,0.48853359872318625,True
2026-08-17,Axis Bank,1.2792268025138442,UP,DOWN,0.471242407104522,False
2026-08-17,Bharti Airtel,-1.7823641286728753,DOWN,DOWN,0.49577578197507505,True
2026-08-17,Dr Reddy's,-1.1073784540163611,DOWN,UP,0.5153956922747203,False
2026-08-17,HCLTech,-2.037735849056599,DOWN,DOWN,0.48174708525625165,True
2026-08-17,HDFC Bank,-0.8230452674897082,DOWN,UP,0.5032042182863538,False
2026-08-17,Hindustan Unilever,-0.9732360097323588,DOWN,UP,0.5002558521883351,False
2026-08-17,ICICI Bank,-0.2331695551665902,DOWN,DOWN,0.49546584825320056,True
2026-08-17,ITC,-1.1170071156645922,DOWN,UP,0.5188972227158436,False
2026-08-17,Infosys,-2.184404235525983,DOWN,DOWN,0.4932294539028257,True
2026-08-17,M&M,0.9172988010868854,UP,DOWN,0.4762943960682916,False
2026-08-17,Maruti Suzuki,-0.5014534883720945,DOWN,DOWN,0.36195659689019644,True
2026-08-17,NTPC,0.0296754016366751,UP,DOWN,0.4858900769830145,False
2026-08-17,ONGC,0.4234955275158825,UP,UP,0.507130815390835,True
2026-08-17,Reliance,0.4559270516717228,UP,DOWN,0.4975584567323839,False
2026-08-17,SBI,-0.7727055738006583,DOWN,DOWN,0.47503986754665484,True
2026-08-17,Sun Pharma,-0.3666325405984438,DOWN,UP,0.5012088617739868,False
2026-08-17,TCS,-1.4352391437262413,DOWN,UP,0.5262275499348333,False
2026-08-17,Tata Steel,-0.268817204301075,DOWN,DOWN,0.479612335482009,True
2026-08-17,Wipro,-2.111048085068057,DOWN,UP,0.5268819800575887,False
2026-08-18,Axis Bank,-0.6436041834271933,DOWN,DOWN,0.48657015366648937,True
2026-08-18,Bharti Airtel,-0.6307492234442158,DOWN,DOWN,0.4979403245123001,True
2026-08-18,Dr Reddy's,-0.7465259979309802,DOWN,UP,0.5040791652642658,False
2026-08-18,HCLTech,2.064718707867863,UP,UP,0.5545863502822682,True
2026-08-18,HDFC Bank,-0.4149377593360981,DOWN,UP,0.5162116591033767,False
2026-08-18,Hindustan Unilever,-0.702705102119161,DOWN,UP,0.5110327656263602,False
2026-08-18,ICICI Bank,-0.7082152974504208,DOWN,DOWN,0.49310891947339647,True
2026-08-18,ITC,-1.0925971137152768,DOWN,DOWN,0.4916432761285445,True
2026-08-18,Infosys,0.4304976527466309,UP,UP,0.5046524930200982,True
2026-08-18,M&M,-0.189975157094846,DOWN,DOWN,0.424214242308126,True
2026-08-18,Maruti Suzuki,-0.0073040683660763,DOWN,DOWN,0.37443624174158513,True
2026-08-18,NTPC,-0.1631617622629089,DOWN,DOWN,0.4758257380812998,True
2026-08-18,ONGC,-0.6263048016701411,DOWN,UP,0.5082636022433396,False
2026-08-18,Reliance,-0.8320726172465931,DOWN,DOWN,0.4994320765255321,True
2026-08-18,SBI,-0.4178560697115419,DOWN,DOWN,0.485139964863356,True
2026-08-18,Sun Pharma,1.327930496414309,UP,DOWN,0.49027604697171107,False
2026-08-18,TCS,0.3947368421052699,UP,UP,0.5374594921319292,True
2026-08-18,Tata Steel,-0.8086253369272267,DOWN,DOWN,0.49200317974153684,True
2026-08-18,Wipro,0.8367996819014678,UP,UP,0.5003562694302519,True
2026-08-19,Axis Bank,1.2955465587044523,UP,UP,0.5180553816695505,True
2026-08-19,Bharti Airtel,1.0249714449466651,UP,DOWN,0.47510496268715535,False
2026-08-19,Dr Reddy's,0.8547008547008517,UP,DOWN,0.49495795340548854,False
2026-08-19,HCLTech,-0.4830936124831653,DOWN,UP,0.5027645826992023,False
2026-08-19,HDFC Bank,0.7013871934678839,UP,UP,0.5402352031482658,True
2026-08-19,Hindustan Unilever,0.3612633743021343,UP,DOWN,0.49316008294994435,False
2026-08-19,ICICI Bank,0.7061358355251457,UP,DOWN,0.48986325142463283,False
2026-08-19,ITC,1.7225262362048133,UP,DOWN,0.4945229624116188,False
2026-08-19,Infosys,0.910872542160468,UP,DOWN,0.48695109264188424,False
2026-08-19,M&M,0.2869706831076124,UP,DOWN,0.4242902480956557,False
2026-08-19,Maruti Suzuki,0.8692476260043769,UP,DOWN,0.42953184738017824,False
2026-08-19,NTPC,0.2822796735965527,UP,DOWN,0.47641959327919464,False
2026-08-19,ONGC,0.2100840336134446,UP,UP,0.5069166912864749,True
2026-08-19,Reliance,0.1678071069317388,UP,DOWN,0.493791389008791,False
2026-08-19,SBI,-0.0572168224209801,DOWN,DOWN,0.499325319753122,True
2026-08-19,Sun Pharma,0.2105263157894832,UP,DOWN,0.4569666275324762,False
2026-08-19,TCS,0.3931847968545288,UP,UP,0.5336320653206297,True
2026-08-19,Tata Steel,-0.2717391304347782,DOWN,DOWN,0.49551358036986426,True
2026-08-19,Wipro,0.8075727783887654,UP,DOWN,0.49691369121647994,False
2026-08-20,Axis Bank,-0.4156635628996818,DOWN,UP,0.5030128291989584,False
2026-08-20,Bharti Airtel,0.221457945936998,UP,UP,0.5120995263548576,True
2026-08-20,Dr Reddy's,-0.4491566803495717,DOWN,DOWN,0.4789523360362848,True
2026-08-20,HCLTech,-1.2060091110153714,DOWN,UP,0.5275172579603357,False
2026-08-20,HDFC Bank,0.2620542646785129,UP,DOWN,0.4997479149246318,False
2026-08-20,Hindustan Unilever,-0.6410256410256387,DOWN,UP,0.5024984759267981,False
2026-08-20,ICICI Bank,0.5736932818100282,UP,DOWN,0.47862191305316526,False
2026-08-20,ITC,-0.8282716917186406,DOWN,UP,0.534725030612282,False
2026-08-20,Infosys,-0.7964601769911539,DOWN,DOWN,0.4928960106571793,True
2026-08-20,M&M,-0.3679075413632215,DOWN,DOWN,0.43848599106437214,True
2026-08-20,Maruti Suzuki,-1.7669635744804069,DOWN,DOWN,0.3915613251283482,True
2026-08-20,NTPC,0.7407407407407307,UP,DOWN,0.48582021902668987,False
2026-08-20,ONGC,-0.8805057037801212,DOWN,DOWN,0.49707226267901905,True
2026-08-20,Reliance,0.2132233423879137,UP,UP,0.5181795496879593,True
2026-08-20,SBI,0.0667892339575315,UP,DOWN,0.4925619294679543,False
2026-08-20,Sun Pharma,-0.0840323311941948,DOWN,DOWN,0.48925019602387276,True
2026-08-20,TCS,0.1740644038294103,UP,UP,0.540953073431354,True
2026-08-20,Tata Steel,-0.2724795640327015,DOWN,UP,0.5076378858937255,False
2026-08-20,Wipro,-0.1160258087664067,DOWN,DOWN,0.4948033526659354,True
2026-08-21,Axis Bank,-0.786647009473429,DOWN,UP,0.5011115590414621,False
2026-08-21,Bharti Airtel,-0.565262076053441,DOWN,UP,0.5284812963941357,False
2026-08-21,Dr Reddy's,1.3024644133901475,UP,DOWN,0.49632654026953815,False
2026-08-21,HCLTech,1.497120921305184,UP,UP,0.525336401898238,True
2026-08-21,HDFC Bank,0.281998453613741,UP,UP,0.5224398640572003,True
2026-08-21,Hindustan Unilever,0.7444168734491274,UP,UP,0.5248198077451148,True
2026-08-21,ICICI Bank,-0.3521126760563375,DOWN,UP,0.540617490636598,False
2026-08-21,ITC,0.1113653739213349,UP,DOWN,0.4722289685414143,False
2026-08-21,Infosys,0.802854594112401,UP,UP,0.5177943882651744,True
2026-08-21,M&M,0.0556868446036418,UP,DOWN,0.4376489347038222,False
2026-08-21,Maruti Suzuki,0.4054552156284474,UP,DOWN,0.36434407019599174,False
2026-08-21,NTPC,-0.1470588235294112,DOWN,DOWN,0.47098728697817704,True
2026-08-21,ONGC,0.0634556510771711,UP,DOWN,0.49803345783836145,False
2026-08-21,Reliance,-0.4711209097169488,DOWN,UP,0.5152205597221451,False
2026-08-21,SBI,-0.8772720129904155,DOWN,DOWN,0.4724939718461266,True
2026-08-21,Sun Pharma,0.3994940858076612,UP,DOWN,0.4847346441278751,False
2026-08-21,TCS,-0.7775804667137232,DOWN,UP,0.5286430194445232,False
2026-08-21,Tata Steel,1.803280356151804,UP,UP,0.5117043277956015,True
2026-08-21,Wipro,0.2876289019148714,UP,UP,0.5165941701228566,True
2026-08-24,Axis Bank,-0.0809061488673101,DOWN,UP,0.5009481139040896,False
2026-08-24,Bharti Airtel,0.6201550387596955,UP,UP,0.5044345552246913,True
2026-08-24,Dr Reddy's,0.2941176470588225,UP,DOWN,0.4993823565074145,False
2026-08-24,HCLTech,-0.4689826907620986,DOWN,UP,0.5227030230038474,False
2026-08-24,HDFC Bank,-0.2057613168724326,DOWN,UP,0.5373983647451516,False
2026-08-24,Hindustan Unilever,-0.2857166910406383,DOWN,DOWN,0.4921477161292957,True
2026-08-24,ICICI Bank,0.5441661605565473,UP,DOWN,0.49500541993691805,False
2026-08-24,ITC,0.6303231785351748,UP,DOWN,0.4792629586879747,False
2026-08-24,Infosys,1.2389380530973382,UP,UP,0.5051079154914259,True
2026-08-24,M&M,0.8464866734162024,UP,DOWN,0.45764102906739584,False
2026-08-24,Maruti Suzuki,0.4258443465491979,UP,DOWN,0.37300635283934563,False
2026-08-24,NTPC,0.1030945813006223,UP,DOWN,0.4764439077175196,False
2026-08-24,ONGC,-1.0779974715112828,DOWN,UP,0.5348294775355916,False
2026-08-24,Reliance,0.5496984962183094,UP,DOWN,0.4985975826510377,False
2026-08-24,SBI,0.8177008177008283,UP,DOWN,0.4832953557618104,False
2026-08-24,Sun Pharma,0.6282722513089034,UP,DOWN,0.49331910834804377,False
2026-08-24,TCS,0.5297426994570253,UP,UP,0.5374893939412476,True
2026-08-24,Tata Steel,0.3435316044898995,UP,UP,0.5212727010541459,True
2026-08-24,Wipro,-0.6728813838899339,DOWN,UP,0.5129428977508612,False
2026-08-25,Axis Bank,1.61943319838056,UP,DOWN,0.49855698404311494,False
2026-08-25,Bharti Airtel,-2.3061132210612567,DOWN,DOWN,0.4802360433421482,True
2026-08-25,Dr Reddy's,-0.9635525764558062,DOWN,UP,0.5022912022987287,False
2026-08-25,HCLTech,-1.3147931438011962,DOWN,DOWN,0.488670287105928,True
2026-08-25,HDFC Bank,-0.0412354354596189,DOWN,UP,0.5376957271889526,False
2026-08-25,Hindustan Unilever,-0.1580847371339233,DOWN,UP,0.5224201894300677,False
2026-08-25,ICICI Bank,0.5131123271714388,UP,DOWN,0.478824427053264,False
2026-08-25,ITC,-0.4237265741881324,DOWN,DOWN,0.48992135445364937,True
2026-08-25,Infosys,-2.097902097902093,DOWN,UP,0.5057886348876803,False
2026-08-25,M&M,-1.3011922401430454,DOWN,DOWN,0.4161732834574502,True
2026-08-25,Maruti Suzuki,-1.155139640298286,DOWN,DOWN,0.3618703078272113,True
2026-08-25,NTPC,-1.5447991483633738,DOWN,DOWN,0.4720538264996746,True
2026-08-25,ONGC,-0.7649543957832572,DOWN,UP,0.5022917260456119,False
2026-08-25,Reliance,-1.4426727410782103,DOWN,DOWN,0.47918153836877847,True
2026-08-25,SBI,0.3816793893129722,UP,DOWN,0.4772287456481781,False
2026-08-25,Sun Pharma,-1.1706555671175845,DOWN,UP,0.5135977935501507,False
2026-08-25,TCS,-1.1410134887644974,DOWN,UP,0.5517521133312097,False
2026-08-25,Tata Steel,0.572371911552283,UP,UP,0.5145772707847098,True
2026-08-25,Wipro,-1.521456099779217,DOWN,UP,0.5025240873298328,False
2026-08-26,Axis Bank,0.0796812749003894,UP,UP,0.5165837240332974,True
2026-08-26,Bharti Airtel,-1.2512447854104436,DOWN,DOWN,0.48466746868489424,True
2026-08-26,Dr Reddy's,-0.4230118443316444,DOWN,DOWN,0.48991883934578445,True
2026-08-26,HCLTech,-1.2706969580284944,DOWN,UP,0.5060692529265086,False
2026-08-26,HDFC Bank,-2.2277244135165297,DOWN,UP,0.5263097430608293,False
2026-08-26,Hindustan Unilever,-0.5937654626422595,DOWN,UP,0.5257945002913623,False
2026-08-26,ICICI Bank,0.9090909090909038,UP,UP,0.5373732300198849,True
2026-08-26,ITC,-0.4625346901017568,DOWN,UP,0.5022914341085155,False
2026-08-26,Infosys,-0.8214242117745574,DOWN,UP,0.5050980979990983,False
2026-08-26,M&M,-2.006943445112941,DOWN,DOWN,0.4736128781818592,True
2026-08-26,Maruti Suzuki,-0.591715976331364,DOWN,DOWN,0.3958613111822882,True
2026-08-26,NTPC,-1.1058015957975176,DOWN,DOWN,0.46549438101407464,True
2026-08-26,ONGC,-0.0904382704428274,DOWN,DOWN,0.49702809750701427,True
2026-08-26,Reliance,-1.2172610807492323,DOWN,DOWN,0.4937708044132613,True
2026-08-26,SBI,-0.8650166906784662,DOWN,UP,0.5143366407498068,False
2026-08-26,Sun Pharma,0.7265095460976534,UP,UP,0.5115649806238433,True
2026-08-26,TCS,-0.9515461522577096,DOWN,UP,0.5392644568630084,False
2026-08-26,Tata Steel,-0.6435782620238251,DOWN,UP,0.5122420538624323,False
2026-08-26,Wipro,-0.5356708059410797,DOWN,DOWN,0.4869014418542711,True
2026-08-27,Axis Bank,0.7165605095541316,UP,UP,0.5034812457694294,True
2026-08-27,Bharti Airtel,0.2182811840150567,UP,UP,0.5055176937046387,True
2026-08-27,Dr Reddy's,0.0849617672047609,UP,UP,0.5076904156386133,True
2026-08-27,HCLTech,2.659904491882803,UP,UP,0.5199057979068022,True
2026-08-27,HDFC Bank,1.3080151607550938,UP,UP,0.5586338295095437,True
2026-08-27,Hindustan Unilever,0.0696876263843959,UP,DOWN,0.4906560396497258,False
2026-08-27,ICICI Bank,-1.3998580160689555,DOWN,UP,0.5151725491041087,False
2026-08-27,ITC,-1.115241635687736,DOWN,DOWN,0.48687134602863835,True
2026-08-27,Infosys,2.988832347180792,UP,DOWN,0.494170759960573,False
2026-08-27,M&M,0.1201201201201263,UP,UP,0.5376725006727769,True
2026-08-27,Maruti Suzuki,-0.4761904761904745,DOWN,DOWN,0.4034014841384505,True
2026-08-27,NTPC,-0.2568770381366492,DOWN,UP,0.5020961440495577,False
2026-08-27,ONGC,0.1077586206896574,UP,DOWN,0.4971208590503133,False
2026-08-27,Reliance,0.37436039704557,UP,UP,0.5213081803099698,True
2026-08-27,SBI,0.4410754126237481,UP,DOWN,0.4898954291005802,False
2026-08-27,Sun Pharma,0.3501777557565422,UP,DOWN,0.4766342506575735,False
2026-08-27,TCS,4.162964851523099,UP,DOWN,0.499842272223826,False
2026-08-27,Tata Steel,-0.1606012028140591,DOWN,UP,0.5208556794764203,False
2026-08-27,Wipro,2.579366898633717,UP,UP,0.5001185610729498,True
2026-08-28,Axis Bank,2.7667984189723382,UP,UP,0.5327481051548449,True
2026-08-28,Bharti Airtel,-3.7452188209540993,DOWN,DOWN,0.48753716840357775,True
2026-08-28,Dr Reddy's,-2.003393513237484,DOWN,UP,0.5179337385384956,False
2026-08-28,HCLTech,-0.2963319266324093,DOWN,UP,0.512667540975523,False
2026-08-28,HDFC Bank,-1.5687891134903986,DOWN,UP,0.5081817003720764,False
2026-08-28,Hindustan Unilever,-2.13887780928238,DOWN,UP,0.5104546382993334,False
2026-08-28,ICICI Bank,2.1928556438814084,UP,DOWN,0.48831802089063664,False
2026-08-28,ITC,-3.9473684210526327,DOWN,DOWN,0.4975086834384272,True
2026-08-28,Infosys,-0.8916041234156458,DOWN,UP,0.53667026319041,False
2026-08-28,M&M,-1.559688062387521,DOWN,DOWN,0.4870855830936328,True
2026-08-28,Maruti Suzuki,1.2784090909090828,UP,DOWN,0.4064533510069873,False
2026-08-28,NTPC,-0.8029068306303455,DOWN,DOWN,0.48072800054037185,True
2026-08-28,ONGC,-0.1937554136672514,DOWN,UP,0.5264341015876053,False
2026-08-28,Reliance,-0.7770007770007803,DOWN,UP,0.5177096804535839,False
2026-08-28,SBI,1.193317422434359,UP,UP,0.5036797905198459,True
2026-08-28,Sun Pharma,3.3750025431315,UP,DOWN,0.47866808187190174,False
2026-08-28,TCS,2.4466288995783625,UP,DOWN,0.4760765746765665,False
2026-08-28,Tata Steel,-1.15281174074231,DOWN,UP,0.5083144880665535,False
2026-08-28,Wipro,1.961869638921976,UP,UP,0.5485047782319583,True
2026-08-31,Axis Bank,-3.230769230769226,DOWN,UP,0.515890697878479,False
2026-08-31,Bharti Airtel,3.603947562113952,UP,UP,0.6035388470945265,True
2026-08-31,Dr Reddy's,1.4379742926948769,UP,UP,0.5351880628774676,True
2026-08-31,HCLTech,2.9873551822021893,UP,DOWN,0.4954235317512181,False
2026-08-31,HDFC Bank,0.4090302417577574,UP,UP,0.6018795862521209,True
2026-08-31,Hindustan Unilever,1.392702250383615,UP,UP,0.5273376793131567,True
2026-08-31,ICICI Bank,-1.1004126547455306,DOWN,DOWN,0.4912657100101765,True
2026-08-31,ITC,4.344425089438597,UP,UP,0.5585975242453503,True
2026-08-31,Infosys,1.9580128960851928,UP,UP,0.5107832116227325,True
2026-08-31,M&M,-0.7007921998781197,DOWN,UP,0.5201412174694143,False
2026-08-31,Maruti Suzuki,-4.406879751974602,DOWN,DOWN,0.39497986157215265,True
2026-08-31,NTPC,0.0305455422663358,UP,UP,0.5240605998050576,True
2026-08-31,ONGC,2.006037029881358,UP,DOWN,0.49508351103496107,False
2026-08-31,Reliance,2.5058731401722767,UP,UP,0.5510590467678271,True
2026-08-31,SBI,-2.4056603773584877,DOWN,DOWN,0.4826733257856827,True
2026-08-31,Sun Pharma,-2.8113687754628303,DOWN,DOWN,0.4793664319794337,True
2026-08-31,TCS,-1.262870345996292,DOWN,UP,0.5035824229544117,False
2026-08-31,Tata Steel,-0.1518843341614117,DOWN,DOWN,0.4986612412869761,True
2026-08-31,Wipro,-1.5176168302210358,DOWN,UP,0.5312156365665974,False
2026-09-01,Axis Bank,-0.3259122087390653,DOWN,UP,0.5144600222348894,False
2026-09-01,Bharti Airtel,-0.7670947537986361,DOWN,DOWN,0.4901300491122824,True
2026-09-01,Dr Reddy's,-1.2382578992314208,DOWN,DOWN,0.49263888426596786,True
2026-09-01,HCLTech,-1.472548768281301,DOWN,UP,0.502894716258349,False
2026-09-01,HDFC Bank,-1.5592128445605535,DOWN,UP,0.5364926264951324,False
2026-09-01,Hindustan Unilever,-0.9925831333198908,DOWN,UP,0.5070104153630721,False
2026-09-01,ICICI Bank,-0.7997218358831715,DOWN,UP,0.502993491298897,False
2026-09-01,ITC,-0.1125349976287659,DOWN,UP,0.5128464678854331,False
2026-09-01,Infosys,-1.384083044982698,DOWN,UP,0.5119683088201186,False
2026-09-01,M&M,-2.1172138692850617,DOWN,UP,0.5115758413147024,False
2026-09-01,Maruti Suzuki,-0.7799227799227815,DOWN,UP,0.5288679972200421,False
2026-09-01,NTPC,0.7633587786259444,UP,UP,0.5188683803107853,True
2026-09-01,ONGC,0.4440698098159279,UP,UP,0.5060604653762057,True
2026-09-01,Reliance,0.3132143304765078,UP,UP,0.5122647416424795,True
2026-09-01,SBI,-1.3146423959340403,DOWN,DOWN,0.4829065033438738,True
2026-09-01,Sun Pharma,0.1399663645347271,UP,DOWN,0.4947732620017109,False
2026-09-01,TCS,-0.8864499788940439,DOWN,UP,0.5300230351769158,False
2026-09-01,Tata Steel,-0.1195204063395571,DOWN,UP,0.5192032129586854,False
2026-09-01,Wipro,-2.537149525470128,DOWN,UP,0.526107718491265,False
2026-09-02,Axis Bank,1.0447384425292583,UP,DOWN,0.498538114650148,False
2026-09-02,Bharti Airtel,0.3328296655229046,UP,DOWN,0.4990006985262371,False
2026-09-02,Dr Reddy's,-0.1297016861219191,DOWN,DOWN,0.4912548013909284,True
2026-09-02,HCLTech,-0.9387908374014264,DOWN,UP,0.5173137152332707,False
2026-09-02,HDFC Bank,0.8347655141258237,UP,UP,0.5357595295481052,True
2026-09-02,Hindustan Unilever,-0.6582278481012671,DOWN,DOWN,0.4910786236500062,True
2026-09-02,ICICI Bank,0.2453557658604888,UP,DOWN,0.49209189749935756,False
2026-09-02,ITC,-1.2391993782344013,DOWN,UP,0.5090698404938988,False
2026-09-02,Infosys,-0.8508729098135936,DOWN,UP,0.5324000533935549,False
2026-09-02,M&M,-1.253918495297801,DOWN,UP,0.5408746386623053,False
2026-09-02,Maruti Suzuki,0.0622616546034793,UP,DOWN,0.4228006183761222,False
2026-09-02,NTPC,0.2727254231770892,UP,DOWN,0.4822459105671545,False
2026-09-02,ONGC,-0.6315789473684164,DOWN,DOWN,0.4907313164586791,True
2026-09-02,Reliance,-0.8072481747787408,DOWN,DOWN,0.48546066269748583,True
2026-09-02,SBI,0.244881961035781,UP,UP,0.5125104123820751,True
2026-09-02,Sun Pharma,-0.8127530966882568,DOWN,UP,0.5007396374094902,False
2026-09-02,TCS,-1.188241156037051,DOWN,UP,0.5228711502423488,False
2026-09-02,Tata Steel,0.1903676002760201,UP,DOWN,0.49000348428019797,False
2026-09-02,Wipro,-0.773615193132382,DOWN,UP,0.5092058485196642,False
