Date,Company,Next_Day_Return,Actual_Direction,Predicted_Direction,UP_Probability,Correct
2025-09-17,Axis Bank,0.6216696269982336,UP,UP,0.5216665027786276,True
2025-09-17,Bharti Airtel,-0.0103061472804477,DOWN,DOWN,0.45684962901492315,True
2025-09-17,Dr Reddy's,0.8616689452069615,UP,UP,0.5192116693337465,True
2025-09-17,HCLTech,0.8302429178619564,UP,UP,0.5047221689410105,True
2025-09-17,HDFC Bank,1.0760501204410078,UP,UP,0.5065203049793597,True
2025-09-17,Hindustan Unilever,0.6654511414241782,UP,DOWN,0.4955133798259687,False
2025-09-17,ICICI Bank,0.1761555866695019,UP,UP,0.5065203049793597,True
2025-09-17,ITC,0.5497190488894077,UP,UP,0.5175726276713055,True
2025-09-17,Infosys,1.195477593274452,UP,UP,0.5230895248440592,True
2025-09-17,M&M,0.247715515825031,UP,DOWN,0.4444366286064944,False
2025-09-17,Maruti Suzuki,0.1012594139611522,UP,DOWN,0.4304790845944006,False
2025-09-17,NTPC,0.1635012843419048,UP,DOWN,0.4663106138530238,False
2025-09-17,ONGC,-0.5445831299944581,DOWN,UP,0.5050774286386732,False
2025-09-17,Reliance,0.084874178132166,UP,UP,0.501640432779008,True
2025-09-17,SBI,-0.326669631729759,DOWN,DOWN,0.4795957479667744,True
2025-09-17,Sun Pharma,1.7528715757287203,UP,DOWN,0.47068233570163004,False
2025-09-17,TCS,0.1229167386451068,UP,DOWN,0.49935731769633573,False
2025-09-17,Tata Steel,0.3909886592897482,UP,UP,0.514468268473555,True
2025-09-17,Wipro,1.093841765122816,UP,UP,0.5050774286386732,True
2025-09-18,Axis Bank,0.2559597894141729,UP,UP,0.5062805151418952,True
2025-09-18,Bharti Airtel,1.0973184841597703,UP,DOWN,0.4659847209970019,False
2025-09-18,Dr Reddy's,-0.0756029361847376,DOWN,DOWN,0.4977850746509096,True
2025-09-18,HCLTech,-1.7673064366796054,DOWN,UP,0.5034043334195788,False
2025-09-18,HDFC Bank,-1.0236462022813364,DOWN,UP,0.5096631459269744,False
2025-09-18,Hindustan Unilever,-1.0514902836884166,DOWN,DOWN,0.49181335375604646,True
2025-09-18,ICICI Bank,-1.371597430521576,DOWN,UP,0.5065203049793597,False
2025-09-18,ITC,-0.2186839808478335,DOWN,DOWN,0.49225280735719223,True
2025-09-18,Infosys,-0.0259654952876609,DOWN,UP,0.5233755457236926,False
2025-09-18,M&M,-1.3755382512567804,DOWN,DOWN,0.47797068103989204,True
2025-09-18,Maruti Suzuki,0.2971486375418886,UP,DOWN,0.4291920302821941,False
2025-09-18,NTPC,0.5045204415688342,UP,DOWN,0.44398851858399707,False
2025-09-18,ONGC,0.466915455076422,UP,DOWN,0.4986025240011305,False
2025-09-18,Reliance,-0.5371007481227874,DOWN,UP,0.5065203049793597,False
2025-09-18,SBI,0.9363844125486632,UP,UP,0.5031353837494404,True
2025-09-18,Sun Pharma,0.4488671917778353,UP,DOWN,0.49543971595118996,False
2025-09-18,TCS,-0.23609406350239,DOWN,DOWN,0.4990916688246141,True
2025-09-18,Tata Steel,-0.3197134544326907,DOWN,DOWN,0.49823807421912303,True
2025-09-18,Wipro,-0.4086668831589923,DOWN,UP,0.5087113106056665,False
2025-09-19,Axis Bank,0.7483052924824651,UP,UP,0.5018156568390827,True
2025-09-19,Bharti Airtel,-0.3159433940609912,DOWN,DOWN,0.46570849217607313,True
2025-09-19,Dr Reddy's,-1.5358952491307698,DOWN,UP,0.511672275699318,False
2025-09-19,HCLTech,-1.8740629373357744,DOWN,UP,0.5155160523362362,False
2025-09-19,HDFC Bank,-0.2792441967996995,DOWN,UP,0.5494348633458701,False
2025-09-19,Hindustan Unilever,0.4922586745938373,UP,UP,0.5118869265022635,True
2025-09-19,ICICI Bank,-0.049918071334265,DOWN,UP,0.5102734114695068,False
2025-09-19,ITC,-0.9010061474360452,DOWN,DOWN,0.4996601788833123,True
2025-09-19,Infosys,-2.642510872754411,DOWN,UP,0.5052365322782694,False
2025-09-19,M&M,-0.2032250947819669,DOWN,UP,0.5029208074778269,False
2025-09-19,Maruti Suzuki,-0.302571860816947,DOWN,DOWN,0.41962831480384144,True
2025-09-19,NTPC,0.1624149772508243,UP,DOWN,0.44963111249980586,False
2025-09-19,ONGC,0.3295444553007565,UP,UP,0.5136872271934247,True
2025-09-19,Reliance,-1.1936939417859782,DOWN,UP,0.5065203049793597,False
2025-09-19,SBI,-0.8233287861014071,DOWN,DOWN,0.4911377877322833,True
2025-09-19,Sun Pharma,-0.7246376811594235,DOWN,DOWN,0.4731869142838862,True
2025-09-19,TCS,-3.010220365189453,DOWN,DOWN,0.49441350272407625,True
2025-09-19,Tata Steel,-0.0524821204413994,DOWN,UP,0.514468268473555,False
2025-09-19,Wipro,-2.1689866131976987,DOWN,UP,0.5046639634261699,False
2025-09-22,Axis Bank,2.306887788435641,UP,UP,0.5037569885022081,True
2025-09-22,Bharti Airtel,-0.8945915773853508,DOWN,DOWN,0.469205236720152,True
2025-09-22,Dr Reddy's,0.5378822705302877,UP,UP,0.5003282771469546,True
2025-09-22,HCLTech,-0.7014358924014474,DOWN,UP,0.5213326139439733,False
2025-09-22,HDFC Bank,-0.7259904492198821,DOWN,UP,0.5459678153973588,False
2025-09-22,Hindustan Unilever,-1.943861322958984,DOWN,UP,0.5122635641289853,False
2025-09-22,ICICI Bank,-0.5137317996343205,DOWN,UP,0.509625927630416,False
2025-09-22,ITC,-0.921489098786965,DOWN,UP,0.5022019828467014,False
2025-09-22,Infosys,-0.1333777925975332,DOWN,UP,0.5041199624213789,False
2025-09-22,M&M,0.8312890097696535,UP,UP,0.5139004346102122,True
2025-09-22,Maruti Suzuki,1.7766818411734997,UP,DOWN,0.44353864008924854,False
2025-09-22,NTPC,1.120279379780631,UP,DOWN,0.45521355641994016,False
2025-09-22,ONGC,-0.3410946875100351,DOWN,UP,0.5111132928913776,False
2025-09-22,Reliance,-0.057523858180386,DOWN,UP,0.539321221385301,False
2025-09-22,SBI,1.7947939884171316,UP,UP,0.5051009541966761,True
2025-09-22,Sun Pharma,-0.7785917778664886,DOWN,DOWN,0.4855400781160832,True
2025-09-22,TCS,-0.3708811992738869,DOWN,UP,0.5054558219463998,False
2025-09-22,Tata Steel,1.108579207217808,UP,UP,0.5053955083096285,True
2025-09-22,Wipro,-0.2796296660895647,DOWN,UP,0.5022640829572438,False
2025-09-23,Axis Bank,-1.01640108624641,DOWN,DOWN,0.49193918792670716,True
2025-09-23,Bharti Airtel,-0.392014018535658,DOWN,DOWN,0.46882436073637956,True
2025-09-23,Dr Reddy's,-0.7872247505297691,DOWN,UP,0.5069200682979413,False
2025-09-23,HCLTech,0.8742481167380856,UP,UP,0.5207823336268258,True
2025-09-23,HDFC Bank,-0.6425014976631949,DOWN,UP,0.5474188762621564,False
2025-09-23,Hindustan Unilever,1.082390347975415,UP,UP,0.5118869265022635,True
2025-09-23,ICICI Bank,-0.831965663775136,DOWN,UP,0.5088761465217585,False
2025-09-23,ITC,-0.5456379316530535,DOWN,UP,0.5014946831188523,False
2025-09-23,Infosys,-0.1936577238105141,DOWN,UP,0.526857838446011,False
2025-09-23,M&M,-1.0983288397032331,DOWN,DOWN,0.4657011539061454,True
2025-09-23,Maruti Suzuki,0.9442753308069872,UP,DOWN,0.45730898480813437,False
2025-09-23,NTPC,1.3411096511707354,UP,DOWN,0.454720650149813,False
2025-09-23,ONGC,0.78593787778658,UP,UP,0.5150563929972158,True
2025-09-23,Reliance,-0.4892825290845781,DOWN,UP,0.5304322457260697,False
2025-09-23,SBI,-0.505394383447455,DOWN,UP,0.5222531044825173,False
2025-09-23,Sun Pharma,-0.2513472111737136,DOWN,DOWN,0.49144770534791427,True
2025-09-23,TCS,-0.8816614701213976,DOWN,DOWN,0.4951693558074415,True
2025-09-23,Tata Steel,-0.363546453016017,DOWN,DOWN,0.47011944266990663,True
2025-09-23,Wipro,-2.018991485934496,DOWN,UP,0.5239378438696659,False
2025-09-24,Axis Bank,0.6644189325794692,UP,DOWN,0.4932339687300549,False
2025-09-24,Bharti Airtel,0.2330278109311523,UP,DOWN,0.4572465139853163,False
2025-09-24,Dr Reddy's,-1.7641187000042802,DOWN,UP,0.5256371257437937,False
2025-09-24,HCLTech,-1.2826734641679716,DOWN,DOWN,0.48133903731245364,True
2025-09-24,HDFC Bank,-0.1261776165746964,DOWN,UP,0.511096693155092,False
2025-09-24,Hindustan Unilever,-0.4392999086830773,DOWN,DOWN,0.4677965227223584,True
2025-09-24,ICICI Bank,-0.4990166042822319,DOWN,UP,0.5079284398286611,False
2025-09-24,ITC,-0.2244373806694177,DOWN,UP,0.5014946831188523,False
2025-09-24,Infosys,-0.6556889413818268,DOWN,UP,0.511482229168907,False
2025-09-24,M&M,-1.255976490819033,DOWN,UP,0.5133706471165008,False
2025-09-24,Maruti Suzuki,0.1230844975075307,UP,DOWN,0.4289467994494669,False
2025-09-24,NTPC,-2.0425793955254568,DOWN,DOWN,0.46326636660379283,True
2025-09-24,ONGC,0.4821372949376457,UP,UP,0.5049432560630355,True
2025-09-24,Reliance,-0.7664479816296144,DOWN,UP,0.5399123968374296,False
2025-09-24,SBI,-0.5830048166475588,DOWN,DOWN,0.4905436349059588,True
2025-09-24,Sun Pharma,0.0184407124717012,UP,DOWN,0.4888840697879222,False
2025-09-24,TCS,-2.5696778846099666,DOWN,UP,0.5256885654648547,False
2025-09-24,Tata Steel,-0.1621677130534626,DOWN,UP,0.5151073735678912,False
2025-09-24,Wipro,-1.0589134374542009,DOWN,DOWN,0.4951809215787275,True
2025-09-25,Axis Bank,-1.0800596476619129,DOWN,UP,0.5012870057737636,False
2025-09-25,Bharti Airtel,-0.9816077825816504,DOWN,DOWN,0.47956553512852446,True
2025-09-25,Dr Reddy's,-1.733059632383782,DOWN,UP,0.5070694954778923,False
2025-09-25,HCLTech,-2.0016855613579465,DOWN,UP,0.5074318979262681,False
2025-09-25,HDFC Bank,-0.5053416767219376,DOWN,UP,0.5640597336529235,False
2025-09-25,Hindustan Unilever,-1.0440058105910088,DOWN,DOWN,0.48870834926471396,True
2025-09-25,ICICI Bank,-1.1775020109925372,DOWN,UP,0.5567345672668331,False
2025-09-25,ITC,1.2496875590415124,UP,UP,0.5373760339384467,True
2025-09-25,Infosys,-2.4178356164789028,DOWN,UP,0.5140814146561624,False
2025-09-25,M&M,-3.781869688385264,DOWN,DOWN,0.4989152339464231,True
2025-09-25,Maruti Suzuki,0.1044932079414806,UP,DOWN,0.44222871889922793,False
2025-09-25,NTPC,-0.7635847587417421,DOWN,DOWN,0.4703749927499175,True
2025-09-25,ONGC,-0.6884440727209062,DOWN,UP,0.5050774286386732,False
2025-09-25,Reliance,0.3788947157804978,UP,UP,0.5415369869242617,True
2025-09-25,SBI,-0.4877213131229907,DOWN,UP,0.5162721092409495,False
2025-09-25,Sun Pharma,-2.500926178665963,DOWN,UP,0.5036367842523866,False
2025-09-25,TCS,-1.9713196257732049,DOWN,UP,0.534344788857866,False
2025-09-25,Tata Steel,-2.8889725288693717,DOWN,UP,0.5022563136558974,False
2025-09-25,Wipro,-2.5826446280991733,DOWN,UP,0.5062845465888642,False
2025-09-26,Axis Bank,-1.8890856870125703,DOWN,UP,0.5301250876607246,False
2025-09-26,Bharti Airtel,-0.751331764452301,DOWN,DOWN,0.4857329726534488,True
2025-09-26,Dr Reddy's,-1.4763387088368218,DOWN,UP,0.5185729829667929,False
2025-09-26,HCLTech,-0.5661882131157037,DOWN,UP,0.5070694954778923,False
2025-09-26,HDFC Bank,0.5555261698125147,UP,UP,0.5410004406110012,True
2025-09-26,Hindustan Unilever,-0.5533938296903851,DOWN,UP,0.5039069050156063,False
2025-09-26,ICICI Bank,-0.8458370260740811,DOWN,UP,0.5032704842359936,False
2025-09-26,ITC,0.5307316376428339,UP,UP,0.5080491641912936,True
2025-09-26,Infosys,-0.4900252237078129,DOWN,UP,0.5094626772016447,False
2025-09-26,M&M,0.6359516459958803,UP,UP,0.5120228102583779,True
2025-09-26,Maruti Suzuki,-1.854353432395928,DOWN,DOWN,0.4016283937085351,True
2025-09-26,NTPC,0.9026393505888076,UP,DOWN,0.45712402701055327,False
2025-09-26,ONGC,0.823456608644757,UP,UP,0.5022019828467014,True
2025-09-26,Reliance,-0.3484267452727674,DOWN,DOWN,0.4982996830060594,True
2025-09-26,SBI,1.6103608841112615,UP,UP,0.5065203049793597,True
2025-09-26,Sun Pharma,0.1638682634564681,UP,UP,0.5287366546308431,True
2025-09-26,TCS,-0.1034803869802702,DOWN,UP,0.5372655077963248,False
2025-09-26,Tata Steel,0.9438482011126624,UP,UP,0.5245412667760491,True
2025-09-26,Wipro,1.6500527633715567,UP,UP,0.522702398490261,True
2025-09-29,Axis Bank,-0.0529920165882824,DOWN,UP,0.5318303818413505,False
2025-09-29,Bharti Airtel,-1.2511790226442887,DOWN,UP,0.5041197672181382,False
2025-09-29,Dr Reddy's,-0.8828790401432918,DOWN,UP,0.5159943522798144,False
2025-09-29,HCLTech,-0.1657812301896433,DOWN,UP,0.5026422307212608,False
2025-09-29,HDFC Bank,0.0736622346651838,UP,UP,0.5385098917270706,True
2025-09-29,Hindustan Unilever,0.660554891912124,UP,UP,0.5634366456089799,True
2025-09-29,ICICI Bank,-0.0074160364771147,DOWN,UP,0.5269039956516257,False
2025-09-29,ITC,-1.399634673304162,DOWN,UP,0.5120697450117035,False
2025-09-29,Infosys,0.0,DOWN,UP,0.5150174583572784,False
2025-09-29,M&M,0.2603757084192137,UP,UP,0.5031030102571135,True
2025-09-29,Maruti Suzuki,0.2815315315315425,UP,DOWN,0.4486176074298979,False
2025-09-29,NTPC,-0.1466490635279371,DOWN,UP,0.5354790392659402,False
2025-09-29,ONGC,-0.2000148912761901,DOWN,UP,0.5050774286386732,False
2025-09-29,Reliance,-0.641029175052632,DOWN,UP,0.5132165785003232,False
2025-09-29,SBI,0.1952353955821051,UP,UP,0.5267090555469809,True
2025-09-29,Sun Pharma,0.3146039040071047,UP,DOWN,0.4821304028390975,False
2025-09-29,TCS,-0.2658815321587626,DOWN,DOWN,0.4888850423786672,True
2025-09-29,Tata Steel,-0.1242700085143266,DOWN,DOWN,0.49175316641876726,True
2025-09-29,Wipro,-0.1126707866585863,DOWN,UP,0.5140412532364671,False
2025-09-30,Axis Bank,2.4655377355956576,UP,UP,0.503351213310146,True
2025-09-30,Bharti Airtel,-0.5749600025422796,DOWN,DOWN,0.49932967085610397,True
2025-09-30,Dr Reddy's,1.7161069574195276,UP,UP,0.5126587489359871,True
2025-09-30,HCLTech,0.3176683626899379,UP,UP,0.5026422307212608,True
2025-09-30,HDFC Bank,1.4984227129337446,UP,UP,0.5236498719683008,True
2025-09-30,Hindustan Unilever,0.8670080207927366,UP,DOWN,0.47468696839137375,False
2025-09-30,ICICI Bank,1.7804154302670572,UP,UP,0.5269039956516257,True
2025-09-30,ITC,1.0085962977627982,UP,UP,0.5095748537766895,True
2025-09-30,Infosys,0.2774309796459651,UP,UP,0.5137035411049088,True
2025-09-30,M&M,1.0621506374015155,UP,UP,0.5325973385810651,True
2025-09-30,Maruti Suzuki,-0.3992763116850706,DOWN,DOWN,0.4609834952975522,True
2025-09-30,NTPC,-0.0587493610984535,DOWN,DOWN,0.46375485434598285,True
2025-09-30,ONGC,1.478076528656702,UP,UP,0.5166663371310573,True
2025-09-30,Reliance,0.3445712002840828,UP,UP,0.509564682442307,True
2025-09-30,SBI,-0.957079088115398,DOWN,DOWN,0.4824143926816224,True
2025-09-30,Sun Pharma,2.628106445493006,UP,DOWN,0.4941076063837148,False
2025-09-30,TCS,0.893229805443152,UP,DOWN,0.4738144129028852,False
2025-09-30,Tata Steel,-0.7465839507776795,DOWN,UP,0.5008384562788549,False
2025-09-30,Wipro,0.7102027161754343,UP,UP,0.5218154464040747,True
2025-10-01,Axis Bank,1.8542475204829767,UP,DOWN,0.49801304166510774,False
2025-10-01,Bharti Airtel,1.5581482098064423,UP,DOWN,0.47300513940307976,False
2025-10-01,Dr Reddy's,0.2731601628859659,UP,DOWN,0.49080061781586237,False
2025-10-01,HCLTech,0.2878733357322804,UP,DOWN,0.49589199915685583,False
2025-10-01,HDFC Bank,-0.0103574810606188,DOWN,UP,0.5350186183367557,False
2025-10-01,Hindustan Unilever,0.3430309651987429,UP,DOWN,0.47803438314732094,False
2025-10-01,ICICI Bank,-0.4956303810586759,DOWN,UP,0.5081286007288809,False
2025-10-01,ITC,-0.3205173301242592,DOWN,UP,0.5062823254578293,False
2025-10-01,Infosys,0.0553276200578878,UP,UP,0.5060120651610392,True
2025-10-01,M&M,-0.040419887486931,DOWN,UP,0.5263080147625904,False
2025-10-01,Maruti Suzuki,-0.9959285937989336,DOWN,DOWN,0.448276926830708,True
2025-10-01,NTPC,0.5143277002204183,UP,DOWN,0.46508677057162157,False
2025-10-01,ONGC,0.255106317109921,UP,UP,0.5177079681797736,True
2025-10-01,Reliance,-0.3872234198061264,DOWN,UP,0.5058114047415844,False
2025-10-01,SBI,0.3703289315407421,UP,UP,0.5028668346001073,True
2025-10-01,Sun Pharma,-0.3055861232863943,DOWN,DOWN,0.4965891804274831,True
2025-10-01,TCS,-0.4220729199854278,DOWN,DOWN,0.492831621971644,True
2025-10-01,Tata Steel,3.4027893223998795,UP,DOWN,0.4997259445246735,False
2025-10-01,Wipro,-0.0373383639378444,DOWN,UP,0.5077311124453401,False
2025-10-03,Axis Bank,2.692637496030903,UP,UP,0.517431438281671,True
2025-10-03,Bharti Airtel,0.3374294605801076,UP,DOWN,0.48197923200123344,False
2025-10-03,Dr Reddy's,0.0400608933403212,UP,UP,0.5053182038710563,True
2025-10-03,HCLTech,1.7366308698869792,UP,UP,0.5026422307212608,True
2025-10-03,HDFC Bank,0.8599686663229189,UP,UP,0.5165328303088212,True
2025-10-03,Hindustan Unilever,-0.1218065006317159,DOWN,DOWN,0.47816831180092045,True
2025-10-03,ICICI Bank,-0.1318434531342838,DOWN,UP,0.5089171633628419,False
2025-10-03,ITC,-0.8780578531173866,DOWN,UP,0.5046639634261699,False
2025-10-03,Infosys,2.032353443263002,UP,UP,0.5005642738367349,True
2025-10-03,M&M,0.2888503755054783,UP,UP,0.5217464134555728,True
2025-10-03,Maruti Suzuki,1.2147285840820032,UP,DOWN,0.4284674181600675,False
2025-10-03,NTPC,-0.8479514317205727,DOWN,DOWN,0.4663106138530238,True
2025-10-03,ONGC,0.9028962140594564,UP,UP,0.5050774286386732,True
2025-10-03,Reliance,0.8508123352075403,UP,UP,0.5058114047415844,True
2025-10-03,SBI,0.7782774236140488,UP,UP,0.5122049343797542,True
2025-10-03,Sun Pharma,1.4406572280190044,UP,DOWN,0.4876549328947218,False
2025-10-03,TCS,2.980805779349493,UP,DOWN,0.4944974837801414,False
2025-10-03,Tata Steel,-1.8186069125192492,DOWN,UP,0.5276271586233486,False
2025-10-03,Wipro,0.4772218340370893,UP,UP,0.5073177016384894,True
2025-10-06,Axis Bank,-2.143799385984746,DOWN,DOWN,0.46260998212957427,True
2025-10-06,Bharti Airtel,1.3609387182136112,UP,DOWN,0.48572240536370714,False
2025-10-06,Dr Reddy's,-0.0080070148880562,DOWN,UP,0.5148758633296758,False
2025-10-06,HCLTech,1.1074327278638665,UP,UP,0.5215612840251005,True
2025-10-06,HDFC Bank,0.9296818202765732,UP,UP,0.5219058765865647,True
2025-10-06,Hindustan Unilever,-0.9678219050940572,DOWN,DOWN,0.4990929988835179,True
2025-10-06,ICICI Bank,0.91682556668371,UP,UP,0.5058114047415844,True
2025-10-06,ITC,-0.2370585669447811,DOWN,UP,0.5046639634261699,False
2025-10-06,Infosys,-1.185636856368566,DOWN,UP,0.5173177158955953,False
2025-10-06,M&M,0.5990797473538256,UP,UP,0.5158479954990485,True
2025-10-06,Maruti Suzuki,0.6875859482435409,UP,DOWN,0.42649948889239053,False
2025-10-06,NTPC,-0.324389880187681,DOWN,DOWN,0.47790223578926,True
2025-10-06,ONGC,-0.2196344605841949,DOWN,UP,0.5043036461366013,False
2025-10-06,Reliance,0.7127308238636276,UP,UP,0.5047729165723612,True
2025-10-06,SBI,-1.0697300745403315,DOWN,DOWN,0.4941592152865842,True
2025-10-06,Sun Pharma,-0.0966927922373073,DOWN,UP,0.5161961011107146,False
2025-10-06,TCS,-0.4919004033009821,DOWN,UP,0.5064741157066827,False
2025-10-06,Tata Steel,0.8055951645627113,UP,UP,0.5347788063928234,True
2025-10-06,Wipro,0.5781992600057739,UP,UP,0.5355803190262701,True
2025-10-07,Axis Bank,-0.522419361905957,DOWN,UP,0.5260566726583823,False
2025-10-07,Bharti Airtel,0.7516848107827823,UP,DOWN,0.4899935922765934,False
2025-10-07,Dr Reddy's,-1.12134561473769,DOWN,UP,0.5061093818962046,False
2025-10-07,HCLTech,1.381325967669511,UP,UP,0.5136775806901405,True
2025-10-07,HDFC Bank,-0.3867672053912252,DOWN,UP,0.5172410296190713,False
2025-10-07,Hindustan Unilever,-0.6793204293391253,DOWN,UP,0.50288013075908,False
2025-10-07,ICICI Bank,-0.4070045415052847,DOWN,UP,0.5047729165723612,False
2025-10-07,ITC,-0.0125032002238789,DOWN,UP,0.5046639634261699,False
2025-10-07,Infosys,2.5025711347274493,UP,UP,0.50530712796444,True
2025-10-07,M&M,-1.8981919348738383,DOWN,UP,0.5007075484477594,False
2025-10-07,Maruti Suzuki,-0.595977154209093,DOWN,DOWN,0.45223160705196375,True
2025-10-07,NTPC,-1.2426071618435677,DOWN,DOWN,0.4878933001609365,True
2025-10-07,ONGC,-1.4307882198071886,DOWN,UP,0.5046639634261699,False
2025-10-07,Reliance,-1.2565008521473686,DOWN,UP,0.5062248492884996,False
2025-10-07,SBI,-0.7459248428328902,DOWN,UP,0.5074318979262681,False
2025-10-07,Sun Pharma,-1.300586795567482,DOWN,UP,0.5411291133741076,False
2025-10-07,TCS,1.799105521016564,UP,DOWN,0.49258458634225194,False
2025-10-07,Tata Steel,0.2975032301317126,UP,DOWN,0.49760198689935065,False
2025-10-07,Wipro,0.3038662574932571,UP,DOWN,0.4997838627564675,False
2025-10-08,Axis Bank,-1.1180714420499505,DOWN,UP,0.5381858730366722,False
2025-10-08,Bharti Airtel,-0.0771803447388697,DOWN,DOWN,0.4656296622956062,True
2025-10-08,Dr Reddy's,0.9396497031946228,UP,UP,0.5038005030388513,True
2025-10-08,HCLTech,2.291498069572006,UP,DOWN,0.4937861398269267,False
2025-10-08,HDFC Bank,-0.163485909996619,DOWN,UP,0.5375604286225837,False
2025-10-08,Hindustan Unilever,0.6999719737784016,UP,DOWN,0.49233889777387413,False
2025-10-08,ICICI Bank,0.4305555085395873,UP,UP,0.5118469690508374,True
2025-10-08,ITC,0.0375219253244241,UP,UP,0.5166663371310573,True
2025-10-08,Infosys,0.9565250052257612,UP,DOWN,0.4957310409224348,False
2025-10-08,M&M,0.4786196510652374,UP,UP,0.5146969085459492,True
2025-10-08,Maruti Suzuki,-0.1686235323507423,DOWN,DOWN,0.41655478756205244,True
2025-10-08,NTPC,0.6141457116584315,UP,UP,0.5064511687922649,True
2025-10-08,ONGC,0.6534063301794957,UP,UP,0.5080793885369195,True
2025-10-08,Reliance,0.760569272222944,UP,UP,0.512716551502995,True
2025-10-08,SBI,0.4485843968467851,UP,UP,0.5060874456318593,True
2025-10-08,Sun Pharma,1.648689925016833,UP,DOWN,0.49990692251226626,False
2025-10-08,TCS,1.139667037410086,UP,UP,0.5033424473967061,True
2025-10-08,Tata Steel,2.605557557244853,UP,UP,0.5177586258784851,True
2025-10-08,Wipro,0.8719816542221315,UP,UP,0.5011408212909794,True
2025-10-09,Axis Bank,1.1135857228138146,UP,UP,0.5031131815263904,True
2025-10-09,Bharti Airtel,-0.1081346851667053,DOWN,UP,0.5248319319614929,False
2025-10-09,Dr Reddy's,1.4685859230131104,UP,UP,0.5232191743764344,True
2025-10-09,HCLTech,0.6054490413723412,UP,UP,0.511849301557743,True
2025-10-09,HDFC Bank,0.3889109531341361,UP,UP,0.5103684137387912,True
2025-10-09,Hindustan Unilever,0.4488323899422886,UP,DOWN,0.47859097835210834,False
2025-10-09,ICICI Bank,0.2979289203402846,UP,UP,0.5038173270223348,True
2025-10-09,ITC,0.725179780131513,UP,UP,0.5270959768822614,True
2025-10-09,Infosys,0.371031299593838,UP,UP,0.5006104303463207,True
2025-10-09,M&M,0.348543389014333,UP,DOWN,0.4726570018539717,False
2025-10-09,Maruti Suzuki,1.7516421645292546,UP,DOWN,0.3810387333379006,False
2025-10-09,NTPC,1.14634689103712,UP,DOWN,0.4970695811389175,False
2025-10-09,ONGC,1.2120452589013286,UP,UP,0.5064164898688107,True
2025-10-09,Reliance,0.2830528527754783,UP,UP,0.5049070900486011,True
2025-10-09,SBI,2.1517282627826484,UP,UP,0.5034038441327586,True
2025-10-09,Sun Pharma,0.7476650234586879,UP,UP,0.5053757007909399,True
2025-10-09,TCS,-1.0908940417550084,DOWN,UP,0.5208672203972207,False
2025-10-09,Tata Steel,-1.4510812748916413,DOWN,UP,0.5344589893580264,False
2025-10-09,Wipro,0.9334428201017042,UP,UP,0.5301734567163034,True
2025-10-10,Axis Bank,0.7793926619445557,UP,UP,0.5158470457624728,True
2025-10-10,Bharti Airtel,0.7732357240693766,UP,UP,0.5103728826299827,True
2025-10-10,Dr Reddy's,-0.1581777887837976,DOWN,UP,0.5434019757505427,False
2025-10-10,HCLTech,-0.0534970797810063,DOWN,UP,0.5111405599509812,False
2025-10-10,HDFC Bank,-0.3975965253331548,DOWN,UP,0.5103684137387912,False
2025-10-10,Hindustan Unilever,-1.4274923844225018,DOWN,DOWN,0.4792562490153882,True
2025-10-10,ICICI Bank,-0.065204983135847,DOWN,UP,0.5015062480578524,False
2025-10-10,ITC,-0.8813276813686044,DOWN,UP,0.5050774286386732,False
2025-10-10,Infosys,-1.4324425963740173,DOWN,UP,0.5381187905654112,False
2025-10-10,M&M,0.1389345267244657,UP,DOWN,0.4588257370690833,False
2025-10-10,Maruti Suzuki,0.3565939133107987,UP,DOWN,0.43529580599582246,False
2025-10-10,NTPC,0.5887547624758627,UP,DOWN,0.4814104555174547,False
2025-10-10,ONGC,-0.9133717761827808,DOWN,UP,0.5049432560630355,False
2025-10-10,Reliance,-0.484906376828953,DOWN,UP,0.5188755466997683,False
2025-10-10,SBI,0.2611693327890352,UP,DOWN,0.4942311503983359,False
2025-10-10,Sun Pharma,-0.1496199631020212,DOWN,DOWN,0.4949919382780832,True
2025-10-10,TCS,-0.6967637722825826,DOWN,UP,0.515521322732413,False
2025-10-10,Tata Steel,-0.4773966571614441,DOWN,UP,0.5297817982012519,False
2025-10-10,Wipro,-1.4354612421537905,DOWN,UP,0.5011408212909794,False
2025-10-13,Axis Bank,-1.0759857952676866,DOWN,UP,0.5294062097839038,False
2025-10-13,Bharti Airtel,-0.4245766394428751,DOWN,DOWN,0.4739634036099051,True
2025-10-13,Dr Reddy's,-1.988274326720452,DOWN,UP,0.5173071439632926,False
2025-10-13,HCLTech,0.0468370418851282,UP,DOWN,0.49510652929347715,False
2025-10-13,HDFC Bank,0.0153556206819338,UP,UP,0.5069337345823169,True
2025-10-13,Hindustan Unilever,0.3810975535107896,UP,UP,0.5071034629131801,True
2025-10-13,ICICI Bank,0.3407243068501042,UP,UP,0.5103684137387912,True
2025-10-13,ITC,-0.613653652355961,DOWN,UP,0.5106999851928288,False
2025-10-13,Infosys,-0.2209969773453779,DOWN,UP,0.5020826823389767,False
2025-10-13,M&M,0.0028932467457609,UP,DOWN,0.4651889488070524,False
2025-10-13,Maruti Suzuki,-0.3798321386999981,DOWN,DOWN,0.42652385317231506,True
2025-10-13,NTPC,-1.4779099005378882,DOWN,DOWN,0.47882073778988327,True
2025-10-13,ONGC,0.2458134755694896,UP,UP,0.5046639634261699,True
2025-10-13,Reliance,0.0654563210227276,UP,UP,0.5121309772591867,True
2025-10-13,SBI,-0.6795401684181801,DOWN,DOWN,0.4711983592627676,True
2025-10-13,Sun Pharma,-0.8391272953209628,DOWN,DOWN,0.48114922674983945,True
2025-10-13,TCS,-1.559587094482151,DOWN,UP,0.5112865333509937,False
2025-10-13,Tata Steel,-1.4563973243016948,DOWN,UP,0.5020244726777479,False
2025-10-13,Wipro,1.3421422186588927,UP,DOWN,0.4993703586003655,False
2025-10-14,Axis Bank,-0.6118348864242007,DOWN,UP,0.5063812896073211,False
2025-10-14,Bharti Airtel,1.1250397970168802,UP,DOWN,0.4890536626754764,False
2025-10-14,Dr Reddy's,-0.396025557317603,DOWN,UP,0.5097228662961686,False
2025-10-14,HCLTech,0.0200566238408361,UP,UP,0.5181084346637735,True
2025-10-14,HDFC Bank,0.1125697752089927,UP,UP,0.5172410296190713,True
2025-10-14,Hindustan Unilever,0.667384040522867,UP,DOWN,0.49082513917999204,False
2025-10-14,ICICI Bank,1.033165889774068,UP,UP,0.5054696472248514,True
2025-10-14,ITC,0.7812515622185545,UP,DOWN,0.4986025240011305,False
2025-10-14,Infosys,-1.0403382606893885,DOWN,DOWN,0.4930453247562801,True
2025-10-14,M&M,1.0809845024546405,UP,DOWN,0.4702570832488207,False
2025-10-14,Maruti Suzuki,-0.301334481274218,DOWN,DOWN,0.3810387333379006,True
2025-10-14,NTPC,0.7723172881788587,UP,UP,0.5013658245654217,True
2025-10-14,ONGC,1.238301013145171,UP,UP,0.5120697450117035,True
2025-10-14,Reliance,-0.1162857444252818,DOWN,UP,0.5058114047415844,False
2025-10-14,SBI,1.0433848282729752,UP,DOWN,0.49911865143104694,False
2025-10-14,Sun Pharma,0.0423084599580292,UP,DOWN,0.4920366672094368,False
2025-10-14,TCS,0.3209134156438198,UP,UP,0.518167160301822,True
2025-10-14,Tata Steel,1.6010856103914062,UP,UP,0.5502682490650853,True
2025-10-14,Wipro,0.7205573456709136,UP,UP,0.5049432560630355,True
2025-10-15,Axis Bank,2.2828380471546783,UP,DOWN,0.49975008812872335,False
2025-10-15,Bharti Airtel,-0.0558788715233626,DOWN,DOWN,0.4747232407494135,True
2025-10-15,Dr Reddy's,0.6329054368139131,UP,DOWN,0.49470775887548984,False
2025-10-15,HCLTech,1.2903690217415331,UP,UP,0.5103948151055528,True
2025-10-15,HDFC Bank,1.645793568713283,UP,UP,0.5173750548773193,True
2025-10-15,Hindustan Unilever,1.6871774513695923,UP,DOWN,0.4990929988835179,False
2025-10-15,ICICI Bank,1.3515463446864384,UP,UP,0.5001883292851532,True
2025-10-15,ITC,1.3128282270889358,UP,UP,0.5050774286386732,True
2025-10-15,Infosys,-0.1966918316631871,DOWN,UP,0.5047221689410105,False
2025-10-15,M&M,1.8186005531350304,UP,DOWN,0.4575876771691917,False
2025-10-15,Maruti Suzuki,0.5304712558598546,UP,DOWN,0.368480831442959,False
2025-10-15,NTPC,0.6632277081798144,UP,DOWN,0.47254563400802474,False
2025-10-15,ONGC,0.2543213627111074,UP,UP,0.5008511764882366,True
2025-10-15,Reliance,1.7463435310553166,UP,UP,0.5058114047415844,True
2025-10-15,SBI,0.0959301032066539,UP,DOWN,0.4941592152865842,False
2025-10-15,Sun Pharma,0.235636787601412,UP,DOWN,0.47922341232509486,False
2025-10-15,TCS,0.0303017822396833,UP,DOWN,0.4990916688246141,False
2025-10-15,Tata Steel,0.4386945755816995,UP,UP,0.512864176874943,True
2025-10-15,Wipro,1.4387877175685349,UP,UP,0.5120697450117035,True
2025-10-16,Axis Bank,0.3259970061499473,UP,UP,0.5148500870618383,True
2025-10-16,Bharti Airtel,2.266950037231008,UP,DOWN,0.44794142652407304,False
2025-10-16,Dr Reddy's,1.265930806347182,UP,UP,0.5241885945439974,True
2025-10-16,HCLTech,-1.9009933219884532,DOWN,DOWN,0.4730380578583607,True
2025-10-16,HDFC Bank,0.8246605730742873,UP,UP,0.5357240781409616,True
2025-10-16,Hindustan Unilever,1.6474702780353343,UP,DOWN,0.4944242963704206,False
2025-10-16,ICICI Bank,1.361738946793256,UP,UP,0.5125625741201136,True
2025-10-16,ITC,1.727755178441015,UP,UP,0.5227834948620613,True
2025-10-16,Infosys,-2.0659207892669063,DOWN,UP,0.5015528932213761,False
2025-10-16,M&M,2.4264182531727574,UP,DOWN,0.4932421982319279,False
2025-10-16,Maruti Suzuki,0.6319793839735022,UP,DOWN,0.3641956240051521,False
2025-10-16,NTPC,-0.1464128843338241,DOWN,DOWN,0.4713267122671981,True
2025-10-16,ONGC,-0.265755444287874,DOWN,UP,0.5085931411019625,False
2025-10-16,Reliance,1.3230350678671732,UP,UP,0.5253155134079355,True
2025-10-16,SBI,0.2480424123967095,UP,DOWN,0.476594088303885,False
2025-10-16,Sun Pharma,1.2115717652765312,UP,UP,0.5059600637604762,True
2025-10-16,TCS,-0.2861278533581646,DOWN,DOWN,0.49622539692915557,True
2025-10-16,Tata Steel,-1.0229878041936091,DOWN,DOWN,0.48688302841104364,True
2025-10-16,Wipro,-5.086483505886696,DOWN,UP,0.5230761208979243,False
2025-10-17,Axis Bank,2.14964588216604,UP,UP,0.5341022961260952,True
2025-10-17,Bharti Airtel,1.963220675944344,UP,DOWN,0.47320285521444017,False
2025-10-17,Dr Reddy's,2.0781889544205123,UP,UP,0.5152448525096527,True
2025-10-17,HCLTech,0.6190333430527328,UP,UP,0.5089975332890732,True
2025-10-17,HDFC Bank,0.0399006951207647,UP,UP,0.5172273769508853,True
2025-10-17,Hindustan Unilever,-0.3571858894086177,DOWN,DOWN,0.48954195205717455,True
2025-10-17,ICICI Bank,-3.222882329434007,DOWN,DOWN,0.49843990068175675,True
2025-10-17,ITC,0.2183656216941498,UP,UP,0.5002689183995259,True
2025-10-17,Infosys,1.3739538660441974,UP,UP,0.532170619453277,True
2025-10-17,M&M,-1.318815917952898,DOWN,DOWN,0.47041646212874444,True
2025-10-17,Maruti Suzuki,0.1402353515029597,UP,DOWN,0.3763335429211035,False
2025-10-17,NTPC,0.2785959551411254,UP,DOWN,0.4635032450669401,False
2025-10-17,ONGC,0.4239182209246461,UP,UP,0.5340641856949091,True
2025-10-17,Reliance,3.5290794944111026,UP,UP,0.5027082861356011,True
2025-10-17,SBI,2.063765965482589,UP,DOWN,0.4798736559149134,False
2025-10-17,Sun Pharma,0.5657792947489471,UP,DOWN,0.48989969135178374,False
2025-10-17,TCS,1.7892107512537336,UP,DOWN,0.4925156390911256,False
2025-10-17,Tata Steel,-0.1567786961718331,DOWN,UP,0.5166057774384181,False
2025-10-17,Wipro,0.1411422188851485,UP,UP,0.5803278262238545,True
2025-10-20,Axis Bank,0.9217005569433168,UP,DOWN,0.4870903872545327,False
2025-10-20,Bharti Airtel,-0.3899585669022709,DOWN,DOWN,0.47041646212874444,True
2025-10-20,Dr Reddy's,0.5226170960900944,UP,DOWN,0.49644000552296663,False
2025-10-20,HCLTech,-0.6285959783734585,DOWN,UP,0.5063126229689985,False
2025-10-20,HDFC Bank,0.4736028657646995,UP,UP,0.5173614024626971,True
2025-10-20,Hindustan Unilever,-0.104068427131676,DOWN,UP,0.5150708332623525,False
2025-10-20,ICICI Bank,-0.5969969457399582,DOWN,UP,0.5140975215745217,False
2025-10-20,ITC,-0.0484158565218106,DOWN,DOWN,0.49531153970172176,True
2025-10-20,Infosys,0.7871859680892657,UP,UP,0.5328456960242482,True
2025-10-20,M&M,0.614038312799825,UP,UP,0.5085494897592302,True
2025-10-20,Maruti Suzuki,-0.1704822211398005,DOWN,DOWN,0.37342187815606326,True
2025-10-20,NTPC,0.0146184504121293,UP,DOWN,0.47379172639454237,False
2025-10-20,ONGC,-0.2492604174175072,DOWN,DOWN,0.4959118446597186,True
2025-10-20,Reliance,-0.1090876467810586,DOWN,UP,0.5030122078753873,False
2025-10-20,SBI,0.038564802858132,UP,DOWN,0.48256691418116987,False
2025-10-20,Sun Pharma,0.1125206941569034,UP,DOWN,0.4782680171627082,False
2025-10-20,TCS,-0.281905019157902,DOWN,UP,0.5309575335636737,False
2025-10-20,Tata Steel,0.4826995322974703,UP,DOWN,0.4986025240011305,False
2025-10-20,Wipro,0.0497409693480221,UP,UP,0.503423083813487,True
2025-10-21,Axis Bank,1.737654501861785,UP,UP,0.5020993062900484,True
2025-10-21,Bharti Airtel,-1.7421079317806454,DOWN,UP,0.540100337773425,False
2025-10-21,Dr Reddy's,-0.7216518282130435,DOWN,UP,0.5387306649322434,False
2025-10-21,HCLTech,2.550472706195328,UP,UP,0.525766290670194,True
2025-10-21,HDFC Bank,0.1091570479917258,UP,UP,0.5437347018817063,True
2025-10-21,Hindustan Unilever,0.3819943153488214,UP,UP,0.5222870258556221,True
2025-10-21,ICICI Bank,-1.3241714057977585,DOWN,UP,0.5135973996120515,False
2025-10-21,ITC,0.7508795101575982,UP,UP,0.5125096023245993,True
2025-10-21,Infosys,3.810104228180955,UP,UP,0.5155418168193381,True
2025-10-21,M&M,0.0662804185556753,UP,UP,0.5674452933777256,True
2025-10-21,Maruti Suzuki,-0.018297145645274,DOWN,DOWN,0.4336801597038873,True
2025-10-21,NTPC,0.1900566948784821,UP,DOWN,0.47696802113547143,False
2025-10-21,ONGC,1.688700033799062,UP,UP,0.5106999851928288,True
2025-10-21,Reliance,-1.1465961860274263,DOWN,UP,0.5327522979859528,False
2025-10-21,SBI,0.4075576699380523,UP,DOWN,0.47954866659765766,False
2025-10-21,Sun Pharma,-0.0354910136609043,DOWN,DOWN,0.4967088557599584,True
2025-10-21,TCS,2.211727178632561,UP,UP,0.5036224061799283,True
2025-10-21,Tata Steel,0.7987063853237331,UP,UP,0.5627276911144741,True
2025-10-21,Wipro,1.2180984562361274,UP,UP,0.5002537261403387,True
2025-10-23,Axis Bank,-1.3425503462440649,DOWN,DOWN,0.48861100923509193,True
2025-10-23,Bharti Airtel,1.0657913319318535,UP,UP,0.5430977654239614,True
2025-10-23,Dr Reddy's,0.3282750579748139,UP,UP,0.5383448328997394,True
2025-10-23,HCLTech,-0.0065605081918662,DOWN,UP,0.5433615280996094,False
2025-10-23,HDFC Bank,-1.3927426608823623,DOWN,UP,0.5764288981477176,False
2025-10-23,Hindustan Unilever,-3.274915133546308,DOWN,UP,0.5488333460792285,False
2025-10-23,ICICI Bank,1.026618794550016,UP,UP,0.5585249560459261,True
2025-10-23,ITC,0.2043456090859319,UP,UP,0.5368947362573991,True
2025-10-23,Infosys,-0.2028116183145245,DOWN,UP,0.5329859818296115,False
2025-10-23,M&M,0.0386329149470787,UP,UP,0.5126360241171734,True
2025-10-23,Maruti Suzuki,-0.7259195998291945,DOWN,DOWN,0.4173038952501532,True
2025-10-23,NTPC,-0.8901175681591211,DOWN,UP,0.5413987795216841,False
2025-10-23,ONGC,1.0502989104338225,UP,UP,0.5296217537294251,True
2025-10-23,Reliance,0.2209300688992721,UP,UP,0.5528577871716729,True
2025-10-23,SBI,-0.7734066027512143,DOWN,UP,0.5226046398936246,False
2025-10-23,Sun Pharma,0.5384919494922702,UP,UP,0.5484209348980256,True
2025-10-23,TCS,-0.3253937315789268,DOWN,UP,0.5387467923626861,False
2025-10-23,Tata Steel,0.1607709998904916,UP,UP,0.5439041749018644,True
2025-10-23,Wipro,-0.5403222708675659,DOWN,UP,0.5457102915020853,False
2025-10-24,Axis Bank,0.9823617788904616,UP,DOWN,0.492630117647576,False
2025-10-24,Bharti Airtel,2.503328616064482,UP,UP,0.553043988738547,True
2025-10-24,Dr Reddy's,0.0545398298148036,UP,UP,0.5375604286225837,True
2025-10-24,HCLTech,0.636563253776945,UP,UP,0.5309612349712762,True
2025-10-24,HDFC Bank,0.8243289476784321,UP,UP,0.554178478308816,True
2025-10-24,Hindustan Unilever,-0.1827950124835387,DOWN,UP,0.5301295406468414,False
2025-10-24,ICICI Bank,-0.0072567024374525,DOWN,DOWN,0.4989234761423211,True
2025-10-24,ITC,0.923705906015515,UP,DOWN,0.48353042955606884,False
2025-10-24,Infosys,-1.370134002855461,DOWN,UP,0.5224860990366186,False
2025-10-24,M&M,-0.3696524784482791,DOWN,DOWN,0.46828449871054134,True
2025-10-24,Maruti Suzuki,0.7005038712055933,UP,DOWN,0.4313476820119436,False
2025-10-24,NTPC,0.6330959534285308,UP,DOWN,0.4845683915840257,False
2025-10-24,ONGC,-0.6628500144741922,DOWN,DOWN,0.4778985225494287,True
2025-10-24,Reliance,2.2389088279559437,UP,UP,0.5381858730366722,True
2025-10-24,SBI,2.0176893311221638,UP,DOWN,0.4871916682079804,False
2025-10-24,Sun Pharma,-0.3178354569783659,DOWN,DOWN,0.4859395884323703,True
2025-10-24,TCS,0.7084079236673091,UP,UP,0.5339083918838933,True
2025-10-24,Tata Steel,1.272644570988701,UP,UP,0.5151073735678912,True
2025-10-24,Wipro,0.3827508234929277,UP,UP,0.5078113703832499,True
2025-10-27,Axis Bank,-0.6219541431829012,DOWN,DOWN,0.45872172157131835,True
2025-10-27,Bharti Airtel,0.4855465141800241,UP,DOWN,0.4860025889184232,False
2025-10-27,Dr Reddy's,0.3971015644351094,UP,DOWN,0.4974828777036689,False
2025-10-27,HCLTech,-0.7433990488465936,DOWN,DOWN,0.498788906570919,True
2025-10-27,HDFC Bank,0.059821085660805,UP,UP,0.5132391068505567,True
2025-10-27,Hindustan Unilever,-0.5852357228328442,DOWN,UP,0.5123623160740383,False
2025-10-27,ICICI Bank,-1.0525551870623873,DOWN,UP,0.5042454695540416,False
2025-10-27,ITC,-0.6537501580653138,DOWN,DOWN,0.4827229611409105,True
2025-10-27,Infosys,-0.2858124844217324,DOWN,UP,0.5073758997138679,False
2025-10-27,M&M,-0.8998781460076599,DOWN,DOWN,0.4695853784754567,True
2025-10-27,Maruti Suzuki,-0.4698559921894052,DOWN,DOWN,0.37151179549999336,True
2025-10-27,NTPC,-0.7607918371662414,DOWN,DOWN,0.4639145711053105,True
2025-10-27,ONGC,-1.0779053738204314,DOWN,DOWN,0.47901848591669627,True
2025-10-27,Reliance,0.1886698250917806,UP,UP,0.5155174475249327,True
2025-10-27,SBI,0.8127878623679141,UP,DOWN,0.48429178889573293,False
2025-10-27,Sun Pharma,-0.3897009731388401,DOWN,UP,0.5202991653144388,False
2025-10-27,TCS,-0.8752309914330403,DOWN,UP,0.5176291178306491,False
2025-10-27,Tata Steel,2.9152008319520477,UP,UP,0.5090758681816291,True
2025-10-27,Wipro,-0.6272800444119153,DOWN,DOWN,0.4951923555314252,True
2025-10-28,Axis Bank,0.2005937496633025,UP,DOWN,0.47772306583145824,False
2025-10-28,Bharti Airtel,0.497567061875781,UP,DOWN,0.4829398125023305,False
2025-10-28,Dr Reddy's,-2.98588485117296,DOWN,UP,0.5069337345823169,False
2025-10-28,HCLTech,2.312599290899864,UP,DOWN,0.4756521095368146,False
2025-10-28,HDFC Bank,0.4284776887323316,UP,UP,0.5642409713378463,True
2025-10-28,Hindustan Unilever,-0.3604180708833948,DOWN,UP,0.5060183948823758,False
2025-10-28,ICICI Bank,0.5355475723625602,UP,UP,0.5369946315721968,True
2025-10-28,ITC,0.8853822113114918,UP,DOWN,0.4807326869524494,False
2025-10-28,Infosys,0.6799142497118327,UP,UP,0.5073758997138679,True
2025-10-28,M&M,-1.2405393890338567,DOWN,DOWN,0.47974661008730946,True
2025-10-28,Maruti Suzuki,-1.060633928024035,DOWN,DOWN,0.39116209245586614,True
2025-10-28,NTPC,2.462039290516471,UP,UP,0.5066080496813109,True
2025-10-28,ONGC,2.0356055880033086,UP,DOWN,0.4867418438042364,False
2025-10-28,Reliance,1.1634895738622308,UP,DOWN,0.49187305039131235,False
2025-10-28,SBI,1.0212308519215174,UP,DOWN,0.4764805427720722,False
2025-10-28,Sun Pharma,1.7131016250185205,UP,UP,0.5028541220806447,True
2025-10-28,TCS,-0.009804267538982,DOWN,DOWN,0.4996566203839698,True
2025-10-28,Tata Steel,1.859086369396845,UP,DOWN,0.4946862201518078,False
2025-10-28,Wipro,-0.0412600468276957,DOWN,UP,0.5128745659477504,False
2025-10-29,Axis Bank,-0.8167899458171313,DOWN,UP,0.5189524092188725,False
2025-10-29,Bharti Airtel,-1.6328690485350017,DOWN,DOWN,0.48307454751431567,True
2025-10-29,Dr Reddy's,-3.8932026774081474,DOWN,UP,0.5106461843678965,False
2025-10-29,HCLTech,-0.4816027589316429,DOWN,DOWN,0.4989210250251724,True
2025-10-29,HDFC Bank,-0.9624399867882992,DOWN,UP,0.5436964773723624,False
2025-10-29,Hindustan Unilever,-0.7435392176314282,DOWN,DOWN,0.4963939099172813,True
2025-10-29,ICICI Bank,-0.5837711513045685,DOWN,UP,0.5093305301267005,False
2025-10-29,ITC,-0.6759976428500902,DOWN,DOWN,0.48339639028368986,True
2025-10-29,Infosys,-1.0990449760074128,DOWN,UP,0.5299929961922194,False
2025-10-29,M&M,-0.9222806452020672,DOWN,DOWN,0.48417084750561995,True
2025-10-29,Maruti Suzuki,0.4213657206593169,UP,DOWN,0.4362651023004362,False
2025-10-29,NTPC,-0.6762607492131312,DOWN,DOWN,0.46326636660379283,True
2025-10-29,ONGC,-0.4342045896580049,DOWN,DOWN,0.467092210557386,True
2025-10-29,Reliance,-1.043740970716267,DOWN,UP,0.5037710390027756,False
2025-10-29,SBI,-0.5746235077480621,DOWN,UP,0.530068093881791,False
2025-10-29,Sun Pharma,-0.7284806703274249,DOWN,UP,0.500280677163003,False
2025-10-29,TCS,-0.7293317672647515,DOWN,DOWN,0.4990916688246141,True
2025-10-29,Tata Steel,-0.4535862232392551,DOWN,DOWN,0.47270420930929385,True
2025-10-29,Wipro,-0.1485886627725752,DOWN,UP,0.5128745659477504,False
2025-10-30,Axis Bank,-0.4682647240541682,DOWN,UP,0.5061732933306503,False
2025-10-30,Bharti Airtel,-0.5710714102154402,DOWN,DOWN,0.4889758195704255,True
2025-10-30,Dr Reddy's,-0.3826298263823413,DOWN,UP,0.5279780778802495,False
2025-10-30,HCLTech,-0.5355561083122296,DOWN,UP,0.5040825539087356,False
2025-10-30,HDFC Bank,-1.0870146126042424,DOWN,UP,0.5169620379621157,False
2025-10-30,Hindustan Unilever,-0.1660227362373811,DOWN,UP,0.510191365088248,False
2025-10-30,ICICI Bank,-1.2551361772979883,DOWN,UP,0.5118469690508374,False
2025-10-30,ITC,0.3820910097947827,UP,DOWN,0.4807326869524494,False
2025-10-30,Infosys,-0.7698486828288442,DOWN,DOWN,0.49914512931515514,True
2025-10-30,M&M,-0.4254631812022347,DOWN,DOWN,0.48417084750561995,True
2025-10-30,Maruti Suzuki,-0.1234110823151946,DOWN,DOWN,0.37583220145415575,True
2025-10-30,NTPC,-2.375773383879132,DOWN,DOWN,0.47777182732572515,True
2025-10-30,ONGC,0.3300185997403781,UP,DOWN,0.46763992446361213,False
2025-10-30,Reliance,-0.1410799856189082,DOWN,DOWN,0.4996504770738979,True
2025-10-30,SBI,0.2836222489758677,UP,DOWN,0.4724266184879136,False
2025-10-30,Sun Pharma,-0.7455719772315961,DOWN,UP,0.5097932213510492,False
2025-10-30,TCS,0.7478651469939201,UP,UP,0.5014449484689593,True
2025-10-30,Tata Steel,-0.8190993846656225,DOWN,UP,0.50226308036784,False
2025-10-30,Wipro,-0.5166997393605599,DOWN,UP,0.5115184136691703,False
2025-10-31,Axis Bank,0.0729966181138186,UP,DOWN,0.4972800643432176,False
2025-10-31,Bharti Airtel,0.9491360428327988,UP,DOWN,0.4797949651332899,False
2025-10-31,Dr Reddy's,-0.1335984985432747,DOWN,UP,0.5229607128803565,False
2025-10-31,HCLTech,0.129743756081746,UP,DOWN,0.4883265853449488,False
2025-10-31,HDFC Bank,0.5418856160479768,UP,UP,0.5162538121484818,True
2025-10-31,Hindustan Unilever,-0.223078483066319,DOWN,DOWN,0.49792104111362717,True
2025-10-31,ICICI Bank,0.0817643310795812,UP,UP,0.5308437692729726,True
2025-10-31,ITC,-1.5225392657442385,DOWN,DOWN,0.4807326869524494,True
2025-10-31,Infosys,0.2158774247093209,UP,DOWN,0.49914512931515514,False
2025-10-31,M&M,1.7693264520475926,UP,DOWN,0.48485295750209106,False
2025-10-31,Maruti Suzuki,-3.3053255900160616,DOWN,DOWN,0.4918591548507862,True
2025-10-31,NTPC,-0.5193648721178112,DOWN,UP,0.5467105713848283,False
2025-10-31,ONGC,0.8536604602983555,UP,DOWN,0.4730201619878641,False
2025-10-31,Reliance,-0.1143752162448774,DOWN,DOWN,0.4864068886431933,True
2025-10-31,SBI,1.3553908438667328,UP,DOWN,0.472825255584071,False
2025-10-31,Sun Pharma,0.9286138105880636,UP,DOWN,0.4807499716332939,False
2025-10-31,TCS,-1.3472842109834904,DOWN,DOWN,0.49694958545657203,True
2025-10-31,Tata Steel,-0.0929764670478228,DOWN,UP,0.5363396107826385,False
2025-10-31,Wipro,-0.070635380495565,DOWN,UP,0.518735046754626,False
2025-11-03,Axis Bank,-0.5755026235668814,DOWN,UP,0.5040399511944821,False
2025-11-03,Bharti Airtel,1.8948914574794973,UP,DOWN,0.4643417097554764,False
2025-11-03,Dr Reddy's,0.3344481605351168,UP,DOWN,0.4871902393919103,False
2025-11-03,HCLTech,-0.9329461881478762,DOWN,DOWN,0.49672444397891274,True
2025-11-03,HDFC Bank,-0.7454817138024539,DOWN,UP,0.5066992093842009,False
2025-11-03,Hindustan Unilever,-0.5813027978912588,DOWN,DOWN,0.49123739287308843,True
2025-11-03,ICICI Bank,-0.7055852516145267,DOWN,UP,0.5057651908324797,False
2025-11-03,ITC,-1.2199584881329215,DOWN,DOWN,0.48842303167609047,True
2025-11-03,Infosys,-1.1847846237588389,DOWN,DOWN,0.49259882457769605,True
2025-11-03,M&M,0.9101425714146848,UP,DOWN,0.4779636814593474,False
2025-11-03,Maruti Suzuki,-1.7698549613443193,DOWN,DOWN,0.3960890209635613,True
2025-11-03,NTPC,-1.3723168066815283,DOWN,DOWN,0.49769861753261624,True
2025-11-03,ONGC,-2.019018418138363,DOWN,DOWN,0.4555131650361433,True
2025-11-03,Reliance,-0.7813010013761779,DOWN,UP,0.5016748686422129,False
2025-11-03,SBI,0.8318377674385147,UP,DOWN,0.4542789141702149,False
2025-11-03,Sun Pharma,-0.9610890869328204,DOWN,DOWN,0.49935109855209164,True
2025-11-03,TCS,-0.8817322071637768,DOWN,UP,0.5009567891911609,False
2025-11-03,Tata Steel,-1.850333889907008,DOWN,UP,0.5020244726777479,False
2025-11-03,Wipro,-1.072765834118372,DOWN,UP,0.5022563136558974,False
2025-11-04,Axis Bank,0.1549017162791655,UP,UP,0.5356607224996804,True
2025-11-04,Bharti Airtel,-0.8706831050601771,DOWN,UP,0.5077018589769654,False
2025-11-04,Dr Reddy's,0.4333292643229125,UP,UP,0.5287230836555715,True
2025-11-04,HCLTech,-0.1765712651221829,DOWN,UP,0.5015966003190558,False
2025-11-04,HDFC Bank,-0.0608957712192492,DOWN,UP,0.5162538121484818,False
2025-11-04,Hindustan Unilever,-0.3966124776355828,DOWN,DOWN,0.4955133798259687,True
2025-11-04,ICICI Bank,-1.2341984964232222,DOWN,UP,0.5058114047415844,False
2025-11-04,ITC,-0.3423805129326496,DOWN,UP,0.5052338771862664,False
2025-11-04,Infosys,-0.0817544262025959,DOWN,UP,0.5015528932213761,False
2025-11-04,M&M,1.0415516959872528,UP,DOWN,0.47658381717302806,False
2025-11-04,Maruti Suzuki,0.5073500715493617,UP,DOWN,0.41638369898852945,False
2025-11-04,NTPC,-1.1948010085016336,DOWN,UP,0.5014741978776892,False
2025-11-04,ONGC,-0.3368361731550418,DOWN,DOWN,0.4943175833589801,True
2025-11-04,Reliance,1.561333268697629,UP,UP,0.5047221689410105,True
2025-11-04,SBI,0.3289499263129158,UP,DOWN,0.4404732251001433,False
2025-11-04,Sun Pharma,-0.2426021056767702,DOWN,UP,0.508154027111924,False
2025-11-04,TCS,0.6922597655639295,UP,UP,0.5009567891911609,True
2025-11-04,Tata Steel,-1.1266602093336742,DOWN,DOWN,0.4993040885649183,True
2025-11-04,Wipro,0.8952609697399305,UP,UP,0.5052338771862664,True
2025-11-06,Axis Bank,-0.4639764893671128,DOWN,UP,0.501333678527394,False
2025-11-06,Bharti Airtel,-4.472765074218799,DOWN,DOWN,0.4939092210352794,True
2025-11-06,Dr Reddy's,0.0166008339108403,UP,UP,0.504323793751479,True
2025-11-06,HCLTech,-0.9171907610112996,DOWN,UP,0.5015528932213761,False
2025-11-06,HDFC Bank,-0.2386671977682719,DOWN,UP,0.5083325264793723,False
2025-11-06,Hindustan Unilever,-0.9031198686371144,DOWN,UP,0.5045227576487235,False
2025-11-06,ICICI Bank,1.711600664046209,UP,UP,0.5137149643210388,True
2025-11-06,ITC,-0.8466287624616431,DOWN,DOWN,0.49908691885393347,True
2025-11-06,Infosys,0.6886273943201626,UP,UP,0.5015528932213761,True
2025-11-06,M&M,1.981482690945824,UP,DOWN,0.45924301470617795,False
2025-11-06,Maruti Suzuki,0.1747346621796541,UP,DOWN,0.4652837106538022,False
2025-11-06,NTPC,-0.1683722036569301,DOWN,UP,0.5064511687922649,False
2025-11-06,ONGC,0.2783288064581279,UP,DOWN,0.4958562805542309,False
2025-11-06,Reliance,-1.209810566225611,DOWN,DOWN,0.48545275859081827,True
2025-11-06,SBI,-0.5100207560824743,DOWN,DOWN,0.4496995395097489,True
2025-11-06,Sun Pharma,0.3262352405452695,UP,UP,0.5431044260118141,True
2025-11-06,TCS,-0.6343569741643407,DOWN,DOWN,0.48951880078682913,True
2025-11-06,Tata Steel,2.3128508748862853,UP,UP,0.5167265085197104,True
2025-11-06,Wipro,-1.4830233340285104,DOWN,UP,0.5022563136558974,False
2025-11-07,Axis Bank,-0.4743252041642831,DOWN,UP,0.5034038441327586,False
2025-11-07,Bharti Airtel,0.9294472371617956,UP,UP,0.5455606124339472,True
2025-11-07,Dr Reddy's,-0.5558381538480872,DOWN,UP,0.5285691852341582,False
2025-11-07,HCLTech,1.8579724366788453,UP,DOWN,0.4925156390911256,False
2025-11-07,HDFC Bank,0.2239654112155875,UP,UP,0.5101737298922383,True
2025-11-07,Hindustan Unilever,-0.2154080849989692,DOWN,DOWN,0.49280429350059707,True
2025-11-07,ICICI Bank,0.3723008190618104,UP,UP,0.5308778819337617,True
2025-11-07,ITC,0.3712411942377258,UP,DOWN,0.49908691885393347,False
2025-11-07,Infosys,2.485099536731284,UP,DOWN,0.4913266375329982,False
2025-11-07,M&M,-0.7126998313403909,DOWN,DOWN,0.4887342153762073,True
2025-11-07,Maruti Suzuki,0.6718780282964021,UP,DOWN,0.4652837106538022,False
2025-11-07,NTPC,-0.1993234849183234,DOWN,DOWN,0.49339793673471877,True
2025-11-07,ONGC,-0.3172097785242855,DOWN,DOWN,0.4835039961968233,True
2025-11-07,Reliance,0.7645499883710993,UP,UP,0.5275653796493864,True
2025-11-07,SBI,-0.4917038543621022,DOWN,DOWN,0.4583830909215929,True
2025-11-07,Sun Pharma,0.3783862079746347,UP,UP,0.5023108819253748,True
2025-11-07,TCS,1.1163815027288582,UP,UP,0.5014449484689593,True
2025-11-07,Tata Steel,0.060649839175686,UP,UP,0.5536112593451902,True
2025-11-07,Wipro,1.416546478461389,UP,UP,0.5054243633446039,True
2025-11-10,Axis Bank,0.4519309778143077,UP,UP,0.5034038441327586,True
2025-11-10,Bharti Airtel,1.1139716534344313,UP,UP,0.5231797991576796,True
2025-11-10,Dr Reddy's,1.0678275923521552,UP,UP,0.5334229323453116,True
2025-11-10,HCLTech,1.914962674456344,UP,UP,0.5204602061932648,True
2025-11-10,HDFC Bank,0.7313369433246564,UP,DOWN,0.4936879763935061,False
2025-11-10,Hindustan Unilever,0.7763181166063449,UP,DOWN,0.4955133798259687,False
2025-11-10,ICICI Bank,0.7640985777540799,UP,UP,0.5038173270223348,True
2025-11-10,ITC,0.32055686097332,UP,DOWN,0.48937226312839416,False
2025-11-10,Infosys,1.1100131369755628,UP,DOWN,0.48618061032954824,False
2025-11-10,M&M,2.32539636953506,UP,DOWN,0.4958818761808731,False
2025-11-10,Maruti Suzuki,0.3978694731438192,UP,DOWN,0.4102367063422976,False
2025-11-10,NTPC,0.3687145934687441,UP,DOWN,0.49348700038267057,False
2025-11-10,ONGC,-0.7756551295085345,DOWN,DOWN,0.4961485647833488,True
2025-11-10,Reliance,0.2752954711284339,UP,DOWN,0.49887266749829595,False
2025-11-10,SBI,0.2260383034980106,UP,DOWN,0.47291089106298856,False
2025-11-10,Sun Pharma,1.077861128019375,UP,UP,0.5091748150452012,True
2025-11-10,TCS,0.7206151388333915,UP,UP,0.5121048421791276,True
2025-11-10,Tata Steel,-0.2424523097668607,DOWN,UP,0.5049102965797223,False
2025-11-10,Wipro,0.7713501216491281,UP,UP,0.5049432560630355,True
2025-11-11,Axis Bank,-0.0736216289621727,DOWN,UP,0.5089169139325166,False
2025-11-11,Bharti Airtel,1.5423786538160569,UP,UP,0.5100322041137673,True
2025-11-11,Dr Reddy's,1.494013667844607,UP,UP,0.5269434204788767,True
2025-11-11,HCLTech,1.5286624203821653,UP,DOWN,0.4989210250251724,False
2025-11-11,HDFC Bank,-0.221842510835013,DOWN,UP,0.5372734808763456,False
2025-11-11,Hindustan Unilever,-0.1235839340885669,DOWN,DOWN,0.4740943685984673,True
2025-11-11,ICICI Bank,0.044171064151488,UP,UP,0.5023652741783975,True
2025-11-11,ITC,0.0368671240590368,UP,UP,0.518872471180754,True
2025-11-11,Infosys,1.398412184599862,UP,UP,0.5290758610327949,True
2025-11-11,M&M,0.138698648647062,UP,DOWN,0.47759314700328254,False
2025-11-11,Maruti Suzuki,0.3259827420901251,UP,DOWN,0.4671636100352623,False
2025-11-11,NTPC,0.1530690369945242,UP,DOWN,0.4872822817704401,False
2025-11-11,ONGC,1.763884228944823,UP,UP,0.5358428767164582,True
2025-11-11,Reliance,1.2119978096986506,UP,UP,0.5023145230828967,True
2025-11-11,SBI,0.4038641215140526,UP,DOWN,0.47066424159205694,False
2025-11-11,Sun Pharma,0.9323466131125002,UP,UP,0.5007120323843103,True
2025-11-11,TCS,2.783066912639476,UP,UP,0.50583678528677,True
2025-11-11,Tata Steel,-1.342240811918649,DOWN,UP,0.5142220148007848,False
2025-11-11,Wipro,1.4605481168600054,UP,DOWN,0.49397378977602097,False
2025-11-12,Axis Bank,0.2946934886938646,UP,UP,0.5058114047415844,True
2025-11-12,Bharti Airtel,0.8679718186992869,UP,UP,0.5337975690288258,True
2025-11-12,Dr Reddy's,0.4310384623746666,UP,UP,0.5251144159738221,True
2025-11-12,HCLTech,0.282308657465502,UP,UP,0.5065845425705321,True
2025-11-12,HDFC Bank,-0.288021787361048,DOWN,DOWN,0.49975008812872335,True
2025-11-12,Hindustan Unilever,-0.6970469104454535,DOWN,UP,0.5089160653805949,False
2025-11-12,ICICI Bank,1.9869011343672585,UP,DOWN,0.49686415851969595,False
2025-11-12,ITC,-0.3194073201397307,DOWN,UP,0.5106999851928288,False
2025-11-12,Infosys,-0.6380036511745346,DOWN,DOWN,0.49315479114369165,True
2025-11-12,M&M,-1.4596608719441684,DOWN,DOWN,0.4723660835906082,True
2025-11-12,Maruti Suzuki,0.3376656472986683,UP,DOWN,0.37536367031818585,False
2025-11-12,NTPC,-0.061128440527014,DOWN,DOWN,0.49479171646600584,True
2025-11-12,ONGC,-1.181800247338438,DOWN,UP,0.5159499221961289,False
2025-11-12,Reliance,-0.0396940513355925,DOWN,UP,0.5211582727620092,False
2025-11-12,SBI,-0.3291045639361223,DOWN,DOWN,0.47066424159205694,True
2025-11-12,Sun Pharma,0.305989775580473,UP,DOWN,0.4954446171959848,False
2025-11-12,TCS,-0.8333896560866472,DOWN,DOWN,0.4962938641280521,True
2025-11-12,Tata Steel,-1.097366724802307,DOWN,UP,0.5130593479565493,False
2025-11-12,Wipro,0.044857927495312,UP,UP,0.5190235754542076,True
2025-11-13,Axis Bank,1.3385590162957597,UP,UP,0.5474498172112262,True
2025-11-13,Bharti Airtel,0.4254662078593929,UP,DOWN,0.4987726630490265,False
2025-11-13,Dr Reddy's,0.8988562123645849,UP,UP,0.5005179258280081,True
2025-11-13,HCLTech,-0.243980257370191,DOWN,UP,0.5016125884528527,False
2025-11-13,HDFC Bank,0.2989865807409453,UP,DOWN,0.4936879763935061,False
2025-11-13,Hindustan Unilever,0.8348501703082656,UP,UP,0.5027234538445452,True
2025-11-13,ICICI Bank,-0.9308048334522812,DOWN,UP,0.5136045762536643,False
2025-11-13,ITC,0.6038899718353585,UP,UP,0.5022563136558974,True
2025-11-13,Infosys,-2.529510881105668,DOWN,DOWN,0.4933687320014605,True
2025-11-13,M&M,-0.0243249721246119,DOWN,DOWN,0.48736263615750613,True
2025-11-13,Maruti Suzuki,-0.4127246174360222,DOWN,DOWN,0.36629621627940495,True
2025-11-13,NTPC,0.4587857299268583,UP,DOWN,0.4961485647833488,False
2025-11-13,ONGC,-1.2955949455543792,DOWN,UP,0.5062277461248194,False
2025-11-13,Reliance,0.5294857284221965,UP,UP,0.5274912535700786,True
2025-11-13,SBI,1.451779411523857,UP,DOWN,0.4991361696378151,False
2025-11-13,Sun Pharma,1.133875382470939,UP,UP,0.5028541220806447,True
2025-11-13,TCS,0.0096612304099741,UP,UP,0.5098125014155327,True
2025-11-13,Tata Steel,-1.3529575274420669,DOWN,UP,0.5438688789295932,False
2025-11-13,Wipro,-0.3913123982806965,DOWN,UP,0.5298951461458599,False
2025-11-14,Axis Bank,0.6443299095769239,UP,UP,0.5121569022963859,True
2025-11-14,Bharti Airtel,0.5474365814872595,UP,UP,0.5342559421362324,True
2025-11-14,Dr Reddy's,-0.1284089555326995,DOWN,UP,0.5446710820721724,False
2025-11-14,HCLTech,0.7400005649560448,UP,UP,0.5047186469428491,True
2025-11-14,HDFC Bank,0.7023052120546103,UP,UP,0.5064087484526427,True
2025-11-14,Hindustan Unilever,-0.1112143685866873,DOWN,DOWN,0.48401084322154225,True
2025-11-14,ICICI Bank,0.4369992716678705,UP,UP,0.5125555549056955,True
2025-11-14,ITC,-0.2572553739238925,DOWN,UP,0.5330397271476328,False
2025-11-14,Infosys,0.3193988955187743,UP,UP,0.5308394711289538,True
2025-11-14,M&M,0.9814471348362996,UP,DOWN,0.45354427603795217,False
2025-11-14,Maruti Suzuki,1.236929354756433,UP,DOWN,0.37536367031818585,False
2025-11-14,NTPC,0.5328055822683142,UP,DOWN,0.49761282042520427,False
2025-11-14,ONGC,0.1817435125805566,UP,UP,0.5022794110924169,True
2025-11-14,Reliance,-0.0395006633941541,DOWN,DOWN,0.4948347513647057,True
2025-11-14,SBI,0.5682698908650918,UP,DOWN,0.47351591888122113,False
2025-11-14,Sun Pharma,0.3870040932564045,UP,UP,0.5471746134323544,True
2025-11-14,TCS,-0.1223454226698339,DOWN,DOWN,0.48310009778533797,True
2025-11-14,Tata Steel,-0.6255000414612466,DOWN,UP,0.5468522319843875,False
2025-11-14,Wipro,-0.1309457264899616,DOWN,DOWN,0.4997838627564675,True
2025-11-17,Axis Bank,1.2644085416788189,UP,UP,0.5009177605502079,True
2025-11-17,Bharti Airtel,1.7517280965503312,UP,UP,0.5426409788170904,True
2025-11-17,Dr Reddy's,-0.0482140448542667,DOWN,UP,0.5057284159478707,False
2025-11-17,HCLTech,-0.6972157041813309,DOWN,DOWN,0.4906471692951542,True
2025-11-17,HDFC Bank,-0.4114169521006738,DOWN,DOWN,0.4960954901547917,True
2025-11-17,Hindustan Unilever,-0.8659793814432937,DOWN,DOWN,0.49896834807594515,True
2025-11-17,ICICI Bank,-0.4060896001405023,DOWN,UP,0.501640432779008,False
2025-11-17,ITC,-0.3070498602945615,DOWN,UP,0.5106999851928288,False
2025-11-17,Infosys,-1.40620532735386,DOWN,UP,0.5032836336661785,False
2025-11-17,M&M,-1.073652696567884,DOWN,DOWN,0.44885831591223047,True
2025-11-17,Maruti Suzuki,0.3274971658899117,UP,DOWN,0.3777867447561791,False
2025-11-17,NTPC,-0.5299818096017428,DOWN,UP,0.5059712362010829,False
2025-11-17,ONGC,-0.4434614351873644,DOWN,DOWN,0.4997843630134963,True
2025-11-17,Reliance,0.0724478397261751,UP,UP,0.5061818323332398,True
2025-11-17,SBI,-0.0924604100765114,DOWN,DOWN,0.4884361568855258,True
2025-11-17,Sun Pharma,-0.2891306488660872,DOWN,UP,0.5460916237024537,False
2025-11-17,TCS,-0.4867466234702577,DOWN,DOWN,0.4840561899927147,True
2025-11-17,Tata Steel,-0.4157771140014032,DOWN,UP,0.5351730102185167,False
2025-11-17,Wipro,-1.290722850187942,DOWN,DOWN,0.4993703586003655,True
2025-11-18,Axis Bank,0.3951319664558417,UP,UP,0.5078407342500195,True
2025-11-18,Bharti Airtel,0.4932113296610696,UP,DOWN,0.49251603189277343,False
2025-11-18,Dr Reddy's,0.5145443071641553,UP,UP,0.5235141178640842,True
2025-11-18,HCLTech,4.2251771863802245,UP,DOWN,0.496958555829504,False
2025-11-18,HDFC Bank,0.2166319061375432,UP,UP,0.5162538121484818,True
2025-11-18,Hindustan Unilever,1.5640639624064034,UP,UP,0.500325307093695,True
2025-11-18,ICICI Bank,0.7062728265214258,UP,UP,0.501226931726852,True
2025-11-18,ITC,-0.5667163424805222,DOWN,UP,0.51098402316693,False
2025-11-18,Infosys,3.6800289473513543,UP,UP,0.5079457355105009,True
2025-11-18,M&M,0.7497009528475207,UP,DOWN,0.4719849233260134,False
2025-11-18,Maruti Suzuki,-1.016949152542368,DOWN,DOWN,0.3633800432161488,True
2025-11-18,NTPC,-0.5632534738191808,DOWN,DOWN,0.49479171646600584,True
2025-11-18,ONGC,0.8301288022236619,UP,UP,0.5046639634261699,True
2025-11-18,Reliance,-0.0329077262054666,DOWN,UP,0.5160317193450167,False
2025-11-18,SBI,1.059179152005174,UP,DOWN,0.46778921095248316,False
2025-11-18,Sun Pharma,1.4384765780891096,UP,DOWN,0.4943212293020295,False
2025-11-18,TCS,1.963002546034476,UP,UP,0.5107819398153823,True
2025-11-18,Tata Steel,0.4407131221075611,UP,UP,0.5325418728788994,True
2025-11-18,Wipro,2.146124349822909,UP,UP,0.5049400179399388,True
2025-11-19,Axis Bank,1.164981617867844,UP,UP,0.5432107020905215,True
2025-11-19,Bharti Airtel,-0.0694508735109011,DOWN,UP,0.5280360182280825,False
2025-11-19,Dr Reddy's,-0.127977575462046,DOWN,UP,0.501226931726852,False
2025-11-19,HCLTech,-1.034521317481274,DOWN,UP,0.54964757946546,False
2025-11-19,HDFC Bank,1.4327368137732943,UP,DOWN,0.4960954901547917,False
2025-11-19,Hindustan Unilever,-0.5406370734163723,DOWN,DOWN,0.4944242963704206,True
2025-11-19,ICICI Bank,-0.0072283701613939,DOWN,UP,0.5015062480578524,False
2025-11-19,ITC,0.470827523612094,UP,UP,0.51098402316693,True
2025-11-19,Infosys,-0.2984865134520897,DOWN,UP,0.5071303332011496,False
2025-11-19,M&M,-0.155810579667559,DOWN,DOWN,0.44810377307862775,True
2025-11-19,Maruti Suzuki,0.2092846270928428,UP,DOWN,0.382509980136135,False
2025-11-19,NTPC,0.0,DOWN,DOWN,0.49479171646600584,True
2025-11-19,ONGC,-0.3815248788121228,DOWN,DOWN,0.4849456379431706,True
2025-11-19,Reliance,1.9882777461620595,UP,UP,0.5299531482890776,True
2025-11-19,SBI,-0.1221075763959578,DOWN,DOWN,0.44974766723476567,True
2025-11-19,Sun Pharma,-0.3755367559867051,DOWN,DOWN,0.48571883939339205,True
2025-11-19,TCS,-0.0921276611091981,DOWN,UP,0.5080325508307915,False
2025-11-19,Tata Steel,-0.4330003873500021,DOWN,UP,0.5164382418871775,False
2025-11-19,Wipro,0.0772085898168573,UP,UP,0.5300565304930063,True
2025-11-20,Axis Bank,-0.7313961018422854,DOWN,UP,0.509555093977475,False
2025-11-20,Bharti Airtel,0.2038596230463429,UP,UP,0.5100745856310303,True
2025-11-20,Dr Reddy's,-0.3764176889134885,DOWN,UP,0.501226931726852,False
2025-11-20,HCLTech,-2.273004975029147,DOWN,DOWN,0.4812614961246015,True
2025-11-20,HDFC Bank,-1.0705246621725115,DOWN,UP,0.5144943484081106,False
2025-11-20,Hindustan Unilever,0.218252719538059,UP,DOWN,0.49233889777387413,False
2025-11-20,ICICI Bank,-0.9761388286334104,DOWN,UP,0.5045262857215346,False
2025-11-20,ITC,0.5919333639725854,UP,UP,0.5113973204842647,True
2025-11-20,Infosys,0.5532053368044298,UP,UP,0.5282592149764398,True
2025-11-20,M&M,0.8851978076412026,UP,DOWN,0.4695853784754567,False
2025-11-20,Maruti Suzuki,1.1138535535725635,UP,DOWN,0.3709492500265204,False
2025-11-20,NTPC,0.0153055088899511,UP,DOWN,0.4995525825968257,False
2025-11-20,ONGC,-0.4434614351873644,DOWN,UP,0.5022563136558974,False
2025-11-20,Reliance,-0.1613840319798831,DOWN,UP,0.5159037690669253,False
2025-11-20,SBI,-0.9118243918636691,DOWN,DOWN,0.4754114154490101,True
2025-11-20,Sun Pharma,0.1293983755047412,UP,DOWN,0.4912006287462918,False
2025-11-20,TCS,0.1844329921797838,UP,DOWN,0.48297298940818356,False
2025-11-20,Tata Steel,-2.586110715666912,DOWN,DOWN,0.49908691885393347,True
2025-11-20,Wipro,-0.7187480927287937,DOWN,UP,0.525667446746349,False
2025-11-21,Axis Bank,-0.5330027095053924,DOWN,UP,0.504050535419096,False
2025-11-21,Bharti Airtel,-0.4901213184880904,DOWN,DOWN,0.49728370587987303,True
2025-11-21,Dr Reddy's,-1.4229498267374852,DOWN,UP,0.5041128121311369,False
2025-11-21,HCLTech,0.149255249630742,UP,UP,0.5124025813843259,True
2025-11-21,HDFC Bank,0.1102185897047247,UP,UP,0.5058114047415844,True
2025-11-21,Hindustan Unilever,-0.3903521465505877,DOWN,DOWN,0.49233889777387413,True
2025-11-21,ICICI Bank,-0.0803195024415837,DOWN,UP,0.5065203049793597,False
2025-11-21,ITC,-1.0543136560491884,DOWN,UP,0.5112632033389016,False
2025-11-21,Infosys,0.1941747572815622,UP,UP,0.513363196323205,True
2025-11-21,M&M,-1.568168532555747,DOWN,DOWN,0.4673031634285483,True
2025-11-21,Maruti Suzuki,-0.1189209488639875,DOWN,DOWN,0.4115769647944538,True
2025-11-21,NTPC,-0.9796362312093576,DOWN,DOWN,0.49479171646600584,True
2025-11-21,ONGC,-0.4859270957973338,DOWN,UP,0.5046639634261699,False
2025-11-21,Reliance,-0.6918370193185419,DOWN,UP,0.522887955681768,False
2025-11-21,SBI,-0.2056343872304911,DOWN,DOWN,0.492186832473481,True
2025-11-21,Sun Pharma,0.0618136588431905,UP,DOWN,0.490226194647434,False
2025-11-21,TCS,-0.2983605088874297,DOWN,DOWN,0.4937075819475879,True
2025-11-21,Tata Steel,-1.5714282081240705,DOWN,UP,0.5674512489646376,False
2025-11-21,Wipro,1.1370602956506382,UP,DOWN,0.49115314714541036,False
2025-11-24,Axis Bank,-0.212762109682818,DOWN,DOWN,0.4916933389283294,True
2025-11-24,Bharti Airtel,0.4414292815815512,UP,DOWN,0.4587633180524061,False
2025-11-24,Dr Reddy's,0.8073743931078292,UP,UP,0.5502468531854059,True
2025-11-24,HCLTech,-0.5774992975120408,DOWN,UP,0.5021896274328298,False
2025-11-24,HDFC Bank,-0.9357990684709104,DOWN,UP,0.5523491470057085,False
2025-11-24,Hindustan Unilever,-0.4166262568705448,DOWN,UP,0.5012838222728718,False
2025-11-24,ICICI Bank,-0.7746255040061323,DOWN,UP,0.5065203049793597,False
2025-11-24,ITC,-0.6814521331148793,DOWN,UP,0.5282995459620836,False
2025-11-24,Infosys,-1.1240325848877577,DOWN,UP,0.5019041105724745,False
2025-11-24,M&M,-0.5825295251859153,DOWN,DOWN,0.4771393146257924,True
2025-11-24,Maruti Suzuki,-0.4323850106529692,DOWN,DOWN,0.37660390432203567,True
2025-11-24,NTPC,0.07729169595454,UP,UP,0.5282429182264825,True
2025-11-24,ONGC,-0.1627645560465573,DOWN,UP,0.5340641856949091,False
2025-11-24,Reliance,0.2474071682668333,UP,UP,0.5188279821687958,True
2025-11-24,SBI,1.3393777382028071,UP,DOWN,0.4981516158283526,False
2025-11-24,Sun Pharma,-0.2246181429875982,DOWN,DOWN,0.4831530733221123,True
2025-11-24,TCS,-0.7003692965101616,DOWN,DOWN,0.48791972776142195,True
2025-11-24,Tata Steel,0.5865996716998056,UP,UP,0.5597560606215835,True
2025-11-24,Wipro,-0.6592004103402771,DOWN,UP,0.5300565304930063,False
2025-11-25,Axis Bank,1.887380669839489,UP,UP,0.5361928431137688,True
2025-11-25,Bharti Airtel,-1.6099207649859726,DOWN,DOWN,0.4582682670584337,True
2025-11-25,Dr Reddy's,0.9627072768464195,UP,UP,0.5137067353016608,True
2025-11-25,HCLTech,1.049281686609027,UP,UP,0.5203909730209547,True
2025-11-25,HDFC Bank,1.4245339255391842,UP,UP,0.5231506044015536,True
2025-11-25,Hindustan Unilever,0.4597925962722682,UP,UP,0.5282955691882321,True
2025-11-25,ICICI Bank,1.2667514032511429,UP,UP,0.5118053293357512,True
2025-11-25,ITC,0.374251508404444,UP,UP,0.517316520544993,True
2025-11-25,Infosys,1.783617487493694,UP,UP,0.529839801920997,True
2025-11-25,M&M,0.466024944487331,UP,DOWN,0.4814571693511605,False
2025-11-25,Maruti Suzuki,1.6804078293158886,UP,DOWN,0.4345491716452173,False
2025-11-25,NTPC,0.7414253339445009,UP,DOWN,0.49665609296551944,False
2025-11-25,ONGC,0.9578116104611344,UP,UP,0.5077699156712733,True
2025-11-25,Reliance,1.961425875164968,UP,DOWN,0.4834801961474293,False
2025-11-25,SBI,0.0305051683176404,UP,DOWN,0.48928293074518125,False
2025-11-25,Sun Pharma,1.5814934046445297,UP,DOWN,0.49718400670025376,False
2025-11-25,TCS,1.400998713001944,UP,UP,0.5087703036399387,True
2025-11-25,Tata Steel,2.008054049853936,UP,UP,0.5448604549150854,True
2025-11-25,Wipro,1.852305431958712,UP,UP,0.5213874495262176,True
2025-11-26,Axis Bank,-0.224763792706395,DOWN,UP,0.5076912921330541,False
2025-11-26,Bharti Airtel,-0.5266104436120411,DOWN,DOWN,0.49108281518723135,True
2025-11-26,Dr Reddy's,0.1041705791766878,UP,UP,0.5135262489104405,True
2025-11-26,HCLTech,0.6860730217219446,UP,UP,0.5078444164727545,True
2025-11-26,HDFC Bank,0.5578220390228594,UP,UP,0.5144943484081106,True
2025-11-26,Hindustan Unilever,1.0926934081123996,UP,UP,0.5006789488277443,True
2025-11-26,ICICI Bank,1.2509055397727176,UP,UP,0.510156051782086,True
2025-11-26,ITC,0.4971414518235573,UP,UP,0.5050774286386732,True
2025-11-26,Infosys,0.5456062562934294,UP,UP,0.5034283067756572,True
2025-11-26,M&M,-0.1410577069668739,DOWN,DOWN,0.4599993743496918,True
2025-11-26,Maruti Suzuki,-1.5659816786333214,DOWN,DOWN,0.3991228606368049,True
2025-11-26,NTPC,0.3833179934388697,UP,DOWN,0.49992349877016046,False
2025-11-26,ONGC,-1.4937412167248865,DOWN,UP,0.5049432560630355,False
2025-11-26,Reliance,-0.4140391043325198,DOWN,DOWN,0.4728129292404237,True
2025-11-26,SBI,-1.1230865488295327,DOWN,DOWN,0.4934829052852711,True
2025-11-26,Sun Pharma,0.2991868990536162,UP,DOWN,0.48847116746934344,False
2025-11-26,TCS,-0.8315092320187456,DOWN,DOWN,0.4943426791130887,True
2025-11-26,Tata Steel,-0.9076403033843384,DOWN,UP,0.5036018744165703,False
2025-11-26,Wipro,-0.2518105746292187,DOWN,UP,0.5177079681797736,False
2025-11-27,Axis Bank,-0.590390535848162,DOWN,UP,0.5065203049793597,False
2025-11-27,Bharti Airtel,-0.6617507730080852,DOWN,DOWN,0.47954534812237265,True
2025-11-27,Dr Reddy's,0.760425808748777,UP,UP,0.5041128121311369,True
2025-11-27,HCLTech,-0.2946622976135682,DOWN,UP,0.5001749442517862,False
2025-11-27,HDFC Bank,-0.1882144045628919,DOWN,UP,0.5064087484526427,False
2025-11-27,Hindustan Unilever,0.6077475539881139,UP,DOWN,0.48166033618026216,False
2025-11-27,ICICI Bank,-0.2442107788387826,DOWN,UP,0.5183581009667906,False
2025-11-27,ITC,-0.0123640352406861,DOWN,UP,0.5177295171204007,False
2025-11-27,Infosys,-0.4021992294389598,DOWN,DOWN,0.49942856915956046,True
2025-11-27,M&M,2.067263356124527,UP,DOWN,0.4812430146650497,False
2025-11-27,Maruti Suzuki,-0.0188643652141107,DOWN,DOWN,0.38801266877520224,True
2025-11-27,NTPC,-0.2749332151225858,DOWN,DOWN,0.49950999445096755,True
2025-11-27,ONGC,-0.307377049180324,DOWN,UP,0.5151645953983763,False
2025-11-27,Reliance,0.2622473789121393,UP,UP,0.5128028802405508,True
2025-11-27,SBI,0.6321657571465078,UP,UP,0.5078586268276436,True
2025-11-27,Sun Pharma,1.1765964858477806,UP,UP,0.5000817504835172,True
2025-11-27,TCS,0.0286903754298295,UP,UP,0.508154027111924,True
2025-11-27,Tata Steel,-0.1011111425731514,DOWN,UP,0.5078875394603102,False
2025-11-27,Wipro,-0.0120206682121648,DOWN,UP,0.5298951461458599,False
2025-11-28,Axis Bank,-0.3125732712841778,DOWN,UP,0.5410300311987704,False
2025-11-28,Bharti Airtel,-0.5662421931577843,DOWN,DOWN,0.4737321178126336,True
2025-11-28,Dr Reddy's,0.1032671359540104,UP,UP,0.5194495244567915,True
2025-11-28,HCLTech,1.1513405864034931,UP,DOWN,0.499844489025246,False
2025-11-28,HDFC Bank,-0.5458515416102205,DOWN,UP,0.5310384525758587,False
2025-11-28,Hindustan Unilever,-0.0851413919202181,DOWN,UP,0.5082545605811992,False
2025-11-28,ICICI Bank,0.0936007137175343,UP,UP,0.5125555549056955,True
2025-11-28,ITC,0.0,DOWN,UP,0.51098402316693,False
2025-11-28,Infosys,0.2499855442019249,UP,UP,0.5299531482890776,True
2025-11-28,M&M,-0.4178519406979886,DOWN,DOWN,0.47589832566933565,True
2025-11-28,Maruti Suzuki,1.238993710691827,UP,DOWN,0.37660390432203567,False
2025-11-28,NTPC,0.1991097785813966,UP,UP,0.5019177546221647,True
2025-11-28,ONGC,0.6495382655928861,UP,UP,0.5118244952684852,True
2025-11-28,Reliance,-0.0893157520932996,DOWN,UP,0.5022522435193336,False
2025-11-28,SBI,-0.6026582649706236,DOWN,UP,0.5128094505315691,False
2025-11-28,Sun Pharma,-1.3212465327825271,DOWN,DOWN,0.4923770705712884,True
2025-11-28,TCS,-0.1306804033864517,DOWN,UP,0.5303153938086552,False
2025-11-28,Tata Steel,0.3989033949532539,UP,UP,0.5174270208293246,True
2025-11-28,Wipro,0.3005650637875279,UP,UP,0.5046639634261699,True
2025-12-01,Axis Bank,-1.3874697694873817,DOWN,DOWN,0.49975008812872335,True
2025-12-01,Bharti Airtel,0.6843111050514938,UP,UP,0.5191156188620046,True
2025-12-01,Dr Reddy's,1.198315679588524,UP,UP,0.5141854425434917,True
2025-12-01,HCLTech,-0.4504245117837757,DOWN,DOWN,0.49553021586036067,True
2025-12-01,HDFC Bank,-1.2274212246913718,DOWN,UP,0.5074318979262681,False
2025-12-01,Hindustan Unilever,0.5396651989501011,UP,UP,0.514293887160599,True
2025-12-01,ICICI Bank,-1.2301255942925748,DOWN,UP,0.501226931726852,False
2025-12-01,ITC,-0.8163235109384548,DOWN,UP,0.5270959768822614,False
2025-12-01,Infosys,-0.1918158567774885,DOWN,DOWN,0.49942856915956046,True
2025-12-01,M&M,-0.6708385984908638,DOWN,DOWN,0.49428577217310665,True
2025-12-01,Maruti Suzuki,0.882151953780208,UP,DOWN,0.3729075869130934,False
2025-12-01,NTPC,0.4585753506605838,UP,UP,0.5056277715464141,True
2025-12-01,ONGC,-0.5268996999036268,DOWN,UP,0.5026698080734163,False
2025-12-01,Reliance,-1.2642824255459597,DOWN,DOWN,0.49831548521694635,True
2025-12-01,SBI,-0.5960320561591348,DOWN,UP,0.5197787328765675,False
2025-12-01,Sun Pharma,-0.437093300174296,DOWN,UP,0.5115368742814379,False
2025-12-01,TCS,0.0734042541587154,UP,DOWN,0.49668394671307603,False
2025-12-01,Tata Steel,-0.504065752774141,DOWN,DOWN,0.4993703586003655,True
2025-12-01,Wipro,-0.043951019213706,DOWN,UP,0.5298951461458599,False
2025-12-02,Axis Bank,1.009535069306433,UP,UP,0.5683286646959215,True
2025-12-02,Bharti Airtel,-0.8555133079847899,DOWN,DOWN,0.49183782628114525,True
2025-12-02,Dr Reddy's,0.4313049098649602,UP,UP,0.5204093500665585,True
2025-12-02,HCLTech,0.305716906144915,UP,UP,0.5004101119277812,True
2025-12-02,HDFC Bank,1.0810277166086737,UP,UP,0.5065429119933476,True
2025-12-02,Hindustan Unilever,-1.202681743517553,DOWN,DOWN,0.48511600916329656,True
2025-12-02,ICICI Bank,1.3474144209759675,UP,UP,0.5065203049793597,True
2025-12-02,ITC,-0.1122364866767866,DOWN,UP,0.5022019828467014,False
2025-12-02,Infosys,1.1338854049887992,UP,DOWN,0.49942856915956046,False
2025-12-02,M&M,-1.8054647559868189,DOWN,DOWN,0.4702782559521005,True
2025-12-02,Maruti Suzuki,-0.966808301003752,DOWN,DOWN,0.36729548536550244,True
2025-12-02,NTPC,-1.7194138136152448,DOWN,UP,0.5057667339982601,False
2025-12-02,ONGC,-1.4453433155581563,DOWN,UP,0.5022563136558974,False
2025-12-02,Reliance,-0.4850287630582373,DOWN,UP,0.5010684991111659,False
2025-12-02,SBI,-1.6799338576522382,DOWN,UP,0.5145103959981554,False
2025-12-02,Sun Pharma,0.4001084285565337,UP,DOWN,0.47876642474662745,False
2025-12-02,TCS,1.4127642796808226,UP,UP,0.508128769733596,True
2025-12-02,Tata Steel,-0.5125763598811561,DOWN,UP,0.5022563136558974,False
2025-12-02,Wipro,1.8067731164983505,UP,UP,0.5367878408357419,True
2025-12-03,Axis Bank,0.731883936845068,UP,UP,0.5319298064600785,True
2025-12-03,Bharti Airtel,0.8533101068132876,UP,DOWN,0.4922505345837689,False
2025-12-03,Dr Reddy's,-0.2420532290253407,DOWN,UP,0.5134773976761934,False
2025-12-03,HCLTech,0.8594925684814125,UP,DOWN,0.4942912697300887,False
2025-12-03,HDFC Bank,-0.3298338623656915,DOWN,UP,0.5147890304333091,False
2025-12-03,Hindustan Unilever,0.5800633648641806,UP,DOWN,0.4992425999274319,False
2025-12-03,ICICI Bank,-0.3449550002245782,DOWN,UP,0.5001499979789843,False
2025-12-03,ITC,0.6367010719023236,UP,UP,0.5046639634261699,True
2025-12-03,Infosys,1.197189142878785,UP,DOWN,0.49934069820763655,False
2025-12-03,M&M,0.6083245439405749,UP,UP,0.5303577309221391,True
2025-12-03,Maruti Suzuki,-0.5471956224350261,DOWN,DOWN,0.38780563562016723,True
2025-12-03,NTPC,0.0,DOWN,UP,0.511168135168671,False
2025-12-03,ONGC,0.9207530271391208,UP,UP,0.5435387955382986,True
2025-12-03,Reliance,-0.2079590031612288,DOWN,UP,0.5239959207653941,False
2025-12-03,SBI,-0.3101847689286008,DOWN,UP,0.5159240859780598,False
2025-12-03,Sun Pharma,0.6420599972190022,UP,DOWN,0.4960486256130234,False
2025-12-03,TCS,1.5471682758451344,UP,UP,0.5020636630476356,True
2025-12-03,Tata Steel,-0.0898597520547328,DOWN,UP,0.5022563136558974,False
2025-12-03,Wipro,0.8794967265707054,UP,UP,0.5202578380642615,True
2025-12-04,Axis Bank,0.1953125,UP,UP,0.5012799432149422,True
2025-12-04,Bharti Airtel,0.237665171782142,UP,DOWN,0.4706555228410502,False
2025-12-04,Dr Reddy's,-0.1878541374393694,DOWN,UP,0.5317140729773979,False
2025-12-04,HCLTech,1.7164284318332168,UP,UP,0.5009615347204078,True
2025-12-04,HDFC Bank,0.6117103400788082,UP,UP,0.5034038441327586,True
2025-12-04,Hindustan Unilever,-5.019895051853851,DOWN,UP,0.518107005320355,False
2025-12-04,ICICI Bank,0.4182627123642257,UP,UP,0.5041128121311369,True
2025-12-04,ITC,0.4714116044182814,UP,UP,0.5175954985155566,True
2025-12-04,Infosys,1.1642448591748122,UP,DOWN,0.4929213487249382,False
2025-12-04,M&M,1.239241714506023,UP,UP,0.520321987489569,True
2025-12-04,Maruti Suzuki,1.8006752532199632,UP,DOWN,0.36872446726158314,False
2025-12-04,NTPC,0.1083683457838491,UP,UP,0.5057335853846558,True
2025-12-04,ONGC,-0.4128307879445292,DOWN,UP,0.5016358170334507,False
2025-12-04,Reliance,0.3256056316419453,UP,UP,0.5278459892378198,True
2025-12-04,SBI,2.4680967215088057,UP,DOWN,0.4951776039621545,False
2025-12-04,Sun Pharma,-0.7149535088215142,DOWN,DOWN,0.47608139724608484,True
2025-12-04,TCS,0.2787068046602003,UP,DOWN,0.4871273252888002,False
2025-12-04,Tata Steel,0.2038713972418948,UP,UP,0.5239378438696659,True
2025-12-04,Wipro,1.159853295169233,UP,UP,0.5375126547550508,True
2025-12-05,Axis Bank,-0.6783587658382051,DOWN,UP,0.5038036589083974,False
2025-12-05,Bharti Airtel,-1.0717041508420455,DOWN,DOWN,0.49583548451621934,True
2025-12-05,Dr Reddy's,-0.6822421192754891,DOWN,UP,0.5317446659206816,False
2025-12-05,HCLTech,0.332737705640973,UP,DOWN,0.4820809854851622,False
2025-12-05,HDFC Bank,-0.0199354340142177,DOWN,DOWN,0.4935538121854203,True
2025-12-05,Hindustan Unilever,-1.0519155318989504,DOWN,UP,0.5301295406468414,False
2025-12-05,ICICI Bank,-0.2082602810816847,DOWN,UP,0.5076665759526232,False
2025-12-05,ITC,-0.6544077871783571,DOWN,UP,0.5111132928913776,False
2025-12-05,Infosys,-0.3341110324768026,DOWN,DOWN,0.4979868240899819,True
2025-12-05,M&M,-0.952359246572243,DOWN,UP,0.5018679709552483,False
2025-12-05,Maruti Suzuki,-0.5834664046185933,DOWN,DOWN,0.36560781064869946,True
2025-12-05,NTPC,-1.1753751736613527,DOWN,UP,0.5023312516086307,False
2025-12-05,ONGC,-1.1234056722112529,DOWN,UP,0.5121274895419733,False
2025-12-05,Reliance,0.1557850481692879,UP,UP,0.5025983352505091,True
2025-12-05,SBI,-1.55429496509909,DOWN,UP,0.5151305620045484,False
2025-12-05,Sun Pharma,-0.5040767412684222,DOWN,DOWN,0.49251124485544534,True
2025-12-05,TCS,-0.0524967944385168,DOWN,DOWN,0.4768929769795362,True
2025-12-05,Tata Steel,-2.178205598919114,DOWN,UP,0.5614566878049405,False
2025-12-05,Wipro,0.5655808549078323,UP,DOWN,0.49677337844787645,False
2025-12-08,Axis Bank,0.1648591227382478,UP,DOWN,0.49975008812872335,False
2025-12-08,Bharti Airtel,0.1677691535767689,UP,DOWN,0.4994371824037912,False
2025-12-08,Dr Reddy's,-1.602846334632846,DOWN,UP,0.5128395432308128,False
2025-12-08,HCLTech,-1.8358403676538624,DOWN,UP,0.5150639172690511,False
2025-12-08,HDFC Bank,-0.5981457627386777,DOWN,DOWN,0.4936879763935061,True
2025-12-08,Hindustan Unilever,-0.3241140881590332,DOWN,UP,0.533639290846695,False
2025-12-08,ICICI Bank,-1.0362712051711576,DOWN,DOWN,0.49935607320830644,True
2025-12-08,ITC,-0.3107134073897288,DOWN,UP,0.51098402316693,False
2025-12-08,Infosys,-0.7325582611392156,DOWN,DOWN,0.48888507528099,True
2025-12-08,M&M,-1.2439918905816083,DOWN,UP,0.5005409674036196,False
2025-12-08,Maruti Suzuki,-1.0316920985976363,DOWN,DOWN,0.4286434976592392,True
2025-12-08,NTPC,0.1095480762177247,UP,UP,0.5035384838162104,True
2025-12-08,ONGC,0.5534093752245228,UP,UP,0.5155419106778028,True
2025-12-08,Reliance,-0.8813982881359372,DOWN,UP,0.5051219657404852,False
2025-12-08,SBI,0.3084432346896371,UP,UP,0.5224281239866478,True
2025-12-08,Sun Pharma,-1.1245936822733005,DOWN,UP,0.5028541220806447,False
2025-12-08,TCS,-0.8713100933686047,DOWN,UP,0.5133641688127426,False
2025-12-08,Tata Steel,-1.7128543652345618,DOWN,UP,0.5524340320137403,False
2025-12-08,Wipro,-1.5188618664549458,DOWN,DOWN,0.48935808413574566,True
2025-12-09,Axis Bank,0.2116114993504281,UP,UP,0.5036240555389079,True
2025-12-09,Bharti Airtel,-1.086278016092468,DOWN,DOWN,0.4807473046636981,True
2025-12-09,Dr Reddy's,0.3691299820646199,UP,UP,0.5121656091496385,True
2025-12-09,HCLTech,0.5067582370766655,UP,UP,0.5102347804433005,True
2025-12-09,HDFC Bank,-0.7321219508283572,DOWN,DOWN,0.4936879763935061,True
2025-12-09,Hindustan Unilever,-0.2081096391990056,DOWN,DOWN,0.4938909251067118,True
2025-12-09,ICICI Bank,-0.8435119253787482,DOWN,UP,0.5058114047415844,False
2025-12-09,ITC,0.5236270209287852,UP,UP,0.5046639634261699,True
2025-12-09,Infosys,-0.8880519807301424,DOWN,DOWN,0.49942856915956046,True
2025-12-09,M&M,-0.1622680079819249,DOWN,UP,0.5136901853813578,False
2025-12-09,Maruti Suzuki,-0.0062421972534365,DOWN,DOWN,0.3709690826265961,True
2025-12-09,NTPC,0.5471314574349684,UP,DOWN,0.49096497730288,False
2025-12-09,ONGC,-0.2293208222797771,DOWN,UP,0.500466214248906,False
2025-12-09,Reliance,0.490388379774842,UP,UP,0.5047221689410105,True
2025-12-09,SBI,0.0416974435026196,UP,UP,0.5074223450039167,True
2025-12-09,Sun Pharma,0.5349099099099197,UP,UP,0.508154027111924,True
2025-12-09,TCS,-0.5953338953825882,DOWN,DOWN,0.48632331970513665,True
2025-12-09,Tata Steel,0.9709327045323012,UP,UP,0.5218928701987915,True
2025-12-09,Wipro,0.2214394608249126,UP,DOWN,0.49924053622078685,False
2025-12-10,Axis Bank,-0.4614441206569508,DOWN,UP,0.5232056201069188,False
2025-12-10,Bharti Airtel,-0.6676366148101076,DOWN,DOWN,0.47500383559263787,True
2025-12-10,Dr Reddy's,1.8148345287596124,UP,UP,0.5026422307212608,True
2025-12-10,HCLTech,0.3841551268945142,UP,UP,0.5241539981955732,True
2025-12-10,HDFC Bank,1.0608203808339711,UP,DOWN,0.49975008812872335,False
2025-12-10,Hindustan Unilever,0.169446346922375,UP,UP,0.511678319071374,True
2025-12-10,ICICI Bank,-0.2640052545021976,DOWN,UP,0.5063812896073211,False
2025-12-10,ITC,-0.0620116591305675,DOWN,UP,0.5177295171204007,False
2025-12-10,Infosys,0.8329095636787631,UP,UP,0.511627840438793,True
2025-12-10,M&M,0.9696956245695664,UP,DOWN,0.49194299584302054,False
2025-12-10,Maruti Suzuki,1.4295524065172538,UP,DOWN,0.3709690826265961,False
2025-12-10,NTPC,0.3109452677305446,UP,UP,0.5134107975310276,True
2025-12-10,ONGC,-0.3677502815469857,DOWN,UP,0.5106999851928288,False
2025-12-10,Reliance,0.5270333435660968,UP,UP,0.5205098638784125,True
2025-12-10,SBI,0.3646783016410415,UP,UP,0.5033542253780352,True
2025-12-10,Sun Pharma,1.215343106797806,UP,DOWN,0.49251124485544534,False
2025-12-10,TCS,0.0846592002136104,UP,UP,0.5268918975535477,True
2025-12-10,Tata Steel,2.558102240379312,UP,DOWN,0.49305454466728066,False
2025-12-10,Wipro,0.492281944177142,UP,UP,0.5046639634261699,True
2025-12-11,Axis Bank,1.052881663248595,UP,UP,0.5198809027517589,True
2025-12-11,Bharti Airtel,1.4708723889574449,UP,DOWN,0.4824477669226735,False
2025-12-11,Dr Reddy's,0.4554416040930542,UP,DOWN,0.48593910093938614,False
2025-12-11,HCLTech,0.0478310659014047,UP,DOWN,0.4771605932026569,False
2025-12-11,HDFC Bank,0.1199652325977629,UP,DOWN,0.4985731938822042,False
2025-12-11,Hindustan Unilever,-1.9517695217719957,DOWN,UP,0.5001241182501337,False
2025-12-11,ICICI Bank,0.4411764705882337,UP,UP,0.5097403226278318,True
2025-12-11,ITC,-0.6949585096514443,DOWN,UP,0.51098402316693,False
2025-12-11,Infosys,0.0125125889784083,UP,UP,0.500996614974902,True
2025-12-11,M&M,0.3928884283590284,UP,DOWN,0.4853237503357401,False
2025-12-11,Maruti Suzuki,1.6863613983259418,UP,DOWN,0.3536196824370772,False
2025-12-11,NTPC,0.7594487424364749,UP,UP,0.5023312516086307,True
2025-12-11,ONGC,-0.1635834837707239,DOWN,UP,0.5367878408357419,False
2025-12-11,Reliance,0.7443365695792847,UP,UP,0.546370049250658,True
2025-12-11,SBI,-0.0103789863418191,DOWN,DOWN,0.4957073560647208,True
2025-12-11,Sun Pharma,-0.75807611454346,DOWN,DOWN,0.4845825281780766,True
2025-12-11,TCS,0.8960211325940826,UP,DOWN,0.48391768694929155,False
2025-12-11,Tata Steel,3.311692718555226,UP,UP,0.5254571611723673,True
2025-12-11,Wipro,0.5207352376145113,UP,DOWN,0.4925406267895281,False
2025-12-12,Axis Bank,-0.1010750938876481,DOWN,UP,0.5024857884845042,False
2025-12-12,Bharti Airtel,-0.6575766446212827,DOWN,DOWN,0.47577398668545273,True
2025-12-12,Dr Reddy's,0.1016123433281501,UP,UP,0.539923492803553,True
2025-12-12,HCLTech,0.6454726956309553,UP,DOWN,0.4964983532662326,False
2025-12-12,HDFC Bank,-0.5391936509298478,DOWN,UP,0.5034038441327586,False
2025-12-12,Hindustan Unilever,1.45536144928331,UP,UP,0.5660476597410894,True
2025-12-12,ICICI Bank,-0.058568728266839,DOWN,UP,0.5089171633628419,False
2025-12-12,ITC,0.5498579494857658,UP,UP,0.5233500838564099,True
2025-12-12,Infosys,0.5381114953697752,UP,UP,0.5023145230828967,True
2025-12-12,M&M,-1.9458662831826845,DOWN,DOWN,0.4706555228410502,True
2025-12-12,Maruti Suzuki,-0.6476213533470498,DOWN,DOWN,0.3643328122707847,True
2025-12-12,NTPC,-0.3384019773100544,DOWN,DOWN,0.49973127982773624,True
2025-12-12,ONGC,-1.121753684992366,DOWN,UP,0.5077699156712733,False
2025-12-12,Reliance,-0.0192771492531274,DOWN,UP,0.5013964482314819,False
2025-12-12,SBI,0.4256840037388576,UP,DOWN,0.4959391851132406,False
2025-12-12,Sun Pharma,0.2007234784464628,UP,UP,0.5001387677385264,True
2025-12-12,TCS,0.3011939503764882,UP,DOWN,0.4972130682122343,False
2025-12-12,Tata Steel,0.5701295776478377,UP,UP,0.5345017652246736,True
2025-12-12,Wipro,0.437445934059788,UP,UP,0.5179556342985078,True
2025-12-15,Axis Bank,-5.074725308553418,DOWN,UP,0.5097403226278318,False
2025-12-15,Bharti Airtel,1.5606150451825895,UP,DOWN,0.4807473046636981,False
2025-12-15,Dr Reddy's,-0.2889232580362999,DOWN,UP,0.501626764017098,False
2025-12-15,HCLTech,-1.9180551560644357,DOWN,DOWN,0.49056778992887784,True
2025-12-15,HDFC Bank,-0.1807035274657087,DOWN,DOWN,0.4936879763935061,True
2025-12-15,Hindustan Unilever,-0.5406541244277308,DOWN,UP,0.551993296038977,False
2025-12-15,ICICI Bank,0.0586030513287205,UP,DOWN,0.4989271334482241,False
2025-12-15,ITC,-0.1491363669258283,DOWN,UP,0.5111132928913776,False
2025-12-15,Infosys,-0.8650749310220696,DOWN,UP,0.5001905888990741,False
2025-12-15,M&M,0.3603104212860364,UP,DOWN,0.4824477669226735,False
2025-12-15,Maruti Suzuki,-0.3716113310996083,DOWN,DOWN,0.4286434976592392,True
2025-12-15,NTPC,-0.9106380910231082,DOWN,UP,0.5243569197935738,False
2025-12-15,ONGC,-1.334182837568032,DOWN,UP,0.5619651838494857,False
2025-12-15,Reliance,-0.8931951407197269,DOWN,UP,0.5027143485175734,False
2025-12-15,SBI,-0.6306513916709888,DOWN,UP,0.5091416665996196,False
2025-12-15,Sun Pharma,-0.87919019378212,DOWN,UP,0.5007120323843103,False
2025-12-15,TCS,-0.7770371461531034,DOWN,DOWN,0.48702124661198926,True
2025-12-15,Tata Steel,-1.7585430508469837,DOWN,UP,0.5375459148378232,False
2025-12-15,Wipro,-0.9627833375463024,DOWN,DOWN,0.4893782205872796,True
2025-12-16,Axis Bank,0.4181678983297132,UP,UP,0.5916036041473568,True
2025-12-16,Bharti Airtel,0.2854424357754626,UP,DOWN,0.47107974942090086,False
2025-12-16,Dr Reddy's,-0.3837437794952714,DOWN,UP,0.501226931726852,False
2025-12-16,HCLTech,0.1997971136212584,UP,UP,0.5144661881279817,True
2025-12-16,HDFC Bank,-1.0359034415590718,DOWN,UP,0.5361615310792927,False
2025-12-16,Hindustan Unilever,-0.2411117340116342,DOWN,DOWN,0.46940338360164224,True
2025-12-16,ICICI Bank,-0.9956058262033274,DOWN,UP,0.5379290016529137,False
2025-12-16,ITC,-0.4729958566900061,DOWN,UP,0.5046639634261699,False
2025-12-16,Infosys,0.5712835360954127,UP,UP,0.5023145230828967,True
2025-12-16,M&M,-0.2264554314243327,DOWN,DOWN,0.4497476012656105,True
2025-12-16,Maruti Suzuki,0.2690473278708527,UP,DOWN,0.39241734545022344,False
2025-12-16,NTPC,0.0778816199376919,UP,UP,0.5043054807260403,True
2025-12-16,ONGC,0.3014499496159395,UP,UP,0.5026863687103904,True
2025-12-16,Reliance,0.1361586928259051,UP,UP,0.5322789249233745,True
2025-12-16,SBI,1.5294127657996537,UP,UP,0.5041158885439019,True
2025-12-16,Sun Pharma,0.6512084021762066,UP,UP,0.5116170556392935,True
2025-12-16,TCS,0.3962419514186743,UP,DOWN,0.48391768694929155,False
2025-12-16,Tata Steel,0.3002970625550993,UP,UP,0.532727457360515,True
2025-12-16,Wipro,0.740688765794606,UP,UP,0.5049400179399388,True
2025-12-17,Axis Bank,0.416436503599904,UP,UP,0.5090407315310235,True
2025-12-17,Bharti Airtel,-0.7590132827324458,DOWN,DOWN,0.4883055416716674,True
2025-12-17,Dr Reddy's,0.6289308176100628,UP,UP,0.501226931726852,True
2025-12-17,HCLTech,0.3867084238104334,UP,UP,0.5057055928359724,True
2025-12-17,HDFC Bank,-0.4369906293667402,DOWN,UP,0.5074318979262681,False
2025-12-17,Hindustan Unilever,-0.4438432599230713,DOWN,UP,0.5237717410446141,False
2025-12-17,ICICI Bank,0.3253493296828891,UP,UP,0.5074441568610625,True
2025-12-17,ITC,0.1500765687432403,UP,UP,0.5077699156712733,True
2025-12-17,Infosys,1.5480679667993158,UP,DOWN,0.4973046443133078,False
2025-12-17,M&M,-0.7251979300756828,DOWN,DOWN,0.48318713700179977,True
2025-12-17,Maruti Suzuki,-0.4207830223197928,DOWN,DOWN,0.3660415309494569,True
2025-12-17,NTPC,-0.8560311284046662,DOWN,UP,0.5086520966859241,False
2025-12-17,ONGC,-0.3907104236834158,DOWN,DOWN,0.4947445325274525,True
2025-12-17,Reliance,0.0,DOWN,UP,0.5459736232440446,False
2025-12-17,SBI,0.1742083567722874,UP,UP,0.5134827109064138,True
2025-12-17,Sun Pharma,-2.6214512443525684,DOWN,UP,0.5031197621111118,False
2025-12-17,TCS,1.9578593773389883,UP,DOWN,0.47930891654734953,False
2025-12-17,Tata Steel,-1.3032765459848217,DOWN,UP,0.5654277211533646,False
2025-12-17,Wipro,1.037754194326168,UP,DOWN,0.4871331576952367,False
2025-12-18,Axis Bank,0.0650452696415726,UP,UP,0.5159561253797621,True
2025-12-18,Bharti Airtel,0.2724642051565418,UP,UP,0.5007275958782493,True
2025-12-18,Dr Reddy's,-0.1406288146972634,DOWN,UP,0.5045126179304888,False
2025-12-18,HCLTech,-1.1436138028648957,DOWN,UP,0.5020745276987789,False
2025-12-18,HDFC Bank,0.5920167113097063,UP,DOWN,0.49380740360018943,False
2025-12-18,Hindustan Unilever,0.6400353122930857,UP,DOWN,0.4977875960091341,False
2025-12-18,ICICI Bank,-0.1990030325042746,DOWN,UP,0.5100195319850142,False
2025-12-18,ITC,0.1623361404577084,UP,UP,0.50361322660128,True
2025-12-18,Infosys,0.7314913933228695,UP,DOWN,0.49622848307060674,False
2025-12-18,M&M,0.4739864924196313,UP,UP,0.5136901853813578,True
2025-12-18,Maruti Suzuki,0.5205462673770533,UP,DOWN,0.36872446726158314,False
2025-12-18,NTPC,0.4395585232290111,UP,UP,0.5024877131585759,True
2025-12-18,ONGC,0.3836204265726062,UP,UP,0.5105704495691482,True
2025-12-18,Reliance,1.3403231575140897,UP,UP,0.5114418389854675,True
2025-12-18,SBI,0.2813155372451748,UP,DOWN,0.4892073197094475,False
2025-12-18,Sun Pharma,-0.0572770482854867,DOWN,UP,0.5315469719904022,False
2025-12-18,TCS,0.0365749559258832,UP,DOWN,0.46239401746635966,False
2025-12-18,Tata Steel,0.3390479067177265,UP,UP,0.5171455916122771,True
2025-12-18,Wipro,0.2274042409080801,UP,DOWN,0.4937636191508666,False
2025-12-19,Axis Bank,0.2112770711456768,UP,UP,0.5016645055599,True
2025-12-19,Bharti Airtel,2.378802862463636,UP,UP,0.5342045402146672,True
2025-12-19,Dr Reddy's,0.4068278392140412,UP,UP,0.5034038441327586,True
2025-12-19,HCLTech,1.698735021878495,UP,UP,0.5669033807060347,True
2025-12-19,HDFC Bank,0.2232381742294453,UP,UP,0.5224827532011825,True
2025-12-19,Hindustan Unilever,0.4166666666666652,UP,DOWN,0.49138385658535216,False
2025-12-19,ICICI Bank,1.0634387913515342,UP,UP,0.5452855579761767,True
2025-12-19,ITC,0.4114261224998028,UP,UP,0.5050774286386732,True
2025-12-19,Infosys,3.1061222878332684,UP,DOWN,0.4890007704671824,False
2025-12-19,M&M,0.3635212887286076,UP,DOWN,0.46598895978842914,False
2025-12-19,Maruti Suzuki,1.4317046423784507,UP,DOWN,0.3738730340651008,False
2025-12-19,NTPC,0.2500838780277625,UP,UP,0.531741461809728,True
2025-12-19,ONGC,0.5539066896447231,UP,DOWN,0.4947445325274525,False
2025-12-19,Reliance,0.6581080434985509,UP,UP,0.5058707848009537,True
2025-12-19,SBI,-0.6120575410296869,DOWN,DOWN,0.4930535720856102,True
2025-12-19,Sun Pharma,1.427017254035734,UP,DOWN,0.47796577271928237,False
2025-12-19,TCS,1.3071268233927569,UP,DOWN,0.48632331970513665,False
2025-12-19,Tata Steel,0.3141850563912252,UP,UP,0.5164482136332856,True
2025-12-19,Wipro,3.10833837824438,UP,UP,0.5084174862763288,True
2025-12-22,Axis Bank,-0.6649328167814827,DOWN,UP,0.5275385590255489,False
2025-12-22,Bharti Airtel,-1.1501301075305448,DOWN,DOWN,0.4852957525585384,True
2025-12-22,Dr Reddy's,0.0077899005793691,UP,UP,0.5271412009577432,True
2025-12-22,HCLTech,0.5747455729689266,UP,UP,0.5015851705829586,True
2025-12-22,HDFC Bank,0.9010796060454852,UP,UP,0.544146862548148,True
2025-12-22,Hindustan Unilever,0.5721815966914123,UP,UP,0.5266026257809088,True
2025-12-22,ICICI Bank,-0.4018998903909443,DOWN,UP,0.5087365993084662,False
2025-12-22,ITC,1.1547041856293072,UP,UP,0.5111132928913776,True
2025-12-22,Infosys,-1.260649092423538,DOWN,DOWN,0.4686846575927087,True
2025-12-22,M&M,0.2322599772661027,UP,DOWN,0.4597571553445914,False
2025-12-22,Maruti Suzuki,-0.3844074719202339,DOWN,DOWN,0.36189467887544824,True
2025-12-22,NTPC,0.7951318041492961,UP,UP,0.5023312516086307,True
2025-12-22,ONGC,0.5594042438956448,UP,UP,0.5022563136558974,True
2025-12-22,Reliance,-0.2983415747968898,DOWN,UP,0.5086903599024294,False
2025-12-22,SBI,-0.246326943341435,DOWN,DOWN,0.4946564504793786,True
2025-12-22,Sun Pharma,-0.7854008379797661,DOWN,DOWN,0.49781173382913996,True
2025-12-22,TCS,-0.4481308545032259,DOWN,UP,0.5003717659737591,False
2025-12-22,Tata Steel,0.9927861149168438,UP,UP,0.5119402917286612,True
2025-12-22,Wipro,-0.4657716172323356,DOWN,UP,0.5002307135203478,False
2025-12-23,Axis Bank,0.1061264349489832,UP,DOWN,0.4921684184326983,False
2025-12-23,Bharti Airtel,0.0376866015793675,UP,DOWN,0.48447326432967175,False
2025-12-23,Dr Reddy's,-1.3790378786034283,DOWN,UP,0.5427780190776582,False
2025-12-23,HCLTech,-0.3095465900717076,DOWN,DOWN,0.4874470316985541,True
2025-12-23,HDFC Bank,0.0602083720442347,UP,UP,0.5062248492884996,True
2025-12-23,Hindustan Unilever,-0.8859613315025827,DOWN,DOWN,0.4929595108384756,True
2025-12-23,ICICI Bank,-0.2347726465058652,DOWN,UP,0.5058114047415844,False
2025-12-23,ITC,-0.1841168500705481,DOWN,UP,0.5049432560630355,False
2025-12-23,Infosys,-0.2937136168942977,DOWN,UP,0.5251237672503979,False
2025-12-23,M&M,0.3199871232004048,UP,DOWN,0.4702570832488207,False
2025-12-23,Maruti Suzuki,0.7114862827856561,UP,DOWN,0.3660415309494569,False
2025-12-23,NTPC,-0.2165544337296987,DOWN,UP,0.510554232308273,False
2025-12-23,ONGC,-0.730392450032491,DOWN,UP,0.5050774286386732,False
2025-12-23,Reliance,-0.795823542916263,DOWN,UP,0.5086513344349188,False
2025-12-23,SBI,-0.3035304180396214,DOWN,DOWN,0.4930535720856102,True
2025-12-23,Sun Pharma,-1.0763724671835615,DOWN,DOWN,0.49357896327611234,True
2025-12-23,TCS,0.2719033232628343,UP,DOWN,0.4953578587549362,False
2025-12-23,Tata Steel,-0.4856562913444939,DOWN,UP,0.5102288389135708,False
2025-12-23,Wipro,-1.2306545368474089,DOWN,UP,0.5349207308767391,False
2025-12-24,Axis Bank,0.1549296475659156,UP,DOWN,0.49977202765183953,False
2025-12-24,Bharti Airtel,-0.8617059494693158,DOWN,DOWN,0.46986119062073817,True
2025-12-24,Dr Reddy's,0.2765049664234409,UP,UP,0.558809956299896,True
2025-12-24,HCLTech,-0.8240238347266948,DOWN,UP,0.5266176765362813,False
2025-12-24,HDFC Bank,-0.511435675758376,DOWN,UP,0.5115099862805612,False
2025-12-24,Hindustan Unilever,0.1402134449363989,UP,UP,0.5138003577921129,True
2025-12-24,ICICI Bank,-0.6912798997296243,DOWN,UP,0.5058114047415844,False
2025-12-24,ITC,-0.6025607895361218,DOWN,UP,0.5106999851928288,False
2025-12-24,Infosys,-0.4388630949248906,DOWN,UP,0.5330674797274736,False
2025-12-24,M&M,-0.3739613852730028,DOWN,DOWN,0.47814767503315336,True
2025-12-24,Maruti Suzuki,-0.640603484404001,DOWN,DOWN,0.366671739612833,True
2025-12-24,NTPC,0.4805513468324029,UP,UP,0.5082387102065998,True
2025-12-24,ONGC,0.3251035175369177,UP,UP,0.510213712072251,True
2025-12-24,Reliance,0.0641766160528911,UP,UP,0.5010684991111659,True
2025-12-24,SBI,-0.2734944404434669,DOWN,UP,0.5041158885439019,False
2025-12-24,Sun Pharma,-1.007484168105932,DOWN,UP,0.529188726237699,False
2025-12-24,TCS,-1.1750527267249122,DOWN,UP,0.5087514147237582,False
2025-12-24,Tata Steel,-0.5586006739096372,DOWN,UP,0.50361322660128,False
2025-12-24,Wipro,-0.6565730738098075,DOWN,UP,0.5352197805583305,False
2025-12-26,Axis Bank,0.3093998517504692,UP,UP,0.5366041562385148,True
2025-12-26,Bharti Airtel,-1.1304172979682336,DOWN,DOWN,0.49663033890623604,True
2025-12-26,Dr Reddy's,-0.0551542752112776,DOWN,UP,0.5402642377923996,False
2025-12-26,HCLTech,-1.8122689592081964,DOWN,DOWN,0.49896834807594515,True
2025-12-26,HDFC Bank,-0.0403148260002872,DOWN,UP,0.5228066310634486,False
2025-12-26,Hindustan Unilever,0.3456789543166305,UP,UP,0.5057214665361721,True
2025-12-26,ICICI Bank,-0.5257683247612666,DOWN,UP,0.5285178953486955,False
2025-12-26,ITC,-0.3835179553078882,DOWN,UP,0.5106999851928288,False
2025-12-26,Infosys,-0.6883657135511423,DOWN,UP,0.529424888608312,False
2025-12-26,M&M,-0.8556208540871801,DOWN,DOWN,0.48589937869506894,True
2025-12-26,Maruti Suzuki,-0.3253796095444738,DOWN,DOWN,0.3660415309494569,True
2025-12-26,NTPC,0.4319635514098863,UP,UP,0.5025894712026944,True
2025-12-26,ONGC,0.1236552025034587,UP,UP,0.5085125018003203,True
2025-12-26,Reliance,-0.872240636982824,DOWN,UP,0.530320926204485,False
2025-12-26,SBI,-0.129359413824992,DOWN,DOWN,0.4959391851132406,True
2025-12-26,Sun Pharma,-0.133762653569347,DOWN,UP,0.5045227576487235,False
2025-12-26,TCS,-0.8689024390243882,DOWN,UP,0.5021301271691758,False
2025-12-26,Tata Steel,1.8803264110590856,UP,UP,0.5022563136558974,True
2025-12-26,Wipro,-0.7735627686904945,DOWN,UP,0.535778396392213,False
2025-12-29,Axis Bank,1.1363636363636465,UP,UP,0.5038173270223348,True
2025-12-29,Bharti Airtel,0.8743250537107006,UP,UP,0.5245928528583954,True
2025-12-29,Dr Reddy's,-0.2207099804269918,DOWN,UP,0.5034038441327586,False
2025-12-29,HCLTech,-0.9565916843981004,DOWN,DOWN,0.49973425234414665,True
2025-12-29,HDFC Bank,-0.0806683254130913,DOWN,UP,0.5058114047415844,False
2025-12-29,Hindustan Unilever,-0.1351806388280585,DOWN,UP,0.5113847711451139,False
2025-12-29,ICICI Bank,-0.0595584604365151,DOWN,UP,0.5452503584719657,False
2025-12-29,ITC,-0.4967709810430931,DOWN,UP,0.5340288598416673,False
2025-12-29,Infosys,-1.404510018345806,DOWN,UP,0.520917203322535,False
2025-12-29,M&M,1.8986094295193376,UP,DOWN,0.4855920131100061,False
2025-12-29,Maruti Suzuki,0.6347479143997026,UP,DOWN,0.3709690826265961,False
2025-12-29,NTPC,-0.1843336723550304,DOWN,UP,0.5476936793186288,False
2025-12-29,ONGC,-0.059626370867194,DOWN,UP,0.560368662324848,False
2025-12-29,Reliance,-0.3752540663449322,DOWN,UP,0.5441697122510946,False
2025-12-29,SBI,0.8704237625320355,UP,DOWN,0.4959391851132406,False
2025-12-29,Sun Pharma,0.1747030098593116,UP,DOWN,0.4925896035692735,False
2025-12-29,TCS,-0.1445471681339349,DOWN,UP,0.5186011846793654,False
2025-12-29,Tata Steel,2.0313406488731367,UP,UP,0.5448080193476417,True
2025-12-29,Wipro,-0.2232804873203764,DOWN,UP,0.5049102965797223,False
2025-12-30,Axis Bank,1.87801159021368,UP,UP,0.5223231519461284,True
2025-12-30,Bharti Airtel,0.2762191014978654,UP,UP,0.5227200592107677,True
2025-12-30,Dr Reddy's,0.4424060175319155,UP,UP,0.5034038441327586,True
2025-12-30,HCLTech,0.5014919453392164,UP,UP,0.5442039939181481,True
2025-12-30,HDFC Bank,0.0302742744553219,UP,UP,0.5604851408141225,True
2025-12-30,Hindustan Unilever,1.1221706278844668,UP,UP,0.508128769733596,True
2025-12-30,ICICI Bank,0.0297969768389139,UP,UP,0.5614991861371081,True
2025-12-30,ITC,0.5990998152566762,UP,UP,0.5258528522697966,True
2025-12-30,Infosys,-0.3823354258274958,DOWN,UP,0.5313834015667279,False
2025-12-30,M&M,1.3359533833682713,UP,UP,0.5010428109407594,True
2025-12-30,Maruti Suzuki,0.3003544182134998,UP,DOWN,0.4345489149191602,False
2025-12-30,NTPC,1.4312077512583343,UP,UP,0.5043054807260403,True
2025-12-30,ONGC,2.428844547863096,UP,UP,0.5106999851928288,True
2025-12-30,Reliance,1.987269425613136,UP,UP,0.5015528932213761,True
2025-12-30,SBI,0.8988648508167163,UP,UP,0.5294975795478238,True
2025-12-30,Sun Pharma,-0.0290663884544017,DOWN,DOWN,0.48905734515340543,True
2025-12-30,TCS,-1.2504649823109282,DOWN,DOWN,0.4947156270698596,True
2025-12-30,Tata Steel,2.4345840187709245,UP,UP,0.5418785420169567,True
2025-12-30,Wipro,-0.1403357199897259,DOWN,DOWN,0.49908691885393347,True
2025-12-31,Axis Bank,0.3938868681137686,UP,UP,0.5714553789682544,True
2025-12-31,Bharti Airtel,0.2279542394038936,UP,DOWN,0.4758438648409932,False
2025-12-31,Dr Reddy's,-1.415762124772291,DOWN,UP,0.5398669695946685,False
2025-12-31,HCLTech,0.6899495370532582,UP,UP,0.507708745807036,True
2025-12-31,HDFC Bank,-0.0050431590348343,DOWN,UP,0.5423561424786342,False
2025-12-31,Hindustan Unilever,0.3065805067423044,UP,UP,0.5121048421791276,True
2025-12-31,ICICI Bank,-0.3648837832287976,DOWN,UP,0.5255954088983062,False
2025-12-31,ITC,-9.71463868399116,DOWN,UP,0.5050774286386732,False
2025-12-31,Infosys,0.8914215795734926,UP,UP,0.5140173803644897,True
2025-12-31,M&M,1.3965288879010052,UP,DOWN,0.4706631581484413,False
2025-12-31,Maruti Suzuki,0.0658800982212381,UP,DOWN,0.4356718610776234,False
2025-12-31,NTPC,2.048247686247984,UP,DOWN,0.49816924316041095,False
2025-12-31,ONGC,-1.0150604841678843,DOWN,UP,0.5136872271934247,False
2025-12-31,Reliance,0.3311227133873107,UP,UP,0.5418619016259119,True
2025-12-31,SBI,0.2596200123474723,UP,DOWN,0.4894728484731574,False
2025-12-31,Sun Pharma,0.0814109701583909,UP,DOWN,0.4885143637780924,False
2025-12-31,TCS,0.6612173755453421,UP,UP,0.5295919691214823,True
2025-12-31,Tata Steel,1.0051074745611288,UP,UP,0.5406112284776828,True
2025-12-31,Wipro,1.5458854995022089,UP,DOWN,0.49908691885393347,False
2026-01-01,Axis Bank,-0.5885122297803136,DOWN,UP,0.5560899090934764,False
2026-01-01,Bharti Airtel,-0.1942690345593689,DOWN,DOWN,0.49143762688958087,True
2026-01-01,Dr Reddy's,0.2154101738698344,UP,UP,0.5063812896073211,True
2026-01-01,HCLTech,0.3487275112802113,UP,UP,0.5047910761396602,True
2026-01-01,HDFC Bank,1.054325875444828,UP,UP,0.544146862548148,True
2026-01-01,Hindustan Unilever,1.076194575979339,UP,UP,0.5450779439413908,True
2026-01-01,ICICI Bank,1.3004502551616115,UP,UP,0.5148846043670477,True
2026-01-01,ITC,-3.792776715419588,DOWN,UP,0.5038051890314125,False
2026-01-01,Infosys,0.6503850330326744,UP,UP,0.5177121761633521,True
2026-01-01,M&M,1.1007684749734017,UP,DOWN,0.48291896993987227,False
2026-01-01,Maruti Suzuki,1.508259516399324,UP,DOWN,0.4286434976592392,False
2026-01-01,NTPC,4.69819175856574,UP,DOWN,0.47132865170861377,False
2026-01-01,ONGC,1.479366326108944,UP,UP,0.5053350047240552,True
2026-01-01,Reliance,1.059918348626332,UP,DOWN,0.49942856915956046,False
2026-01-01,SBI,1.4419915924885671,UP,DOWN,0.49575314183984154,False
2026-01-01,Sun Pharma,0.4009078212736217,UP,DOWN,0.498679032371525,False
2026-01-01,TCS,0.7219448947496154,UP,UP,0.5336396495857558,True
2026-01-01,Tata Steel,0.544288029295803,UP,UP,0.5165253722205532,True
2026-01-01,Wipro,0.6171662086461804,UP,UP,0.541984645883526,True
2026-01-02,Axis Bank,1.491832350607436,UP,UP,0.554717654570057,True
2026-01-02,Bharti Airtel,-0.0617219198588703,DOWN,DOWN,0.4740634850222005,True
2026-01-02,Dr Reddy's,-0.4856281907888782,DOWN,UP,0.5519082069956577,False
2026-01-02,HCLTech,-1.987561063067078,DOWN,DOWN,0.4905807599858153,True
2026-01-02,HDFC Bank,-2.4061477808881797,DOWN,UP,0.5110929329091549,False
2026-01-02,Hindustan Unilever,1.5374828644058702,UP,DOWN,0.4943342619227534,False
2026-01-02,ICICI Bank,1.1878394050418797,UP,UP,0.5131923867749838,True
2026-01-02,ITC,-0.0999787453626388,DOWN,UP,0.5727180630217339,False
2026-01-02,Infosys,-2.072665172761412,DOWN,UP,0.5124620773148976,False
2026-01-02,M&M,-0.3182162272875821,DOWN,DOWN,0.4634978229642143,True
2026-01-02,Maruti Suzuki,1.149764150943389,UP,DOWN,0.38866008452318024,False
2026-01-02,NTPC,-0.4260153291673063,DOWN,UP,0.5539833031318459,False
2026-01-02,ONGC,-1.3956805608682177,DOWN,DOWN,0.49383962365456735,True
2026-01-02,Reliance,-0.8917963202122792,DOWN,UP,0.5010643083988721,False
2026-01-02,SBI,0.6606912763688522,UP,UP,0.500831119870631,True
2026-01-02,Sun Pharma,0.0520847461841667,UP,DOWN,0.49743529298185235,False
2026-01-02,TCS,-1.0643816419645846,DOWN,UP,0.5156659997125785,False
2026-01-02,Tata Steel,1.5529288397112984,UP,UP,0.5294943296372008,True
2026-01-02,Wipro,-2.118963645736527,DOWN,DOWN,0.4891556525172002,True
2026-01-05,Axis Bank,0.6221807198787399,UP,UP,0.5139681461246648,True
2026-01-05,Bharti Airtel,0.0142541010985652,UP,DOWN,0.48233433283467064,False
2026-01-05,Dr Reddy's,0.4959960937499952,UP,UP,0.511096693155092,True
2026-01-05,HCLTech,0.5411839620746761,UP,UP,0.5614578526994031,True
2026-01-05,HDFC Bank,-1.5652161425032007,DOWN,UP,0.5543912412974236,False
2026-01-05,Hindustan Unilever,1.7029424878400643,UP,UP,0.5060669998161924,True
2026-01-05,ICICI Bank,2.894637343920881,UP,UP,0.5079187683268339,True
2026-01-05,ITC,-2.073205532434419,DOWN,UP,0.587082340691887,False
2026-01-05,Infosys,0.3610512120060472,UP,UP,0.5107785110954919,True
2026-01-05,M&M,-0.1239994488913431,DOWN,DOWN,0.4779881791079288,True
2026-01-05,Maruti Suzuki,0.7986009909647374,UP,DOWN,0.3869784373044944,False
2026-01-05,NTPC,0.0570398419770912,UP,DOWN,0.4766146254322115,False
2026-01-05,ONGC,1.5960364190878984,UP,UP,0.596253377087539,True
2026-01-05,Reliance,-4.467397572439847,DOWN,UP,0.50288013075908,False
2026-01-05,SBI,1.3276353023875975,UP,DOWN,0.4923854826723453,False
2026-01-05,Sun Pharma,1.8103954141836631,UP,UP,0.5004463832300129,True
2026-01-05,TCS,1.2344127970645768,UP,UP,0.5497046953359281,True
2026-01-05,Tata Steel,0.2584512838596398,UP,UP,0.518087049076592,True
2026-01-05,Wipro,0.8735352894719384,UP,UP,0.5003548972605704,True
2026-01-06,Axis Bank,0.1313921091141257,UP,DOWN,0.4916933389283294,False
2026-01-06,Bharti Airtel,-1.00223707627779,DOWN,UP,0.5222015953305473,False
2026-01-06,Dr Reddy's,-1.0667013902722733,DOWN,UP,0.5007787847254246,False
2026-01-06,HCLTech,1.942702554919551,UP,UP,0.5003357438517424,True
2026-01-06,HDFC Bank,-1.3666622580787324,DOWN,UP,0.5211395716186916,False
2026-01-06,Hindustan Unilever,-1.0434300877474434,DOWN,DOWN,0.4959265354329601,True
2026-01-06,ICICI Bank,1.1692177275302695,UP,DOWN,0.48802111953274285,False
2026-01-06,ITC,-0.3504196712674545,DOWN,UP,0.6230780646775771,False
2026-01-06,Infosys,1.6623278526118668,UP,DOWN,0.49449208163100544,False
2026-01-06,M&M,-0.9721060830199302,DOWN,DOWN,0.46206833983277407,True
2026-01-06,Maruti Suzuki,-2.793199167244964,DOWN,DOWN,0.4349197226839209,True
2026-01-06,NTPC,-0.555867091592932,DOWN,DOWN,0.4866041032978822,True
2026-01-06,ONGC,-1.1699540444812029,DOWN,UP,0.516077714168479,False
2026-01-06,Reliance,-0.2255256347255541,DOWN,UP,0.5578966960744374,False
2026-01-06,SBI,-1.1532044085244777,DOWN,DOWN,0.4765003802635918,True
2026-01-06,Sun Pharma,1.272584083367878,UP,DOWN,0.4944242963704206,False
2026-01-06,TCS,1.2224352918248194,UP,DOWN,0.4889738664598475,False
2026-01-06,Tata Steel,-1.288933370472345,DOWN,UP,0.5021884022007318,False
2026-01-06,Wipro,1.9578243862789837,UP,DOWN,0.4976451884168584,False
2026-01-07,Axis Bank,-0.6715516149652601,DOWN,UP,0.5069200682979413,False
2026-01-07,Bharti Airtel,-0.8588380559977238,DOWN,DOWN,0.49796891639198065,True
2026-01-07,Dr Reddy's,-2.8886404090435747,DOWN,UP,0.5415369869242617,False
2026-01-07,HCLTech,-0.0606906615059799,DOWN,UP,0.5052257144564096,False
2026-01-07,HDFC Bank,-0.2476134678008223,DOWN,UP,0.5487482542654092,False
2026-01-07,Hindustan Unilever,-0.5292969779430945,DOWN,UP,0.5079776773871831,False
2026-01-07,ICICI Bank,0.511315337801399,UP,DOWN,0.499291685760675,False
2026-01-07,ITC,-0.102565891140105,DOWN,UP,0.6289091946800689,False
2026-01-07,Infosys,-1.5680263070088518,DOWN,DOWN,0.49101011466201744,True
2026-01-07,M&M,-0.6615463216257056,DOWN,DOWN,0.48023907452239756,True
2026-01-07,Maruti Suzuki,-0.8626331132131626,DOWN,DOWN,0.46050870394918386,True
2026-01-07,NTPC,-1.2756233708394404,DOWN,DOWN,0.47809755215386596,True
2026-01-07,ONGC,-3.1958501914465254,DOWN,UP,0.5126024035877312,False
2026-01-07,Reliance,-2.233743962015211,DOWN,UP,0.5087510211455898,False
2026-01-07,SBI,-0.908506597056946,DOWN,DOWN,0.4937380125395501,True
2026-01-07,Sun Pharma,-1.2285439646583685,DOWN,UP,0.5214138095400783,False
2026-01-07,TCS,-2.782503719966356,DOWN,UP,0.5059647688080224,False
2026-01-07,Tata Steel,-2.002180562278899,DOWN,UP,0.5189059331468673,False
2026-01-07,Wipro,-3.17576660768254,DOWN,DOWN,0.4981519906020331,True
2026-01-08,Axis Bank,-1.1501436327736592,DOWN,UP,0.5118053293357512,False
2026-01-08,Bharti Airtel,-1.897114277494183,DOWN,UP,0.5041197672181382,False
2026-01-08,Dr Reddy's,0.2651380484832266,UP,UP,0.504066283455391,True
2026-01-08,HCLTech,0.8926989541553132,UP,UP,0.5020043811692355,True
2026-01-08,HDFC Bank,-0.8133529214899182,DOWN,UP,0.5158750625078575,False
2026-01-08,Hindustan Unilever,-0.5907677464317196,DOWN,DOWN,0.49233889777387413,True
2026-01-08,ICICI Bank,-2.139369419642856,DOWN,UP,0.5097047921923696,False
2026-01-08,ITC,-1.1000293538106387,DOWN,UP,0.6536664834744879,False
2026-01-08,Infosys,0.0495832600013512,UP,UP,0.5038675677007012,True
2026-01-08,M&M,-1.254026615786119,DOWN,DOWN,0.4659847209970019,True
2026-01-08,Maruti Suzuki,-0.978156505040806,DOWN,DOWN,0.43314801253674845,True
2026-01-08,NTPC,-2.4390226612516,DOWN,DOWN,0.48338338857689767,True
2026-01-08,ONGC,1.1537456529561174,UP,UP,0.5141093811296921,True
2026-01-08,Reliance,0.3196024289552124,UP,DOWN,0.48457095894550894,False
2026-01-08,SBI,0.250501002004011,UP,DOWN,0.4884651446183301,False
2026-01-08,Sun Pharma,-1.7493001426684196,DOWN,UP,0.5168834869630421,False
2026-01-08,TCS,0.1217312214255583,UP,UP,0.5208943674233701,True
2026-01-08,Tata Steel,-0.954919646530128,DOWN,UP,0.5538286552496967,False
2026-01-08,Wipro,-0.0953470588714533,DOWN,UP,0.5141093811296921,False
2026-01-09,Axis Bank,0.1729521361536923,UP,UP,0.508140734044299,True
2026-01-09,Bharti Airtel,0.8337045344385619,UP,UP,0.5100511052000329,True
2026-01-09,Dr Reddy's,0.4462461385843497,UP,DOWN,0.49577012845386564,False
2026-01-09,HCLTech,0.3731763019602541,UP,DOWN,0.48514635379315146,False
2026-01-09,HDFC Bank,-0.2183160588891119,DOWN,UP,0.5689422586112177,False
2026-01-09,Hindustan Unilever,1.416161684761641,UP,DOWN,0.49027323840031634,False
2026-01-09,ICICI Bank,0.6266414905529594,UP,UP,0.5103472109280642,True
2026-01-09,ITC,0.3707548636004976,UP,UP,0.641604962606279,True
2026-01-09,Infosys,-1.127560339951572,DOWN,UP,0.5120021747861255,False
2026-01-09,M&M,0.1278098362784696,UP,DOWN,0.4793870557420221,False
2026-01-09,Maruti Suzuki,0.4908793406460221,UP,DOWN,0.3916301340982306,False
2026-01-09,NTPC,0.4315512520926434,UP,UP,0.5050831020770981,True
2026-01-09,ONGC,0.6920459657909328,UP,DOWN,0.49636451793727293,False
2026-01-09,Reliance,0.5354776711371523,UP,DOWN,0.49761110373172657,False
2026-01-09,SBI,1.4642703062531126,UP,DOWN,0.4822779718525783,False
2026-01-09,Sun Pharma,0.3526201225416914,UP,UP,0.5085494897592302,True
2026-01-09,TCS,0.9913351313696196,UP,UP,0.5143141483502768,True
2026-01-09,Tata Steel,2.713011077504923,UP,UP,0.5322504157828754,True
2026-01-09,Wipro,0.4390127287245526,UP,UP,0.5121106804231491,True
2026-01-12,Axis Bank,-0.9574597111430384,DOWN,UP,0.5065203049793597,False
2026-01-12,Bharti Airtel,-0.8365937175116245,DOWN,DOWN,0.4514793380809217,True
2026-01-12,Dr Reddy's,-1.9909462091217576,DOWN,UP,0.5106904517702907,False
2026-01-12,HCLTech,-0.155911227152905,DOWN,UP,0.5135510077491654,False
2026-01-12,HDFC Bank,0.0426878033721545,UP,UP,0.534706236397395,True
2026-01-12,Hindustan Unilever,-0.6940383804655004,DOWN,DOWN,0.48150828021630193,True
2026-01-12,ICICI Bank,1.691318719622248,UP,DOWN,0.49709506985581564,False
2026-01-12,ITC,-1.0933752234596472,DOWN,UP,0.5934412079945143,False
2026-01-12,Infosys,0.1942462271141032,UP,DOWN,0.48633592952844706,False
2026-01-12,M&M,-0.5567626290059802,DOWN,DOWN,0.4692539150564073,True
2026-01-12,Maruti Suzuki,-0.9407791581232616,DOWN,DOWN,0.38423335392911084,True
2026-01-12,NTPC,0.1333476583717185,UP,DOWN,0.4621497371182758,False
2026-01-12,ONGC,3.4236951489403644,UP,UP,0.5095756265224383,True
2026-01-12,Reliance,-2.049615921287695,DOWN,DOWN,0.48614833509859934,True
2026-01-12,SBI,1.3101439627595246,UP,DOWN,0.4981247720050466,False
2026-01-12,Sun Pharma,-0.4205097251224088,DOWN,DOWN,0.48444543719747246,True
2026-01-12,TCS,0.8766483975690909,UP,DOWN,0.4883207346533894,False
2026-01-12,Tata Steel,-0.3656396795787775,DOWN,UP,0.505525831961583,False
2026-01-12,Wipro,0.41809429038282,UP,DOWN,0.49175316641876726,False
2026-01-13,Axis Bank,2.916010208250785,UP,UP,0.503351213310146,True
2026-01-13,Bharti Airtel,-0.2170814722514236,DOWN,DOWN,0.4956979075419119,True
2026-01-13,Dr Reddy's,-0.4029252607558264,DOWN,UP,0.5588004242239529,False
2026-01-13,HCLTech,0.2102102102102154,UP,UP,0.543680849270813,True
2026-01-13,HDFC Bank,-1.2695325853577466,DOWN,UP,0.5414342704595599,False
2026-01-13,Hindustan Unilever,-1.5065913370998163,DOWN,UP,0.508154027111924,False
2026-01-13,ICICI Bank,-1.2943615578244638,DOWN,UP,0.5007193881326557,False
2026-01-13,ITC,0.0149351034196554,UP,UP,0.6525738251560553,True
2026-01-13,Infosys,0.0500343232098243,UP,DOWN,0.4934191558272323,False
2026-01-13,M&M,-0.3277345350266247,DOWN,DOWN,0.493790713480127,True
2026-01-13,Maruti Suzuki,-1.668087178862776,DOWN,DOWN,0.4170003782698242,True
2026-01-13,NTPC,3.314593787907083,UP,DOWN,0.4637015301543438,False
2026-01-13,ONGC,1.8254151163036525,UP,UP,0.524496895892267,True
2026-01-13,Reliance,0.4129955808330088,UP,UP,0.5000491305716827,True
2026-01-13,SBI,-0.0097209967119482,DOWN,DOWN,0.4826949026879308,True
2026-01-13,Sun Pharma,-1.6197142818809571,DOWN,DOWN,0.49574103075249887,True
2026-01-13,TCS,-2.3102815177478586,DOWN,DOWN,0.49740638470091436,True
2026-01-13,Tata Steel,3.6588664116765424,UP,UP,0.5112462156742196,True
2026-01-13,Wipro,-1.514004472060937,DOWN,UP,0.5052643435267425,False
2026-01-14,Axis Bank,0.0,DOWN,UP,0.5225174935489202,False
2026-01-14,Bharti Airtel,0.0,DOWN,DOWN,0.4719494511717497,True
2026-01-14,Dr Reddy's,0.0,DOWN,DOWN,0.4948849741832171,True
2026-01-14,HCLTech,0.0,DOWN,UP,0.5143205500708384,False
2026-01-14,HDFC Bank,0.0,DOWN,UP,0.5410508851713864,False
2026-01-14,Hindustan Unilever,0.0,DOWN,UP,0.5197595628434882,False
2026-01-14,ICICI Bank,0.0,DOWN,UP,0.500136981908948,False
2026-01-14,ITC,0.0,DOWN,UP,0.5822402287562471,False
2026-01-14,Infosys,0.0,DOWN,DOWN,0.47904505087716137,True
2026-01-14,M&M,0.0,DOWN,DOWN,0.48485295750209106,True
2026-01-14,Maruti Suzuki,0.0,DOWN,DOWN,0.40838788480168814,True
2026-01-14,NTPC,0.0,DOWN,UP,0.5337107853298046,False
2026-01-14,ONGC,0.0,DOWN,UP,0.5351912997246627,False
2026-01-14,Reliance,0.0,DOWN,UP,0.5218980979908828,False
2026-01-14,SBI,0.0,DOWN,DOWN,0.4820150630327351,True
2026-01-14,Sun Pharma,0.0,DOWN,UP,0.5140053083776636,False
2026-01-14,TCS,0.0,DOWN,UP,0.5423009539655179,False
2026-01-14,Tata Steel,0.0,DOWN,UP,0.5519144933051363,False
2026-01-14,Wipro,0.0,DOWN,UP,0.5078875394603102,False
2026-01-15,Axis Bank,-0.3541805884901605,DOWN,UP,0.5801557096542281,False
2026-01-15,Bharti Airtel,-0.3016057150030948,DOWN,UP,0.5521561239106908,False
2026-01-15,Dr Reddy's,-0.9270965023177368,DOWN,UP,0.5666486155074156,False
2026-01-15,HCLTech,1.7680551393467248,UP,UP,0.5723235601732248,True
2026-01-15,HDFC Bank,0.6105098389303842,UP,UP,0.583668505261341,True
2026-01-15,Hindustan Unilever,0.2931762202570631,UP,UP,0.5741871500526368,True
2026-01-15,ICICI Bank,-0.5358132723578435,DOWN,UP,0.5746461347932112,False
2026-01-15,ITC,-1.6579500501773703,DOWN,UP,0.593805472718798,False
2026-01-15,Infosys,5.625703041197316,UP,UP,0.5840839823135939,True
2026-01-15,M&M,0.2383874824462228,UP,UP,0.5521561239106908,True
2026-01-15,Maruti Suzuki,-1.8140168400198164,DOWN,UP,0.547233123125918,False
2026-01-15,NTPC,-0.7877398888341935,DOWN,UP,0.5358080923175693,False
2026-01-15,ONGC,-0.4270223489659108,DOWN,UP,0.5620900945251412,False
2026-01-15,Reliance,-0.061696214966922,DOWN,UP,0.5635877562745838,False
2026-01-15,SBI,1.3565491878617442,UP,UP,0.5271079768907202,True
2026-01-15,Sun Pharma,-1.8698140572004247,DOWN,UP,0.5617026629622103,False
2026-01-15,TCS,0.4447909529169846,UP,UP,0.5908947764815227,True
2026-01-15,Tata Steel,-0.5495341009948862,DOWN,UP,0.5579240542380518,False
2026-01-15,Wipro,2.7863180860389303,UP,UP,0.5875523481711427,True
2026-01-19,Axis Bank,-1.070745697896747,DOWN,UP,0.504373405545408,False
2026-01-19,Bharti Airtel,-0.6965174129353269,DOWN,DOWN,0.49433727826819635,True
2026-01-19,Dr Reddy's,-0.0428375617646303,DOWN,UP,0.5188494108980731,False
2026-01-19,HCLTech,-1.718313091855772,DOWN,UP,0.5009488373770743,False
2026-01-19,HDFC Bank,0.3556404468307628,UP,UP,0.5405697147514101,True
2026-01-19,Hindustan Unilever,-1.4416424083580015,DOWN,DOWN,0.48150828021630193,True
2026-01-19,ICICI Bank,-0.3476696249958499,DOWN,UP,0.5263459536187066,False
2026-01-19,ITC,-2.0708355826155267,DOWN,UP,0.527264811714413,False
2026-01-19,Infosys,-1.3264291818631313,DOWN,UP,0.5290489082316775,False
2026-01-19,M&M,-2.7314459728544294,DOWN,DOWN,0.48436901892662326,True
2026-01-19,Maruti Suzuki,-1.8360534124629124,DOWN,DOWN,0.4634871785918814,True
2026-01-19,NTPC,-1.3397425431030283,DOWN,UP,0.501653457255888,False
2026-01-19,ONGC,-1.118835594535117,DOWN,UP,0.5022108504928743,False
2026-01-19,Reliance,-1.386529140099435,DOWN,UP,0.5271517490533473,False
2026-01-19,SBI,-0.1926040016349661,DOWN,DOWN,0.4824143926816224,True
2026-01-19,Sun Pharma,-3.676732403503502,DOWN,UP,0.5170253128201787,False
2026-01-19,TCS,-1.9376674338055235,DOWN,DOWN,0.47779372347082033,True
2026-01-19,Tata Steel,-2.501729753535764,DOWN,UP,0.5058693054893791,False
2026-01-19,Wipro,-2.459850834245369,DOWN,UP,0.5733311623749122,False
2026-01-20,Axis Bank,-0.6648608879735174,DOWN,UP,0.5160688765719702,False
2026-01-20,Bharti Airtel,0.0050087968906487,UP,UP,0.5004879912157592,True
2026-01-20,Dr Reddy's,-0.8142624837223833,DOWN,UP,0.5822540385773693,False
2026-01-20,HCLTech,-0.2844810460035707,DOWN,DOWN,0.49085633202279266,True
2026-01-20,HDFC Bank,-1.1651671476440415,DOWN,UP,0.5314731454634524,False
2026-01-20,Hindustan Unilever,-0.4665670716076708,DOWN,UP,0.5086338767055703,False
2026-01-20,ICICI Bank,-1.9479610319066865,DOWN,UP,0.5057484445240382,False
2026-01-20,ITC,-0.4750192617083981,DOWN,UP,0.5270146277724642,False
2026-01-20,Infosys,-0.2712640866702864,DOWN,UP,0.5099817070439234,False
2026-01-20,M&M,-0.1180590631588152,DOWN,UP,0.506341874093649,False
2026-01-20,Maruti Suzuki,-0.6864412116632024,DOWN,DOWN,0.4331608900502954,True
2026-01-20,NTPC,-0.0147565440498209,DOWN,UP,0.5084134283152796,False
2026-01-20,ONGC,0.8236597747686147,UP,UP,0.5033940339493319,True
2026-01-20,Reliance,0.760399970296799,UP,UP,0.5438254120848545,True
2026-01-20,SBI,-0.747780762006589,DOWN,DOWN,0.4818786499941427,True
2026-01-20,Sun Pharma,-0.0557705035835187,DOWN,UP,0.5058749524003976,False
2026-01-20,TCS,0.6543547854371168,UP,UP,0.5125148278776124,True
2026-01-20,Tata Steel,0.4630671795712304,UP,UP,0.532727457360515,True
2026-01-20,Wipro,-0.145890309975416,DOWN,DOWN,0.4978285311392382,True
2026-01-21,Axis Bank,0.7704898611529787,UP,UP,0.5261889280596206,True
2026-01-21,Bharti Airtel,0.3055946926780128,UP,DOWN,0.4294265913930416,False
2026-01-21,Dr Reddy's,5.21085822437688,UP,DOWN,0.4812914022961713,False
2026-01-21,HCLTech,1.2243670481983715,UP,DOWN,0.4878666239157587,False
2026-01-21,HDFC Bank,-0.17927564759872,DOWN,UP,0.5236755980826939,False
2026-01-21,Hindustan Unilever,0.9543960158889364,UP,DOWN,0.49272241294043667,False
2026-01-21,ICICI Bank,-0.2594514455152019,DOWN,UP,0.5334816777317156,False
2026-01-21,ITC,0.0307947970794808,UP,UP,0.5260821602106165,True
2026-01-21,Infosys,0.5500468720774032,UP,UP,0.510248834702037,True
2026-01-21,M&M,0.5741114474832498,UP,DOWN,0.46232601022469366,False
2026-01-21,Maruti Suzuki,-0.0317057704502188,DOWN,DOWN,0.37387214849137923,True
2026-01-21,NTPC,1.1071744507962444,UP,DOWN,0.47556486453133684,False
2026-01-21,ONGC,0.6766511625564631,UP,DOWN,0.4947521578433872,False
2026-01-21,Reliance,-0.1495070213895943,DOWN,DOWN,0.4856639759104615,True
2026-01-21,SBI,1.91512669074172,UP,DOWN,0.4818786499941427,False
2026-01-21,Sun Pharma,1.3205980801910044,UP,UP,0.5132236061594417,True
2026-01-21,TCS,0.8902774552644654,UP,UP,0.5186116201216545,True
2026-01-21,Tata Steel,2.543247301268803,UP,UP,0.5216006921504301,True
2026-01-21,Wipro,0.4591904949752479,UP,DOWN,0.4812331248259061,False
2026-01-22,Axis Bank,-2.842141445810986,DOWN,UP,0.5089169139325166,False
2026-01-22,Bharti Airtel,-0.8740385789020366,DOWN,DOWN,0.48467633976927726,True
2026-01-22,Dr Reddy's,1.486650972150927,UP,UP,0.5319118438089531,True
2026-01-22,HCLTech,0.2289956238605839,UP,DOWN,0.47622404697010096,False
2026-01-22,HDFC Bank,-0.2830125815332707,DOWN,UP,0.5282876697565231,False
2026-01-22,Hindustan Unilever,0.7905923856641461,UP,UP,0.5191060377485652,True
2026-01-22,ICICI Bank,-0.1560739937523259,DOWN,DOWN,0.499010387527657,True
2026-01-22,ITC,-0.4463636077535415,DOWN,UP,0.5157145078475991,False
2026-01-22,Infosys,0.4388367194544607,UP,UP,0.5136671024778897,True
2026-01-22,M&M,-0.8478621384593099,DOWN,DOWN,0.4694689289429795,True
2026-01-22,Maruti Suzuki,-1.8775769108785312,DOWN,DOWN,0.43121026800401097,True
2026-01-22,NTPC,-1.67907717770025,DOWN,DOWN,0.4689045359058361,True
2026-01-22,ONGC,0.5983388987069738,UP,UP,0.5046639634261699,True
2026-01-22,Reliance,-1.1693422042112325,DOWN,UP,0.5110724396410842,False
2026-01-22,SBI,-1.798061336854806,DOWN,DOWN,0.47787281933245235,True
2026-01-22,Sun Pharma,-0.1407371696568238,DOWN,DOWN,0.46657427243690247,True
2026-01-22,TCS,0.384081324001051,UP,DOWN,0.48436079666615217,False
2026-01-22,Tata Steel,-0.7879457668279244,DOWN,UP,0.5216771942520437,False
2026-01-22,Wipro,-0.934967819266952,DOWN,UP,0.5094275815755623,False
2026-01-23,Axis Bank,4.594598476003586,UP,UP,0.5076938836447789,True
2026-01-23,Bharti Airtel,-0.5693518937782249,DOWN,UP,0.516619985359479,False
2026-01-23,Dr Reddy's,0.3399217647439556,UP,UP,0.5569165106255589,True
2026-01-23,HCLTech,0.7732836070225568,UP,DOWN,0.49896834807594515,False
2026-01-23,HDFC Bank,1.1243367648314573,UP,UP,0.5264396910061894,True
2026-01-23,Hindustan Unilever,-0.3569245758974881,DOWN,DOWN,0.495392389631407,True
2026-01-23,ICICI Bank,1.33988385238053,UP,DOWN,0.4892957663509881,False
2026-01-23,ITC,-1.4687693536322155,DOWN,UP,0.5339109112096584,False
2026-01-23,Infosys,0.71222779482778,UP,UP,0.5044901510275559,True
2026-01-23,M&M,-4.230397541203301,DOWN,DOWN,0.4694689289429795,True
2026-01-23,Maruti Suzuki,-1.448057405132841,DOWN,DOWN,0.3989698359991391,True
2026-01-23,NTPC,2.376002289860613,UP,UP,0.5075697808466083,True
2026-01-23,ONGC,1.0103050129165458,UP,UP,0.5085931411019625,True
2026-01-23,Reliance,-0.4040095003659649,DOWN,UP,0.5385194064351617,False
2026-01-23,SBI,2.2972340373057287,UP,DOWN,0.49828116913216264,False
2026-01-23,Sun Pharma,0.428947845779537,UP,DOWN,0.4940632867406757,False
2026-01-23,TCS,-0.1422924901185784,DOWN,DOWN,0.4761297399392605,True
2026-01-23,Tata Steel,2.489205348196988,UP,UP,0.5275721922615199,True
2026-01-23,Wipro,-1.5100633124553453,DOWN,UP,0.5164542370576398,False
2026-01-27,Axis Bank,0.3039975567383779,UP,UP,0.5302814015426929,True
2026-01-27,Bharti Airtel,-0.795584931993154,DOWN,DOWN,0.479269109535374,True
2026-01-27,Dr Reddy's,-1.395390236068894,DOWN,UP,0.5297256576961237,False
2026-01-27,HCLTech,0.5464495221999544,UP,UP,0.5000581930236672,True
2026-01-27,HDFC Bank,0.6800504778649463,UP,UP,0.5370776634270004,True
2026-01-27,Hindustan Unilever,-0.9371486074049028,DOWN,DOWN,0.4997462897137168,True
2026-01-27,ICICI Bank,0.4627535364210011,UP,UP,0.5063007922666737,True
2026-01-27,ITC,0.7845598769451456,UP,UP,0.5797207370764903,True
2026-01-27,Infosys,-0.9627355822167228,DOWN,DOWN,0.49703327934878444,True
2026-01-27,M&M,1.6413717746242895,UP,UP,0.6041684849502202,True
2026-01-27,Maruti Suzuki,-2.4139061987536903,DOWN,DOWN,0.4631056813627606,True
2026-01-27,NTPC,0.9718524709321664,UP,DOWN,0.4751363999506483,False
2026-01-27,ONGC,8.32022176968601,UP,UP,0.5204307560852042,True
2026-01-27,Reliance,1.1734843297265485,UP,UP,0.5569240129754178,True
2026-01-27,SBI,0.9827636467744316,UP,DOWN,0.4815523472009205,False
2026-01-27,Sun Pharma,-1.7267709077155469,DOWN,UP,0.5071765136101914,False
2026-01-27,TCS,1.3331253216038563,UP,UP,0.5071722457663211,True
2026-01-27,Tata Steel,0.8165213928573056,UP,DOWN,0.49349274844949415,False
2026-01-27,Wipro,1.086031950006272,UP,UP,0.5589276329862485,True
2026-01-28,Axis Bank,3.326254032399034,UP,UP,0.5465690851096213,True
2026-01-28,Bharti Airtel,0.521023318005498,UP,DOWN,0.499562498353667,False
2026-01-28,Dr Reddy's,-1.1124724405674802,DOWN,UP,0.5230191659518276,False
2026-01-28,HCLTech,-0.4625346966306343,DOWN,DOWN,0.49196497474553,True
2026-01-28,HDFC Bank,0.3002023969468137,UP,UP,0.5236755980826939,True
2026-01-28,Hindustan Unilever,-1.0847546984035783,DOWN,DOWN,0.4986143273335752,True
2026-01-28,ICICI Bank,1.162537470330327,UP,DOWN,0.4992018539638546,False
2026-01-28,ITC,-0.7940176993404102,DOWN,UP,0.5500464429433052,False
2026-01-28,Infosys,-0.420042004200416,DOWN,UP,0.5002439962629047,False
2026-01-28,M&M,-1.8786979515672653,DOWN,DOWN,0.48006049407359025,True
2026-01-28,Maruti Suzuki,-2.520669489816496,DOWN,UP,0.5742220904590383,False
2026-01-28,NTPC,2.9018837689267274,UP,DOWN,0.4727532932212029,False
2026-01-28,ONGC,2.535567956155038,UP,UP,0.53596905165132,True
2026-01-28,Reliance,-0.4081013368041231,DOWN,UP,0.5355278629604503,False
2026-01-28,SBI,0.2538741111306919,UP,DOWN,0.4849292369209846,False
2026-01-28,Sun Pharma,-1.3224839861346482,DOWN,UP,0.5029769808242281,False
2026-01-28,TCS,-1.740576657376902,DOWN,UP,0.5414669584634442,False
2026-01-28,Tata Steel,4.369358242981014,UP,DOWN,0.46279201977844064,False
2026-01-28,Wipro,1.0322295703559805,UP,UP,0.5546615563589439,True
2026-01-29,Axis Bank,0.4913157939493873,UP,UP,0.5449585455338768,True
2026-01-29,Bharti Airtel,0.0406487498291863,UP,DOWN,0.47522297867305774,False
2026-01-29,Dr Reddy's,0.7610183626503009,UP,UP,0.5173811075730341,True
2026-01-29,HCLTech,-1.5102230697436547,DOWN,DOWN,0.49233889777387413,True
2026-01-29,HDFC Bank,-0.668091929449488,DOWN,UP,0.5247954729792954,False
2026-01-29,Hindustan Unilever,0.8671215462446424,UP,DOWN,0.49233889777387413,False
2026-01-29,ICICI Bank,-2.067069679863631,DOWN,UP,0.5167850613109047,False
2026-01-29,ITC,1.1142459902575563,UP,UP,0.5405455540506434,True
2026-01-29,Infosys,-1.114793612533893,DOWN,UP,0.5266176765362813,False
2026-01-29,M&M,1.4005480395963057,UP,UP,0.5250974522632212,True
2026-01-29,Maruti Suzuki,0.668873258860847,UP,DOWN,0.45854376025756355,False
2026-01-29,NTPC,-0.6003054399341345,DOWN,DOWN,0.4809909338226294,True
2026-01-29,ONGC,-2.334878845032906,DOWN,DOWN,0.4703733750476673,True
2026-01-29,Reliance,0.3163209499685404,UP,UP,0.5459509856100216,True
2026-01-29,SBI,1.0270187341644643,UP,DOWN,0.48625918558723485,False
2026-01-29,Sun Pharma,0.3775246848085167,UP,UP,0.5029769808242281,True
2026-01-29,TCS,-0.651952698024183,DOWN,UP,0.5058959243570119,False
2026-01-29,Tata Steel,-4.542310255396165,DOWN,UP,0.5385948377539971,False
2026-01-29,Wipro,-1.2093449200863748,DOWN,UP,0.553768631641107,False
2026-01-30,Axis Bank,-4.298016883008026,DOWN,UP,0.5187411062684325,False
2026-01-30,Bharti Airtel,-0.1676195885436104,DOWN,DOWN,0.4656296622956062,True
2026-01-30,Dr Reddy's,-2.922582406982888,DOWN,UP,0.5078849858059733,False
2026-01-30,HCLTech,-1.108747760586393,DOWN,UP,0.569037339868488,False
2026-01-30,HDFC Bank,-0.1237583442628365,DOWN,UP,0.5243829685959884,False
2026-01-30,Hindustan Unilever,-0.6616077190002123,DOWN,DOWN,0.49941070264618526,True
2026-01-30,ICICI Bank,-0.1623580200645791,DOWN,UP,0.5218115345653058,False
2026-01-30,ITC,-2.31258166400804,DOWN,UP,0.5484391123122734,False
2026-01-30,Infosys,-0.7068845573392712,DOWN,DOWN,0.49776259725143973,True
2026-01-30,M&M,0.9149688763036234,UP,UP,0.5651327529155685,True
2026-01-30,Maruti Suzuki,-1.47270360983629,DOWN,DOWN,0.4752478255459356,True
2026-01-30,NTPC,-1.587076937214715,DOWN,DOWN,0.478134809120044,True
2026-01-30,ONGC,-5.580753637606694,DOWN,UP,0.5276536991535998,False
2026-01-30,Reliance,-0.3583201886569798,DOWN,UP,0.5224374574640587,False
2026-01-30,SBI,-4.497987480299493,DOWN,DOWN,0.4755933368835764,True
2026-01-30,Sun Pharma,2.0435011965231675,UP,DOWN,0.4897290997086965,False
2026-01-30,TCS,1.462921243994164,UP,DOWN,0.4954599235252662,False
2026-01-30,Tata Steel,-2.392176388531564,DOWN,UP,0.5499195533572344,False
2026-01-30,Wipro,2.2794467262134965,UP,UP,0.5013611750764309,True
2026-02-02,Axis Bank,3.408307371092256,UP,UP,0.5548997215294189,True
2026-02-02,Bharti Airtel,1.6230804934264098,UP,DOWN,0.46942962279954364,False
2026-02-02,Dr Reddy's,4.473575003303387,UP,UP,0.5121289856825321,True
2026-02-02,HCLTech,1.1032919526051457,UP,DOWN,0.4988767659607599,False
2026-02-02,HDFC Bank,2.219592410622373,UP,UP,0.5172410296190713,True
2026-02-02,Hindustan Unilever,0.4793640433572443,UP,UP,0.508712462768522,True
2026-02-02,ICICI Bank,2.727668614124812,UP,UP,0.507528155669696,True
2026-02-02,ITC,0.6196319077897972,UP,UP,0.5784790204639392,True
2026-02-02,Infosys,1.6325012389454718,UP,UP,0.5202611983050872,True
2026-02-02,M&M,1.8682129846410376,UP,DOWN,0.4736273652767926,False
2026-02-02,Maruti Suzuki,2.7669632925472643,UP,DOWN,0.46596863325850935,False
2026-02-02,NTPC,2.340511359097941,UP,UP,0.5606903306221965,True
2026-02-02,ONGC,1.2010250397362476,UP,UP,0.5088783902304358,True
2026-02-02,Reliance,3.35874211391467,UP,UP,0.5579955918343645,True
2026-02-02,SBI,3.450957683001654,UP,UP,0.5546048204162908,True
2026-02-02,Sun Pharma,4.558016466556802,UP,UP,0.5170692196095116,True
2026-02-02,TCS,1.757317940930858,UP,DOWN,0.4941415754475346,False
2026-02-02,Tata Steel,2.344702295763401,UP,UP,0.5291451596976411,True
2026-02-02,Wipro,0.1609572367876177,UP,UP,0.5496186059440953,True
2026-02-03,Axis Bank,-1.2903701983530191,DOWN,UP,0.5436237631268663,False
2026-02-03,Bharti Airtel,1.4269263156891032,UP,UP,0.505339995436032,True
2026-02-03,Dr Reddy's,0.3885321890040538,UP,UP,0.5131662638899886,True
2026-02-03,HCLTech,-4.3355157130330335,DOWN,UP,0.5026583157013255,False
2026-02-03,HDFC Bank,0.4637886921357248,UP,UP,0.5400159608385827,True
2026-02-03,Hindustan Unilever,0.1013215504856557,UP,UP,0.50288013075908,True
2026-02-03,ICICI Bank,1.345619478968718,UP,UP,0.5158576853622542,True
2026-02-03,ITC,-0.8842532281507332,DOWN,UP,0.5706135296436616,False
2026-02-03,Infosys,-7.2584511577219235,DOWN,UP,0.542687541610816,False
2026-02-03,M&M,1.3067291854177432,UP,UP,0.5030249194012982,True
2026-02-03,Maruti Suzuki,1.955080503314832,UP,UP,0.5277476226429418,True
2026-02-03,NTPC,2.4264433142456854,UP,DOWN,0.4899342275989118,False
2026-02-03,ONGC,3.871600080556914,UP,UP,0.5604535618509363,True
2026-02-03,Reliance,1.3708213469390218,UP,UP,0.5390250269496358,True
2026-02-03,SBI,0.3758692147650677,UP,UP,0.5510775572919812,True
2026-02-03,Sun Pharma,0.1351300664541366,UP,UP,0.524902484366952,True
2026-02-03,TCS,-7.013299468186284,DOWN,UP,0.505312266324622,False
2026-02-03,Tata Steel,1.2802577693837414,UP,UP,0.531927136303558,True
2026-02-03,Wipro,-3.852654006945755,DOWN,UP,0.5544265870038493,False
2026-02-04,Axis Bank,-0.6050628132799218,DOWN,UP,0.5406132847451504,False
2026-02-04,Bharti Airtel,-1.6487325308034984,DOWN,DOWN,0.4932421982319279,True
2026-02-04,Dr Reddy's,0.3789770542843795,UP,UP,0.5407833885325519,True
2026-02-04,HCLTech,-0.7275896209678501,DOWN,UP,0.5147046465689482,False
2026-02-04,HDFC Bank,-0.3567268351692187,DOWN,UP,0.5313624165540076,False
2026-02-04,Hindustan Unilever,-0.7001306476697611,DOWN,DOWN,0.48262903648469263,True
2026-02-04,ICICI Bank,-0.8449321363093065,DOWN,UP,0.5018009256529771,False
2026-02-04,ITC,-1.162973976581827,DOWN,UP,0.5386358982838955,False
2026-02-04,Infosys,-1.0157635864221692,DOWN,UP,0.5646513227436969,False
2026-02-04,M&M,-0.055959709009512,DOWN,DOWN,0.4922725450296394,True
2026-02-04,Maruti Suzuki,-0.0796231172450423,DOWN,DOWN,0.4463961548849894,True
2026-02-04,NTPC,-0.0680735194009574,DOWN,DOWN,0.47515545873669013,True
2026-02-04,ONGC,0.8428544285868034,UP,UP,0.5178079926571602,True
2026-02-04,Reliance,-0.919825917416861,DOWN,UP,0.5386631669377465,False
2026-02-04,SBI,0.4961663612051747,UP,UP,0.515827125930536,True
2026-02-04,Sun Pharma,-0.1056118752840173,DOWN,DOWN,0.49958947239274676,True
2026-02-04,TCS,-0.2534126040737772,DOWN,UP,0.5706941399178337,False
2026-02-04,Tata Steel,1.207779265132336,UP,DOWN,0.4633104988305373,False
2026-02-04,Wipro,0.0214292673963001,UP,UP,0.5461606229236584,True
2026-02-05,Axis Bank,0.8266947393529067,UP,UP,0.5329748325125141,True
2026-02-05,Bharti Airtel,2.308773310396228,UP,DOWN,0.4988452750307025,False
2026-02-05,Dr Reddy's,-0.2972185050706399,DOWN,UP,0.5286338178463792,False
2026-02-05,HCLTech,-1.0124253930512417,DOWN,UP,0.5104328631470066,False
2026-02-05,HDFC Bank,-0.9055529652050698,DOWN,UP,0.5169620379621157,False
2026-02-05,Hindustan Unilever,2.96466410649443,UP,DOWN,0.49233889777387413,False
2026-02-05,ICICI Bank,0.6874311196518157,UP,UP,0.5097435361222311,True
2026-02-05,ITC,5.029005471323411,UP,UP,0.5199435474473745,True
2026-02-05,Infosys,-0.8617271416065497,DOWN,DOWN,0.45806826480796586,True
2026-02-05,M&M,0.1679731243001025,UP,DOWN,0.48399168391803565,False
2026-02-05,Maruti Suzuki,-0.4117139252274415,DOWN,DOWN,0.39206420206763964,True
2026-02-05,NTPC,-0.5313384760302964,DOWN,DOWN,0.49410883827421337,True
2026-02-05,ONGC,-0.0928677521038645,DOWN,DOWN,0.493294714419292,True
2026-02-05,Reliance,0.512680080982153,UP,UP,0.5015842062796744,True
2026-02-05,SBI,-0.661385708983464,DOWN,UP,0.5065872825272507,False
2026-02-05,Sun Pharma,-0.4405027668004546,DOWN,UP,0.5555152360670293,False
2026-02-05,TCS,-1.668056237464488,DOWN,DOWN,0.4902244407284416,True
2026-02-05,Tata Steel,-0.3539628679642304,DOWN,DOWN,0.47632274439860667,True
2026-02-05,Wipro,-1.1440071022442155,DOWN,UP,0.5281368167435144,False
2026-02-06,Axis Bank,-0.0149039337741241,DOWN,UP,0.5119217417268617,False
2026-02-06,Bharti Airtel,-0.0098152099583637,DOWN,DOWN,0.4910525683092661,True
2026-02-06,Dr Reddy's,2.763458763895432,UP,UP,0.5179361552712539,True
2026-02-06,HCLTech,0.5208037323475967,UP,UP,0.5165806631191648,True
2026-02-06,HDFC Bank,-0.4090931554366017,DOWN,UP,0.512612261273424,False
2026-02-06,Hindustan Unilever,0.4455098195552898,UP,DOWN,0.49896831980547074,False
2026-02-06,ICICI Bank,-0.696958034845907,DOWN,DOWN,0.49040332607745707,True
2026-02-06,ITC,-0.9208103475763064,DOWN,UP,0.5765616021088195,False
2026-02-06,Infosys,-0.6568923478492916,DOWN,DOWN,0.495828384927107,True
2026-02-06,M&M,0.8831776874301367,UP,DOWN,0.4831243305567203,False
2026-02-06,Maruti Suzuki,-0.1266920050676856,DOWN,DOWN,0.38777942515931235,True
2026-02-06,NTPC,-0.8628938506555661,DOWN,DOWN,0.4863706674265451,True
2026-02-06,ONGC,-0.8737705881592062,DOWN,DOWN,0.4943766095528234,True
2026-02-06,Reliance,0.7444117999951816,UP,UP,0.5191166303004201,True
2026-02-06,SBI,7.46436363124372,UP,UP,0.5028167878550558,True
2026-02-06,Sun Pharma,0.5604389202304327,UP,UP,0.5457980284914333,True
2026-02-06,TCS,0.2243627038523543,UP,DOWN,0.48105808006196576,False
2026-02-06,Tata Steel,2.506851975341906,UP,DOWN,0.48887851754898426,False
2026-02-06,Wipro,-0.2773922443924714,DOWN,UP,0.5060612175767141,False
2026-02-09,Axis Bank,1.140593892899,UP,UP,0.5452295164998975,True
2026-02-09,Bharti Airtel,-1.3197872136285649,DOWN,UP,0.5609958546831286,False
2026-02-09,Dr Reddy's,-1.5288122304978446,DOWN,UP,0.5165101740840461,False
2026-02-09,HCLTech,-1.8039965302161345,DOWN,UP,0.5182475391023617,False
2026-02-09,HDFC Bank,-0.5174687208255646,DOWN,UP,0.5109052413063426,False
2026-02-09,Hindustan Unilever,0.7638643801334721,UP,UP,0.5096091161266613,True
2026-02-09,ICICI Bank,0.7304985185981661,UP,UP,0.5160768842057863,True
2026-02-09,ITC,-0.4337032061420887,DOWN,UP,0.5604064275224454,False
2026-02-09,Infosys,0.0400813302044555,UP,UP,0.5545330494207443,True
2026-02-09,M&M,1.8339968246027905,UP,DOWN,0.46878648091724123,False
2026-02-09,Maruti Suzuki,1.1216450794498511,UP,DOWN,0.4098927724093728,False
2026-02-09,NTPC,1.3815971495788837,UP,DOWN,0.4913083385706357,False
2026-02-09,ONGC,2.0817658161694785,UP,UP,0.5132051640404734,True
2026-02-09,Reliance,-0.212094665963225,DOWN,UP,0.5157297443453864,False
2026-02-09,SBI,-0.1657961966895715,DOWN,UP,0.5659198338093419,False
2026-02-09,Sun Pharma,0.1877316254851768,UP,UP,0.5485100745083901,True
2026-02-09,TCS,1.2346566409074944,UP,UP,0.505192120759102,True
2026-02-09,Tata Steel,2.975244805364352,UP,UP,0.5252794137336082,True
2026-02-09,Wipro,0.604137421151929,UP,UP,0.5099900734183485,True
2026-02-10,Axis Bank,-0.6928504962081417,DOWN,UP,0.5467576977099579,False
2026-02-10,Bharti Airtel,0.039771627225793,UP,UP,0.518167160301822,True
2026-02-10,Dr Reddy's,1.1385389194366935,UP,UP,0.5694107847999706,True
2026-02-10,HCLTech,-1.366728137669182,DOWN,UP,0.5695766455742497,False
2026-02-10,HDFC Bank,-0.568430790363339,DOWN,UP,0.5247954729792954,False
2026-02-10,Hindustan Unilever,0.3790269121844103,UP,DOWN,0.47755225658100187,False
2026-02-10,ICICI Bank,-0.0284411243556714,DOWN,UP,0.5190754470303485,False
2026-02-10,ITC,-0.9800852384268866,DOWN,UP,0.5401245421273357,False
2026-02-10,Infosys,-1.7292044044414756,DOWN,UP,0.5434101469802913,False
2026-02-10,M&M,-0.0244884507431764,DOWN,DOWN,0.4735472662595713,True
2026-02-10,Maruti Suzuki,1.7562392710946728,UP,DOWN,0.3684214222110489,False
2026-02-10,NTPC,0.4224634331785326,UP,DOWN,0.46666998695927275,False
2026-02-10,ONGC,0.9002433444709634,UP,DOWN,0.4572841669488401,False
2026-02-10,Reliance,0.6993452980373682,UP,UP,0.5020748460836914,True
2026-02-10,SBI,3.39131628844358,UP,UP,0.5620975754674205,True
2026-02-10,Sun Pharma,0.193226763289811,UP,DOWN,0.49132319570979816,False
2026-02-10,TCS,-2.506200039558537,DOWN,UP,0.5037457056435671,False
2026-02-10,Tata Steel,-0.2019124946092576,DOWN,UP,0.5429357271645484,False
2026-02-10,Wipro,-0.7171571492439965,DOWN,UP,0.500668126040969,False
2026-02-11,Axis Bank,-0.5418279940295867,DOWN,UP,0.5334407428715718,False
2026-02-11,Bharti Airtel,0.1192795806959745,UP,DOWN,0.48580616181917496,False
2026-02-11,Dr Reddy's,0.3621172486123258,UP,UP,0.5640250131289009,True
2026-02-11,HCLTech,-4.865944907706554,DOWN,UP,0.530372855933908,False
2026-02-11,HDFC Bank,-0.7011110097259965,DOWN,UP,0.5113893979749272,False
2026-02-11,Hindustan Unilever,-2.1600533225588525,DOWN,DOWN,0.4863386322879511,True
2026-02-11,ICICI Bank,1.6997386266295322,UP,UP,0.5125555549056955,True
2026-02-11,ITC,-0.2513708697466588,DOWN,UP,0.5247685285177544,False
2026-02-11,Infosys,-5.835995854966969,DOWN,UP,0.5627531950883033,False
2026-02-11,M&M,-2.225905653520799,DOWN,DOWN,0.4728592500697733,True
2026-02-11,Maruti Suzuki,-0.558006747988582,DOWN,DOWN,0.3861620118395455,True
2026-02-11,NTPC,-0.0542847605929597,DOWN,DOWN,0.46564904406775914,True
2026-02-11,ONGC,0.6372905903506476,UP,DOWN,0.42716172276417386,False
2026-02-11,Reliance,-1.3481260581519106,DOWN,UP,0.5146881511786171,False
2026-02-11,SBI,0.8031109818182447,UP,DOWN,0.4685709615919842,False
2026-02-11,Sun Pharma,0.2220822209306527,UP,DOWN,0.49813576915326674,False
2026-02-11,TCS,-5.488347944601612,DOWN,UP,0.5237140738718478,False
2026-02-11,Tata Steel,0.250495824285557,UP,UP,0.5037699073379691,True
2026-02-11,Wipro,-4.6690726432836005,DOWN,UP,0.5329162413888205,False
2026-02-12,Axis Bank,-0.5746232217817115,DOWN,UP,0.514576589424622,False
2026-02-12,Bharti Airtel,-0.4864754940742122,DOWN,DOWN,0.46711901140086914,True
2026-02-12,Dr Reddy's,-0.5333789864228944,DOWN,UP,0.5145195340095255,False
2026-02-12,HCLTech,-1.4158949095413598,DOWN,UP,0.5961731859112769,False
2026-02-12,HDFC Bank,-1.8140290696017192,DOWN,UP,0.5205123861258163,False
2026-02-12,Hindustan Unilever,-4.336639503568895,DOWN,UP,0.5488753655302008,False
2026-02-12,ICICI Bank,-1.0769247842001728,DOWN,UP,0.516294851051557,False
2026-02-12,ITC,-1.1655416805018803,DOWN,UP,0.5401245421273357,False
2026-02-12,Infosys,-1.2193379808125848,DOWN,UP,0.6356654922502737,False
2026-02-12,M&M,-1.6615232999337204,DOWN,UP,0.5110246922513357,False
2026-02-12,Maruti Suzuki,-0.5807125146809367,DOWN,DOWN,0.4254811917449223,True
2026-02-12,NTPC,-1.4256619144602856,DOWN,DOWN,0.4562824113486291,True
2026-02-12,ONGC,-3.238650989455283,DOWN,DOWN,0.45236740070123105,True
2026-02-12,Reliance,-2.022227091891593,DOWN,UP,0.5089013655927819,False
2026-02-12,SBI,0.5199556394609672,UP,DOWN,0.4861484680888729,False
2026-02-12,Sun Pharma,-1.0146378311474802,DOWN,DOWN,0.49419370489865994,True
2026-02-12,TCS,-2.1053832380035886,DOWN,UP,0.6474928184723432,False
2026-02-12,Tata Steel,-2.368943308880622,DOWN,DOWN,0.48133534550754425,True
2026-02-12,Wipro,-2.277709262122485,DOWN,UP,0.6099682994361971,False
2026-02-13,Axis Bank,1.9515123506052,UP,UP,0.507936076963056,True
2026-02-13,Bharti Airtel,1.232108237831242,UP,DOWN,0.48746967652242534,False
2026-02-13,Dr Reddy's,0.1025194269500984,UP,UP,0.5247690683164109,True
2026-02-13,HCLTech,0.4535526304089599,UP,UP,0.6368827885744324,True
2026-02-13,HDFC Bank,2.422830267440545,UP,UP,0.520577514740646,True
2026-02-13,Hindustan Unilever,0.5986486691147874,UP,UP,0.5552377134923439,True
2026-02-13,ICICI Bank,-0.2120740882069816,DOWN,UP,0.507711770020566,False
2026-02-13,ITC,1.3386493090139506,UP,UP,0.5359572929879194,True
2026-02-13,Infosys,-0.2556423973714583,DOWN,UP,0.6677338125000121,False
2026-02-13,M&M,-0.6707406981065089,DOWN,DOWN,0.48917279309244377,True
2026-02-13,Maruti Suzuki,-1.2207127387280914,DOWN,DOWN,0.37164572700214166,True
2026-02-13,NTPC,1.6804424527591344,UP,DOWN,0.4617329729528184,False
2026-02-13,ONGC,1.551979802247461,UP,UP,0.53238341258828,True
2026-02-13,Reliance,1.2327416385575107,UP,UP,0.5066433627507941,True
2026-02-13,SBI,0.7925913727268252,UP,UP,0.5337745856621743,True
2026-02-13,Sun Pharma,0.1767304860088359,UP,DOWN,0.49873753622864186,False
2026-02-13,TCS,0.5348839887656442,UP,UP,0.6357686958509962,True
2026-02-13,Tata Steel,1.2944211918587856,UP,UP,0.5142273613311025,True
2026-02-13,Wipro,-0.3876882830829209,DOWN,UP,0.5661908556797296,False
2026-02-16,Axis Bank,-0.0809907691013522,DOWN,UP,0.5064343041997419,False
2026-02-16,Bharti Airtel,-0.4484071881572404,DOWN,DOWN,0.457700537927515,True
2026-02-16,Dr Reddy's,1.2131734770661318,UP,UP,0.5221617997574928,True
2026-02-16,HCLTech,1.4228982120015,UP,UP,0.5440850739898113,True
2026-02-16,HDFC Bank,-0.0107988320647733,DOWN,DOWN,0.48452484954714115,True
2026-02-16,Hindustan Unilever,-0.2889155313443248,DOWN,DOWN,0.4836485040182184,True
2026-02-16,ICICI Bank,-0.2904488280566664,DOWN,UP,0.512955130240996,False
2026-02-16,ITC,2.358861365640208,UP,UP,0.5168017645663765,True
2026-02-16,Infosys,1.874632106298435,UP,UP,0.5868926901830566,True
2026-02-16,M&M,-0.5840955148646021,DOWN,DOWN,0.49418864975660687,True
2026-02-16,Maruti Suzuki,0.8504418311075623,UP,DOWN,0.3961966862587164,False
2026-02-16,NTPC,-0.1896538053253071,DOWN,DOWN,0.46666998695927275,True
2026-02-16,ONGC,0.110483639857728,UP,DOWN,0.4656038617320681,False
2026-02-16,Reliance,-0.9811408966302836,DOWN,UP,0.5112594904489555,False
2026-02-16,SBI,0.4387094557761539,UP,DOWN,0.46414753981485696,False
2026-02-16,Sun Pharma,0.9761820397493404,UP,DOWN,0.47022372057514017,False
2026-02-16,TCS,0.3990173759637505,UP,UP,0.5699600859266958,True
2026-02-16,Tata Steel,-1.3264640979172015,DOWN,DOWN,0.4840062228073625,True
2026-02-16,Wipro,1.139457937335897,UP,UP,0.6122021911214438,True
2026-02-17,Axis Bank,1.45888959184155,UP,UP,0.505316397817007,True
2026-02-17,Bharti Airtel,0.0742463972551954,UP,DOWN,0.4860856211289118,False
2026-02-17,Dr Reddy's,-0.3502490526914648,DOWN,DOWN,0.49882800241090536,True
2026-02-17,HCLTech,-1.0387174334045346,DOWN,UP,0.5395584109896752,False
2026-02-17,HDFC Bank,-0.1080263570069295,DOWN,UP,0.5169129464004721,False
2026-02-17,Hindustan Unilever,0.4843640935591864,UP,UP,0.5033632631326338,True
2026-02-17,ICICI Bank,0.0497301010213169,UP,UP,0.5090137622389382,True
2026-02-17,ITC,2.15086794820798,UP,UP,0.5441194057121332,True
2026-02-17,Infosys,-1.2579068871630517,DOWN,UP,0.6447782421497504,False
2026-02-17,M&M,1.183653829132214,UP,DOWN,0.4875019768531945,False
2026-02-17,Maruti Suzuki,-0.0988207391791284,DOWN,DOWN,0.37239492875873115,True
2026-02-17,NTPC,0.0,DOWN,DOWN,0.4559081583137039,True
2026-02-17,ONGC,-2.6669118400679093,DOWN,DOWN,0.4884533386236864,True
2026-02-17,Reliance,1.286018891646168,UP,UP,0.5067096663397577,True
2026-02-17,SBI,0.4532717891328364,UP,DOWN,0.4824635514631419,False
2026-02-17,Sun Pharma,0.4251382523975611,UP,DOWN,0.4897616214987724,False
2026-02-17,TCS,-0.8279973801645357,DOWN,UP,0.6353912757698229,False
2026-02-17,Tata Steel,2.9298783211515245,UP,DOWN,0.49355102016145325,False
2026-02-17,Wipro,-1.7339725767679282,DOWN,UP,0.6111188077911837,False
2026-02-18,Axis Bank,-1.4814832544707723,DOWN,UP,0.5201639750828857,False
2026-02-18,Bharti Airtel,-1.6421046809960815,DOWN,UP,0.5000449049291481,False
2026-02-18,Dr Reddy's,0.1562133815296462,UP,UP,0.5060253146715449,True
2026-02-18,HCLTech,-1.145033214075164,DOWN,UP,0.535158000846083,False
2026-02-18,HDFC Bank,-0.98410689963917,DOWN,UP,0.5050384599614248,False
2026-02-18,Hindustan Unilever,-1.9023004593016977,DOWN,DOWN,0.48504816475813706,True
2026-02-18,ICICI Bank,-1.377638333789588,DOWN,UP,0.5125555549056955,False
2026-02-18,ITC,-1.940144975243541,DOWN,UP,0.5394660038766395,False
2026-02-18,Infosys,-0.2329439677962508,DOWN,UP,0.5584799625389546,False
2026-02-18,M&M,-2.795636628575981,DOWN,DOWN,0.4531527298720494,True
2026-02-18,Maruti Suzuki,-1.721181746241096,DOWN,DOWN,0.3743454845897013,True
2026-02-18,NTPC,-1.4115042821944757,DOWN,DOWN,0.4635032450669401,True
2026-02-18,ONGC,3.7981812400401216,UP,UP,0.5055875924227763,True
2026-02-18,Reliance,-2.206344810296834,DOWN,UP,0.5307275251183772,False
2026-02-18,SBI,-1.0829496248909276,DOWN,DOWN,0.47228259430631125,True
2026-02-18,Sun Pharma,-0.6379030297066768,DOWN,UP,0.5120166678562985,False
2026-02-18,TCS,-0.6308212036081562,DOWN,UP,0.5675619853262249,False
2026-02-18,Tata Steel,-1.7318065054431453,DOWN,DOWN,0.4411305507587637,True
2026-02-18,Wipro,-0.3491343453784989,DOWN,UP,0.5692440904296361,False
2026-02-19,Axis Bank,0.8624556577287334,UP,UP,0.5532970462077033,True
2026-02-19,Bharti Airtel,-0.5632078502150639,DOWN,UP,0.531975331722522,False
2026-02-19,Dr Reddy's,-0.1481731530618701,DOWN,DOWN,0.495100862117827,True
2026-02-19,HCLTech,-0.9583579826315748,DOWN,UP,0.5313983023017799,False
2026-02-19,HDFC Bank,-0.4095675076443927,DOWN,UP,0.5194737806510134,False
2026-02-19,Hindustan Unilever,1.5443316113634475,UP,UP,0.5127152620627129,True
2026-02-19,ICICI Bank,0.4104227370012481,UP,UP,0.5426925590944213,True
2026-02-19,ITC,0.3067484662576669,UP,UP,0.5713822671176567,True
2026-02-19,Infosys,-1.2623165872400532,DOWN,UP,0.5622851914790863,False
2026-02-19,M&M,-0.5536453094488469,DOWN,UP,0.5228012852715197,False
2026-02-19,Maruti Suzuki,0.4965443199355768,UP,DOWN,0.4350902233630347,False
2026-02-19,NTPC,2.6844712754145794,UP,DOWN,0.48341100259767694,False
2026-02-19,ONGC,1.456399085706006,UP,UP,0.566666847063343,True
2026-02-19,Reliance,0.7023784614446527,UP,UP,0.5142802403671053,True
2026-02-19,SBI,0.8625715215426766,UP,DOWN,0.458722288584422,False
2026-02-19,Sun Pharma,0.6419983566745779,UP,UP,0.5004463832300129,True
2026-02-19,TCS,0.3099461940627712,UP,UP,0.5567938985663231,True
2026-02-19,Tata Steel,1.436150574776729,UP,UP,0.512397648543731,True
2026-02-19,Wipro,-0.6391771509881572,DOWN,UP,0.5786868946962359,False
2026-02-20,Axis Bank,1.3447271568475472,UP,DOWN,0.49059211612388687,False
2026-02-20,Bharti Airtel,1.006373225870627,UP,DOWN,0.4740495206471997,False
2026-02-20,Dr Reddy's,2.1087159860337934,UP,UP,0.5065203049793597,True
2026-02-20,HCLTech,-0.7170239351287799,DOWN,UP,0.5160945427859058,False
2026-02-20,HDFC Bank,1.2885891664853766,UP,UP,0.5027476385527982,True
2026-02-20,Hindustan Unilever,1.3350573490494622,UP,UP,0.5190355672645709,True
2026-02-20,ICICI Bank,0.3513821738302169,UP,UP,0.5101400001482487,True
2026-02-20,ITC,-0.4892985026041629,DOWN,UP,0.5459251024901334,False
2026-02-20,Infosys,-1.8991983519966005,DOWN,UP,0.5263431506611016,False
2026-02-20,M&M,1.0050412663321184,UP,DOWN,0.4945021057730599,False
2026-02-20,Maruti Suzuki,0.6343059357681868,UP,DOWN,0.40964456239424873,False
2026-02-20,NTPC,0.6703311216443186,UP,UP,0.5235265410558794,True
2026-02-20,ONGC,-1.076619438618931,DOWN,DOWN,0.49403766209418915,True
2026-02-20,Reliance,0.6058880821484758,UP,UP,0.518982639028952,True
2026-02-20,SBI,0.962097975254883,UP,DOWN,0.414227670110782,False
2026-02-20,Sun Pharma,0.4581317734988266,UP,DOWN,0.4781340861706031,False
2026-02-20,TCS,-0.3685467397701036,DOWN,UP,0.607146010775329,False
2026-02-20,Tata Steel,-0.1055870704831596,DOWN,DOWN,0.45925353580993306,True
2026-02-20,Wipro,-1.891737924881776,DOWN,UP,0.5703527223192022,False
2026-02-23,Axis Bank,0.0649040488753138,UP,UP,0.5273050379006087,True
2026-02-23,Bharti Airtel,-2.818807763067843,DOWN,DOWN,0.489961348831714,True
2026-02-23,Dr Reddy's,-0.5507169273164414,DOWN,UP,0.5074906408131915,False
2026-02-23,HCLTech,-6.100126418354879,DOWN,UP,0.5697263875772252,False
2026-02-23,HDFC Bank,-1.4183603218078211,DOWN,UP,0.5256748516597242,False
2026-02-23,Hindustan Unilever,0.5628121370393702,UP,DOWN,0.4919791361284647,False
2026-02-23,ICICI Bank,-1.0433025104491178,DOWN,UP,0.5034038441327586,False
2026-02-23,ITC,-0.5838948777266428,DOWN,UP,0.5060839467435496,False
2026-02-23,Infosys,-3.917137476459509,DOWN,UP,0.5745562260727649,False
2026-02-23,M&M,-0.403241742060989,DOWN,DOWN,0.4892391302802131,True
2026-02-23,Maruti Suzuki,-0.9686836518046692,DOWN,DOWN,0.4345491716452173,True
2026-02-23,NTPC,1.9443301519839415,UP,DOWN,0.4881170586771541,False
2026-02-23,ONGC,0.3083642743829884,UP,DOWN,0.4886004961377098,False
2026-02-23,Reliance,0.0560258283000658,UP,UP,0.5013189464570472,True
2026-02-23,SBI,-0.3665091888777061,DOWN,DOWN,0.45619646386525603,True
2026-02-23,Sun Pharma,-0.0288633600361687,DOWN,DOWN,0.4975604320033858,True
2026-02-23,TCS,-3.8336545149777024,DOWN,UP,0.5956059863631983,False
2026-02-23,Tata Steel,0.4756440357774449,UP,DOWN,0.4910207138492027,False
2026-02-23,Wipro,-2.792753420295113,DOWN,UP,0.5922358788389969,False
2026-02-24,Axis Bank,1.1098317011399184,UP,UP,0.504050535419096,True
2026-02-24,Bharti Airtel,-1.4219461919596887,DOWN,UP,0.5332279154702175,False
2026-02-24,Dr Reddy's,0.4845446134993825,UP,UP,0.5065203049793597,True
2026-02-24,HCLTech,2.912186486108581,UP,UP,0.6443756774033479,True
2026-02-24,HDFC Bank,-0.3185089966021293,DOWN,UP,0.5249158199338032,False
2026-02-24,Hindustan Unilever,0.6910796240404249,UP,DOWN,0.4872269172694589,False
2026-02-24,ICICI Bank,1.1337341578779414,UP,UP,0.5125835097009092,True
2026-02-24,ITC,-1.1591962905718731,DOWN,UP,0.5089692554741747,False
2026-02-24,Infosys,1.1446472431154486,UP,UP,0.6442069976021587,True
2026-02-24,M&M,1.692301598583512,UP,DOWN,0.48781293040686247,False
2026-02-24,Maruti Suzuki,0.96475948010184,UP,DOWN,0.3743454845897013,False
2026-02-24,NTPC,0.5617227685132287,UP,DOWN,0.4569882890110949,False
2026-02-24,ONGC,0.3435848850022571,UP,UP,0.5187342418903186,True
2026-02-24,Reliance,-2.12066403923884,DOWN,DOWN,0.4899698343165209,True
2026-02-24,SBI,-1.8965153532375267,DOWN,DOWN,0.4684837897660306,True
2026-02-24,Sun Pharma,1.870880091825522,UP,UP,0.5034190522927362,True
2026-02-24,TCS,2.160317780281029,UP,UP,0.6079081906701845,True
2026-02-24,Tata Steel,2.634722124127298,UP,DOWN,0.43448978402069205,False
2026-02-24,Wipro,0.8893768285825887,UP,UP,0.6360803376031072,True
2026-02-25,Axis Bank,-0.5345687811831756,DOWN,UP,0.5479219152847103,False
2026-02-25,Bharti Airtel,0.8466578324015428,UP,UP,0.506341874093649,True
2026-02-25,Dr Reddy's,0.9797205379353136,UP,UP,0.521839243141617,True
2026-02-25,HCLTech,-0.3410209939333275,DOWN,UP,0.5458088791584146,False
2026-02-25,HDFC Bank,-0.9916262937523568,DOWN,UP,0.5162538121484818,False
2026-02-25,Hindustan Unilever,0.3537052856874112,UP,DOWN,0.47783146145165634,False
2026-02-25,ICICI Bank,0.3141752526999219,UP,UP,0.5196417498488739,True
2026-02-25,ITC,-0.4534830983678684,DOWN,UP,0.514463920030399,False
2026-02-25,Infosys,-0.0775133725233856,DOWN,UP,0.6132761641215998,False
2026-02-25,M&M,-0.1919041926552234,DOWN,DOWN,0.49008539955833114,True
2026-02-25,Maruti Suzuki,0.948905109489062,UP,DOWN,0.37775343708429643,False
2026-02-25,NTPC,-0.7794232391717948,DOWN,DOWN,0.46976413744364104,True
2026-02-25,ONGC,0.9551248080345908,UP,DOWN,0.48561769685482453,False
2026-02-25,Reliance,0.593496519708614,UP,UP,0.5097228662961686,True
2026-02-25,SBI,0.7832701112649332,UP,DOWN,0.46302513124311323,False
2026-02-25,Sun Pharma,1.2186827227672614,UP,UP,0.5004190453068565,True
2026-02-25,TCS,0.6998023048738977,UP,UP,0.5921656263038758,True
2026-02-25,Tata Steel,0.4099910945372986,UP,DOWN,0.4579666999298275,False
2026-02-25,Wipro,-0.4160045292729286,DOWN,UP,0.6147480617990603,False
2026-02-26,Axis Bank,-0.8312415324928324,DOWN,UP,0.5065433909492425,False
2026-02-26,Bharti Airtel,-2.606754114543264,DOWN,DOWN,0.4700927675076419,True
2026-02-26,Dr Reddy's,-2.501326368426382,DOWN,UP,0.5276368634883174,False
2026-02-26,HCLTech,1.1357827146659891,UP,UP,0.5272059261380784,True
2026-02-26,HDFC Bank,-1.2074311017939543,DOWN,UP,0.5282876697565231,False
2026-02-26,Hindustan Unilever,-1.8965279337823997,DOWN,DOWN,0.4861830504138259,True
2026-02-26,ICICI Bank,-1.8506654956350843,DOWN,UP,0.5168813978174626,False
2026-02-26,ITC,-1.4765887118129983,DOWN,UP,0.5031466395842529,False
2026-02-26,Infosys,0.8533085259737172,UP,UP,0.5704385556148218,True
2026-02-26,M&M,-2.502444839255757,DOWN,DOWN,0.4830162045616128,True
2026-02-26,Maruti Suzuki,-2.340103858542042,DOWN,DOWN,0.36674738084733255,True
2026-02-26,NTPC,0.0,DOWN,DOWN,0.4666384365445257,True
2026-02-26,ONGC,-0.1428039585035012,DOWN,DOWN,0.4598430467896689,True
2026-02-26,Reliance,-0.9169763979471224,DOWN,UP,0.5077709513500226,False
2026-02-26,SBI,-0.6448986215894958,DOWN,DOWN,0.45943023005512074,True
2026-02-26,Sun Pharma,-2.7272191579506666,DOWN,DOWN,0.4854299990504131,True
2026-02-26,TCS,-0.3890187339228634,DOWN,UP,0.536607933985104,False
2026-02-26,Tata Steel,-1.4801421576502105,DOWN,DOWN,0.45449187601650176,True
2026-02-26,Wipro,-0.0596753113660253,DOWN,UP,0.5496577893747676,False
2026-02-27,Axis Bank,-0.8382090744487813,DOWN,UP,0.5417341826087958,False
2026-02-27,Bharti Airtel,-0.3245941306740163,DOWN,UP,0.5171665647851649,False
2026-02-27,Dr Reddy's,0.6297112087741086,UP,DOWN,0.49800347796663463,False
2026-02-27,HCLTech,-1.3030002090600237,DOWN,UP,0.5312013815897191,False
2026-02-27,HDFC Bank,-0.9405773681709362,DOWN,UP,0.5208977358285317,False
2026-02-27,Hindustan Unilever,-0.748470949449187,DOWN,UP,0.5490877652541515,False
2026-02-27,ICICI Bank,-0.3553574825806982,DOWN,UP,0.5107219482660322,False
2026-02-27,ITC,0.4145369157102729,UP,UP,0.5038554738004181,True
2026-02-27,Infosys,-0.8614684549030471,DOWN,UP,0.5475760090110628,False
2026-02-27,M&M,-1.857298384923556,DOWN,UP,0.5267204343526236,False
2026-02-27,Maruti Suzuki,-3.1567611227031,DOWN,DOWN,0.3981405263788713,True
2026-02-27,NTPC,-1.1390432503370684,DOWN,DOWN,0.4485372891295245,True
2026-02-27,ONGC,0.8938147625640935,UP,DOWN,0.47219839442191447,False
2026-02-27,Reliance,-2.575509275075405,DOWN,UP,0.511096693155092,False
2026-02-27,SBI,-0.981936193498667,DOWN,DOWN,0.49082796095654857,True
2026-02-27,Sun Pharma,0.892343120322403,UP,UP,0.5166569322700004,True
2026-02-27,TCS,-0.9061918263707835,DOWN,UP,0.537185426463654,False
2026-02-27,Tata Steel,-0.6216772537255388,DOWN,DOWN,0.48975109234393893,True
2026-02-27,Wipro,-1.189291057822961,DOWN,UP,0.5336613710441042,False
2026-03-02,Axis Bank,-1.5302775816362413,DOWN,DOWN,0.4971737139324228,True
2026-03-02,Bharti Airtel,1.745679804322564,UP,DOWN,0.48127187312045755,False
2026-03-02,Dr Reddy's,-0.2472244423539882,DOWN,UP,0.5319200294817387,False
2026-03-02,HCLTech,-0.5105762217359588,DOWN,UP,0.5294085896317389,False
2026-03-02,HDFC Bank,-1.222424346322104,DOWN,UP,0.5293591151412022,False
2026-03-02,Hindustan Unilever,-2.5553756068534383,DOWN,UP,0.5155465956867574,False
2026-03-02,ICICI Bank,-0.625907975686868,DOWN,DOWN,0.4851714549220041,True
2026-03-02,ITC,-0.9367995384664484,DOWN,UP,0.5041581072482001,False
2026-03-02,Infosys,1.435332426842817,UP,UP,0.5637608843625428,True
2026-03-02,M&M,-2.0993911458149106,DOWN,DOWN,0.4985965864641562,True
2026-03-02,Maruti Suzuki,-1.598554350847925,DOWN,DOWN,0.3850241347951131,True
2026-03-02,NTPC,-3.11217067405738,DOWN,DOWN,0.4462131634752225,True
2026-03-02,ONGC,-1.8603826268258403,DOWN,UP,0.5458117411753464,False
2026-03-02,Reliance,-0.9572901325478612,DOWN,UP,0.5435164579350262,False
2026-03-02,SBI,-1.2942284307999596,DOWN,DOWN,0.4734188032288132,True
2026-03-02,Sun Pharma,-0.1141226818830221,DOWN,DOWN,0.48848039604581733,True
2026-03-02,TCS,-0.9833537850344354,DOWN,UP,0.5296957208858573,False
2026-03-02,Tata Steel,-6.767451377206846,DOWN,UP,0.5448058929787276,False
2026-03-02,Wipro,-1.5208763464111483,DOWN,DOWN,0.4990721412650621,True
2026-03-04,Axis Bank,-0.1628116008798641,DOWN,DOWN,0.49400456006619353,True
2026-03-04,Bharti Airtel,0.0577142332675917,UP,UP,0.5465496539063013,True
2026-03-04,Dr Reddy's,1.7270794355193295,UP,DOWN,0.4929971832140174,False
2026-03-04,HCLTech,-0.725808241500181,DOWN,UP,0.5688819375243456,False
2026-03-04,HDFC Bank,1.047599761719442,UP,UP,0.5094256862862043,True
2026-03-04,Hindustan Unilever,-0.2786029581253402,DOWN,UP,0.5074487164947402,False
2026-03-04,ICICI Bank,-0.5712647347777988,DOWN,DOWN,0.49398544336611394,True
2026-03-04,ITC,-0.1442577943329581,DOWN,UP,0.5075993981758609,False
2026-03-04,Infosys,-0.1223784271118244,DOWN,UP,0.5522638507960705,False
2026-03-04,M&M,2.564101029925947,UP,DOWN,0.4918175973578504,False
2026-03-04,Maruti Suzuki,1.8152281395677368,UP,DOWN,0.38879310392040023,False
2026-03-04,NTPC,3.3488246060120463,UP,UP,0.5066719218841316,True
2026-03-04,ONGC,-0.2166477981835557,DOWN,UP,0.5374567546877514,False
2026-03-04,Reliance,3.301117056807623,UP,UP,0.5064228562351725,True
2026-03-04,SBI,-0.4257130693912314,DOWN,DOWN,0.49812279536393705,True
2026-03-04,Sun Pharma,1.942302199371615,UP,DOWN,0.48517510944288533,False
2026-03-04,TCS,-0.3477857574071707,DOWN,UP,0.5444409741913195,False
2026-03-04,Tata Steel,1.951919727583351,UP,UP,0.5617153938958837,True
2026-03-04,Wipro,0.0664738542545784,UP,UP,0.5890155738510706,True
2026-03-05,Axis Bank,-2.468306823840072,DOWN,UP,0.5026422307212608,False
2026-03-05,Bharti Airtel,-1.8982669728303647,DOWN,UP,0.5037846701372425,False
2026-03-05,Dr Reddy's,-0.7384812464312884,DOWN,UP,0.512996234617362,False
2026-03-05,HCLTech,0.1920076532615278,UP,UP,0.5673672338738854,True
2026-03-05,HDFC Bank,-2.358303868644973,DOWN,UP,0.5293591151412022,False
2026-03-05,Hindustan Unilever,-1.2993369768569796,DOWN,UP,0.5103603434222254,False
2026-03-05,ICICI Bank,-3.2557418950157517,DOWN,UP,0.5026422307212608,False
2026-03-05,ITC,-0.5778451983848298,DOWN,UP,0.5251329629292394,False
2026-03-05,Infosys,0.1991097785813966,UP,UP,0.5386549140172429,True
2026-03-05,M&M,-0.462962962962965,DOWN,UP,0.5000025141094889,False
2026-03-05,Maruti Suzuki,-1.7759278529309697,DOWN,DOWN,0.442383240681825,True
2026-03-05,NTPC,0.6745188183799877,UP,DOWN,0.48376537370937933,False
2026-03-05,ONGC,0.9408380843464624,UP,UP,0.5333969048423031,True
2026-03-05,Reliance,1.1083938493924306,UP,UP,0.514544303340004,True
2026-03-05,SBI,-2.26592560923472,DOWN,UP,0.5491963916730812,False
2026-03-05,Sun Pharma,0.8349691462069098,UP,DOWN,0.49896831980547074,False
2026-03-05,TCS,-0.8220858837624467,DOWN,UP,0.525925937994534,False
2026-03-05,Tata Steel,-1.052002060777102,DOWN,DOWN,0.4808510246600009,True
2026-03-05,Wipro,-0.1430901419547603,DOWN,UP,0.5669410732218948,False
2026-03-06,Axis Bank,-2.0899832025764065,DOWN,UP,0.5267242740721926,False
2026-03-06,Bharti Airtel,-0.2191627939510887,DOWN,UP,0.5143242717065486,False
2026-03-06,Dr Reddy's,-1.288544884104359,DOWN,UP,0.5060577257720185,False
2026-03-06,HCLTech,0.1400475036813731,UP,UP,0.5539530812529022,True
2026-03-06,HDFC Bank,-1.907703846778075,DOWN,UP,0.53881191353126,False
2026-03-06,Hindustan Unilever,-1.3973066539921697,DOWN,UP,0.5009445424238198,False
2026-03-06,ICICI Bank,-2.664839298721222,DOWN,UP,0.5344508902526364,False
2026-03-06,ITC,-1.1947084472692326,DOWN,UP,0.5251329629292394,False
2026-03-06,Infosys,0.5044310197787727,UP,UP,0.5285701299517704,True
2026-03-06,M&M,-4.348084091335336,DOWN,DOWN,0.49039624900091183,True
2026-03-06,Maruti Suzuki,-4.597782329260536,DOWN,DOWN,0.4065617688806415,True
2026-03-06,NTPC,-1.1429337976238796,DOWN,DOWN,0.4905947772226466,True
2026-03-06,ONGC,-2.9216791745517834,DOWN,UP,0.5387135312430155,False
2026-03-06,Reliance,1.3667390734995788,UP,UP,0.5168528106440105,True
2026-03-06,SBI,-3.8932633420822422,DOWN,UP,0.5729771374107056,False
2026-03-06,Sun Pharma,0.4445926359595953,UP,DOWN,0.4860923453615091,False
2026-03-06,TCS,-1.1808020863064206,DOWN,UP,0.5288094322720187,False
2026-03-06,Tata Steel,-3.753911092914741,DOWN,DOWN,0.48406996979142425,True
2026-03-06,Wipro,1.714435111646062,UP,UP,0.5610580554622391,True
2026-03-09,Axis Bank,2.049204482120759,UP,DOWN,0.4906874157370891,False
2026-03-09,Bharti Airtel,-0.873194792102483,DOWN,DOWN,0.454981870388199,True
2026-03-09,Dr Reddy's,2.144520247547588,UP,UP,0.5058114047415844,True
2026-03-09,HCLTech,0.2134568280712567,UP,UP,0.5258962111289152,True
2026-03-09,HDFC Bank,1.0407993187759423,UP,UP,0.5084522889759373,True
2026-03-09,Hindustan Unilever,-0.2004987828568061,DOWN,DOWN,0.4982929560023203,True
2026-03-09,ICICI Bank,2.620463028804632,UP,UP,0.5066621021160278,True
2026-03-09,ITC,0.996728036917882,UP,UP,0.5355425156044095,True
2026-03-09,Infosys,-1.475287027685357,DOWN,UP,0.5038157975784568,False
2026-03-09,M&M,3.328518329311048,UP,UP,0.534184087927974,True
2026-03-09,Maruti Suzuki,2.6576843352087653,UP,DOWN,0.4542972087426074,False
2026-03-09,NTPC,0.2790665230481881,UP,UP,0.5014397137927268,True
2026-03-09,ONGC,-0.5908329608791174,DOWN,UP,0.5826266220995203,False
2026-03-09,Reliance,-1.0674123013957204,DOWN,UP,0.5375748915060825,False
2026-03-09,SBI,1.247150766670457,UP,UP,0.5555160824020112,True
2026-03-09,Sun Pharma,0.298773063025326,UP,DOWN,0.47697078836765405,False
2026-03-09,TCS,-0.5657911387208392,DOWN,UP,0.5245012670220358,False
2026-03-09,Tata Steel,2.08889880525136,UP,UP,0.5202438971281558,True
2026-03-09,Wipro,1.0968516607704482,UP,UP,0.550891128957967,True
2026-03-10,Axis Bank,-4.480102269057573,DOWN,DOWN,0.4720114208670362,True
2026-03-10,Bharti Airtel,-2.34544011248623,DOWN,UP,0.5399703983501457,False
2026-03-10,Dr Reddy's,0.8291514237404485,UP,UP,0.5000103804528071,True
2026-03-10,HCLTech,-0.8226185216213766,DOWN,UP,0.5299066654435225,False
2026-03-10,HDFC Bank,-1.8247100803175045,DOWN,UP,0.5838487352540568,False
2026-03-10,Hindustan Unilever,-1.314950665244763,DOWN,UP,0.5080173392304121,False
2026-03-10,ICICI Bank,-1.3187017688982672,DOWN,DOWN,0.4754868223415783,True
2026-03-10,ITC,-0.0161746626575642,DOWN,UP,0.5046639634261699,False
2026-03-10,Infosys,-1.4896516765588896,DOWN,UP,0.5399099170961036,False
2026-03-10,M&M,-3.810304577238377,DOWN,UP,0.5343460279725839,False
2026-03-10,Maruti Suzuki,-2.668205091223763,DOWN,DOWN,0.47526016118350206,True
2026-03-10,NTPC,0.6891084515333379,UP,UP,0.5088709478100096,True
2026-03-10,ONGC,0.5757755284857557,UP,DOWN,0.48943730824179205,False
2026-03-10,Reliance,-1.3202794585166266,DOWN,UP,0.5140552297031736,False
2026-03-10,SBI,-1.897138690188338,DOWN,UP,0.5259240200604764,False
2026-03-10,Sun Pharma,0.7226376452497352,UP,UP,0.5383362607907315,True
2026-03-10,TCS,-1.91795763954854,DOWN,UP,0.5569276486986006,False
2026-03-10,Tata Steel,-0.1333305163261022,DOWN,UP,0.5403066144542189,False
2026-03-10,Wipro,0.6469930319737971,UP,UP,0.5522086994433204,True
2026-03-11,Axis Bank,-1.6961337792590123,DOWN,UP,0.5352271062546932,False
2026-03-11,Bharti Airtel,-0.3154372535625338,DOWN,UP,0.5151411054880651,False
2026-03-11,Dr Reddy's,-0.4903809883063048,DOWN,UP,0.5050237488330332,False
2026-03-11,HCLTech,0.5776439662119381,UP,UP,0.5605047584955075,True
2026-03-11,HDFC Bank,-0.1438949804503764,DOWN,UP,0.5472832128793814,False
2026-03-11,Hindustan Unilever,-1.133524618624859,DOWN,UP,0.5401556153304754,False
2026-03-11,ICICI Bank,-2.1705527665578206,DOWN,UP,0.5035506190735844,False
2026-03-11,ITC,-1.585758542551574,DOWN,UP,0.5022563136558974,False
2026-03-11,Infosys,-0.822690558512551,DOWN,UP,0.5424654645003675,False
2026-03-11,M&M,-4.324222022329294,DOWN,UP,0.5613142111422745,False
2026-03-11,Maruti Suzuki,-3.600800177817298,DOWN,DOWN,0.4405432082195046,True
2026-03-11,NTPC,2.8033677461406725,UP,UP,0.5002532588306431,True
2026-03-11,ONGC,-0.0738733913319467,DOWN,DOWN,0.4811271770311278,True
2026-03-11,Reliance,0.1438641972555165,UP,UP,0.5290614962449369,True
2026-03-11,SBI,-0.5407409537237062,DOWN,DOWN,0.4920964435183129,True
2026-03-11,Sun Pharma,-0.0328591696103441,DOWN,UP,0.542623643442221,False
2026-03-11,TCS,-0.912815971902381,DOWN,UP,0.5775485656670526,False
2026-03-11,Tata Steel,-0.65215376226615,DOWN,UP,0.556410709823437,False
2026-03-11,Wipro,0.1384556125265446,UP,UP,0.5307281380511785,True
2026-03-12,Axis Bank,-3.013361779819768,DOWN,UP,0.5357769175854823,False
2026-03-12,Bharti Airtel,0.1165811096992763,UP,DOWN,0.4859153092361723,False
2026-03-12,Dr Reddy's,-2.0242571017342725,DOWN,DOWN,0.485673665498303,True
2026-03-12,HCLTech,-2.407772016766807,DOWN,UP,0.5053459541600132,False
2026-03-12,HDFC Bank,-1.8913239267487223,DOWN,UP,0.5293173434806862,False
2026-03-12,Hindustan Unilever,1.081009813838918,UP,UP,0.5494311589460825,True
2026-03-12,ICICI Bank,-0.9238019085570426,DOWN,UP,0.5415147429504344,False
2026-03-12,ITC,-0.8714218491604808,DOWN,UP,0.5251329629292394,False
2026-03-12,Infosys,-1.3825248321171602,DOWN,UP,0.5333991892047305,False
2026-03-12,M&M,-3.302317733177784,DOWN,UP,0.6229659455793232,False
2026-03-12,Maruti Suzuki,-3.2280378141572474,DOWN,UP,0.5490513514712796,False
2026-03-12,NTPC,-1.5618936823961982,DOWN,UP,0.559288979523584,False
2026-03-12,ONGC,-2.384025866003292,DOWN,UP,0.5047239765652437,False
2026-03-12,Reliance,-0.8260307716804527,DOWN,UP,0.5079300661323086,False
2026-03-12,SBI,-3.5200841218822387,DOWN,UP,0.5329906747476156,False
2026-03-12,Sun Pharma,-1.2984206765021211,DOWN,DOWN,0.4825156889081671,True
2026-03-12,TCS,-1.3060884220122415,DOWN,UP,0.531240808570973,False
2026-03-12,Tata Steel,-5.148088412169461,DOWN,UP,0.5701413481881501,False
2026-03-12,Wipro,-2.434444130911717,DOWN,UP,0.5396171032101322,False
2026-03-13,Axis Bank,1.4532616415392718,UP,UP,0.5547815929934398,True
2026-03-13,Bharti Airtel,-0.8095805361143404,DOWN,DOWN,0.4760060468368677,True
2026-03-13,Dr Reddy's,-1.1916756041313703,DOWN,UP,0.5023577888852166,False
2026-03-13,HCLTech,0.2414328589807945,UP,UP,0.5415315979693935,True
2026-03-13,HDFC Bank,2.888613902807524,UP,UP,0.5237061913926753,True
2026-03-13,Hindustan Unilever,0.7268495912905015,UP,UP,0.5729337039914814,True
2026-03-13,ICICI Bank,1.4424589481679906,UP,DOWN,0.4626742832031058,False
2026-03-13,ITC,2.2557596674763536,UP,UP,0.5251329629292394,True
2026-03-13,Infosys,0.1201634175539867,UP,UP,0.5314945448549503,True
2026-03-13,M&M,3.582272747490256,UP,UP,0.5842983772078857,True
2026-03-13,Maruti Suzuki,1.318402033198307,UP,UP,0.595181522350883,True
2026-03-13,NTPC,-0.5332340344530895,DOWN,UP,0.5408607147753042,False
2026-03-13,ONGC,-1.382049909932126,DOWN,UP,0.5099662243533439,False
2026-03-13,Reliance,1.0429510337738757,UP,UP,0.5058114047415844,True
2026-03-13,SBI,1.8815617165114595,UP,UP,0.5155491983389545,True
2026-03-13,Sun Pharma,-1.021315756183783,DOWN,DOWN,0.49852991615151165,True
2026-03-13,TCS,-0.0539327454107008,DOWN,UP,0.5679659194230976,False
2026-03-13,Tata Steel,1.8691123302510213,UP,UP,0.5729183306818283,True
2026-03-13,Wipro,-1.2501271372672207,DOWN,UP,0.5737461281408389,False
2026-03-16,Axis Bank,1.1031550961317471,UP,UP,0.567734396826209,True
2026-03-16,Bharti Airtel,2.1355070510480134,UP,DOWN,0.4861546478485979,False
2026-03-16,Dr Reddy's,0.5403731131752965,UP,UP,0.5013069941804105,True
2026-03-16,HCLTech,-0.5645039995347267,DOWN,UP,0.5058856481446601,False
2026-03-16,HDFC Bank,0.5650725836256365,UP,UP,0.5307616420794908,True
2026-03-16,Hindustan Unilever,-0.8043388515302508,DOWN,DOWN,0.4917356988298428,True
2026-03-16,ICICI Bank,1.2412543369292095,UP,UP,0.5624617675911006,True
2026-03-16,ITC,-1.1029988309762762,DOWN,UP,0.5331904170955901,False
2026-03-16,Infosys,-1.352218255224813,DOWN,UP,0.5097120044359891,False
2026-03-16,M&M,3.0565462831458667,UP,UP,0.5710134116225332,True
2026-03-16,Maruti Suzuki,1.6853492200360476,UP,UP,0.625454478058977,True
2026-03-16,NTPC,0.2484341585236471,UP,UP,0.5037130428959472,True
2026-03-16,ONGC,1.6509839091697565,UP,UP,0.521415632273512,True
2026-03-16,Reliance,0.179198626890531,UP,UP,0.5002845550728962,True
2026-03-16,SBI,-0.1874941493906323,DOWN,DOWN,0.4768090813371666,True
2026-03-16,Sun Pharma,0.6280884672987597,UP,UP,0.5066422964105304,True
2026-03-16,TCS,-0.7263822162825395,DOWN,UP,0.5480309315530836,False
2026-03-16,Tata Steel,4.5415588549786445,UP,UP,0.5608701864046938,True
2026-03-16,Wipro,-1.9424905306118732,DOWN,UP,0.5347383322432411,False
2026-03-17,Axis Bank,2.043805560207912,UP,UP,0.5302708435461974,True
2026-03-17,Bharti Airtel,1.5544622010981168,UP,DOWN,0.4734510785198444,False
2026-03-17,Dr Reddy's,0.8568312495424113,UP,UP,0.5069715276514469,True
2026-03-17,HCLTech,2.732569544551411,UP,UP,0.5429340735943543,True
2026-03-17,HDFC Bank,-0.2720752184767638,DOWN,UP,0.5315921488547327,False
2026-03-17,Hindustan Unilever,-1.0610649088058643,DOWN,DOWN,0.4954599235252662,True
2026-03-17,ICICI Bank,0.0465661270262485,UP,UP,0.5393962299286772,True
2026-03-17,ITC,-0.2624301441789156,DOWN,UP,0.5303071420846563,False
2026-03-17,Infosys,2.773943587853256,UP,UP,0.5237053354632957,True
2026-03-17,M&M,2.738988078471438,UP,UP,0.5424436911139355,True
2026-03-17,Maruti Suzuki,0.5858772741288876,UP,DOWN,0.47393606719645437,False
2026-03-17,NTPC,-1.265163956253068,DOWN,DOWN,0.49553634404770935,True
2026-03-17,ONGC,0.0944287063267212,UP,DOWN,0.4890504228540517,False
2026-03-17,Reliance,0.7512879352761903,UP,UP,0.5065203049793597,True
2026-03-17,SBI,0.4790173654686924,UP,UP,0.5002524597175085,True
2026-03-17,Sun Pharma,-0.8972344720734604,DOWN,DOWN,0.4807499716332939,True
2026-03-17,TCS,2.0529371852097134,UP,UP,0.5337037477986297,True
2026-03-17,Tata Steel,-0.0102282220851956,DOWN,UP,0.6194935839410686,False
2026-03-17,Wipro,1.557597539963007,UP,UP,0.5416836915443062,True
2026-03-18,Axis Bank,-3.6865586476182983,DOWN,UP,0.551650672330944,False
2026-03-18,Bharti Airtel,-1.5306685372622697,DOWN,DOWN,0.4653100813152867,True
2026-03-18,Dr Reddy's,-1.5678134123100929,DOWN,DOWN,0.4991822125106097,True
2026-03-18,HCLTech,-3.345115235566387,DOWN,DOWN,0.49645354678362763,True
2026-03-18,HDFC Bank,-5.319966340709026,DOWN,UP,0.53169464027678,False
2026-03-18,Hindustan Unilever,-2.7162458986422555,DOWN,UP,0.5092904439906062,False
2026-03-18,ICICI Bank,-3.0404150901737204,DOWN,UP,0.5519561699916727,False
2026-03-18,ITC,-1.989800373578132,DOWN,UP,0.5331713729495166,False
2026-03-18,Infosys,-3.654007390885028,DOWN,UP,0.5480375118020903,False
2026-03-18,M&M,-5.263491263994647,DOWN,UP,0.5193196826082445,False
2026-03-18,Maruti Suzuki,-3.441140404659715,DOWN,DOWN,0.48536027898865713,True
2026-03-18,NTPC,-1.1756967521878936,DOWN,UP,0.5067715802236299,False
2026-03-18,ONGC,1.54717211453419,UP,DOWN,0.49452940845719007,False
2026-03-18,Reliance,-1.6547068504931262,DOWN,UP,0.5286443257033446,False
2026-03-18,SBI,-1.9536383866271767,DOWN,DOWN,0.4813217484807738,True
2026-03-18,Sun Pharma,-1.9063163405074524,DOWN,UP,0.508154027111924,False
2026-03-18,TCS,-3.474272661901945,DOWN,UP,0.5212209942531143,False
2026-03-18,Tata Steel,-2.507552870090568,DOWN,UP,0.5488398597343151,False
2026-03-18,Wipro,-3.031394388645248,DOWN,UP,0.5256634433022918,False
2026-03-19,Axis Bank,-0.2568331057114736,DOWN,UP,0.5655618167532915,False
2026-03-19,Bharti Airtel,1.0454283298268807,UP,DOWN,0.48970014047482996,False
2026-03-19,Dr Reddy's,1.914478180781676,UP,DOWN,0.4891320923488631,False
2026-03-19,HCLTech,1.669454301615092,UP,UP,0.5800209973227471,True
2026-03-19,HDFC Bank,-2.223753411243512,DOWN,UP,0.5440491180324278,False
2026-03-19,Hindustan Unilever,0.2599481161518424,UP,UP,0.5127891080480218,True
2026-03-19,ICICI Bank,-0.3759660238111806,DOWN,UP,0.5263471047771023,False
2026-03-19,ITC,0.6543665124265852,UP,UP,0.5089380507933448,True
2026-03-19,Infosys,2.875161712160046,UP,UP,0.5398826078747705,True
2026-03-19,M&M,0.6797201016710108,UP,UP,0.5689550207481511,True
2026-03-19,Maruti Suzuki,0.0158742757361718,UP,UP,0.6420170540698215,True
2026-03-19,NTPC,1.844679759188117,UP,DOWN,0.47556486453133684,False
2026-03-19,ONGC,-1.3749580539243689,DOWN,UP,0.5307959880352359,False
2026-03-19,Reliance,2.1374909403697906,UP,UP,0.5026365541076651,True
2026-03-19,SBI,0.8675732075629439,UP,UP,0.5568999344442588,True
2026-03-19,Sun Pharma,1.87456722736854,UP,UP,0.5018524887229406,True
2026-03-19,TCS,1.468594976920623,UP,UP,0.5411041550181044,True
2026-03-19,Tata Steel,3.285921970566364,UP,UP,0.5582496847932127,True
2026-03-19,Wipro,1.3215806942186603,UP,UP,0.5788311532099822,True
2026-03-20,Axis Bank,-2.766014465722111,DOWN,UP,0.5563651628384305,False
2026-03-20,Bharti Airtel,-2.7192433690348627,DOWN,DOWN,0.48952987569702483,True
2026-03-20,Dr Reddy's,-3.5106609229996533,DOWN,UP,0.5224232693765849,False
2026-03-20,HCLTech,1.8669884775945,UP,UP,0.5200255416120655,True
2026-03-20,HDFC Bank,-4.65116115384715,DOWN,UP,0.5560958773378694,False
2026-03-20,Hindustan Unilever,-1.46444522567154,DOWN,DOWN,0.46243261497919563,True
2026-03-20,ICICI Bank,-1.822713409120691,DOWN,UP,0.5050504243373944,False
2026-03-20,ITC,-3.1671944035271182,DOWN,UP,0.5516234416219746,False
2026-03-20,Infosys,0.0716636990657271,UP,UP,0.5330190714095487,True
2026-03-20,M&M,-3.597405346043303,DOWN,UP,0.5442676501311453,False
2026-03-20,Maruti Suzuki,-1.9522260138084224,DOWN,UP,0.624334824785707,False
2026-03-20,NTPC,-2.244393762061448,DOWN,UP,0.504826911011846,False
2026-03-20,ONGC,0.0188463872257571,UP,UP,0.5054747604000738,True
2026-03-20,Reliance,-0.466627225114169,DOWN,DOWN,0.4971059766761261,True
2026-03-20,SBI,-2.466916406988417,DOWN,UP,0.5552724689792776,False
2026-03-20,Sun Pharma,-1.0522734471204551,DOWN,DOWN,0.4980456769449176,True
2026-03-20,TCS,-0.2844494499432026,DOWN,UP,0.5392775392135306,False
2026-03-20,Tata Steel,-4.8787954947761225,DOWN,UP,0.5532416924610241,False
2026-03-20,Wipro,-1.760084189512101,DOWN,UP,0.5561847282119947,False
2026-03-23,Axis Bank,1.8879186781868509,UP,UP,0.5067496444749935,True
2026-03-23,Bharti Airtel,0.3452280799371099,UP,UP,0.5074989515800834,True
2026-03-23,Dr Reddy's,0.5026670798986332,UP,UP,0.5502126383603105,True
2026-03-23,HCLTech,1.0820015829786644,UP,UP,0.5362144462844328,True
2026-03-23,HDFC Bank,2.788416222432888,UP,UP,0.6008017497375451,True
2026-03-23,Hindustan Unilever,1.598287184901026,UP,DOWN,0.47824815784243213,False
2026-03-23,ICICI Bank,2.330907102162283,UP,DOWN,0.49594432122618765,False
2026-03-23,ITC,0.2754304559638099,UP,UP,0.5509479527103138,True
2026-03-23,Infosys,1.7106937591263804,UP,UP,0.5165294353059057,True
2026-03-23,M&M,2.5542999781035025,UP,UP,0.5451078793625306,True
2026-03-23,Maruti Suzuki,0.8822339133953916,UP,UP,0.5903419863998262,True
2026-03-23,NTPC,0.8458630365498987,UP,UP,0.5025874934647624,True
2026-03-23,ONGC,0.9794595842435694,UP,UP,0.5175953302744839,True
2026-03-23,Reliance,0.2841312587912981,UP,DOWN,0.49583017055621575,False
2026-03-23,SBI,-0.1065971082384709,DOWN,UP,0.5064779629001832,False
2026-03-23,Sun Pharma,-0.2900350042725264,DOWN,DOWN,0.4959879121392668,True
2026-03-23,TCS,0.6292474071964982,UP,DOWN,0.49673914245601253,False
2026-03-23,Tata Steel,1.9340680411397804,UP,UP,0.5424441714969196,True
2026-03-23,Wipro,0.6398700277227887,UP,UP,0.5504329019773093,True
2026-03-24,Axis Bank,2.4649975364865018,UP,UP,0.5604763858058757,True
2026-03-24,Bharti Airtel,1.820101507823435,UP,DOWN,0.4922776524057075,False
2026-03-24,Dr Reddy's,3.2629387410728405,UP,DOWN,0.49842613230397653,False
2026-03-24,HCLTech,0.5825383904141335,UP,UP,0.5173292748039714,True
2026-03-24,HDFC Bank,2.274802304031187,UP,UP,0.5284765480595699,True
2026-03-24,Hindustan Unilever,2.388491550509597,UP,UP,0.5209791170527831,True
2026-03-24,ICICI Bank,0.679347852598533,UP,UP,0.5154363656338129,True
2026-03-24,ITC,1.5279011869635095,UP,UP,0.5241593990731825,True
2026-03-24,Infosys,0.0625773861579581,UP,UP,0.5147278974345925,True
2026-03-24,M&M,3.1933509474110666,UP,UP,0.5364287862686359,True
2026-03-24,Maruti Suzuki,1.981707317073167,UP,UP,0.5642770238525933,True
2026-03-24,NTPC,0.7588886156712382,UP,UP,0.5005000846776885,True
2026-03-24,ONGC,0.8020983070229137,UP,DOWN,0.4995525825968257,False
2026-03-24,Reliance,0.0920758402644494,UP,DOWN,0.4954166977859225,False
2026-03-24,SBI,2.890951236536199,UP,UP,0.5917336431476414,True
2026-03-24,Sun Pharma,2.401184875006224,UP,UP,0.5012624108185304,True
2026-03-24,TCS,-0.8921188114378031,DOWN,UP,0.5275420568985643,False
2026-03-24,Tata Steel,3.0714402309156785,UP,UP,0.5557083819056515,True
2026-03-24,Wipro,0.1642458141207115,UP,UP,0.5336613710441042,True
2026-03-25,Axis Bank,-1.3828675846229157,DOWN,UP,0.5066148459569558,False
2026-03-25,Bharti Airtel,0.4904899384299721,UP,DOWN,0.48431138213154185,False
2026-03-25,Dr Reddy's,-1.460751957658013,DOWN,UP,0.5095818421824604,False
2026-03-25,HCLTech,-1.2234868469309212,DOWN,UP,0.5193579188610937,False
2026-03-25,HDFC Bank,-3.336312922561968,DOWN,UP,0.5475154751530625,False
2026-03-25,Hindustan Unilever,-2.829311649937938,DOWN,UP,0.5171623582153326,False
2026-03-25,ICICI Bank,-2.056037417454515,DOWN,UP,0.5052961827028659,False
2026-03-25,ITC,-0.3381805744735122,DOWN,UP,0.5068119070871692,False
2026-03-25,Infosys,-0.7348936434586784,DOWN,UP,0.5048093927616746,False
2026-03-25,M&M,-2.774848825750831,DOWN,UP,0.5046498932567787,False
2026-03-25,Maruti Suzuki,-2.5332389269136946,DOWN,UP,0.5069200783100498,False
2026-03-25,NTPC,-0.7267441977687472,DOWN,DOWN,0.4877318607025607,True
2026-03-25,ONGC,4.348630447506041,UP,DOWN,0.4998319009085881,False
2026-03-25,Reliance,-4.599816086830511,DOWN,DOWN,0.4954166977859225,True
2026-03-25,SBI,-3.8751627882351647,DOWN,UP,0.5314603526149784,False
2026-03-25,Sun Pharma,-0.1002589285756805,DOWN,DOWN,0.49285079068127563,True
2026-03-25,TCS,0.5215843776282814,UP,UP,0.543685249444048,True
2026-03-25,Tata Steel,-1.744211941133755,DOWN,UP,0.5340156477708566,False
2026-03-25,Wipro,1.348851103197091,UP,UP,0.5030979641958917,True
2026-03-27,Axis Bank,-3.6425409991980175,DOWN,UP,0.5313610943337927,False
2026-03-27,Bharti Airtel,-3.335321827957727,DOWN,DOWN,0.4930155686246531,True
2026-03-27,Dr Reddy's,-2.090967291783774,DOWN,UP,0.5182917177340831,False
2026-03-27,HCLTech,-1.6710677528693596,DOWN,UP,0.5018083404357776,False
2026-03-27,HDFC Bank,-3.259722826784861,DOWN,UP,0.5828169585124128,False
2026-03-27,Hindustan Unilever,-0.925566528911903,DOWN,UP,0.5152108433536895,False
2026-03-27,ICICI Bank,-2.261308421941,DOWN,UP,0.5201610297456013,False
2026-03-27,ITC,-2.375296813724725,DOWN,UP,0.5177586258784851,False
2026-03-27,Infosys,-1.5042904875525176,DOWN,UP,0.5112782149284387,False
2026-03-27,M&M,-2.8474697091994794,DOWN,UP,0.544795661344314,False
2026-03-27,Maruti Suzuki,-0.6699491484381315,DOWN,UP,0.5585356289408111,False
2026-03-27,NTPC,-1.3310262428429145,DOWN,UP,0.5132611434663675,False
2026-03-27,ONGC,0.9576100629747676,UP,UP,0.56861936010748,True
2026-03-27,Reliance,-0.3115459719557956,DOWN,UP,0.5584504949149369,False
2026-03-27,SBI,-3.93329824285803,DOWN,UP,0.5769756578221096,False
2026-03-27,Sun Pharma,-2.0294393905849195,DOWN,DOWN,0.4980986257868925,True
2026-03-27,TCS,-1.2930013328741552,DOWN,UP,0.5296496443103869,False
2026-03-27,Tata Steel,-0.703861195403932,DOWN,UP,0.5538844381453539,False
2026-03-27,Wipro,-2.066809283778248,DOWN,UP,0.541071851333346,False
2026-03-30,Axis Bank,2.7383040920304857,UP,UP,0.5366194690183007,True
2026-03-30,Bharti Airtel,-0.0280520642477188,DOWN,DOWN,0.49945943232245155,True
2026-03-30,Dr Reddy's,-3.609853211157321,DOWN,UP,0.5120684474937571,False
2026-03-30,HCLTech,0.9540883319213432,UP,UP,0.5376249668274191,True
2026-03-30,HDFC Bank,1.462649495670476,UP,UP,0.5541955806243032,True
2026-03-30,Hindustan Unilever,0.4622421285375822,UP,UP,0.5017457862043369,True
2026-03-30,ICICI Bank,0.5638881018446451,UP,UP,0.52059430725059,True
2026-03-30,ITC,1.3903370977689011,UP,UP,0.5377009096245178,True
2026-03-30,Infosys,2.007034709414368,UP,UP,0.5156774071137152,True
2026-03-30,M&M,2.599250350197657,UP,UP,0.5577444220402936,True
2026-03-30,Maruti Suzuki,1.6496018202502905,UP,UP,0.5269638824899957,True
2026-03-30,NTPC,-1.6187778494003435,DOWN,DOWN,0.48999633216333244,True
2026-03-30,ONGC,1.19444720512476,UP,UP,0.5138383078460466,True
2026-03-30,Reliance,1.8825750649750228,UP,DOWN,0.49247775717602876,False
2026-03-30,SBI,3.920763980160169,UP,UP,0.5567042191244665,True
2026-03-30,Sun Pharma,-1.6332774851680942,DOWN,UP,0.518167160301822,False
2026-03-30,TCS,2.089959339908476,UP,UP,0.5255219141320304,True
2026-03-30,Tata Steel,1.4281275328090317,UP,UP,0.5474304536021519,True
2026-03-30,Wipro,1.8865877732080705,UP,UP,0.5325523682916505,True
2026-04-01,Axis Bank,0.4023174022585785,UP,DOWN,0.4953184112487468,False
2026-04-01,Bharti Airtel,0.4377308856245987,UP,DOWN,0.4956367061538824,False
2026-04-01,Dr Reddy's,0.636580141997567,UP,UP,0.5237654114287804,True
2026-04-01,HCLTech,3.5292325676449687,UP,UP,0.5226494956374736,True
2026-04-01,HDFC Bank,1.1653788365190376,UP,UP,0.6242292126731441,True
2026-04-01,Hindustan Unilever,0.0290646423423135,UP,DOWN,0.49037943924639776,False
2026-04-01,ICICI Bank,0.255636000748094,UP,UP,0.5336948991981407,True
2026-04-01,ITC,0.3942385493176381,UP,UP,0.5232214833925442,True
2026-04-01,Infosys,1.9675549593925143,UP,UP,0.5253879987556408,True
2026-04-01,M&M,-0.6531436195983842,DOWN,UP,0.5322705288846483,False
2026-04-01,Maruti Suzuki,0.9752977855943756,UP,UP,0.5269782384633933,True
2026-04-01,NTPC,-1.371177864716866,DOWN,UP,0.5632320223562558,False
2026-04-01,ONGC,-0.2950791952639808,DOWN,UP,0.5118100712977257,False
2026-04-01,Reliance,-1.3657575108639186,DOWN,UP,0.5492746720651633,False
2026-04-01,SBI,0.0589542767037043,UP,UP,0.5163570534905353,True
2026-04-01,Sun Pharma,-2.0190931104461907,DOWN,UP,0.5220868011688415,False
2026-04-01,TCS,1.7648036235246467,UP,UP,0.5069390206879981,True
2026-04-01,Tata Steel,-0.2363857653850498,DOWN,UP,0.5398477597190546,False
2026-04-01,Wipro,1.951046725194572,UP,UP,0.5317959850422558,True
2026-04-02,Axis Bank,3.9569265755084793,UP,UP,0.5609766458319371,True
2026-04-02,Bharti Airtel,0.173218849015444,UP,DOWN,0.47353686193383415,False
2026-04-02,Dr Reddy's,0.0410745075120511,UP,UP,0.5218647622538438,True
2026-04-02,HCLTech,0.0784551201368,UP,UP,0.560378298552312,True
2026-04-02,HDFC Bank,2.676784516237274,UP,UP,0.6199062606696867,True
2026-04-02,Hindustan Unilever,0.9441727370831376,UP,DOWN,0.4976121922179669,False
2026-04-02,ICICI Bank,1.2831037143791857,UP,UP,0.5070405283368072,True
2026-04-02,ITC,0.6829434721927319,UP,UP,0.505189586504693,True
2026-04-02,Infosys,0.4151216283098113,UP,UP,0.5150686725261182,True
2026-04-02,M&M,0.3287228689738075,UP,DOWN,0.49567387733955715,False
2026-04-02,Maruti Suzuki,0.4512706832396462,UP,UP,0.5059523117931386,True
2026-04-02,NTPC,1.7934136845523474,UP,DOWN,0.4779674306196835,False
2026-04-02,ONGC,-1.8628154164767263,DOWN,UP,0.5069613258376137,False
2026-04-02,Reliance,-3.3913401575805247,DOWN,UP,0.5115660833714853,False
2026-04-02,SBI,1.409070624698172,UP,UP,0.5736411081046581,True
2026-04-02,Sun Pharma,0.0590458204071442,UP,UP,0.5122755640219023,True
2026-04-02,TCS,0.9466663252994724,UP,UP,0.5331568964243523,True
2026-04-02,Tata Steel,1.009584176382594,UP,UP,0.534863337117016,True
2026-04-02,Wipro,1.221071047820299,UP,UP,0.5160450356606464,True
2026-04-06,Axis Bank,0.3854433927252598,UP,UP,0.5473319918097032,True
2026-04-06,Bharti Airtel,2.0917000768999383,UP,UP,0.5130041245510666,True
2026-04-06,Dr Reddy's,-1.7819077329705555,DOWN,UP,0.5155112978669866,False
2026-04-06,HCLTech,2.7292756662979034,UP,UP,0.5166877045007886,True
2026-04-06,HDFC Bank,0.1297016861219191,UP,UP,0.5828703207381595,True
2026-04-06,Hindustan Unilever,1.2375310928560035,UP,DOWN,0.4820906062917685,False
2026-04-06,ICICI Bank,1.1450361626106575,UP,UP,0.5224689905832873,True
2026-04-06,ITC,1.2209618548394197,UP,UP,0.5053237577228664,True
2026-04-06,Infosys,2.541729787418956,UP,UP,0.5152941581466176,True
2026-04-06,M&M,-0.496425718665916,DOWN,UP,0.5055142639433365,False
2026-04-06,Maruti Suzuki,0.866960907944514,UP,UP,0.5054928671275384,True
2026-04-06,NTPC,0.7511608724809493,UP,DOWN,0.49754529026341726,False
2026-04-06,ONGC,1.7030291605549364,UP,UP,0.5229729583899745,True
2026-04-06,Reliance,-0.0076627262726391,DOWN,UP,0.5449784767528016,False
2026-04-06,SBI,-0.2275454452614345,DOWN,UP,0.5359469533228047,False
2026-04-06,Sun Pharma,1.380858299963772,UP,DOWN,0.47917900274149056,False
2026-04-06,TCS,2.6638162046064062,UP,UP,0.5452415106449969,True
2026-04-06,Tata Steel,1.0351854748160028,UP,UP,0.517579913307352,True
2026-04-06,Wipro,3.7660338524085457,UP,UP,0.5173236755738557,True
2026-04-07,Axis Bank,6.631471564920743,UP,UP,0.5067845685835051,True
2026-04-07,Bharti Airtel,1.710098121772563,UP,DOWN,0.48431138213154185,False
2026-04-07,Dr Reddy's,-0.3929396595441448,DOWN,UP,0.524990675541798,False
2026-04-07,HCLTech,1.3457286863630458,UP,UP,0.5149698834215249,True
2026-04-07,HDFC Bank,5.712432070717299,UP,UP,0.5520947026097289,True
2026-04-07,Hindustan Unilever,1.6582961423562192,UP,UP,0.5145109015930975,True
2026-04-07,ICICI Bank,5.114407962414691,UP,UP,0.5138194475760741,True
2026-04-07,ITC,1.340257944846468,UP,UP,0.5180375863861333,True
2026-04-07,Infosys,0.5076845329151869,UP,UP,0.5060399340158857,True
2026-04-07,M&M,6.768442539419706,UP,UP,0.5165666419875669,True
2026-04-07,Maruti Suzuki,6.2822315986873045,UP,DOWN,0.48686351505183767,False
2026-04-07,NTPC,1.4368951349512438,UP,DOWN,0.49537679013131825,False
2026-04-07,ONGC,-0.4011839947569151,DOWN,DOWN,0.4912515695475145,True
2026-04-07,Reliance,3.3113654798885728,UP,UP,0.5107747775151783,True
2026-04-07,SBI,3.013385677612823,UP,UP,0.5540293257052026,True
2026-04-07,Sun Pharma,-0.1979059612376321,DOWN,DOWN,0.48550702836948867,True
2026-04-07,TCS,0.7638358126932587,UP,DOWN,0.49981141406801116,False
2026-04-07,Tata Steel,3.0535444626608177,UP,UP,0.5374119501493854,True
2026-04-07,Wipro,-0.6350151641296264,DOWN,UP,0.5929699537598505,False
2026-04-08,Axis Bank,-1.087771942985749,DOWN,UP,0.5206853512276474,False
2026-04-08,Bharti Airtel,-0.1181752901120658,DOWN,UP,0.5161582404220856,False
2026-04-08,Dr Reddy's,1.7206647288833254,UP,UP,0.5076912938816296,True
2026-04-08,HCLTech,0.266942122796876,UP,DOWN,0.4944573344415062,False
2026-04-08,HDFC Bank,-2.254621238739229,DOWN,UP,0.5584896709203858,False
2026-04-08,Hindustan Unilever,-0.57793372110303,DOWN,DOWN,0.4895156173077549,True
2026-04-08,ICICI Bank,-2.131065030882151,DOWN,UP,0.5418463988810924,False
2026-04-08,ITC,0.1818441959897443,UP,UP,0.5311215407658852,True
2026-04-08,Infosys,-1.0845324703234516,DOWN,UP,0.5011497317341275,False
2026-04-08,M&M,-1.348869116565532,DOWN,UP,0.5478491876704531,False
2026-04-08,Maruti Suzuki,-0.0955741802676102,DOWN,DOWN,0.4665671548042491,True
2026-04-08,NTPC,1.2027261989599358,UP,UP,0.5135710672821672,True
2026-04-08,ONGC,1.0858164986044194,UP,UP,0.5584062343028687,True
2026-04-08,Reliance,-1.320674297615709,DOWN,UP,0.5692823936232786,False
2026-04-08,SBI,-1.931320452496832,DOWN,UP,0.5831815923444857,False
2026-04-08,Sun Pharma,0.1458066041990724,UP,UP,0.5167276633909379,True
2026-04-08,TCS,1.164428313406285,UP,DOWN,0.49435620719396406,False
2026-04-08,Tata Steel,0.4995613228768292,UP,UP,0.5547707860467216,True
2026-04-08,Wipro,-0.2703780634689678,DOWN,UP,0.5294416581077335,False
2026-04-09,Axis Bank,2.4497572110826704,UP,DOWN,0.4955390956926127,False
2026-04-09,Bharti Airtel,0.5700750482284134,UP,UP,0.5318154522581366,True
2026-04-09,Dr Reddy's,1.6750496203370655,UP,UP,0.5062792767261813,True
2026-04-09,HCLTech,-0.9352224052059376,DOWN,UP,0.5079712821666481,False
2026-04-09,HDFC Bank,1.5795380961668215,UP,UP,0.5552574251925664,True
2026-04-09,Hindustan Unilever,1.0360068517772714,UP,UP,0.5261153264531797,True
2026-04-09,ICICI Bank,3.168654806738691,UP,UP,0.5368653324076847,True
2026-04-09,ITC,0.4125412541254203,UP,UP,0.5038435503208265,True
2026-04-09,Infosys,-2.936315432773462,DOWN,UP,0.5110856845654823,False
2026-04-09,M&M,2.936718408679284,UP,UP,0.5190087348239578,True
2026-04-09,Maruti Suzuki,0.8830671866951301,UP,DOWN,0.46257604346893166,False
2026-04-09,NTPC,0.3961442028730388,UP,DOWN,0.4948437254862754,False
2026-04-09,ONGC,-0.727652827132097,DOWN,DOWN,0.4853235760360849,True
2026-04-09,Reliance,1.518793321193601,UP,UP,0.5512377737354273,True
2026-04-09,SBI,2.4737020229465667,UP,UP,0.5535563116420337,True
2026-04-09,Sun Pharma,-3.6223837898926137,DOWN,DOWN,0.48345391967894813,True
2026-04-09,TCS,-2.499032490223063,DOWN,DOWN,0.4959527597687699,True
2026-04-09,Tata Steel,0.687136297796842,UP,UP,0.5276684434944374,True
2026-04-09,Wipro,0.9907871119452238,UP,UP,0.5213277328272857,True
2026-04-10,Axis Bank,0.2072791424786668,UP,DOWN,0.4900572858040905,False
2026-04-10,Bharti Airtel,0.0481296478108239,UP,UP,0.5535370524883904,True
2026-04-10,Dr Reddy's,0.3002818851492783,UP,UP,0.5448483173845539,True
2026-04-10,HCLTech,-1.5022000752004327,DOWN,DOWN,0.4928608887044832,True
2026-04-10,HDFC Bank,-1.925209900154079,DOWN,UP,0.5662771674733212,False
2026-04-10,Hindustan Unilever,-1.3037673186862553,DOWN,UP,0.5145109015930975,False
2026-04-10,ICICI Bank,2.2089379402816745,UP,UP,0.5206853512276474,True
2026-04-10,ITC,-1.8405936248202528,DOWN,UP,0.5038435503208265,False
2026-04-10,Infosys,-1.2146964156189544,DOWN,UP,0.5147353740659886,False
2026-04-10,M&M,-1.2148014314708022,DOWN,UP,0.5187420007856274,False
2026-04-10,Maruti Suzuki,-4.617404624699106,DOWN,DOWN,0.4172239080669744,True
2026-04-10,NTPC,1.6046313827317027,UP,DOWN,0.48435744623317073,False
2026-04-10,ONGC,0.3664878858529619,UP,DOWN,0.49005806106053684,False
2026-04-10,Reliance,-2.599613157701075,DOWN,UP,0.5381243559251654,False
2026-04-10,SBI,-0.2952941303024814,DOWN,UP,0.5052244353175155,False
2026-04-10,Sun Pharma,-0.1631562754459081,DOWN,UP,0.5459177593040991,False
2026-04-10,TCS,-2.0480905665662075,DOWN,UP,0.5303321837920901,False
2026-04-10,Tata Steel,-0.106481399764402,DOWN,UP,0.5224468621795391,False
2026-04-10,Wipro,-0.932254791384768,DOWN,UP,0.5213086546911249,False
2026-04-13,Axis Bank,0.1403682364311542,UP,DOWN,0.47181506110089083,False
2026-04-13,Bharti Airtel,-0.8124471133591382,DOWN,DOWN,0.45592554946823305,True
2026-04-13,Dr Reddy's,-1.4645177788161878,DOWN,UP,0.5076838993343905,False
2026-04-13,HCLTech,1.532113057227602,UP,UP,0.5249384679029494,True
2026-04-13,HDFC Bank,1.9126729550208443,UP,UP,0.5335141641464171,True
2026-04-13,Hindustan Unilever,1.4291156065337152,UP,DOWN,0.4879898732435388,False
2026-04-13,ICICI Bank,-0.2220413036939761,DOWN,UP,0.557451872403772,False
2026-04-13,ITC,1.1384543666399072,UP,DOWN,0.49232661884007906,False
2026-04-13,Infosys,2.232142771779966,UP,UP,0.5302288858294654,True
2026-04-13,M&M,1.1272607098486098,UP,UP,0.5064675281949949,True
2026-04-13,Maruti Suzuki,1.6289385133068324,UP,DOWN,0.41691670721445057,False
2026-04-13,NTPC,1.644014525182036,UP,DOWN,0.4660785888763587,False
2026-04-13,ONGC,0.0173946488159382,UP,UP,0.517988102364703,True
2026-04-13,Reliance,2.2051555424202007,UP,UP,0.5529498089289602,True
2026-04-13,SBI,0.747491966234648,UP,UP,0.5129548084437042,True
2026-04-13,Sun Pharma,2.687327546679219,UP,UP,0.5025078277650987,True
2026-04-13,TCS,3.3284721118271854,UP,UP,0.5006363390644082,True
2026-04-13,Tata Steel,1.1289315557658552,UP,UP,0.5135143575638317,True
2026-04-13,Wipro,3.34039451077528,UP,UP,0.5209446408571121,True
2026-04-15,Axis Bank,-0.4352655414284423,DOWN,DOWN,0.49032429770471603,True
2026-04-15,Bharti Airtel,-0.8137078182494983,DOWN,UP,0.508154027111924,False
2026-04-15,Dr Reddy's,0.2956130269005763,UP,UP,0.5307578938503122,True
2026-04-15,HCLTech,-0.0758008419512124,DOWN,UP,0.5002126963984095,False
2026-04-15,HDFC Bank,-1.784172338738399,DOWN,UP,0.5666131575181327,False
2026-04-15,Hindustan Unilever,-0.8574341473239655,DOWN,UP,0.5098114105288568,False
2026-04-15,ICICI Bank,-0.1928622233530852,DOWN,UP,0.5546374494112443,False
2026-04-15,ITC,0.4469479086491201,UP,UP,0.5047294678662584,True
2026-04-15,Infosys,1.06488177612718,UP,UP,0.515452751050041,True
2026-04-15,M&M,-1.0502057783471463,DOWN,UP,0.517084230590465,False
2026-04-15,Maruti Suzuki,0.3461509519151251,UP,DOWN,0.44297950855252527,False
2026-04-15,NTPC,-0.4584865722269571,DOWN,DOWN,0.4842029532639201,True
2026-04-15,ONGC,-1.6863720447105823,DOWN,DOWN,0.47829062845351783,True
2026-04-15,Reliance,-0.0595139329173655,DOWN,UP,0.5626990719181997,False
2026-04-15,SBI,-0.4059706566437282,DOWN,UP,0.5074608064446902,False
2026-04-15,Sun Pharma,-0.2062949457954155,DOWN,DOWN,0.4785670055403842,True
2026-04-15,TCS,0.8610904865516744,UP,UP,0.5239698559513837,True
2026-04-15,Tata Steel,0.9438487970398368,UP,UP,0.5296122995242327,True
2026-04-15,Wipro,0.2431439841887872,UP,UP,0.5277871468066546,True
2026-04-16,Axis Bank,0.7039122830359901,UP,UP,0.5116484613060905,True
2026-04-16,Bharti Airtel,0.3422823487824855,UP,DOWN,0.49362042583239574,False
2026-04-16,Dr Reddy's,1.170781600784121,UP,UP,0.5389024628349351,True
2026-04-16,HCLTech,-0.5447457322947935,DOWN,DOWN,0.4968432336753001,True
2026-04-16,HDFC Bank,0.5594332942034042,UP,UP,0.5374790889321286,True
2026-04-16,Hindustan Unilever,4.754333435976399,UP,UP,0.5018293452473157,True
2026-04-16,ICICI Bank,0.0966219864827255,UP,UP,0.5003305840770674,True
2026-04-16,ITC,1.1206308387878172,UP,UP,0.5063157563234769,True
2026-04-16,Infosys,-0.0379017600444786,DOWN,UP,0.5155049974750924,False
2026-04-16,M&M,-0.6858485343190557,DOWN,UP,0.5433115956448671,False
2026-04-16,Maruti Suzuki,0.8848893888264042,UP,DOWN,0.41487807432256146,False
2026-04-16,NTPC,0.7164837251812273,UP,DOWN,0.4653520779320405,False
2026-04-16,ONGC,0.4597657976900926,UP,DOWN,0.499294663816578,False
2026-04-16,Reliance,1.6154210067069965,UP,UP,0.5518268236249426,True
2026-04-16,SBI,1.2275664420408283,UP,UP,0.5150484528098679,True
2026-04-16,Sun Pharma,-1.039511891779843,DOWN,UP,0.5085175480684611,False
2026-04-16,TCS,0.1785128577197037,UP,DOWN,0.4982374618861027,False
2026-04-16,Tata Steel,0.678718809251011,UP,UP,0.5136484446087832,True
2026-04-16,Wipro,-2.8250676960919097,DOWN,UP,0.526451519674212,False
2026-04-17,Axis Bank,-0.3237454560445774,DOWN,DOWN,0.481778103212537,True
2026-04-17,Bharti Airtel,-0.0433184697357424,DOWN,DOWN,0.4837066628984256,True
2026-04-17,Dr Reddy's,-0.2508679864393959,DOWN,UP,0.5013597053657286,False
2026-04-17,HCLTech,-0.9706718107217016,DOWN,UP,0.517983704022424,False
2026-04-17,HDFC Bank,-0.5563210490324599,DOWN,UP,0.5167980433247489,False
2026-04-17,Hindustan Unilever,-0.41503251630991,DOWN,UP,0.5498778422841158,False
2026-04-17,ICICI Bank,0.6979434216630054,UP,UP,0.5045367685464193,True
2026-04-17,ITC,-0.5866974786789769,DOWN,UP,0.5393649074085238,False
2026-04-17,Infosys,-0.4625749459167494,DOWN,UP,0.5345871046693422,False
2026-04-17,M&M,0.6687127932908821,UP,UP,0.520381481305152,True
2026-04-17,Maruti Suzuki,-0.0222998587675604,DOWN,DOWN,0.4165137486079283,True
2026-04-17,NTPC,1.1178846108369278,UP,DOWN,0.4544436364240968,False
2026-04-17,ONGC,-0.2464290510596045,DOWN,DOWN,0.4897951559446267,True
2026-04-17,Reliance,-0.1245385473901072,DOWN,UP,0.5347467667631621,False
2026-04-17,SBI,2.55496186863573,UP,DOWN,0.48728191724839653,False
2026-04-17,Sun Pharma,-0.4118188250708754,DOWN,UP,0.5185561092633169,False
2026-04-17,TCS,-0.073596836868095,DOWN,UP,0.5209474459171453,False
2026-04-17,Tata Steel,-0.1885696330812147,DOWN,UP,0.5111262127581329,False
2026-04-17,Wipro,-0.9005538032112348,DOWN,UP,0.5305636618081613,False
2026-04-20,Axis Bank,1.697792930464348,UP,DOWN,0.4869284212871803,False
2026-04-20,Bharti Airtel,0.4820987233498996,UP,DOWN,0.4983613963294332,False
2026-04-20,Dr Reddy's,-0.9735518609186756,DOWN,UP,0.5486016944736473,False
2026-04-20,HCLTech,0.9031647344921678,UP,UP,0.5093303573126703,True
2026-04-20,HDFC Bank,2.0491530005440906,UP,UP,0.532494556082827,True
2026-04-20,Hindustan Unilever,3.5491799763331944,UP,UP,0.5071699337758261,True
2026-04-20,ICICI Bank,2.3742865655144607,UP,DOWN,0.4970368286346372,False
2026-04-20,ITC,1.5245881627817592,UP,UP,0.5228092280736634,True
2026-04-20,Infosys,0.0457089438592905,UP,UP,0.5447496468377097,True
2026-04-20,M&M,0.7977387134601832,UP,DOWN,0.49296265211151785,False
2026-04-20,Maruti Suzuki,0.0817843866171008,UP,DOWN,0.470473531904436,False
2026-04-20,NTPC,-0.4522582394393737,DOWN,DOWN,0.4357462468821693,True
2026-04-20,ONGC,-0.0882301022109954,DOWN,DOWN,0.49055111391402395,True
2026-04-20,Reliance,-0.733514240580857,DOWN,UP,0.5307156389716411,False
2026-04-20,SBI,0.361059718206369,UP,UP,0.5385630233065626,True
2026-04-20,Sun Pharma,-0.2037651003122254,DOWN,UP,0.5072160893095267,False
2026-04-20,TCS,1.1978563022936983,UP,UP,0.514331713942869,True
2026-04-20,Tata Steel,0.1369701891464458,UP,UP,0.5132352390100189,True
2026-04-20,Wipro,1.2495055475511665,UP,UP,0.5248591501568928,True
2026-04-21,Axis Bank,0.1379127880817732,UP,DOWN,0.491499147113949,False
2026-04-21,Bharti Airtel,-1.401617250673859,DOWN,DOWN,0.48166033618026216,True
2026-04-21,Dr Reddy's,-0.2949349220009112,DOWN,UP,0.507999765187701,False
2026-04-21,HCLTech,-10.817368000670823,DOWN,DOWN,0.49804710357789345,True
2026-04-21,HDFC Bank,-1.459806046927936,DOWN,UP,0.5514968968442201,False
2026-04-21,Hindustan Unilever,2.5143938583105374,UP,DOWN,0.49357682811807213,False
2026-04-21,ICICI Bank,-1.4981308313433028,DOWN,UP,0.5260807981104952,False
2026-04-21,ITC,-1.3402208875456068,DOWN,UP,0.5321040753861165,False
2026-04-21,Infosys,-3.3962821538439214,DOWN,UP,0.503553080319825,False
2026-04-21,M&M,-3.005576823474365,DOWN,DOWN,0.4862655008936572,True
2026-04-21,Maruti Suzuki,-0.921179704331032,DOWN,DOWN,0.39857808344826606,True
2026-04-21,NTPC,2.3220548727912904,UP,DOWN,0.4611435518938721,False
2026-04-21,ONGC,0.1942733243063488,UP,DOWN,0.49479171646600584,False
2026-04-21,Reliance,0.6502568861526781,UP,UP,0.5141276007895823,True
2026-04-21,SBI,-0.7689820520351054,DOWN,DOWN,0.4820087927050188,True
2026-04-21,Sun Pharma,0.2762489665588008,UP,UP,0.5052242663055131,True
2026-04-21,TCS,-2.758092319479022,DOWN,DOWN,0.49489173263033165,True
2026-04-21,Tata Steel,0.4811114093151936,UP,UP,0.5013573979771164,True
2026-04-21,Wipro,-0.4926562284271019,DOWN,UP,0.5240658255138675,False
2026-04-22,Axis Bank,-0.7248477947930376,DOWN,DOWN,0.4920721432183721,True
2026-04-22,Bharti Airtel,0.6670284949084282,UP,UP,0.5098180314814695,True
2026-04-22,Dr Reddy's,9.367296631059974,UP,UP,0.5057298518132366,True
2026-04-22,HCLTech,-0.5990876020901204,DOWN,UP,0.5881135933086477,False
2026-04-22,HDFC Bank,-1.9439990440699884,DOWN,UP,0.5432168817488453,False
2026-04-22,Hindustan Unilever,-0.1013233044115491,DOWN,DOWN,0.49357682811807213,True
2026-04-22,ICICI Bank,-1.4331658332722652,DOWN,UP,0.5398089994805042,False
2026-04-22,ITC,-0.0654704442000775,DOWN,UP,0.5207805382529687,False
2026-04-22,Infosys,-2.207157538929283,DOWN,UP,0.5468107738161491,False
2026-04-22,M&M,-3.238403707694437,DOWN,UP,0.5399832578836206,False
2026-04-22,Maruti Suzuki,-1.3271350378645907,DOWN,DOWN,0.4163755106505792,True
2026-04-22,NTPC,-0.7770088662824914,DOWN,DOWN,0.4695103923296903,True
2026-04-22,ONGC,0.9166247697733,UP,DOWN,0.48694275686090766,False
2026-04-22,Reliance,-1.372876551431612,DOWN,UP,0.5328959513452994,False
2026-04-22,SBI,-0.8202708626486088,DOWN,DOWN,0.49252362477631184,True
2026-04-22,Sun Pharma,0.6168359358380116,UP,DOWN,0.4814239767258414,False
2026-04-22,TCS,-0.657866896666337,DOWN,UP,0.5143626823657664,False
2026-04-22,Tata Steel,-0.9951627138598208,DOWN,DOWN,0.4851977998000148,True
2026-04-22,Wipro,-0.6078458299823564,DOWN,UP,0.5132599530642016,False
2026-04-23,Axis Bank,-0.2701483088368261,DOWN,UP,0.5024999501126668,False
2026-04-23,Bharti Airtel,-1.4501385987372606,DOWN,DOWN,0.4792562490153882,True
2026-04-23,Dr Reddy's,-1.044329407517841,DOWN,UP,0.583242263017767,False
2026-04-23,HCLTech,-5.823420932670331,DOWN,DOWN,0.486888166152847,True
2026-04-23,HDFC Bank,0.063747053683083,UP,UP,0.5165846073956528,True
2026-04-23,Hindustan Unilever,-1.6522927285831712,DOWN,UP,0.5085844999489207,False
2026-04-23,ICICI Bank,-1.617214304757042,DOWN,UP,0.5278072661519521,False
2026-04-23,ITC,-1.211916749882802,DOWN,UP,0.5412614134469034,False
2026-04-23,Infosys,-6.932129751121597,DOWN,UP,0.528628546366546,False
2026-04-23,M&M,-0.305149751521605,DOWN,UP,0.5272313300599608,False
2026-04-23,Maruti Suzuki,-0.8510638297872353,DOWN,DOWN,0.3920065879537487,True
2026-04-23,NTPC,-0.0994391290203511,DOWN,DOWN,0.46789575398095706,True
2026-04-23,ONGC,-0.5065544828056767,DOWN,DOWN,0.4937889706682504,True
2026-04-23,Reliance,-1.1612308547293335,DOWN,UP,0.5122276991342051,False
2026-04-23,SBI,0.625997311943105,UP,DOWN,0.4811527300805984,False
2026-04-23,Sun Pharma,-3.5533570644243677,DOWN,DOWN,0.48166033618026216,True
2026-04-23,TCS,-4.952817196685199,DOWN,UP,0.5154882422628483,False
2026-04-23,Tata Steel,-0.3982724021171946,DOWN,DOWN,0.4988664253692841,True
2026-04-23,Wipro,-1.6768563763054245,DOWN,UP,0.5121865040605288,False
2026-04-24,Axis Bank,-3.0529374402841647,DOWN,UP,0.5406801614128638,False
2026-04-24,Bharti Airtel,0.308623620057169,UP,UP,0.5048452367737792,True
2026-04-24,Dr Reddy's,1.3210860782471467,UP,UP,0.5109388133713577,True
2026-04-24,HCLTech,2.0777926375122435,UP,UP,0.6379858533136465,True
2026-04-24,HDFC Bank,0.6306953380913027,UP,UP,0.5157629789149929,True
2026-04-24,Hindustan Unilever,0.0429682455643565,UP,UP,0.5254826420664414,True
2026-04-24,ICICI Bank,-0.9123794323205648,DOWN,UP,0.527668875673958,False
2026-04-24,ITC,0.7460212050618198,UP,UP,0.514463920030399,True
2026-04-24,Infosys,1.3597846504560973,UP,UP,0.6294813734201228,True
2026-04-24,M&M,2.106371842318455,UP,UP,0.5195317992471071,True
2026-04-24,Maruti Suzuki,1.333537706928256,UP,DOWN,0.4133053219610582,False
2026-04-24,NTPC,2.0778912471547173,UP,DOWN,0.47851954954761744,False
2026-04-24,ONGC,0.3862381146993776,UP,DOWN,0.49776928227203365,False
2026-04-24,Reliance,2.861876683431186,UP,UP,0.5091928175210938,True
2026-04-24,SBI,0.9762964524887564,UP,DOWN,0.4665686842569207,False
2026-04-24,Sun Pharma,6.979756472592902,UP,UP,0.5207118543594977,True
2026-04-24,TCS,2.115240409619279,UP,UP,0.5308720105228505,True
2026-04-24,Tata Steel,1.5233002507127669,UP,UP,0.5127014705006244,True
2026-04-24,Wipro,2.854134442208056,UP,UP,0.5450774262357825,True
2026-04-27,Axis Bank,-2.658205140449077,DOWN,UP,0.5379569340370499,False
2026-04-27,Bharti Airtel,1.3021302983402316,UP,DOWN,0.4969475516423216,False
2026-04-27,Dr Reddy's,1.5061802612167383,UP,DOWN,0.49741844219239373,False
2026-04-27,HCLTech,-2.6217189750864067,DOWN,UP,0.5392845352390095,False
2026-04-27,HDFC Bank,-0.917953926570636,DOWN,UP,0.5032300204119649,False
2026-04-27,Hindustan Unilever,-1.6664539799178255,DOWN,UP,0.5274534777988218,False
2026-04-27,ICICI Bank,-1.6817575524330608,DOWN,UP,0.5116553594011811,False
2026-04-27,ITC,0.1974678596225576,UP,UP,0.5022563136558974,True
2026-04-27,Infosys,-1.5551629909280162,DOWN,DOWN,0.4742038801831361,True
2026-04-27,M&M,-0.4609271898409095,DOWN,DOWN,0.4770307954244543,True
2026-04-27,Maruti Suzuki,-2.4958402662229595,DOWN,DOWN,0.41923469509636224,True
2026-04-27,NTPC,-0.8166762564172925,DOWN,DOWN,0.4845286521752917,True
2026-04-27,ONGC,5.386496755946157,UP,DOWN,0.4995871210247597,False
2026-04-27,Reliance,1.691314596580784,UP,UP,0.603375344096167,True
2026-04-27,SBI,-1.8482643530196463,DOWN,DOWN,0.4807455026755705,True
2026-04-27,Sun Pharma,0.7960801169959675,UP,UP,0.5736959835217342,True
2026-04-27,TCS,-0.1184893924114471,DOWN,UP,0.5029250099029355,False
2026-04-27,Tata Steel,0.8346221895428219,UP,UP,0.5224229522517532,True
2026-04-27,Wipro,-1.6922707481390464,DOWN,UP,0.5298369414322781,False
2026-04-28,Axis Bank,0.5740903346828974,UP,UP,0.5140269525509547,True
2026-04-28,Bharti Airtel,2.402642671908395,UP,DOWN,0.4893163009039707,False
2026-04-28,Dr Reddy's,-1.83079338585439,DOWN,UP,0.5017073632656767,False
2026-04-28,HCLTech,0.3511664859427332,UP,UP,0.5827948290999685,True
2026-04-28,HDFC Bank,-0.4536435816682838,DOWN,UP,0.535070122426764,False
2026-04-28,Hindustan Unilever,1.08756944065298,UP,UP,0.5360119391429422,True
2026-04-28,ICICI Bank,-0.8513931888544879,DOWN,UP,0.5198556784512289,False
2026-04-28,ITC,3.875837516782421,UP,UP,0.5022563136558974,True
2026-04-28,Infosys,1.3366916708968946,UP,DOWN,0.49784971791441784,False
2026-04-28,M&M,2.078946573674867,UP,UP,0.5117500161766905,True
2026-04-28,Maruti Suzuki,2.8312131554452336,UP,DOWN,0.4327409079104436,False
2026-04-28,NTPC,-1.364143597710732,DOWN,DOWN,0.4958122196189667,True
2026-04-28,ONGC,0.0331915391859727,UP,UP,0.6028959128605652,True
2026-04-28,Reliance,2.627978929973618,UP,UP,0.5297341544321323,True
2026-04-28,SBI,-0.4031910764402013,DOWN,DOWN,0.4945997873620701,True
2026-04-28,Sun Pharma,1.7970526793500197,UP,UP,0.5192916728042819,True
2026-04-28,TCS,1.2271444594098124,UP,UP,0.5174164061345329,True
2026-04-28,Tata Steel,0.3859576002214426,UP,UP,0.5096648381856425,True
2026-04-28,Wipro,-0.4464774020727202,DOWN,UP,0.5312458983781476,False
2026-04-29,Axis Bank,-2.1675389584042914,DOWN,UP,0.52693479885282,False
2026-04-29,Bharti Airtel,-0.0688484071087902,DOWN,DOWN,0.485269868846723,True
2026-04-29,Dr Reddy's,-0.5188768356673701,DOWN,UP,0.5428447657537837,False
2026-04-29,HCLTech,-0.0916493609971813,DOWN,UP,0.5751453714510808,False
2026-04-29,HDFC Bank,-0.9370972776596598,DOWN,UP,0.5177216004573234,False
2026-04-29,Hindustan Unilever,-2.743691785317426,DOWN,DOWN,0.4949875049708301,True
2026-04-29,ICICI Bank,-1.3739247139685773,DOWN,UP,0.528024853150012,False
2026-04-29,ITC,-0.4268794003211451,DOWN,UP,0.5386429737463696,False
2026-04-29,Infosys,1.224843582708779,UP,UP,0.5230975718805904,True
2026-04-29,M&M,-1.7384147441325326,DOWN,UP,0.5067154587487166,False
2026-04-29,Maruti Suzuki,0.4299615297578718,UP,DOWN,0.4080894479046315,False
2026-04-29,NTPC,-0.5357572793133536,DOWN,DOWN,0.4703749927499175,True
2026-04-29,ONGC,-0.6138042936228438,DOWN,UP,0.5072356259472934,False
2026-04-29,Reliance,0.3788427333781152,UP,UP,0.5256967615129203,True
2026-04-29,SBI,-1.6974949698923547,DOWN,UP,0.5010815707767676,False
2026-04-29,Sun Pharma,1.6641422650711002,UP,UP,0.5308291441413667,True
2026-04-29,TCS,-0.032329124496333,DOWN,UP,0.5227293295554853,False
2026-04-29,Tata Steel,-2.0937577219875103,DOWN,UP,0.51289176134025,False
2026-04-29,Wipro,-0.0149485650746017,DOWN,UP,0.5310150935219542,False
2026-04-30,Axis Bank,0.0,DOWN,UP,0.5331512481752831,False
2026-04-30,Bharti Airtel,0.0,DOWN,DOWN,0.4965891804274831,True
2026-04-30,Dr Reddy's,0.0,DOWN,UP,0.5317544002184555,False
2026-04-30,HCLTech,0.0,DOWN,UP,0.5652773186552107,False
2026-04-30,HDFC Bank,0.0,DOWN,UP,0.5368953233513021,False
2026-04-30,Hindustan Unilever,0.0,DOWN,UP,0.5125575842317843,False
2026-04-30,ICICI Bank,0.0,DOWN,DOWN,0.49483888443093177,True
2026-04-30,ITC,0.0,DOWN,UP,0.5400940231499253,False
2026-04-30,Infosys,0.0,DOWN,UP,0.5084009173641955,False
2026-04-30,M&M,0.0,DOWN,UP,0.5089382793573477,False
2026-04-30,Maruti Suzuki,0.0,DOWN,DOWN,0.4080894479046315,True
2026-04-30,NTPC,0.0,DOWN,DOWN,0.44709018681458684,True
2026-04-30,ONGC,0.0,DOWN,DOWN,0.48885557153336895,True
2026-04-30,Reliance,0.0,DOWN,UP,0.5219949723794247,False
2026-04-30,SBI,0.0,DOWN,DOWN,0.47457383744590115,True
2026-04-30,Sun Pharma,0.0,DOWN,UP,0.5308291441413667,False
2026-04-30,TCS,0.0,DOWN,UP,0.5191770903303395,False
2026-04-30,Tata Steel,0.0,DOWN,UP,0.5185530082659753,False
2026-04-30,Wipro,0.0,DOWN,UP,0.5068227324004381,False
2026-05-01,Axis Bank,0.5361449575039812,UP,UP,0.5984295131372438,True
2026-05-01,Bharti Airtel,-3.1640911435881547,DOWN,UP,0.5778252937934725,False
2026-05-01,Dr Reddy's,-2.698622162169795,DOWN,UP,0.5696057917718609,False
2026-05-01,HCLTech,0.11675627075034,UP,UP,0.6091963327114887,True
2026-05-01,HDFC Bank,0.9977986374536396,UP,UP,0.5747921539306861,True
2026-05-01,Hindustan Unilever,2.59452436883425,UP,UP,0.5852295101666604,True
2026-05-01,ICICI Bank,0.5857229912192174,UP,UP,0.5765376375174437,True
2026-05-01,ITC,-1.2067284428776135,DOWN,UP,0.5823007465327406,False
2026-05-01,Infosys,-1.133865616890939,DOWN,UP,0.5513465371952624,False
2026-05-01,M&M,0.2905569007263908,UP,UP,0.6073347897606468,True
2026-05-01,Maruti Suzuki,1.9978969505783484,UP,UP,0.5309631555058818,True
2026-05-01,NTPC,0.2254776174988038,UP,UP,0.5281997798702351,True
2026-05-01,ONGC,-2.219994714565121,DOWN,UP,0.5258475687479909,False
2026-05-01,Reliance,2.2574731377921875,UP,UP,0.5739393632554048,True
2026-05-01,SBI,-0.0046728213855762,DOWN,UP,0.5571442994614771,False
2026-05-01,Sun Pharma,0.8405657668220101,UP,UP,0.5959696081292535,True
2026-05-01,TCS,-1.7219715913027178,DOWN,UP,0.5651757111603983,False
2026-05-01,Tata Steel,0.4163535580390176,UP,UP,0.5863913652713646,True
2026-05-01,Wipro,0.0498410698019702,UP,UP,0.5915074802942428,True
2026-05-05,Axis Bank,2.738747426949195,UP,UP,0.5011398039803232,True
2026-05-05,Bharti Airtel,1.5281532561332245,UP,UP,0.5092957414447757,True
2026-05-05,Dr Reddy's,3.1309038984334903,UP,UP,0.5267461460743967,True
2026-05-05,HCLTech,-0.924843862483038,DOWN,UP,0.5988392521611575,False
2026-05-05,HDFC Bank,3.1399715632911107,UP,UP,0.5368380445911032,True
2026-05-05,Hindustan Unilever,-0.4425455495262298,DOWN,UP,0.5244726060826684,False
2026-05-05,ICICI Bank,2.253652207420997,UP,UP,0.5767567044690673,True
2026-05-05,ITC,-0.2408091092003017,DOWN,UP,0.5218120098723067,False
2026-05-05,Infosys,-0.9252206637761162,DOWN,UP,0.5397491083815116,False
2026-05-05,M&M,2.8030396982474226,UP,UP,0.5039535389196161,True
2026-05-05,Maruti Suzuki,2.204677491434537,UP,DOWN,0.45871374653367314,False
2026-05-05,NTPC,-0.9532140602403928,DOWN,DOWN,0.46527192433043874,True
2026-05-05,ONGC,-3.155724790081804,DOWN,DOWN,0.47992578804155617,True
2026-05-05,Reliance,-1.7559409401866288,DOWN,UP,0.5084385885882995,False
2026-05-05,SBI,3.4059793145013284,UP,UP,0.5022476159710119,True
2026-05-05,Sun Pharma,1.6146694615189583,UP,UP,0.5125932587032789,True
2026-05-05,TCS,0.3336980741023509,UP,UP,0.5130355212576692,True
2026-05-05,Tata Steel,1.963843343104399,UP,UP,0.5127014705006244,True
2026-05-05,Wipro,-0.3303652348293884,DOWN,UP,0.5022563136558974,False
2026-05-06,Axis Bank,-0.115901719718181,DOWN,UP,0.5120240768604429,False
2026-05-06,Bharti Airtel,-0.3871939671155178,DOWN,DOWN,0.49066961135652426,True
2026-05-06,Dr Reddy's,-0.2593458744517551,DOWN,UP,0.5512656311591322,False
2026-05-06,HCLTech,-0.4793500369105863,DOWN,UP,0.5653007663095974,False
2026-05-06,HDFC Bank,-0.0627706995998345,DOWN,UP,0.5343641186605284,False
2026-05-06,Hindustan Unilever,-1.9377732765965328,DOWN,UP,0.5125107005370196,False
2026-05-06,ICICI Bank,-0.0390777647518603,DOWN,UP,0.5314967161453439,False
2026-05-06,ITC,-1.062123650110436,DOWN,UP,0.5203875124779106,False
2026-05-06,Infosys,-0.3855380558816845,DOWN,UP,0.5734639606906577,False
2026-05-06,M&M,2.1176654541242623,UP,UP,0.514112208930374,True
2026-05-06,Maruti Suzuki,0.3498032356799241,UP,DOWN,0.3892533538548551,False
2026-05-06,NTPC,1.39293400404763,UP,DOWN,0.4926331396687881,False
2026-05-06,ONGC,1.1039908255983333,UP,DOWN,0.4832930478419771,False
2026-05-06,Reliance,-0.118233063030948,DOWN,UP,0.5444727468974739,False
2026-05-06,SBI,-0.3649635036496401,DOWN,DOWN,0.4939945185216752,True
2026-05-06,Sun Pharma,-0.8539577977939694,DOWN,DOWN,0.49105848018091613,True
2026-05-06,TCS,-1.3960746227869802,DOWN,UP,0.5116793904318542,False
2026-05-06,Tata Steel,0.7518425339999801,UP,UP,0.505525831961583,True
2026-05-06,Wipro,-0.8838863750474157,DOWN,UP,0.5022563136558974,False
2026-05-07,Axis Bank,-1.887514757127573,DOWN,UP,0.5076867457213765,False
2026-05-07,Bharti Airtel,0.4324988787722139,UP,DOWN,0.4953417269332664,False
2026-05-07,Dr Reddy's,-1.0477173009838858,DOWN,UP,0.516368499488817,False
2026-05-07,HCLTech,1.2675341972742338,UP,UP,0.5124185801311202,True
2026-05-07,HDFC Bank,-1.909429362491788,DOWN,UP,0.527442349635227,False
2026-05-07,Hindustan Unilever,0.6821582753756328,UP,UP,0.5133142718100551,True
2026-05-07,ICICI Bank,-1.1102385591770902,DOWN,UP,0.5183587792600421,False
2026-05-07,ITC,0.0162714090891302,UP,UP,0.5167265085197104,True
2026-05-07,Infosys,1.4191107502300904,UP,UP,0.5298275570778894,True
2026-05-07,M&M,-1.1955988195898049,DOWN,DOWN,0.4999330216125738,True
2026-05-07,Maruti Suzuki,-0.3195352214960034,DOWN,DOWN,0.3648568029817612,True
2026-05-07,NTPC,0.449603538285781,UP,DOWN,0.4946193591879814,False
2026-05-07,ONGC,-1.6555060903477248,DOWN,DOWN,0.4976057631792676,True
2026-05-07,Reliance,-0.0696281878567184,DOWN,UP,0.5091737704957087,False
2026-05-07,SBI,-6.657510275369161,DOWN,UP,0.5058512779378109,False
2026-05-07,Sun Pharma,0.7359354459402612,UP,UP,0.5168679077347674,True
2026-05-07,TCS,-0.2914966388217199,DOWN,UP,0.5207604308545365,False
2026-05-07,Tata Steel,-1.197655759632421,DOWN,DOWN,0.49638431592491633,True
2026-05-07,Wipro,0.2786801023797913,UP,UP,0.5052338771862664,True
2026-05-08,Axis Bank,0.3153827837266032,UP,UP,0.521208054301497,True
2026-05-08,Bharti Airtel,-4.07195154929817,DOWN,DOWN,0.49414877613975783,True
2026-05-08,Dr Reddy's,-1.0820001341556362,DOWN,UP,0.5161038060674107,False
2026-05-08,HCLTech,-0.2920560688165263,DOWN,UP,0.5282152951391643,False
2026-05-08,HDFC Bank,-2.202721612300551,DOWN,UP,0.5270300721524452,False
2026-05-08,Hindustan Unilever,0.8523845091665594,UP,UP,0.5160794219218843,True
2026-05-08,ICICI Bank,0.1265002786345448,UP,UP,0.5258518048604359,True
2026-05-08,ITC,-0.5204117872788405,DOWN,UP,0.5155693760012405,False
2026-05-08,Infosys,-0.1865630311202681,DOWN,UP,0.5506600331724916,False
2026-05-08,M&M,-2.537232839231518,DOWN,DOWN,0.4944299953360386,True
2026-05-08,Maruti Suzuki,-1.7703628150954387,DOWN,DOWN,0.426542961347526,True
2026-05-08,NTPC,-2.287699074744032,DOWN,DOWN,0.4667905141198241,True
2026-05-08,ONGC,0.6446947400682967,UP,UP,0.534085884571702,True
2026-05-08,Reliance,-3.274805016654536,DOWN,UP,0.5312778325619822,False
2026-05-08,SBI,-4.483470298668668,DOWN,UP,0.5903972368244,False
2026-05-08,Sun Pharma,1.3420599832329128,UP,DOWN,0.47829920789154495,False
2026-05-08,TCS,-0.062646176961989,DOWN,UP,0.5237943664243621,False
2026-05-08,Tata Steel,-1.1235971841989656,DOWN,UP,0.5023480803982993,False
2026-05-08,Wipro,-0.6215001584397029,DOWN,UP,0.5022563136558974,False
2026-05-11,Axis Bank,-0.9588990626404948,DOWN,DOWN,0.4946912414493628,True
2026-05-11,Bharti Airtel,-0.1704739127605825,DOWN,UP,0.5231203662825854,False
2026-05-11,Dr Reddy's,-0.7734998222689082,DOWN,UP,0.501326742919878,False
2026-05-11,HCLTech,-4.109128344023127,DOWN,UP,0.5100838630650734,False
2026-05-11,HDFC Bank,-1.728542105025066,DOWN,UP,0.523546612350862,False
2026-05-11,Hindustan Unilever,-1.959082529839562,DOWN,UP,0.5129479957050564,False
2026-05-11,ICICI Bank,-2.060958234584165,DOWN,UP,0.5140293350510123,False
2026-05-11,ITC,-1.6838299145697455,DOWN,UP,0.5022563136558974,False
2026-05-11,Infosys,-3.1180927078908294,DOWN,UP,0.505316397817007,False
2026-05-11,M&M,-2.1534829922906007,DOWN,UP,0.5041619376171558,False
2026-05-11,Maruti Suzuki,-2.3066083215901534,DOWN,DOWN,0.40481743286572147,True
2026-05-11,NTPC,-0.0636213238920269,DOWN,UP,0.5144405306191514,False
2026-05-11,ONGC,4.804270462633453,UP,UP,0.511845590046329,True
2026-05-11,Reliance,-1.743261203218327,DOWN,UP,0.5155817752709254,False
2026-05-11,SBI,0.1027115884424834,UP,UP,0.6024925185091987,True
2026-05-11,Sun Pharma,-1.4417686070373523,DOWN,DOWN,0.4856695335422914,True
2026-05-11,TCS,-3.869775473053727,DOWN,UP,0.5248697351490498,False
2026-05-11,Tata Steel,-0.0377224775386486,DOWN,DOWN,0.49115314714541036,True
2026-05-11,Wipro,-3.6150018386888023,DOWN,UP,0.5398603767148789,False
2026-05-12,Axis Bank,-0.349180580851649,DOWN,UP,0.5095378863004387,False
2026-05-12,Bharti Airtel,1.8442566850656927,UP,DOWN,0.482985877794866,False
2026-05-12,Dr Reddy's,-0.3700748954232336,DOWN,UP,0.5079700485241011,False
2026-05-12,HCLTech,-0.2269242053977271,DOWN,UP,0.5387262776702074,False
2026-05-12,HDFC Bank,-0.1132702521509543,DOWN,UP,0.5231614428554742,False
2026-05-12,Hindustan Unilever,0.2343080825873089,UP,UP,0.5504919608579796,True
2026-05-12,ICICI Bank,-0.3789464691731914,DOWN,UP,0.5205229084512211,False
2026-05-12,ITC,1.2470900724201206,UP,UP,0.5114569967383976,True
2026-05-12,Infosys,-1.508381347511456,DOWN,UP,0.5178740391867683,False
2026-05-12,M&M,-2.0214090419356068,DOWN,UP,0.5343562120967468,False
2026-05-12,Maruti Suzuki,-0.5238384451867639,DOWN,DOWN,0.4282901797859858,True
2026-05-12,NTPC,-0.572956437499117,DOWN,DOWN,0.4811315290123884,True
2026-05-12,ONGC,0.8998281482120118,UP,UP,0.5794811484430289,True
2026-05-12,Reliance,-0.3812280917796951,DOWN,DOWN,0.46288878002892725,True
2026-05-12,SBI,-0.4617278999308971,DOWN,UP,0.5515356625467068,False
2026-05-12,Sun Pharma,-1.132356444528282,DOWN,DOWN,0.48871561491217774,True
2026-05-12,TCS,-1.195496214244296,DOWN,UP,0.5283837356471749,False
2026-05-12,Tata Steel,3.594337319428065,UP,UP,0.5254263027770033,True
2026-05-12,Wipro,-0.9336942575698282,DOWN,UP,0.5485035414155875,False
2026-05-13,Axis Bank,-0.0875986006777296,DOWN,DOWN,0.499382306786557,True
2026-05-13,Bharti Airtel,5.270514833535578,UP,DOWN,0.47397562785437397,False
2026-05-13,Dr Reddy's,3.0269442250701277,UP,UP,0.6070842739639566,True
2026-05-13,HCLTech,-1.6794919517091889,DOWN,UP,0.5546382362406578,False
2026-05-13,HDFC Bank,2.661421138846354,UP,DOWN,0.48611408804822986,False
2026-05-13,Hindustan Unilever,-0.8203633068267102,DOWN,DOWN,0.4847414387805067,True
2026-05-13,ICICI Bank,0.8416983343764395,UP,DOWN,0.499010387527657,False
2026-05-13,ITC,0.9032681523198473,UP,DOWN,0.49130343578744495,False
2026-05-13,Infosys,-2.5020012640706635,DOWN,UP,0.5193458876643317,False
2026-05-13,M&M,1.9956248004755703,UP,UP,0.5185508312578909,True
2026-05-13,Maruti Suzuki,-0.2136915210257162,DOWN,DOWN,0.37451111629373884,True
2026-05-13,NTPC,1.4982649258659997,UP,DOWN,0.49316483400292505,False
2026-05-13,ONGC,1.2619889204192214,UP,UP,0.5322005484268569,True
2026-05-13,Reliance,0.2207830359284512,UP,UP,0.5289280094431127,True
2026-05-13,SBI,1.0102101922232931,UP,UP,0.5077389544511283,True
2026-05-13,Sun Pharma,2.1043347937441226,UP,UP,0.5115153581426943,True
2026-05-13,TCS,-1.1791643898434123,DOWN,UP,0.5740432527721985,False
2026-05-13,Tata Steel,0.6875556867302901,UP,UP,0.5207080838938755,True
2026-05-13,Wipro,0.2662406772497183,UP,UP,0.5412663483194768,True
2026-05-14,Axis Bank,-0.7811196356221517,DOWN,DOWN,0.499382306786557,True
2026-05-14,Bharti Airtel,1.1627302582459589,UP,UP,0.5225315360901845,True
2026-05-14,Dr Reddy's,2.5391206049278914,UP,UP,0.514319016892085,True
2026-05-14,HCLTech,0.7651223830905218,UP,UP,0.5400650070209304,True
2026-05-14,HDFC Bank,-0.2663878663487495,DOWN,UP,0.5669484538091764,False
2026-05-14,Hindustan Unilever,1.0450482727921706,UP,UP,0.5011342745322066,True
2026-05-14,ICICI Bank,-0.1203852327447796,DOWN,DOWN,0.49698178979175367,True
2026-05-14,ITC,0.7324218458961695,UP,UP,0.5025356256595818,True
2026-05-14,Infosys,2.191780821917799,UP,UP,0.5132131849215548,True
2026-05-14,M&M,-1.600548418366543,DOWN,UP,0.5108358971388867,False
2026-05-14,Maruti Suzuki,1.1166347992351833,UP,DOWN,0.38691147329693054,False
2026-05-14,NTPC,-0.2649477227633201,DOWN,DOWN,0.4845057812198256,True
2026-05-14,ONGC,-0.5151172563672368,DOWN,UP,0.5516667430017423,False
2026-05-14,Reliance,-1.8651801662013523,DOWN,UP,0.5110724396410842,False
2026-05-14,SBI,-1.7042567395604502,DOWN,UP,0.5075434074083808,False
2026-05-14,Sun Pharma,0.8050665732663553,UP,DOWN,0.48848192790750694,False
2026-05-14,TCS,0.8014247551202169,UP,UP,0.5541840044594202,True
2026-05-14,Tata Steel,-1.940039094737656,DOWN,UP,0.534768239714665,False
2026-05-14,Wipro,0.9028130221404806,UP,UP,0.5017410362756478,True
2026-05-15,Axis Bank,-0.5543078521372369,DOWN,UP,0.5121571089175441,False
2026-05-15,Bharti Airtel,1.716172496740187,UP,UP,0.5078570568523866,True
2026-05-15,Dr Reddy's,-0.4114610758516268,DOWN,UP,0.5073343340761028,False
2026-05-15,HCLTech,1.2360939697846351,UP,UP,0.5223273906446572,True
2026-05-15,HDFC Bank,0.1498403145358207,UP,UP,0.5238297038031788,True
2026-05-15,Hindustan Unilever,-0.7921838036620277,DOWN,UP,0.5089144789043597,False
2026-05-15,ICICI Bank,0.5303315054991931,UP,UP,0.5182716826772878,True
2026-05-15,ITC,0.2262018619617389,UP,UP,0.5038529565930214,True
2026-05-15,Infosys,2.10008936550492,UP,DOWN,0.4852984590564848,False
2026-05-15,M&M,-1.261571683659546,DOWN,UP,0.5318676643047965,False
2026-05-15,Maruti Suzuki,-1.5505634974661509,DOWN,DOWN,0.37145483458664796,True
2026-05-15,NTPC,-1.7583838600964463,DOWN,DOWN,0.47872764355369635,True
2026-05-15,ONGC,-0.7182207625347159,DOWN,UP,0.5244954392704833,False
2026-05-15,Reliance,-0.0374139472362866,DOWN,UP,0.5180291001528047,False
2026-05-15,SBI,-2.470928933901761,DOWN,UP,0.5697735812190904,False
2026-05-15,Sun Pharma,1.4694973045350943,UP,DOWN,0.47324041862506505,False
2026-05-15,TCS,0.8480543803831786,UP,UP,0.524778432081083,True
2026-05-15,Tata Steel,-3.288133990240971,DOWN,UP,0.5275626297119222,False
2026-05-15,Wipro,1.1421042994449015,UP,UP,0.5041487178310872,True
2026-05-18,Axis Bank,0.0323147593644934,UP,UP,0.5084193287839989,True
2026-05-18,Bharti Airtel,-1.26928310695118,DOWN,UP,0.5145858188286839,False
2026-05-18,Dr Reddy's,0.3004807802523324,UP,UP,0.5442009392819126,True
2026-05-18,HCLTech,2.860635751484608,UP,UP,0.5109612908004646,True
2026-05-18,HDFC Bank,-0.8066105522806066,DOWN,UP,0.5309802641244293,False
2026-05-18,Hindustan Unilever,-0.9449050345800902,DOWN,DOWN,0.4973121578163577,True
2026-05-18,ICICI Bank,-0.823269679386629,DOWN,UP,0.5050400049603387,False
2026-05-18,ITC,0.0483617280142345,UP,UP,0.5050774286386732,True
2026-05-18,Infosys,4.761490101887311,UP,UP,0.50200185230054,True
2026-05-18,M&M,0.2788889253956705,UP,UP,0.5164335973152931,True
2026-05-18,Maruti Suzuki,-0.4609711124769489,DOWN,DOWN,0.37792312437132236,True
2026-05-18,NTPC,0.2832876997415967,UP,DOWN,0.49478537611516604,False
2026-05-18,ONGC,-0.23553572620435,DOWN,UP,0.5108221748800515,False
2026-05-18,Reliance,-0.9881033760724134,DOWN,UP,0.538262885813387,False
2026-05-18,SBI,1.0006347812019143,UP,UP,0.6099971644677077,True
2026-05-18,Sun Pharma,-1.2330779409125414,DOWN,DOWN,0.4886228543439374,True
2026-05-18,TCS,1.922746470883685,UP,DOWN,0.49168237080001187,False
2026-05-18,Tata Steel,-0.2002829689989216,DOWN,UP,0.5265171485664981,False
2026-05-18,Wipro,1.5611177751911898,UP,DOWN,0.49091874258444684,False
2026-05-19,Axis Bank,0.9286925257641075,UP,UP,0.5058114047415844,True
2026-05-19,Bharti Airtel,-0.4494369263620346,DOWN,UP,0.5235194252310433,False
2026-05-19,Dr Reddy's,-0.9961000033095746,DOWN,UP,0.5061932799267538,False
2026-05-19,HCLTech,-0.8139711198248301,DOWN,UP,0.5382469269232786,False
2026-05-19,HDFC Bank,-0.3869122119221968,DOWN,UP,0.520790530457434,False
2026-05-19,Hindustan Unilever,-1.0569149781794351,DOWN,UP,0.5024617475436485,False
2026-05-19,ICICI Bank,-0.282076068848125,DOWN,UP,0.5662784197409041,False
2026-05-19,ITC,-0.8862391582931006,DOWN,UP,0.5046639634261699,False
2026-05-19,Infosys,-0.2673634536647373,DOWN,UP,0.5380958980090929,False
2026-05-19,M&M,0.9669146548402008,UP,UP,0.5002438855233459,True
2026-05-19,Maruti Suzuki,0.3627662858907143,UP,DOWN,0.38696413486555203,False
2026-05-19,NTPC,0.7832610062540768,UP,DOWN,0.4656111374273167,False
2026-05-19,ONGC,0.6070785136488288,UP,DOWN,0.48234401614602146,False
2026-05-19,Reliance,2.7973086388352053,UP,UP,0.5767567044690673,True
2026-05-19,SBI,0.2213360716813106,UP,UP,0.5003224150295322,True
2026-05-19,Sun Pharma,-0.1062529856090233,DOWN,UP,0.5162108522102337,False
2026-05-19,TCS,0.0128831882995505,UP,UP,0.5198558814248795,True
2026-05-19,Tata Steel,-1.0893969384287217,DOWN,UP,0.5293841432764336,False
2026-05-19,Wipro,0.99912741022532,UP,UP,0.5294465225288391,True
2026-05-20,Axis Bank,0.2800447962281405,UP,UP,0.5186599380745356,True
2026-05-20,Bharti Airtel,-1.0289241080757685,DOWN,UP,0.5795006250624751,False
2026-05-20,Dr Reddy's,-0.2572073796253682,DOWN,UP,0.5332890152302502,False
2026-05-20,HCLTech,-0.1367838595880521,DOWN,UP,0.5244398851441098,False
2026-05-20,HDFC Bank,-0.0460797348173169,DOWN,UP,0.550756837352075,False
2026-05-20,Hindustan Unilever,-1.371477307674751,DOWN,DOWN,0.4955133798259687,True
2026-05-20,ICICI Bank,0.4445162679181269,UP,UP,0.5314487396845028,True
2026-05-20,ITC,0.1625751974786649,UP,UP,0.5216613330237356,True
2026-05-20,Infosys,-1.0471643219662097,DOWN,UP,0.5344726270244217,False
2026-05-20,M&M,-0.7430642346646366,DOWN,DOWN,0.49161535496370634,True
2026-05-20,Maruti Suzuki,0.0538337306775327,UP,DOWN,0.39607289760555,False
2026-05-20,NTPC,-0.930060976055458,DOWN,DOWN,0.4689045359058361,True
2026-05-20,ONGC,-0.8213147132790088,DOWN,DOWN,0.46687766654952756,True
2026-05-20,Reliance,-0.7428091452994945,DOWN,UP,0.5370436205465395,False
2026-05-20,SBI,0.0,DOWN,UP,0.5797452714026774,False
2026-05-20,Sun Pharma,0.585013014643887,UP,UP,0.5058864916308936,True
2026-05-20,TCS,-0.0085911824467155,DOWN,UP,0.5296090519881902,False
2026-05-20,Tata Steel,0.7584210259794277,UP,DOWN,0.4985445100778721,False
2026-05-20,Wipro,1.3291449071003658,UP,UP,0.50626047540113,True
2026-05-21,Axis Bank,2.561236283039481,UP,UP,0.5034038441327586,True
2026-05-21,Bharti Airtel,-0.7372844668784961,DOWN,UP,0.5308379873819979,False
2026-05-21,Dr Reddy's,-0.857038212220329,DOWN,DOWN,0.49598160843007805,True
2026-05-21,HCLTech,-0.3595233134243702,DOWN,UP,0.5041855263037839,False
2026-05-21,HDFC Bank,1.0077011305915209,UP,UP,0.5340686466333392,True
2026-05-21,Hindustan Unilever,1.1289627194240426,UP,UP,0.502348723164713,True
2026-05-21,ICICI Bank,1.7299645281051437,UP,UP,0.5047607133724293,True
2026-05-21,ITC,-2.0613458326786627,DOWN,UP,0.5202546053589174,False
2026-05-21,Infosys,-0.5672156661730265,DOWN,UP,0.5535208476788684,False
2026-05-21,M&M,-0.5711504089020658,DOWN,UP,0.517274834103953,False
2026-05-21,Maruti Suzuki,-0.1767870868562671,DOWN,DOWN,0.40482743971648566,True
2026-05-21,NTPC,-0.0385786782905683,DOWN,UP,0.5168237790673557,False
2026-05-21,ONGC,-1.977355410791759,DOWN,DOWN,0.49915777385162563,True
2026-05-21,Reliance,0.3630723549720827,UP,UP,0.5158591185804703,True
2026-05-21,SBI,-0.1787792789340492,DOWN,UP,0.5851056889488765,False
2026-05-21,Sun Pharma,-2.4692048874594863,DOWN,DOWN,0.48365577095453416,True
2026-05-21,TCS,-0.4253997314998536,DOWN,UP,0.5042625945917786,False
2026-05-21,Tata Steel,0.2924540248329554,UP,DOWN,0.4877814459365583,False
2026-05-21,Wipro,1.6871908603721453,UP,DOWN,0.49750651895558967,False
2026-05-22,Axis Bank,2.007151568989052,UP,UP,0.5058485052231665,True
2026-05-22,Bharti Airtel,0.181683465304383,UP,UP,0.5222015124203042,True
2026-05-22,Dr Reddy's,1.8512908618526724,UP,UP,0.5002344855674519,True
2026-05-22,HCLTech,0.1460439151095283,UP,UP,0.5160256622647206,True
2026-05-22,HDFC Bank,2.614761099654861,UP,UP,0.5204573214637309,True
2026-05-22,Hindustan Unilever,-0.3222044536938306,DOWN,DOWN,0.4682813012637598,True
2026-05-22,ICICI Bank,2.175116581343928,UP,UP,0.5045312624566334,True
2026-05-22,ITC,0.7457739174554723,UP,UP,0.5203793284596632,True
2026-05-22,Infosys,-0.5108556832694733,DOWN,UP,0.5307156389716411,False
2026-05-22,M&M,1.872584631730989,UP,UP,0.545276690072168,True
2026-05-22,Maruti Suzuki,1.4091014091013987,UP,DOWN,0.39626778653072886,False
2026-05-22,NTPC,0.360219714002441,UP,DOWN,0.49316483400292505,False
2026-05-22,ONGC,-1.7413751010237122,DOWN,UP,0.5119408183263385,False
2026-05-22,Reliance,0.9228497600590524,UP,UP,0.5204205480521833,True
2026-05-22,SBI,2.149174369632956,UP,UP,0.5098500353522942,True
2026-05-22,Sun Pharma,-0.2168491842644337,DOWN,UP,0.5077555002482429,False
2026-05-22,TCS,-0.3927026049497573,DOWN,DOWN,0.49379824545872986,True
2026-05-22,Tata Steel,0.4923747632659347,UP,UP,0.5180935328796695,True
2026-05-22,Wipro,1.8364411975433592,UP,UP,0.5320713044652133,True
2026-05-25,Axis Bank,-0.9075581747173268,DOWN,UP,0.5284880360268768,False
2026-05-25,Bharti Airtel,-1.4881600003958773,DOWN,UP,0.5128804478329757,False
2026-05-25,Dr Reddy's,-0.262881172887186,DOWN,UP,0.5030138127912429,False
2026-05-25,HCLTech,-0.3259781176101484,DOWN,UP,0.5245542667518436,False
2026-05-25,HDFC Bank,-1.0103515814377406,DOWN,UP,0.5079319676152773,False
2026-05-25,Hindustan Unilever,0.5872935280559988,UP,DOWN,0.4983005004747789,False
2026-05-25,ICICI Bank,-0.9831299552673478,DOWN,DOWN,0.49748477961701276,True
2026-05-25,ITC,-0.7567093989719109,DOWN,UP,0.528975696458191,False
2026-05-25,Infosys,-0.0684680212344912,DOWN,UP,0.5392541501790586,False
2026-05-25,M&M,-1.009874201079164,DOWN,DOWN,0.49627020380895165,True
2026-05-25,Maruti Suzuki,0.2885345482156465,UP,DOWN,0.36780103530195557,False
2026-05-25,NTPC,-0.0897258292245517,DOWN,DOWN,0.49316483400292505,True
2026-05-25,ONGC,0.8948895187679717,UP,UP,0.5132228541040255,True
2026-05-25,Reliance,-0.7827323461503277,DOWN,UP,0.5018541196675642,False
2026-05-25,SBI,-0.1134463297890353,DOWN,UP,0.5310150925282826,False
2026-05-25,Sun Pharma,0.0108700013496498,UP,UP,0.5154387708563758,True
2026-05-25,TCS,-1.386361696427274,DOWN,DOWN,0.4990916688246141,True
2026-05-25,Tata Steel,0.1189230323224821,UP,UP,0.5219542014263634,True
2026-05-25,Wipro,-1.503577966261016,DOWN,UP,0.5314972248811695,False
2026-05-26,Axis Bank,0.3694240419787276,UP,DOWN,0.4917635059345469,False
2026-05-26,Bharti Airtel,0.2869633812200511,UP,UP,0.5159651916095257,True
2026-05-26,Dr Reddy's,-0.670233018332056,DOWN,UP,0.5250520140596753,False
2026-05-26,HCLTech,0.2840112478245782,UP,UP,0.5088806032686221,True
2026-05-26,HDFC Bank,-2.599820177850598,DOWN,UP,0.5132950848140999,False
2026-05-26,Hindustan Unilever,-0.4978727476330213,DOWN,UP,0.5254789342758953,False
2026-05-26,ICICI Bank,-0.5003537281071946,DOWN,DOWN,0.4917635059345469,True
2026-05-26,ITC,-3.2156412682646462,DOWN,UP,0.534870149576795,False
2026-05-26,Infosys,-0.6679735449149127,DOWN,UP,0.5177516870870372,False
2026-05-26,M&M,0.4602081744091046,UP,UP,0.5021680432583496,True
2026-05-26,Maruti Suzuki,1.1811023622047223,UP,DOWN,0.3682595690682471,False
2026-05-26,NTPC,2.168329849824069,UP,DOWN,0.4811315290123884,False
2026-05-26,ONGC,-4.678265115489133,DOWN,DOWN,0.46740626184313355,True
2026-05-26,Reliance,-0.4276375889786576,DOWN,UP,0.5178769734386064,False
2026-05-26,SBI,-0.0722779769779302,DOWN,UP,0.5200701919127227,False
2026-05-26,Sun Pharma,0.1901347189896096,UP,UP,0.5154124196114515,True
2026-05-26,TCS,0.351462972129557,UP,DOWN,0.4986143273335752,False
2026-05-26,Tata Steel,2.0097855765693677,UP,UP,0.5609390633232659,True
2026-05-26,Wipro,-1.0553153397007242,DOWN,UP,0.5311718140463975,False
2026-05-27,Axis Bank,0.0,DOWN,DOWN,0.49583017055621575,True
2026-05-27,Bharti Airtel,0.0,DOWN,UP,0.5023963857211655,False
2026-05-27,Dr Reddy's,0.0,DOWN,UP,0.5117117700077373,False
2026-05-27,HCLTech,0.0,DOWN,UP,0.5091598307799929,False
2026-05-27,HDFC Bank,0.0,DOWN,UP,0.5370606438542288,False
2026-05-27,Hindustan Unilever,0.0,DOWN,DOWN,0.49762034926115745,True
2026-05-27,ICICI Bank,0.0,DOWN,DOWN,0.4970373829427463,True
2026-05-27,ITC,0.0,DOWN,UP,0.5267213366912388,False
2026-05-27,Infosys,0.0,DOWN,UP,0.5187068878672199,False
2026-05-27,M&M,0.0,DOWN,DOWN,0.46907480765742315,True
2026-05-27,Maruti Suzuki,0.0,DOWN,DOWN,0.3893695324132012,True
2026-05-27,NTPC,0.0,DOWN,DOWN,0.47323149598569947,True
2026-05-27,ONGC,0.0,DOWN,UP,0.5620161919482823,False
2026-05-27,Reliance,0.0,DOWN,UP,0.5047607133724293,False
2026-05-27,SBI,0.0,DOWN,UP,0.506845785239529,False
2026-05-27,Sun Pharma,0.0,DOWN,UP,0.5226470197728577,False
2026-05-27,TCS,0.0,DOWN,DOWN,0.4977201156672128,True
2026-05-27,Tata Steel,0.0,DOWN,UP,0.5360990601614418,False
2026-05-27,Wipro,0.0,DOWN,UP,0.5341829363888716,False
2026-05-28,Axis Bank,-1.3419216568988257,DOWN,UP,0.5801557096542281,False
2026-05-28,Bharti Airtel,-1.2525619146678268,DOWN,UP,0.5746126556778861,False
2026-05-28,Dr Reddy's,-1.1751326762698966,DOWN,UP,0.6027902157467766,False
2026-05-28,HCLTech,1.5963009299428288,UP,UP,0.584357496070898,True
2026-05-28,HDFC Bank,-1.8585693227893607,DOWN,UP,0.5815654311868552,False
2026-05-28,Hindustan Unilever,-2.042390117279458,DOWN,UP,0.5526247144310131,False
2026-05-28,ICICI Bank,-1.2807360244497468,DOWN,UP,0.5699590772728366,False
2026-05-28,ITC,-1.7297544440469936,DOWN,UP,0.5675462439854432,False
2026-05-28,Infosys,0.0862143270067727,UP,UP,0.584357496070898,True
2026-05-28,M&M,-2.4346488218353834,DOWN,UP,0.5385969782620801,False
2026-05-28,Maruti Suzuki,-1.77342113139779,DOWN,UP,0.5168783279235238,False
2026-05-28,NTPC,-2.825568296486003,DOWN,UP,0.5198173744486092,False
2026-05-28,ONGC,-3.156356242211922,DOWN,UP,0.5403086530609194,False
2026-05-28,Reliance,-2.169570442660129,DOWN,UP,0.5978487984723574,False
2026-05-28,SBI,-0.3513084750765394,DOWN,UP,0.5386666141471522,False
2026-05-28,Sun Pharma,-2.4453774582344545,DOWN,UP,0.56958038970903,False
2026-05-28,TCS,-1.1076109521473865,DOWN,UP,0.5826092674820947,False
2026-05-28,Tata Steel,-3.1113147511556027,DOWN,UP,0.5773284862851973,False
2026-05-28,Wipro,1.3245352439192226,UP,UP,0.5679818714236627,True
2026-06-01,Axis Bank,-1.9437297870978587,DOWN,UP,0.5263116094363353,False
2026-06-01,Bharti Airtel,0.1988277717043907,UP,UP,0.5171051503328542,True
2026-06-01,Dr Reddy's,-1.2709256125060353,DOWN,UP,0.5231852236411679,False
2026-06-01,HCLTech,4.049872429319801,UP,UP,0.528204190817336,True
2026-06-01,HDFC Bank,0.7472718058097572,UP,DOWN,0.4872281568660834,False
2026-06-01,Hindustan Unilever,0.4509860444054103,UP,UP,0.5290674337388475,True
2026-06-01,ICICI Bank,-1.0567053401554285,DOWN,UP,0.521174531480679,False
2026-06-01,ITC,1.2873256506660935,UP,UP,0.5427873463767197,True
2026-06-01,Infosys,5.679837740384608,UP,UP,0.5249889709916231,True
2026-06-01,M&M,0.94606754151898,UP,UP,0.523550370551099,True
2026-06-01,Maruti Suzuki,0.5870539162675659,UP,DOWN,0.4361611809001721,False
2026-06-01,NTPC,-2.983897001928093,DOWN,UP,0.5105012775225841,False
2026-06-01,ONGC,0.2837684580551336,UP,UP,0.5441849555185676,True
2026-06-01,Reliance,-0.4090927586410942,DOWN,UP,0.5053669075138552,False
2026-06-01,SBI,0.2672727065692104,UP,UP,0.5088031407460196,True
2026-06-01,Sun Pharma,-0.36737965966811,DOWN,DOWN,0.4980731623252778,True
2026-06-01,TCS,6.50735641833553,UP,UP,0.5267298023011673,True
2026-06-01,Tata Steel,0.0142464635291883,UP,UP,0.5446474876390108,True
2026-06-01,Wipro,1.6617376168435172,UP,UP,0.5413841001109957,True
2026-06-02,Axis Bank,0.3277096687670733,UP,UP,0.5400761041572374,True
2026-06-02,Bharti Airtel,0.5456964326157943,UP,DOWN,0.4923601874837258,False
2026-06-02,Dr Reddy's,-0.8398705786401117,DOWN,UP,0.5002344855674519,False
2026-06-02,HCLTech,-5.186972255729794,DOWN,UP,0.5354962406420337,False
2026-06-02,HDFC Bank,0.7216871919896395,UP,UP,0.5016354352005244,True
2026-06-02,Hindustan Unilever,-0.1480562443481936,DOWN,DOWN,0.4677019881193922,True
2026-06-02,ICICI Bank,1.2555050318426852,UP,UP,0.5170984963122931,True
2026-06-02,ITC,-2.206531332744921,DOWN,UP,0.5250293830356114,False
2026-06-02,Infosys,-3.7928919885260814,DOWN,UP,0.518916612211532,False
2026-06-02,M&M,0.4269102031041916,UP,DOWN,0.48471455157687393,False
2026-06-02,Maruti Suzuki,0.16894486254031,UP,DOWN,0.37430768492248756,False
2026-06-02,NTPC,-0.1633114081337261,DOWN,UP,0.5020086983127467,False
2026-06-02,ONGC,1.0186803740358077,UP,UP,0.5462121952449602,True
2026-06-02,Reliance,-0.1064981317558944,DOWN,UP,0.5152555066397969,False
2026-06-02,SBI,1.4425325292205082,UP,UP,0.5039027674080724,True
2026-06-02,Sun Pharma,-0.0782180230720297,DOWN,DOWN,0.4888850423786672,True
2026-06-02,TCS,-8.38611955378008,DOWN,UP,0.5600674576871374,False
2026-06-02,Tata Steel,0.6125324068123605,UP,UP,0.5221570777286897,True
2026-06-02,Wipro,-2.7354128548174206,DOWN,UP,0.5139955066876817,False
2026-06-03,Axis Bank,-0.1513625253073192,DOWN,UP,0.5096826814729873,False
2026-06-03,Bharti Airtel,-0.2850694173275436,DOWN,UP,0.5332058171686695,False
2026-06-03,Dr Reddy's,0.3324587199827089,UP,UP,0.5231521239314509,True
2026-06-03,HCLTech,-0.9075446286577638,DOWN,UP,0.5435587457386453,False
2026-06-03,HDFC Bank,0.0729765508063806,UP,UP,0.5292261303896009,True
2026-06-03,Hindustan Unilever,-0.5357406863730874,DOWN,DOWN,0.4938909251067118,True
2026-06-03,ICICI Bank,0.7809944582830131,UP,DOWN,0.4881755677064517,False
2026-06-03,ITC,1.191331333201706,UP,UP,0.5526332955673215,True
2026-06-03,Infosys,-1.7421828221127145,DOWN,UP,0.532509053592094,False
2026-06-03,M&M,0.1660522678702092,UP,DOWN,0.49410558598624044,False
2026-06-03,Maruti Suzuki,0.1533272002453234,UP,DOWN,0.35948621769739253,False
2026-06-03,NTPC,-0.1090495937285052,DOWN,DOWN,0.48943730824179205,True
2026-06-03,ONGC,-0.0747011044000989,DOWN,UP,0.5198084927436392,False
2026-06-03,Reliance,-0.7234237247360831,DOWN,UP,0.5130871401652929,False
2026-06-03,SBI,0.9067945470942362,UP,UP,0.5167372773182128,True
2026-06-03,Sun Pharma,-0.4696686840403918,DOWN,DOWN,0.4915351792868838,True
2026-06-03,TCS,-0.0312241239738164,DOWN,UP,0.5594908228294356,False
2026-06-03,Tata Steel,-0.6229610029883093,DOWN,UP,0.5157666047080682,False
2026-06-03,Wipro,0.1077908937403782,UP,UP,0.539329053655293,True
2026-06-04,Axis Bank,1.5159977068353037,UP,DOWN,0.4982996830060594,False
2026-06-04,Bharti Airtel,-1.1380544815186244,DOWN,UP,0.5000443772561937,False
2026-06-04,Dr Reddy's,0.8441776072485307,UP,DOWN,0.48230310886745464,False
2026-06-04,HCLTech,-1.1640928775010884,DOWN,UP,0.5215059997037903,False
2026-06-04,HDFC Bank,-0.9480276184482216,DOWN,UP,0.5239542828369155,False
2026-06-04,Hindustan Unilever,2.0246272787066038,UP,DOWN,0.49153814441717003,False
2026-06-04,ICICI Bank,0.8308719996614089,UP,DOWN,0.4970532008068665,False
2026-06-04,ITC,0.1427129616423439,UP,UP,0.5439756985558484,True
2026-06-04,Infosys,-0.3163280341020535,DOWN,UP,0.5320593169748944,False
2026-06-04,M&M,0.8089884802799041,UP,DOWN,0.4902621131499615,False
2026-06-04,Maruti Suzuki,-0.1071647274954123,DOWN,DOWN,0.3669844484444572,True
2026-06-04,NTPC,-1.2963974015081423,DOWN,DOWN,0.4779674306196835,True
2026-06-04,ONGC,-1.0465288434755582,DOWN,UP,0.5199424667608664,False
2026-06-04,Reliance,-0.974146785881158,DOWN,UP,0.5161499228840937,False
2026-06-04,SBI,-0.1582831547581098,DOWN,UP,0.5034800258072044,False
2026-06-04,Sun Pharma,0.1179695306296579,UP,UP,0.5001602749430546,True
2026-06-04,TCS,-1.8786299712739816,DOWN,UP,0.5113283487618804,False
2026-06-04,Tata Steel,-1.8046269267146364,DOWN,UP,0.5049102965797223,False
2026-06-04,Wipro,-2.912104538832394,DOWN,UP,0.5339802689116685,False
2026-06-05,Axis Bank,-0.3301165669258643,DOWN,UP,0.5065528684298845,False
2026-06-05,Bharti Airtel,0.8397340710864398,UP,UP,0.5110305430119847,True
2026-06-05,Dr Reddy's,-0.2034091445202945,DOWN,DOWN,0.4887397528605089,True
2026-06-05,HCLTech,-0.2944403297410303,DOWN,DOWN,0.49778184103302425,True
2026-06-05,HDFC Bank,-1.1244178456815912,DOWN,UP,0.5270348686854904,False
2026-06-05,Hindustan Unilever,-0.5373510414211635,DOWN,UP,0.5124838298048583,False
2026-06-05,ICICI Bank,-0.9428749421009908,DOWN,UP,0.5352465790449181,False
2026-06-05,ITC,-0.4453152638547286,DOWN,UP,0.5050929071599416,False
2026-06-05,Infosys,-0.8267243769571997,DOWN,UP,0.5015871039333141,False
2026-06-05,M&M,-2.450254892287451,DOWN,DOWN,0.4944638484472283,True
2026-06-05,Maruti Suzuki,-1.0574712643678152,DOWN,DOWN,0.4099455426762053,True
2026-06-05,NTPC,0.2073828322017634,UP,DOWN,0.49632891561705245,False
2026-06-05,ONGC,-0.0377737879190265,DOWN,UP,0.5240397962504835,False
2026-06-05,Reliance,-2.145619765443452,DOWN,UP,0.512716551502995,False
2026-06-05,SBI,0.43469366338722,UP,DOWN,0.4923191883729635,False
2026-06-05,Sun Pharma,0.3703342967723788,UP,DOWN,0.49922228462659846,False
2026-06-05,TCS,-2.160171090524443,DOWN,DOWN,0.49741043664355244,True
2026-06-05,Tata Steel,-1.9586995057663703,DOWN,UP,0.5325718443084033,False
2026-06-05,Wipro,-8.373242435449535,DOWN,UP,0.5629532385430929,False
2026-06-08,Axis Bank,1.9162565488495489,UP,UP,0.533687569134311,True
2026-06-08,Bharti Airtel,-0.7886201093617484,DOWN,DOWN,0.4850266830196351,True
2026-06-08,Dr Reddy's,-0.5565989120277393,DOWN,DOWN,0.49005708291277816,True
2026-06-08,HCLTech,-0.4342916518668915,DOWN,DOWN,0.4961699988124083,True
2026-06-08,HDFC Bank,-0.0406212439190034,DOWN,UP,0.5270369734443909,False
2026-06-08,Hindustan Unilever,1.0757760353211854,UP,UP,0.50635719168111,True
2026-06-08,ICICI Bank,1.9836865938827275,UP,UP,0.5038173270223348,True
2026-06-08,ITC,0.1968107958289389,UP,UP,0.5284366502994143,True
2026-06-08,Infosys,-0.6146789245436657,DOWN,UP,0.5170636225503217,False
2026-06-08,M&M,0.8125454368256957,UP,DOWN,0.4930309200105787,False
2026-06-08,Maruti Suzuki,1.610904584882289,UP,DOWN,0.3731994021613358,False
2026-06-08,NTPC,-1.862582812826441,DOWN,DOWN,0.47835920842431173,True
2026-06-08,ONGC,-2.1348928875072337,DOWN,UP,0.5285449521985713,False
2026-06-08,Reliance,0.4670230440680267,UP,UP,0.5230363687141758,True
2026-06-08,SBI,2.113142190747808,UP,DOWN,0.4991503294552578,False
2026-06-08,Sun Pharma,-0.5478560241847674,DOWN,DOWN,0.4790025300264677,True
2026-06-08,TCS,-0.0185880060380339,DOWN,DOWN,0.49575052820207827,True
2026-06-08,Tata Steel,0.2269097535064324,UP,UP,0.5193666439049377,True
2026-06-08,Wipro,-0.0495138317619714,DOWN,UP,0.5629100433873756,False
2026-06-09,Axis Bank,1.7099949836318684,UP,UP,0.5266293434458477,True
2026-06-09,Bharti Airtel,-1.3229599126250655,DOWN,UP,0.5197765195055185,False
2026-06-09,Dr Reddy's,0.2522626071639777,UP,UP,0.5034038441327586,True
2026-06-09,HCLTech,-1.2387745474410794,DOWN,UP,0.5295544021905664,False
2026-06-09,HDFC Bank,1.1512155862475115,UP,UP,0.5419597205942136,True
2026-06-09,Hindustan Unilever,1.72074035688623,UP,UP,0.5097704038170119,True
2026-06-09,ICICI Bank,1.4352979473039262,UP,UP,0.525197182260131,True
2026-06-09,ITC,1.3035692487444184,UP,UP,0.5257903357259158,True
2026-06-09,Infosys,-2.965347670259788,DOWN,UP,0.5158253757477705,False
2026-06-09,M&M,-1.2574862522402586,DOWN,DOWN,0.482047155342665,True
2026-06-09,Maruti Suzuki,-0.3582317073170693,DOWN,DOWN,0.38619370452027824,True
2026-06-09,NTPC,-1.1247012705317916,DOWN,UP,0.520787438565323,False
2026-06-09,ONGC,-2.7413150978824685,DOWN,UP,0.5463400710055049,False
2026-06-09,Reliance,-0.819406141179535,DOWN,UP,0.5226543399434747,False
2026-06-09,SBI,0.054850681786478,UP,UP,0.508510772536637,True
2026-06-09,Sun Pharma,0.415965397080531,UP,DOWN,0.48870834926471396,False
2026-06-09,TCS,0.1348164734425783,UP,UP,0.5200743813277343,True
2026-06-09,Tata Steel,-1.9047126964725325,DOWN,UP,0.5193666439049377,False
2026-06-09,Wipro,-1.5082322457095954,DOWN,DOWN,0.4858403228441072,True
2026-06-10,Axis Bank,0.2130124631513963,UP,DOWN,0.49970783592251977,False
2026-06-10,Bharti Airtel,0.4168558256875565,UP,UP,0.5240845159873618,True
2026-06-10,Dr Reddy's,0.338133914699168,UP,UP,0.5038173270223348,True
2026-06-10,HCLTech,-1.9344602849874384,DOWN,UP,0.5267474378098602,False
2026-06-10,HDFC Bank,-0.3012653241683205,DOWN,UP,0.5271623114520372,False
2026-06-10,Hindustan Unilever,-1.3689767767630756,DOWN,UP,0.5272598805223438,False
2026-06-10,ICICI Bank,1.832517612084672,UP,UP,0.5156129636232616,True
2026-06-10,ITC,-0.4406839509597082,DOWN,UP,0.5049432560630355,False
2026-06-10,Infosys,-2.680526668413219,DOWN,UP,0.520878688620002,False
2026-06-10,M&M,1.6392854307790028,UP,DOWN,0.49927955002310265,False
2026-06-10,Maruti Suzuki,0.1912338407404679,UP,DOWN,0.4345491716452173,False
2026-06-10,NTPC,0.0568782057451588,UP,UP,0.5566666193042094,True
2026-06-10,ONGC,0.2778929035301525,UP,UP,0.5578285731473721,True
2026-06-10,Reliance,0.3336472043979466,UP,UP,0.5197210507247153,True
2026-06-10,SBI,-0.2541727179634967,DOWN,DOWN,0.4812398554737617,True
2026-06-10,Sun Pharma,0.4366282272287192,UP,UP,0.5035417242717332,True
2026-06-10,TCS,-0.8496125872695992,DOWN,UP,0.5418790881223059,False
2026-06-10,Tata Steel,-0.6773322268139759,DOWN,UP,0.5597560606215835,False
2026-06-10,Wipro,-0.8718479977923188,DOWN,UP,0.5508116581685832,False
2026-06-11,Axis Bank,2.960601120048123,UP,UP,0.543528997726028,True
2026-06-11,Bharti Airtel,2.238305001712315,UP,DOWN,0.4894374528330916,False
2026-06-11,Dr Reddy's,-0.0470200302458811,DOWN,UP,0.5038173270223348,False
2026-06-11,HCLTech,-0.0540421196473794,DOWN,UP,0.5327385585655366,False
2026-06-11,HDFC Bank,3.7402682694393175,UP,UP,0.5293598558702396,True
2026-06-11,Hindustan Unilever,1.355266816443068,UP,UP,0.5238554164568539,True
2026-06-11,ICICI Bank,1.8071411410877087,UP,UP,0.5169036672152193,True
2026-06-11,ITC,0.956094994825296,UP,UP,0.5298951461458599,True
2026-06-11,Infosys,0.1614972965685579,UP,UP,0.5219702555131965,True
2026-06-11,M&M,1.3995801715078082,UP,DOWN,0.48068397927671996,False
2026-06-11,Maruti Suzuki,2.046113910520697,UP,DOWN,0.3657717532885334,False
2026-06-11,NTPC,0.5826311659536065,UP,UP,0.5436597554479281,True
2026-06-11,ONGC,-2.5336536027836365,DOWN,UP,0.5152462749266503,False
2026-06-11,Reliance,2.375296912114022,UP,UP,0.5139562407302954,True
2026-06-11,SBI,1.6438505052828845,UP,DOWN,0.48599812093524336,False
2026-06-11,Sun Pharma,0.752424499353177,UP,DOWN,0.48613187896827353,False
2026-06-11,TCS,1.2080822020852366,UP,UP,0.5308860534078677,True
2026-06-11,Tata Steel,-0.0505183371003581,DOWN,UP,0.5550898744209082,False
2026-06-11,Wipro,1.5617096175882583,UP,UP,0.5500140475900145,True
2026-06-12,Axis Bank,0.8847599769953751,UP,DOWN,0.48776340899429294,False
2026-06-12,Bharti Airtel,1.0260604209533677,UP,DOWN,0.4653100813152867,False
2026-06-12,Dr Reddy's,0.3214658544342663,UP,UP,0.5074318979262681,True
2026-06-12,HCLTech,0.8741955169082605,UP,UP,0.5395721499779811,True
2026-06-12,HDFC Bank,0.6343405141397085,UP,UP,0.5343641186605284,True
2026-06-12,Hindustan Unilever,-0.5855750131846915,DOWN,DOWN,0.49811714090551856,True
2026-06-12,ICICI Bank,-0.9844923002295892,DOWN,UP,0.5475011633267709,False
2026-06-12,ITC,0.9821072371188012,UP,DOWN,0.4997838627564675,False
2026-06-12,Infosys,1.6571121099455022,UP,UP,0.5089735410486471,True
2026-06-12,M&M,3.003718473091266,UP,DOWN,0.4964305652480231,False
2026-06-12,Maruti Suzuki,3.284453089929662,UP,DOWN,0.37540965006145777,False
2026-06-12,NTPC,-1.6388776188182796,DOWN,UP,0.506348120946264,False
2026-06-12,ONGC,-1.0357445505142948,DOWN,UP,0.5532765016783773,False
2026-06-12,Reliance,1.0827532869296164,UP,DOWN,0.49729954868633797,False
2026-06-12,SBI,0.363756681223748,UP,DOWN,0.49560696901091217,False
2026-06-12,Sun Pharma,-0.0940394544334033,DOWN,UP,0.5168834869630421,False
2026-06-12,TCS,0.0277643047730036,UP,UP,0.5115486550815044,True
2026-06-12,Tata Steel,-0.2931374857300883,DOWN,UP,0.5351730102185167,False
2026-06-12,Wipro,0.6883565545494852,UP,UP,0.5329747412783322,True
2026-06-15,Axis Bank,-0.1900239394478475,DOWN,UP,0.5045629599196116,False
2026-06-15,Bharti Airtel,0.6408890474179474,UP,DOWN,0.48970014047482996,False
2026-06-15,Dr Reddy's,-0.2032024686156708,DOWN,UP,0.512716551502995,False
2026-06-15,HCLTech,3.546855127312787,UP,UP,0.5256164005105345,True
2026-06-15,HDFC Bank,0.9712547842346098,UP,UP,0.5116735133192514,True
2026-06-15,Hindustan Unilever,2.031436515174412,UP,DOWN,0.47433831884609745,False
2026-06-15,ICICI Bank,0.5046756075172798,UP,DOWN,0.4973515913446236,False
2026-06-15,ITC,1.3025356302537316,UP,DOWN,0.4997838627564675,False
2026-06-15,Infosys,0.7665830456182077,UP,DOWN,0.4957812284147019,False
2026-06-15,M&M,0.1148535066695544,UP,DOWN,0.4857172626562515,False
2026-06-15,Maruti Suzuki,-0.8257877580586714,DOWN,DOWN,0.400297802551776,True
2026-06-15,NTPC,2.1401843030240286,UP,UP,0.5561122671437303,True
2026-06-15,ONGC,1.8674340922375965,UP,UP,0.5747337916253136,True
2026-06-15,Reliance,1.66794558746175,UP,UP,0.5085410057377887,True
2026-06-15,SBI,-0.5436634104617921,DOWN,DOWN,0.48331647261850846,True
2026-06-15,Sun Pharma,-0.2934689273601853,DOWN,UP,0.5082026775963796,False
2026-06-15,TCS,1.7113783533765137,UP,UP,0.5564401901823207,True
2026-06-15,Tata Steel,-0.648823391736153,DOWN,UP,0.5299086038324058,False
2026-06-15,Wipro,0.7112103051084784,UP,UP,0.5657351493019267,True
2026-06-16,Axis Bank,-1.0836880198401566,DOWN,DOWN,0.49759169828184885,True
2026-06-16,Bharti Airtel,1.225037839820553,UP,DOWN,0.468389296700054,False
2026-06-16,Dr Reddy's,-0.6186877800153257,DOWN,UP,0.5409864577292695,False
2026-06-16,HCLTech,0.6729981732635837,UP,UP,0.5309116293282332,True
2026-06-16,HDFC Bank,0.2802842532101168,UP,UP,0.531418430769282,True
2026-06-16,Hindustan Unilever,-0.1045413332238398,DOWN,UP,0.5118731302502184,False
2026-06-16,ICICI Bank,0.1873641541267678,UP,UP,0.5009871037663753,True
2026-06-16,ITC,-0.3085869759365756,DOWN,UP,0.5009670609498742,False
2026-06-16,Infosys,1.2329464748994212,UP,UP,0.5403638230840485,True
2026-06-16,M&M,-0.159342240211846,DOWN,UP,0.5022631671061134,False
2026-06-16,Maruti Suzuki,-0.4455481703308783,DOWN,DOWN,0.4292498759427081,True
2026-06-16,NTPC,0.0,DOWN,UP,0.5001327417063861,False
2026-06-16,ONGC,-1.289281622718752,DOWN,UP,0.503830148843754,False
2026-06-16,Reliance,0.2934905328449755,UP,UP,0.5266293434458477,True
2026-06-16,SBI,1.1031234454535577,UP,DOWN,0.4803990242276915,False
2026-06-16,Sun Pharma,1.0940230897083625,UP,UP,0.5168834869630421,True
2026-06-16,TCS,1.091405184174632,UP,UP,0.5549190066880433,True
2026-06-16,Tata Steel,1.5357114830795826,UP,UP,0.5325418728788994,True
2026-06-16,Wipro,0.9853851589208596,UP,UP,0.5500766707735231,True
2026-06-17,Axis Bank,0.6810238363764487,UP,UP,0.5275691214867974,True
2026-06-17,Bharti Airtel,-0.0479768815469516,DOWN,DOWN,0.4675743750367815,True
2026-06-17,Dr Reddy's,-0.118203309692666,DOWN,UP,0.5034038441327586,False
2026-06-17,HCLTech,-0.4285224366438522,DOWN,UP,0.5336558104479877,False
2026-06-17,HDFC Bank,1.5118821983451047,UP,UP,0.5270300721524452,True
2026-06-17,Hindustan Unilever,0.9510330094196772,UP,DOWN,0.48270072988008655,False
2026-06-17,ICICI Bank,0.4114302662407532,UP,UP,0.5188221319722781,True
2026-06-17,ITC,0.1375731372259325,UP,UP,0.5393395261054034,True
2026-06-17,Infosys,-2.608616433066724,DOWN,UP,0.5491083670123762,False
2026-06-17,M&M,0.1149126294637259,UP,DOWN,0.4883055416716674,False
2026-06-17,Maruti Suzuki,-1.0711665443873808,DOWN,DOWN,0.36850863012436236,True
2026-06-17,NTPC,1.800035053802107,UP,DOWN,0.481906724174774,False
2026-06-17,ONGC,0.1224502252072712,UP,UP,0.5300228527493899,True
2026-06-17,Reliance,-0.3451621335989863,DOWN,UP,0.5371492321599924,False
2026-06-17,SBI,1.5781735189356991,UP,DOWN,0.4794446585847731,False
2026-06-17,Sun Pharma,0.2417064576495375,UP,DOWN,0.4713818801098753,False
2026-06-17,TCS,-0.8861876370614086,DOWN,UP,0.5191276719527876,False
2026-06-17,Tata Steel,0.7587607694612863,UP,UP,0.5451811616697545,True
2026-06-17,Wipro,-0.883615152613515,DOWN,UP,0.5135098174822191,False
2026-06-18,Axis Bank,-0.1617492251573038,DOWN,UP,0.5041466141111894,False
2026-06-18,Bharti Airtel,1.9202047718369863,UP,UP,0.5321962299164485,True
2026-06-18,Dr Reddy's,0.3629172059911312,UP,UP,0.5034038441327586,True
2026-06-18,HCLTech,-2.5908156645897185,DOWN,UP,0.5060399340158857,False
2026-06-18,HDFC Bank,-2.403005282482007,DOWN,UP,0.5215045993269156,False
2026-06-18,Hindustan Unilever,-1.077300083107957,DOWN,UP,0.5122226966055489,False
2026-06-18,ICICI Bank,0.3128921268789053,UP,UP,0.5036933952936867,True
2026-06-18,ITC,0.4636806222965584,UP,UP,0.5034300677455993,True
2026-06-18,Infosys,-6.749443510947895,DOWN,UP,0.5276355001395463,False
2026-06-18,M&M,-1.967159291307985,DOWN,DOWN,0.4683278472380209,True
2026-06-18,Maruti Suzuki,-0.6600415307030594,DOWN,DOWN,0.3926770981791328,True
2026-06-18,NTPC,1.0636760480989826,UP,UP,0.5096258234052702,True
2026-06-18,ONGC,0.3872796316442439,UP,UP,0.5252763938797972,True
2026-06-18,Reliance,-1.4004951380058197,DOWN,UP,0.5065203049793597,False
2026-06-18,SBI,-0.7288746467664087,DOWN,DOWN,0.49489789258964195,True
2026-06-18,Sun Pharma,0.7398070823523728,UP,DOWN,0.46734900504801713,False
2026-06-18,TCS,-3.553762406067696,DOWN,DOWN,0.4995314218431698,True
2026-06-18,Tata Steel,-0.7779760250124723,DOWN,UP,0.5232922807120266,False
2026-06-18,Wipro,-1.1157259500065295,DOWN,UP,0.554832730744125,False
2026-06-19,Axis Bank,0.0515465910074564,UP,UP,0.5034731843210428,True
2026-06-19,Bharti Airtel,0.3035339444003693,UP,UP,0.5080153844179738,True
2026-06-19,Dr Reddy's,1.4621473109745375,UP,UP,0.5062248492884996,True
2026-06-19,HCLTech,-0.1060308583235691,DOWN,UP,0.5352850350057615,False
2026-06-19,HDFC Bank,0.8463755737895706,UP,UP,0.5242540003959862,True
2026-06-19,Hindustan Unilever,-0.4420028652536434,DOWN,DOWN,0.49379824545872986,True
2026-06-19,ICICI Bank,0.4381748543678121,UP,UP,0.5211293636066449,True
2026-06-19,ITC,-0.4273504273504258,DOWN,UP,0.5037093719258768,False
2026-06-19,Infosys,1.3315578918501547,UP,UP,0.606186345230321,True
2026-06-19,M&M,-0.3707605796585023,DOWN,UP,0.5108071921166125,False
2026-06-19,Maruti Suzuki,0.1941022769690104,UP,DOWN,0.3701051068423168,False
2026-06-19,NTPC,0.3417167965318324,UP,DOWN,0.49518577997315005,False
2026-06-19,ONGC,-0.3248743357392114,DOWN,UP,0.5181332039844296,False
2026-06-19,Reliance,1.298205421916765,UP,UP,0.5182604303850955,True
2026-06-19,SBI,0.5458433530407758,UP,DOWN,0.47595586389276023,False
2026-06-19,Sun Pharma,1.338191531987354,UP,DOWN,0.47591640103546906,False
2026-06-19,TCS,0.1317670036764751,UP,UP,0.5033858438234355,True
2026-06-19,Tata Steel,0.0050233747982852,UP,UP,0.5225304809020018,True
2026-06-19,Wipro,-0.3429260871190775,DOWN,UP,0.5894652737152153,False
2026-06-22,Axis Bank,0.3606671943262141,UP,UP,0.5183409331912842,True
2026-06-22,Bharti Airtel,-0.7826359277404382,DOWN,UP,0.5281151165163014,False
2026-06-22,Dr Reddy's,0.8212673787293401,UP,UP,0.5098238625442442,True
2026-06-22,HCLTech,-1.8575851393188847,DOWN,UP,0.5242148055615875,False
2026-06-22,HDFC Bank,-1.4941505131252697,DOWN,UP,0.5235351586494505,False
2026-06-22,Hindustan Unilever,-1.1350545011648894,DOWN,UP,0.5214762134232438,False
2026-06-22,ICICI Bank,-1.0425891253622588,DOWN,UP,0.5188221319722781,False
2026-06-22,ITC,-0.4291845493562207,DOWN,UP,0.5126510498309647,False
2026-06-22,Infosys,-3.388396354298129,DOWN,DOWN,0.4591727299193741,True
2026-06-22,M&M,-0.8519897612994098,DOWN,DOWN,0.4857329726534488,True
2026-06-22,Maruti Suzuki,0.2235302883540679,UP,DOWN,0.42577455014718285,False
2026-06-22,NTPC,-0.6674790276345322,DOWN,DOWN,0.48465831187074276,True
2026-06-22,ONGC,-0.4481527229183601,DOWN,UP,0.5309557388078043,False
2026-06-22,Reliance,-1.2815680361854542,DOWN,UP,0.5193695274437582,False
2026-06-22,SBI,-1.5902040670790265,DOWN,DOWN,0.48838012336520076,True
2026-06-22,Sun Pharma,0.2737653936926376,UP,DOWN,0.4949574033135142,False
2026-06-22,TCS,-3.20518608923972,DOWN,UP,0.5109993891964265,False
2026-06-22,Tata Steel,-2.719004688605542,DOWN,UP,0.5298951461458599,False
2026-06-22,Wipro,-3.1579461726673697,DOWN,DOWN,0.47835538326371435,True
2026-06-23,Axis Bank,1.5401540154015292,UP,UP,0.5152880450063062,True
2026-06-23,Bharti Airtel,-1.2778674310996885,DOWN,DOWN,0.4566514235206545,True
2026-06-23,Dr Reddy's,2.082530897493018,UP,UP,0.5300027162525465,True
2026-06-23,HCLTech,0.396577234255302,UP,UP,0.5031027114424172,True
2026-06-23,HDFC Bank,2.394628181545566,UP,UP,0.5201816737536823,True
2026-06-23,Hindustan Unilever,-0.1064788076543532,DOWN,UP,0.5057214665361721,False
2026-06-23,ICICI Bank,2.6376690928706648,UP,UP,0.5183298370417246,True
2026-06-23,ITC,0.1206917598329804,UP,UP,0.5063157563234769,True
2026-06-23,Infosys,2.6522807211457837,UP,UP,0.5818954983451884,True
2026-06-23,M&M,0.895530594100169,UP,DOWN,0.4874320290698008,False
2026-06-23,Maruti Suzuki,-1.5091814734963904,DOWN,DOWN,0.3738730340651008,True
2026-06-23,NTPC,-2.0707674668560827,DOWN,DOWN,0.46780827296941196,True
2026-06-23,ONGC,-1.7802357253360437,DOWN,UP,0.5070244991431179,False
2026-06-23,Reliance,0.3130947373759074,UP,UP,0.5099518009087518,True
2026-06-23,SBI,1.0154291066078347,UP,DOWN,0.4880689183737057,False
2026-06-23,Sun Pharma,0.3426137266628659,UP,DOWN,0.493000159894035,False
2026-06-23,TCS,2.3985191299983555,UP,DOWN,0.4945072653841345,False
2026-06-23,Tata Steel,-1.7565581418522047,DOWN,UP,0.5458269493709788,False
2026-06-23,Wipro,-0.0057365839359779,DOWN,UP,0.5258800310916327,False
2026-06-24,Axis Bank,-0.5272696878385719,DOWN,UP,0.5041526465659559,False
2026-06-24,Bharti Airtel,-1.4169337327218812,DOWN,DOWN,0.4862324987466054,True
2026-06-24,Dr Reddy's,1.6636536570138638,UP,DOWN,0.48449361573256844,False
2026-06-24,HCLTech,-1.185032135099473,DOWN,DOWN,0.47903481443172435,True
2026-06-24,HDFC Bank,0.3908189029538711,UP,UP,0.5374105202205244,True
2026-06-24,Hindustan Unilever,0.7600288243879039,UP,UP,0.5057214665361721,True
2026-06-24,ICICI Bank,1.0119412246009318,UP,DOWN,0.4830978940979599,False
2026-06-24,ITC,-0.1205462704177984,DOWN,UP,0.5499383434384585,False
2026-06-24,Infosys,-1.4575075496781498,DOWN,UP,0.5018366163502657,False
2026-06-24,M&M,3.8407554632688967,UP,DOWN,0.4578760598165187,False
2026-06-24,Maruti Suzuki,3.75150966183575,UP,DOWN,0.3721570399536393,False
2026-06-24,NTPC,-1.4003641425410662,DOWN,UP,0.5041584458775488,False
2026-06-24,ONGC,-2.8749974568685,DOWN,UP,0.5151721664038953,False
2026-06-24,Reliance,0.342570042907675,UP,UP,0.5108623583342098,True
2026-06-24,SBI,1.043886437558483,UP,DOWN,0.47106462053068154,False
2026-06-24,Sun Pharma,-0.61886339281092,DOWN,DOWN,0.4975838313008854,True
2026-06-24,TCS,-0.6780487827465653,DOWN,UP,0.5186706091617924,False
2026-06-24,Tata Steel,-0.7625141566670157,DOWN,UP,0.5479938257500261,False
2026-06-24,Wipro,0.2980308833070877,UP,DOWN,0.4955141332177644,False
2026-06-25,Axis Bank,0.0,DOWN,DOWN,0.4907994137321543,True
2026-06-25,Bharti Airtel,0.0,DOWN,DOWN,0.49479228075740084,True
2026-06-25,Dr Reddy's,0.0,DOWN,UP,0.5262683656191613,False
2026-06-25,HCLTech,0.0,DOWN,UP,0.5113745458554636,False
2026-06-25,HDFC Bank,0.0,DOWN,UP,0.5270300721524452,False
2026-06-25,Hindustan Unilever,0.0,DOWN,DOWN,0.4998955161985636,True
2026-06-25,ICICI Bank,0.0,DOWN,UP,0.502492850914803,False
2026-06-25,ITC,0.0,DOWN,UP,0.5150249460733546,False
2026-06-25,Infosys,0.0,DOWN,UP,0.5162149396759831,False
2026-06-25,M&M,0.0,DOWN,UP,0.5010898780284637,False
2026-06-25,Maruti Suzuki,0.0,DOWN,UP,0.5235572990227727,False
2026-06-25,NTPC,0.0,DOWN,DOWN,0.4898394754503049,True
2026-06-25,ONGC,0.0,DOWN,UP,0.5968627612016096,False
2026-06-25,Reliance,0.0,DOWN,UP,0.5041128121311369,False
2026-06-25,SBI,0.0,DOWN,DOWN,0.4843423589048395,True
2026-06-25,Sun Pharma,0.0,DOWN,DOWN,0.4870474562577322,True
2026-06-25,TCS,0.0,DOWN,UP,0.5192204632294577,False
2026-06-25,Tata Steel,0.0,DOWN,UP,0.5395131127156192,False
2026-06-25,Wipro,0.0,DOWN,UP,0.5171239651248908,False
2026-06-26,Axis Bank,-1.481259299086635,DOWN,UP,0.5769432229376282,False
2026-06-26,Bharti Airtel,-0.5187213399913349,DOWN,UP,0.5731382660492771,False
2026-06-26,Dr Reddy's,1.865971949046652,UP,UP,0.5676537156320836,True
2026-06-26,HCLTech,0.1544538309806942,UP,UP,0.5788765488058657,True
2026-06-26,HDFC Bank,0.3265147131673362,UP,UP,0.5551436090237332,True
2026-06-26,Hindustan Unilever,-1.0532565016114104,DOWN,UP,0.5784107078312565,False
2026-06-26,ICICI Bank,0.0072054476351279,UP,UP,0.5505397779262082,True
2026-06-26,ITC,0.2413835196659386,UP,UP,0.6081719753377982,True
2026-06-26,Infosys,-0.4321936430111472,DOWN,UP,0.5758875660019894,False
2026-06-26,M&M,-2.8030907089614643,DOWN,UP,0.6072581462815922,False
2026-06-26,Maruti Suzuki,-2.4226991633321204,DOWN,DOWN,0.49261041306695164,True
2026-06-26,NTPC,1.1504100130600214,UP,UP,0.5384829446082625,True
2026-06-26,ONGC,0.4075490876737087,UP,UP,0.5860515360338044,True
2026-06-26,Reliance,-1.297320074551711,DOWN,UP,0.5690401575248001,False
2026-06-26,SBI,-0.8896162818953002,DOWN,UP,0.5248628292011815,False
2026-06-26,Sun Pharma,0.644191522732096,UP,UP,0.5432975068553915,True
2026-06-26,TCS,0.152764178472653,UP,UP,0.5802217664223309,True
2026-06-26,Tata Steel,0.4557260239280936,UP,UP,0.5665224255720256,True
2026-06-26,Wipro,0.2742832728794608,UP,UP,0.5720085510656682,True
2026-06-30,Axis Bank,1.7091477175109393,UP,UP,0.5211473830361008,True
2026-06-30,Bharti Airtel,1.025917926565878,UP,UP,0.5036196941443324,True
2026-06-30,Dr Reddy's,-1.267404869302191,DOWN,UP,0.5158950942758095,False
2026-06-30,HCLTech,-3.5081261376467388,DOWN,UP,0.5155350010386849,False
2026-06-30,HDFC Bank,-0.2255765104871909,DOWN,UP,0.5216054630467354,False
2026-06-30,Hindustan Unilever,3.011993687981551,UP,UP,0.5161436980698489,True
2026-06-30,ICICI Bank,0.3345039135821626,UP,DOWN,0.4890639806965343,False
2026-06-30,ITC,1.1674422176084498,UP,UP,0.5353491640490814,True
2026-06-30,Infosys,-1.509399865312655,DOWN,UP,0.6236769173096728,False
2026-06-30,M&M,1.9942632363827428,UP,UP,0.5204377476521422,True
2026-06-30,Maruti Suzuki,1.983705278072967,UP,DOWN,0.4750414615088922,False
2026-06-30,NTPC,0.3504836734590899,UP,DOWN,0.45629102903820645,False
2026-06-30,ONGC,0.0383191140989724,UP,UP,0.5397685176445219,True
2026-06-30,Reliance,1.0897268196839782,UP,UP,0.508140734044299,True
2026-06-30,SBI,1.9962994948507395,UP,UP,0.5028388387577675,True
2026-06-30,Sun Pharma,0.1986550964765188,UP,UP,0.508154027111924,True
2026-06-30,TCS,-2.4070895601310704,DOWN,UP,0.5614886407919043,False
2026-06-30,Tata Steel,-1.5367432878690468,DOWN,UP,0.5263596156562801,False
2026-06-30,Wipro,-0.152587891171585,DOWN,UP,0.523995924226116,False
2026-07-01,Axis Bank,-0.4456766131038958,DOWN,UP,0.5312143094235158,False
2026-07-01,Bharti Airtel,0.2137894174238486,UP,DOWN,0.4619542339452492,False
2026-07-01,Dr Reddy's,0.4328626503569799,UP,UP,0.512196325913033,True
2026-07-01,HCLTech,4.2448294804421804,UP,UP,0.5495370109742287,True
2026-07-01,HDFC Bank,-0.0314011169168737,DOWN,UP,0.5317606589462981,False
2026-07-01,Hindustan Unilever,1.3107285818629633,UP,UP,0.5103878921886902,True
2026-07-01,ICICI Bank,1.4639766964083645,UP,UP,0.5054728816698961,True
2026-07-01,ITC,-0.1377863979689975,DOWN,UP,0.5444034406343541,False
2026-07-01,Infosys,5.642955172021824,UP,UP,0.6465177754736102,True
2026-07-01,M&M,1.450476113218846,UP,UP,0.5001245816867699,True
2026-07-01,Maruti Suzuki,-0.3265022577283782,DOWN,DOWN,0.4136648121287688,True
2026-07-01,NTPC,0.0977943865561714,UP,DOWN,0.46667173592936756,False
2026-07-01,ONGC,0.4127840325240273,UP,UP,0.5003603127726386,True
2026-07-01,Reliance,-0.3440366972477071,DOWN,UP,0.5222421972383413,False
2026-07-01,SBI,0.4009882636984319,UP,DOWN,0.4784197702575667,False
2026-07-01,Sun Pharma,0.2572097821088581,UP,UP,0.5063737080625346,True
2026-07-01,TCS,4.312525124744049,UP,UP,0.5698367843157743,True
2026-07-01,Tata Steel,1.3501107224287212,UP,UP,0.5469148199483149,True
2026-07-01,Wipro,2.2747281526578345,UP,UP,0.5540388163566655,True
2026-07-02,Axis Bank,-1.504476762608531,DOWN,DOWN,0.49975008812872335,True
2026-07-02,Bharti Airtel,1.8880013020833308,UP,DOWN,0.4609834909356144,False
2026-07-02,Dr Reddy's,2.1104276915021813,UP,UP,0.5079043125258391,True
2026-07-02,HCLTech,5.648829031923852,UP,DOWN,0.494134503429785,False
2026-07-02,HDFC Bank,0.6470615932820944,UP,UP,0.5243829685959884,True
2026-07-02,Hindustan Unilever,-0.4252305287754776,DOWN,UP,0.5103878921886902,False
2026-07-02,ICICI Bank,0.8142874581473114,UP,DOWN,0.49244636044498535,False
2026-07-02,ITC,0.0172536431872982,UP,UP,0.5367878408357419,True
2026-07-02,Infosys,0.6052384100345032,UP,UP,0.5385598844663321,True
2026-07-02,M&M,-1.2124457134228497,DOWN,UP,0.5010782645193422,False
2026-07-02,Maruti Suzuki,0.1254530248118168,UP,DOWN,0.4705142643420395,False
2026-07-02,NTPC,-0.502439021065948,DOWN,DOWN,0.47262150359258326,True
2026-07-02,ONGC,0.7967407910371982,UP,UP,0.5097108282533472,True
2026-07-02,Reliance,0.038358266206373,UP,UP,0.5224093287553064,True
2026-07-02,SBI,-1.1030787233970885,DOWN,UP,0.5190236290573146,False
2026-07-02,Sun Pharma,1.8065231869655247,UP,UP,0.5006426766736812,True
2026-07-02,TCS,1.2281756754682904,UP,UP,0.5128504046022653,True
2026-07-02,Tata Steel,1.1349735725446175,UP,UP,0.537427563863211,True
2026-07-02,Wipro,1.195403351180846,UP,UP,0.5386137518777993,True
2026-07-03,Axis Bank,-0.1862752436835868,DOWN,DOWN,0.49491522749952216,True
2026-07-03,Bharti Airtel,0.8008755528834843,UP,DOWN,0.47763351672926685,False
2026-07-03,Dr Reddy's,-0.4512008792687205,DOWN,DOWN,0.49542577581081093,True
2026-07-03,HCLTech,-0.4214265871927081,DOWN,UP,0.5168745471911029,False
2026-07-03,HDFC Bank,3.595279724342504,UP,UP,0.5208862767228588,True
2026-07-03,Hindustan Unilever,0.0363460315224495,UP,UP,0.5141290409255667,True
2026-07-03,ICICI Bank,1.0982003494321102,UP,DOWN,0.49573076129266047,False
2026-07-03,ITC,-0.586312169498171,DOWN,UP,0.5459159041132267,False
2026-07-03,Infosys,-0.4774637350206778,DOWN,UP,0.5343497023261563,False
2026-07-03,M&M,2.0497960033752705,UP,UP,0.5224819617660587,True
2026-07-03,Maruti Suzuki,0.626479186969231,UP,DOWN,0.41644504927684517,False
2026-07-03,NTPC,-0.0561122738621411,DOWN,DOWN,0.47262150359258326,True
2026-07-03,ONGC,2.547930395182374,UP,UP,0.5045523693233269,True
2026-07-03,Reliance,1.3266908610525263,UP,UP,0.5224224572588096,True
2026-07-03,SBI,-0.2211585411658667,DOWN,UP,0.5001426044560664,False
2026-07-03,Sun Pharma,0.4199915894018247,UP,UP,0.5013977803508214,True
2026-07-03,TCS,-1.7148269569500885,DOWN,UP,0.5159718115398078,False
2026-07-03,Tata Steel,0.563747127621439,UP,UP,0.5402265318415407,True
2026-07-03,Wipro,-0.9995425309710204,DOWN,UP,0.521999308928226,False
2026-07-06,Axis Bank,0.1045106329932599,UP,DOWN,0.4986528749435332,False
2026-07-06,Bharti Airtel,0.0051979882010666,UP,UP,0.5339195518783839,True
2026-07-06,Dr Reddy's,-0.9722968485085026,DOWN,UP,0.5225296822072864,False
2026-07-06,HCLTech,2.9977077643911665,UP,UP,0.5224775097087327,True
2026-07-06,HDFC Bank,-0.0662755689762373,DOWN,UP,0.5325476422674766,False
2026-07-06,Hindustan Unilever,0.3088123900147677,UP,UP,0.5017457862043369,True
2026-07-06,ICICI Bank,-0.8550054687396447,DOWN,DOWN,0.4756168449246038,True
2026-07-06,ITC,0.1734605377276654,UP,UP,0.5614312933162904,True
2026-07-06,Infosys,2.840155348593809,UP,UP,0.53057871128834,True
2026-07-06,M&M,-0.1499452986798877,DOWN,UP,0.5010782645193422,False
2026-07-06,Maruti Suzuki,0.5672385168788097,UP,DOWN,0.4439264568049968,False
2026-07-06,NTPC,-0.57543516995614,DOWN,DOWN,0.47379172639454237,True
2026-07-06,ONGC,0.1148006503910226,UP,UP,0.5387958468600491,True
2026-07-06,Reliance,-0.9763130203093272,DOWN,UP,0.5072709655669144,False
2026-07-06,SBI,0.0385491406847293,UP,DOWN,0.4991688717653025,False
2026-07-06,Sun Pharma,-0.4914274453214018,DOWN,DOWN,0.4953327160493502,True
2026-07-06,TCS,1.8711118863113496,UP,UP,0.5473855832164866,True
2026-07-06,Tata Steel,-0.5658311199681298,DOWN,UP,0.5146448517303027,False
2026-07-06,Wipro,-0.7572322560563394,DOWN,UP,0.5364932269103933,False
2026-07-07,Axis Bank,-2.348993288590606,DOWN,UP,0.5058114047415844,False
2026-07-07,Bharti Airtel,-1.9576317523269715,DOWN,DOWN,0.4670782884300571,True
2026-07-07,Dr Reddy's,-0.4134043767065054,DOWN,DOWN,0.4839764703328628,True
2026-07-07,HCLTech,-1.934598230659612,DOWN,UP,0.5054653265371482,False
2026-07-07,HDFC Bank,-2.2910889038555315,DOWN,UP,0.5116735133192514,False
2026-07-07,Hindustan Unilever,-3.304961897240544,DOWN,DOWN,0.49078387625851577,True
2026-07-07,ICICI Bank,-2.410403390322491,DOWN,DOWN,0.49273474391291266,True
2026-07-07,ITC,-2.805196918966446,DOWN,UP,0.5274437150762862,False
2026-07-07,Infosys,-0.2332524618498976,DOWN,UP,0.5555401362251431,False
2026-07-07,M&M,-2.937676924432964,DOWN,UP,0.5032756822560515,False
2026-07-07,Maruti Suzuki,-4.037694318338147,DOWN,DOWN,0.385822820760917,True
2026-07-07,NTPC,-1.5527949775408945,DOWN,DOWN,0.4858133367376976,True
2026-07-07,ONGC,1.15488877418517,UP,UP,0.5328851735089837,True
2026-07-07,Reliance,-2.483949816078179,DOWN,UP,0.5356822635406878,False
2026-07-07,SBI,-2.042187811430129,DOWN,UP,0.5015766355064806,False
2026-07-07,Sun Pharma,-0.7985748159726302,DOWN,DOWN,0.4831545996656055,True
2026-07-07,TCS,-1.841519768040212,DOWN,UP,0.52231308398374,False
2026-07-07,Tata Steel,-0.8377661595116326,DOWN,UP,0.5127014705006244,False
2026-07-07,Wipro,-0.1618490053739152,DOWN,DOWN,0.49741104141888587,True
2026-07-08,Axis Bank,-0.908745659722221,DOWN,UP,0.5034380433573121,False
2026-07-08,Bharti Airtel,2.2774217761776905,UP,UP,0.5026077739142952,True
2026-07-08,Dr Reddy's,-5.893254262416603,DOWN,DOWN,0.4974828777036689,True
2026-07-08,HCLTech,0.418998684568761,UP,UP,0.5411736596273987,True
2026-07-08,HDFC Bank,0.8947303602641066,UP,UP,0.5425857131471872,True
2026-07-08,Hindustan Unilever,0.4073392158900235,UP,UP,0.5491340333915745,True
2026-07-08,ICICI Bank,0.0072414593441649,UP,UP,0.521197019340913,True
2026-07-08,ITC,0.4988398100592039,UP,UP,0.5225199064076106,True
2026-07-08,Infosys,-1.7301037272255515,DOWN,UP,0.536328181948505,False
2026-07-08,M&M,-0.5511715602336875,DOWN,UP,0.5433115956448671,False
2026-07-08,Maruti Suzuki,-1.5984517238907592,DOWN,DOWN,0.4759592072461382,True
2026-07-08,NTPC,-1.4338972827541483,DOWN,DOWN,0.48264708899336184,True
2026-07-08,ONGC,-1.3562777747026744,DOWN,UP,0.5384934944847235,False
2026-07-08,Reliance,0.3056684959194644,UP,UP,0.5344117717191602,True
2026-07-08,SBI,0.5113532350312866,UP,UP,0.5094444673635461,True
2026-07-08,Sun Pharma,2.674504888566398,UP,UP,0.5211541074440654,True
2026-07-08,TCS,-0.3888213851761857,DOWN,UP,0.5308497484611179,False
2026-07-08,Tata Steel,-0.1540878272238477,DOWN,DOWN,0.4997838627564675,True
2026-07-08,Wipro,0.0231549825441046,UP,DOWN,0.4882684065892453,False
2026-07-09,Axis Bank,2.01140382837568,UP,DOWN,0.49598748607647525,False
2026-07-09,Bharti Airtel,-0.5540858219227229,DOWN,UP,0.5010382290273829,False
2026-07-09,Dr Reddy's,-1.9850296314986249,DOWN,UP,0.6038077559279429,False
2026-07-09,HCLTech,1.1908858554530166,UP,UP,0.5220843594304405,True
2026-07-09,HDFC Bank,0.905146416066782,UP,UP,0.5274287218822263,True
2026-07-09,Hindustan Unilever,0.2844531432151909,UP,DOWN,0.48222462146866346,False
2026-07-09,ICICI Bank,1.4847541627419192,UP,DOWN,0.49470775887548984,False
2026-07-09,ITC,-0.10635979647301,DOWN,UP,0.5122009284418746,False
2026-07-09,Infosys,1.636843392903975,UP,UP,0.5441129069669767,True
2026-07-09,M&M,1.4260712190525604,UP,UP,0.5057641541521111,True
2026-07-09,Maruti Suzuki,0.9178321678321666,UP,DOWN,0.4291794443286622,False
2026-07-09,NTPC,0.2473015873579731,UP,UP,0.5057415010163995,True
2026-07-09,ONGC,0.5376617484913027,UP,UP,0.513179359763516,True
2026-07-09,Reliance,2.187841766816523,UP,UP,0.5094089513324366,True
2026-07-09,SBI,1.35994763194216,UP,DOWN,0.49286793647436805,False
2026-07-09,Sun Pharma,-0.165056545750708,DOWN,DOWN,0.4887969896876714,True
2026-07-09,TCS,0.951451573554518,UP,UP,0.5284722759934506,True
2026-07-09,Tata Steel,1.7455157870120086,UP,UP,0.5090494067854254,True
2026-07-09,Wipro,1.562868889142277,UP,UP,0.5239378438696659,True
2026-07-10,Axis Bank,-0.3248414985590808,DOWN,UP,0.5137799474866236,False
2026-07-10,Bharti Airtel,-0.9685469355069642,DOWN,DOWN,0.4982265425334874,True
2026-07-10,Dr Reddy's,-0.78759531009861,DOWN,DOWN,0.4680126700142611,True
2026-07-10,HCLTech,4.905074889052963,UP,UP,0.5374913204810035,True
2026-07-10,HDFC Bank,-0.8485362623697035,DOWN,UP,0.5378043114014901,False
2026-07-10,Hindustan Unilever,-0.9299729885531184,DOWN,DOWN,0.4988794525705312,True
2026-07-10,ICICI Bank,0.5923529201655509,UP,UP,0.5164061014621172,True
2026-07-10,ITC,-0.7453437811945407,DOWN,DOWN,0.4903917652998247,True
2026-07-10,Infosys,3.2396980885709192,UP,UP,0.5293503636199156,True
2026-07-10,M&M,0.9906052587520976,UP,UP,0.5346304281816373,True
2026-07-10,Maruti Suzuki,-1.1476829796448706,DOWN,DOWN,0.4127066927558526,True
2026-07-10,NTPC,2.0896858110926786,UP,DOWN,0.4816716147190849,False
2026-07-10,ONGC,1.424718377988765,UP,UP,0.5162117603145496,True
2026-07-10,Reliance,-0.8334626095043873,DOWN,UP,0.5360298652373288,False
2026-07-10,SBI,0.0965250965250907,UP,UP,0.5226550200344225,True
2026-07-10,Sun Pharma,-0.7284926678345349,DOWN,UP,0.5119419551999029,False
2026-07-10,TCS,5.437409376510383,UP,UP,0.5157033224719763,True
2026-07-10,Tata Steel,-2.134003754879943,DOWN,UP,0.527085900864845,False
2026-07-10,Wipro,1.6926854258916046,UP,UP,0.5061394902898276,True
2026-07-13,Axis Bank,-0.1364293462799093,DOWN,DOWN,0.4927104139833505,True
2026-07-13,Bharti Airtel,1.824584618832925,UP,DOWN,0.48580616181917496,False
2026-07-13,Dr Reddy's,0.9477481710712832,UP,DOWN,0.47391593895412915,False
2026-07-13,HCLTech,-4.462823630782276,DOWN,UP,0.534248484517201,False
2026-07-13,HDFC Bank,-1.045294659254148,DOWN,UP,0.5034566193185078,False
2026-07-13,Hindustan Unilever,-0.4881322635728602,DOWN,UP,0.5042069244101769,False
2026-07-13,ICICI Bank,-0.1277083240954213,DOWN,UP,0.5090472110690313,False
2026-07-13,ITC,-1.4661205767926069,DOWN,DOWN,0.4903917652998247,True
2026-07-13,Infosys,-0.879734390227993,DOWN,UP,0.564544786406037,False
2026-07-13,M&M,-2.1231443990953114,DOWN,DOWN,0.49427750558116357,True
2026-07-13,Maruti Suzuki,-1.504198612632346,DOWN,DOWN,0.41244304136831517,True
2026-07-13,NTPC,-1.0234558929681947,DOWN,DOWN,0.4961143194680518,True
2026-07-13,ONGC,0.1811217362727379,UP,UP,0.5164754335670297,True
2026-07-13,Reliance,-0.3007189714430369,DOWN,UP,0.5060577257720185,False
2026-07-13,SBI,-2.082929178971804,DOWN,UP,0.517376120336792,False
2026-07-13,Sun Pharma,1.1033595764806892,UP,DOWN,0.4847562636025631,False
2026-07-13,TCS,0.8755488267820244,UP,UP,0.5562910209600695,True
2026-07-13,Tata Steel,0.6199581306853608,UP,UP,0.5399407471376106,True
2026-07-13,Wipro,-0.7229688612254814,DOWN,UP,0.5294465225288391,False
2026-07-14,Axis Bank,-0.4022409574996888,DOWN,UP,0.5048337722428198,False
2026-07-14,Bharti Airtel,-0.9398373959140228,DOWN,DOWN,0.49525821531095693,True
2026-07-14,Dr Reddy's,-1.3400699587711506,DOWN,DOWN,0.4677122159930375,True
2026-07-14,HCLTech,0.11142957765784,UP,UP,0.5218373858922761,True
2026-07-14,HDFC Bank,0.7474657289945563,UP,DOWN,0.49957825517824833,False
2026-07-14,Hindustan Unilever,-0.830103477075228,DOWN,DOWN,0.4951693558074415,True
2026-07-14,ICICI Bank,0.6038218579835775,UP,UP,0.5115699192045566,True
2026-07-14,ITC,0.3992038295215216,UP,DOWN,0.4951809215787275,False
2026-07-14,Infosys,-1.518892416059492,DOWN,UP,0.5441129069669767,False
2026-07-14,M&M,-0.3362152497400017,DOWN,UP,0.5123048625592469,False
2026-07-14,Maruti Suzuki,0.6968641114982521,UP,DOWN,0.4102169174252066,False
2026-07-14,NTPC,-1.0914800688172963,DOWN,DOWN,0.49249910581456796,True
2026-07-14,ONGC,-0.6910410859304772,DOWN,UP,0.502255678792679,False
2026-07-14,Reliance,0.1933488012374251,UP,UP,0.5088783631021446,True
2026-07-14,SBI,1.4477004942320848,UP,UP,0.5185750462904679,True
2026-07-14,Sun Pharma,0.458150135175317,UP,DOWN,0.4923259023773399,False
2026-07-14,TCS,-0.5180471679755327,DOWN,UP,0.5230336180219304,False
2026-07-14,Tata Steel,-1.5987728779507937,DOWN,UP,0.5248737073225301,False
2026-07-14,Wipro,-1.405670939225245,DOWN,UP,0.5345201862693354,False
2026-07-15,Axis Bank,-0.3581553811862314,DOWN,DOWN,0.49670013528048884,True
2026-07-15,Bharti Airtel,0.1824532091388997,UP,UP,0.5085494897592302,True
2026-07-15,Dr Reddy's,-0.4148007796614505,DOWN,UP,0.5117569227443358,False
2026-07-15,HCLTech,1.6609609943546657,UP,DOWN,0.4648661821646213,False
2026-07-15,HDFC Bank,-0.8768194625089043,DOWN,UP,0.5142477487593506,False
2026-07-15,Hindustan Unilever,-0.1997619669656614,DOWN,DOWN,0.49333409552164953,True
2026-07-15,ICICI Bank,0.141222995972079,UP,UP,0.503741381591447,True
2026-07-15,ITC,0.9759668413517276,UP,UP,0.5239378438696659,True
2026-07-15,Infosys,0.5667541864909476,UP,UP,0.5356686993743008,True
2026-07-15,M&M,1.132055778322294,UP,DOWN,0.47770331442405256,False
2026-07-15,Maruti Suzuki,1.472428771258194,UP,DOWN,0.3934675474279956,False
2026-07-15,NTPC,-0.5517624111536112,DOWN,DOWN,0.4912533965132621,True
2026-07-15,ONGC,-0.1739593367272474,DOWN,UP,0.5050698796185752,False
2026-07-15,Reliance,0.0849074168998376,UP,UP,0.5211981858385365,True
2026-07-15,SBI,0.106783381420028,UP,UP,0.5141846008905053,True
2026-07-15,Sun Pharma,-0.0717409384608069,DOWN,UP,0.5350611098356289,False
2026-07-15,TCS,0.5390119263344761,UP,UP,0.5185516652274376,True
2026-07-15,Tata Steel,0.1241557773659529,UP,UP,0.5245412667760491,True
2026-07-15,Wipro,1.769259493081421,UP,UP,0.5128024501055161,True
2026-07-16,Axis Bank,1.5983500156228736,UP,UP,0.5325781669007159,True
2026-07-16,Bharti Airtel,-0.6764491450568566,DOWN,DOWN,0.45446080313801557,True
2026-07-16,Dr Reddy's,-1.0780850195183933,DOWN,DOWN,0.46638164228542617,True
2026-07-16,HCLTech,1.3895906738036423,UP,UP,0.5048525414576008,True
2026-07-16,HDFC Bank,1.3979943045431489,UP,UP,0.5034038441327586,True
2026-07-16,Hindustan Unilever,2.163560264831621,UP,DOWN,0.49792104111362717,False
2026-07-16,ICICI Bank,1.8403679703051123,UP,UP,0.50334156610412,True
2026-07-16,ITC,0.4832668960155217,UP,UP,0.5049432560630355,True
2026-07-16,Infosys,1.3026584689491472,UP,UP,0.5057935018299694,True
2026-07-16,M&M,1.969334190203376,UP,UP,0.5074217204826069,True
2026-07-16,Maruti Suzuki,0.1451062903576883,UP,DOWN,0.38611870668785975,False
2026-07-16,NTPC,-0.1752098356337272,DOWN,DOWN,0.487169305934746,True
2026-07-16,ONGC,0.2188422638836229,UP,UP,0.514757095165636,True
2026-07-16,Reliance,2.3600166714571547,UP,UP,0.5058114047415844,True
2026-07-16,SBI,1.2703741540486702,UP,UP,0.5017772393622767,True
2026-07-16,Sun Pharma,-0.8973898886769582,DOWN,UP,0.508355962243931,False
2026-07-16,TCS,3.0895047705588263,UP,UP,0.5256170612443564,True
2026-07-16,Tata Steel,0.2156417513821784,UP,UP,0.5249779070787954,True
2026-07-16,Wipro,-0.9789610888872092,DOWN,UP,0.5063632218857682,False
2026-07-17,Axis Bank,-5.457282649604823,DOWN,UP,0.5019939570619713,False
2026-07-17,Bharti Airtel,1.6397698007723838,UP,DOWN,0.4860856211289118,False
2026-07-17,Dr Reddy's,0.9824987527904838,UP,UP,0.5695743569504551,True
2026-07-17,HCLTech,1.4453047646154182,UP,UP,0.5090980348501889,True
2026-07-17,HDFC Bank,-5.1244511043297525,DOWN,UP,0.5070447053461398,False
2026-07-17,Hindustan Unilever,-0.1912537346237752,DOWN,UP,0.5357430378925964,False
2026-07-17,ICICI Bank,1.1008725199899372,UP,DOWN,0.4851821441282281,False
2026-07-17,ITC,0.7125044221675703,UP,UP,0.5050774286386732,True
2026-07-17,Infosys,-0.8572753683595558,DOWN,UP,0.5101101883490314,False
2026-07-17,M&M,-0.4309244898807018,DOWN,DOWN,0.4956979331952089,True
2026-07-17,Maruti Suzuki,-2.0937477359994183,DOWN,DOWN,0.45715477624562906,True
2026-07-17,NTPC,1.5796383794269175,UP,DOWN,0.4834818625120863,False
2026-07-17,ONGC,0.9260417352481288,UP,UP,0.5067291904090486,True
2026-07-17,Reliance,-0.3089192086179193,DOWN,UP,0.5051699821374646,False
2026-07-17,SBI,1.5033946603270731,UP,UP,0.5043386828639721,True
2026-07-17,Sun Pharma,1.2315041461650411,UP,UP,0.5033256241497502,True
2026-07-17,TCS,-0.7888894818752767,DOWN,UP,0.5237151208285763,False
2026-07-17,Tata Steel,0.2797376266438389,UP,UP,0.5051920270586377,True
2026-07-17,Wipro,0.215911865234375,UP,UP,0.5272319285549983,True
2026-07-20,Axis Bank,0.1751553480792145,UP,UP,0.5317430941518945,True
2026-07-20,Bharti Airtel,0.4278155214974655,UP,DOWN,0.4842927935782013,False
2026-07-20,Dr Reddy's,-1.3980848603766471,DOWN,UP,0.5313119215358364,False
2026-07-20,HCLTech,1.4902112866808093,UP,UP,0.5302165493380493,True
2026-07-20,HDFC Bank,-2.076898647886005,DOWN,UP,0.551502829186873,False
2026-07-20,Hindustan Unilever,0.1308617512745913,UP,UP,0.5290531259716195,True
2026-07-20,ICICI Bank,0.1986046097135707,UP,DOWN,0.4745149490353211,False
2026-07-20,ITC,-0.6013484731604013,DOWN,UP,0.5301734567163034,False
2026-07-20,Infosys,-1.2510326456963816,DOWN,UP,0.5384645626661135,False
2026-07-20,M&M,1.1435776708853318,UP,DOWN,0.49831815455853,False
2026-07-20,Maruti Suzuki,0.6141778895959682,UP,DOWN,0.4047852736490492,False
2026-07-20,NTPC,0.3743665350522063,UP,UP,0.5031724000207649,True
2026-07-20,ONGC,0.1242076914494072,UP,DOWN,0.4893298425512188,False
2026-07-20,Reliance,-1.4662553678508772,DOWN,DOWN,0.4978963733267,True
2026-07-20,SBI,-1.4716958099941002,DOWN,DOWN,0.49002350678955287,True
2026-07-20,Sun Pharma,0.2811286000493407,UP,DOWN,0.48758710427435814,False
2026-07-20,TCS,-1.3326817421950632,DOWN,UP,0.5378250728883939,False
2026-07-20,Tata Steel,0.4452560564073948,UP,UP,0.588734918472515,True
2026-07-20,Wipro,-0.7994124181174511,DOWN,UP,0.5094158865538826,False
2026-07-21,Axis Bank,-1.5736709208557076,DOWN,UP,0.5103528282255402,False
2026-07-21,Bharti Airtel,0.0307932446325098,UP,DOWN,0.4852172568732362,False
2026-07-21,Dr Reddy's,-1.9237107107690663,DOWN,UP,0.5633443506383962,False
2026-07-21,HCLTech,-0.1774869844191173,DOWN,UP,0.5249322315045621,False
2026-07-21,HDFC Bank,-1.0900239884311769,DOWN,UP,0.5143755022005003,False
2026-07-21,Hindustan Unilever,0.5647653515169271,UP,UP,0.5028357151715522,True
2026-07-21,ICICI Bank,-1.5309975249703456,DOWN,DOWN,0.49254503123443766,True
2026-07-21,ITC,-0.0711787213634296,DOWN,DOWN,0.4993703586003655,True
2026-07-21,Infosys,-1.993481547653708,DOWN,DOWN,0.4993816290519092,True
2026-07-21,M&M,-0.8245589139009524,DOWN,DOWN,0.4647832101983185,True
2026-07-21,Maruti Suzuki,-0.3824373023461058,DOWN,DOWN,0.4837138930839532,True
2026-07-21,NTPC,0.5594641444054638,UP,DOWN,0.47738066382634486,False
2026-07-21,ONGC,0.804351719454699,UP,DOWN,0.48271707470055836,False
2026-07-21,Reliance,-1.1582400975289064,DOWN,DOWN,0.4970373829427463,True
2026-07-21,SBI,-1.857528146358145,DOWN,UP,0.5047713074640062,False
2026-07-21,Sun Pharma,-0.9633530852168226,DOWN,DOWN,0.485319704863808,True
2026-07-21,TCS,-0.5762932000062393,DOWN,UP,0.537495667528319,False
2026-07-21,Tata Steel,-0.3791960548159334,DOWN,UP,0.5450841885065756,False
2026-07-21,Wipro,-0.3029083703487867,DOWN,DOWN,0.49115314714541036,True
2026-07-22,Axis Bank,-1.2435419985839302,DOWN,UP,0.5569492809177436,False
2026-07-22,Bharti Airtel,-0.9235505387378162,DOWN,DOWN,0.45993430175923883,True
2026-07-22,Dr Reddy's,-1.3949948697032588,DOWN,UP,0.5919928772055538,False
2026-07-22,HCLTech,0.5980685405095221,UP,UP,0.5416502080541374,True
2026-07-22,HDFC Bank,-0.7833797016275179,DOWN,UP,0.5331868185986568,False
2026-07-22,Hindustan Unilever,0.3341664738485406,UP,DOWN,0.48994024642067724,False
2026-07-22,ICICI Bank,-0.4234036088483051,DOWN,UP,0.5048658083879136,False
2026-07-22,ITC,0.1780626858034706,UP,UP,0.5046639634261699,True
2026-07-22,Infosys,-0.4467209657768034,DOWN,DOWN,0.4978992528917196,True
2026-07-22,M&M,1.7132208455017397,UP,DOWN,0.4887450639166688,False
2026-07-22,Maruti Suzuki,-1.0483573274270963,DOWN,DOWN,0.409299646115333,True
2026-07-22,NTPC,-0.5420809975704377,DOWN,DOWN,0.4711929695663548,True
2026-07-22,ONGC,0.1865824660941539,UP,DOWN,0.47960937087638333,False
2026-07-22,Reliance,-1.272700971968066,DOWN,UP,0.5107939017227741,False
2026-07-22,SBI,-1.2097584794207197,DOWN,UP,0.5288948361852329,False
2026-07-22,Sun Pharma,0.5661348430262558,UP,DOWN,0.4785463578504355,False
2026-07-22,TCS,1.5668094348857189,UP,UP,0.5125258692520515,True
2026-07-22,Tata Steel,-1.2330472668255488,DOWN,UP,0.5049400179399388,False
2026-07-22,Wipro,0.2178427410536976,UP,UP,0.57872575814114,True
2026-07-23,Axis Bank,0.3515984323896104,UP,DOWN,0.4916233308103494,False
2026-07-23,Bharti Airtel,-1.6986042893902151,DOWN,DOWN,0.4985116522335353,True
2026-07-23,Dr Reddy's,-1.2518303219587357,DOWN,UP,0.6370164130594557,False
2026-07-23,HCLTech,2.112962951702846,UP,UP,0.5164936997669469,True
2026-07-23,HDFC Bank,-0.5955185288767151,DOWN,UP,0.5069209350203997,False
2026-07-23,Hindustan Unilever,-0.7771324104295374,DOWN,DOWN,0.49911089388778584,True
2026-07-23,ICICI Bank,-0.1184965287052031,DOWN,UP,0.5005268407002861,False
2026-07-23,ITC,0.7643172795460229,UP,UP,0.5229174006546622,True
2026-07-23,Infosys,-0.6205842895255054,DOWN,UP,0.5197166465829697,False
2026-07-23,M&M,-2.114749043586628,DOWN,DOWN,0.4842927935782013,True
2026-07-23,Maruti Suzuki,0.2909796314257917,UP,DOWN,0.4501835243364499,False
2026-07-23,NTPC,-0.401604667806188,DOWN,DOWN,0.47091458729428753,True
2026-07-23,ONGC,-1.4304397036879135,DOWN,DOWN,0.4690393569108088,True
2026-07-23,Reliance,0.4559070154642297,UP,UP,0.5048118347558972,True
2026-07-23,SBI,0.2370160450254399,UP,UP,0.517161852790371,True
2026-07-23,Sun Pharma,-0.6601854869018764,DOWN,DOWN,0.4852037891248672,True
2026-07-23,TCS,0.508277095757248,UP,UP,0.5134843042862403,True
2026-07-23,Tata Steel,-0.8467663218647781,DOWN,UP,0.5114561594460962,False
2026-07-23,Wipro,1.315631905164727,UP,UP,0.5088734330156254,True
2026-07-24,Axis Bank,0.0162919550166895,UP,DOWN,0.467541795151253,False
2026-07-24,Bharti Airtel,0.374043717147221,UP,DOWN,0.4843747396714901,False
2026-07-24,Dr Reddy's,-0.0781368743511978,DOWN,UP,0.5441648958442306,False
2026-07-24,HCLTech,1.95908925366346,UP,DOWN,0.47977966248743087,False
2026-07-24,HDFC Bank,-0.4375336636254556,DOWN,UP,0.5371988757699986,False
2026-07-24,Hindustan Unilever,1.3799579326922995,UP,UP,0.5124318707236548,True
2026-07-24,ICICI Bank,0.8932881945512339,UP,UP,0.5026906162462308,True
2026-07-24,ITC,0.846707988402362,UP,UP,0.5160140882591296,True
2026-07-24,Infosys,3.679500995244189,UP,UP,0.5187240963088925,True
2026-07-24,M&M,2.4419623488716624,UP,UP,0.5180821615337721,True
2026-07-24,Maruti Suzuki,2.142538312751085,UP,DOWN,0.45221176897254706,False
2026-07-24,NTPC,1.0368592912925578,UP,DOWN,0.47091458729428753,False
2026-07-24,ONGC,-4.100336538623783,DOWN,DOWN,0.49166398569947645,True
2026-07-24,Reliance,0.156494522691708,UP,DOWN,0.47594436921630145,False
2026-07-24,SBI,0.551721732604693,UP,DOWN,0.48040330321361413,False
2026-07-24,Sun Pharma,1.6794588633229468,UP,UP,0.5052072494721973,True
2026-07-24,TCS,1.832056422550954,UP,UP,0.5074868675539032,True
2026-07-24,Tata Steel,0.8649487309861259,UP,UP,0.5022563136558974,True
2026-07-24,Wipro,0.7960725502371924,UP,UP,0.5025356256595818,True
2026-07-27,Axis Bank,-0.3258655804480703,DOWN,DOWN,0.49235888062393757,True
2026-07-27,Bharti Airtel,-0.183698100577534,DOWN,DOWN,0.47341709589145564,True
2026-07-27,Dr Reddy's,-1.3208266073385988,DOWN,UP,0.5130567494202469,False
2026-07-27,HCLTech,1.751674569351036,UP,DOWN,0.4735145616358418,False
2026-07-27,HDFC Bank,-0.5611471093780906,DOWN,UP,0.5536085777190006,False
2026-07-27,Hindustan Unilever,-6.985199101576911,DOWN,UP,0.5284158046393229,False
2026-07-27,ICICI Bank,-1.030635875146313,DOWN,DOWN,0.49749199313016584,True
2026-07-27,ITC,-0.4198048561862455,DOWN,UP,0.5099496342262921,False
2026-07-27,Infosys,2.45552272043974,UP,UP,0.5368162382788889,True
2026-07-27,M&M,1.0066032400609437,UP,DOWN,0.4966850740052646,False
2026-07-27,Maruti Suzuki,0.5243991260014624,UP,DOWN,0.3667155651126985,False
2026-07-27,NTPC,-2.009688722432179,DOWN,DOWN,0.4977976581793313,True
2026-07-27,ONGC,0.1467161750073442,UP,UP,0.565284791938314,True
2026-07-27,Reliance,-0.9609413146972612,DOWN,UP,0.5065717654432704,False
2026-07-27,SBI,-0.7250601171784221,DOWN,DOWN,0.49463440570154404,True
2026-07-27,Sun Pharma,0.1519987877700801,UP,UP,0.5237520841561091,True
2026-07-27,TCS,4.460702996497412,UP,DOWN,0.48480646587598863,False
2026-07-27,Tata Steel,-0.8792375127204877,DOWN,UP,0.5609390633232659,False
2026-07-27,Wipro,1.4507345295467378,UP,DOWN,0.4997838627564675,False
2026-07-28,Axis Bank,0.9726215295514872,UP,DOWN,0.43941634371330063,False
2026-07-28,Bharti Airtel,2.544952208491824,UP,DOWN,0.4766277789538861,False
2026-07-28,Dr Reddy's,0.5900029399640072,UP,UP,0.5523348092320984,True
2026-07-28,HCLTech,1.9490424479014168,UP,DOWN,0.45195142266513033,False
2026-07-28,HDFC Bank,1.7405476431915146,UP,DOWN,0.4902387372813017,False
2026-07-28,Hindustan Unilever,4.701641368071052,UP,UP,0.6041307540151494,True
2026-07-28,ICICI Bank,0.4962241643584386,UP,UP,0.5432364231911374,True
2026-07-28,ITC,0.5620959556730254,UP,UP,0.5099496342262921,True
2026-07-28,Infosys,4.51298061116634,UP,UP,0.5333013231355377,True
2026-07-28,M&M,-1.5101462179361147,DOWN,DOWN,0.4837632685891731,True
2026-07-28,Maruti Suzuki,1.057817707578601,UP,DOWN,0.3696516414755629,False
2026-07-28,NTPC,-0.0727272727272687,DOWN,DOWN,0.49746954825651,True
2026-07-28,ONGC,-0.2511431477621118,DOWN,UP,0.5013011064403103,False
2026-07-28,Reliance,0.6468465376690435,UP,UP,0.5002344855674519,True
2026-07-28,SBI,0.049348597905241,UP,DOWN,0.49301132700991723,False
2026-07-28,Sun Pharma,0.6677833544925127,UP,UP,0.5091200710470135,True
2026-07-28,TCS,2.0266929798269384,UP,DOWN,0.4928678033372217,False
2026-07-28,Tata Steel,2.5406555689607258,UP,UP,0.5014946831188523,True
2026-07-28,Wipro,1.374782221892734,UP,UP,0.5323676393865652,True
2026-07-29,Axis Bank,-0.5261453676174921,DOWN,UP,0.50852122269198,False
2026-07-29,Bharti Airtel,0.3384318439903611,UP,DOWN,0.49525821531095693,False
2026-07-29,Dr Reddy's,0.2188566832825422,UP,UP,0.5276838430157188,True
2026-07-29,HCLTech,0.6248532350402458,UP,DOWN,0.46736139381876735,False
2026-07-29,HDFC Bank,0.7685110807521545,UP,UP,0.5615349396142552,True
2026-07-29,Hindustan Unilever,-0.4674731445895141,DOWN,UP,0.5259052088652431,False
2026-07-29,ICICI Bank,-0.2781834572699204,DOWN,UP,0.5118469690508374,False
2026-07-29,ITC,-0.4192182382641962,DOWN,UP,0.5050774286386732,False
2026-07-29,Infosys,-0.0432675675461569,DOWN,UP,0.5366005288948384,False
2026-07-29,M&M,1.9212831772805083,UP,UP,0.5166569322700004,True
2026-07-29,Maruti Suzuki,1.7206767995411545,UP,DOWN,0.3893695324132012,False
2026-07-29,NTPC,0.3930148772971265,UP,DOWN,0.4768387034099314,False
2026-07-29,ONGC,1.3763580264778863,UP,UP,0.5096986307698703,True
2026-07-29,Reliance,1.332392795258941,UP,UP,0.5034038441327586,True
2026-07-29,SBI,1.1443263767786815,UP,DOWN,0.4978036249831765,False
2026-07-29,Sun Pharma,0.5628398931837086,UP,UP,0.5017590019757461,True
2026-07-29,TCS,-0.6049230866255084,DOWN,DOWN,0.4607800265372298,True
2026-07-29,Tata Steel,-0.1868991806110997,DOWN,UP,0.5180375863861333,False
2026-07-29,Wipro,1.481401455073983,UP,UP,0.516000035756643,True
2026-07-30,Axis Bank,0.0488221640506214,UP,UP,0.5086077590183302,True
2026-07-30,Bharti Airtel,0.7767758990489426,UP,DOWN,0.48580616181917496,False
2026-07-30,Dr Reddy's,0.2882535479615367,UP,UP,0.5139467796481366,True
2026-07-30,HCLTech,-0.4287666864176254,DOWN,DOWN,0.43482338335695797,True
2026-07-30,HDFC Bank,-0.7692801510793101,DOWN,UP,0.5366257087343398,False
2026-07-30,Hindustan Unilever,-0.3131008976416161,DOWN,UP,0.5193964270264322,False
2026-07-30,ICICI Bank,0.1046098036446396,UP,UP,0.5089169139325166,True
2026-07-30,ITC,-1.4207991462572012,DOWN,UP,0.5046639634261699,False
2026-07-30,Infosys,-2.16431482368602,DOWN,UP,0.5456593343655419,False
2026-07-30,M&M,3.496057816949927,UP,DOWN,0.4889555873271731,False
2026-07-30,Maruti Suzuki,0.3242176487172177,UP,DOWN,0.39171508209344647,False
2026-07-30,NTPC,0.6959529807182285,UP,DOWN,0.47660605167238335,False
2026-07-30,ONGC,0.3890899688129057,UP,DOWN,0.49967204817573974,False
2026-07-30,Reliance,1.1524498517056836,UP,UP,0.5118539887511865,True
2026-07-30,SBI,0.2048157111020909,UP,UP,0.516364455410272,True
2026-07-30,Sun Pharma,-0.529707446667349,DOWN,DOWN,0.4852574779180334,True
2026-07-30,TCS,-2.722261281464178,DOWN,DOWN,0.48319258746856114,True
2026-07-30,Tata Steel,1.481919698050338,UP,UP,0.5309338462971627,True
2026-07-30,Wipro,-1.4383126218182718,DOWN,UP,0.568941200285824,False
2026-07-31,Axis Bank,3.4566897112647377,UP,DOWN,0.4831646383454659,False
2026-07-31,Bharti Airtel,-0.0760649087221065,DOWN,DOWN,0.4659847209970019,True
2026-07-31,Dr Reddy's,2.7785058002272045,UP,UP,0.5139467796481366,True
2026-07-31,HCLTech,2.23475945061562,UP,DOWN,0.4529340145592138,False
2026-07-31,HDFC Bank,0.6482624377023738,UP,UP,0.5489544249215615,True
2026-07-31,Hindustan Unilever,1.7465354932220345,UP,UP,0.5146435004848358,True
2026-07-31,ICICI Bank,1.7138062677670265,UP,UP,0.5118469690508374,True
2026-07-31,ITC,2.135231316725972,UP,UP,0.5114569967383976,True
2026-07-31,Infosys,4.415540703661214,UP,UP,0.5193943329809305,True
2026-07-31,M&M,0.8856877344784353,UP,UP,0.5067749419160338,True
2026-07-31,Maruti Suzuki,-0.5901362933820375,DOWN,DOWN,0.3709690826265961,True
2026-07-31,NTPC,1.0511141530552548,UP,DOWN,0.4764721610538459,False
2026-07-31,ONGC,-0.2185291642124553,DOWN,DOWN,0.4973984879230223,True
2026-07-31,Reliance,0.8563962955889792,UP,UP,0.532256015277155,True
2026-07-31,SBI,1.7130596814979526,UP,UP,0.5065233810769979,True
2026-07-31,Sun Pharma,-1.3564431047475511,DOWN,UP,0.5225398626226675,False
2026-07-31,TCS,4.569658820302136,UP,UP,0.509765103608726,True
2026-07-31,Tata Steel,0.6905991574323478,UP,UP,0.5320713044652133,True
2026-07-31,Wipro,2.7280206545766683,UP,UP,0.531666221330093,True
2026-08-03,Axis Bank,-0.8018829537637551,DOWN,UP,0.500037479217632,False
2026-08-03,Bharti Airtel,-0.0203006553698426,DOWN,DOWN,0.46854491087607514,True
2026-08-03,Dr Reddy's,-0.6271207130561396,DOWN,UP,0.5175373637598945,False
2026-08-03,HCLTech,-0.515611879879263,DOWN,DOWN,0.43180953190958954,True
2026-08-03,HDFC Bank,-1.4608233731739697,DOWN,UP,0.5070392177744107,False
2026-08-03,Hindustan Unilever,-1.9410664172123449,DOWN,UP,0.5336289524000608,False
2026-08-03,ICICI Bank,-0.3698646858946941,DOWN,UP,0.5045749932758689,False
2026-08-03,ITC,0.6968641114982521,UP,UP,0.5484476548693066,True
2026-08-03,Infosys,-1.0593220338983025,DOWN,UP,0.5096717781293005,False
2026-08-03,M&M,0.1283294119590605,UP,DOWN,0.4753328716995597,False
2026-08-03,Maruti Suzuki,0.1272084805653772,UP,DOWN,0.3730913421156625,False
2026-08-03,NTPC,-2.066115738417129,DOWN,DOWN,0.47724675402149513,True
2026-08-03,ONGC,0.0,DOWN,DOWN,0.4997838627564675,True
2026-08-03,Reliance,-2.1303999686078434,DOWN,UP,0.5016398949278698,False
2026-08-03,SBI,-0.2201003663277467,DOWN,UP,0.5191523735281427,False
2026-08-03,Sun Pharma,0.0254647313470801,UP,UP,0.5357178042672455,True
2026-08-03,TCS,-0.5538242892144218,DOWN,DOWN,0.45277297677025236,True
2026-08-03,Tata Steel,-0.0261796082501652,DOWN,UP,0.5056284093079371,False
2026-08-03,Wipro,-1.250927893851972,DOWN,UP,0.5116551941573787,False
2026-08-04,Axis Bank,-0.6260916237401881,DOWN,UP,0.5050845776713484,False
2026-08-04,Bharti Airtel,0.4009961175555743,UP,DOWN,0.47270735707368666,False
2026-08-04,Dr Reddy's,0.2899560365727804,UP,DOWN,0.48941540232775926,False
2026-08-04,HCLTech,-1.45266253444839,DOWN,DOWN,0.45434879402592676,True
2026-08-04,HDFC Bank,-0.943396226415094,DOWN,UP,0.5065588433728206,False
2026-08-04,Hindustan Unilever,-0.5342213771464377,DOWN,UP,0.5285839350370038,False
2026-08-04,ICICI Bank,-0.3093634040649107,DOWN,UP,0.5089169139325166,False
2026-08-04,ITC,-0.7093383366673867,DOWN,UP,0.5259153870496626,False
2026-08-04,Infosys,0.5567451820128522,UP,UP,0.526440726505291,True
2026-08-04,M&M,0.6524876884284936,UP,DOWN,0.4743714569618797,False
2026-08-04,Maruti Suzuki,0.1552795031055875,UP,DOWN,0.4241285237532359,False
2026-08-04,NTPC,1.818710930017553,UP,DOWN,0.48878914657498546,False
2026-08-04,ONGC,-0.7438029139495095,DOWN,UP,0.5046639634261699,False
2026-08-04,Reliance,-0.8443740187401461,DOWN,UP,0.5199629089890075,False
2026-08-04,SBI,1.1796345453264134,UP,UP,0.5015766355064806,True
2026-08-04,Sun Pharma,-1.2219959266802416,DOWN,UP,0.5109151512804824,False
2026-08-04,TCS,-1.9105691056910623,DOWN,UP,0.5137256131603142,False
2026-08-04,Tata Steel,1.0683469900629738,UP,UP,0.519162346657694,True
2026-08-04,Wipro,0.3703716747737173,UP,UP,0.5182774677491385,True
2026-08-05,Axis Bank,0.1674755199816413,UP,UP,0.5131016888443429,True
2026-08-05,Bharti Airtel,-1.5166835187057637,DOWN,UP,0.5017084026003099,False
2026-08-05,Dr Reddy's,-0.4251700680272141,DOWN,DOWN,0.4905374633837154,True
2026-08-05,HCLTech,-1.1111111111111072,DOWN,DOWN,0.46301067787324945,True
2026-08-05,HDFC Bank,-0.0952397560586737,DOWN,UP,0.5438440988347782,False
2026-08-05,Hindustan Unilever,-0.2781397732851132,DOWN,UP,0.546877238715781,False
2026-08-05,ICICI Bank,0.5103113260223502,UP,UP,0.5058114047415844,True
2026-08-05,ITC,-0.3659237727403508,DOWN,DOWN,0.49115314714541036,True
2026-08-05,Infosys,-0.7666098807495692,DOWN,UP,0.515377464296194,False
2026-08-05,M&M,-1.4296435648517236,DOWN,DOWN,0.4555623139171596,True
2026-08-05,Maruti Suzuki,-0.7751937984496138,DOWN,DOWN,0.4286434976592392,True
2026-08-05,NTPC,-1.4003983943863707,DOWN,DOWN,0.4982594381739124,True
2026-08-05,ONGC,-0.9991648322133506,DOWN,UP,0.5265046956580792,False
2026-08-05,Reliance,3.515625,UP,UP,0.5236705775329886,True
2026-08-05,SBI,2.8436018957346043,UP,DOWN,0.48537064859574097,False
2026-08-05,Sun Pharma,0.5670103092783485,UP,UP,0.5071034629131801,True
2026-08-05,TCS,-1.6576875259013637,DOWN,UP,0.5295670421462244,False
2026-08-05,Tata Steel,-1.9120173772610105,DOWN,UP,0.5236157503456657,False
2026-08-05,Wipro,-0.4652710574995944,DOWN,UP,0.5153030950379308,False
2026-08-06,Axis Bank,-1.4331210191082857,DOWN,UP,0.5038809817194753,False
2026-08-06,Bharti Airtel,0.6108842101674838,UP,UP,0.5031345424622768,True
2026-08-06,Dr Reddy's,0.0853970964987294,UP,UP,0.5148599390042693,True
2026-08-06,HCLTech,1.6179756993211614,UP,DOWN,0.48747508537963696,False
2026-08-06,HDFC Bank,-0.449405944141068,DOWN,UP,0.5331699570357424,False
2026-08-06,Hindustan Unilever,0.7934599663380615,UP,UP,0.5200211870142453,True
2026-08-06,ICICI Bank,-2.5042881646655246,DOWN,UP,0.5058114047415844,False
2026-08-06,ITC,0.0699588007349483,UP,DOWN,0.49115314714541036,False
2026-08-06,Infosys,0.8669506940718774,UP,UP,0.515377464296194,True
2026-08-06,M&M,2.8185554903112253,UP,DOWN,0.4929047163477846,False
2026-08-06,Maruti Suzuki,-0.305397727272727,DOWN,DOWN,0.36872446726158314,True
2026-08-06,NTPC,-0.7246376811594235,DOWN,DOWN,0.4908377809715248,True
2026-08-06,ONGC,0.4415487965865328,UP,UP,0.5115696611201737,True
2026-08-06,Reliance,0.739626326650944,UP,UP,0.5108624656375714,True
2026-08-06,SBI,1.1244194628456272,UP,UP,0.5024001665899614,True
2026-08-06,Sun Pharma,-0.3075345976422339,DOWN,DOWN,0.49037414928000683,True
2026-08-06,TCS,3.358615725742742,UP,UP,0.5166303427889414,True
2026-08-06,Tata Steel,-0.9244585165281372,DOWN,UP,0.5044145458935543,False
2026-08-06,Wipro,0.757577745057203,UP,UP,0.5153030950379308,True
2026-08-07,Axis Bank,0.7512155757774641,UP,UP,0.5160768842057863,True
2026-08-07,Bharti Airtel,-0.8622901272280492,DOWN,DOWN,0.46655081576194984,True
2026-08-07,Dr Reddy's,-1.1262756972589605,DOWN,DOWN,0.4905374633837154,True
2026-08-07,HCLTech,0.0442264187479723,UP,DOWN,0.4628576311660675,False
2026-08-07,HDFC Bank,0.0,DOWN,UP,0.5076490218735948,False
2026-08-07,Hindustan Unilever,-0.4198496578303956,DOWN,DOWN,0.48766568971940644,True
2026-08-07,ICICI Bank,0.7600315853712125,UP,UP,0.5097228662961686,True
2026-08-07,ITC,-1.2058763136771788,DOWN,UP,0.5303071519264158,False
2026-08-07,Infosys,0.6722853015228125,UP,DOWN,0.4819586056270731,False
2026-08-07,M&M,0.4283266704740107,UP,DOWN,0.4477673132643208,False
2026-08-07,Maruti Suzuki,0.4274417610600656,UP,DOWN,0.3723188075644195,False
2026-08-07,NTPC,-0.5985365818886867,DOWN,DOWN,0.49680769332706604,True
2026-08-07,ONGC,0.4144819799359878,UP,UP,0.5099496342262921,True
2026-08-07,Reliance,-0.5618819093230143,DOWN,UP,0.5343723843580486,False
2026-08-07,SBI,-2.387892119744617,DOWN,UP,0.5408561108376347,False
2026-08-07,Sun Pharma,-0.0308470738271227,DOWN,DOWN,0.4888850423786672,True
2026-08-07,TCS,-1.1008276812293991,DOWN,DOWN,0.4732370981063507,True
2026-08-07,Tata Steel,1.434285469280394,UP,UP,0.5232371089987415,True
2026-08-07,Wipro,-1.0824928238206688,DOWN,UP,0.5063632218857682,False
2026-08-10,Axis Bank,-1.403030491054802,DOWN,DOWN,0.4996361400421407,True
2026-08-10,Bharti Airtel,-1.430779661766601,DOWN,DOWN,0.47672240146936934,True
2026-08-10,Dr Reddy's,3.9868786007211776,UP,UP,0.5070901689937743,True
2026-08-10,HCLTech,0.6041905052462715,UP,DOWN,0.4792139516378177,False
2026-08-10,HDFC Bank,-0.2735978112175075,DOWN,UP,0.5106807352689497,False
2026-08-10,Hindustan Unilever,-1.0684193824173185,DOWN,UP,0.5211951022497114,False
2026-08-10,ICICI Bank,-0.1536578549489631,DOWN,DOWN,0.49378979284967545,True
2026-08-10,ITC,-1.2913475943046038,DOWN,UP,0.5052338771862664,False
2026-08-10,Infosys,0.6508834464814095,UP,UP,0.521556915159375,True
2026-08-10,M&M,-1.6178533506895132,DOWN,DOWN,0.4724990559278215,True
2026-08-10,Maruti Suzuki,-0.7590267432787123,DOWN,DOWN,0.3644380615536912,True
2026-08-10,NTPC,-0.5874577554086824,DOWN,DOWN,0.49173765381377754,True
2026-08-10,ONGC,-0.1626081536038048,DOWN,UP,0.5046639634261699,False
2026-08-10,Reliance,-0.2561609499724171,DOWN,UP,0.5067666172232592,False
2026-08-10,SBI,-0.4668534080298769,DOWN,UP,0.5516351425830041,False
2026-08-10,Sun Pharma,-0.1234326467767776,DOWN,UP,0.5030383192940365,False
2026-08-10,TCS,0.8245042834064353,UP,DOWN,0.48989579618997503,False
2026-08-10,Tata Steel,-1.0460499556890546,DOWN,UP,0.541525090170458,False
2026-08-10,Wipro,-0.4851719118514341,DOWN,UP,0.5205377433278673,False
2026-08-11,Axis Bank,0.0162588359030824,UP,UP,0.5009434926410483,True
2026-08-11,Bharti Airtel,1.5559758556745518,UP,UP,0.507246097774534,True
2026-08-11,Dr Reddy's,-0.4149377593360981,DOWN,UP,0.5530277285994027,False
2026-08-11,HCLTech,0.0,DOWN,DOWN,0.451012128313822,True
2026-08-11,HDFC Bank,0.0,DOWN,UP,0.5236755980826939,False
2026-08-11,Hindustan Unilever,-0.092009416126837,DOWN,UP,0.5178884175442522,False
2026-08-11,ICICI Bank,0.1468925309037416,UP,DOWN,0.4936570923128129,False
2026-08-11,ITC,-1.021507563984092,DOWN,UP,0.5052338771862664,False
2026-08-11,Infosys,-1.2261674800245317,DOWN,UP,0.5072911333157399,False
2026-08-11,M&M,-1.632900737128129,DOWN,DOWN,0.48905337316504716,True
2026-08-11,Maruti Suzuki,-0.8220157255182325,DOWN,DOWN,0.37888233547335226,True
2026-08-11,NTPC,0.2954646074553313,UP,DOWN,0.488219478264444,False
2026-08-11,ONGC,-0.1670469415670283,DOWN,UP,0.5046639634261699,False
2026-08-11,Reliance,0.3852236189960445,UP,UP,0.5038809817194753,True
2026-08-11,SBI,1.500938086303938,UP,DOWN,0.4853053236508964,False
2026-08-11,Sun Pharma,0.1029866117404632,UP,DOWN,0.48783041044537845,False
2026-08-11,TCS,-3.925256651127662,DOWN,UP,0.5061280471288873,False
2026-08-11,Tata Steel,-1.0889790447584646,DOWN,UP,0.5312458983781476,False
2026-08-11,Wipro,-0.3575317661361543,DOWN,UP,0.5084600528010488,False
2026-08-12,Axis Bank,-0.6666626969004108,DOWN,UP,0.5065203049793597,False
2026-08-12,Bharti Airtel,-0.3033431575353629,DOWN,DOWN,0.4878397721605869,True
2026-08-12,Dr Reddy's,0.4999999999999893,UP,UP,0.5327828827018347,True
2026-08-12,HCLTech,0.3368958183453507,UP,DOWN,0.4572513792432332,False
2026-08-12,HDFC Bank,-0.5486968449931462,DOWN,UP,0.5162538121484818,False
2026-08-12,Hindustan Unilever,1.4057198254968428,UP,UP,0.5090603781418098,True
2026-08-12,ICICI Bank,-1.7391844096501408,DOWN,DOWN,0.49230040020015453,True
2026-08-12,ITC,0.8509890115719232,UP,UP,0.5052338771862664,True
2026-08-12,Infosys,-0.0935273878727382,DOWN,DOWN,0.48759396252713816,True
2026-08-12,M&M,0.7227598075509656,UP,UP,0.5166925931058098,True
2026-08-12,Maruti Suzuki,0.216216216216214,UP,DOWN,0.3709690826265961,False
2026-08-12,NTPC,1.4140484962013256,UP,DOWN,0.46870442883196767,False
2026-08-12,ONGC,0.3555703132714694,UP,UP,0.5106999851928288,True
2026-08-12,Reliance,-0.9029345372460472,DOWN,UP,0.504280790630954,False
2026-08-12,SBI,0.0924214417744817,UP,DOWN,0.4904806419568072,False
2026-08-12,Sun Pharma,-0.6172839506172867,DOWN,UP,0.5015755634505775,False
2026-08-12,TCS,1.0767353004159874,UP,UP,0.5580559639226409,True
2026-08-12,Tata Steel,-0.7250219478262654,DOWN,UP,0.5484581473577461,False
2026-08-12,Wipro,-0.4566686564866362,DOWN,UP,0.5022563136558974,False
2026-08-13,Axis Bank,-0.3601263904255636,DOWN,UP,0.5065717654432704,False
2026-08-13,Bharti Airtel,2.7332267890924467,UP,DOWN,0.48701359960931895,False
2026-08-13,Dr Reddy's,-0.497512437810943,DOWN,UP,0.5146971574793294,False
2026-08-13,HCLTech,-0.7299270072992692,DOWN,DOWN,0.46297593369092177,True
2026-08-13,HDFC Bank,0.2758620689655267,UP,UP,0.5138482288368277,True
2026-08-13,Hindustan Unilever,-0.7170172084130066,DOWN,UP,0.5178331347285933,False
2026-08-13,ICICI Bank,0.7250462622866438,UP,DOWN,0.4967230751577721,False
2026-08-13,ITC,-0.107715545051612,DOWN,DOWN,0.49130343578744495,True
2026-08-13,Infosys,-0.4936211768617027,DOWN,UP,0.5112279393152155,False
2026-08-13,M&M,0.0029198313306055,UP,DOWN,0.4907407423168738,False
2026-08-13,Maruti Suzuki,-0.5106076950737171,DOWN,DOWN,0.42577455014718285,True
2026-08-13,NTPC,-1.2345679012345734,DOWN,DOWN,0.49183901520600953,True
2026-08-13,ONGC,-1.4589412626288878,DOWN,UP,0.5170793706952546,False
2026-08-13,Reliance,-0.5315110098709219,DOWN,UP,0.5004590961551383,False
2026-08-13,SBI,-1.4127468908702645,DOWN,DOWN,0.4853053236508964,True
2026-08-13,Sun Pharma,-0.103519668737062,DOWN,UP,0.5079865982777808,False
2026-08-13,TCS,-0.5894736842105286,DOWN,UP,0.5107040278175052,False
2026-08-13,Tata Steel,-0.7303251603679173,DOWN,UP,0.5233375104292118,False
2026-08-13,Wipro,0.4915313306847135,UP,UP,0.5239378438696659,True
2026-08-14,Axis Bank,0.8132104662004869,UP,UP,0.5034038441327586,True
2026-08-14,Bharti Airtel,-1.1445171947811583,DOWN,DOWN,0.4874224652571126,True
2026-08-14,Dr Reddy's,-0.666666666666671,DOWN,UP,0.5091737704957087,False
2026-08-14,HCLTech,-2.573529411764708,DOWN,DOWN,0.46401597679301543,True
2026-08-14,HDFC Bank,0.2751031636863743,UP,UP,0.5142614065574657,True
2026-08-14,Hindustan Unilever,-1.0592200288878195,DOWN,UP,0.5090603781418098,False
2026-08-14,ICICI Bank,-0.1199683254675343,DOWN,UP,0.5050917745890195,False
2026-08-14,ITC,-1.851194891476116,DOWN,UP,0.5207747797375208,False
2026-08-14,Infosys,-2.5059808400133443,DOWN,UP,0.5060253146715449,False
2026-08-14,M&M,-1.1055084428018502,DOWN,DOWN,0.4708668062503114,True
2026-08-14,Maruti Suzuki,-0.5349139800491565,DOWN,DOWN,0.36872446726158314,True
2026-08-14,NTPC,-0.8823529411764675,DOWN,DOWN,0.49354867975505157,True
2026-08-14,ONGC,0.8840996830121961,UP,UP,0.5062845465888642,True
2026-08-14,Reliance,0.458015267175571,UP,UP,0.5065203049793597,True
2026-08-14,SBI,-0.6087852671404326,DOWN,DOWN,0.4944219243799853,True
2026-08-14,Sun Pharma,-2.4870466321243567,DOWN,UP,0.5015755634505775,False
2026-08-14,TCS,-2.0245679300349373,DOWN,UP,0.5194085525701603,False
2026-08-14,Tata Steel,1.3623978201634968,UP,DOWN,0.49908691885393347,False
2026-08-14,Wipro,-1.1413076649541276,DOWN,DOWN,0.4979137622135194,True
2026-08-17,Axis Bank,1.2792268025138442,UP,UP,0.5062248492884996,True
2026-08-17,Bharti Airtel,-1.7823641286728753,DOWN,UP,0.5130836656086456,False
2026-08-17,Dr Reddy's,-1.1073784540163611,DOWN,UP,0.5107939017227741,False
2026-08-17,HCLTech,-2.037735849056599,DOWN,DOWN,0.499920678089498,True
2026-08-17,HDFC Bank,-0.8230452674897082,DOWN,UP,0.510153663426764,False
2026-08-17,Hindustan Unilever,-0.9732360097323588,DOWN,UP,0.5182078074885889,False
2026-08-17,ICICI Bank,-0.2331695551665902,DOWN,DOWN,0.49977202765183953,True
2026-08-17,ITC,-1.1170071156645922,DOWN,UP,0.532851991564633,False
2026-08-17,Infosys,-2.184404235525983,DOWN,UP,0.5103242317977787,False
2026-08-17,M&M,0.9172988010868854,UP,DOWN,0.4842844023333993,False
2026-08-17,Maruti Suzuki,-0.5014534883720945,DOWN,DOWN,0.37583220145415575,True
2026-08-17,NTPC,0.0296754016366751,UP,DOWN,0.4845683915840257,False
2026-08-17,ONGC,0.4234955275158825,UP,UP,0.5362645080805019,True
2026-08-17,Reliance,0.4559270516717228,UP,UP,0.5065203049793597,True
2026-08-17,SBI,-0.7727055738006583,DOWN,DOWN,0.4991688717653025,True
2026-08-17,Sun Pharma,-0.3666325405984438,DOWN,UP,0.5323766832744379,False
2026-08-17,TCS,-1.4352391437262413,DOWN,UP,0.5188740796264915,False
2026-08-17,Tata Steel,-0.268817204301075,DOWN,DOWN,0.49461036168337236,True
2026-08-17,Wipro,-2.111048085068057,DOWN,UP,0.5232371089987415,False
2026-08-18,Axis Bank,-0.6436041834271933,DOWN,DOWN,0.49246900400783716,True
2026-08-18,Bharti Airtel,-0.6307492234442158,DOWN,UP,0.5108071921166125,False
2026-08-18,Dr Reddy's,-0.7465259979309802,DOWN,UP,0.5079901770733004,False
2026-08-18,HCLTech,2.064718707867863,UP,UP,0.5467937931451107,True
2026-08-18,HDFC Bank,-0.4149377593360981,DOWN,UP,0.5034038441327586,False
2026-08-18,Hindustan Unilever,-0.702705102119161,DOWN,UP,0.5111530267443488,False
2026-08-18,ICICI Bank,-0.7082152974504208,DOWN,DOWN,0.49977202765183953,True
2026-08-18,ITC,-1.0925971137152768,DOWN,UP,0.5062845465888642,False
2026-08-18,Infosys,0.4304976527466309,UP,UP,0.5021471738494387,True
2026-08-18,M&M,-0.189975157094846,DOWN,DOWN,0.45194286881857354,True
2026-08-18,Maruti Suzuki,-0.0073040683660763,DOWN,DOWN,0.4056832256744904,True
2026-08-18,NTPC,-0.1631617622629089,DOWN,DOWN,0.47619346846113136,True
2026-08-18,ONGC,-0.6263048016701411,DOWN,UP,0.5106999851928288,False
2026-08-18,Reliance,-0.8320726172465931,DOWN,UP,0.5122049343797542,False
2026-08-18,SBI,-0.4178560697115419,DOWN,DOWN,0.4991688717653025,True
2026-08-18,Sun Pharma,1.327930496414309,UP,DOWN,0.4864787386846013,False
2026-08-18,TCS,0.3947368421052699,UP,UP,0.5121138302224796,True
2026-08-18,Tata Steel,-0.8086253369272267,DOWN,UP,0.5022563136558974,False
2026-08-18,Wipro,0.8367996819014678,UP,UP,0.5104066902295805,True
2026-08-19,Axis Bank,1.2955465587044523,UP,UP,0.5417341826087958,True
2026-08-19,Bharti Airtel,1.0249714449466651,UP,DOWN,0.49516496099700363,False
2026-08-19,Dr Reddy's,0.8547008547008517,UP,UP,0.5009434926410483,True
2026-08-19,HCLTech,-0.4830936124831653,DOWN,UP,0.5411729589813101,False
2026-08-19,HDFC Bank,0.7013871934678839,UP,UP,0.5225658930064868,True
2026-08-19,Hindustan Unilever,0.3612633743021343,UP,UP,0.5049951307290386,True
2026-08-19,ICICI Bank,0.7061358355251457,UP,DOWN,0.499010387527657,False
2026-08-19,ITC,1.7225262362048133,UP,UP,0.5062845465888642,True
2026-08-19,Infosys,0.910872542160468,UP,DOWN,0.4968209940086752,False
2026-08-19,M&M,0.2869706831076124,UP,DOWN,0.4544445328987677,False
2026-08-19,Maruti Suzuki,0.8692476260043769,UP,DOWN,0.4642463302244699,False
2026-08-19,NTPC,0.2822796735965527,UP,DOWN,0.4834818625120863,False
2026-08-19,ONGC,0.2100840336134446,UP,UP,0.5062845465888642,True
2026-08-19,Reliance,0.1678071069317388,UP,UP,0.5097403226278318,True
2026-08-19,SBI,-0.0572168224209801,DOWN,DOWN,0.49060420830046775,True
2026-08-19,Sun Pharma,0.2105263157894832,UP,DOWN,0.4548500968973236,False
2026-08-19,TCS,0.3931847968545288,UP,UP,0.516607288738273,True
2026-08-19,Tata Steel,-0.2717391304347782,DOWN,UP,0.5022563136558974,False
2026-08-19,Wipro,0.8075727783887654,UP,DOWN,0.4947445325274525,False
2026-08-20,Axis Bank,-0.4156635628996818,DOWN,UP,0.5072709655669144,False
2026-08-20,Bharti Airtel,0.221457945936998,UP,UP,0.5122529753763404,True
2026-08-20,Dr Reddy's,-0.4491566803495717,DOWN,DOWN,0.49184193531736004,True
2026-08-20,HCLTech,-1.2060091110153714,DOWN,UP,0.5179025324298069,False
2026-08-20,HDFC Bank,0.2620542646785129,UP,UP,0.5034038441327586,True
2026-08-20,Hindustan Unilever,-0.6410256410256387,DOWN,UP,0.5079137609890915,False
2026-08-20,ICICI Bank,0.5736932818100282,UP,DOWN,0.49005708291277816,False
2026-08-20,ITC,-0.8282716917186406,DOWN,UP,0.5436000190759279,False
2026-08-20,Infosys,-0.7964601769911539,DOWN,UP,0.515403533254671,False
2026-08-20,M&M,-0.3679075413632215,DOWN,DOWN,0.46787969927537687,True
2026-08-20,Maruti Suzuki,-1.7669635744804069,DOWN,DOWN,0.3963480939024439,True
2026-08-20,NTPC,0.7407407407407307,UP,DOWN,0.4740439858178681,False
2026-08-20,ONGC,-0.8805057037801212,DOWN,UP,0.5137379772732846,False
2026-08-20,Reliance,0.2132233423879137,UP,UP,0.5097403226278318,True
2026-08-20,SBI,0.0667892339575315,UP,DOWN,0.49277018862641603,False
2026-08-20,Sun Pharma,-0.0840323311941948,DOWN,DOWN,0.495742778722682,True
2026-08-20,TCS,0.1740644038294103,UP,UP,0.5424062540075469,True
2026-08-20,Tata Steel,-0.2724795640327015,DOWN,UP,0.5114561594460962,False
2026-08-20,Wipro,-0.1160258087664067,DOWN,DOWN,0.49115314714541036,True
2026-08-21,Axis Bank,-0.786647009473429,DOWN,UP,0.501226931726852,False
2026-08-21,Bharti Airtel,-0.565262076053441,DOWN,DOWN,0.4804367983135885,True
2026-08-21,Dr Reddy's,1.3024644133901475,UP,UP,0.5009434926410483,True
2026-08-21,HCLTech,1.497120921305184,UP,UP,0.5304698022109804,True
2026-08-21,HDFC Bank,0.281998453613741,UP,UP,0.5162538121484818,True
2026-08-21,Hindustan Unilever,0.7444168734491274,UP,UP,0.5422479205306348,True
2026-08-21,ICICI Bank,-0.3521126760563375,DOWN,UP,0.502132918168839,False
2026-08-21,ITC,0.1113653739213349,UP,UP,0.5025286090190008,True
2026-08-21,Infosys,0.802854594112401,UP,UP,0.5364216254737383,True
2026-08-21,M&M,0.0556868446036418,UP,DOWN,0.4798881050549888,False
2026-08-21,Maruti Suzuki,0.4054552156284474,UP,DOWN,0.39843247510098995,False
2026-08-21,NTPC,-0.1470588235294112,DOWN,DOWN,0.4740702855213169,True
2026-08-21,ONGC,0.0634556510771711,UP,UP,0.501010288719547,True
2026-08-21,Reliance,-0.4711209097169488,DOWN,UP,0.5034038441327586,False
2026-08-21,SBI,-0.8772720129904155,DOWN,UP,0.5157552928429701,False
2026-08-21,Sun Pharma,0.3994940858076612,UP,DOWN,0.47521488483182717,False
2026-08-21,TCS,-0.7775804667137232,DOWN,UP,0.5213915574397323,False
2026-08-21,Tata Steel,1.803280356151804,UP,UP,0.5151073735678912,True
2026-08-21,Wipro,0.2876289019148714,UP,DOWN,0.49115314714541036,False
2026-08-24,Axis Bank,-0.0809061488673101,DOWN,UP,0.5004590961551383,False
2026-08-24,Bharti Airtel,0.6201550387596955,UP,DOWN,0.4905225995015521,False
2026-08-24,Dr Reddy's,0.2941176470588225,UP,UP,0.5054245315724957,True
2026-08-24,HCLTech,-0.4689826907620986,DOWN,UP,0.5218009933847176,False
2026-08-24,HDFC Bank,-0.2057613168724326,DOWN,UP,0.5477561874125962,False
2026-08-24,Hindustan Unilever,-0.2857166910406383,DOWN,UP,0.513170039334202,False
2026-08-24,ICICI Bank,0.5441661605565473,UP,UP,0.5034038441327586,True
2026-08-24,ITC,0.6303231785351748,UP,UP,0.5022563136558974,True
2026-08-24,Infosys,1.2389380530973382,UP,UP,0.5030965157067099,True
2026-08-24,M&M,0.8464866734162024,UP,DOWN,0.4770065539173152,False
2026-08-24,Maruti Suzuki,0.4258443465491979,UP,DOWN,0.3780741856227624,False
2026-08-24,NTPC,0.1030945813006223,UP,DOWN,0.4858133367376976,False
2026-08-24,ONGC,-1.0779974715112828,DOWN,UP,0.5077699156712733,False
2026-08-24,Reliance,0.5496984962183094,UP,UP,0.5034038441327586,True
2026-08-24,SBI,0.8177008177008283,UP,UP,0.5046552663202372,True
2026-08-24,Sun Pharma,0.6282722513089034,UP,DOWN,0.47816831180092045,False
2026-08-24,TCS,0.5297426994570253,UP,UP,0.5058950577025019,True
2026-08-24,Tata Steel,0.3435316044898995,UP,UP,0.5379202080122362,True
2026-08-24,Wipro,-0.6728813838899339,DOWN,UP,0.5080249009636575,False
2026-08-25,Axis Bank,1.61943319838056,UP,UP,0.5041128121311369,True
2026-08-25,Bharti Airtel,-2.3061132210612567,DOWN,DOWN,0.4873443608088405,True
2026-08-25,Dr Reddy's,-0.9635525764558062,DOWN,UP,0.5180152674102587,False
2026-08-25,HCLTech,-1.3147931438011962,DOWN,DOWN,0.47124601302345503,True
2026-08-25,HDFC Bank,-0.0412354354596189,DOWN,UP,0.5041128121311369,False
2026-08-25,Hindustan Unilever,-0.1580847371339233,DOWN,UP,0.5057214665361721,False
2026-08-25,ICICI Bank,0.5131123271714388,UP,DOWN,0.49491059130924886,False
2026-08-25,ITC,-0.4237265741881324,DOWN,UP,0.5026698080734163,False
2026-08-25,Infosys,-2.097902097902093,DOWN,UP,0.5084606948713899,False
2026-08-25,M&M,-1.3011922401430454,DOWN,DOWN,0.46077732675754157,True
2026-08-25,Maruti Suzuki,-1.155139640298286,DOWN,DOWN,0.36897993284160613,True
2026-08-25,NTPC,-1.5447991483633738,DOWN,DOWN,0.4742041125512616,True
2026-08-25,ONGC,-0.7649543957832572,DOWN,UP,0.529700408556105,False
2026-08-25,Reliance,-1.4426727410782103,DOWN,DOWN,0.4935538121854203,True
2026-08-25,SBI,0.3816793893129722,UP,UP,0.5083170713110127,True
2026-08-25,Sun Pharma,-1.1706555671175845,DOWN,UP,0.5062033967468399,False
2026-08-25,TCS,-1.1410134887644974,DOWN,UP,0.5103177444762601,False
2026-08-25,Tata Steel,0.572371911552283,UP,UP,0.5299247664645031,True
2026-08-25,Wipro,-1.521456099779217,DOWN,DOWN,0.4993703586003655,True
2026-08-26,Axis Bank,0.0796812749003894,UP,UP,0.5200327089958697,True
2026-08-26,Bharti Airtel,-1.2512447854104436,DOWN,UP,0.5104338220886095,False
2026-08-26,Dr Reddy's,-0.4230118443316444,DOWN,UP,0.5065203049793597,False
2026-08-26,HCLTech,-1.2706969580284944,DOWN,UP,0.5401965891074056,False
2026-08-26,HDFC Bank,-2.2277244135165297,DOWN,UP,0.5159123647823012,False
2026-08-26,Hindustan Unilever,-0.5937654626422595,DOWN,UP,0.5014449484689593,False
2026-08-26,ICICI Bank,0.9090909090909038,UP,UP,0.502132918168839,True
2026-08-26,ITC,-0.4625346901017568,DOWN,UP,0.5007273182821886,False
2026-08-26,Infosys,-0.8214242117745574,DOWN,UP,0.5193708094129137,False
2026-08-26,M&M,-2.006943445112941,DOWN,UP,0.5088229581112725,False
2026-08-26,Maruti Suzuki,-0.591715976331364,DOWN,DOWN,0.46200640420085143,True
2026-08-26,NTPC,-1.1058015957975176,DOWN,UP,0.5086296357489641,False
2026-08-26,ONGC,-0.0904382704428274,DOWN,UP,0.5046010001993173,False
2026-08-26,Reliance,-1.2172610807492323,DOWN,DOWN,0.49975008812872335,True
2026-08-26,SBI,-0.8650166906784662,DOWN,UP,0.50891063085595,False
2026-08-26,Sun Pharma,0.7265095460976534,UP,UP,0.5243383942223109,True
2026-08-26,TCS,-0.9515461522577096,DOWN,UP,0.5517484396192968,False
2026-08-26,Tata Steel,-0.6435782620238251,DOWN,UP,0.5228092251277595,False
2026-08-26,Wipro,-0.5356708059410797,DOWN,UP,0.5062845465888642,False
2026-08-27,Axis Bank,0.7165605095541316,UP,UP,0.5081586524621398,True
2026-08-27,Bharti Airtel,0.2182811840150567,UP,UP,0.5121568282173613,True
2026-08-27,Dr Reddy's,0.0849617672047609,UP,UP,0.5244140378477049,True
2026-08-27,HCLTech,2.659904491882803,UP,UP,0.5076510037815029,True
2026-08-27,HDFC Bank,1.3080151607550938,UP,UP,0.5617097355824451,True
2026-08-27,Hindustan Unilever,0.0696876263843959,UP,UP,0.508128769733596,True
2026-08-27,ICICI Bank,-1.3998580160689555,DOWN,UP,0.5108460208552354,False
2026-08-27,ITC,-1.115241635687736,DOWN,UP,0.5085931411019625,False
2026-08-27,Infosys,2.988832347180792,UP,DOWN,0.4957809128994413,False
2026-08-27,M&M,0.1201201201201263,UP,UP,0.5080957432640317,True
2026-08-27,Maruti Suzuki,-0.4761904761904745,DOWN,DOWN,0.38050809669220936,True
2026-08-27,NTPC,-0.2568770381366492,DOWN,UP,0.5233089957231515,False
2026-08-27,ONGC,0.1077586206896574,UP,UP,0.529700408556105,True
2026-08-27,Reliance,0.37436039704557,UP,UP,0.5157587289286081,True
2026-08-27,SBI,0.4410754126237481,UP,UP,0.5004621727736147,True
2026-08-27,Sun Pharma,0.3501777557565422,UP,DOWN,0.4735197184500288,False
2026-08-27,TCS,4.162964851523099,UP,UP,0.5216091771653429,True
2026-08-27,Tata Steel,-0.1606012028140591,DOWN,UP,0.5376424844248665,False
2026-08-27,Wipro,2.579366898633717,UP,UP,0.5256305081279911,True
2026-08-28,Axis Bank,2.7667984189723382,UP,UP,0.5338176459032372,True
2026-08-28,Bharti Airtel,-3.7452188209540993,DOWN,DOWN,0.46712617317264515,True
2026-08-28,Dr Reddy's,-2.003393513237484,DOWN,UP,0.5278616915871146,False
2026-08-28,HCLTech,-0.2963319266324093,DOWN,UP,0.5131324116175406,False
2026-08-28,HDFC Bank,-1.5687891134903986,DOWN,UP,0.5307661944043108,False
2026-08-28,Hindustan Unilever,-2.13887780928238,DOWN,UP,0.508128769733596,False
2026-08-28,ICICI Bank,2.1928556438814084,UP,UP,0.5074441568610625,True
2026-08-28,ITC,-3.9473684210526327,DOWN,UP,0.5276968823046627,False
2026-08-28,Infosys,-0.8916041234156458,DOWN,UP,0.5087729160745564,False
2026-08-28,M&M,-1.559688062387521,DOWN,UP,0.5016023246436732,False
2026-08-28,Maruti Suzuki,1.2784090909090828,UP,DOWN,0.3964950643908795,False
2026-08-28,NTPC,-0.8029068306303455,DOWN,DOWN,0.49348700038267057,True
2026-08-28,ONGC,-0.1937554136672514,DOWN,UP,0.5137379772732846,False
2026-08-28,Reliance,-0.7770007770007803,DOWN,UP,0.5219202551154262,False
2026-08-28,SBI,1.193317422434359,UP,UP,0.5041158885439019,True
2026-08-28,Sun Pharma,3.3750025431315,UP,DOWN,0.4899318895196022,False
2026-08-28,TCS,2.4466288995783625,UP,DOWN,0.49992420530663007,False
2026-08-28,Tata Steel,-1.15281174074231,DOWN,UP,0.5299179579943495,False
2026-08-28,Wipro,1.961869638921976,UP,UP,0.5316200234863414,True
2026-08-31,Axis Bank,-3.230769230769226,DOWN,UP,0.5179495217628185,False
2026-08-31,Bharti Airtel,3.603947562113952,UP,UP,0.5630908951465299,True
2026-08-31,Dr Reddy's,1.4379742926948769,UP,UP,0.5316697387307244,True
2026-08-31,HCLTech,2.9873551822021893,UP,UP,0.51423980947472,True
2026-08-31,HDFC Bank,0.4090302417577574,UP,UP,0.5677852332399842,True
2026-08-31,Hindustan Unilever,1.392702250383615,UP,UP,0.5548971673762182,True
2026-08-31,ICICI Bank,-1.1004126547455306,DOWN,UP,0.5295464862662208,False
2026-08-31,ITC,4.344425089438597,UP,UP,0.5512855686074213,True
2026-08-31,Infosys,1.9580128960851928,UP,DOWN,0.49942797398569766,False
2026-08-31,M&M,-0.7007921998781197,DOWN,UP,0.528354135058764,False
2026-08-31,Maruti Suzuki,-4.406879751974602,DOWN,DOWN,0.38851136818390886,True
2026-08-31,NTPC,0.0305455422663358,UP,UP,0.5302461901392342,True
2026-08-31,ONGC,2.006037029881358,UP,UP,0.5014946831188523,True
2026-08-31,Reliance,2.5058731401722767,UP,UP,0.5678358084428379,True
2026-08-31,SBI,-2.4056603773584877,DOWN,UP,0.5062402181046234,False
2026-08-31,Sun Pharma,-2.8113687754628303,DOWN,UP,0.5110222570430171,False
2026-08-31,TCS,-1.262870345996292,DOWN,UP,0.5151421196688081,False
2026-08-31,Tata Steel,-0.1518843341614117,DOWN,UP,0.5299179579943495,False
2026-08-31,Wipro,-1.5176168302210358,DOWN,UP,0.5426335218018582,False
2026-09-01,Axis Bank,-0.3259122087390653,DOWN,UP,0.5107939017227741,False
2026-09-01,Bharti Airtel,-0.7670947537986361,DOWN,UP,0.5098338826909856,False
2026-09-01,Dr Reddy's,-1.2382578992314208,DOWN,UP,0.5284830240187607,False
2026-09-01,HCLTech,-1.472548768281301,DOWN,UP,0.5074850754054641,False
2026-09-01,HDFC Bank,-1.5592128445605535,DOWN,UP,0.521133329169212,False
2026-09-01,Hindustan Unilever,-0.9925831333198908,DOWN,UP,0.5349754462109089,False
2026-09-01,ICICI Bank,-0.7997218358831715,DOWN,UP,0.5195616580601501,False
2026-09-01,ITC,-0.1125349976287659,DOWN,UP,0.5206532855781041,False
2026-09-01,Infosys,-1.384083044982698,DOWN,DOWN,0.4986350807910689,True
2026-09-01,M&M,-2.1172138692850617,DOWN,UP,0.5398401770664438,False
2026-09-01,Maruti Suzuki,-0.7799227799227815,DOWN,DOWN,0.49260214123564094,True
2026-09-01,NTPC,0.7633587786259444,UP,DOWN,0.49348700038267057,False
2026-09-01,ONGC,0.4440698098159279,UP,UP,0.5177079681797736,True
2026-09-01,Reliance,0.3132143304765078,UP,UP,0.5016355175772612,True
2026-09-01,SBI,-1.3146423959340403,DOWN,UP,0.5141142762867859,False
2026-09-01,Sun Pharma,0.1399663645347271,UP,UP,0.511393472710211,True
2026-09-01,TCS,-0.8864499788940439,DOWN,UP,0.5092091359958683,False
2026-09-01,Tata Steel,-0.1195204063395571,DOWN,UP,0.5380536195371397,False
2026-09-01,Wipro,-2.537149525470128,DOWN,UP,0.5326271492447198,False
2026-09-02,Axis Bank,1.0447384425292583,UP,UP,0.5091737704957087,True
2026-09-02,Bharti Airtel,0.3328296655229046,UP,DOWN,0.492048466699252,False
2026-09-02,Dr Reddy's,-0.1297016861219191,DOWN,DOWN,0.4891320923488631,True
2026-09-02,HCLTech,-0.9387908374014264,DOWN,UP,0.5111756489440582,False
2026-09-02,HDFC Bank,0.8347655141258237,UP,UP,0.5231614428554742,True
2026-09-02,Hindustan Unilever,-0.6582278481012671,DOWN,DOWN,0.4904499545773759,True
2026-09-02,ICICI Bank,0.2453557658604888,UP,UP,0.5084649830289554,True
2026-09-02,ITC,-1.2391993782344013,DOWN,UP,0.5143635008796369,False
2026-09-02,Infosys,-0.8508729098135936,DOWN,UP,0.5145793136357728,False
2026-09-02,M&M,-1.253918495297801,DOWN,UP,0.5238862467464346,False
2026-09-02,Maruti Suzuki,0.0622616546034793,UP,DOWN,0.44981399073301725,False
2026-09-02,NTPC,0.2727254231770892,UP,UP,0.5056552607525235,True
2026-09-02,ONGC,-0.6315789473684164,DOWN,UP,0.5046639634261699,False
2026-09-02,Reliance,-0.8072481747787408,DOWN,DOWN,0.4997072921944181,True
2026-09-02,SBI,0.244881961035781,UP,UP,0.5217586862978362,True
2026-09-02,Sun Pharma,-0.8127530966882568,DOWN,DOWN,0.47999971000552594,True
2026-09-02,TCS,-1.188241156037051,DOWN,UP,0.5156874508108173,False
2026-09-02,Tata Steel,0.1903676002760201,UP,UP,0.5008998231792732,True
2026-09-02,Wipro,-0.773615193132382,DOWN,UP,0.5192573196776904,False
