Date,Company,Actual_Return,Predicted_Return,Prediction_Error,Actual_Direction,Predicted_Direction
2025-09-17,Axis Bank,0.6216696269982336,0.04382961574475363,0.57784001125348,UP,UP
2025-09-18,Axis Bank,0.2559597894141729,0.04185339146043857,0.21410639795373435,UP,UP
2025-09-19,Axis Bank,0.7483052924824651,0.04531059298179482,0.7029946995006703,UP,UP
2025-09-22,Axis Bank,2.306887788435641,0.032142208019862034,2.274745580415779,UP,UP
2025-09-23,Axis Bank,-1.01640108624641,0.08830968916995038,-1.1047107754163603,DOWN,UP
2025-09-24,Axis Bank,0.6644189325794692,0.006896142366750251,0.6575227902127189,UP,UP
2025-09-25,Axis Bank,-1.0800596476619129,0.02954378209020706,-1.10960342975212,DOWN,UP
2025-09-26,Axis Bank,-1.8890856870125703,0.03376457073831267,-1.922850257750883,DOWN,UP
2025-09-29,Axis Bank,-0.0529920165882824,0.02421773200814974,-0.07720974859643213,DOWN,UP
2025-09-30,Axis Bank,2.4655377355956576,0.020093348523244188,2.4454443870724134,UP,UP
2025-10-01,Axis Bank,1.8542475204829767,0.06650864748060496,1.7877388730023718,UP,UP
2025-10-03,Axis Bank,2.692637496030903,0.0758078731468075,2.6168296228840955,UP,UP
2025-10-06,Axis Bank,-2.143799385984746,0.04868501969501849,-2.1924844056797643,DOWN,UP
2025-10-07,Axis Bank,-0.522419361905957,0.07876393769541369,-0.6011832996013706,DOWN,UP
2025-10-08,Axis Bank,-1.1180714420499505,0.050895224474330585,-1.168966666524281,DOWN,UP
2025-10-09,Axis Bank,1.1135857228138146,0.030604199496559563,1.082981523317255,UP,UP
2025-10-10,Axis Bank,0.7793926619445557,0.03400126926517106,0.7453913926793846,UP,UP
2025-10-13,Axis Bank,-1.0759857952676866,0.04701790164822306,-1.1230036969159096,DOWN,UP
2025-10-14,Axis Bank,-0.6118348864242007,0.021067719533429514,-0.6329026059576303,DOWN,UP
2025-10-15,Axis Bank,2.2828380471546783,0.01968189125303307,2.2631561559016453,UP,UP
2025-10-16,Axis Bank,0.3259970061499473,0.23460979337241653,0.09138721277753079,UP,UP
2025-10-17,Axis Bank,2.14964588216604,0.03523097341702344,2.1144149087490165,UP,UP
2025-10-20,Axis Bank,0.9217005569433168,0.008200521808678885,0.9135000351346378,UP,UP
2025-10-21,Axis Bank,1.737654501861785,0.02011841814264837,1.7175360837191367,UP,UP
2025-10-23,Axis Bank,-1.3425503462440649,0.17084037956852746,-1.5133907258125923,DOWN,UP
2025-10-24,Axis Bank,0.9823617788904616,-0.014790278494293358,0.997152057384755,UP,DOWN
2025-10-27,Axis Bank,-0.6219541431829012,-0.033097805518073564,-0.5888563376648277,DOWN,DOWN
2025-10-28,Axis Bank,0.2005937496633025,-0.022708590125407067,0.2233023397887096,UP,DOWN
2025-10-29,Axis Bank,-0.8167899458171313,-0.01718492217972265,-0.7996050236374086,DOWN,DOWN
2025-10-30,Axis Bank,-0.4682647240541682,0.014253416380422467,-0.4825181404345907,DOWN,UP
2025-10-31,Axis Bank,0.0729966181138186,0.016494400182403793,0.056502217931414814,UP,UP
2025-11-03,Axis Bank,-0.5755026235668814,0.022461657440306752,-0.5979642810071881,DOWN,UP
2025-11-04,Axis Bank,0.1549017162791655,0.03362209308032196,0.12127962319884353,UP,UP
2025-11-06,Axis Bank,-0.4639764893671128,0.024772219487119437,-0.4887487088542322,DOWN,UP
2025-11-07,Axis Bank,-0.4743252041642831,0.022828627192210144,-0.4971538313564932,DOWN,UP
2025-11-10,Axis Bank,0.4519309778143077,0.021483336442391008,0.43044764137191666,UP,UP
2025-11-11,Axis Bank,-0.0736216289621727,0.034706116635007826,-0.10832774559718053,DOWN,UP
2025-11-12,Axis Bank,0.2946934886938646,0.033360423594901725,0.26133306509896287,UP,UP
2025-11-13,Axis Bank,1.3385590162957597,0.07245500109023052,1.2661040152055292,UP,UP
2025-11-14,Axis Bank,0.6443299095769239,0.05068120247074823,0.5936487071061757,UP,UP
2025-11-17,Axis Bank,1.2644085416788189,0.047945156594375905,1.216463385084443,UP,UP
2025-11-18,Axis Bank,0.3951319664558417,0.18398512426021973,0.21114684219562196,UP,UP
2025-11-19,Axis Bank,1.164981617867844,0.06029562339484081,1.1046859944730032,UP,UP
2025-11-20,Axis Bank,-0.7313961018422854,0.05466312416523979,-0.7860592260075252,DOWN,UP
2025-11-21,Axis Bank,-0.5330027095053924,0.03760428245922081,-0.5706069919646132,DOWN,UP
2025-11-24,Axis Bank,-0.212762109682818,0.04087977157481773,-0.25364188125763576,DOWN,UP
2025-11-25,Axis Bank,1.887380669839489,0.034580004110537924,1.852800665728951,UP,UP
2025-11-26,Axis Bank,-0.224763792706395,0.03973811018323166,-0.26450190288962666,DOWN,UP
2025-11-27,Axis Bank,-0.590390535848162,0.02967098893424101,-0.6200615247824031,DOWN,UP
2025-11-28,Axis Bank,-0.3125732712841778,0.03375420737551118,-0.34632747865968894,DOWN,UP
2025-12-01,Axis Bank,-1.3874697694873817,0.021522089294007854,-1.4089918587813894,DOWN,UP
2025-12-02,Axis Bank,1.009535069306433,0.052255939254712336,0.9572791300517207,UP,UP
2025-12-03,Axis Bank,0.731883936845068,0.03696814315820795,0.6949157936868601,UP,UP
2025-12-04,Axis Bank,0.1953125,0.025182415355091116,0.1701300846449089,UP,UP
2025-12-05,Axis Bank,-0.6783587658382051,0.029235134620351655,-0.7075939004585567,DOWN,UP
2025-12-08,Axis Bank,0.1648591227382478,0.022195333469072025,0.14266378926917578,UP,UP
2025-12-09,Axis Bank,0.2116114993504281,0.023597256048597207,0.18801424330183092,UP,UP
2025-12-10,Axis Bank,-0.4614441206569508,0.036675733103913456,-0.49811985376086426,DOWN,UP
2025-12-11,Axis Bank,1.052881663248595,0.034659877616546646,1.0182217856320483,UP,UP
2025-12-12,Axis Bank,-0.1010750938876481,0.025375780383478447,-0.12645087427112656,DOWN,UP
2025-12-15,Axis Bank,-5.074725308553418,0.032920846407824535,-5.107646154961243,DOWN,UP
2025-12-16,Axis Bank,0.4181678983297132,0.41121224417974894,0.006955654149964241,UP,UP
2025-12-17,Axis Bank,0.416436503599904,0.033855696367905155,0.38258080723199883,UP,UP
2025-12-18,Axis Bank,0.0650452696415726,0.028649570356250324,0.03639569928532228,UP,UP
2025-12-19,Axis Bank,0.2112770711456768,0.03462310427056545,0.17665396687511134,UP,UP
2025-12-22,Axis Bank,-0.6649328167814827,0.037265610979212674,-0.7021984277606954,DOWN,UP
2025-12-23,Axis Bank,0.1061264349489832,0.023465281060406785,0.08266115388857642,UP,UP
2025-12-24,Axis Bank,0.1549296475659156,0.024996000831289004,0.1299336467346266,UP,UP
2025-12-26,Axis Bank,0.3093998517504692,0.035616394322927826,0.27378345742754134,UP,UP
2025-12-29,Axis Bank,1.1363636363636465,0.026067680332587825,1.1102959560310586,UP,UP
2025-12-30,Axis Bank,1.87801159021368,0.1014783151051768,1.7765332751085032,UP,UP
2025-12-31,Axis Bank,0.3938868681137686,0.07842306048674651,0.3154638076270221,UP,UP
2026-01-01,Axis Bank,-0.5885122297803136,0.05729222730671129,-0.6458044570870248,DOWN,UP
2026-01-02,Axis Bank,1.491832350607436,0.1385434262665284,1.3532889243409076,UP,UP
2026-01-05,Axis Bank,0.6221807198787399,0.07157590217112166,0.5506048177076183,UP,UP
2026-01-06,Axis Bank,0.1313921091141257,0.049499333972658884,0.08189277514146681,UP,UP
2026-01-07,Axis Bank,-0.6715516149652601,0.04860270127835013,-0.7201543162436101,DOWN,UP
2026-01-08,Axis Bank,-1.1501436327736592,0.02824667102507884,-1.178390303798738,DOWN,UP
2026-01-09,Axis Bank,0.1729521361536923,0.02565026211207055,0.14730187404162173,UP,UP
2026-01-12,Axis Bank,-0.9574597111430384,0.029543183665385452,-0.9870028948084238,DOWN,UP
2026-01-13,Axis Bank,2.916010208250785,0.022525404808944938,2.89348480344184,UP,UP
2026-01-14,Axis Bank,0.0,0.2325076020052708,-0.2325076020052708,UP,UP
2026-01-15,Axis Bank,-0.3541805884901605,1.7190790207139768,-2.073259609204137,DOWN,UP
2026-01-19,Axis Bank,-1.070745697896747,0.07113824588643566,-1.1418839437831825,DOWN,UP
2026-01-20,Axis Bank,-0.6648608879735174,0.04141583555254645,-0.7062767235260639,DOWN,UP
2026-01-21,Axis Bank,0.7704898611529787,0.029072873330019573,0.7414169878229591,UP,UP
2026-01-22,Axis Bank,-2.842141445810986,0.029513799010169303,-2.8716552448211554,DOWN,UP
2026-01-23,Axis Bank,4.594598476003586,0.062163096686213434,4.532435379317373,UP,UP
2026-01-27,Axis Bank,0.3039975567383779,0.2033060138294194,0.10069154290895851,UP,UP
2026-01-28,Axis Bank,3.326254032399034,0.2047483120134633,3.1215057203855707,UP,UP
2026-01-29,Axis Bank,0.4913157939493873,-0.031625825220636436,0.5229416191700237,UP,DOWN
2026-01-30,Axis Bank,-4.298016883008026,0.044440218246565334,-4.342457101254592,DOWN,UP
2026-02-02,Axis Bank,3.408307371092256,0.10806908249586414,3.3002382885963915,UP,UP
2026-02-03,Axis Bank,-1.2903701983530191,0.293243414192048,-1.5836136125450673,DOWN,UP
2026-02-04,Axis Bank,-0.6050628132799218,0.13985266963472373,-0.7449154829146456,DOWN,UP
2026-02-05,Axis Bank,0.8266947393529067,0.08864257232303982,0.7380521670298669,UP,UP
2026-02-06,Axis Bank,-0.0149039337741241,0.07956765117622865,-0.09447158495035274,DOWN,UP
2026-02-09,Axis Bank,1.140593892899,0.06037405698635861,1.0802198359126414,UP,UP
2026-02-10,Axis Bank,-0.6928504962081417,0.05395666345450502,-0.7468071596626467,DOWN,UP
2026-02-11,Axis Bank,-0.5418279940295867,0.04764678114107925,-0.5894747751706659,DOWN,UP
2026-02-12,Axis Bank,-0.5746232217817115,0.02947567663153335,-0.6040988984132449,DOWN,UP
2026-02-13,Axis Bank,1.9515123506052,0.027180655008211083,1.924331695596989,UP,UP
2026-02-16,Axis Bank,-0.0809907691013522,0.02887111287450223,-0.10986188197585442,DOWN,UP
2026-02-17,Axis Bank,1.45888959184155,0.026541876379050342,1.4323477154624997,UP,UP
2026-02-18,Axis Bank,-1.4814832544707723,0.07418608046244797,-1.5556693349332202,DOWN,UP
2026-02-19,Axis Bank,0.8624556577287334,0.03399352327411272,0.8284621344546207,UP,UP
2026-02-20,Axis Bank,1.3447271568475472,0.03274389538849274,1.3119832614590545,UP,UP
2026-02-23,Axis Bank,0.0649040488753138,0.04138965513465853,0.023514393740655268,UP,UP
2026-02-24,Axis Bank,1.1098317011399184,0.06045588765050377,1.0493758134894147,UP,UP
2026-02-25,Axis Bank,-0.5345687811831756,0.06627018657947706,-0.6008389677626527,DOWN,UP
2026-02-26,Axis Bank,-0.8312415324928324,0.04877243080179084,-0.8800139632946232,DOWN,UP
2026-02-27,Axis Bank,-0.8382090744487813,0.0338293948908845,-0.8720384693396659,DOWN,UP
2026-03-02,Axis Bank,-1.5302775816362413,0.01899249532565998,-1.5492700769619012,DOWN,UP
2026-03-04,Axis Bank,-0.1628116008798641,0.014564918415420453,-0.17737651929528456,DOWN,UP
2026-03-05,Axis Bank,-2.468306823840072,0.024261726869623187,-2.492568550709695,DOWN,UP
2026-03-06,Axis Bank,-2.0899832025764065,-0.007458240906468266,-2.082524961669938,DOWN,DOWN
2026-03-09,Axis Bank,2.049204482120759,0.02534359203730791,2.023860890083451,UP,UP
2026-03-10,Axis Bank,-4.480102269057573,0.0181821670697031,-4.4982844361272765,DOWN,UP
2026-03-11,Axis Bank,-1.6961337792590123,0.24147412301271837,-1.9376079022717307,DOWN,UP
2026-03-12,Axis Bank,-3.013361779819768,0.2493619208693536,-3.2627237006891217,DOWN,UP
2026-03-13,Axis Bank,1.4532616415392718,0.22638663445841573,1.226875007080856,UP,UP
2026-03-16,Axis Bank,1.1031550961317471,0.47578530070794434,0.6273697954238028,UP,UP
2026-03-17,Axis Bank,2.043805560207912,0.043130355293084094,2.000675204914828,UP,UP
2026-03-18,Axis Bank,-3.6865586476182983,0.13713253464497588,-3.823691182263274,DOWN,UP
2026-03-19,Axis Bank,-0.2568331057114736,0.04732432694395797,-0.3041574326554316,DOWN,UP
2026-03-20,Axis Bank,-2.766014465722111,0.14876077539760388,-2.9147752411197145,DOWN,UP
2026-03-23,Axis Bank,1.8879186781868509,0.0006461233568967499,1.887272554829954,UP,UP
2026-03-24,Axis Bank,2.4649975364865018,0.1583024262875273,2.3066951101989743,UP,UP
2026-03-25,Axis Bank,-1.3828675846229157,0.09922903832525719,-1.482096622948173,DOWN,UP
2026-03-27,Axis Bank,-3.6425409991980175,0.10800378571902589,-3.7505447849170435,DOWN,UP
2026-03-30,Axis Bank,2.7383040920304857,0.10184940604395498,2.6364546859865308,UP,UP
2026-04-01,Axis Bank,0.4023174022585785,0.08664617501764371,0.31567122724093477,UP,UP
2026-04-02,Axis Bank,3.9569265755084793,0.30044735386446025,3.656479221644019,UP,UP
2026-04-06,Axis Bank,0.3854433927252598,0.2406389890204749,0.1448044037047849,UP,UP
2026-04-07,Axis Bank,6.631471564920743,0.11551074214780037,6.515960822772943,UP,UP
2026-04-08,Axis Bank,-1.087771942985749,-2.008307183434597,0.920535240448848,DOWN,DOWN
2026-04-09,Axis Bank,2.4497572110826704,0.0044112440336038184,2.4453459670490667,UP,UP
2026-04-10,Axis Bank,0.2072791424786668,-1.7308801451138378,1.9381592875925047,UP,DOWN
2026-04-13,Axis Bank,0.1403682364311542,0.07777411614708675,0.06259412028406745,UP,UP
2026-04-15,Axis Bank,-0.4352655414284423,0.05900106693632137,-0.49426660836476366,DOWN,UP
2026-04-16,Axis Bank,0.7039122830359901,0.03439246623866489,0.6695198167973252,UP,UP
2026-04-17,Axis Bank,-0.3237454560445774,0.026714631365726056,-0.35046008741030343,DOWN,UP
2026-04-20,Axis Bank,1.697792930464348,0.03470573922339384,1.6630871912409542,UP,UP
2026-04-21,Axis Bank,0.1379127880817732,0.05168742320553669,0.08622536487623653,UP,UP
2026-04-22,Axis Bank,-0.7248477947930376,0.054662436537358715,-0.7795102313303963,DOWN,UP
2026-04-23,Axis Bank,-0.2701483088368261,0.022456362860203274,-0.29260467169702936,DOWN,UP
2026-04-24,Axis Bank,-3.0529374402841647,0.02698762418966063,-3.079925064473825,DOWN,UP
2026-04-27,Axis Bank,-2.658205140449077,0.2888745830142787,-2.9470797234633554,DOWN,UP
2026-04-28,Axis Bank,0.5740903346828974,-0.03455078602171324,0.6086411207046106,UP,DOWN
2026-04-29,Axis Bank,-2.1675389584042914,0.0194797464118926,-2.187018704816184,DOWN,UP
2026-04-30,Axis Bank,0.0,0.6483282379332352,-0.6483282379332352,UP,UP
2026-05-01,Axis Bank,0.5361449575039812,0.9696323916805191,-0.4334874341765379,UP,UP
2026-05-05,Axis Bank,2.738747426949195,0.04019681911996014,2.698550607829235,UP,UP
2026-05-06,Axis Bank,-0.115901719718181,0.05520331199444847,-0.17110503171262947,DOWN,UP
2026-05-07,Axis Bank,-1.887514757127573,0.03402989634370055,-1.9215446534712735,DOWN,UP
2026-05-08,Axis Bank,0.3153827837266032,0.009696400582811156,0.30568638314379204,UP,UP
2026-05-11,Axis Bank,-0.9588990626404948,0.031220033057905768,-0.9901190956984006,DOWN,UP
2026-05-12,Axis Bank,-0.349180580851649,0.022397243099986624,-0.37157782395163563,DOWN,UP
2026-05-13,Axis Bank,-0.0875986006777296,0.022099051442773635,-0.10969765212050323,DOWN,UP
2026-05-14,Axis Bank,-0.7811196356221517,0.022710865513150186,-0.8038305011353019,DOWN,UP
2026-05-15,Axis Bank,-0.5543078521372369,0.023035140009555068,-0.577342992146792,DOWN,UP
2026-05-18,Axis Bank,0.0323147593644934,0.024672433487148142,0.007642325877345257,UP,UP
2026-05-19,Axis Bank,0.9286925257641075,0.03101317938784673,0.8976793463762608,UP,UP
2026-05-20,Axis Bank,0.2800447962281405,0.03571596659473798,0.24432882963340252,UP,UP
2026-05-21,Axis Bank,2.561236283039481,0.024075089221473157,2.5371611938180076,UP,UP
2026-05-22,Axis Bank,2.007151568989052,0.08138451393835751,1.9257670550506942,UP,UP
2026-05-25,Axis Bank,-0.9075581747173268,0.09232557235276123,-0.9998837470700881,DOWN,UP
2026-05-26,Axis Bank,0.3694240419787276,0.058086936500162716,0.31133710547856486,UP,UP
2026-05-27,Axis Bank,0.0,0.040050126997910995,-0.040050126997910995,UP,UP
2026-05-28,Axis Bank,-1.3419216568988257,1.70510436588453,-3.0470260227833554,DOWN,UP
2026-06-01,Axis Bank,-1.9437297870978587,0.024852248731214634,-1.9685820358290733,DOWN,UP
2026-06-02,Axis Bank,0.3277096687670733,0.2017160441900924,0.1259936245769809,UP,UP
2026-06-03,Axis Bank,-0.1513625253073192,0.026106482606264338,-0.17746900791358353,DOWN,UP
2026-06-04,Axis Bank,1.5159977068353037,0.023487114991408584,1.492510591843895,UP,UP
2026-06-05,Axis Bank,-0.3301165669258643,0.04808266342527524,-0.3781992303511395,DOWN,UP
2026-06-08,Axis Bank,1.9162565488495489,0.029908051175021176,1.8863484976745277,UP,UP
2026-06-09,Axis Bank,1.7099949836318684,0.08556053928590072,1.6244344443459677,UP,UP
2026-06-10,Axis Bank,0.2130124631513963,0.10310273348011484,0.10990972967128146,UP,UP
2026-06-11,Axis Bank,2.960601120048123,0.08040890538928588,2.880192214658837,UP,UP
2026-06-12,Axis Bank,0.8847599769953751,0.0923944145558978,0.7923655624394773,UP,UP
2026-06-15,Axis Bank,-0.1900239394478475,0.048005137219982764,-0.23802907666783027,DOWN,UP
2026-06-16,Axis Bank,-1.0836880198401566,0.03917188958075835,-1.122859909420915,DOWN,UP
2026-06-17,Axis Bank,0.6810238363764487,0.018943308070177235,0.6620805283062715,UP,UP
2026-06-18,Axis Bank,-0.1617492251573038,0.017817953942013492,-0.1795671790993173,DOWN,UP
2026-06-19,Axis Bank,0.0515465910074564,0.017121014175286726,0.03442557683216967,UP,UP
2026-06-22,Axis Bank,0.3606671943262141,-0.0014629902133013151,0.3621301845395154,UP,DOWN
2026-06-23,Axis Bank,1.5401540154015292,0.020925187999479424,1.5192288274020498,UP,UP
2026-06-24,Axis Bank,-0.5272696878385719,0.06187952535667087,-0.5891492131952427,DOWN,UP
2026-06-25,Axis Bank,0.0,0.02832204878817319,-0.02832204878817319,UP,UP
2026-06-26,Axis Bank,-1.481259299086635,1.7254626405432623,-3.2067219396298974,DOWN,UP
2026-06-30,Axis Bank,1.7091477175109393,0.02609273736783303,1.6830549801431063,UP,UP
2026-07-01,Axis Bank,-0.4456766131038958,0.044424118292871746,-0.4901007313967675,DOWN,UP
2026-07-02,Axis Bank,-1.504476762608531,0.02003645558986421,-1.5245132181983951,DOWN,UP
2026-07-03,Axis Bank,-0.1862752436835868,0.019601020522074346,-0.20587626420566116,DOWN,UP
2026-07-06,Axis Bank,0.1045106329932599,0.01874708549170209,0.0857635475015578,UP,UP
2026-07-07,Axis Bank,-2.348993288590606,0.02455088664468258,-2.373544175235289,DOWN,UP
2026-07-08,Axis Bank,-0.908745659722221,-0.009230752092728754,-0.8995149076294923,DOWN,DOWN
2026-07-09,Axis Bank,2.01140382837568,0.017947259329794917,1.9934565690458852,UP,UP
2026-07-10,Axis Bank,-0.3248414985590808,0.04437621278823888,-0.3692177113473197,DOWN,UP
2026-07-13,Axis Bank,-0.1364293462799093,0.022363893531361805,-0.1587932398112711,DOWN,UP
2026-07-14,Axis Bank,-0.4022409574996888,0.03727970480072518,-0.439520662300414,DOWN,UP
2026-07-15,Axis Bank,-0.3581553811862314,0.03064544424274215,-0.38880082542897354,DOWN,UP
2026-07-16,Axis Bank,1.5983500156228736,0.03679316412216605,1.5615568515007074,UP,UP
2026-07-17,Axis Bank,-5.457282649604823,0.09248817318686504,-5.549770822791688,DOWN,UP
2026-07-20,Axis Bank,0.1751553480792145,0.22952930222835538,-0.05437395414914087,UP,UP
2026-07-21,Axis Bank,-1.5736709208557076,0.09067220965674234,-1.6643431305124499,DOWN,UP
2026-07-22,Axis Bank,-1.2435419985839302,0.05983827834179147,-1.3033802769257217,DOWN,UP
2026-07-23,Axis Bank,0.3515984323896104,0.08232388861996254,0.2692745437696479,UP,UP
2026-07-24,Axis Bank,0.0162919550166895,0.038232850139265376,-0.021940895122575875,UP,UP
2026-07-27,Axis Bank,-0.3258655804480703,0.05954418460080445,-0.38540976504887475,DOWN,UP
2026-07-28,Axis Bank,0.9726215295514872,0.06112178856432652,0.9114997409871607,UP,UP
2026-07-29,Axis Bank,-0.5261453676174921,0.04353329450270321,-0.5696786621201952,DOWN,UP
2026-07-30,Axis Bank,0.0488221640506214,0.04562654055401134,0.0031956234966100602,UP,UP
2026-07-31,Axis Bank,3.4566897112647377,0.028460074770668867,3.428229636494069,UP,UP
2026-08-03,Axis Bank,-0.8018829537637551,0.06346857542375597,-0.865351529187511,DOWN,UP
2026-08-04,Axis Bank,-0.6260916237401881,0.05348517545847738,-0.6795767991986655,DOWN,UP
2026-08-05,Axis Bank,0.1674755199816413,0.034993348621486196,0.1324821713601551,UP,UP
2026-08-06,Axis Bank,-1.4331210191082857,0.029459027437579235,-1.462580046545865,DOWN,UP
2026-08-07,Axis Bank,0.7512155757774641,0.023919966521991746,0.7272956092554723,UP,UP
2026-08-10,Axis Bank,-1.403030491054802,0.022791688216180852,-1.4258221792709829,DOWN,UP
2026-08-11,Axis Bank,0.0162588359030824,0.015358626887299979,0.0009002090157824213,UP,UP
2026-08-12,Axis Bank,-0.6666626969004108,0.019243753346929952,-0.6859064502473408,DOWN,UP
2026-08-13,Axis Bank,-0.3601263904255636,0.0186145693143526,-0.3787409597399162,DOWN,UP
2026-08-14,Axis Bank,0.8132104662004869,0.01591939064480663,0.7972910755556802,UP,UP
2026-08-17,Axis Bank,1.2792268025138442,0.02205177653038892,1.2571750259834553,UP,UP
2026-08-18,Axis Bank,-0.6436041834271933,0.04697623162728941,-0.6905804150544826,DOWN,UP
2026-08-19,Axis Bank,1.2955465587044523,0.0351775728998819,1.2603689858045704,UP,UP
2026-08-20,Axis Bank,-0.4156635628996818,0.04484188022779688,-0.4605054431274787,DOWN,UP
2026-08-21,Axis Bank,-0.786647009473429,0.02281993853585161,-0.8094669480092807,DOWN,UP
2026-08-24,Axis Bank,-0.0809061488673101,0.021798890349396423,-0.10270503921670651,DOWN,UP
2026-08-25,Axis Bank,1.61943319838056,0.02123939509956659,1.5981938032809935,UP,UP
2026-08-26,Axis Bank,0.0796812749003894,0.04542431293571192,0.03425696196467748,UP,UP
2026-08-27,Axis Bank,0.7165605095541316,0.05844086407398348,0.6581196454801481,UP,UP
2026-08-28,Axis Bank,2.7667984189723382,0.05566496052043889,2.7111334584518993,UP,UP
2026-08-31,Axis Bank,-3.230769230769226,0.11242519699857328,-3.3431944277677994,DOWN,UP
2026-09-01,Axis Bank,-0.3259122087390653,-0.026024327137176118,-0.2998878816018892,DOWN,DOWN
2026-09-02,Axis Bank,1.0447384425292583,0.05364540147985713,0.9910930410494012,UP,UP
2025-09-17,Bharti Airtel,-0.0103061472804477,0.03361283557430423,-0.04391898285475193,DOWN,UP
2025-09-18,Bharti Airtel,1.0973184841597703,0.03169551718527469,1.0656229669744957,UP,UP
2025-09-19,Bharti Airtel,-0.3159433940609912,0.1215760178311554,-0.4375194118921466,DOWN,UP
2025-09-22,Bharti Airtel,-0.8945915773853508,0.031151267062939112,-0.9257428444482899,DOWN,UP
2025-09-23,Bharti Airtel,-0.392014018535658,0.013333139788746052,-0.40534715832440404,DOWN,UP
2025-09-24,Bharti Airtel,0.2330278109311523,0.01761373958706639,0.2154140713440859,UP,UP
2025-09-25,Bharti Airtel,-0.9816077825816504,0.025029022713324356,-1.0066368052949748,DOWN,UP
2025-09-26,Bharti Airtel,-0.751331764452301,0.013802422248959643,-0.7651341867012607,DOWN,UP
2025-09-29,Bharti Airtel,-1.2511790226442887,0.018047057391741197,-1.26922608003603,DOWN,UP
2025-09-30,Bharti Airtel,-0.5749600025422796,0.005221217304088156,-0.5801812198463678,DOWN,UP
2025-10-01,Bharti Airtel,1.5581482098064423,0.010169334321677137,1.5479788754847652,UP,UP
2025-10-03,Bharti Airtel,0.3374294605801076,0.030610864181399543,0.30681859639870807,UP,UP
2025-10-06,Bharti Airtel,1.3609387182136112,0.03735346753923465,1.3235852506743766,UP,UP
2025-10-07,Bharti Airtel,0.7516848107827823,0.08236228899204123,0.669322521790741,UP,UP
2025-10-08,Bharti Airtel,-0.0771803447388697,0.05900963327493121,-0.1361899780138009,DOWN,UP
2025-10-09,Bharti Airtel,-0.1081346851667053,0.034124874753977616,-0.1422595599206829,DOWN,UP
2025-10-10,Bharti Airtel,0.7732357240693766,0.0384600622082343,0.7347756618611423,UP,UP
2025-10-13,Bharti Airtel,-0.4245766394428751,0.022823484992157472,-0.4474001244350326,DOWN,UP
2025-10-14,Bharti Airtel,1.1250397970168802,0.01729269289854324,1.1077471041183369,UP,UP
2025-10-15,Bharti Airtel,-0.0558788715233626,0.03439311198487685,-0.09027198350823945,DOWN,UP
2025-10-16,Bharti Airtel,2.266950037231008,0.010842028105594585,2.2561080091254135,UP,UP
2025-10-17,Bharti Airtel,1.963220675944344,0.06913961865400746,1.8940810572903366,UP,UP
2025-10-20,Bharti Airtel,-0.3899585669022709,0.06722052337022348,-0.45717909027249437,DOWN,UP
2025-10-21,Bharti Airtel,-1.7421079317806454,0.18352308721605468,-1.9256310189967,DOWN,UP
2025-10-23,Bharti Airtel,1.0657913319318535,0.13239475901102282,0.9333965729208307,UP,UP
2025-10-24,Bharti Airtel,2.503328616064482,0.027276950099005704,2.476051665965476,UP,UP
2025-10-27,Bharti Airtel,0.4855465141800241,0.043612114862056274,0.4419343993179678,UP,UP
2025-10-28,Bharti Airtel,0.497567061875781,0.04892250666197518,0.4486445552138058,UP,UP
2025-10-29,Bharti Airtel,-1.6328690485350017,0.061641614721901695,-1.6945106632569034,DOWN,UP
2025-10-30,Bharti Airtel,-0.5710714102154402,-0.00493228339680454,-0.5661391268186357,DOWN,DOWN
2025-10-31,Bharti Airtel,0.9491360428327988,0.010823546493787646,0.9383124963390111,UP,UP
2025-11-03,Bharti Airtel,1.8948914574794973,0.019789494944993685,1.8751019625345036,UP,UP
2025-11-04,Bharti Airtel,-0.8706831050601771,0.36295284309513237,-1.2336359481553094,DOWN,UP
2025-11-06,Bharti Airtel,-4.472765074218799,0.025746041552959578,-4.498511115771759,DOWN,UP
2025-11-07,Bharti Airtel,0.9294472371617956,0.21205359761538115,0.7173936395464144,UP,UP
2025-11-10,Bharti Airtel,1.1139716534344313,0.07411215222178755,1.0398595012126437,UP,UP
2025-11-11,Bharti Airtel,1.5423786538160569,0.15475081840933733,1.3876278354067195,UP,UP
2025-11-12,Bharti Airtel,0.8679718186992869,0.16715239630380718,0.7008194223954797,UP,UP
2025-11-13,Bharti Airtel,0.4254662078593929,0.1063946033788062,0.3190716044805867,UP,UP
2025-11-14,Bharti Airtel,0.5474365814872595,0.06257349369463755,0.48486308779262194,UP,UP
2025-11-17,Bharti Airtel,1.7517280965503312,0.0390579977650692,1.712670098785262,UP,UP
2025-11-18,Bharti Airtel,0.4932113296610696,0.08372964565883396,0.40948168400223567,UP,UP
2025-11-19,Bharti Airtel,-0.0694508735109011,0.057471415833423016,-0.12692228934432412,DOWN,UP
2025-11-20,Bharti Airtel,0.2038596230463429,0.03467930372846094,0.16918031931788197,UP,UP
2025-11-21,Bharti Airtel,-0.4901213184880904,0.0075724465450757025,-0.4976937650331661,DOWN,UP
2025-11-24,Bharti Airtel,0.4414292815815512,0.0044214589152167805,0.4370078226663344,UP,UP
2025-11-25,Bharti Airtel,-1.6099207649859726,0.004029948679955333,-1.613950713665928,DOWN,UP
2025-11-26,Bharti Airtel,-0.5266104436120411,0.3643050552482343,-0.8909154988602754,DOWN,UP
2025-11-27,Bharti Airtel,-0.6617507730080852,0.015234185086166946,-0.6769849580942521,DOWN,UP
2025-11-28,Bharti Airtel,-0.5662421931577843,0.006928056897410407,-0.5731702500551947,DOWN,UP
2025-12-01,Bharti Airtel,0.6843111050514938,0.013177690530371287,0.6711334145211225,UP,UP
2025-12-02,Bharti Airtel,-0.8555133079847899,0.018660328457801037,-0.8741736364425909,DOWN,UP
2025-12-03,Bharti Airtel,0.8533101068132876,0.018903014751074528,0.8344070920622131,UP,UP
2025-12-04,Bharti Airtel,0.237665171782142,0.016681737240524804,0.2209834345416172,UP,UP
2025-12-05,Bharti Airtel,-1.0717041508420455,0.01821101361102501,-1.0899151644530705,DOWN,UP
2025-12-08,Bharti Airtel,0.1677691535767689,0.013700718918111435,0.15406843465865744,UP,UP
2025-12-09,Bharti Airtel,-1.086278016092468,0.015290975233414227,-1.1015689913258824,DOWN,UP
2025-12-10,Bharti Airtel,-0.6676366148101076,0.012476071715067406,-0.680112686525175,DOWN,UP
2025-12-11,Bharti Airtel,1.4708723889574449,0.004755725057965312,1.4661166638994796,UP,UP
2025-12-12,Bharti Airtel,-0.6575766446212827,0.027716474528343717,-0.6852931191496264,DOWN,UP
2025-12-15,Bharti Airtel,1.5606150451825895,0.014896907293078193,1.5457181378895113,UP,UP
2025-12-16,Bharti Airtel,0.2854424357754626,0.06328609002930789,0.22215634574615467,UP,UP
2025-12-17,Bharti Airtel,-0.7590132827324458,0.027225950952671447,-0.7862392336851173,DOWN,UP
2025-12-18,Bharti Airtel,0.2724642051565418,0.031613597370953324,0.24085060778558848,UP,UP
2025-12-19,Bharti Airtel,2.378802862463636,0.21977516595668078,2.1590276965069553,UP,UP
2025-12-22,Bharti Airtel,-1.1501301075305448,0.05932775148069713,-1.209457859011242,DOWN,UP
2025-12-23,Bharti Airtel,0.0376866015793675,0.03472433113131974,0.0029622704480477616,UP,UP
2025-12-24,Bharti Airtel,-0.8617059494693158,0.028018863337045966,-0.8897248128063617,DOWN,UP
2025-12-26,Bharti Airtel,-1.1304172979682336,0.02774769816281531,-1.158164996131049,DOWN,UP
2025-12-29,Bharti Airtel,0.8743250537107006,0.03096807068166121,0.8433569830290394,UP,UP
2025-12-30,Bharti Airtel,0.2762191014978654,0.201487558429833,0.07473154306803237,UP,UP
2025-12-31,Bharti Airtel,0.2279542394038936,0.026124238517747297,0.20183000088614628,UP,UP
2026-01-01,Bharti Airtel,-0.1942690345593689,0.03434182593021829,-0.22861086048958718,DOWN,UP
2026-01-02,Bharti Airtel,-0.0617219198588703,0.008625015702046388,-0.07034693556091669,DOWN,UP
2026-01-05,Bharti Airtel,0.0142541010985652,0.01914512245800988,-0.004891021359444681,UP,UP
2026-01-06,Bharti Airtel,-1.00223707627779,0.32522640032837075,-1.3274634766061606,DOWN,UP
2026-01-07,Bharti Airtel,-0.8588380559977238,0.02314619834418029,-0.8819842543419041,DOWN,UP
2026-01-08,Bharti Airtel,-1.897114277494183,0.010793127270811149,-1.907907404764994,DOWN,UP
2026-01-09,Bharti Airtel,0.8337045344385619,-0.01769155163779271,0.8513960860763545,UP,DOWN
2026-01-12,Bharti Airtel,-0.8365937175116245,0.014377677144932516,-0.850971394656557,DOWN,UP
2026-01-13,Bharti Airtel,-0.2170814722514236,0.032570340984644994,-0.2496518132360686,DOWN,UP
2026-01-14,Bharti Airtel,0.0,0.02095435349787013,-0.02095435349787013,UP,UP
2026-01-15,Bharti Airtel,-0.3016057150030948,0.8375138253146446,-1.1391195403177394,DOWN,UP
2026-01-19,Bharti Airtel,-0.6965174129353269,0.027171531293388156,-0.723688944228715,DOWN,UP
2026-01-20,Bharti Airtel,0.0050087968906487,0.03698666130537179,-0.031977864414723084,UP,UP
2026-01-21,Bharti Airtel,0.3055946926780128,0.06935079909929663,0.23624389357871617,UP,UP
2026-01-22,Bharti Airtel,-0.8740385789020366,0.03185710976348905,-0.9058956886655257,DOWN,UP
2026-01-23,Bharti Airtel,-0.5693518937782249,0.024960767403780636,-0.5943126611820055,DOWN,UP
2026-01-27,Bharti Airtel,-0.795584931993154,0.1940959835991278,-0.9896809155922819,DOWN,UP
2026-01-28,Bharti Airtel,0.521023318005498,0.051336708497845635,0.4696866095076523,UP,UP
2026-01-29,Bharti Airtel,0.0406487498291863,0.02592369167784631,0.014725058151339992,UP,UP
2026-01-30,Bharti Airtel,-0.1676195885436104,0.03156733340547991,-0.1991869219490903,DOWN,UP
2026-02-02,Bharti Airtel,1.6230804934264098,0.03229400474645478,1.590786488679955,UP,UP
2026-02-03,Bharti Airtel,1.4269263156891032,0.03441104972805269,1.3925152659610505,UP,UP
2026-02-04,Bharti Airtel,-1.6487325308034984,0.08308051427124512,-1.7318130450747435,DOWN,UP
2026-02-05,Bharti Airtel,2.308773310396228,0.026258733481228525,2.2825145769149993,UP,UP
2026-02-06,Bharti Airtel,-0.0098152099583637,0.10852730096909663,-0.11834251092746033,DOWN,UP
2026-02-09,Bharti Airtel,-1.3197872136285649,0.03621682128136794,-1.3560040349099327,DOWN,UP
2026-02-10,Bharti Airtel,0.039771627225793,0.02366069496255084,0.01611093226324216,UP,UP
2026-02-11,Bharti Airtel,0.1192795806959745,0.02343052266825104,0.09584905802772345,UP,UP
2026-02-12,Bharti Airtel,-0.4864754940742122,0.019812269540402314,-0.5062877636146145,DOWN,UP
2026-02-13,Bharti Airtel,1.232108237831242,0.020258984257745315,1.2118492535734966,UP,UP
2026-02-16,Bharti Airtel,-0.4484071881572404,0.03966954389023821,-0.4880767320474786,DOWN,UP
2026-02-17,Bharti Airtel,0.0742463972551954,0.01624971179882936,0.057996685456366034,UP,UP
2026-02-18,Bharti Airtel,-1.6421046809960815,0.033404298013467615,-1.6755089790095492,DOWN,UP
2026-02-19,Bharti Airtel,-0.5632078502150639,0.017078353853496427,-0.5802862040685604,DOWN,UP
2026-02-20,Bharti Airtel,1.006373225870627,0.013358501095416487,0.9930147247752106,UP,UP
2026-02-23,Bharti Airtel,-2.818807763067843,0.019005335191636143,-2.8378130982594794,DOWN,UP
2026-02-24,Bharti Airtel,-1.4219461919596887,0.16763553467820913,-1.5895817266378978,DOWN,UP
2026-02-25,Bharti Airtel,0.8466578324015428,0.025108455169136346,0.8215493772324065,UP,UP
2026-02-26,Bharti Airtel,-2.606754114543264,0.026057988565715392,-2.632812103108979,DOWN,UP
2026-02-27,Bharti Airtel,-0.3245941306740163,0.005757223291529068,-0.3303513539655454,DOWN,UP
2026-03-02,Bharti Airtel,1.745679804322564,0.0924077115459413,1.6532720927766227,UP,UP
2026-03-04,Bharti Airtel,0.0577142332675917,0.2733397701613553,-0.2156255368937636,UP,UP
2026-03-05,Bharti Airtel,-1.8982669728303647,0.04440566036718956,-1.9426726331975543,DOWN,UP
2026-03-06,Bharti Airtel,-0.2191627939510887,-0.010978323799102874,-0.20818447015198582,DOWN,DOWN
2026-03-09,Bharti Airtel,-0.873194792102483,0.014805178508524046,-0.887999970611007,DOWN,UP
2026-03-10,Bharti Airtel,-2.34544011248623,0.008939613621464967,-2.354379726107695,DOWN,UP
2026-03-11,Bharti Airtel,-0.3154372535625338,0.01613543238380874,-0.3315726859463426,DOWN,UP
2026-03-12,Bharti Airtel,0.1165811096992763,0.02002244166554267,0.09655866803373364,UP,UP
2026-03-13,Bharti Airtel,-0.8095805361143404,0.04992476340088318,-0.8595052995152236,DOWN,UP
2026-03-16,Bharti Airtel,2.1355070510480134,0.05936397161150258,2.0761430794365108,UP,UP
2026-03-17,Bharti Airtel,1.5544622010981168,0.04513205034794493,1.509330150750172,UP,UP
2026-03-18,Bharti Airtel,-1.5306685372622697,0.07197196147895414,-1.602640498741224,DOWN,UP
2026-03-19,Bharti Airtel,1.0454283298268807,0.03882695674733109,1.0066013730795496,UP,UP
2026-03-20,Bharti Airtel,-2.7192433690348627,0.026687171700493686,-2.7459305407353565,DOWN,UP
2026-03-23,Bharti Airtel,0.3452280799371099,-0.05632492701506449,0.4015530069521744,UP,DOWN
2026-03-24,Bharti Airtel,1.820101507823435,0.02044806630762649,1.7996534415158085,UP,UP
2026-03-25,Bharti Airtel,0.4904899384299721,0.053780051215852186,0.43670988721411996,UP,UP
2026-03-27,Bharti Airtel,-3.335321827957727,0.08610812722608455,-3.4214299551838114,DOWN,UP
2026-03-30,Bharti Airtel,-0.0280520642477188,0.018830028924341238,-0.04688209317206003,DOWN,UP
2026-04-01,Bharti Airtel,0.4377308856245987,0.023920881097374634,0.4138100045272241,UP,UP
2026-04-02,Bharti Airtel,0.173218849015444,0.02331037937216932,0.14990846964327467,UP,UP
2026-04-06,Bharti Airtel,2.0917000768999383,0.019889076256957183,2.071811000642981,UP,UP
2026-04-07,Bharti Airtel,1.710098121772563,0.10612844284339386,1.603969678929169,UP,UP
2026-04-08,Bharti Airtel,-0.1181752901120658,0.10659399396990718,-0.224769284081973,DOWN,UP
2026-04-09,Bharti Airtel,0.5700750482284134,0.054373108364443375,0.51570193986397,UP,UP
2026-04-10,Bharti Airtel,0.0481296478108239,0.056623096084249515,-0.008493448273425616,UP,UP
2026-04-13,Bharti Airtel,-0.8124471133591382,0.025597240049960716,-0.8380443534090989,DOWN,UP
2026-04-15,Bharti Airtel,-0.8137078182494983,0.019566910617731463,-0.8332747288672298,DOWN,UP
2026-04-16,Bharti Airtel,0.3422823487824855,0.024799398585959025,0.31748295019652645,UP,UP
2026-04-17,Bharti Airtel,-0.0433184697357424,0.028184761189402698,-0.0715032309251451,DOWN,UP
2026-04-20,Bharti Airtel,0.4820987233498996,0.020524410144299073,0.46157431320560055,UP,UP
2026-04-21,Bharti Airtel,-1.401617250673859,0.024347895117043335,-1.4259651457909022,DOWN,UP
2026-04-22,Bharti Airtel,0.6670284949084282,0.02715098536299728,0.6398775095454309,UP,UP
2026-04-23,Bharti Airtel,-1.4501385987372606,0.022281626969937515,-1.472420225707198,DOWN,UP
2026-04-24,Bharti Airtel,0.308623620057169,0.01436979828642021,0.29425382177074877,UP,UP
2026-04-27,Bharti Airtel,1.3021302983402316,0.028574612132075378,1.2735556862081563,UP,UP
2026-04-28,Bharti Airtel,2.402642671908395,0.054552874236487935,2.348089797671907,UP,UP
2026-04-29,Bharti Airtel,-0.0688484071087902,0.08894041235367371,-0.15778881946246393,DOWN,UP
2026-04-30,Bharti Airtel,0.0,0.060373763161242426,-0.060373763161242426,UP,UP
2026-05-01,Bharti Airtel,-3.1640911435881547,1.5191530655685632,-4.683244209156718,DOWN,UP
2026-05-05,Bharti Airtel,1.5281532561332245,0.006831535926485737,1.5213217202067388,UP,UP
2026-05-06,Bharti Airtel,-0.3871939671155178,0.033926305075045335,-0.42112027219056314,DOWN,UP
2026-05-07,Bharti Airtel,0.4324988787722139,0.02026070998897479,0.4122381687832391,UP,UP
2026-05-08,Bharti Airtel,-4.07195154929817,0.039854159920837275,-4.1118057092190075,DOWN,UP
2026-05-11,Bharti Airtel,-0.1704739127605825,0.10384475407073648,-0.274318666831319,DOWN,UP
2026-05-12,Bharti Airtel,1.8442566850656927,0.036302259793037465,1.8079544252726554,UP,UP
2026-05-13,Bharti Airtel,5.270514833535578,0.048870182528239964,5.221644651007338,UP,UP
2026-05-14,Bharti Airtel,1.1627302582459589,0.14141609728868504,1.0213141609572738,UP,UP
2026-05-15,Bharti Airtel,1.716172496740187,0.15803499745590657,1.5581374992842805,UP,UP
2026-05-18,Bharti Airtel,-1.26928310695118,0.1588344561776338,-1.4281175631288139,DOWN,UP
2026-05-19,Bharti Airtel,-0.4494369263620346,0.09259159064083769,-0.5420285170028722,DOWN,UP
2026-05-20,Bharti Airtel,-1.0289241080757685,0.0806566704238651,-1.1095807784996337,DOWN,UP
2026-05-21,Bharti Airtel,-0.7372844668784961,0.03768553465855883,-0.774970001537055,DOWN,UP
2026-05-22,Bharti Airtel,0.181683465304383,0.036810185591923984,0.14487327971245903,UP,UP
2026-05-25,Bharti Airtel,-1.4881600003958773,0.01591803110152938,-1.5040780314974067,DOWN,UP
2026-05-26,Bharti Airtel,0.2869633812200511,0.021728231664325987,0.26523514955572514,UP,UP
2026-05-27,Bharti Airtel,0.0,0.02092750362481979,-0.02092750362481979,UP,UP
2026-05-28,Bharti Airtel,-1.2525619146678268,1.0893448864401654,-2.341906801107992,DOWN,UP
2026-06-01,Bharti Airtel,0.1988277717043907,0.0181129913378868,0.1807147803665039,UP,UP
2026-06-02,Bharti Airtel,0.5456964326157943,0.005646124741162644,0.5400503078746316,UP,UP
2026-06-03,Bharti Airtel,-0.2850694173275436,0.03302311092875902,-0.31809252825630263,DOWN,UP
2026-06-04,Bharti Airtel,-1.1380544815186244,0.015601349373271275,-1.1536558308918956,DOWN,UP
2026-06-05,Bharti Airtel,0.8397340710864398,0.02700040590600455,0.8127336651804353,UP,UP
2026-06-08,Bharti Airtel,-0.7886201093617484,0.02024173308173053,-0.8088618424434789,DOWN,UP
2026-06-09,Bharti Airtel,-1.3229599126250655,0.019385732696153676,-1.3423456453212192,DOWN,UP
2026-06-10,Bharti Airtel,0.4168558256875565,0.020508793069241592,0.39634703261831494,UP,UP
2026-06-11,Bharti Airtel,2.238305001712315,0.030161088493245856,2.2081439132190694,UP,UP
2026-06-12,Bharti Airtel,1.0260604209533677,0.04413389600868605,0.9819265249446817,UP,UP
2026-06-15,Bharti Airtel,0.6408890474179474,0.0474632366459454,0.593425810772002,UP,UP
2026-06-16,Bharti Airtel,1.225037839820553,0.05955190991787563,1.1654859299026774,UP,UP
2026-06-17,Bharti Airtel,-0.0479768815469516,0.08065798056454919,-0.1286348621115008,DOWN,UP
2026-06-18,Bharti Airtel,1.9202047718369863,0.043413800796341294,1.876790971040645,UP,UP
2026-06-19,Bharti Airtel,0.3035339444003693,0.2012299888209518,0.10230395557941749,UP,UP
2026-06-22,Bharti Airtel,-0.7826359277404382,0.04851633747524004,-0.8311522652156783,DOWN,UP
2026-06-23,Bharti Airtel,-1.2778674310996885,0.017572028815677685,-1.2954394599153662,DOWN,UP
2026-06-24,Bharti Airtel,-1.4169337327218812,0.0027031896913895922,-1.4196369224132708,DOWN,UP
2026-06-25,Bharti Airtel,0.0,0.01408073013572048,-0.01408073013572048,UP,UP
2026-06-26,Bharti Airtel,-0.5187213399913349,1.117363527738242,-1.636084867729577,DOWN,UP
2026-06-30,Bharti Airtel,1.025917926565878,0.034485510810769476,0.9914324157551085,UP,UP
2026-07-01,Bharti Airtel,0.2137894174238486,0.03563612362721713,0.17815329379663147,UP,UP
2026-07-02,Bharti Airtel,1.8880013020833308,0.02519913368923398,1.862802168394097,UP,UP
2026-07-03,Bharti Airtel,0.8008755528834843,0.09857937224821745,0.7022961806352669,UP,UP
2026-07-06,Bharti Airtel,0.0051979882010666,0.09474438261201917,-0.08954639441095258,UP,UP
2026-07-07,Bharti Airtel,-1.9576317523269715,0.055257929983188646,-2.0128896823101603,DOWN,UP
2026-07-08,Bharti Airtel,2.2774217761776905,-0.01567686482866352,2.293098641006354,UP,DOWN
2026-07-09,Bharti Airtel,-0.5540858219227229,0.06837754580647924,-0.6224633677292022,DOWN,UP
2026-07-10,Bharti Airtel,-0.9685469355069642,0.03156580599308853,-1.0001127415000528,DOWN,UP
2026-07-13,Bharti Airtel,1.824584618832925,0.02776395981113448,1.7968206590217906,UP,UP
2026-07-14,Bharti Airtel,-0.9398373959140228,0.040301418576712274,-0.9801388144907351,DOWN,UP
2026-07-15,Bharti Airtel,0.1824532091388997,0.02175181264668655,0.16070139649221316,UP,UP
2026-07-16,Bharti Airtel,-0.6764491450568566,0.021212852354744852,-0.6976619974116015,DOWN,UP
2026-07-17,Bharti Airtel,1.6397698007723838,0.01345963000353059,1.6263101707688532,UP,UP
2026-07-20,Bharti Airtel,0.4278155214974655,0.03925440721391591,0.38856111428354956,UP,UP
2026-07-21,Bharti Airtel,0.0307932446325098,0.0285865220118021,0.0022067226207076983,UP,UP
2026-07-22,Bharti Airtel,-0.9235505387378162,0.04065891565547017,-0.9642094543932864,DOWN,UP
2026-07-23,Bharti Airtel,-1.6986042893902151,0.01709167087830228,-1.7156959602685173,DOWN,UP
2026-07-24,Bharti Airtel,0.374043717147221,0.015657505688177444,0.3583862114590436,UP,UP
2026-07-27,Bharti Airtel,-0.183698100577534,0.01219337997632544,-0.19589148055385944,DOWN,UP
2026-07-28,Bharti Airtel,2.544952208491824,0.019242612980126337,2.5257095955116977,UP,UP
2026-07-29,Bharti Airtel,0.3384318439903611,0.0807044537627703,0.2577273902275908,UP,UP
2026-07-30,Bharti Airtel,0.7767758990489426,0.05676623760414577,0.7200096614447968,UP,UP
2026-07-31,Bharti Airtel,-0.0760649087221065,0.05803717858617507,-0.13410208730828158,DOWN,UP
2026-08-03,Bharti Airtel,-0.0203006553698426,0.03088570137830617,-0.05118635674814877,DOWN,UP
2026-08-04,Bharti Airtel,0.4009961175555743,0.019640293196019037,0.3813558243595553,UP,UP
2026-08-05,Bharti Airtel,-1.5166835187057637,0.285079468293774,-1.8017629869995377,DOWN,UP
2026-08-06,Bharti Airtel,0.6108842101674838,0.02420151108188014,0.5866826990856037,UP,UP
2026-08-07,Bharti Airtel,-0.8622901272280492,0.028235299227833664,-0.8905254264558828,DOWN,UP
2026-08-10,Bharti Airtel,-1.430779661766601,0.01238740800604181,-1.4431670697726429,DOWN,UP
2026-08-11,Bharti Airtel,1.5559758556745518,0.01856344645361008,1.5374124092209416,UP,UP
2026-08-12,Bharti Airtel,-0.3033431575353629,0.05089106818576564,-0.3542342257211285,DOWN,UP
2026-08-13,Bharti Airtel,2.7332267890924467,0.020704273190873833,2.712522515901573,UP,UP
2026-08-14,Bharti Airtel,-1.1445171947811583,0.11826970053644904,-1.2627868953176073,DOWN,UP
2026-08-17,Bharti Airtel,-1.7823641286728753,0.037491583149895785,-1.8198557118227712,DOWN,UP
2026-08-18,Bharti Airtel,-0.6307492234442158,0.030355618063786245,-0.6611048415080021,DOWN,UP
2026-08-19,Bharti Airtel,1.0249714449466651,0.005970433219059802,1.0190010117276054,UP,UP
2026-08-20,Bharti Airtel,0.221457945936998,0.029341441403376543,0.19211650453362145,UP,UP
2026-08-21,Bharti Airtel,-0.565262076053441,0.023052675703655986,-0.588314751757097,DOWN,UP
2026-08-24,Bharti Airtel,0.6201550387596955,0.0202398632920931,0.5999151754676023,UP,UP
2026-08-25,Bharti Airtel,-2.3061132210612567,0.02771999653514427,-2.333833217596401,DOWN,UP
2026-08-26,Bharti Airtel,-1.2512447854104436,-0.0065448696840981575,-1.2446999157263454,DOWN,DOWN
2026-08-27,Bharti Airtel,0.2182811840150567,0.00951743033411769,0.208763753680939,UP,UP
2026-08-28,Bharti Airtel,-3.7452188209540993,0.020425402676879534,-3.7656442236309786,DOWN,UP
2026-08-31,Bharti Airtel,3.603947562113952,0.31982948692474544,3.2841180751892067,UP,UP
2026-09-01,Bharti Airtel,-0.7670947537986361,0.05417789754058299,-0.8212726513392191,DOWN,UP
2026-09-02,Bharti Airtel,0.3328296655229046,0.0411353459733599,0.2916943195495447,UP,UP
2025-09-17,Dr Reddy's,0.8616689452069615,0.032396976537917066,0.8292719686690444,UP,UP
2025-09-18,Dr Reddy's,-0.0756029361847376,0.02852438454059025,-0.10412732072532785,DOWN,UP
2025-09-19,Dr Reddy's,-1.5358952491307698,0.03020926983436134,-1.566104518965131,DOWN,UP
2025-09-22,Dr Reddy's,0.5378822705302877,0.021638228221175795,0.5162440423091119,UP,UP
2025-09-23,Dr Reddy's,-0.7872247505297691,0.026516959257326233,-0.8137417097870954,DOWN,UP
2025-09-24,Dr Reddy's,-1.7641187000042802,0.030672215964473323,-1.7947909159687534,DOWN,UP
2025-09-25,Dr Reddy's,-1.733059632383782,0.021579203065743558,-1.7546388354495255,DOWN,UP
2025-09-26,Dr Reddy's,-1.4763387088368218,0.04452971208889788,-1.5208684209257197,DOWN,UP
2025-09-29,Dr Reddy's,-0.8828790401432918,0.023386531340983303,-0.9062655714842751,DOWN,UP
2025-09-30,Dr Reddy's,1.7161069574195276,0.03553636219177228,1.6805705952277552,UP,UP
2025-10-01,Dr Reddy's,0.2731601628859659,0.059755987462248125,0.21340417542371776,UP,UP
2025-10-03,Dr Reddy's,0.0400608933403212,0.046683128447018066,-0.006622235106696864,UP,UP
2025-10-06,Dr Reddy's,-0.0080070148880562,0.03993194604514119,-0.04793896093319739,DOWN,UP
2025-10-07,Dr Reddy's,-1.12134561473769,0.028142569604798738,-1.1494881843424887,DOWN,UP
2025-10-08,Dr Reddy's,0.9396497031946228,0.02387075837143665,0.9157789448231861,UP,UP
2025-10-09,Dr Reddy's,1.4685859230131104,0.0533521623136014,1.415233760699509,UP,UP
2025-10-10,Dr Reddy's,-0.1581777887837976,0.05853342548866534,-0.21671121427246293,DOWN,UP
2025-10-13,Dr Reddy's,-1.988274326720452,0.0441735154222673,-2.032447842142719,DOWN,UP
2025-10-14,Dr Reddy's,-0.396025557317603,-0.009458837880900723,-0.3865667194367023,DOWN,DOWN
2025-10-15,Dr Reddy's,0.6329054368139131,0.021961457981433785,0.6109439788324793,UP,UP
2025-10-16,Dr Reddy's,1.265930806347182,0.0325289619309036,1.2334018444162784,UP,UP
2025-10-17,Dr Reddy's,2.0781889544205123,0.04551323713701824,2.032675717283494,UP,UP
2025-10-20,Dr Reddy's,0.5226170960900944,0.0750626406576976,0.4475544554323968,UP,UP
2025-10-21,Dr Reddy's,-0.7216518282130435,0.06675928930909787,-0.7884111175221414,DOWN,UP
2025-10-23,Dr Reddy's,0.3282750579748139,0.21552945072510846,0.11274560724970542,UP,UP
2025-10-24,Dr Reddy's,0.0545398298148036,0.03863723856211074,0.01590259125269286,UP,UP
2025-10-27,Dr Reddy's,0.3971015644351094,0.025535321604689035,0.3715662428304204,UP,UP
2025-10-28,Dr Reddy's,-2.98588485117296,0.026010410239172135,-3.0118952614121324,DOWN,UP
2025-10-29,Dr Reddy's,-3.8932026774081474,0.2229222411313717,-4.116124918539519,DOWN,UP
2025-10-30,Dr Reddy's,-0.3826298263823413,0.004165723184526584,-0.38679554956686785,DOWN,UP
2025-10-31,Dr Reddy's,-0.1335984985432747,0.026171020556725724,-0.15976951910000042,DOWN,UP
2025-11-03,Dr Reddy's,0.3344481605351168,0.011112631441673272,0.3233355290934435,UP,UP
2025-11-04,Dr Reddy's,0.4333292643229125,0.01455091265457288,0.41877835166833965,UP,UP
2025-11-06,Dr Reddy's,0.0166008339108403,0.02334348572837272,-0.006742651817532419,UP,UP
2025-11-07,Dr Reddy's,-0.5558381538480872,0.035312942735636316,-0.5911510965837236,DOWN,UP
2025-11-10,Dr Reddy's,1.0678275923521552,0.21285184158731105,0.8549757507648441,UP,UP
2025-11-11,Dr Reddy's,1.494013667844607,0.04041931466167639,1.4535943531829305,UP,UP
2025-11-12,Dr Reddy's,0.4310384623746666,0.05199120432556186,0.3790472580491047,UP,UP
2025-11-13,Dr Reddy's,0.8988562123645849,0.06016093708239662,0.8386952752821882,UP,UP
2025-11-14,Dr Reddy's,-0.1284089555326995,0.05734964808675188,-0.18575860361945137,DOWN,UP
2025-11-17,Dr Reddy's,-0.0482140448542667,0.03395851189342494,-0.08217255674769164,DOWN,UP
2025-11-18,Dr Reddy's,0.5145443071641553,0.037445856355781626,0.4770984508083737,UP,UP
2025-11-19,Dr Reddy's,-0.127977575462046,0.02848796207005051,-0.1564655375320965,DOWN,UP
2025-11-20,Dr Reddy's,-0.3764176889134885,0.025829863116099326,-0.4022475520295878,DOWN,UP
2025-11-21,Dr Reddy's,-1.4229498267374852,0.02425793016044675,-1.447207756897932,DOWN,UP
2025-11-24,Dr Reddy's,0.8073743931078292,0.10008208499722561,0.7072923081106036,UP,UP
2025-11-25,Dr Reddy's,0.9627072768464195,0.03261731934072618,0.9300899575056933,UP,UP
2025-11-26,Dr Reddy's,0.1041705791766878,0.03221376430507774,0.07195681487161007,UP,UP
2025-11-27,Dr Reddy's,0.760425808748777,0.028009080015934,0.7324167287328429,UP,UP
2025-11-28,Dr Reddy's,0.1032671359540104,0.033560003808191956,0.06970713214581845,UP,UP
2025-12-01,Dr Reddy's,1.198315679588524,0.04263923164963209,1.155676447938892,UP,UP
2025-12-02,Dr Reddy's,0.4313049098649602,0.057898269173826705,0.3734066406911335,UP,UP
2025-12-03,Dr Reddy's,-0.2420532290253407,0.11439004656491086,-0.3564432755902516,DOWN,UP
2025-12-04,Dr Reddy's,-0.1878541374393694,0.044968028189479876,-0.23282216562884928,DOWN,UP
2025-12-05,Dr Reddy's,-0.6822421192754891,0.03756445747742277,-0.7198065767529118,DOWN,UP
2025-12-08,Dr Reddy's,-1.602846334632846,0.02137748163853332,-1.6242238162713794,DOWN,UP
2025-12-09,Dr Reddy's,0.3691299820646199,0.016668490116511937,0.35246149194810794,UP,UP
2025-12-10,Dr Reddy's,1.8148345287596124,0.023751564751717184,1.7910829640078951,UP,UP
2025-12-11,Dr Reddy's,0.4554416040930542,0.03958807914087332,0.41585352495218086,UP,UP
2025-12-12,Dr Reddy's,0.1016123433281501,0.059099640604002864,0.042512702724147235,UP,UP
2025-12-15,Dr Reddy's,-0.2889232580362999,0.045420927345051466,-0.3343441853813514,DOWN,UP
2025-12-16,Dr Reddy's,-0.3837437794952714,0.027544963171695414,-0.4112887426669668,DOWN,UP
2025-12-17,Dr Reddy's,0.6289308176100628,0.023003815802959262,0.6059270018071035,UP,UP
2025-12-18,Dr Reddy's,-0.1406288146972634,0.02669321212046318,-0.1673220268177266,DOWN,UP
2025-12-19,Dr Reddy's,0.4068278392140412,0.010388873415675905,0.3964389657983653,UP,UP
2025-12-22,Dr Reddy's,0.0077899005793691,0.03623373873964616,-0.028443838160277058,UP,UP
2025-12-23,Dr Reddy's,-1.3790378786034283,0.03245464749114472,-1.411492526094573,DOWN,UP
2025-12-24,Dr Reddy's,0.2765049664234409,0.2241455077554443,0.0523594586679966,UP,UP
2025-12-26,Dr Reddy's,-0.0551542752112776,0.03279817854132937,-0.08795245375260696,DOWN,UP
2025-12-29,Dr Reddy's,-0.2207099804269918,0.020533170044657035,-0.24124315047164885,DOWN,UP
2025-12-30,Dr Reddy's,0.4424060175319155,0.02487110111207664,0.41753491641983886,UP,UP
2025-12-31,Dr Reddy's,-1.415762124772291,0.035338880949012864,-1.4511010057213038,DOWN,UP
2026-01-01,Dr Reddy's,0.2154101738698344,0.023088741390306956,0.19232143247952746,UP,UP
2026-01-02,Dr Reddy's,-0.4856281907888782,0.2340504485810935,-0.7196786393699717,DOWN,UP
2026-01-05,Dr Reddy's,0.4959960937499952,0.024934747155040186,0.471061346594955,UP,UP
2026-01-06,Dr Reddy's,-1.0667013902722733,0.0346614994661857,-1.101362889738459,DOWN,UP
2026-01-07,Dr Reddy's,-2.8886404090435747,0.04554230699650175,-2.9341827160400764,DOWN,UP
2026-01-08,Dr Reddy's,0.2651380484832266,0.02305396157086059,0.242084086912366,UP,UP
2026-01-09,Dr Reddy's,0.4462461385843497,0.02210578148899113,0.4241403570953586,UP,UP
2026-01-12,Dr Reddy's,-1.9909462091217576,0.03403911798894248,-2.0249853271107,DOWN,UP
2026-01-13,Dr Reddy's,-0.4029252607558264,0.2902068716362376,-0.6931321323920641,DOWN,UP
2026-01-14,Dr Reddy's,0.0,0.04918665978271834,-0.04918665978271834,UP,UP
2026-01-15,Dr Reddy's,-0.9270965023177368,0.8918395346564313,-1.818936036974168,DOWN,UP
2026-01-19,Dr Reddy's,-0.0428375617646303,0.05829320694543449,-0.1011307687100648,DOWN,UP
2026-01-20,Dr Reddy's,-0.8142624837223833,0.1540371871767688,-0.968299670899152,DOWN,UP
2026-01-21,Dr Reddy's,5.21085822437688,0.11308434017901897,5.097773884197861,UP,UP
2026-01-22,Dr Reddy's,1.486650972150927,-0.14632594113443953,1.6329769132853664,UP,DOWN
2026-01-23,Dr Reddy's,0.3399217647439556,0.10550391341517108,0.2344178513287845,UP,UP
2026-01-27,Dr Reddy's,-1.395390236068894,0.10378533647681334,-1.4991755725457072,DOWN,UP
2026-01-28,Dr Reddy's,-1.1124724405674802,0.059422309101379925,-1.17189474966886,DOWN,UP
2026-01-29,Dr Reddy's,0.7610183626503009,0.05412000580750172,0.7068983568427991,UP,UP
2026-01-30,Dr Reddy's,-2.922582406982888,0.033492767895235594,-2.9560751748781238,DOWN,UP
2026-02-02,Dr Reddy's,4.473575003303387,-0.03473174170186534,4.508306745005252,UP,DOWN
2026-02-03,Dr Reddy's,0.3885321890040538,-0.5376278098446324,0.9261599988486862,UP,DOWN
2026-02-04,Dr Reddy's,0.3789770542843795,0.08947126261041301,0.2895057916739665,UP,UP
2026-02-05,Dr Reddy's,-0.2972185050706399,0.10154677454868008,-0.39876527961931996,DOWN,UP
2026-02-06,Dr Reddy's,2.763458763895432,0.055611991183877066,2.707846772711555,UP,UP
2026-02-09,Dr Reddy's,-1.5288122304978446,0.1111045790626715,-1.639916809560516,DOWN,UP
2026-02-10,Dr Reddy's,1.1385389194366935,0.05490902245109402,1.0836298969855995,UP,UP
2026-02-11,Dr Reddy's,0.3621172486123258,0.08808890585170272,0.2740283427606231,UP,UP
2026-02-12,Dr Reddy's,-0.5333789864228944,0.036623759577290166,-0.5700027460001845,DOWN,UP
2026-02-13,Dr Reddy's,0.1025194269500984,0.04135728497522405,0.06116214197487435,UP,UP
2026-02-16,Dr Reddy's,1.2131734770661318,0.03397015602663906,1.1792033210394928,UP,UP
2026-02-17,Dr Reddy's,-0.3502490526914648,0.03736337331382666,-0.38761242600529144,DOWN,UP
2026-02-18,Dr Reddy's,0.1562133815296462,0.024234514970824135,0.13197886655882207,UP,UP
2026-02-19,Dr Reddy's,-0.1481731530618701,0.015052466493981325,-0.1632256195558514,DOWN,UP
2026-02-20,Dr Reddy's,2.1087159860337934,0.02862323015640553,2.080092755877388,UP,UP
2026-02-23,Dr Reddy's,-0.5507169273164414,0.07174871567905493,-0.6224656429954963,DOWN,UP
2026-02-24,Dr Reddy's,0.4845446134993825,0.03244455668429109,0.4521000568150914,UP,UP
2026-02-25,Dr Reddy's,0.9797205379353136,0.18982888792010363,0.7898916500152099,UP,UP
2026-02-26,Dr Reddy's,-2.501326368426382,0.03932988561162439,-2.5406562540380064,DOWN,UP
2026-02-27,Dr Reddy's,0.6297112087741086,0.02934342749825529,0.6003677812758533,UP,UP
2026-03-02,Dr Reddy's,-0.2472244423539882,0.09403721951439724,-0.3412616618683854,DOWN,UP
2026-03-04,Dr Reddy's,1.7270794355193295,0.04079953901359848,1.686279896505731,UP,UP
2026-03-05,Dr Reddy's,-0.7384812464312884,0.05473393055199324,-0.7932151769832817,DOWN,UP
2026-03-06,Dr Reddy's,-1.288544884104359,0.02126854902916739,-1.3098134331335263,DOWN,UP
2026-03-09,Dr Reddy's,2.144520247547588,0.02182216272539151,2.1226980848221966,UP,UP
2026-03-10,Dr Reddy's,0.8291514237404485,0.05957921572508528,0.7695722080153632,UP,UP
2026-03-11,Dr Reddy's,-0.4903809883063048,0.06022823834958428,-0.5506092266558891,DOWN,UP
2026-03-12,Dr Reddy's,-2.0242571017342725,0.05781611741943949,-2.082073219153712,DOWN,UP
2026-03-13,Dr Reddy's,-1.1916756041313703,0.004014513811051394,-1.1956901179424217,DOWN,UP
2026-03-16,Dr Reddy's,0.5403731131752965,-0.006364109488901938,0.5467372226641984,UP,DOWN
2026-03-17,Dr Reddy's,0.8568312495424113,0.020310770488564386,0.836520479053847,UP,UP
2026-03-18,Dr Reddy's,-1.5678134123100929,0.02593390372097653,-1.5937473160310693,DOWN,UP
2026-03-19,Dr Reddy's,1.914478180781676,0.020535023256500397,1.8939431575251755,UP,UP
2026-03-20,Dr Reddy's,-3.5106609229996533,0.30367850898651705,-3.8143394319861703,DOWN,UP
2026-03-23,Dr Reddy's,0.5026670798986332,0.04052662763760777,0.46214045226102546,UP,UP
2026-03-24,Dr Reddy's,3.2629387410728405,0.0649771311213979,3.1979616099514425,UP,UP
2026-03-25,Dr Reddy's,-1.460751957658013,0.11154465048128917,-1.5722966081393022,DOWN,UP
2026-03-27,Dr Reddy's,-2.090967291783774,0.09474520631672907,-2.185712498100503,DOWN,UP
2026-03-30,Dr Reddy's,-3.609853211157321,0.01467245533014526,-3.6245256664874663,DOWN,UP
2026-04-01,Dr Reddy's,0.636580141997567,0.147705435373625,0.48887470662394195,UP,UP
2026-04-02,Dr Reddy's,0.0410745075120511,0.24982481120121075,-0.20875030368915964,UP,UP
2026-04-06,Dr Reddy's,-1.7819077329705555,0.021378790089983613,-1.803286523060539,DOWN,UP
2026-04-07,Dr Reddy's,-0.3929396595441448,0.10765528799430023,-0.500594947538445,DOWN,UP
2026-04-08,Dr Reddy's,1.7206647288833254,0.10826341231834156,1.612401316564984,UP,UP
2026-04-09,Dr Reddy's,1.6750496203370655,0.059585207536625974,1.6154644128004396,UP,UP
2026-04-10,Dr Reddy's,0.3002818851492783,0.09184910124939505,0.20843278389988323,UP,UP
2026-04-13,Dr Reddy's,-1.4645177788161878,0.05776581339986922,-1.5222835922160571,DOWN,UP
2026-04-15,Dr Reddy's,0.2956130269005763,0.3005915765979798,-0.004978549697403523,UP,UP
2026-04-16,Dr Reddy's,1.170781600784121,0.04079414467100932,1.1299874561131116,UP,UP
2026-04-17,Dr Reddy's,-0.2508679864393959,0.03668169314075137,-0.28754967958014727,DOWN,UP
2026-04-20,Dr Reddy's,-0.9735518609186756,0.0326665807832511,-1.0062184417019266,DOWN,UP
2026-04-21,Dr Reddy's,-0.2949349220009112,0.023225236745856425,-0.3181601587467676,DOWN,UP
2026-04-22,Dr Reddy's,9.367296631059974,0.019739724577309107,9.347556906482664,UP,UP
2026-04-23,Dr Reddy's,-1.044329407517841,-6.373989457059318,5.329660049541477,DOWN,DOWN
2026-04-24,Dr Reddy's,1.3210860782471467,0.030480867475223536,1.2906052107719233,UP,UP
2026-04-27,Dr Reddy's,1.5061802612167383,0.13029580473394,1.3758844564827983,UP,UP
2026-04-28,Dr Reddy's,-1.83079338585439,0.10970423336399525,-1.9404976192183854,DOWN,UP
2026-04-29,Dr Reddy's,-0.5188768356673701,0.04831673396166553,-0.5671935696290357,DOWN,UP
2026-04-30,Dr Reddy's,0.0,0.09365815725397202,-0.09365815725397202,UP,UP
2026-05-01,Dr Reddy's,-2.698622162169795,2.013377288189868,-4.711999450359663,DOWN,UP
2026-05-05,Dr Reddy's,3.1309038984334903,0.05952374661801466,3.0713801518154757,UP,UP
2026-05-06,Dr Reddy's,-0.2593458744517551,0.4789647820419119,-0.738310656493667,DOWN,UP
2026-05-07,Dr Reddy's,-1.0477173009838858,0.05244298373768686,-1.1001602847215728,DOWN,UP
2026-05-08,Dr Reddy's,-1.0820001341556362,0.04769768175798883,-1.129697815913625,DOWN,UP
2026-05-11,Dr Reddy's,-0.7734998222689082,0.022538722869012817,-0.796038545137921,DOWN,UP
2026-05-12,Dr Reddy's,-0.3700748954232336,0.018077742839662483,-0.38815263826289603,DOWN,UP
2026-05-13,Dr Reddy's,3.0269442250701277,0.7584070834748254,2.2685371415953024,UP,UP
2026-05-14,Dr Reddy's,2.5391206049278914,0.23146404880019594,2.3076565561276956,UP,UP
2026-05-15,Dr Reddy's,-0.4114610758516268,0.1228905808486679,-0.5343516567002947,DOWN,UP
2026-05-18,Dr Reddy's,0.3004807802523324,0.07648304220955841,0.22399773804277395,UP,UP
2026-05-19,Dr Reddy's,-0.9961000033095746,0.05976195198213435,-1.055861955291709,DOWN,UP
2026-05-20,Dr Reddy's,-0.2572073796253682,0.05097550947066234,-0.30818288909603053,DOWN,UP
2026-05-21,Dr Reddy's,-0.857038212220329,0.021534961333808927,-0.878573173554138,DOWN,UP
2026-05-22,Dr Reddy's,1.8512908618526724,0.019634820276799813,1.8316560415758727,UP,UP
2026-05-25,Dr Reddy's,-0.262881172887186,0.08000589421196033,-0.3428870670991463,DOWN,UP
2026-05-26,Dr Reddy's,-0.670233018332056,0.032234301589064346,-0.7024673199211203,DOWN,UP
2026-05-27,Dr Reddy's,0.0,0.03081520005808833,-0.03081520005808833,UP,UP
2026-05-28,Dr Reddy's,-1.1751326762698966,1.2011178923618897,-2.3762505686317863,DOWN,UP
2026-06-01,Dr Reddy's,-1.2709256125060353,0.02885179972427234,-1.2997774122303076,DOWN,UP
2026-06-02,Dr Reddy's,-0.8398705786401117,0.016076347610435554,-0.8559469262505472,DOWN,UP
2026-06-03,Dr Reddy's,0.3324587199827089,0.023923485922508,0.3085352340602009,UP,UP
2026-06-04,Dr Reddy's,0.8441776072485307,0.02783921357120417,0.8163383936773265,UP,UP
2026-06-05,Dr Reddy's,-0.2034091445202945,0.021934316393177142,-0.22534346091347163,DOWN,UP
2026-06-08,Dr Reddy's,-0.5565989120277393,0.02340263358409596,-0.5800015456118353,DOWN,UP
2026-06-09,Dr Reddy's,0.2522626071639777,0.022677898305069485,0.2295847088589082,UP,UP
2026-06-10,Dr Reddy's,0.338133914699168,0.026242850868282444,0.31189106383088555,UP,UP
2026-06-11,Dr Reddy's,-0.0470200302458811,0.02655804507236672,-0.07357807531824781,DOWN,UP
2026-06-12,Dr Reddy's,0.3214658544342663,0.029382347661739326,0.292083506772527,UP,UP
2026-06-15,Dr Reddy's,-0.2032024686156708,0.030715925212640584,-0.23391839382831137,DOWN,UP
2026-06-16,Dr Reddy's,-0.6186877800153257,0.04667443723988502,-0.6653622172552107,DOWN,UP
2026-06-17,Dr Reddy's,-0.118203309692666,0.02932792045657279,-0.1475312301492388,DOWN,UP
2026-06-18,Dr Reddy's,0.3629172059911312,0.030431204954589623,0.3324860010365416,UP,UP
2026-06-19,Dr Reddy's,1.4621473109745375,0.06846014062456622,1.3936871703499714,UP,UP
2026-06-22,Dr Reddy's,0.8212673787293401,0.04737372129059655,0.7738936574387435,UP,UP
2026-06-23,Dr Reddy's,2.082530897493018,0.07473179637438304,2.0077991011186347,UP,UP
2026-06-24,Dr Reddy's,1.6636536570138638,0.06799129534377096,1.595662361670093,UP,UP
2026-06-25,Dr Reddy's,0.0,0.08971238166623004,-0.08971238166623004,UP,UP
2026-06-26,Dr Reddy's,1.865971949046652,2.089534832976463,-0.22356288392981094,UP,UP
2026-06-30,Dr Reddy's,-1.267404869302191,0.03964839553439097,-1.307053264836582,DOWN,UP
2026-07-01,Dr Reddy's,0.4328626503569799,0.029835896127860438,0.4030267542291195,UP,UP
2026-07-02,Dr Reddy's,2.1104276915021813,0.03276143138057054,2.0776662601216107,UP,UP
2026-07-03,Dr Reddy's,-0.4512008792687205,0.0422250690677916,-0.4934259483365121,DOWN,UP
2026-07-06,Dr Reddy's,-0.9722968485085026,0.04701591719494639,-1.019312765703449,DOWN,UP
2026-07-07,Dr Reddy's,-0.4134043767065054,0.019527109655803124,-0.43293148636230855,DOWN,UP
2026-07-08,Dr Reddy's,-5.893254262416603,0.022187164685165833,-5.915441427101769,DOWN,UP
2026-07-09,Dr Reddy's,-1.9850296314986249,0.3349031759362461,-2.319932807434871,DOWN,UP
2026-07-10,Dr Reddy's,-0.78759531009861,-0.04215642354460975,-0.7454388865540001,DOWN,DOWN
2026-07-13,Dr Reddy's,0.9477481710712832,-0.053794260895084406,1.0015424319663675,UP,DOWN
2026-07-14,Dr Reddy's,-1.3400699587711506,-0.02404010034056367,-1.316029858430587,DOWN,DOWN
2026-07-15,Dr Reddy's,-0.4148007796614505,0.004080264813927401,-0.41888104447537794,DOWN,UP
2026-07-16,Dr Reddy's,-1.0780850195183933,0.07255448160361883,-1.150639501122012,DOWN,UP
2026-07-17,Dr Reddy's,0.9824987527904838,0.12433725252876063,0.8581615002617232,UP,UP
2026-07-20,Dr Reddy's,-1.3980848603766471,0.08692408717785707,-1.4850089475545043,DOWN,UP
2026-07-21,Dr Reddy's,-1.9237107107690663,0.103561356705754,-2.0272720674748204,DOWN,UP
2026-07-22,Dr Reddy's,-1.3949948697032588,0.2296431482032208,-1.6246380179064797,DOWN,UP
2026-07-23,Dr Reddy's,-1.2518303219587357,0.7253643378316332,-1.977194659790369,DOWN,UP
2026-07-24,Dr Reddy's,-0.0781368743511978,0.029104946470077674,-0.10724182082127548,DOWN,UP
2026-07-27,Dr Reddy's,-1.3208266073385988,0.046469576723266945,-1.3672961840618658,DOWN,UP
2026-07-28,Dr Reddy's,0.5900029399640072,0.0973528554949569,0.49265008446905034,UP,UP
2026-07-29,Dr Reddy's,0.2188566832825422,0.06579105996903117,0.15306562331351103,UP,UP
2026-07-30,Dr Reddy's,0.2882535479615367,0.05491096518834309,0.23334258277319359,UP,UP
2026-07-31,Dr Reddy's,2.7785058002272045,0.05847021603376491,2.7200355841934396,UP,UP
2026-08-03,Dr Reddy's,-0.6271207130561396,0.10815296954987817,-0.7352736826060178,DOWN,UP
2026-08-04,Dr Reddy's,0.2899560365727804,0.04546412624823483,0.2444919103245456,UP,UP
2026-08-05,Dr Reddy's,-0.4251700680272141,0.048619915262546845,-0.4737899832897609,DOWN,UP
2026-08-06,Dr Reddy's,0.0853970964987294,0.03104579571757436,0.054351300781155035,UP,UP
2026-08-07,Dr Reddy's,-1.1262756972589605,0.0273831879269511,-1.1536588851859115,DOWN,UP
2026-08-10,Dr Reddy's,3.9868786007211776,0.019165393058404468,3.967713207662773,UP,UP
2026-08-11,Dr Reddy's,-0.4149377593360981,0.30182929070989106,-0.7167670500459892,DOWN,UP
2026-08-12,Dr Reddy's,0.4999999999999893,0.0651506842093348,0.4348493157906545,UP,UP
2026-08-13,Dr Reddy's,-0.497512437810943,0.057731925292648055,-0.555244363103591,DOWN,UP
2026-08-14,Dr Reddy's,-0.666666666666671,0.037309714746107794,-0.7039763814127787,DOWN,UP
2026-08-17,Dr Reddy's,-1.1073784540163611,0.02812470525470759,-1.1355031592710687,DOWN,UP
2026-08-18,Dr Reddy's,-0.7465259979309802,0.02341011559754804,-0.7699361135285282,DOWN,UP
2026-08-19,Dr Reddy's,0.8547008547008517,0.01478603127792101,0.8399148234229307,UP,UP
2026-08-20,Dr Reddy's,-0.4491566803495717,0.02077611196437316,-0.46993279231394486,DOWN,UP
2026-08-21,Dr Reddy's,1.3024644133901475,0.01955913994646221,1.2829052734436852,UP,UP
2026-08-24,Dr Reddy's,0.2941176470588225,0.06902993776566382,0.22508770929315866,UP,UP
2026-08-25,Dr Reddy's,-0.9635525764558062,0.040023326903904755,-1.003575903359711,DOWN,UP
2026-08-26,Dr Reddy's,-0.4230118443316444,0.025018261986708094,-0.4480301063183525,DOWN,UP
2026-08-27,Dr Reddy's,0.0849617672047609,0.03140049730333297,0.05356126990142793,UP,UP
2026-08-28,Dr Reddy's,-2.003393513237484,0.031701024415413295,-2.0350945376528973,DOWN,UP
2026-08-31,Dr Reddy's,1.4379742926948769,0.10060991655015468,1.3373643761447223,UP,UP
2026-09-01,Dr Reddy's,-1.2382578992314208,0.04278751378955493,-1.2810454130209759,DOWN,UP
2026-09-02,Dr Reddy's,-0.1297016861219191,0.018010059544353255,-0.14771174566627235,DOWN,UP
2025-09-17,HCLTech,0.8302429178619564,0.027852386010993956,0.8023905318509624,UP,UP
2025-09-18,HCLTech,-1.7673064366796054,0.03290702304845922,-1.8002134597280646,DOWN,UP
2025-09-19,HCLTech,-1.8740629373357744,0.024313552806776103,-1.8983764901425506,DOWN,UP
2025-09-22,HCLTech,-0.7014358924014474,0.046331989878708166,-0.7477678822801556,DOWN,UP
2025-09-23,HCLTech,0.8742481167380856,0.013858626276529113,0.8603894904615564,UP,UP
2025-09-24,HCLTech,-1.2826734641679716,0.023380534719877905,-1.3060539988878495,DOWN,UP
2025-09-25,HCLTech,-2.0016855613579465,0.018555893591537802,-2.0202414549494843,DOWN,UP
2025-09-26,HCLTech,-0.5661882131157037,-0.012096773235528371,-0.5540914398801753,DOWN,DOWN
2025-09-29,HCLTech,-0.1657812301896433,0.00776270453041435,-0.17354393472005766,DOWN,UP
2025-09-30,HCLTech,0.3176683626899379,0.017316212248973593,0.3003521504409643,UP,UP
2025-10-01,HCLTech,0.2878733357322804,0.021161842837533425,0.266711492894747,UP,UP
2025-10-03,HCLTech,1.7366308698869792,0.027185719827857155,1.7094451500591221,UP,UP
2025-10-06,HCLTech,1.1074327278638665,0.07294096228682777,1.0344917655770387,UP,UP
2025-10-07,HCLTech,1.381325967669511,0.07216672194365223,1.309159245725859,UP,UP
2025-10-08,HCLTech,2.291498069572006,0.08497988501007822,2.206518184561928,UP,UP
2025-10-09,HCLTech,0.6054490413723412,0.10915703900612338,0.49629200236621784,UP,UP
2025-10-10,HCLTech,-0.0534970797810063,0.05620007445884089,-0.10969715423984719,DOWN,UP
2025-10-13,HCLTech,0.0468370418851282,0.038902721058534595,0.007934320826593608,UP,UP
2025-10-14,HCLTech,0.0200566238408361,0.16545018504767445,-0.14539356120683836,UP,UP
2025-10-15,HCLTech,1.2903690217415331,0.02406662588638309,1.26630239585515,UP,UP
2025-10-16,HCLTech,-1.9009933219884532,0.04435882762894732,-1.9453521496174004,DOWN,UP
2025-10-17,HCLTech,0.6190333430527328,-0.03857191641636581,0.6576052594690986,UP,DOWN
2025-10-20,HCLTech,-0.6285959783734585,0.028160170525284762,-0.6567561488987432,DOWN,UP
2025-10-21,HCLTech,2.550472706195328,-0.001055288352892765,2.5515279945482208,UP,DOWN
2025-10-23,HCLTech,-0.0065605081918662,0.20413053529633196,-0.21069104348819817,DOWN,UP
2025-10-24,HCLTech,0.636563253776945,0.037926978802352095,0.5986362749745929,UP,UP
2025-10-27,HCLTech,-0.7433990488465936,0.05479938432838094,-0.7981984331749745,DOWN,UP
2025-10-28,HCLTech,2.312599290899864,0.01715787940726544,2.2954414114925985,UP,UP
2025-10-29,HCLTech,-0.4816027589316429,0.08359835462900315,-0.5652011135606461,DOWN,UP
2025-10-30,HCLTech,-0.5355561083122296,0.025981357850657208,-0.5615374661628868,DOWN,UP
2025-10-31,HCLTech,0.129743756081746,0.026191277674882427,0.10355247840686356,UP,UP
2025-11-03,HCLTech,-0.9329461881478762,0.025445879428914173,-0.9583920675767904,DOWN,UP
2025-11-04,HCLTech,-0.1765712651221829,0.023181421870365194,-0.1997526869925481,DOWN,UP
2025-11-06,HCLTech,-0.9171907610112996,0.025360433482056438,-0.942551194493356,DOWN,UP
2025-11-07,HCLTech,1.8579724366788453,0.02070701439817128,1.837265422280674,UP,UP
2025-11-10,HCLTech,1.914962674456344,0.04724808739248509,1.867714587063859,UP,UP
2025-11-11,HCLTech,1.5286624203821653,0.06879340040790088,1.4598690199742643,UP,UP
2025-11-12,HCLTech,0.282308657465502,0.07504457061104963,0.20726408685445236,UP,UP
2025-11-13,HCLTech,-0.243980257370191,0.05761214058785218,-0.30159239795804316,DOWN,UP
2025-11-14,HCLTech,0.7400005649560448,0.04257956118434403,0.6974210037717008,UP,UP
2025-11-17,HCLTech,-0.6972157041813309,0.017692431899554627,-0.7149081360808855,DOWN,UP
2025-11-18,HCLTech,4.2251771863802245,0.021147662393590762,4.204029523986634,UP,UP
2025-11-19,HCLTech,-1.034521317481274,0.5751915281655603,-1.6097128456468344,DOWN,UP
2025-11-20,HCLTech,-2.273004975029147,0.009287695990278934,-2.282292671019426,DOWN,UP
2025-11-21,HCLTech,0.149255249630742,0.05464586502656144,0.09460938460418056,UP,UP
2025-11-24,HCLTech,-0.5774992975120408,0.11780645072331734,-0.6953057482353581,DOWN,UP
2025-11-25,HCLTech,1.049281686609027,0.04791407671264516,1.001367609896382,UP,UP
2025-11-26,HCLTech,0.6860730217219446,0.03137063390509597,0.6547023878168486,UP,UP
2025-11-27,HCLTech,-0.2946622976135682,0.028310919988365105,-0.3229732176019333,DOWN,UP
2025-11-28,HCLTech,1.1513405864034931,0.02642482671071622,1.1249157596927768,UP,UP
2025-12-01,HCLTech,-0.4504245117837757,0.027468090212170424,-0.47789260199594613,DOWN,UP
2025-12-02,HCLTech,0.305716906144915,0.024699084527320506,0.2810178216175945,UP,UP
2025-12-03,HCLTech,0.8594925684814125,0.022336471168731355,0.8371560973126811,UP,UP
2025-12-04,HCLTech,1.7164284318332168,0.021632626180654035,1.6947958056525627,UP,UP
2025-12-05,HCLTech,0.332737705640973,-0.00044345628913445065,0.33318116193010744,UP,DOWN
2025-12-08,HCLTech,-1.8358403676538624,-0.019168821029482756,-1.8166715466243797,DOWN,DOWN
2025-12-09,HCLTech,0.5067582370766655,0.022923164000799967,0.4838350730758655,UP,UP
2025-12-10,HCLTech,0.3841551268945142,0.0326499588981693,0.3515051679963449,UP,UP
2025-12-11,HCLTech,0.0478310659014047,0.019743103838562842,0.028087962062841858,UP,UP
2025-12-12,HCLTech,0.6454726956309553,0.01964674840259803,0.6258259472283573,UP,UP
2025-12-15,HCLTech,-1.9180551560644357,0.02073395507037061,-1.9387891111348063,DOWN,UP
2025-12-16,HCLTech,0.1997971136212584,-0.006380338056826571,0.206177451678085,UP,DOWN
2025-12-17,HCLTech,0.3867084238104334,0.026393381437585097,0.36031504237284834,UP,UP
2025-12-18,HCLTech,-1.1436138028648957,0.022251499181561628,-1.1658653020464573,DOWN,UP
2025-12-19,HCLTech,1.698735021878495,0.044613482030262934,1.654121539848232,UP,UP
2025-12-22,HCLTech,0.5747455729689266,0.04423969970022114,0.5305058732687055,UP,UP
2025-12-23,HCLTech,-0.3095465900717076,0.025739886071078445,-0.33528647614278606,DOWN,UP
2025-12-24,HCLTech,-0.8240238347266948,0.03938679599754286,-0.8634106307242377,DOWN,UP
2025-12-26,HCLTech,-1.8122689592081964,0.01897792906166286,-1.8312468882698594,DOWN,UP
2025-12-29,HCLTech,-0.9565916843981004,0.0220617998169348,-0.9786534842150352,DOWN,UP
2025-12-30,HCLTech,0.5014919453392164,0.06116800756161697,0.4403239377775994,UP,UP
2025-12-31,HCLTech,0.6899495370532582,0.02666773499482534,0.6632818020584329,UP,UP
2026-01-01,HCLTech,0.3487275112802113,0.03423535974776387,0.3144921515324474,UP,UP
2026-01-02,HCLTech,-1.987561063067078,0.025893238831032395,-2.0134543018981104,DOWN,UP
2026-01-05,HCLTech,0.5411839620746761,0.21993106062304738,0.32125290145162877,UP,UP
2026-01-06,HCLTech,1.942702554919551,0.03218985870647045,1.9105126962130805,UP,UP
2026-01-07,HCLTech,-0.0606906615059799,0.08653392197442868,-0.14722458348040857,DOWN,UP
2026-01-08,HCLTech,0.8926989541553132,0.05806367534205765,0.8346352788132555,UP,UP
2026-01-09,HCLTech,0.3731763019602541,0.056001628923105236,0.31717467303714886,UP,UP
2026-01-12,HCLTech,-0.155911227152905,0.04361892306093028,-0.1995301502138353,DOWN,UP
2026-01-13,HCLTech,0.2102102102102154,0.2625815737421948,-0.05237136353197941,UP,UP
2026-01-14,HCLTech,0.0,0.03701313939221437,-0.03701313939221437,UP,UP
2026-01-15,HCLTech,1.7680551393467248,1.4510189825139364,0.3170361568327884,UP,UP
2026-01-19,HCLTech,-1.718313091855772,0.05968098152989667,-1.7779940733856687,DOWN,UP
2026-01-20,HCLTech,-0.2844810460035707,0.021524980347604646,-0.30600602635117535,DOWN,UP
2026-01-21,HCLTech,1.2243670481983715,0.020177507029108557,1.204189541169263,UP,UP
2026-01-22,HCLTech,0.2289956238605839,0.03674606426463176,0.19224955959595214,UP,UP
2026-01-23,HCLTech,0.7732836070225568,0.022339706751904397,0.7509439002706524,UP,UP
2026-01-27,HCLTech,0.5464495221999544,0.04262249010918422,0.5038270320907702,UP,UP
2026-01-28,HCLTech,-0.4625346966306343,0.03508430192414037,-0.49761899855477465,DOWN,UP
2026-01-29,HCLTech,-1.5102230697436547,0.02542903059477878,-1.5356521003384336,DOWN,UP
2026-01-30,HCLTech,-1.108747760586393,0.058758408745622714,-1.1675061693320157,DOWN,UP
2026-02-02,HCLTech,1.1032919526051457,0.020880810631640552,1.0824111419735052,UP,UP
2026-02-03,HCLTech,-4.3355157130330335,0.09801613508998004,-4.433531848123014,DOWN,UP
2026-02-04,HCLTech,-0.7275896209678501,0.08753579294336915,-0.8151254139112192,DOWN,UP
2026-02-05,HCLTech,-1.0124253930512417,0.0047526268421040335,-1.0171780198933458,DOWN,UP
2026-02-06,HCLTech,0.5208037323475967,0.0027942938846219744,0.5180094384629748,UP,UP
2026-02-09,HCLTech,-1.8039965302161345,0.03839632049644262,-1.842392850712577,DOWN,UP
2026-02-10,HCLTech,-1.366728137669182,0.09681156347228452,-1.4635397011414666,DOWN,UP
2026-02-11,HCLTech,-4.865944907706554,0.054517309211765515,-4.920462216918319,DOWN,UP
2026-02-12,HCLTech,-1.4158949095413598,0.5075999049824237,-1.9234948145237833,DOWN,UP
2026-02-13,HCLTech,0.4535526304089599,0.6454542931275727,-0.19190166271861286,UP,UP
2026-02-16,HCLTech,1.4228982120015,0.20173211919342834,1.2211660928080716,UP,UP
2026-02-17,HCLTech,-1.0387174334045346,0.15006298473729823,-1.1887804181418329,DOWN,UP
2026-02-18,HCLTech,-1.145033214075164,0.05706302334194491,-1.202096237417109,DOWN,UP
2026-02-19,HCLTech,-0.9583579826315748,0.13393460853061312,-1.092292591162188,DOWN,UP
2026-02-20,HCLTech,-0.7170239351287799,0.06139955248647632,-0.7784234876152563,DOWN,UP
2026-02-23,HCLTech,-6.100126418354879,0.17924835312007553,-6.279374771474955,DOWN,UP
2026-02-24,HCLTech,2.912186486108581,0.7836974360379758,2.1284890500706055,UP,UP
2026-02-25,HCLTech,-0.3410209939333275,0.4231004282583413,-0.7641214221916688,DOWN,UP
2026-02-26,HCLTech,1.1357827146659891,0.20535864026509193,0.9304240744008971,UP,UP
2026-02-27,HCLTech,-1.3030002090600237,0.41659848202456623,-1.71959869108459,DOWN,UP
2026-03-02,HCLTech,-0.5105762217359588,0.19395119523955587,-0.7045274169755147,DOWN,UP
2026-03-04,HCLTech,-0.725808241500181,0.2686575613136979,-0.9944658028138789,DOWN,UP
2026-03-05,HCLTech,0.1920076532615278,0.1784533072926615,0.013554345968866288,UP,UP
2026-03-06,HCLTech,0.1400475036813731,0.17347279669630372,-0.033425293014930635,UP,UP
2026-03-09,HCLTech,0.2134568280712567,0.19434544023521683,0.019111387836039884,UP,UP
2026-03-10,HCLTech,-0.8226185216213766,0.15223326681830213,-0.9748517884396788,DOWN,UP
2026-03-11,HCLTech,0.5776439662119381,0.08853046961641821,0.48911349659551995,UP,UP
2026-03-12,HCLTech,-2.407772016766807,-0.045268058276231135,-2.362503958490576,DOWN,DOWN
2026-03-13,HCLTech,0.2414328589807945,0.03211078256004731,0.20932207642074718,UP,UP
2026-03-16,HCLTech,-0.5645039995347267,0.034730744573972926,-0.5992347441086997,DOWN,UP
2026-03-17,HCLTech,2.732569544551411,-0.02360234094850443,2.7561718854999153,UP,DOWN
2026-03-18,HCLTech,-3.345115235566387,0.06695370925745497,-3.412068944823842,DOWN,UP
2026-03-19,HCLTech,1.669454301615092,-0.14227953941335914,1.8117338410284511,UP,DOWN
2026-03-20,HCLTech,1.8669884775945,0.025043218738499413,1.8419452588560006,UP,UP
2026-03-23,HCLTech,1.0820015829786644,0.07517139042581045,1.006830192552854,UP,UP
2026-03-24,HCLTech,0.5825383904141335,0.12476772132899017,0.4577706690851433,UP,UP
2026-03-25,HCLTech,-1.2234868469309212,0.0968544711987573,-1.3203413181296786,DOWN,UP
2026-03-27,HCLTech,-1.6710677528693596,0.062372664257850076,-1.7334404171272098,DOWN,UP
2026-03-30,HCLTech,0.9540883319213432,0.029278915327895786,0.9248094165934474,UP,UP
2026-04-01,HCLTech,3.5292325676449687,0.005105381264907625,3.524127186380061,UP,UP
2026-04-02,HCLTech,0.0784551201368,0.30149912245102206,-0.22304400231422206,UP,UP
2026-04-06,HCLTech,2.7292756662979034,0.07692737613873328,2.65234829015917,UP,UP
2026-04-07,HCLTech,1.3457286863630458,0.11528882662570569,1.23043985973734,UP,UP
2026-04-08,HCLTech,0.266942122796876,0.07165219485911882,0.19528992793775718,UP,UP
2026-04-09,HCLTech,-0.9352224052059376,0.05059085230551199,-0.9858132575114495,DOWN,UP
2026-04-10,HCLTech,-1.5022000752004327,0.023579935573632818,-1.5257800107740656,DOWN,UP
2026-04-13,HCLTech,1.532113057227602,0.030567987313717123,1.501545069913885,UP,UP
2026-04-15,HCLTech,-0.0758008419512124,0.038249417592447314,-0.11405025954365972,DOWN,UP
2026-04-16,HCLTech,-0.5447457322947935,0.028897991667006757,-0.5736437239618003,DOWN,UP
2026-04-17,HCLTech,-0.9706718107217016,0.022004245482877664,-0.9926760562045793,DOWN,UP
2026-04-20,HCLTech,0.9031647344921678,0.023902825021167595,0.8792619094710002,UP,UP
2026-04-21,HCLTech,-10.817368000670823,0.024061471312650615,-10.841429471983474,DOWN,UP
2026-04-22,HCLTech,-0.5990876020901204,-0.4265182110481671,-0.17256939104195324,DOWN,DOWN
2026-04-23,HCLTech,-5.823420932670331,-0.04926679932734809,-5.774154133342983,DOWN,DOWN
2026-04-24,HCLTech,2.0777926375122435,0.2076162203138905,1.870176417198353,UP,UP
2026-04-27,HCLTech,-2.6217189750864067,0.19556359068878992,-2.8172825657751965,DOWN,UP
2026-04-28,HCLTech,0.3511664859427332,0.6125674876342035,-0.26140100169147035,UP,UP
2026-04-29,HCLTech,-0.0916493609971813,0.6547325746984293,-0.7463819356956105,DOWN,UP
2026-04-30,HCLTech,0.0,0.5607459581922127,-0.5607459581922127,UP,UP
2026-05-01,HCLTech,0.11675627075034,0.9665640803774265,-0.8498078096270865,UP,UP
2026-05-05,HCLTech,-0.924843862483038,0.2143608770054778,-1.1392047394885156,DOWN,UP
2026-05-06,HCLTech,-0.4793500369105863,0.13284240956616705,-0.6121924464767534,DOWN,UP
2026-05-07,HCLTech,1.2675341972742338,0.12343743036344376,1.14409676691079,UP,UP
2026-05-08,HCLTech,-0.2920560688165263,0.1312903636110266,-0.4233464324275529,DOWN,UP
2026-05-11,HCLTech,-4.109128344023127,0.07723253885429135,-4.186360882877419,DOWN,UP
2026-05-12,HCLTech,-0.2269242053977271,-0.06918974543813383,-0.15773445995959326,DOWN,DOWN
2026-05-13,HCLTech,-1.6794919517091889,0.22100053090342964,-1.9004924826126186,DOWN,UP
2026-05-14,HCLTech,0.7651223830905218,0.16386335805409535,0.6012590250364265,UP,UP
2026-05-15,HCLTech,1.2360939697846351,0.23756238042482528,0.9985315893598099,UP,UP
2026-05-18,HCLTech,2.860635751484608,0.10444217540223018,2.756193576082378,UP,UP
2026-05-19,HCLTech,-0.8139711198248301,0.14801228789160065,-0.9619834077164306,DOWN,UP
2026-05-20,HCLTech,-0.1367838595880521,0.08225477718418234,-0.21903863677223442,DOWN,UP
2026-05-21,HCLTech,-0.3595233134243702,0.0381905646594498,-0.39771387808382,DOWN,UP
2026-05-22,HCLTech,0.1460439151095283,0.012788828978272306,0.133255086131256,UP,UP
2026-05-25,HCLTech,-0.3259781176101484,0.02622355478531073,-0.35220167239545913,DOWN,UP
2026-05-26,HCLTech,0.2840112478245782,0.0088895169708893,0.2751217308536889,UP,UP
2026-05-27,HCLTech,0.0,0.01469456606207738,-0.01469456606207738,UP,UP
2026-05-28,HCLTech,1.5963009299428288,1.5846936143727592,0.011607315570069554,UP,UP
2026-06-01,HCLTech,4.049872429319801,0.06524567943654322,3.9846267498832577,UP,UP
2026-06-02,HCLTech,-5.186972255729794,0.06517102636489956,-5.252143282094694,DOWN,UP
2026-06-03,HCLTech,-0.9075446286577638,0.19014705226782802,-1.0976916809255917,DOWN,UP
2026-06-04,HCLTech,-1.1640928775010884,0.07977715180561558,-1.243870029306704,DOWN,UP
2026-06-05,HCLTech,-0.2944403297410303,0.02050750240969563,-0.3149478321507259,DOWN,UP
2026-06-08,HCLTech,-0.4342916518668915,0.06759289142949614,-0.5018845432963877,DOWN,UP
2026-06-09,HCLTech,-1.2387745474410794,-0.03262668230260443,-1.206147865138475,DOWN,DOWN
2026-06-10,HCLTech,-1.9344602849874384,0.058424725365944556,-1.9928850103533828,DOWN,UP
2026-06-11,HCLTech,-0.0540421196473794,0.06118523225361868,-0.11522735190099809,DOWN,UP
2026-06-12,HCLTech,0.8741955169082605,0.05816480664520012,0.8160307102630604,UP,UP
2026-06-15,HCLTech,3.546855127312787,0.06652085960454573,3.480334267708241,UP,UP
2026-06-16,HCLTech,0.6729981732635837,0.33547643379276776,0.33752173947081593,UP,UP
2026-06-17,HCLTech,-0.4285224366438522,0.08088136586005572,-0.5094038025039079,DOWN,UP
2026-06-18,HCLTech,-2.5908156645897185,0.07362740414385736,-2.6644430687335756,DOWN,UP
2026-06-19,HCLTech,-0.1060308583235691,0.2510513321555223,-0.3570821904790914,DOWN,UP
2026-06-22,HCLTech,-1.8575851393188847,0.04872841118382173,-1.9063135505027065,DOWN,UP
2026-06-23,HCLTech,0.396577234255302,-0.009060306647597835,0.40563754090289983,UP,DOWN
2026-06-24,HCLTech,-1.185032135099473,0.021000557732382227,-1.2060326928318552,DOWN,UP
2026-06-25,HCLTech,0.0,0.016196240228167146,-0.016196240228167146,UP,UP
2026-06-26,HCLTech,0.1544538309806942,1.0096128051956885,-0.8551589742149943,UP,UP
2026-06-30,HCLTech,-3.5081261376467388,0.009662254315867813,-3.5177883919626067,DOWN,UP
2026-07-01,HCLTech,4.2448294804421804,0.03327015812660253,4.211559322315578,UP,UP
2026-07-02,HCLTech,5.648829031923852,-0.770974442376914,6.419803474300766,UP,DOWN
2026-07-03,HCLTech,-0.4214265871927081,-0.1554974675261773,-0.26592911966653077,DOWN,DOWN
2026-07-06,HCLTech,2.9977077643911665,0.085972065180216,2.9117356992109507,UP,UP
2026-07-07,HCLTech,-1.934598230659612,0.2099154889924771,-2.144513719652089,DOWN,UP
2026-07-08,HCLTech,0.418998684568761,0.09351968317463898,0.325479001394122,UP,UP
2026-07-09,HCLTech,1.1908858554530166,0.08653748114373305,1.1043483743092835,UP,UP
2026-07-10,HCLTech,4.905074889052963,0.10368086449391344,4.801394024559049,UP,UP
2026-07-13,HCLTech,-4.462823630782276,0.08878214710470567,-4.551605777886982,DOWN,UP
2026-07-14,HCLTech,0.11142957765784,0.05185809407459054,0.059571483583249464,UP,UP
2026-07-15,HCLTech,1.6609609943546657,0.10156404100442591,1.5593969533502399,UP,UP
2026-07-16,HCLTech,1.3895906738036423,0.11156272931390555,1.2780279444897367,UP,UP
2026-07-17,HCLTech,1.4453047646154182,0.14696191272085843,1.29834285189456,UP,UP
2026-07-20,HCLTech,1.4902112866808093,0.09507944949807269,1.3951318371827366,UP,UP
2026-07-21,HCLTech,-0.1774869844191173,0.08137424193464297,-0.2588612263537603,DOWN,UP
2026-07-22,HCLTech,0.5980685405095221,0.07415843576723434,0.5239101047422877,UP,UP
2026-07-23,HCLTech,2.112962951702846,0.04634805778011895,2.066614893922727,UP,UP
2026-07-24,HCLTech,1.95908925366346,0.06835457384924827,1.8907346798142117,UP,UP
2026-07-27,HCLTech,1.751674569351036,0.002389789152223743,1.7492847801988123,UP,UP
2026-07-28,HCLTech,1.9490424479014168,-0.16957100275255355,2.1186134506539704,UP,DOWN
2026-07-29,HCLTech,0.6248532350402458,-0.2249118422456067,0.8497650772858525,UP,DOWN
2026-07-30,HCLTech,-0.4287666864176254,-0.16469193648516192,-0.2640747499324635,DOWN,DOWN
2026-07-31,HCLTech,2.23475945061562,-0.11000570654602124,2.3447651571616412,UP,DOWN
2026-08-03,HCLTech,-0.515611879879263,-0.1714424138422455,-0.34416946603701754,DOWN,DOWN
2026-08-04,HCLTech,-1.45266253444839,-0.15709562968290114,-1.295566904765489,DOWN,DOWN
2026-08-05,HCLTech,-1.1111111111111072,-0.16766916743608593,-0.9434419436750212,DOWN,DOWN
2026-08-06,HCLTech,1.6179756993211614,-0.007821023626648419,1.6257967229478099,UP,DOWN
2026-08-07,HCLTech,0.0442264187479723,-0.12134302979110752,0.16556944853907982,UP,DOWN
2026-08-10,HCLTech,0.6041905052462715,-0.074814980453526,0.6790054856997975,UP,DOWN
2026-08-11,HCLTech,0.0,-0.08290510299929295,0.08290510299929295,UP,DOWN
2026-08-12,HCLTech,0.3368958183453507,-0.10712949379287776,0.4440253121382285,UP,DOWN
2026-08-13,HCLTech,-0.7299270072992692,-0.0835626563162834,-0.6463643509829857,DOWN,DOWN
2026-08-14,HCLTech,-2.573529411764708,-0.08170948957772696,-2.491819922186981,DOWN,DOWN
2026-08-17,HCLTech,-2.037735849056599,-0.11796764122184555,-1.9197682078347533,DOWN,DOWN
2026-08-18,HCLTech,2.064718707867863,0.34509018186416784,1.7196285260036952,UP,UP
2026-08-19,HCLTech,-0.4830936124831653,0.0059504118680948626,-0.48904402435126015,DOWN,UP
2026-08-20,HCLTech,-1.2060091110153714,0.02501483467772072,-1.2310239456930923,DOWN,UP
2026-08-21,HCLTech,1.497120921305184,0.021438900666637253,1.4756820206385466,UP,UP
2026-08-24,HCLTech,-0.4689826907620986,0.03960127404951351,-0.508583964811612,DOWN,UP
2026-08-25,HCLTech,-1.3147931438011962,0.021011072098906354,-1.3358042159001025,DOWN,UP
2026-08-26,HCLTech,-1.2706969580284944,0.02528170761943195,-1.2959786656479264,DOWN,UP
2026-08-27,HCLTech,2.659904491882803,0.08464574597244681,2.575258745910356,UP,UP
2026-08-28,HCLTech,-0.2963319266324093,0.09569663211263914,-0.39202855874504844,DOWN,UP
2026-08-31,HCLTech,2.9873551822021893,0.03648216350641572,2.9508730186957735,UP,UP
2026-09-01,HCLTech,-1.472548768281301,0.14975520614605844,-1.6223039744273595,DOWN,UP
2026-09-02,HCLTech,-0.9387908374014264,0.04697240994992792,-0.9857632473513543,DOWN,UP
2025-09-17,HDFC Bank,1.0760501204410078,0.04040188715273094,1.0356482332882768,UP,UP
2025-09-18,HDFC Bank,-1.0236462022813364,0.0588339879187224,-1.0824801902000587,DOWN,UP
2025-09-19,HDFC Bank,-0.2792441967996995,0.06550211291445253,-0.344746309714152,DOWN,UP
2025-09-22,HDFC Bank,-0.7259904492198821,0.030248844118069947,-0.756239293337952,DOWN,UP
2025-09-23,HDFC Bank,-0.6425014976631949,0.03530300772625768,-0.6778045053894526,DOWN,UP
2025-09-24,HDFC Bank,-0.1261776165746964,0.02818926718427705,-0.15436688375897345,DOWN,UP
2025-09-25,HDFC Bank,-0.5053416767219376,0.11714750684014721,-0.6224891835620848,DOWN,UP
2025-09-26,HDFC Bank,0.5555261698125147,0.0444434737127082,0.5110826960998065,UP,UP
2025-09-29,HDFC Bank,0.0736622346651838,0.09592666123510316,-0.02226442656991935,UP,UP
2025-09-30,HDFC Bank,1.4984227129337446,0.06089341401948135,1.4375292989142632,UP,UP
2025-10-01,HDFC Bank,-0.0103574810606188,0.06757075275749821,-0.07792823381811702,DOWN,UP
2025-10-03,HDFC Bank,0.8599686663229189,0.04405446981564569,0.8159141965072733,UP,UP
2025-10-06,HDFC Bank,0.9296818202765732,0.06462653769583095,0.8650552825807423,UP,UP
2025-10-07,HDFC Bank,-0.3867672053912252,0.05282578978771664,-0.43959299517894185,DOWN,UP
2025-10-08,HDFC Bank,-0.163485909996619,0.03814719481000541,-0.2016331048066244,DOWN,UP
2025-10-09,HDFC Bank,0.3889109531341361,0.025308372757406803,0.36360258037672927,UP,UP
2025-10-10,HDFC Bank,-0.3975965253331548,0.02642346218600223,-0.42401998751915704,DOWN,UP
2025-10-13,HDFC Bank,0.0153556206819338,0.027050242087537466,-0.011694621405603666,UP,UP
2025-10-14,HDFC Bank,0.1125697752089927,0.03469553178534968,0.07787424342364302,UP,UP
2025-10-15,HDFC Bank,1.645793568713283,0.035253783935413105,1.61053978477787,UP,UP
2025-10-16,HDFC Bank,0.8246605730742873,0.05805188408864,0.7666086889856473,UP,UP
2025-10-17,HDFC Bank,0.0399006951207647,0.04949532332976259,-0.009594628208997896,UP,UP
2025-10-20,HDFC Bank,0.4736028657646995,0.054386055387226705,0.4192168103774728,UP,UP
2025-10-21,HDFC Bank,0.1091570479917258,0.03833159396622485,0.07082545402550096,UP,UP
2025-10-23,HDFC Bank,-1.3927426608823623,0.23673693149336578,-1.6294795923757281,DOWN,UP
2025-10-24,HDFC Bank,0.8243289476784321,0.03716656831066422,0.7871623793677679,UP,UP
2025-10-27,HDFC Bank,0.059821085660805,0.02425235473066834,0.035568730930136655,UP,UP
2025-10-28,HDFC Bank,0.4284776887323316,0.07097169666413261,0.357505992068199,UP,UP
2025-10-29,HDFC Bank,-0.9624399867882992,0.03890655837357993,-1.0013465451618793,DOWN,UP
2025-10-30,HDFC Bank,-1.0870146126042424,0.026313758780018834,-1.1133283713842612,DOWN,UP
2025-10-31,HDFC Bank,0.5418856160479768,0.031173290383535963,0.5107123256644408,UP,UP
2025-11-03,HDFC Bank,-0.7454817138024539,0.029232618585874035,-0.7747143323883279,DOWN,UP
2025-11-04,HDFC Bank,-0.0608957712192492,0.027288400206102854,-0.08818417142535206,DOWN,UP
2025-11-06,HDFC Bank,-0.2386671977682719,0.03223164809840113,-0.270898845866673,DOWN,UP
2025-11-07,HDFC Bank,0.2239654112155875,0.028375634053899694,0.1955897771616878,UP,UP
2025-11-10,HDFC Bank,0.7313369433246564,0.024602050916847612,0.7067348924078087,UP,UP
2025-11-11,HDFC Bank,-0.221842510835013,0.03529471666216971,-0.2571372274971827,DOWN,UP
2025-11-12,HDFC Bank,-0.288021787361048,0.021488891508942176,-0.3095106788699902,DOWN,UP
2025-11-13,HDFC Bank,0.2989865807409453,0.024961219966845558,0.2740253607740997,UP,UP
2025-11-14,HDFC Bank,0.7023052120546103,0.03660323180202042,0.6657019802525899,UP,UP
2025-11-17,HDFC Bank,-0.4114169521006738,0.031725546834609195,-0.443142498935283,DOWN,UP
2025-11-18,HDFC Bank,0.2166319061375432,0.030294828890834947,0.18633707724670825,UP,UP
2025-11-19,HDFC Bank,1.4327368137732943,0.03668730315255212,1.3960495106207422,UP,UP
2025-11-20,HDFC Bank,-1.0705246621725115,0.046174990361929374,-1.1166996525344408,DOWN,UP
2025-11-21,HDFC Bank,0.1102185897047247,0.028305059966965522,0.08191352973775917,UP,UP
2025-11-24,HDFC Bank,-0.9357990684709104,0.07314083835808613,-1.0089399068289966,DOWN,UP
2025-11-25,HDFC Bank,1.4245339255391842,0.035781931589848576,1.3887519939493356,UP,UP
2025-11-26,HDFC Bank,0.5578220390228594,0.04755776108476275,0.5102642779380967,UP,UP
2025-11-27,HDFC Bank,-0.1882144045628919,0.0408846825791212,-0.2290990871420131,DOWN,UP
2025-11-28,HDFC Bank,-0.5458515416102205,0.03919640947519021,-0.5850479510854107,DOWN,UP
2025-12-01,HDFC Bank,-1.2274212246913718,0.025563347791995168,-1.252984572483367,DOWN,UP
2025-12-02,HDFC Bank,1.0810277166086737,0.04334873305741341,1.0376789835512603,UP,UP
2025-12-03,HDFC Bank,-0.3298338623656915,0.03573130514909098,-0.3655651675147825,DOWN,UP
2025-12-04,HDFC Bank,0.6117103400788082,0.021130192676038852,0.5905801474027693,UP,UP
2025-12-05,HDFC Bank,-0.0199354340142177,0.025514224801433647,-0.04544965881565134,DOWN,UP
2025-12-08,HDFC Bank,-0.5981457627386777,0.01988911886715886,-0.6180348816058365,DOWN,UP
2025-12-09,HDFC Bank,-0.7321219508283572,0.0245909794245593,-0.7567129302529165,DOWN,UP
2025-12-10,HDFC Bank,1.0608203808339711,0.023103238463561965,1.0377171423704092,UP,UP
2025-12-11,HDFC Bank,0.1199652325977629,0.02685203030793872,0.09311320228982418,UP,UP
2025-12-12,HDFC Bank,-0.5391936509298478,0.021747622956596088,-0.5609412738864439,DOWN,UP
2025-12-15,HDFC Bank,-0.1807035274657087,0.022234438393462296,-0.20293796585917098,DOWN,UP
2025-12-16,HDFC Bank,-1.0359034415590718,0.04987271046524121,-1.085776152024313,DOWN,UP
2025-12-17,HDFC Bank,-0.4369906293667402,0.02682440826200314,-0.4638150376287434,DOWN,UP
2025-12-18,HDFC Bank,0.5920167113097063,0.024683785323856944,0.5673329259858494,UP,UP
2025-12-19,HDFC Bank,0.2232381742294453,0.06011213418237215,0.16312604004707315,UP,UP
2025-12-22,HDFC Bank,0.9010796060454852,0.034154165685395727,0.8669254403600894,UP,UP
2025-12-23,HDFC Bank,0.0602083720442347,0.03242402080970554,0.027784351234529166,UP,UP
2025-12-24,HDFC Bank,-0.511435675758376,0.028664630306217926,-0.5401003060645939,DOWN,UP
2025-12-26,HDFC Bank,-0.0403148260002872,0.03428327961126588,-0.07459810561155308,DOWN,UP
2025-12-29,HDFC Bank,-0.0806683254130913,0.03153024564801019,-0.11219857106110148,DOWN,UP
2025-12-30,HDFC Bank,0.0302742744553219,0.11245175581840437,-0.08217748136308248,UP,UP
2025-12-31,HDFC Bank,-0.0050431590348343,0.0584406513221663,-0.0634838103570006,DOWN,UP
2026-01-01,HDFC Bank,1.054325875444828,0.056086892689084934,0.998238982755743,UP,UP
2026-01-02,HDFC Bank,-2.4061477808881797,0.033713737197584394,-2.439861518085764,DOWN,UP
2026-01-05,HDFC Bank,-1.5652161425032007,0.04902046175484239,-1.6142366042580432,DOWN,UP
2026-01-06,HDFC Bank,-1.3666622580787324,0.044239523963527795,-1.4109017820422602,DOWN,UP
2026-01-07,HDFC Bank,-0.2476134678008223,0.05586199169075123,-0.3034754594915735,DOWN,UP
2026-01-08,HDFC Bank,-0.8133529214899182,0.048953647491214086,-0.8623065689811323,DOWN,UP
2026-01-09,HDFC Bank,-0.2183160588891119,0.0651938140436629,-0.2835098729327748,DOWN,UP
2026-01-12,HDFC Bank,0.0426878033721545,0.037690786272654424,0.004997017099500074,UP,UP
2026-01-13,HDFC Bank,-1.2695325853577466,0.0630022325902356,-1.3325348179479821,DOWN,UP
2026-01-14,HDFC Bank,0.0,0.05561535873678808,-0.05561535873678808,UP,UP
2026-01-15,HDFC Bank,0.6105098389303842,0.9846271370323988,-0.37411729810201455,UP,UP
2026-01-19,HDFC Bank,0.3556404468307628,0.0552377750499959,0.3004026717807669,UP,UP
2026-01-20,HDFC Bank,-1.1651671476440415,0.04466700021853917,-1.2098341478625807,DOWN,UP
2026-01-21,HDFC Bank,-0.17927564759872,0.03922577341701969,-0.2185014210157397,DOWN,UP
2026-01-22,HDFC Bank,-0.2830125815332707,0.03837978169551721,-0.3213923632287879,DOWN,UP
2026-01-23,HDFC Bank,1.1243367648314573,0.04108713208467407,1.0832496327467833,UP,UP
2026-01-27,HDFC Bank,0.6800504778649463,0.06453925908305072,0.6155112187818956,UP,UP
2026-01-28,HDFC Bank,0.3002023969468137,0.04484493467069945,0.2553574622761143,UP,UP
2026-01-29,HDFC Bank,-0.668091929449488,0.04449065108107636,-0.7125825805305643,DOWN,UP
2026-01-30,HDFC Bank,-0.1237583442628365,0.03398203902562966,-0.15774038328846615,DOWN,UP
2026-02-02,HDFC Bank,2.219592410622373,0.031281015274406444,2.1883113953479665,UP,UP
2026-02-03,HDFC Bank,0.4637886921357248,-0.01401079676408278,0.4777994888998076,UP,DOWN
2026-02-04,HDFC Bank,-0.3567268351692187,0.06073103177078394,-0.41745786694000264,DOWN,UP
2026-02-05,HDFC Bank,-0.9055529652050698,0.05332511009680991,-0.9588780753018797,DOWN,UP
2026-02-06,HDFC Bank,-0.4090931554366017,0.034644194156246755,-0.44373734959284844,DOWN,UP
2026-02-09,HDFC Bank,-0.5174687208255646,0.02861645928297716,-0.5460851801085418,DOWN,UP
2026-02-10,HDFC Bank,-0.568430790363339,0.03452889825046754,-0.6029596886138066,DOWN,UP
2026-02-11,HDFC Bank,-0.7011110097259965,0.034670811960921324,-0.7357818216869179,DOWN,UP
2026-02-12,HDFC Bank,-1.8140290696017192,0.03281293954021502,-1.8468420091419342,DOWN,UP
2026-02-13,HDFC Bank,2.422830267440545,0.008999544988582379,2.4138307224519626,UP,UP
2026-02-16,HDFC Bank,-0.0107988320647733,0.07519756174298921,-0.08599639380776251,DOWN,UP
2026-02-17,HDFC Bank,-0.1080263570069295,0.03194444918911591,-0.1399708061960454,DOWN,UP
2026-02-18,HDFC Bank,-0.98410689963917,0.051404934659934384,-1.0355118342991043,DOWN,UP
2026-02-19,HDFC Bank,-0.4095675076443927,0.038865140563663365,-0.44843264820805606,DOWN,UP
2026-02-20,HDFC Bank,1.2885891664853766,0.027095772661122335,1.2614933938242543,UP,UP
2026-02-23,HDFC Bank,-1.4183603218078211,0.044959576702253555,-1.4633198985100746,DOWN,UP
2026-02-24,HDFC Bank,-0.3185089966021293,0.023520877829731383,-0.34202987443186067,DOWN,UP
2026-02-25,HDFC Bank,-0.9916262937523568,0.03198301835723624,-1.023609312109593,DOWN,UP
2026-02-26,HDFC Bank,-1.2074311017939543,0.0373857132426594,-1.2448168150366137,DOWN,UP
2026-02-27,HDFC Bank,-0.9405773681709362,0.030349227832771573,-0.9709265960037078,DOWN,UP
2026-03-02,HDFC Bank,-1.222424346322104,0.03809222204908704,-1.2605165683711912,DOWN,UP
2026-03-04,HDFC Bank,1.047599761719442,0.07958610866726293,0.968013653052179,UP,UP
2026-03-05,HDFC Bank,-2.358303868644973,0.03370005454594199,-2.392003923190915,DOWN,UP
2026-03-06,HDFC Bank,-1.907703846778075,0.023224750064847595,-1.9309285968429226,DOWN,UP
2026-03-09,HDFC Bank,1.0407993187759423,0.10087013246732726,0.9399291863086151,UP,UP
2026-03-10,HDFC Bank,-1.8247100803175045,0.08765155294883271,-1.9123616332663371,DOWN,UP
2026-03-11,HDFC Bank,-0.1438949804503764,0.09016024320337492,-0.2340552236537513,DOWN,UP
2026-03-12,HDFC Bank,-1.8913239267487223,0.07568065572217844,-1.9670045824709008,DOWN,UP
2026-03-13,HDFC Bank,2.888613902807524,0.045869518793731044,2.842744384013793,UP,UP
2026-03-16,HDFC Bank,0.5650725836256365,0.04851839091804275,0.5165541927075937,UP,UP
2026-03-17,HDFC Bank,-0.2720752184767638,0.04670299801958309,-0.3187782164963469,DOWN,UP
2026-03-18,HDFC Bank,-5.319966340709026,0.0808157940832388,-5.400782134792265,DOWN,UP
2026-03-19,HDFC Bank,-2.223753411243512,0.16694046164764204,-2.390693872891154,DOWN,UP
2026-03-20,HDFC Bank,-4.65116115384715,-0.30598654399569253,-4.345174609851457,DOWN,DOWN
2026-03-23,HDFC Bank,2.788416222432888,0.6824585230240674,2.1059576994088207,UP,UP
2026-03-24,HDFC Bank,2.274802304031187,0.1445641910467815,2.1302381129844057,UP,UP
2026-03-25,HDFC Bank,-3.336312922561968,0.13909062422545046,-3.4754035467874185,DOWN,UP
2026-03-27,HDFC Bank,-3.259722826784861,0.06093857711236218,-3.320661403897223,DOWN,UP
2026-03-30,HDFC Bank,1.462649495670476,0.25888831535091616,1.2037611803195598,UP,UP
2026-04-01,HDFC Bank,1.1653788365190376,0.4323686455996811,0.7330101909193565,UP,UP
2026-04-02,HDFC Bank,2.676784516237274,0.40857197471254086,2.268212541524733,UP,UP
2026-04-06,HDFC Bank,0.1297016861219191,0.13632537725098745,-0.006623691129068354,UP,UP
2026-04-07,HDFC Bank,5.712432070717299,0.12675804669936358,5.585674024017936,UP,UP
2026-04-08,HDFC Bank,-2.254621238739229,-1.454214301493136,-0.8004069372460931,DOWN,DOWN
2026-04-09,HDFC Bank,1.5795380961668215,0.03889704554509476,1.5406410506217267,UP,UP
2026-04-10,HDFC Bank,-1.925209900154079,0.1760845093371769,-2.101294409491256,DOWN,UP
2026-04-13,HDFC Bank,1.9126729550208443,-0.06538295916607129,1.9780559141869156,UP,DOWN
2026-04-15,HDFC Bank,-1.784172338738399,0.09957008900287038,-1.8837424277412693,DOWN,UP
2026-04-16,HDFC Bank,0.5594332942034042,-0.01005994860361208,0.5694932428070162,UP,DOWN
2026-04-17,HDFC Bank,-0.5563210490324599,0.007933289777622898,-0.5642543388100828,DOWN,UP
2026-04-20,HDFC Bank,2.0491530005440906,-0.0453587549428346,2.0945117554869253,UP,DOWN
2026-04-21,HDFC Bank,-1.459806046927936,0.07992976578543655,-1.5397358127133725,DOWN,UP
2026-04-22,HDFC Bank,-1.9439990440699884,-0.0013176188894701898,-1.9426814251805182,DOWN,DOWN
2026-04-23,HDFC Bank,0.063747053683083,-0.06901696515315237,0.13276401883623537,UP,DOWN
2026-04-24,HDFC Bank,0.6306953380913027,0.013132792525200259,0.6175625455661025,UP,UP
2026-04-27,HDFC Bank,-0.917953926570636,0.023051063676876166,-0.9410049902475122,DOWN,UP
2026-04-28,HDFC Bank,-0.4536435816682838,0.07197333879640788,-0.5256169204646917,DOWN,UP
2026-04-29,HDFC Bank,-0.9370972776596598,0.026615464061130144,-0.9637127417207899,DOWN,UP
2026-04-30,HDFC Bank,0.0,0.04846752147223568,-0.04846752147223568,UP,UP
2026-05-01,HDFC Bank,0.9977986374536396,1.0212972097078197,-0.02349857225418006,UP,UP
2026-05-05,HDFC Bank,3.1399715632911107,0.031984307720910966,3.1079872555701997,UP,UP
2026-05-06,HDFC Bank,-0.0627706995998345,0.08315368071739242,-0.14592438031722693,DOWN,UP
2026-05-07,HDFC Bank,-1.909429362491788,0.0439585083215753,-1.9533878708133632,DOWN,UP
2026-05-08,HDFC Bank,-2.202721612300551,-0.017165052869986496,-2.1855565594305646,DOWN,DOWN
2026-05-11,HDFC Bank,-1.728542105025066,0.008523599429108342,-1.7370657044541744,DOWN,UP
2026-05-12,HDFC Bank,-0.1132702521509543,0.05243834044675563,-0.16570859259770992,DOWN,UP
2026-05-13,HDFC Bank,2.661421138846354,0.0028850338347913727,2.6585361050115623,UP,UP
2026-05-14,HDFC Bank,-0.2663878663487495,0.07841698299250889,-0.3448048493412584,DOWN,UP
2026-05-15,HDFC Bank,0.1498403145358207,0.05970963877797871,0.09013067575784198,UP,UP
2026-05-18,HDFC Bank,-0.8066105522806066,0.055426797570354486,-0.8620373498509611,DOWN,UP
2026-05-19,HDFC Bank,-0.3869122119221968,0.03674613795257044,-0.42365834987476725,DOWN,UP
2026-05-20,HDFC Bank,-0.0460797348173169,0.04228615757240779,-0.0883658923897247,DOWN,UP
2026-05-21,HDFC Bank,1.0077011305915209,0.032653292905134676,0.9750478376863863,UP,UP
2026-05-22,HDFC Bank,2.614761099654861,0.03304970355537668,2.581711396099484,UP,UP
2026-05-25,HDFC Bank,-1.0103515814377406,0.07781863276274467,-1.0881702142004852,DOWN,UP
2026-05-26,HDFC Bank,-2.599820177850598,0.058004314283565735,-2.657824492134164,DOWN,UP
2026-05-27,HDFC Bank,0.0,0.006773044687665503,-0.006773044687665503,UP,UP
2026-05-28,HDFC Bank,-1.8585693227893607,1.0059244096933067,-2.8644937324826674,DOWN,UP
2026-06-01,HDFC Bank,0.7472718058097572,0.025338399630940017,0.7219334061788172,UP,UP
2026-06-02,HDFC Bank,0.7216871919896395,0.035206614222387,0.6864805777672525,UP,UP
2026-06-03,HDFC Bank,0.0729765508063806,0.03790719691066668,0.035069353895713924,UP,UP
2026-06-04,HDFC Bank,-0.9480276184482216,0.037593963394902834,-0.9856215818431244,DOWN,UP
2026-06-05,HDFC Bank,-1.1244178456815912,0.0350197811941662,-1.1594376268757574,DOWN,UP
2026-06-08,HDFC Bank,-0.0406212439190034,0.02614670357545458,-0.06676794749445798,DOWN,UP
2026-06-09,HDFC Bank,1.1512155862475115,0.037158667660525654,1.114056918586986,UP,UP
2026-06-10,HDFC Bank,-0.3012653241683205,0.04161938274394756,-0.3428847069122681,DOWN,UP
2026-06-11,HDFC Bank,3.7402682694393175,0.03213752111551092,3.7081307483238066,UP,UP
2026-06-12,HDFC Bank,0.6343405141397085,0.08978107243514206,0.5445594417045664,UP,UP
2026-06-15,HDFC Bank,0.9712547842346098,0.05677782787083551,0.9144769563637742,UP,UP
2026-06-16,HDFC Bank,0.2802842532101168,0.07825240985406452,0.2020318433560523,UP,UP
2026-06-17,HDFC Bank,1.5118821983451047,0.04663935215367823,1.4652428461914264,UP,UP
2026-06-18,HDFC Bank,-2.403005282482007,0.09574620083308268,-2.4987514833150897,DOWN,UP
2026-06-19,HDFC Bank,0.8463755737895706,-0.035423842505602626,0.8817994162951732,UP,DOWN
2026-06-22,HDFC Bank,-1.4941505131252697,0.03277163542866802,-1.5269221485539377,DOWN,UP
2026-06-23,HDFC Bank,2.394628181545566,0.02058425675510415,2.374043924790462,UP,UP
2026-06-24,HDFC Bank,0.3908189029538711,0.07672061787266284,0.3140982850812083,UP,UP
2026-06-25,HDFC Bank,0.0,0.03148341212266036,-0.03148341212266036,UP,UP
2026-06-26,HDFC Bank,0.3265147131673362,1.7642386141559396,-1.4377239009886034,UP,UP
2026-06-30,HDFC Bank,-0.2255765104871909,0.03686576818422674,-0.2624422786714177,DOWN,UP
2026-07-01,HDFC Bank,-0.0314011169168737,0.04024850317964796,-0.07164962009652166,DOWN,UP
2026-07-02,HDFC Bank,0.6470615932820944,0.03503621176266054,0.6120253815194339,UP,UP
2026-07-03,HDFC Bank,3.595279724342504,0.03310283877367487,3.562176885568829,UP,UP
2026-07-06,HDFC Bank,-0.0662755689762373,0.07547192452319684,-0.14174749349943416,DOWN,UP
2026-07-07,HDFC Bank,-2.2910889038555315,0.0065342137638568654,-2.297623117619388,DOWN,UP
2026-07-08,HDFC Bank,0.8947303602641066,0.022199559063615513,0.8725308012004911,UP,UP
2026-07-09,HDFC Bank,0.905146416066782,0.05607055997783752,0.8490758560889445,UP,UP
2026-07-10,HDFC Bank,-0.8485362623697035,0.053101056824278604,-0.901637319193982,DOWN,UP
2026-07-13,HDFC Bank,-1.045294659254148,0.02634130979929051,-1.0716359690534387,DOWN,UP
2026-07-14,HDFC Bank,0.7474657289945563,0.028191311623036182,0.7192744173715201,UP,UP
2026-07-15,HDFC Bank,-0.8768194625089043,0.030207915210471673,-0.907027377719376,DOWN,UP
2026-07-16,HDFC Bank,1.3979943045431489,0.021884081011004253,1.3761102235321445,UP,UP
2026-07-17,HDFC Bank,-5.1244511043297525,0.040180601588830245,-5.164631705918583,DOWN,UP
2026-07-20,HDFC Bank,-2.076898647886005,0.5251172155931932,-2.6020158634791986,DOWN,UP
2026-07-21,HDFC Bank,-1.0900239884311769,0.06071148155600519,-1.1507354699871821,DOWN,UP
2026-07-22,HDFC Bank,-0.7833797016275179,0.019554218870201943,-0.8029339204977198,DOWN,UP
2026-07-23,HDFC Bank,-0.5955185288767151,0.025945204693554526,-0.6214637335702696,DOWN,UP
2026-07-24,HDFC Bank,-0.4375336636254556,-0.007904407820712318,-0.42962925580474326,DOWN,DOWN
2026-07-27,HDFC Bank,-0.5611471093780906,0.09436883096986104,-0.6555159403479517,DOWN,UP
2026-07-28,HDFC Bank,1.7405476431915146,0.06727026475994655,1.673277378431568,UP,UP
2026-07-29,HDFC Bank,0.7685110807521545,0.10105702031559712,0.6674540604365573,UP,UP
2026-07-30,HDFC Bank,-0.7692801510793101,0.07012436659135249,-0.8394045176706626,DOWN,UP
2026-07-31,HDFC Bank,0.6482624377023738,0.04846285021762236,0.5997995874847515,UP,UP
2026-08-03,HDFC Bank,-1.4608233731739697,0.04109404277552626,-1.501917415949496,DOWN,UP
2026-08-04,HDFC Bank,-0.943396226415094,0.049751241056741745,-0.9931474674718358,DOWN,UP
2026-08-05,HDFC Bank,-0.0952397560586737,0.09789510237911968,-0.19313485843779338,DOWN,UP
2026-08-06,HDFC Bank,-0.449405944141068,0.051471722323306525,-0.5008776664643745,DOWN,UP
2026-08-07,HDFC Bank,0.0,0.029936240835302077,-0.029936240835302077,UP,UP
2026-08-10,HDFC Bank,-0.2735978112175075,0.02811065944602614,-0.3017084706635336,DOWN,UP
2026-08-11,HDFC Bank,0.0,0.031015379643854157,-0.031015379643854157,UP,UP
2026-08-12,HDFC Bank,-0.5486968449931462,0.033676537510981916,-0.5823733825041281,DOWN,UP
2026-08-13,HDFC Bank,0.2758620689655267,0.0304963795217616,0.24536568944376508,UP,UP
2026-08-14,HDFC Bank,0.2751031636863743,0.02293898058708591,0.25216418309928834,UP,UP
2026-08-17,HDFC Bank,-0.8230452674897082,0.0254417150069961,-0.8484869824967043,DOWN,UP
2026-08-18,HDFC Bank,-0.4149377593360981,0.029753842665394863,-0.444691602001493,DOWN,UP
2026-08-19,HDFC Bank,0.7013871934678839,0.047449612026017336,0.6539375814418665,UP,UP
2026-08-20,HDFC Bank,0.2620542646785129,0.027277679067543956,0.23477658561096892,UP,UP
2026-08-21,HDFC Bank,0.281998453613741,0.04255412302027017,0.2394443305934708,UP,UP
2026-08-24,HDFC Bank,-0.2057613168724326,0.05131545804162125,-0.25707677491405384,DOWN,UP
2026-08-25,HDFC Bank,-0.0412354354596189,0.025699549783864014,-0.06693498524348292,DOWN,UP
2026-08-26,HDFC Bank,-2.2277244135165297,0.029674309705096144,-2.257398723221626,DOWN,UP
2026-08-27,HDFC Bank,1.3080151607550938,0.05002049054825808,1.2579946702068359,UP,UP
2026-08-28,HDFC Bank,-1.5687891134903986,0.05064252066207207,-1.6194316341524706,DOWN,UP
2026-08-31,HDFC Bank,0.4090302417577574,0.28296935725052835,0.12606088450722902,UP,UP
2026-09-01,HDFC Bank,-1.5592128445605535,0.046756594870478285,-1.6059694394310318,DOWN,UP
2026-09-02,HDFC Bank,0.8347655141258237,0.034772619308069234,0.7999928948177545,UP,UP
2025-09-17,Hindustan Unilever,0.6654511414241782,0.016635176138811672,0.6488159652853664,UP,UP
2025-09-18,Hindustan Unilever,-1.0514902836884166,0.028140377865960183,-1.0796306615543767,DOWN,UP
2025-09-19,Hindustan Unilever,0.4922586745938373,0.025794826413058355,0.46646384818077896,UP,UP
2025-09-22,Hindustan Unilever,-1.943861322958984,0.030501577217246386,-1.9743629001762304,DOWN,UP
2025-09-23,Hindustan Unilever,1.082390347975415,-0.0009314283833344843,1.0833217763587493,UP,DOWN
2025-09-24,Hindustan Unilever,-0.4392999086830773,0.026290687034220297,-0.46559059571729755,DOWN,UP
2025-09-25,Hindustan Unilever,-1.0440058105910088,0.019342588618310765,-1.0633483992093196,DOWN,UP
2025-09-26,Hindustan Unilever,-0.5533938296903851,0.02515694938476386,-0.578550779075149,DOWN,UP
2025-09-29,Hindustan Unilever,0.660554891912124,0.3125840361119643,0.34797085580015974,UP,UP
2025-09-30,Hindustan Unilever,0.8670080207927366,0.03644033611866997,0.8305676846740667,UP,UP
2025-10-01,Hindustan Unilever,0.3430309651987429,0.024941044834547923,0.318089920364195,UP,UP
2025-10-03,Hindustan Unilever,-0.1218065006317159,0.027700615782973722,-0.1495071164146896,DOWN,UP
2025-10-06,Hindustan Unilever,-0.9678219050940572,0.031567376667873286,-0.9993892817619304,DOWN,UP
2025-10-07,Hindustan Unilever,-0.6793204293391253,0.018928850503899787,-0.6982492798430251,DOWN,UP
2025-10-08,Hindustan Unilever,0.6999719737784016,0.018291516037083986,0.6816804577413176,UP,UP
2025-10-09,Hindustan Unilever,0.4488323899422886,0.024564008775336495,0.4242683811669521,UP,UP
2025-10-10,Hindustan Unilever,-1.4274923844225018,0.022491883655311143,-1.449984268077813,DOWN,UP
2025-10-13,Hindustan Unilever,0.3810975535107896,0.01591638581265728,0.36518116769813236,UP,UP
2025-10-14,Hindustan Unilever,0.667384040522867,0.022976985089225913,0.6444070554336411,UP,UP
2025-10-15,Hindustan Unilever,1.6871774513695923,0.03433604634187861,1.6528414050277136,UP,UP
2025-10-16,Hindustan Unilever,1.6474702780353343,0.08122811596147887,1.5662421620738554,UP,UP
2025-10-17,Hindustan Unilever,-0.3571858894086177,0.08355674980595904,-0.4407426392145767,DOWN,UP
2025-10-20,Hindustan Unilever,-0.104068427131676,0.06062733466539028,-0.16469576179706627,DOWN,UP
2025-10-21,Hindustan Unilever,0.3819943153488214,0.07236221030160578,0.3096321050472156,UP,UP
2025-10-23,Hindustan Unilever,-3.274915133546308,0.2575522901844591,-3.532467423730767,DOWN,UP
2025-10-24,Hindustan Unilever,-0.1827950124835387,0.15754935678858148,-0.3403443692721202,DOWN,UP
2025-10-27,Hindustan Unilever,-0.5852357228328442,0.022933033126284787,-0.608168755959129,DOWN,UP
2025-10-28,Hindustan Unilever,-0.3604180708833948,0.02740010319492427,-0.38781817407831903,DOWN,UP
2025-10-29,Hindustan Unilever,-0.7435392176314282,0.02226863269084328,-0.7658078503222714,DOWN,UP
2025-10-30,Hindustan Unilever,-0.1660227362373811,0.018234825669604056,-0.18425756190698514,DOWN,UP
2025-10-31,Hindustan Unilever,-0.223078483066319,0.02218381838340347,-0.24526230144972247,DOWN,UP
2025-11-03,Hindustan Unilever,-0.5813027978912588,0.021530693938997817,-0.6028334918302567,DOWN,UP
2025-11-04,Hindustan Unilever,-0.3966124776355828,0.031041650267542405,-0.42765412790312524,DOWN,UP
2025-11-06,Hindustan Unilever,-0.9031198686371144,0.03507432488437939,-0.9381941935214937,DOWN,UP
2025-11-07,Hindustan Unilever,-0.2154080849989692,0.021605208921786825,-0.23701329392075604,DOWN,UP
2025-11-10,Hindustan Unilever,0.7763181166063449,0.05110708043441896,0.725211036171926,UP,UP
2025-11-11,Hindustan Unilever,-0.1235839340885669,0.05111726337915828,-0.17470119746772517,DOWN,UP
2025-11-12,Hindustan Unilever,-0.6970469104454535,0.038515623856890994,-0.7355625343023445,DOWN,UP
2025-11-13,Hindustan Unilever,0.8348501703082656,0.01974488018006497,0.8151052901282007,UP,UP
2025-11-14,Hindustan Unilever,-0.1112143685866873,0.020516585656459595,-0.1317309542431469,DOWN,UP
2025-11-17,Hindustan Unilever,-0.8659793814432937,0.02153236334053521,-0.8875117447838289,DOWN,UP
2025-11-18,Hindustan Unilever,1.5640639624064034,0.01787435540980514,1.5461896069965984,UP,UP
2025-11-19,Hindustan Unilever,-0.5406370734163723,0.04368558998054638,-0.5843226633969187,DOWN,UP
2025-11-20,Hindustan Unilever,0.218252719538059,0.020261468810799606,0.1979912507272594,UP,UP
2025-11-21,Hindustan Unilever,-0.3903521465505877,0.02678220266995673,-0.41713434922054443,DOWN,UP
2025-11-24,Hindustan Unilever,-0.4166262568705448,0.06932733654401714,-0.4859535934145619,DOWN,UP
2025-11-25,Hindustan Unilever,0.4597925962722682,0.028209162156581258,0.43158343411568695,UP,UP
2025-11-26,Hindustan Unilever,1.0926934081123996,0.025427508456163254,1.0672658996562363,UP,UP
2025-11-27,Hindustan Unilever,0.6077475539881139,0.036255847751278186,0.5714917062368357,UP,UP
2025-11-28,Hindustan Unilever,-0.0851413919202181,0.05011544293567816,-0.13525683485589626,DOWN,UP
2025-12-01,Hindustan Unilever,0.5396651989501011,0.06632924279889453,0.4733359561512066,UP,UP
2025-12-02,Hindustan Unilever,-1.202681743517553,0.03396519953981914,-1.236646943057372,DOWN,UP
2025-12-03,Hindustan Unilever,0.5800633648641806,0.03309464120267189,0.5469687236615087,UP,UP
2025-12-04,Hindustan Unilever,-5.019895051853851,0.0390843017343907,-5.058979353588242,DOWN,UP
2025-12-05,Hindustan Unilever,-1.0519155318989504,0.4298756046560339,-1.4817911365549843,DOWN,UP
2025-12-08,Hindustan Unilever,-0.3241140881590332,0.007981140367981138,-0.33209522852701434,DOWN,UP
2025-12-09,Hindustan Unilever,-0.2081096391990056,-0.007621712981991808,-0.2004879262170138,DOWN,DOWN
2025-12-10,Hindustan Unilever,0.169446346922375,0.0469473544988811,0.12249899242349391,UP,UP
2025-12-11,Hindustan Unilever,-1.9517695217719957,0.035714732994060194,-1.9874842547660558,DOWN,UP
2025-12-12,Hindustan Unilever,1.45536144928331,0.20952354819383642,1.2458379010894736,UP,UP
2025-12-15,Hindustan Unilever,-0.5406541244277308,0.04656949469128082,-0.5872236191190116,DOWN,UP
2025-12-16,Hindustan Unilever,-0.2411117340116342,0.03663287904987612,-0.2777446130615103,DOWN,UP
2025-12-17,Hindustan Unilever,-0.4438432599230713,0.03080556366256502,-0.4746488235856363,DOWN,UP
2025-12-18,Hindustan Unilever,0.6400353122930857,0.03777186141403519,0.6022634508790505,UP,UP
2025-12-19,Hindustan Unilever,0.4166666666666652,0.02599322286125295,0.39067344380541225,UP,UP
2025-12-22,Hindustan Unilever,0.5721815966914123,0.03663862452607814,0.5355429721653342,UP,UP
2025-12-23,Hindustan Unilever,-0.8859613315025827,0.031204662735696023,-0.9171659942382787,DOWN,UP
2025-12-24,Hindustan Unilever,0.1402134449363989,0.03316534894706468,0.10704809598933421,UP,UP
2025-12-26,Hindustan Unilever,0.3456789543166305,0.021305941672485798,0.3243730126441447,UP,UP
2025-12-29,Hindustan Unilever,-0.1351806388280585,0.045665564005544106,-0.18084620283360262,DOWN,UP
2025-12-30,Hindustan Unilever,1.1221706278844668,0.028298053612072847,1.0938725742723938,UP,UP
2025-12-31,Hindustan Unilever,0.3065805067423044,0.03477463572848004,0.27180587101382436,UP,UP
2026-01-01,Hindustan Unilever,1.076194575979339,0.037405317846819316,1.0387892581325198,UP,UP
2026-01-02,Hindustan Unilever,1.5374828644058702,0.0433809320779201,1.49410193232795,UP,UP
2026-01-05,Hindustan Unilever,1.7029424878400643,0.06795045941972394,1.6349920284203403,UP,UP
2026-01-06,Hindustan Unilever,-1.0434300877474434,0.07611421910211134,-1.1195443068495547,DOWN,UP
2026-01-07,Hindustan Unilever,-0.5292969779430945,0.0386989730187543,-0.5679959509618489,DOWN,UP
2026-01-08,Hindustan Unilever,-0.5907677464317196,0.01569234326950931,-0.6064600897012289,DOWN,UP
2026-01-09,Hindustan Unilever,1.416161684761641,0.027018457029815927,1.389143227731825,UP,UP
2026-01-12,Hindustan Unilever,-0.6940383804655004,0.04445824384432354,-0.7384966243098239,DOWN,UP
2026-01-13,Hindustan Unilever,-1.5065913370998163,0.022225394065891402,-1.5288167311657077,DOWN,UP
2026-01-14,Hindustan Unilever,0.0,0.03007135986149952,-0.03007135986149952,UP,UP
2026-01-15,Hindustan Unilever,0.2931762202570631,1.286386846346779,-0.9932106260897158,UP,UP
2026-01-19,Hindustan Unilever,-1.4416424083580015,0.08376291659945193,-1.5254053249574535,DOWN,UP
2026-01-20,Hindustan Unilever,-0.4665670716076708,0.027473628304637857,-0.49404069991230865,DOWN,UP
2026-01-21,Hindustan Unilever,0.9543960158889364,0.03325696732686954,0.9211390485620669,UP,UP
2026-01-22,Hindustan Unilever,0.7905923856641461,0.04766843121318915,0.7429239544509569,UP,UP
2026-01-23,Hindustan Unilever,-0.3569245758974881,0.03753153041072453,-0.39445610630821265,DOWN,UP
2026-01-27,Hindustan Unilever,-0.9371486074049028,0.032691680856727925,-0.9698402882616307,DOWN,UP
2026-01-28,Hindustan Unilever,-1.0847546984035783,0.03309055852485359,-1.1178452569284318,DOWN,UP
2026-01-29,Hindustan Unilever,0.8671215462446424,0.01639765383689944,0.850723892407743,UP,UP
2026-01-30,Hindustan Unilever,-0.6616077190002123,0.03950392008682615,-0.7011116390870384,DOWN,UP
2026-02-02,Hindustan Unilever,0.4793640433572443,0.025973694626403997,0.45339034873084033,UP,UP
2026-02-03,Hindustan Unilever,0.1013215504856557,0.025225324334233086,0.07609622615142261,UP,UP
2026-02-04,Hindustan Unilever,-0.7001306476697611,0.023712162609398166,-0.7238428102791592,DOWN,UP
2026-02-05,Hindustan Unilever,2.96466410649443,0.030556420743395034,2.934107685751035,UP,UP
2026-02-06,Hindustan Unilever,0.4455098195552898,0.12385727547071641,0.3216525440845734,UP,UP
2026-02-09,Hindustan Unilever,0.7638643801334721,0.057052369665042756,0.7068120104684293,UP,UP
2026-02-10,Hindustan Unilever,0.3790269121844103,0.051630723850598616,0.3273961883338117,UP,UP
2026-02-11,Hindustan Unilever,-2.1600533225588525,0.02520265855026382,-2.1852559811091163,DOWN,UP
2026-02-12,Hindustan Unilever,-4.336639503568895,0.38231111268498724,-4.718950616253882,DOWN,UP
2026-02-13,Hindustan Unilever,0.5986486691147874,0.0995468563633844,0.49910181275140303,UP,UP
2026-02-16,Hindustan Unilever,-0.2889155313443248,0.03599079935234033,-0.32490633069666514,DOWN,UP
2026-02-17,Hindustan Unilever,0.4843640935591864,0.018230404730115723,0.4661336888290707,UP,UP
2026-02-18,Hindustan Unilever,-1.9023004593016977,0.04129688800116715,-1.9435973473028647,DOWN,UP
2026-02-19,Hindustan Unilever,1.5443316113634475,0.012373615264787355,1.5319579960986602,UP,UP
2026-02-20,Hindustan Unilever,1.3350573490494622,0.05959473803587097,1.2754626110135912,UP,UP
2026-02-23,Hindustan Unilever,0.5628121370393702,0.04989974259382503,0.5129123944455452,UP,UP
2026-02-24,Hindustan Unilever,0.6910796240404249,0.058682957270714396,0.6323966667697105,UP,UP
2026-02-25,Hindustan Unilever,0.3537052856874112,0.05158517279086621,0.302120112896545,UP,UP
2026-02-26,Hindustan Unilever,-1.8965279337823997,0.03781894552813992,-1.9343468793105396,DOWN,UP
2026-02-27,Hindustan Unilever,-0.748470949449187,0.023794294779391833,-0.7722652442285789,DOWN,UP
2026-03-02,Hindustan Unilever,-2.5553756068534383,0.023999553212252566,-2.579375160065691,DOWN,UP
2026-03-04,Hindustan Unilever,-0.2786029581253402,-0.01930258597591221,-0.25930037214942797,DOWN,DOWN
2026-03-05,Hindustan Unilever,-1.2993369768569796,0.00916774479330452,-1.308504721650284,DOWN,UP
2026-03-06,Hindustan Unilever,-1.3973066539921697,0.019315154547408918,-1.4166218085395785,DOWN,UP
2026-03-09,Hindustan Unilever,-0.2004987828568061,0.050094305528527644,-0.2505930883853338,DOWN,UP
2026-03-10,Hindustan Unilever,-1.314950665244763,0.054097090246475486,-1.3690477554912384,DOWN,UP
2026-03-11,Hindustan Unilever,-1.133524618624859,0.041360127796063496,-1.1748847464209227,DOWN,UP
2026-03-12,Hindustan Unilever,1.081009813838918,0.08804558539521731,0.9929642284437006,UP,UP
2026-03-13,Hindustan Unilever,0.7268495912905015,0.05626592208712599,0.6705836692033755,UP,UP
2026-03-16,Hindustan Unilever,-0.8043388515302508,0.03458110334788748,-0.8389199548781382,DOWN,UP
2026-03-17,Hindustan Unilever,-1.0610649088058643,0.022726328699697183,-1.0837912375055616,DOWN,UP
2026-03-18,Hindustan Unilever,-2.7162458986422555,0.06625344032196326,-2.782499338964219,DOWN,UP
2026-03-19,Hindustan Unilever,0.2599481161518424,-0.0027362041782096314,0.262684320330052,UP,DOWN
2026-03-20,Hindustan Unilever,-1.46444522567154,0.04697939275231915,-1.5114246184238591,DOWN,UP
2026-03-23,Hindustan Unilever,1.598287184901026,0.045900389031259675,1.5523867958697664,UP,UP
2026-03-24,Hindustan Unilever,2.388491550509597,0.06162011879028193,2.326871431719315,UP,UP
2026-03-25,Hindustan Unilever,-2.829311649937938,0.09530308907069583,-2.9246147390086334,DOWN,UP
2026-03-27,Hindustan Unilever,-0.925566528911903,-0.0024476416915931395,-0.9231188872203099,DOWN,DOWN
2026-03-30,Hindustan Unilever,0.4622421285375822,0.0433697763528009,0.41887235218478125,UP,UP
2026-04-01,Hindustan Unilever,0.0290646423423135,0.05154226977779921,-0.02247762743548571,UP,UP
2026-04-02,Hindustan Unilever,0.9441727370831376,0.03333836466837283,0.9108343724147648,UP,UP
2026-04-06,Hindustan Unilever,1.2375310928560035,0.026940524690371573,1.210590568165632,UP,UP
2026-04-07,Hindustan Unilever,1.6582961423562192,0.06849802147729886,1.5897981208789205,UP,UP
2026-04-08,Hindustan Unilever,-0.57793372110303,0.08881231151909622,-0.6667460326221262,DOWN,UP
2026-04-09,Hindustan Unilever,1.0360068517772714,0.04723289714361002,0.9887739546336614,UP,UP
2026-04-10,Hindustan Unilever,-1.3037673186862553,0.04459597175061265,-1.3483632904368679,DOWN,UP
2026-04-13,Hindustan Unilever,1.4291156065337152,0.02608653474985813,1.403029071783857,UP,UP
2026-04-15,Hindustan Unilever,-0.8574341473239655,0.05489513133905276,-0.9123292786630183,DOWN,UP
2026-04-16,Hindustan Unilever,4.754333435976399,0.018183205760409396,4.73615023021599,UP,UP
2026-04-17,Hindustan Unilever,-0.41503251630991,0.3518236651011385,-0.7668561814110485,DOWN,UP
2026-04-20,Hindustan Unilever,3.5491799763331944,0.0442615323074015,3.504918444025793,UP,UP
2026-04-21,Hindustan Unilever,2.5143938583105374,-0.009493750624628887,2.5238876089351665,UP,DOWN
2026-04-22,Hindustan Unilever,-0.1013233044115491,-0.016607466517714928,-0.08471583789383418,DOWN,DOWN
2026-04-23,Hindustan Unilever,-1.6522927285831712,0.09497538677366582,-1.747268115356837,DOWN,UP
2026-04-24,Hindustan Unilever,0.0429682455643565,0.07980442409215198,-0.03683617852779548,UP,UP
2026-04-27,Hindustan Unilever,-1.6664539799178255,0.03870063918753805,-1.7051546191053635,DOWN,UP
2026-04-28,Hindustan Unilever,1.08756944065298,0.03453427063376158,1.0530351700192182,UP,UP
2026-04-29,Hindustan Unilever,-2.743691785317426,0.024326242161972846,-2.768018027479399,DOWN,UP
2026-04-30,Hindustan Unilever,0.0,0.8492937789281005,-0.8492937789281005,UP,UP
2026-05-01,Hindustan Unilever,2.59452436883425,1.224202105516129,1.3703222633181211,UP,UP
2026-05-05,Hindustan Unilever,-0.4425455495262298,0.0749048332069428,-0.5174503827331727,DOWN,UP
2026-05-06,Hindustan Unilever,-1.9377732765965328,0.08166145539722326,-2.0194347319937562,DOWN,UP
2026-05-07,Hindustan Unilever,0.6821582753756328,-0.01903706517794631,0.7011953405535791,UP,DOWN
2026-05-08,Hindustan Unilever,0.8523845091665594,0.04995473424083406,0.8024297749257253,UP,UP
2026-05-11,Hindustan Unilever,-1.959082529839562,0.03385312904369497,-1.992935658883257,DOWN,UP
2026-05-12,Hindustan Unilever,0.2343080825873089,-0.022115762361498575,0.2564238449488075,UP,DOWN
2026-05-13,Hindustan Unilever,-0.8203633068267102,0.019851986314380544,-0.8402152931410908,DOWN,UP
2026-05-14,Hindustan Unilever,1.0450482727921706,0.012880188973684644,1.032168083818486,UP,UP
2026-05-15,Hindustan Unilever,-0.7921838036620277,0.03061800441281145,-0.8228018080748392,DOWN,UP
2026-05-18,Hindustan Unilever,-0.9449050345800902,0.01998371659923813,-0.9648887511793284,DOWN,UP
2026-05-19,Hindustan Unilever,-1.0569149781794351,0.02183015135687423,-1.0787451295363093,DOWN,UP
2026-05-20,Hindustan Unilever,-1.371477307674751,0.015846992300988773,-1.3873242999757398,DOWN,UP
2026-05-21,Hindustan Unilever,1.1289627194240426,0.0179337776888367,1.111028941735206,UP,UP
2026-05-22,Hindustan Unilever,-0.3222044536938306,0.030510923156770384,-0.352715376850601,DOWN,UP
2026-05-25,Hindustan Unilever,0.5872935280559988,0.03289100550676945,0.5544025225492293,UP,UP
2026-05-26,Hindustan Unilever,-0.4978727476330213,0.23371226323720962,-0.7315850108702309,DOWN,UP
2026-05-27,Hindustan Unilever,0.0,0.02946434668357335,-0.02946434668357335,UP,UP
2026-05-28,Hindustan Unilever,-2.042390117279458,1.0262380590676246,-3.068628176347082,DOWN,UP
2026-06-01,Hindustan Unilever,0.4509860444054103,-0.046570786157056704,0.497556830562467,UP,DOWN
2026-06-02,Hindustan Unilever,-0.1480562443481936,0.05872409173482064,-0.20678033608301422,DOWN,UP
2026-06-03,Hindustan Unilever,-0.5357406863730874,0.07881467684829042,-0.6145553632213778,DOWN,UP
2026-06-04,Hindustan Unilever,2.0246272787066038,0.05167184196210884,1.9729554367444948,UP,UP
2026-06-05,Hindustan Unilever,-0.5373510414211635,0.04147823818913676,-0.5788292796103003,DOWN,UP
2026-06-08,Hindustan Unilever,1.0757760353211854,0.02539749949336856,1.0503785358278168,UP,UP
2026-06-09,Hindustan Unilever,1.72074035688623,0.05578380484798149,1.6649565520382485,UP,UP
2026-06-10,Hindustan Unilever,-1.3689767767630756,0.07206686804928344,-1.4410436448123591,DOWN,UP
2026-06-11,Hindustan Unilever,1.355266816443068,0.0410715341916119,1.314195282251456,UP,UP
2026-06-12,Hindustan Unilever,-0.5855750131846915,0.054929755484701324,-0.6405047686693929,DOWN,UP
2026-06-15,Hindustan Unilever,2.031436515174412,0.02923920617081076,2.002197309003601,UP,UP
2026-06-16,Hindustan Unilever,-0.1045413332238398,0.07261896383987222,-0.177160297063712,DOWN,UP
2026-06-17,Hindustan Unilever,0.9510330094196772,0.01949069293444553,0.9315423164852317,UP,UP
2026-06-18,Hindustan Unilever,-1.077300083107957,0.042382889552895646,-1.1196829726608528,DOWN,UP
2026-06-19,Hindustan Unilever,-0.4420028652536434,0.02185089111557745,-0.4638537563692209,DOWN,UP
2026-06-22,Hindustan Unilever,-1.1350545011648894,0.034265614987417294,-1.1693201161523066,DOWN,UP
2026-06-23,Hindustan Unilever,-0.1064788076543532,0.0237246508713572,-0.1302034585257104,DOWN,UP
2026-06-24,Hindustan Unilever,0.7600288243879039,0.024144498306066128,0.7358843260818377,UP,UP
2026-06-25,Hindustan Unilever,0.0,0.03856235109857846,-0.03856235109857846,UP,UP
2026-06-26,Hindustan Unilever,-1.0532565016114104,1.2818458877993189,-2.3351023894107295,DOWN,UP
2026-06-30,Hindustan Unilever,3.011993687981551,0.029879763622992824,2.9821139243585586,UP,UP
2026-07-01,Hindustan Unilever,1.3107285818629633,0.0682575540787258,1.2424710277842375,UP,UP
2026-07-02,Hindustan Unilever,-0.4252305287754776,0.07160470101548022,-0.49683522979095784,DOWN,UP
2026-07-03,Hindustan Unilever,0.0363460315224495,0.06830192294572333,-0.03195589142327383,UP,UP
2026-07-06,Hindustan Unilever,0.3088123900147677,0.035222844029553245,0.27358954598521446,UP,UP
2026-07-07,Hindustan Unilever,-3.304961897240544,0.042642796168425964,-3.3476046934089703,DOWN,UP
2026-07-08,Hindustan Unilever,0.4073392158900235,0.0008178196800992625,0.4065213962099242,UP,UP
2026-07-09,Hindustan Unilever,0.2844531432151909,0.027409064161942005,0.2570440790532489,UP,UP
2026-07-10,Hindustan Unilever,-0.9299729885531184,0.022707458240038277,-0.9526804467931567,DOWN,UP
2026-07-13,Hindustan Unilever,-0.4881322635728602,0.01699685638534645,-0.5051291199582066,DOWN,UP
2026-07-14,Hindustan Unilever,-0.830103477075228,0.032958987158189026,-0.863062464233417,DOWN,UP
2026-07-15,Hindustan Unilever,-0.1997619669656614,0.02494861121928054,-0.22471057818494194,DOWN,UP
2026-07-16,Hindustan Unilever,2.163560264831621,0.029574927345227355,2.1339853374863935,UP,UP
2026-07-17,Hindustan Unilever,-0.1912537346237752,0.05756069771951579,-0.24881443234329098,DOWN,UP
2026-07-20,Hindustan Unilever,0.1308617512745913,0.04106717586589521,0.08979457540869609,UP,UP
2026-07-21,Hindustan Unilever,0.5647653515169271,0.0337915937018463,0.5309737578150808,UP,UP
2026-07-22,Hindustan Unilever,0.3341664738485406,0.03367581334473296,0.3004906605038076,UP,UP
2026-07-23,Hindustan Unilever,-0.7771324104295374,0.029193533242729698,-0.8063259436722671,DOWN,UP
2026-07-24,Hindustan Unilever,1.3799579326922995,0.04598277141997292,1.3339751612723265,UP,UP
2026-07-27,Hindustan Unilever,-6.985199101576911,0.061230193306487095,-7.046429294883398,DOWN,UP
2026-07-28,Hindustan Unilever,4.701641368071052,0.4662652842362263,4.235376083834826,UP,UP
2026-07-29,Hindustan Unilever,-0.4674731445895141,-0.8177593369041241,0.35028619231460995,DOWN,DOWN
2026-07-30,Hindustan Unilever,-0.3131008976416161,0.05422415913216652,-0.3673250567737826,DOWN,UP
2026-07-31,Hindustan Unilever,1.7465354932220345,0.10718746668819323,1.6393480265338414,UP,UP
2026-08-03,Hindustan Unilever,-1.9410664172123449,0.07088602053299181,-2.011952437745337,DOWN,UP
2026-08-04,Hindustan Unilever,-0.5342213771464377,0.11590453342499542,-0.6501259105714331,DOWN,UP
2026-08-05,Hindustan Unilever,-0.2781397732851132,0.0770633981621568,-0.35520317144727,DOWN,UP
2026-08-06,Hindustan Unilever,0.7934599663380615,0.0614459170279292,0.7320140493101323,UP,UP
2026-08-07,Hindustan Unilever,-0.4198496578303956,0.07067723609943273,-0.4905268939298283,DOWN,UP
2026-08-10,Hindustan Unilever,-1.0684193824173185,0.04723222207406471,-1.1156516044913831,DOWN,UP
2026-08-11,Hindustan Unilever,-0.092009416126837,0.024276184149940018,-0.11628560027677701,DOWN,UP
2026-08-12,Hindustan Unilever,1.4057198254968428,0.02600866649714844,1.3797111589996944,UP,UP
2026-08-13,Hindustan Unilever,-0.7170172084130066,0.03273168074425661,-0.7497488891572632,DOWN,UP
2026-08-14,Hindustan Unilever,-1.0592200288878195,0.024110388061275075,-1.0833304169490945,DOWN,UP
2026-08-17,Hindustan Unilever,-0.9732360097323588,0.02453789471757404,-0.9977739044499329,DOWN,UP
2026-08-18,Hindustan Unilever,-0.702705102119161,0.019580954589702004,-0.722286056708863,DOWN,UP
2026-08-19,Hindustan Unilever,0.3612633743021343,0.017142784133911935,0.34412059016822233,UP,UP
2026-08-20,Hindustan Unilever,-0.6410256410256387,0.029275708877227285,-0.670301349902866,DOWN,UP
2026-08-21,Hindustan Unilever,0.7444168734491274,0.03397132181457403,0.7104455516345534,UP,UP
2026-08-24,Hindustan Unilever,-0.2857166910406383,0.02937125272305029,-0.3150879437636886,DOWN,UP
2026-08-25,Hindustan Unilever,-0.1580847371339233,0.025284732817384747,-0.18336946995130804,DOWN,UP
2026-08-26,Hindustan Unilever,-0.5937654626422595,0.03182467653250837,-0.6255901391747678,DOWN,UP
2026-08-27,Hindustan Unilever,0.0696876263843959,0.027545864385269396,0.04214176199912651,UP,UP
2026-08-28,Hindustan Unilever,-2.13887780928238,0.028856056031413228,-2.167733865313793,DOWN,UP
2026-08-31,Hindustan Unilever,1.392702250383615,0.012398258443428027,1.380303991940187,UP,UP
2026-09-01,Hindustan Unilever,-0.9925831333198908,0.05304387151367516,-1.0456270048335659,DOWN,UP
2026-09-02,Hindustan Unilever,-0.6582278481012671,0.022752872859913023,-0.6809807209611801,DOWN,UP
2025-09-17,ICICI Bank,0.1761555866695019,0.034416368187215246,0.14173921848228666,UP,UP
2025-09-18,ICICI Bank,-1.371597430521576,0.03679529892436445,-1.4083927294459404,DOWN,UP
2025-09-19,ICICI Bank,-0.049918071334265,0.04109864447181717,-0.09101671580608217,DOWN,UP
2025-09-22,ICICI Bank,-0.5137317996343205,0.03260154498918191,-0.5463333446235024,DOWN,UP
2025-09-23,ICICI Bank,-0.831965663775136,0.031733138822389366,-0.8636988025975254,DOWN,UP
2025-09-24,ICICI Bank,-0.4990166042822319,0.02657719105538783,-0.5255937953376197,DOWN,UP
2025-09-25,ICICI Bank,-1.1775020109925372,0.1299968541465635,-1.3074988651391006,DOWN,UP
2025-09-26,ICICI Bank,-0.8458370260740811,0.06317857973792194,-0.909015605812003,DOWN,UP
2025-09-29,ICICI Bank,-0.0074160364771147,0.07728330175956907,-0.08469933823668377,DOWN,UP
2025-09-30,ICICI Bank,1.7804154302670572,0.06955768057514057,1.7108577496919166,UP,UP
2025-10-01,ICICI Bank,-0.4956303810586759,0.05673579604123103,-0.552366177099907,DOWN,UP
2025-10-03,ICICI Bank,-0.1318434531342838,0.03896139470943266,-0.17080484784371647,DOWN,UP
2025-10-06,ICICI Bank,0.91682556668371,0.030514474569924732,0.8863110921137852,UP,UP
2025-10-07,ICICI Bank,-0.4070045415052847,0.03422133780144675,-0.44122587930673146,DOWN,UP
2025-10-08,ICICI Bank,0.4305555085395873,0.03528710356135355,0.39526840497823373,UP,UP
2025-10-09,ICICI Bank,0.2979289203402846,0.025765533399850868,0.27216338694043374,UP,UP
2025-10-10,ICICI Bank,-0.065204983135847,0.02421351646976434,-0.08941849960561134,DOWN,UP
2025-10-13,ICICI Bank,0.3407243068501042,0.02441250243621469,0.3163118044138895,UP,UP
2025-10-14,ICICI Bank,1.033165889774068,0.021627484984840097,1.011538404789228,UP,UP
2025-10-15,ICICI Bank,1.3515463446864384,0.030068367488311102,1.3214779771981273,UP,UP
2025-10-16,ICICI Bank,1.361738946793256,0.07750777414328332,1.2842311726499727,UP,UP
2025-10-17,ICICI Bank,-3.222882329434007,0.06805190263770747,-3.2909342320717143,DOWN,UP
2025-10-20,ICICI Bank,-0.5969969457399582,-0.059440311709195344,-0.5375566340307628,DOWN,DOWN
2025-10-21,ICICI Bank,-1.3241714057977585,0.0258932042488101,-1.3500646100465685,DOWN,UP
2025-10-23,ICICI Bank,1.026618794550016,0.1472824135744403,0.8793363809755758,UP,UP
2025-10-24,ICICI Bank,-0.0072567024374525,0.032633234612180456,-0.03988993704963296,DOWN,UP
2025-10-27,ICICI Bank,-1.0525551870623873,0.020185312065348873,-1.072740499127736,DOWN,UP
2025-10-28,ICICI Bank,0.5355475723625602,0.11706676298889161,0.4184808093736686,UP,UP
2025-10-29,ICICI Bank,-0.5837711513045685,0.03539447911071303,-0.6191656304152815,DOWN,UP
2025-10-30,ICICI Bank,-1.2551361772979883,0.029351034459489257,-1.2844872117574775,DOWN,UP
2025-10-31,ICICI Bank,0.0817643310795812,0.037980351968454756,0.04378397911112644,UP,UP
2025-11-03,ICICI Bank,-0.7055852516145267,0.03035672771876401,-0.7359419793332906,DOWN,UP
2025-11-04,ICICI Bank,-1.2341984964232222,0.029909568582853107,-1.2641080650060754,DOWN,UP
2025-11-06,ICICI Bank,1.711600664046209,0.06363464076307443,1.6479660232831346,UP,UP
2025-11-07,ICICI Bank,0.3723008190618104,0.04294031442058543,0.32936050464122496,UP,UP
2025-11-10,ICICI Bank,0.7640985777540799,0.02318358807763098,0.7409149896764489,UP,UP
2025-11-11,ICICI Bank,0.044171064151488,0.04848692274160968,-0.0043158585901216795,UP,UP
2025-11-12,ICICI Bank,1.9869011343672585,0.023318133106812862,1.9635830012604456,UP,UP
2025-11-13,ICICI Bank,-0.9308048334522812,0.10635521898851624,-1.0371600524407973,DOWN,UP
2025-11-14,ICICI Bank,0.4369992716678705,0.035302150608236695,0.4016971210596338,UP,UP
2025-11-17,ICICI Bank,-0.4060896001405023,0.03338255205144602,-0.43947215219194835,DOWN,UP
2025-11-18,ICICI Bank,0.7062728265214258,0.021653983897808503,0.6846188426236173,UP,UP
2025-11-19,ICICI Bank,-0.0072283701613939,0.027178691682029854,-0.03440706184342375,DOWN,UP
2025-11-20,ICICI Bank,-0.9761388286334104,0.020672678370183536,-0.9968115070035939,DOWN,UP
2025-11-21,ICICI Bank,-0.0803195024415837,0.021865924518741597,-0.1021854269603253,DOWN,UP
2025-11-24,ICICI Bank,-0.7746255040061323,0.034309464870630905,-0.8089349688767632,DOWN,UP
2025-11-25,ICICI Bank,1.2667514032511429,0.024731979222325888,1.242019424028817,UP,UP
2025-11-26,ICICI Bank,1.2509055397727176,0.03882979770279539,1.2120757420699222,UP,UP
2025-11-27,ICICI Bank,-0.2442107788387826,0.07237185664818932,-0.3165826354869719,DOWN,UP
2025-11-28,ICICI Bank,0.0936007137175343,0.05431391911233202,0.03928679460520228,UP,UP
2025-12-01,ICICI Bank,-1.2301255942925748,0.024194331669027864,-1.2543199259616027,DOWN,UP
2025-12-02,ICICI Bank,1.3474144209759675,0.028581927260445922,1.3188324937155216,UP,UP
2025-12-03,ICICI Bank,-0.3449550002245782,0.069918114917479,-0.4148731151420572,DOWN,UP
2025-12-04,ICICI Bank,0.4182627123642257,0.020949652267955927,0.39731306009626977,UP,UP
2025-12-05,ICICI Bank,-0.2082602810816847,0.03703361526747001,-0.24529389634915472,DOWN,UP
2025-12-08,ICICI Bank,-1.0362712051711576,0.023188172745602486,-1.05945937791676,DOWN,UP
2025-12-09,ICICI Bank,-0.8435119253787482,0.02202619785329981,-0.865538123232048,DOWN,UP
2025-12-10,ICICI Bank,-0.2640052545021976,0.02156854682780589,-0.2855738013300035,DOWN,UP
2025-12-11,ICICI Bank,0.4411764705882337,0.029901730708778843,0.4112747398794549,UP,UP
2025-12-12,ICICI Bank,-0.058568728266839,0.03445162434863672,-0.09302035261547573,DOWN,UP
2025-12-15,ICICI Bank,0.0586030513287205,0.023186686469197547,0.03541636485952295,UP,UP
2025-12-16,ICICI Bank,-0.9956058262033274,0.05375731767826984,-1.0493631438815971,DOWN,UP
2025-12-17,ICICI Bank,0.3253493296828891,0.025937097498834914,0.29941223218405416,UP,UP
2025-12-18,ICICI Bank,-0.1990030325042746,0.022454892549374446,-0.22145792505364903,DOWN,UP
2025-12-19,ICICI Bank,1.0634387913515342,0.06910722571677402,0.9943315656347602,UP,UP
2025-12-22,ICICI Bank,-0.4018998903909443,0.03721756378962401,-0.4391174541805683,DOWN,UP
2025-12-23,ICICI Bank,-0.2347726465058652,0.023377269097142772,-0.258149915603008,DOWN,UP
2025-12-24,ICICI Bank,-0.6912798997296243,0.02405241653697842,-0.7153323162666028,DOWN,UP
2025-12-26,ICICI Bank,-0.5257683247612666,0.03279595536859619,-0.5585642801298627,DOWN,UP
2025-12-29,ICICI Bank,-0.0595584604365151,0.03934296230296615,-0.09890142273948124,DOWN,UP
2025-12-30,ICICI Bank,0.0297969768389139,0.3362966696772618,-0.3064996928383479,UP,UP
2025-12-31,ICICI Bank,-0.3648837832287976,0.032928910010502854,-0.39781269323930046,DOWN,UP
2026-01-01,ICICI Bank,1.3004502551616115,0.031729322439977496,1.268720932721634,UP,UP
2026-01-02,ICICI Bank,1.1878394050418797,0.05692755241475724,1.1309118526271225,UP,UP
2026-01-05,ICICI Bank,2.894637343920881,0.0458533469108898,2.848783997009991,UP,UP
2026-01-06,ICICI Bank,1.1692177275302695,0.16683362032699187,1.0023841072032778,UP,UP
2026-01-07,ICICI Bank,0.511315337801399,0.07156393508014856,0.43975140272125046,UP,UP
2026-01-08,ICICI Bank,-2.139369419642856,0.05997833736623042,-2.1993477570090865,DOWN,UP
2026-01-09,ICICI Bank,0.6266414905529594,0.003513207513320901,0.6231282830396385,UP,UP
2026-01-12,ICICI Bank,1.691318719622248,0.034901750608978335,1.6564169690132695,UP,UP
2026-01-13,ICICI Bank,-1.2943615578244638,0.05035263884823076,-1.3447141966726945,DOWN,UP
2026-01-14,ICICI Bank,0.0,0.029446333638260262,-0.029446333638260262,UP,UP
2026-01-15,ICICI Bank,-0.5358132723578435,2.0090857040191654,-2.544898976377009,DOWN,UP
2026-01-19,ICICI Bank,-0.3476696249958499,0.07115566959795808,-0.418825294593808,DOWN,UP
2026-01-20,ICICI Bank,-1.9479610319066865,0.02988762825807534,-1.9778486601647618,DOWN,UP
2026-01-21,ICICI Bank,-0.2594514455152019,0.014371042440192449,-0.2738224879553943,DOWN,UP
2026-01-22,ICICI Bank,-0.1560739937523259,0.02754566888403904,-0.18361966263636492,DOWN,UP
2026-01-23,ICICI Bank,1.33988385238053,0.023827518178328257,1.3160563342022018,UP,UP
2026-01-27,ICICI Bank,0.4627535364210011,0.08506576200849758,0.3776877744125035,UP,UP
2026-01-28,ICICI Bank,1.162537470330327,0.04266816117873129,1.1198693091515959,UP,UP
2026-01-29,ICICI Bank,-2.067069679863631,0.0741080444494277,-2.1411777243130588,DOWN,UP
2026-01-30,ICICI Bank,-0.1623580200645791,0.008852274785499756,-0.17121029485007888,DOWN,UP
2026-02-02,ICICI Bank,2.727668614124812,0.03996339011392465,2.6877052240108874,UP,UP
2026-02-03,ICICI Bank,1.345619478968718,0.05450893404708745,1.2911105449216305,UP,UP
2026-02-04,ICICI Bank,-0.8449321363093065,0.0893552126757596,-0.9342873489850662,DOWN,UP
2026-02-05,ICICI Bank,0.6874311196518157,0.054738912458317884,0.6326922071934978,UP,UP
2026-02-06,ICICI Bank,-0.696958034845907,0.029762574074820265,-0.7267206089207273,DOWN,UP
2026-02-09,ICICI Bank,0.7304985185981661,0.025770422541551458,0.7047280960566146,UP,UP
2026-02-10,ICICI Bank,-0.0284411243556714,0.04304020138606922,-0.07148132574174063,DOWN,UP
2026-02-11,ICICI Bank,1.6997386266295322,0.0330607561656803,1.6666778704638519,UP,UP
2026-02-12,ICICI Bank,-1.0769247842001728,0.09934955729970142,-1.1762743414998742,DOWN,UP
2026-02-13,ICICI Bank,-0.2120740882069816,0.02783704241196255,-0.23991113061894415,DOWN,UP
2026-02-16,ICICI Bank,-0.2904488280566664,0.03415317458862834,-0.3246020026452947,DOWN,UP
2026-02-17,ICICI Bank,0.0497301010213169,0.05680354711363029,-0.00707344609231339,UP,UP
2026-02-18,ICICI Bank,-1.377638333789588,0.03260091685521861,-1.4102392506448067,DOWN,UP
2026-02-19,ICICI Bank,0.4104227370012481,0.2922319809915411,0.11819075600970702,UP,UP
2026-02-20,ICICI Bank,0.3513821738302169,0.02583837651912197,0.32554379731109495,UP,UP
2026-02-23,ICICI Bank,-1.0433025104491178,0.020797688520756197,-1.064100198969874,DOWN,UP
2026-02-24,ICICI Bank,1.1337341578779414,0.0368701613482998,1.0968639965296416,UP,UP
2026-02-25,ICICI Bank,0.3141752526999219,0.038729758930275145,0.2754454937696468,UP,UP
2026-02-26,ICICI Bank,-1.8506654956350843,0.06319849924304881,-1.913863994878133,DOWN,UP
2026-02-27,ICICI Bank,-0.3553574825806982,0.03498407396774907,-0.39034155654844727,DOWN,UP
2026-03-02,ICICI Bank,-0.625907975686868,0.024176075327097826,-0.6500840510139658,DOWN,UP
2026-03-04,ICICI Bank,-0.5712647347777988,0.09321516931433581,-0.6644799040921346,DOWN,UP
2026-03-05,ICICI Bank,-3.2557418950157517,0.02805409630974919,-3.283795991325501,DOWN,UP
2026-03-06,ICICI Bank,-2.664839298721222,0.02292541944070671,-2.687764718161929,DOWN,UP
2026-03-09,ICICI Bank,2.620463028804632,0.023423642129317523,2.5970393866753145,UP,UP
2026-03-10,ICICI Bank,-1.3187017688982672,0.05309717164106572,-1.371798940539333,DOWN,UP
2026-03-11,ICICI Bank,-2.1705527665578206,0.07830793483941602,-2.248860701397237,DOWN,UP
2026-03-12,ICICI Bank,-0.9238019085570426,0.05125192120156718,-0.9750538297586098,DOWN,UP
2026-03-13,ICICI Bank,1.4424589481679906,0.09557318913171273,1.346885759036278,UP,UP
2026-03-16,ICICI Bank,1.2412543369292095,0.09661548108204376,1.1446388558471656,UP,UP
2026-03-17,ICICI Bank,0.0465661270262485,0.06759937926551822,-0.021033252239269717,UP,UP
2026-03-18,ICICI Bank,-3.0404150901737204,0.05367694008789582,-3.094092030261616,DOWN,UP
2026-03-19,ICICI Bank,-0.3759660238111806,-0.011160203440630076,-0.36480582037055054,DOWN,DOWN
2026-03-20,ICICI Bank,-1.822713409120691,0.05917946658227996,-1.881892875702971,DOWN,UP
2026-03-23,ICICI Bank,2.330907102162283,0.037087405323760064,2.293819696838523,UP,UP
2026-03-24,ICICI Bank,0.679347852598533,0.07517691019607202,0.604170942402461,UP,UP
2026-03-25,ICICI Bank,-2.056037417454515,0.03773285663691109,-2.093770274091426,DOWN,UP
2026-03-27,ICICI Bank,-2.261308421941,0.0032173181648298137,-2.26452574010583,DOWN,UP
2026-03-30,ICICI Bank,0.5638881018446451,-0.0017356498018394177,0.5656237516464845,UP,DOWN
2026-04-01,ICICI Bank,0.255636000748094,0.020684651013572745,0.23495134973452125,UP,UP
2026-04-02,ICICI Bank,1.2831037143791857,0.034288427007402686,1.248815287371783,UP,UP
2026-04-06,ICICI Bank,1.1450361626106575,0.05291127338295991,1.0921248892276976,UP,UP
2026-04-07,ICICI Bank,5.114407962414691,0.17910501731630282,4.935302945098388,UP,UP
2026-04-08,ICICI Bank,-2.131065030882151,-0.7603498630667577,-1.3707151678153933,DOWN,DOWN
2026-04-09,ICICI Bank,3.168654806738691,0.12235433680909938,3.0463004699295917,UP,UP
2026-04-10,ICICI Bank,2.2089379402816745,0.21048102345437522,1.9984569168272992,UP,UP
2026-04-13,ICICI Bank,-0.2220413036939761,0.2919069502945869,-0.513948253988563,DOWN,UP
2026-04-15,ICICI Bank,-0.1928622233530852,0.10961253987285183,-0.302474763225937,DOWN,UP
2026-04-16,ICICI Bank,0.0966219864827255,0.061768025964723965,0.03485396051800154,UP,UP
2026-04-17,ICICI Bank,0.6979434216630054,0.026723617960057736,0.6712198037029476,UP,UP
2026-04-20,ICICI Bank,2.3742865655144607,0.019635047124021268,2.3546515183904395,UP,UP
2026-04-21,ICICI Bank,-1.4981308313433028,0.06949275903313239,-1.5676235903764353,DOWN,UP
2026-04-22,ICICI Bank,-1.4331658332722652,0.05056943158126482,-1.48373526485353,DOWN,UP
2026-04-23,ICICI Bank,-1.617214304757042,0.03124460135766782,-1.6484589061147097,DOWN,UP
2026-04-24,ICICI Bank,-0.9123794323205648,0.03287003754937032,-0.9452494698699352,DOWN,UP
2026-04-27,ICICI Bank,-1.6817575524330608,0.009099450741371182,-1.6908570031744319,DOWN,UP
2026-04-28,ICICI Bank,-0.8513931888544879,-0.03914533793289184,-0.812247850921596,DOWN,DOWN
2026-04-29,ICICI Bank,-1.3739247139685773,0.01958501550809084,-1.393509729476668,DOWN,UP
2026-04-30,ICICI Bank,0.0,0.00576189478793835,-0.00576189478793835,UP,UP
2026-05-01,ICICI Bank,0.5857229912192174,0.8979148001893991,-0.3121918089701816,UP,UP
2026-05-05,ICICI Bank,2.253652207420997,0.031707157966402555,2.2219450494545945,UP,UP
2026-05-06,ICICI Bank,-0.0390777647518603,0.051933530712220934,-0.09101129546408124,DOWN,UP
2026-05-07,ICICI Bank,-1.1102385591770902,0.038847714783559834,-1.14908627396065,DOWN,UP
2026-05-08,ICICI Bank,0.1265002786345448,0.03086669971153175,0.09563357892301305,UP,UP
2026-05-11,ICICI Bank,-2.060958234584165,0.041380838999844335,-2.1023390735840093,DOWN,UP
2026-05-12,ICICI Bank,-0.3789464691731914,-0.002229941476574717,-0.3767165276966167,DOWN,DOWN
2026-05-13,ICICI Bank,0.8416983343764395,0.02521968889487429,0.8164786454815652,UP,UP
2026-05-14,ICICI Bank,-0.1203852327447796,0.025687290717221912,-0.1460725234620015,DOWN,UP
2026-05-15,ICICI Bank,0.5303315054991931,0.02863012390410999,0.501701381595083,UP,UP
2026-05-18,ICICI Bank,-0.823269679386629,0.026967843654450298,-0.8502375230410792,DOWN,UP
2026-05-19,ICICI Bank,-0.282076068848125,0.23139993811957812,-0.5134760069677031,DOWN,UP
2026-05-20,ICICI Bank,0.4445162679181269,0.032074786889089206,0.41244148102903766,UP,UP
2026-05-21,ICICI Bank,1.7299645281051437,0.024192255067345122,1.7057722730377987,UP,UP
2026-05-22,ICICI Bank,2.175116581343928,0.044006024298353735,2.1311105570455746,UP,UP
2026-05-25,ICICI Bank,-0.9831299552673478,0.08460751876420933,-1.067737474031557,DOWN,UP
2026-05-26,ICICI Bank,-0.5003537281071946,0.04433441590572894,-0.5446881440129235,DOWN,UP
2026-05-27,ICICI Bank,0.0,0.03054792836571678,-0.03054792836571678,UP,UP
2026-05-28,ICICI Bank,-1.2807360244497468,1.0681161627115916,-2.3488521871613384,DOWN,UP
2026-06-01,ICICI Bank,-1.0567053401554285,0.025136382171532672,-1.0818417223269612,DOWN,UP
2026-06-02,ICICI Bank,1.2555050318426852,0.024775932046082746,1.2307290997966025,UP,UP
2026-06-03,ICICI Bank,0.7809944582830131,0.035693385413136665,0.7453010728698763,UP,UP
2026-06-04,ICICI Bank,0.8308719996614089,0.03752594319447849,0.7933460564669305,UP,UP
2026-06-05,ICICI Bank,-0.9428749421009908,0.05862081057969546,-1.0014957526806862,DOWN,UP
2026-06-08,ICICI Bank,1.9836865938827275,0.02064814475713652,1.963038449125591,UP,UP
2026-06-09,ICICI Bank,1.4352979473039262,0.10320461001605735,1.332093337287869,UP,UP
2026-06-10,ICICI Bank,1.832517612084672,0.07436051850188671,1.7581570935827853,UP,UP
2026-06-11,ICICI Bank,1.8071411410877087,0.121611736368177,1.6855294047195317,UP,UP
2026-06-12,ICICI Bank,-0.9844923002295892,0.07237590660400234,-1.0568682068335915,DOWN,UP
2026-06-15,ICICI Bank,0.5046756075172798,0.03076784426131104,0.4739077632559688,UP,UP
2026-06-16,ICICI Bank,0.1873641541267678,-0.005056965769160288,0.19242111989592808,UP,DOWN
2026-06-17,ICICI Bank,0.4114302662407532,0.014621559903341833,0.39680870633741133,UP,UP
2026-06-18,ICICI Bank,0.3128921268789053,0.00945127142089891,0.30344085545800636,UP,UP
2026-06-19,ICICI Bank,0.4381748543678121,0.020577745241219702,0.4175971091265924,UP,UP
2026-06-22,ICICI Bank,-1.0425891253622588,0.053449139607579424,-1.0960382649698381,DOWN,UP
2026-06-23,ICICI Bank,2.6376690928706648,0.041847949880540296,2.5958211429901246,UP,UP
2026-06-24,ICICI Bank,1.0119412246009318,0.06947898229508748,0.9424622423058444,UP,UP
2026-06-25,ICICI Bank,0.0,0.04605906857815731,-0.04605906857815731,UP,UP
2026-06-26,ICICI Bank,0.0072054476351279,2.110686346377666,-2.103480898742538,UP,UP
2026-06-30,ICICI Bank,0.3345039135821626,0.03475030882460713,0.29975360475755547,UP,UP
2026-07-01,ICICI Bank,1.4639766964083645,0.03132108130153544,1.432655615106829,UP,UP
2026-07-02,ICICI Bank,0.8142874581473114,0.049355503460428406,0.764931954686883,UP,UP
2026-07-03,ICICI Bank,1.0982003494321102,0.01980887059669788,1.0783914788354123,UP,UP
2026-07-06,ICICI Bank,-0.8550054687396447,-0.003028951176298794,-0.8519765175633459,DOWN,DOWN
2026-07-07,ICICI Bank,-2.410403390322491,0.0016002222863872304,-2.412003612608878,DOWN,UP
2026-07-08,ICICI Bank,0.0072414593441649,0.004694895425978312,0.0025465639181865883,UP,UP
2026-07-09,ICICI Bank,1.4847541627419192,0.012713423936978257,1.472040738804941,UP,UP
2026-07-10,ICICI Bank,0.5923529201655509,0.04477456955317064,0.5475783506123802,UP,UP
2026-07-13,ICICI Bank,-0.1277083240954213,0.03392378219433999,-0.16163210628976127,DOWN,UP
2026-07-14,ICICI Bank,0.6038218579835775,0.03888626825831445,0.564935589725263,UP,UP
2026-07-15,ICICI Bank,0.141222995972079,0.03201422385144888,0.10920877212063011,UP,UP
2026-07-16,ICICI Bank,1.8403679703051123,0.026975748890632232,1.8133922214144802,UP,UP
2026-07-17,ICICI Bank,1.1008725199899372,0.02554527200800657,1.0753272479819307,UP,UP
2026-07-20,ICICI Bank,0.1986046097135707,0.053033667183381296,0.1455709425301894,UP,UP
2026-07-21,ICICI Bank,-1.5309975249703456,-0.005715075288001524,-1.525282449682344,DOWN,DOWN
2026-07-22,ICICI Bank,-0.4234036088483051,0.016328169678277153,-0.43973177852658224,DOWN,UP
2026-07-23,ICICI Bank,-0.1184965287052031,0.021358223223153897,-0.139854751928357,DOWN,UP
2026-07-24,ICICI Bank,0.8932881945512339,0.024924309418993592,0.8683638851322403,UP,UP
2026-07-27,ICICI Bank,-1.030635875146313,0.023436281999721014,-1.0540721571460339,DOWN,UP
2026-07-28,ICICI Bank,0.4962241643584386,0.06561998035379624,0.43060418400464234,UP,UP
2026-07-29,ICICI Bank,-0.2781834572699204,0.03597895472904766,-0.31416241199896805,DOWN,UP
2026-07-30,ICICI Bank,0.1046098036446396,0.026900826285852948,0.07770897735878665,UP,UP
2026-07-31,ICICI Bank,1.7138062677670265,0.03319151473218121,1.6806147530348452,UP,UP
2026-08-03,ICICI Bank,-0.3698646858946941,0.04294033648620501,-0.4128050223808991,DOWN,UP
2026-08-04,ICICI Bank,-0.3093634040649107,0.02910476772744208,-0.3384681717923528,DOWN,UP
2026-08-05,ICICI Bank,0.5103113260223502,0.02540928190949773,0.4849020441128525,UP,UP
2026-08-06,ICICI Bank,-2.5042881646655246,0.03332944676892438,-2.537617611434449,DOWN,UP
2026-08-07,ICICI Bank,0.7600315853712125,-0.007053218379032309,0.7670848037502448,UP,DOWN
2026-08-10,ICICI Bank,-0.1536578549489631,0.02439515654115417,-0.1780530114901173,DOWN,UP
2026-08-11,ICICI Bank,0.1468925309037416,0.02063930709216785,0.12625322381157375,UP,UP
2026-08-12,ICICI Bank,-1.7391844096501408,0.023713253815613455,-1.7628976634657543,DOWN,UP
2026-08-13,ICICI Bank,0.7250462622866438,0.029133991573391096,0.6959122707132527,UP,UP
2026-08-14,ICICI Bank,-0.1199683254675343,0.035690869166915586,-0.15565919463444988,DOWN,UP
2026-08-17,ICICI Bank,-0.2331695551665902,0.02168282751797486,-0.25485238268456506,DOWN,UP
2026-08-18,ICICI Bank,-0.7082152974504208,0.023958253893584854,-0.7321735513440056,DOWN,UP
2026-08-19,ICICI Bank,0.7061358355251457,0.02139978272805806,0.6847360527970876,UP,UP
2026-08-20,ICICI Bank,0.5736932818100282,0.02420895195314902,0.5494843298568792,UP,UP
2026-08-21,ICICI Bank,-0.3521126760563375,0.03598111988883263,-0.38809379594517013,DOWN,UP
2026-08-24,ICICI Bank,0.5441661605565473,0.023273078751350457,0.5208930818051969,UP,UP
2026-08-25,ICICI Bank,0.5131123271714388,0.02534606544811008,0.48776626172332876,UP,UP
2026-08-26,ICICI Bank,0.9090909090909038,0.04135035235285887,0.867740556738045,UP,UP
2026-08-27,ICICI Bank,-1.3998580160689555,0.2408469697140326,-1.640704985782988,DOWN,UP
2026-08-28,ICICI Bank,2.1928556438814084,0.02558295823137732,2.167272685650031,UP,UP
2026-08-31,ICICI Bank,-1.1004126547455306,0.07718373899310427,-1.177596393738635,DOWN,UP
2026-09-01,ICICI Bank,-0.7997218358831715,0.03580101100472937,-0.8355228468879008,DOWN,UP
2026-09-02,ICICI Bank,0.2453557658604888,0.02294299932962853,0.22241276653086026,UP,UP
2025-09-17,ITC,0.5497190488894077,0.03267615870302185,0.5170428901863858,UP,UP
2025-09-18,ITC,-0.2186839808478335,0.032437091947359206,-0.2511210727951927,DOWN,UP
2025-09-19,ITC,-0.9010061474360452,0.03571864257147162,-0.9367247900075168,DOWN,UP
2025-09-22,ITC,-0.921489098786965,0.02890871696229634,-0.9503978157492614,DOWN,UP
2025-09-23,ITC,-0.5456379316530535,0.02821004438384162,-0.5738479760368952,DOWN,UP
2025-09-24,ITC,-0.2244373806694177,0.02141654240162798,-0.2458539230710457,DOWN,UP
2025-09-25,ITC,1.2496875590415124,0.06429485830263375,1.1853927007388787,UP,UP
2025-09-26,ITC,0.5307316376428339,0.057555749428325455,0.47317588821450846,UP,UP
2025-09-29,ITC,-1.399634673304162,0.04826603284913976,-1.4479007061533018,DOWN,UP
2025-09-30,ITC,1.0085962977627982,0.028554133891049317,0.9800421638717489,UP,UP
2025-10-01,ITC,-0.3205173301242592,0.03885203508066421,-0.3593693652049234,DOWN,UP
2025-10-03,ITC,-0.8780578531173866,0.032265629357122606,-0.9103234824745092,DOWN,UP
2025-10-06,ITC,-0.2370585669447811,0.026504095390991047,-0.26356266233577214,DOWN,UP
2025-10-07,ITC,-0.0125032002238789,0.02364383674842466,-0.036147036972303564,DOWN,UP
2025-10-08,ITC,0.0375219253244241,0.03890812066152489,-0.0013861953371007846,UP,UP
2025-10-09,ITC,0.725179780131513,0.04287223995260982,0.6823075401789032,UP,UP
2025-10-10,ITC,-0.8813276813686044,0.030282333715230845,-0.9116100150838352,DOWN,UP
2025-10-13,ITC,-0.613653652355961,0.03167181113043325,-0.6453254634863943,DOWN,UP
2025-10-14,ITC,0.7812515622185545,0.019925437654729334,0.7613261245638252,UP,UP
2025-10-15,ITC,1.3128282270889358,0.02876237521765778,1.284065851871278,UP,UP
2025-10-16,ITC,1.727755178441015,0.07165292514972889,1.6561022532912861,UP,UP
2025-10-17,ITC,0.2183656216941498,0.080952362422765,0.1374132592713848,UP,UP
2025-10-20,ITC,-0.0484158565218106,0.06788700115718609,-0.11630285767899669,DOWN,UP
2025-10-21,ITC,0.7508795101575982,0.4160802923678489,0.33479921778974936,UP,UP
2025-10-23,ITC,0.2043456090859319,0.25736954829248226,-0.05302393920655035,UP,UP
2025-10-24,ITC,0.923705906015515,0.04142684395062862,0.8822790620648864,UP,UP
2025-10-27,ITC,-0.6537501580653138,0.03206510332651781,-0.6858152613918316,DOWN,UP
2025-10-28,ITC,0.8853822113114918,0.03139774052981113,0.8539844707816806,UP,UP
2025-10-29,ITC,-0.6759976428500902,0.03303442874224457,-0.7090320715923348,DOWN,UP
2025-10-30,ITC,0.3820910097947827,0.023368130289615967,0.35872287950516674,UP,UP
2025-10-31,ITC,-1.5225392657442385,0.034716231716596525,-1.557255497460835,DOWN,UP
2025-11-03,ITC,-1.2199584881329215,0.02846098918205218,-1.2484194773149737,DOWN,UP
2025-11-04,ITC,-0.3423805129326496,0.013527062001545595,-0.35590757493419517,DOWN,UP
2025-11-06,ITC,-0.8466287624616431,0.014702122582120329,-0.8613308850437634,DOWN,UP
2025-11-07,ITC,0.3712411942377258,0.017104961682954535,0.3541362325547712,UP,UP
2025-11-10,ITC,0.32055686097332,0.02236710477730264,0.29818975619601734,UP,UP
2025-11-11,ITC,0.0368671240590368,0.04504665783075785,-0.008179533771721051,UP,UP
2025-11-12,ITC,-0.3194073201397307,0.03261080140316889,-0.35201812154289963,DOWN,UP
2025-11-13,ITC,0.6038899718353585,0.026198675687309686,0.5776912961480488,UP,UP
2025-11-14,ITC,-0.2572553739238925,0.2210285424008867,-0.47828391632477923,DOWN,UP
2025-11-17,ITC,-0.3070498602945615,0.030682650458910832,-0.3377325107534723,DOWN,UP
2025-11-18,ITC,-0.5667163424805222,0.025024807929290776,-0.5917411504098129,DOWN,UP
2025-11-19,ITC,0.470827523612094,0.028333225578687327,0.4424942980334067,UP,UP
2025-11-20,ITC,0.5919333639725854,0.026470322309822034,0.5654630416627634,UP,UP
2025-11-21,ITC,-1.0543136560491884,0.027139089247222904,-1.0814527452964113,DOWN,UP
2025-11-24,ITC,-0.6814521331148793,0.030347179405987613,-0.7117993125208669,DOWN,UP
2025-11-25,ITC,0.374251508404444,0.023532160472526268,0.3507193479319177,UP,UP
2025-11-26,ITC,0.4971414518235573,0.027950369251189447,0.46919108257236786,UP,UP
2025-11-27,ITC,-0.0123640352406861,0.027733848987240534,-0.040097884227926636,DOWN,UP
2025-11-28,ITC,0.0,0.024741816273722014,-0.024741816273722014,UP,UP
2025-12-01,ITC,-0.8163235109384548,0.04506133869677909,-0.8613848496352339,DOWN,UP
2025-12-02,ITC,-0.1122364866767866,0.030972616371322797,-0.14320910304810938,DOWN,UP
2025-12-03,ITC,0.6367010719023236,0.024972300536215533,0.611728771366108,UP,UP
2025-12-04,ITC,0.4714116044182814,0.027445270110956942,0.44396633430732446,UP,UP
2025-12-05,ITC,-0.6544077871783571,0.03729682518995074,-0.6917046123683078,DOWN,UP
2025-12-08,ITC,-0.3107134073897288,0.02621913085372408,-0.3369325382434529,DOWN,UP
2025-12-09,ITC,0.5236270209287852,0.026143105968255934,0.4974839149605293,UP,UP
2025-12-10,ITC,-0.0620116591305675,0.029203892758518292,-0.09121555188908578,DOWN,UP
2025-12-11,ITC,-0.6949585096514443,0.025006584338580072,-0.7199650939900244,DOWN,UP
2025-12-12,ITC,0.5498579494857658,0.035630271369867336,0.5142276781158985,UP,UP
2025-12-15,ITC,-0.1491363669258283,0.04255565433927078,-0.19169202126509907,DOWN,UP
2025-12-16,ITC,-0.4729958566900061,0.034932850198563674,-0.5079287068885697,DOWN,UP
2025-12-17,ITC,0.1500765687432403,0.035013171701734756,0.11506339704150553,UP,UP
2025-12-18,ITC,0.1623361404577084,0.025435121831049273,0.13690101862665913,UP,UP
2025-12-19,ITC,0.4114261224998028,0.039126779532240634,0.3722993429675622,UP,UP
2025-12-22,ITC,1.1547041856293072,0.04143122707176103,1.1132729585575463,UP,UP
2025-12-23,ITC,-0.1841168500705481,0.045502881720341865,-0.22961973179088996,DOWN,UP
2025-12-24,ITC,-0.6025607895361218,0.0413173161555844,-0.6438781056917062,DOWN,UP
2025-12-26,ITC,-0.3835179553078882,0.03732680591056093,-0.4208447612184491,DOWN,UP
2025-12-29,ITC,-0.4967709810430931,0.031438546137043305,-0.5282095271801364,DOWN,UP
2025-12-30,ITC,0.5990998152566762,0.04817956037107994,0.5509202548855963,UP,UP
2025-12-31,ITC,-9.71463868399116,0.04088239970273779,-9.755521083693898,DOWN,UP
2026-01-01,ITC,-3.792776715419588,0.4875411348035114,-4.280317850223099,DOWN,UP
2026-01-02,ITC,-0.0999787453626388,-0.4046131632337073,0.3046344178710685,DOWN,DOWN
2026-01-05,ITC,-2.073205532434419,-0.04815434345999441,-2.0250511889744245,DOWN,DOWN
2026-01-06,ITC,-0.3504196712674545,0.6412204084869558,-0.9916400797544103,DOWN,UP
2026-01-07,ITC,-0.102565891140105,0.27320619500908855,-0.37577208614919355,DOWN,UP
2026-01-08,ITC,-1.1000293538106387,0.587361253382735,-1.6873906071933737,DOWN,UP
2026-01-09,ITC,0.3707548636004976,0.3953773281738518,-0.024622464573354208,UP,UP
2026-01-12,ITC,-1.0933752234596472,0.24078630459847963,-1.334161528058127,DOWN,UP
2026-01-13,ITC,0.0149351034196554,0.4597933857960074,-0.444858282376352,UP,UP
2026-01-14,ITC,0.0,0.241867327052549,-0.241867327052549,UP,UP
2026-01-15,ITC,-1.6579500501773703,0.9431250779906524,-2.6010751281680227,DOWN,UP
2026-01-19,ITC,-2.0708355826155267,0.21874555209280938,-2.289581134708336,DOWN,UP
2026-01-20,ITC,-0.4750192617083981,0.3740681958447674,-0.8490874575531655,DOWN,UP
2026-01-21,ITC,0.0307947970794808,0.28247860054463847,-0.2516838034651577,UP,UP
2026-01-22,ITC,-0.4463636077535415,0.2698537423700367,-0.7162173501235782,DOWN,UP
2026-01-23,ITC,-1.4687693536322155,0.32643582215399997,-1.7952051757862155,DOWN,UP
2026-01-27,ITC,0.7845598769451456,0.7386869739113416,0.04587290303380398,UP,UP
2026-01-28,ITC,-0.7940176993404102,0.26662429241214886,-1.0606419917525591,DOWN,UP
2026-01-29,ITC,1.1142459902575563,0.2830585380871392,0.8311874521704171,UP,UP
2026-01-30,ITC,-2.31258166400804,0.19275869190409337,-2.5053403559121334,DOWN,UP
2026-02-02,ITC,0.6196319077897972,0.7097645989177124,-0.09013269112791522,UP,UP
2026-02-03,ITC,-0.8842532281507332,0.3287747781680241,-1.2130280063187573,DOWN,UP
2026-02-04,ITC,-1.162973976581827,0.16111274435827797,-1.324086720940105,DOWN,UP
2026-02-05,ITC,5.029005471323411,0.2825884237751223,4.746417047548289,UP,UP
2026-02-06,ITC,-0.9208103475763064,0.1467494821657711,-1.0675598297420774,DOWN,UP
2026-02-09,ITC,-0.4337032061420887,0.08342470241520994,-0.5171279085572986,DOWN,UP
2026-02-10,ITC,-0.9800852384268866,0.0634875258685631,-1.0435727642954498,DOWN,UP
2026-02-11,ITC,-0.2513708697466588,0.01645563111934987,-0.2678265008660087,DOWN,UP
2026-02-12,ITC,-1.1655416805018803,0.019058340018738237,-1.1846000205206186,DOWN,UP
2026-02-13,ITC,1.3386493090139506,-0.11237309112033168,1.4510224001342824,UP,DOWN
2026-02-16,ITC,2.358861365640208,0.04404793937779064,2.3148134262624174,UP,UP
2026-02-17,ITC,2.15086794820798,0.2881647259097355,1.8627032222982445,UP,UP
2026-02-18,ITC,-1.940144975243541,0.1060258355242877,-2.0461708107678285,DOWN,UP
2026-02-19,ITC,0.3067484662576669,0.035239125681598156,0.27150934057606874,UP,UP
2026-02-20,ITC,-0.4892985026041629,0.04354256799878788,-0.5328410706029508,DOWN,UP
2026-02-23,ITC,-0.5838948777266428,0.027368689823316045,-0.6112635675499589,DOWN,UP
2026-02-24,ITC,-1.1591962905718731,0.01897372557359266,-1.1781700161454658,DOWN,UP
2026-02-25,ITC,-0.4534830983678684,0.00019366778554980542,-0.4536767661534182,DOWN,UP
2026-02-26,ITC,-1.4765887118129983,0.019160774181082016,-1.4957494859940803,DOWN,UP
2026-02-27,ITC,0.4145369157102729,0.01633711329188676,0.39819980241838615,UP,UP
2026-03-02,ITC,-0.9367995384664484,0.036236759876965605,-0.973036298343414,DOWN,UP
2026-03-04,ITC,-0.1442577943329581,0.031929407760083614,-0.17618720209304173,DOWN,UP
2026-03-05,ITC,-0.5778451983848298,0.019954218464392128,-0.597799416849222,DOWN,UP
2026-03-06,ITC,-1.1947084472692326,0.031174910109114697,-1.2258833573783474,DOWN,UP
2026-03-09,ITC,0.996728036917882,0.02556203783054742,0.9711659990873346,UP,UP
2026-03-10,ITC,-0.0161746626575642,0.023296806398641314,-0.039471469056205515,DOWN,UP
2026-03-11,ITC,-1.585758542551574,0.031119640377044733,-1.6168781829286187,DOWN,UP
2026-03-12,ITC,-0.8714218491604808,0.037686147497132436,-0.9091079966576132,DOWN,UP
2026-03-13,ITC,2.2557596674763536,0.027629856183933987,2.2281298112924195,UP,UP
2026-03-16,ITC,-1.1029988309762762,0.07782473594078722,-1.1808235669170635,DOWN,UP
2026-03-17,ITC,-0.2624301441789156,0.04415824570057273,-0.30658838987948833,DOWN,UP
2026-03-18,ITC,-1.989800373578132,0.03229625583667875,-2.022096629414811,DOWN,UP
2026-03-19,ITC,0.6543665124265852,-0.0019386250409957648,0.6563051374675809,UP,DOWN
2026-03-20,ITC,-3.1671944035271182,0.17051859074944387,-3.337712994276562,DOWN,UP
2026-03-23,ITC,0.2754304559638099,0.014270864625264962,0.26115959133854494,UP,UP
2026-03-24,ITC,1.5279011869635095,0.07051699260151664,1.457384194361993,UP,UP
2026-03-25,ITC,-0.3381805744735122,0.052561905748030595,-0.3907424802215428,DOWN,UP
2026-03-27,ITC,-2.375296813724725,0.04160262043367974,-2.4168994341584047,DOWN,UP
2026-03-30,ITC,1.3903370977689011,0.023634792729778167,1.366702305039123,UP,UP
2026-04-01,ITC,0.3942385493176381,0.04300205668943052,0.35123649262820755,UP,UP
2026-04-02,ITC,0.6829434721927319,0.024221231074575533,0.6587222411181564,UP,UP
2026-04-06,ITC,1.2209618548394197,0.049893863429942134,1.1710679914094775,UP,UP
2026-04-07,ITC,1.340257944846468,0.06648111200433399,1.273776832842134,UP,UP
2026-04-08,ITC,0.1818441959897443,0.08905841906059576,0.09278577692914854,UP,UP
2026-04-09,ITC,0.4125412541254203,0.05070652862373093,0.3618347255016894,UP,UP
2026-04-10,ITC,-1.8405936248202528,0.033749157233238986,-1.8743427820534917,DOWN,UP
2026-04-13,ITC,1.1384543666399072,0.026973723921030163,1.111480642718877,UP,UP
2026-04-15,ITC,0.4469479086491201,0.03255889183967288,0.41438901680944723,UP,UP
2026-04-16,ITC,1.1206308387878172,0.02475649237196972,1.0958743464158476,UP,UP
2026-04-17,ITC,-0.5866974786789769,0.10100964406415926,-0.6877071227431362,DOWN,UP
2026-04-20,ITC,1.5245881627817592,0.03372033172558757,1.4908678310561716,UP,UP
2026-04-21,ITC,-1.3402208875456068,0.06588614503121533,-1.4061070325768221,DOWN,UP
2026-04-22,ITC,-0.0654704442000775,0.03102436417346737,-0.09649480837354488,DOWN,UP
2026-04-23,ITC,-1.211916749882802,0.032866477400657575,-1.2447832272834596,DOWN,UP
2026-04-24,ITC,0.7460212050618198,0.014963048374064642,0.7310581566877552,UP,UP
2026-04-27,ITC,0.1974678596225576,0.02611708428269635,0.17135077533986126,UP,UP
2026-04-28,ITC,3.875837516782421,0.018542005091624826,3.857295511690796,UP,UP
2026-04-29,ITC,-0.4268794003211451,0.16136456434072313,-0.5882439646618682,DOWN,UP
2026-04-30,ITC,0.0,0.07559884067482993,-0.07559884067482993,UP,UP
2026-05-01,ITC,-1.2067284428776135,1.6769955683275781,-2.8837240112051914,DOWN,UP
2026-05-05,ITC,-0.2408091092003017,0.040726786667432714,-0.2815358958677344,DOWN,UP
2026-05-06,ITC,-1.062123650110436,0.03296807528656513,-1.0950917253970012,DOWN,UP
2026-05-07,ITC,0.0162714090891302,0.03871718421943981,-0.022445775130309608,UP,UP
2026-05-08,ITC,-0.5204117872788405,0.03552941984472851,-0.555941207123569,DOWN,UP
2026-05-11,ITC,-1.6838299145697455,0.023978131346582266,-1.7078080459163278,DOWN,UP
2026-05-12,ITC,1.2470900724201206,0.022511143492912257,1.2245789289272084,UP,UP
2026-05-13,ITC,0.9032681523198473,0.032288109732752486,0.8709800425870947,UP,UP
2026-05-14,ITC,0.7324218458961695,0.02389076616568718,0.7085310797304823,UP,UP
2026-05-15,ITC,0.2262018619617389,0.05210387246313297,0.17409798949860592,UP,UP
2026-05-18,ITC,0.0483617280142345,0.03199052999286514,0.01637119802136936,UP,UP
2026-05-19,ITC,-0.8862391582931006,0.03177950096127468,-0.9180186592543753,DOWN,UP
2026-05-20,ITC,0.1625751974786649,0.03586201710936572,0.12671318036929918,UP,UP
2026-05-21,ITC,-2.0613458326786627,0.051300841702044825,-2.1126466743807075,DOWN,UP
2026-05-22,ITC,0.7457739174554723,0.022071720221032952,0.7237021972344393,UP,UP
2026-05-25,ITC,-0.7567093989719109,0.03598459718800979,-0.7926939961599208,DOWN,UP
2026-05-26,ITC,-3.2156412682646462,0.12415953254425581,-3.339800800808902,DOWN,UP
2026-05-27,ITC,0.0,-0.0034993975041265725,0.0034993975041265725,UP,DOWN
2026-05-28,ITC,-1.7297544440469936,0.8961395175876719,-2.6258939616346657,DOWN,UP
2026-06-01,ITC,1.2873256506660935,-0.010078481572626037,1.2974041322387195,UP,DOWN
2026-06-02,ITC,-2.206531332744921,0.09218195287440539,-2.298713285619326,DOWN,UP
2026-06-03,ITC,1.191331333201706,0.10075877617678121,1.0905725570249247,UP,UP
2026-06-04,ITC,0.1427129616423439,0.08643920340348582,0.05627375823885808,UP,UP
2026-06-05,ITC,-0.4453152638547286,0.06437955578870241,-0.509694819643431,DOWN,UP
2026-06-08,ITC,0.1968107958289389,0.07670398148717467,0.12010681434176423,UP,UP
2026-06-09,ITC,1.3035692487444184,0.029228982423800787,1.2743402663206176,UP,UP
2026-06-10,ITC,-0.4406839509597082,0.047396164199679104,-0.4880801151593873,DOWN,UP
2026-06-11,ITC,0.956094994825296,0.034526255399585565,0.9215687394257105,UP,UP
2026-06-12,ITC,0.9821072371188012,0.02714209859801469,0.9549651385207866,UP,UP
2026-06-15,ITC,1.3025356302537316,0.03190271876348279,1.2706329114902488,UP,UP
2026-06-16,ITC,-0.3085869759365756,0.07862127674823458,-0.3872082526848102,DOWN,UP
2026-06-17,ITC,0.1375731372259325,0.04424688248573838,0.09332625474019413,UP,UP
2026-06-18,ITC,0.4636806222965584,0.02555494242730206,0.4381256798692563,UP,UP
2026-06-19,ITC,-0.4273504273504258,0.028881342540331156,-0.4562317698907569,DOWN,UP
2026-06-22,ITC,-0.4291845493562207,0.02968564817143969,-0.4588701975276604,DOWN,UP
2026-06-23,ITC,0.1206917598329804,0.022604645585799905,0.0980871142471805,UP,UP
2026-06-24,ITC,-0.1205462704177984,0.030675706738433645,-0.15122197715623203,DOWN,UP
2026-06-25,ITC,0.0,0.035472316096810314,-0.035472316096810314,UP,UP
2026-06-26,ITC,0.2413835196659386,1.489110336134461,-1.2477268164685225,UP,UP
2026-06-30,ITC,1.1674422176084498,0.03900633621005023,1.1284358813983997,UP,UP
2026-07-01,ITC,-0.1377863979689975,0.04094941664520464,-0.17873581461420213,DOWN,UP
2026-07-02,ITC,0.0172536431872982,0.042122218813560854,-0.024868575626262653,UP,UP
2026-07-03,ITC,-0.586312169498171,0.03517470781205333,-0.6214868773102243,DOWN,UP
2026-07-06,ITC,0.1734605377276654,0.6048926376651212,-0.43143209993745585,UP,UP
2026-07-07,ITC,-2.805196918966446,0.04160161003008788,-2.846798528996534,DOWN,UP
2026-07-08,ITC,0.4988398100592039,0.020144233935939344,0.4786955761232646,UP,UP
2026-07-09,ITC,-0.10635979647301,0.03324576781736647,-0.13960556429037646,DOWN,UP
2026-07-10,ITC,-0.7453437811945407,0.01932864334278347,-0.7646724245373242,DOWN,UP
2026-07-13,ITC,-1.4661205767926069,0.027434283860250902,-1.4935548606528577,DOWN,UP
2026-07-14,ITC,0.3992038295215216,0.025840987916902584,0.373362841604619,UP,UP
2026-07-15,ITC,0.9759668413517276,0.03486676522232773,0.9411000761293999,UP,UP
2026-07-16,ITC,0.4832668960155217,0.024128072612997934,0.45913882340252377,UP,UP
2026-07-17,ITC,0.7125044221675703,0.03640591494472465,0.6760985072228456,UP,UP
2026-07-20,ITC,-0.6013484731604013,0.05383507363103494,-0.6551835467914362,DOWN,UP
2026-07-21,ITC,-0.0711787213634296,0.02493299522350517,-0.09611171658693478,DOWN,UP
2026-07-22,ITC,0.1780626858034706,0.02501308908615719,0.1530495967173134,UP,UP
2026-07-23,ITC,0.7643172795460229,0.05949401543574811,0.7048232641102748,UP,UP
2026-07-24,ITC,0.846707988402362,0.05559731892045762,0.7911106694819044,UP,UP
2026-07-27,ITC,-0.4198048561862455,0.041310129490961515,-0.46111498567720705,DOWN,UP
2026-07-28,ITC,0.5620959556730254,0.03250946679405038,0.529586488878975,UP,UP
2026-07-29,ITC,-0.4192182382641962,0.03574774508923751,-0.4549659833534337,DOWN,UP
2026-07-30,ITC,-1.4207991462572012,0.030607496757806753,-1.4514066430150079,DOWN,UP
2026-07-31,ITC,2.135231316725972,0.025297328375906238,2.109933988350066,UP,UP
2026-08-03,ITC,0.6968641114982521,0.1767325000644135,0.5201316114338386,UP,UP
2026-08-04,ITC,-0.7093383366673867,0.03666141226340236,-0.745999748930789,DOWN,UP
2026-08-05,ITC,-0.3659237727403508,0.03206079817834665,-0.3979845709186975,DOWN,UP
2026-08-06,ITC,0.0699588007349483,0.022189955189223468,0.04776884554572483,UP,UP
2026-08-07,ITC,-1.2058763136771788,0.06692633946393438,-1.2728026531411132,DOWN,UP
2026-08-10,ITC,-1.2913475943046038,0.019671408623284183,-1.3110190029278879,DOWN,UP
2026-08-11,ITC,-1.021507563984092,0.01815919891273766,-1.0396667628968297,DOWN,UP
2026-08-12,ITC,0.8509890115719232,0.0028712292453756927,0.8481177823265476,UP,UP
2026-08-13,ITC,-0.107715545051612,0.02073943757064936,-0.12845498262226135,DOWN,UP
2026-08-14,ITC,-1.851194891476116,0.029680270924564583,-1.8808751624006805,DOWN,UP
2026-08-17,ITC,-1.1170071156645922,0.03012597860412323,-1.1471330942687155,DOWN,UP
2026-08-18,ITC,-1.0925971137152768,0.01991568323155537,-1.1125127969468322,DOWN,UP
2026-08-19,ITC,1.7225262362048133,0.010324015918301956,1.7122022202865113,UP,UP
2026-08-20,ITC,-0.8282716917186406,0.12085491403992928,-0.9491266057585699,DOWN,UP
2026-08-21,ITC,0.1113653739213349,0.03024819147989494,0.08111718244143996,UP,UP
2026-08-24,ITC,0.6303231785351748,0.023025153798511513,0.6072980247366633,UP,UP
2026-08-25,ITC,-0.4237265741881324,0.02403477683845735,-0.44776135102658976,DOWN,UP
2026-08-26,ITC,-0.4625346901017568,0.029304912676912286,-0.49183960277866906,DOWN,UP
2026-08-27,ITC,-1.115241635687736,0.026012991900711588,-1.1412546275884474,DOWN,UP
2026-08-28,ITC,-3.9473684210526327,0.057090924892529635,-4.004459345945162,DOWN,UP
2026-08-31,ITC,4.344425089438597,0.04642993897443016,4.297995150464167,UP,UP
2026-09-01,ITC,-0.1125349976287659,-0.9570356966528654,0.8445006990240995,DOWN,DOWN
2026-09-02,ITC,-1.2391993782344013,0.04677580596023487,-1.285975184194636,DOWN,UP
2025-09-17,Infosys,1.195477593274452,0.0424059219949424,1.1530716712795095,UP,UP
2025-09-18,Infosys,-0.0259654952876609,0.08371507940228967,-0.10968057468995057,DOWN,UP
2025-09-19,Infosys,-2.642510872754411,0.032930967604735156,-2.6754418403591465,DOWN,UP
2025-09-22,Infosys,-0.1333777925975332,0.07678873147750263,-0.21016652407503583,DOWN,UP
2025-09-23,Infosys,-0.1936577238105141,0.02886125142218893,-0.22251897523270303,DOWN,UP
2025-09-24,Infosys,-0.6556889413818268,0.02308487964649724,-0.678773821028324,DOWN,UP
2025-09-25,Infosys,-2.4178356164789028,0.041092263440311486,-2.4589278799192145,DOWN,UP
2025-09-26,Infosys,-0.4900252237078129,0.005937092076686581,-0.49596231578449945,DOWN,UP
2025-09-29,Infosys,0.0,0.011052843385862987,-0.011052843385862987,UP,UP
2025-09-30,Infosys,0.2774309796459651,0.023127656865297004,0.2543033227806681,UP,UP
2025-10-01,Infosys,0.0553276200578878,0.02233139827201301,0.03299622178587479,UP,UP
2025-10-03,Infosys,2.032353443263002,0.01925567708201805,2.0130977661809837,UP,UP
2025-10-06,Infosys,-1.185636856368566,0.07966482005790759,-1.2653016764264735,DOWN,UP
2025-10-07,Infosys,2.5025711347274493,0.020819074701927703,2.4817520600255216,UP,UP
2025-10-08,Infosys,0.9565250052257612,0.09266629993635694,0.8638587052894042,UP,UP
2025-10-09,Infosys,0.371031299593838,0.054630120838267036,0.316401178755571,UP,UP
2025-10-10,Infosys,-1.4324425963740173,0.06062341472253486,-1.4930660110965521,DOWN,UP
2025-10-13,Infosys,-0.2209969773453779,0.023221565042941466,-0.24421854238831936,DOWN,UP
2025-10-14,Infosys,-1.0403382606893885,0.023272571309220984,-1.0636108319986095,DOWN,UP
2025-10-15,Infosys,-0.1966918316631871,0.016422147761104237,-0.21311397942429133,DOWN,UP
2025-10-16,Infosys,-2.0659207892669063,0.02215064202384115,-2.0880714312907473,DOWN,UP
2025-10-17,Infosys,1.3739538660441974,0.017578554579982728,1.3563753114642148,UP,UP
2025-10-20,Infosys,0.7871859680892657,0.05008869792621242,0.7370972701630533,UP,UP
2025-10-21,Infosys,3.810104228180955,0.017714739092114802,3.79238948908884,UP,UP
2025-10-23,Infosys,-0.2028116183145245,0.24514506631688804,-0.4479566846314125,DOWN,UP
2025-10-24,Infosys,-1.370134002855461,0.07946689754258189,-1.4496009003980428,DOWN,UP
2025-10-27,Infosys,-0.2858124844217324,0.05204464306189461,-0.337857127483627,DOWN,UP
2025-10-28,Infosys,0.6799142497118327,0.0290180309175289,0.6508962187943038,UP,UP
2025-10-29,Infosys,-1.0990449760074128,0.04240121835116262,-1.1414461943585754,DOWN,UP
2025-10-30,Infosys,-0.7698486828288442,0.01477329351540343,-0.7846219763442477,DOWN,UP
2025-10-31,Infosys,0.2158774247093209,0.013929708297228581,0.2019477164120923,UP,UP
2025-11-03,Infosys,-1.1847846237588389,0.02020530299673042,-1.2049899267555693,DOWN,UP
2025-11-04,Infosys,-0.0817544262025959,0.021492061294365258,-0.10324648749696116,DOWN,UP
2025-11-06,Infosys,0.6886273943201626,0.02276350705952292,0.6658638872606397,UP,UP
2025-11-07,Infosys,2.485099536731284,0.024948142495994276,2.4601513942352895,UP,UP
2025-11-10,Infosys,1.1100131369755628,0.09734547525857049,1.0126676617169923,UP,UP
2025-11-11,Infosys,1.398412184599862,0.08830314318843963,1.3101090414114225,UP,UP
2025-11-12,Infosys,-0.6380036511745346,0.09804278411943611,-0.7360464352939707,DOWN,UP
2025-11-13,Infosys,-2.529510881105668,0.052674453934565796,-2.5821853350402337,DOWN,UP
2025-11-14,Infosys,0.3193988955187743,-0.005610882030716885,0.32500977754949123,UP,DOWN
2025-11-17,Infosys,-1.40620532735386,0.022994657476378143,-1.4291999848302381,DOWN,UP
2025-11-18,Infosys,3.6800289473513543,0.0027913036140229976,3.6772376437373313,UP,UP
2025-11-19,Infosys,-0.2984865134520897,0.09264192730920709,-0.3911284407612968,DOWN,UP
2025-11-20,Infosys,0.5532053368044298,0.04829630622435272,0.5049090305800771,UP,UP
2025-11-21,Infosys,0.1941747572815622,0.056153183715832,0.1380215735657302,UP,UP
2025-11-24,Infosys,-1.1240325848877577,0.07135447656209506,-1.1953870614498527,DOWN,UP
2025-11-25,Infosys,1.783617487493694,0.0298449019462667,1.7537725855474273,UP,UP
2025-11-26,Infosys,0.5456062562934294,0.03776407861434829,0.5078421776790811,UP,UP
2025-11-27,Infosys,-0.4021992294389598,0.02811844006458065,-0.43031766950354045,DOWN,UP
2025-11-28,Infosys,0.2499855442019249,0.038856159606045514,0.21112938459587938,UP,UP
2025-12-01,Infosys,-0.1918158567774885,0.02281060096215558,-0.2146264577396441,DOWN,UP
2025-12-02,Infosys,1.1338854049887992,0.02075866773175185,1.1131267372570472,UP,UP
2025-12-03,Infosys,1.197189142878785,0.061128647978358486,1.1360604949004265,UP,UP
2025-12-04,Infosys,1.1642448591748122,0.04931130016284267,1.1149335590119696,UP,UP
2025-12-05,Infosys,-0.3341110324768026,0.06426692426093925,-0.3983779567377419,DOWN,UP
2025-12-08,Infosys,-0.7325582611392156,0.028922693830126325,-0.761480954969342,DOWN,UP
2025-12-09,Infosys,-0.8880519807301424,0.02056925760145472,-0.908621238331597,DOWN,UP
2025-12-10,Infosys,0.8329095636787631,0.022150655478329135,0.810758908200434,UP,UP
2025-12-11,Infosys,0.0125125889784083,0.021973467086478862,-0.009460878108070562,UP,UP
2025-12-12,Infosys,0.5381114953697752,0.021086115310279673,0.5170253800594955,UP,UP
2025-12-15,Infosys,-0.8650749310220696,0.026691600081000123,-0.8917665311030697,DOWN,UP
2025-12-16,Infosys,0.5712835360954127,0.017824926405317194,0.5534586096900955,UP,UP
2025-12-17,Infosys,1.5480679667993158,0.026486803543025215,1.5215811632562906,UP,UP
2025-12-18,Infosys,0.7314913933228695,0.04487464104900449,0.686616752273865,UP,UP
2025-12-19,Infosys,3.1061222878332684,0.08632726494299654,3.0197950228902717,UP,UP
2025-12-22,Infosys,-1.260649092423538,0.06385301789598512,-1.3245021103195231,DOWN,UP
2025-12-23,Infosys,-0.2937136168942977,0.042979175390747214,-0.3366927922850449,DOWN,UP
2025-12-24,Infosys,-0.4388630949248906,0.03962970717976722,-0.47849280210465783,DOWN,UP
2025-12-26,Infosys,-0.6883657135511423,0.030732405029315128,-0.7190981185804575,DOWN,UP
2025-12-29,Infosys,-1.404510018345806,0.02624020707719754,-1.4307502254230036,DOWN,UP
2025-12-30,Infosys,-0.3823354258274958,0.08390867686777687,-0.46624410269527267,DOWN,UP
2025-12-31,Infosys,0.8914215795734926,0.028126791623923494,0.863294787949569,UP,UP
2026-01-01,Infosys,0.6503850330326744,0.02987517910127394,0.6205098539314005,UP,UP
2026-01-02,Infosys,-2.072665172761412,0.0383256264303444,-2.1109907991917565,DOWN,UP
2026-01-05,Infosys,0.3610512120060472,0.0122666357942974,0.3487845762117498,UP,UP
2026-01-06,Infosys,1.6623278526118668,0.022136108360213277,1.6401917442516536,UP,UP
2026-01-07,Infosys,-1.5680263070088518,0.0395268283353935,-1.6075531353442454,DOWN,UP
2026-01-08,Infosys,0.0495832600013512,0.020858879816025085,0.028724380185326116,UP,UP
2026-01-09,Infosys,-1.127560339951572,0.03319693946274277,-1.1607572794143146,DOWN,UP
2026-01-12,Infosys,0.1942462271141032,0.016311246717064493,0.1779349803970387,UP,UP
2026-01-13,Infosys,0.0500343232098243,0.02447753623305085,0.025556786976773452,UP,UP
2026-01-14,Infosys,0.0,0.01994722839099056,-0.01994722839099056,UP,UP
2026-01-15,Infosys,5.625703041197316,1.1275387237615249,4.4981643174357915,UP,UP
2026-01-19,Infosys,-1.3264291818631313,0.08647206089292526,-1.4129012427560566,DOWN,UP
2026-01-20,Infosys,-0.2712640866702864,0.08178010478980555,-0.3530441914600919,DOWN,UP
2026-01-21,Infosys,0.5500468720774032,0.050986910468955954,0.49905996160844723,UP,UP
2026-01-22,Infosys,0.4388367194544607,0.06525923064249421,0.37357748881196645,UP,UP
2026-01-23,Infosys,0.71222779482778,0.0303532092229674,0.6818745856048126,UP,UP
2026-01-27,Infosys,-0.9627355822167228,0.05771216936625879,-1.0204477515829817,DOWN,UP
2026-01-28,Infosys,-0.420042004200416,0.030585597819253466,-0.45062760201966945,DOWN,UP
2026-01-29,Infosys,-1.114793612533893,0.03350171792639469,-1.1482953304602879,DOWN,UP
2026-01-30,Infosys,-0.7068845573392712,0.03306680631694505,-0.7399513636562163,DOWN,UP
2026-02-02,Infosys,1.6325012389454718,0.015306520179602235,1.6171947187658695,UP,UP
2026-02-03,Infosys,-7.2584511577219235,-0.0811727170416647,-7.177278440680259,DOWN,DOWN
2026-02-04,Infosys,-1.0157635864221692,0.2656785955319732,-1.2814421819541424,DOWN,UP
2026-02-05,Infosys,-0.8617271416065497,-0.03336315986396522,-0.8283639817425845,DOWN,DOWN
2026-02-06,Infosys,-0.6568923478492916,-0.017986354495494142,-0.6389059933537975,DOWN,DOWN
2026-02-09,Infosys,0.0400813302044555,-0.03096455696036432,0.07104588716481983,UP,DOWN
2026-02-10,Infosys,-1.7292044044414756,0.06879456323073267,-1.7979989676722083,DOWN,UP
2026-02-11,Infosys,-5.835995854966969,0.0558634223410794,-5.891859277308048,DOWN,UP
2026-02-12,Infosys,-1.2193379808125848,0.35107554097140614,-1.570413521783991,DOWN,UP
2026-02-13,Infosys,-0.2556423973714583,0.7783407389551517,-1.0339831363266099,DOWN,UP
2026-02-16,Infosys,1.874632106298435,0.6556653077342528,1.2189667985641823,UP,UP
2026-02-17,Infosys,-1.2579068871630517,0.7243405990542087,-1.9822474862172603,DOWN,UP
2026-02-18,Infosys,-0.2329439677962508,0.33018679583576616,-0.563130763632017,DOWN,UP
2026-02-19,Infosys,-1.2623165872400532,0.1646718174350192,-1.4269884046750725,DOWN,UP
2026-02-20,Infosys,-1.8991983519966005,0.15016219733105837,-2.049360549327659,DOWN,UP
2026-02-23,Infosys,-3.917137476459509,0.28065760901109854,-4.197795085470608,DOWN,UP
2026-02-24,Infosys,1.1446472431154486,0.5370022120781265,0.6076450310373221,UP,UP
2026-02-25,Infosys,-0.0775133725233856,0.8419838026868801,-0.9194971752102657,DOWN,UP
2026-02-26,Infosys,0.8533085259737172,0.3355531587129366,0.5177553672607806,UP,UP
2026-02-27,Infosys,-0.8614684549030471,0.4767683017967522,-1.3382367566997995,DOWN,UP
2026-03-02,Infosys,1.435332426842817,0.3536091620490418,1.0817232647937751,UP,UP
2026-03-04,Infosys,-0.1223784271118244,0.30746508260204286,-0.42984350971386726,DOWN,UP
2026-03-05,Infosys,0.1991097785813966,0.23182174877390485,-0.03271197019250824,UP,UP
2026-03-06,Infosys,0.5044310197787727,0.08458541408758653,0.4198456056911862,UP,UP
2026-03-09,Infosys,-1.475287027685357,0.04140284512024197,-1.5166898728055989,DOWN,UP
2026-03-10,Infosys,-1.4896516765588896,0.14791726762574453,-1.6375689441846342,DOWN,UP
2026-03-11,Infosys,-0.822690558512551,0.14435592881745546,-0.9670464873300064,DOWN,UP
2026-03-12,Infosys,-1.3825248321171602,0.23476434131804752,-1.6172891734352077,DOWN,UP
2026-03-13,Infosys,0.1201634175539867,0.3432280420551646,-0.22306462450117792,UP,UP
2026-03-16,Infosys,-1.352218255224813,0.2966581305763106,-1.6488763858011235,DOWN,UP
2026-03-17,Infosys,2.773943587853256,0.2680154129038438,2.5059281749494122,UP,UP
2026-03-18,Infosys,-3.654007390885028,0.21982255486948651,-3.8738299457545144,DOWN,UP
2026-03-19,Infosys,2.875161712160046,0.212999413812303,2.662162298347743,UP,UP
2026-03-20,Infosys,0.0716636990657271,0.05829287058480717,0.01337082848091993,UP,UP
2026-03-23,Infosys,1.7106937591263804,0.05083210319349713,1.6598616559328834,UP,UP
2026-03-24,Infosys,0.0625773861579581,0.1300140336822405,-0.06743664752428238,UP,UP
2026-03-25,Infosys,-0.7348936434586784,0.06632378519655015,-0.8012174286552285,DOWN,UP
2026-03-27,Infosys,-1.5042904875525176,0.029694930874020375,-1.533985418426538,DOWN,UP
2026-03-30,Infosys,2.007034709414368,0.016757043922986242,1.9902776654913819,UP,UP
2026-04-01,Infosys,1.9675549593925143,0.0690700196482064,1.898484939744308,UP,UP
2026-04-02,Infosys,0.4151216283098113,0.07737522132877421,0.3377464069810371,UP,UP
2026-04-06,Infosys,2.541729787418956,0.06817376083085389,2.4735560265881023,UP,UP
2026-04-07,Infosys,0.5076845329151869,0.12236372218902462,0.38532081072616226,UP,UP
2026-04-08,Infosys,-1.0845324703234516,0.06725577466504745,-1.151788244988499,DOWN,UP
2026-04-09,Infosys,-2.936315432773462,0.04113198122392805,-2.97744741399739,DOWN,UP
2026-04-10,Infosys,-1.2146964156189544,-0.04078210178584736,-1.173914313833107,DOWN,DOWN
2026-04-13,Infosys,2.232142771779966,0.013796770842123883,2.2183460009378417,UP,UP
2026-04-15,Infosys,1.06488177612718,0.06383410436380633,1.0010476717633736,UP,UP
2026-04-16,Infosys,-0.0379017600444786,0.06162314575187164,-0.09952490579635023,DOWN,UP
2026-04-17,Infosys,-0.4625749459167494,0.06960038388631254,-0.5321753298030619,DOWN,UP
2026-04-20,Infosys,0.0457089438592905,0.03895032330701928,0.006758620552271222,UP,UP
2026-04-21,Infosys,-3.3962821538439214,0.02947893592216971,-3.425761089766091,DOWN,UP
2026-04-22,Infosys,-2.207157538929283,-0.0041098715242158185,-2.2030476674050674,DOWN,DOWN
2026-04-23,Infosys,-6.932129751121597,0.007779217224149413,-6.939908968345746,DOWN,UP
2026-04-24,Infosys,1.3597846504560973,-0.179336834099774,1.5391214845558714,UP,DOWN
2026-04-27,Infosys,-1.5551629909280162,-0.21888961115285072,-1.3362733797751656,DOWN,DOWN
2026-04-28,Infosys,1.3366916708968946,-0.7699499674632746,2.106641638360169,UP,DOWN
2026-04-29,Infosys,1.224843582708779,0.06682870182139708,1.1580148808873818,UP,UP
2026-04-30,Infosys,0.0,0.019493696340640517,-0.019493696340640517,UP,UP
2026-05-01,Infosys,-1.133865616890939,1.1406846311365344,-2.2745502480274733,DOWN,UP
2026-05-05,Infosys,-0.9252206637761162,0.10345687755791005,-1.0286775413340263,DOWN,UP
2026-05-06,Infosys,-0.3855380558816845,0.1420097202796843,-0.5275477761613688,DOWN,UP
2026-05-07,Infosys,1.4191107502300904,0.14968851335844652,1.269422236871644,UP,UP
2026-05-08,Infosys,-0.1865630311202681,0.04740930171401205,-0.23397233283428015,DOWN,UP
2026-05-11,Infosys,-3.1180927078908294,0.03042571905471082,-3.1485184269455404,DOWN,UP
2026-05-12,Infosys,-1.508381347511456,-0.07917350748661692,-1.4292078400248391,DOWN,DOWN
2026-05-13,Infosys,-2.5020012640706635,0.06878121890627001,-2.5707824829769335,DOWN,UP
2026-05-14,Infosys,2.191780821917799,0.13637762876465506,2.0554031931531442,UP,UP
2026-05-15,Infosys,2.10008936550492,0.09845047632870099,2.001638889176219,UP,UP
2026-05-18,Infosys,4.761490101887311,0.07384287035958183,4.6876472315277296,UP,UP
2026-05-19,Infosys,-0.2673634536647373,0.23337849690632942,-0.5007419505710667,DOWN,UP
2026-05-20,Infosys,-1.0471643219662097,0.12068499503232741,-1.1678493169985371,DOWN,UP
2026-05-21,Infosys,-0.5672156661730265,0.12457217281335042,-0.691787838986377,DOWN,UP
2026-05-22,Infosys,-0.5108556832694733,0.07289319893219333,-0.5837488822016667,DOWN,UP
2026-05-25,Infosys,-0.0684680212344912,0.07395664289190262,-0.14242466412639382,DOWN,UP
2026-05-26,Infosys,-0.6679735449149127,0.03455878516837828,-0.702532330083291,DOWN,UP
2026-05-27,Infosys,0.0,0.029492554652197415,-0.029492554652197415,UP,UP
2026-05-28,Infosys,0.0862143270067727,1.6206861200536153,-1.5344717930468426,UP,UP
2026-06-01,Infosys,5.679837740384608,0.2046720353197938,5.475165705064814,UP,UP
2026-06-02,Infosys,-3.7928919885260814,-0.9779871315731806,-2.814904856952901,DOWN,DOWN
2026-06-03,Infosys,-1.7421828221127145,0.1533685501799815,-1.895551372292696,DOWN,UP
2026-06-04,Infosys,-0.3163280341020535,0.09252560879729817,-0.40885364289935167,DOWN,UP
2026-06-05,Infosys,-0.8267243769571997,0.04102949058028412,-0.8677538675374838,DOWN,UP
2026-06-08,Infosys,-0.6146789245436657,0.06522217798768437,-0.67990110253135,DOWN,UP
2026-06-09,Infosys,-2.965347670259788,-0.047315521055930725,-2.9180321492038575,DOWN,DOWN
2026-06-10,Infosys,-2.680526668413219,-0.12534526209025246,-2.5551814063229665,DOWN,DOWN
2026-06-11,Infosys,0.1614972965685579,-0.007365151613212179,0.1688624481817701,UP,DOWN
2026-06-12,Infosys,1.6571121099455022,0.03786099991573045,1.6192511100297717,UP,UP
2026-06-15,Infosys,0.7665830456182077,0.05114128103372892,0.7154417645844787,UP,UP
2026-06-16,Infosys,1.2329464748994212,0.02766693502045734,1.205279539878964,UP,UP
2026-06-17,Infosys,-2.608616433066724,0.10107742079002158,-2.7096938538567454,DOWN,UP
2026-06-18,Infosys,-6.749443510947895,0.5271650792123839,-7.276608590160279,DOWN,UP
2026-06-19,Infosys,1.3315578918501547,0.37544504300173753,0.9561128488484172,UP,UP
2026-06-22,Infosys,-3.388396354298129,0.031836687406476154,-3.4202330417046047,DOWN,UP
2026-06-23,Infosys,2.6522807211457837,0.31948650972385323,2.3327942114219304,UP,UP
2026-06-24,Infosys,-1.4575075496781498,0.11341666413958935,-1.570924213817739,DOWN,UP
2026-06-25,Infosys,0.0,0.054319564276223836,-0.054319564276223836,UP,UP
2026-06-26,Infosys,-0.4321936430111472,1.210296520245773,-1.6424901632569202,DOWN,UP
2026-06-30,Infosys,-1.509399865312655,0.44964805745396375,-1.9590479227666187,DOWN,UP
2026-07-01,Infosys,5.642955172021824,0.2857133379544829,5.357241834067342,UP,UP
2026-07-02,Infosys,0.6052384100345032,-1.1459438481873432,1.7511822582218464,UP,DOWN
2026-07-03,Infosys,-0.4774637350206778,0.13350328381201923,-0.610967018832697,DOWN,UP
2026-07-06,Infosys,2.840155348593809,0.09550189638980518,2.744653452204004,UP,UP
2026-07-07,Infosys,-0.2332524618498976,0.1613953954112462,-0.3946478572611438,DOWN,UP
2026-07-08,Infosys,-1.7301037272255515,0.10442543609532644,-1.834529163320878,DOWN,UP
2026-07-09,Infosys,1.636843392903975,0.06595925465963122,1.5708841382443437,UP,UP
2026-07-10,Infosys,3.2396980885709192,0.07863541093318262,3.1610626776377364,UP,UP
2026-07-13,Infosys,-0.879734390227993,0.13355506622278934,-1.0132894564507824,DOWN,UP
2026-07-14,Infosys,-1.518892416059492,0.09819592831786826,-1.6170883443773603,DOWN,UP
2026-07-15,Infosys,0.5667541864909476,0.05653985159755542,0.5102143348933922,UP,UP
2026-07-16,Infosys,1.3026584689491472,0.025178791213895123,1.277479677735252,UP,UP
2026-07-17,Infosys,-0.8572753683595558,0.07034848165695508,-0.9276238500165108,DOWN,UP
2026-07-20,Infosys,-1.2510326456963816,0.02583576757815248,-1.276868413274534,DOWN,UP
2026-07-21,Infosys,-1.993481547653708,0.020349253514284665,-2.013830801167993,DOWN,UP
2026-07-22,Infosys,-0.4467209657768034,-0.04751148931335596,-0.39920947646344745,DOWN,DOWN
2026-07-23,Infosys,-0.6205842895255054,0.01052257530039614,-0.6311068648259015,DOWN,UP
2026-07-24,Infosys,3.679500995244189,0.15271504517049664,3.526785950073692,UP,UP
2026-07-27,Infosys,2.45552272043974,0.1520877692321406,2.3034349512075996,UP,UP
2026-07-28,Infosys,4.51298061116634,0.2539152118588355,4.259065399307505,UP,UP
2026-07-29,Infosys,-0.0432675675461569,-0.3455812484151351,0.3023136808689782,DOWN,DOWN
2026-07-30,Infosys,-2.16431482368602,0.12311481078595328,-2.287429634471973,DOWN,UP
2026-07-31,Infosys,4.415540703661214,0.18263088863749752,4.232909815023716,UP,UP
2026-08-03,Infosys,-1.0593220338983025,-0.6601668006717044,-0.39915523322659807,DOWN,DOWN
2026-08-04,Infosys,0.5567451820128522,0.05710483949970932,0.4996403425131428,UP,UP
2026-08-05,Infosys,-0.7666098807495692,0.09204771917257912,-0.8586575999221483,DOWN,UP
2026-08-06,Infosys,0.8669506940718774,0.04776372248478383,0.8191869715870936,UP,UP
2026-08-07,Infosys,0.6722853015228125,0.06103695619491893,0.6112483453278936,UP,UP
2026-08-10,Infosys,0.6508834464814095,0.045964011304083896,0.6049194351773256,UP,UP
2026-08-11,Infosys,-1.2261674800245317,0.038362819151707916,-1.2645302991762395,DOWN,UP
2026-08-12,Infosys,-0.0935273878727382,0.03306568817368744,-0.12659307604642564,DOWN,UP
2026-08-13,Infosys,-0.4936211768617027,0.03173758198446688,-0.5253587588461696,DOWN,UP
2026-08-14,Infosys,-2.5059808400133443,0.023649091914709413,-2.5296299319280537,DOWN,UP
2026-08-17,Infosys,-2.184404235525983,-0.0431377320107157,-2.141266503515267,DOWN,DOWN
2026-08-18,Infosys,0.4304976527466309,-0.043186772499504776,0.47368442524613563,UP,DOWN
2026-08-19,Infosys,0.910872542160468,0.015968058490114307,0.8949044836703537,UP,UP
2026-08-20,Infosys,-0.7964601769911539,0.024917429743859354,-0.8213776067350133,DOWN,UP
2026-08-21,Infosys,0.802854594112401,0.03434891562728312,0.7685056784851179,UP,UP
2026-08-24,Infosys,1.2389380530973382,0.036413115156623405,1.2025249379407148,UP,UP
2026-08-25,Infosys,-2.097902097902093,0.060537348649021265,-2.1584394465511143,DOWN,UP
2026-08-26,Infosys,-0.8214242117745574,0.026542972869385534,-0.8479671846439429,DOWN,UP
2026-08-27,Infosys,2.988832347180792,0.027401167008459584,2.9614311801723323,UP,UP
2026-08-28,Infosys,-0.8916041234156458,0.09747650982861678,-0.9890806332442625,DOWN,UP
2026-08-31,Infosys,1.9580128960851928,0.03852370624073106,1.9194891898444617,UP,UP
2026-09-01,Infosys,-1.384083044982698,0.14394481841474044,-1.5280278633974385,DOWN,UP
2026-09-02,Infosys,-0.8508729098135936,0.03215730200410382,-0.8830302118176975,DOWN,UP
2025-09-17,M&M,0.247715515825031,-0.031782336149431295,0.2794978519744623,UP,DOWN
2025-09-18,M&M,-1.3755382512567804,-0.02963697609811728,-1.3459012751586632,DOWN,DOWN
2025-09-19,M&M,-0.2032250947819669,0.02594042235168397,-0.22916551713365088,DOWN,UP
2025-09-22,M&M,0.8312890097696535,0.040306022361741314,0.7909829874079122,UP,UP
2025-09-23,M&M,-1.0983288397032331,-0.000878685213174181,-1.097450154490059,DOWN,DOWN
2025-09-24,M&M,-1.255976490819033,0.03926502704088588,-1.2952415178599188,DOWN,UP
2025-09-25,M&M,-3.781869688385264,0.04265526916367403,-3.8245249575489377,DOWN,UP
2025-09-26,M&M,0.6359516459958803,-0.015346288227229029,0.6512979342231093,UP,DOWN
2025-09-29,M&M,0.2603757084192137,0.0676590330848082,0.1927166753344055,UP,UP
2025-09-30,M&M,1.0621506374015155,0.07769008593110469,0.9844605514704108,UP,UP
2025-10-01,M&M,-0.040419887486931,0.11512316003108611,-0.15554304751801712,DOWN,UP
2025-10-03,M&M,0.2888503755054783,0.07959078877847293,0.2092595867270054,UP,UP
2025-10-06,M&M,0.5990797473538256,0.08099708179884554,0.5180826655549801,UP,UP
2025-10-07,M&M,-1.8981919348738383,0.05586131670782855,-1.9540532515816669,DOWN,UP
2025-10-08,M&M,0.4786196510652374,0.01609833987245703,0.4625213111927804,UP,UP
2025-10-09,M&M,0.348543389014333,0.05611949616984074,0.2924238928444923,UP,UP
2025-10-10,M&M,0.1389345267244657,0.06098805359593823,0.07794647312852748,UP,UP
2025-10-13,M&M,0.0028932467457609,0.05034647362625772,-0.04745322688049682,UP,UP
2025-10-14,M&M,1.0809845024546405,0.04586596678204266,1.0351185356725978,UP,UP
2025-10-15,M&M,1.8186005531350304,0.05197780728753907,1.7666227458474915,UP,UP
2025-10-16,M&M,2.4264182531727574,0.13101400937454993,2.2954042437982074,UP,UP
2025-10-17,M&M,-1.318815917952898,0.1405492181269001,-1.4593651360797981,DOWN,UP
2025-10-20,M&M,0.614038312799825,0.10740014386120256,0.5066381689386225,UP,UP
2025-10-21,M&M,0.0662804185556753,0.09994978886448762,-0.03366937030881231,UP,UP
2025-10-23,M&M,0.0386329149470787,0.21852444434472082,-0.17989152939764214,UP,UP
2025-10-24,M&M,-0.3696524784482791,0.04412002098804262,-0.4137724994363217,DOWN,UP
2025-10-27,M&M,-0.8998781460076599,0.02873461876584802,-0.928612764773508,DOWN,UP
2025-10-28,M&M,-1.2405393890338567,0.04575212897542101,-1.2862915180092778,DOWN,UP
2025-10-29,M&M,-0.9222806452020672,0.03396062228695081,-0.956241267489018,DOWN,UP
2025-10-30,M&M,-0.4254631812022347,0.04285984058208454,-0.4683230217843192,DOWN,UP
2025-10-31,M&M,1.7693264520475926,0.042780143521585864,1.7265463085260069,UP,UP
2025-11-03,M&M,0.9101425714146848,0.07294636457246774,0.8371962068422171,UP,UP
2025-11-04,M&M,1.0415516959872528,0.16501740360216327,0.8765342923850896,UP,UP
2025-11-06,M&M,1.981482690945824,0.12471091443508583,1.8567717765107383,UP,UP
2025-11-07,M&M,-0.7126998313403909,0.16665875143554287,-0.8793585827759338,DOWN,UP
2025-11-10,M&M,2.32539636953506,0.1346258625085938,2.1907705070264663,UP,UP
2025-11-11,M&M,0.138698648647062,0.12916450783337383,0.009534140813688169,UP,UP
2025-11-12,M&M,-1.4596608719441684,0.06884583215593226,-1.5285067041001006,DOWN,UP
2025-11-13,M&M,-0.0243249721246119,0.047511598623153385,-0.07183657074776528,DOWN,UP
2025-11-14,M&M,0.9814471348362996,0.02510460142205277,0.9563425334142469,UP,UP
2025-11-17,M&M,-1.073652696567884,0.034432279368978407,-1.1080849759368625,DOWN,UP
2025-11-18,M&M,0.7497009528475207,0.03423887607885141,0.7154620767686692,UP,UP
2025-11-19,M&M,-0.155810579667559,0.057826935096886585,-0.2136375147644456,DOWN,UP
2025-11-20,M&M,0.8851978076412026,0.017433539642854986,0.8677642679983476,UP,UP
2025-11-21,M&M,-1.568168532555747,0.06219085689755971,-1.6303593894533068,DOWN,UP
2025-11-24,M&M,-0.5825295251859153,0.06275546104817972,-0.645284986234095,DOWN,UP
2025-11-25,M&M,0.466024944487331,0.034118757320771936,0.43190618716655904,UP,UP
2025-11-26,M&M,-0.1410577069668739,0.04250139201375181,-0.1835590989806257,DOWN,UP
2025-11-27,M&M,2.067263356124527,0.027458203771179454,2.0398051523533476,UP,UP
2025-11-28,M&M,-0.4178519406979886,0.13889398625420904,-0.5567459269521976,DOWN,UP
2025-12-01,M&M,-0.6708385984908638,0.07490570116566486,-0.7457442996565287,DOWN,UP
2025-12-02,M&M,-1.8054647559868189,0.047137413516588775,-1.8526021695034076,DOWN,UP
2025-12-03,M&M,0.6083245439405749,0.041961923202099696,0.5663626207384752,UP,UP
2025-12-04,M&M,1.239241714506023,0.04594321596649193,1.1932984985395312,UP,UP
2025-12-05,M&M,-0.952359246572243,0.07340962327915217,-1.0257688698513951,DOWN,UP
2025-12-08,M&M,-1.2439918905816083,0.0517830418630424,-1.2957749324446508,DOWN,UP
2025-12-09,M&M,-0.1622680079819249,0.2604527883395901,-0.42272079632151505,DOWN,UP
2025-12-10,M&M,0.9696956245695664,0.0481854295300747,0.9215101950394917,UP,UP
2025-12-11,M&M,0.3928884283590284,0.05331088028060218,0.3395775480784262,UP,UP
2025-12-12,M&M,-1.9458662831826845,0.04767925943260974,-1.9935455426152942,DOWN,UP
2025-12-15,M&M,0.3603104212860364,-0.0013352659256815969,0.361645687211718,UP,DOWN
2025-12-16,M&M,-0.2264554314243327,0.0425917503835904,-0.2690471818079231,DOWN,UP
2025-12-17,M&M,-0.7251979300756828,0.0401125574946562,-0.7653104875703389,DOWN,UP
2025-12-18,M&M,0.4739864924196313,0.08188057334925257,0.39210591907037873,UP,UP
2025-12-19,M&M,0.3635212887286076,0.056206247459404286,0.30731504126920334,UP,UP
2025-12-22,M&M,0.2322599772661027,0.04630787312427869,0.185952104141824,UP,UP
2025-12-23,M&M,0.3199871232004048,0.050510102366296106,0.2694770208341087,UP,UP
2025-12-24,M&M,-0.3739613852730028,0.06754959854865239,-0.4415109838216552,DOWN,UP
2025-12-26,M&M,-0.8556208540871801,0.0514547376216881,-0.9070755917088682,DOWN,UP
2025-12-29,M&M,1.8986094295193376,0.04224878331158213,1.8563606462077555,UP,UP
2025-12-30,M&M,1.3359533833682713,0.1114333048774369,1.2245200784908343,UP,UP
2025-12-31,M&M,1.3965288879010052,0.15328275101543418,1.243246136885571,UP,UP
2026-01-01,M&M,1.1007684749734017,0.14349303544996295,0.9572754395234387,UP,UP
2026-01-02,M&M,-0.3182162272875821,0.12619704241528246,-0.44441326970286454,DOWN,UP
2026-01-05,M&M,-0.1239994488913431,0.0825519853816662,-0.20655143427300932,DOWN,UP
2026-01-06,M&M,-0.9721060830199302,0.03116304972549539,-1.0032691327454255,DOWN,UP
2026-01-07,M&M,-0.6615463216257056,0.03075760570670873,-0.6923039273324143,DOWN,UP
2026-01-08,M&M,-1.254026615786119,0.03645106596660567,-1.2904776817527248,DOWN,UP
2026-01-09,M&M,0.1278098362784696,0.033665809183072305,0.09414402709539729,UP,UP
2026-01-12,M&M,-0.5567626290059802,0.025245432560939002,-0.5820080615669192,DOWN,UP
2026-01-13,M&M,-0.3277345350266247,0.039748875543923416,-0.3674834105705481,DOWN,UP
2026-01-14,M&M,0.0,0.045878932595132184,-0.045878932595132184,UP,UP
2026-01-15,M&M,0.2383874824462228,1.0843056371544486,-0.8459181547082258,UP,UP
2026-01-19,M&M,-2.7314459728544294,0.05967212486868835,-2.7911180977231176,DOWN,UP
2026-01-20,M&M,-0.1180590631588152,0.030349044251313118,-0.14840810741012833,DOWN,UP
2026-01-21,M&M,0.5741114474832498,0.07330172554508083,0.500809721938169,UP,UP
2026-01-22,M&M,-0.8478621384593099,0.08111884050967154,-0.9289809789689815,DOWN,UP
2026-01-23,M&M,-4.230397541203301,0.0675669546755824,-4.297964495878883,DOWN,UP
2026-01-27,M&M,1.6413717746242895,0.4031272814156501,1.2382444932086394,UP,UP
2026-01-28,M&M,-1.8786979515672653,0.07740817720458665,-1.956106128771852,DOWN,UP
2026-01-29,M&M,1.4005480395963057,-0.010546863852828478,1.4110949034491342,UP,DOWN
2026-01-30,M&M,0.9149688763036234,-0.03230439505758844,0.9472732713612119,UP,DOWN
2026-02-02,M&M,1.8682129846410376,-0.014334512042583833,1.8825474966836213,UP,DOWN
2026-02-03,M&M,1.3067291854177432,0.17555428887521474,1.1311748965425283,UP,UP
2026-02-04,M&M,-0.055959709009512,0.1691547909294853,-0.2251144999389973,DOWN,UP
2026-02-05,M&M,0.1679731243001025,0.13969915679522363,0.028273967504878872,UP,UP
2026-02-06,M&M,0.8831776874301367,0.05157494482992495,0.8316027426002117,UP,UP
2026-02-09,M&M,1.8339968246027905,0.05840963025329008,1.7755871943495003,UP,UP
2026-02-10,M&M,-0.0244884507431764,0.1276555354607389,-0.1521439862039153,DOWN,UP
2026-02-11,M&M,-2.225905653520799,0.14233451371044722,-2.368240167231246,DOWN,UP
2026-02-12,M&M,-1.6615232999337204,0.019952828142657683,-1.6814761280763781,DOWN,UP
2026-02-13,M&M,-0.6707406981065089,0.06286315989373227,-0.7336038580002412,DOWN,UP
2026-02-16,M&M,-0.5840955148646021,0.030633657083452507,-0.6147291719480547,DOWN,UP
2026-02-17,M&M,1.183653829132214,0.04153609266157201,1.142117736470642,UP,UP
2026-02-18,M&M,-2.795636628575981,0.06239544435163648,-2.8580320729276174,DOWN,UP
2026-02-19,M&M,-0.5536453094488469,0.0006898272768334418,-0.5543351367256804,DOWN,UP
2026-02-20,M&M,1.0050412663321184,0.04190633982907194,0.9631349265030464,UP,UP
2026-02-23,M&M,-0.403241742060989,0.03478215292715314,-0.43802389498814215,DOWN,UP
2026-02-24,M&M,1.692301598583512,0.035002820297411835,1.6572987782861002,UP,UP
2026-02-25,M&M,-0.1919041926552234,0.1243480172894682,-0.3162522099446916,DOWN,UP
2026-02-26,M&M,-2.502444839255757,0.04771683496452663,-2.5501616742202837,DOWN,UP
2026-02-27,M&M,-1.857298384923556,0.04034404678265009,-1.8976424317062062,DOWN,UP
2026-03-02,M&M,-2.0993911458149106,0.04937660792295579,-2.148767753737866,DOWN,UP
2026-03-04,M&M,2.564101029925947,0.08809849273524338,2.4760025371907037,UP,UP
2026-03-05,M&M,-0.462962962962965,0.10797971429015758,-0.5709426772531226,DOWN,UP
2026-03-06,M&M,-4.348084091335336,0.05012712073742339,-4.398211212072759,DOWN,UP
2026-03-09,M&M,3.328518329311048,0.025829448341179242,3.302688880969869,UP,UP
2026-03-10,M&M,-3.810304577238377,0.10049490027293784,-3.910799477511315,DOWN,UP
2026-03-11,M&M,-4.324222022329294,-0.08808344983597688,-4.236138572493317,DOWN,DOWN
2026-03-12,M&M,-3.302317733177784,0.36465505711558516,-3.6669727902933693,DOWN,UP
2026-03-13,M&M,3.582272747490256,0.6940010711683219,2.888271676321934,UP,UP
2026-03-16,M&M,3.0565462831458667,-0.04310221730165495,3.099648500447522,UP,DOWN
2026-03-17,M&M,2.738988078471438,0.18407998704408704,2.554908091427351,UP,UP
2026-03-18,M&M,-5.263491263994647,0.15403028858406428,-5.417521552578711,DOWN,UP
2026-03-19,M&M,0.6797201016710108,0.46764639469286134,0.21207370697814948,UP,UP
2026-03-20,M&M,-3.597405346043303,0.25697087002250973,-3.8543762160658126,DOWN,UP
2026-03-23,M&M,2.5542999781035025,-0.005776204513064057,2.5600761826165668,UP,DOWN
2026-03-24,M&M,3.1933509474110666,0.15856110599249496,3.0347898414185717,UP,UP
2026-03-25,M&M,-2.774848825750831,0.15225410508039672,-2.9271029308312277,DOWN,UP
2026-03-27,M&M,-2.8474697091994794,0.07376680045151358,-2.921236509650993,DOWN,UP
2026-03-30,M&M,2.599250350197657,0.10684235453846182,2.492407995659195,UP,UP
2026-04-01,M&M,-0.6531436195983842,0.1557698680737148,-0.8089134876720989,DOWN,UP
2026-04-02,M&M,0.3287228689738075,0.148364065203725,0.18035880377008248,UP,UP
2026-04-06,M&M,-0.496425718665916,0.14793273595108267,-0.6443584546169987,DOWN,UP
2026-04-07,M&M,6.768442539419706,0.07309736166676686,6.695345177752939,UP,UP
2026-04-08,M&M,-1.348869116565532,-0.7129551697818298,-0.6359139467837022,DOWN,DOWN
2026-04-09,M&M,2.936718408679284,0.12925276601054442,2.8074656426687397,UP,UP
2026-04-10,M&M,-1.2148014314708022,0.15563031446949852,-1.3704317459403008,DOWN,UP
2026-04-13,M&M,1.1272607098486098,0.09769267335966605,1.0295680364889437,UP,UP
2026-04-15,M&M,-1.0502057783471463,0.13620057474587202,-1.1864063530930185,DOWN,UP
2026-04-16,M&M,-0.6858485343190557,0.024900314084528613,-0.7107488484035843,DOWN,UP
2026-04-17,M&M,0.6687127932908821,0.03469937128793422,0.6340134220029479,UP,UP
2026-04-20,M&M,0.7977387134601832,0.04850416511035994,0.7492345483498233,UP,UP
2026-04-21,M&M,-3.005576823474365,0.058905204809778615,-3.064482028284144,DOWN,UP
2026-04-22,M&M,-3.238403707694437,-0.047401753861894,-3.191001953832543,DOWN,DOWN
2026-04-23,M&M,-0.305149751521605,-0.08498616307488625,-0.22016358844671874,DOWN,DOWN
2026-04-24,M&M,2.106371842318455,-0.02743164963662202,2.133803491955077,UP,DOWN
2026-04-27,M&M,-0.4609271898409095,0.06032944365863776,-0.5212566334995473,DOWN,UP
2026-04-28,M&M,2.078946573674867,0.015041020531506402,2.0639055531433605,UP,UP
2026-04-29,M&M,-1.7384147441325326,0.08918779412545172,-1.8276025382579844,DOWN,UP
2026-04-30,M&M,0.0,0.03949609869943557,-0.03949609869943557,UP,UP
2026-05-01,M&M,0.2905569007263908,1.1245212626299315,-0.8339643619035406,UP,UP
2026-05-05,M&M,2.8030396982474226,0.26232050620208835,2.5407191920453345,UP,UP
2026-05-06,M&M,2.1176654541242623,0.18489077374149085,1.9327746803827714,UP,UP
2026-05-07,M&M,-1.1955988195898049,0.12171722046449562,-1.3173160400543005,DOWN,UP
2026-05-08,M&M,-2.537232839231518,0.11245562638516733,-2.6496884656166855,DOWN,UP
2026-05-11,M&M,-2.1534829922906007,0.06842038197047684,-2.2219033742610774,DOWN,UP
2026-05-12,M&M,-2.0214090419356068,0.04802325957262008,-2.0694323015082268,DOWN,UP
2026-05-13,M&M,1.9956248004755703,-0.027530820228784152,2.0231556207043546,UP,DOWN
2026-05-14,M&M,-1.600548418366543,0.017229835886162604,-1.6177782542527057,DOWN,UP
2026-05-15,M&M,-1.261571683659546,0.06543701783791293,-1.327008701497459,DOWN,UP
2026-05-18,M&M,0.2788889253956705,0.0446899900435809,0.2341989353520896,UP,UP
2026-05-19,M&M,0.9669146548402008,0.020573185686838916,0.9463414691533618,UP,UP
2026-05-20,M&M,-0.7430642346646366,-0.011407120248619885,-0.7316571144160167,DOWN,DOWN
2026-05-21,M&M,-0.5711504089020658,0.03812465510383476,-0.6092750640059006,DOWN,UP
2026-05-22,M&M,1.872584631730989,0.017435970131207533,1.8551486615997816,UP,UP
2026-05-25,M&M,-1.009874201079164,0.03666527690813651,-1.0465394779873005,DOWN,UP
2026-05-26,M&M,0.4602081744091046,0.014416182958316105,0.4457919914507885,UP,UP
2026-05-27,M&M,0.0,0.02069299618628916,-0.02069299618628916,UP,UP
2026-05-28,M&M,-2.4346488218353834,0.9190911108715962,-3.3537399327069797,DOWN,UP
2026-06-01,M&M,0.94606754151898,0.010503351862290457,0.9355641896566895,UP,UP
2026-06-02,M&M,0.4269102031041916,-0.005950967983763168,0.43286117108795474,UP,DOWN
2026-06-03,M&M,0.1660522678702092,0.014706776794598036,0.15134549107561118,UP,UP
2026-06-04,M&M,0.8089884802799041,0.006907756202685825,0.8020807240772183,UP,UP
2026-06-05,M&M,-2.450254892287451,0.033399263976411235,-2.4836541562638623,DOWN,UP
2026-06-08,M&M,0.8125454368256957,-0.061391049870021926,0.8739364866957177,UP,DOWN
2026-06-09,M&M,-1.2574862522402586,0.015851177698567198,-1.2733374299388258,DOWN,UP
2026-06-10,M&M,1.6392854307790028,-0.008500157792670777,1.6477855885716737,UP,DOWN
2026-06-11,M&M,1.3995801715078082,0.016780975462208428,1.3827991960455999,UP,UP
2026-06-12,M&M,3.003718473091266,0.04879196054176223,2.9549265125495037,UP,UP
2026-06-15,M&M,0.1148535066695544,0.08520111263714301,0.02965239403241139,UP,UP
2026-06-16,M&M,-0.159342240211846,0.05678979194583094,-0.21613203215767696,DOWN,UP
2026-06-17,M&M,0.1149126294637259,0.03351813914531791,0.08139449031840798,UP,UP
2026-06-18,M&M,-1.967159291307985,0.010459244085117586,-1.9776185353931026,DOWN,UP
2026-06-19,M&M,-0.3707605796585023,-0.030650944017512387,-0.3401096356409899,DOWN,DOWN
2026-06-22,M&M,-0.8519897612994098,-0.0039796062648368045,-0.848010155034573,DOWN,DOWN
2026-06-23,M&M,0.895530594100169,-0.0051349095852773665,0.9006655036854464,UP,DOWN
2026-06-24,M&M,3.8407554632688967,0.005157561681174075,3.8355979015877226,UP,UP
2026-06-25,M&M,0.0,0.14146770909089576,-0.14146770909089576,UP,UP
2026-06-26,M&M,-2.8030907089614643,2.173147513969683,-4.976238222931148,DOWN,UP
2026-06-30,M&M,1.9942632363827428,0.02208193121811053,1.9721813051646322,UP,UP
2026-07-01,M&M,1.450476113218846,0.10100591013310495,1.349470203085741,UP,UP
2026-07-02,M&M,-1.2124457134228497,0.09418267129705821,-1.3066283847199078,DOWN,UP
2026-07-03,M&M,2.0497960033752705,0.005967426251425759,2.0438285771238447,UP,UP
2026-07-06,M&M,-0.1499452986798877,0.07404863052174078,-0.22399392920162847,DOWN,UP
2026-07-07,M&M,-2.937676924432964,0.024842186481441937,-2.962519110914406,DOWN,UP
2026-07-08,M&M,-0.5511715602336875,0.04308766706105337,-0.5942592272947409,DOWN,UP
2026-07-09,M&M,1.4260712190525604,-0.009815464421542582,1.435886683474103,UP,DOWN
2026-07-10,M&M,0.9906052587520976,0.049635688321738085,0.9409695704303596,UP,UP
2026-07-13,M&M,-2.1231443990953114,0.029409963375405735,-2.1525543624707173,DOWN,UP
2026-07-14,M&M,-0.3362152497400017,-0.00864020780019769,-0.327575041939804,DOWN,DOWN
2026-07-15,M&M,1.132055778322294,0.019308996735171686,1.1127467815871224,UP,UP
2026-07-16,M&M,1.969334190203376,0.028144449211935995,1.94118974099144,UP,UP
2026-07-17,M&M,-0.4309244898807018,0.07242969262062708,-0.5033541825013289,DOWN,UP
2026-07-20,M&M,1.1435776708853318,0.0290543983894598,1.114523272495872,UP,UP
2026-07-21,M&M,-0.8245589139009524,0.05955517804123025,-0.8841140919421826,DOWN,UP
2026-07-22,M&M,1.7132208455017397,-0.0037479815588715233,1.7169688270606112,UP,DOWN
2026-07-23,M&M,-2.114749043586628,0.06517379336289751,-2.179922836949525,DOWN,UP
2026-07-24,M&M,2.4419623488716624,-0.029708278658671573,2.471670627530334,UP,DOWN
2026-07-27,M&M,1.0066032400609437,0.058625986463255814,0.9479772535976879,UP,UP
2026-07-28,M&M,-1.5101462179361147,0.051497511752583984,-1.5616437296886987,DOWN,UP
2026-07-29,M&M,1.9212831772805083,0.021907941512627982,1.8993752357678804,UP,UP
2026-07-30,M&M,3.496057816949927,0.10291877258265733,3.3931390443672695,UP,UP
2026-07-31,M&M,0.8856877344784353,0.2432709841087691,0.6424167503696662,UP,UP
2026-08-03,M&M,0.1283294119590605,0.06375148445042758,0.06457792750863292,UP,UP
2026-08-04,M&M,0.6524876884284936,0.051376800244755466,0.6011108881837381,UP,UP
2026-08-05,M&M,-1.4296435648517236,-0.027077051970632742,-1.402566512881091,DOWN,DOWN
2026-08-06,M&M,2.8185554903112253,0.017003580503608225,2.801551909807617,UP,UP
2026-08-07,M&M,0.4283266704740107,-0.042385586978537775,0.47071225745254847,UP,DOWN
2026-08-10,M&M,-1.6178533506895132,-0.06690401345435051,-1.5509493372351626,DOWN,DOWN
2026-08-11,M&M,-1.632900737128129,0.019905953658508425,-1.6528066907866374,DOWN,UP
2026-08-12,M&M,0.7227598075509656,0.059221325857900714,0.6635384816930648,UP,UP
2026-08-13,M&M,0.0029198313306055,0.06222902148921895,-0.05930919015861345,UP,UP
2026-08-14,M&M,-1.1055084428018502,0.03961768835206308,-1.1451261311539134,DOWN,UP
2026-08-17,M&M,0.9172988010868854,0.018511548315966544,0.8987872527709189,UP,UP
2026-08-18,M&M,-0.189975157094846,0.030851861709438228,-0.22082701880428424,DOWN,UP
2026-08-19,M&M,0.2869706831076124,0.021221744533737597,0.2657489385738748,UP,UP
2026-08-20,M&M,-0.3679075413632215,0.03438599089722907,-0.40229353226045056,DOWN,UP
2026-08-21,M&M,0.0556868446036418,0.02701445790102827,0.02867238670261353,UP,UP
2026-08-24,M&M,0.8464866734162024,0.046599784606397195,0.7998868888098052,UP,UP
2026-08-25,M&M,-1.3011922401430454,0.03156120456367544,-1.3327534447067209,DOWN,UP
2026-08-26,M&M,-2.006943445112941,0.03753613268899847,-2.0444795778019396,DOWN,UP
2026-08-27,M&M,0.1201201201201263,0.26704214676786614,-0.14692202664773985,UP,UP
2026-08-28,M&M,-1.559688062387521,0.03990477907727324,-1.5995928414647942,DOWN,UP
2026-08-31,M&M,-0.7007921998781197,0.17677757130361638,-0.8775697711817361,DOWN,UP
2026-09-01,M&M,-2.1172138692850617,-0.07400782245486677,-2.043206046830195,DOWN,DOWN
2026-09-02,M&M,-1.253918495297801,0.014511276571185207,-1.2684297718689863,DOWN,UP
2025-09-17,Maruti Suzuki,0.1012594139611522,-0.01009685548506382,0.11135626944621603,UP,DOWN
2025-09-18,Maruti Suzuki,0.2971486375418886,-0.01730876002505062,0.3144573975669392,UP,DOWN
2025-09-19,Maruti Suzuki,-0.302571860816947,-0.025865041616417096,-0.27670681920052986,DOWN,DOWN
2025-09-22,Maruti Suzuki,1.7766818411734997,0.004940194572100318,1.7717416466013993,UP,UP
2025-09-23,Maruti Suzuki,0.9442753308069872,0.16167868192469576,0.7825966488822915,UP,UP
2025-09-24,Maruti Suzuki,0.1230844975075307,-0.025836678546420123,0.14892117605395083,UP,DOWN
2025-09-25,Maruti Suzuki,0.1044932079414806,-0.05226269918124316,0.15675590712272378,UP,DOWN
2025-09-26,Maruti Suzuki,-1.854353432395928,-0.07807605935002669,-1.7762773730459014,DOWN,DOWN
2025-09-29,Maruti Suzuki,0.2815315315315425,-0.07266027992500365,0.3541918114565461,UP,DOWN
2025-09-30,Maruti Suzuki,-0.3992763116850706,0.05991559432922166,-0.4591919060142923,DOWN,UP
2025-10-01,Maruti Suzuki,-0.9959285937989336,-0.036896220374138804,-0.9590323734247949,DOWN,DOWN
2025-10-03,Maruti Suzuki,1.2147285840820032,-0.11030294895657784,1.3250315330385811,UP,DOWN
2025-10-06,Maruti Suzuki,0.6875859482435409,-0.001313666254155188,0.6888996144976961,UP,DOWN
2025-10-07,Maruti Suzuki,-0.595977154209093,-0.09285981151559396,-0.5031173426934991,DOWN,DOWN
2025-10-08,Maruti Suzuki,-0.1686235323507423,-0.13918155308082938,-0.029441979269912905,DOWN,DOWN
2025-10-09,Maruti Suzuki,1.7516421645292546,-0.21849685917337028,1.9701390237026248,UP,DOWN
2025-10-10,Maruti Suzuki,0.3565939133107987,-0.09979896359318537,0.45639287690398406,UP,DOWN
2025-10-13,Maruti Suzuki,-0.3798321386999981,-0.06618248891964883,-0.31364964978034926,DOWN,DOWN
2025-10-14,Maruti Suzuki,-0.301334481274218,-0.09607037600334577,-0.20526410527087224,DOWN,DOWN
2025-10-15,Maruti Suzuki,0.5304712558598546,-0.13394382322488502,0.6644150790847396,UP,DOWN
2025-10-16,Maruti Suzuki,0.6319793839735022,-0.126487403211654,0.7584667871851561,UP,DOWN
2025-10-17,Maruti Suzuki,0.1402353515029597,-0.15642632618226632,0.296661677685226,UP,DOWN
2025-10-20,Maruti Suzuki,-0.1704822211398005,-0.13516614472926225,-0.035316076410538244,DOWN,DOWN
2025-10-21,Maruti Suzuki,-0.018297145645274,0.4186599692268363,-0.4369571148721103,DOWN,UP
2025-10-23,Maruti Suzuki,-0.7259195998291945,-0.10518401816196425,-0.6207355816672303,DOWN,DOWN
2025-10-24,Maruti Suzuki,0.7005038712055933,-0.1543027713442792,0.8548066425498725,UP,DOWN
2025-10-27,Maruti Suzuki,-0.4698559921894052,-0.10225476500301937,-0.3676012271863858,DOWN,DOWN
2025-10-28,Maruti Suzuki,-1.060633928024035,-0.15278349676106598,-0.9078504312629692,DOWN,DOWN
2025-10-29,Maruti Suzuki,0.4213657206593169,-0.19799241682136573,0.6193581374806826,UP,DOWN
2025-10-30,Maruti Suzuki,-0.1234110823151946,-0.14916256031432823,0.025751477999133632,DOWN,DOWN
2025-10-31,Maruti Suzuki,-3.3053255900160616,-0.16267872345657955,-3.142646866559482,DOWN,DOWN
2025-11-03,Maruti Suzuki,-1.7698549613443193,-0.23427601290535957,-1.5355789484389597,DOWN,DOWN
2025-11-04,Maruti Suzuki,0.5073500715493617,-0.274217526815518,0.7815675983648798,UP,DOWN
2025-11-06,Maruti Suzuki,0.1747346621796541,-0.23103368533487323,0.40576834751452734,UP,DOWN
2025-11-07,Maruti Suzuki,0.6718780282964021,-0.19582490009210035,0.8677029283885025,UP,DOWN
2025-11-10,Maruti Suzuki,0.3978694731438192,-0.18763973050581603,0.5855092036496352,UP,DOWN
2025-11-11,Maruti Suzuki,0.3259827420901251,-0.19786028098302402,0.5238430230731491,UP,DOWN
2025-11-12,Maruti Suzuki,0.3376656472986683,-0.15720854414244562,0.49487419144111394,UP,DOWN
2025-11-13,Maruti Suzuki,-0.4127246174360222,-0.13722799104082498,-0.27549662639519723,DOWN,DOWN
2025-11-14,Maruti Suzuki,1.236929354756433,-0.1500772755281633,1.3870066302845965,UP,DOWN
2025-11-17,Maruti Suzuki,0.3274971658899117,-0.09125576959807222,0.41875293548798387,UP,DOWN
2025-11-18,Maruti Suzuki,-1.016949152542368,-0.1017333704384922,-0.9152157821038758,DOWN,DOWN
2025-11-19,Maruti Suzuki,0.2092846270928428,-0.15093363375375152,0.3602182608465943,UP,DOWN
2025-11-20,Maruti Suzuki,1.1138535535725635,-0.12861701282574609,1.2424705663983096,UP,DOWN
2025-11-21,Maruti Suzuki,-0.1189209488639875,-0.09599566917239576,-0.02292527969159175,DOWN,DOWN
2025-11-24,Maruti Suzuki,-0.4323850106529692,-0.12881849089591743,-0.30356651975705173,DOWN,DOWN
2025-11-25,Maruti Suzuki,1.6804078293158886,-0.15255733634637061,1.8329651656622592,UP,DOWN
2025-11-26,Maruti Suzuki,-1.5659816786333214,-0.060040206745706114,-1.5059414718876152,DOWN,DOWN
2025-11-27,Maruti Suzuki,-0.0188643652141107,-0.15068097848347578,0.13181661326936508,DOWN,DOWN
2025-11-28,Maruti Suzuki,1.238993710691827,-0.1497099962243604,1.3887037069161874,UP,DOWN
2025-12-01,Maruti Suzuki,0.882151953780208,-0.07984582023719299,0.961997774017401,UP,DOWN
2025-12-02,Maruti Suzuki,-0.966808301003752,-0.030888920859690087,-0.935919380144062,DOWN,DOWN
2025-12-03,Maruti Suzuki,-0.5471956224350261,-0.1596684858675548,-0.3875271365674713,DOWN,DOWN
2025-12-04,Maruti Suzuki,1.8006752532199632,-0.13129903797989181,1.931974291199855,UP,DOWN
2025-12-05,Maruti Suzuki,-0.5834664046185933,-0.04470814204525358,-0.5387582625733398,DOWN,DOWN
2025-12-08,Maruti Suzuki,-1.0316920985976363,-0.14688869693596654,-0.8848034016616698,DOWN,DOWN
2025-12-09,Maruti Suzuki,-0.0062421972534365,-0.1370244580738274,0.1307822608203909,DOWN,DOWN
2025-12-10,Maruti Suzuki,1.4295524065172538,-0.13795779097123628,1.56751019748849,UP,DOWN
2025-12-11,Maruti Suzuki,1.6863613983259418,-0.04317312235347114,1.7295345206794128,UP,DOWN
2025-12-12,Maruti Suzuki,-0.6476213533470498,0.05913370268976315,-0.706755056036813,DOWN,UP
2025-12-15,Maruti Suzuki,-0.3716113310996083,-0.05770060249258011,-0.3139107286070282,DOWN,DOWN
2025-12-16,Maruti Suzuki,0.2690473278708527,-0.1413325606366097,0.41037988850746243,UP,DOWN
2025-12-17,Maruti Suzuki,-0.4207830223197928,-0.1223048523970338,-0.298478169922759,DOWN,DOWN
2025-12-18,Maruti Suzuki,0.5205462673770533,-0.1582197449929611,0.6787660123700144,UP,DOWN
2025-12-19,Maruti Suzuki,1.4317046423784507,-0.08429941284060315,1.516004055219054,UP,DOWN
2025-12-22,Maruti Suzuki,-0.3844074719202339,0.053897974060536265,-0.43830544598077015,DOWN,UP
2025-12-23,Maruti Suzuki,0.7114862827856561,-0.014507720273406969,0.725994003059063,UP,DOWN
2025-12-24,Maruti Suzuki,-0.640603484404001,0.04163759946033166,-0.6822410838643326,DOWN,UP
2025-12-26,Maruti Suzuki,-0.3253796095444738,-0.02215123858528626,-0.30322837095918753,DOWN,DOWN
2025-12-29,Maruti Suzuki,0.6347479143997026,0.009439991108831133,0.6253079232908715,UP,UP
2025-12-30,Maruti Suzuki,0.3003544182134998,-0.10251261584930392,0.4028670340628037,UP,DOWN
2025-12-31,Maruti Suzuki,0.0658800982212381,-0.06080898702365568,0.12668908524489378,UP,DOWN
2026-01-01,Maruti Suzuki,1.508259516399324,-0.09374701633905361,1.6020065327383777,UP,DOWN
2026-01-02,Maruti Suzuki,1.149764150943389,-0.006570329733360844,1.1563344806767497,UP,DOWN
2026-01-05,Maruti Suzuki,0.7986009909647374,0.07839177651296517,0.7202092144517722,UP,UP
2026-01-06,Maruti Suzuki,-2.793199167244964,0.06351876854224484,-2.856717935787209,DOWN,UP
2026-01-07,Maruti Suzuki,-0.8626331132131626,0.21470786779890488,-1.0773409810120675,DOWN,UP
2026-01-08,Maruti Suzuki,-0.978156505040806,-0.17149947726534043,-0.8066570277754656,DOWN,DOWN
2026-01-09,Maruti Suzuki,0.4908793406460221,-0.18857425907770944,0.6794535997237315,UP,DOWN
2026-01-12,Maruti Suzuki,-0.9407791581232616,-0.1089985603801874,-0.8317805977430742,DOWN,DOWN
2026-01-13,Maruti Suzuki,-1.668087178862776,-0.14978599297959772,-1.5183011858831783,DOWN,DOWN
2026-01-14,Maruti Suzuki,0.0,-0.20442028761509343,0.20442028761509343,UP,DOWN
2026-01-15,Maruti Suzuki,-1.8140168400198164,0.8407967487715735,-2.6548135887913897,DOWN,UP
2026-01-19,Maruti Suzuki,-1.8360534124629124,-0.09500721475089027,-1.7410461977120222,DOWN,DOWN
2026-01-20,Maruti Suzuki,-0.6864412116632024,-0.2386247263922097,-0.4478164852709927,DOWN,DOWN
2026-01-21,Maruti Suzuki,-0.0317057704502188,-0.17600517466449886,0.14429940421428006,DOWN,DOWN
2026-01-22,Maruti Suzuki,-1.8775769108785312,-0.18687329360315008,-1.690703617275381,DOWN,DOWN
2026-01-23,Maruti Suzuki,-1.448057405132841,-0.13093817925683598,-1.317119225876005,DOWN,DOWN
2026-01-27,Maruti Suzuki,-2.4139061987536903,-0.18888643171292918,-2.225019767040761,DOWN,DOWN
2026-01-28,Maruti Suzuki,-2.520669489816496,0.01233854999264913,-2.533008039809145,DOWN,UP
2026-01-29,Maruti Suzuki,0.668873258860847,-0.3227286233525563,0.9916018822134034,UP,DOWN
2026-01-30,Maruti Suzuki,-1.47270360983629,-0.375339686013572,-1.097363923822718,DOWN,DOWN
2026-02-02,Maruti Suzuki,2.7669632925472643,-0.3147558195128133,3.0817191120600773,UP,DOWN
2026-02-03,Maruti Suzuki,1.955080503314832,-0.054051143675213874,2.009131646990046,UP,DOWN
2026-02-04,Maruti Suzuki,-0.0796231172450423,0.014105199958377118,-0.09372831720341941,DOWN,UP
2026-02-05,Maruti Suzuki,-0.4117139252274415,-0.0305773599958865,-0.381136565231555,DOWN,DOWN
2026-02-06,Maruti Suzuki,-0.1266920050676856,-0.08785815789805275,-0.038833847169632854,DOWN,DOWN
2026-02-09,Maruti Suzuki,1.1216450794498511,-0.15725836180208505,1.2789034412519362,UP,DOWN
2026-02-10,Maruti Suzuki,1.7562392710946728,-0.07307086188887989,1.8293101329835526,UP,DOWN
2026-02-11,Maruti Suzuki,-0.558006747988582,0.02582392728314471,-0.5838306752717267,DOWN,UP
2026-02-12,Maruti Suzuki,-0.5807125146809367,-0.058383861427623626,-0.522328653253313,DOWN,DOWN
2026-02-13,Maruti Suzuki,-1.2207127387280914,-0.146805990091364,-1.0739067486367273,DOWN,DOWN
2026-02-16,Maruti Suzuki,0.8504418311075623,-0.14946312215282584,0.9999049532603882,UP,DOWN
2026-02-17,Maruti Suzuki,-0.0988207391791284,-0.09317036144329699,-0.005650377735831408,DOWN,DOWN
2026-02-18,Maruti Suzuki,-1.721181746241096,-0.15518984223792542,-1.5659919040031707,DOWN,DOWN
2026-02-19,Maruti Suzuki,0.4965443199355768,-0.16785644768970476,0.6644007676252816,UP,DOWN
2026-02-20,Maruti Suzuki,0.6343059357681868,-0.10778728033806452,0.7420932161062513,UP,DOWN
2026-02-23,Maruti Suzuki,-0.9686836518046692,-0.11725333961832306,-0.8514303121863461,DOWN,DOWN
2026-02-24,Maruti Suzuki,0.96475948010184,-0.1530604489060698,1.1178199290079098,UP,DOWN
2026-02-25,Maruti Suzuki,0.948905109489062,-0.09706769021520795,1.04597279970427,UP,DOWN
2026-02-26,Maruti Suzuki,-2.340103858542042,-0.09024473993213593,-2.249859118609906,DOWN,DOWN
2026-02-27,Maruti Suzuki,-3.1567611227031,-0.1577452398725031,-2.999015882830597,DOWN,DOWN
2026-03-02,Maruti Suzuki,-1.598554350847925,-0.18053841905617654,-1.4180159317917485,DOWN,DOWN
2026-03-04,Maruti Suzuki,1.8152281395677368,-0.1869191508736404,2.002147290441377,UP,DOWN
2026-03-05,Maruti Suzuki,-1.7759278529309697,-0.07605209913480372,-1.699875753796166,DOWN,DOWN
2026-03-06,Maruti Suzuki,-4.597782329260536,-0.297459693914984,-4.300322635345552,DOWN,DOWN
2026-03-09,Maruti Suzuki,2.6576843352087653,-0.3491631247744156,3.006847459983181,UP,DOWN
2026-03-10,Maruti Suzuki,-2.668205091223763,-0.1198355600023199,-2.5483695312214434,DOWN,DOWN
2026-03-11,Maruti Suzuki,-3.600800177817298,-0.17581076713423524,-3.424989410683063,DOWN,DOWN
2026-03-12,Maruti Suzuki,-3.2280378141572474,0.03407781724604795,-3.2621156314032955,DOWN,UP
2026-03-13,Maruti Suzuki,1.318402033198307,0.12149632237876162,1.1969057108195456,UP,UP
2026-03-16,Maruti Suzuki,1.6853492200360476,0.9771978268179737,0.7081513932180739,UP,UP
2026-03-17,Maruti Suzuki,0.5858772741288876,0.16282260474650978,0.4230546693823778,UP,UP
2026-03-18,Maruti Suzuki,-3.441140404659715,0.06290820266870628,-3.5040486073284214,DOWN,UP
2026-03-19,Maruti Suzuki,0.0158742757361718,0.5617954560485229,-0.545921180312351,UP,UP
2026-03-20,Maruti Suzuki,-1.9522260138084224,0.34423369438863083,-2.2964597081970535,DOWN,UP
2026-03-23,Maruti Suzuki,0.8822339133953916,0.2281034816008934,0.6541304317944983,UP,UP
2026-03-24,Maruti Suzuki,1.981707317073167,0.11197404845179013,1.8697332686213768,UP,UP
2026-03-25,Maruti Suzuki,-2.5332389269136946,0.2846559934356151,-2.8178949203493096,DOWN,UP
2026-03-27,Maruti Suzuki,-0.6699491484381315,0.11127976243354484,-0.7812289108716763,DOWN,UP
2026-03-30,Maruti Suzuki,1.6496018202502905,0.11730400550631745,1.532297814743973,UP,UP
2026-04-01,Maruti Suzuki,0.9752977855943756,0.0979726474931183,0.8773251381012573,UP,UP
2026-04-02,Maruti Suzuki,0.4512706832396462,0.09129442496019895,0.35997625827944724,UP,UP
2026-04-06,Maruti Suzuki,0.866960907944514,0.06548172167737033,0.8014791862671437,UP,UP
2026-04-07,Maruti Suzuki,6.2822315986873045,0.07391523145166125,6.208316367235644,UP,UP
2026-04-08,Maruti Suzuki,-0.0955741802676102,0.08356343922407031,-0.1791376194916805,DOWN,UP
2026-04-09,Maruti Suzuki,0.8830671866951301,0.010589471599892708,0.8724777150952374,UP,UP
2026-04-10,Maruti Suzuki,-4.617404624699106,0.04192749052939891,-4.659332115228505,DOWN,UP
2026-04-13,Maruti Suzuki,1.6289385133068324,-0.014603937805140266,1.6435424511119727,UP,DOWN
2026-04-15,Maruti Suzuki,0.3461509519151251,-0.08021295304384016,0.42636390495896526,UP,DOWN
2026-04-16,Maruti Suzuki,0.8848893888264042,-0.0343725433287317,0.919261932155136,UP,DOWN
2026-04-17,Maruti Suzuki,-0.0222998587675604,0.07596445701260829,-0.09826431578016868,DOWN,UP
2026-04-20,Maruti Suzuki,0.0817843866171008,-0.06715076033706162,0.14893514695416243,UP,DOWN
2026-04-21,Maruti Suzuki,-0.921179704331032,-0.07373714451139961,-0.8474425598196325,DOWN,DOWN
2026-04-22,Maruti Suzuki,-1.3271350378645907,-0.12597085553946638,-1.2011641823251245,DOWN,DOWN
2026-04-23,Maruti Suzuki,-0.8510638297872353,-0.16275157513076258,-0.6883122546564727,DOWN,DOWN
2026-04-24,Maruti Suzuki,1.333537706928256,-0.1644196501279125,1.4979573570561684,UP,DOWN
2026-04-27,Maruti Suzuki,-2.4958402662229595,-0.09040713137531017,-2.4054331348476494,DOWN,DOWN
2026-04-28,Maruti Suzuki,2.8312131554452336,-0.028481721172476455,2.85969487661771,UP,DOWN
2026-04-29,Maruti Suzuki,0.4299615297578718,0.07576764228970968,0.3541938874681621,UP,UP
2026-04-30,Maruti Suzuki,0.0,-0.09405760364660017,0.09405760364660017,UP,DOWN
2026-05-01,Maruti Suzuki,1.9978969505783484,1.2363714098495808,0.7615255407287675,UP,UP
2026-05-05,Maruti Suzuki,2.204677491434537,-0.15774789110603515,2.362425382540572,UP,DOWN
2026-05-06,Maruti Suzuki,0.3498032356799241,-0.010648721932251002,0.36045195761217513,UP,DOWN
2026-05-07,Maruti Suzuki,-0.3195352214960034,-0.11040462023529045,-0.20913060126071292,DOWN,DOWN
2026-05-08,Maruti Suzuki,-1.7703628150954387,-0.08648937181071614,-1.6838734432847224,DOWN,DOWN
2026-05-11,Maruti Suzuki,-2.3066083215901534,-0.15880844999623217,-2.147799871593921,DOWN,DOWN
2026-05-12,Maruti Suzuki,-0.5238384451867639,-0.20395778594158281,-0.3198806592451811,DOWN,DOWN
2026-05-13,Maruti Suzuki,-0.2136915210257162,-0.20967416174102818,-0.004017359284688021,DOWN,DOWN
2026-05-14,Maruti Suzuki,1.1166347992351833,-0.19330809299825916,1.3099428922334424,UP,DOWN
2026-05-15,Maruti Suzuki,-1.5505634974661509,-0.09178093132245382,-1.458782566143697,DOWN,DOWN
2026-05-18,Maruti Suzuki,-0.4609711124769489,-0.17850333234232504,-0.2824677801346238,DOWN,DOWN
2026-05-19,Maruti Suzuki,0.3627662858907143,-0.06671182329141963,0.4294781091821339,UP,DOWN
2026-05-20,Maruti Suzuki,0.0538337306775327,-0.052552918936528935,0.10638664961406163,UP,DOWN
2026-05-21,Maruti Suzuki,-0.1767870868562671,-0.1597859858207607,-0.017001101035506394,DOWN,DOWN
2026-05-22,Maruti Suzuki,1.4091014091013987,-0.13576502597765341,1.5448664350790522,UP,DOWN
2026-05-25,Maruti Suzuki,0.2885345482156465,-0.08088052593606536,0.3694150741517119,UP,DOWN
2026-05-26,Maruti Suzuki,1.1811023622047223,-0.07694719936337925,1.2580495615681015,UP,DOWN
2026-05-27,Maruti Suzuki,0.0,0.010646409310039384,-0.010646409310039384,UP,UP
2026-05-28,Maruti Suzuki,-1.77342113139779,1.2810095218624247,-3.054430653260215,DOWN,UP
2026-06-01,Maruti Suzuki,0.5870539162675659,-0.2021979722695317,0.7892518885370976,UP,DOWN
2026-06-02,Maruti Suzuki,0.16894486254031,0.02537175530519702,0.14357310723511296,UP,UP
2026-06-03,Maruti Suzuki,0.1533272002453234,-0.023163557782978017,0.17649075802830141,UP,DOWN
2026-06-04,Maruti Suzuki,-0.1071647274954123,-0.020296448818980028,-0.08686827867643226,DOWN,DOWN
2026-06-05,Maruti Suzuki,-1.0574712643678152,-0.18034678408119637,-0.8771244802866189,DOWN,DOWN
2026-06-08,Maruti Suzuki,1.610904584882289,0.03736516591201011,1.5735394189702787,UP,UP
2026-06-09,Maruti Suzuki,-0.3582317073170693,-0.06144723180687907,-0.29678447551019027,DOWN,DOWN
2026-06-10,Maruti Suzuki,0.1912338407404679,-0.15765047319082234,0.34888431393129027,UP,DOWN
2026-06-11,Maruti Suzuki,2.046113910520697,-0.012053648299196836,2.058167558819894,UP,DOWN
2026-06-12,Maruti Suzuki,3.284453089929662,-0.01852159079473856,3.3029746807244007,UP,DOWN
2026-06-15,Maruti Suzuki,-0.8257877580586714,0.10649400010288483,-0.9322817581615562,DOWN,UP
2026-06-16,Maruti Suzuki,-0.4455481703308783,-0.03152224716383152,-0.4140259231670468,DOWN,DOWN
2026-06-17,Maruti Suzuki,-1.0711665443873808,-0.11127307476443345,-0.9598934696229473,DOWN,DOWN
2026-06-18,Maruti Suzuki,-0.6600415307030594,-0.17549338876004422,-0.48454814194301515,DOWN,DOWN
2026-06-19,Maruti Suzuki,0.1941022769690104,-0.14684813262808788,0.34095040959709827,UP,DOWN
2026-06-22,Maruti Suzuki,0.2235302883540679,-0.16284063456361514,0.38637092291768305,UP,DOWN
2026-06-23,Maruti Suzuki,-1.5091814734963904,-0.17279275634006852,-1.3363887171563218,DOWN,DOWN
2026-06-24,Maruti Suzuki,3.75150966183575,-0.19092379580471738,3.9424334576404676,UP,DOWN
2026-06-25,Maruti Suzuki,0.0,0.31239312390222207,-0.31239312390222207,UP,UP
2026-06-26,Maruti Suzuki,-2.4226991633321204,1.7556668353020946,-4.178365998634215,DOWN,UP
2026-06-30,Maruti Suzuki,1.983705278072967,-0.10252866543234984,2.0862339435053165,UP,DOWN
2026-07-01,Maruti Suzuki,-0.3265022577283782,-0.04811109570029438,-0.27839116202808384,DOWN,DOWN
2026-07-02,Maruti Suzuki,0.1254530248118168,-0.06604624691661162,0.19149927172842843,UP,DOWN
2026-07-03,Maruti Suzuki,0.626479186969231,-0.09689267685117799,0.723371863820409,UP,DOWN
2026-07-06,Maruti Suzuki,0.5672385168788097,-0.09575924906136504,0.6629977659401747,UP,DOWN
2026-07-07,Maruti Suzuki,-4.037694318338147,-0.03903235199059489,-3.998661966347552,DOWN,DOWN
2026-07-08,Maruti Suzuki,-1.5984517238907592,0.19006079858557037,-1.7885125224763296,DOWN,UP
2026-07-09,Maruti Suzuki,0.9178321678321666,-0.1622022353192819,1.0800344031514486,UP,DOWN
2026-07-10,Maruti Suzuki,-1.1476829796448706,-0.09549747017186204,-1.0521855094730086,DOWN,DOWN
2026-07-13,Maruti Suzuki,-1.504198612632346,-0.20419596724957528,-1.3000026453827709,DOWN,DOWN
2026-07-14,Maruti Suzuki,0.6968641114982521,-0.41616151676893237,1.1130256282671844,UP,DOWN
2026-07-15,Maruti Suzuki,1.472428771258194,-0.17200938189648635,1.6444381531546803,UP,DOWN
2026-07-16,Maruti Suzuki,0.1451062903576883,-0.14424697893779245,0.2893532692954808,UP,DOWN
2026-07-17,Maruti Suzuki,-2.0937477359994183,-0.11200436086391789,-1.9817433751355005,DOWN,DOWN
2026-07-20,Maruti Suzuki,0.6141778895959682,-0.2305065100479409,0.8446843996439091,UP,DOWN
2026-07-21,Maruti Suzuki,-0.3824373023461058,-0.19521750434909493,-0.18721979799701086,DOWN,DOWN
2026-07-22,Maruti Suzuki,-1.0483573274270963,-0.164954158878755,-0.8834031685483413,DOWN,DOWN
2026-07-23,Maruti Suzuki,0.2909796314257917,-0.16079867088105051,0.45177830230684224,UP,DOWN
2026-07-24,Maruti Suzuki,2.142538312751085,-0.16445667946421375,2.306994992215299,UP,DOWN
2026-07-27,Maruti Suzuki,0.5243991260014624,-0.0976871098277925,0.6220862358292549,UP,DOWN
2026-07-28,Maruti Suzuki,1.057817707578601,-0.024242996834393057,1.0820607044129942,UP,DOWN
2026-07-29,Maruti Suzuki,1.7206767995411545,0.019699264480436872,1.7009775350607177,UP,UP
2026-07-30,Maruti Suzuki,0.3242176487172177,0.024879569202277498,0.2993380795149402,UP,UP
2026-07-31,Maruti Suzuki,-0.5901362933820375,-0.04140599497330562,-0.5487302984087319,DOWN,DOWN
2026-08-03,Maruti Suzuki,0.1272084805653772,-0.13151812460412907,0.2587266051695063,UP,DOWN
2026-08-04,Maruti Suzuki,0.1552795031055875,-0.18117248003400097,0.33645198313958846,UP,DOWN
2026-08-05,Maruti Suzuki,-0.7751937984496138,-0.16695789885992193,-0.6082358995896918,DOWN,DOWN
2026-08-06,Maruti Suzuki,-0.305397727272727,-0.16256568465581622,-0.1428320426169108,DOWN,DOWN
2026-08-07,Maruti Suzuki,0.4274417610600656,-0.15642774027222836,0.583869501332294,UP,DOWN
2026-08-10,Maruti Suzuki,-0.7590267432787123,-0.14099915043632577,-0.6180275928423866,DOWN,DOWN
2026-08-11,Maruti Suzuki,-0.8220157255182325,-0.14771833649794744,-0.6742973890202851,DOWN,DOWN
2026-08-12,Maruti Suzuki,0.216216216216214,-0.15456418068159758,0.3707803968978116,UP,DOWN
2026-08-13,Maruti Suzuki,-0.5106076950737171,-0.16577113179204991,-0.3448365632816671,DOWN,DOWN
2026-08-14,Maruti Suzuki,-0.5349139800491565,-0.17394454348879287,-0.3609694365603636,DOWN,DOWN
2026-08-17,Maruti Suzuki,-0.5014534883720945,-0.18000713913593477,-0.32144634923615967,DOWN,DOWN
2026-08-18,Maruti Suzuki,-0.0073040683660763,-0.1726592906015714,0.1653552222354951,DOWN,DOWN
2026-08-19,Maruti Suzuki,0.8692476260043769,-0.15355463384643409,1.022802259850811,UP,DOWN
2026-08-20,Maruti Suzuki,-1.7669635744804069,-0.11182012271645983,-1.655143451763947,DOWN,DOWN
2026-08-21,Maruti Suzuki,0.4054552156284474,-0.1579589503291311,0.5634141659575784,UP,DOWN
2026-08-24,Maruti Suzuki,0.4258443465491979,-0.12915764768180338,0.5550019942310013,UP,DOWN
2026-08-25,Maruti Suzuki,-1.155139640298286,-0.12664990362173564,-1.0284897366765504,DOWN,DOWN
2026-08-26,Maruti Suzuki,-0.591715976331364,-0.1750354451883464,-0.41668053114301756,DOWN,DOWN
2026-08-27,Maruti Suzuki,-0.4761904761904745,-0.1645429889082343,-0.31164748728224023,DOWN,DOWN
2026-08-28,Maruti Suzuki,1.2784090909090828,-0.1381590552813244,1.4165681461904072,UP,DOWN
2026-08-31,Maruti Suzuki,-4.406879751974602,-0.0387777831769509,-4.368101968797651,DOWN,DOWN
2026-09-01,Maruti Suzuki,-0.7799227799227815,-0.01269017364325607,-0.7672326062795254,DOWN,DOWN
2026-09-02,Maruti Suzuki,0.0622616546034793,-0.025655299420634166,0.08791695402411347,UP,DOWN
2025-09-17,NTPC,0.1635012843419048,0.03504762693107897,0.12845365741082584,UP,UP
2025-09-18,NTPC,0.5045204415688342,0.03380785129640222,0.470712590272432,UP,UP
2025-09-19,NTPC,0.1624149772508243,0.0317854898539459,0.1306294873968784,UP,UP
2025-09-22,NTPC,1.120279379780631,0.037793435771205475,1.0824859440094254,UP,UP
2025-09-23,NTPC,1.3411096511707354,0.049108966184132005,1.2920006849866035,UP,UP
2025-09-24,NTPC,-2.0425793955254568,0.09188325040044032,-2.134462645925897,DOWN,UP
2025-09-25,NTPC,-0.7635847587417421,0.013852645854616789,-0.7774374045963589,DOWN,UP
2025-09-26,NTPC,0.9026393505888076,0.02853351669883617,0.8741058338899714,UP,UP
2025-09-29,NTPC,-0.1466490635279371,0.2157955039476577,-0.36244456747559484,DOWN,UP
2025-09-30,NTPC,-0.0587493610984535,0.03355242601287018,-0.09230178711132368,DOWN,UP
2025-10-01,NTPC,0.5143277002204183,0.024432814236331472,0.4898948859840868,UP,UP
2025-10-03,NTPC,-0.8479514317205727,0.023905370233727286,-0.8718568019543,DOWN,UP
2025-10-06,NTPC,-0.324389880187681,0.020500850871648095,-0.3448907310593291,DOWN,UP
2025-10-07,NTPC,-1.2426071618435677,0.06095943871025432,-1.303566600553822,DOWN,UP
2025-10-08,NTPC,0.6141457116584315,0.020066350098156157,0.5940793615602753,UP,UP
2025-10-09,NTPC,1.14634689103712,0.033243195443126684,1.1131036955939932,UP,UP
2025-10-10,NTPC,0.5887547624758627,0.030256061709355898,0.5584987007665068,UP,UP
2025-10-13,NTPC,-1.4779099005378882,0.05643627404628525,-1.5343461745841733,DOWN,UP
2025-10-14,NTPC,0.7723172881788587,0.020535267904590277,0.7517820202742684,UP,UP
2025-10-15,NTPC,0.6632277081798144,0.022457249548927374,0.640770458630887,UP,UP
2025-10-16,NTPC,-0.1464128843338241,0.025760089292862387,-0.1721729736266865,DOWN,UP
2025-10-17,NTPC,0.2785959551411254,0.02496230206639589,0.2536336530747295,UP,UP
2025-10-20,NTPC,0.0146184504121293,0.021758643860496363,-0.0071401934483670635,UP,UP
2025-10-21,NTPC,0.1900566948784821,0.07779849712509077,0.11225819775339133,UP,UP
2025-10-23,NTPC,-0.8901175681591211,0.20139198582831855,-1.0915095539874398,DOWN,UP
2025-10-24,NTPC,0.6330959534285308,0.02177964935458756,0.6113163040739432,UP,UP
2025-10-27,NTPC,-0.7607918371662414,0.02429521119197563,-0.7850870483582171,DOWN,UP
2025-10-28,NTPC,2.462039290516471,0.03890070232114741,2.423138588195324,UP,UP
2025-10-29,NTPC,-0.6762607492131312,0.08998045057964166,-0.7662411997927728,DOWN,UP
2025-10-30,NTPC,-2.375773383879132,0.030833085512041437,-2.4066064693911735,DOWN,UP
2025-10-31,NTPC,-0.5193648721178112,0.08750215793105706,-0.6068670300488683,DOWN,UP
2025-11-03,NTPC,-1.3723168066815283,0.016710368078148116,-1.3890271747596765,DOWN,UP
2025-11-04,NTPC,-1.1948010085016336,0.013713275929811673,-1.2085142844314454,DOWN,UP
2025-11-06,NTPC,-0.1683722036569301,0.015600678797431869,-0.18397288245436197,DOWN,UP
2025-11-07,NTPC,-0.1993234849183234,0.014715356682750484,-0.2140388416010739,DOWN,UP
2025-11-10,NTPC,0.3687145934687441,0.025017408802166193,0.3436971846665779,UP,UP
2025-11-11,NTPC,0.1530690369945242,0.0215583309563784,0.1315107060381458,UP,UP
2025-11-12,NTPC,-0.061128440527014,0.023205159868511755,-0.08433360039552576,DOWN,UP
2025-11-13,NTPC,0.4587857299268583,0.02522328205352114,0.43356244787333714,UP,UP
2025-11-14,NTPC,0.5328055822683142,0.02941710115533386,0.5033884811129803,UP,UP
2025-11-17,NTPC,-0.5299818096017428,0.04820291860056241,-0.5781847282023052,DOWN,UP
2025-11-18,NTPC,-0.5632534738191808,0.022788958641842383,-0.5860424324610232,DOWN,UP
2025-11-19,NTPC,0.0,0.03041464050482083,-0.03041464050482083,UP,UP
2025-11-20,NTPC,0.0153055088899511,0.03401186031137155,-0.01870635142142045,UP,UP
2025-11-21,NTPC,-0.9796362312093576,0.0602228869815952,-1.039859118190953,DOWN,UP
2025-11-24,NTPC,0.07729169595454,0.06088727510945294,0.01640442084508706,UP,UP
2025-11-25,NTPC,0.7414253339445009,0.050098780275285984,0.6913265536692149,UP,UP
2025-11-26,NTPC,0.3833179934388697,0.02535996173001632,0.3579580317088534,UP,UP
2025-11-27,NTPC,-0.2749332151225858,0.026393377827070172,-0.30132659294965597,DOWN,UP
2025-11-28,NTPC,0.1991097785813966,0.02646026446640084,0.17264951411499577,UP,UP
2025-12-01,NTPC,0.4585753506605838,0.03073997107043942,0.4278353795901444,UP,UP
2025-12-02,NTPC,-1.7194138136152448,0.027534904522201385,-1.7469487181374461,DOWN,UP
2025-12-03,NTPC,0.0,0.022624590109888505,-0.022624590109888505,UP,UP
2025-12-04,NTPC,0.1083683457838491,0.031183550004918223,0.07718479577893088,UP,UP
2025-12-05,NTPC,-1.1753751736613527,0.024483325214498277,-1.199858498875851,DOWN,UP
2025-12-08,NTPC,0.1095480762177247,0.021344419630373545,0.08820365658735115,UP,UP
2025-12-09,NTPC,0.5471314574349684,0.023096639489887008,0.5240348179450813,UP,UP
2025-12-10,NTPC,0.3109452677305446,0.02597002770116067,0.2849752400293839,UP,UP
2025-12-11,NTPC,0.7594487424364749,0.025814369097749177,0.7336343733387257,UP,UP
2025-12-12,NTPC,-0.3384019773100544,0.04038676696328958,-0.37878874427334397,DOWN,UP
2025-12-15,NTPC,-0.9106380910231082,0.0886701342547396,-0.9993082252778478,DOWN,UP
2025-12-16,NTPC,0.0778816199376919,0.029851488885220632,0.04803013105247127,UP,UP
2025-12-17,NTPC,-0.8560311284046662,0.02278927793790685,-0.8788204063425731,DOWN,UP
2025-12-18,NTPC,0.4395585232290111,0.01878372804289115,0.42077479518612,UP,UP
2025-12-19,NTPC,0.2500838780277625,0.06408862967240261,0.18599524835535988,UP,UP
2025-12-22,NTPC,0.7951318041492961,0.028591543812923857,0.7665402603363722,UP,UP
2025-12-23,NTPC,-0.2165544337296987,0.04272019360429846,-0.2592746273339972,DOWN,UP
2025-12-24,NTPC,0.4805513468324029,0.023081595934928423,0.4574697508974745,UP,UP
2025-12-26,NTPC,0.4319635514098863,0.031162413295403518,0.40080113811448276,UP,UP
2025-12-29,NTPC,-0.1843336723550304,0.6170645053374021,-0.8013981776924325,DOWN,UP
2025-12-30,NTPC,1.4312077512583343,0.04326562826253071,1.3879421229958036,UP,UP
2025-12-31,NTPC,2.048247686247984,0.051772885979464944,1.996474800268519,UP,UP
2026-01-01,NTPC,4.69819175856574,0.08824622966431671,4.609945528901423,UP,UP
2026-01-02,NTPC,-0.4260153291673063,0.4784356999326055,-0.9044510290999117,DOWN,UP
2026-01-05,NTPC,0.0570398419770912,0.05824247343174805,-0.0012026314546568495,UP,UP
2026-01-06,NTPC,-0.555867091592932,0.08483184029964913,-0.6406989318925811,DOWN,UP
2026-01-07,NTPC,-1.2756233708394404,0.04738981422543972,-1.32301318506488,DOWN,UP
2026-01-08,NTPC,-2.4390226612516,0.054653486246266564,-2.4936761474978666,DOWN,UP
2026-01-09,NTPC,0.4315512520926434,0.00363003727579155,0.42792121481685186,UP,UP
2026-01-12,NTPC,0.1333476583717185,0.02245339302142341,0.11089426535029509,UP,UP
2026-01-13,NTPC,3.314593787907083,0.03367452277090979,3.2809192651361734,UP,UP
2026-01-14,NTPC,0.0,0.2951539266555465,-0.2951539266555465,UP,UP
2026-01-15,NTPC,-0.7877398888341935,2.2279059134523904,-3.015645802286584,DOWN,UP
2026-01-19,NTPC,-1.3397425431030283,0.0350282440563529,-1.3747707871593813,DOWN,UP
2026-01-20,NTPC,-0.0147565440498209,0.016588437378637064,-0.031344981428457964,DOWN,UP
2026-01-21,NTPC,1.1071744507962444,0.009161889472538572,1.098012561323706,UP,UP
2026-01-22,NTPC,-1.67907717770025,0.027202784718268085,-1.706279962418518,DOWN,UP
2026-01-23,NTPC,2.376002289860613,0.006909481337787495,2.3690928085228253,UP,UP
2026-01-27,NTPC,0.9718524709321664,0.05496437814027067,0.9168880927918958,UP,UP
2026-01-28,NTPC,2.9018837689267274,0.038961458417732985,2.8629223105089943,UP,UP
2026-01-29,NTPC,-0.6003054399341345,0.18554447994293707,-0.7858499198770716,DOWN,UP
2026-01-30,NTPC,-1.587076937214715,0.12324513747368879,-1.7103220746884038,DOWN,UP
2026-02-02,NTPC,2.340511359097941,0.2272268557265668,2.113284503371374,UP,UP
2026-02-03,NTPC,2.4264433142456854,-0.005773386828148943,2.4322167010738345,UP,DOWN
2026-02-04,NTPC,-0.0680735194009574,0.04700891151826305,-0.11508243091922046,DOWN,UP
2026-02-05,NTPC,-0.5313384760302964,0.013645078808319005,-0.5449835548386154,DOWN,UP
2026-02-06,NTPC,-0.8628938506555661,0.03357302135717148,-0.8964668720127376,DOWN,UP
2026-02-09,NTPC,1.3815971495788837,0.02297245380357248,1.3586246957753112,UP,UP
2026-02-10,NTPC,0.4224634331785326,0.020134159081852624,0.40232927409667996,UP,UP
2026-02-11,NTPC,-0.0542847605929597,0.012209148461076427,-0.06649390905403613,DOWN,UP
2026-02-12,NTPC,-1.4256619144602856,0.014607702517612342,-1.440269616977898,DOWN,UP
2026-02-13,NTPC,1.6804424527591344,0.014105019104921273,1.6663374336542132,UP,UP
2026-02-16,NTPC,-0.1896538053253071,0.019973953212482094,-0.2096277585377892,DOWN,UP
2026-02-17,NTPC,0.0,0.020322886313503933,-0.020322886313503933,UP,UP
2026-02-18,NTPC,-1.4115042821944757,0.027526374288818954,-1.4390306564832946,DOWN,UP
2026-02-19,NTPC,2.6844712754145794,0.01467283257033292,2.6697984428442463,UP,UP
2026-02-20,NTPC,0.6703311216443186,0.2917727427590391,0.37855837888527955,UP,UP
2026-02-23,NTPC,1.9443301519839415,0.04402428029500517,1.9003058716889363,UP,UP
2026-02-24,NTPC,0.5617227685132287,0.007398523681587603,0.5543242448316411,UP,UP
2026-02-25,NTPC,-0.7794232391717948,0.01254333898860695,-0.7919665781604017,DOWN,UP
2026-02-26,NTPC,0.0,-0.028810386557371843,0.028810386557371843,UP,DOWN
2026-02-27,NTPC,-1.1390432503370684,-0.004724614114662656,-1.1343186362224058,DOWN,DOWN
2026-03-02,NTPC,-3.11217067405738,0.07814284321346737,-3.190313517270847,DOWN,UP
2026-03-04,NTPC,3.3488246060120463,-0.043176452558887385,3.392001058570934,UP,DOWN
2026-03-05,NTPC,0.6745188183799877,0.07489953906529971,0.5996192793146881,UP,UP
2026-03-06,NTPC,-1.1429337976238796,0.0677463789102038,-1.2106801765340833,DOWN,UP
2026-03-09,NTPC,0.2790665230481881,0.08442333280647246,0.1946431902417156,UP,UP
2026-03-10,NTPC,0.6891084515333379,0.055143500125858926,0.633964951407479,UP,UP
2026-03-11,NTPC,2.8033677461406725,0.029887466565248485,2.773480279575424,UP,UP
2026-03-12,NTPC,-1.5618936823961982,0.49206443597363764,-2.053958118369836,DOWN,UP
2026-03-13,NTPC,-0.5332340344530895,0.08391653492295328,-0.6171505693760427,DOWN,UP
2026-03-16,NTPC,0.2484341585236471,0.05031366054546361,0.19812049797818349,UP,UP
2026-03-17,NTPC,-1.265163956253068,0.03999397704368766,-1.3051579332967558,DOWN,UP
2026-03-18,NTPC,-1.1756967521878936,0.02105856754865169,-1.1967553197365453,DOWN,UP
2026-03-19,NTPC,1.844679759188117,0.007592363799832759,1.8370873953882842,UP,UP
2026-03-20,NTPC,-2.244393762061448,0.07743217082221138,-2.3218259328836592,DOWN,UP
2026-03-23,NTPC,0.8458630365498987,-0.0006452363169648029,0.8465082728668635,UP,DOWN
2026-03-24,NTPC,0.7588886156712382,0.025041130430615142,0.733847485240623,UP,UP
2026-03-25,NTPC,-0.7267441977687472,0.02154924031720439,-0.7482934380859516,DOWN,UP
2026-03-27,NTPC,-1.3310262428429145,0.07053483824736508,-1.4015610810902797,DOWN,UP
2026-03-30,NTPC,-1.6187778494003435,0.01684118705777161,-1.6356190364581151,DOWN,UP
2026-04-01,NTPC,-1.371177864716866,0.299372248412365,-1.6705501131292309,DOWN,UP
2026-04-02,NTPC,1.7934136845523474,0.011316052464407008,1.7820976320879405,UP,UP
2026-04-06,NTPC,0.7511608724809493,0.032253711284903105,0.7189071611960463,UP,UP
2026-04-07,NTPC,1.4368951349512438,0.022096412248011326,1.4147987227032324,UP,UP
2026-04-08,NTPC,1.2027261989599358,0.08340419745136399,1.1193220015085719,UP,UP
2026-04-09,NTPC,0.3961442028730388,0.07978380438373932,0.3163603984892995,UP,UP
2026-04-10,NTPC,1.6046313827317027,0.06857234259730163,1.536059040134401,UP,UP
2026-04-13,NTPC,1.644014525182036,0.06020094642609719,1.5838135787559389,UP,UP
2026-04-15,NTPC,-0.4584865722269571,0.09527020396639517,-0.5537567761933523,DOWN,UP
2026-04-16,NTPC,0.7164837251812273,0.06019606456926002,0.6562876606119672,UP,UP
2026-04-17,NTPC,1.1178846108369278,0.0371717478140081,1.0807128630229197,UP,UP
2026-04-20,NTPC,-0.4522582394393737,0.046368366438678595,-0.4986266058780523,DOWN,UP
2026-04-21,NTPC,2.3220548727912904,0.026997754472101405,2.295057118319189,UP,UP
2026-04-22,NTPC,-0.7770088662824914,0.06125933826700758,-0.838268204549499,DOWN,UP
2026-04-23,NTPC,-0.0994391290203511,0.031092483216567917,-0.130531612236919,DOWN,UP
2026-04-24,NTPC,2.0778912471547173,0.05314831864436819,2.0247429285103493,UP,UP
2026-04-27,NTPC,-0.8166762564172925,0.0531526249429468,-0.8698288813602393,DOWN,UP
2026-04-28,NTPC,-1.364143597710732,0.03389059989541116,-1.398034197606143,DOWN,UP
2026-04-29,NTPC,-0.5357572793133536,0.011121551012897204,-0.5468788303262508,DOWN,UP
2026-04-30,NTPC,0.0,0.017818335256412954,-0.017818335256412954,UP,UP
2026-05-01,NTPC,0.2254776174988038,1.4134764638551347,-1.187998846356331,UP,UP
2026-05-05,NTPC,-0.9532140602403928,0.009145011557242913,-0.9623590717976357,DOWN,UP
2026-05-06,NTPC,1.39293400404763,0.014188940260328374,1.3787450637873016,UP,UP
2026-05-07,NTPC,0.449603538285781,0.03512284231764008,0.4144806959681409,UP,UP
2026-05-08,NTPC,-2.287699074744032,0.03744542044564405,-2.325144495189676,DOWN,UP
2026-05-11,NTPC,-0.0636213238920269,0.0335624361684916,-0.0971837600605185,DOWN,UP
2026-05-12,NTPC,-0.572956437499117,0.016002199662103922,-0.5889586371612209,DOWN,UP
2026-05-13,NTPC,1.4982649258659997,0.01513493258096331,1.4831299932850364,UP,UP
2026-05-14,NTPC,-0.2649477227633201,0.045946872020388926,-0.31089459478370907,DOWN,UP
2026-05-15,NTPC,-1.7583838600964463,0.014446891225450453,-1.7728307513218968,DOWN,UP
2026-05-18,NTPC,0.2832876997415967,0.013671265129960248,0.2696164346116364,UP,UP
2026-05-19,NTPC,0.7832610062540768,0.017503584018593837,0.7657574222354829,UP,UP
2026-05-20,NTPC,-0.930060976055458,0.019280373176603673,-0.9493413492320617,DOWN,UP
2026-05-21,NTPC,-0.0385786782905683,0.04942067894590093,-0.08799935723646923,DOWN,UP
2026-05-22,NTPC,0.360219714002441,0.02664423702141516,0.33357547698102585,UP,UP
2026-05-25,NTPC,-0.0897258292245517,0.022741616953222007,-0.11246744617777371,DOWN,UP
2026-05-26,NTPC,2.168329849824069,0.021794064284013547,2.1465357855400553,UP,UP
2026-05-27,NTPC,0.0,0.08001790902650872,-0.08001790902650872,UP,UP
2026-05-28,NTPC,-2.825568296486003,1.409534741629096,-4.235103038115099,DOWN,UP
2026-06-01,NTPC,-2.983897001928093,0.00152282689166284,-2.9854198288197558,DOWN,UP
2026-06-02,NTPC,-0.1633114081337261,0.013085392270410537,-0.17639680040413663,DOWN,UP
2026-06-03,NTPC,-0.1090495937285052,-0.028336256360135603,-0.0807133373683696,DOWN,DOWN
2026-06-04,NTPC,-1.2963974015081423,0.030587888304205495,-1.3269852898123478,DOWN,UP
2026-06-05,NTPC,0.2073828322017634,0.044149606794092265,0.16323322540767113,UP,UP
2026-06-08,NTPC,-1.862582812826441,0.055433441649134864,-1.9180162544755759,DOWN,UP
2026-06-09,NTPC,-1.1247012705317916,0.07921006351179985,-1.2039113340435914,DOWN,UP
2026-06-10,NTPC,0.0568782057451588,0.15426539273364662,-0.09738718698848782,UP,UP
2026-06-11,NTPC,0.5826311659536065,0.17960383664920895,0.40302732930439755,UP,UP
2026-06-12,NTPC,-1.6388776188182796,0.0705874695501763,-1.709465088368456,DOWN,UP
2026-06-15,NTPC,2.1401843030240286,0.07316524077933782,2.067019062244691,UP,UP
2026-06-16,NTPC,0.0,0.04527697087878309,-0.04527697087878309,UP,UP
2026-06-17,NTPC,1.800035053802107,0.04504468515782888,1.7549903686442783,UP,UP
2026-06-18,NTPC,1.0636760480989826,0.08119432417092254,0.9824817239280601,UP,UP
2026-06-19,NTPC,0.3417167965318324,0.06103090870281972,0.28068588782901266,UP,UP
2026-06-22,NTPC,-0.6674790276345322,0.07741873100938113,-0.7448977586439133,DOWN,UP
2026-06-23,NTPC,-2.0707674668560827,0.019213673977165956,-2.0899811408332485,DOWN,UP
2026-06-24,NTPC,-1.4003641425410662,-0.025144794107451778,-1.3752193484336144,DOWN,DOWN
2026-06-25,NTPC,0.0,0.0171159790011839,-0.0171159790011839,UP,UP
2026-06-26,NTPC,1.1504100130600214,1.0018756999094596,0.14853431315056187,UP,UP
2026-06-30,NTPC,0.3504836734590899,0.026698759418093663,0.3237849140409962,UP,UP
2026-07-01,NTPC,0.0977943865561714,0.034790787246769185,0.06300359930940222,UP,UP
2026-07-02,NTPC,-0.502439021065948,0.018141191887585725,-0.5205802129535336,DOWN,UP
2026-07-03,NTPC,-0.0561122738621411,0.017496918247152042,-0.07360919210929315,DOWN,UP
2026-07-06,NTPC,-0.57543516995614,0.01497206449999629,-0.5904072344561363,DOWN,UP
2026-07-07,NTPC,-1.5527949775408945,0.015018911150315386,-1.5678138886912099,DOWN,UP
2026-07-08,NTPC,-1.4338972827541483,0.006010391068561246,-1.4399076738227095,DOWN,UP
2026-07-09,NTPC,0.2473015873579731,0.025575551248156934,0.22172603610981617,UP,UP
2026-07-10,NTPC,2.0896858110926786,0.019391440917684834,2.070294370174994,UP,UP
2026-07-13,NTPC,-1.0234558929681947,0.038490916328362414,-1.0619468092965572,DOWN,UP
2026-07-14,NTPC,-1.0914800688172963,0.021235593436060594,-1.112715662253357,DOWN,UP
2026-07-15,NTPC,-0.5517624111536112,0.014452174372307329,-0.5662145855259185,DOWN,UP
2026-07-16,NTPC,-0.1752098356337272,0.012103681789011653,-0.18731351742273883,DOWN,UP
2026-07-17,NTPC,1.5796383794269175,0.02131419120194838,1.5583241882249692,UP,UP
2026-07-20,NTPC,0.3743665350522063,0.0622575414673954,0.3121089935848109,UP,UP
2026-07-21,NTPC,0.5594641444054638,0.03898729107808205,0.5204768533273817,UP,UP
2026-07-22,NTPC,-0.5420809975704377,0.05468012874064947,-0.5967611263110871,DOWN,UP
2026-07-23,NTPC,-0.401604667806188,0.01815379836485305,-0.419758466171041,DOWN,UP
2026-07-24,NTPC,1.0368592912925578,0.0180519564300537,1.0188073348625042,UP,UP
2026-07-27,NTPC,-2.009688722432179,0.05322665713861489,-2.062915379570794,DOWN,UP
2026-07-28,NTPC,-0.0727272727272687,-0.010140403465555467,-0.06258686926171324,DOWN,DOWN
2026-07-29,NTPC,0.3930148772971265,0.02846050965962318,0.3645543676375033,UP,UP
2026-07-30,NTPC,0.6959529807182285,0.019276599722257235,0.6766763809959713,UP,UP
2026-07-31,NTPC,1.0511141530552548,0.02907032916105921,1.0220438238941956,UP,UP
2026-08-03,NTPC,-2.066115738417129,0.053580713301681515,-2.1196964517188106,DOWN,UP
2026-08-04,NTPC,1.818710930017553,-0.030889040508163993,1.8495999705257171,UP,DOWN
2026-08-05,NTPC,-1.4003983943863707,0.20210380628707522,-1.602502200673446,DOWN,UP
2026-08-06,NTPC,-0.7246376811594235,0.03392331459147183,-0.7585609957508953,DOWN,UP
2026-08-07,NTPC,-0.5985365818886867,0.030099508669042017,-0.6286360905577287,DOWN,UP
2026-08-10,NTPC,-0.5874577554086824,0.020046341284314595,-0.607504096692997,DOWN,UP
2026-08-11,NTPC,0.2954646074553313,0.02055817357024994,0.2749064338850814,UP,UP
2026-08-12,NTPC,1.4140484962013256,0.015546947451323189,1.3985015487500023,UP,UP
2026-08-13,NTPC,-1.2345679012345734,0.037296514870801725,-1.2718644161053752,DOWN,UP
2026-08-14,NTPC,-0.8823529411764675,0.01819039109282655,-0.900543332269294,DOWN,UP
2026-08-17,NTPC,0.0296754016366751,0.019362520888067208,0.010312880748607891,UP,UP
2026-08-18,NTPC,-0.1631617622629089,0.022931880630958808,-0.1860936428938677,DOWN,UP
2026-08-19,NTPC,0.2822796735965527,0.02330448532645686,0.25897518827009586,UP,UP
2026-08-20,NTPC,0.7407407407407307,0.03034637417529876,0.710394366565432,UP,UP
2026-08-21,NTPC,-0.1470588235294112,0.026986623824898755,-0.17404544735430993,DOWN,UP
2026-08-24,NTPC,0.1030945813006223,0.024669514353441113,0.07842506694718118,UP,UP
2026-08-25,NTPC,-1.5447991483633738,0.024549107810013304,-1.5693482561733871,DOWN,UP
2026-08-26,NTPC,-1.1058015957975176,0.020026719224382622,-1.1258283150219002,DOWN,UP
2026-08-27,NTPC,-0.2568770381366492,0.048543961069081334,-0.3054209992057305,DOWN,UP
2026-08-28,NTPC,-0.8029068306303455,0.026120905909261194,-0.8290277365396067,DOWN,UP
2026-08-31,NTPC,0.0305455422663358,0.14195796887405845,-0.11141242660772266,UP,UP
2026-09-01,NTPC,0.7633587786259444,0.023435925802815265,0.7399228528231291,UP,UP
2026-09-02,NTPC,0.2727254231770892,0.01817064510481287,0.25455477807227633,UP,UP
2025-09-17,ONGC,-0.5445831299944581,0.034570035139456216,-0.5791531651339143,DOWN,UP
2025-09-18,ONGC,0.466915455076422,0.02773874225459944,0.4391767128218226,UP,UP
2025-09-19,ONGC,0.3295444553007565,0.2504538497005778,0.07909060560017867,UP,UP
2025-09-22,ONGC,-0.3410946875100351,0.04153135807925748,-0.3826260455892926,DOWN,UP
2025-09-23,ONGC,0.78593787778658,0.03295764703282026,0.7529802307537597,UP,UP
2025-09-24,ONGC,0.4821372949376457,0.02901499957705562,0.45312229536059007,UP,UP
2025-09-25,ONGC,-0.6884440727209062,0.036023340592299884,-0.7244674133132061,DOWN,UP
2025-09-26,ONGC,0.823456608644757,0.029671768144032384,0.7937848405007246,UP,UP
2025-09-29,ONGC,-0.2000148912761901,0.03915009333842412,-0.23916498461461422,DOWN,UP
2025-09-30,ONGC,1.478076528656702,0.03364404544546437,1.4444324832112376,UP,UP
2025-10-01,ONGC,0.255106317109921,0.04477746661590409,0.2103288504940169,UP,UP
2025-10-03,ONGC,0.9028962140594564,0.03328683924409768,0.8696093748153587,UP,UP
2025-10-06,ONGC,-0.2196344605841949,0.05195370714616546,-0.2715881677303604,DOWN,UP
2025-10-07,ONGC,-1.4307882198071886,0.03278109657510022,-1.463569316382289,DOWN,UP
2025-10-08,ONGC,0.6534063301794957,0.03557468879263559,0.6178316413868601,UP,UP
2025-10-09,ONGC,1.2120452589013286,0.04984406619679745,1.1622011927045313,UP,UP
2025-10-10,ONGC,-0.9133717761827808,0.03520190470946078,-0.9485736808922416,DOWN,UP
2025-10-13,ONGC,0.2458134755694896,0.04372028980318251,0.20209318576630708,UP,UP
2025-10-14,ONGC,1.238301013145171,0.035606940545908676,1.2026940725992623,UP,UP
2025-10-15,ONGC,0.2543213627111074,0.048479590066417486,0.2058417726446899,UP,UP
2025-10-16,ONGC,-0.265755444287874,0.03593742571281487,-0.3016928700006889,DOWN,UP
2025-10-17,ONGC,0.4239182209246461,0.15405473379912632,0.2698634871255198,UP,UP
2025-10-20,ONGC,-0.2492604174175072,0.03348682894477049,-0.2827472463622777,DOWN,UP
2025-10-21,ONGC,1.688700033799062,0.03767894423539907,1.651021089563663,UP,UP
2025-10-23,ONGC,1.0502989104338225,0.34023697041526524,0.7100619400185573,UP,UP
2025-10-24,ONGC,-0.6628500144741922,0.05849455096439423,-0.7213445654385865,DOWN,UP
2025-10-27,ONGC,-1.0779053738204314,0.04134091038821478,-1.1192462842086461,DOWN,UP
2025-10-28,ONGC,2.0356055880033086,0.024490329276259177,2.0111152587270493,UP,UP
2025-10-29,ONGC,-0.4342045896580049,0.04730945360007234,-0.48151404325807723,DOWN,UP
2025-10-30,ONGC,0.3300185997403781,0.03431623729246692,0.2957023624479112,UP,UP
2025-10-31,ONGC,0.8536604602983555,0.027506533627351743,0.8261539266710037,UP,UP
2025-11-03,ONGC,-2.019018418138363,0.027817361779587005,-2.04683577991795,DOWN,UP
2025-11-04,ONGC,-0.3368361731550418,-0.014018166926963697,-0.3228180062280781,DOWN,DOWN
2025-11-06,ONGC,0.2783288064581279,0.020713550003241963,0.2576152564548859,UP,UP
2025-11-07,ONGC,-0.3172097785242855,0.031232962643881253,-0.34844274116816676,DOWN,UP
2025-11-10,ONGC,-0.7756551295085345,0.019637655201393468,-0.795292784709928,DOWN,UP
2025-11-11,ONGC,1.763884228944823,0.14106549228553827,1.6228187366592848,UP,UP
2025-11-12,ONGC,-1.181800247338438,0.045855140515513954,-1.2276553878539518,DOWN,UP
2025-11-13,ONGC,-1.2955949455543792,0.029365512597595286,-1.3249604581519745,DOWN,UP
2025-11-14,ONGC,0.1817435125805566,0.03241805113552395,0.14932546144503264,UP,UP
2025-11-17,ONGC,-0.4434614351873644,0.02763546662422394,-0.47109690181158836,DOWN,UP
2025-11-18,ONGC,0.8301288022236619,0.024407822681679833,0.8057209795419821,UP,UP
2025-11-19,ONGC,-0.3815248788121228,0.022907359936221984,-0.40443223874834483,DOWN,UP
2025-11-20,ONGC,-0.4434614351873644,0.02192378122721771,-0.46538521641458214,DOWN,UP
2025-11-21,ONGC,-0.4859270957973338,0.029731802420589867,-0.5156588982179237,DOWN,UP
2025-11-24,ONGC,-0.1627645560465573,0.15201319992762358,-0.3147777559741809,DOWN,UP
2025-11-25,ONGC,0.9578116104611344,0.037904137400566036,0.9199074730605683,UP,UP
2025-11-26,ONGC,-1.4937412167248865,0.027780435095962678,-1.5215216518208492,DOWN,UP
2025-11-27,ONGC,-0.307377049180324,0.02240409144394402,-0.329781140624268,DOWN,UP
2025-11-28,ONGC,0.6495382655928861,0.030640751642526474,0.6188975139503596,UP,UP
2025-12-01,ONGC,-0.5268996999036268,0.027928940842893095,-0.5548286407465199,DOWN,UP
2025-12-02,ONGC,-1.4453433155581563,0.02255301303484196,-1.4678963285929982,DOWN,UP
2025-12-03,ONGC,0.9207530271391208,0.09455611355561744,0.8261969135835033,UP,UP
2025-12-04,ONGC,-0.4128307879445292,0.0284948058521488,-0.441325593796678,DOWN,UP
2025-12-05,ONGC,-1.1234056722112529,0.03259408748179363,-1.1559997596930465,DOWN,UP
2025-12-08,ONGC,0.5534093752245228,0.03131251014081948,0.5220968650837033,UP,UP
2025-12-09,ONGC,-0.2293208222797771,0.03267858191683948,-0.2619994041966166,DOWN,UP
2025-12-10,ONGC,-0.3677502815469857,0.03828937815341833,-0.406039659700404,DOWN,UP
2025-12-11,ONGC,-0.1635834837707239,0.20344649169687035,-0.36702997546759425,DOWN,UP
2025-12-12,ONGC,-1.121753684992366,0.03383099044755493,-1.1555846754399208,DOWN,UP
2025-12-15,ONGC,-1.334182837568032,0.3867388931418135,-1.7209217307098454,DOWN,UP
2025-12-16,ONGC,0.3014499496159395,0.03522999156251048,0.266219958053429,UP,UP
2025-12-17,ONGC,-0.3907104236834158,0.021487559772421772,-0.4121979834558376,DOWN,UP
2025-12-18,ONGC,0.3836204265726062,0.030789917417824563,0.35283050915478165,UP,UP
2025-12-19,ONGC,0.5539066896447231,0.02443555177073165,0.5294711378739915,UP,UP
2025-12-22,ONGC,0.5594042438956448,0.025022141034012357,0.5343821028616325,UP,UP
2025-12-23,ONGC,-0.730392450032491,0.03346363497080267,-0.7638560850032936,DOWN,UP
2025-12-24,ONGC,0.3251035175369177,0.030542827091714457,0.2945606904452032,UP,UP
2025-12-26,ONGC,0.1236552025034587,0.028604340430576816,0.09505086207288188,UP,UP
2025-12-29,ONGC,-0.059626370867194,0.31345393124542725,-0.3730803021126213,DOWN,UP
2025-12-30,ONGC,2.428844547863096,0.03992175851563734,2.3889227893474585,UP,UP
2025-12-31,ONGC,-1.0150604841678843,0.1172159373995869,-1.1322764215674712,DOWN,UP
2026-01-01,ONGC,1.479366326108944,0.03575339211337288,1.4436129339955712,UP,UP
2026-01-02,ONGC,-1.3956805608682177,0.07291428884211168,-1.4685948497103294,DOWN,UP
2026-01-05,ONGC,1.5960364190878984,0.2872965885486638,1.3087398305392346,UP,UP
2026-01-06,ONGC,-1.1699540444812029,0.06273020630352835,-1.2326842507847313,DOWN,UP
2026-01-07,ONGC,-3.1958501914465254,0.02951585996872027,-3.2253660514152456,DOWN,UP
2026-01-08,ONGC,1.1537456529561174,0.01029382989097792,1.1434518230651396,UP,UP
2026-01-09,ONGC,0.6920459657909328,0.06098071484208861,0.6310652509488441,UP,UP
2026-01-12,ONGC,3.4236951489403644,0.04308946627353123,3.3806056826668334,UP,UP
2026-01-13,ONGC,1.8254151163036525,0.26996798006798245,1.55544713623567,UP,UP
2026-01-14,ONGC,0.0,0.1427292444879792,-0.1427292444879792,UP,UP
2026-01-15,ONGC,-0.4270223489659108,2.0455693616638295,-2.4725917106297404,DOWN,UP
2026-01-19,ONGC,-1.118835594535117,0.04892729875627015,-1.167762893291387,DOWN,UP
2026-01-20,ONGC,0.8236597747686147,0.012421258586281085,0.8112385161823337,UP,UP
2026-01-21,ONGC,0.6766511625564631,0.024787203879774216,0.6518639586766889,UP,UP
2026-01-22,ONGC,0.5983388987069738,0.026194507822582515,0.5721443908843913,UP,UP
2026-01-23,ONGC,1.0103050129165458,0.036526234958692914,0.973778777957853,UP,UP
2026-01-27,ONGC,8.32022176968601,0.13564866121673355,8.184573108469277,UP,UP
2026-01-28,ONGC,2.535567956155038,-2.579214482960569,5.114782439115608,UP,DOWN
2026-01-29,ONGC,-2.334878845032906,-0.632098285621539,-1.7027805594113672,DOWN,DOWN
2026-01-30,ONGC,-5.580753637606694,0.06382137610775346,-5.644575013714448,DOWN,UP
2026-02-02,ONGC,1.2010250397362476,0.4853150108661396,0.715710028870108,UP,UP
2026-02-03,ONGC,3.871600080556914,0.24125961615299435,3.6303404644039197,UP,UP
2026-02-04,ONGC,0.8428544285868034,0.3427214293078544,0.5001329992789489,UP,UP
2026-02-05,ONGC,-0.0928677521038645,0.06728023940628042,-0.16014799151014492,DOWN,UP
2026-02-06,ONGC,-0.8737705881592062,0.04162058586224887,-0.9153911740214551,DOWN,UP
2026-02-09,ONGC,2.0817658161694785,-0.005637736253532591,2.087403552423011,UP,DOWN
2026-02-10,ONGC,0.9002433444709634,0.03945857324304858,0.8607847712279149,UP,UP
2026-02-11,ONGC,0.6372905903506476,-0.05029203795667416,0.6875826283073218,UP,DOWN
2026-02-12,ONGC,-3.238650989455283,-0.0432589195455602,-3.1953920699097225,DOWN,DOWN
2026-02-13,ONGC,1.551979802247461,-0.08424928146179388,1.6362290837092548,UP,DOWN
2026-02-16,ONGC,0.110483639857728,-0.012364769577893056,0.12284840943562104,UP,DOWN
2026-02-17,ONGC,-2.6669118400679093,-0.030541417658046393,-2.636370422409863,DOWN,DOWN
2026-02-18,ONGC,3.7981812400401216,0.020691811041286246,3.777489428998835,UP,UP
2026-02-19,ONGC,1.456399085706006,0.643041985564101,0.8133571001419051,UP,UP
2026-02-20,ONGC,-1.076619438618931,0.041768548355355976,-1.118387986974287,DOWN,UP
2026-02-23,ONGC,0.3083642743829884,0.04593383770044263,0.2624304366825458,UP,UP
2026-02-24,ONGC,0.3435848850022571,0.01003344430752641,0.3335514406947307,UP,UP
2026-02-25,ONGC,0.9551248080345908,-0.01252094701662991,0.9676457550512206,UP,DOWN
2026-02-26,ONGC,-0.1428039585035012,-0.035198841466168675,-0.10760511703733253,DOWN,DOWN
2026-02-27,ONGC,0.8938147625640935,-0.04739853960466501,0.9412133021687585,UP,DOWN
2026-03-02,ONGC,-1.8603826268258403,0.5636261397851438,-2.424008766610984,DOWN,UP
2026-03-04,ONGC,-0.2166477981835557,0.13176100279726224,-0.34840880098081795,DOWN,UP
2026-03-05,ONGC,0.9408380843464624,0.2901146259196144,0.650723458426848,UP,UP
2026-03-06,ONGC,-2.9216791745517834,0.03348269473885859,-2.955161869290642,DOWN,UP
2026-03-09,ONGC,-0.5908329608791174,0.9950777212453423,-1.5859106821244597,DOWN,UP
2026-03-10,ONGC,0.5757755284857557,0.02411189392895446,0.5516636345568013,UP,UP
2026-03-11,ONGC,-0.0738733913319467,0.017879544807564623,-0.09175293613951133,DOWN,UP
2026-03-12,ONGC,-2.384025866003292,0.01944908895221141,-2.4034749549555032,DOWN,UP
2026-03-13,ONGC,-1.382049909932126,0.014661946392979,-1.3967118563251049,DOWN,UP
2026-03-16,ONGC,1.6509839091697565,0.0013410871321209636,1.6496428220376356,UP,UP
2026-03-17,ONGC,0.0944287063267212,0.03930504801995182,0.05512365830676939,UP,UP
2026-03-18,ONGC,1.54717211453419,0.034565511324260965,1.512606603209929,UP,UP
2026-03-19,ONGC,-1.3749580539243689,0.23977097079507592,-1.6147290247194448,DOWN,UP
2026-03-20,ONGC,0.0188463872257571,0.03217218644552768,-0.013325799219770583,UP,UP
2026-03-23,ONGC,0.9794595842435694,0.03492788765742231,0.9445316965861471,UP,UP
2026-03-24,ONGC,0.8020983070229137,0.025643532468580782,0.776454774554333,UP,UP
2026-03-25,ONGC,4.348630447506041,0.03605842266948987,4.312572024836551,UP,UP
2026-03-27,ONGC,0.9576100629747676,0.50589347288889,0.4517165900858776,UP,UP
2026-03-30,ONGC,1.19444720512476,0.06845984283394142,1.1259873622908187,UP,UP
2026-04-01,ONGC,-0.2950791952639808,0.0987162855003207,-0.3937954807643015,DOWN,UP
2026-04-02,ONGC,-1.8628154164767263,0.04972471283337452,-1.9125401293101008,DOWN,UP
2026-04-06,ONGC,1.7030291605549364,0.07563558671411542,1.627393573840821,UP,UP
2026-04-07,ONGC,-0.4011839947569151,0.04440083876976566,-0.4455848335266807,DOWN,UP
2026-04-08,ONGC,1.0858164986044194,0.3745262598338172,0.7112902387706022,UP,UP
2026-04-09,ONGC,-0.727652827132097,0.04793372466294285,-0.7755865517950399,DOWN,UP
2026-04-10,ONGC,0.3664878858529619,0.023722430407607183,0.3427654554453547,UP,UP
2026-04-13,ONGC,0.0173946488159382,0.030795435976377957,-0.013400787160439756,UP,UP
2026-04-15,ONGC,-1.6863720447105823,0.030346810588715557,-1.7167188552992978,DOWN,UP
2026-04-16,ONGC,0.4597657976900926,0.021891851201482806,0.43787394648860983,UP,UP
2026-04-17,ONGC,-0.2464290510596045,0.023263430416245626,-0.2696924814758501,DOWN,UP
2026-04-20,ONGC,-0.0882301022109954,0.03001485097099736,-0.11824495318199277,DOWN,UP
2026-04-21,ONGC,0.1942733243063488,0.022240104179675285,0.17203322012667352,UP,UP
2026-04-22,ONGC,0.9166247697733,0.031479799611348745,0.8851449701619513,UP,UP
2026-04-23,ONGC,-0.5065544828056767,0.03415637112311183,-0.5407108539287886,DOWN,UP
2026-04-24,ONGC,0.3862381146993776,0.024127190249753506,0.36211092444962406,UP,UP
2026-04-27,ONGC,5.386496755946157,0.038615763142968114,5.347880992803189,UP,UP
2026-04-28,ONGC,0.0331915391859727,0.5957629069965626,-0.5625713678105899,UP,UP
2026-04-29,ONGC,-0.6138042936228438,0.07374858357107324,-0.6875528771939171,DOWN,UP
2026-04-30,ONGC,0.0,0.11959270369903247,-0.11959270369903247,UP,UP
2026-05-01,ONGC,-2.219994714565121,1.962692092407376,-4.182686806972497,DOWN,UP
2026-05-05,ONGC,-3.155724790081804,0.024027886085695848,-3.1797526761675,DOWN,UP
2026-05-06,ONGC,1.1039908255983333,0.1169096464250166,0.9870811791733167,UP,UP
2026-05-07,ONGC,-1.6555060903477248,0.05740854354308253,-1.7129146338908072,DOWN,UP
2026-05-08,ONGC,0.6446947400682967,0.028718191858659186,0.6159765482096375,UP,UP
2026-05-11,ONGC,4.804270462633453,0.04756640522152062,4.756704057411932,UP,UP
2026-05-12,ONGC,0.8998281482120118,0.542680537812362,0.3571476103996498,UP,UP
2026-05-13,ONGC,1.2619889204192214,0.11655501600599803,1.1454339044132233,UP,UP
2026-05-14,ONGC,-0.5151172563672368,0.12382941279872686,-0.6389466691659637,DOWN,UP
2026-05-15,ONGC,-0.7182207625347159,0.08344477709708392,-0.8016655396317998,DOWN,UP
2026-05-18,ONGC,-0.23553572620435,0.061425772210739055,-0.29696149841508906,DOWN,UP
2026-05-19,ONGC,0.6070785136488288,0.03470067423641294,0.5723778394124158,UP,UP
2026-05-20,ONGC,-0.8213147132790088,0.02121490554879726,-0.8425296188278061,DOWN,UP
2026-05-21,ONGC,-1.977355410791759,0.02059217992836465,-1.9979475907201236,DOWN,UP
2026-05-22,ONGC,-1.7413751010237122,-0.010634671110823557,-1.7307404299128886,DOWN,DOWN
2026-05-25,ONGC,0.8948895187679717,0.009700563992293404,0.8851889547756784,UP,UP
2026-05-26,ONGC,-4.678265115489133,0.015262288137260237,-4.693527403626393,DOWN,UP
2026-05-27,ONGC,0.0,0.6817844053495546,-0.6817844053495546,UP,UP
2026-05-28,ONGC,-3.156356242211922,0.9976310891507616,-4.153987331362684,DOWN,UP
2026-06-01,ONGC,0.2837684580551336,0.11770690465572678,0.16606155339940684,UP,UP
2026-06-02,ONGC,1.0186803740358077,0.12840351669207342,0.8902768573437343,UP,UP
2026-06-03,ONGC,-0.0747011044000989,0.07989790749728014,-0.15459901189737904,DOWN,UP
2026-06-04,ONGC,-1.0465288434755582,0.07106926363602917,-1.1175981071115872,DOWN,UP
2026-06-05,ONGC,-0.0377737879190265,0.10048275001185412,-0.1382565379308806,DOWN,UP
2026-06-08,ONGC,-2.1348928875072337,0.04197169290824618,-2.17686458041548,DOWN,UP
2026-06-09,ONGC,-2.7413150978824685,-0.011313270358662933,-2.7300018275238056,DOWN,DOWN
2026-06-10,ONGC,0.2778929035301525,0.04293567875052227,0.23495722477963024,UP,UP
2026-06-11,ONGC,-2.5336536027836365,0.042610051690862696,-2.576263654474499,DOWN,UP
2026-06-12,ONGC,-1.0357445505142948,0.26743872464923746,-1.3031832751635322,DOWN,UP
2026-06-15,ONGC,1.8674340922375965,0.2686932625768043,1.5987408296607921,UP,UP
2026-06-16,ONGC,-1.289281622718752,0.03953010143502059,-1.3288117241537727,DOWN,UP
2026-06-17,ONGC,0.1224502252072712,0.1297403973742247,-0.00729017216695349,UP,UP
2026-06-18,ONGC,0.3872796316442439,0.100903444289955,0.2863761873542889,UP,UP
2026-06-19,ONGC,-0.3248743357392114,0.15692917952171812,-0.48180351526092946,DOWN,UP
2026-06-22,ONGC,-0.4481527229183601,0.12294928183946748,-0.5711020047578276,DOWN,UP
2026-06-23,ONGC,-1.7802357253360437,0.03740858040948916,-1.817644305745533,DOWN,UP
2026-06-24,ONGC,-2.8749974568685,0.2973225833755071,-3.1723200402440073,DOWN,UP
2026-06-25,ONGC,0.0,0.65674881672833,-0.65674881672833,UP,UP
2026-06-26,ONGC,0.4075490876737087,0.8521944915536165,-0.4446454038799078,UP,UP
2026-06-30,ONGC,0.0383191140989724,0.3221583946643006,-0.28383928056532814,UP,UP
2026-07-01,ONGC,0.4127840325240273,0.04334543587212658,0.3694385966519007,UP,UP
2026-07-02,ONGC,0.7967407910371982,-0.10308693228753973,0.8998277233247379,UP,DOWN
2026-07-03,ONGC,2.547930395182374,-0.030927753204175137,2.578858148386549,UP,DOWN
2026-07-06,ONGC,0.1148006503910226,0.10885873808697868,0.005941912304043909,UP,UP
2026-07-07,ONGC,1.15488877418517,0.06902377842909214,1.085864995756078,UP,UP
2026-07-08,ONGC,-1.3562777747026744,0.08489986225876316,-1.4411776369614375,DOWN,UP
2026-07-09,ONGC,0.5376617484913027,0.03943304922988708,0.49822869926141555,UP,UP
2026-07-10,ONGC,1.424718377988765,0.04224694823312312,1.382471429755642,UP,UP
2026-07-13,ONGC,0.1811217362727379,0.030220676939363915,0.15090105933337397,UP,UP
2026-07-14,ONGC,-0.6910410859304772,0.04016355604636728,-0.7312046419768444,DOWN,UP
2026-07-15,ONGC,-0.1739593367272474,0.02071301976525287,-0.19467235649250025,DOWN,UP
2026-07-16,ONGC,0.2188422638836229,0.03369461741730714,0.18514764646631576,UP,UP
2026-07-17,ONGC,0.9260417352481288,0.024125064285105725,0.9019166709630231,UP,UP
2026-07-20,ONGC,0.1242076914494072,0.04003626788862259,0.08417142356078461,UP,UP
2026-07-21,ONGC,0.804351719454699,0.025578127288444902,0.7787735921662541,UP,UP
2026-07-22,ONGC,0.1865824660941539,0.03124735798496225,0.15533510810919166,UP,UP
2026-07-23,ONGC,-1.4304397036879135,0.027588187158583435,-1.458027890846497,DOWN,UP
2026-07-24,ONGC,-4.100336538623783,0.021365613816008294,-4.121702152439791,DOWN,UP
2026-07-27,ONGC,0.1467161750073442,0.03873534924640795,0.10798082576093626,UP,UP
2026-07-28,ONGC,-0.2511431477621118,0.012978250378155368,-0.26412139814026714,DOWN,UP
2026-07-29,ONGC,1.3763580264778863,-0.006154130124777035,1.3825121566026632,UP,DOWN
2026-07-30,ONGC,0.3890899688129057,0.04427169503487275,0.3448182737780329,UP,UP
2026-07-31,ONGC,-0.2185291642124553,0.0438672563556451,-0.2623964205681004,DOWN,UP
2026-08-03,ONGC,0.0,0.028516957796426313,-0.028516957796426313,UP,UP
2026-08-04,ONGC,-0.7438029139495095,0.02593731632415591,-0.7697402302736653,DOWN,UP
2026-08-05,ONGC,-0.9991648322133506,0.044200411615689474,-1.0433652438290402,DOWN,UP
2026-08-06,ONGC,0.4415487965865328,0.03331223649743353,0.40823656008909925,UP,UP
2026-08-07,ONGC,0.4144819799359878,0.030862489788420724,0.3836194901475671,UP,UP
2026-08-10,ONGC,-0.1626081536038048,0.025436697052540206,-0.188044850656345,DOWN,UP
2026-08-11,ONGC,-0.1670469415670283,0.03623266972407774,-0.20327961129110603,DOWN,UP
2026-08-12,ONGC,0.3555703132714694,0.03516131166557765,0.3204090016058917,UP,UP
2026-08-13,ONGC,-1.4589412626288878,0.03597924182630019,-1.4949205044551879,DOWN,UP
2026-08-14,ONGC,0.8840996830121961,0.025916435393467576,0.8581832476187286,UP,UP
2026-08-17,ONGC,0.4234955275158825,0.17407651673559446,0.24941901078028803,UP,UP
2026-08-18,ONGC,-0.6263048016701411,0.03871695854104191,-0.6650217602111831,DOWN,UP
2026-08-19,ONGC,0.2100840336134446,0.03227199602674496,0.17781203758669964,UP,UP
2026-08-20,ONGC,-0.8805057037801212,0.03149599551177485,-0.912001699291896,DOWN,UP
2026-08-21,ONGC,0.0634556510771711,0.02734526935550529,0.036110381721665814,UP,UP
2026-08-24,ONGC,-1.0779974715112828,0.0364513830628498,-1.1144488545741327,DOWN,UP
2026-08-25,ONGC,-0.7649543957832572,0.037783326456153184,-0.8027377222394104,DOWN,UP
2026-08-26,ONGC,-0.0904382704428274,0.033092768618133865,-0.12353103906096127,DOWN,UP
2026-08-27,ONGC,0.1077586206896574,0.04637726317209479,0.06138135751756261,UP,UP
2026-08-28,ONGC,-0.1937554136672514,0.03299492508455501,-0.22675033875180642,DOWN,UP
2026-08-31,ONGC,2.006037029881358,0.027937347589035533,1.9780996822923225,UP,UP
2026-09-01,ONGC,0.4440698098159279,0.04791895715199519,0.39615085266393274,UP,UP
2026-09-02,ONGC,-0.6315789473684164,0.04831880390864899,-0.6798977512770653,DOWN,UP
2025-09-17,Reliance,0.084874178132166,0.0358467683545016,0.04902740977766439,UP,UP
2025-09-18,Reliance,-0.5371007481227874,0.03712425702284682,-0.5742250051456342,DOWN,UP
2025-09-19,Reliance,-1.1936939417859782,0.04635320259702356,-1.2400471443830017,DOWN,UP
2025-09-22,Reliance,-0.057523858180386,0.028214043462608942,-0.08573790164299494,DOWN,UP
2025-09-23,Reliance,-0.4892825290845781,0.043176093393546645,-0.5324586224781247,DOWN,UP
2025-09-24,Reliance,-0.7664479816296144,0.031007962194178004,-0.7974559438237924,DOWN,UP
2025-09-25,Reliance,0.3788947157804978,0.06084487054482059,0.31804984523567725,UP,UP
2025-09-26,Reliance,-0.3484267452727674,0.030968715159665053,-0.37939546043243244,DOWN,UP
2025-09-29,Reliance,-0.641029175052632,0.055534741866527876,-0.6965639169191599,DOWN,UP
2025-09-30,Reliance,0.3445712002840828,0.050736296103788006,0.2938349041802948,UP,UP
2025-10-01,Reliance,-0.3872234198061264,0.02971683299399442,-0.4169402528001208,DOWN,UP
2025-10-03,Reliance,0.8508123352075403,0.04455865400960011,0.8062536811979402,UP,UP
2025-10-06,Reliance,0.7127308238636276,0.030652306948689704,0.6820785169149379,UP,UP
2025-10-07,Reliance,-1.2565008521473686,0.030838539944613875,-1.2873393920919824,DOWN,UP
2025-10-08,Reliance,0.760569272222944,0.023855675379316387,0.7367135968436276,UP,UP
2025-10-09,Reliance,0.2830528527754783,0.02774694368358589,0.25530590909189244,UP,UP
2025-10-10,Reliance,-0.484906376828953,0.02951194393091368,-0.5144183207598667,DOWN,UP
2025-10-13,Reliance,0.0654563210227276,0.021485522247243077,0.043970798775484515,UP,UP
2025-10-14,Reliance,-0.1162857444252818,0.024201854249541164,-0.14048759867482297,DOWN,UP
2025-10-15,Reliance,1.7463435310553166,0.026525534532265638,1.719817996523051,UP,UP
2025-10-16,Reliance,1.3230350678671732,0.053064120924315755,1.2699709469428575,UP,UP
2025-10-17,Reliance,3.5290794944111026,0.06770950465533979,3.4613699897557626,UP,UP
2025-10-20,Reliance,-0.1090876467810586,0.0817056114693292,-0.1907932582503878,DOWN,UP
2025-10-21,Reliance,-1.1465961860274263,0.05351592376769169,-1.200112109795118,DOWN,UP
2025-10-23,Reliance,0.2209300688992721,0.08628471986833773,0.1346453490309344,UP,UP
2025-10-24,Reliance,2.2389088279559437,0.04005659525169059,2.1988522327042532,UP,UP
2025-10-27,Reliance,0.1886698250917806,0.05702635737504392,0.13164346771673668,UP,UP
2025-10-28,Reliance,1.1634895738622308,0.037318620537341536,1.1261709533248894,UP,UP
2025-10-29,Reliance,-1.043740970716267,0.06072128780835373,-1.1044622585246207,DOWN,UP
2025-10-30,Reliance,-0.1410799856189082,0.01579944529618873,-0.15687943091509693,DOWN,UP
2025-10-31,Reliance,-0.1143752162448774,0.023427599421461064,-0.13780281566633845,DOWN,UP
2025-11-03,Reliance,-0.7813010013761779,0.021442916823874537,-0.8027439182000524,DOWN,UP
2025-11-04,Reliance,1.561333268697629,0.021598979777031457,1.5397342889205974,UP,UP
2025-11-06,Reliance,-1.209810566225611,0.05267126015028526,-1.2624818263758961,DOWN,UP
2025-11-07,Reliance,0.7645499883710993,0.02680678258488663,0.7377432057862127,UP,UP
2025-11-10,Reliance,0.2752954711284339,0.0247677811540165,0.2505276899744174,UP,UP
2025-11-11,Reliance,1.2119978096986506,0.020104900020126094,1.1918929096785245,UP,UP
2025-11-12,Reliance,-0.0396940513355925,0.07754540610930197,-0.11723945744489447,DOWN,UP
2025-11-13,Reliance,0.5294857284221965,0.03872052241955942,0.4907652060026371,UP,UP
2025-11-14,Reliance,-0.0395006633941541,0.03328989191588829,-0.07279055531004239,DOWN,UP
2025-11-17,Reliance,0.0724478397261751,0.028656752074158572,0.04379108765201653,UP,UP
2025-11-18,Reliance,-0.0329077262054666,0.043445454430623434,-0.07635318063609003,DOWN,UP
2025-11-19,Reliance,1.9882777461620595,0.045651907468567954,1.9426258386934916,UP,UP
2025-11-20,Reliance,-0.1613840319798831,0.1876831620368338,-0.34906719401671693,DOWN,UP
2025-11-21,Reliance,-0.6918370193185419,0.040059393628253934,-0.7318964129467959,DOWN,UP
2025-11-24,Reliance,0.2474071682668333,0.06582381926442979,0.1815833490024035,UP,UP
2025-11-25,Reliance,1.961425875164968,0.02873884065449218,1.9326870345104759,UP,UP
2025-11-26,Reliance,-0.4140391043325198,0.04072905476141956,-0.45476815909393936,DOWN,UP
2025-11-27,Reliance,0.2622473789121393,0.03546093162189405,0.22678644729024522,UP,UP
2025-11-28,Reliance,-0.0893157520932996,0.02373678786017345,-0.11305253995347306,DOWN,UP
2025-12-01,Reliance,-1.2642824255459597,0.02173221503891573,-1.2860146405848754,DOWN,UP
2025-12-02,Reliance,-0.4850287630582373,0.021683941035179035,-0.5067127040934163,DOWN,UP
2025-12-03,Reliance,-0.2079590031612288,0.030723390339057303,-0.2386823935002861,DOWN,UP
2025-12-04,Reliance,0.3256056316419453,0.05220115901470321,0.2734044726272421,UP,UP
2025-12-05,Reliance,0.1557850481692879,0.023552207292184678,0.1322328408771032,UP,UP
2025-12-08,Reliance,-0.8813982881359372,0.02246371466677753,-0.9038620028027148,DOWN,UP
2025-12-09,Reliance,0.490388379774842,0.020409174232386876,0.46997920554245515,UP,UP
2025-12-10,Reliance,0.5270333435660968,0.034112671005055495,0.4929206725610413,UP,UP
2025-12-11,Reliance,0.7443365695792847,0.03485462570042359,0.7094819438788611,UP,UP
2025-12-12,Reliance,-0.0192771492531274,0.03082041691611357,-0.05009756616924097,DOWN,UP
2025-12-15,Reliance,-0.8931951407197269,0.024731465894943076,-0.9179266066146701,DOWN,UP
2025-12-16,Reliance,0.1361586928259051,0.04923522316125749,0.0869234696646476,UP,UP
2025-12-17,Reliance,0.0,0.029526022454842225,-0.029526022454842225,UP,UP
2025-12-18,Reliance,1.3403231575140897,0.020459819002154628,1.3198633385119352,UP,UP
2025-12-19,Reliance,0.6581080434985509,0.0730457467059233,0.5850622967926276,UP,UP
2025-12-22,Reliance,-0.2983415747968898,0.03699213009883098,-0.3353337048957208,DOWN,UP
2025-12-23,Reliance,-0.795823542916263,0.02978455562030233,-0.8256080985365654,DOWN,UP
2025-12-24,Reliance,0.0641766160528911,0.021912760704143847,0.042263855348747256,UP,UP
2025-12-26,Reliance,-0.872240636982824,0.23305153211141463,-1.1052921690942386,DOWN,UP
2025-12-29,Reliance,-0.3752540663449322,0.1226685798631396,-0.4979226462080718,DOWN,UP
2025-12-30,Reliance,1.987269425613136,0.022006719639115657,1.9652627059740204,UP,UP
2025-12-31,Reliance,0.3311227133873107,0.04851921019534628,0.2826035031919644,UP,UP
2026-01-01,Reliance,1.059918348626332,0.02844662133512072,1.0314717272912113,UP,UP
2026-01-02,Reliance,-0.8917963202122792,0.05689841732571948,-0.9486947375379986,DOWN,UP
2026-01-05,Reliance,-4.467397572439847,0.024501348353875886,-4.491898920793723,DOWN,UP
2026-01-06,Reliance,-0.2255256347255541,0.4361465455963384,-0.6616721803218926,DOWN,UP
2026-01-07,Reliance,-2.233743962015211,0.028077478455714087,-2.2618214404709254,DOWN,UP
2026-01-08,Reliance,0.3196024289552124,-0.0120780538186961,0.3316804827739085,UP,DOWN
2026-01-09,Reliance,0.5354776711371523,0.013780373114252672,0.5216972980228997,UP,UP
2026-01-12,Reliance,-2.049615921287695,0.0474995090172928,-2.097115430304988,DOWN,UP
2026-01-13,Reliance,0.4129955808330088,0.010828128739368085,0.40216745209364074,UP,UP
2026-01-14,Reliance,0.0,0.025633014231079113,-0.025633014231079113,UP,UP
2026-01-15,Reliance,-0.061696214966922,0.8176120246752729,-0.879308239642195,DOWN,UP
2026-01-19,Reliance,-1.386529140099435,0.1502777098307812,-1.5368068499302163,DOWN,UP
2026-01-20,Reliance,0.760399970296799,0.06632684496816701,0.694073125328632,UP,UP
2026-01-21,Reliance,-0.1495070213895943,0.05956173857330904,-0.20906875996290333,DOWN,UP
2026-01-22,Reliance,-1.1693422042112325,0.05890994297835428,-1.2282521471895866,DOWN,UP
2026-01-23,Reliance,-0.4040095003659649,0.03360410566710919,-0.4376136060330741,DOWN,UP
2026-01-27,Reliance,1.1734843297265485,0.3659975396376147,0.8074867900889338,UP,UP
2026-01-28,Reliance,-0.4081013368041231,0.0468531101246917,-0.45495444692881476,DOWN,UP
2026-01-29,Reliance,0.3163209499685404,0.0665807591090796,0.24974019085946078,UP,UP
2026-01-30,Reliance,-0.3583201886569798,0.03383181768832723,-0.392152006345307,DOWN,UP
2026-02-02,Reliance,3.35874211391467,0.218490642198209,3.140251471716461,UP,UP
2026-02-03,Reliance,1.3708213469390218,0.025066499064457307,1.3457548478745645,UP,UP
2026-02-04,Reliance,-0.919825917416861,0.09272573019552133,-1.0125516476123824,DOWN,UP
2026-02-05,Reliance,0.512680080982153,0.05346311983965262,0.4592169611425004,UP,UP
2026-02-06,Reliance,0.7444117999951816,0.03993749479492036,0.7044743052002612,UP,UP
2026-02-09,Reliance,-0.212094665963225,0.05220381226741861,-0.2642984782306436,DOWN,UP
2026-02-10,Reliance,0.6993452980373682,0.027465126884625476,0.6718801711527428,UP,UP
2026-02-11,Reliance,-1.3481260581519106,0.03967575404888199,-1.3878018122007925,DOWN,UP
2026-02-12,Reliance,-2.022227091891593,0.01710611315362502,-2.039333205045218,DOWN,UP
2026-02-13,Reliance,1.2327416385575107,-0.020347459588590064,1.2530890981461007,UP,DOWN
2026-02-16,Reliance,-0.9811408966302836,0.046684528215439704,-1.0278254248457233,DOWN,UP
2026-02-17,Reliance,1.286018891646168,0.028956349355411366,1.2570625422907564,UP,UP
2026-02-18,Reliance,-2.206344810296834,0.06994208360372103,-2.276286893900555,DOWN,UP
2026-02-19,Reliance,0.7023784614446527,0.0014861388858257772,0.7008923225588268,UP,UP
2026-02-20,Reliance,0.6058880821484758,0.0377609233717144,0.5681271587767613,UP,UP
2026-02-23,Reliance,0.0560258283000658,0.024886726780884875,0.031139101519180923,UP,UP
2026-02-24,Reliance,-2.12066403923884,0.04061300141716238,-2.1612770406560022,DOWN,UP
2026-02-25,Reliance,0.593496519708614,0.00036485751563304544,0.5931316621929809,UP,UP
2026-02-26,Reliance,-0.9169763979471224,0.04078851386538413,-0.9577649118125066,DOWN,UP
2026-02-27,Reliance,-2.575509275075405,0.02325325448220909,-2.598762529557614,DOWN,UP
2026-03-02,Reliance,-0.9572901325478612,0.04510055407604423,-1.0023906866239054,DOWN,UP
2026-03-04,Reliance,3.301117056807623,0.06539172688308852,3.2357253299245348,UP,UP
2026-03-05,Reliance,1.1083938493924306,0.08314713078034533,1.0252467186120853,UP,UP
2026-03-06,Reliance,1.3667390734995788,0.08974881950311446,1.2769902539964644,UP,UP
2026-03-09,Reliance,-1.0674123013957204,0.20834764130624303,-1.2757599427019635,DOWN,UP
2026-03-10,Reliance,-1.3202794585166266,0.04346299726039859,-1.3637424557770252,DOWN,UP
2026-03-11,Reliance,0.1438641972555165,0.039098819203455835,0.10476537805206065,UP,UP
2026-03-12,Reliance,-0.8260307716804527,0.03053863848627794,-0.8565694101667306,DOWN,UP
2026-03-13,Reliance,1.0429510337738757,0.020767585587244657,1.022183448186631,UP,UP
2026-03-16,Reliance,0.179198626890531,0.036902382167256574,0.14229624472327443,UP,UP
2026-03-17,Reliance,0.7512879352761903,0.026537751148598944,0.7247501841275914,UP,UP
2026-03-18,Reliance,-1.6547068504931262,0.04163169872679272,-1.6963385492199188,DOWN,UP
2026-03-19,Reliance,2.1374909403697906,0.02811930429009035,2.1093716360797004,UP,UP
2026-03-20,Reliance,-0.466627225114169,0.07078008420026344,-0.5374073093144325,DOWN,UP
2026-03-23,Reliance,0.2841312587912981,0.028973906831367843,0.2551573519599302,UP,UP
2026-03-24,Reliance,0.0920758402644494,0.036117703516727474,0.055958136747721925,UP,UP
2026-03-25,Reliance,-4.599816086830511,0.026608817573641204,-4.6264249044041525,DOWN,UP
2026-03-27,Reliance,-0.3115459719557956,0.20366956805882983,-0.5152155400146254,DOWN,UP
2026-03-30,Reliance,1.8825750649750228,0.04862540437198812,1.8339496606030348,UP,UP
2026-04-01,Reliance,-1.3657575108639186,0.0657991682102692,-1.4315566790741878,DOWN,UP
2026-04-02,Reliance,-3.3913401575805247,0.0553648906899769,-3.4467050482705015,DOWN,UP
2026-04-06,Reliance,-0.0076627262726391,0.12275490914527507,-0.13041763541791415,DOWN,UP
2026-04-07,Reliance,3.3113654798885728,0.056512150636376234,3.2548533292521964,UP,UP
2026-04-08,Reliance,-1.320674297615709,0.1386494242454154,-1.4593237218611246,DOWN,UP
2026-04-09,Reliance,1.518793321193601,0.12750072150200226,1.3912925996915988,UP,UP
2026-04-10,Reliance,-2.599613157701075,0.1421094386871591,-2.741722596388234,DOWN,UP
2026-04-13,Reliance,2.2051555424202007,0.045706733510591686,2.159448808909609,UP,UP
2026-04-15,Reliance,-0.0595139329173655,0.105913752721077,-0.1654276856384425,DOWN,UP
2026-04-16,Reliance,1.6154210067069965,0.09653008104098845,1.5188909256660081,UP,UP
2026-04-17,Reliance,-0.1245385473901072,0.1381776795124995,-0.2627162269026067,DOWN,UP
2026-04-20,Reliance,-0.733514240580857,0.0479051495842121,-0.7814193901650691,DOWN,UP
2026-04-21,Reliance,0.6502568861526781,0.05596896126826438,0.5942879248844137,UP,UP
2026-04-22,Reliance,-1.372876551431612,0.037810244582492554,-1.4106867960141045,DOWN,UP
2026-04-23,Reliance,-1.1612308547293335,0.02778820010233885,-1.1890190548316724,DOWN,UP
2026-04-24,Reliance,2.861876683431186,0.030108747063292553,2.8317679363678936,UP,UP
2026-04-27,Reliance,1.691314596580784,0.24461740712192867,1.4466971894588554,UP,UP
2026-04-28,Reliance,2.627978929973618,0.0971090503185247,2.5308698796550932,UP,UP
2026-04-29,Reliance,0.3788427333781152,0.08235812316691635,0.2964846102111989,UP,UP
2026-04-30,Reliance,0.0,0.04604992014194826,-0.04604992014194826,UP,UP
2026-05-01,Reliance,2.2574731377921875,2.1196225007730534,0.13785063701913414,UP,UP
2026-05-05,Reliance,-1.7559409401866288,0.032165523961221215,-1.7881064641478501,DOWN,UP
2026-05-06,Reliance,-0.118233063030948,0.04509384308575405,-0.16332690611670203,DOWN,UP
2026-05-07,Reliance,-0.0696281878567184,0.020331346329228738,-0.08995953418594714,DOWN,UP
2026-05-08,Reliance,-3.274805016654536,0.014571561615556942,-3.289376578270093,DOWN,UP
2026-05-11,Reliance,-1.743261203218327,-0.013086460223526178,-1.730174742994801,DOWN,DOWN
2026-05-12,Reliance,-0.3812280917796951,0.024291867509421763,-0.4055199592891168,DOWN,UP
2026-05-13,Reliance,0.2207830359284512,0.014650726956808207,0.20613230897164297,UP,UP
2026-05-14,Reliance,-1.8651801662013523,0.022325804298313035,-1.8875059704996653,DOWN,UP
2026-05-15,Reliance,-0.0374139472362866,-0.004926539122567909,-0.03248740811371869,DOWN,DOWN
2026-05-18,Reliance,-0.9881033760724134,0.05997058272655349,-1.048073958798967,DOWN,UP
2026-05-19,Reliance,2.7973086388352053,0.035146338268218565,2.762162300566987,UP,UP
2026-05-20,Reliance,-0.7428091452994945,0.0633444264473871,-0.8061535717468816,DOWN,UP
2026-05-21,Reliance,0.3630723549720827,0.03195361904160324,0.33111873593047947,UP,UP
2026-05-22,Reliance,0.9228497600590524,0.09107065892717367,0.8317791011318787,UP,UP
2026-05-25,Reliance,-0.7827323461503277,0.02721044327912054,-0.8099427894294483,DOWN,UP
2026-05-26,Reliance,-0.4276375889786576,0.05368740764960979,-0.4813249966282674,DOWN,UP
2026-05-27,Reliance,0.0,0.019549296991952392,-0.019549296991952392,UP,UP
2026-05-28,Reliance,-2.169570442660129,0.8645806583144389,-3.034151100974568,DOWN,UP
2026-06-01,Reliance,-0.4090927586410942,0.02338015169607264,-0.43247291033716684,DOWN,UP
2026-06-02,Reliance,-0.1064981317558944,0.06416830634327804,-0.17066643809917242,DOWN,UP
2026-06-03,Reliance,-0.7234237247360831,0.031748805580054856,-0.755172530316138,DOWN,UP
2026-06-04,Reliance,-0.974146785881158,0.034971113622285534,-1.0091178995034435,DOWN,UP
2026-06-05,Reliance,-2.145619765443452,0.02980678722973344,-2.1754265526731857,DOWN,UP
2026-06-08,Reliance,0.4670230440680267,-0.00229724136788157,0.46932028543590826,UP,DOWN
2026-06-09,Reliance,-0.819406141179535,0.02821305979787565,-0.8476192009774107,DOWN,UP
2026-06-10,Reliance,0.3336472043979466,0.0519231533149068,0.2817240510830398,UP,UP
2026-06-11,Reliance,2.375296912114022,0.025011543402630267,2.350285368711392,UP,UP
2026-06-12,Reliance,1.0827532869296164,0.0499259900350597,1.0328272968945567,UP,UP
2026-06-15,Reliance,1.66794558746175,0.06180862264542057,1.6061369648163293,UP,UP
2026-06-16,Reliance,0.2934905328449755,0.09210498338797446,0.20138554945700105,UP,UP
2026-06-17,Reliance,-0.3451621335989863,0.07355968473888796,-0.41872181833787425,DOWN,UP
2026-06-18,Reliance,-1.4004951380058197,0.04223557588346618,-1.442730713889286,DOWN,UP
2026-06-19,Reliance,1.298205421916765,0.04089357072602309,1.2573118511907417,UP,UP
2026-06-22,Reliance,-1.2815680361854542,0.051660626097110335,-1.3332286622825646,DOWN,UP
2026-06-23,Reliance,0.3130947373759074,0.02209643980556922,0.2909982975703381,UP,UP
2026-06-24,Reliance,0.342570042907675,0.025598517278753206,0.3169715256289218,UP,UP
2026-06-25,Reliance,0.0,0.01875566981904568,-0.01875566981904568,UP,UP
2026-06-26,Reliance,-1.297320074551711,1.3871835180569918,-2.684503592608703,DOWN,UP
2026-06-30,Reliance,1.0897268196839782,0.02369219804140945,1.0660346216425687,UP,UP
2026-07-01,Reliance,-0.3440366972477071,0.03508911943947884,-0.3791258166871859,DOWN,UP
2026-07-02,Reliance,0.038358266206373,0.08056581504325648,-0.042207548836883484,UP,UP
2026-07-03,Reliance,1.3266908610525263,0.03206918376709928,1.294621677285427,UP,UP
2026-07-06,Reliance,-0.9763130203093272,0.048460917982524054,-1.0247739382918513,DOWN,UP
2026-07-07,Reliance,-2.483949816078179,0.040798438713116066,-2.5247482547912954,DOWN,UP
2026-07-08,Reliance,0.3056684959194644,-0.0016864044537667562,0.30735490037323115,UP,DOWN
2026-07-09,Reliance,2.187841766816523,0.023039287576828164,2.1648024792396945,UP,UP
2026-07-10,Reliance,-0.8334626095043873,0.05208101684775204,-0.8855436263521393,DOWN,UP
2026-07-13,Reliance,-0.3007189714430369,0.02869341482258855,-0.3294123862656254,DOWN,UP
2026-07-14,Reliance,0.1933488012374251,0.029824104793972493,0.1635246964434526,UP,UP
2026-07-15,Reliance,0.0849074168998376,0.031150117333166152,0.053757299566671454,UP,UP
2026-07-16,Reliance,2.3600166714571547,0.03462675860128276,2.3253899128558717,UP,UP
2026-07-17,Reliance,-0.3089192086179193,0.08059409367923852,-0.38951330229715786,DOWN,UP
2026-07-20,Reliance,-1.4662553678508772,0.042939196857997665,-1.509194564708875,DOWN,UP
2026-07-21,Reliance,-1.1582400975289064,0.024411676578950287,-1.1826517741078568,DOWN,UP
2026-07-22,Reliance,-1.272700971968066,0.0192824513793073,-1.2919834233473733,DOWN,UP
2026-07-23,Reliance,0.4559070154642297,0.0016821227340047058,0.454224892730225,UP,UP
2026-07-24,Reliance,0.156494522691708,0.02073532046069337,0.13575920223101462,UP,UP
2026-07-27,Reliance,-0.9609413146972612,0.0231749904650927,-0.9841163051623539,DOWN,UP
2026-07-28,Reliance,0.6468465376690435,0.015463352175143354,0.6313831854939002,UP,UP
2026-07-29,Reliance,1.332392795258941,0.022026326176591962,1.3103664690823489,UP,UP
2026-07-30,Reliance,1.1524498517056836,0.041960486966433695,1.11048936473925,UP,UP
2026-07-31,Reliance,0.8563962955889792,0.07826124676932061,0.7781350488196586,UP,UP
2026-08-03,Reliance,-2.1303999686078434,0.059048131829842136,-2.1894481004376853,DOWN,UP
2026-08-04,Reliance,-0.8443740187401461,0.006819493816054459,-0.8511935125562006,DOWN,UP
2026-08-05,Reliance,3.515625,0.07946199351439821,3.436163006485602,UP,UP
2026-08-06,Reliance,0.739626326650944,0.08654499728612085,0.6530813293648231,UP,UP
2026-08-07,Reliance,-0.5618819093230143,0.07480500630857864,-0.636686915631593,DOWN,UP
2026-08-10,Reliance,-0.2561609499724171,0.05982130223099843,-0.3159822522034155,DOWN,UP
2026-08-11,Reliance,0.3852236189960445,0.026270773156215173,0.35895284583982934,UP,UP
2026-08-12,Reliance,-0.9029345372460472,0.03076962679872335,-0.9337041640447705,DOWN,UP
2026-08-13,Reliance,-0.5315110098709219,0.018332233583600702,-0.5498432434545226,DOWN,UP
2026-08-14,Reliance,0.458015267175571,0.02284354812246395,0.43517171905310703,UP,UP
2026-08-17,Reliance,0.4559270516717228,0.03190510002423149,0.42402195164749135,UP,UP
2026-08-18,Reliance,-0.8320726172465931,0.03014284854580253,-0.8622154657923956,DOWN,UP
2026-08-19,Reliance,0.1678071069317388,0.023035206203516977,0.14477190072822183,UP,UP
2026-08-20,Reliance,0.2132233423879137,0.026838387782898526,0.1863849546050152,UP,UP
2026-08-21,Reliance,-0.4711209097169488,0.024103215148660012,-0.49522412486560885,DOWN,UP
2026-08-24,Reliance,0.5496984962183094,0.02117347399336833,0.528525022224941,UP,UP
2026-08-25,Reliance,-1.4426727410782103,0.025402344363387355,-1.4680750854415976,DOWN,UP
2026-08-26,Reliance,-1.2172610807492323,0.020042362106260925,-1.2373034428554932,DOWN,UP
2026-08-27,Reliance,0.37436039704557,0.04009818529786482,0.3342622117477052,UP,UP
2026-08-28,Reliance,-0.7770007770007803,0.026009162767805055,-0.8030099397685854,DOWN,UP
2026-08-31,Reliance,2.5058731401722767,0.25088264883327316,2.2549904913390035,UP,UP
2026-09-01,Reliance,0.3132143304765078,0.06147953728060275,0.2517347931959051,UP,UP
2026-09-02,Reliance,-0.8072481747787408,0.038734611993666235,-0.845982786772407,DOWN,UP
2025-09-17,SBI,-0.326669631729759,0.08742060050503853,-0.4140902322347975,DOWN,UP
2025-09-18,SBI,0.9363844125486632,0.0464734369817853,0.8899109755668779,UP,UP
2025-09-19,SBI,-0.8233287861014071,0.06838345312675018,-0.8917122392281573,DOWN,UP
2025-09-22,SBI,1.7947939884171316,0.036890789659910155,1.7579031987572213,UP,UP
2025-09-23,SBI,-0.505394383447455,0.10899236684788695,-0.614386750295342,DOWN,UP
2025-09-24,SBI,-0.5830048166475588,0.03314575443120112,-0.6161505710787599,DOWN,UP
2025-09-25,SBI,-0.4877213131229907,0.03357377686539195,-0.5212950899883827,DOWN,UP
2025-09-26,SBI,1.6103608841112615,0.024816275446921453,1.58554460866434,UP,UP
2025-09-29,SBI,0.1952353955821051,0.244484551319631,-0.04924915573752592,UP,UP
2025-09-30,SBI,-0.957079088115398,0.04278703239868756,-0.9998661205140855,DOWN,UP
2025-10-01,SBI,0.3703289315407421,0.0250845926456885,0.34524433889505357,UP,UP
2025-10-03,SBI,0.7782774236140488,0.026738004006056755,0.7515394196079921,UP,UP
2025-10-06,SBI,-1.0697300745403315,0.026553289588837577,-1.0962833641291692,DOWN,UP
2025-10-07,SBI,-0.7459248428328902,0.023391770761600334,-0.7693166135944906,DOWN,UP
2025-10-08,SBI,0.4485843968467851,0.021164676160526932,0.42741972068625816,UP,UP
2025-10-09,SBI,2.1517282627826484,0.023719884447415997,2.1280083783352324,UP,UP
2025-10-10,SBI,0.2611693327890352,0.07883724587963284,0.18233208690940236,UP,UP
2025-10-13,SBI,-0.6795401684181801,0.04708689104672964,-0.7266270594649098,DOWN,UP
2025-10-14,SBI,1.0433848282729752,0.03857169982299494,1.0048131284499802,UP,UP
2025-10-15,SBI,0.0959301032066539,0.02699879505003656,0.06893130815661734,UP,UP
2025-10-16,SBI,0.2480424123967095,0.02617735239434122,0.22186506000236828,UP,UP
2025-10-17,SBI,2.063765965482589,0.027781295195929326,2.0359846702866595,UP,UP
2025-10-20,SBI,0.038564802858132,0.06858175588945413,-0.03001695303132213,UP,UP
2025-10-21,SBI,0.4075576699380523,0.46434616309593396,-0.05678849315788165,UP,UP
2025-10-23,SBI,-0.7734066027512143,0.2479467307735457,-1.02135333352476,DOWN,UP
2025-10-24,SBI,2.0176893311221638,0.03413234762240867,1.983556983499755,UP,UP
2025-10-27,SBI,0.8127878623679141,0.0550011510341403,0.7577867113337738,UP,UP
2025-10-28,SBI,1.0212308519215174,0.0950718249407307,0.9261590269807867,UP,UP
2025-10-29,SBI,-0.5746235077480621,0.019526449045302426,-0.5941499567933646,DOWN,UP
2025-10-30,SBI,0.2836222489758677,0.0022008213003619453,0.28142142767550576,UP,UP
2025-10-31,SBI,1.3553908438667328,1.6949116559176146e-05,1.3553738947501737,UP,UP
2025-11-03,SBI,0.8318377674385147,0.012850125769424337,0.8189876416690903,UP,UP
2025-11-04,SBI,0.3289499263129158,-0.0009020614902438957,0.3298519878031597,UP,DOWN
2025-11-06,SBI,-0.5100207560824743,-0.018591797795780015,-0.4914289582866943,DOWN,DOWN
2025-11-07,SBI,-0.4917038543621022,-0.011393823281313574,-0.4803100310807886,DOWN,DOWN
2025-11-10,SBI,0.2260383034980106,-0.0010557924009401828,0.22709409589895077,UP,DOWN
2025-11-11,SBI,0.4038641215140526,-0.0006626244646496675,0.40452674597870225,UP,DOWN
2025-11-12,SBI,-0.3291045639361223,-0.0020108725773019848,-0.3270936913588203,DOWN,DOWN
2025-11-13,SBI,1.451779411523857,0.012895853246863844,1.438883558276993,UP,UP
2025-11-14,SBI,0.5682698908650918,0.010958620539690715,0.5573112703254011,UP,UP
2025-11-17,SBI,-0.0924604100765114,-0.0006787497066105475,-0.09178166036990085,DOWN,DOWN
2025-11-18,SBI,1.059179152005174,-0.005279300428586952,1.064458452433761,UP,DOWN
2025-11-19,SBI,-0.1221075763959578,-0.008102664168882051,-0.11400491222707575,DOWN,DOWN
2025-11-20,SBI,-0.9118243918636691,-0.00752513395993951,-0.9042992579037297,DOWN,DOWN
2025-11-21,SBI,-0.2056343872304911,0.01664443237866816,-0.22227881960915927,DOWN,UP
2025-11-24,SBI,1.3393777382028071,0.03394094091453812,1.305436797288269,UP,UP
2025-11-25,SBI,0.0305051683176404,0.034165313384839496,-0.003660145067199097,UP,UP
2025-11-26,SBI,-1.1230865488295327,0.016932257872766632,-1.1400188067022994,DOWN,UP
2025-11-27,SBI,0.6321657571465078,0.021421292498167245,0.6107444646483405,UP,UP
2025-11-28,SBI,-0.6026582649706236,0.031647076562155325,-0.634305341532779,DOWN,UP
2025-12-01,SBI,-0.5960320561591348,0.019886949380702384,-0.6159190055398371,DOWN,UP
2025-12-02,SBI,-1.6799338576522382,0.025784779682463045,-1.7057186373347013,DOWN,UP
2025-12-03,SBI,-0.3101847689286008,0.03161393372634736,-0.34179870265494816,DOWN,UP
2025-12-04,SBI,2.4680967215088057,0.02749267363215577,2.4406040478766498,UP,UP
2025-12-05,SBI,-1.55429496509909,0.05370459970619384,-1.6079995648052838,DOWN,UP
2025-12-08,SBI,0.3084432346896371,0.047093010700185296,0.2613502239894518,UP,UP
2025-12-09,SBI,0.0416974435026196,0.04258775378847713,-0.0008903102858575304,UP,UP
2025-12-10,SBI,0.3646783016410415,0.029086747846244432,0.33559155379479705,UP,UP
2025-12-11,SBI,-0.0103789863418191,0.028773265711584804,-0.039152252053403905,DOWN,UP
2025-12-12,SBI,0.4256840037388576,0.02264861113123926,0.40303539260761834,UP,UP
2025-12-15,SBI,-0.6306513916709888,0.03008624506957404,-0.6607376367405629,DOWN,UP
2025-12-16,SBI,1.5294127657996537,0.023144172780632653,1.506268593019021,UP,UP
2025-12-17,SBI,0.1742083567722874,0.0498686522885345,0.12433970448375291,UP,UP
2025-12-18,SBI,0.2813155372451748,0.035017828822254765,0.24629770842292,UP,UP
2025-12-19,SBI,-0.6120575410296869,0.030268756760851043,-0.642326297790538,DOWN,UP
2025-12-22,SBI,-0.246326943341435,0.022188430525385015,-0.26851537386682,DOWN,UP
2025-12-23,SBI,-0.3035304180396214,0.025054425338140375,-0.3285848433777618,DOWN,UP
2025-12-24,SBI,-0.2734944404434669,0.025151553271017462,-0.29864599371448436,DOWN,UP
2025-12-26,SBI,-0.129359413824992,0.024667787932448774,-0.15402720175744078,DOWN,UP
2025-12-29,SBI,0.8704237625320355,0.02257803152577638,0.847845731006259,UP,UP
2025-12-30,SBI,0.8988648508167163,0.25504736602929073,0.6438174847874256,UP,UP
2025-12-31,SBI,0.2596200123474723,0.04085297112456884,0.21876704122290344,UP,UP
2026-01-01,SBI,1.4419915924885671,0.03453264601245601,1.4074589464761111,UP,UP
2026-01-02,SBI,0.6606912763688522,0.07382026728986467,0.5868710090789875,UP,UP
2026-01-05,SBI,1.3276353023875975,0.06279331169072654,1.264841990696871,UP,UP
2026-01-06,SBI,-1.1532044085244777,0.08991261176546861,-1.2431170202899464,DOWN,UP
2026-01-07,SBI,-0.908506597056946,0.028636102597184136,-0.9371426996541302,DOWN,UP
2026-01-08,SBI,0.250501002004011,0.023539718816834206,0.2269612831871768,UP,UP
2026-01-09,SBI,1.4642703062531126,0.027368901569041756,1.436901404684071,UP,UP
2026-01-12,SBI,1.3101439627595246,0.05648173417033628,1.2536622285891883,UP,UP
2026-01-13,SBI,-0.0097209967119482,0.0756759744208537,-0.08539697113280191,DOWN,UP
2026-01-14,SBI,0.0,0.054025832435645724,-0.054025832435645724,UP,UP
2026-01-15,SBI,1.3565491878617442,2.146127680450656,-0.789578492588912,UP,UP
2026-01-19,SBI,-0.1926040016349661,0.037285430773508176,-0.2298894324084743,DOWN,UP
2026-01-20,SBI,-0.747780762006589,0.03151075551311583,-0.7792915175197048,DOWN,UP
2026-01-21,SBI,1.91512669074172,0.02192041995717721,1.8932062707845427,UP,UP
2026-01-22,SBI,-1.798061336854806,0.05369053421285958,-1.8517518710676655,DOWN,UP
2026-01-23,SBI,2.2972340373057287,0.0426180376327274,2.2546159996730015,UP,UP
2026-01-27,SBI,0.9827636467744316,0.07710651556188441,0.9056571312125472,UP,UP
2026-01-28,SBI,0.2538741111306919,0.042772949250995056,0.21110116187969685,UP,UP
2026-01-29,SBI,1.0270187341644643,0.06881220084078615,0.9582065333236782,UP,UP
2026-01-30,SBI,-4.497987480299493,0.052644156063490204,-4.550631636362983,DOWN,UP
2026-02-02,SBI,3.450957683001654,0.4073461142557509,3.043611568745903,UP,UP
2026-02-03,SBI,0.3758692147650677,0.19341445587646106,0.18245475888860663,UP,UP
2026-02-04,SBI,0.4961663612051747,0.061549123663706864,0.43461723754146786,UP,UP
2026-02-05,SBI,-0.661385708983464,0.10684052364919289,-0.768226232632657,DOWN,UP
2026-02-06,SBI,7.46436363124372,0.05364628096544627,7.410717350278274,UP,UP
2026-02-09,SBI,-0.1657961966895715,-2.5021145292754197,2.336318332585848,DOWN,DOWN
2026-02-10,SBI,3.39131628844358,0.0480550210071904,3.3432612674363895,UP,UP
2026-02-11,SBI,0.8031109818182447,0.11225481091610892,0.6908561709021358,UP,UP
2026-02-12,SBI,0.5199556394609672,0.05199611195445313,0.4679595275065141,UP,UP
2026-02-13,SBI,0.7925913727268252,-0.5846353672624458,1.377226739989271,UP,DOWN
2026-02-16,SBI,0.4387094557761539,-0.16078304815877406,0.5994925039349279,UP,DOWN
2026-02-17,SBI,0.4532717891328364,-0.14483336117925735,0.5981051503120938,UP,DOWN
2026-02-18,SBI,-1.0829496248909276,-0.07797739568110305,-1.0049722292098247,DOWN,DOWN
2026-02-19,SBI,0.8625715215426766,-0.174712293614267,1.0372838151569437,UP,DOWN
2026-02-20,SBI,0.962097975254883,-0.1333625394529254,1.0954605147078085,UP,DOWN
2026-02-23,SBI,-0.3665091888777061,-0.1373554043525013,-0.22915378452520482,DOWN,DOWN
2026-02-24,SBI,-1.8965153532375267,-0.12946400813595738,-1.7670513451015695,DOWN,DOWN
2026-02-25,SBI,0.7832701112649332,-0.17706848221331986,0.960338593478253,UP,DOWN
2026-02-26,SBI,-0.6448986215894958,-0.12363015091225928,-0.5212684706772366,DOWN,DOWN
2026-02-27,SBI,-0.981936193498667,-0.026375015964918574,-0.9555611775337485,DOWN,DOWN
2026-03-02,SBI,-1.2942284307999596,0.012778474207649361,-1.307006905007609,DOWN,UP
2026-03-04,SBI,-0.4257130693912314,-0.02495120218066148,-0.4007618672105699,DOWN,DOWN
2026-03-05,SBI,-2.26592560923472,0.023259711043332826,-2.289185320278053,DOWN,UP
2026-03-06,SBI,-3.8932633420822422,0.007575004580450903,-3.900838346662693,DOWN,UP
2026-03-09,SBI,1.247150766670457,0.38428255431636715,0.86286821235409,UP,UP
2026-03-10,SBI,-1.897138690188338,0.06747332027217877,-1.9646120104605167,DOWN,UP
2026-03-11,SBI,-0.5407409537237062,0.008302338550761302,-0.5490432922744676,DOWN,UP
2026-03-12,SBI,-3.5200841218822387,0.0600172352032061,-3.5801013570854447,DOWN,UP
2026-03-13,SBI,1.8815617165114595,-0.06509651391286381,1.9466582304243234,UP,DOWN
2026-03-16,SBI,-0.1874941493906323,0.029657270141371067,-0.21715141953200337,DOWN,UP
2026-03-17,SBI,0.4790173654686924,0.054166274504700844,0.42485109096399154,UP,UP
2026-03-18,SBI,-1.9536383866271767,0.17024234287190582,-2.1238807294990827,DOWN,UP
2026-03-19,SBI,0.8675732075629439,0.1094486618935164,0.7581245456694274,UP,UP
2026-03-20,SBI,-2.466916406988417,0.11883246483214248,-2.5857488718205595,DOWN,UP
2026-03-23,SBI,-0.1065971082384709,-0.007502879431646026,-0.09909422880682488,DOWN,DOWN
2026-03-24,SBI,2.890951236536199,0.1276740579690505,2.7632771785671486,UP,UP
2026-03-25,SBI,-3.8751627882351647,0.08738831232207482,-3.9625511005572394,DOWN,UP
2026-03-27,SBI,-3.93329824285803,0.17207056642237187,-4.105368809280402,DOWN,UP
2026-03-30,SBI,3.920763980160169,0.04275147121616871,3.8780125089440003,UP,UP
2026-04-01,SBI,0.0589542767037043,0.06441074794091882,-0.005456471237214516,UP,UP
2026-04-02,SBI,1.409070624698172,0.1997946503380356,1.2092759743601362,UP,UP
2026-04-06,SBI,-0.2275454452614345,0.16967488852167323,-0.3972203337831077,DOWN,UP
2026-04-07,SBI,3.013385677612823,0.10694001900000212,2.906445658612821,UP,UP
2026-04-08,SBI,-1.931320452496832,0.15526379402130663,-2.0865842465181386,DOWN,UP
2026-04-09,SBI,2.4737020229465667,0.061231889452735756,2.412470133493831,UP,UP
2026-04-10,SBI,-0.2952941303024814,0.1770122586359294,-0.4723063889384108,DOWN,UP
2026-04-13,SBI,0.747491966234648,0.11622503376559241,0.6312669324690555,UP,UP
2026-04-15,SBI,-0.4059706566437282,0.11936768788726511,-0.5253383445309934,DOWN,UP
2026-04-16,SBI,1.2275664420408283,0.01246128777133929,1.215105154269489,UP,UP
2026-04-17,SBI,2.55496186863573,0.05208348115347688,2.5028783874822533,UP,UP
2026-04-20,SBI,0.361059718206369,0.2004777648684291,0.1605819533379399,UP,UP
2026-04-21,SBI,-0.7689820520351054,0.05003292299761034,-0.8190149750327157,DOWN,UP
2026-04-22,SBI,-0.8202708626486088,0.03730344375274737,-0.8575743064013562,DOWN,UP
2026-04-23,SBI,0.625997311943105,0.020506787093924103,0.605490524849181,UP,UP
2026-04-24,SBI,0.9762964524887564,0.02565334168989956,0.9506431107988569,UP,UP
2026-04-27,SBI,-1.8482643530196463,0.024755032792650615,-1.873019385812297,DOWN,UP
2026-04-28,SBI,-0.4031910764402013,0.022967561327060827,-0.42615863776726215,DOWN,UP
2026-04-29,SBI,-1.6974949698923547,0.016674697249465787,-1.7141696671418205,DOWN,UP
2026-04-30,SBI,0.0,-0.003948471667330018,0.003948471667330018,UP,DOWN
2026-05-01,SBI,-0.0046728213855762,1.1062950611262705,-1.1109678825118467,DOWN,UP
2026-05-05,SBI,3.4059793145013284,0.015536163509181161,3.390443150992147,UP,UP
2026-05-06,SBI,-0.3649635036496401,0.10092840720919928,-0.46589191085883935,DOWN,UP
2026-05-07,SBI,-6.657510275369161,0.05112813141462555,-6.708638406783786,DOWN,UP
2026-05-08,SBI,-4.483470298668668,0.6075077315333725,-5.090978030202041,DOWN,UP
2026-05-11,SBI,0.1027115884424834,0.38928547147224796,-0.28657388302976455,UP,UP
2026-05-12,SBI,-0.4617278999308971,0.3449073388608373,-0.8066352387917344,DOWN,UP
2026-05-13,SBI,1.0102101922232931,-0.09537368731070002,1.1055838795339932,UP,DOWN
2026-05-14,SBI,-1.7042567395604502,0.10489374543826945,-1.8091504849987197,DOWN,UP
2026-05-15,SBI,-2.470928933901761,0.14721786193924874,-2.61814679584101,DOWN,UP
2026-05-18,SBI,1.0006347812019143,0.1546401293183922,0.8459946518835221,UP,UP
2026-05-19,SBI,0.2213360716813106,0.08866902448417421,0.13266704719713637,UP,UP
2026-05-20,SBI,0.0,0.2736403134634049,-0.2736403134634049,UP,UP
2026-05-21,SBI,-0.1787792789340492,0.23308547612570588,-0.41186475505975506,DOWN,UP
2026-05-22,SBI,2.149174369632956,0.05450768541069832,2.0946666842222577,UP,UP
2026-05-25,SBI,-0.1134463297890353,0.04594765692095589,-0.1593939867099912,DOWN,UP
2026-05-26,SBI,-0.0722779769779302,0.05337702089481602,-0.12565499787274623,DOWN,UP
2026-05-27,SBI,0.0,0.06656094663335607,-0.06656094663335607,UP,UP
2026-05-28,SBI,-0.3513084750765394,1.1325776801846577,-1.483886155261197,DOWN,UP
2026-06-01,SBI,0.2672727065692104,0.024276962858415383,0.24299574371079505,UP,UP
2026-06-02,SBI,1.4425325292205082,0.02202359536406306,1.4205089338564452,UP,UP
2026-06-03,SBI,0.9067945470942362,0.10861861902136496,0.7981759280728713,UP,UP
2026-06-04,SBI,-0.1582831547581098,0.056846136578180204,-0.21512929133629,DOWN,UP
2026-06-05,SBI,0.43469366338722,0.04549079347495947,0.3892028699122605,UP,UP
2026-06-08,SBI,2.113142190747808,0.04054745159093823,2.07259473915687,UP,UP
2026-06-09,SBI,0.054850681786478,0.09133041562935221,-0.03647973384287421,UP,UP
2026-06-10,SBI,-0.2541727179634967,0.049333418246363885,-0.3035061362098606,DOWN,UP
2026-06-11,SBI,1.6438505052828845,0.034961108485059546,1.6088893967978248,UP,UP
2026-06-12,SBI,0.363756681223748,0.05320596141083628,0.3105507198129117,UP,UP
2026-06-15,SBI,-0.5436634104617921,0.029792816955131033,-0.5734562274169231,DOWN,UP
2026-06-16,SBI,1.1031234454535577,0.02415049587391056,1.0789729495796472,UP,UP
2026-06-17,SBI,1.5781735189356991,0.03219042806679872,1.5459830908689005,UP,UP
2026-06-18,SBI,-0.7288746467664087,0.05978601097161829,-0.788660657738027,DOWN,UP
2026-06-19,SBI,0.5458433530407758,0.029912853578222834,0.515930499462553,UP,UP
2026-06-22,SBI,-1.5902040670790265,0.029892153883587038,-1.6200962209626135,DOWN,UP
2026-06-23,SBI,1.0154291066078347,0.011879663384164222,1.0035494432236705,UP,UP
2026-06-24,SBI,1.043886437558483,0.025763857741626848,1.0181225798168563,UP,UP
2026-06-25,SBI,0.0,0.031457170190798335,-0.031457170190798335,UP,UP
2026-06-26,SBI,-0.8896162818953002,1.8129878048591344,-2.7026040867544348,DOWN,UP
2026-06-30,SBI,1.9962994948507395,0.025501993474764506,1.970797501375975,UP,UP
2026-07-01,SBI,0.4009882636984319,0.060087279095580495,0.3409009846028514,UP,UP
2026-07-02,SBI,-1.1030787233970885,0.0567319227711853,-1.1598106461682738,DOWN,UP
2026-07-03,SBI,-0.2211585411658667,0.028145418764998608,-0.2493039599308653,DOWN,UP
2026-07-06,SBI,0.0385491406847293,0.023119404154174367,0.01542973653055493,UP,UP
2026-07-07,SBI,-2.042187811430129,0.024976749162809134,-2.0671645605929383,DOWN,UP
2026-07-08,SBI,0.5113532350312866,0.01178200558212555,0.49957122944916105,UP,UP
2026-07-09,SBI,1.35994763194216,0.03167781696213111,1.328269814980029,UP,UP
2026-07-10,SBI,0.0965250965250907,0.036767742041109684,0.059757354483981014,UP,UP
2026-07-13,SBI,-2.082929178971804,0.030952232078874566,-2.1138814110506785,DOWN,UP
2026-07-14,SBI,1.4477004942320848,-0.0039363904816733875,1.4516368847137582,UP,DOWN
2026-07-15,SBI,0.106783381420028,0.047071854466404085,0.05971152695362391,UP,UP
2026-07-16,SBI,1.2703741540486702,0.03389611357718947,1.2364780404714808,UP,UP
2026-07-17,SBI,1.5033946603270731,0.07102517008140503,1.432369490245668,UP,UP
2026-07-20,SBI,-1.4716958099941002,0.09415200028841653,-1.5658478102825168,DOWN,UP
2026-07-21,SBI,-1.857528146358145,0.03609901474739119,-1.8936271611055362,DOWN,UP
2026-07-22,SBI,-1.2097584794207197,0.03836402339776042,-1.2481225028184801,DOWN,UP
2026-07-23,SBI,0.2370160450254399,0.0008614162375698934,0.23615462878787002,UP,UP
2026-07-24,SBI,0.551721732604693,0.03709094722686718,0.5146307853778258,UP,UP
2026-07-27,SBI,-0.7250601171784221,0.03251397382006678,-0.7575740909984889,DOWN,UP
2026-07-28,SBI,0.049348597905241,0.020889070592927172,0.02845952731231383,UP,UP
2026-07-29,SBI,1.1443263767786815,0.031377587749895346,1.1129487890287861,UP,UP
2026-07-30,SBI,0.2048157111020909,0.03500056226787528,0.1698151488342156,UP,UP
2026-07-31,SBI,1.7130596814979526,0.0325870502830824,1.6804726312148701,UP,UP
2026-08-03,SBI,-0.2201003663277467,0.08166385435487213,-0.3017642206826188,DOWN,UP
2026-08-04,SBI,1.1796345453264134,0.0305982421801561,1.1490363031462574,UP,UP
2026-08-05,SBI,2.8436018957346043,0.06861662410856656,2.7749852716260377,UP,UP
2026-08-06,SBI,1.1244194628456272,0.06651793785518921,1.057901524990438,UP,UP
2026-08-07,SBI,-2.387892119744617,0.21833464874835304,-2.6062267684929696,DOWN,UP
2026-08-10,SBI,-0.4668534080298769,0.06814731440548126,-0.5350007224353581,DOWN,UP
2026-08-11,SBI,1.500938086303938,0.0389193005590655,1.4620187857448725,UP,UP
2026-08-12,SBI,0.0924214417744817,0.07192242780873906,0.020499013965742635,UP,UP
2026-08-13,SBI,-1.4127468908702645,0.03808306088861713,-1.4508299517588816,DOWN,UP
2026-08-14,SBI,-0.6087852671404326,0.029370738133876972,-0.6381560052743096,DOWN,UP
2026-08-17,SBI,-0.7727055738006583,0.01706562655116838,-0.7897712003518267,DOWN,UP
2026-08-18,SBI,-0.4178560697115419,0.014762650369779147,-0.432618720081321,DOWN,UP
2026-08-19,SBI,-0.0572168224209801,0.018850372262095526,-0.07606719468307563,DOWN,UP
2026-08-20,SBI,0.0667892339575315,0.022920479259972884,0.04386875469755862,UP,UP
2026-08-21,SBI,-0.8772720129904155,0.021295122169367343,-0.8985671351597828,DOWN,UP
2026-08-24,SBI,0.8177008177008283,0.020985597367502683,0.7967152203333255,UP,UP
2026-08-25,SBI,0.3816793893129722,0.023579374440774344,0.35810001487219784,UP,UP
2026-08-26,SBI,-0.8650166906784662,0.03468581485357873,-0.8997025055320449,DOWN,UP
2026-08-27,SBI,0.4410754126237481,0.023369915915983162,0.41770549670776497,UP,UP
2026-08-28,SBI,1.193317422434359,0.023926122741391533,1.1693912996929674,UP,UP
2026-08-31,SBI,-2.4056603773584877,0.026963616602512803,-2.4326239939610006,DOWN,UP
2026-09-01,SBI,-1.3146423959340403,-0.013266870294085388,-1.3013755256399548,DOWN,DOWN
2026-09-02,SBI,0.244881961035781,0.04402854402975803,0.20085341700602297,UP,UP
2025-09-17,Sun Pharma,1.7528715757287203,0.026021487678748633,1.7268500880499718,UP,UP
2025-09-18,Sun Pharma,0.4488671917778353,0.07043585711855213,0.37843133465928314,UP,UP
2025-09-19,Sun Pharma,-0.7246376811594235,0.040818612612897494,-0.765456293772321,DOWN,UP
2025-09-22,Sun Pharma,-0.7785917778664886,0.03655630876290338,-0.815148086629392,DOWN,UP
2025-09-23,Sun Pharma,-0.2513472111737136,0.018044726508570894,-0.26939193768228453,DOWN,UP
2025-09-24,Sun Pharma,0.0184407124717012,0.0324114919187744,-0.013970779447073197,UP,UP
2025-09-25,Sun Pharma,-2.500926178665963,0.04614003194043514,-2.547066210606398,DOWN,UP
2025-09-26,Sun Pharma,0.1638682634564681,0.16009719354045857,0.003771069916009534,UP,UP
2025-09-29,Sun Pharma,0.3146039040071047,0.035941260896200145,0.27866264311090455,UP,UP
2025-09-30,Sun Pharma,2.628106445493006,0.030436678932498205,2.5976697665605077,UP,UP
2025-10-01,Sun Pharma,-0.3055861232863943,0.09342231919453191,-0.3990084424809262,DOWN,UP
2025-10-03,Sun Pharma,1.4406572280190044,0.049018222181898025,1.3916390058371064,UP,UP
2025-10-06,Sun Pharma,-0.0966927922373073,0.1157394958801487,-0.21243228811745601,DOWN,UP
2025-10-07,Sun Pharma,-1.300586795567482,0.027961124523696743,-1.3285479200911787,DOWN,UP
2025-10-08,Sun Pharma,1.648689925016833,0.021342870579154283,1.6273470544376787,UP,UP
2025-10-09,Sun Pharma,0.7476650234586879,0.053952285413365504,0.6937127380453224,UP,UP
2025-10-10,Sun Pharma,-0.1496199631020212,0.03798993894496696,-0.18760990204698816,DOWN,UP
2025-10-13,Sun Pharma,-0.8391272953209628,0.03465140421858921,-0.873778699539552,DOWN,UP
2025-10-14,Sun Pharma,0.0423084599580292,0.01746166556987369,0.024846794388155506,UP,UP
2025-10-15,Sun Pharma,0.235636787601412,0.020214163663906503,0.2154226239375055,UP,UP
2025-10-16,Sun Pharma,1.2115717652765312,0.026419433857670524,1.1851523314188608,UP,UP
2025-10-17,Sun Pharma,0.5657792947489471,0.04465572973274894,0.5211235650161982,UP,UP
2025-10-20,Sun Pharma,0.1125206941569034,0.029811392073056317,0.08270930208384708,UP,UP
2025-10-21,Sun Pharma,-0.0354910136609043,0.17635076796244517,-0.21184178162334946,DOWN,UP
2025-10-23,Sun Pharma,0.5384919494922702,0.2049354464573708,0.33355650303489937,UP,UP
2025-10-24,Sun Pharma,-0.3178354569783659,0.040031942018277686,-0.3578673989966436,DOWN,UP
2025-10-27,Sun Pharma,-0.3897009731388401,0.06028618737965829,-0.4499871605184984,DOWN,UP
2025-10-28,Sun Pharma,1.7131016250185205,0.023742951735558633,1.6893586732829617,UP,UP
2025-10-29,Sun Pharma,-0.7284806703274249,0.06045717393482409,-0.788937844262249,DOWN,UP
2025-10-30,Sun Pharma,-0.7455719772315961,0.03953563740137586,-0.785107614632972,DOWN,UP
2025-10-31,Sun Pharma,0.9286138105880636,0.02009831418531079,0.9085154964027528,UP,UP
2025-11-03,Sun Pharma,-0.9610890869328204,0.027747035348443454,-0.9888361222812638,DOWN,UP
2025-11-04,Sun Pharma,-0.2426021056767702,0.02065616698057369,-0.2632582726573439,DOWN,UP
2025-11-06,Sun Pharma,0.3262352405452695,0.07094410377683501,0.25529113676843446,UP,UP
2025-11-07,Sun Pharma,0.3783862079746347,0.03106697011927466,0.34731923785536,UP,UP
2025-11-10,Sun Pharma,1.077861128019375,0.023167649660268592,1.0546934783591064,UP,UP
2025-11-11,Sun Pharma,0.9323466131125002,0.02786597256824925,0.9044806405442509,UP,UP
2025-11-12,Sun Pharma,0.305989775580473,0.049876576729435844,0.25611319885103717,UP,UP
2025-11-13,Sun Pharma,1.133875382470939,0.04814860590759993,1.0857267765633392,UP,UP
2025-11-14,Sun Pharma,0.3870040932564045,0.06060500276370021,0.32639909049270427,UP,UP
2025-11-17,Sun Pharma,-0.2891306488660872,0.03574533746311448,-0.32487598632920167,DOWN,UP
2025-11-18,Sun Pharma,1.4384765780891096,0.03157595747298737,1.406900620616122,UP,UP
2025-11-19,Sun Pharma,-0.3755367559867051,0.05987014836201236,-0.4354069043487175,DOWN,UP
2025-11-20,Sun Pharma,0.1293983755047412,0.027211391794394444,0.10218698371034676,UP,UP
2025-11-21,Sun Pharma,0.0618136588431905,0.023371307053933008,0.03844235178925749,UP,UP
2025-11-24,Sun Pharma,-0.2246181429875982,0.025032724739594447,-0.24965086772719264,DOWN,UP
2025-11-25,Sun Pharma,1.5814934046445297,0.031572127056792465,1.5499212775877371,UP,UP
2025-11-26,Sun Pharma,0.2991868990536162,0.05970268651092635,0.2394842125426898,UP,UP
2025-11-27,Sun Pharma,1.1765964858477806,0.12722362623601433,1.0493728596117664,UP,UP
2025-11-28,Sun Pharma,-1.3212465327825271,0.05947416235666536,-1.3807206951391926,DOWN,UP
2025-12-01,Sun Pharma,-0.437093300174296,0.01566058742200437,-0.45275388759630036,DOWN,UP
2025-12-02,Sun Pharma,0.4001084285565337,0.025631606716642524,0.37447682183989117,UP,UP
2025-12-03,Sun Pharma,0.6420599972190022,0.0270145513033947,0.6150454459156075,UP,UP
2025-12-04,Sun Pharma,-0.7149535088215142,0.024217330094372266,-0.7391708389158864,DOWN,UP
2025-12-05,Sun Pharma,-0.5040767412684222,0.021458049056766265,-0.5255347903251885,DOWN,UP
2025-12-08,Sun Pharma,-1.1245936822733005,0.02657842964613217,-1.1511721119194327,DOWN,UP
2025-12-09,Sun Pharma,0.5349099099099197,0.01337384907928344,0.5215360608306363,UP,UP
2025-12-10,Sun Pharma,1.215343106797806,0.02470259240196304,1.190640514395843,UP,UP
2025-12-11,Sun Pharma,-0.75807611454346,0.03294202679572297,-0.791018141339183,DOWN,UP
2025-12-12,Sun Pharma,0.2007234784464628,0.019606734082327767,0.18111674436413502,UP,UP
2025-12-15,Sun Pharma,-0.87919019378212,0.0213206737526269,-0.900510867534747,DOWN,UP
2025-12-16,Sun Pharma,0.6512084021762066,0.018626218223742764,0.6325821839524638,UP,UP
2025-12-17,Sun Pharma,-2.6214512443525684,0.025485470959464806,-2.6469367153120333,DOWN,UP
2025-12-18,Sun Pharma,-0.0572770482854867,0.02430430992616642,-0.08158135821165312,DOWN,UP
2025-12-19,Sun Pharma,1.427017254035734,0.024001570192363406,1.4030156838433705,UP,UP
2025-12-22,Sun Pharma,-0.7854008379797661,0.043011011713040066,-0.8284118496928062,DOWN,UP
2025-12-23,Sun Pharma,-1.0763724671835615,0.017822750827233082,-1.0941952180107946,DOWN,UP
2025-12-24,Sun Pharma,-1.007484168105932,0.044217714398357276,-1.0517018825042894,DOWN,UP
2025-12-26,Sun Pharma,-0.133762653569347,0.014275178258470534,-0.14803783182781752,DOWN,UP
2025-12-29,Sun Pharma,0.1747030098593116,0.02323054455983322,0.15147246529947836,UP,UP
2025-12-30,Sun Pharma,-0.0290663884544017,0.025286240060853216,-0.054352628515254915,DOWN,UP
2025-12-31,Sun Pharma,0.0814109701583909,0.03153486587736372,0.04987610428102718,UP,UP
2026-01-01,Sun Pharma,0.4009078212736217,0.03245536695371623,0.3684524543199055,UP,UP
2026-01-02,Sun Pharma,0.0520847461841667,0.02514926208475376,0.026935484099412935,UP,UP
2026-01-05,Sun Pharma,1.8103954141836631,0.02543596321128399,1.7849594509723792,UP,UP
2026-01-06,Sun Pharma,1.272584083367878,0.06930426234550653,1.2032798210223716,UP,UP
2026-01-07,Sun Pharma,-1.2285439646583685,0.08378505573002609,-1.3123290203883946,DOWN,UP
2026-01-08,Sun Pharma,-1.7493001426684196,0.04740915865398723,-1.796709301322407,DOWN,UP
2026-01-09,Sun Pharma,0.3526201225416914,0.03191542997575631,0.3207046925659351,UP,UP
2026-01-12,Sun Pharma,-0.4205097251224088,0.0231332467776835,-0.44364297190009233,DOWN,UP
2026-01-13,Sun Pharma,-1.6197142818809571,0.020350201693699776,-1.640064483574657,DOWN,UP
2026-01-14,Sun Pharma,0.0,0.0153337059735121,-0.0153337059735121,UP,UP
2026-01-15,Sun Pharma,-1.8698140572004247,0.8226368376328055,-2.69245089483323,DOWN,UP
2026-01-19,Sun Pharma,-3.676732403503502,0.23137969824664983,-3.908112101750152,DOWN,UP
2026-01-20,Sun Pharma,-0.0557705035835187,0.07514417445830267,-0.13091467804182136,DOWN,UP
2026-01-21,Sun Pharma,1.3205980801910044,0.06953219596845948,1.251065884222545,UP,UP
2026-01-22,Sun Pharma,-0.1407371696568238,0.0391170778148037,-0.1798542474716275,DOWN,UP
2026-01-23,Sun Pharma,0.428947845779537,0.023684375441279267,0.4052634703382577,UP,UP
2026-01-27,Sun Pharma,-1.7267709077155469,0.04044618377794906,-1.767217091493496,DOWN,UP
2026-01-28,Sun Pharma,-1.3224839861346482,0.028671856846562593,-1.351155842981211,DOWN,UP
2026-01-29,Sun Pharma,0.3775246848085167,0.07628779209468943,0.30123689271382725,UP,UP
2026-01-30,Sun Pharma,2.0435011965231675,0.04476637009563263,1.9987348264275349,UP,UP
2026-02-02,Sun Pharma,4.558016466556802,0.05251839397413269,4.50549807258267,UP,UP
2026-02-03,Sun Pharma,0.1351300664541366,0.19567039922226126,-0.06054033276812465,UP,UP
2026-02-04,Sun Pharma,-0.1056118752840173,0.07920705780058901,-0.1848189330846063,DOWN,UP
2026-02-05,Sun Pharma,-0.4405027668004546,0.05747322914947821,-0.4979759959499328,DOWN,UP
2026-02-06,Sun Pharma,0.5604389202304327,0.05119795707018456,0.5092409631602481,UP,UP
2026-02-09,Sun Pharma,0.1877316254851768,0.0715708251517167,0.1161608003334601,UP,UP
2026-02-10,Sun Pharma,0.193226763289811,0.02865860022414108,0.16456816306566993,UP,UP
2026-02-11,Sun Pharma,0.2220822209306527,0.023927440691165057,0.19815478023948763,UP,UP
2026-02-12,Sun Pharma,-1.0146378311474802,0.017155939467710546,-1.0317937706151907,DOWN,UP
2026-02-13,Sun Pharma,0.1767304860088359,0.012776263770130743,0.16395422223870515,UP,UP
2026-02-16,Sun Pharma,0.9761820397493404,0.02028590585009575,0.9558961338992447,UP,UP
2026-02-17,Sun Pharma,0.4251382523975611,0.02066974099549064,0.40446851140207046,UP,UP
2026-02-18,Sun Pharma,-0.6379030297066768,0.036630387943979104,-0.6745334176506559,DOWN,UP
2026-02-19,Sun Pharma,0.6419983566745779,0.020305894282605808,0.6216924623919722,UP,UP
2026-02-20,Sun Pharma,0.4581317734988266,0.025435622199119604,0.432696151299707,UP,UP
2026-02-23,Sun Pharma,-0.0288633600361687,0.026394639599643426,-0.05525799963581213,DOWN,UP
2026-02-24,Sun Pharma,1.870880091825522,0.03925290242031018,1.8316271894052119,UP,UP
2026-02-25,Sun Pharma,1.2186827227672614,0.07762079434042884,1.1410619284268326,UP,UP
2026-02-26,Sun Pharma,-2.7272191579506666,0.06888572743949917,-2.7961048853901658,DOWN,UP
2026-02-27,Sun Pharma,0.892343120322403,-0.01692177325846088,0.9092648935808639,UP,DOWN
2026-03-02,Sun Pharma,-0.1141226818830221,0.04209541579397942,-0.1562180976770015,DOWN,UP
2026-03-04,Sun Pharma,1.942302199371615,0.03315971559054126,1.9091424837810738,UP,UP
2026-03-05,Sun Pharma,0.8349691462069098,0.079103447807254,0.7558656983996558,UP,UP
2026-03-06,Sun Pharma,0.4445926359595953,0.04952541217358727,0.39506722378600806,UP,UP
2026-03-09,Sun Pharma,0.298773063025326,0.043044349236206196,0.2557287137891198,UP,UP
2026-03-10,Sun Pharma,0.7226376452497352,0.03191485192442586,0.6907227933253093,UP,UP
2026-03-11,Sun Pharma,-0.0328591696103441,0.032143770507599236,-0.06500294011794333,DOWN,UP
2026-03-12,Sun Pharma,-1.2984206765021211,0.025801529719076868,-1.324222206221198,DOWN,UP
2026-03-13,Sun Pharma,-1.021315756183783,0.01810047508794105,-1.039416231271724,DOWN,UP
2026-03-16,Sun Pharma,0.6280884672987597,0.011379880923638746,0.6167085863751209,UP,UP
2026-03-17,Sun Pharma,-0.8972344720734604,0.025386461632132998,-0.9226209337055934,DOWN,UP
2026-03-18,Sun Pharma,-1.9063163405074524,0.019651952472566125,-1.9259682929800186,DOWN,UP
2026-03-19,Sun Pharma,1.87456722736854,-0.008645243321417485,1.8832124706899576,UP,DOWN
2026-03-20,Sun Pharma,-1.0522734471204551,0.04024331934267318,-1.0925167664631283,DOWN,UP
2026-03-23,Sun Pharma,-0.2900350042725264,0.020622195223617076,-0.31065719949614345,DOWN,UP
2026-03-24,Sun Pharma,2.401184875006224,0.0220643548773567,2.3791205201288674,UP,UP
2026-03-25,Sun Pharma,-0.1002589285756805,0.055930373621870734,-0.15618930219755123,DOWN,UP
2026-03-27,Sun Pharma,-2.0294393905849195,0.03815775886738113,-2.0675971494523004,DOWN,UP
2026-03-30,Sun Pharma,-1.6332774851680942,0.015513763291378753,-1.648791248459473,DOWN,UP
2026-04-01,Sun Pharma,-2.0190931104461907,0.4054450919934506,-2.424538202439641,DOWN,UP
2026-04-02,Sun Pharma,0.0590458204071442,0.20221136226894765,-0.14316554186180344,UP,UP
2026-04-06,Sun Pharma,1.380858299963772,-0.007257454335869455,1.3881157542996414,UP,DOWN
2026-04-07,Sun Pharma,-0.1979059612376321,0.03439742657407313,-0.23230338781170523,DOWN,UP
2026-04-08,Sun Pharma,0.1458066041990724,0.06247501245370278,0.08333159174536962,UP,UP
2026-04-09,Sun Pharma,-3.6223837898926137,0.03570500346871179,-3.6580887933613253,DOWN,UP
2026-04-10,Sun Pharma,-0.1631562754459081,0.09595524189693896,-0.2591115173428471,DOWN,UP
2026-04-13,Sun Pharma,2.687327546679219,0.050696777897123645,2.6366307687820956,UP,UP
2026-04-15,Sun Pharma,-0.2062949457954155,0.05410534533772536,-0.26040029113314084,DOWN,UP
2026-04-16,Sun Pharma,-1.039511891779843,0.06498583879277442,-1.1044977305726174,DOWN,UP
2026-04-17,Sun Pharma,-0.4118188250708754,0.04945650457670345,-0.4612753296475789,DOWN,UP
2026-04-20,Sun Pharma,-0.2037651003122254,0.03695424169455485,-0.24071934200678025,DOWN,UP
2026-04-21,Sun Pharma,0.2762489665588008,0.04393146621655048,0.23231750034225035,UP,UP
2026-04-22,Sun Pharma,0.6168359358380116,0.03193992858525116,0.5848960072527604,UP,UP
2026-04-23,Sun Pharma,-3.5533570644243677,0.019515728792324345,-3.572872793216692,DOWN,UP
2026-04-24,Sun Pharma,6.979756472592902,0.16239907166772885,6.8173574009251725,UP,UP
2026-04-27,Sun Pharma,0.7960801169959675,0.0970582053716302,0.6990219116243372,UP,UP
2026-04-28,Sun Pharma,1.7970526793500197,0.12068857770952295,1.6763641016404967,UP,UP
2026-04-29,Sun Pharma,1.6641422650711002,0.13199960743678582,1.5321426576343145,UP,UP
2026-04-30,Sun Pharma,0.0,0.12585660608628219,-0.12585660608628219,UP,UP
2026-05-01,Sun Pharma,0.8405657668220101,1.9295556513673242,-1.088989884545314,UP,UP
2026-05-05,Sun Pharma,1.6146694615189583,0.045387913382374134,1.5692815481365843,UP,UP
2026-05-06,Sun Pharma,-0.8539577977939694,0.05693328645891217,-0.9108910842528816,DOWN,UP
2026-05-07,Sun Pharma,0.7359354459402612,0.0405322421621532,0.6954032037781079,UP,UP
2026-05-08,Sun Pharma,1.3420599832329128,0.019760583540668685,1.322299399692244,UP,UP
2026-05-11,Sun Pharma,-1.4417686070373523,0.0038858809396824785,-1.4456544879770348,DOWN,UP
2026-05-12,Sun Pharma,-1.132356444528282,0.012478287941415356,-1.1448347324696975,DOWN,UP
2026-05-13,Sun Pharma,2.1043347937441226,0.021971528725998214,2.0823632650181243,UP,UP
2026-05-14,Sun Pharma,0.8050665732663553,0.035054635371374016,0.7700119378949813,UP,UP
2026-05-15,Sun Pharma,1.4694973045350943,0.026078192469139335,1.443419112065955,UP,UP
2026-05-18,Sun Pharma,-1.2330779409125414,0.061109384448854866,-1.2941873253613962,DOWN,UP
2026-05-19,Sun Pharma,-0.1062529856090233,0.02651730806947981,-0.1327702936785031,DOWN,UP
2026-05-20,Sun Pharma,0.585013014643887,0.027804879821048203,0.5572081348228388,UP,UP
2026-05-21,Sun Pharma,-2.4692048874594863,0.01712879368174181,-2.486333681141228,DOWN,UP
2026-05-22,Sun Pharma,-0.2168491842644337,0.0628106609560991,-0.2796598452205328,DOWN,UP
2026-05-25,Sun Pharma,0.0108700013496498,0.014507516832062185,-0.0036375154824123852,UP,UP
2026-05-26,Sun Pharma,0.1901347189896096,0.017164733957366705,0.1729699850322429,UP,UP
2026-05-27,Sun Pharma,0.0,0.029135177748874325,-0.029135177748874325,UP,UP
2026-05-28,Sun Pharma,-2.4453774582344545,1.2744260164036296,-3.719803474638084,DOWN,UP
2026-06-01,Sun Pharma,-0.36737965966811,0.017792715293665815,-0.3851723749617758,DOWN,UP
2026-06-02,Sun Pharma,-0.0782180230720297,0.013643393941055681,-0.09186141701308538,DOWN,UP
2026-06-03,Sun Pharma,-0.4696686840403918,0.02674271300018468,-0.49641139704057646,DOWN,UP
2026-06-04,Sun Pharma,0.1179695306296579,0.02414058657838851,0.09382894405126939,UP,UP
2026-06-05,Sun Pharma,0.3703342967723788,0.026941086745649597,0.3433932100267292,UP,UP
2026-06-08,Sun Pharma,-0.5478560241847674,0.025697764719362283,-0.5735537889041297,DOWN,UP
2026-06-09,Sun Pharma,0.415965397080531,0.019105479866038902,0.3968599172144921,UP,UP
2026-06-10,Sun Pharma,0.4366282272287192,0.028383243481419688,0.4082449837472995,UP,UP
2026-06-11,Sun Pharma,0.752424499353177,0.024351001945085174,0.7280734974080918,UP,UP
2026-06-12,Sun Pharma,-0.0940394544334033,0.046958054045753046,-0.14099750847915635,DOWN,UP
2026-06-15,Sun Pharma,-0.2934689273601853,0.031152407299594027,-0.3246213346597793,DOWN,UP
2026-06-16,Sun Pharma,1.0940230897083625,0.04124125319925573,1.0527818365091068,UP,UP
2026-06-17,Sun Pharma,0.2417064576495375,0.029198304321001345,0.21250815332853615,UP,UP
2026-06-18,Sun Pharma,0.7398070823523728,0.02453545784961885,0.7152716245027539,UP,UP
2026-06-19,Sun Pharma,1.338191531987354,0.032138817035972475,1.3060527149513816,UP,UP
2026-06-22,Sun Pharma,0.2737653936926376,0.06884780075866337,0.2049175929339742,UP,UP
2026-06-23,Sun Pharma,0.3426137266628659,0.04355727299367634,0.29905645366918954,UP,UP
2026-06-24,Sun Pharma,-0.61886339281092,0.03669895052512319,-0.6555623433360431,DOWN,UP
2026-06-25,Sun Pharma,0.0,0.01727618288492159,-0.01727618288492159,UP,UP
2026-06-26,Sun Pharma,0.644191522732096,1.5589083072000296,-0.9147167844679336,UP,UP
2026-06-30,Sun Pharma,0.1986550964765188,0.021999006082384864,0.17665609039413394,UP,UP
2026-07-01,Sun Pharma,0.2572097821088581,0.03188994751764549,0.2253198345912126,UP,UP
2026-07-02,Sun Pharma,1.8065231869655247,0.021582849346258412,1.7849403376192663,UP,UP
2026-07-03,Sun Pharma,0.4199915894018247,0.0670910851510422,0.35290050425078245,UP,UP
2026-07-06,Sun Pharma,-0.4914274453214018,0.06580933158176706,-0.5572367769031689,DOWN,UP
2026-07-07,Sun Pharma,-0.7985748159726302,0.026621903887789636,-0.8251967198604199,DOWN,UP
2026-07-08,Sun Pharma,2.674504888566398,0.030759914881460605,2.6437449736849374,UP,UP
2026-07-09,Sun Pharma,-0.165056545750708,0.06374545167440164,-0.22880199742510965,DOWN,UP
2026-07-10,Sun Pharma,-0.7284926678345349,0.037682884999064775,-0.7661755528335997,DOWN,UP
2026-07-13,Sun Pharma,1.1033595764806892,0.0286266726657437,1.0747329038149456,UP,UP
2026-07-14,Sun Pharma,0.458150135175317,0.04278665292209576,0.41536348225322123,UP,UP
2026-07-15,Sun Pharma,-0.0717409384608069,0.03983646669029457,-0.11157740515110147,DOWN,UP
2026-07-16,Sun Pharma,-0.8973898886769582,0.031804643759294704,-0.9291945324362529,DOWN,UP
2026-07-17,Sun Pharma,1.2315041461650411,0.014836243462640116,1.216667902702401,UP,UP
2026-07-20,Sun Pharma,0.2811286000493407,0.047322214264160466,0.23380638578518023,UP,UP
2026-07-21,Sun Pharma,-0.9633530852168226,0.021027859852182328,-0.984380945069005,DOWN,UP
2026-07-22,Sun Pharma,0.5661348430262558,0.01676737839149452,0.5493674646347613,UP,UP
2026-07-23,Sun Pharma,-0.6601854869018764,0.028005228202247247,-0.6881907151041237,DOWN,UP
2026-07-24,Sun Pharma,1.6794588633229468,0.018917388381837458,1.6605414749411094,UP,UP
2026-07-27,Sun Pharma,0.1519987877700801,0.21428917421094767,-0.06229038644086757,UP,UP
2026-07-28,Sun Pharma,0.6677833544925127,0.02009091022361191,0.6476924442689008,UP,UP
2026-07-29,Sun Pharma,0.5628398931837086,0.06853702284649159,0.49430287033721704,UP,UP
2026-07-30,Sun Pharma,-0.529707446667349,0.031101256669996177,-0.5608087033373452,DOWN,UP
2026-07-31,Sun Pharma,-1.3564431047475511,0.1808991178417844,-1.5373422225893356,DOWN,UP
2026-08-03,Sun Pharma,0.0254647313470801,0.03125399322954686,-0.00578926188246676,UP,UP
2026-08-04,Sun Pharma,-1.2219959266802416,0.030596640196791924,-1.2525925668770335,DOWN,UP
2026-08-05,Sun Pharma,0.5670103092783485,0.011433939384870443,0.555576369893478,UP,UP
2026-08-06,Sun Pharma,-0.3075345976422339,0.023393628723670717,-0.33092822636590463,DOWN,UP
2026-08-07,Sun Pharma,-0.0308470738271227,0.015728360896043205,-0.0465754347231659,DOWN,UP
2026-08-10,Sun Pharma,-0.1234326467767776,0.02641294856965199,-0.14984559534642958,DOWN,UP
2026-08-11,Sun Pharma,0.1029866117404632,0.019315747786558642,0.08367086395390455,UP,UP
2026-08-12,Sun Pharma,-0.6172839506172867,0.026807559129858553,-0.6440915097471452,DOWN,UP
2026-08-13,Sun Pharma,-0.103519668737062,0.021538747688320457,-0.12505841642538246,DOWN,UP
2026-08-14,Sun Pharma,-2.4870466321243567,0.02598188207065743,-2.513028514195014,DOWN,UP
2026-08-17,Sun Pharma,-0.3666325405984438,0.026165452062028118,-0.39279799266047194,DOWN,UP
2026-08-18,Sun Pharma,1.327930496414309,0.012234530974043102,1.315695965440266,UP,UP
2026-08-19,Sun Pharma,0.2105263157894832,0.028858147080093245,0.18166816870938995,UP,UP
2026-08-20,Sun Pharma,-0.0840323311941948,0.031808822523284576,-0.11584115371747938,DOWN,UP
2026-08-21,Sun Pharma,0.3994940858076612,0.03067767012309013,0.3688164156845711,UP,UP
2026-08-24,Sun Pharma,0.6282722513089034,0.030211619086917458,0.5980606322219859,UP,UP
2026-08-25,Sun Pharma,-1.1706555671175845,0.042546558541679456,-1.213202125659264,DOWN,UP
2026-08-26,Sun Pharma,0.7265095460976534,0.023754424321311748,0.7027551217763417,UP,UP
2026-08-27,Sun Pharma,0.3501777557565422,0.031637073490809735,0.31854068226573246,UP,UP
2026-08-28,Sun Pharma,3.3750025431315,0.0206048574220771,3.354397685709423,UP,UP
2026-08-31,Sun Pharma,-2.8113687754628303,0.22520924716994345,-3.036578022632774,DOWN,UP
2026-09-01,Sun Pharma,0.1399663645347271,0.012641304376015053,0.12732506015871206,UP,UP
2026-09-02,Sun Pharma,-0.8127530966882568,0.05027046130421045,-0.8630235579924672,DOWN,UP
2025-09-17,TCS,0.1229167386451068,0.02850768203169204,0.09440905661341475,UP,UP
2025-09-18,TCS,-0.23609406350239,0.029098883133370553,-0.26519294663576054,DOWN,UP
2025-09-19,TCS,-3.010220365189453,0.04675074520720167,-3.0569711103966544,DOWN,UP
2025-09-22,TCS,-0.3708811992738869,-0.03012186283413449,-0.3407593364397524,DOWN,DOWN
2025-09-23,TCS,-0.8816614701213976,0.0037368514975508562,-0.8853983216189485,DOWN,UP
2025-09-24,TCS,-2.5696778846099666,0.014320560061060755,-2.5839984446710274,DOWN,UP
2025-09-25,TCS,-1.9713196257732049,0.16694343695189123,-2.138263062725096,DOWN,UP
2025-09-26,TCS,-0.1034803869802702,0.03015292094880888,-0.13363330792907907,DOWN,UP
2025-09-29,TCS,-0.2658815321587626,0.05372623817649052,-0.3196077703352531,DOWN,UP
2025-09-30,TCS,0.893229805443152,0.10176578987084582,0.7914640155723062,UP,UP
2025-10-01,TCS,-0.4220729199854278,0.06549568178753112,-0.4875686017729589,DOWN,UP
2025-10-03,TCS,2.980805779349493,0.035642195517368795,2.9451635838321244,UP,UP
2025-10-06,TCS,-0.4919004033009821,0.08632320768696908,-0.5782236109879512,DOWN,UP
2025-10-07,TCS,1.799105521016564,0.04087003829884114,1.758235482717723,UP,UP
2025-10-08,TCS,1.139667037410086,0.10075736420004433,1.0389096732100416,UP,UP
2025-10-09,TCS,-1.0908940417550084,0.07890083479251114,-1.1697948765475195,DOWN,UP
2025-10-10,TCS,-0.6967637722825826,0.06347487784435998,-0.7602386501269426,DOWN,UP
2025-10-13,TCS,-1.559587094482151,0.023534613565908632,-1.5831217080480597,DOWN,UP
2025-10-14,TCS,0.3209134156438198,0.022976789012242267,0.29793662663157755,UP,UP
2025-10-15,TCS,0.0303017822396833,0.027667453249228757,0.002634328990454543,UP,UP
2025-10-16,TCS,-0.2861278533581646,0.029795385469712308,-0.31592323882787693,DOWN,UP
2025-10-17,TCS,1.7892107512537336,0.026458390328232717,1.762752360925501,UP,UP
2025-10-20,TCS,-0.281905019157902,0.06500843772568475,-0.34691345688358677,DOWN,UP
2025-10-21,TCS,2.211727178632561,0.008634665505419728,2.203092513127141,UP,UP
2025-10-23,TCS,-0.3253937315789268,0.23647744747387725,-0.561871179052804,DOWN,UP
2025-10-24,TCS,0.7084079236673091,0.04145761186286141,0.6669503118044476,UP,UP
2025-10-27,TCS,-0.8752309914330403,0.05107393920258441,-0.9263049306356247,DOWN,UP
2025-10-28,TCS,-0.009804267538982,0.0319084683072231,-0.04171273584620511,DOWN,UP
2025-10-29,TCS,-0.7293317672647515,0.022444642484843125,-0.7517764097495946,DOWN,UP
2025-10-30,TCS,0.7478651469939201,0.02375626645100949,0.7241088805429107,UP,UP
2025-10-31,TCS,-1.3472842109834904,0.028026325018784798,-1.3753105360022753,DOWN,UP
2025-11-03,TCS,-0.8817322071637768,0.021910836124429064,-0.9036430432882058,DOWN,UP
2025-11-04,TCS,0.6922597655639295,0.022947987759310996,0.6693117778046186,UP,UP
2025-11-06,TCS,-0.6343569741643407,0.026434506334403394,-0.660791480498744,DOWN,UP
2025-11-07,TCS,1.1163815027288582,0.027978663519501144,1.088402839209357,UP,UP
2025-11-10,TCS,0.7206151388333915,0.0432717178877879,0.6773434209456035,UP,UP
2025-11-11,TCS,2.783066912639476,0.041880849965660494,2.7411860626738154,UP,UP
2025-11-12,TCS,-0.8333896560866472,0.09826256840945036,-0.9316522244960975,DOWN,UP
2025-11-13,TCS,0.0096612304099741,0.05917928939055611,-0.04951805898058201,UP,UP
2025-11-14,TCS,-0.1223454226698339,0.027020990595976582,-0.1493664132658105,DOWN,UP
2025-11-17,TCS,-0.4867466234702577,0.021484716857732962,-0.5082313403279907,DOWN,UP
2025-11-18,TCS,1.963002546034476,0.02241591042741801,1.940586635607058,UP,UP
2025-11-19,TCS,-0.0921276611091981,0.05239583446284551,-0.1445234955720436,DOWN,UP
2025-11-20,TCS,0.1844329921797838,0.017979461779302708,0.16645353040048108,UP,UP
2025-11-21,TCS,-0.2983605088874297,0.027258101327373392,-0.3256186102148031,DOWN,UP
2025-11-24,TCS,-0.7003692965101616,0.0007604598963261328,-0.7011297564064877,DOWN,UP
2025-11-25,TCS,1.400998713001944,0.029019621645876986,1.371979091356067,UP,UP
2025-11-26,TCS,-0.8315092320187456,0.0428197691759914,-0.874329001194737,DOWN,UP
2025-11-27,TCS,0.0286903754298295,0.016386767793871427,0.012303607635958072,UP,UP
2025-11-28,TCS,-0.1306804033864517,0.035270373126183314,-0.165950776512635,DOWN,UP
2025-12-01,TCS,0.0734042541587154,0.017226194889427275,0.05617805926928813,UP,UP
2025-12-02,TCS,1.4127642796808226,0.02278754558023649,1.3899767341005862,UP,UP
2025-12-03,TCS,1.5471682758451344,0.056850228150648906,1.4903180476944855,UP,UP
2025-12-04,TCS,0.2787068046602003,0.0791552679083691,0.1995515367518312,UP,UP
2025-12-05,TCS,-0.0524967944385168,0.04055805006357824,-0.09305484450209503,DOWN,UP
2025-12-08,TCS,-0.8713100933686047,0.02965053167830029,-0.900960625046905,DOWN,UP
2025-12-09,TCS,-0.5953338953825882,0.012734495324638688,-0.6080683907072268,DOWN,UP
2025-12-10,TCS,0.0846592002136104,0.030968441017626105,0.05369075919598429,UP,UP
2025-12-11,TCS,0.8960211325940826,0.013865838001594367,0.8821552945924882,UP,UP
2025-12-12,TCS,0.3011939503764882,0.030656667453896422,0.27053728292259177,UP,UP
2025-12-15,TCS,-0.7770371461531034,0.016296139595454878,-0.7933332857485582,DOWN,UP
2025-12-16,TCS,0.3962419514186743,0.016146426711188884,0.3800955247074854,UP,UP
2025-12-17,TCS,1.9578593773389883,0.023241865205225944,1.9346175121337623,UP,UP
2025-12-18,TCS,0.0365749559258832,0.05021979660952893,-0.013644840683645729,UP,UP
2025-12-19,TCS,1.3071268233927569,0.042277662105466136,1.2648491612872907,UP,UP
2025-12-22,TCS,-0.4481308545032259,0.07922701874161915,-0.5273578732448451,DOWN,UP
2025-12-23,TCS,0.2719033232628343,0.011241867046439095,0.2606614562163952,UP,UP
2025-12-24,TCS,-1.1750527267249122,0.024705754924791018,-1.1997584816497033,DOWN,UP
2025-12-26,TCS,-0.8689024390243882,0.002616301234155192,-0.8715187402585435,DOWN,UP
2025-12-29,TCS,-0.1445471681339349,0.020136396529890462,-0.16468356466382536,DOWN,UP
2025-12-30,TCS,-1.2504649823109282,0.016393514263570514,-1.2668584965744987,DOWN,UP
2025-12-31,TCS,0.6612173755453421,0.020251850723793294,0.6409655248215488,UP,UP
2026-01-01,TCS,0.7219448947496154,0.033984219271071966,0.6879606754785434,UP,UP
2026-01-02,TCS,-1.0643816419645846,0.026116707345014673,-1.0904983493095992,DOWN,UP
2026-01-05,TCS,1.2344127970645768,0.04530473908803914,1.1891080579765376,UP,UP
2026-01-06,TCS,1.2224352918248194,0.043115419728790225,1.1793198720960292,UP,UP
2026-01-07,TCS,-2.782503719966356,0.05169842477759441,-2.8342021447439505,DOWN,UP
2026-01-08,TCS,0.1217312214255583,0.03069843507959293,0.09103278634596537,UP,UP
2026-01-09,TCS,0.9913351313696196,0.04889766914873041,0.9424374622208892,UP,UP
2026-01-12,TCS,0.8766483975690909,0.031338687095012516,0.8453097104740783,UP,UP
2026-01-13,TCS,-2.3102815177478586,0.13960670061465047,-2.449888218362509,DOWN,UP
2026-01-14,TCS,0.0,0.029614735623425984,-0.029614735623425984,UP,UP
2026-01-15,TCS,0.4447909529169846,0.9696141416145573,-0.5248231886975727,UP,UP
2026-01-19,TCS,-1.9376674338055235,0.028153109683464912,-1.9658205434889884,DOWN,UP
2026-01-20,TCS,0.6543547854371168,-0.002697437502300421,0.6570522229394172,UP,DOWN
2026-01-21,TCS,0.8902774552644654,0.02653270267698118,0.8637447525874843,UP,UP
2026-01-22,TCS,0.384081324001051,0.022847519960549623,0.36123380404050137,UP,UP
2026-01-23,TCS,-0.1422924901185784,0.02702976675527175,-0.16932225687385014,DOWN,UP
2026-01-27,TCS,1.3331253216038563,0.03946872034533052,1.2936566012585258,UP,UP
2026-01-28,TCS,-1.740576657376902,0.07257148977684913,-1.813148147153751,DOWN,UP
2026-01-29,TCS,-0.651952698024183,0.02635830030238905,-0.678310998326572,DOWN,UP
2026-01-30,TCS,1.462921243994164,0.02396416977331078,1.438957074220853,UP,UP
2026-02-02,TCS,1.757317940930858,0.052499971390679585,1.7048179695401784,UP,UP
2026-02-03,TCS,-7.013299468186284,0.12895981983996943,-7.142259288026254,DOWN,UP
2026-02-04,TCS,-0.2534126040737772,0.19887737399760086,-0.45228997807137805,DOWN,UP
2026-02-05,TCS,-1.668056237464488,0.05993043400939796,-1.727986671473886,DOWN,UP
2026-02-06,TCS,0.2243627038523543,0.07050418488965095,0.15385851896270336,UP,UP
2026-02-09,TCS,1.2346566409074944,0.10119937749810913,1.1334572634093854,UP,UP
2026-02-10,TCS,-2.506200039558537,0.07471397469631604,-2.5809140142548532,DOWN,UP
2026-02-11,TCS,-5.488347944601612,0.047853700145799045,-5.536201644747411,DOWN,UP
2026-02-12,TCS,-2.1053832380035886,0.3697177757797285,-2.475101013783317,DOWN,UP
2026-02-13,TCS,0.5348839887656442,0.8018376701844497,-0.2669536814188055,UP,UP
2026-02-16,TCS,0.3990173759637505,0.5776764681707448,-0.17865909220699433,UP,UP
2026-02-17,TCS,-0.8279973801645357,0.6556740479599196,-1.4836714281244552,DOWN,UP
2026-02-18,TCS,-0.6308212036081562,0.28176494234656746,-0.9125861459547236,DOWN,UP
2026-02-19,TCS,0.3099461940627712,0.3346382678131723,-0.02469207375040111,UP,UP
2026-02-20,TCS,-0.3685467397701036,0.3251892783716164,-0.69373601814172,DOWN,UP
2026-02-23,TCS,-3.8336545149777024,0.26925499603244885,-4.102909511010151,DOWN,UP
2026-02-24,TCS,2.160317780281029,0.5460142257930595,1.6143035544879698,UP,UP
2026-02-25,TCS,0.6998023048738977,0.3347617407306946,0.36504056414320313,UP,UP
2026-02-26,TCS,-0.3890187339228634,0.22600973117284545,-0.6150284650957089,DOWN,UP
2026-02-27,TCS,-0.9061918263707835,0.165934979108478,-1.0721268054792614,DOWN,UP
2026-03-02,TCS,-0.9833537850344354,0.24995432346431462,-1.23330810849875,DOWN,UP
2026-03-04,TCS,-0.3477857574071707,0.2728420521408728,-0.6206278095480435,DOWN,UP
2026-03-05,TCS,-0.8220858837624467,0.24850607916335987,-1.0705919629258065,DOWN,UP
2026-03-06,TCS,-1.1808020863064206,0.16014377722249198,-1.3409458635289127,DOWN,UP
2026-03-09,TCS,-0.5657911387208392,0.25566755762435583,-0.8214586963451951,DOWN,UP
2026-03-10,TCS,-1.91795763954854,0.32596892702501185,-2.2439265665735517,DOWN,UP
2026-03-11,TCS,-0.912815971902381,0.3614911687889589,-1.2743071406913398,DOWN,UP
2026-03-12,TCS,-1.3060884220122415,0.329568065001198,-1.6356564870134396,DOWN,UP
2026-03-13,TCS,-0.0539327454107008,0.40517857558743353,-0.45911132099813434,DOWN,UP
2026-03-16,TCS,-0.7263822162825395,0.3572170675689277,-1.0835992838514672,DOWN,UP
2026-03-17,TCS,2.0529371852097134,0.350885033182298,1.7020521520274152,UP,UP
2026-03-18,TCS,-3.474272661901945,0.23275970162455603,-3.707032363526501,DOWN,UP
2026-03-19,TCS,1.468594976920623,0.35922864322578185,1.1093663336948412,UP,UP
2026-03-20,TCS,-0.2844494499432026,0.483038182583781,-0.7674876325269836,DOWN,UP
2026-03-23,TCS,0.6292474071964982,0.3226909638294305,0.30655644336706767,UP,UP
2026-03-24,TCS,-0.8921188114378031,0.07891578511309001,-0.9710345965508932,DOWN,UP
2026-03-25,TCS,0.5215843776282814,0.029609089519368817,0.49197528810891256,UP,UP
2026-03-27,TCS,-1.2930013328741552,0.08575666386330796,-1.3787579967374632,DOWN,UP
2026-03-30,TCS,2.089959339908476,0.05382200067657974,2.036137339231896,UP,UP
2026-04-01,TCS,1.7648036235246467,-0.006591059165981351,1.7713946826906282,UP,DOWN
2026-04-02,TCS,0.9466663252994724,0.11719068692457976,0.8294756383748926,UP,UP
2026-04-06,TCS,2.6638162046064062,0.06545767860517863,2.5983585260012276,UP,UP
2026-04-07,TCS,0.7638358126932587,0.12118953991534463,0.6426462727779141,UP,UP
2026-04-08,TCS,1.164428313406285,0.06599528485387308,1.0984330285524118,UP,UP
2026-04-09,TCS,-2.499032490223063,0.07896566753152999,-2.577998157754593,DOWN,UP
2026-04-10,TCS,-2.0480905665662075,-0.04891237942302289,-1.9991781871431846,DOWN,DOWN
2026-04-13,TCS,3.3284721118271854,-0.05208675886788165,3.380558870695067,UP,DOWN
2026-04-15,TCS,0.8610904865516744,0.09725966146924991,0.7638308250824245,UP,UP
2026-04-16,TCS,0.1785128577197037,0.04982210881858297,0.12869074890112076,UP,UP
2026-04-17,TCS,-0.073596836868095,0.08983052276101548,-0.16342735962911048,DOWN,UP
2026-04-20,TCS,1.1978563022936983,0.02568144807610522,1.1721748542175932,UP,UP
2026-04-21,TCS,-2.758092319479022,0.05487157849755279,-2.8129638979765748,DOWN,UP
2026-04-22,TCS,-0.657866896666337,-0.0038772963874211066,-0.653989600278916,DOWN,DOWN
2026-04-23,TCS,-4.952817196685199,0.0285609796411341,-4.981378176326333,DOWN,UP
2026-04-24,TCS,2.115240409619279,0.7102410774218016,1.4049993321974772,UP,UP
2026-04-27,TCS,-0.1184893924114471,0.05839670005716425,-0.17688609246861134,DOWN,UP
2026-04-28,TCS,1.2271444594098124,0.04774282367665947,1.179401635733153,UP,UP
2026-04-29,TCS,-0.032329124496333,0.09039382912491024,-0.12272295362124325,DOWN,UP
2026-04-30,TCS,0.0,0.09082994357307853,-0.09082994357307853,UP,UP
2026-05-01,TCS,-1.7219715913027178,1.2202406119157856,-2.9422122032185034,DOWN,UP
2026-05-05,TCS,0.3336980741023509,0.03064489794999935,0.30305317615235156,UP,UP
2026-05-06,TCS,-1.3960746227869802,0.022182107055078056,-1.4182567298420583,DOWN,UP
2026-05-07,TCS,-0.2914966388217199,0.06298832022360033,-0.35448495904532024,DOWN,UP
2026-05-08,TCS,-0.062646176961989,0.0318465935269832,-0.0944927704889722,DOWN,UP
2026-05-11,TCS,-3.869775473053727,0.03490368893121275,-3.90467916198494,DOWN,UP
2026-05-12,TCS,-1.195496214244296,0.2592758102770036,-1.4547720245212996,DOWN,UP
2026-05-13,TCS,-1.1791643898434123,0.1051601305375366,-1.284324520380949,DOWN,UP
2026-05-14,TCS,0.8014247551202169,0.06419933161306607,0.7372254235071509,UP,UP
2026-05-15,TCS,0.8480543803831786,0.08394487548440593,0.7641095048987727,UP,UP
2026-05-18,TCS,1.922746470883685,0.0583668797608494,1.8643795911228356,UP,UP
2026-05-19,TCS,0.0128831882995505,0.2836038815835821,-0.2707206932840316,UP,UP
2026-05-20,TCS,-0.0085911824467155,0.07782916078642338,-0.08642034323313888,DOWN,UP
2026-05-21,TCS,-0.4253997314998536,0.03537487027509041,-0.460774601774944,DOWN,UP
2026-05-22,TCS,-0.3927026049497573,0.028117661025428547,-0.42082026597518585,DOWN,UP
2026-05-25,TCS,-1.386361696427274,0.025720913258964574,-1.4120826096862387,DOWN,UP
2026-05-26,TCS,0.351462972129557,0.024023229529015155,0.32743974260054187,UP,UP
2026-05-27,TCS,0.0,0.02813239775725054,-0.02813239775725054,UP,UP
2026-05-28,TCS,-1.1076109521473865,0.8715450077779008,-1.9791559599252873,DOWN,UP
2026-06-01,TCS,6.50735641833553,0.06840893942125824,6.438947478914272,UP,UP
2026-06-02,TCS,-8.38611955378008,-0.20710496873509146,-8.179014585044989,DOWN,DOWN
2026-06-03,TCS,-0.0312241239738164,0.1912783762221548,-0.2225025001959712,DOWN,UP
2026-06-04,TCS,-1.8786299712739816,0.10497318118514752,-1.983603152459129,DOWN,UP
2026-06-05,TCS,-2.160171090524443,0.19905931927694362,-2.3592304098013868,DOWN,UP
2026-06-08,TCS,-0.0185880060380339,0.08107012735422187,-0.09965813339225577,DOWN,UP
2026-06-09,TCS,0.1348164734425783,-0.6957528008217256,0.8305692742643039,UP,DOWN
2026-06-10,TCS,-0.8496125872695992,0.05307788435533965,-0.9026904716249389,DOWN,UP
2026-06-11,TCS,1.2080822020852366,0.0822757685658408,1.1258064335193958,UP,UP
2026-06-12,TCS,0.0277643047730036,0.04788857656171339,-0.020124271788709795,UP,UP
2026-06-15,TCS,1.7113783533765137,0.014387135526939808,1.6969912178495739,UP,UP
2026-06-16,TCS,1.091405184174632,0.04563836627215126,1.0457668179024806,UP,UP
2026-06-17,TCS,-0.8861876370614086,0.05382869104552181,-0.9400163281069304,DOWN,UP
2026-06-18,TCS,-3.553762406067696,0.025127819210770938,-3.578890225278467,DOWN,UP
2026-06-19,TCS,0.1317670036764751,0.1881342699973002,-0.056367266320825116,UP,UP
2026-06-22,TCS,-3.20518608923972,0.036078642258120755,-3.2412647314978407,DOWN,UP
2026-06-23,TCS,2.3985191299983555,-0.026379557130209463,2.424898687128565,UP,DOWN
2026-06-24,TCS,-0.6780487827465653,0.0945061381948139,-0.7725549209413792,DOWN,UP
2026-06-25,TCS,0.0,0.02692576233218252,-0.02692576233218252,UP,UP
2026-06-26,TCS,0.152764178472653,1.0241549566158383,-0.8713907781431853,UP,UP
2026-06-30,TCS,-2.4070895601310704,0.04173731618539134,-2.4488268763164616,DOWN,UP
2026-07-01,TCS,4.312525124744049,0.026885903825623815,4.285639220918425,UP,UP
2026-07-02,TCS,1.2281756754682904,-0.6982547291165879,1.9264304045848784,UP,DOWN
2026-07-03,TCS,-1.7148269569500885,0.12618475157324704,-1.8410117085233355,DOWN,UP
2026-07-06,TCS,1.8711118863113496,0.1304050225755463,1.7407068637358034,UP,UP
2026-07-07,TCS,-1.841519768040212,0.12306842702421385,-1.964588195064426,DOWN,UP
2026-07-08,TCS,-0.3888213851761857,0.10869749390914257,-0.49751887908532827,DOWN,UP
2026-07-09,TCS,0.951451573554518,0.05276364609560522,0.8986879274589128,UP,UP
2026-07-10,TCS,5.437409376510383,0.07689920442940988,5.360510172080973,UP,UP
2026-07-13,TCS,0.8755488267820244,-0.03539326847252125,0.9109420952545456,UP,DOWN
2026-07-14,TCS,-0.5180471679755327,0.10747300653141112,-0.6255201745069439,DOWN,UP
2026-07-15,TCS,0.5390119263344761,0.08621907591284256,0.4527928504216336,UP,UP
2026-07-16,TCS,3.0895047705588263,0.08973673970240532,2.999768030856421,UP,UP
2026-07-17,TCS,-0.7888894818752767,0.1904194339194823,-0.979308915794759,DOWN,UP
2026-07-20,TCS,-1.3326817421950632,0.05631433129324726,-1.3889960734883104,DOWN,UP
2026-07-21,TCS,-0.5762932000062393,0.039588875698436894,-0.6158820757046762,DOWN,UP
2026-07-22,TCS,1.5668094348857189,0.04670856690192778,1.520100867983791,UP,UP
2026-07-23,TCS,0.508277095757248,0.0899429233484276,0.4183341724088204,UP,UP
2026-07-24,TCS,1.832056422550954,0.0580346792546323,1.7740217432963217,UP,UP
2026-07-27,TCS,4.460702996497412,0.07363250329763339,4.387070493199778,UP,UP
2026-07-28,TCS,2.0266929798269384,-0.046095246621585366,2.0727882264485236,UP,DOWN
2026-07-29,TCS,-0.6049230866255084,-0.11412621415304872,-0.49079687247245973,DOWN,DOWN
2026-07-30,TCS,-2.722261281464178,-0.0429730902871669,-2.679288191177011,DOWN,DOWN
2026-07-31,TCS,4.569658820302136,0.0339680973156433,4.535690722986493,UP,UP
2026-08-03,TCS,-0.5538242892144218,-0.7827494336778775,0.2289251444634557,DOWN,DOWN
2026-08-04,TCS,-1.9105691056910623,-0.04659274047310433,-1.863976365217958,DOWN,DOWN
2026-08-05,TCS,-1.6576875259013637,0.03593475342630651,-1.6936222793276703,DOWN,UP
2026-08-06,TCS,3.358615725742742,0.05209543715220225,3.3065202885905394,UP,UP
2026-08-07,TCS,-1.1008276812293991,-0.011334480776658903,-1.0894932004527402,DOWN,DOWN
2026-08-10,TCS,0.8245042834064353,-0.007291676734372894,0.8317959601408083,UP,DOWN
2026-08-11,TCS,-3.925256651127662,0.09722548737103255,-4.022482138498694,DOWN,UP
2026-08-12,TCS,1.0767353004159874,0.8129321684782819,0.26380313193770555,UP,UP
2026-08-13,TCS,-0.5894736842105286,0.09013716738826794,-0.6796108515987965,DOWN,UP
2026-08-14,TCS,-2.0245679300349373,0.0193109317086751,-2.0438788617436123,DOWN,UP
2026-08-17,TCS,-1.4352391437262413,0.007992699541668615,-1.4432318432679099,DOWN,UP
2026-08-18,TCS,0.3947368421052699,-0.0051312443426957425,0.3998680864479656,UP,DOWN
2026-08-19,TCS,0.3931847968545288,0.08891444695280813,0.30427034990172064,UP,UP
2026-08-20,TCS,0.1740644038294103,0.05938620074774407,0.11467820308166624,UP,UP
2026-08-21,TCS,-0.7775804667137232,0.02476018451704401,-0.8023406512307671,DOWN,UP
2026-08-24,TCS,0.5297426994570253,0.03050379902834131,0.499238900428684,UP,UP
2026-08-25,TCS,-1.1410134887644974,0.07576042652497236,-1.2167739152894697,DOWN,UP
2026-08-26,TCS,-0.9515461522577096,0.047323770370691,-0.9988699226284006,DOWN,UP
2026-08-27,TCS,4.162964851523099,0.03429894459672952,4.128665906926369,UP,UP
2026-08-28,TCS,2.4466288995783625,0.13711606864834983,2.3095128309300126,UP,UP
2026-08-31,TCS,-1.262870345996292,0.16969279853539374,-1.4325631445316858,DOWN,UP
2026-09-01,TCS,-0.8864499788940439,0.0825485349945589,-0.9689985138886028,DOWN,UP
2026-09-02,TCS,-1.188241156037051,0.06757408551296105,-1.255815241550012,DOWN,UP
2025-09-17,Tata Steel,0.3909886592897482,0.03222397097619602,0.3587646883135522,UP,UP
2025-09-18,Tata Steel,-0.3197134544326907,0.0425217097867349,-0.36223516421942564,DOWN,UP
2025-09-19,Tata Steel,-0.0524821204413994,0.03129923276122329,-0.0837813532026227,DOWN,UP
2025-09-22,Tata Steel,1.108579207217808,0.03627534545325732,1.0723038617645506,UP,UP
2025-09-23,Tata Steel,-0.363546453016017,0.040163880345322533,-0.40371033336133955,DOWN,UP
2025-09-24,Tata Steel,-0.1621677130534626,0.033259959870969864,-0.19542767292443244,DOWN,UP
2025-09-25,Tata Steel,-2.8889725288693717,0.02655792433773392,-2.9155304532071056,DOWN,UP
2025-09-26,Tata Steel,0.9438482011126624,-0.022375773360691003,0.9662239744733534,UP,DOWN
2025-09-29,Tata Steel,-0.1242700085143266,0.02563432746590043,-0.14990433598022704,DOWN,UP
2025-09-30,Tata Steel,-0.7465839507776795,0.024447013574323606,-0.771030964352003,DOWN,UP
2025-10-01,Tata Steel,3.4027893223998795,0.022346852381523823,3.3804424700183557,UP,UP
2025-10-03,Tata Steel,-1.8186069125192492,0.2554616623262845,-2.074068574845534,DOWN,UP
2025-10-06,Tata Steel,0.8055951645627113,0.044904322919222195,0.7606908416434891,UP,UP
2025-10-07,Tata Steel,0.2975032301317126,0.0800440951303059,0.21745913500140668,UP,UP
2025-10-08,Tata Steel,2.605557557244853,0.03320285978411838,2.5723546974607348,UP,UP
2025-10-09,Tata Steel,-1.4510812748916413,0.2047055792206171,-1.6557868541122585,DOWN,UP
2025-10-10,Tata Steel,-0.4773966571614441,0.03483521911477348,-0.5122318762762176,DOWN,UP
2025-10-13,Tata Steel,-1.4563973243016948,0.027711775041973793,-1.4841090993436685,DOWN,UP
2025-10-14,Tata Steel,1.6010856103914062,0.1875780082143605,1.4135076021770456,UP,UP
2025-10-15,Tata Steel,0.4386945755816995,0.04075425478224125,0.39794032079945824,UP,UP
2025-10-16,Tata Steel,-1.0229878041936091,0.02634481083814444,-1.0493326150317537,DOWN,UP
2025-10-17,Tata Steel,-0.1567786961718331,0.06576351614881251,-0.2225422123206456,DOWN,UP
2025-10-20,Tata Steel,0.4826995322974703,0.023355442505302103,0.45934408979216823,UP,UP
2025-10-21,Tata Steel,0.7987063853237331,0.043961376363021935,0.7547450089607112,UP,UP
2025-10-23,Tata Steel,0.1607709998904916,0.6728059139711619,-0.5120349140806703,UP,UP
2025-10-24,Tata Steel,1.272644570988701,0.039081044809288853,1.2335635261794122,UP,UP
2025-10-27,Tata Steel,2.9152008319520477,0.07522074357947867,2.839980088372569,UP,UP
2025-10-28,Tata Steel,1.859086369396845,0.18527828540233685,1.673808083994508,UP,UP
2025-10-29,Tata Steel,-0.4535862232392551,0.010439050428874622,-0.46402527366812973,DOWN,UP
2025-10-30,Tata Steel,-0.8190993846656225,0.025855410770339936,-0.8449547954359624,DOWN,UP
2025-10-31,Tata Steel,-0.0929764670478228,0.032724412845029215,-0.125700879892852,DOWN,UP
2025-11-03,Tata Steel,-1.850333889907008,0.02843861014033759,-1.8787725000473456,DOWN,UP
2025-11-04,Tata Steel,-1.1266602093336742,0.0194282153306843,-1.1460884246643586,DOWN,UP
2025-11-06,Tata Steel,2.3128508748862853,0.026330897311746294,2.286519977574539,UP,UP
2025-11-07,Tata Steel,0.060649839175686,0.13239696099474071,-0.07174712181905471,UP,UP
2025-11-10,Tata Steel,-0.2424523097668607,0.027314608092342006,-0.2697669178592027,DOWN,UP
2025-11-11,Tata Steel,-1.342240811918649,0.03411076755855932,-1.3763515794772083,DOWN,UP
2025-11-12,Tata Steel,-1.097366724802307,0.02560740413990135,-1.1229741289422082,DOWN,UP
2025-11-13,Tata Steel,-1.3529575274420669,0.30721254090481126,-1.660170068346878,DOWN,UP
2025-11-14,Tata Steel,-0.6255000414612466,0.027807534608467244,-0.6533075760697138,DOWN,UP
2025-11-17,Tata Steel,-0.4157771140014032,0.03472396434395935,-0.45050107834536257,DOWN,UP
2025-11-18,Tata Steel,0.4407131221075611,0.04019475229890499,0.40051836980865607,UP,UP
2025-11-19,Tata Steel,-0.4330003873500021,0.04097821416366428,-0.4739786015136664,DOWN,UP
2025-11-20,Tata Steel,-2.586110715666912,0.02947252493952466,-2.6155832406064365,DOWN,UP
2025-11-21,Tata Steel,-1.5714282081240705,0.08580035368329438,-1.6572285618073648,DOWN,UP
2025-11-24,Tata Steel,0.5865996716998056,0.09755499654117535,0.4890446751586303,UP,UP
2025-11-25,Tata Steel,2.008054049853936,0.05710872220565438,1.9509453276482818,UP,UP
2025-11-26,Tata Steel,-0.9076403033843384,0.04275579680840254,-0.950396100192741,DOWN,UP
2025-11-27,Tata Steel,-0.1011111425731514,0.04624550712944224,-0.14735664970259366,DOWN,UP
2025-11-28,Tata Steel,0.3989033949532539,0.03744474516592794,0.36145864978732595,UP,UP
2025-12-01,Tata Steel,-0.504065752774141,0.026328839273506082,-0.530394592047647,DOWN,UP
2025-12-02,Tata Steel,-0.5125763598811561,0.036685151779629104,-0.5492615116607852,DOWN,UP
2025-12-03,Tata Steel,-0.0898597520547328,0.023648761627603994,-0.1135085136823368,DOWN,UP
2025-12-04,Tata Steel,0.2038713972418948,0.03950050084924742,0.16437089639264738,UP,UP
2025-12-05,Tata Steel,-2.178205598919114,0.6662225632611177,-2.8444281621802316,DOWN,UP
2025-12-08,Tata Steel,-1.7128543652345618,-0.004790078735089685,-1.7080642864994722,DOWN,DOWN
2025-12-09,Tata Steel,0.9709327045323012,0.066195331686697,0.9047373728456042,UP,UP
2025-12-10,Tata Steel,2.558102240379312,0.03343859052701965,2.5246636498522923,UP,UP
2025-12-11,Tata Steel,3.311692718555226,0.06787385015799859,3.243818868397227,UP,UP
2025-12-12,Tata Steel,0.5701295776478377,0.11026206101672695,0.4598675166311107,UP,UP
2025-12-15,Tata Steel,-1.7585430508469837,0.07834996462284191,-1.8368930154698255,DOWN,UP
2025-12-16,Tata Steel,0.3002970625550993,0.05082569739734303,0.24947136515775628,UP,UP
2025-12-17,Tata Steel,-1.3032765459848217,0.0543256255511729,-1.3576021715359945,DOWN,UP
2025-12-18,Tata Steel,0.3390479067177265,0.020353310842973923,0.3186945958747526,UP,UP
2025-12-19,Tata Steel,0.3141850563912252,0.10176601989506827,0.2124190364961569,UP,UP
2025-12-22,Tata Steel,0.9927861149168438,0.03249373642843544,0.9602923784884083,UP,UP
2025-12-23,Tata Steel,-0.4856562913444939,0.033956354756429885,-0.5196126461009238,DOWN,UP
2025-12-24,Tata Steel,-0.5586006739096372,0.025664072219696955,-0.5842647461293341,DOWN,UP
2025-12-26,Tata Steel,1.8803264110590856,0.02348636736939728,1.8568400436896884,UP,UP
2025-12-29,Tata Steel,2.0313406488731367,0.2061276613552679,1.8252129875178689,UP,UP
2025-12-30,Tata Steel,2.4345840187709245,0.07510141480392257,2.359482603967002,UP,UP
2025-12-31,Tata Steel,1.0051074745611288,0.10869982760012792,0.896407646961001,UP,UP
2026-01-01,Tata Steel,0.544288029295803,0.0694966305016301,0.47479139879417287,UP,UP
2026-01-02,Tata Steel,1.5529288397112984,0.0712488500150457,1.4816799896962527,UP,UP
2026-01-05,Tata Steel,0.2584512838596398,0.07664961710921851,0.18180166675042125,UP,UP
2026-01-06,Tata Steel,-1.288933370472345,0.046234304847426945,-1.3351676753197719,DOWN,UP
2026-01-07,Tata Steel,-2.002180562278899,0.03083780033301982,-2.033018362611919,DOWN,UP
2026-01-08,Tata Steel,-0.954919646530128,0.07935715345655883,-1.0342767999866869,DOWN,UP
2026-01-09,Tata Steel,2.713011077504923,0.008550655189726558,2.7044604223151967,UP,UP
2026-01-12,Tata Steel,-0.3656396795787775,0.0436198569121702,-0.4092595364909477,DOWN,UP
2026-01-13,Tata Steel,3.6588664116765424,0.03073394173956806,3.628132469936974,UP,UP
2026-01-14,Tata Steel,0.0,0.4525825777084915,-0.4525825777084915,UP,UP
2026-01-15,Tata Steel,-0.5495341009948862,2.162306267111768,-2.711840368106654,DOWN,UP
2026-01-19,Tata Steel,-2.501729753535764,0.019193736947863888,-2.520923490483628,DOWN,UP
2026-01-20,Tata Steel,0.4630671795712304,0.0640362541691774,0.399030925402053,UP,UP
2026-01-21,Tata Steel,2.543247301268803,0.06392341632723456,2.4793238849415684,UP,UP
2026-01-22,Tata Steel,-0.7879457668279244,0.04753113278145728,-0.8354768996093817,DOWN,UP
2026-01-23,Tata Steel,2.489205348196988,0.04684265930922075,2.442362688887767,UP,UP
2026-01-27,Tata Steel,0.8165213928573056,0.048401237730951736,0.7681201551263539,UP,UP
2026-01-28,Tata Steel,4.369358242981014,-0.037252349143662614,4.406610592124677,UP,DOWN
2026-01-29,Tata Steel,-4.542310255396165,0.3409056132152295,-4.883215868611394,DOWN,UP
2026-01-30,Tata Steel,-2.392176388531564,0.22157422653507264,-2.6137506150666363,DOWN,UP
2026-02-02,Tata Steel,2.344702295763401,0.10856236558626797,2.236139930177133,UP,UP
2026-02-03,Tata Steel,1.2802577693837414,0.1445947253618374,1.135663044021904,UP,UP
2026-02-04,Tata Steel,1.207779265132336,0.05021447986976191,1.1575647852625741,UP,UP
2026-02-05,Tata Steel,-0.3539628679642304,0.10714848185741119,-0.4611113498216416,DOWN,UP
2026-02-06,Tata Steel,2.506851975341906,-0.026433909194540268,2.5332858845364465,UP,DOWN
2026-02-09,Tata Steel,2.975244805364352,0.5244678083646312,2.450776996999721,UP,UP
2026-02-10,Tata Steel,-0.2019124946092576,0.23028261169006578,-0.43219510629932334,DOWN,UP
2026-02-11,Tata Steel,0.250495824285557,-0.11171796196680027,0.3622137862523573,UP,DOWN
2026-02-12,Tata Steel,-2.368943308880622,-0.13881444209745536,-2.2301288667831667,DOWN,DOWN
2026-02-13,Tata Steel,1.2944211918587856,-0.11837671089330162,1.4127979027520872,UP,DOWN
2026-02-16,Tata Steel,-1.3264640979172015,-0.06855223496563397,-1.2579118629515675,DOWN,DOWN
2026-02-17,Tata Steel,2.9298783211515245,-0.02430209380867674,2.9541804149602013,UP,DOWN
2026-02-18,Tata Steel,-1.7318065054431453,0.33571284959176545,-2.0675193550349107,DOWN,UP
2026-02-19,Tata Steel,1.436150574776729,0.05458311000037999,1.381567464776349,UP,UP
2026-02-20,Tata Steel,-0.1055870704831596,-0.045907497002657734,-0.05967957348050187,DOWN,DOWN
2026-02-23,Tata Steel,0.4756440357774449,-0.08832573696103066,0.5639697727384756,UP,DOWN
2026-02-24,Tata Steel,2.634722124127298,-0.06578486673280924,2.700506990860107,UP,DOWN
2026-02-25,Tata Steel,0.4099910945372986,-0.019116975550189746,0.42910807008748836,UP,DOWN
2026-02-26,Tata Steel,-1.4801421576502105,-0.1006015696498986,-1.379540588000312,DOWN,DOWN
2026-02-27,Tata Steel,-0.6216772537255388,-0.08392306871182295,-0.5377541850137159,DOWN,DOWN
2026-03-02,Tata Steel,-6.767451377206846,0.23261571261421451,-7.00006708982106,DOWN,UP
2026-03-04,Tata Steel,1.951919727583351,0.2397831794280599,1.7121365481552913,UP,UP
2026-03-05,Tata Steel,-1.052002060777102,0.11797813372917555,-1.1699801945062775,DOWN,UP
2026-03-06,Tata Steel,-3.753911092914741,0.010532975608463903,-3.7644440685232046,DOWN,UP
2026-03-09,Tata Steel,2.08889880525136,0.009882949808664304,2.079015855442696,UP,UP
2026-03-10,Tata Steel,-0.1333305163261022,0.058847351487689714,-0.19217786781379192,DOWN,UP
2026-03-11,Tata Steel,-0.65215376226615,0.12438680899364525,-0.7765405712597953,DOWN,UP
2026-03-12,Tata Steel,-5.148088412169461,0.05450417820190862,-5.20259259037137,DOWN,UP
2026-03-13,Tata Steel,1.8691123302510213,0.5507025063478572,1.318409823903164,UP,UP
2026-03-16,Tata Steel,4.5415588549786445,0.7436873625321112,3.797871492446533,UP,UP
2026-03-17,Tata Steel,-0.0102282220851956,0.28159346902380716,-0.29182169110900275,DOWN,UP
2026-03-18,Tata Steel,-2.507552870090568,0.1500237078039322,-2.6575765778945004,DOWN,UP
2026-03-19,Tata Steel,3.285921970566364,0.11578615457692822,3.1701358159894357,UP,UP
2026-03-20,Tata Steel,-4.8787954947761225,0.30722758601291006,-5.186023080789033,DOWN,UP
2026-03-23,Tata Steel,1.9340680411397804,0.2498560254349502,1.6842120157048301,UP,UP
2026-03-24,Tata Steel,3.0714402309156785,0.16903249525052305,2.9024077356651556,UP,UP
2026-03-25,Tata Steel,-1.744211941133755,0.11389631100824564,-1.8581082521420007,DOWN,UP
2026-03-27,Tata Steel,-0.703861195403932,0.23100575928550246,-0.9348669546894345,DOWN,UP
2026-03-30,Tata Steel,1.4281275328090317,0.15354947329341195,1.2745780595156198,UP,UP
2026-04-01,Tata Steel,-0.2363857653850498,0.11147373109482622,-0.347859496479876,DOWN,UP
2026-04-02,Tata Steel,1.009584176382594,0.07307990934357526,0.9365042670390187,UP,UP
2026-04-06,Tata Steel,1.0351854748160028,0.07728750242989506,0.9578979723861077,UP,UP
2026-04-07,Tata Steel,3.0535444626608177,0.08166081887198194,2.9718836437888356,UP,UP
2026-04-08,Tata Steel,0.4995613228768292,0.1337765192283185,0.3657848036485107,UP,UP
2026-04-09,Tata Steel,0.687136297796842,0.06964592333690821,0.6174903744599338,UP,UP
2026-04-10,Tata Steel,-0.106481399764402,0.06829911350415944,-0.17478051326856145,DOWN,UP
2026-04-13,Tata Steel,1.1289315557658552,0.034753094825999996,1.0941784609398553,UP,UP
2026-04-15,Tata Steel,0.9438487970398368,0.0524960930462459,0.8913527039935909,UP,UP
2026-04-16,Tata Steel,0.678718809251011,0.03732546901257825,0.6413933402384328,UP,UP
2026-04-17,Tata Steel,-0.1885696330812147,0.06069387593160833,-0.24926350901282301,DOWN,UP
2026-04-20,Tata Steel,0.1369701891464458,0.03353139167398209,0.1034387974724637,UP,UP
2026-04-21,Tata Steel,0.4811114093151936,0.04076045809213211,0.44035095122306145,UP,UP
2026-04-22,Tata Steel,-0.9951627138598208,0.030327651407542018,-1.0254903652673628,DOWN,UP
2026-04-23,Tata Steel,-0.3982724021171946,0.014529120455412547,-0.41280152257260716,DOWN,UP
2026-04-24,Tata Steel,1.5233002507127669,0.023636353926242377,1.4996638967865246,UP,UP
2026-04-27,Tata Steel,0.8346221895428219,0.05012146053773417,0.7845007290050877,UP,UP
2026-04-28,Tata Steel,0.3859576002214426,0.04023672463078602,0.34572087559065656,UP,UP
2026-04-29,Tata Steel,-2.0937577219875103,0.04548292840491467,-2.139240650392425,DOWN,UP
2026-04-30,Tata Steel,0.0,-0.006638743124191661,0.006638743124191661,UP,DOWN
2026-05-01,Tata Steel,0.4163535580390176,1.3557579041213077,-0.9394043460822901,UP,UP
2026-05-05,Tata Steel,1.963843343104399,0.028878515586754017,1.934964827517645,UP,UP
2026-05-06,Tata Steel,0.7518425339999801,0.05362667852388306,0.6982158554760971,UP,UP
2026-05-07,Tata Steel,-1.197655759632421,0.04486822109061752,-1.2425239807230386,DOWN,UP
2026-05-08,Tata Steel,-1.1235971841989656,0.030209664945411958,-1.1538068491443776,DOWN,UP
2026-05-11,Tata Steel,-0.0377224775386486,0.02186563908976706,-0.05958811662841566,DOWN,UP
2026-05-12,Tata Steel,3.594337319428065,0.04052947227473027,3.5538078471533345,UP,UP
2026-05-13,Tata Steel,0.6875556867302901,0.04033768481030818,0.6472180019199819,UP,UP
2026-05-14,Tata Steel,-1.940039094737656,0.03536003722780682,-1.975399131965463,DOWN,UP
2026-05-15,Tata Steel,-3.288133990240971,0.07926461304023381,-3.367398603281205,DOWN,UP
2026-05-18,Tata Steel,-0.2002829689989216,0.06544911620899027,-0.26573208520791186,DOWN,UP
2026-05-19,Tata Steel,-1.0893969384287217,0.06308172798351716,-1.1524786664122388,DOWN,UP
2026-05-20,Tata Steel,0.7584210259794277,0.057020442379248595,0.7014005836001791,UP,UP
2026-05-21,Tata Steel,0.2924540248329554,0.037275641349142234,0.25517838348381316,UP,UP
2026-05-22,Tata Steel,0.4923747632659347,0.033977624034850586,0.4583971392310841,UP,UP
2026-05-25,Tata Steel,0.1189230323224821,0.038265499505705326,0.08065753281677676,UP,UP
2026-05-26,Tata Steel,2.0097855765693677,0.0362148414583167,1.973570735111051,UP,UP
2026-05-27,Tata Steel,0.0,0.11789108132606688,-0.11789108132606688,UP,UP
2026-05-28,Tata Steel,-3.1113147511556027,1.3856869706635957,-4.497001721819198,DOWN,UP
2026-06-01,Tata Steel,0.0142464635291883,0.051173805849258576,-0.03692734232007028,UP,UP
2026-06-02,Tata Steel,0.6125324068123605,0.0338255471289935,0.578706859683367,UP,UP
2026-06-03,Tata Steel,-0.6229610029883093,0.04263953149268299,-0.6656005344809922,DOWN,UP
2026-06-04,Tata Steel,-1.8046269267146364,0.02509644000543644,-1.829723366720073,DOWN,UP
2026-06-05,Tata Steel,-1.9586995057663703,0.05959753323463731,-2.0182970390010078,DOWN,UP
2026-06-08,Tata Steel,0.2269097535064324,-0.02463208848214619,0.2515418419885786,UP,DOWN
2026-06-09,Tata Steel,-1.9047126964725325,0.021729713784232527,-1.926442410256765,DOWN,UP
2026-06-10,Tata Steel,-0.6773322268139759,-0.00550193833098639,-0.6718302884829894,DOWN,DOWN
2026-06-11,Tata Steel,-0.0505183371003581,0.09171859107542533,-0.14223692817578343,DOWN,UP
2026-06-12,Tata Steel,-0.2931374857300883,0.03703785216863795,-0.3301753378987262,DOWN,UP
2026-06-15,Tata Steel,-0.648823391736153,0.037343117540246745,-0.6861665092763998,DOWN,UP
2026-06-16,Tata Steel,1.5357114830795826,0.0593139659893897,1.4763975170901928,UP,UP
2026-06-17,Tata Steel,0.7587607694612863,0.04634536923471579,0.7124154002265706,UP,UP
2026-06-18,Tata Steel,-0.7779760250124723,0.03580890036793446,-0.8137849253804068,DOWN,UP
2026-06-19,Tata Steel,0.0050233747982852,0.04064960971038652,-0.03562623491210132,UP,UP
2026-06-22,Tata Steel,-2.719004688605542,0.04054368252680938,-2.759548371132351,DOWN,UP
2026-06-23,Tata Steel,-1.7565581418522047,-0.02443059764084784,-1.7321275442113568,DOWN,DOWN
2026-06-24,Tata Steel,-0.7625141566670157,0.07114335138929216,-0.8336575080563079,DOWN,UP
2026-06-25,Tata Steel,0.0,0.05713815449996229,-0.05713815449996229,UP,UP
2026-06-26,Tata Steel,0.4557260239280936,0.952035646495367,-0.4963096225672734,UP,UP
2026-06-30,Tata Steel,-1.5367432878690468,0.05570552878902648,-1.5924488166580733,DOWN,UP
2026-07-01,Tata Steel,1.3501107224287212,0.061158397449304784,1.2889523249794164,UP,UP
2026-07-02,Tata Steel,1.1349735725446175,0.05070566829333754,1.08426790425128,UP,UP
2026-07-03,Tata Steel,0.563747127621439,0.03805269277378275,0.5256944348476562,UP,UP
2026-07-06,Tata Steel,-0.5658311199681298,0.07710887122712552,-0.6429399911952554,DOWN,UP
2026-07-07,Tata Steel,-0.8377661595116326,0.034136495664696384,-0.8719026551763289,DOWN,UP
2026-07-08,Tata Steel,-0.1540878272238477,0.023861563726506146,-0.17794939095035384,DOWN,UP
2026-07-09,Tata Steel,1.7455157870120086,0.02872786886753696,1.7167879181444716,UP,UP
2026-07-10,Tata Steel,-2.134003754879943,0.04734707755076494,-2.1813508324307076,DOWN,UP
2026-07-13,Tata Steel,0.6199581306853608,0.05571938124538814,0.5642387494399727,UP,UP
2026-07-14,Tata Steel,-1.5987728779507937,0.04269591615298339,-1.641468794103777,DOWN,UP
2026-07-15,Tata Steel,0.1241557773659529,0.022928206422542598,0.10122757094341031,UP,UP
2026-07-16,Tata Steel,0.2156417513821784,0.036450256713350705,0.1791914946688277,UP,UP
2026-07-17,Tata Steel,0.2797376266438389,0.02421668763033988,0.255520939013499,UP,UP
2026-07-20,Tata Steel,0.4452560564073948,0.06669551676133753,0.3785605396460573,UP,UP
2026-07-21,Tata Steel,-0.3791960548159334,0.06320265949486308,-0.44239871431079647,DOWN,UP
2026-07-22,Tata Steel,-1.2330472668255488,0.027995663879038606,-1.2610429307045874,DOWN,UP
2026-07-23,Tata Steel,-0.8467663218647781,0.02827397422666656,-0.8750402960914446,DOWN,UP
2026-07-24,Tata Steel,0.8649487309861259,0.019289748782975694,0.8456589822031502,UP,UP
2026-07-27,Tata Steel,-0.8792375127204877,0.08216021866308183,-0.9613977313835695,DOWN,UP
2026-07-28,Tata Steel,2.5406555689607258,0.025092484011145062,2.5155630849495805,UP,UP
2026-07-29,Tata Steel,-0.1868991806110997,0.0819907532977494,-0.2688899339088491,DOWN,UP
2026-07-30,Tata Steel,1.481919698050338,0.043953574231155416,1.4379661238191825,UP,UP
2026-07-31,Tata Steel,0.6905991574323478,0.10055230727730034,0.5900468501550474,UP,UP
2026-08-03,Tata Steel,-0.0261796082501652,0.04609138088587283,-0.07227098913603802,DOWN,UP
2026-08-04,Tata Steel,1.0683469900629738,0.0488844378266567,1.0194625522363172,UP,UP
2026-08-05,Tata Steel,-1.9120173772610105,0.042891451702246515,-1.954908828963257,DOWN,UP
2026-08-06,Tata Steel,-0.9244585165281372,-0.011937625181217385,-0.9125208913469197,DOWN,DOWN
2026-08-07,Tata Steel,1.434285469280394,0.03032100294675073,1.4039644663336432,UP,UP
2026-08-10,Tata Steel,-1.0460499556890546,0.24921138020596273,-1.2952613358950174,DOWN,UP
2026-08-11,Tata Steel,-1.0889790447584646,0.03904111774730629,-1.1280201625057709,DOWN,UP
2026-08-12,Tata Steel,-0.7250219478262654,0.07566864153204374,-0.8006905893583092,DOWN,UP
2026-08-13,Tata Steel,-0.7303251603679173,0.027257062062406103,-0.7575822224303234,DOWN,UP
2026-08-14,Tata Steel,1.3623978201634968,0.017312889851617826,1.345084930311879,UP,UP
2026-08-17,Tata Steel,-0.268817204301075,0.03653371427418379,-0.30535091857525876,DOWN,UP
2026-08-18,Tata Steel,-0.8086253369272267,0.023361981763890243,-0.831987318691117,DOWN,UP
2026-08-19,Tata Steel,-0.2717391304347782,0.02398262201719714,-0.29572175245197535,DOWN,UP
2026-08-20,Tata Steel,-0.2724795640327015,0.036120344253010334,-0.3085999082857118,DOWN,UP
2026-08-21,Tata Steel,1.803280356151804,0.03641977869813569,1.7668605774536683,UP,UP
2026-08-24,Tata Steel,0.3435316044898995,0.07726660026419131,0.2662650042257082,UP,UP
2026-08-25,Tata Steel,0.572371911552283,0.04783420051046708,0.5245377110418159,UP,UP
2026-08-26,Tata Steel,-0.6435782620238251,0.056795156641830644,-0.7003734186656557,DOWN,UP
2026-08-27,Tata Steel,-0.1606012028140591,0.04992630475751631,-0.2105275075715754,DOWN,UP
2026-08-28,Tata Steel,-1.15281174074231,0.04811342612367608,-1.200925166865986,DOWN,UP
2026-08-31,Tata Steel,-0.1518843341614117,0.038458820294565564,-0.19034315445597727,DOWN,UP
2026-09-01,Tata Steel,-0.1195204063395571,0.04715948991303991,-0.16667989625259702,DOWN,UP
2026-09-02,Tata Steel,0.1903676002760201,0.03339506941135844,0.15697253086466165,UP,UP
2025-09-17,Wipro,1.093841765122816,0.02992631068292365,1.0639154544398923,UP,UP
2025-09-18,Wipro,-0.4086668831589923,0.06001522333601288,-0.4686821064950052,DOWN,UP
2025-09-19,Wipro,-2.1689866131976987,0.034555156558842864,-2.2035417697565416,DOWN,UP
2025-09-22,Wipro,-0.2796296660895647,0.06369533460949359,-0.34332500069905825,DOWN,UP
2025-09-23,Wipro,-2.018991485934496,0.03291857895699468,-2.0519100648914907,DOWN,UP
2025-09-24,Wipro,-1.0589134374542009,-0.015527905177351663,-1.0433855322768493,DOWN,DOWN
2025-09-25,Wipro,-2.5826446280991733,0.01709729223892811,-2.5997419203381016,DOWN,UP
2025-09-26,Wipro,1.6500527633715567,0.035488753912117504,1.6145640094594391,UP,UP
2025-09-29,Wipro,-0.1126707866585863,0.04521859590885,-0.15788938256743631,DOWN,UP
2025-09-30,Wipro,0.7102027161754343,0.033236116252020984,0.6769665999234133,UP,UP
2025-10-01,Wipro,-0.0373383639378444,0.055198062688522995,-0.0925364266263674,DOWN,UP
2025-10-03,Wipro,0.4772218340370893,0.03349898242217084,0.4437228516149184,UP,UP
2025-10-06,Wipro,0.5781992600057739,0.046305704733772116,0.5318935552720018,UP,UP
2025-10-07,Wipro,0.3038662574932571,0.03237481349856326,0.2714914439946938,UP,UP
2025-10-08,Wipro,0.8719816542221315,0.032406606979820785,0.8395750472423107,UP,UP
2025-10-09,Wipro,0.9334428201017042,0.04830730720015742,0.8851355129015468,UP,UP
2025-10-10,Wipro,-1.4354612421537905,0.03915092825687945,-1.4746121704106698,DOWN,UP
2025-10-13,Wipro,1.3421422186588927,0.025580730945633658,1.316561487713259,UP,UP
2025-10-14,Wipro,0.7205573456709136,0.047835453032532456,0.6727218926383811,UP,UP
2025-10-15,Wipro,1.4387877175685349,0.04958717794630913,1.3892005396222258,UP,UP
2025-10-16,Wipro,-5.086483505886696,0.08514462207277175,-5.171628127959468,DOWN,UP
2025-10-17,Wipro,0.1411422188851485,0.3032693195618653,-0.16212710067671682,UP,UP
2025-10-20,Wipro,0.0497409693480221,0.03490173504067714,0.014839234307344962,UP,UP
2025-10-21,Wipro,1.2180984562361274,0.028696140422048336,1.1894023158140792,UP,UP
2025-10-23,Wipro,-0.5403222708675659,0.24597783325631048,-0.7863001041238764,DOWN,UP
2025-10-24,Wipro,0.3827508234929277,0.016306444586094444,0.3664443789068333,UP,UP
2025-10-27,Wipro,-0.6272800444119153,0.038285462839036645,-0.665565507250952,DOWN,UP
2025-10-28,Wipro,-0.0412600468276957,0.028137664260683416,-0.06939771108837911,DOWN,UP
2025-10-29,Wipro,-0.1485886627725752,0.030965640981640376,-0.17955430375421558,DOWN,UP
2025-10-30,Wipro,-0.5166997393605599,0.029004221888300645,-0.5457039612488606,DOWN,UP
2025-10-31,Wipro,-0.070635380495565,0.040291611424216264,-0.11092699191978127,DOWN,UP
2025-11-03,Wipro,-1.072765834118372,0.04094295281016861,-1.1137087869285405,DOWN,UP
2025-11-04,Wipro,0.8952609697399305,0.02834440070768835,0.8669165690322421,UP,UP
2025-11-06,Wipro,-1.4830233340285104,0.031150753149773815,-1.5141740871782843,DOWN,UP
2025-11-07,Wipro,1.416546478461389,0.03369964102464801,1.382846837436741,UP,UP
2025-11-10,Wipro,0.7713501216491281,0.0544152519667742,0.7169348696823539,UP,UP
2025-11-11,Wipro,1.4605481168600054,0.03292216447965557,1.4276259523803498,UP,UP
2025-11-12,Wipro,0.044857927495312,0.07804514827469337,-0.033187220779381375,UP,UP
2025-11-13,Wipro,-0.3913123982806965,0.06531047600933676,-0.4566228742900333,DOWN,UP
2025-11-14,Wipro,-0.1309457264899616,0.029615020246840096,-0.1605607467368017,DOWN,UP
2025-11-17,Wipro,-1.290722850187942,0.0289069325924782,-1.3196297827804202,DOWN,UP
2025-11-18,Wipro,2.146124349822909,0.03828271009514588,2.107841639727763,UP,UP
2025-11-19,Wipro,0.0772085898168573,0.2190413469937892,-0.1418327571769319,UP,UP
2025-11-20,Wipro,-0.7187480927287937,0.04131076312694736,-0.7600588558557411,DOWN,UP
2025-11-21,Wipro,1.1370602956506382,0.03428928221799524,1.102771013432643,UP,UP
2025-11-24,Wipro,-0.6592004103402771,0.21084283160928502,-0.8700432419495621,DOWN,UP
2025-11-25,Wipro,1.852305431958712,0.04037444576435058,1.8119309861943613,UP,UP
2025-11-26,Wipro,-0.2518105746292187,0.07165033578728859,-0.32346091041650726,DOWN,UP
2025-11-27,Wipro,-0.0120206682121648,0.03768316448918126,-0.04970383270134606,DOWN,UP
2025-11-28,Wipro,0.3005650637875279,0.03509620111867642,0.2654688626688515,UP,UP
2025-12-01,Wipro,-0.043951019213706,0.048422470246774124,-0.09237348946048013,DOWN,UP
2025-12-02,Wipro,1.8067731164983505,0.057450694010164616,1.7493224224881858,UP,UP
2025-12-03,Wipro,0.8794967265707054,0.12069375308322329,0.7588029734874822,UP,UP
2025-12-04,Wipro,1.159853295169233,0.05095753800474564,1.1088957571644875,UP,UP
2025-12-05,Wipro,0.5655808549078323,0.07402625455093771,0.4915546003568946,UP,UP
2025-12-08,Wipro,-1.5188618664549458,0.053443822208144996,-1.5723056886630908,DOWN,UP
2025-12-09,Wipro,0.2214394608249126,0.027930002492734786,0.1935094583321778,UP,UP
2025-12-10,Wipro,0.492281944177142,0.027433666666001208,0.4648482775111408,UP,UP
2025-12-11,Wipro,0.5207352376145113,0.031003571526098228,0.4897316660884131,UP,UP
2025-12-12,Wipro,0.437445934059788,0.04455992634151766,0.3928860077182703,UP,UP
2025-12-15,Wipro,-0.9627833375463024,0.034653308522383665,-0.9974366460686861,DOWN,UP
2025-12-16,Wipro,0.740688765794606,0.0411278652979665,0.6995609004966394,UP,UP
2025-12-17,Wipro,1.037754194326168,0.03355139108680638,1.0042028032393615,UP,UP
2025-12-18,Wipro,0.2274042409080801,0.04907049640421612,0.17833374450386397,UP,UP
2025-12-19,Wipro,3.10833837824438,0.043084586369339435,3.0652537918750404,UP,UP
2025-12-22,Wipro,-0.4657716172323356,0.0468066251276239,-0.5125782423599595,DOWN,UP
2025-12-23,Wipro,-1.2306545368474089,0.02756686315424952,-1.2582214000016585,DOWN,UP
2025-12-24,Wipro,-0.6565730738098075,0.055525297987520844,-0.7120983717973283,DOWN,UP
2025-12-26,Wipro,-0.7735627686904945,0.05031759846585742,-0.8238803671563518,DOWN,UP
2025-12-29,Wipro,-0.2232804873203764,0.023344525992388624,-0.246625013312765,DOWN,UP
2025-12-30,Wipro,-0.1403357199897259,0.03325703334427628,-0.1735927533340022,DOWN,UP
2025-12-31,Wipro,1.5458854995022089,0.023228947127378476,1.5226565523748303,UP,UP
2026-01-01,Wipro,0.6171662086461804,0.05153053044361523,0.5656356782025652,UP,UP
2026-01-02,Wipro,-2.118963645736527,0.03372843108716899,-2.152692076823696,DOWN,UP
2026-01-05,Wipro,0.8735352894719384,0.0037235840265517997,0.8698117054453866,UP,UP
2026-01-06,Wipro,1.9578243862789837,0.037366433110722304,1.9204579531682613,UP,UP
2026-01-07,Wipro,-3.17576660768254,0.13055179614580928,-3.3063184038283495,DOWN,UP
2026-01-08,Wipro,-0.0953470588714533,0.06366526641521994,-0.15901232528667325,DOWN,UP
2026-01-09,Wipro,0.4390127287245526,0.0379783487571356,0.401034379967417,UP,UP
2026-01-12,Wipro,0.41809429038282,0.028750297028963683,0.3893439933538563,UP,UP
2026-01-13,Wipro,-1.514004472060937,0.06679073181171247,-1.5807952038726494,DOWN,UP
2026-01-14,Wipro,0.0,0.02471439261190353,-0.02471439261190353,UP,UP
2026-01-15,Wipro,2.7863180860389303,1.0339461971812915,1.7523718888576387,UP,UP
2026-01-19,Wipro,-2.459850834245369,-0.3102935233053051,-2.149557310940064,DOWN,DOWN
2026-01-20,Wipro,-0.145890309975416,0.02119928170755036,-0.16708959168296636,DOWN,UP
2026-01-21,Wipro,0.4591904949752479,0.3219932339724543,0.1371972610027936,UP,UP
2026-01-22,Wipro,-0.934967819266952,0.12497972395495253,-1.0599475432219045,DOWN,UP
2026-01-23,Wipro,-1.5100633124553453,-0.024956410681577276,-1.4851069017737681,DOWN,DOWN
2026-01-27,Wipro,1.086031950006272,0.19634004886741438,0.8896919011388577,UP,UP
2026-01-28,Wipro,1.0322295703559805,0.09663932944819219,0.9355902409077883,UP,UP
2026-01-29,Wipro,-1.2093449200863748,0.1767560240329845,-1.3861009441193592,DOWN,UP
2026-01-30,Wipro,2.2794467262134965,0.12958504377930302,2.1498616824341936,UP,UP
2026-02-02,Wipro,0.1609572367876177,0.1193564568855088,0.04160077990210889,UP,UP
2026-02-03,Wipro,-3.852654006945755,0.2114362182892891,-4.064090225235044,DOWN,UP
2026-02-04,Wipro,0.0214292673963001,0.063595040106726,-0.042165772710425896,UP,UP
2026-02-05,Wipro,-1.1440071022442155,0.06112007601145912,-1.2051271782556747,DOWN,UP
2026-02-06,Wipro,-0.2773922443924714,0.031086691657069808,-0.3084789360495412,DOWN,UP
2026-02-09,Wipro,0.604137421151929,0.05190005990587407,0.5522373612460549,UP,UP
2026-02-10,Wipro,-0.7171571492439965,0.012994799534925452,-0.730151948778922,DOWN,UP
2026-02-11,Wipro,-4.6690726432836005,0.03108945599746895,-4.700162099281069,DOWN,UP
2026-02-12,Wipro,-2.277709262122485,0.6057117646031556,-2.8834210267256406,DOWN,UP
2026-02-13,Wipro,-0.3876882830829209,0.27693629410209436,-0.6646245771850152,DOWN,UP
2026-02-16,Wipro,1.139457937335897,0.6934467270949733,0.4460112102409237,UP,UP
2026-02-17,Wipro,-1.7339725767679282,0.4618717533958437,-2.195844330163772,DOWN,UP
2026-02-18,Wipro,-0.3491343453784989,0.27180853419633233,-0.6209428795748313,DOWN,UP
2026-02-19,Wipro,-0.6391771509881572,0.2862180630004469,-0.9253952139886041,DOWN,UP
2026-02-20,Wipro,-1.891737924881776,0.3750507835965006,-2.2667887084782765,DOWN,UP
2026-02-23,Wipro,-2.792753420295113,0.4620956219954633,-3.2548490422905765,DOWN,UP
2026-02-24,Wipro,0.8893768285825887,0.5819629325097755,0.3074138960728132,UP,UP
2026-02-25,Wipro,-0.4160045292729286,0.6566652517049827,-1.0726697809779113,DOWN,UP
2026-02-26,Wipro,-0.0596753113660253,0.4736664996000479,-0.5333418109660732,DOWN,UP
2026-02-27,Wipro,-1.189291057822961,0.43964275558963245,-1.6289338134125935,DOWN,UP
2026-03-02,Wipro,-1.5208763464111483,0.5301009957181239,-2.050977342129272,DOWN,UP
2026-03-04,Wipro,0.0664738542545784,0.37287331547306424,-0.3063994612184858,UP,UP
2026-03-05,Wipro,-0.1430901419547603,0.5566127620333798,-0.6997029039881402,DOWN,UP
2026-03-06,Wipro,1.714435111646062,0.5895592085872534,1.1248759030588087,UP,UP
2026-03-09,Wipro,1.0968516607704482,0.444420194013267,0.6524314667571811,UP,UP
2026-03-10,Wipro,0.6469930319737971,0.059747301039143184,0.5872457309346539,UP,UP
2026-03-11,Wipro,0.1384556125265446,-0.02917724339483624,0.16763285592138083,UP,DOWN
2026-03-12,Wipro,-2.434444130911717,-0.035752575264480696,-2.3986915556472366,DOWN,DOWN
2026-03-13,Wipro,-1.2501271372672207,0.11826950493683804,-1.3683966422040588,DOWN,UP
2026-03-16,Wipro,-1.9424905306118732,0.06923837824594065,-2.0117289088578136,DOWN,UP
2026-03-17,Wipro,1.557597539963007,0.3936548405640115,1.1639426993989956,UP,UP
2026-03-18,Wipro,-3.031394388645248,0.11522697901594488,-3.146621367661193,DOWN,UP
2026-03-19,Wipro,1.3215806942186603,0.19580269744135267,1.1257779967773076,UP,UP
2026-03-20,Wipro,-1.760084189512101,0.10194012723187772,-1.8620243167439787,DOWN,UP
2026-03-23,Wipro,0.6398700277227887,0.16957184482944926,0.4702981828933394,UP,UP
2026-03-24,Wipro,0.1642458141207115,0.04149350691521249,0.122752307205499,UP,UP
2026-03-25,Wipro,1.348851103197091,-0.05062432438997984,1.3994754275870707,UP,DOWN
2026-03-27,Wipro,-2.066809283778248,0.09989706726298807,-2.166706351041236,DOWN,UP
2026-03-30,Wipro,1.8865877732080705,-0.00950408271068182,1.8960918559187523,UP,DOWN
2026-04-01,Wipro,1.951046725194572,0.0647592286353851,1.886287496559187,UP,UP
2026-04-02,Wipro,1.221071047820299,0.06861895755457466,1.1524520902657245,UP,UP
2026-04-06,Wipro,3.7660338524085457,0.08909994603179906,3.6769339063767466,UP,UP
2026-04-07,Wipro,-0.6350151641296264,0.1506415081542107,-0.7856566722838372,DOWN,UP
2026-04-08,Wipro,-0.2703780634689678,0.059831869716331844,-0.3302099331852997,DOWN,UP
2026-04-09,Wipro,0.9907871119452238,0.05486225081075546,0.9359248611344684,UP,UP
2026-04-10,Wipro,-0.932254791384768,0.2573195954814073,-1.1895743868661752,DOWN,UP
2026-04-13,Wipro,3.34039451077528,0.04327919571627276,3.2971153150590076,UP,UP
2026-04-15,Wipro,0.2431439841887872,0.10195229536758353,0.14119168882120364,UP,UP
2026-04-16,Wipro,-2.8250676960919097,0.050316876733770804,-2.8753845728256806,DOWN,UP
2026-04-17,Wipro,-0.9005538032112348,0.051762149102836004,-0.9523159523140708,DOWN,UP
2026-04-20,Wipro,1.2495055475511665,0.044395216162994085,1.2051103313881724,UP,UP
2026-04-21,Wipro,-0.4926562284271019,0.08930362642321091,-0.5819598548503128,DOWN,UP
2026-04-22,Wipro,-0.6078458299823564,0.028314443593764362,-0.6361602735761207,DOWN,UP
2026-04-23,Wipro,-1.6768563763054245,0.025813484040899455,-1.702669860346324,DOWN,UP
2026-04-24,Wipro,2.854134442208056,0.087994755870821,2.766139686337235,UP,UP
2026-04-27,Wipro,-1.6922707481390464,0.13005666659302373,-1.82232741473207,DOWN,UP
2026-04-28,Wipro,-0.4464774020727202,0.05327453386752627,-0.4997519359402465,DOWN,UP
2026-04-29,Wipro,-0.0149485650746017,0.03943411781781278,-0.05438268289241448,DOWN,UP
2026-04-30,Wipro,0.0,0.03198718108442579,-0.03198718108442579,UP,UP
2026-05-01,Wipro,0.0498410698019702,1.0746615149240617,-1.0248204451220915,UP,UP
2026-05-05,Wipro,-0.3303652348293884,0.03528697275260672,-0.3656522075819951,DOWN,UP
2026-05-06,Wipro,-0.8838863750474157,0.0454370141184627,-0.9293233891658784,DOWN,UP
2026-05-07,Wipro,0.2786801023797913,0.030163952971819643,0.24851614940797165,UP,UP
2026-05-08,Wipro,-0.6215001584397029,0.030799742950478725,-0.6522999013901816,DOWN,UP
2026-05-11,Wipro,-3.6150018386888023,0.04088398760610288,-3.655885826294905,DOWN,UP
2026-05-12,Wipro,-0.9336942575698282,0.4508029847608506,-1.3844972423306787,DOWN,UP
2026-05-13,Wipro,0.2662406772497183,0.03093781300844608,0.2353028642412722,UP,UP
2026-05-14,Wipro,0.9028130221404806,0.03559869789947374,0.8672143242410069,UP,UP
2026-05-15,Wipro,1.1421042994449015,0.03740294849175878,1.1047013509531427,UP,UP
2026-05-18,Wipro,1.5611177751911898,0.05997570562108856,1.5011420695701012,UP,UP
2026-05-19,Wipro,0.99912741022532,0.0933891261410188,0.9057382840843012,UP,UP
2026-05-20,Wipro,1.3291449071003658,0.06257110892379644,1.2665737981765695,UP,UP
2026-05-21,Wipro,1.6871908603721453,0.11794099919346449,1.5692498611786807,UP,UP
2026-05-22,Wipro,1.8364411975433592,0.14333426827674367,1.6931069292666154,UP,UP
2026-05-25,Wipro,-1.503577966261016,0.11502035004610439,-1.6185983163071205,DOWN,UP
2026-05-26,Wipro,-1.0553153397007242,0.05904571590470503,-1.1143610556054293,DOWN,UP
2026-05-27,Wipro,0.0,0.05087085727225643,-0.05087085727225643,UP,UP
2026-05-28,Wipro,1.3245352439192226,1.5241912681428567,-0.19965602422363404,UP,UP
2026-06-01,Wipro,1.6617376168435172,0.05574122900472679,1.6059963878387904,UP,UP
2026-06-02,Wipro,-2.7354128548174206,0.08389666489224817,-2.8193095197096687,DOWN,UP
2026-06-03,Wipro,0.1077908937403782,-0.05175404766477216,0.15954494140515035,UP,DOWN
2026-06-04,Wipro,-2.912104538832394,0.0526257884214747,-2.9647303272538688,DOWN,UP
2026-06-05,Wipro,-8.373242435449535,0.1714271612604025,-8.544669596709937,DOWN,UP
2026-06-08,Wipro,-0.0495138317619714,0.046347982082501814,-0.0958618138444732,DOWN,UP
2026-06-09,Wipro,-1.5082322457095954,-0.10845023452019992,-1.3997820111893955,DOWN,DOWN
2026-06-10,Wipro,-0.8718479977923188,-0.1835377071342803,-0.6883102906580385,DOWN,DOWN
2026-06-11,Wipro,1.5617096175882583,-0.16852883792957293,1.7302384555178312,UP,DOWN
2026-06-12,Wipro,0.6883565545494852,0.15066839335695725,0.5376881611925279,UP,UP
2026-06-15,Wipro,0.7112103051084784,0.31137121164197834,0.39983909346650004,UP,UP
2026-06-16,Wipro,0.9853851589208596,0.36147973106418746,0.6239054278566722,UP,UP
2026-06-17,Wipro,-0.883615152613515,0.1785105744440198,-1.0621257270575348,DOWN,UP
2026-06-18,Wipro,-1.1157259500065295,0.25516782794791365,-1.3708937779544432,DOWN,UP
2026-06-19,Wipro,-0.3429260871190775,0.33732753251092096,-0.6802536196299984,DOWN,UP
2026-06-22,Wipro,-3.1579461726673697,0.05761483745116378,-3.2155610101185332,DOWN,UP
2026-06-23,Wipro,-0.0057365839359779,0.009758186233092363,-0.015494770169070263,DOWN,UP
2026-06-24,Wipro,0.2980308833070877,0.11684435501804215,0.18118652828904558,UP,UP
2026-06-25,Wipro,0.0,0.06920288870968842,-0.06920288870968842,UP,UP
2026-06-26,Wipro,0.2742832728794608,1.1157942728721828,-0.8415109999927219,UP,UP
2026-06-30,Wipro,-0.152587891171585,0.017898851592441728,-0.17048674276402673,DOWN,UP
2026-07-01,Wipro,2.2747281526578345,0.17007998198924967,2.1046481706685847,UP,UP
2026-07-02,Wipro,1.195403351180846,0.11435010942369234,1.0810532417571537,UP,UP
2026-07-03,Wipro,-0.9995425309710204,0.09398398546888559,-1.093526516439906,DOWN,UP
2026-07-06,Wipro,-0.7572322560563394,0.07482820991267387,-0.8320604659690133,DOWN,UP
2026-07-07,Wipro,-0.1618490053739152,0.06715326342836966,-0.22900226880228486,DOWN,UP
2026-07-08,Wipro,0.0231549825441046,0.03595517375976814,-0.012800191215663538,UP,UP
2026-07-09,Wipro,1.562868889142277,0.035891248336910264,1.5269776408053668,UP,UP
2026-07-10,Wipro,1.6926854258916046,0.06794665714325614,1.6247387687483485,UP,UP
2026-07-13,Wipro,-0.7229688612254814,0.09811383134672713,-0.8210826925722086,DOWN,UP
2026-07-14,Wipro,-1.405670939225245,0.07063850687217778,-1.4763094460974229,DOWN,UP
2026-07-15,Wipro,1.769259493081421,0.04120063746223942,1.7280588556191816,UP,UP
2026-07-16,Wipro,-0.9789610888872092,0.05805512783040395,-1.0370162167176131,DOWN,UP
2026-07-17,Wipro,0.215911865234375,0.0745782801907351,0.1413335850436399,UP,UP
2026-07-20,Wipro,-0.7994124181174511,0.04137442494671538,-0.8407868430641665,DOWN,UP
2026-07-21,Wipro,-0.3029083703487867,0.03169696615043413,-0.33460533649922086,DOWN,UP
2026-07-22,Wipro,0.2178427410536976,0.06627246931200488,0.15157027174169274,UP,UP
2026-07-23,Wipro,1.315631905164727,0.051284132311831536,1.2643477728528953,UP,UP
2026-07-24,Wipro,0.7960725502371924,0.05441303724029603,0.7416595129968964,UP,UP
2026-07-27,Wipro,1.4507345295467378,0.058288276027881857,1.392446253518856,UP,UP
2026-07-28,Wipro,1.374782221892734,0.11926217001850942,1.2555200518742244,UP,UP
2026-07-29,Wipro,1.481401455073983,0.09137760148897926,1.3900238535850036,UP,UP
2026-07-30,Wipro,-1.4383126218182718,0.29569948346248237,-1.7340121052807542,DOWN,UP
2026-07-31,Wipro,2.7280206545766683,0.05023099629281408,2.6777896582838543,UP,UP
2026-08-03,Wipro,-1.250927893851972,0.10211872595379859,-1.3530466198057705,DOWN,UP
2026-08-04,Wipro,0.3703716747737173,0.04154165509108456,0.32883001968263276,UP,UP
2026-08-05,Wipro,-0.4652710574995944,0.04880248144004399,-0.5140735389396384,DOWN,UP
2026-08-06,Wipro,0.757577745057203,0.039221615919865595,0.7183561291373374,UP,UP
2026-08-07,Wipro,-1.0824928238206688,0.03907837524039332,-1.1215711990610622,DOWN,UP
2026-08-10,Wipro,-0.4851719118514341,0.04283771360116459,-0.5280096254525987,DOWN,UP
2026-08-11,Wipro,-0.3575317661361543,0.04219642058741264,-0.3997281867235669,DOWN,UP
2026-08-12,Wipro,-0.4566686564866362,0.033338645457201575,-0.49000730194383774,DOWN,UP
2026-08-13,Wipro,0.4915313306847135,0.03803404355758253,0.45349728712713094,UP,UP
2026-08-14,Wipro,-1.1413076649541276,0.03909189802724312,-1.1803995629813708,DOWN,UP
2026-08-17,Wipro,-2.111048085068057,0.040765224173761674,-2.1518133092418186,DOWN,UP
2026-08-18,Wipro,0.8367996819014678,-0.023866033208725292,0.8606657151101931,UP,DOWN
2026-08-19,Wipro,0.8075727783887654,0.010567683393065902,0.7970050949956995,UP,UP
2026-08-20,Wipro,-0.1160258087664067,0.035128201881881906,-0.1511540106482886,DOWN,UP
2026-08-21,Wipro,0.2876289019148714,0.052954431785738755,0.23467447012913265,UP,UP
2026-08-24,Wipro,-0.6728813838899339,0.08672253131339763,-0.7596039152033316,DOWN,UP
2026-08-25,Wipro,-1.521456099779217,0.03474552632491677,-1.5562016261041338,DOWN,UP
2026-08-26,Wipro,-0.5356708059410797,0.041534999655812414,-0.5772058055968922,DOWN,UP
2026-08-27,Wipro,2.579366898633717,0.03548585788174013,2.5438810407519767,UP,UP
2026-08-28,Wipro,1.961869638921976,0.3025435227199123,1.6593261162020638,UP,UP
2026-08-31,Wipro,-1.5176168302210358,0.2666458158121666,-1.7842626460332025,DOWN,UP
2026-09-01,Wipro,-2.537149525470128,0.0725589624042028,-2.609708487874331,DOWN,UP
2026-09-02,Wipro,-0.773615193132382,0.0055367511918511195,-0.7791519443242332,DOWN,UP
