Date,Company,Next_Day_Return,Actual_Direction,Predicted_Direction,UP_Probability,Correct
2025-09-17,Axis Bank,0.6216696269982336,UP,DOWN,0.49803813088749715,False
2025-09-17,Bharti Airtel,-0.0103061472804477,DOWN,DOWN,0.49927855687117695,True
2025-09-17,Dr Reddy's,0.8616689452069615,UP,DOWN,0.49582257369528465,False
2025-09-17,HCLTech,0.8302429178619564,UP,UP,0.5304602307152991,True
2025-09-17,HDFC Bank,1.0760501204410078,UP,DOWN,0.49553846880458696,False
2025-09-17,Hindustan Unilever,0.6654511414241782,UP,DOWN,0.49616545617833663,False
2025-09-17,ICICI Bank,0.1761555866695019,UP,DOWN,0.4984219942674627,False
2025-09-17,ITC,0.5497190488894077,UP,UP,0.5215544125612275,True
2025-09-17,Infosys,1.195477593274452,UP,DOWN,0.4982378447006283,False
2025-09-17,M&M,0.247715515825031,UP,DOWN,0.4775635680976107,False
2025-09-17,Maruti Suzuki,0.1012594139611522,UP,DOWN,0.49368161524596793,False
2025-09-17,NTPC,0.1635012843419048,UP,UP,0.5139866339149037,True
2025-09-17,ONGC,-0.5445831299944581,DOWN,UP,0.5211313105804969,False
2025-09-17,Reliance,0.084874178132166,UP,DOWN,0.4957183995679304,False
2025-09-17,SBI,-0.326669631729759,DOWN,UP,0.5032690256365566,False
2025-09-17,Sun Pharma,1.7528715757287203,UP,DOWN,0.4980641704888769,False
2025-09-17,TCS,0.1229167386451068,UP,DOWN,0.49366106632854995,False
2025-09-17,Tata Steel,0.3909886592897482,UP,DOWN,0.4896087342556838,False
2025-09-17,Wipro,1.093841765122816,UP,UP,0.5053231250790386,True
2025-09-18,Axis Bank,0.2559597894141729,UP,DOWN,0.49697137760164134,False
2025-09-18,Bharti Airtel,1.0973184841597703,UP,UP,0.505362810650703,True
2025-09-18,Dr Reddy's,-0.0756029361847376,DOWN,DOWN,0.4933491130773321,True
2025-09-18,HCLTech,-1.7673064366796054,DOWN,UP,0.5119906827537821,False
2025-09-18,HDFC Bank,-1.0236462022813364,DOWN,UP,0.5053983109031305,False
2025-09-18,Hindustan Unilever,-1.0514902836884166,DOWN,UP,0.500070106748016,False
2025-09-18,ICICI Bank,-1.371597430521576,DOWN,UP,0.512249219816905,False
2025-09-18,ITC,-0.2186839808478335,DOWN,DOWN,0.49423764804962833,True
2025-09-18,Infosys,-0.0259654952876609,DOWN,UP,0.5335196830304905,False
2025-09-18,M&M,-1.3755382512567804,DOWN,DOWN,0.48190733374268346,True
2025-09-18,Maruti Suzuki,0.2971486375418886,UP,DOWN,0.46046948758532974,False
2025-09-18,NTPC,0.5045204415688342,UP,UP,0.5095724096794706,True
2025-09-18,ONGC,0.466915455076422,UP,UP,0.5244067473052496,True
2025-09-18,Reliance,-0.5371007481227874,DOWN,UP,0.5071898404604505,False
2025-09-18,SBI,0.9363844125486632,UP,UP,0.5089215823670554,True
2025-09-18,Sun Pharma,0.4488671917778353,UP,DOWN,0.49794105514802184,False
2025-09-18,TCS,-0.23609406350239,DOWN,UP,0.5046841097000314,False
2025-09-18,Tata Steel,-0.3197134544326907,DOWN,DOWN,0.477839908577958,True
2025-09-18,Wipro,-0.4086668831589923,DOWN,UP,0.5152759751484818,False
2025-09-19,Axis Bank,0.7483052924824651,UP,DOWN,0.492004920200194,False
2025-09-19,Bharti Airtel,-0.3159433940609912,DOWN,DOWN,0.49654103711570624,True
2025-09-19,Dr Reddy's,-1.5358952491307698,DOWN,UP,0.5013012358897343,False
2025-09-19,HCLTech,-1.8740629373357744,DOWN,UP,0.5191163042687769,False
2025-09-19,HDFC Bank,-0.2792441967996995,DOWN,UP,0.5119009034529443,False
2025-09-19,Hindustan Unilever,0.4922586745938373,UP,UP,0.5177454420651397,True
2025-09-19,ICICI Bank,-0.049918071334265,DOWN,UP,0.5035459300618097,False
2025-09-19,ITC,-0.9010061474360452,DOWN,DOWN,0.48815536567323414,True
2025-09-19,Infosys,-2.642510872754411,DOWN,UP,0.5134379529499711,False
2025-09-19,M&M,-0.2032250947819669,DOWN,DOWN,0.47607621518811766,True
2025-09-19,Maruti Suzuki,-0.302571860816947,DOWN,DOWN,0.482333743245615,True
2025-09-19,NTPC,0.1624149772508243,UP,UP,0.5009061560598131,True
2025-09-19,ONGC,0.3295444553007565,UP,UP,0.5056402258174244,True
2025-09-19,Reliance,-1.1936939417859782,DOWN,UP,0.5026720952063254,False
2025-09-19,SBI,-0.8233287861014071,DOWN,DOWN,0.4970878318432734,True
2025-09-19,Sun Pharma,-0.7246376811594235,DOWN,UP,0.509221426321902,False
2025-09-19,TCS,-3.010220365189453,DOWN,DOWN,0.4936821698095214,True
2025-09-19,Tata Steel,-0.0524821204413994,DOWN,DOWN,0.4811598925449423,True
2025-09-19,Wipro,-2.1689866131976987,DOWN,UP,0.5118674542530676,False
2025-09-22,Axis Bank,2.306887788435641,UP,DOWN,0.48332079723472304,False
2025-09-22,Bharti Airtel,-0.8945915773853508,DOWN,DOWN,0.48935112947019827,True
2025-09-22,Dr Reddy's,0.5378822705302877,UP,UP,0.5158938031694027,True
2025-09-22,HCLTech,-0.7014358924014474,DOWN,DOWN,0.4886492970105879,True
2025-09-22,HDFC Bank,-0.7259904492198821,DOWN,UP,0.5048423958893219,False
2025-09-22,Hindustan Unilever,-1.943861322958984,DOWN,DOWN,0.49260213056315216,True
2025-09-22,ICICI Bank,-0.5137317996343205,DOWN,DOWN,0.49623396351091364,True
2025-09-22,ITC,-0.921489098786965,DOWN,UP,0.5014144789178572,False
2025-09-22,Infosys,-0.1333777925975332,DOWN,DOWN,0.4882858428231963,True
2025-09-22,M&M,0.8312890097696535,UP,DOWN,0.48331403219838504,False
2025-09-22,Maruti Suzuki,1.7766818411734997,UP,DOWN,0.4448034318288248,False
2025-09-22,NTPC,1.120279379780631,UP,DOWN,0.4946103052954552,False
2025-09-22,ONGC,-0.3410946875100351,DOWN,DOWN,0.49073991739804107,True
2025-09-22,Reliance,-0.057523858180386,DOWN,UP,0.5004124867168922,False
2025-09-22,SBI,1.7947939884171316,UP,UP,0.5046781857374669,True
2025-09-22,Sun Pharma,-0.7785917778664886,DOWN,UP,0.5019290913274312,False
2025-09-22,TCS,-0.3708811992738869,DOWN,DOWN,0.4813978093745979,True
2025-09-22,Tata Steel,1.108579207217808,UP,DOWN,0.4739530541130379,False
2025-09-22,Wipro,-0.2796296660895647,DOWN,UP,0.5006808363674693,False
2025-09-23,Axis Bank,-1.01640108624641,DOWN,DOWN,0.47526444238684085,True
2025-09-23,Bharti Airtel,-0.392014018535658,DOWN,DOWN,0.49763438721001546,True
2025-09-23,Dr Reddy's,-0.7872247505297691,DOWN,DOWN,0.48092185106117846,True
2025-09-23,HCLTech,0.8742481167380856,UP,UP,0.5046162162561375,True
2025-09-23,HDFC Bank,-0.6425014976631949,DOWN,UP,0.5154706683355951,False
2025-09-23,Hindustan Unilever,1.082390347975415,UP,UP,0.5145704304785376,True
2025-09-23,ICICI Bank,-0.831965663775136,DOWN,DOWN,0.48996996989082126,True
2025-09-23,ITC,-0.5456379316530535,DOWN,UP,0.504628014331943,False
2025-09-23,Infosys,-0.1936577238105141,DOWN,DOWN,0.4896353208764482,True
2025-09-23,M&M,-1.0983288397032331,DOWN,DOWN,0.4853987038230288,True
2025-09-23,Maruti Suzuki,0.9442753308069872,UP,UP,0.5399607592150915,True
2025-09-23,NTPC,1.3411096511707354,UP,DOWN,0.48679930466586374,False
2025-09-23,ONGC,0.78593787778658,UP,DOWN,0.4964928841510297,False
2025-09-23,Reliance,-0.4892825290845781,DOWN,DOWN,0.4966707231413537,True
2025-09-23,SBI,-0.505394383447455,DOWN,DOWN,0.49566012342741594,True
2025-09-23,Sun Pharma,-0.2513472111737136,DOWN,UP,0.5029703818683475,False
2025-09-23,TCS,-0.8816614701213976,DOWN,DOWN,0.4973233785771007,True
2025-09-23,Tata Steel,-0.363546453016017,DOWN,DOWN,0.45979053040923296,True
2025-09-23,Wipro,-2.018991485934496,DOWN,DOWN,0.4986782987582517,True
2025-09-24,Axis Bank,0.6644189325794692,UP,DOWN,0.4906765966945255,False
2025-09-24,Bharti Airtel,0.2330278109311523,UP,DOWN,0.4879509256336241,False
2025-09-24,Dr Reddy's,-1.7641187000042802,DOWN,DOWN,0.48803275801914303,True
2025-09-24,HCLTech,-1.2826734641679716,DOWN,DOWN,0.48885357454867434,True
2025-09-24,HDFC Bank,-0.1261776165746964,DOWN,DOWN,0.4957632704721279,True
2025-09-24,Hindustan Unilever,-0.4392999086830773,DOWN,UP,0.5095820390864951,False
2025-09-24,ICICI Bank,-0.4990166042822319,DOWN,DOWN,0.49142285263160135,True
2025-09-24,ITC,-0.2244373806694177,DOWN,DOWN,0.4915255190491041,True
2025-09-24,Infosys,-0.6556889413818268,DOWN,DOWN,0.4835752278601123,True
2025-09-24,M&M,-1.255976490819033,DOWN,DOWN,0.47012307701634776,True
2025-09-24,Maruti Suzuki,0.1230844975075307,UP,DOWN,0.4936346135747852,False
2025-09-24,NTPC,-2.0425793955254568,DOWN,DOWN,0.48908477398970684,True
2025-09-24,ONGC,0.4821372949376457,UP,DOWN,0.4939925414811538,False
2025-09-24,Reliance,-0.7664479816296144,DOWN,DOWN,0.49138724431941855,True
2025-09-24,SBI,-0.5830048166475588,DOWN,DOWN,0.49933816230070893,True
2025-09-24,Sun Pharma,0.0184407124717012,UP,DOWN,0.4921538857410895,False
2025-09-24,TCS,-2.5696778846099666,DOWN,DOWN,0.49100656625695716,True
2025-09-24,Tata Steel,-0.1621677130534626,DOWN,DOWN,0.48284753000909536,True
2025-09-24,Wipro,-1.0589134374542009,DOWN,UP,0.5166866142495088,False
2025-09-25,Axis Bank,-1.0800596476619129,DOWN,DOWN,0.47460650605854265,True
2025-09-25,Bharti Airtel,-0.9816077825816504,DOWN,DOWN,0.4920497849072742,True
2025-09-25,Dr Reddy's,-1.733059632383782,DOWN,UP,0.5234075578810624,False
2025-09-25,HCLTech,-2.0016855613579465,DOWN,UP,0.5173159574453937,False
2025-09-25,HDFC Bank,-0.5053416767219376,DOWN,DOWN,0.4952561464806091,True
2025-09-25,Hindustan Unilever,-1.0440058105910088,DOWN,UP,0.503090707604787,False
2025-09-25,ICICI Bank,-1.1775020109925372,DOWN,DOWN,0.4976490592317925,True
2025-09-25,ITC,1.2496875590415124,UP,DOWN,0.4966615866836887,False
2025-09-25,Infosys,-2.4178356164789028,DOWN,UP,0.5080122559302871,False
2025-09-25,M&M,-3.781869688385264,DOWN,DOWN,0.4860580783077834,True
2025-09-25,Maruti Suzuki,0.1044932079414806,UP,DOWN,0.4707952009525672,False
2025-09-25,NTPC,-0.7635847587417421,DOWN,UP,0.5324058049327461,False
2025-09-25,ONGC,-0.6884440727209062,DOWN,UP,0.5041723886420322,False
2025-09-25,Reliance,0.3788947157804978,UP,UP,0.5046958683758539,True
2025-09-25,SBI,-0.4877213131229907,DOWN,DOWN,0.498970033688732,True
2025-09-25,Sun Pharma,-2.500926178665963,DOWN,UP,0.5073489671741328,False
2025-09-25,TCS,-1.9713196257732049,DOWN,UP,0.5472700013250497,False
2025-09-25,Tata Steel,-2.8889725288693717,DOWN,DOWN,0.4852487957019797,True
2025-09-25,Wipro,-2.5826446280991733,DOWN,UP,0.5168750444289558,False
2025-09-26,Axis Bank,-1.8890856870125703,DOWN,DOWN,0.4876409163671291,True
2025-09-26,Bharti Airtel,-0.751331764452301,DOWN,DOWN,0.4960249726659607,True
2025-09-26,Dr Reddy's,-1.4763387088368218,DOWN,DOWN,0.4988107450414496,True
2025-09-26,HCLTech,-0.5661882131157037,DOWN,UP,0.5348420894053761,False
2025-09-26,HDFC Bank,0.5555261698125147,UP,DOWN,0.490435797848853,False
2025-09-26,Hindustan Unilever,-0.5533938296903851,DOWN,UP,0.5111565260964317,False
2025-09-26,ICICI Bank,-0.8458370260740811,DOWN,DOWN,0.49252273194621926,True
2025-09-26,ITC,0.5307316376428339,UP,DOWN,0.4881235544363391,False
2025-09-26,Infosys,-0.4900252237078129,DOWN,UP,0.5196236476309172,False
2025-09-26,M&M,0.6359516459958803,UP,UP,0.5176712840390487,True
2025-09-26,Maruti Suzuki,-1.854353432395928,DOWN,DOWN,0.4654206318845097,True
2025-09-26,NTPC,0.9026393505888076,UP,UP,0.5014405854502678,True
2025-09-26,ONGC,0.823456608644757,UP,UP,0.51297701385877,True
2025-09-26,Reliance,-0.3484267452727674,DOWN,DOWN,0.49080597603771625,True
2025-09-26,SBI,1.6103608841112615,UP,DOWN,0.4938046129382919,False
2025-09-26,Sun Pharma,0.1638682634564681,UP,UP,0.5154215649308631,True
2025-09-26,TCS,-0.1034803869802702,DOWN,UP,0.5256265450079243,False
2025-09-26,Tata Steel,0.9438482011126624,UP,UP,0.5231381813958832,True
2025-09-26,Wipro,1.6500527633715567,UP,UP,0.53774368517252,True
2025-09-29,Axis Bank,-0.0529920165882824,DOWN,UP,0.519486860907102,False
2025-09-29,Bharti Airtel,-1.2511790226442887,DOWN,UP,0.5143609976002447,False
2025-09-29,Dr Reddy's,-0.8828790401432918,DOWN,UP,0.5323298097086909,False
2025-09-29,HCLTech,-0.1657812301896433,DOWN,UP,0.5234578834755237,False
2025-09-29,HDFC Bank,0.0736622346651838,UP,UP,0.5029154396118087,True
2025-09-29,Hindustan Unilever,0.660554891912124,UP,UP,0.5219795401985475,True
2025-09-29,ICICI Bank,-0.0074160364771147,DOWN,UP,0.5006445299634721,False
2025-09-29,ITC,-1.399634673304162,DOWN,UP,0.5085244020110913,False
2025-09-29,Infosys,0.0,DOWN,UP,0.5189171567562788,False
2025-09-29,M&M,0.2603757084192137,UP,DOWN,0.4913114521113476,False
2025-09-29,Maruti Suzuki,0.2815315315315425,UP,DOWN,0.453897902027669,False
2025-09-29,NTPC,-0.1466490635279371,DOWN,UP,0.5023890501510404,False
2025-09-29,ONGC,-0.2000148912761901,DOWN,UP,0.5056961748911092,False
2025-09-29,Reliance,-0.641029175052632,DOWN,UP,0.5101093102802384,False
2025-09-29,SBI,0.1952353955821051,UP,DOWN,0.4981483646900747,False
2025-09-29,Sun Pharma,0.3146039040071047,UP,DOWN,0.4967727197638919,False
2025-09-29,TCS,-0.2658815321587626,DOWN,UP,0.525957982894844,False
2025-09-29,Tata Steel,-0.1242700085143266,DOWN,DOWN,0.47863330436570667,True
2025-09-29,Wipro,-0.1126707866585863,DOWN,UP,0.5020879463995178,False
2025-09-30,Axis Bank,2.4655377355956576,UP,DOWN,0.4747833996544109,False
2025-09-30,Bharti Airtel,-0.5749600025422796,DOWN,UP,0.5014796825052177,False
2025-09-30,Dr Reddy's,1.7161069574195276,UP,UP,0.5016797082543848,True
2025-09-30,HCLTech,0.3176683626899379,UP,UP,0.5173304698889866,True
2025-09-30,HDFC Bank,1.4984227129337446,UP,UP,0.5081509967223984,True
2025-09-30,Hindustan Unilever,0.8670080207927366,UP,UP,0.5000572588381235,True
2025-09-30,ICICI Bank,1.7804154302670572,UP,DOWN,0.49760147222480233,False
2025-09-30,ITC,1.0085962977627982,UP,UP,0.5231012446836214,True
2025-09-30,Infosys,0.2774309796459651,UP,DOWN,0.49483797784485967,False
2025-09-30,M&M,1.0621506374015155,UP,DOWN,0.48749397707873404,False
2025-09-30,Maruti Suzuki,-0.3992763116850706,DOWN,UP,0.5139055246097332,False
2025-09-30,NTPC,-0.0587493610984535,DOWN,DOWN,0.4941800197093262,True
2025-09-30,ONGC,1.478076528656702,UP,UP,0.5031066375548385,True
2025-09-30,Reliance,0.3445712002840828,UP,UP,0.5072468678624135,True
2025-09-30,SBI,-0.957079088115398,DOWN,DOWN,0.4827215791008812,True
2025-09-30,Sun Pharma,2.628106445493006,UP,DOWN,0.4963457567294821,False
2025-09-30,TCS,0.893229805443152,UP,UP,0.5228390723087695,True
2025-09-30,Tata Steel,-0.7465839507776795,DOWN,DOWN,0.485211350712294,True
2025-09-30,Wipro,0.7102027161754343,UP,UP,0.5114131232268692,True
2025-10-01,Axis Bank,1.8542475204829767,UP,DOWN,0.4790511545136687,False
2025-10-01,Bharti Airtel,1.5581482098064423,UP,DOWN,0.48917124113162014,False
2025-10-01,Dr Reddy's,0.2731601628859659,UP,UP,0.5036486978215109,True
2025-10-01,HCLTech,0.2878733357322804,UP,UP,0.5082202355778781,True
2025-10-01,HDFC Bank,-0.0103574810606188,DOWN,UP,0.5084302681326878,False
2025-10-01,Hindustan Unilever,0.3430309651987429,UP,UP,0.5067345736401516,True
2025-10-01,ICICI Bank,-0.4956303810586759,DOWN,UP,0.5018953724035559,False
2025-10-01,ITC,-0.3205173301242592,DOWN,UP,0.5094158685684195,False
2025-10-01,Infosys,0.0553276200578878,UP,UP,0.508830176016349,True
2025-10-01,M&M,-0.040419887486931,DOWN,DOWN,0.4970598030701362,True
2025-10-01,Maruti Suzuki,-0.9959285937989336,DOWN,UP,0.5208090227288454,False
2025-10-01,NTPC,0.5143277002204183,UP,DOWN,0.49220988749320005,False
2025-10-01,ONGC,0.255106317109921,UP,DOWN,0.4994278934446983,False
2025-10-01,Reliance,-0.3872234198061264,DOWN,DOWN,0.4971924186542569,True
2025-10-01,SBI,0.3703289315407421,UP,UP,0.5001946647958686,True
2025-10-01,Sun Pharma,-0.3055861232863943,DOWN,UP,0.5180410524115082,False
2025-10-01,TCS,-0.4220729199854278,DOWN,UP,0.521790000053989,False
2025-10-01,Tata Steel,3.4027893223998795,UP,UP,0.5097994109483668,True
2025-10-01,Wipro,-0.0373383639378444,DOWN,UP,0.539108299803529,False
2025-10-03,Axis Bank,2.692637496030903,UP,DOWN,0.49120329979743566,False
2025-10-03,Bharti Airtel,0.3374294605801076,UP,DOWN,0.48753849036472513,False
2025-10-03,Dr Reddy's,0.0400608933403212,UP,UP,0.5109618463624118,True
2025-10-03,HCLTech,1.7366308698869792,UP,UP,0.5240063125570049,True
2025-10-03,HDFC Bank,0.8599686663229189,UP,DOWN,0.4968222030358918,False
2025-10-03,Hindustan Unilever,-0.1218065006317159,DOWN,UP,0.5113245376171843,False
2025-10-03,ICICI Bank,-0.1318434531342838,DOWN,UP,0.512177487175212,False
2025-10-03,ITC,-0.8780578531173866,DOWN,UP,0.5059301884187033,False
2025-10-03,Infosys,2.032353443263002,UP,DOWN,0.49822386014647174,False
2025-10-03,M&M,0.2888503755054783,UP,UP,0.5093955661804274,True
2025-10-03,Maruti Suzuki,1.2147285840820032,UP,UP,0.5260592368430453,True
2025-10-03,NTPC,-0.8479514317205727,DOWN,UP,0.5012855854296636,False
2025-10-03,ONGC,0.9028962140594564,UP,DOWN,0.4985678397640313,False
2025-10-03,Reliance,0.8508123352075403,UP,DOWN,0.4966895806745382,False
2025-10-03,SBI,0.7782774236140488,UP,DOWN,0.48698297834581294,False
2025-10-03,Sun Pharma,1.4406572280190044,UP,DOWN,0.4999219457556607,False
2025-10-03,TCS,2.980805779349493,UP,UP,0.5326238896427218,True
2025-10-03,Tata Steel,-1.8186069125192492,DOWN,DOWN,0.4883753221986619,True
2025-10-03,Wipro,0.4772218340370893,UP,UP,0.532820781670914,True
2025-10-06,Axis Bank,-2.143799385984746,DOWN,DOWN,0.49384049849539297,True
2025-10-06,Bharti Airtel,1.3609387182136112,UP,DOWN,0.49581370869906083,False
2025-10-06,Dr Reddy's,-0.0080070148880562,DOWN,UP,0.5224691503634937,False
2025-10-06,HCLTech,1.1074327278638665,UP,UP,0.5169832998027405,True
2025-10-06,HDFC Bank,0.9296818202765732,UP,UP,0.5191194039247707,True
2025-10-06,Hindustan Unilever,-0.9678219050940572,DOWN,UP,0.5035254300855335,False
2025-10-06,ICICI Bank,0.91682556668371,UP,UP,0.5191937935443512,True
2025-10-06,ITC,-0.2370585669447811,DOWN,UP,0.5106325360721997,False
2025-10-06,Infosys,-1.185636856368566,DOWN,UP,0.5140529908539428,False
2025-10-06,M&M,0.5990797473538256,UP,UP,0.5045149753680059,True
2025-10-06,Maruti Suzuki,0.6875859482435409,UP,UP,0.5601672958457126,True
2025-10-06,NTPC,-0.324389880187681,DOWN,UP,0.5141767603705227,False
2025-10-06,ONGC,-0.2196344605841949,DOWN,DOWN,0.4985536147061303,True
2025-10-06,Reliance,0.7127308238636276,UP,DOWN,0.4931774212062836,False
2025-10-06,SBI,-1.0697300745403315,DOWN,DOWN,0.4918353061069788,True
2025-10-06,Sun Pharma,-0.0966927922373073,DOWN,UP,0.5181172728907113,False
2025-10-06,TCS,-0.4919004033009821,DOWN,UP,0.531241256027321,False
2025-10-06,Tata Steel,0.8055951645627113,UP,UP,0.5442338107010247,True
2025-10-06,Wipro,0.5781992600057739,UP,UP,0.5372830355300006,True
2025-10-07,Axis Bank,-0.522419361905957,DOWN,UP,0.5283119928356421,False
2025-10-07,Bharti Airtel,0.7516848107827823,UP,UP,0.5120039410899585,True
2025-10-07,Dr Reddy's,-1.12134561473769,DOWN,UP,0.5185954822067953,False
2025-10-07,HCLTech,1.381325967669511,UP,UP,0.520473432270949,True
2025-10-07,HDFC Bank,-0.3867672053912252,DOWN,UP,0.509212647930032,False
2025-10-07,Hindustan Unilever,-0.6793204293391253,DOWN,UP,0.5237605456004631,False
2025-10-07,ICICI Bank,-0.4070045415052847,DOWN,UP,0.5067231739720337,False
2025-10-07,ITC,-0.0125032002238789,DOWN,UP,0.5051053097412307,False
2025-10-07,Infosys,2.5025711347274493,UP,UP,0.5328779708644709,True
2025-10-07,M&M,-1.8981919348738383,DOWN,DOWN,0.49903492495560087,True
2025-10-07,Maruti Suzuki,-0.595977154209093,DOWN,UP,0.504382481717343,False
2025-10-07,NTPC,-1.2426071618435677,DOWN,UP,0.5086057686244784,False
2025-10-07,ONGC,-1.4307882198071886,DOWN,UP,0.5085620878342325,False
2025-10-07,Reliance,-1.2565008521473686,DOWN,DOWN,0.4961599999817044,True
2025-10-07,SBI,-0.7459248428328902,DOWN,UP,0.5046262166183968,False
2025-10-07,Sun Pharma,-1.300586795567482,DOWN,UP,0.5158228834373478,False
2025-10-07,TCS,1.799105521016564,UP,UP,0.532170708730736,True
2025-10-07,Tata Steel,0.2975032301317126,UP,UP,0.5127614668544148,True
2025-10-07,Wipro,0.3038662574932571,UP,UP,0.5307065895852286,True
2025-10-08,Axis Bank,-1.1180714420499505,DOWN,UP,0.5070159085251238,False
2025-10-08,Bharti Airtel,-0.0771803447388697,DOWN,UP,0.5036405210469868,False
2025-10-08,Dr Reddy's,0.9396497031946228,UP,UP,0.5365778957459392,True
2025-10-08,HCLTech,2.291498069572006,UP,UP,0.5220680383664135,True
2025-10-08,HDFC Bank,-0.163485909996619,DOWN,UP,0.5050340201642478,False
2025-10-08,Hindustan Unilever,0.6999719737784016,UP,UP,0.503533350786866,True
2025-10-08,ICICI Bank,0.4305555085395873,UP,UP,0.5131971886152296,True
2025-10-08,ITC,0.0375219253244241,UP,UP,0.5065661353562959,True
2025-10-08,Infosys,0.9565250052257612,UP,UP,0.5150394930794052,True
2025-10-08,M&M,0.4786196510652374,UP,UP,0.5175672865460765,True
2025-10-08,Maruti Suzuki,-0.1686235323507423,DOWN,DOWN,0.47923807381076555,True
2025-10-08,NTPC,0.6141457116584315,UP,UP,0.5156603962980303,True
2025-10-08,ONGC,0.6534063301794957,UP,UP,0.5236452579049468,True
2025-10-08,Reliance,0.760569272222944,UP,UP,0.5154673234894773,True
2025-10-08,SBI,0.4485843968467851,UP,DOWN,0.4925381955765071,False
2025-10-08,Sun Pharma,1.648689925016833,UP,UP,0.520756465684236,True
2025-10-08,TCS,1.139667037410086,UP,UP,0.5244134082929244,True
2025-10-08,Tata Steel,2.605557557244853,UP,UP,0.5190786139513104,True
2025-10-08,Wipro,0.8719816542221315,UP,UP,0.5322204390294013,True
2025-10-09,Axis Bank,1.1135857228138146,UP,UP,0.506849842469083,True
2025-10-09,Bharti Airtel,-0.1081346851667053,DOWN,UP,0.5074864722012468,False
2025-10-09,Dr Reddy's,1.4685859230131104,UP,UP,0.5300723427045732,True
2025-10-09,HCLTech,0.6054490413723412,UP,UP,0.5203311104531505,True
2025-10-09,HDFC Bank,0.3889109531341361,UP,DOWN,0.49448158155372457,False
2025-10-09,Hindustan Unilever,0.4488323899422886,UP,DOWN,0.49198462786305036,False
2025-10-09,ICICI Bank,0.2979289203402846,UP,UP,0.5047712619893167,True
2025-10-09,ITC,0.725179780131513,UP,UP,0.5023861856748142,True
2025-10-09,Infosys,0.371031299593838,UP,UP,0.5236397721805335,True
2025-10-09,M&M,0.348543389014333,UP,UP,0.5095959401000258,True
2025-10-09,Maruti Suzuki,1.7516421645292546,UP,DOWN,0.4850739519189659,False
2025-10-09,NTPC,1.14634689103712,UP,DOWN,0.4939117929031658,False
2025-10-09,ONGC,1.2120452589013286,UP,DOWN,0.49744544262382595,False
2025-10-09,Reliance,0.2830528527754783,UP,DOWN,0.4999508144615601,False
2025-10-09,SBI,2.1517282627826484,UP,DOWN,0.48742599337717135,False
2025-10-09,Sun Pharma,0.7476650234586879,UP,UP,0.5050292325856132,True
2025-10-09,TCS,-1.0908940417550084,DOWN,UP,0.507633394051799,False
2025-10-09,Tata Steel,-1.4510812748916413,DOWN,UP,0.5040106400192657,False
2025-10-09,Wipro,0.9334428201017042,UP,UP,0.5118094558913413,True
2025-10-10,Axis Bank,0.7793926619445557,UP,DOWN,0.49071978801138544,False
2025-10-10,Bharti Airtel,0.7732357240693766,UP,DOWN,0.4913031601586708,False
2025-10-10,Dr Reddy's,-0.1581777887837976,DOWN,UP,0.5053434758440166,False
2025-10-10,HCLTech,-0.0534970797810063,DOWN,UP,0.520251299668165,False
2025-10-10,HDFC Bank,-0.3975965253331548,DOWN,DOWN,0.4981122095605662,True
2025-10-10,Hindustan Unilever,-1.4274923844225018,DOWN,DOWN,0.49126715955990213,True
2025-10-10,ICICI Bank,-0.065204983135847,DOWN,UP,0.5024046885309981,False
2025-10-10,ITC,-0.8813276813686044,DOWN,DOWN,0.4977871275941594,True
2025-10-10,Infosys,-1.4324425963740173,DOWN,UP,0.5178541369580382,False
2025-10-10,M&M,0.1389345267244657,UP,DOWN,0.491198859372768,False
2025-10-10,Maruti Suzuki,0.3565939133107987,UP,DOWN,0.4961309826203067,False
2025-10-10,NTPC,0.5887547624758627,UP,DOWN,0.48957206391973196,False
2025-10-10,ONGC,-0.9133717761827808,DOWN,DOWN,0.48833223140152604,True
2025-10-10,Reliance,-0.484906376828953,DOWN,DOWN,0.49620776287213536,True
2025-10-10,SBI,0.2611693327890352,UP,DOWN,0.48671716410959726,False
2025-10-10,Sun Pharma,-0.1496199631020212,DOWN,DOWN,0.49545786745213405,True
2025-10-10,TCS,-0.6967637722825826,DOWN,UP,0.5248743714594605,False
2025-10-10,Tata Steel,-0.4773966571614441,DOWN,UP,0.5229153156964681,False
2025-10-10,Wipro,-1.4354612421537905,DOWN,UP,0.5270691762292867,False
2025-10-13,Axis Bank,-1.0759857952676866,DOWN,DOWN,0.4728735328508602,True
2025-10-13,Bharti Airtel,-0.4245766394428751,DOWN,DOWN,0.4946602651369779,True
2025-10-13,Dr Reddy's,-1.988274326720452,DOWN,UP,0.5057900630795061,False
2025-10-13,HCLTech,0.0468370418851282,UP,UP,0.501176745181361,True
2025-10-13,HDFC Bank,0.0153556206819338,UP,DOWN,0.49297491119110964,False
2025-10-13,Hindustan Unilever,0.3810975535107896,UP,UP,0.5092834304947398,True
2025-10-13,ICICI Bank,0.3407243068501042,UP,UP,0.5020904966249681,True
2025-10-13,ITC,-0.613653652355961,DOWN,UP,0.5066638338328094,False
2025-10-13,Infosys,-0.2209969773453779,DOWN,UP,0.5061720868580097,False
2025-10-13,M&M,0.0028932467457609,UP,DOWN,0.4674872462118597,False
2025-10-13,Maruti Suzuki,-0.3798321386999981,DOWN,DOWN,0.4658719722307104,True
2025-10-13,NTPC,-1.4779099005378882,DOWN,DOWN,0.4925643906599203,True
2025-10-13,ONGC,0.2458134755694896,UP,UP,0.5023125321056547,True
2025-10-13,Reliance,0.0654563210227276,UP,UP,0.504987681123613,True
2025-10-13,SBI,-0.6795401684181801,DOWN,DOWN,0.4878907962594884,True
2025-10-13,Sun Pharma,-0.8391272953209628,DOWN,DOWN,0.488324056972608,True
2025-10-13,TCS,-1.559587094482151,DOWN,DOWN,0.49278162263973047,True
2025-10-13,Tata Steel,-1.4563973243016948,DOWN,UP,0.51331963284843,False
2025-10-13,Wipro,1.3421422186588927,UP,UP,0.5073631528752844,True
2025-10-14,Axis Bank,-0.6118348864242007,DOWN,UP,0.5126797267667056,False
2025-10-14,Bharti Airtel,1.1250397970168802,UP,UP,0.5032520436783771,True
2025-10-14,Dr Reddy's,-0.396025557317603,DOWN,UP,0.5360651737309067,False
2025-10-14,HCLTech,0.0200566238408361,UP,UP,0.5349469728177993,True
2025-10-14,HDFC Bank,0.1125697752089927,UP,DOWN,0.4886088546952616,False
2025-10-14,Hindustan Unilever,0.667384040522867,UP,UP,0.503701275739939,True
2025-10-14,ICICI Bank,1.033165889774068,UP,UP,0.5066164089235318,True
2025-10-14,ITC,0.7812515622185545,UP,UP,0.522017349525801,True
2025-10-14,Infosys,-1.0403382606893885,DOWN,UP,0.5128540167044449,False
2025-10-14,M&M,1.0809845024546405,UP,DOWN,0.4849793702279855,False
2025-10-14,Maruti Suzuki,-0.301334481274218,DOWN,DOWN,0.4630175739852022,True
2025-10-14,NTPC,0.7723172881788587,UP,UP,0.5251777250664137,True
2025-10-14,ONGC,1.238301013145171,UP,UP,0.5019260232050204,True
2025-10-14,Reliance,-0.1162857444252818,DOWN,UP,0.505897126035287,False
2025-10-14,SBI,1.0433848282729752,UP,UP,0.5017891480058946,True
2025-10-14,Sun Pharma,0.0423084599580292,UP,UP,0.5053365626460355,True
2025-10-14,TCS,0.3209134156438198,UP,UP,0.5195689560035817,True
2025-10-14,Tata Steel,1.6010856103914062,UP,UP,0.5432311880169199,True
2025-10-14,Wipro,0.7205573456709136,UP,DOWN,0.4966216904899038,False
2025-10-15,Axis Bank,2.2828380471546783,UP,UP,0.5055406585990345,True
2025-10-15,Bharti Airtel,-0.0558788715233626,DOWN,DOWN,0.48508751153942414,True
2025-10-15,Dr Reddy's,0.6329054368139131,UP,UP,0.5037763030756782,True
2025-10-15,HCLTech,1.2903690217415331,UP,DOWN,0.48217116471431504,False
2025-10-15,HDFC Bank,1.645793568713283,UP,DOWN,0.4946059072329237,False
2025-10-15,Hindustan Unilever,1.6871774513695923,UP,DOWN,0.4930861141330117,False
2025-10-15,ICICI Bank,1.3515463446864384,UP,DOWN,0.4968233901267393,False
2025-10-15,ITC,1.3128282270889358,UP,UP,0.5045322097914986,True
2025-10-15,Infosys,-0.1966918316631871,DOWN,UP,0.50257221491443,False
2025-10-15,M&M,1.8186005531350304,UP,DOWN,0.47463069000446645,False
2025-10-15,Maruti Suzuki,0.5304712558598546,UP,DOWN,0.45328789284279425,False
2025-10-15,NTPC,0.6632277081798144,UP,DOWN,0.49909635327825286,False
2025-10-15,ONGC,0.2543213627111074,UP,DOWN,0.48913170307060055,False
2025-10-15,Reliance,1.7463435310553166,UP,UP,0.5079342835048611,True
2025-10-15,SBI,0.0959301032066539,UP,DOWN,0.4920882097289665,False
2025-10-15,Sun Pharma,0.235636787601412,UP,DOWN,0.49549219951418055,False
2025-10-15,TCS,0.0303017822396833,UP,UP,0.502072062434946,True
2025-10-15,Tata Steel,0.4386945755816995,UP,DOWN,0.4966290667290047,False
2025-10-15,Wipro,1.4387877175685349,UP,UP,0.505473808918201,True
2025-10-16,Axis Bank,0.3259970061499473,UP,UP,0.5422626540456763,True
2025-10-16,Bharti Airtel,2.266950037231008,UP,DOWN,0.4809974516667198,False
2025-10-16,Dr Reddy's,1.265930806347182,UP,DOWN,0.4965215927786497,False
2025-10-16,HCLTech,-1.9009933219884532,DOWN,DOWN,0.4773441820201507,True
2025-10-16,HDFC Bank,0.8246605730742873,UP,DOWN,0.49567691810939024,False
2025-10-16,Hindustan Unilever,1.6474702780353343,UP,UP,0.5098308783652568,True
2025-10-16,ICICI Bank,1.361738946793256,UP,DOWN,0.4989575637652252,False
2025-10-16,ITC,1.727755178441015,UP,UP,0.5039971597724322,True
2025-10-16,Infosys,-2.0659207892669063,DOWN,DOWN,0.49904132661161865,True
2025-10-16,M&M,2.4264182531727574,UP,DOWN,0.48651987882848946,False
2025-10-16,Maruti Suzuki,0.6319793839735022,UP,DOWN,0.4621085306407502,False
2025-10-16,NTPC,-0.1464128843338241,DOWN,DOWN,0.4996835277741959,True
2025-10-16,ONGC,-0.265755444287874,DOWN,UP,0.5014991452776563,False
2025-10-16,Reliance,1.3230350678671732,UP,DOWN,0.49800644092611906,False
2025-10-16,SBI,0.2480424123967095,UP,UP,0.5001624467985801,True
2025-10-16,Sun Pharma,1.2115717652765312,UP,DOWN,0.4910576367421457,False
2025-10-16,TCS,-0.2861278533581646,DOWN,UP,0.500791578230326,False
2025-10-16,Tata Steel,-1.0229878041936091,DOWN,DOWN,0.49102889257361476,True
2025-10-16,Wipro,-5.086483505886696,DOWN,DOWN,0.4947344711836364,True
2025-10-17,Axis Bank,2.14964588216604,UP,DOWN,0.4945363085762825,False
2025-10-17,Bharti Airtel,1.963220675944344,UP,DOWN,0.4962713704834832,False
2025-10-17,Dr Reddy's,2.0781889544205123,UP,UP,0.5074574131457539,True
2025-10-17,HCLTech,0.6190333430527328,UP,DOWN,0.4999864473234821,False
2025-10-17,HDFC Bank,0.0399006951207647,UP,UP,0.5032253567728633,True
2025-10-17,Hindustan Unilever,-0.3571858894086177,DOWN,UP,0.5104002025713896,False
2025-10-17,ICICI Bank,-3.222882329434007,DOWN,DOWN,0.4942215806854957,True
2025-10-17,ITC,0.2183656216941498,UP,DOWN,0.49702337904781635,False
2025-10-17,Infosys,1.3739538660441974,UP,UP,0.514433751481944,True
2025-10-17,M&M,-1.318815917952898,DOWN,DOWN,0.49361023665019366,True
2025-10-17,Maruti Suzuki,0.1402353515029597,UP,DOWN,0.48631552129588823,False
2025-10-17,NTPC,0.2785959551411254,UP,UP,0.5094617912225342,True
2025-10-17,ONGC,0.4239182209246461,UP,UP,0.5160037029943527,True
2025-10-17,Reliance,3.5290794944111026,UP,UP,0.5000065886147009,True
2025-10-17,SBI,2.063765965482589,UP,DOWN,0.4947132378031022,False
2025-10-17,Sun Pharma,0.5657792947489471,UP,DOWN,0.4888893967782881,False
2025-10-17,TCS,1.7892107512537336,UP,UP,0.5147905360759669,True
2025-10-17,Tata Steel,-0.1567786961718331,DOWN,UP,0.5245409426486582,False
2025-10-17,Wipro,0.1411422188851485,UP,UP,0.5743270167881036,True
2025-10-20,Axis Bank,0.9217005569433168,UP,DOWN,0.4981632186182552,False
2025-10-20,Bharti Airtel,-0.3899585669022709,DOWN,DOWN,0.485128268283445,True
2025-10-20,Dr Reddy's,0.5226170960900944,UP,UP,0.511778126262384,True
2025-10-20,HCLTech,-0.6285959783734585,DOWN,DOWN,0.490879791397951,True
2025-10-20,HDFC Bank,0.4736028657646995,UP,UP,0.5063494641094252,True
2025-10-20,Hindustan Unilever,-0.104068427131676,DOWN,UP,0.5155403611876553,False
2025-10-20,ICICI Bank,-0.5969969457399582,DOWN,UP,0.5519767947833714,False
2025-10-20,ITC,-0.0484158565218106,DOWN,UP,0.5074085128984593,False
2025-10-20,Infosys,0.7871859680892657,UP,UP,0.5047705566959182,True
2025-10-20,M&M,0.614038312799825,UP,UP,0.5066681275531363,True
2025-10-20,Maruti Suzuki,-0.1704822211398005,DOWN,DOWN,0.48141487219558066,True
2025-10-20,NTPC,0.0146184504121293,UP,DOWN,0.497333650062124,False
2025-10-20,ONGC,-0.2492604174175072,DOWN,DOWN,0.4988892227690114,True
2025-10-20,Reliance,-0.1090876467810586,DOWN,UP,0.5117866751184744,False
2025-10-20,SBI,0.038564802858132,UP,DOWN,0.4922004286831464,False
2025-10-20,Sun Pharma,0.1125206941569034,UP,DOWN,0.4964208989624973,False
2025-10-20,TCS,-0.281905019157902,DOWN,UP,0.5034767305451823,False
2025-10-20,Tata Steel,0.4826995322974703,UP,UP,0.5074343186885127,True
2025-10-20,Wipro,0.0497409693480221,UP,UP,0.5076434038062843,True
2025-10-21,Axis Bank,1.737654501861785,UP,DOWN,0.48368990131601397,False
2025-10-21,Bharti Airtel,-1.7421079317806454,DOWN,DOWN,0.492763130436754,True
2025-10-21,Dr Reddy's,-0.7216518282130435,DOWN,UP,0.5179301017374904,False
2025-10-21,HCLTech,2.550472706195328,UP,DOWN,0.49970131222579345,False
2025-10-21,HDFC Bank,0.1091570479917258,UP,UP,0.5070717934829787,True
2025-10-21,Hindustan Unilever,0.3819943153488214,UP,DOWN,0.4958378198710726,False
2025-10-21,ICICI Bank,-1.3241714057977585,DOWN,UP,0.5035804962361629,False
2025-10-21,ITC,0.7508795101575982,UP,UP,0.514768651248693,True
2025-10-21,Infosys,3.810104228180955,UP,UP,0.5131424966321689,True
2025-10-21,M&M,0.0662804185556753,UP,DOWN,0.47644340498784304,False
2025-10-21,Maruti Suzuki,-0.018297145645274,DOWN,DOWN,0.4573346511670934,True
2025-10-21,NTPC,0.1900566948784821,UP,UP,0.5018001711331846,True
2025-10-21,ONGC,1.688700033799062,UP,DOWN,0.4995585829054344,False
2025-10-21,Reliance,-1.1465961860274263,DOWN,UP,0.5156001787382506,False
2025-10-21,SBI,0.4075576699380523,UP,DOWN,0.48782735336499305,False
2025-10-21,Sun Pharma,-0.0354910136609043,DOWN,DOWN,0.4911629514813251,True
2025-10-21,TCS,2.211727178632561,UP,UP,0.509001687921108,True
2025-10-21,Tata Steel,0.7987063853237331,UP,UP,0.5042782897111018,True
2025-10-21,Wipro,1.2180984562361274,UP,UP,0.5002715351040723,True
2025-10-23,Axis Bank,-1.3425503462440649,DOWN,UP,0.5528492807882232,False
2025-10-23,Bharti Airtel,1.0657913319318535,UP,UP,0.8019447371398648,True
2025-10-23,Dr Reddy's,0.3282750579748139,UP,UP,0.6128258305201948,True
2025-10-23,HCLTech,-0.0065605081918662,DOWN,UP,0.6599515567651452,False
2025-10-23,HDFC Bank,-1.3927426608823623,DOWN,UP,0.6019347249662281,False
2025-10-23,Hindustan Unilever,-3.274915133546308,DOWN,UP,0.8167303264387566,False
2025-10-23,ICICI Bank,1.026618794550016,UP,UP,0.5558460612318299,True
2025-10-23,ITC,0.2043456090859319,UP,UP,0.6813983930188334,True
2025-10-23,Infosys,-0.2028116183145245,DOWN,UP,0.6215864878399568,False
2025-10-23,M&M,0.0386329149470787,UP,UP,0.5809586257690603,True
2025-10-23,Maruti Suzuki,-0.7259195998291945,DOWN,UP,0.625915842756541,False
2025-10-23,NTPC,-0.8901175681591211,DOWN,UP,0.7076358364189942,False
2025-10-23,ONGC,1.0502989104338225,UP,UP,0.6875855253794937,True
2025-10-23,Reliance,0.2209300688992721,UP,UP,0.6021790759263047,True
2025-10-23,SBI,-0.7734066027512143,DOWN,UP,0.5510589471028089,False
2025-10-23,Sun Pharma,0.5384919494922702,UP,UP,0.7850232893456519,True
2025-10-23,TCS,-0.3253937315789268,DOWN,UP,0.6656325594443234,False
2025-10-23,Tata Steel,0.1607709998904916,UP,UP,0.6017576112480921,True
2025-10-23,Wipro,-0.5403222708675659,DOWN,UP,0.5930817747861872,False
2025-10-24,Axis Bank,0.9823617788904616,UP,DOWN,0.48216435171438177,False
2025-10-24,Bharti Airtel,2.503328616064482,UP,DOWN,0.47655705085391725,False
2025-10-24,Dr Reddy's,0.0545398298148036,UP,UP,0.5072027592341756,True
2025-10-24,HCLTech,0.636563253776945,UP,DOWN,0.49074510402885074,False
2025-10-24,HDFC Bank,0.8243289476784321,UP,UP,0.5121052900355318,True
2025-10-24,Hindustan Unilever,-0.1827950124835387,DOWN,UP,0.533841164894638,False
2025-10-24,ICICI Bank,-0.0072567024374525,DOWN,DOWN,0.49404260868117594,True
2025-10-24,ITC,0.923705906015515,UP,DOWN,0.4966870178793907,False
2025-10-24,Infosys,-1.370134002855461,DOWN,UP,0.5286324452911988,False
2025-10-24,M&M,-0.3696524784482791,DOWN,DOWN,0.4704714025412074,True
2025-10-24,Maruti Suzuki,0.7005038712055933,UP,DOWN,0.4656198684071179,False
2025-10-24,NTPC,0.6330959534285308,UP,UP,0.501180923480716,True
2025-10-24,ONGC,-0.6628500144741922,DOWN,DOWN,0.49147352196941063,True
2025-10-24,Reliance,2.2389088279559437,UP,DOWN,0.4946951729251295,False
2025-10-24,SBI,2.0176893311221638,UP,DOWN,0.49174782421867547,False
2025-10-24,Sun Pharma,-0.3178354569783659,DOWN,DOWN,0.47739966898897573,True
2025-10-24,TCS,0.7084079236673091,UP,UP,0.5014090944771591,True
2025-10-24,Tata Steel,1.272644570988701,UP,DOWN,0.4947386826937979,False
2025-10-24,Wipro,0.3827508234929277,UP,UP,0.5199586455111396,True
2025-10-27,Axis Bank,-0.6219541431829012,DOWN,DOWN,0.4725772585991587,True
2025-10-27,Bharti Airtel,0.4855465141800241,UP,DOWN,0.4832247102818617,False
2025-10-27,Dr Reddy's,0.3971015644351094,UP,UP,0.5157967376547031,True
2025-10-27,HCLTech,-0.7433990488465936,DOWN,UP,0.509798238442477,False
2025-10-27,HDFC Bank,0.059821085660805,UP,DOWN,0.48925982427275466,False
2025-10-27,Hindustan Unilever,-0.5852357228328442,DOWN,UP,0.5005291163483431,False
2025-10-27,ICICI Bank,-1.0525551870623873,DOWN,UP,0.5047864081191746,False
2025-10-27,ITC,-0.6537501580653138,DOWN,DOWN,0.4941486054092701,True
2025-10-27,Infosys,-0.2858124844217324,DOWN,UP,0.5258130858825133,False
2025-10-27,M&M,-0.8998781460076599,DOWN,DOWN,0.4756305839851742,True
2025-10-27,Maruti Suzuki,-0.4698559921894052,DOWN,DOWN,0.49818854708340593,True
2025-10-27,NTPC,-0.7607918371662414,DOWN,DOWN,0.4920106631583643,True
2025-10-27,ONGC,-1.0779053738204314,DOWN,UP,0.5048529954384166,False
2025-10-27,Reliance,0.1886698250917806,UP,DOWN,0.4922697972684665,False
2025-10-27,SBI,0.8127878623679141,UP,DOWN,0.4864285236463321,False
2025-10-27,Sun Pharma,-0.3897009731388401,DOWN,DOWN,0.49570042705899886,True
2025-10-27,TCS,-0.8752309914330403,DOWN,DOWN,0.4962414554269001,True
2025-10-27,Tata Steel,2.9152008319520477,UP,DOWN,0.49558137478411435,False
2025-10-27,Wipro,-0.6272800444119153,DOWN,UP,0.5432241192343201,False
2025-10-28,Axis Bank,0.2005937496633025,UP,DOWN,0.4779307725991119,False
2025-10-28,Bharti Airtel,0.497567061875781,UP,DOWN,0.49324647979129527,False
2025-10-28,Dr Reddy's,-2.98588485117296,DOWN,DOWN,0.4992469705356355,True
2025-10-28,HCLTech,2.312599290899864,UP,UP,0.5153569283342149,True
2025-10-28,HDFC Bank,0.4284776887323316,UP,DOWN,0.4856970390151381,False
2025-10-28,Hindustan Unilever,-0.3604180708833948,DOWN,UP,0.513197121788326,False
2025-10-28,ICICI Bank,0.5355475723625602,UP,UP,0.524683014972608,True
2025-10-28,ITC,0.8853822113114918,UP,UP,0.5055309814671867,True
2025-10-28,Infosys,0.6799142497118327,UP,UP,0.5120483969592045,True
2025-10-28,M&M,-1.2405393890338567,DOWN,DOWN,0.4965786283478356,True
2025-10-28,Maruti Suzuki,-1.060633928024035,DOWN,DOWN,0.4806225628729873,True
2025-10-28,NTPC,2.462039290516471,UP,UP,0.5142002252564443,True
2025-10-28,ONGC,2.0356055880033086,UP,UP,0.5024428141849371,True
2025-10-28,Reliance,1.1634895738622308,UP,DOWN,0.48206245482808674,False
2025-10-28,SBI,1.0212308519215174,UP,DOWN,0.4920037965652888,False
2025-10-28,Sun Pharma,1.7131016250185205,UP,DOWN,0.48900133626403175,False
2025-10-28,TCS,-0.009804267538982,DOWN,UP,0.50518869079259,False
2025-10-28,Tata Steel,1.859086369396845,UP,DOWN,0.48128985757261705,False
2025-10-28,Wipro,-0.0412600468276957,DOWN,UP,0.5413908711035114,False
2025-10-29,Axis Bank,-0.8167899458171313,DOWN,DOWN,0.46906490071862045,True
2025-10-29,Bharti Airtel,-1.6328690485350017,DOWN,DOWN,0.47119256046747926,True
2025-10-29,Dr Reddy's,-3.8932026774081474,DOWN,UP,0.5594601438521092,False
2025-10-29,HCLTech,-0.4816027589316429,DOWN,UP,0.5042645767923675,False
2025-10-29,HDFC Bank,-0.9624399867882992,DOWN,DOWN,0.49154220576342106,True
2025-10-29,Hindustan Unilever,-0.7435392176314282,DOWN,UP,0.5220292214718903,False
2025-10-29,ICICI Bank,-0.5837711513045685,DOWN,UP,0.506559434820534,False
2025-10-29,ITC,-0.6759976428500902,DOWN,DOWN,0.4854429115410936,True
2025-10-29,Infosys,-1.0990449760074128,DOWN,UP,0.5031490838081473,False
2025-10-29,M&M,-0.9222806452020672,DOWN,DOWN,0.49968123880716625,True
2025-10-29,Maruti Suzuki,0.4213657206593169,UP,DOWN,0.48100224940490033,False
2025-10-29,NTPC,-0.6762607492131312,DOWN,DOWN,0.48810156735554505,True
2025-10-29,ONGC,-0.4342045896580049,DOWN,DOWN,0.48640269212493287,True
2025-10-29,Reliance,-1.043740970716267,DOWN,DOWN,0.4815045958078624,True
2025-10-29,SBI,-0.5746235077480621,DOWN,DOWN,0.47802778618139086,True
2025-10-29,Sun Pharma,-0.7284806703274249,DOWN,DOWN,0.4778665003137383,True
2025-10-29,TCS,-0.7293317672647515,DOWN,DOWN,0.4873819743382897,True
2025-10-29,Tata Steel,-0.4535862232392551,DOWN,DOWN,0.4843267222997831,True
2025-10-29,Wipro,-0.1485886627725752,DOWN,UP,0.5422393640629048,False
2025-10-30,Axis Bank,-0.4682647240541682,DOWN,DOWN,0.47057448954749687,True
2025-10-30,Bharti Airtel,-0.5710714102154402,DOWN,DOWN,0.49006550899499135,True
2025-10-30,Dr Reddy's,-0.3826298263823413,DOWN,UP,0.5136220182821691,False
2025-10-30,HCLTech,-0.5355561083122296,DOWN,DOWN,0.4999254261259866,True
2025-10-30,HDFC Bank,-1.0870146126042424,DOWN,DOWN,0.4943193619260325,True
2025-10-30,Hindustan Unilever,-0.1660227362373811,DOWN,UP,0.5187185833381104,False
2025-10-30,ICICI Bank,-1.2551361772979883,DOWN,UP,0.5136646524360843,False
2025-10-30,ITC,0.3820910097947827,UP,UP,0.5003695290921828,True
2025-10-30,Infosys,-0.7698486828288442,DOWN,UP,0.5092296067355155,False
2025-10-30,M&M,-0.4254631812022347,DOWN,UP,0.5016117528511829,False
2025-10-30,Maruti Suzuki,-0.1234110823151946,DOWN,UP,0.5051491102077182,False
2025-10-30,NTPC,-2.375773383879132,DOWN,UP,0.5119216292940677,False
2025-10-30,ONGC,0.3300185997403781,UP,DOWN,0.49993312131122636,False
2025-10-30,Reliance,-0.1410799856189082,DOWN,DOWN,0.4965241396928706,True
2025-10-30,SBI,0.2836222489758677,UP,DOWN,0.4874825816209782,False
2025-10-30,Sun Pharma,-0.7455719772315961,DOWN,UP,0.5087735605221855,False
2025-10-30,TCS,0.7478651469939201,UP,DOWN,0.48446165677348724,False
2025-10-30,Tata Steel,-0.8190993846656225,DOWN,DOWN,0.49381089117819754,True
2025-10-30,Wipro,-0.5166997393605599,DOWN,UP,0.5371836913260521,False
2025-10-31,Axis Bank,0.0729966181138186,UP,DOWN,0.48812185557146404,False
2025-10-31,Bharti Airtel,0.9491360428327988,UP,DOWN,0.48775165412263327,False
2025-10-31,Dr Reddy's,-0.1335984985432747,DOWN,UP,0.5013876923781941,False
2025-10-31,HCLTech,0.129743756081746,UP,UP,0.5040861679869929,True
2025-10-31,HDFC Bank,0.5418856160479768,UP,UP,0.507242044538096,True
2025-10-31,Hindustan Unilever,-0.223078483066319,DOWN,UP,0.5209534186202104,False
2025-10-31,ICICI Bank,0.0817643310795812,UP,UP,0.5292600867520182,True
2025-10-31,ITC,-1.5225392657442385,DOWN,DOWN,0.49839983365338447,True
2025-10-31,Infosys,0.2158774247093209,UP,UP,0.5052338888829867,True
2025-10-31,M&M,1.7693264520475926,UP,UP,0.5025288019912117,True
2025-10-31,Maruti Suzuki,-3.3053255900160616,DOWN,UP,0.5024617994738746,False
2025-10-31,NTPC,-0.5193648721178112,DOWN,UP,0.549335346726573,False
2025-10-31,ONGC,0.8536604602983555,UP,DOWN,0.49625724214687233,False
2025-10-31,Reliance,-0.1143752162448774,DOWN,DOWN,0.49742077163752696,True
2025-10-31,SBI,1.3553908438667328,UP,DOWN,0.485490188500313,False
2025-10-31,Sun Pharma,0.9286138105880636,UP,DOWN,0.49070802564577276,False
2025-10-31,TCS,-1.3472842109834904,DOWN,DOWN,0.48969677299868514,True
2025-10-31,Tata Steel,-0.0929764670478228,DOWN,UP,0.5043304927073005,False
2025-10-31,Wipro,-0.070635380495565,DOWN,UP,0.5362181847961736,False
2025-11-03,Axis Bank,-0.5755026235668814,DOWN,DOWN,0.47519855392281507,True
2025-11-03,Bharti Airtel,1.8948914574794973,UP,DOWN,0.4764003129317239,False
2025-11-03,Dr Reddy's,0.3344481605351168,UP,UP,0.5043609431730581,True
2025-11-03,HCLTech,-0.9329461881478762,DOWN,DOWN,0.4887365101201366,True
2025-11-03,HDFC Bank,-0.7454817138024539,DOWN,DOWN,0.4867331261380982,True
2025-11-03,Hindustan Unilever,-0.5813027978912588,DOWN,UP,0.5139804066039662,False
2025-11-03,ICICI Bank,-0.7055852516145267,DOWN,UP,0.5067329243955,False
2025-11-03,ITC,-1.2199584881329215,DOWN,UP,0.5051759577569317,False
2025-11-03,Infosys,-1.1847846237588389,DOWN,UP,0.5009301021065006,False
2025-11-03,M&M,0.9101425714146848,UP,DOWN,0.49868544423473826,False
2025-11-03,Maruti Suzuki,-1.7698549613443193,DOWN,DOWN,0.46495440924679016,True
2025-11-03,NTPC,-1.3723168066815283,DOWN,DOWN,0.49496806628461626,True
2025-11-03,ONGC,-2.019018418138363,DOWN,DOWN,0.48455278696437043,True
2025-11-03,Reliance,-0.7813010013761779,DOWN,DOWN,0.4907004392988572,True
2025-11-03,SBI,0.8318377674385147,UP,DOWN,0.46882252295966226,False
2025-11-03,Sun Pharma,-0.9610890869328204,DOWN,DOWN,0.4808453044464589,True
2025-11-03,TCS,-0.8817322071637768,DOWN,UP,0.5035960212248025,False
2025-11-03,Tata Steel,-1.850333889907008,DOWN,DOWN,0.48673085944259326,True
2025-11-03,Wipro,-1.072765834118372,DOWN,DOWN,0.49516173587724444,True
2025-11-04,Axis Bank,0.1549017162791655,UP,DOWN,0.4816948661604138,False
2025-11-04,Bharti Airtel,-0.8706831050601771,DOWN,UP,0.5187021540130679,False
2025-11-04,Dr Reddy's,0.4333292643229125,UP,UP,0.5135341400624963,True
2025-11-04,HCLTech,-0.1765712651221829,DOWN,DOWN,0.4938419436394054,True
2025-11-04,HDFC Bank,-0.0608957712192492,DOWN,DOWN,0.499297258686437,True
2025-11-04,Hindustan Unilever,-0.3966124776355828,DOWN,UP,0.5227594495319693,False
2025-11-04,ICICI Bank,-1.2341984964232222,DOWN,UP,0.5082553618663075,False
2025-11-04,ITC,-0.3423805129326496,DOWN,UP,0.5145206944673025,False
2025-11-04,Infosys,-0.0817544262025959,DOWN,UP,0.5174952120268933,False
2025-11-04,M&M,1.0415516959872528,UP,UP,0.5042143951098081,True
2025-11-04,Maruti Suzuki,0.5073500715493617,UP,UP,0.5113032421359128,True
2025-11-04,NTPC,-1.1948010085016336,DOWN,UP,0.5200112998170112,False
2025-11-04,ONGC,-0.3368361731550418,DOWN,UP,0.5232842611756746,False
2025-11-04,Reliance,1.561333268697629,UP,DOWN,0.4963682394325111,False
2025-11-04,SBI,0.3289499263129158,UP,DOWN,0.4787233728950027,False
2025-11-04,Sun Pharma,-0.2426021056767702,DOWN,UP,0.5104454979411744,False
2025-11-04,TCS,0.6922597655639295,UP,UP,0.5173607865709995,True
2025-11-04,Tata Steel,-1.1266602093336742,DOWN,UP,0.5099621528378211,False
2025-11-04,Wipro,0.8952609697399305,UP,UP,0.513265698283984,True
2025-11-06,Axis Bank,-0.4639764893671128,DOWN,DOWN,0.487448828799992,True
2025-11-06,Bharti Airtel,-4.472765074218799,DOWN,DOWN,0.49593838515729954,True
2025-11-06,Dr Reddy's,0.0166008339108403,UP,UP,0.5361552715757214,True
2025-11-06,HCLTech,-0.9171907610112996,DOWN,DOWN,0.49575233657528883,True
2025-11-06,HDFC Bank,-0.2386671977682719,DOWN,DOWN,0.49626931131130286,True
2025-11-06,Hindustan Unilever,-0.9031198686371144,DOWN,UP,0.5292759926457736,False
2025-11-06,ICICI Bank,1.711600664046209,UP,UP,0.5083055594914854,True
2025-11-06,ITC,-0.8466287624616431,DOWN,UP,0.5000283698892867,False
2025-11-06,Infosys,0.6886273943201626,UP,UP,0.5197786330299022,True
2025-11-06,M&M,1.981482690945824,UP,UP,0.5117150143771027,True
2025-11-06,Maruti Suzuki,0.1747346621796541,UP,UP,0.5437019974018726,True
2025-11-06,NTPC,-0.1683722036569301,DOWN,UP,0.5184786379323901,False
2025-11-06,ONGC,0.2783288064581279,UP,UP,0.5046627875842307,True
2025-11-06,Reliance,-1.209810566225611,DOWN,DOWN,0.4871503522410822,True
2025-11-06,SBI,-0.5100207560824743,DOWN,DOWN,0.4869789541422307,True
2025-11-06,Sun Pharma,0.3262352405452695,UP,UP,0.5232265177879978,True
2025-11-06,TCS,-0.6343569741643407,DOWN,DOWN,0.4989968547669339,True
2025-11-06,Tata Steel,2.3128508748862853,UP,DOWN,0.4928281696806281,False
2025-11-06,Wipro,-1.4830233340285104,DOWN,DOWN,0.499858173594157,True
2025-11-07,Axis Bank,-0.4743252041642831,DOWN,DOWN,0.4869595354162141,True
2025-11-07,Bharti Airtel,0.9294472371617956,UP,UP,0.530665650711179,True
2025-11-07,Dr Reddy's,-0.5558381538480872,DOWN,UP,0.5449587138095412,False
2025-11-07,HCLTech,1.8579724366788453,UP,DOWN,0.488578852371432,False
2025-11-07,HDFC Bank,0.2239654112155875,UP,DOWN,0.49170046017728025,False
2025-11-07,Hindustan Unilever,-0.2154080849989692,DOWN,UP,0.504043249850158,False
2025-11-07,ICICI Bank,0.3723008190618104,UP,DOWN,0.48983255299960216,False
2025-11-07,ITC,0.3712411942377258,UP,UP,0.5003351686317125,True
2025-11-07,Infosys,2.485099536731284,UP,UP,0.503865331271623,True
2025-11-07,M&M,-0.7126998313403909,DOWN,DOWN,0.496890740242488,True
2025-11-07,Maruti Suzuki,0.6718780282964021,UP,UP,0.5295624859911058,True
2025-11-07,NTPC,-0.1993234849183234,DOWN,DOWN,0.4931780803332427,True
2025-11-07,ONGC,-0.3172097785242855,DOWN,DOWN,0.48015713845093294,True
2025-11-07,Reliance,0.7645499883710993,UP,DOWN,0.4952444512074989,False
2025-11-07,SBI,-0.4917038543621022,DOWN,DOWN,0.48431006365668394,True
2025-11-07,Sun Pharma,0.3783862079746347,UP,DOWN,0.4946237141996216,False
2025-11-07,TCS,1.1163815027288582,UP,UP,0.5021112989949866,True
2025-11-07,Tata Steel,0.060649839175686,UP,DOWN,0.4727921763956721,False
2025-11-07,Wipro,1.416546478461389,UP,UP,0.5038630689448577,True
2025-11-10,Axis Bank,0.4519309778143077,UP,DOWN,0.49142614874565427,False
2025-11-10,Bharti Airtel,1.1139716534344313,UP,DOWN,0.48139146330952903,False
2025-11-10,Dr Reddy's,1.0678275923521552,UP,UP,0.5591192288226544,True
2025-11-10,HCLTech,1.914962674456344,UP,DOWN,0.49230574322053133,False
2025-11-10,HDFC Bank,0.7313369433246564,UP,DOWN,0.4961157780240367,False
2025-11-10,Hindustan Unilever,0.7763181166063449,UP,DOWN,0.4809096818265381,False
2025-11-10,ICICI Bank,0.7640985777540799,UP,UP,0.5031432896067094,True
2025-11-10,ITC,0.32055686097332,UP,DOWN,0.48823928566277436,False
2025-11-10,Infosys,1.1100131369755628,UP,UP,0.5125270593156882,True
2025-11-10,M&M,2.32539636953506,UP,DOWN,0.48999800478641253,False
2025-11-10,Maruti Suzuki,0.3978694731438192,UP,UP,0.5272688652304239,True
2025-11-10,NTPC,0.3687145934687441,UP,UP,0.5126210650328903,True
2025-11-10,ONGC,-0.7756551295085345,DOWN,UP,0.5109447831015831,False
2025-11-10,Reliance,0.2752954711284339,UP,DOWN,0.48946644967788844,False
2025-11-10,SBI,0.2260383034980106,UP,DOWN,0.48184426404017244,False
2025-11-10,Sun Pharma,1.077861128019375,UP,DOWN,0.4983563177190131,False
2025-11-10,TCS,0.7206151388333915,UP,UP,0.5031905022892269,True
2025-11-10,Tata Steel,-0.2424523097668607,DOWN,UP,0.5003326833540348,False
2025-11-10,Wipro,0.7713501216491281,UP,UP,0.5123390855047442,True
2025-11-11,Axis Bank,-0.0736216289621727,DOWN,DOWN,0.4802610830384321,True
2025-11-11,Bharti Airtel,1.5423786538160569,UP,DOWN,0.49302360670709255,False
2025-11-11,Dr Reddy's,1.494013667844607,UP,UP,0.527733659684713,True
2025-11-11,HCLTech,1.5286624203821653,UP,UP,0.5006879061269701,True
2025-11-11,HDFC Bank,-0.221842510835013,DOWN,DOWN,0.4935263774825744,True
2025-11-11,Hindustan Unilever,-0.1235839340885669,DOWN,UP,0.5012804232986287,False
2025-11-11,ICICI Bank,0.044171064151488,UP,UP,0.5110833157725768,True
2025-11-11,ITC,0.0368671240590368,UP,UP,0.503938065798795,True
2025-11-11,Infosys,1.398412184599862,UP,UP,0.5139519555349421,True
2025-11-11,M&M,0.138698648647062,UP,UP,0.5045532072004283,True
2025-11-11,Maruti Suzuki,0.3259827420901251,UP,DOWN,0.4641571033382531,False
2025-11-11,NTPC,0.1530690369945242,UP,UP,0.5193988492599968,True
2025-11-11,ONGC,1.763884228944823,UP,UP,0.5304021126160903,True
2025-11-11,Reliance,1.2119978096986506,UP,DOWN,0.4885917901379511,False
2025-11-11,SBI,0.4038641215140526,UP,DOWN,0.475016382268875,False
2025-11-11,Sun Pharma,0.9323466131125002,UP,DOWN,0.4940109856886564,False
2025-11-11,TCS,2.783066912639476,UP,UP,0.5142966407315697,True
2025-11-11,Tata Steel,-1.342240811918649,DOWN,UP,0.5223240579464371,False
2025-11-11,Wipro,1.4605481168600054,UP,UP,0.5127949312722333,True
2025-11-12,Axis Bank,0.2946934886938646,UP,DOWN,0.4877642892094021,False
2025-11-12,Bharti Airtel,0.8679718186992869,UP,DOWN,0.49841698209982715,False
2025-11-12,Dr Reddy's,0.4310384623746666,UP,UP,0.5379725978255436,True
2025-11-12,HCLTech,0.282308657465502,UP,UP,0.5029446399332802,True
2025-11-12,HDFC Bank,-0.288021787361048,DOWN,UP,0.5157705694421637,False
2025-11-12,Hindustan Unilever,-0.6970469104454535,DOWN,DOWN,0.4956724480886426,True
2025-11-12,ICICI Bank,1.9869011343672585,UP,UP,0.523161345437514,True
2025-11-12,ITC,-0.3194073201397307,DOWN,UP,0.5087704807136745,False
2025-11-12,Infosys,-0.6380036511745346,DOWN,UP,0.5097500944477906,False
2025-11-12,M&M,-1.4596608719441684,DOWN,DOWN,0.4774584899705704,True
2025-11-12,Maruti Suzuki,0.3376656472986683,UP,DOWN,0.43745385162342415,False
2025-11-12,NTPC,-0.061128440527014,DOWN,UP,0.5248111514294793,False
2025-11-12,ONGC,-1.181800247338438,DOWN,UP,0.5018071297873183,False
2025-11-12,Reliance,-0.0396940513355925,DOWN,UP,0.5003301335017033,False
2025-11-12,SBI,-0.3291045639361223,DOWN,DOWN,0.4748539646717773,True
2025-11-12,Sun Pharma,0.305989775580473,UP,UP,0.5050479734027032,True
2025-11-12,TCS,-0.8333896560866472,DOWN,UP,0.5127987177452884,False
2025-11-12,Tata Steel,-1.097366724802307,DOWN,UP,0.5292529622212302,False
2025-11-12,Wipro,0.044857927495312,UP,UP,0.5219257603284098,True
2025-11-13,Axis Bank,1.3385590162957597,UP,DOWN,0.4717988146935255,False
2025-11-13,Bharti Airtel,0.4254662078593929,UP,UP,0.5147684382286738,True
2025-11-13,Dr Reddy's,0.8988562123645849,UP,UP,0.5346969044466817,True
2025-11-13,HCLTech,-0.243980257370191,DOWN,UP,0.504536492417278,False
2025-11-13,HDFC Bank,0.2989865807409453,UP,DOWN,0.49524727106208843,False
2025-11-13,Hindustan Unilever,0.8348501703082656,UP,DOWN,0.4971802871199619,False
2025-11-13,ICICI Bank,-0.9308048334522812,DOWN,UP,0.5179593775997858,False
2025-11-13,ITC,0.6038899718353585,UP,UP,0.5086211925984524,True
2025-11-13,Infosys,-2.529510881105668,DOWN,UP,0.5142479781530027,False
2025-11-13,M&M,-0.0243249721246119,DOWN,DOWN,0.4867525802160551,True
2025-11-13,Maruti Suzuki,-0.4127246174360222,DOWN,DOWN,0.42911890159608757,True
2025-11-13,NTPC,0.4587857299268583,UP,UP,0.5243077870078044,True
2025-11-13,ONGC,-1.2955949455543792,DOWN,UP,0.5194173374561414,False
2025-11-13,Reliance,0.5294857284221965,UP,DOWN,0.49157092892898224,False
2025-11-13,SBI,1.451779411523857,UP,DOWN,0.47842510911863484,False
2025-11-13,Sun Pharma,1.133875382470939,UP,UP,0.5006767211149202,True
2025-11-13,TCS,0.0096612304099741,UP,UP,0.5011089424666597,True
2025-11-13,Tata Steel,-1.3529575274420669,DOWN,UP,0.5624302007193634,False
2025-11-13,Wipro,-0.3913123982806965,DOWN,UP,0.5145441482824682,False
2025-11-14,Axis Bank,0.6443299095769239,UP,DOWN,0.48571533977972003,False
2025-11-14,Bharti Airtel,0.5474365814872595,UP,UP,0.5138400863137427,True
2025-11-14,Dr Reddy's,-0.1284089555326995,DOWN,DOWN,0.4925620701654307,True
2025-11-14,HCLTech,0.7400005649560448,UP,UP,0.5009736039849413,True
2025-11-14,HDFC Bank,0.7023052120546103,UP,DOWN,0.4884363286365362,False
2025-11-14,Hindustan Unilever,-0.1112143685866873,DOWN,DOWN,0.49312114461564543,True
2025-11-14,ICICI Bank,0.4369992716678705,UP,UP,0.5070172953118902,True
2025-11-14,ITC,-0.2572553739238925,DOWN,UP,0.553031526295814,False
2025-11-14,Infosys,0.3193988955187743,UP,UP,0.5092600730661493,True
2025-11-14,M&M,0.9814471348362996,UP,DOWN,0.4787134901553054,False
2025-11-14,Maruti Suzuki,1.236929354756433,UP,DOWN,0.4216321515864293,False
2025-11-14,NTPC,0.5328055822683142,UP,UP,0.5205095009012767,True
2025-11-14,ONGC,0.1817435125805566,UP,DOWN,0.48773538356854573,False
2025-11-14,Reliance,-0.0395006633941541,DOWN,DOWN,0.4874033447005866,True
2025-11-14,SBI,0.5682698908650918,UP,DOWN,0.4726234202288691,False
2025-11-14,Sun Pharma,0.3870040932564045,UP,DOWN,0.4890997499973034,False
2025-11-14,TCS,-0.1223454226698339,DOWN,UP,0.5001586039303696,False
2025-11-14,Tata Steel,-0.6255000414612466,DOWN,UP,0.512161826443301,False
2025-11-14,Wipro,-0.1309457264899616,DOWN,UP,0.5234184533699988,False
2025-11-17,Axis Bank,1.2644085416788189,UP,DOWN,0.4890581563298484,False
2025-11-17,Bharti Airtel,1.7517280965503312,UP,UP,0.5086343805336155,True
2025-11-17,Dr Reddy's,-0.0482140448542667,DOWN,UP,0.5129465362811726,False
2025-11-17,HCLTech,-0.6972157041813309,DOWN,DOWN,0.4823296062468033,True
2025-11-17,HDFC Bank,-0.4114169521006738,DOWN,DOWN,0.49020364834257235,True
2025-11-17,Hindustan Unilever,-0.8659793814432937,DOWN,UP,0.5002961312703527,False
2025-11-17,ICICI Bank,-0.4060896001405023,DOWN,UP,0.5027723982027794,False
2025-11-17,ITC,-0.3070498602945615,DOWN,UP,0.5097804923624933,False
2025-11-17,Infosys,-1.40620532735386,DOWN,DOWN,0.4830990840302459,True
2025-11-17,M&M,-1.073652696567884,DOWN,DOWN,0.47946926053507116,True
2025-11-17,Maruti Suzuki,0.3274971658899117,UP,DOWN,0.4573106952720807,False
2025-11-17,NTPC,-0.5299818096017428,DOWN,UP,0.5069085566847252,False
2025-11-17,ONGC,-0.4434614351873644,DOWN,DOWN,0.4927594683125283,True
2025-11-17,Reliance,0.0724478397261751,UP,DOWN,0.4876764621257845,False
2025-11-17,SBI,-0.0924604100765114,DOWN,DOWN,0.4800907955112595,True
2025-11-17,Sun Pharma,-0.2891306488660872,DOWN,DOWN,0.49376128971099303,True
2025-11-17,TCS,-0.4867466234702577,DOWN,DOWN,0.49518773448217435,True
2025-11-17,Tata Steel,-0.4157771140014032,DOWN,UP,0.504710712812814,False
2025-11-17,Wipro,-1.290722850187942,DOWN,UP,0.5063839087389341,False
2025-11-18,Axis Bank,0.3951319664558417,UP,UP,0.5022748345574909,True
2025-11-18,Bharti Airtel,0.4932113296610696,UP,UP,0.5082151947622303,True
2025-11-18,Dr Reddy's,0.5145443071641553,UP,DOWN,0.49083849577535504,False
2025-11-18,HCLTech,4.2251771863802245,UP,DOWN,0.4888000002841211,False
2025-11-18,HDFC Bank,0.2166319061375432,UP,DOWN,0.49639906823470237,False
2025-11-18,Hindustan Unilever,1.5640639624064034,UP,UP,0.5037158414894484,True
2025-11-18,ICICI Bank,0.7062728265214258,UP,UP,0.5070196236358778,True
2025-11-18,ITC,-0.5667163424805222,DOWN,UP,0.5111473098731666,False
2025-11-18,Infosys,3.6800289473513543,UP,UP,0.5068008102609802,True
2025-11-18,M&M,0.7497009528475207,UP,DOWN,0.4863467432274764,False
2025-11-18,Maruti Suzuki,-1.016949152542368,DOWN,DOWN,0.4276803460066675,True
2025-11-18,NTPC,-0.5632534738191808,DOWN,UP,0.5118084696372053,False
2025-11-18,ONGC,0.8301288022236619,UP,UP,0.5081605812770887,True
2025-11-18,Reliance,-0.0329077262054666,DOWN,DOWN,0.49701566036870143,True
2025-11-18,SBI,1.059179152005174,UP,DOWN,0.489472897295567,False
2025-11-18,Sun Pharma,1.4384765780891096,UP,DOWN,0.49224530391250854,False
2025-11-18,TCS,1.963002546034476,UP,DOWN,0.4974268550481894,False
2025-11-18,Tata Steel,0.4407131221075611,UP,DOWN,0.4903255028355559,False
2025-11-18,Wipro,2.146124349822909,UP,UP,0.5202032774059622,True
2025-11-19,Axis Bank,1.164981617867844,UP,DOWN,0.4891103043771629,False
2025-11-19,Bharti Airtel,-0.0694508735109011,DOWN,DOWN,0.4944668393301252,True
2025-11-19,Dr Reddy's,-0.127977575462046,DOWN,DOWN,0.4919860592709238,True
2025-11-19,HCLTech,-1.034521317481274,DOWN,UP,0.5026303154416,False
2025-11-19,HDFC Bank,1.4327368137732943,UP,DOWN,0.4835056131148808,False
2025-11-19,Hindustan Unilever,-0.5406370734163723,DOWN,UP,0.5024182608302481,False
2025-11-19,ICICI Bank,-0.0072283701613939,DOWN,DOWN,0.4965549117067754,True
2025-11-19,ITC,0.470827523612094,UP,DOWN,0.49312683599922547,False
2025-11-19,Infosys,-0.2984865134520897,DOWN,DOWN,0.490590999587275,True
2025-11-19,M&M,-0.155810579667559,DOWN,DOWN,0.4882393985896048,True
2025-11-19,Maruti Suzuki,0.2092846270928428,UP,DOWN,0.41182389563058097,False
2025-11-19,NTPC,0.0,DOWN,UP,0.5023253990919015,False
2025-11-19,ONGC,-0.3815248788121228,DOWN,DOWN,0.4884925457160512,True
2025-11-19,Reliance,1.9882777461620595,UP,DOWN,0.47554009052796814,False
2025-11-19,SBI,-0.1221075763959578,DOWN,DOWN,0.4805918313833657,True
2025-11-19,Sun Pharma,-0.3755367559867051,DOWN,DOWN,0.4815663595288582,True
2025-11-19,TCS,-0.0921276611091981,DOWN,DOWN,0.4931435591517508,True
2025-11-19,Tata Steel,-0.4330003873500021,DOWN,DOWN,0.4902113977917675,True
2025-11-19,Wipro,0.0772085898168573,UP,UP,0.5078819092491873,True
2025-11-20,Axis Bank,-0.7313961018422854,DOWN,DOWN,0.49942491102131437,True
2025-11-20,Bharti Airtel,0.2038596230463429,UP,DOWN,0.49314408130799364,False
2025-11-20,Dr Reddy's,-0.3764176889134885,DOWN,UP,0.5132805497551008,False
2025-11-20,HCLTech,-2.273004975029147,DOWN,DOWN,0.49084296514756115,True
2025-11-20,HDFC Bank,-1.0705246621725115,DOWN,DOWN,0.48910631061937504,True
2025-11-20,Hindustan Unilever,0.218252719538059,UP,UP,0.5109150401209304,True
2025-11-20,ICICI Bank,-0.9761388286334104,DOWN,DOWN,0.4877968927191936,True
2025-11-20,ITC,0.5919333639725854,UP,DOWN,0.49050447721860196,False
2025-11-20,Infosys,0.5532053368044298,UP,UP,0.5152581151059924,True
2025-11-20,M&M,0.8851978076412026,UP,DOWN,0.4997329583232374,False
2025-11-20,Maruti Suzuki,1.1138535535725635,UP,DOWN,0.4407481845747122,False
2025-11-20,NTPC,0.0153055088899511,UP,DOWN,0.4907660839183647,False
2025-11-20,ONGC,-0.4434614351873644,DOWN,UP,0.504292951972403,False
2025-11-20,Reliance,-0.1613840319798831,DOWN,DOWN,0.4996005270212093,True
2025-11-20,SBI,-0.9118243918636691,DOWN,DOWN,0.49313471931982755,True
2025-11-20,Sun Pharma,0.1293983755047412,UP,DOWN,0.48482818199736794,False
2025-11-20,TCS,0.1844329921797838,UP,DOWN,0.49318579163106785,False
2025-11-20,Tata Steel,-2.586110715666912,DOWN,UP,0.5168861354808685,False
2025-11-20,Wipro,-0.7187480927287937,DOWN,UP,0.510793967859645,False
2025-11-21,Axis Bank,-0.5330027095053924,DOWN,DOWN,0.4979351208431614,True
2025-11-21,Bharti Airtel,-0.4901213184880904,DOWN,DOWN,0.45396963095621395,True
2025-11-21,Dr Reddy's,-1.4229498267374852,DOWN,UP,0.5038040923362355,False
2025-11-21,HCLTech,0.149255249630742,UP,UP,0.5124901625432604,True
2025-11-21,HDFC Bank,0.1102185897047247,UP,UP,0.5026894344590471,True
2025-11-21,Hindustan Unilever,-0.3903521465505877,DOWN,UP,0.5087953017458025,False
2025-11-21,ICICI Bank,-0.0803195024415837,DOWN,DOWN,0.4991341490213041,True
2025-11-21,ITC,-1.0543136560491884,DOWN,DOWN,0.48383477633044725,True
2025-11-21,Infosys,0.1941747572815622,UP,UP,0.5182493737769259,True
2025-11-21,M&M,-1.568168532555747,DOWN,UP,0.5001258155000468,False
2025-11-21,Maruti Suzuki,-0.1189209488639875,DOWN,DOWN,0.4562164256048149,True
2025-11-21,NTPC,-0.9796362312093576,DOWN,DOWN,0.49084776713557976,True
2025-11-21,ONGC,-0.4859270957973338,DOWN,UP,0.5057257952283428,False
2025-11-21,Reliance,-0.6918370193185419,DOWN,DOWN,0.47497430247323247,True
2025-11-21,SBI,-0.2056343872304911,DOWN,DOWN,0.489935255361023,True
2025-11-21,Sun Pharma,0.0618136588431905,UP,DOWN,0.48545688591671976,False
2025-11-21,TCS,-0.2983605088874297,DOWN,DOWN,0.49906057452594776,True
2025-11-21,Tata Steel,-1.5714282081240705,DOWN,UP,0.5386980648841078,False
2025-11-21,Wipro,1.1370602956506382,UP,UP,0.5136279366051535,True
2025-11-24,Axis Bank,-0.212762109682818,DOWN,UP,0.5019487864407293,False
2025-11-24,Bharti Airtel,0.4414292815815512,UP,DOWN,0.46856400447804897,False
2025-11-24,Dr Reddy's,0.8073743931078292,UP,UP,0.5880743320042505,True
2025-11-24,HCLTech,-0.5774992975120408,DOWN,UP,0.5015680968095413,False
2025-11-24,HDFC Bank,-0.9357990684709104,DOWN,UP,0.500182536927353,False
2025-11-24,Hindustan Unilever,-0.4166262568705448,DOWN,UP,0.5191022952254707,False
2025-11-24,ICICI Bank,-0.7746255040061323,DOWN,UP,0.5017415393903504,False
2025-11-24,ITC,-0.6814521331148793,DOWN,UP,0.519013958069257,False
2025-11-24,Infosys,-1.1240325848877577,DOWN,UP,0.5345992397609904,False
2025-11-24,M&M,-0.5825295251859153,DOWN,DOWN,0.49956644542345896,True
2025-11-24,Maruti Suzuki,-0.4323850106529692,DOWN,DOWN,0.44156990088003967,True
2025-11-24,NTPC,0.07729169595454,UP,UP,0.508278286853669,True
2025-11-24,ONGC,-0.1627645560465573,DOWN,UP,0.5101668730405782,False
2025-11-24,Reliance,0.2474071682668333,UP,DOWN,0.4995193290288387,False
2025-11-24,SBI,1.3393777382028071,UP,DOWN,0.4888898594763897,False
2025-11-24,Sun Pharma,-0.2246181429875982,DOWN,DOWN,0.48643199458320985,True
2025-11-24,TCS,-0.7003692965101616,DOWN,UP,0.5059197637448724,False
2025-11-24,Tata Steel,0.5865996716998056,UP,UP,0.5206984713011712,True
2025-11-24,Wipro,-0.6592004103402771,DOWN,UP,0.5172870093851344,False
2025-11-25,Axis Bank,1.887380669839489,UP,DOWN,0.48114582709891485,False
2025-11-25,Bharti Airtel,-1.6099207649859726,DOWN,DOWN,0.46061254066785856,True
2025-11-25,Dr Reddy's,0.9627072768464195,UP,DOWN,0.4972738812063246,False
2025-11-25,HCLTech,1.049281686609027,UP,UP,0.5008084780133197,True
2025-11-25,HDFC Bank,1.4245339255391842,UP,UP,0.508067747040804,True
2025-11-25,Hindustan Unilever,0.4597925962722682,UP,DOWN,0.49944243358886337,False
2025-11-25,ICICI Bank,1.2667514032511429,UP,UP,0.503610779329948,True
2025-11-25,ITC,0.374251508404444,UP,UP,0.5047426768776879,True
2025-11-25,Infosys,1.783617487493694,UP,UP,0.5285294586477091,True
2025-11-25,M&M,0.466024944487331,UP,DOWN,0.48328977610096263,False
2025-11-25,Maruti Suzuki,1.6804078293158886,UP,DOWN,0.44807612041014294,False
2025-11-25,NTPC,0.7414253339445009,UP,DOWN,0.48729087329626364,False
2025-11-25,ONGC,0.9578116104611344,UP,UP,0.5008146799610602,True
2025-11-25,Reliance,1.961425875164968,UP,DOWN,0.48699933209186624,False
2025-11-25,SBI,0.0305051683176404,UP,DOWN,0.4786254263921431,False
2025-11-25,Sun Pharma,1.5814934046445297,UP,DOWN,0.49121207570868125,False
2025-11-25,TCS,1.400998713001944,UP,UP,0.5018750958436774,True
2025-11-25,Tata Steel,2.008054049853936,UP,UP,0.5092932214730356,True
2025-11-25,Wipro,1.852305431958712,UP,UP,0.5252059242126508,True
2025-11-26,Axis Bank,-0.224763792706395,DOWN,DOWN,0.47967269761801057,True
2025-11-26,Bharti Airtel,-0.5266104436120411,DOWN,DOWN,0.4730350713368739,True
2025-11-26,Dr Reddy's,0.1041705791766878,UP,DOWN,0.48351161895200534,False
2025-11-26,HCLTech,0.6860730217219446,UP,DOWN,0.4819123982883831,False
2025-11-26,HDFC Bank,0.5578220390228594,UP,DOWN,0.4851455068540233,False
2025-11-26,Hindustan Unilever,1.0926934081123996,UP,DOWN,0.4978886628275355,False
2025-11-26,ICICI Bank,1.2509055397727176,UP,DOWN,0.4967895735492259,False
2025-11-26,ITC,0.4971414518235573,UP,DOWN,0.4989878187120805,False
2025-11-26,Infosys,0.5456062562934294,UP,UP,0.50130207280711,True
2025-11-26,M&M,-0.1410577069668739,DOWN,DOWN,0.4864347540212746,True
2025-11-26,Maruti Suzuki,-1.5659816786333214,DOWN,DOWN,0.47311226862583816,True
2025-11-26,NTPC,0.3833179934388697,UP,DOWN,0.49806903471912517,False
2025-11-26,ONGC,-1.4937412167248865,DOWN,DOWN,0.4909846977122001,True
2025-11-26,Reliance,-0.4140391043325198,DOWN,DOWN,0.47871739260077756,True
2025-11-26,SBI,-1.1230865488295327,DOWN,DOWN,0.4898778819727902,True
2025-11-26,Sun Pharma,0.2991868990536162,UP,DOWN,0.47669846487060497,False
2025-11-26,TCS,-0.8315092320187456,DOWN,DOWN,0.48992320269265466,True
2025-11-26,Tata Steel,-0.9076403033843384,DOWN,UP,0.5160574876068732,False
2025-11-26,Wipro,-0.2518105746292187,DOWN,DOWN,0.49948325645148806,True
2025-11-27,Axis Bank,-0.590390535848162,DOWN,UP,0.501205513613821,False
2025-11-27,Bharti Airtel,-0.6617507730080852,DOWN,DOWN,0.4850810806857585,True
2025-11-27,Dr Reddy's,0.760425808748777,UP,UP,0.5055769936283286,True
2025-11-27,HCLTech,-0.2946622976135682,DOWN,DOWN,0.4995528804796341,True
2025-11-27,HDFC Bank,-0.1882144045628919,DOWN,DOWN,0.49083422782456554,True
2025-11-27,Hindustan Unilever,0.6077475539881139,UP,UP,0.5069354594804538,True
2025-11-27,ICICI Bank,-0.2442107788387826,DOWN,DOWN,0.4987169370581094,True
2025-11-27,ITC,-0.0123640352406861,DOWN,UP,0.5024456928031632,False
2025-11-27,Infosys,-0.4021992294389598,DOWN,UP,0.5121781462531845,False
2025-11-27,M&M,2.067263356124527,UP,DOWN,0.48686411971466553,False
2025-11-27,Maruti Suzuki,-0.0188643652141107,DOWN,DOWN,0.41914317501556897,True
2025-11-27,NTPC,-0.2749332151225858,DOWN,UP,0.5110203260448772,False
2025-11-27,ONGC,-0.307377049180324,DOWN,UP,0.5254821719432469,False
2025-11-27,Reliance,0.2622473789121393,UP,DOWN,0.49737839320236843,False
2025-11-27,SBI,0.6321657571465078,UP,UP,0.5006401966210208,True
2025-11-27,Sun Pharma,1.1765964858477806,UP,DOWN,0.4986558400850398,False
2025-11-27,TCS,0.0286903754298295,UP,UP,0.5092175465519998,True
2025-11-27,Tata Steel,-0.1011111425731514,DOWN,UP,0.5493467909394911,False
2025-11-27,Wipro,-0.0120206682121648,DOWN,UP,0.5179699897477391,False
2025-11-28,Axis Bank,-0.3125732712841778,DOWN,DOWN,0.4976797467517521,True
2025-11-28,Bharti Airtel,-0.5662421931577843,DOWN,DOWN,0.4938256425513703,True
2025-11-28,Dr Reddy's,0.1032671359540104,UP,UP,0.5042344760777906,True
2025-11-28,HCLTech,1.1513405864034931,UP,UP,0.50839091038188,True
2025-11-28,HDFC Bank,-0.5458515416102205,DOWN,UP,0.5011934054245469,False
2025-11-28,Hindustan Unilever,-0.0851413919202181,DOWN,DOWN,0.49926495079896593,True
2025-11-28,ICICI Bank,0.0936007137175343,UP,UP,0.5033405078479259,True
2025-11-28,ITC,0.0,DOWN,UP,0.5007826018498951,False
2025-11-28,Infosys,0.2499855442019249,UP,DOWN,0.499326888015992,False
2025-11-28,M&M,-0.4178519406979886,DOWN,DOWN,0.4905130640453793,True
2025-11-28,Maruti Suzuki,1.238993710691827,UP,DOWN,0.470079532847833,False
2025-11-28,NTPC,0.1991097785813966,UP,UP,0.5171738551610428,True
2025-11-28,ONGC,0.6495382655928861,UP,UP,0.5079436434559218,True
2025-11-28,Reliance,-0.0893157520932996,DOWN,DOWN,0.4955654793816795,True
2025-11-28,SBI,-0.6026582649706236,DOWN,DOWN,0.48550577409922985,True
2025-11-28,Sun Pharma,-1.3212465327825271,DOWN,DOWN,0.48293203174277916,True
2025-11-28,TCS,-0.1306804033864517,DOWN,DOWN,0.4920731757695267,True
2025-11-28,Tata Steel,0.3989033949532539,UP,UP,0.5347684888054753,True
2025-11-28,Wipro,0.3005650637875279,UP,UP,0.5285465567998991,True
2025-12-01,Axis Bank,-1.3874697694873817,DOWN,UP,0.5104423006231509,False
2025-12-01,Bharti Airtel,0.6843111050514938,UP,UP,0.5001808099956229,True
2025-12-01,Dr Reddy's,1.198315679588524,UP,UP,0.5285284284659861,True
2025-12-01,HCLTech,-0.4504245117837757,DOWN,UP,0.5001035268609831,False
2025-12-01,HDFC Bank,-1.2274212246913718,DOWN,UP,0.5221003350451385,False
2025-12-01,Hindustan Unilever,0.5396651989501011,UP,UP,0.5162533231037533,True
2025-12-01,ICICI Bank,-1.2301255942925748,DOWN,UP,0.5078914166551571,False
2025-12-01,ITC,-0.8163235109384548,DOWN,UP,0.5107718007104858,False
2025-12-01,Infosys,-0.1918158567774885,DOWN,DOWN,0.49879872872112657,True
2025-12-01,M&M,-0.6708385984908638,DOWN,DOWN,0.4937199777714002,True
2025-12-01,Maruti Suzuki,0.882151953780208,UP,DOWN,0.48435763285901584,False
2025-12-01,NTPC,0.4585753506605838,UP,UP,0.5100683871307486,True
2025-12-01,ONGC,-0.5268996999036268,DOWN,UP,0.5066763160820582,False
2025-12-01,Reliance,-1.2642824255459597,DOWN,DOWN,0.4980015201213555,True
2025-12-01,SBI,-0.5960320561591348,DOWN,UP,0.509758093418971,False
2025-12-01,Sun Pharma,-0.437093300174296,DOWN,UP,0.516090460370075,False
2025-12-01,TCS,0.0734042541587154,UP,DOWN,0.4929977322284996,False
2025-12-01,Tata Steel,-0.504065752774141,DOWN,UP,0.5418151112989105,False
2025-12-01,Wipro,-0.043951019213706,DOWN,UP,0.501500812076404,False
2025-12-02,Axis Bank,1.009535069306433,UP,UP,0.5146565104449254,True
2025-12-02,Bharti Airtel,-0.8555133079847899,DOWN,DOWN,0.4802180475794358,True
2025-12-02,Dr Reddy's,0.4313049098649602,UP,UP,0.508433450950062,True
2025-12-02,HCLTech,0.305716906144915,UP,UP,0.5160884297446627,True
2025-12-02,HDFC Bank,1.0810277166086737,UP,DOWN,0.49547153194663485,False
2025-12-02,Hindustan Unilever,-1.202681743517553,DOWN,UP,0.5026451279677944,False
2025-12-02,ICICI Bank,1.3474144209759675,UP,UP,0.5047996460519657,True
2025-12-02,ITC,-0.1122364866767866,DOWN,UP,0.511180830004705,False
2025-12-02,Infosys,1.1338854049887992,UP,UP,0.5006470128971535,True
2025-12-02,M&M,-1.8054647559868189,DOWN,DOWN,0.48227580804655534,True
2025-12-02,Maruti Suzuki,-0.966808301003752,DOWN,DOWN,0.45424331595021894,True
2025-12-02,NTPC,-1.7194138136152448,DOWN,UP,0.5060887060104761,False
2025-12-02,ONGC,-1.4453433155581563,DOWN,UP,0.5014890959071805,False
2025-12-02,Reliance,-0.4850287630582373,DOWN,UP,0.5011405559110828,False
2025-12-02,SBI,-1.6799338576522382,DOWN,UP,0.5018425759373888,False
2025-12-02,Sun Pharma,0.4001084285565337,UP,DOWN,0.498556064958763,False
2025-12-02,TCS,1.4127642796808226,UP,DOWN,0.4897364388849109,False
2025-12-02,Tata Steel,-0.5125763598811561,DOWN,UP,0.5408253512580353,False
2025-12-02,Wipro,1.8067731164983505,UP,UP,0.5119452748259063,True
2025-12-03,Axis Bank,0.731883936845068,UP,DOWN,0.4796294332989223,False
2025-12-03,Bharti Airtel,0.8533101068132876,UP,DOWN,0.4881301327859137,False
2025-12-03,Dr Reddy's,-0.2420532290253407,DOWN,UP,0.5237273108058879,False
2025-12-03,HCLTech,0.8594925684814125,UP,DOWN,0.4898765642934768,False
2025-12-03,HDFC Bank,-0.3298338623656915,DOWN,DOWN,0.48749105842408885,True
2025-12-03,Hindustan Unilever,0.5800633648641806,UP,UP,0.5271911753102302,True
2025-12-03,ICICI Bank,-0.3449550002245782,DOWN,DOWN,0.48375753423292833,True
2025-12-03,ITC,0.6367010719023236,UP,UP,0.5069435543290837,True
2025-12-03,Infosys,1.197189142878785,UP,DOWN,0.48049832232469203,False
2025-12-03,M&M,0.6083245439405749,UP,UP,0.5058369368384793,True
2025-12-03,Maruti Suzuki,-0.5471956224350261,DOWN,DOWN,0.4497768509477583,True
2025-12-03,NTPC,0.0,DOWN,UP,0.5348818556709477,False
2025-12-03,ONGC,0.9207530271391208,UP,UP,0.528828764427096,True
2025-12-03,Reliance,-0.2079590031612288,DOWN,DOWN,0.48779822779775917,True
2025-12-03,SBI,-0.3101847689286008,DOWN,UP,0.5108240357132681,False
2025-12-03,Sun Pharma,0.6420599972190022,UP,DOWN,0.48671118799754237,False
2025-12-03,TCS,1.5471682758451344,UP,DOWN,0.4952376213548799,False
2025-12-03,Tata Steel,-0.0898597520547328,DOWN,UP,0.5341877957308242,False
2025-12-03,Wipro,0.8794967265707054,UP,DOWN,0.49283577652305943,False
2025-12-04,Axis Bank,0.1953125,UP,DOWN,0.4882184091070747,False
2025-12-04,Bharti Airtel,0.237665171782142,UP,DOWN,0.4934000478028445,False
2025-12-04,Dr Reddy's,-0.1878541374393694,DOWN,UP,0.5030064091801432,False
2025-12-04,HCLTech,1.7164284318332168,UP,DOWN,0.49261850157047615,False
2025-12-04,HDFC Bank,0.6117103400788082,UP,UP,0.5034539399647284,True
2025-12-04,Hindustan Unilever,-5.019895051853851,DOWN,DOWN,0.49412900556566036,True
2025-12-04,ICICI Bank,0.4182627123642257,UP,DOWN,0.494907952162959,False
2025-12-04,ITC,0.4714116044182814,UP,DOWN,0.49132815158245274,False
2025-12-04,Infosys,1.1642448591748122,UP,DOWN,0.47130047142451165,False
2025-12-04,M&M,1.239241714506023,UP,DOWN,0.497124221781883,False
2025-12-04,Maruti Suzuki,1.8006752532199632,UP,DOWN,0.4476298238875226,False
2025-12-04,NTPC,0.1083683457838491,UP,DOWN,0.498336199808351,False
2025-12-04,ONGC,-0.4128307879445292,DOWN,DOWN,0.499972576211254,True
2025-12-04,Reliance,0.3256056316419453,UP,UP,0.5002800525478676,True
2025-12-04,SBI,2.4680967215088057,UP,DOWN,0.4869192064282675,False
2025-12-04,Sun Pharma,-0.7149535088215142,DOWN,DOWN,0.48278509247807155,True
2025-12-04,TCS,0.2787068046602003,UP,DOWN,0.4963664666011397,False
2025-12-04,Tata Steel,0.2038713972418948,UP,UP,0.5340899253846831,True
2025-12-04,Wipro,1.159853295169233,UP,DOWN,0.49534910983249464,False
2025-12-05,Axis Bank,-0.6783587658382051,DOWN,DOWN,0.49536171602408474,True
2025-12-05,Bharti Airtel,-1.0717041508420455,DOWN,DOWN,0.48409439154924677,True
2025-12-05,Dr Reddy's,-0.6822421192754891,DOWN,DOWN,0.4953102674937492,True
2025-12-05,HCLTech,0.332737705640973,UP,DOWN,0.4765689853848314,False
2025-12-05,HDFC Bank,-0.0199354340142177,DOWN,DOWN,0.4944703132380351,True
2025-12-05,Hindustan Unilever,-1.0519155318989504,DOWN,UP,0.5574452132164982,False
2025-12-05,ICICI Bank,-0.2082602810816847,DOWN,DOWN,0.49016164251783984,True
2025-12-05,ITC,-0.6544077871783571,DOWN,DOWN,0.49899852676704537,True
2025-12-05,Infosys,-0.3341110324768026,DOWN,DOWN,0.4936966503524687,True
2025-12-05,M&M,-0.952359246572243,DOWN,DOWN,0.48606701399535335,True
2025-12-05,Maruti Suzuki,-0.5834664046185933,DOWN,DOWN,0.4824316439393284,True
2025-12-05,NTPC,-1.1753751736613527,DOWN,DOWN,0.4953490780126646,True
2025-12-05,ONGC,-1.1234056722112529,DOWN,UP,0.5131317362206901,False
2025-12-05,Reliance,0.1557850481692879,UP,DOWN,0.48429969760905317,False
2025-12-05,SBI,-1.55429496509909,DOWN,DOWN,0.4793418099269943,True
2025-12-05,Sun Pharma,-0.5040767412684222,DOWN,DOWN,0.4919627161433246,True
2025-12-05,TCS,-0.0524967944385168,DOWN,DOWN,0.4947355061084468,True
2025-12-05,Tata Steel,-2.178205598919114,DOWN,UP,0.5286978582195484,False
2025-12-05,Wipro,0.5655808549078323,UP,DOWN,0.4971479097030473,False
2025-12-08,Axis Bank,0.1648591227382478,UP,UP,0.5088457041547892,True
2025-12-08,Bharti Airtel,0.1677691535767689,UP,UP,0.5120524872764353,True
2025-12-08,Dr Reddy's,-1.602846334632846,DOWN,UP,0.5003581583158749,False
2025-12-08,HCLTech,-1.8358403676538624,DOWN,DOWN,0.4732189370578586,True
2025-12-08,HDFC Bank,-0.5981457627386777,DOWN,DOWN,0.49971758516002546,True
2025-12-08,Hindustan Unilever,-0.3241140881590332,DOWN,UP,0.5321854809965804,False
2025-12-08,ICICI Bank,-1.0362712051711576,DOWN,DOWN,0.4983026332589161,True
2025-12-08,ITC,-0.3107134073897288,DOWN,UP,0.5149893411532096,False
2025-12-08,Infosys,-0.7325582611392156,DOWN,DOWN,0.499983968625884,True
2025-12-08,M&M,-1.2439918905816083,DOWN,DOWN,0.4947660084135496,True
2025-12-08,Maruti Suzuki,-1.0316920985976363,DOWN,DOWN,0.43790708378115545,True
2025-12-08,NTPC,0.1095480762177247,UP,UP,0.515906537875123,True
2025-12-08,ONGC,0.5534093752245228,UP,UP,0.523515436985779,True
2025-12-08,Reliance,-0.8813982881359372,DOWN,DOWN,0.4878313541065521,True
2025-12-08,SBI,0.3084432346896371,UP,UP,0.5160460310969348,True
2025-12-08,Sun Pharma,-1.1245936822733005,DOWN,DOWN,0.4985069098291439,True
2025-12-08,TCS,-0.8713100933686047,DOWN,DOWN,0.49459312955211904,True
2025-12-08,Tata Steel,-1.7128543652345618,DOWN,UP,0.5436277567485533,False
2025-12-08,Wipro,-1.5188618664549458,DOWN,UP,0.5022928104547058,False
2025-12-09,Axis Bank,0.2116114993504281,UP,UP,0.5026071901984207,True
2025-12-09,Bharti Airtel,-1.086278016092468,DOWN,DOWN,0.48883347913883696,True
2025-12-09,Dr Reddy's,0.3691299820646199,UP,UP,0.5123155911558469,True
2025-12-09,HCLTech,0.5067582370766655,UP,DOWN,0.4940366793912936,False
2025-12-09,HDFC Bank,-0.7321219508283572,DOWN,UP,0.5023928638413214,False
2025-12-09,Hindustan Unilever,-0.2081096391990056,DOWN,UP,0.5136646094771553,False
2025-12-09,ICICI Bank,-0.8435119253787482,DOWN,DOWN,0.4999441721350925,True
2025-12-09,ITC,0.5236270209287852,UP,UP,0.5105860773249795,True
2025-12-09,Infosys,-0.8880519807301424,DOWN,DOWN,0.4866411794746466,True
2025-12-09,M&M,-0.1622680079819249,DOWN,UP,0.5080485964358233,False
2025-12-09,Maruti Suzuki,-0.0062421972534365,DOWN,DOWN,0.46576004403264376,True
2025-12-09,NTPC,0.5471314574349684,UP,DOWN,0.49296717179225,False
2025-12-09,ONGC,-0.2293208222797771,DOWN,UP,0.5045471290351564,False
2025-12-09,Reliance,0.490388379774842,UP,UP,0.5026160802423228,True
2025-12-09,SBI,0.0416974435026196,UP,DOWN,0.49673283246886335,False
2025-12-09,Sun Pharma,0.5349099099099197,UP,DOWN,0.4992802061547024,False
2025-12-09,TCS,-0.5953338953825882,DOWN,DOWN,0.4921754523419019,True
2025-12-09,Tata Steel,0.9709327045323012,UP,UP,0.5368554349250998,True
2025-12-09,Wipro,0.2214394608249126,UP,UP,0.5187259309581602,True
2025-12-10,Axis Bank,-0.4614441206569508,DOWN,DOWN,0.48513001548714846,True
2025-12-10,Bharti Airtel,-0.6676366148101076,DOWN,DOWN,0.4858755415974679,True
2025-12-10,Dr Reddy's,1.8148345287596124,UP,DOWN,0.48863282104023265,False
2025-12-10,HCLTech,0.3841551268945142,UP,DOWN,0.4716056509957342,False
2025-12-10,HDFC Bank,1.0608203808339711,UP,UP,0.5034807550796762,True
2025-12-10,Hindustan Unilever,0.169446346922375,UP,UP,0.5338860117613091,True
2025-12-10,ICICI Bank,-0.2640052545021976,DOWN,UP,0.5041120693243536,False
2025-12-10,ITC,-0.0620116591305675,DOWN,DOWN,0.49513440424040833,True
2025-12-10,Infosys,0.8329095636787631,UP,DOWN,0.4955995939034446,False
2025-12-10,M&M,0.9696956245695664,UP,DOWN,0.49774392768204834,False
2025-12-10,Maruti Suzuki,1.4295524065172538,UP,DOWN,0.4780805187958279,False
2025-12-10,NTPC,0.3109452677305446,UP,UP,0.5031241975791058,True
2025-12-10,ONGC,-0.3677502815469857,DOWN,UP,0.5109903196088513,False
2025-12-10,Reliance,0.5270333435660968,UP,DOWN,0.4856296445942766,False
2025-12-10,SBI,0.3646783016410415,UP,UP,0.5030358173254893,True
2025-12-10,Sun Pharma,1.215343106797806,UP,DOWN,0.4954365835282564,False
2025-12-10,TCS,0.0846592002136104,UP,DOWN,0.4950656075441729,False
2025-12-10,Tata Steel,2.558102240379312,UP,UP,0.5034854977748394,True
2025-12-10,Wipro,0.492281944177142,UP,DOWN,0.49008859179881653,False
2025-12-11,Axis Bank,1.052881663248595,UP,DOWN,0.49304353314628924,False
2025-12-11,Bharti Airtel,1.4708723889574449,UP,DOWN,0.493941539949264,False
2025-12-11,Dr Reddy's,0.4554416040930542,UP,DOWN,0.48954138825111115,False
2025-12-11,HCLTech,0.0478310659014047,UP,DOWN,0.48280231070142476,False
2025-12-11,HDFC Bank,0.1199652325977629,UP,DOWN,0.4952689626766013,False
2025-12-11,Hindustan Unilever,-1.9517695217719957,DOWN,UP,0.5142346740936048,False
2025-12-11,ICICI Bank,0.4411764705882337,UP,DOWN,0.49789755239373434,False
2025-12-11,ITC,-0.6949585096514443,DOWN,DOWN,0.4991875247648422,True
2025-12-11,Infosys,0.0125125889784083,UP,DOWN,0.4869735922709885,False
2025-12-11,M&M,0.3928884283590284,UP,DOWN,0.4839250544079179,False
2025-12-11,Maruti Suzuki,1.6863613983259418,UP,DOWN,0.48015257288345403,False
2025-12-11,NTPC,0.7594487424364749,UP,UP,0.5135964983137666,True
2025-12-11,ONGC,-0.1635834837707239,DOWN,UP,0.5275253921965192,False
2025-12-11,Reliance,0.7443365695792847,UP,DOWN,0.48921793127483393,False
2025-12-11,SBI,-0.0103789863418191,DOWN,UP,0.5099003439492148,False
2025-12-11,Sun Pharma,-0.75807611454346,DOWN,DOWN,0.47981937981595946,True
2025-12-11,TCS,0.8960211325940826,UP,DOWN,0.4986834409427021,False
2025-12-11,Tata Steel,3.311692718555226,UP,UP,0.511059285359429,True
2025-12-11,Wipro,0.5207352376145113,UP,DOWN,0.48149899217604425,False
2025-12-12,Axis Bank,-0.1010750938876481,DOWN,DOWN,0.49403095112024836,True
2025-12-12,Bharti Airtel,-0.6575766446212827,DOWN,DOWN,0.48421038808517275,True
2025-12-12,Dr Reddy's,0.1016123433281501,UP,UP,0.5035240040702257,True
2025-12-12,HCLTech,0.6454726956309553,UP,DOWN,0.4855007760555581,False
2025-12-12,HDFC Bank,-0.5391936509298478,DOWN,UP,0.5041996412484431,False
2025-12-12,Hindustan Unilever,1.45536144928331,UP,UP,0.5767913212362086,True
2025-12-12,ICICI Bank,-0.058568728266839,DOWN,DOWN,0.4990379231296175,True
2025-12-12,ITC,0.5498579494857658,UP,UP,0.5105095688331653,True
2025-12-12,Infosys,0.5381114953697752,UP,DOWN,0.483774955958848,False
2025-12-12,M&M,-1.9458662831826845,DOWN,DOWN,0.4909076511524995,True
2025-12-12,Maruti Suzuki,-0.6476213533470498,DOWN,DOWN,0.4963872059394953,True
2025-12-12,NTPC,-0.3384019773100544,DOWN,UP,0.5090346457426106,False
2025-12-12,ONGC,-1.121753684992366,DOWN,UP,0.5086120744182508,False
2025-12-12,Reliance,-0.0192771492531274,DOWN,DOWN,0.4985683778051198,True
2025-12-12,SBI,0.4256840037388576,UP,UP,0.5069636195201723,True
2025-12-12,Sun Pharma,0.2007234784464628,UP,UP,0.5059543942470441,True
2025-12-12,TCS,0.3011939503764882,UP,DOWN,0.484443758534179,False
2025-12-12,Tata Steel,0.5701295776478377,UP,UP,0.5174712230953343,True
2025-12-12,Wipro,0.437445934059788,UP,DOWN,0.4829860576131755,False
2025-12-15,Axis Bank,-5.074725308553418,DOWN,DOWN,0.4964161128804463,True
2025-12-15,Bharti Airtel,1.5606150451825895,UP,DOWN,0.4935255943316957,False
2025-12-15,Dr Reddy's,-0.2889232580362999,DOWN,UP,0.5096398592643849,False
2025-12-15,HCLTech,-1.9180551560644357,DOWN,DOWN,0.48538373862238726,True
2025-12-15,HDFC Bank,-0.1807035274657087,DOWN,DOWN,0.4998499919627923,True
2025-12-15,Hindustan Unilever,-0.5406541244277308,DOWN,UP,0.5334922762110713,False
2025-12-15,ICICI Bank,0.0586030513287205,UP,UP,0.5007174720688534,True
2025-12-15,ITC,-0.1491363669258283,DOWN,DOWN,0.49639020309045745,True
2025-12-15,Infosys,-0.8650749310220696,DOWN,DOWN,0.47850841787954185,True
2025-12-15,M&M,0.3603104212860364,UP,DOWN,0.49874612637225957,False
2025-12-15,Maruti Suzuki,-0.3716113310996083,DOWN,DOWN,0.42948474155911764,True
2025-12-15,NTPC,-0.9106380910231082,DOWN,UP,0.5285825293026809,False
2025-12-15,ONGC,-1.334182837568032,DOWN,UP,0.556549070453681,False
2025-12-15,Reliance,-0.8931951407197269,DOWN,DOWN,0.4937823341494762,True
2025-12-15,SBI,-0.6306513916709888,DOWN,DOWN,0.49663975249240333,True
2025-12-15,Sun Pharma,-0.87919019378212,DOWN,DOWN,0.48640173498546113,True
2025-12-15,TCS,-0.7770371461531034,DOWN,DOWN,0.49317849940514835,True
2025-12-15,Tata Steel,-1.7585430508469837,DOWN,UP,0.5382803802055677,False
2025-12-15,Wipro,-0.9627833375463024,DOWN,DOWN,0.4857509700790313,True
2025-12-16,Axis Bank,0.4181678983297132,UP,UP,0.6099220437459775,True
2025-12-16,Bharti Airtel,0.2854424357754626,UP,UP,0.5032419495045438,True
2025-12-16,Dr Reddy's,-0.3837437794952714,DOWN,UP,0.5176579054875755,False
2025-12-16,HCLTech,0.1997971136212584,UP,UP,0.5103950504804298,True
2025-12-16,HDFC Bank,-1.0359034415590718,DOWN,DOWN,0.49528081071747065,True
2025-12-16,Hindustan Unilever,-0.2411117340116342,DOWN,UP,0.5431468094012608,False
2025-12-16,ICICI Bank,-0.9956058262033274,DOWN,UP,0.5085790926248023,False
2025-12-16,ITC,-0.4729958566900061,DOWN,UP,0.5043018813451052,False
2025-12-16,Infosys,0.5712835360954127,UP,DOWN,0.49424832265632784,False
2025-12-16,M&M,-0.2264554314243327,DOWN,DOWN,0.4861607470790747,True
2025-12-16,Maruti Suzuki,0.2690473278708527,UP,DOWN,0.4241823085848626,False
2025-12-16,NTPC,0.0778816199376919,UP,UP,0.5156235273290725,True
2025-12-16,ONGC,0.3014499496159395,UP,UP,0.5158127149986406,True
2025-12-16,Reliance,0.1361586928259051,UP,DOWN,0.49148736283764666,False
2025-12-16,SBI,1.5294127657996537,UP,UP,0.5104940521055711,True
2025-12-16,Sun Pharma,0.6512084021762066,UP,DOWN,0.493658607677522,False
2025-12-16,TCS,0.3962419514186743,UP,DOWN,0.4941542382737992,False
2025-12-16,Tata Steel,0.3002970625550993,UP,UP,0.5714169921718425,True
2025-12-16,Wipro,0.740688765794606,UP,UP,0.5060200437014593,True
2025-12-17,Axis Bank,0.416436503599904,UP,DOWN,0.494492391643107,False
2025-12-17,Bharti Airtel,-0.7590132827324458,DOWN,UP,0.5101692323077799,False
2025-12-17,Dr Reddy's,0.6289308176100628,UP,UP,0.5047295460797318,True
2025-12-17,HCLTech,0.3867084238104334,UP,DOWN,0.48884957159273024,False
2025-12-17,HDFC Bank,-0.4369906293667402,DOWN,UP,0.5060935255150568,False
2025-12-17,Hindustan Unilever,-0.4438432599230713,DOWN,UP,0.5381738408993892,False
2025-12-17,ICICI Bank,0.3253493296828891,UP,UP,0.5021878664399317,True
2025-12-17,ITC,0.1500765687432403,UP,DOWN,0.49776006026042136,False
2025-12-17,Infosys,1.5480679667993158,UP,DOWN,0.48857050344467556,False
2025-12-17,M&M,-0.7251979300756828,DOWN,DOWN,0.49967781008548107,True
2025-12-17,Maruti Suzuki,-0.4207830223197928,DOWN,DOWN,0.44720497106304763,True
2025-12-17,NTPC,-0.8560311284046662,DOWN,DOWN,0.49558445184593447,True
2025-12-17,ONGC,-0.3907104236834158,DOWN,UP,0.5056894648985041,False
2025-12-17,Reliance,0.0,DOWN,DOWN,0.48483995097183963,True
2025-12-17,SBI,0.1742083567722874,UP,UP,0.5022946354335506,True
2025-12-17,Sun Pharma,-2.6214512443525684,DOWN,DOWN,0.49381008122796216,True
2025-12-17,TCS,1.9578593773389883,UP,DOWN,0.4913874600171482,False
2025-12-17,Tata Steel,-1.3032765459848217,DOWN,UP,0.5354169669068007,False
2025-12-17,Wipro,1.037754194326168,UP,DOWN,0.4965673750185555,False
2025-12-18,Axis Bank,0.0650452696415726,UP,UP,0.5015292919308936,True
2025-12-18,Bharti Airtel,0.2724642051565418,UP,UP,0.5051965717636909,True
2025-12-18,Dr Reddy's,-0.1406288146972634,DOWN,UP,0.5048597462555631,False
2025-12-18,HCLTech,-1.1436138028648957,DOWN,DOWN,0.4946290906905933,True
2025-12-18,HDFC Bank,0.5920167113097063,UP,DOWN,0.483673758919969,False
2025-12-18,Hindustan Unilever,0.6400353122930857,UP,UP,0.5351502473594261,True
2025-12-18,ICICI Bank,-0.1990030325042746,DOWN,DOWN,0.4905578515278621,True
2025-12-18,ITC,0.1623361404577084,UP,DOWN,0.4933954218092106,False
2025-12-18,Infosys,0.7314913933228695,UP,DOWN,0.49593834687183724,False
2025-12-18,M&M,0.4739864924196313,UP,UP,0.5030040977718732,True
2025-12-18,Maruti Suzuki,0.5205462673770533,UP,DOWN,0.4582925863654467,False
2025-12-18,NTPC,0.4395585232290111,UP,UP,0.5154711881793008,True
2025-12-18,ONGC,0.3836204265726062,UP,UP,0.5121049227721409,True
2025-12-18,Reliance,1.3403231575140897,UP,DOWN,0.47593107286449526,False
2025-12-18,SBI,0.2813155372451748,UP,DOWN,0.4960443012904618,False
2025-12-18,Sun Pharma,-0.0572770482854867,DOWN,UP,0.5227621404382161,False
2025-12-18,TCS,0.0365749559258832,UP,UP,0.5018287906195468,True
2025-12-18,Tata Steel,0.3390479067177265,UP,UP,0.5403954005141157,True
2025-12-18,Wipro,0.2274042409080801,UP,DOWN,0.49398269134311457,False
2025-12-19,Axis Bank,0.2112770711456768,UP,UP,0.5251274779070277,True
2025-12-19,Bharti Airtel,2.378802862463636,UP,UP,0.5256699230678518,True
2025-12-19,Dr Reddy's,0.4068278392140412,UP,UP,0.5065088382904341,True
2025-12-19,HCLTech,1.698735021878495,UP,UP,0.5317430337718885,True
2025-12-19,HDFC Bank,0.2232381742294453,UP,DOWN,0.49858435407182694,False
2025-12-19,Hindustan Unilever,0.4166666666666652,UP,UP,0.5082596211795317,True
2025-12-19,ICICI Bank,1.0634387913515342,UP,DOWN,0.496097876581384,False
2025-12-19,ITC,0.4114261224998028,UP,UP,0.5002474817673835,True
2025-12-19,Infosys,3.1061222878332684,UP,UP,0.5189325425894185,True
2025-12-19,M&M,0.3635212887286076,UP,DOWN,0.4795663132625366,False
2025-12-19,Maruti Suzuki,1.4317046423784507,UP,DOWN,0.496490112189898,False
2025-12-19,NTPC,0.2500838780277625,UP,UP,0.5017189509660961,True
2025-12-19,ONGC,0.5539066896447231,UP,UP,0.5084577628083871,True
2025-12-19,Reliance,0.6581080434985509,UP,DOWN,0.4953600525180039,False
2025-12-19,SBI,-0.6120575410296869,DOWN,DOWN,0.49894660181535166,True
2025-12-19,Sun Pharma,1.427017254035734,UP,DOWN,0.49710923353681735,False
2025-12-19,TCS,1.3071268233927569,UP,UP,0.5098758421846024,True
2025-12-19,Tata Steel,0.3141850563912252,UP,UP,0.5204655672131044,True
2025-12-19,Wipro,3.10833837824438,UP,UP,0.5132185448743729,True
2025-12-22,Axis Bank,-0.6649328167814827,DOWN,UP,0.5131253970400614,False
2025-12-22,Bharti Airtel,-1.1501301075305448,DOWN,DOWN,0.49941888648107796,True
2025-12-22,Dr Reddy's,0.0077899005793691,UP,DOWN,0.48991090763315265,False
2025-12-22,HCLTech,0.5747455729689266,UP,DOWN,0.49125198077977666,False
2025-12-22,HDFC Bank,0.9010796060454852,UP,UP,0.5012498476123933,True
2025-12-22,Hindustan Unilever,0.5721815966914123,UP,DOWN,0.49730401168593963,False
2025-12-22,ICICI Bank,-0.4018998903909443,DOWN,DOWN,0.49635604166739516,True
2025-12-22,ITC,1.1547041856293072,UP,DOWN,0.497481912578297,False
2025-12-22,Infosys,-1.260649092423538,DOWN,DOWN,0.49756364706344786,True
2025-12-22,M&M,0.2322599772661027,UP,DOWN,0.48668786251038665,False
2025-12-22,Maruti Suzuki,-0.3844074719202339,DOWN,DOWN,0.4852122255509321,True
2025-12-22,NTPC,0.7951318041492961,UP,DOWN,0.4901590332132468,False
2025-12-22,ONGC,0.5594042438956448,UP,UP,0.5130992263022955,True
2025-12-22,Reliance,-0.2983415747968898,DOWN,DOWN,0.4925399214867432,True
2025-12-22,SBI,-0.246326943341435,DOWN,DOWN,0.4956682204180837,True
2025-12-22,Sun Pharma,-0.7854008379797661,DOWN,DOWN,0.4869440786086034,True
2025-12-22,TCS,-0.4481308545032259,DOWN,DOWN,0.4981768972656436,True
2025-12-22,Tata Steel,0.9927861149168438,UP,DOWN,0.498695291081396,False
2025-12-22,Wipro,-0.4657716172323356,DOWN,DOWN,0.4913117990472249,True
2025-12-23,Axis Bank,0.1061264349489832,UP,UP,0.5477468800246318,True
2025-12-23,Bharti Airtel,0.0376866015793675,UP,UP,0.5158438987960002,True
2025-12-23,Dr Reddy's,-1.3790378786034283,DOWN,DOWN,0.49106322796632884,True
2025-12-23,HCLTech,-0.3095465900717076,DOWN,UP,0.5042389197712339,False
2025-12-23,HDFC Bank,0.0602083720442347,UP,UP,0.5016850487091049,True
2025-12-23,Hindustan Unilever,-0.8859613315025827,DOWN,UP,0.5092837364220796,False
2025-12-23,ICICI Bank,-0.2347726465058652,DOWN,DOWN,0.4884744814651327,True
2025-12-23,ITC,-0.1841168500705481,DOWN,UP,0.5049470320846665,False
2025-12-23,Infosys,-0.2937136168942977,DOWN,DOWN,0.4995758630911979,True
2025-12-23,M&M,0.3199871232004048,UP,DOWN,0.4898847503345334,False
2025-12-23,Maruti Suzuki,0.7114862827856561,UP,DOWN,0.44144658605421055,False
2025-12-23,NTPC,-0.2165544337296987,DOWN,UP,0.5022400103969649,False
2025-12-23,ONGC,-0.730392450032491,DOWN,UP,0.5268972872289025,False
2025-12-23,Reliance,-0.795823542916263,DOWN,UP,0.5023227957934008,False
2025-12-23,SBI,-0.3035304180396214,DOWN,DOWN,0.4985085594894595,True
2025-12-23,Sun Pharma,-1.0763724671835615,DOWN,UP,0.5120791068286887,False
2025-12-23,TCS,0.2719033232628343,UP,DOWN,0.4876665407470684,False
2025-12-23,Tata Steel,-0.4856562913444939,DOWN,UP,0.5010029771175804,False
2025-12-23,Wipro,-1.2306545368474089,DOWN,DOWN,0.4989773894768504,True
2025-12-24,Axis Bank,0.1549296475659156,UP,UP,0.533288888397507,True
2025-12-24,Bharti Airtel,-0.8617059494693158,DOWN,DOWN,0.48873084710615106,True
2025-12-24,Dr Reddy's,0.2765049664234409,UP,UP,0.5320112736143645,True
2025-12-24,HCLTech,-0.8240238347266948,DOWN,DOWN,0.4977151271902318,True
2025-12-24,HDFC Bank,-0.511435675758376,DOWN,DOWN,0.49939630803924,True
2025-12-24,Hindustan Unilever,0.1402134449363989,UP,UP,0.5068651267813036,True
2025-12-24,ICICI Bank,-0.6912798997296243,DOWN,DOWN,0.49853497452322487,True
2025-12-24,ITC,-0.6025607895361218,DOWN,UP,0.5115392269639238,False
2025-12-24,Infosys,-0.4388630949248906,DOWN,DOWN,0.4914205964366067,True
2025-12-24,M&M,-0.3739613852730028,DOWN,DOWN,0.4836119189087638,True
2025-12-24,Maruti Suzuki,-0.640603484404001,DOWN,DOWN,0.4688319425434316,True
2025-12-24,NTPC,0.4805513468324029,UP,UP,0.5139818803269,True
2025-12-24,ONGC,0.3251035175369177,UP,UP,0.526701764618587,True
2025-12-24,Reliance,0.0641766160528911,UP,UP,0.5082562773947449,True
2025-12-24,SBI,-0.2734944404434669,DOWN,DOWN,0.49404396749992935,True
2025-12-24,Sun Pharma,-1.007484168105932,DOWN,UP,0.5273282014339646,False
2025-12-24,TCS,-1.1750527267249122,DOWN,DOWN,0.4791770176504111,True
2025-12-24,Tata Steel,-0.5586006739096372,DOWN,UP,0.5215232412081877,False
2025-12-24,Wipro,-0.6565730738098075,DOWN,UP,0.5107504180656429,False
2025-12-26,Axis Bank,0.3093998517504692,UP,UP,0.5174898558879029,True
2025-12-26,Bharti Airtel,-1.1304172979682336,DOWN,DOWN,0.4927699237205062,True
2025-12-26,Dr Reddy's,-0.0551542752112776,DOWN,DOWN,0.4818418503999589,True
2025-12-26,HCLTech,-1.8122689592081964,DOWN,DOWN,0.4976641809397949,True
2025-12-26,HDFC Bank,-0.0403148260002872,DOWN,UP,0.5082561338828268,False
2025-12-26,Hindustan Unilever,0.3456789543166305,UP,UP,0.5088310985427692,True
2025-12-26,ICICI Bank,-0.5257683247612666,DOWN,DOWN,0.4907464896075103,True
2025-12-26,ITC,-0.3835179553078882,DOWN,UP,0.5093069773683871,False
2025-12-26,Infosys,-0.6883657135511423,DOWN,DOWN,0.48545297399295034,True
2025-12-26,M&M,-0.8556208540871801,DOWN,DOWN,0.4838548923807997,True
2025-12-26,Maruti Suzuki,-0.3253796095444738,DOWN,DOWN,0.42597364357378525,True
2025-12-26,NTPC,0.4319635514098863,UP,UP,0.507183824957677,True
2025-12-26,ONGC,0.1236552025034587,UP,UP,0.5168165038353041,True
2025-12-26,Reliance,-0.872240636982824,DOWN,DOWN,0.4862917965729992,True
2025-12-26,SBI,-0.129359413824992,DOWN,DOWN,0.48585403612657285,True
2025-12-26,Sun Pharma,-0.133762653569347,DOWN,UP,0.5192682030927016,False
2025-12-26,TCS,-0.8689024390243882,DOWN,DOWN,0.48885210170765936,True
2025-12-26,Tata Steel,1.8803264110590856,UP,UP,0.5241050409094103,True
2025-12-26,Wipro,-0.7735627686904945,DOWN,DOWN,0.48887695305090345,True
2025-12-29,Axis Bank,1.1363636363636465,UP,UP,0.5301970447566343,True
2025-12-29,Bharti Airtel,0.8743250537107006,UP,UP,0.5166187328755212,True
2025-12-29,Dr Reddy's,-0.2207099804269918,DOWN,DOWN,0.49707987815179994,True
2025-12-29,HCLTech,-0.9565916843981004,DOWN,UP,0.5226863724764288,False
2025-12-29,HDFC Bank,-0.0806683254130913,DOWN,UP,0.505763279070344,False
2025-12-29,Hindustan Unilever,-0.1351806388280585,DOWN,UP,0.5080410605325717,False
2025-12-29,ICICI Bank,-0.0595584604365151,DOWN,UP,0.5101170514361943,False
2025-12-29,ITC,-0.4967709810430931,DOWN,UP,0.5143263399824043,False
2025-12-29,Infosys,-1.404510018345806,DOWN,UP,0.5119101744273138,False
2025-12-29,M&M,1.8986094295193376,UP,DOWN,0.49390722114741875,False
2025-12-29,Maruti Suzuki,0.6347479143997026,UP,DOWN,0.4489625512931297,False
2025-12-29,NTPC,-0.1843336723550304,DOWN,UP,0.5257222573819053,False
2025-12-29,ONGC,-0.059626370867194,DOWN,UP,0.5397029762750636,False
2025-12-29,Reliance,-0.3752540663449322,DOWN,UP,0.5105406243738173,False
2025-12-29,SBI,0.8704237625320355,UP,DOWN,0.49804960379128815,False
2025-12-29,Sun Pharma,0.1747030098593116,UP,UP,0.5069275195603631,True
2025-12-29,TCS,-0.1445471681339349,DOWN,UP,0.5021678901241532,False
2025-12-29,Tata Steel,2.0313406488731367,UP,UP,0.5038592214999753,True
2025-12-29,Wipro,-0.2232804873203764,DOWN,UP,0.5005542860033082,False
2025-12-30,Axis Bank,1.87801159021368,UP,UP,0.5360284553105232,True
2025-12-30,Bharti Airtel,0.2762191014978654,UP,UP,0.5012740967811822,True
2025-12-30,Dr Reddy's,0.4424060175319155,UP,UP,0.5067074795444743,True
2025-12-30,HCLTech,0.5014919453392164,UP,UP,0.5174906986563577,True
2025-12-30,HDFC Bank,0.0302742744553219,UP,UP,0.500202647771008,True
2025-12-30,Hindustan Unilever,1.1221706278844668,UP,UP,0.5008726901813815,True
2025-12-30,ICICI Bank,0.0297969768389139,UP,UP,0.5020468499049262,True
2025-12-30,ITC,0.5990998152566762,UP,UP,0.5090780913122771,True
2025-12-30,Infosys,-0.3823354258274958,DOWN,UP,0.5144550690829267,False
2025-12-30,M&M,1.3359533833682713,UP,DOWN,0.49271602335726156,False
2025-12-30,Maruti Suzuki,0.3003544182134998,UP,UP,0.5214831522339348,True
2025-12-30,NTPC,1.4312077512583343,UP,UP,0.5050690387312531,True
2025-12-30,ONGC,2.428844547863096,UP,UP,0.5066593532435644,True
2025-12-30,Reliance,1.987269425613136,UP,UP,0.5025520982771999,True
2025-12-30,SBI,0.8988648508167163,UP,UP,0.5014667599003729,True
2025-12-30,Sun Pharma,-0.0290663884544017,DOWN,UP,0.5156443531610454,False
2025-12-30,TCS,-1.2504649823109282,DOWN,DOWN,0.49389322570912053,True
2025-12-30,Tata Steel,2.4345840187709245,UP,UP,0.5061612963455768,True
2025-12-30,Wipro,-0.1403357199897259,DOWN,DOWN,0.4870048330145607,True
2025-12-31,Axis Bank,0.3938868681137686,UP,DOWN,0.48576010493558125,False
2025-12-31,Bharti Airtel,0.2279542394038936,UP,DOWN,0.49174361173835934,False
2025-12-31,Dr Reddy's,-1.415762124772291,DOWN,DOWN,0.4965494357102369,True
2025-12-31,HCLTech,0.6899495370532582,UP,DOWN,0.4891097050038085,False
2025-12-31,HDFC Bank,-0.0050431590348343,DOWN,DOWN,0.4961650171012987,True
2025-12-31,Hindustan Unilever,0.3065805067423044,UP,DOWN,0.4909312910084778,False
2025-12-31,ICICI Bank,-0.3648837832287976,DOWN,DOWN,0.49039300988450235,True
2025-12-31,ITC,-9.71463868399116,DOWN,DOWN,0.48699605383243055,True
2025-12-31,Infosys,0.8914215795734926,UP,DOWN,0.49413120043035724,False
2025-12-31,M&M,1.3965288879010052,UP,DOWN,0.4820812247949057,False
2025-12-31,Maruti Suzuki,0.0658800982212381,UP,DOWN,0.45671275856602817,False
2025-12-31,NTPC,2.048247686247984,UP,DOWN,0.49398949388477237,False
2025-12-31,ONGC,-1.0150604841678843,DOWN,UP,0.5021632520767589,False
2025-12-31,Reliance,0.3311227133873107,UP,DOWN,0.48798214602242673,False
2025-12-31,SBI,0.2596200123474723,UP,DOWN,0.4889173143817904,False
2025-12-31,Sun Pharma,0.0814109701583909,UP,UP,0.5046245265702937,True
2025-12-31,TCS,0.6612173755453421,UP,UP,0.5047145516403708,True
2025-12-31,Tata Steel,1.0051074745611288,UP,UP,0.5072006764847987,True
2025-12-31,Wipro,1.5458854995022089,UP,DOWN,0.491786569140215,False
2026-01-01,Axis Bank,-0.5885122297803136,DOWN,DOWN,0.49488725667861944,True
2026-01-01,Bharti Airtel,-0.1942690345593689,DOWN,UP,0.504597563747852,False
2026-01-01,Dr Reddy's,0.2154101738698344,UP,UP,0.5097184081890916,True
2026-01-01,HCLTech,0.3487275112802113,UP,DOWN,0.49211601807495914,False
2026-01-01,HDFC Bank,1.054325875444828,UP,DOWN,0.49395964702352824,False
2026-01-01,Hindustan Unilever,1.076194575979339,UP,DOWN,0.4935349251167919,False
2026-01-01,ICICI Bank,1.3004502551616115,UP,DOWN,0.4991160490324371,False
2026-01-01,ITC,-3.792776715419588,DOWN,UP,0.7269635627417796,False
2026-01-01,Infosys,0.6503850330326744,UP,DOWN,0.4894035239014834,False
2026-01-01,M&M,1.1007684749734017,UP,DOWN,0.4842671385898806,False
2026-01-01,Maruti Suzuki,1.508259516399324,UP,DOWN,0.4679442969653678,False
2026-01-01,NTPC,4.69819175856574,UP,DOWN,0.49904228481429846,False
2026-01-01,ONGC,1.479366326108944,UP,UP,0.5304828537304164,True
2026-01-01,Reliance,1.059918348626332,UP,UP,0.5060246107250006,True
2026-01-01,SBI,1.4419915924885671,UP,DOWN,0.4966606127405559,False
2026-01-01,Sun Pharma,0.4009078212736217,UP,UP,0.5057502060702738,True
2026-01-01,TCS,0.7219448947496154,UP,DOWN,0.4962600049662506,False
2026-01-01,Tata Steel,0.544288029295803,UP,UP,0.5037460568363147,True
2026-01-01,Wipro,0.6171662086461804,UP,DOWN,0.48891323292604494,False
2026-01-02,Axis Bank,1.491832350607436,UP,UP,0.5176896539291328,True
2026-01-02,Bharti Airtel,-0.0617219198588703,DOWN,UP,0.5049211838398141,False
2026-01-02,Dr Reddy's,-0.4856281907888782,DOWN,UP,0.5089595720006301,False
2026-01-02,HCLTech,-1.987561063067078,DOWN,UP,0.5022646679941634,False
2026-01-02,HDFC Bank,-2.4061477808881797,DOWN,DOWN,0.49646428774747486,True
2026-01-02,Hindustan Unilever,1.5374828644058702,UP,UP,0.5000189294293546,True
2026-01-02,ICICI Bank,1.1878394050418797,UP,UP,0.5034963249042301,True
2026-01-02,ITC,-0.0999787453626388,DOWN,UP,0.5013581338314013,False
2026-01-02,Infosys,-2.072665172761412,DOWN,UP,0.5008061915742215,False
2026-01-02,M&M,-0.3182162272875821,DOWN,DOWN,0.47485321249318735,True
2026-01-02,Maruti Suzuki,1.149764150943389,UP,DOWN,0.48937598515604636,False
2026-01-02,NTPC,-0.4260153291673063,DOWN,UP,0.5028201250665446,False
2026-01-02,ONGC,-1.3956805608682177,DOWN,UP,0.509362143650476,False
2026-01-02,Reliance,-0.8917963202122792,DOWN,UP,0.5003146781649009,False
2026-01-02,SBI,0.6606912763688522,UP,UP,0.5057349907756498,True
2026-01-02,Sun Pharma,0.0520847461841667,UP,DOWN,0.4986546321919909,False
2026-01-02,TCS,-1.0643816419645846,DOWN,DOWN,0.4962791199030977,True
2026-01-02,Tata Steel,1.5529288397112984,UP,UP,0.502452852637042,True
2026-01-02,Wipro,-2.118963645736527,DOWN,UP,0.5151085287838065,False
2026-01-05,Axis Bank,0.6221807198787399,UP,DOWN,0.4878987792807086,False
2026-01-05,Bharti Airtel,0.0142541010985652,UP,UP,0.501125050614388,True
2026-01-05,Dr Reddy's,0.4959960937499952,UP,DOWN,0.4942764284297402,False
2026-01-05,HCLTech,0.5411839620746761,UP,UP,0.5470448460161704,True
2026-01-05,HDFC Bank,-1.5652161425032007,DOWN,UP,0.5413237353573696,False
2026-01-05,Hindustan Unilever,1.7029424878400643,UP,UP,0.5007676066365868,True
2026-01-05,ICICI Bank,2.894637343920881,UP,UP,0.5001549369842311,True
2026-01-05,ITC,-2.073205532434419,DOWN,UP,0.5080878243613203,False
2026-01-05,Infosys,0.3610512120060472,UP,UP,0.5468211880842297,True
2026-01-05,M&M,-0.1239994488913431,DOWN,DOWN,0.4861499764071444,True
2026-01-05,Maruti Suzuki,0.7986009909647374,UP,DOWN,0.45308618832274833,False
2026-01-05,NTPC,0.0570398419770912,UP,UP,0.5120168053181758,True
2026-01-05,ONGC,1.5960364190878984,UP,UP,0.5885802780776036,True
2026-01-05,Reliance,-4.467397572439847,DOWN,UP,0.5182128487782267,False
2026-01-05,SBI,1.3276353023875975,UP,UP,0.5061309444027575,True
2026-01-05,Sun Pharma,1.8103954141836631,UP,UP,0.5059894843977613,True
2026-01-05,TCS,1.2344127970645768,UP,UP,0.5159090034789707,True
2026-01-05,Tata Steel,0.2584512838596398,UP,DOWN,0.47902154570905303,False
2026-01-05,Wipro,0.8735352894719384,UP,UP,0.5418248214922997,True
2026-01-06,Axis Bank,0.1313921091141257,UP,UP,0.5166303772936593,True
2026-01-06,Bharti Airtel,-1.00223707627779,DOWN,UP,0.5159409650825869,False
2026-01-06,Dr Reddy's,-1.0667013902722733,DOWN,DOWN,0.4896411210894923,True
2026-01-06,HCLTech,1.942702554919551,UP,UP,0.5003126103375846,True
2026-01-06,HDFC Bank,-1.3666622580787324,DOWN,DOWN,0.4883528021061283,True
2026-01-06,Hindustan Unilever,-1.0434300877474434,DOWN,UP,0.514041288707653,False
2026-01-06,ICICI Bank,1.1692177275302695,UP,UP,0.518609753672241,True
2026-01-06,ITC,-0.3504196712674545,DOWN,UP,0.5592622499464239,False
2026-01-06,Infosys,1.6623278526118668,UP,DOWN,0.49447674031200023,False
2026-01-06,M&M,-0.9721060830199302,DOWN,DOWN,0.48004111377213765,True
2026-01-06,Maruti Suzuki,-2.793199167244964,DOWN,DOWN,0.43402643677842484,True
2026-01-06,NTPC,-0.555867091592932,DOWN,UP,0.5183868688862884,False
2026-01-06,ONGC,-1.1699540444812029,DOWN,UP,0.5059722576615602,False
2026-01-06,Reliance,-0.2255256347255541,DOWN,UP,0.5695433465858547,False
2026-01-06,SBI,-1.1532044085244777,DOWN,DOWN,0.4991296411322331,True
2026-01-06,Sun Pharma,1.272584083367878,UP,DOWN,0.4974286765416084,False
2026-01-06,TCS,1.2224352918248194,UP,DOWN,0.4992959949500929,False
2026-01-06,Tata Steel,-1.288933370472345,DOWN,DOWN,0.4870190245565847,True
2026-01-06,Wipro,1.9578243862789837,UP,DOWN,0.49181032280298626,False
2026-01-07,Axis Bank,-0.6715516149652601,DOWN,DOWN,0.4912311317776397,True
2026-01-07,Bharti Airtel,-0.8588380559977238,DOWN,DOWN,0.4859217783623345,True
2026-01-07,Dr Reddy's,-2.8886404090435747,DOWN,UP,0.519059366537918,False
2026-01-07,HCLTech,-0.0606906615059799,DOWN,UP,0.513613810060878,False
2026-01-07,HDFC Bank,-0.2476134678008223,DOWN,DOWN,0.48495049306523563,True
2026-01-07,Hindustan Unilever,-0.5292969779430945,DOWN,UP,0.5057815915299798,False
2026-01-07,ICICI Bank,0.511315337801399,UP,UP,0.5053988016431247,True
2026-01-07,ITC,-0.102565891140105,DOWN,UP,0.5521029860291278,False
2026-01-07,Infosys,-1.5680263070088518,DOWN,DOWN,0.49540675177456034,True
2026-01-07,M&M,-0.6615463216257056,DOWN,DOWN,0.49387315235783796,True
2026-01-07,Maruti Suzuki,-0.8626331132131626,DOWN,DOWN,0.42315306570549566,True
2026-01-07,NTPC,-1.2756233708394404,DOWN,UP,0.5042859625050977,False
2026-01-07,ONGC,-3.1958501914465254,DOWN,UP,0.5121238028792471,False
2026-01-07,Reliance,-2.233743962015211,DOWN,UP,0.5034973138806234,False
2026-01-07,SBI,-0.908506597056946,DOWN,UP,0.5131497565102628,False
2026-01-07,Sun Pharma,-1.2285439646583685,DOWN,UP,0.5107004303680881,False
2026-01-07,TCS,-2.782503719966356,DOWN,DOWN,0.4952863162486445,True
2026-01-07,Tata Steel,-2.002180562278899,DOWN,UP,0.500564314668588,False
2026-01-07,Wipro,-3.17576660768254,DOWN,UP,0.5068507906793468,False
2026-01-08,Axis Bank,-1.1501436327736592,DOWN,DOWN,0.49030593258846683,True
2026-01-08,Bharti Airtel,-1.897114277494183,DOWN,UP,0.5047143028884601,False
2026-01-08,Dr Reddy's,0.2651380484832266,UP,UP,0.5429111100586091,True
2026-01-08,HCLTech,0.8926989541553132,UP,UP,0.5194496286690242,True
2026-01-08,HDFC Bank,-0.8133529214899182,DOWN,DOWN,0.493043140534541,True
2026-01-08,Hindustan Unilever,-0.5907677464317196,DOWN,UP,0.5051057014213233,False
2026-01-08,ICICI Bank,-2.139369419642856,DOWN,UP,0.5118247325009855,False
2026-01-08,ITC,-1.1000293538106387,DOWN,UP,0.5954545241279893,False
2026-01-08,Infosys,0.0495832600013512,UP,UP,0.5227444248027722,True
2026-01-08,M&M,-1.254026615786119,DOWN,DOWN,0.48842484030813843,True
2026-01-08,Maruti Suzuki,-0.978156505040806,DOWN,DOWN,0.46037943191476477,True
2026-01-08,NTPC,-2.4390226612516,DOWN,UP,0.5089827240200249,False
2026-01-08,ONGC,1.1537456529561174,UP,UP,0.5587420031480065,True
2026-01-08,Reliance,0.3196024289552124,UP,UP,0.5270620509492546,True
2026-01-08,SBI,0.250501002004011,UP,UP,0.5021385057569563,True
2026-01-08,Sun Pharma,-1.7493001426684196,DOWN,UP,0.5027801292106574,False
2026-01-08,TCS,0.1217312214255583,UP,UP,0.5368135960011956,True
2026-01-08,Tata Steel,-0.954919646530128,DOWN,UP,0.5215646612824343,False
2026-01-08,Wipro,-0.0953470588714533,DOWN,UP,0.5491513343243686,False
2026-01-09,Axis Bank,0.1729521361536923,UP,UP,0.5074977652104836,True
2026-01-09,Bharti Airtel,0.8337045344385619,UP,UP,0.5144396758722068,True
2026-01-09,Dr Reddy's,0.4462461385843497,UP,DOWN,0.49630385077989164,False
2026-01-09,HCLTech,0.3731763019602541,UP,UP,0.5089333453541993,True
2026-01-09,HDFC Bank,-0.2183160588891119,DOWN,UP,0.5038105433059153,False
2026-01-09,Hindustan Unilever,1.416161684761641,UP,DOWN,0.4940410942594764,False
2026-01-09,ICICI Bank,0.6266414905529594,UP,UP,0.5169965769099532,True
2026-01-09,ITC,0.3707548636004976,UP,UP,0.6203645400399752,True
2026-01-09,Infosys,-1.127560339951572,DOWN,UP,0.5061372274060739,False
2026-01-09,M&M,0.1278098362784696,UP,DOWN,0.4956784246494064,False
2026-01-09,Maruti Suzuki,0.4908793406460221,UP,DOWN,0.4977637661423132,False
2026-01-09,NTPC,0.4315512520926434,UP,UP,0.5134907195609477,True
2026-01-09,ONGC,0.6920459657909328,UP,UP,0.5071524368753867,True
2026-01-09,Reliance,0.5354776711371523,UP,UP,0.5013772938892345,True
2026-01-09,SBI,1.4642703062531126,UP,DOWN,0.48130750268876205,False
2026-01-09,Sun Pharma,0.3526201225416914,UP,UP,0.521341416943411,True
2026-01-09,TCS,0.9913351313696196,UP,DOWN,0.49219574428393487,False
2026-01-09,Tata Steel,2.713011077504923,UP,DOWN,0.47939259744512813,False
2026-01-09,Wipro,0.4390127287245526,UP,DOWN,0.49339883087894054,False
2026-01-12,Axis Bank,-0.9574597111430384,DOWN,DOWN,0.4868889337772521,True
2026-01-12,Bharti Airtel,-0.8365937175116245,DOWN,DOWN,0.4876512785887303,True
2026-01-12,Dr Reddy's,-1.9909462091217576,DOWN,DOWN,0.49930467009748725,True
2026-01-12,HCLTech,-0.155911227152905,DOWN,UP,0.5089867723573013,False
2026-01-12,HDFC Bank,0.0426878033721545,UP,UP,0.5075383672070597,True
2026-01-12,Hindustan Unilever,-0.6940383804655004,DOWN,DOWN,0.4855411085314868,True
2026-01-12,ICICI Bank,1.691318719622248,UP,DOWN,0.4911755175424608,False
2026-01-12,ITC,-1.0933752234596472,DOWN,UP,0.6135310380297166,False
2026-01-12,Infosys,0.1942462271141032,UP,UP,0.5030706764307991,True
2026-01-12,M&M,-0.5567626290059802,DOWN,UP,0.5049200588758348,False
2026-01-12,Maruti Suzuki,-0.9407791581232616,DOWN,UP,0.5459927482395683,False
2026-01-12,NTPC,0.1333476583717185,UP,DOWN,0.48466187208933903,False
2026-01-12,ONGC,3.4236951489403644,UP,UP,0.5109081942252821,True
2026-01-12,Reliance,-2.049615921287695,DOWN,UP,0.5168776146387397,False
2026-01-12,SBI,1.3101439627595246,UP,DOWN,0.48979611961728037,False
2026-01-12,Sun Pharma,-0.4205097251224088,DOWN,UP,0.5000835743767075,False
2026-01-12,TCS,0.8766483975690909,UP,DOWN,0.49811435670063364,False
2026-01-12,Tata Steel,-0.3656396795787775,DOWN,DOWN,0.459976271460787,True
2026-01-12,Wipro,0.41809429038282,UP,DOWN,0.4930587068510752,False
2026-01-13,Axis Bank,2.916010208250785,UP,DOWN,0.4981868054623241,False
2026-01-13,Bharti Airtel,-0.2170814722514236,DOWN,UP,0.5044524177160654,False
2026-01-13,Dr Reddy's,-0.4029252607558264,DOWN,UP,0.5541104280594927,False
2026-01-13,HCLTech,0.2102102102102154,UP,UP,0.5376199838500295,True
2026-01-13,HDFC Bank,-1.2695325853577466,DOWN,UP,0.5255778116726382,False
2026-01-13,Hindustan Unilever,-1.5065913370998163,DOWN,UP,0.5135713421169525,False
2026-01-13,ICICI Bank,-1.2943615578244638,DOWN,DOWN,0.48362350951741706,True
2026-01-13,ITC,0.0149351034196554,UP,UP,0.6353532818836316,True
2026-01-13,Infosys,0.0500343232098243,UP,UP,0.5186249470424144,True
2026-01-13,M&M,-0.3277345350266247,DOWN,UP,0.5117215829367111,False
2026-01-13,Maruti Suzuki,-1.668087178862776,DOWN,UP,0.5474583256283315,False
2026-01-13,NTPC,3.314593787907083,UP,DOWN,0.4831746438072837,False
2026-01-13,ONGC,1.8254151163036525,UP,UP,0.5185768005733405,True
2026-01-13,Reliance,0.4129955808330088,UP,UP,0.5640578767238404,True
2026-01-13,SBI,-0.0097209967119482,DOWN,DOWN,0.49000874590114124,True
2026-01-13,Sun Pharma,-1.6197142818809571,DOWN,UP,0.5033515673686825,False
2026-01-13,TCS,-2.3102815177478586,DOWN,UP,0.5186097654581864,False
2026-01-13,Tata Steel,3.6588664116765424,UP,DOWN,0.49306686108287434,False
2026-01-13,Wipro,-1.514004472060937,DOWN,UP,0.5109663281503638,False
2026-01-14,Axis Bank,0.0,DOWN,DOWN,0.49468397010790316,True
2026-01-14,Bharti Airtel,0.0,DOWN,DOWN,0.48955932352929615,True
2026-01-14,Dr Reddy's,0.0,DOWN,UP,0.5229421389568911,False
2026-01-14,HCLTech,0.0,DOWN,DOWN,0.49089554092077176,True
2026-01-14,HDFC Bank,0.0,DOWN,UP,0.5166832001783386,False
2026-01-14,Hindustan Unilever,0.0,DOWN,UP,0.5229271330767182,False
2026-01-14,ICICI Bank,0.0,DOWN,DOWN,0.49425459996088206,True
2026-01-14,ITC,0.0,DOWN,UP,0.6208553199132586,False
2026-01-14,Infosys,0.0,DOWN,DOWN,0.4893754604693106,True
2026-01-14,M&M,0.0,DOWN,DOWN,0.4959671745043693,True
2026-01-14,Maruti Suzuki,0.0,DOWN,DOWN,0.4937279060016347,True
2026-01-14,NTPC,0.0,DOWN,UP,0.5047542237334579,False
2026-01-14,ONGC,0.0,DOWN,UP,0.51410508741949,False
2026-01-14,Reliance,0.0,DOWN,UP,0.5228736764693981,False
2026-01-14,SBI,0.0,DOWN,DOWN,0.49736927472258924,True
2026-01-14,Sun Pharma,0.0,DOWN,UP,0.5296019751510114,False
2026-01-14,TCS,0.0,DOWN,UP,0.5149014027996016,False
2026-01-14,Tata Steel,0.0,DOWN,DOWN,0.4849879053292361,True
2026-01-14,Wipro,0.0,DOWN,UP,0.5159342647802554,False
2026-01-15,Axis Bank,-0.3541805884901605,DOWN,DOWN,0.49505287217108807,True
2026-01-15,Bharti Airtel,-0.3016057150030948,DOWN,DOWN,0.4851035784038311,True
2026-01-15,Dr Reddy's,-0.9270965023177368,DOWN,UP,0.5050007890041472,False
2026-01-15,HCLTech,1.7680551393467248,UP,DOWN,0.48424170398192473,False
2026-01-15,HDFC Bank,0.6105098389303842,UP,UP,0.5180678052546208,True
2026-01-15,Hindustan Unilever,0.2931762202570631,UP,DOWN,0.48875539255317374,False
2026-01-15,ICICI Bank,-0.5358132723578435,DOWN,DOWN,0.48249386133775574,True
2026-01-15,ITC,-1.6579500501773703,DOWN,UP,0.5574424081007922,False
2026-01-15,Infosys,5.625703041197316,UP,DOWN,0.4932430549439762,False
2026-01-15,M&M,0.2383874824462228,UP,DOWN,0.4773763089220287,False
2026-01-15,Maruti Suzuki,-1.8140168400198164,DOWN,DOWN,0.4998148770605541,True
2026-01-15,NTPC,-0.7877398888341935,DOWN,UP,0.501551454057517,False
2026-01-15,ONGC,-0.4270223489659108,DOWN,UP,0.5399755895336186,False
2026-01-15,Reliance,-0.061696214966922,DOWN,UP,0.5284475143403212,False
2026-01-15,SBI,1.3565491878617442,UP,DOWN,0.4927417465614957,False
2026-01-15,Sun Pharma,-1.8698140572004247,DOWN,DOWN,0.4892291522346049,True
2026-01-15,TCS,0.4447909529169846,UP,DOWN,0.49538769993901266,False
2026-01-15,Tata Steel,-0.5495341009948862,DOWN,UP,0.5129783966882714,False
2026-01-15,Wipro,2.7863180860389303,UP,UP,0.505256540181214,True
2026-01-19,Axis Bank,-1.070745697896747,DOWN,UP,0.5186726242877314,False
2026-01-19,Bharti Airtel,-0.6965174129353269,DOWN,UP,0.5029369494242014,False
2026-01-19,Dr Reddy's,-0.0428375617646303,DOWN,UP,0.5161552740979068,False
2026-01-19,HCLTech,-1.718313091855772,DOWN,DOWN,0.4878477378156141,True
2026-01-19,HDFC Bank,0.3556404468307628,UP,UP,0.518596323367822,True
2026-01-19,Hindustan Unilever,-1.4416424083580015,DOWN,UP,0.5035117241085131,False
2026-01-19,ICICI Bank,-0.3476696249958499,DOWN,UP,0.5224130401386949,False
2026-01-19,ITC,-2.0708355826155267,DOWN,UP,0.5404192205392565,False
2026-01-19,Infosys,-1.3264291818631313,DOWN,UP,0.519076689219581,False
2026-01-19,M&M,-2.7314459728544294,DOWN,UP,0.5029069907101569,False
2026-01-19,Maruti Suzuki,-1.8360534124629124,DOWN,UP,0.5484573254577249,False
2026-01-19,NTPC,-1.3397425431030283,DOWN,UP,0.5028178765490259,False
2026-01-19,ONGC,-1.118835594535117,DOWN,UP,0.5321112897093841,False
2026-01-19,Reliance,-1.386529140099435,DOWN,UP,0.5625638169827984,False
2026-01-19,SBI,-0.1926040016349661,DOWN,DOWN,0.48684549869212973,True
2026-01-19,Sun Pharma,-3.676732403503502,DOWN,UP,0.5268045713441071,False
2026-01-19,TCS,-1.9376674338055235,DOWN,UP,0.5152386120084612,False
2026-01-19,Tata Steel,-2.501729753535764,DOWN,DOWN,0.4931427088025783,True
2026-01-19,Wipro,-2.459850834245369,DOWN,UP,0.5743482763535823,False
2026-01-20,Axis Bank,-0.6648608879735174,DOWN,UP,0.5151524842430567,False
2026-01-20,Bharti Airtel,0.0050087968906487,UP,UP,0.5189449178175642,True
2026-01-20,Dr Reddy's,-0.8142624837223833,DOWN,UP,0.5430441031776271,False
2026-01-20,HCLTech,-0.2844810460035707,DOWN,UP,0.5199829274688839,False
2026-01-20,HDFC Bank,-1.1651671476440415,DOWN,UP,0.5038117431199791,False
2026-01-20,Hindustan Unilever,-0.4665670716076708,DOWN,UP,0.5324554042593647,False
2026-01-20,ICICI Bank,-1.9479610319066865,DOWN,DOWN,0.4872092885369962,True
2026-01-20,ITC,-0.4750192617083981,DOWN,UP,0.5757486230352037,False
2026-01-20,Infosys,-0.2712640866702864,DOWN,UP,0.5374111288762523,False
2026-01-20,M&M,-0.1180590631588152,DOWN,UP,0.5144752732468257,False
2026-01-20,Maruti Suzuki,-0.6864412116632024,DOWN,DOWN,0.4630352554391567,True
2026-01-20,NTPC,-0.0147565440498209,DOWN,UP,0.5239518741365785,False
2026-01-20,ONGC,0.8236597747686147,UP,UP,0.5241562821550909,True
2026-01-20,Reliance,0.760399970296799,UP,UP,0.5290130714124761,True
2026-01-20,SBI,-0.747780762006589,DOWN,UP,0.504260393402484,False
2026-01-20,Sun Pharma,-0.0557705035835187,DOWN,UP,0.5675148839081564,False
2026-01-20,TCS,0.6543547854371168,UP,UP,0.530292006143608,True
2026-01-20,Tata Steel,0.4630671795712304,UP,UP,0.5425744343736374,True
2026-01-20,Wipro,-0.145890309975416,DOWN,UP,0.5550916640251101,False
2026-01-21,Axis Bank,0.7704898611529787,UP,UP,0.507593808116663,True
2026-01-21,Bharti Airtel,0.3055946926780128,UP,DOWN,0.49309775258350363,False
2026-01-21,Dr Reddy's,5.21085822437688,UP,UP,0.54749856366388,True
2026-01-21,HCLTech,1.2243670481983715,UP,DOWN,0.49854683719845133,False
2026-01-21,HDFC Bank,-0.17927564759872,DOWN,UP,0.510107887602344,False
2026-01-21,Hindustan Unilever,0.9543960158889364,UP,UP,0.5150991830525768,True
2026-01-21,ICICI Bank,-0.2594514455152019,DOWN,UP,0.5147325089732759,False
2026-01-21,ITC,0.0307947970794808,UP,UP,0.5495541389127917,True
2026-01-21,Infosys,0.5500468720774032,UP,UP,0.5113438558163085,True
2026-01-21,M&M,0.5741114474832498,UP,DOWN,0.48652936794029134,False
2026-01-21,Maruti Suzuki,-0.0317057704502188,DOWN,DOWN,0.4598093408236909,True
2026-01-21,NTPC,1.1071744507962444,UP,DOWN,0.49165617509132914,False
2026-01-21,ONGC,0.6766511625564631,UP,DOWN,0.4954253326064325,False
2026-01-21,Reliance,-0.1495070213895943,DOWN,UP,0.5173561271186176,False
2026-01-21,SBI,1.91512669074172,UP,DOWN,0.48919978213486,False
2026-01-21,Sun Pharma,1.3205980801910044,UP,UP,0.5439161235779068,True
2026-01-21,TCS,0.8902774552644654,UP,UP,0.5107027113573377,True
2026-01-21,Tata Steel,2.543247301268803,UP,DOWN,0.48668548795542543,False
2026-01-21,Wipro,0.4591904949752479,UP,UP,0.5279941197898288,True
2026-01-22,Axis Bank,-2.842141445810986,DOWN,UP,0.5037473505744569,False
2026-01-22,Bharti Airtel,-0.8740385789020366,DOWN,UP,0.5029443303912353,False
2026-01-22,Dr Reddy's,1.486650972150927,UP,UP,0.559698164752789,True
2026-01-22,HCLTech,0.2289956238605839,UP,DOWN,0.4905215920967399,False
2026-01-22,HDFC Bank,-0.2830125815332707,DOWN,UP,0.5099516127824552,False
2026-01-22,Hindustan Unilever,0.7905923856641461,UP,UP,0.5071220266010076,True
2026-01-22,ICICI Bank,-0.1560739937523259,DOWN,UP,0.5093566421903963,False
2026-01-22,ITC,-0.4463636077535415,DOWN,UP,0.5506087892161607,False
2026-01-22,Infosys,0.4388367194544607,UP,UP,0.5128462059053287,True
2026-01-22,M&M,-0.8478621384593099,DOWN,UP,0.5047241654931334,False
2026-01-22,Maruti Suzuki,-1.8775769108785312,DOWN,DOWN,0.48643708658255946,True
2026-01-22,NTPC,-1.67907717770025,DOWN,DOWN,0.4768982672543148,True
2026-01-22,ONGC,0.5983388987069738,UP,DOWN,0.4925929249396559,False
2026-01-22,Reliance,-1.1693422042112325,DOWN,UP,0.5214057478283451,False
2026-01-22,SBI,-1.798061336854806,DOWN,DOWN,0.48334983533828335,True
2026-01-22,Sun Pharma,-0.1407371696568238,DOWN,UP,0.513438394511523,False
2026-01-22,TCS,0.384081324001051,UP,UP,0.5148224313570986,True
2026-01-22,Tata Steel,-0.7879457668279244,DOWN,DOWN,0.46254854524898276,True
2026-01-22,Wipro,-0.934967819266952,DOWN,UP,0.5472371747871205,False
2026-01-23,Axis Bank,4.594598476003586,UP,UP,0.5463470089631349,True
2026-01-23,Bharti Airtel,-0.5693518937782249,DOWN,UP,0.5027059894981563,False
2026-01-23,Dr Reddy's,0.3399217647439556,UP,UP,0.5449994694202018,True
2026-01-23,HCLTech,0.7732836070225568,UP,UP,0.5039805130014268,True
2026-01-23,HDFC Bank,1.1243367648314573,UP,UP,0.5015923441542774,True
2026-01-23,Hindustan Unilever,-0.3569245758974881,DOWN,UP,0.5097790936558297,False
2026-01-23,ICICI Bank,1.33988385238053,UP,DOWN,0.4954474108962719,False
2026-01-23,ITC,-1.4687693536322155,DOWN,UP,0.5513871118190923,False
2026-01-23,Infosys,0.71222779482778,UP,UP,0.5001131096426136,True
2026-01-23,M&M,-4.230397541203301,DOWN,DOWN,0.4934061266284882,True
2026-01-23,Maruti Suzuki,-1.448057405132841,DOWN,DOWN,0.43975520385019806,True
2026-01-23,NTPC,2.376002289860613,UP,UP,0.5217523018378794,True
2026-01-23,ONGC,1.0103050129165458,UP,DOWN,0.4998147216450624,False
2026-01-23,Reliance,-0.4040095003659649,DOWN,UP,0.529567339455764,False
2026-01-23,SBI,2.2972340373057287,UP,UP,0.5094120664805764,True
2026-01-23,Sun Pharma,0.428947845779537,UP,UP,0.5386861965936963,True
2026-01-23,TCS,-0.1422924901185784,DOWN,UP,0.5257268698413087,False
2026-01-23,Tata Steel,2.489205348196988,UP,UP,0.5109868636064853,True
2026-01-23,Wipro,-1.5100633124553453,DOWN,UP,0.562125553607021,False
2026-01-27,Axis Bank,0.3039975567383779,UP,UP,0.524154541102624,True
2026-01-27,Bharti Airtel,-0.795584931993154,DOWN,UP,0.501866761406637,False
2026-01-27,Dr Reddy's,-1.395390236068894,DOWN,UP,0.5605767639433076,False
2026-01-27,HCLTech,0.5464495221999544,UP,UP,0.5066306922167452,True
2026-01-27,HDFC Bank,0.6800504778649463,UP,DOWN,0.4889888882293733,False
2026-01-27,Hindustan Unilever,-0.9371486074049028,DOWN,UP,0.5106226705120256,False
2026-01-27,ICICI Bank,0.4627535364210011,UP,UP,0.506664890634005,True
2026-01-27,ITC,0.7845598769451456,UP,UP,0.5637549176454966,True
2026-01-27,Infosys,-0.9627355822167228,DOWN,UP,0.5154051074909032,False
2026-01-27,M&M,1.6413717746242895,UP,UP,0.5316791878143307,True
2026-01-27,Maruti Suzuki,-2.4139061987536903,DOWN,DOWN,0.48926778000729715,True
2026-01-27,NTPC,0.9718524709321664,UP,DOWN,0.49528652751326246,False
2026-01-27,ONGC,8.32022176968601,UP,UP,0.5038725981674952,True
2026-01-27,Reliance,1.1734843297265485,UP,UP,0.5340525042284596,True
2026-01-27,SBI,0.9827636467744316,UP,DOWN,0.48282935283148265,False
2026-01-27,Sun Pharma,-1.7267709077155469,DOWN,UP,0.5549639263981576,False
2026-01-27,TCS,1.3331253216038563,UP,UP,0.5249528673159786,True
2026-01-27,Tata Steel,0.8165213928573056,UP,DOWN,0.48457714114907896,False
2026-01-27,Wipro,1.086031950006272,UP,UP,0.5757115353720016,True
2026-01-28,Axis Bank,3.326254032399034,UP,UP,0.5452402778572282,True
2026-01-28,Bharti Airtel,0.521023318005498,UP,UP,0.5159228187478079,True
2026-01-28,Dr Reddy's,-1.1124724405674802,DOWN,UP,0.5475719758986074,False
2026-01-28,HCLTech,-0.4625346966306343,DOWN,DOWN,0.4937452149683443,True
2026-01-28,HDFC Bank,0.3002023969468137,UP,UP,0.5091041453104684,True
2026-01-28,Hindustan Unilever,-1.0847546984035783,DOWN,UP,0.5217325445583612,False
2026-01-28,ICICI Bank,1.162537470330327,UP,UP,0.5008059389182573,True
2026-01-28,ITC,-0.7940176993404102,DOWN,UP,0.5299824176924351,False
2026-01-28,Infosys,-0.420042004200416,DOWN,UP,0.5145940319816754,False
2026-01-28,M&M,-1.8786979515672653,DOWN,UP,0.5018583096027074,False
2026-01-28,Maruti Suzuki,-2.520669489816496,DOWN,UP,0.5124688774326037,False
2026-01-28,NTPC,2.9018837689267274,UP,DOWN,0.4989605524883,False
2026-01-28,ONGC,2.535567956155038,UP,UP,0.5063527047013779,True
2026-01-28,Reliance,-0.4081013368041231,DOWN,UP,0.5222002675837749,False
2026-01-28,SBI,0.2538741111306919,UP,DOWN,0.49253557948380067,False
2026-01-28,Sun Pharma,-1.3224839861346482,DOWN,UP,0.5617580546423253,False
2026-01-28,TCS,-1.740576657376902,DOWN,UP,0.5050586549548891,False
2026-01-28,Tata Steel,4.369358242981014,UP,DOWN,0.4998366004671696,False
2026-01-28,Wipro,1.0322295703559805,UP,UP,0.5714773619930009,True
2026-01-29,Axis Bank,0.4913157939493873,UP,UP,0.5170504120286611,True
2026-01-29,Bharti Airtel,0.0406487498291863,UP,DOWN,0.495344579371096,False
2026-01-29,Dr Reddy's,0.7610183626503009,UP,UP,0.5422679342133933,True
2026-01-29,HCLTech,-1.5102230697436547,DOWN,UP,0.5033062704358613,False
2026-01-29,HDFC Bank,-0.668091929449488,DOWN,UP,0.5060186965649526,False
2026-01-29,Hindustan Unilever,0.8671215462446424,UP,UP,0.5112622105359789,True
2026-01-29,ICICI Bank,-2.067069679863631,DOWN,UP,0.5070829147220146,False
2026-01-29,ITC,1.1142459902575563,UP,UP,0.5521348250267586,True
2026-01-29,Infosys,-1.114793612533893,DOWN,UP,0.5065524357838046,False
2026-01-29,M&M,1.4005480395963057,UP,UP,0.546453898758508,True
2026-01-29,Maruti Suzuki,0.668873258860847,UP,UP,0.5028144182663289,True
2026-01-29,NTPC,-0.6003054399341345,DOWN,UP,0.5081036492794162,False
2026-01-29,ONGC,-2.334878845032906,DOWN,UP,0.5103224233113909,False
2026-01-29,Reliance,0.3163209499685404,UP,UP,0.5430072328007653,True
2026-01-29,SBI,1.0270187341644643,UP,UP,0.5023347657751385,True
2026-01-29,Sun Pharma,0.3775246848085167,UP,UP,0.5614616017629069,True
2026-01-29,TCS,-0.651952698024183,DOWN,UP,0.5193205982236497,False
2026-01-29,Tata Steel,-4.542310255396165,DOWN,DOWN,0.48301715119133903,True
2026-01-29,Wipro,-1.2093449200863748,DOWN,UP,0.5757758923338037,False
2026-01-30,Axis Bank,-4.298016883008026,DOWN,DOWN,0.4984894500899168,True
2026-01-30,Bharti Airtel,-0.1676195885436104,DOWN,DOWN,0.4804359170991264,True
2026-01-30,Dr Reddy's,-2.922582406982888,DOWN,UP,0.5044382511750409,False
2026-01-30,HCLTech,-1.108747760586393,DOWN,UP,0.5139658971937251,False
2026-01-30,HDFC Bank,-0.1237583442628365,DOWN,UP,0.5097861257820787,False
2026-01-30,Hindustan Unilever,-0.6616077190002123,DOWN,DOWN,0.49727634434667134,True
2026-01-30,ICICI Bank,-0.1623580200645791,DOWN,UP,0.5198461724774627,False
2026-01-30,ITC,-2.31258166400804,DOWN,UP,0.5491978400249715,False
2026-01-30,Infosys,-0.7068845573392712,DOWN,UP,0.526737798631894,False
2026-01-30,M&M,0.9149688763036234,UP,UP,0.510596097227944,True
2026-01-30,Maruti Suzuki,-1.47270360983629,DOWN,UP,0.5591295727858947,False
2026-01-30,NTPC,-1.587076937214715,DOWN,UP,0.5190948387629009,False
2026-01-30,ONGC,-5.580753637606694,DOWN,UP,0.5578863679076145,False
2026-01-30,Reliance,-0.3583201886569798,DOWN,UP,0.5179298221350017,False
2026-01-30,SBI,-4.497987480299493,DOWN,DOWN,0.4831176296489357,True
2026-01-30,Sun Pharma,2.0435011965231675,UP,UP,0.5208505151714589,True
2026-01-30,TCS,1.462921243994164,UP,UP,0.512660275791304,True
2026-01-30,Tata Steel,-2.392176388531564,DOWN,UP,0.5327567627141568,False
2026-01-30,Wipro,2.2794467262134965,UP,UP,0.5871707750411308,True
2026-02-02,Axis Bank,3.408307371092256,UP,UP,0.5517029424669456,True
2026-02-02,Bharti Airtel,1.6230804934264098,UP,DOWN,0.48024015205999726,False
2026-02-02,Dr Reddy's,4.473575003303387,UP,UP,0.5161686160366241,True
2026-02-02,HCLTech,1.1032919526051457,UP,DOWN,0.4842943650095917,False
2026-02-02,HDFC Bank,2.219592410622373,UP,UP,0.5010429826933999,True
2026-02-02,Hindustan Unilever,0.4793640433572443,UP,UP,0.5015467373422968,True
2026-02-02,ICICI Bank,2.727668614124812,UP,DOWN,0.49510928905553653,False
2026-02-02,ITC,0.6196319077897972,UP,UP,0.5332660756385695,True
2026-02-02,Infosys,1.6325012389454718,UP,UP,0.5133724065558156,True
2026-02-02,M&M,1.8682129846410376,UP,UP,0.5021174103959078,True
2026-02-02,Maruti Suzuki,2.7669632925472643,UP,DOWN,0.47276838130679716,False
2026-02-02,NTPC,2.340511359097941,UP,UP,0.5128366432012802,True
2026-02-02,ONGC,1.2010250397362476,UP,UP,0.5123457890257681,True
2026-02-02,Reliance,3.35874211391467,UP,UP,0.5025494124207823,True
2026-02-02,SBI,3.450957683001654,UP,UP,0.5045616387570215,True
2026-02-02,Sun Pharma,4.558016466556802,UP,UP,0.5469464695805778,True
2026-02-02,TCS,1.757317940930858,UP,UP,0.5250382056278556,True
2026-02-02,Tata Steel,2.344702295763401,UP,DOWN,0.49561958699468106,False
2026-02-02,Wipro,0.1609572367876177,UP,UP,0.6020911501205736,True
2026-02-03,Axis Bank,-1.2903701983530191,DOWN,UP,0.5856367301458025,False
2026-02-03,Bharti Airtel,1.4269263156891032,UP,UP,0.5590840550927201,True
2026-02-03,Dr Reddy's,0.3885321890040538,UP,UP,0.5798078139772447,True
2026-02-03,HCLTech,-4.3355157130330335,DOWN,UP,0.5840339171353899,False
2026-02-03,HDFC Bank,0.4637886921357248,UP,UP,0.5767035551032078,True
2026-02-03,Hindustan Unilever,0.1013215504856557,UP,UP,0.5227986871506277,True
2026-02-03,ICICI Bank,1.345619478968718,UP,UP,0.5468857020010801,True
2026-02-03,ITC,-0.8842532281507332,DOWN,UP,0.5798314591890478,False
2026-02-03,Infosys,-7.2584511577219235,DOWN,UP,0.5643348116769332,False
2026-02-03,M&M,1.3067291854177432,UP,UP,0.5986475760099075,True
2026-02-03,Maruti Suzuki,1.955080503314832,UP,UP,0.6066108915978529,True
2026-02-03,NTPC,2.4264433142456854,UP,UP,0.5379701616540993,True
2026-02-03,ONGC,3.871600080556914,UP,UP,0.5408963839387014,True
2026-02-03,Reliance,1.3708213469390218,UP,UP,0.5834854634170317,True
2026-02-03,SBI,0.3758692147650677,UP,UP,0.5539774243869607,True
2026-02-03,Sun Pharma,0.1351300664541366,UP,UP,0.5945557638107825,True
2026-02-03,TCS,-7.013299468186284,DOWN,UP,0.5829686888351168,False
2026-02-03,Tata Steel,1.2802577693837414,UP,UP,0.5069760661328898,True
2026-02-03,Wipro,-3.852654006945755,DOWN,UP,0.6465099054842752,False
2026-02-04,Axis Bank,-0.6050628132799218,DOWN,UP,0.5337171674939148,False
2026-02-04,Bharti Airtel,-1.6487325308034984,DOWN,UP,0.5105852423711268,False
2026-02-04,Dr Reddy's,0.3789770542843795,UP,UP,0.5176456197740418,True
2026-02-04,HCLTech,-0.7275896209678501,DOWN,UP,0.5229719603084546,False
2026-02-04,HDFC Bank,-0.3567268351692187,DOWN,UP,0.5183159085156543,False
2026-02-04,Hindustan Unilever,-0.7001306476697611,DOWN,DOWN,0.49482981245069485,True
2026-02-04,ICICI Bank,-0.8449321363093065,DOWN,UP,0.5021380224569894,False
2026-02-04,ITC,-1.162973976581827,DOWN,UP,0.5306229560985567,False
2026-02-04,Infosys,-1.0157635864221692,DOWN,UP,0.5487501505274113,False
2026-02-04,M&M,-0.055959709009512,DOWN,UP,0.5206217324792867,False
2026-02-04,Maruti Suzuki,-0.0796231172450423,DOWN,DOWN,0.4545914363665139,True
2026-02-04,NTPC,-0.0680735194009574,DOWN,DOWN,0.4798971811183081,True
2026-02-04,ONGC,0.8428544285868034,UP,DOWN,0.4525331531614443,False
2026-02-04,Reliance,-0.919825917416861,DOWN,UP,0.516157869526989,False
2026-02-04,SBI,0.4961663612051747,UP,DOWN,0.4896743526767427,False
2026-02-04,Sun Pharma,-0.1056118752840173,DOWN,UP,0.540390850684319,False
2026-02-04,TCS,-0.2534126040737772,DOWN,UP,0.5532852060348338,False
2026-02-04,Tata Steel,1.207779265132336,UP,DOWN,0.4845651844681107,False
2026-02-04,Wipro,0.0214292673963001,UP,UP,0.5567888534310707,True
2026-02-05,Axis Bank,0.8266947393529067,UP,UP,0.5179461336694604,True
2026-02-05,Bharti Airtel,2.308773310396228,UP,UP,0.5167700233097106,True
2026-02-05,Dr Reddy's,-0.2972185050706399,DOWN,UP,0.5338922031740301,False
2026-02-05,HCLTech,-1.0124253930512417,DOWN,UP,0.5101253015532172,False
2026-02-05,HDFC Bank,-0.9055529652050698,DOWN,UP,0.5223961671261346,False
2026-02-05,Hindustan Unilever,2.96466410649443,UP,UP,0.5174288230313752,True
2026-02-05,ICICI Bank,0.6874311196518157,UP,UP,0.5191688898099287,True
2026-02-05,ITC,5.029005471323411,UP,UP,0.5664441563497635,True
2026-02-05,Infosys,-0.8617271416065497,DOWN,UP,0.5296560220751259,False
2026-02-05,M&M,0.1679731243001025,UP,UP,0.5222116272340432,True
2026-02-05,Maruti Suzuki,-0.4117139252274415,DOWN,DOWN,0.38223948216330755,True
2026-02-05,NTPC,-0.5313384760302964,DOWN,DOWN,0.4913576411682476,True
2026-02-05,ONGC,-0.0928677521038645,DOWN,DOWN,0.4759911882739319,True
2026-02-05,Reliance,0.512680080982153,UP,UP,0.5401366203105561,True
2026-02-05,SBI,-0.661385708983464,DOWN,UP,0.5057172494991178,False
2026-02-05,Sun Pharma,-0.4405027668004546,DOWN,UP,0.530048444160972,False
2026-02-05,TCS,-1.668056237464488,DOWN,UP,0.5268688613669658,False
2026-02-05,Tata Steel,-0.3539628679642304,DOWN,DOWN,0.4730943173294908,True
2026-02-05,Wipro,-1.1440071022442155,DOWN,UP,0.5220399127161456,False
2026-02-06,Axis Bank,-0.0149039337741241,DOWN,DOWN,0.4965971139476046,True
2026-02-06,Bharti Airtel,-0.0098152099583637,DOWN,UP,0.5099638346551029,False
2026-02-06,Dr Reddy's,2.763458763895432,UP,UP,0.52629130033322,True
2026-02-06,HCLTech,0.5208037323475967,UP,UP,0.5235366581089234,True
2026-02-06,HDFC Bank,-0.4090931554366017,DOWN,UP,0.5145972126427496,False
2026-02-06,Hindustan Unilever,0.4455098195552898,UP,UP,0.50270271396178,True
2026-02-06,ICICI Bank,-0.696958034845907,DOWN,UP,0.5029257597857727,False
2026-02-06,ITC,-0.9208103475763064,DOWN,UP,0.5407822400628542,False
2026-02-06,Infosys,-0.6568923478492916,DOWN,UP,0.5309399957516686,False
2026-02-06,M&M,0.8831776874301367,UP,UP,0.513732655654215,True
2026-02-06,Maruti Suzuki,-0.1266920050676856,DOWN,DOWN,0.3847470352403782,True
2026-02-06,NTPC,-0.8628938506555661,DOWN,DOWN,0.4720599933059191,True
2026-02-06,ONGC,-0.8737705881592062,DOWN,DOWN,0.4981116455602973,True
2026-02-06,Reliance,0.7444117999951816,UP,UP,0.5114260840319148,True
2026-02-06,SBI,7.46436363124372,UP,UP,0.5021688510751517,True
2026-02-06,Sun Pharma,0.5604389202304327,UP,UP,0.525888286516752,True
2026-02-06,TCS,0.2243627038523543,UP,UP,0.5394159020460931,True
2026-02-06,Tata Steel,2.506851975341906,UP,UP,0.5097772214034362,True
2026-02-06,Wipro,-0.2773922443924714,DOWN,UP,0.5393431501819259,False
2026-02-09,Axis Bank,1.140593892899,UP,UP,0.5212580945246947,True
2026-02-09,Bharti Airtel,-1.3197872136285649,DOWN,UP,0.5104805796139502,False
2026-02-09,Dr Reddy's,-1.5288122304978446,DOWN,UP,0.5428803388008986,False
2026-02-09,HCLTech,-1.8039965302161345,DOWN,UP,0.5191429368318818,False
2026-02-09,HDFC Bank,-0.5174687208255646,DOWN,UP,0.524009372416923,False
2026-02-09,Hindustan Unilever,0.7638643801334721,UP,UP,0.5012515521607798,True
2026-02-09,ICICI Bank,0.7304985185981661,UP,UP,0.523194746329048,True
2026-02-09,ITC,-0.4337032061420887,DOWN,UP,0.5845798272881153,False
2026-02-09,Infosys,0.0400813302044555,UP,UP,0.5521454553554827,True
2026-02-09,M&M,1.8339968246027905,UP,UP,0.505157243169391,True
2026-02-09,Maruti Suzuki,1.1216450794498511,UP,DOWN,0.373464509593881,False
2026-02-09,NTPC,1.3815971495788837,UP,UP,0.507438023885225,True
2026-02-09,ONGC,2.0817658161694785,UP,UP,0.5441117533294687,True
2026-02-09,Reliance,-0.212094665963225,DOWN,UP,0.5150274954895994,False
2026-02-09,SBI,-0.1657961966895715,DOWN,UP,0.5642264516226594,False
2026-02-09,Sun Pharma,0.1877316254851768,UP,UP,0.5274179282425328,True
2026-02-09,TCS,1.2346566409074944,UP,UP,0.5483507328714831,True
2026-02-09,Tata Steel,2.975244805364352,UP,UP,0.535341004308342,True
2026-02-09,Wipro,0.604137421151929,UP,UP,0.5351950653106989,True
2026-02-10,Axis Bank,-0.6928504962081417,DOWN,UP,0.5076924010108559,False
2026-02-10,Bharti Airtel,0.039771627225793,UP,UP,0.5327484325117224,True
2026-02-10,Dr Reddy's,1.1385389194366935,UP,UP,0.5369765529055911,True
2026-02-10,HCLTech,-1.366728137669182,DOWN,UP,0.540070856879713,False
2026-02-10,HDFC Bank,-0.568430790363339,DOWN,DOWN,0.4956821995260196,True
2026-02-10,Hindustan Unilever,0.3790269121844103,UP,UP,0.5027159149371784,True
2026-02-10,ICICI Bank,-0.0284411243556714,DOWN,UP,0.5070473915557322,False
2026-02-10,ITC,-0.9800852384268866,DOWN,UP,0.5713738188031404,False
2026-02-10,Infosys,-1.7292044044414756,DOWN,UP,0.5348088065399257,False
2026-02-10,M&M,-0.0244884507431764,DOWN,DOWN,0.4833026234051091,True
2026-02-10,Maruti Suzuki,1.7562392710946728,UP,DOWN,0.42974014892618295,False
2026-02-10,NTPC,0.4224634331785326,UP,DOWN,0.47305262954970795,False
2026-02-10,ONGC,0.9002433444709634,UP,UP,0.5131589327579521,True
2026-02-10,Reliance,0.6993452980373682,UP,UP,0.5273556845145958,True
2026-02-10,SBI,3.39131628844358,UP,UP,0.5116280177493068,True
2026-02-10,Sun Pharma,0.193226763289811,UP,UP,0.5094997153368525,True
2026-02-10,TCS,-2.506200039558537,DOWN,UP,0.5478046510046944,False
2026-02-10,Tata Steel,-0.2019124946092576,DOWN,DOWN,0.4747844420004283,True
2026-02-10,Wipro,-0.7171571492439965,DOWN,UP,0.5259888679352259,False
2026-02-11,Axis Bank,-0.5418279940295867,DOWN,UP,0.5150219254863873,False
2026-02-11,Bharti Airtel,0.1192795806959745,UP,DOWN,0.496078890059404,False
2026-02-11,Dr Reddy's,0.3621172486123258,UP,UP,0.5136589352968943,True
2026-02-11,HCLTech,-4.865944907706554,DOWN,UP,0.5496472525503822,False
2026-02-11,HDFC Bank,-0.7011110097259965,DOWN,UP,0.5073357819778268,False
2026-02-11,Hindustan Unilever,-2.1600533225588525,DOWN,UP,0.5026668843990839,False
2026-02-11,ICICI Bank,1.6997386266295322,UP,DOWN,0.4991006792158015,False
2026-02-11,ITC,-0.2513708697466588,DOWN,UP,0.577501679418077,False
2026-02-11,Infosys,-5.835995854966969,DOWN,UP,0.579060104965224,False
2026-02-11,M&M,-2.225905653520799,DOWN,UP,0.5065499083296172,False
2026-02-11,Maruti Suzuki,-0.558006747988582,DOWN,DOWN,0.43800476311847186,True
2026-02-11,NTPC,-0.0542847605929597,DOWN,DOWN,0.4773788694499058,True
2026-02-11,ONGC,0.6372905903506476,UP,UP,0.5012883378449879,True
2026-02-11,Reliance,-1.3481260581519106,DOWN,DOWN,0.49967342180816177,True
2026-02-11,SBI,0.8031109818182447,UP,UP,0.5024973632988344,True
2026-02-11,Sun Pharma,0.2220822209306527,UP,UP,0.5041817174548168,True
2026-02-11,TCS,-5.488347944601612,DOWN,UP,0.5792719062548948,False
2026-02-11,Tata Steel,0.250495824285557,UP,UP,0.5158590397114532,True
2026-02-11,Wipro,-4.6690726432836005,DOWN,UP,0.551785491184619,False
2026-02-12,Axis Bank,-0.5746232217817115,DOWN,UP,0.5201990543061055,False
2026-02-12,Bharti Airtel,-0.4864754940742122,DOWN,UP,0.5037078907105448,False
2026-02-12,Dr Reddy's,-0.5333789864228944,DOWN,DOWN,0.49916034764418593,True
2026-02-12,HCLTech,-1.4158949095413598,DOWN,UP,0.5815209560785044,False
2026-02-12,HDFC Bank,-1.8140290696017192,DOWN,UP,0.5115195476901381,False
2026-02-12,Hindustan Unilever,-4.336639503568895,DOWN,UP,0.5725366031905367,False
2026-02-12,ICICI Bank,-1.0769247842001728,DOWN,UP,0.5064192698075937,False
2026-02-12,ITC,-1.1655416805018803,DOWN,UP,0.5581028005910866,False
2026-02-12,Infosys,-1.2193379808125848,DOWN,UP,0.6006659327652116,False
2026-02-12,M&M,-1.6615232999337204,DOWN,DOWN,0.4970613969752042,True
2026-02-12,Maruti Suzuki,-0.5807125146809367,DOWN,DOWN,0.3891806172435429,True
2026-02-12,NTPC,-1.4256619144602856,DOWN,DOWN,0.4914256205460405,True
2026-02-12,ONGC,-3.238650989455283,DOWN,UP,0.5007422655651014,False
2026-02-12,Reliance,-2.022227091891593,DOWN,UP,0.5270740079128082,False
2026-02-12,SBI,0.5199556394609672,UP,DOWN,0.48557749902906333,False
2026-02-12,Sun Pharma,-1.0146378311474802,DOWN,DOWN,0.49993808266466816,True
2026-02-12,TCS,-2.1053832380035886,DOWN,UP,0.6140981614054429,False
2026-02-12,Tata Steel,-2.368943308880622,DOWN,UP,0.5025661101187933,False
2026-02-12,Wipro,-2.277709262122485,DOWN,UP,0.6047717209422026,False
2026-02-13,Axis Bank,1.9515123506052,UP,UP,0.5241005117171338,True
2026-02-13,Bharti Airtel,1.232108237831242,UP,UP,0.506722987145436,True
2026-02-13,Dr Reddy's,0.1025194269500984,UP,UP,0.5120289495455553,True
2026-02-13,HCLTech,0.4535526304089599,UP,UP,0.5408367669593023,True
2026-02-13,HDFC Bank,2.422830267440545,UP,UP,0.5158438361532988,True
2026-02-13,Hindustan Unilever,0.5986486691147874,UP,UP,0.5398470379410388,True
2026-02-13,ICICI Bank,-0.2120740882069816,DOWN,UP,0.5006096462711398,False
2026-02-13,ITC,1.3386493090139506,UP,UP,0.5521920902850176,True
2026-02-13,Infosys,-0.2556423973714583,DOWN,UP,0.5216842798792038,False
2026-02-13,M&M,-0.6707406981065089,DOWN,DOWN,0.46801490962990255,True
2026-02-13,Maruti Suzuki,-1.2207127387280914,DOWN,DOWN,0.39773587228227875,True
2026-02-13,NTPC,1.6804424527591344,UP,DOWN,0.49995597022642835,False
2026-02-13,ONGC,1.551979802247461,UP,DOWN,0.49656829590210666,False
2026-02-13,Reliance,1.2327416385575107,UP,UP,0.5303939987823213,True
2026-02-13,SBI,0.7925913727268252,UP,DOWN,0.4974146417048967,False
2026-02-13,Sun Pharma,0.1767304860088359,UP,UP,0.5088998052075946,True
2026-02-13,TCS,0.5348839887656442,UP,UP,0.5245798248703362,True
2026-02-13,Tata Steel,1.2944211918587856,UP,DOWN,0.49968376113769875,False
2026-02-13,Wipro,-0.3876882830829209,DOWN,UP,0.5220372238741813,False
2026-02-16,Axis Bank,-0.0809907691013522,DOWN,DOWN,0.4757787234062228,True
2026-02-16,Bharti Airtel,-0.4484071881572404,DOWN,UP,0.5018248893131475,False
2026-02-16,Dr Reddy's,1.2131734770661318,UP,DOWN,0.4715463503018954,False
2026-02-16,HCLTech,1.4228982120015,UP,UP,0.5283840942213743,True
2026-02-16,HDFC Bank,-0.0107988320647733,DOWN,UP,0.5061395617545744,False
2026-02-16,Hindustan Unilever,-0.2889155313443248,DOWN,UP,0.5013684785519034,False
2026-02-16,ICICI Bank,-0.2904488280566664,DOWN,DOWN,0.48914754900570767,True
2026-02-16,ITC,2.358861365640208,UP,UP,0.5376407027842192,True
2026-02-16,Infosys,1.874632106298435,UP,UP,0.5748084955854345,True
2026-02-16,M&M,-0.5840955148646021,DOWN,DOWN,0.498554495048874,True
2026-02-16,Maruti Suzuki,0.8504418311075623,UP,DOWN,0.4039450714416524,False
2026-02-16,NTPC,-0.1896538053253071,DOWN,DOWN,0.4681342319374136,True
2026-02-16,ONGC,0.110483639857728,UP,DOWN,0.45484305733096286,False
2026-02-16,Reliance,-0.9811408966302836,DOWN,UP,0.5004089786665312,False
2026-02-16,SBI,0.4387094557761539,UP,DOWN,0.4445328165104465,False
2026-02-16,Sun Pharma,0.9761820397493404,UP,UP,0.5002034616918786,True
2026-02-16,TCS,0.3990173759637505,UP,UP,0.5634340149812321,True
2026-02-16,Tata Steel,-1.3264640979172015,DOWN,DOWN,0.4409326584595409,True
2026-02-16,Wipro,1.139457937335897,UP,UP,0.5495745253355724,True
2026-02-17,Axis Bank,1.45888959184155,UP,DOWN,0.4782463451717123,False
2026-02-17,Bharti Airtel,0.0742463972551954,UP,UP,0.5160403489217771,True
2026-02-17,Dr Reddy's,-0.3502490526914648,DOWN,DOWN,0.48405472999387766,True
2026-02-17,HCLTech,-1.0387174334045346,DOWN,UP,0.5613660625282686,False
2026-02-17,HDFC Bank,-0.1080263570069295,DOWN,UP,0.5168546074387934,False
2026-02-17,Hindustan Unilever,0.4843640935591864,UP,UP,0.5013129830189487,True
2026-02-17,ICICI Bank,0.0497301010213169,UP,DOWN,0.49985507580865024,False
2026-02-17,ITC,2.15086794820798,UP,UP,0.5425111896923083,True
2026-02-17,Infosys,-1.2579068871630517,DOWN,UP,0.5858356410878923,False
2026-02-17,M&M,1.183653829132214,UP,DOWN,0.49914618895271873,False
2026-02-17,Maruti Suzuki,-0.0988207391791284,DOWN,DOWN,0.446342537606664,True
2026-02-17,NTPC,0.0,DOWN,DOWN,0.4767181127671967,True
2026-02-17,ONGC,-2.6669118400679093,DOWN,DOWN,0.4638359114959151,True
2026-02-17,Reliance,1.286018891646168,UP,UP,0.5140703643983142,True
2026-02-17,SBI,0.4532717891328364,UP,DOWN,0.45542060736398876,False
2026-02-17,Sun Pharma,0.4251382523975611,UP,DOWN,0.4745679480573066,False
2026-02-17,TCS,-0.8279973801645357,DOWN,UP,0.5819917509487083,False
2026-02-17,Tata Steel,2.9298783211515245,UP,DOWN,0.4702087754676529,False
2026-02-17,Wipro,-1.7339725767679282,DOWN,UP,0.5466468459821321,False
2026-02-18,Axis Bank,-1.4814832544707723,DOWN,DOWN,0.47804672973315043,True
2026-02-18,Bharti Airtel,-1.6421046809960815,DOWN,UP,0.5053235421279044,False
2026-02-18,Dr Reddy's,0.1562133815296462,UP,DOWN,0.49629449324465025,False
2026-02-18,HCLTech,-1.145033214075164,DOWN,UP,0.5652534344692086,False
2026-02-18,HDFC Bank,-0.98410689963917,DOWN,UP,0.5232207031959423,False
2026-02-18,Hindustan Unilever,-1.9023004593016977,DOWN,UP,0.5151891080381987,False
2026-02-18,ICICI Bank,-1.377638333789588,DOWN,DOWN,0.48954466409367453,True
2026-02-18,ITC,-1.940144975243541,DOWN,UP,0.53246602022293,False
2026-02-18,Infosys,-0.2329439677962508,DOWN,UP,0.578167019247762,False
2026-02-18,M&M,-2.795636628575981,DOWN,DOWN,0.49601512513015866,True
2026-02-18,Maruti Suzuki,-1.721181746241096,DOWN,DOWN,0.4640877958522773,True
2026-02-18,NTPC,-1.4115042821944757,DOWN,DOWN,0.4783196268136969,True
2026-02-18,ONGC,3.7981812400401216,UP,DOWN,0.4576205977534384,False
2026-02-18,Reliance,-2.206344810296834,DOWN,UP,0.5050246372734664,False
2026-02-18,SBI,-1.0829496248909276,DOWN,DOWN,0.4491802685977598,True
2026-02-18,Sun Pharma,-0.6379030297066768,DOWN,DOWN,0.49492081925689635,True
2026-02-18,TCS,-0.6308212036081562,DOWN,UP,0.5691196293323214,False
2026-02-18,Tata Steel,-1.7318065054431453,DOWN,DOWN,0.44417602707198883,True
2026-02-18,Wipro,-0.3491343453784989,DOWN,UP,0.5697695915982148,False
2026-02-19,Axis Bank,0.8624556577287334,UP,DOWN,0.49691359405404334,False
2026-02-19,Bharti Airtel,-0.5632078502150639,DOWN,UP,0.5402397263726966,False
2026-02-19,Dr Reddy's,-0.1481731530618701,DOWN,UP,0.5080177384404786,False
2026-02-19,HCLTech,-0.9583579826315748,DOWN,UP,0.5897435727901803,False
2026-02-19,HDFC Bank,-0.4095675076443927,DOWN,UP,0.5457011397198624,False
2026-02-19,Hindustan Unilever,1.5443316113634475,UP,UP,0.5509737505658311,True
2026-02-19,ICICI Bank,0.4104227370012481,UP,UP,0.5228631662051925,True
2026-02-19,ITC,0.3067484662576669,UP,UP,0.5786678083885448,True
2026-02-19,Infosys,-1.2623165872400532,DOWN,UP,0.5919309151687083,False
2026-02-19,M&M,-0.5536453094488469,DOWN,UP,0.5359548638369314,False
2026-02-19,Maruti Suzuki,0.4965443199355768,UP,DOWN,0.44699383696089146,False
2026-02-19,NTPC,2.6844712754145794,UP,DOWN,0.49404119717484035,False
2026-02-19,ONGC,1.456399085706006,UP,DOWN,0.4704483338309736,False
2026-02-19,Reliance,0.7023784614446527,UP,UP,0.5506008467925134,True
2026-02-19,SBI,0.8625715215426766,UP,DOWN,0.47453948634067517,False
2026-02-19,Sun Pharma,0.6419983566745779,UP,DOWN,0.4971954649112267,False
2026-02-19,TCS,0.3099461940627712,UP,UP,0.5779527444372625,True
2026-02-19,Tata Steel,1.436150574776729,UP,UP,0.5064096075524033,True
2026-02-19,Wipro,-0.6391771509881572,DOWN,UP,0.5856815502262531,False
2026-02-20,Axis Bank,1.3447271568475472,UP,DOWN,0.48616144143725143,False
2026-02-20,Bharti Airtel,1.006373225870627,UP,UP,0.5004901277950087,True
2026-02-20,Dr Reddy's,2.1087159860337934,UP,UP,0.5043992150995615,True
2026-02-20,HCLTech,-0.7170239351287799,DOWN,UP,0.5644108871603306,False
2026-02-20,HDFC Bank,1.2885891664853766,UP,UP,0.5237288731354072,True
2026-02-20,Hindustan Unilever,1.3350573490494622,UP,UP,0.5391330591503469,True
2026-02-20,ICICI Bank,0.3513821738302169,UP,DOWN,0.49246382778299563,False
2026-02-20,ITC,-0.4892985026041629,DOWN,UP,0.5344213307283364,False
2026-02-20,Infosys,-1.8991983519966005,DOWN,UP,0.574634412840307,False
2026-02-20,M&M,1.0050412663321184,UP,UP,0.5155248643612904,True
2026-02-20,Maruti Suzuki,0.6343059357681868,UP,UP,0.5000434788687302,True
2026-02-20,NTPC,0.6703311216443186,UP,DOWN,0.4903575964319097,False
2026-02-20,ONGC,-1.076619438618931,DOWN,DOWN,0.4860734792938436,True
2026-02-20,Reliance,0.6058880821484758,UP,UP,0.5177960407777451,True
2026-02-20,SBI,0.962097975254883,UP,DOWN,0.45593719571502317,False
2026-02-20,Sun Pharma,0.4581317734988266,UP,DOWN,0.4876329597743998,False
2026-02-20,TCS,-0.3685467397701036,DOWN,UP,0.5517101461587633,False
2026-02-20,Tata Steel,-0.1055870704831596,DOWN,DOWN,0.4888621680903116,True
2026-02-20,Wipro,-1.891737924881776,DOWN,UP,0.5678806476760075,False
2026-02-23,Axis Bank,0.0649040488753138,UP,DOWN,0.48555712044249966,False
2026-02-23,Bharti Airtel,-2.818807763067843,DOWN,DOWN,0.4954786808780009,True
2026-02-23,Dr Reddy's,-0.5507169273164414,DOWN,DOWN,0.4948695229264462,True
2026-02-23,HCLTech,-6.100126418354879,DOWN,UP,0.5662606122270655,False
2026-02-23,HDFC Bank,-1.4183603218078211,DOWN,UP,0.5086344233588632,False
2026-02-23,Hindustan Unilever,0.5628121370393702,UP,UP,0.5234181583389667,True
2026-02-23,ICICI Bank,-1.0433025104491178,DOWN,DOWN,0.4930741314482074,True
2026-02-23,ITC,-0.5838948777266428,DOWN,UP,0.5348901811216323,False
2026-02-23,Infosys,-3.917137476459509,DOWN,UP,0.5893809084247198,False
2026-02-23,M&M,-0.403241742060989,DOWN,DOWN,0.4987727355149275,True
2026-02-23,Maruti Suzuki,-0.9686836518046692,DOWN,DOWN,0.4493467443578935,True
2026-02-23,NTPC,1.9443301519839415,UP,DOWN,0.4771825534445784,False
2026-02-23,ONGC,0.3083642743829884,UP,UP,0.5187202473023307,True
2026-02-23,Reliance,0.0560258283000658,UP,UP,0.5126954688384123,True
2026-02-23,SBI,-0.3665091888777061,DOWN,DOWN,0.4375387801139174,True
2026-02-23,Sun Pharma,-0.0288633600361687,DOWN,DOWN,0.49079672897203974,True
2026-02-23,TCS,-3.8336545149777024,DOWN,UP,0.562939724404087,False
2026-02-23,Tata Steel,0.4756440357774449,UP,DOWN,0.49824655465067286,False
2026-02-23,Wipro,-2.792753420295113,DOWN,UP,0.6001676466849981,False
2026-02-24,Axis Bank,1.1098317011399184,UP,UP,0.5017183219116019,True
2026-02-24,Bharti Airtel,-1.4219461919596887,DOWN,UP,0.5488595940262057,False
2026-02-24,Dr Reddy's,0.4845446134993825,UP,DOWN,0.489875053154956,False
2026-02-24,HCLTech,2.912186486108581,UP,UP,0.6382485461204473,True
2026-02-24,HDFC Bank,-0.3185089966021293,DOWN,UP,0.5353036102930476,False
2026-02-24,Hindustan Unilever,0.6910796240404249,UP,UP,0.5281483024965857,True
2026-02-24,ICICI Bank,1.1337341578779414,UP,UP,0.5068329844210453,True
2026-02-24,ITC,-1.1591962905718731,DOWN,UP,0.5222550164169582,False
2026-02-24,Infosys,1.1446472431154486,UP,UP,0.5828649114088759,True
2026-02-24,M&M,1.692301598583512,UP,DOWN,0.49936147723706403,False
2026-02-24,Maruti Suzuki,0.96475948010184,UP,DOWN,0.43768169767883897,False
2026-02-24,NTPC,0.5617227685132287,UP,DOWN,0.4804043822508996,False
2026-02-24,ONGC,0.3435848850022571,UP,DOWN,0.4873710357971071,False
2026-02-24,Reliance,-2.12066403923884,DOWN,UP,0.5215685769116261,False
2026-02-24,SBI,-1.8965153532375267,DOWN,DOWN,0.4557779836490957,True
2026-02-24,Sun Pharma,1.870880091825522,UP,DOWN,0.4939101346589492,False
2026-02-24,TCS,2.160317780281029,UP,UP,0.5746393644815097,True
2026-02-24,Tata Steel,2.634722124127298,UP,DOWN,0.4861679300475077,False
2026-02-24,Wipro,0.8893768285825887,UP,UP,0.5707266276196521,True
2026-02-25,Axis Bank,-0.5345687811831756,DOWN,DOWN,0.47872458463468975,True
2026-02-25,Bharti Airtel,0.8466578324015428,UP,UP,0.5314019967441299,True
2026-02-25,Dr Reddy's,0.9797205379353136,UP,DOWN,0.4896356758368676,False
2026-02-25,HCLTech,-0.3410209939333275,DOWN,UP,0.5613278326912682,False
2026-02-25,HDFC Bank,-0.9916262937523568,DOWN,UP,0.5149507898182247,False
2026-02-25,Hindustan Unilever,0.3537052856874112,UP,UP,0.529489498416827,True
2026-02-25,ICICI Bank,0.3141752526999219,UP,DOWN,0.49152865957434,False
2026-02-25,ITC,-0.4534830983678684,DOWN,UP,0.5372017480295835,False
2026-02-25,Infosys,-0.0775133725233856,DOWN,UP,0.5683552674947012,False
2026-02-25,M&M,-0.1919041926552234,DOWN,UP,0.5101700857033461,False
2026-02-25,Maruti Suzuki,0.948905109489062,UP,DOWN,0.4669799986562595,False
2026-02-25,NTPC,-0.7794232391717948,DOWN,DOWN,0.48212702395982104,True
2026-02-25,ONGC,0.9551248080345908,UP,UP,0.5046412662714377,True
2026-02-25,Reliance,0.593496519708614,UP,UP,0.5475871503945529,True
2026-02-25,SBI,0.7832701112649332,UP,DOWN,0.4682142011455965,False
2026-02-25,Sun Pharma,1.2186827227672614,UP,DOWN,0.4854298201190773,False
2026-02-25,TCS,0.6998023048738977,UP,UP,0.5511919970138897,True
2026-02-25,Tata Steel,0.4099910945372986,UP,DOWN,0.466126189413078,False
2026-02-25,Wipro,-0.4160045292729286,DOWN,UP,0.566580017800841,False
2026-02-26,Axis Bank,-0.8312415324928324,DOWN,UP,0.5013751662661442,False
2026-02-26,Bharti Airtel,-2.606754114543264,DOWN,DOWN,0.49869467277540264,True
2026-02-26,Dr Reddy's,-2.501326368426382,DOWN,DOWN,0.48161500813839814,True
2026-02-26,HCLTech,1.1357827146659891,UP,UP,0.5699664320603691,True
2026-02-26,HDFC Bank,-1.2074311017939543,DOWN,UP,0.5248846422303305,False
2026-02-26,Hindustan Unilever,-1.8965279337823997,DOWN,UP,0.5266632380072429,False
2026-02-26,ICICI Bank,-1.8506654956350843,DOWN,DOWN,0.49683495335611744,True
2026-02-26,ITC,-1.4765887118129983,DOWN,UP,0.5182242310544514,False
2026-02-26,Infosys,0.8533085259737172,UP,UP,0.5611430886359129,True
2026-02-26,M&M,-2.502444839255757,DOWN,UP,0.5104079289399434,False
2026-02-26,Maruti Suzuki,-2.340103858542042,DOWN,DOWN,0.43868044659856265,True
2026-02-26,NTPC,0.0,DOWN,UP,0.5128179510248504,False
2026-02-26,ONGC,-0.1428039585035012,DOWN,DOWN,0.4951414350468188,True
2026-02-26,Reliance,-0.9169763979471224,DOWN,UP,0.5174561541461564,False
2026-02-26,SBI,-0.6448986215894958,DOWN,DOWN,0.4457632458513431,True
2026-02-26,Sun Pharma,-2.7272191579506666,DOWN,DOWN,0.499782281134572,True
2026-02-26,TCS,-0.3890187339228634,DOWN,UP,0.5349732706914804,False
2026-02-26,Tata Steel,-1.4801421576502105,DOWN,DOWN,0.4975499173607536,True
2026-02-26,Wipro,-0.0596753113660253,DOWN,UP,0.5783469942089072,False
2026-02-27,Axis Bank,-0.8382090744487813,DOWN,DOWN,0.47986271544408776,True
2026-02-27,Bharti Airtel,-0.3245941306740163,DOWN,UP,0.5253346265493425,False
2026-02-27,Dr Reddy's,0.6297112087741086,UP,UP,0.5263512557549079,True
2026-02-27,HCLTech,-1.3030002090600237,DOWN,UP,0.6036479265866802,False
2026-02-27,HDFC Bank,-0.9405773681709362,DOWN,UP,0.5183515850151097,False
2026-02-27,Hindustan Unilever,-0.748470949449187,DOWN,UP,0.5164768067973114,False
2026-02-27,ICICI Bank,-0.3553574825806982,DOWN,UP,0.5105395566724878,False
2026-02-27,ITC,0.4145369157102729,UP,UP,0.5203696651884896,True
2026-02-27,Infosys,-0.8614684549030471,DOWN,UP,0.5925863302619883,False
2026-02-27,M&M,-1.857298384923556,DOWN,UP,0.5286458554034602,False
2026-02-27,Maruti Suzuki,-3.1567611227031,DOWN,DOWN,0.41521820151356487,True
2026-02-27,NTPC,-1.1390432503370684,DOWN,DOWN,0.4797457798401619,True
2026-02-27,ONGC,0.8938147625640935,UP,DOWN,0.47481217568197615,False
2026-02-27,Reliance,-2.575509275075405,DOWN,UP,0.5079264753141824,False
2026-02-27,SBI,-0.981936193498667,DOWN,DOWN,0.44736476183236396,True
2026-02-27,Sun Pharma,0.892343120322403,UP,UP,0.5282411329675276,True
2026-02-27,TCS,-0.9061918263707835,DOWN,UP,0.5577720890130455,False
2026-02-27,Tata Steel,-0.6216772537255388,DOWN,UP,0.504088935845695,False
2026-02-27,Wipro,-1.189291057822961,DOWN,UP,0.5783380661083144,False
2026-03-02,Axis Bank,-1.5302775816362413,DOWN,DOWN,0.4802633015418541,True
2026-03-02,Bharti Airtel,1.745679804322564,UP,UP,0.5008250072195664,True
2026-03-02,Dr Reddy's,-0.2472244423539882,DOWN,DOWN,0.4852321109100696,True
2026-03-02,HCLTech,-0.5105762217359588,DOWN,UP,0.5389380936410074,False
2026-03-02,HDFC Bank,-1.222424346322104,DOWN,DOWN,0.49063483013153,True
2026-03-02,Hindustan Unilever,-2.5553756068534383,DOWN,DOWN,0.48692355170634305,True
2026-03-02,ICICI Bank,-0.625907975686868,DOWN,DOWN,0.4789510074728982,True
2026-03-02,ITC,-0.9367995384664484,DOWN,DOWN,0.4947629604178393,True
2026-03-02,Infosys,1.435332426842817,UP,UP,0.5527366874288419,True
2026-03-02,M&M,-2.0993911458149106,DOWN,DOWN,0.48523909608520854,True
2026-03-02,Maruti Suzuki,-1.598554350847925,DOWN,DOWN,0.4302846356130285,True
2026-03-02,NTPC,-3.11217067405738,DOWN,DOWN,0.45285300120607314,True
2026-03-02,ONGC,-1.8603826268258403,DOWN,UP,0.5287999620731072,False
2026-03-02,Reliance,-0.9572901325478612,DOWN,UP,0.5312736381088544,False
2026-03-02,SBI,-1.2942284307999596,DOWN,DOWN,0.45351416069872685,True
2026-03-02,Sun Pharma,-0.1141226818830221,DOWN,DOWN,0.48072766404655826,True
2026-03-02,TCS,-0.9833537850344354,DOWN,UP,0.5061655615450307,False
2026-03-02,Tata Steel,-6.767451377206846,DOWN,DOWN,0.4653352274540497,True
2026-03-02,Wipro,-1.5208763464111483,DOWN,UP,0.5446957250067788,False
2026-03-04,Axis Bank,-0.1628116008798641,DOWN,DOWN,0.48449128587909057,True
2026-03-04,Bharti Airtel,0.0577142332675917,UP,UP,0.5331394097445517,True
2026-03-04,Dr Reddy's,1.7270794355193295,UP,DOWN,0.4869979669224027,False
2026-03-04,HCLTech,-0.725808241500181,DOWN,UP,0.5801909903529655,False
2026-03-04,HDFC Bank,1.047599761719442,UP,DOWN,0.482823635246832,False
2026-03-04,Hindustan Unilever,-0.2786029581253402,DOWN,UP,0.50929236828894,False
2026-03-04,ICICI Bank,-0.5712647347777988,DOWN,DOWN,0.47437965389338854,True
2026-03-04,ITC,-0.1442577943329581,DOWN,UP,0.5038112473479694,False
2026-03-04,Infosys,-0.1223784271118244,DOWN,UP,0.5644572798893174,False
2026-03-04,M&M,2.564101029925947,UP,DOWN,0.49598092791759746,False
2026-03-04,Maruti Suzuki,1.8152281395677368,UP,DOWN,0.4774284939416301,False
2026-03-04,NTPC,3.3488246060120463,UP,DOWN,0.49355336260435806,False
2026-03-04,ONGC,-0.2166477981835557,DOWN,UP,0.519071813576054,False
2026-03-04,Reliance,3.301117056807623,UP,UP,0.5003571385573035,True
2026-03-04,SBI,-0.4257130693912314,DOWN,DOWN,0.45272892066478587,True
2026-03-04,Sun Pharma,1.942302199371615,UP,DOWN,0.4815929341411217,False
2026-03-04,TCS,-0.3477857574071707,DOWN,UP,0.543720425837657,False
2026-03-04,Tata Steel,1.951919727583351,UP,UP,0.5526452405890556,True
2026-03-04,Wipro,0.0664738542545784,UP,UP,0.5708318407603449,True
2026-03-05,Axis Bank,-2.468306823840072,DOWN,DOWN,0.49544138634262996,True
2026-03-05,Bharti Airtel,-1.8982669728303647,DOWN,UP,0.5362265338405477,False
2026-03-05,Dr Reddy's,-0.7384812464312884,DOWN,DOWN,0.4875993301715408,True
2026-03-05,HCLTech,0.1920076532615278,UP,UP,0.5964516731187536,True
2026-03-05,HDFC Bank,-2.358303868644973,DOWN,UP,0.5137687449138019,False
2026-03-05,Hindustan Unilever,-1.2993369768569796,DOWN,UP,0.5164974330061332,False
2026-03-05,ICICI Bank,-3.2557418950157517,DOWN,UP,0.5025174672341326,False
2026-03-05,ITC,-0.5778451983848298,DOWN,UP,0.5167559651986615,False
2026-03-05,Infosys,0.1991097785813966,UP,UP,0.5807053252210456,True
2026-03-05,M&M,-0.462962962962965,DOWN,UP,0.5146655499233252,False
2026-03-05,Maruti Suzuki,-1.7759278529309697,DOWN,UP,0.5661875538206894,False
2026-03-05,NTPC,0.6745188183799877,UP,DOWN,0.4668799711954522,False
2026-03-05,ONGC,0.9408380843464624,UP,DOWN,0.4826028692259116,False
2026-03-05,Reliance,1.1083938493924306,UP,UP,0.5121530961585703,True
2026-03-05,SBI,-2.26592560923472,DOWN,DOWN,0.4846919133171027,True
2026-03-05,Sun Pharma,0.8349691462069098,UP,DOWN,0.4911922340285147,False
2026-03-05,TCS,-0.8220858837624467,DOWN,UP,0.5457502347723165,False
2026-03-05,Tata Steel,-1.052002060777102,DOWN,DOWN,0.4716723499000228,True
2026-03-05,Wipro,-0.1430901419547603,DOWN,UP,0.563756634799013,False
2026-03-06,Axis Bank,-2.0899832025764065,DOWN,UP,0.5243659932935717,False
2026-03-06,Bharti Airtel,-0.2191627939510887,DOWN,UP,0.5398054536116605,False
2026-03-06,Dr Reddy's,-1.288544884104359,DOWN,UP,0.5060585441672291,False
2026-03-06,HCLTech,0.1400475036813731,UP,UP,0.5714661947692767,True
2026-03-06,HDFC Bank,-1.907703846778075,DOWN,UP,0.5309293278985127,False
2026-03-06,Hindustan Unilever,-1.3973066539921697,DOWN,UP,0.5105605995949393,False
2026-03-06,ICICI Bank,-2.664839298721222,DOWN,UP,0.5198685746371717,False
2026-03-06,ITC,-1.1947084472692326,DOWN,UP,0.5062450766414913,False
2026-03-06,Infosys,0.5044310197787727,UP,UP,0.5639031797001097,True
2026-03-06,M&M,-4.348084091335336,DOWN,UP,0.5058554389718425,False
2026-03-06,Maruti Suzuki,-4.597782329260536,DOWN,UP,0.5144528924933488,False
2026-03-06,NTPC,-1.1429337976238796,DOWN,DOWN,0.4843687308497181,True
2026-03-06,ONGC,-2.9216791745517834,DOWN,DOWN,0.4812171226630193,True
2026-03-06,Reliance,1.3667390734995788,UP,UP,0.5278848863008985,True
2026-03-06,SBI,-3.8932633420822422,DOWN,DOWN,0.48911631309289694,True
2026-03-06,Sun Pharma,0.4445926359595953,UP,DOWN,0.49260915432663377,False
2026-03-06,TCS,-1.1808020863064206,DOWN,UP,0.5433460696109157,False
2026-03-06,Tata Steel,-3.753911092914741,DOWN,DOWN,0.49449265005918336,True
2026-03-06,Wipro,1.714435111646062,UP,UP,0.5638179200006638,True
2026-03-09,Axis Bank,2.049204482120759,UP,DOWN,0.4887214165321406,False
2026-03-09,Bharti Airtel,-0.873194792102483,DOWN,UP,0.5130850703139338,False
2026-03-09,Dr Reddy's,2.144520247547588,UP,UP,0.5106703503563382,True
2026-03-09,HCLTech,0.2134568280712567,UP,UP,0.5509366178297443,True
2026-03-09,HDFC Bank,1.0407993187759423,UP,DOWN,0.49728775065324504,False
2026-03-09,Hindustan Unilever,-0.2004987828568061,DOWN,UP,0.512469481010927,False
2026-03-09,ICICI Bank,2.620463028804632,UP,DOWN,0.4996633575131678,False
2026-03-09,ITC,0.996728036917882,UP,UP,0.509794944463211,True
2026-03-09,Infosys,-1.475287027685357,DOWN,UP,0.5434717617433436,False
2026-03-09,M&M,3.328518329311048,UP,UP,0.5477105428611045,True
2026-03-09,Maruti Suzuki,2.6576843352087653,UP,DOWN,0.48763904568943084,False
2026-03-09,NTPC,0.2790665230481881,UP,DOWN,0.48804677855352957,False
2026-03-09,ONGC,-0.5908329608791174,DOWN,UP,0.5711212811505438,False
2026-03-09,Reliance,-1.0674123013957204,DOWN,UP,0.5149989471001621,False
2026-03-09,SBI,1.247150766670457,UP,UP,0.5043219173513398,True
2026-03-09,Sun Pharma,0.298773063025326,UP,DOWN,0.4953222020167941,False
2026-03-09,TCS,-0.5657911387208392,DOWN,UP,0.5312409294884243,False
2026-03-09,Tata Steel,2.08889880525136,UP,UP,0.5338527779286033,True
2026-03-09,Wipro,1.0968516607704482,UP,UP,0.5627623109069334,True
2026-03-10,Axis Bank,-4.480102269057573,DOWN,UP,0.5000523434685312,False
2026-03-10,Bharti Airtel,-2.34544011248623,DOWN,UP,0.5468948376591348,False
2026-03-10,Dr Reddy's,0.8291514237404485,UP,UP,0.5004837397204192,True
2026-03-10,HCLTech,-0.8226185216213766,DOWN,UP,0.5614528445677767,False
2026-03-10,HDFC Bank,-1.8247100803175045,DOWN,UP,0.516564236690245,False
2026-03-10,Hindustan Unilever,-1.314950665244763,DOWN,UP,0.5347655730126383,False
2026-03-10,ICICI Bank,-1.3187017688982672,DOWN,UP,0.5104516407550305,False
2026-03-10,ITC,-0.0161746626575642,DOWN,UP,0.5214306741299776,False
2026-03-10,Infosys,-1.4896516765588896,DOWN,UP,0.5712436304864184,False
2026-03-10,M&M,-3.810304577238377,DOWN,UP,0.5539296763059984,False
2026-03-10,Maruti Suzuki,-2.668205091223763,DOWN,UP,0.5729754356645792,False
2026-03-10,NTPC,0.6891084515333379,UP,UP,0.5299067239440617,True
2026-03-10,ONGC,0.5757755284857557,UP,DOWN,0.482165005893252,False
2026-03-10,Reliance,-1.3202794585166266,DOWN,UP,0.5528035746821672,False
2026-03-10,SBI,-1.897138690188338,DOWN,DOWN,0.4929866681841177,True
2026-03-10,Sun Pharma,0.7226376452497352,UP,DOWN,0.49828329295055457,False
2026-03-10,TCS,-1.91795763954854,DOWN,UP,0.5474323610477173,False
2026-03-10,Tata Steel,-0.1333305163261022,DOWN,UP,0.5166362121376558,False
2026-03-10,Wipro,0.6469930319737971,UP,UP,0.5656583649999813,True
2026-03-11,Axis Bank,-1.6961337792590123,DOWN,UP,0.573897454935703,False
2026-03-11,Bharti Airtel,-0.3154372535625338,DOWN,UP,0.5377543203432898,False
2026-03-11,Dr Reddy's,-0.4903809883063048,DOWN,UP,0.5006464232507141,False
2026-03-11,HCLTech,0.5776439662119381,UP,UP,0.542474579717007,True
2026-03-11,HDFC Bank,-0.1438949804503764,DOWN,UP,0.5355577136477736,False
2026-03-11,Hindustan Unilever,-1.133524618624859,DOWN,UP,0.5340570879909665,False
2026-03-11,ICICI Bank,-2.1705527665578206,DOWN,UP,0.5259358299945617,False
2026-03-11,ITC,-1.585758542551574,DOWN,UP,0.5085723006781082,False
2026-03-11,Infosys,-0.822690558512551,DOWN,UP,0.529572480462021,False
2026-03-11,M&M,-4.324222022329294,DOWN,UP,0.5711877531515323,False
2026-03-11,Maruti Suzuki,-3.600800177817298,DOWN,DOWN,0.4731269247817202,True
2026-03-11,NTPC,2.8033677461406725,UP,UP,0.5116776179858704,True
2026-03-11,ONGC,-0.0738733913319467,DOWN,DOWN,0.48005974609064356,True
2026-03-11,Reliance,0.1438641972555165,UP,UP,0.5698977785201638,True
2026-03-11,SBI,-0.5407409537237062,DOWN,UP,0.5272644644317338,False
2026-03-11,Sun Pharma,-0.0328591696103441,DOWN,DOWN,0.49957695335463,True
2026-03-11,TCS,-0.912815971902381,DOWN,UP,0.5324892280731734,False
2026-03-11,Tata Steel,-0.65215376226615,DOWN,UP,0.5703531374875714,False
2026-03-11,Wipro,0.1384556125265446,UP,UP,0.5717294087534869,True
2026-03-12,Axis Bank,-3.013361779819768,DOWN,UP,0.5312408616056399,False
2026-03-12,Bharti Airtel,0.1165811096992763,UP,UP,0.5165911304294669,True
2026-03-12,Dr Reddy's,-2.0242571017342725,DOWN,UP,0.5122526135124806,False
2026-03-12,HCLTech,-2.407772016766807,DOWN,UP,0.51868376629032,False
2026-03-12,HDFC Bank,-1.8913239267487223,DOWN,UP,0.502712135169998,False
2026-03-12,Hindustan Unilever,1.081009813838918,UP,UP,0.5426023255116575,True
2026-03-12,ICICI Bank,-0.9238019085570426,DOWN,UP,0.5415687187742749,False
2026-03-12,ITC,-0.8714218491604808,DOWN,UP,0.5242915093473862,False
2026-03-12,Infosys,-1.3825248321171602,DOWN,UP,0.5222513570078292,False
2026-03-12,M&M,-3.302317733177784,DOWN,UP,0.5771638598071838,False
2026-03-12,Maruti Suzuki,-3.2280378141572474,DOWN,UP,0.5346597082974075,False
2026-03-12,NTPC,-1.5618936823961982,DOWN,UP,0.5059920558852126,False
2026-03-12,ONGC,-2.384025866003292,DOWN,UP,0.5032377061728024,False
2026-03-12,Reliance,-0.8260307716804527,DOWN,UP,0.5165982531927058,False
2026-03-12,SBI,-3.5200841218822387,DOWN,UP,0.516293730715925,False
2026-03-12,Sun Pharma,-1.2984206765021211,DOWN,UP,0.500071570478933,False
2026-03-12,TCS,-1.3060884220122415,DOWN,UP,0.5187163538319768,False
2026-03-12,Tata Steel,-5.148088412169461,DOWN,UP,0.5595603666427363,False
2026-03-12,Wipro,-2.434444130911717,DOWN,UP,0.5442558454865274,False
2026-03-13,Axis Bank,1.4532616415392718,UP,UP,0.5490543484121145,True
2026-03-13,Bharti Airtel,-0.8095805361143404,DOWN,UP,0.5105558047733819,False
2026-03-13,Dr Reddy's,-1.1916756041313703,DOWN,UP,0.5227993626642723,False
2026-03-13,HCLTech,0.2414328589807945,UP,UP,0.5420609078440546,True
2026-03-13,HDFC Bank,2.888613902807524,UP,UP,0.5228217760128383,True
2026-03-13,Hindustan Unilever,0.7268495912905015,UP,UP,0.5283731306235706,True
2026-03-13,ICICI Bank,1.4424589481679906,UP,UP,0.5274936119035346,True
2026-03-13,ITC,2.2557596674763536,UP,UP,0.5138186599407211,True
2026-03-13,Infosys,0.1201634175539867,UP,UP,0.5280167186527119,True
2026-03-13,M&M,3.582272747490256,UP,UP,0.5541700079710451,True
2026-03-13,Maruti Suzuki,1.318402033198307,UP,UP,0.5405436401619834,True
2026-03-13,NTPC,-0.5332340344530895,DOWN,UP,0.5250300151168907,False
2026-03-13,ONGC,-1.382049909932126,DOWN,UP,0.5209375053896991,False
2026-03-13,Reliance,1.0429510337738757,UP,UP,0.5150160311391978,True
2026-03-13,SBI,1.8815617165114595,UP,UP,0.5528702904996206,True
2026-03-13,Sun Pharma,-1.021315756183783,DOWN,UP,0.5063481020018612,False
2026-03-13,TCS,-0.0539327454107008,DOWN,UP,0.5241379837864516,False
2026-03-13,Tata Steel,1.8691123302510213,UP,UP,0.6102963821369206,True
2026-03-13,Wipro,-1.2501271372672207,DOWN,UP,0.5756684020375097,False
2026-03-16,Axis Bank,1.1031550961317471,UP,UP,0.5449951337457412,True
2026-03-16,Bharti Airtel,2.1355070510480134,UP,UP,0.5258432545920108,True
2026-03-16,Dr Reddy's,0.5403731131752965,UP,UP,0.5138641109390265,True
2026-03-16,HCLTech,-0.5645039995347267,DOWN,UP,0.5226663328649426,False
2026-03-16,HDFC Bank,0.5650725836256365,UP,UP,0.5243825841538664,True
2026-03-16,Hindustan Unilever,-0.8043388515302508,DOWN,UP,0.5277271463442447,False
2026-03-16,ICICI Bank,1.2412543369292095,UP,UP,0.545253714793053,True
2026-03-16,ITC,-1.1029988309762762,DOWN,UP,0.5011201373703105,False
2026-03-16,Infosys,-1.352218255224813,DOWN,UP,0.5281030076388473,False
2026-03-16,M&M,3.0565462831458667,UP,UP,0.5542255524394953,True
2026-03-16,Maruti Suzuki,1.6853492200360476,UP,UP,0.5455129264946021,True
2026-03-16,NTPC,0.2484341585236471,UP,UP,0.5224744197289208,True
2026-03-16,ONGC,1.6509839091697565,UP,UP,0.5257415636635481,True
2026-03-16,Reliance,0.179198626890531,UP,UP,0.5094102630586064,True
2026-03-16,SBI,-0.1874941493906323,DOWN,UP,0.5388014454946191,False
2026-03-16,Sun Pharma,0.6280884672987597,UP,DOWN,0.49563640892909033,False
2026-03-16,TCS,-0.7263822162825395,DOWN,UP,0.5331637677896852,False
2026-03-16,Tata Steel,4.5415588549786445,UP,UP,0.5482750830886307,True
2026-03-16,Wipro,-1.9424905306118732,DOWN,UP,0.5572328221078086,False
2026-03-17,Axis Bank,2.043805560207912,UP,UP,0.5389976339450618,True
2026-03-17,Bharti Airtel,1.5544622010981168,UP,UP,0.5186797991711851,True
2026-03-17,Dr Reddy's,0.8568312495424113,UP,DOWN,0.4953109436729843,False
2026-03-17,HCLTech,2.732569544551411,UP,UP,0.5304809737780036,True
2026-03-17,HDFC Bank,-0.2720752184767638,DOWN,UP,0.5455832021302621,False
2026-03-17,Hindustan Unilever,-1.0610649088058643,DOWN,UP,0.5331520540539006,False
2026-03-17,ICICI Bank,0.0465661270262485,UP,UP,0.5402303954193994,True
2026-03-17,ITC,-0.2624301441789156,DOWN,UP,0.5356703933390015,False
2026-03-17,Infosys,2.773943587853256,UP,UP,0.5460649692486927,True
2026-03-17,M&M,2.738988078471438,UP,UP,0.5666807049762225,True
2026-03-17,Maruti Suzuki,0.5858772741288876,UP,UP,0.5651103542649077,True
2026-03-17,NTPC,-1.265163956253068,DOWN,DOWN,0.49893317692422645,True
2026-03-17,ONGC,0.0944287063267212,UP,UP,0.5006636490678571,True
2026-03-17,Reliance,0.7512879352761903,UP,UP,0.5036409738173504,True
2026-03-17,SBI,0.4790173654686924,UP,UP,0.5512607707405929,True
2026-03-17,Sun Pharma,-0.8972344720734604,DOWN,DOWN,0.48298264623058884,True
2026-03-17,TCS,2.0529371852097134,UP,UP,0.539467913398108,True
2026-03-17,Tata Steel,-0.0102282220851956,DOWN,UP,0.5420546858106441,False
2026-03-17,Wipro,1.557597539963007,UP,UP,0.5692666810185105,True
2026-03-18,Axis Bank,-3.6865586476182983,DOWN,UP,0.5607071351367442,False
2026-03-18,Bharti Airtel,-1.5306685372622697,DOWN,UP,0.5277566400494599,False
2026-03-18,Dr Reddy's,-1.5678134123100929,DOWN,DOWN,0.4897218972178713,True
2026-03-18,HCLTech,-3.345115235566387,DOWN,UP,0.5323300202324213,False
2026-03-18,HDFC Bank,-5.319966340709026,DOWN,UP,0.5629341394920118,False
2026-03-18,Hindustan Unilever,-2.7162458986422555,DOWN,UP,0.5361212925344431,False
2026-03-18,ICICI Bank,-3.0404150901737204,DOWN,UP,0.5501737809977619,False
2026-03-18,ITC,-1.989800373578132,DOWN,UP,0.5271868716673395,False
2026-03-18,Infosys,-3.654007390885028,DOWN,UP,0.5471458562109116,False
2026-03-18,M&M,-5.263491263994647,DOWN,UP,0.5686970872271674,False
2026-03-18,Maruti Suzuki,-3.441140404659715,DOWN,UP,0.5026728244016605,False
2026-03-18,NTPC,-1.1756967521878936,DOWN,UP,0.5119457372982581,False
2026-03-18,ONGC,1.54717211453419,UP,UP,0.5146339382321491,True
2026-03-18,Reliance,-1.6547068504931262,DOWN,UP,0.5044551825292292,False
2026-03-18,SBI,-1.9536383866271767,DOWN,UP,0.5491954210773438,False
2026-03-18,Sun Pharma,-1.9063163405074524,DOWN,DOWN,0.497070662984072,True
2026-03-18,TCS,-3.474272661901945,DOWN,UP,0.5396325600516046,False
2026-03-18,Tata Steel,-2.507552870090568,DOWN,UP,0.563454981187484,False
2026-03-18,Wipro,-3.031394388645248,DOWN,UP,0.5290659887197343,False
2026-03-19,Axis Bank,-0.2568331057114736,DOWN,UP,0.5829594053439688,False
2026-03-19,Bharti Airtel,1.0454283298268807,UP,UP,0.534309499286516,True
2026-03-19,Dr Reddy's,1.914478180781676,UP,UP,0.5031080709057463,True
2026-03-19,HCLTech,1.669454301615092,UP,UP,0.5553419313615512,True
2026-03-19,HDFC Bank,-2.223753411243512,DOWN,DOWN,0.4897277536890392,True
2026-03-19,Hindustan Unilever,0.2599481161518424,UP,UP,0.5345593198784095,True
2026-03-19,ICICI Bank,-0.3759660238111806,DOWN,UP,0.5715266735320971,False
2026-03-19,ITC,0.6543665124265852,UP,UP,0.5432058380907536,True
2026-03-19,Infosys,2.875161712160046,UP,UP,0.5688895882284039,True
2026-03-19,M&M,0.6797201016710108,UP,UP,0.5810200450485482,True
2026-03-19,Maruti Suzuki,0.0158742757361718,UP,DOWN,0.40419955745591,False
2026-03-19,NTPC,1.844679759188117,UP,DOWN,0.47557127460410736,False
2026-03-19,ONGC,-1.3749580539243689,DOWN,UP,0.5305977292847771,False
2026-03-19,Reliance,2.1374909403697906,UP,UP,0.5146286981689957,True
2026-03-19,SBI,0.8675732075629439,UP,UP,0.5432452633767609,True
2026-03-19,Sun Pharma,1.87456722736854,UP,DOWN,0.4933763371241693,False
2026-03-19,TCS,1.468594976920623,UP,UP,0.5573432817289492,True
2026-03-19,Tata Steel,3.285921970566364,UP,UP,0.5611927894921673,True
2026-03-19,Wipro,1.3215806942186603,UP,UP,0.5579635743984119,True
2026-03-20,Axis Bank,-2.766014465722111,DOWN,UP,0.5819965220105167,False
2026-03-20,Bharti Airtel,-2.7192433690348627,DOWN,UP,0.5247523918400989,False
2026-03-20,Dr Reddy's,-3.5106609229996533,DOWN,UP,0.5304780305920709,False
2026-03-20,HCLTech,1.8669884775945,UP,UP,0.56957897703158,True
2026-03-20,HDFC Bank,-4.65116115384715,DOWN,UP,0.5101433564547635,False
2026-03-20,Hindustan Unilever,-1.46444522567154,DOWN,UP,0.5335891424957874,False
2026-03-20,ICICI Bank,-1.822713409120691,DOWN,UP,0.5616059341851145,False
2026-03-20,ITC,-3.1671944035271182,DOWN,UP,0.5435704779995373,False
2026-03-20,Infosys,0.0716636990657271,UP,UP,0.576388254104015,True
2026-03-20,M&M,-3.597405346043303,DOWN,UP,0.581613956547151,False
2026-03-20,Maruti Suzuki,-1.9522260138084224,DOWN,DOWN,0.4395910840395395,True
2026-03-20,NTPC,-2.244393762061448,DOWN,DOWN,0.4813061058297735,True
2026-03-20,ONGC,0.0188463872257571,UP,UP,0.5510939487519099,True
2026-03-20,Reliance,-0.466627225114169,DOWN,UP,0.5112171601364487,False
2026-03-20,SBI,-2.466916406988417,DOWN,UP,0.5662835599753752,False
2026-03-20,Sun Pharma,-1.0522734471204551,DOWN,DOWN,0.49423277237555846,True
2026-03-20,TCS,-0.2844494499432026,DOWN,UP,0.5585746417195462,False
2026-03-20,Tata Steel,-4.8787954947761225,DOWN,UP,0.5657106172403346,False
2026-03-20,Wipro,-1.760084189512101,DOWN,UP,0.5611852324335008,False
2026-03-23,Axis Bank,1.8879186781868509,UP,UP,0.5608707197739667,True
2026-03-23,Bharti Airtel,0.3452280799371099,UP,UP,0.5382910047964274,True
2026-03-23,Dr Reddy's,0.5026670798986332,UP,UP,0.5508022867097224,True
2026-03-23,HCLTech,1.0820015829786644,UP,UP,0.5222151152737124,True
2026-03-23,HDFC Bank,2.788416222432888,UP,UP,0.5487395789987951,True
2026-03-23,Hindustan Unilever,1.598287184901026,UP,UP,0.528485841344488,True
2026-03-23,ICICI Bank,2.330907102162283,UP,UP,0.5280826147822969,True
2026-03-23,ITC,0.2754304559638099,UP,UP,0.5471158405112386,True
2026-03-23,Infosys,1.7106937591263804,UP,UP,0.5388756202009739,True
2026-03-23,M&M,2.5542999781035025,UP,UP,0.5610975895044172,True
2026-03-23,Maruti Suzuki,0.8822339133953916,UP,DOWN,0.42177350097137295,False
2026-03-23,NTPC,0.8458630365498987,UP,UP,0.5107208548108865,True
2026-03-23,ONGC,0.9794595842435694,UP,UP,0.5362358462580493,True
2026-03-23,Reliance,0.2841312587912981,UP,UP,0.5008390073263762,True
2026-03-23,SBI,-0.1065971082384709,DOWN,UP,0.5434261159426104,False
2026-03-23,Sun Pharma,-0.2900350042725264,DOWN,UP,0.5076319383119113,False
2026-03-23,TCS,0.6292474071964982,UP,UP,0.5299475798707367,True
2026-03-23,Tata Steel,1.9340680411397804,UP,UP,0.5893643468067978,True
2026-03-23,Wipro,0.6398700277227887,UP,UP,0.5597640471266092,True
2026-03-24,Axis Bank,2.4649975364865018,UP,UP,0.5745914069382131,True
2026-03-24,Bharti Airtel,1.820101507823435,UP,UP,0.5386143088830934,True
2026-03-24,Dr Reddy's,3.2629387410728405,UP,UP,0.5373429587376684,True
2026-03-24,HCLTech,0.5825383904141335,UP,UP,0.5634117755892528,True
2026-03-24,HDFC Bank,2.274802304031187,UP,UP,0.5451909094976726,True
2026-03-24,Hindustan Unilever,2.388491550509597,UP,UP,0.534687197802008,True
2026-03-24,ICICI Bank,0.679347852598533,UP,UP,0.5336352357897999,True
2026-03-24,ITC,1.5279011869635095,UP,UP,0.5468850684126371,True
2026-03-24,Infosys,0.0625773861579581,UP,UP,0.5771411561751649,True
2026-03-24,M&M,3.1933509474110666,UP,UP,0.5886750939541494,True
2026-03-24,Maruti Suzuki,1.981707317073167,UP,UP,0.5138718365126772,True
2026-03-24,NTPC,0.7588886156712382,UP,UP,0.5156743567445692,True
2026-03-24,ONGC,0.8020983070229137,UP,UP,0.5229105011245143,True
2026-03-24,Reliance,0.0920758402644494,UP,UP,0.519138804821337,True
2026-03-24,SBI,2.890951236536199,UP,UP,0.5758131700941918,True
2026-03-24,Sun Pharma,2.401184875006224,UP,UP,0.5188424670777283,True
2026-03-24,TCS,-0.8921188114378031,DOWN,UP,0.5563092006115681,False
2026-03-24,Tata Steel,3.0714402309156785,UP,UP,0.5599977641162747,True
2026-03-24,Wipro,0.1642458141207115,UP,UP,0.5911739302262873,True
2026-03-25,Axis Bank,-1.3828675846229157,DOWN,UP,0.5415281355140333,False
2026-03-25,Bharti Airtel,0.4904899384299721,UP,UP,0.50750607986377,True
2026-03-25,Dr Reddy's,-1.460751957658013,DOWN,UP,0.5060087702910645,False
2026-03-25,HCLTech,-1.2234868469309212,DOWN,UP,0.535411188302716,False
2026-03-25,HDFC Bank,-3.336312922561968,DOWN,UP,0.5428873986403461,False
2026-03-25,Hindustan Unilever,-2.829311649937938,DOWN,UP,0.5389826545534168,False
2026-03-25,ICICI Bank,-2.056037417454515,DOWN,UP,0.529896095702468,False
2026-03-25,ITC,-0.3381805744735122,DOWN,UP,0.5188283528819795,False
2026-03-25,Infosys,-0.7348936434586784,DOWN,UP,0.5448408149139966,False
2026-03-25,M&M,-2.774848825750831,DOWN,UP,0.5554094752613054,False
2026-03-25,Maruti Suzuki,-2.5332389269136946,DOWN,DOWN,0.4925875445170805,True
2026-03-25,NTPC,-0.7267441977687472,DOWN,DOWN,0.4979270476650166,True
2026-03-25,ONGC,4.348630447506041,UP,UP,0.5148832147288375,True
2026-03-25,Reliance,-4.599816086830511,DOWN,UP,0.5016427588648948,False
2026-03-25,SBI,-3.8751627882351647,DOWN,UP,0.5206163799227121,False
2026-03-25,Sun Pharma,-0.1002589285756805,DOWN,UP,0.504729398534362,False
2026-03-25,TCS,0.5215843776282814,UP,UP,0.5506927279698893,True
2026-03-25,Tata Steel,-1.744211941133755,DOWN,UP,0.5253563308209719,False
2026-03-25,Wipro,1.348851103197091,UP,UP,0.5583628111621433,True
2026-03-27,Axis Bank,-3.6425409991980175,DOWN,UP,0.5594169657604887,False
2026-03-27,Bharti Airtel,-3.335321827957727,DOWN,UP,0.5218842213591062,False
2026-03-27,Dr Reddy's,-2.090967291783774,DOWN,UP,0.5457430671608378,False
2026-03-27,HCLTech,-1.6710677528693596,DOWN,UP,0.5768869978062042,False
2026-03-27,HDFC Bank,-3.259722826784861,DOWN,UP,0.6043017534197767,False
2026-03-27,Hindustan Unilever,-0.925566528911903,DOWN,UP,0.5712730495187366,False
2026-03-27,ICICI Bank,-2.261308421941,DOWN,UP,0.562343768640823,False
2026-03-27,ITC,-2.375296813724725,DOWN,UP,0.5446657124000619,False
2026-03-27,Infosys,-1.5042904875525176,DOWN,UP,0.5789268026434491,False
2026-03-27,M&M,-2.8474697091994794,DOWN,UP,0.5604708718323284,False
2026-03-27,Maruti Suzuki,-0.6699491484381315,DOWN,DOWN,0.40519257030844197,True
2026-03-27,NTPC,-1.3310262428429145,DOWN,UP,0.5271629477809819,False
2026-03-27,ONGC,0.9576100629747676,UP,UP,0.5168634949743216,True
2026-03-27,Reliance,-0.3115459719557956,DOWN,UP,0.5557383553417046,False
2026-03-27,SBI,-3.93329824285803,DOWN,UP,0.5886590354036797,False
2026-03-27,Sun Pharma,-2.0294393905849195,DOWN,UP,0.5138568735663157,False
2026-03-27,TCS,-1.2930013328741552,DOWN,UP,0.5531667364375485,False
2026-03-27,Tata Steel,-0.703861195403932,DOWN,UP,0.5678914813941355,False
2026-03-27,Wipro,-2.066809283778248,DOWN,UP,0.5717329176883063,False
2026-03-30,Axis Bank,2.7383040920304857,UP,UP,0.5755956442526787,True
2026-03-30,Bharti Airtel,-0.0280520642477188,DOWN,UP,0.5309561455748868,False
2026-03-30,Dr Reddy's,-3.609853211157321,DOWN,UP,0.5257132341839466,False
2026-03-30,HCLTech,0.9540883319213432,UP,UP,0.5348808654703573,True
2026-03-30,HDFC Bank,1.462649495670476,UP,UP,0.5798904784357342,True
2026-03-30,Hindustan Unilever,0.4622421285375822,UP,UP,0.5441253191065014,True
2026-03-30,ICICI Bank,0.5638881018446451,UP,UP,0.5391132157770507,True
2026-03-30,ITC,1.3903370977689011,UP,UP,0.5636450277570496,True
2026-03-30,Infosys,2.007034709414368,UP,UP,0.5370539877160112,True
2026-03-30,M&M,2.599250350197657,UP,UP,0.5463647884776757,True
2026-03-30,Maruti Suzuki,1.6496018202502905,UP,DOWN,0.42828256812422394,False
2026-03-30,NTPC,-1.6187778494003435,DOWN,UP,0.5036633114359993,False
2026-03-30,ONGC,1.19444720512476,UP,UP,0.5078703320579004,True
2026-03-30,Reliance,1.8825750649750228,UP,DOWN,0.4941127270784693,False
2026-03-30,SBI,3.920763980160169,UP,UP,0.5691086992223473,True
2026-03-30,Sun Pharma,-1.6332774851680942,DOWN,UP,0.5252888233105746,False
2026-03-30,TCS,2.089959339908476,UP,UP,0.5440011486027916,True
2026-03-30,Tata Steel,1.4281275328090317,UP,UP,0.5284448737702435,True
2026-03-30,Wipro,1.8865877732080705,UP,UP,0.5695514301190766,True
2026-04-01,Axis Bank,0.4023174022585785,UP,UP,0.5480277406060035,True
2026-04-01,Bharti Airtel,0.4377308856245987,UP,UP,0.5458820557936657,True
2026-04-01,Dr Reddy's,0.636580141997567,UP,UP,0.6050213735729142,True
2026-04-01,HCLTech,3.5292325676449687,UP,UP,0.5770600362257725,True
2026-04-01,HDFC Bank,1.1653788365190376,UP,UP,0.5832139990649244,True
2026-04-01,Hindustan Unilever,0.0290646423423135,UP,UP,0.5791498454196043,True
2026-04-01,ICICI Bank,0.255636000748094,UP,UP,0.5511156246694944,True
2026-04-01,ITC,0.3942385493176381,UP,UP,0.5537558923774348,True
2026-04-01,Infosys,1.9675549593925143,UP,UP,0.5675610876046782,True
2026-04-01,M&M,-0.6531436195983842,DOWN,UP,0.5704981855289013,False
2026-04-01,Maruti Suzuki,0.9752977855943756,UP,DOWN,0.48939806545506714,False
2026-04-01,NTPC,-1.371177864716866,DOWN,UP,0.5718770043905587,False
2026-04-01,ONGC,-0.2950791952639808,DOWN,UP,0.5359655247835904,False
2026-04-01,Reliance,-1.3657575108639186,DOWN,UP,0.5262949650861313,False
2026-04-01,SBI,0.0589542767037043,UP,UP,0.5533365416392301,True
2026-04-01,Sun Pharma,-2.0190931104461907,DOWN,UP,0.53382061800764,False
2026-04-01,TCS,1.7648036235246467,UP,UP,0.5663393262182247,True
2026-04-01,Tata Steel,-0.2363857653850498,DOWN,UP,0.5810616464997139,False
2026-04-01,Wipro,1.951046725194572,UP,UP,0.5708450689576312,True
2026-04-02,Axis Bank,3.9569265755084793,UP,UP,0.5542756511591999,True
2026-04-02,Bharti Airtel,0.173218849015444,UP,UP,0.5175666583325615,True
2026-04-02,Dr Reddy's,0.0410745075120511,UP,UP,0.5272274448517936,True
2026-04-02,HCLTech,0.0784551201368,UP,UP,0.533071746669377,True
2026-04-02,HDFC Bank,2.676784516237274,UP,UP,0.5756961154969308,True
2026-04-02,Hindustan Unilever,0.9441727370831376,UP,UP,0.5375672258106513,True
2026-04-02,ICICI Bank,1.2831037143791857,UP,UP,0.5182950672344426,True
2026-04-02,ITC,0.6829434721927319,UP,UP,0.5387664423311351,True
2026-04-02,Infosys,0.4151216283098113,UP,UP,0.5234173243090497,True
2026-04-02,M&M,0.3287228689738075,UP,UP,0.529806750003801,True
2026-04-02,Maruti Suzuki,0.4512706832396462,UP,DOWN,0.4198343750253214,False
2026-04-02,NTPC,1.7934136845523474,UP,UP,0.5040382700201674,True
2026-04-02,ONGC,-1.8628154164767263,DOWN,UP,0.512029343429245,False
2026-04-02,Reliance,-3.3913401575805247,DOWN,UP,0.5311721758233774,False
2026-04-02,SBI,1.409070624698172,UP,UP,0.5557356673712358,True
2026-04-02,Sun Pharma,0.0590458204071442,UP,UP,0.5046194612516326,True
2026-04-02,TCS,0.9466663252994724,UP,UP,0.5316559962891465,True
2026-04-02,Tata Steel,1.009584176382594,UP,UP,0.5419906028117246,True
2026-04-02,Wipro,1.221071047820299,UP,UP,0.5466552183215561,True
2026-04-06,Axis Bank,0.3854433927252598,UP,UP,0.5478457517738872,True
2026-04-06,Bharti Airtel,2.0917000768999383,UP,UP,0.5476901794832255,True
2026-04-06,Dr Reddy's,-1.7819077329705555,DOWN,UP,0.524603324050564,False
2026-04-06,HCLTech,2.7292756662979034,UP,UP,0.5241595279273116,True
2026-04-06,HDFC Bank,0.1297016861219191,UP,UP,0.6027603941757294,True
2026-04-06,Hindustan Unilever,1.2375310928560035,UP,UP,0.5379425472686027,True
2026-04-06,ICICI Bank,1.1450361626106575,UP,UP,0.5329889206013352,True
2026-04-06,ITC,1.2209618548394197,UP,UP,0.5434060560919902,True
2026-04-06,Infosys,2.541729787418956,UP,UP,0.538640141200922,True
2026-04-06,M&M,-0.496425718665916,DOWN,UP,0.5415359473474608,False
2026-04-06,Maruti Suzuki,0.866960907944514,UP,DOWN,0.4382637703241943,False
2026-04-06,NTPC,0.7511608724809493,UP,DOWN,0.48692693091458344,False
2026-04-06,ONGC,1.7030291605549364,UP,UP,0.5299881848886179,True
2026-04-06,Reliance,-0.0076627262726391,DOWN,UP,0.5793711379346097,False
2026-04-06,SBI,-0.2275454452614345,DOWN,UP,0.5517219678754103,False
2026-04-06,Sun Pharma,1.380858299963772,UP,UP,0.5055359534314915,True
2026-04-06,TCS,2.6638162046064062,UP,UP,0.5434030659568858,True
2026-04-06,Tata Steel,1.0351854748160028,UP,UP,0.5242882799999756,True
2026-04-06,Wipro,3.7660338524085457,UP,UP,0.5664432416108692,True
2026-04-07,Axis Bank,6.631471564920743,UP,UP,0.5426567415466904,True
2026-04-07,Bharti Airtel,1.710098121772563,UP,UP,0.5204827827213323,True
2026-04-07,Dr Reddy's,-0.3929396595441448,DOWN,UP,0.5609042166607523,False
2026-04-07,HCLTech,1.3457286863630458,UP,UP,0.5126459855236626,True
2026-04-07,HDFC Bank,5.712432070717299,UP,UP,0.5828349213966488,True
2026-04-07,Hindustan Unilever,1.6582961423562192,UP,UP,0.5282782521445584,True
2026-04-07,ICICI Bank,5.114407962414691,UP,UP,0.5386737687220611,True
2026-04-07,ITC,1.340257944846468,UP,UP,0.5288098839843874,True
2026-04-07,Infosys,0.5076845329151869,UP,UP,0.5149467502500429,True
2026-04-07,M&M,6.768442539419706,UP,UP,0.5209904704935885,True
2026-04-07,Maruti Suzuki,6.2822315986873045,UP,DOWN,0.40201573005503066,False
2026-04-07,NTPC,1.4368951349512438,UP,UP,0.5035748361613916,True
2026-04-07,ONGC,-0.4011839947569151,DOWN,DOWN,0.4750371590675016,True
2026-04-07,Reliance,3.3113654798885728,UP,UP,0.5208262404227131,True
2026-04-07,SBI,3.013385677612823,UP,UP,0.5514071007439753,True
2026-04-07,Sun Pharma,-0.1979059612376321,DOWN,DOWN,0.4982957141190025,True
2026-04-07,TCS,0.7638358126932587,UP,UP,0.5178210654489629,True
2026-04-07,Tata Steel,3.0535444626608177,UP,UP,0.5244898511546698,True
2026-04-07,Wipro,-0.6350151641296264,DOWN,UP,0.5177330000573269,False
2026-04-08,Axis Bank,-1.087771942985749,DOWN,UP,0.5686168539725328,False
2026-04-08,Bharti Airtel,-0.1181752901120658,DOWN,UP,0.5461870212335174,False
2026-04-08,Dr Reddy's,1.7206647288833254,UP,UP,0.5634947768682207,True
2026-04-08,HCLTech,0.266942122796876,UP,UP,0.5246498682661094,True
2026-04-08,HDFC Bank,-2.254621238739229,DOWN,UP,0.5934543599113128,False
2026-04-08,Hindustan Unilever,-0.57793372110303,DOWN,UP,0.5424121457746969,False
2026-04-08,ICICI Bank,-2.131065030882151,DOWN,UP,0.5751242750908534,False
2026-04-08,ITC,0.1818441959897443,UP,UP,0.5549660985696937,True
2026-04-08,Infosys,-1.0845324703234516,DOWN,UP,0.535120285777452,False
2026-04-08,M&M,-1.348869116565532,DOWN,UP,0.5630758928300471,False
2026-04-08,Maruti Suzuki,-0.0955741802676102,DOWN,UP,0.5050143600710146,False
2026-04-08,NTPC,1.2027261989599358,UP,UP,0.5287476890783562,True
2026-04-08,ONGC,1.0858164986044194,UP,DOWN,0.47433463841161766,False
2026-04-08,Reliance,-1.320674297615709,DOWN,UP,0.5549460864143546,False
2026-04-08,SBI,-1.931320452496832,DOWN,UP,0.600520968875985,False
2026-04-08,Sun Pharma,0.1458066041990724,UP,UP,0.5498437672081953,True
2026-04-08,TCS,1.164428313406285,UP,UP,0.5284458637845812,True
2026-04-08,Tata Steel,0.4995613228768292,UP,UP,0.5308079706668432,True
2026-04-08,Wipro,-0.2703780634689678,DOWN,UP,0.5840451000683479,False
2026-04-09,Axis Bank,2.4497572110826704,UP,UP,0.532608369544041,True
2026-04-09,Bharti Airtel,0.5700750482284134,UP,UP,0.5258957959213739,True
2026-04-09,Dr Reddy's,1.6750496203370655,UP,UP,0.5343112661697614,True
2026-04-09,HCLTech,-0.9352224052059376,DOWN,UP,0.5208717761120617,False
2026-04-09,HDFC Bank,1.5795380961668215,UP,UP,0.5979158167013039,True
2026-04-09,Hindustan Unilever,1.0360068517772714,UP,UP,0.530102161914679,True
2026-04-09,ICICI Bank,3.168654806738691,UP,UP,0.5537819649637205,True
2026-04-09,ITC,0.4125412541254203,UP,UP,0.5203853921467192,True
2026-04-09,Infosys,-2.936315432773462,DOWN,UP,0.5110134025151616,False
2026-04-09,M&M,2.936718408679284,UP,UP,0.5072923078909197,True
2026-04-09,Maruti Suzuki,0.8830671866951301,UP,DOWN,0.34773630700524266,False
2026-04-09,NTPC,0.3961442028730388,UP,UP,0.5173847402247418,True
2026-04-09,ONGC,-0.727652827132097,DOWN,DOWN,0.4700801205408956,True
2026-04-09,Reliance,1.518793321193601,UP,UP,0.5549100114154548,True
2026-04-09,SBI,2.4737020229465667,UP,UP,0.5658914288099194,True
2026-04-09,Sun Pharma,-3.6223837898926137,DOWN,UP,0.508476651043034,False
2026-04-09,TCS,-2.499032490223063,DOWN,UP,0.5084174737552347,False
2026-04-09,Tata Steel,0.687136297796842,UP,DOWN,0.4952888432330753,False
2026-04-09,Wipro,0.9907871119452238,UP,UP,0.5402942900475897,True
2026-04-10,Axis Bank,0.2072791424786668,UP,UP,0.5303358794448643,True
2026-04-10,Bharti Airtel,0.0481296478108239,UP,UP,0.509674417347009,True
2026-04-10,Dr Reddy's,0.3002818851492783,UP,UP,0.53686677019253,True
2026-04-10,HCLTech,-1.5022000752004327,DOWN,UP,0.5084067250166437,False
2026-04-10,HDFC Bank,-1.925209900154079,DOWN,UP,0.5679313414850438,False
2026-04-10,Hindustan Unilever,-1.3037673186862553,DOWN,UP,0.5198981791137032,False
2026-04-10,ICICI Bank,2.2089379402816745,UP,UP,0.5305705843040012,True
2026-04-10,ITC,-1.8405936248202528,DOWN,UP,0.5182398067034472,False
2026-04-10,Infosys,-1.2146964156189544,DOWN,UP,0.5252466479538113,False
2026-04-10,M&M,-1.2148014314708022,DOWN,UP,0.5107710850395215,False
2026-04-10,Maruti Suzuki,-4.617404624699106,DOWN,DOWN,0.3734156537598588,True
2026-04-10,NTPC,1.6046313827317027,UP,UP,0.5444816845377978,True
2026-04-10,ONGC,0.3664878858529619,UP,UP,0.5030711009004915,True
2026-04-10,Reliance,-2.599613157701075,DOWN,UP,0.5440553752247547,False
2026-04-10,SBI,-0.2952941303024814,DOWN,UP,0.5411759328969354,False
2026-04-10,Sun Pharma,-0.1631562754459081,DOWN,UP,0.5708893732309708,False
2026-04-10,TCS,-2.0480905665662075,DOWN,UP,0.5185964500701594,False
2026-04-10,Tata Steel,-0.106481399764402,DOWN,UP,0.5152060586416194,False
2026-04-10,Wipro,-0.932254791384768,DOWN,UP,0.5564059908118375,False
2026-04-13,Axis Bank,0.1403682364311542,UP,DOWN,0.49615804978958,False
2026-04-13,Bharti Airtel,-0.8124471133591382,DOWN,UP,0.5067396295200787,False
2026-04-13,Dr Reddy's,-1.4645177788161878,DOWN,UP,0.5349517851442693,False
2026-04-13,HCLTech,1.532113057227602,UP,UP,0.5135059248940772,True
2026-04-13,HDFC Bank,1.9126729550208443,UP,UP,0.5386483073698337,True
2026-04-13,Hindustan Unilever,1.4291156065337152,UP,UP,0.5139219071367656,True
2026-04-13,ICICI Bank,-0.2220413036939761,DOWN,UP,0.5145163778957265,False
2026-04-13,ITC,1.1384543666399072,UP,UP,0.5225890668475968,True
2026-04-13,Infosys,2.232142771779966,UP,UP,0.5004687903664159,True
2026-04-13,M&M,1.1272607098486098,UP,DOWN,0.4877473278877031,False
2026-04-13,Maruti Suzuki,1.6289385133068324,UP,DOWN,0.3436525517358384,False
2026-04-13,NTPC,1.644014525182036,UP,UP,0.5021970565936151,True
2026-04-13,ONGC,0.0173946488159382,UP,UP,0.5151042086520662,True
2026-04-13,Reliance,2.2051555424202007,UP,UP,0.5496716018319728,True
2026-04-13,SBI,0.747491966234648,UP,UP,0.5282422071028767,True
2026-04-13,Sun Pharma,2.687327546679219,UP,UP,0.5224166993463158,True
2026-04-13,TCS,3.3284721118271854,UP,DOWN,0.4998462986505922,False
2026-04-13,Tata Steel,1.1289315557658552,UP,DOWN,0.4874482303639469,False
2026-04-13,Wipro,3.34039451077528,UP,UP,0.5093103019165773,True
2026-04-15,Axis Bank,-0.4352655414284423,DOWN,UP,0.5261669859926015,False
2026-04-15,Bharti Airtel,-0.8137078182494983,DOWN,UP,0.5214868487473961,False
2026-04-15,Dr Reddy's,0.2956130269005763,UP,UP,0.5612424266462602,True
2026-04-15,HCLTech,-0.0758008419512124,DOWN,UP,0.5064779072940652,False
2026-04-15,HDFC Bank,-1.784172338738399,DOWN,UP,0.5418531708112168,False
2026-04-15,Hindustan Unilever,-0.8574341473239655,DOWN,UP,0.5002158048150209,False
2026-04-15,ICICI Bank,-0.1928622233530852,DOWN,UP,0.5323203459618825,False
2026-04-15,ITC,0.4469479086491201,UP,UP,0.509977259716367,True
2026-04-15,Infosys,1.06488177612718,UP,UP,0.5122372653470009,True
2026-04-15,M&M,-1.0502057783471463,DOWN,UP,0.5108743010743357,False
2026-04-15,Maruti Suzuki,0.3461509519151251,UP,DOWN,0.4557010408923123,False
2026-04-15,NTPC,-0.4584865722269571,DOWN,UP,0.5140075779496835,False
2026-04-15,ONGC,-1.6863720447105823,DOWN,DOWN,0.47329321422385595,True
2026-04-15,Reliance,-0.0595139329173655,DOWN,UP,0.5401826753547764,False
2026-04-15,SBI,-0.4059706566437282,DOWN,UP,0.5403806950029714,False
2026-04-15,Sun Pharma,-0.2062949457954155,DOWN,UP,0.5237093713182902,False
2026-04-15,TCS,0.8610904865516744,UP,UP,0.5032197990889312,True
2026-04-15,Tata Steel,0.9438487970398368,UP,DOWN,0.4831520259986331,False
2026-04-15,Wipro,0.2431439841887872,UP,DOWN,0.49226398710334074,False
2026-04-16,Axis Bank,0.7039122830359901,UP,DOWN,0.4826651772102501,False
2026-04-16,Bharti Airtel,0.3422823487824855,UP,UP,0.505349425567175,True
2026-04-16,Dr Reddy's,1.170781600784121,UP,UP,0.5299555677880096,True
2026-04-16,HCLTech,-0.5447457322947935,DOWN,UP,0.5006267623018078,False
2026-04-16,HDFC Bank,0.5594332942034042,UP,UP,0.5412228164003328,True
2026-04-16,Hindustan Unilever,4.754333435976399,UP,UP,0.5074616295037684,True
2026-04-16,ICICI Bank,0.0966219864827255,UP,DOWN,0.49845617070451664,False
2026-04-16,ITC,1.1206308387878172,UP,DOWN,0.49751380596363215,False
2026-04-16,Infosys,-0.0379017600444786,DOWN,UP,0.5112088093150503,False
2026-04-16,M&M,-0.6858485343190557,DOWN,UP,0.5040426705482216,False
2026-04-16,Maruti Suzuki,0.8848893888264042,UP,DOWN,0.49769234477037166,False
2026-04-16,NTPC,0.7164837251812273,UP,UP,0.5362696605876911,True
2026-04-16,ONGC,0.4597657976900926,UP,UP,0.5176846242520424,True
2026-04-16,Reliance,1.6154210067069965,UP,UP,0.5375060303670117,True
2026-04-16,SBI,1.2275664420408283,UP,UP,0.5127604591488069,True
2026-04-16,Sun Pharma,-1.039511891779843,DOWN,UP,0.5513589958173464,False
2026-04-16,TCS,0.1785128577197037,UP,DOWN,0.4992657775798003,False
2026-04-16,Tata Steel,0.678718809251011,UP,DOWN,0.4716698048366179,False
2026-04-16,Wipro,-2.8250676960919097,DOWN,UP,0.5105636231760261,False
2026-04-17,Axis Bank,-0.3237454560445774,DOWN,DOWN,0.4798939504428708,True
2026-04-17,Bharti Airtel,-0.0433184697357424,DOWN,DOWN,0.4802200600525433,True
2026-04-17,Dr Reddy's,-0.2508679864393959,DOWN,UP,0.5021467367004682,False
2026-04-17,HCLTech,-0.9706718107217016,DOWN,DOWN,0.4907922428148022,True
2026-04-17,HDFC Bank,-0.5563210490324599,DOWN,UP,0.5156005931608046,False
2026-04-17,Hindustan Unilever,-0.41503251630991,DOWN,UP,0.5198931745549593,False
2026-04-17,ICICI Bank,0.6979434216630054,UP,DOWN,0.49784825565446894,False
2026-04-17,ITC,-0.5866974786789769,DOWN,DOWN,0.4985316981129951,True
2026-04-17,Infosys,-0.4625749459167494,DOWN,UP,0.5031243388336708,False
2026-04-17,M&M,0.6687127932908821,UP,DOWN,0.4971586013891199,False
2026-04-17,Maruti Suzuki,-0.0222998587675604,DOWN,UP,0.5121534130332107,False
2026-04-17,NTPC,1.1178846108369278,UP,DOWN,0.49539108336157794,False
2026-04-17,ONGC,-0.2464290510596045,DOWN,DOWN,0.4886923699299527,True
2026-04-17,Reliance,-0.1245385473901072,DOWN,UP,0.5260623265295326,False
2026-04-17,SBI,2.55496186863573,UP,DOWN,0.4978403611443265,False
2026-04-17,Sun Pharma,-0.4118188250708754,DOWN,UP,0.53405327762706,False
2026-04-17,TCS,-0.073596836868095,DOWN,DOWN,0.49853395775379294,True
2026-04-17,Tata Steel,-0.1885696330812147,DOWN,DOWN,0.4739119140882565,True
2026-04-17,Wipro,-0.9005538032112348,DOWN,DOWN,0.4849543746090841,True
2026-04-20,Axis Bank,1.697792930464348,UP,DOWN,0.48614481874849175,False
2026-04-20,Bharti Airtel,0.4820987233498996,UP,UP,0.5035951166780052,True
2026-04-20,Dr Reddy's,-0.9735518609186756,DOWN,UP,0.503399299811147,False
2026-04-20,HCLTech,0.9031647344921678,UP,UP,0.5006954147386942,True
2026-04-20,HDFC Bank,2.0491530005440906,UP,UP,0.5168915461257156,True
2026-04-20,Hindustan Unilever,3.5491799763331944,UP,DOWN,0.4971579293157733,False
2026-04-20,ICICI Bank,2.3742865655144607,UP,UP,0.5001914657359599,True
2026-04-20,ITC,1.5245881627817592,UP,UP,0.5036015340941571,True
2026-04-20,Infosys,0.0457089438592905,UP,UP,0.5208172149721113,True
2026-04-20,M&M,0.7977387134601832,UP,DOWN,0.4977947360470445,False
2026-04-20,Maruti Suzuki,0.0817843866171008,UP,UP,0.5001243511114201,True
2026-04-20,NTPC,-0.4522582394393737,DOWN,DOWN,0.46500396358463514,True
2026-04-20,ONGC,-0.0882301022109954,DOWN,DOWN,0.49463875807230306,True
2026-04-20,Reliance,-0.733514240580857,DOWN,UP,0.5273257648388652,False
2026-04-20,SBI,0.361059718206369,UP,DOWN,0.4866133858951613,False
2026-04-20,Sun Pharma,-0.2037651003122254,DOWN,UP,0.5204866779043916,False
2026-04-20,TCS,1.1978563022936983,UP,UP,0.5082605430181616,True
2026-04-20,Tata Steel,0.1369701891464458,UP,DOWN,0.4764430767679316,False
2026-04-20,Wipro,1.2495055475511665,UP,UP,0.500695393950354,True
2026-04-21,Axis Bank,0.1379127880817732,UP,DOWN,0.4770478417294763,False
2026-04-21,Bharti Airtel,-1.401617250673859,DOWN,DOWN,0.4810336547277922,True
2026-04-21,Dr Reddy's,-0.2949349220009112,DOWN,UP,0.5102712695716143,False
2026-04-21,HCLTech,-10.817368000670823,DOWN,UP,0.5002120481981838,False
2026-04-21,HDFC Bank,-1.459806046927936,DOWN,UP,0.5123381300962173,False
2026-04-21,Hindustan Unilever,2.5143938583105374,UP,UP,0.5291690627666976,True
2026-04-21,ICICI Bank,-1.4981308313433028,DOWN,DOWN,0.4807660147085557,True
2026-04-21,ITC,-1.3402208875456068,DOWN,UP,0.5048264385618014,False
2026-04-21,Infosys,-3.3962821538439214,DOWN,UP,0.5264602630036914,False
2026-04-21,M&M,-3.005576823474365,DOWN,DOWN,0.4861743384840934,True
2026-04-21,Maruti Suzuki,-0.921179704331032,DOWN,DOWN,0.4533112270560486,True
2026-04-21,NTPC,2.3220548727912904,UP,DOWN,0.48367968110733506,False
2026-04-21,ONGC,0.1942733243063488,UP,DOWN,0.48755705123531046,False
2026-04-21,Reliance,0.6502568861526781,UP,UP,0.5324275523978189,True
2026-04-21,SBI,-0.7689820520351054,DOWN,UP,0.5006583075511654,False
2026-04-21,Sun Pharma,0.2762489665588008,UP,UP,0.528511827646209,True
2026-04-21,TCS,-2.758092319479022,DOWN,UP,0.500140310514366,False
2026-04-21,Tata Steel,0.4811114093151936,UP,DOWN,0.4820858704410727,False
2026-04-21,Wipro,-0.4926562284271019,DOWN,DOWN,0.49342962412692937,True
2026-04-22,Axis Bank,-0.7248477947930376,DOWN,DOWN,0.48499649671598083,True
2026-04-22,Bharti Airtel,0.6670284949084282,UP,UP,0.5079401192730392,True
2026-04-22,Dr Reddy's,9.367296631059974,UP,UP,0.5011548109175132,True
2026-04-22,HCLTech,-0.5990876020901204,DOWN,UP,0.6402292099014819,False
2026-04-22,HDFC Bank,-1.9439990440699884,DOWN,UP,0.5470007776762661,False
2026-04-22,Hindustan Unilever,-0.1013233044115491,DOWN,UP,0.5061162580584648,False
2026-04-22,ICICI Bank,-1.4331658332722652,DOWN,UP,0.5032151398146448,False
2026-04-22,ITC,-0.0654704442000775,DOWN,UP,0.5257241443842224,False
2026-04-22,Infosys,-2.207157538929283,DOWN,UP,0.5465323325269326,False
2026-04-22,M&M,-3.238403707694437,DOWN,UP,0.5300252541860565,False
2026-04-22,Maruti Suzuki,-1.3271350378645907,DOWN,DOWN,0.47868326549575346,True
2026-04-22,NTPC,-0.7770088662824914,DOWN,DOWN,0.47226274157587705,True
2026-04-22,ONGC,0.9166247697733,UP,DOWN,0.4789749271829322,False
2026-04-22,Reliance,-1.372876551431612,DOWN,UP,0.5054252693940469,False
2026-04-22,SBI,-0.8202708626486088,DOWN,UP,0.5136294079371837,False
2026-04-22,Sun Pharma,0.6168359358380116,UP,UP,0.511645671529497,True
2026-04-22,TCS,-0.657866896666337,DOWN,UP,0.5339678897425834,False
2026-04-22,Tata Steel,-0.9951627138598208,DOWN,DOWN,0.4757681970182929,True
2026-04-22,Wipro,-0.6078458299823564,DOWN,DOWN,0.49748188814342514,True
2026-04-23,Axis Bank,-0.2701483088368261,DOWN,DOWN,0.4782390908596342,True
2026-04-23,Bharti Airtel,-1.4501385987372606,DOWN,DOWN,0.4980549299480445,True
2026-04-23,Dr Reddy's,-1.044329407517841,DOWN,UP,0.6346887394601405,False
2026-04-23,HCLTech,-5.823420932670331,DOWN,UP,0.5411304976150044,False
2026-04-23,HDFC Bank,0.063747053683083,UP,UP,0.537718546447502,True
2026-04-23,Hindustan Unilever,-1.6522927285831712,DOWN,DOWN,0.49785977634531803,True
2026-04-23,ICICI Bank,-1.617214304757042,DOWN,DOWN,0.49182785274139124,True
2026-04-23,ITC,-1.211916749882802,DOWN,UP,0.5029658714089105,False
2026-04-23,Infosys,-6.932129751121597,DOWN,UP,0.5278678158556311,False
2026-04-23,M&M,-0.305149751521605,DOWN,UP,0.5120246505213782,False
2026-04-23,Maruti Suzuki,-0.8510638297872353,DOWN,DOWN,0.46096447620858005,True
2026-04-23,NTPC,-0.0994391290203511,DOWN,DOWN,0.48318772414377614,True
2026-04-23,ONGC,-0.5065544828056767,DOWN,UP,0.501582369672942,False
2026-04-23,Reliance,-1.1612308547293335,DOWN,UP,0.5139328361988033,False
2026-04-23,SBI,0.625997311943105,UP,UP,0.503716100209446,True
2026-04-23,Sun Pharma,-3.5533570644243677,DOWN,UP,0.5289901023656592,False
2026-04-23,TCS,-4.952817196685199,DOWN,UP,0.5113024286467436,False
2026-04-23,Tata Steel,-0.3982724021171946,DOWN,DOWN,0.486951091889307,True
2026-04-23,Wipro,-1.6768563763054245,DOWN,UP,0.5055860604435632,False
2026-04-24,Axis Bank,-3.0529374402841647,DOWN,DOWN,0.4744514718667694,True
2026-04-24,Bharti Airtel,0.308623620057169,UP,UP,0.5182185340630855,True
2026-04-24,Dr Reddy's,1.3210860782471467,UP,UP,0.5236939016997113,True
2026-04-24,HCLTech,2.0777926375122435,UP,UP,0.5953274538254368,True
2026-04-24,HDFC Bank,0.6306953380913027,UP,UP,0.5035504466340567,True
2026-04-24,Hindustan Unilever,0.0429682455643565,UP,UP,0.5296991516750049,True
2026-04-24,ICICI Bank,-0.9123794323205648,DOWN,DOWN,0.4920418034963851,True
2026-04-24,ITC,0.7460212050618198,UP,UP,0.5286143448689042,True
2026-04-24,Infosys,1.3597846504560973,UP,UP,0.5691089941000211,True
2026-04-24,M&M,2.106371842318455,UP,UP,0.501233132274427,True
2026-04-24,Maruti Suzuki,1.333537706928256,UP,UP,0.5003018248540768,True
2026-04-24,NTPC,2.0778912471547173,UP,DOWN,0.49902239812378535,False
2026-04-24,ONGC,0.3862381146993776,UP,UP,0.5119374301000427,True
2026-04-24,Reliance,2.861876683431186,UP,UP,0.514897913766206,True
2026-04-24,SBI,0.9762964524887564,UP,DOWN,0.48163554261756664,False
2026-04-24,Sun Pharma,6.979756472592902,UP,UP,0.5771417551772516,True
2026-04-24,TCS,2.115240409619279,UP,UP,0.5623674668911816,True
2026-04-24,Tata Steel,1.5233002507127669,UP,DOWN,0.4884451058118378,False
2026-04-24,Wipro,2.854134442208056,UP,UP,0.5305047108242905,True
2026-04-27,Axis Bank,-2.658205140449077,DOWN,DOWN,0.486739146716771,True
2026-04-27,Bharti Airtel,1.3021302983402316,UP,DOWN,0.49938987031952436,False
2026-04-27,Dr Reddy's,1.5061802612167383,UP,UP,0.5440021440699553,True
2026-04-27,HCLTech,-2.6217189750864067,DOWN,UP,0.5594067457009153,False
2026-04-27,HDFC Bank,-0.917953926570636,DOWN,UP,0.5211378910085424,False
2026-04-27,Hindustan Unilever,-1.6664539799178255,DOWN,DOWN,0.49672104303694603,True
2026-04-27,ICICI Bank,-1.6817575524330608,DOWN,UP,0.501148052101176,False
2026-04-27,ITC,0.1974678596225576,UP,UP,0.5087810418729971,True
2026-04-27,Infosys,-1.5551629909280162,DOWN,UP,0.5146939914847486,False
2026-04-27,M&M,-0.4609271898409095,DOWN,DOWN,0.4996542769624911,True
2026-04-27,Maruti Suzuki,-2.4958402662229595,DOWN,UP,0.5249139238219452,False
2026-04-27,NTPC,-0.8166762564172925,DOWN,DOWN,0.4817679430089586,True
2026-04-27,ONGC,5.386496755946157,UP,DOWN,0.49972194827467553,False
2026-04-27,Reliance,1.691314596580784,UP,DOWN,0.49988841278143586,False
2026-04-27,SBI,-1.8482643530196463,DOWN,DOWN,0.4820878326158873,True
2026-04-27,Sun Pharma,0.7960801169959675,UP,UP,0.5459759443776969,True
2026-04-27,TCS,-0.1184893924114471,DOWN,UP,0.517531661753,False
2026-04-27,Tata Steel,0.8346221895428219,UP,DOWN,0.47446198926196276,False
2026-04-27,Wipro,-1.6922707481390464,DOWN,DOWN,0.48855364264315476,True
2026-04-28,Axis Bank,0.5740903346828974,UP,DOWN,0.4958803862515871,False
2026-04-28,Bharti Airtel,2.402642671908395,UP,UP,0.5095808005952197,True
2026-04-28,Dr Reddy's,-1.83079338585439,DOWN,UP,0.5354016525840193,False
2026-04-28,HCLTech,0.3511664859427332,UP,UP,0.592135848328621,True
2026-04-28,HDFC Bank,-0.4536435816682838,DOWN,UP,0.5218539671246599,False
2026-04-28,Hindustan Unilever,1.08756944065298,UP,UP,0.5051680129640415,True
2026-04-28,ICICI Bank,-0.8513931888544879,DOWN,UP,0.5050724705564721,False
2026-04-28,ITC,3.875837516782421,UP,DOWN,0.4956600168620829,False
2026-04-28,Infosys,1.3366916708968946,UP,UP,0.53403589067226,True
2026-04-28,M&M,2.078946573674867,UP,UP,0.5258582861805194,True
2026-04-28,Maruti Suzuki,2.8312131554452336,UP,DOWN,0.49650886621746937,False
2026-04-28,NTPC,-1.364143597710732,DOWN,UP,0.5095195531919716,False
2026-04-28,ONGC,0.0331915391859727,UP,UP,0.5393193642839117,True
2026-04-28,Reliance,2.627978929973618,UP,DOWN,0.4834408999373596,False
2026-04-28,SBI,-0.4031910764402013,DOWN,DOWN,0.49753476330663987,True
2026-04-28,Sun Pharma,1.7970526793500197,UP,UP,0.5158834499500425,True
2026-04-28,TCS,1.2271444594098124,UP,UP,0.5160647464448336,True
2026-04-28,Tata Steel,0.3859576002214426,UP,DOWN,0.48143449405641725,False
2026-04-28,Wipro,-0.4464774020727202,DOWN,UP,0.5276298197311489,False
2026-04-29,Axis Bank,-2.1675389584042914,DOWN,DOWN,0.4766005999272334,True
2026-04-29,Bharti Airtel,-0.0688484071087902,DOWN,UP,0.500749211211519,False
2026-04-29,Dr Reddy's,-0.5188768356673701,DOWN,UP,0.5805379577952053,False
2026-04-29,HCLTech,-0.0916493609971813,DOWN,UP,0.6068642493822094,False
2026-04-29,HDFC Bank,-0.9370972776596598,DOWN,UP,0.5197375093335298,False
2026-04-29,Hindustan Unilever,-2.743691785317426,DOWN,DOWN,0.49989352277555055,True
2026-04-29,ICICI Bank,-1.3739247139685773,DOWN,UP,0.5010716838181525,False
2026-04-29,ITC,-0.4268794003211451,DOWN,UP,0.5009554611854303,False
2026-04-29,Infosys,1.224843582708779,UP,UP,0.5534761122236749,True
2026-04-29,M&M,-1.7384147441325326,DOWN,UP,0.5171420631600866,False
2026-04-29,Maruti Suzuki,0.4299615297578718,UP,UP,0.5412089290684308,True
2026-04-29,NTPC,-0.5357572793133536,DOWN,UP,0.5126790635683786,False
2026-04-29,ONGC,-0.6138042936228438,DOWN,UP,0.5338534702077582,False
2026-04-29,Reliance,0.3788427333781152,UP,DOWN,0.49073721724200403,False
2026-04-29,SBI,-1.6974949698923547,DOWN,UP,0.5011190067259186,False
2026-04-29,Sun Pharma,1.6641422650711002,UP,UP,0.533665745020412,True
2026-04-29,TCS,-0.032329124496333,DOWN,UP,0.5227812649100183,False
2026-04-29,Tata Steel,-2.0937577219875103,DOWN,DOWN,0.4948539003256961,True
2026-04-29,Wipro,-0.0149485650746017,DOWN,UP,0.5231433309546487,False
2026-04-30,Axis Bank,0.0,DOWN,UP,0.5164799162746997,False
2026-04-30,Bharti Airtel,0.0,DOWN,DOWN,0.4987980411145103,True
2026-04-30,Dr Reddy's,0.0,DOWN,UP,0.5018965552987179,False
2026-04-30,HCLTech,0.0,DOWN,UP,0.606354782522886,False
2026-04-30,HDFC Bank,0.0,DOWN,UP,0.5097735218028656,False
2026-04-30,Hindustan Unilever,0.0,DOWN,UP,0.5608010895774916,False
2026-04-30,ICICI Bank,0.0,DOWN,DOWN,0.49577945684124164,True
2026-04-30,ITC,0.0,DOWN,UP,0.5223938360623247,False
2026-04-30,Infosys,0.0,DOWN,UP,0.5604027272961204,False
2026-04-30,M&M,0.0,DOWN,UP,0.5073148995596134,False
2026-04-30,Maruti Suzuki,0.0,DOWN,DOWN,0.44838297779712555,True
2026-04-30,NTPC,0.0,DOWN,DOWN,0.48173747818217094,True
2026-04-30,ONGC,0.0,DOWN,UP,0.5437934568932145,False
2026-04-30,Reliance,0.0,DOWN,DOWN,0.4965669049545609,True
2026-04-30,SBI,0.0,DOWN,UP,0.5043443752329756,False
2026-04-30,Sun Pharma,0.0,DOWN,UP,0.5075084230097863,False
2026-04-30,TCS,0.0,DOWN,UP,0.5329487981397847,False
2026-04-30,Tata Steel,0.0,DOWN,UP,0.5197775987539552,False
2026-04-30,Wipro,0.0,DOWN,UP,0.5168865486558017,False
2026-05-01,Axis Bank,0.5361449575039812,UP,DOWN,0.4834302618577487,False
2026-05-01,Bharti Airtel,-3.1640911435881547,DOWN,DOWN,0.4990826506057319,True
2026-05-01,Dr Reddy's,-2.698622162169795,DOWN,DOWN,0.49334476394842297,True
2026-05-01,HCLTech,0.11675627075034,UP,UP,0.6144613109471092,True
2026-05-01,HDFC Bank,0.9977986374536396,UP,UP,0.5172286574194721,True
2026-05-01,Hindustan Unilever,2.59452436883425,UP,DOWN,0.48864319501661924,False
2026-05-01,ICICI Bank,0.5857229912192174,UP,UP,0.500030839590341,True
2026-05-01,ITC,-1.2067284428776135,DOWN,UP,0.5242028002455653,False
2026-05-01,Infosys,-1.133865616890939,DOWN,UP,0.5868838377339838,False
2026-05-01,M&M,0.2905569007263908,UP,DOWN,0.4967797391769062,False
2026-05-01,Maruti Suzuki,1.9978969505783484,UP,DOWN,0.4254370084157986,False
2026-05-01,NTPC,0.2254776174988038,UP,DOWN,0.47603432585876015,False
2026-05-01,ONGC,-2.219994714565121,DOWN,UP,0.5022272612186441,False
2026-05-01,Reliance,2.2574731377921875,UP,UP,0.5098829317869631,True
2026-05-01,SBI,-0.0046728213855762,DOWN,DOWN,0.49497866371949983,True
2026-05-01,Sun Pharma,0.8405657668220101,UP,UP,0.5248413072351161,True
2026-05-01,TCS,-1.7219715913027178,DOWN,UP,0.5267755198570039,False
2026-05-01,Tata Steel,0.4163535580390176,UP,DOWN,0.49407627186937597,False
2026-05-01,Wipro,0.0498410698019702,UP,UP,0.515341543921536,True
2026-05-05,Axis Bank,2.738747426949195,UP,UP,0.5230253577070598,True
2026-05-05,Bharti Airtel,1.5281532561332245,UP,UP,0.5194722389771832,True
2026-05-05,Dr Reddy's,3.1309038984334903,UP,UP,0.5220956100336442,True
2026-05-05,HCLTech,-0.924843862483038,DOWN,UP,0.6205600625320182,False
2026-05-05,HDFC Bank,3.1399715632911107,UP,UP,0.5130716514590643,True
2026-05-05,Hindustan Unilever,-0.4425455495262298,DOWN,UP,0.5008159401223559,False
2026-05-05,ICICI Bank,2.253652207420997,UP,UP,0.5150045436179586,True
2026-05-05,ITC,-0.2408091092003017,DOWN,UP,0.5115443166226045,False
2026-05-05,Infosys,-0.9252206637761162,DOWN,UP,0.5830966508909986,False
2026-05-05,M&M,2.8030396982474226,UP,UP,0.5315968182309797,True
2026-05-05,Maruti Suzuki,2.204677491434537,UP,DOWN,0.39862841221628587,False
2026-05-05,NTPC,-0.9532140602403928,DOWN,DOWN,0.4890371506075132,True
2026-05-05,ONGC,-3.155724790081804,DOWN,UP,0.5107328738919747,False
2026-05-05,Reliance,-1.7559409401866288,DOWN,DOWN,0.4905171090607742,True
2026-05-05,SBI,3.4059793145013284,UP,UP,0.5062405789345066,True
2026-05-05,Sun Pharma,1.6146694615189583,UP,UP,0.5111467227111262,True
2026-05-05,TCS,0.3336980741023509,UP,UP,0.5361021828698502,True
2026-05-05,Tata Steel,1.963843343104399,UP,DOWN,0.49516450923535016,False
2026-05-05,Wipro,-0.3303652348293884,DOWN,UP,0.5166561448714327,False
2026-05-06,Axis Bank,-0.115901719718181,DOWN,UP,0.5311406244965854,False
2026-05-06,Bharti Airtel,-0.3871939671155178,DOWN,DOWN,0.4936234202046682,True
2026-05-06,Dr Reddy's,-0.2593458744517551,DOWN,UP,0.5378660427245758,False
2026-05-06,HCLTech,-0.4793500369105863,DOWN,UP,0.5875535381600232,False
2026-05-06,HDFC Bank,-0.0627706995998345,DOWN,UP,0.5096818283121259,False
2026-05-06,Hindustan Unilever,-1.9377732765965328,DOWN,UP,0.5138324777166358,False
2026-05-06,ICICI Bank,-0.0390777647518603,DOWN,UP,0.512296399165589,False
2026-05-06,ITC,-1.062123650110436,DOWN,DOWN,0.49953178200359916,True
2026-05-06,Infosys,-0.3855380558816845,DOWN,UP,0.5896601327838318,False
2026-05-06,M&M,2.1176654541242623,UP,DOWN,0.499433237784428,False
2026-05-06,Maruti Suzuki,0.3498032356799241,UP,DOWN,0.4927889123597246,False
2026-05-06,NTPC,1.39293400404763,UP,UP,0.5186324098611961,True
2026-05-06,ONGC,1.1039908255983333,UP,UP,0.5398038257205161,True
2026-05-06,Reliance,-0.118233063030948,DOWN,UP,0.5153397236601336,False
2026-05-06,SBI,-0.3649635036496401,DOWN,UP,0.5178987436357829,False
2026-05-06,Sun Pharma,-0.8539577977939694,DOWN,UP,0.505836969236484,False
2026-05-06,TCS,-1.3960746227869802,DOWN,UP,0.53118407729141,False
2026-05-06,Tata Steel,0.7518425339999801,UP,DOWN,0.4928409715449277,False
2026-05-06,Wipro,-0.8838863750474157,DOWN,UP,0.5281568451650644,False
2026-05-07,Axis Bank,-1.887514757127573,DOWN,UP,0.5479011332086258,False
2026-05-07,Bharti Airtel,0.4324988787722139,UP,UP,0.5161116282193651,True
2026-05-07,Dr Reddy's,-1.0477173009838858,DOWN,DOWN,0.4962771640604707,True
2026-05-07,HCLTech,1.2675341972742338,UP,UP,0.5695219815220398,True
2026-05-07,HDFC Bank,-1.909429362491788,DOWN,UP,0.5150501341566261,False
2026-05-07,Hindustan Unilever,0.6821582753756328,UP,UP,0.5275317760106187,True
2026-05-07,ICICI Bank,-1.1102385591770902,DOWN,UP,0.5256232066391568,False
2026-05-07,ITC,0.0162714090891302,UP,UP,0.5109021555779254,True
2026-05-07,Infosys,1.4191107502300904,UP,UP,0.5683098596418541,True
2026-05-07,M&M,-1.1955988195898049,DOWN,DOWN,0.4893664507058449,True
2026-05-07,Maruti Suzuki,-0.3195352214960034,DOWN,DOWN,0.4440168612271045,True
2026-05-07,NTPC,0.449603538285781,UP,DOWN,0.49394929106172225,False
2026-05-07,ONGC,-1.6555060903477248,DOWN,DOWN,0.4928543277354053,True
2026-05-07,Reliance,-0.0696281878567184,DOWN,DOWN,0.4863371361019256,True
2026-05-07,SBI,-6.657510275369161,DOWN,UP,0.5395235925529526,False
2026-05-07,Sun Pharma,0.7359354459402612,UP,UP,0.5060903586499665,True
2026-05-07,TCS,-0.2914966388217199,DOWN,UP,0.5417834549747206,False
2026-05-07,Tata Steel,-1.197655759632421,DOWN,UP,0.504975434205939,False
2026-05-07,Wipro,0.2786801023797913,UP,UP,0.5289284116945627,True
2026-05-08,Axis Bank,0.3153827837266032,UP,UP,0.5462557675587983,True
2026-05-08,Bharti Airtel,-4.07195154929817,DOWN,DOWN,0.49897217729920934,True
2026-05-08,Dr Reddy's,-1.0820001341556362,DOWN,UP,0.503490240766296,False
2026-05-08,HCLTech,-0.2920560688165263,DOWN,UP,0.5140235760587721,False
2026-05-08,HDFC Bank,-2.202721612300551,DOWN,UP,0.5233282011730711,False
2026-05-08,Hindustan Unilever,0.8523845091665594,UP,DOWN,0.4989580598513677,False
2026-05-08,ICICI Bank,0.1265002786345448,UP,UP,0.5330628915398006,True
2026-05-08,ITC,-0.5204117872788405,DOWN,DOWN,0.4977540926001818,True
2026-05-08,Infosys,-0.1865630311202681,DOWN,DOWN,0.49915075878439974,True
2026-05-08,M&M,-2.537232839231518,DOWN,DOWN,0.47998664546966646,True
2026-05-08,Maruti Suzuki,-1.7703628150954387,DOWN,DOWN,0.42112970677828876,True
2026-05-08,NTPC,-2.287699074744032,DOWN,DOWN,0.4876476981243645,True
2026-05-08,ONGC,0.6446947400682967,UP,UP,0.5204038602413044,True
2026-05-08,Reliance,-3.274805016654536,DOWN,DOWN,0.4759444524236069,True
2026-05-08,SBI,-4.483470298668668,DOWN,UP,0.6223455150614945,False
2026-05-08,Sun Pharma,1.3420599832329128,UP,DOWN,0.4787670553247231,False
2026-05-08,TCS,-0.062646176961989,DOWN,DOWN,0.49377142665654516,True
2026-05-08,Tata Steel,-1.1235971841989656,DOWN,UP,0.520128744469816,False
2026-05-08,Wipro,-0.6215001584397029,DOWN,UP,0.5101727751750313,False
2026-05-11,Axis Bank,-0.9588990626404948,DOWN,UP,0.5160586622129499,False
2026-05-11,Bharti Airtel,-0.1704739127605825,DOWN,UP,0.5647358394230599,False
2026-05-11,Dr Reddy's,-0.7734998222689082,DOWN,UP,0.5192360868497642,False
2026-05-11,HCLTech,-4.109128344023127,DOWN,UP,0.5185369294553324,False
2026-05-11,HDFC Bank,-1.728542105025066,DOWN,UP,0.5155029092343931,False
2026-05-11,Hindustan Unilever,-1.959082529839562,DOWN,DOWN,0.49871412872248516,True
2026-05-11,ICICI Bank,-2.060958234584165,DOWN,UP,0.511236162337956,False
2026-05-11,ITC,-1.6838299145697455,DOWN,UP,0.502106067134156,False
2026-05-11,Infosys,-3.1180927078908294,DOWN,UP,0.5156851754684695,False
2026-05-11,M&M,-2.1534829922906007,DOWN,DOWN,0.47161929744902303,True
2026-05-11,Maruti Suzuki,-2.3066083215901534,DOWN,DOWN,0.46080728172453095,True
2026-05-11,NTPC,-0.0636213238920269,DOWN,UP,0.5415727809605241,False
2026-05-11,ONGC,4.804270462633453,UP,UP,0.5252706774321284,True
2026-05-11,Reliance,-1.743261203218327,DOWN,UP,0.5223568730018332,False
2026-05-11,SBI,0.1027115884424834,UP,UP,0.546065318016455,True
2026-05-11,Sun Pharma,-1.4417686070373523,DOWN,DOWN,0.44800495927201966,True
2026-05-11,TCS,-3.869775473053727,DOWN,DOWN,0.47903727559727854,True
2026-05-11,Tata Steel,-0.0377224775386486,DOWN,UP,0.5081673332719597,False
2026-05-11,Wipro,-3.6150018386888023,DOWN,UP,0.5013969505794618,False
2026-05-12,Axis Bank,-0.349180580851649,DOWN,UP,0.5201534780808308,False
2026-05-12,Bharti Airtel,1.8442566850656927,UP,UP,0.5163197129601571,True
2026-05-12,Dr Reddy's,-0.3700748954232336,DOWN,UP,0.5217657608674614,False
2026-05-12,HCLTech,-0.2269242053977271,DOWN,UP,0.5653233629162641,False
2026-05-12,HDFC Bank,-0.1132702521509543,DOWN,UP,0.5143919749065206,False
2026-05-12,Hindustan Unilever,0.2343080825873089,UP,DOWN,0.4987401825460214,False
2026-05-12,ICICI Bank,-0.3789464691731914,DOWN,UP,0.5234155565557758,False
2026-05-12,ITC,1.2470900724201206,UP,UP,0.5265492035681169,True
2026-05-12,Infosys,-1.508381347511456,DOWN,UP,0.5509833864377812,False
2026-05-12,M&M,-2.0214090419356068,DOWN,UP,0.5080784449963045,False
2026-05-12,Maruti Suzuki,-0.5238384451867639,DOWN,DOWN,0.45760021316445526,True
2026-05-12,NTPC,-0.572956437499117,DOWN,DOWN,0.4914548893603903,True
2026-05-12,ONGC,0.8998281482120118,UP,UP,0.5527040090848152,True
2026-05-12,Reliance,-0.3812280917796951,DOWN,UP,0.5179598954327755,False
2026-05-12,SBI,-0.4617278999308971,DOWN,UP,0.5243408813985425,False
2026-05-12,Sun Pharma,-1.132356444528282,DOWN,DOWN,0.491253682018686,True
2026-05-12,TCS,-1.195496214244296,DOWN,UP,0.5608202888738674,False
2026-05-12,Tata Steel,3.594337319428065,UP,UP,0.5036798213408397,True
2026-05-12,Wipro,-0.9336942575698282,DOWN,UP,0.5613067504991336,False
2026-05-13,Axis Bank,-0.0875986006777296,DOWN,UP,0.515317846286306,False
2026-05-13,Bharti Airtel,5.270514833535578,UP,DOWN,0.4999429919563278,False
2026-05-13,Dr Reddy's,3.0269442250701277,UP,UP,0.5299947058940883,True
2026-05-13,HCLTech,-1.6794919517091889,DOWN,UP,0.5215202484817882,False
2026-05-13,HDFC Bank,2.661421138846354,UP,UP,0.5135458000617554,True
2026-05-13,Hindustan Unilever,-0.8203633068267102,DOWN,UP,0.5039745401132527,False
2026-05-13,ICICI Bank,0.8416983343764395,UP,UP,0.5094000888363766,True
2026-05-13,ITC,0.9032681523198473,UP,DOWN,0.4905558786763017,False
2026-05-13,Infosys,-2.5020012640706635,DOWN,UP,0.528039901864302,False
2026-05-13,M&M,1.9956248004755703,UP,UP,0.5187176371621731,True
2026-05-13,Maruti Suzuki,-0.2136915210257162,DOWN,UP,0.5272296042865635,False
2026-05-13,NTPC,1.4982649258659997,UP,DOWN,0.49924607565146406,False
2026-05-13,ONGC,1.2619889204192214,UP,UP,0.5423330790885821,True
2026-05-13,Reliance,0.2207830359284512,UP,DOWN,0.4982269529918078,False
2026-05-13,SBI,1.0102101922232931,UP,UP,0.5422595932441857,True
2026-05-13,Sun Pharma,2.1043347937441226,UP,DOWN,0.48180553656008507,False
2026-05-13,TCS,-1.1791643898434123,DOWN,UP,0.5215360634375211,False
2026-05-13,Tata Steel,0.6875556867302901,UP,DOWN,0.4790655071744487,False
2026-05-13,Wipro,0.2662406772497183,UP,UP,0.5210340054847625,True
2026-05-14,Axis Bank,-0.7811196356221517,DOWN,UP,0.5109413461953108,False
2026-05-14,Bharti Airtel,1.1627302582459589,UP,UP,0.5500842645717563,True
2026-05-14,Dr Reddy's,2.5391206049278914,UP,DOWN,0.4896321618046313,False
2026-05-14,HCLTech,0.7651223830905218,UP,UP,0.5557438119555003,True
2026-05-14,HDFC Bank,-0.2663878663487495,DOWN,UP,0.5064719465975009,False
2026-05-14,Hindustan Unilever,1.0450482727921706,UP,UP,0.5019385008378302,True
2026-05-14,ICICI Bank,-0.1203852327447796,DOWN,UP,0.5014952618856353,False
2026-05-14,ITC,0.7324218458961695,UP,UP,0.5034569830298372,True
2026-05-14,Infosys,2.191780821917799,UP,UP,0.5613058481538331,True
2026-05-14,M&M,-1.600548418366543,DOWN,UP,0.5056909237221946,False
2026-05-14,Maruti Suzuki,1.1166347992351833,UP,UP,0.5496795252683998,True
2026-05-14,NTPC,-0.2649477227633201,DOWN,DOWN,0.49139457827454835,True
2026-05-14,ONGC,-0.5151172563672368,DOWN,UP,0.5388103053911233,False
2026-05-14,Reliance,-1.8651801662013523,DOWN,UP,0.515449629797827,False
2026-05-14,SBI,-1.7042567395604502,DOWN,UP,0.5434142606663996,False
2026-05-14,Sun Pharma,0.8050665732663553,UP,DOWN,0.487535501964476,False
2026-05-14,TCS,0.8014247551202169,UP,UP,0.5344184585655767,True
2026-05-14,Tata Steel,-1.940039094737656,DOWN,DOWN,0.4992165629651529,True
2026-05-14,Wipro,0.9028130221404806,UP,UP,0.5104730937601549,True
2026-05-15,Axis Bank,-0.5543078521372369,DOWN,UP,0.5256649762871384,False
2026-05-15,Bharti Airtel,1.716172496740187,UP,UP,0.5267252817841256,True
2026-05-15,Dr Reddy's,-0.4114610758516268,DOWN,UP,0.5072234158821244,False
2026-05-15,HCLTech,1.2360939697846351,UP,UP,0.5151110491657349,True
2026-05-15,HDFC Bank,0.1498403145358207,UP,UP,0.5405794292433214,True
2026-05-15,Hindustan Unilever,-0.7921838036620277,DOWN,DOWN,0.49737169942971193,True
2026-05-15,ICICI Bank,0.5303315054991931,UP,UP,0.5154634268105621,True
2026-05-15,ITC,0.2262018619617389,UP,UP,0.5124984427296687,True
2026-05-15,Infosys,2.10008936550492,UP,UP,0.520492399477041,True
2026-05-15,M&M,-1.261571683659546,DOWN,UP,0.5196421389202126,False
2026-05-15,Maruti Suzuki,-1.5505634974661509,DOWN,UP,0.5407108441482139,False
2026-05-15,NTPC,-1.7583838600964463,DOWN,DOWN,0.4923238368994086,True
2026-05-15,ONGC,-0.7182207625347159,DOWN,UP,0.5551645204017147,False
2026-05-15,Reliance,-0.0374139472362866,DOWN,UP,0.5288154976934831,False
2026-05-15,SBI,-2.470928933901761,DOWN,UP,0.5697630063125384,False
2026-05-15,Sun Pharma,1.4694973045350943,UP,DOWN,0.4808309348522197,False
2026-05-15,TCS,0.8480543803831786,UP,UP,0.5196034626510507,True
2026-05-15,Tata Steel,-3.288133990240971,DOWN,UP,0.5419177685251794,False
2026-05-15,Wipro,1.1421042994449015,UP,UP,0.5120251206044364,True
2026-05-18,Axis Bank,0.0323147593644934,UP,UP,0.5177429602019756,True
2026-05-18,Bharti Airtel,-1.26928310695118,DOWN,UP,0.5322464583175129,False
2026-05-18,Dr Reddy's,0.3004807802523324,UP,UP,0.5082066678436592,True
2026-05-18,HCLTech,2.860635751484608,UP,UP,0.5134072276036172,True
2026-05-18,HDFC Bank,-0.8066105522806066,DOWN,UP,0.537804459247631,False
2026-05-18,Hindustan Unilever,-0.9449050345800902,DOWN,UP,0.5013424907594418,False
2026-05-18,ICICI Bank,-0.823269679386629,DOWN,UP,0.5080991224106431,False
2026-05-18,ITC,0.0483617280142345,UP,UP,0.5135970543241868,True
2026-05-18,Infosys,4.761490101887311,UP,UP,0.5174359200434858,True
2026-05-18,M&M,0.2788889253956705,UP,UP,0.5199282976420619,True
2026-05-18,Maruti Suzuki,-0.4609711124769489,DOWN,DOWN,0.4881766760974353,True
2026-05-18,NTPC,0.2832876997415967,UP,UP,0.5227896775755323,True
2026-05-18,ONGC,-0.23553572620435,DOWN,UP,0.5342539351766402,False
2026-05-18,Reliance,-0.9881033760724134,DOWN,UP,0.5144703444605538,False
2026-05-18,SBI,1.0006347812019143,UP,UP,0.5920143117920661,True
2026-05-18,Sun Pharma,-1.2330779409125414,DOWN,DOWN,0.4789515258374231,True
2026-05-18,TCS,1.922746470883685,UP,UP,0.5179332621953221,True
2026-05-18,Tata Steel,-0.2002829689989216,DOWN,DOWN,0.49617901906105344,True
2026-05-18,Wipro,1.5611177751911898,UP,UP,0.5193046075243521,True
2026-05-19,Axis Bank,0.9286925257641075,UP,UP,0.5158803967668854,True
2026-05-19,Bharti Airtel,-0.4494369263620346,DOWN,UP,0.5215078794930464,False
2026-05-19,Dr Reddy's,-0.9961000033095746,DOWN,UP,0.5083203386650136,False
2026-05-19,HCLTech,-0.8139711198248301,DOWN,UP,0.5597637640448252,False
2026-05-19,HDFC Bank,-0.3869122119221968,DOWN,UP,0.5392126550329918,False
2026-05-19,Hindustan Unilever,-1.0569149781794351,DOWN,UP,0.5096774243588382,False
2026-05-19,ICICI Bank,-0.282076068848125,DOWN,UP,0.531289067827242,False
2026-05-19,ITC,-0.8862391582931006,DOWN,UP,0.5187575894096854,False
2026-05-19,Infosys,-0.2673634536647373,DOWN,UP,0.552345386611462,False
2026-05-19,M&M,0.9669146548402008,UP,UP,0.5235060335798688,True
2026-05-19,Maruti Suzuki,0.3627662858907143,UP,DOWN,0.4793262028454657,False
2026-05-19,NTPC,0.7832610062540768,UP,DOWN,0.49682408029882175,False
2026-05-19,ONGC,0.6070785136488288,UP,DOWN,0.49441877586160976,False
2026-05-19,Reliance,2.7973086388352053,UP,UP,0.5281300805734024,True
2026-05-19,SBI,0.2213360716813106,UP,UP,0.5728263574245064,True
2026-05-19,Sun Pharma,-0.1062529856090233,DOWN,DOWN,0.4880671027246139,True
2026-05-19,TCS,0.0128831882995505,UP,UP,0.5518198093647584,True
2026-05-19,Tata Steel,-1.0893969384287217,DOWN,DOWN,0.49844778602778966,True
2026-05-19,Wipro,0.99912741022532,UP,UP,0.5415121156711193,True
2026-05-20,Axis Bank,0.2800447962281405,UP,DOWN,0.4988677785974727,False
2026-05-20,Bharti Airtel,-1.0289241080757685,DOWN,UP,0.5143008321326493,False
2026-05-20,Dr Reddy's,-0.2572073796253682,DOWN,DOWN,0.49256985309540163,True
2026-05-20,HCLTech,-0.1367838595880521,DOWN,UP,0.54546793613407,False
2026-05-20,HDFC Bank,-0.0460797348173169,DOWN,UP,0.5308418296289118,False
2026-05-20,Hindustan Unilever,-1.371477307674751,DOWN,UP,0.5074135362134572,False
2026-05-20,ICICI Bank,0.4445162679181269,UP,UP,0.5023943915966165,True
2026-05-20,ITC,0.1625751974786649,UP,UP,0.5028653023935307,True
2026-05-20,Infosys,-1.0471643219662097,DOWN,UP,0.543922117111994,False
2026-05-20,M&M,-0.7430642346646366,DOWN,UP,0.5127990665676067,False
2026-05-20,Maruti Suzuki,0.0538337306775327,UP,DOWN,0.4621587871030125,False
2026-05-20,NTPC,-0.930060976055458,DOWN,DOWN,0.49652742540498396,True
2026-05-20,ONGC,-0.8213147132790088,DOWN,DOWN,0.4801690719968545,True
2026-05-20,Reliance,-0.7428091452994945,DOWN,UP,0.5144940102619228,False
2026-05-20,SBI,0.0,DOWN,UP,0.5670753016613079,False
2026-05-20,Sun Pharma,0.585013014643887,UP,DOWN,0.4817138636785838,False
2026-05-20,TCS,-0.0085911824467155,DOWN,UP,0.5221201574030669,False
2026-05-20,Tata Steel,0.7584210259794277,UP,DOWN,0.4847467751222292,False
2026-05-20,Wipro,1.3291449071003658,UP,UP,0.5418395554063393,True
2026-05-21,Axis Bank,2.561236283039481,UP,UP,0.5196001829461241,True
2026-05-21,Bharti Airtel,-0.7372844668784961,DOWN,UP,0.5134725822777533,False
2026-05-21,Dr Reddy's,-0.857038212220329,DOWN,UP,0.5132883061791285,False
2026-05-21,HCLTech,-0.3595233134243702,DOWN,UP,0.5689265833138357,False
2026-05-21,HDFC Bank,1.0077011305915209,UP,UP,0.5373800217579493,True
2026-05-21,Hindustan Unilever,1.1289627194240426,UP,UP,0.531081325100852,True
2026-05-21,ICICI Bank,1.7299645281051437,UP,UP,0.5134914707287821,True
2026-05-21,ITC,-2.0613458326786627,DOWN,UP,0.5057672370561733,False
2026-05-21,Infosys,-0.5672156661730265,DOWN,UP,0.5738057599012958,False
2026-05-21,M&M,-0.5711504089020658,DOWN,UP,0.5279307688160189,False
2026-05-21,Maruti Suzuki,-0.1767870868562671,DOWN,DOWN,0.4659381578076889,True
2026-05-21,NTPC,-0.0385786782905683,DOWN,UP,0.5282681304332296,False
2026-05-21,ONGC,-1.977355410791759,DOWN,DOWN,0.48834788840050314,True
2026-05-21,Reliance,0.3630723549720827,UP,UP,0.5432753066991334,True
2026-05-21,SBI,-0.1787792789340492,DOWN,UP,0.5850848158266517,False
2026-05-21,Sun Pharma,-2.4692048874594863,DOWN,DOWN,0.48328362508281814,True
2026-05-21,TCS,-0.4253997314998536,DOWN,UP,0.5317897499327823,False
2026-05-21,Tata Steel,0.2924540248329554,UP,UP,0.5028754041345074,True
2026-05-21,Wipro,1.6871908603721453,UP,UP,0.5447260502351028,True
2026-05-22,Axis Bank,2.007151568989052,UP,UP,0.5004757174665033,True
2026-05-22,Bharti Airtel,0.181683465304383,UP,UP,0.515085916256705,True
2026-05-22,Dr Reddy's,1.8512908618526724,UP,UP,0.5050832346196167,True
2026-05-22,HCLTech,0.1460439151095283,UP,UP,0.5548600346147937,True
2026-05-22,HDFC Bank,2.614761099654861,UP,UP,0.5143019680215035,True
2026-05-22,Hindustan Unilever,-0.3222044536938306,DOWN,DOWN,0.49666846780603535,True
2026-05-22,ICICI Bank,2.175116581343928,UP,UP,0.503573215695176,True
2026-05-22,ITC,0.7457739174554723,UP,UP,0.5034843154347372,True
2026-05-22,Infosys,-0.5108556832694733,DOWN,UP,0.5549122437915239,False
2026-05-22,M&M,1.872584631730989,UP,UP,0.5179498253981006,True
2026-05-22,Maruti Suzuki,1.4091014091013987,UP,DOWN,0.48035708382358233,False
2026-05-22,NTPC,0.360219714002441,UP,UP,0.5055733187354441,True
2026-05-22,ONGC,-1.7413751010237122,DOWN,UP,0.5124544918865639,False
2026-05-22,Reliance,0.9228497600590524,UP,UP,0.5299768076796602,True
2026-05-22,SBI,2.149174369632956,UP,UP,0.549209852648545,True
2026-05-22,Sun Pharma,-0.2168491842644337,DOWN,UP,0.5362077085884672,False
2026-05-22,TCS,-0.3927026049497573,DOWN,UP,0.5304016119672036,False
2026-05-22,Tata Steel,0.4923747632659347,UP,UP,0.5120234209760853,True
2026-05-22,Wipro,1.8364411975433592,UP,UP,0.535675815464911,True
2026-05-25,Axis Bank,-0.9075581747173268,DOWN,UP,0.5199914406865002,False
2026-05-25,Bharti Airtel,-1.4881600003958773,DOWN,UP,0.5032857132527951,False
2026-05-25,Dr Reddy's,-0.262881172887186,DOWN,UP,0.5176326525870666,False
2026-05-25,HCLTech,-0.3259781176101484,DOWN,UP,0.5482057359700767,False
2026-05-25,HDFC Bank,-1.0103515814377406,DOWN,UP,0.512306116585239,False
2026-05-25,Hindustan Unilever,0.5872935280559988,UP,UP,0.5078931999597498,True
2026-05-25,ICICI Bank,-0.9831299552673478,DOWN,UP,0.5120511336367095,False
2026-05-25,ITC,-0.7567093989719109,DOWN,DOWN,0.49098739865095625,True
2026-05-25,Infosys,-0.0684680212344912,DOWN,UP,0.5528973799520644,False
2026-05-25,M&M,-1.009874201079164,DOWN,UP,0.5169434031431632,False
2026-05-25,Maruti Suzuki,0.2885345482156465,UP,DOWN,0.46960730058069494,False
2026-05-25,NTPC,-0.0897258292245517,DOWN,UP,0.5100160795849152,False
2026-05-25,ONGC,0.8948895187679717,UP,UP,0.5149146033635134,True
2026-05-25,Reliance,-0.7827323461503277,DOWN,UP,0.5226142509626415,False
2026-05-25,SBI,-0.1134463297890353,DOWN,UP,0.5409325178148733,False
2026-05-25,Sun Pharma,0.0108700013496498,UP,DOWN,0.4908857698855202,False
2026-05-25,TCS,-1.386361696427274,DOWN,UP,0.5349997099854382,False
2026-05-25,Tata Steel,0.1189230323224821,UP,UP,0.5366050104021111,True
2026-05-25,Wipro,-1.503577966261016,DOWN,UP,0.5228867429408584,False
2026-05-26,Axis Bank,0.3694240419787276,UP,UP,0.5246921378631928,True
2026-05-26,Bharti Airtel,0.2869633812200511,UP,UP,0.5082259698101903,True
2026-05-26,Dr Reddy's,-0.670233018332056,DOWN,DOWN,0.49142559899486027,True
2026-05-26,HCLTech,0.2840112478245782,UP,UP,0.5214661679906641,True
2026-05-26,HDFC Bank,-2.599820177850598,DOWN,UP,0.5193646452089318,False
2026-05-26,Hindustan Unilever,-0.4978727476330213,DOWN,UP,0.5171252057578233,False
2026-05-26,ICICI Bank,-0.5003537281071946,DOWN,UP,0.5196044399436639,False
2026-05-26,ITC,-3.2156412682646462,DOWN,DOWN,0.49590880642664126,True
2026-05-26,Infosys,-0.6679735449149127,DOWN,UP,0.5224026853162188,False
2026-05-26,M&M,0.4602081744091046,UP,DOWN,0.494010160428185,False
2026-05-26,Maruti Suzuki,1.1811023622047223,UP,DOWN,0.4248533405620484,False
2026-05-26,NTPC,2.168329849824069,UP,UP,0.5051298194413772,True
2026-05-26,ONGC,-4.678265115489133,DOWN,DOWN,0.4843417777229918,True
2026-05-26,Reliance,-0.4276375889786576,DOWN,UP,0.5283050567061167,False
2026-05-26,SBI,-0.0722779769779302,DOWN,UP,0.5338509687354592,False
2026-05-26,Sun Pharma,0.1901347189896096,UP,DOWN,0.48255371880723447,False
2026-05-26,TCS,0.351462972129557,UP,UP,0.5180687474157172,True
2026-05-26,Tata Steel,2.0097855765693677,UP,UP,0.5214585937966131,True
2026-05-26,Wipro,-1.0553153397007242,DOWN,UP,0.509524265645364,False
2026-05-27,Axis Bank,0.0,DOWN,DOWN,0.49902128505048976,True
2026-05-27,Bharti Airtel,0.0,DOWN,DOWN,0.49925739779555817,True
2026-05-27,Dr Reddy's,0.0,DOWN,UP,0.5070674327164807,False
2026-05-27,HCLTech,0.0,DOWN,UP,0.514322252424954,False
2026-05-27,HDFC Bank,0.0,DOWN,UP,0.5155772492523668,False
2026-05-27,Hindustan Unilever,0.0,DOWN,DOWN,0.4973754141258579,True
2026-05-27,ICICI Bank,0.0,DOWN,UP,0.5174515416484808,False
2026-05-27,ITC,0.0,DOWN,UP,0.5114456744105788,False
2026-05-27,Infosys,0.0,DOWN,UP,0.5163161957936167,False
2026-05-27,M&M,0.0,DOWN,DOWN,0.4843482148592212,True
2026-05-27,Maruti Suzuki,0.0,DOWN,DOWN,0.44349413938919646,True
2026-05-27,NTPC,0.0,DOWN,DOWN,0.49725085294060917,True
2026-05-27,ONGC,0.0,DOWN,UP,0.554967275454546,False
2026-05-27,Reliance,0.0,DOWN,UP,0.5076143461866333,False
2026-05-27,SBI,0.0,DOWN,UP,0.5232708873650909,False
2026-05-27,Sun Pharma,0.0,DOWN,UP,0.5154567295981367,False
2026-05-27,TCS,0.0,DOWN,DOWN,0.4981963607521281,True
2026-05-27,Tata Steel,0.0,DOWN,UP,0.5231957017774539,False
2026-05-27,Wipro,0.0,DOWN,UP,0.500819435706255,False
2026-05-28,Axis Bank,-1.3419216568988257,DOWN,DOWN,0.4911024105274336,True
2026-05-28,Bharti Airtel,-1.2525619146678268,DOWN,DOWN,0.4738164101719551,True
2026-05-28,Dr Reddy's,-1.1751326762698966,DOWN,DOWN,0.47898739077706104,True
2026-05-28,HCLTech,1.5963009299428288,UP,DOWN,0.49942735343187594,False
2026-05-28,HDFC Bank,-1.8585693227893607,DOWN,UP,0.5095827851512206,False
2026-05-28,Hindustan Unilever,-2.042390117279458,DOWN,DOWN,0.4911504806902993,True
2026-05-28,ICICI Bank,-1.2807360244497468,DOWN,DOWN,0.4952700391583593,True
2026-05-28,ITC,-1.7297544440469936,DOWN,DOWN,0.49764627816666857,True
2026-05-28,Infosys,0.0862143270067727,UP,UP,0.5026809090440825,True
2026-05-28,M&M,-2.4346488218353834,DOWN,DOWN,0.467952881806912,True
2026-05-28,Maruti Suzuki,-1.77342113139779,DOWN,DOWN,0.3988869177037198,True
2026-05-28,NTPC,-2.825568296486003,DOWN,DOWN,0.49774225449221077,True
2026-05-28,ONGC,-3.156356242211922,DOWN,DOWN,0.49813559574817196,True
2026-05-28,Reliance,-2.169570442660129,DOWN,UP,0.5010575814257971,False
2026-05-28,SBI,-0.3513084750765394,DOWN,UP,0.513888518177331,False
2026-05-28,Sun Pharma,-2.4453774582344545,DOWN,DOWN,0.4784277513601831,True
2026-05-28,TCS,-1.1076109521473865,DOWN,DOWN,0.4837620092759453,True
2026-05-28,Tata Steel,-3.1113147511556027,DOWN,UP,0.5270418124410896,False
2026-05-28,Wipro,1.3245352439192226,UP,DOWN,0.4814610514119353,False
2026-06-01,Axis Bank,-1.9437297870978587,DOWN,DOWN,0.49785023859013494,True
2026-06-01,Bharti Airtel,0.1988277717043907,UP,DOWN,0.49665974897434945,False
2026-06-01,Dr Reddy's,-1.2709256125060353,DOWN,UP,0.5085578279246531,False
2026-06-01,HCLTech,4.049872429319801,UP,UP,0.5215237934099788,True
2026-06-01,HDFC Bank,0.7472718058097572,UP,UP,0.5031279898721331,True
2026-06-01,Hindustan Unilever,0.4509860444054103,UP,UP,0.543525799864572,True
2026-06-01,ICICI Bank,-1.0567053401554285,DOWN,UP,0.512154663746754,False
2026-06-01,ITC,1.2873256506660935,UP,UP,0.5524250890371906,True
2026-06-01,Infosys,5.679837740384608,UP,UP,0.5133766975762926,True
2026-06-01,M&M,0.94606754151898,UP,UP,0.5178208242588096,True
2026-06-01,Maruti Suzuki,0.5870539162675659,UP,DOWN,0.4557870556894086,False
2026-06-01,NTPC,-2.983897001928093,DOWN,UP,0.5270486424993084,False
2026-06-01,ONGC,0.2837684580551336,UP,UP,0.5284057180200645,True
2026-06-01,Reliance,-0.4090927586410942,DOWN,UP,0.5147813085671116,False
2026-06-01,SBI,0.2672727065692104,UP,UP,0.5119539547785816,True
2026-06-01,Sun Pharma,-0.36737965966811,DOWN,UP,0.5075189411555769,False
2026-06-01,TCS,6.50735641833553,UP,UP,0.5119151124899716,True
2026-06-01,Tata Steel,0.0142464635291883,UP,UP,0.5025859464986994,True
2026-06-01,Wipro,1.6617376168435172,UP,DOWN,0.47258204367183215,False
2026-06-02,Axis Bank,0.3277096687670733,UP,UP,0.5195387346237356,True
2026-06-02,Bharti Airtel,0.5456964326157943,UP,DOWN,0.48624049719400303,False
2026-06-02,Dr Reddy's,-0.8398705786401117,DOWN,UP,0.5029461131395303,False
2026-06-02,HCLTech,-5.186972255729794,DOWN,UP,0.5374984230377823,False
2026-06-02,HDFC Bank,0.7216871919896395,UP,DOWN,0.490984980792932,False
2026-06-02,Hindustan Unilever,-0.1480562443481936,DOWN,UP,0.5091544376874636,False
2026-06-02,ICICI Bank,1.2555050318426852,UP,UP,0.510128941483157,True
2026-06-02,ITC,-2.206531332744921,DOWN,UP,0.5081257252887867,False
2026-06-02,Infosys,-3.7928919885260814,DOWN,UP,0.5239193532791582,False
2026-06-02,M&M,0.4269102031041916,UP,DOWN,0.4825094748545589,False
2026-06-02,Maruti Suzuki,0.16894486254031,UP,DOWN,0.47569919995052057,False
2026-06-02,NTPC,-0.1633114081337261,DOWN,UP,0.5334625485758188,False
2026-06-02,ONGC,1.0186803740358077,UP,UP,0.5152881615659883,True
2026-06-02,Reliance,-0.1064981317558944,DOWN,UP,0.5079039129878703,False
2026-06-02,SBI,1.4425325292205082,UP,DOWN,0.4996822828773687,False
2026-06-02,Sun Pharma,-0.0782180230720297,DOWN,UP,0.5081072799350833,False
2026-06-02,TCS,-8.38611955378008,DOWN,UP,0.5387855601776085,False
2026-06-02,Tata Steel,0.6125324068123605,UP,DOWN,0.491723590610755,False
2026-06-02,Wipro,-2.7354128548174206,DOWN,DOWN,0.4891154018745312,True
2026-06-03,Axis Bank,-0.1513625253073192,DOWN,DOWN,0.49798418760322033,True
2026-06-03,Bharti Airtel,-0.2850694173275436,DOWN,DOWN,0.49257786175669194,True
2026-06-03,Dr Reddy's,0.3324587199827089,UP,DOWN,0.4957818532701574,False
2026-06-03,HCLTech,-0.9075446286577638,DOWN,UP,0.5832053265173506,False
2026-06-03,HDFC Bank,0.0729765508063806,UP,UP,0.5084975318336479,True
2026-06-03,Hindustan Unilever,-0.5357406863730874,DOWN,UP,0.5111726049934584,False
2026-06-03,ICICI Bank,0.7809944582830131,UP,DOWN,0.4968936336587865,False
2026-06-03,ITC,1.191331333201706,UP,UP,0.5565256710972372,True
2026-06-03,Infosys,-1.7421828221127145,DOWN,UP,0.5521517431671678,False
2026-06-03,M&M,0.1660522678702092,UP,UP,0.502392390263932,True
2026-06-03,Maruti Suzuki,0.1533272002453234,UP,DOWN,0.49372881096098414,False
2026-06-03,NTPC,-0.1090495937285052,DOWN,UP,0.500157402266962,False
2026-06-03,ONGC,-0.0747011044000989,DOWN,UP,0.5375144466834222,False
2026-06-03,Reliance,-0.7234237247360831,DOWN,UP,0.5028300380874546,False
2026-06-03,SBI,0.9067945470942362,UP,DOWN,0.4978639443459957,False
2026-06-03,Sun Pharma,-0.4696686840403918,DOWN,UP,0.5040997872976698,False
2026-06-03,TCS,-0.0312241239738164,DOWN,UP,0.6146601103479132,False
2026-06-03,Tata Steel,-0.6229610029883093,DOWN,DOWN,0.4935153709853732,True
2026-06-03,Wipro,0.1077908937403782,UP,UP,0.5176770246538932,True
2026-06-04,Axis Bank,1.5159977068353037,UP,DOWN,0.4955661134641231,False
2026-06-04,Bharti Airtel,-1.1380544815186244,DOWN,DOWN,0.48479820774573207,True
2026-06-04,Dr Reddy's,0.8441776072485307,UP,DOWN,0.48466300942528423,False
2026-06-04,HCLTech,-1.1640928775010884,DOWN,UP,0.5301612607840158,False
2026-06-04,HDFC Bank,-0.9480276184482216,DOWN,UP,0.5112546245315012,False
2026-06-04,Hindustan Unilever,2.0246272787066038,UP,UP,0.5247537598568515,True
2026-06-04,ICICI Bank,0.8308719996614089,UP,UP,0.5010220543887203,True
2026-06-04,ITC,0.1427129616423439,UP,UP,0.5284364145194851,True
2026-06-04,Infosys,-0.3163280341020535,DOWN,UP,0.5352882477813447,False
2026-06-04,M&M,0.8089884802799041,UP,UP,0.5067345631150244,True
2026-06-04,Maruti Suzuki,-0.1071647274954123,DOWN,DOWN,0.48535065521487364,True
2026-06-04,NTPC,-1.2963974015081423,DOWN,UP,0.5006483248394654,False
2026-06-04,ONGC,-1.0465288434755582,DOWN,UP,0.5462358461216776,False
2026-06-04,Reliance,-0.974146785881158,DOWN,DOWN,0.49467797632438953,True
2026-06-04,SBI,-0.1582831547581098,DOWN,DOWN,0.49754108480936926,True
2026-06-04,Sun Pharma,0.1179695306296579,UP,DOWN,0.49557734204299764,False
2026-06-04,TCS,-1.8786299712739816,DOWN,UP,0.5522305788137115,False
2026-06-04,Tata Steel,-1.8046269267146364,DOWN,DOWN,0.49434565049974216,True
2026-06-04,Wipro,-2.912104538832394,DOWN,DOWN,0.48843139391593426,True
2026-06-05,Axis Bank,-0.3301165669258643,DOWN,UP,0.5141455807441461,False
2026-06-05,Bharti Airtel,0.8397340710864398,UP,DOWN,0.4959075267909054,False
2026-06-05,Dr Reddy's,-0.2034091445202945,DOWN,DOWN,0.49796440091529803,True
2026-06-05,HCLTech,-0.2944403297410303,DOWN,UP,0.5490879155337987,False
2026-06-05,HDFC Bank,-1.1244178456815912,DOWN,UP,0.5421932541004229,False
2026-06-05,Hindustan Unilever,-0.5373510414211635,DOWN,UP,0.518726419306518,False
2026-06-05,ICICI Bank,-0.9428749421009908,DOWN,UP,0.5145188814206694,False
2026-06-05,ITC,-0.4453152638547286,DOWN,UP,0.5361481769654901,False
2026-06-05,Infosys,-0.8267243769571997,DOWN,UP,0.5444158427608283,False
2026-06-05,M&M,-2.450254892287451,DOWN,UP,0.512868493958632,False
2026-06-05,Maruti Suzuki,-1.0574712643678152,DOWN,DOWN,0.4731623895177494,True
2026-06-05,NTPC,0.2073828322017634,UP,UP,0.5374594866991852,True
2026-06-05,ONGC,-0.0377737879190265,DOWN,UP,0.5735009703497783,False
2026-06-05,Reliance,-2.145619765443452,DOWN,UP,0.5156067635988445,False
2026-06-05,SBI,0.43469366338722,UP,UP,0.5233679943730021,True
2026-06-05,Sun Pharma,0.3703342967723788,UP,DOWN,0.4958111065782973,False
2026-06-05,TCS,-2.160171090524443,DOWN,UP,0.5750168959864932,False
2026-06-05,Tata Steel,-1.9586995057663703,DOWN,UP,0.5408613666738428,False
2026-06-05,Wipro,-8.373242435449535,DOWN,DOWN,0.4737022219918348,True
2026-06-08,Axis Bank,1.9162565488495489,UP,UP,0.5050241114375915,True
2026-06-08,Bharti Airtel,-0.7886201093617484,DOWN,DOWN,0.4843190628055424,True
2026-06-08,Dr Reddy's,-0.5565989120277393,DOWN,DOWN,0.49739612289334534,True
2026-06-08,HCLTech,-0.4342916518668915,DOWN,UP,0.5192326079802867,False
2026-06-08,HDFC Bank,-0.0406212439190034,DOWN,UP,0.5223719568916839,False
2026-06-08,Hindustan Unilever,1.0757760353211854,UP,UP,0.5277375132231549,True
2026-06-08,ICICI Bank,1.9836865938827275,UP,UP,0.5109457385852507,True
2026-06-08,ITC,0.1968107958289389,UP,UP,0.560618402934846,True
2026-06-08,Infosys,-0.6146789245436657,DOWN,UP,0.5041381152524935,False
2026-06-08,M&M,0.8125454368256957,UP,UP,0.51233039527553,True
2026-06-08,Maruti Suzuki,1.610904584882289,UP,DOWN,0.4339882901823723,False
2026-06-08,NTPC,-1.862582812826441,DOWN,UP,0.5284290860911806,False
2026-06-08,ONGC,-2.1348928875072337,DOWN,UP,0.5567159630777815,False
2026-06-08,Reliance,0.4670230440680267,UP,UP,0.5176366843181773,True
2026-06-08,SBI,2.113142190747808,UP,UP,0.5055935012258238,True
2026-06-08,Sun Pharma,-0.5478560241847674,DOWN,DOWN,0.49262989779552746,True
2026-06-08,TCS,-0.0185880060380339,DOWN,UP,0.5610309593376039,False
2026-06-08,Tata Steel,0.2269097535064324,UP,UP,0.5080168250604912,True
2026-06-08,Wipro,-0.0495138317619714,DOWN,UP,0.5802653034157862,False
2026-06-09,Axis Bank,1.7099949836318684,UP,UP,0.5250502031330977,True
2026-06-09,Bharti Airtel,-1.3229599126250655,DOWN,UP,0.5205282010376497,False
2026-06-09,Dr Reddy's,0.2522626071639777,UP,UP,0.5147720868925721,True
2026-06-09,HCLTech,-1.2387745474410794,DOWN,UP,0.538218076561216,False
2026-06-09,HDFC Bank,1.1512155862475115,UP,UP,0.5229463000021801,True
2026-06-09,Hindustan Unilever,1.72074035688623,UP,UP,0.533503105469266,True
2026-06-09,ICICI Bank,1.4352979473039262,UP,UP,0.5218687065616939,True
2026-06-09,ITC,1.3035692487444184,UP,UP,0.557716627989963,True
2026-06-09,Infosys,-2.965347670259788,DOWN,UP,0.5228409605061681,False
2026-06-09,M&M,-1.2574862522402586,DOWN,UP,0.5185841551476399,False
2026-06-09,Maruti Suzuki,-0.3582317073170693,DOWN,UP,0.5035115096636016,False
2026-06-09,NTPC,-1.1247012705317916,DOWN,UP,0.5625308246081041,False
2026-06-09,ONGC,-2.7413150978824685,DOWN,UP,0.585681867313176,False
2026-06-09,Reliance,-0.819406141179535,DOWN,UP,0.5058723698736812,False
2026-06-09,SBI,0.054850681786478,UP,UP,0.5149954742902062,True
2026-06-09,Sun Pharma,0.415965397080531,UP,UP,0.5017018261565575,True
2026-06-09,TCS,0.1348164734425783,UP,UP,0.5616619081522094,True
2026-06-09,Tata Steel,-1.9047126964725325,DOWN,UP,0.5065696526328989,False
2026-06-09,Wipro,-1.5082322457095954,DOWN,UP,0.5196337398443005,False
2026-06-10,Axis Bank,0.2130124631513963,UP,UP,0.5144779268015773,True
2026-06-10,Bharti Airtel,0.4168558256875565,UP,UP,0.5046892734311336,True
2026-06-10,Dr Reddy's,0.338133914699168,UP,UP,0.5071035651482565,True
2026-06-10,HCLTech,-1.9344602849874384,DOWN,UP,0.5493917738286644,False
2026-06-10,HDFC Bank,-0.3012653241683205,DOWN,DOWN,0.4959880689216078,True
2026-06-10,Hindustan Unilever,-1.3689767767630756,DOWN,UP,0.538673923962711,False
2026-06-10,ICICI Bank,1.832517612084672,UP,UP,0.5042952253544939,True
2026-06-10,ITC,-0.4406839509597082,DOWN,UP,0.5480358896533045,False
2026-06-10,Infosys,-2.680526668413219,DOWN,UP,0.534089724018045,False
2026-06-10,M&M,1.6392854307790028,UP,UP,0.5133296727002026,True
2026-06-10,Maruti Suzuki,0.1912338407404679,UP,DOWN,0.44491121128487315,False
2026-06-10,NTPC,0.0568782057451588,UP,UP,0.5590957765996262,True
2026-06-10,ONGC,0.2778929035301525,UP,UP,0.5738804272076945,True
2026-06-10,Reliance,0.3336472043979466,UP,UP,0.5261607975489618,True
2026-06-10,SBI,-0.2541727179634967,DOWN,UP,0.5114155281169959,False
2026-06-10,Sun Pharma,0.4366282272287192,UP,DOWN,0.48725136322221757,False
2026-06-10,TCS,-0.8496125872695992,DOWN,UP,0.5718100620976978,False
2026-06-10,Tata Steel,-0.6773322268139759,DOWN,UP,0.5298971732001008,False
2026-06-10,Wipro,-0.8718479977923188,DOWN,UP,0.5490381033603645,False
2026-06-11,Axis Bank,2.960601120048123,UP,UP,0.5185559896178259,True
2026-06-11,Bharti Airtel,2.238305001712315,UP,DOWN,0.4949207853044247,False
2026-06-11,Dr Reddy's,-0.0470200302458811,DOWN,UP,0.5070938582174929,False
2026-06-11,HCLTech,-0.0540421196473794,DOWN,UP,0.5604569001794799,False
2026-06-11,HDFC Bank,3.7402682694393175,UP,UP,0.5096821957637195,True
2026-06-11,Hindustan Unilever,1.355266816443068,UP,UP,0.5368833251162329,True
2026-06-11,ICICI Bank,1.8071411410877087,UP,UP,0.5007970366516333,True
2026-06-11,ITC,0.956094994825296,UP,UP,0.5449670896822089,True
2026-06-11,Infosys,0.1614972965685579,UP,UP,0.5497371376786576,True
2026-06-11,M&M,1.3995801715078082,UP,UP,0.520096291025464,True
2026-06-11,Maruti Suzuki,2.046113910520697,UP,DOWN,0.4730677482122012,False
2026-06-11,NTPC,0.5826311659536065,UP,UP,0.5305947170221385,True
2026-06-11,ONGC,-2.5336536027836365,DOWN,UP,0.5395086201025744,False
2026-06-11,Reliance,2.375296912114022,UP,UP,0.5110221112636129,True
2026-06-11,SBI,1.6438505052828845,UP,UP,0.508510651004333,True
2026-06-11,Sun Pharma,0.752424499353177,UP,DOWN,0.4934133681524167,False
2026-06-11,TCS,1.2080822020852366,UP,UP,0.5755407516899574,True
2026-06-11,Tata Steel,-0.0505183371003581,DOWN,UP,0.5061723466151561,False
2026-06-11,Wipro,1.5617096175882583,UP,UP,0.5462279913376263,True
2026-06-12,Axis Bank,0.8847599769953751,UP,UP,0.5115402208812191,True
2026-06-12,Bharti Airtel,1.0260604209533677,UP,UP,0.5025019399743113,True
2026-06-12,Dr Reddy's,0.3214658544342663,UP,UP,0.5236290751870629,True
2026-06-12,HCLTech,0.8741955169082605,UP,UP,0.5627261439173604,True
2026-06-12,HDFC Bank,0.6343405141397085,UP,UP,0.5072627666203469,True
2026-06-12,Hindustan Unilever,-0.5855750131846915,DOWN,UP,0.5210163439961879,False
2026-06-12,ICICI Bank,-0.9844923002295892,DOWN,UP,0.5000447171900516,False
2026-06-12,ITC,0.9821072371188012,UP,UP,0.5356647157525948,True
2026-06-12,Infosys,1.6571121099455022,UP,UP,0.5423810575314869,True
2026-06-12,M&M,3.003718473091266,UP,UP,0.5119889329215296,True
2026-06-12,Maruti Suzuki,3.284453089929662,UP,DOWN,0.4910869321027292,False
2026-06-12,NTPC,-1.6388776188182796,DOWN,UP,0.5506136829569478,False
2026-06-12,ONGC,-1.0357445505142948,DOWN,UP,0.5531729195459035,False
2026-06-12,Reliance,1.0827532869296164,UP,UP,0.5213964574910964,True
2026-06-12,SBI,0.363756681223748,UP,UP,0.5142288475562887,True
2026-06-12,Sun Pharma,-0.0940394544334033,DOWN,DOWN,0.4907806745930438,True
2026-06-12,TCS,0.0277643047730036,UP,UP,0.5793913319309706,True
2026-06-12,Tata Steel,-0.2931374857300883,DOWN,UP,0.5259610001231159,False
2026-06-12,Wipro,0.6883565545494852,UP,UP,0.556782779976974,True
2026-06-15,Axis Bank,-0.1900239394478475,DOWN,UP,0.5160729101383802,False
2026-06-15,Bharti Airtel,0.6408890474179474,UP,UP,0.5224426700758664,True
2026-06-15,Dr Reddy's,-0.2032024686156708,DOWN,UP,0.5147342043882224,False
2026-06-15,HCLTech,3.546855127312787,UP,UP,0.5635237684757968,True
2026-06-15,HDFC Bank,0.9712547842346098,UP,UP,0.5444516053242398,True
2026-06-15,Hindustan Unilever,2.031436515174412,UP,UP,0.5325201954384028,True
2026-06-15,ICICI Bank,0.5046756075172798,UP,UP,0.5314791876015597,True
2026-06-15,ITC,1.3025356302537316,UP,UP,0.5249979706249098,True
2026-06-15,Infosys,0.7665830456182077,UP,UP,0.554297087618258,True
2026-06-15,M&M,0.1148535066695544,UP,UP,0.5200193684586729,True
2026-06-15,Maruti Suzuki,-0.8257877580586714,DOWN,DOWN,0.47366622243340584,True
2026-06-15,NTPC,2.1401843030240286,UP,UP,0.5750970526449206,True
2026-06-15,ONGC,1.8674340922375965,UP,UP,0.5436242012590549,True
2026-06-15,Reliance,1.66794558746175,UP,UP,0.5486776223562645,True
2026-06-15,SBI,-0.5436634104617921,DOWN,UP,0.5241577837825598,False
2026-06-15,Sun Pharma,-0.2934689273601853,DOWN,UP,0.5014734645920199,False
2026-06-15,TCS,1.7113783533765137,UP,UP,0.6079863756090039,True
2026-06-15,Tata Steel,-0.648823391736153,DOWN,UP,0.5408257292459409,False
2026-06-15,Wipro,0.7112103051084784,UP,UP,0.6242275567898339,True
2026-06-16,Axis Bank,-1.0836880198401566,DOWN,DOWN,0.4943731279595315,True
2026-06-16,Bharti Airtel,1.225037839820553,UP,UP,0.5094219061333994,True
2026-06-16,Dr Reddy's,-0.6186877800153257,DOWN,DOWN,0.4913299519229743,True
2026-06-16,HCLTech,0.6729981732635837,UP,UP,0.5784120453399172,True
2026-06-16,HDFC Bank,0.2802842532101168,UP,UP,0.5273725830246183,True
2026-06-16,Hindustan Unilever,-0.1045413332238398,DOWN,DOWN,0.4997218751707687,True
2026-06-16,ICICI Bank,0.1873641541267678,UP,DOWN,0.48700966802853973,False
2026-06-16,ITC,-0.3085869759365756,DOWN,UP,0.5274812689239541,False
2026-06-16,Infosys,1.2329464748994212,UP,UP,0.5473009182332719,True
2026-06-16,M&M,-0.159342240211846,DOWN,UP,0.5082780822400751,False
2026-06-16,Maruti Suzuki,-0.4455481703308783,DOWN,DOWN,0.4072299991746791,True
2026-06-16,NTPC,0.0,DOWN,UP,0.5191700684247745,False
2026-06-16,ONGC,-1.289281622718752,DOWN,UP,0.5246370755446451,False
2026-06-16,Reliance,0.2934905328449755,UP,UP,0.5287771113893527,True
2026-06-16,SBI,1.1031234454535577,UP,UP,0.5120519284931075,True
2026-06-16,Sun Pharma,1.0940230897083625,UP,DOWN,0.4854169352000712,False
2026-06-16,TCS,1.091405184174632,UP,UP,0.5690174109239178,True
2026-06-16,Tata Steel,1.5357114830795826,UP,UP,0.5275712567290514,True
2026-06-16,Wipro,0.9853851589208596,UP,UP,0.6142533074309272,True
2026-06-17,Axis Bank,0.6810238363764487,UP,DOWN,0.49055224330324515,False
2026-06-17,Bharti Airtel,-0.0479768815469516,DOWN,UP,0.5109268085569093,False
2026-06-17,Dr Reddy's,-0.118203309692666,DOWN,UP,0.5018619834733313,False
2026-06-17,HCLTech,-0.4285224366438522,DOWN,UP,0.5408825608723712,False
2026-06-17,HDFC Bank,1.5118821983451047,UP,UP,0.5221454339635117,True
2026-06-17,Hindustan Unilever,0.9510330094196772,UP,UP,0.5029804783745565,True
2026-06-17,ICICI Bank,0.4114302662407532,UP,DOWN,0.48825656363352327,False
2026-06-17,ITC,0.1375731372259325,UP,UP,0.5138184520796676,True
2026-06-17,Infosys,-2.608616433066724,DOWN,UP,0.534850741508398,False
2026-06-17,M&M,0.1149126294637259,UP,UP,0.5092563318637524,True
2026-06-17,Maruti Suzuki,-1.0711665443873808,DOWN,DOWN,0.41725908139387374,True
2026-06-17,NTPC,1.800035053802107,UP,UP,0.5332723348582054,True
2026-06-17,ONGC,0.1224502252072712,UP,UP,0.5595000493432906,True
2026-06-17,Reliance,-0.3451621335989863,DOWN,UP,0.5344039786225738,False
2026-06-17,SBI,1.5781735189356991,UP,DOWN,0.49263400574911426,False
2026-06-17,Sun Pharma,0.2417064576495375,UP,DOWN,0.48979697060455823,False
2026-06-17,TCS,-0.8861876370614086,DOWN,UP,0.5157685952482927,False
2026-06-17,Tata Steel,0.7587607694612863,UP,UP,0.5239711937720535,True
2026-06-17,Wipro,-0.883615152613515,DOWN,UP,0.6156359834557009,False
2026-06-18,Axis Bank,-0.1617492251573038,DOWN,DOWN,0.48025624190912314,True
2026-06-18,Bharti Airtel,1.9202047718369863,UP,UP,0.5098775022561649,True
2026-06-18,Dr Reddy's,0.3629172059911312,UP,DOWN,0.4943283038032084,False
2026-06-18,HCLTech,-2.5908156645897185,DOWN,UP,0.5467855047403472,False
2026-06-18,HDFC Bank,-2.403005282482007,DOWN,UP,0.5114294791620692,False
2026-06-18,Hindustan Unilever,-1.077300083107957,DOWN,UP,0.502586624023582,False
2026-06-18,ICICI Bank,0.3128921268789053,UP,DOWN,0.48590021106844977,False
2026-06-18,ITC,0.4636806222965584,UP,UP,0.5184572898431284,True
2026-06-18,Infosys,-6.749443510947895,DOWN,UP,0.5658482183906759,False
2026-06-18,M&M,-1.967159291307985,DOWN,DOWN,0.4924426026727805,True
2026-06-18,Maruti Suzuki,-0.6600415307030594,DOWN,DOWN,0.43065917116952174,True
2026-06-18,NTPC,1.0636760480989826,UP,UP,0.5440776291049898,True
2026-06-18,ONGC,0.3872796316442439,UP,UP,0.5622640600468559,True
2026-06-18,Reliance,-1.4004951380058197,DOWN,UP,0.534364403108155,False
2026-06-18,SBI,-0.7288746467664087,DOWN,DOWN,0.4990691621735314,True
2026-06-18,Sun Pharma,0.7398070823523728,UP,DOWN,0.4894692926172564,False
2026-06-18,TCS,-3.553762406067696,DOWN,UP,0.522775685177036,False
2026-06-18,Tata Steel,-0.7779760250124723,DOWN,UP,0.535350418376709,False
2026-06-18,Wipro,-1.1157259500065295,DOWN,UP,0.6243178693178439,False
2026-06-19,Axis Bank,0.0515465910074564,UP,DOWN,0.48057550158735507,False
2026-06-19,Bharti Airtel,0.3035339444003693,UP,UP,0.515618334362706,True
2026-06-19,Dr Reddy's,1.4621473109745375,UP,DOWN,0.49635023510932924,False
2026-06-19,HCLTech,-0.1060308583235691,DOWN,UP,0.5333331926489255,False
2026-06-19,HDFC Bank,0.8463755737895706,UP,UP,0.5130731294141659,True
2026-06-19,Hindustan Unilever,-0.4420028652536434,DOWN,UP,0.5121335542585371,False
2026-06-19,ICICI Bank,0.4381748543678121,UP,DOWN,0.4829044444239587,False
2026-06-19,ITC,-0.4273504273504258,DOWN,UP,0.5084151775035458,False
2026-06-19,Infosys,1.3315578918501547,UP,UP,0.5479262466794642,True
2026-06-19,M&M,-0.3707605796585023,DOWN,UP,0.5104534490892092,False
2026-06-19,Maruti Suzuki,0.1941022769690104,UP,DOWN,0.4753712924169912,False
2026-06-19,NTPC,0.3417167965318324,UP,UP,0.5318693710991752,True
2026-06-19,ONGC,-0.3248743357392114,DOWN,UP,0.5577431412224849,False
2026-06-19,Reliance,1.298205421916765,UP,UP,0.532319637619231,True
2026-06-19,SBI,0.5458433530407758,UP,UP,0.5093458747098483,True
2026-06-19,Sun Pharma,1.338191531987354,UP,DOWN,0.49033157867100496,False
2026-06-19,TCS,0.1317670036764751,UP,UP,0.5194101197512367,True
2026-06-19,Tata Steel,0.0050233747982852,UP,UP,0.5350758377765493,True
2026-06-19,Wipro,-0.3429260871190775,DOWN,UP,0.5761882117987634,False
2026-06-22,Axis Bank,0.3606671943262141,UP,DOWN,0.48904204750840025,False
2026-06-22,Bharti Airtel,-0.7826359277404382,DOWN,DOWN,0.49264472860381453,True
2026-06-22,Dr Reddy's,0.8212673787293401,UP,UP,0.5111907975191091,True
2026-06-22,HCLTech,-1.8575851393188847,DOWN,UP,0.520734609944542,False
2026-06-22,HDFC Bank,-1.4941505131252697,DOWN,UP,0.5071361654194119,False
2026-06-22,Hindustan Unilever,-1.1350545011648894,DOWN,UP,0.510184770330766,False
2026-06-22,ICICI Bank,-1.0425891253622588,DOWN,DOWN,0.49156160965387163,True
2026-06-22,ITC,-0.4291845493562207,DOWN,UP,0.5084897087606729,False
2026-06-22,Infosys,-3.388396354298129,DOWN,UP,0.5254393297576324,False
2026-06-22,M&M,-0.8519897612994098,DOWN,DOWN,0.4960785107902258,True
2026-06-22,Maruti Suzuki,0.2235302883540679,UP,UP,0.516858038081258,True
2026-06-22,NTPC,-0.6674790276345322,DOWN,UP,0.5444967756907463,False
2026-06-22,ONGC,-0.4481527229183601,DOWN,UP,0.5676511886678729,False
2026-06-22,Reliance,-1.2815680361854542,DOWN,UP,0.500741780748171,False
2026-06-22,SBI,-1.5902040670790265,DOWN,DOWN,0.49892573590950084,True
2026-06-22,Sun Pharma,0.2737653936926376,UP,DOWN,0.4933968904383346,False
2026-06-22,TCS,-3.20518608923972,DOWN,DOWN,0.49453279380810783,True
2026-06-22,Tata Steel,-2.719004688605542,DOWN,UP,0.5233663154557957,False
2026-06-22,Wipro,-3.1579461726673697,DOWN,UP,0.5254525312454739,False
2026-06-23,Axis Bank,1.5401540154015292,UP,DOWN,0.4944931791522191,False
2026-06-23,Bharti Airtel,-1.2778674310996885,DOWN,UP,0.5001751265187979,False
2026-06-23,Dr Reddy's,2.082530897493018,UP,UP,0.5243512363007873,True
2026-06-23,HCLTech,0.396577234255302,UP,UP,0.5255331956260816,True
2026-06-23,HDFC Bank,2.394628181545566,UP,UP,0.5092782454112872,True
2026-06-23,Hindustan Unilever,-0.1064788076543532,DOWN,DOWN,0.49533722833136445,True
2026-06-23,ICICI Bank,2.6376690928706648,UP,UP,0.5242911668330529,True
2026-06-23,ITC,0.1206917598329804,UP,UP,0.508733021778085,True
2026-06-23,Infosys,2.6522807211457837,UP,UP,0.5673129708828317,True
2026-06-23,M&M,0.895530594100169,UP,UP,0.5033512375029351,True
2026-06-23,Maruti Suzuki,-1.5091814734963904,DOWN,UP,0.5203202436004648,False
2026-06-23,NTPC,-2.0707674668560827,DOWN,UP,0.5395215151676491,False
2026-06-23,ONGC,-1.7802357253360437,DOWN,UP,0.5524132886651542,False
2026-06-23,Reliance,0.3130947373759074,UP,UP,0.520048278629997,True
2026-06-23,SBI,1.0154291066078347,UP,UP,0.5253194396419122,True
2026-06-23,Sun Pharma,0.3426137266628659,UP,UP,0.5105360097754523,True
2026-06-23,TCS,2.3985191299983555,UP,UP,0.5302287608806446,True
2026-06-23,Tata Steel,-1.7565581418522047,DOWN,UP,0.5532293900288154,False
2026-06-23,Wipro,-0.0057365839359779,DOWN,UP,0.5719720877273915,False
2026-06-24,Axis Bank,-0.5272696878385719,DOWN,DOWN,0.48512081581305816,True
2026-06-24,Bharti Airtel,-1.4169337327218812,DOWN,DOWN,0.49094457978514167,True
2026-06-24,Dr Reddy's,1.6636536570138638,UP,UP,0.5183701240715001,True
2026-06-24,HCLTech,-1.185032135099473,DOWN,UP,0.505729280908133,False
2026-06-24,HDFC Bank,0.3908189029538711,UP,DOWN,0.48539198198090433,False
2026-06-24,Hindustan Unilever,0.7600288243879039,UP,UP,0.5099162273894218,True
2026-06-24,ICICI Bank,1.0119412246009318,UP,DOWN,0.4797192134207705,False
2026-06-24,ITC,-0.1205462704177984,DOWN,UP,0.5002555364876577,False
2026-06-24,Infosys,-1.4575075496781498,DOWN,UP,0.5464742396950534,False
2026-06-24,M&M,3.8407554632688967,UP,DOWN,0.4953289866163724,False
2026-06-24,Maruti Suzuki,3.75150966183575,UP,DOWN,0.492882652570056,False
2026-06-24,NTPC,-1.4003641425410662,DOWN,UP,0.5415928064239697,False
2026-06-24,ONGC,-2.8749974568685,DOWN,UP,0.5715960842395196,False
2026-06-24,Reliance,0.342570042907675,UP,DOWN,0.49926279435855414,False
2026-06-24,SBI,1.043886437558483,UP,DOWN,0.49509854605559733,False
2026-06-24,Sun Pharma,-0.61886339281092,DOWN,DOWN,0.4870482292648041,True
2026-06-24,TCS,-0.6780487827465653,DOWN,UP,0.5076729447166808,False
2026-06-24,Tata Steel,-0.7625141566670157,DOWN,UP,0.5178064772677351,False
2026-06-24,Wipro,0.2980308833070877,UP,DOWN,0.48818987918611007,False
2026-06-25,Axis Bank,0.0,DOWN,UP,0.5030561973786896,False
2026-06-25,Bharti Airtel,0.0,DOWN,UP,0.5079487783818729,False
2026-06-25,Dr Reddy's,0.0,DOWN,UP,0.5066928353162552,False
2026-06-25,HCLTech,0.0,DOWN,UP,0.5553762655850146,False
2026-06-25,HDFC Bank,0.0,DOWN,DOWN,0.4916897574003176,True
2026-06-25,Hindustan Unilever,0.0,DOWN,UP,0.5059732770263609,False
2026-06-25,ICICI Bank,0.0,DOWN,DOWN,0.48684212431106394,True
2026-06-25,ITC,0.0,DOWN,UP,0.5102024439741156,False
2026-06-25,Infosys,0.0,DOWN,UP,0.5791786852969371,False
2026-06-25,M&M,0.0,DOWN,UP,0.5102621795464605,False
2026-06-25,Maruti Suzuki,0.0,DOWN,UP,0.5757004040772637,False
2026-06-25,NTPC,0.0,DOWN,UP,0.527245376374428,False
2026-06-25,ONGC,0.0,DOWN,UP,0.5941331749288814,False
2026-06-25,Reliance,0.0,DOWN,UP,0.5037992157466475,False
2026-06-25,SBI,0.0,DOWN,DOWN,0.4902128701100643,True
2026-06-25,Sun Pharma,0.0,DOWN,DOWN,0.4981039172981343,True
2026-06-25,TCS,0.0,DOWN,UP,0.5417382504946364,False
2026-06-25,Tata Steel,0.0,DOWN,UP,0.5083529706674292,False
2026-06-25,Wipro,0.0,DOWN,UP,0.5232421605435211,False
2026-06-26,Axis Bank,-1.481259299086635,DOWN,DOWN,0.4801605821696377,True
2026-06-26,Bharti Airtel,-0.5187213399913349,DOWN,DOWN,0.47372416143442675,True
2026-06-26,Dr Reddy's,1.865971949046652,UP,UP,0.5005430007533773,True
2026-06-26,HCLTech,0.1544538309806942,UP,UP,0.5103132080179409,True
2026-06-26,HDFC Bank,0.3265147131673362,UP,UP,0.5163206562226664,True
2026-06-26,Hindustan Unilever,-1.0532565016114104,DOWN,DOWN,0.49057508016560397,True
2026-06-26,ICICI Bank,0.0072054476351279,UP,DOWN,0.48927246128021756,False
2026-06-26,ITC,0.2413835196659386,UP,DOWN,0.4966519779647012,False
2026-06-26,Infosys,-0.4321936430111472,DOWN,UP,0.5762834343884474,False
2026-06-26,M&M,-2.8030907089614643,DOWN,DOWN,0.4898912840054838,True
2026-06-26,Maruti Suzuki,-2.4226991633321204,DOWN,DOWN,0.4407535029010183,True
2026-06-26,NTPC,1.1504100130600214,UP,DOWN,0.49894955450808975,False
2026-06-26,ONGC,0.4075490876737087,UP,UP,0.5228787541118549,True
2026-06-26,Reliance,-1.297320074551711,DOWN,UP,0.5084891112534926,False
2026-06-26,SBI,-0.8896162818953002,DOWN,DOWN,0.49298269820726437,True
2026-06-26,Sun Pharma,0.644191522732096,UP,DOWN,0.4801859137103176,False
2026-06-26,TCS,0.152764178472653,UP,UP,0.5223653764313808,True
2026-06-26,Tata Steel,0.4557260239280936,UP,UP,0.5199227025706684,True
2026-06-26,Wipro,0.2742832728794608,UP,UP,0.53124707945879,True
2026-06-30,Axis Bank,1.7091477175109393,UP,DOWN,0.49557674561873194,False
2026-06-30,Bharti Airtel,1.025917926565878,UP,UP,0.5023903767291389,True
2026-06-30,Dr Reddy's,-1.267404869302191,DOWN,UP,0.5103403634782878,False
2026-06-30,HCLTech,-3.5081261376467388,DOWN,UP,0.5574842854211486,False
2026-06-30,HDFC Bank,-0.2255765104871909,DOWN,UP,0.5136802845228008,False
2026-06-30,Hindustan Unilever,3.011993687981551,UP,UP,0.5215943969522137,True
2026-06-30,ICICI Bank,0.3345039135821626,UP,UP,0.5167418100517785,True
2026-06-30,ITC,1.1674422176084498,UP,UP,0.5277862315536187,True
2026-06-30,Infosys,-1.509399865312655,DOWN,UP,0.6190396562696652,False
2026-06-30,M&M,1.9942632363827428,UP,UP,0.516027372092442,True
2026-06-30,Maruti Suzuki,1.983705278072967,UP,UP,0.5779628402319492,True
2026-06-30,NTPC,0.3504836734590899,UP,UP,0.5073966520021821,True
2026-06-30,ONGC,0.0383191140989724,UP,UP,0.5420339021720284,True
2026-06-30,Reliance,1.0897268196839782,UP,UP,0.5217492857464313,True
2026-06-30,SBI,1.9962994948507395,UP,UP,0.5112635779917504,True
2026-06-30,Sun Pharma,0.1986550964765188,UP,UP,0.5112563097530176,True
2026-06-30,TCS,-2.4070895601310704,DOWN,UP,0.5808013273869992,False
2026-06-30,Tata Steel,-1.5367432878690468,DOWN,UP,0.5377890290487437,False
2026-06-30,Wipro,-0.152587891171585,DOWN,UP,0.5783742730395702,False
2026-07-01,Axis Bank,-0.4456766131038958,DOWN,DOWN,0.47164040152371345,True
2026-07-01,Bharti Airtel,0.2137894174238486,UP,DOWN,0.4942831050017411,False
2026-07-01,Dr Reddy's,0.4328626503569799,UP,UP,0.5034211940896746,True
2026-07-01,HCLTech,4.2448294804421804,UP,UP,0.5733784818797106,True
2026-07-01,HDFC Bank,-0.0314011169168737,DOWN,DOWN,0.49626212964992045,True
2026-07-01,Hindustan Unilever,1.3107285818629633,UP,UP,0.5158436213625918,True
2026-07-01,ICICI Bank,1.4639766964083645,UP,DOWN,0.47354363356495366,False
2026-07-01,ITC,-0.1377863979689975,DOWN,UP,0.5010290743906862,False
2026-07-01,Infosys,5.642955172021824,UP,UP,0.5990627328402262,True
2026-07-01,M&M,1.450476113218846,UP,UP,0.5019752242378122,True
2026-07-01,Maruti Suzuki,-0.3265022577283782,DOWN,DOWN,0.44028305924344563,True
2026-07-01,NTPC,0.0977943865561714,UP,UP,0.5325822989135596,True
2026-07-01,ONGC,0.4127840325240273,UP,UP,0.5433244966718814,True
2026-07-01,Reliance,-0.3440366972477071,DOWN,UP,0.505530174931392,False
2026-07-01,SBI,0.4009882636984319,UP,DOWN,0.49247706710516165,False
2026-07-01,Sun Pharma,0.2572097821088581,UP,DOWN,0.4992408876466157,False
2026-07-01,TCS,4.312525124744049,UP,UP,0.5751147604745924,True
2026-07-01,Tata Steel,1.3501107224287212,UP,UP,0.5630681060159093,True
2026-07-01,Wipro,2.2747281526578345,UP,UP,0.5405699806259806,True
2026-07-02,Axis Bank,-1.504476762608531,DOWN,DOWN,0.49846078508605196,True
2026-07-02,Bharti Airtel,1.8880013020833308,UP,UP,0.5049521896836072,True
2026-07-02,Dr Reddy's,2.1104276915021813,UP,DOWN,0.48428552824749055,False
2026-07-02,HCLTech,5.648829031923852,UP,UP,0.5360550778766108,True
2026-07-02,HDFC Bank,0.6470615932820944,UP,DOWN,0.4965400529714097,False
2026-07-02,Hindustan Unilever,-0.4252305287754776,DOWN,UP,0.5107547477820861,False
2026-07-02,ICICI Bank,0.8142874581473114,UP,DOWN,0.4745896709183358,False
2026-07-02,ITC,0.0172536431872982,UP,UP,0.5202233787491336,True
2026-07-02,Infosys,0.6052384100345032,UP,UP,0.5779856822599602,True
2026-07-02,M&M,-1.2124457134228497,DOWN,UP,0.5044738229371579,False
2026-07-02,Maruti Suzuki,0.1254530248118168,UP,DOWN,0.43864055265987634,False
2026-07-02,NTPC,-0.502439021065948,DOWN,UP,0.5433579214356717,False
2026-07-02,ONGC,0.7967407910371982,UP,UP,0.558775759331702,True
2026-07-02,Reliance,0.038358266206373,UP,UP,0.5241588531095703,True
2026-07-02,SBI,-1.1030787233970885,DOWN,UP,0.5082615744749449,False
2026-07-02,Sun Pharma,1.8065231869655247,UP,DOWN,0.4987286352923746,False
2026-07-02,TCS,1.2281756754682904,UP,UP,0.5507056338324113,True
2026-07-02,Tata Steel,1.1349735725446175,UP,UP,0.5402306677806563,True
2026-07-02,Wipro,1.195403351180846,UP,UP,0.5103658475895236,True
2026-07-03,Axis Bank,-0.1862752436835868,DOWN,UP,0.5172189543379264,False
2026-07-03,Bharti Airtel,0.8008755528834843,UP,UP,0.5038633589980258,True
2026-07-03,Dr Reddy's,-0.4512008792687205,DOWN,DOWN,0.4968901935983759,True
2026-07-03,HCLTech,-0.4214265871927081,DOWN,UP,0.5925799367556172,False
2026-07-03,HDFC Bank,3.595279724342504,UP,DOWN,0.4921226347696696,False
2026-07-03,Hindustan Unilever,0.0363460315224495,UP,UP,0.5316400009650076,True
2026-07-03,ICICI Bank,1.0982003494321102,UP,DOWN,0.49057234594384397,False
2026-07-03,ITC,-0.586312169498171,DOWN,UP,0.5138927745350121,False
2026-07-03,Infosys,-0.4774637350206778,DOWN,UP,0.5881809962147987,False
2026-07-03,M&M,2.0497960033752705,UP,UP,0.5155633882383757,True
2026-07-03,Maruti Suzuki,0.626479186969231,UP,DOWN,0.44778689117056514,False
2026-07-03,NTPC,-0.0561122738621411,DOWN,UP,0.5389134798675312,False
2026-07-03,ONGC,2.547930395182374,UP,UP,0.5588085663542726,True
2026-07-03,Reliance,1.3266908610525263,UP,UP,0.5080694716141797,True
2026-07-03,SBI,-0.2211585411658667,DOWN,UP,0.5148560742043496,False
2026-07-03,Sun Pharma,0.4199915894018247,UP,UP,0.5069723124689924,True
2026-07-03,TCS,-1.7148269569500885,DOWN,UP,0.5536480450076886,False
2026-07-03,Tata Steel,0.563747127621439,UP,UP,0.5567018169897571,True
2026-07-03,Wipro,-0.9995425309710204,DOWN,UP,0.542223011531506,False
2026-07-06,Axis Bank,0.1045106329932599,UP,UP,0.5157453793783451,True
2026-07-06,Bharti Airtel,0.0051979882010666,UP,UP,0.5007564126958111,True
2026-07-06,Dr Reddy's,-0.9722968485085026,DOWN,DOWN,0.4970437120130755,True
2026-07-06,HCLTech,2.9977077643911665,UP,UP,0.569963022821366,True
2026-07-06,HDFC Bank,-0.0662755689762373,DOWN,DOWN,0.4740945418728267,True
2026-07-06,Hindustan Unilever,0.3088123900147677,UP,UP,0.5153243090442556,True
2026-07-06,ICICI Bank,-0.8550054687396447,DOWN,DOWN,0.4831956149561373,True
2026-07-06,ITC,0.1734605377276654,UP,UP,0.5225750832392982,True
2026-07-06,Infosys,2.840155348593809,UP,UP,0.5798881966123045,True
2026-07-06,M&M,-0.1499452986798877,DOWN,UP,0.5070930743008958,False
2026-07-06,Maruti Suzuki,0.5672385168788097,UP,DOWN,0.41242526933898,False
2026-07-06,NTPC,-0.57543516995614,DOWN,UP,0.5207549717697746,False
2026-07-06,ONGC,0.1148006503910226,UP,UP,0.5594384770280574,True
2026-07-06,Reliance,-0.9763130203093272,DOWN,UP,0.5036017946589714,False
2026-07-06,SBI,0.0385491406847293,UP,UP,0.5020785690027567,True
2026-07-06,Sun Pharma,-0.4914274453214018,DOWN,DOWN,0.49218561122336435,True
2026-07-06,TCS,1.8711118863113496,UP,UP,0.5638732275143922,True
2026-07-06,Tata Steel,-0.5658311199681298,DOWN,UP,0.5526743764323553,False
2026-07-06,Wipro,-0.7572322560563394,DOWN,UP,0.5630279665329833,False
2026-07-07,Axis Bank,-2.348993288590606,DOWN,UP,0.5075237395022695,False
2026-07-07,Bharti Airtel,-1.9576317523269715,DOWN,UP,0.5148740561022929,False
2026-07-07,Dr Reddy's,-0.4134043767065054,DOWN,UP,0.5113550847498669,False
2026-07-07,HCLTech,-1.934598230659612,DOWN,UP,0.5566334150362644,False
2026-07-07,HDFC Bank,-2.2910889038555315,DOWN,UP,0.5001632346478919,False
2026-07-07,Hindustan Unilever,-3.304961897240544,DOWN,UP,0.508006115747809,False
2026-07-07,ICICI Bank,-2.410403390322491,DOWN,UP,0.5023668379295713,False
2026-07-07,ITC,-2.805196918966446,DOWN,UP,0.5001161104083175,False
2026-07-07,Infosys,-0.2332524618498976,DOWN,UP,0.5667454990355455,False
2026-07-07,M&M,-2.937676924432964,DOWN,DOWN,0.4982750761473577,True
2026-07-07,Maruti Suzuki,-4.037694318338147,DOWN,DOWN,0.49034552297810924,True
2026-07-07,NTPC,-1.5527949775408945,DOWN,UP,0.5249945976069184,False
2026-07-07,ONGC,1.15488877418517,UP,UP,0.5537715299814328,True
2026-07-07,Reliance,-2.483949816078179,DOWN,UP,0.5257869662601955,False
2026-07-07,SBI,-2.042187811430129,DOWN,DOWN,0.499063763669768,True
2026-07-07,Sun Pharma,-0.7985748159726302,DOWN,UP,0.5063716707166516,False
2026-07-07,TCS,-1.841519768040212,DOWN,UP,0.5414990702309911,False
2026-07-07,Tata Steel,-0.8377661595116326,DOWN,UP,0.5489624549562817,False
2026-07-07,Wipro,-0.1618490053739152,DOWN,UP,0.5621196839406531,False
2026-07-08,Axis Bank,-0.908745659722221,DOWN,UP,0.5284075120011956,False
2026-07-08,Bharti Airtel,2.2774217761776905,UP,UP,0.5069195896428434,True
2026-07-08,Dr Reddy's,-5.893254262416603,DOWN,UP,0.522315206997112,False
2026-07-08,HCLTech,0.418998684568761,UP,UP,0.58274556729824,True
2026-07-08,HDFC Bank,0.8947303602641066,UP,UP,0.5170193302495918,True
2026-07-08,Hindustan Unilever,0.4073392158900235,UP,UP,0.5330554328537496,True
2026-07-08,ICICI Bank,0.0072414593441649,UP,UP,0.5110396647467571,True
2026-07-08,ITC,0.4988398100592039,UP,UP,0.5274819347150973,True
2026-07-08,Infosys,-1.7301037272255515,DOWN,UP,0.5640283564325581,False
2026-07-08,M&M,-0.5511715602336875,DOWN,UP,0.5283615465331951,False
2026-07-08,Maruti Suzuki,-1.5984517238907592,DOWN,DOWN,0.4844892647303465,True
2026-07-08,NTPC,-1.4338972827541483,DOWN,UP,0.5136643371727319,False
2026-07-08,ONGC,-1.3562777747026744,DOWN,UP,0.5623444066560395,False
2026-07-08,Reliance,0.3056684959194644,UP,UP,0.5224645845064501,True
2026-07-08,SBI,0.5113532350312866,UP,UP,0.5060874501561248,True
2026-07-08,Sun Pharma,2.674504888566398,UP,UP,0.5159563157270488,True
2026-07-08,TCS,-0.3888213851761857,DOWN,UP,0.5617619232656706,False
2026-07-08,Tata Steel,-0.1540878272238477,DOWN,UP,0.5315706545277911,False
2026-07-08,Wipro,0.0231549825441046,UP,UP,0.5439639963898595,True
2026-07-09,Axis Bank,2.01140382837568,UP,UP,0.5121794969350966,True
2026-07-09,Bharti Airtel,-0.5540858219227229,DOWN,DOWN,0.49656679626192907,True
2026-07-09,Dr Reddy's,-1.9850296314986249,DOWN,UP,0.6205082828860873,False
2026-07-09,HCLTech,1.1908858554530166,UP,UP,0.5562746146778048,True
2026-07-09,HDFC Bank,0.905146416066782,UP,DOWN,0.4863039090977062,False
2026-07-09,Hindustan Unilever,0.2844531432151909,UP,UP,0.5157552154356074,True
2026-07-09,ICICI Bank,1.4847541627419192,UP,DOWN,0.4876298273828304,False
2026-07-09,ITC,-0.10635979647301,DOWN,DOWN,0.497263568607982,True
2026-07-09,Infosys,1.636843392903975,UP,UP,0.55955867814818,True
2026-07-09,M&M,1.4260712190525604,UP,UP,0.5055916914253586,True
2026-07-09,Maruti Suzuki,0.9178321678321666,UP,UP,0.5489032456224647,True
2026-07-09,NTPC,0.2473015873579731,UP,UP,0.5168776477635701,True
2026-07-09,ONGC,0.5376617484913027,UP,UP,0.5544639001232431,True
2026-07-09,Reliance,2.187841766816523,UP,UP,0.5042123269182406,True
2026-07-09,SBI,1.35994763194216,UP,DOWN,0.4871569221074988,False
2026-07-09,Sun Pharma,-0.165056545750708,DOWN,DOWN,0.49818086051001387,True
2026-07-09,TCS,0.951451573554518,UP,UP,0.5503425301569473,True
2026-07-09,Tata Steel,1.7455157870120086,UP,UP,0.5360453734701962,True
2026-07-09,Wipro,1.562868889142277,UP,UP,0.537435274464668,True
2026-07-10,Axis Bank,-0.3248414985590808,DOWN,DOWN,0.4999419843740241,True
2026-07-10,Bharti Airtel,-0.9685469355069642,DOWN,DOWN,0.48385668994053854,True
2026-07-10,Dr Reddy's,-0.78759531009861,DOWN,UP,0.5085681498878455,False
2026-07-10,HCLTech,4.905074889052963,UP,UP,0.5519675936191226,True
2026-07-10,HDFC Bank,-0.8485362623697035,DOWN,DOWN,0.49732722806050805,True
2026-07-10,Hindustan Unilever,-0.9299729885531184,DOWN,UP,0.5114778194700961,False
2026-07-10,ICICI Bank,0.5923529201655509,UP,DOWN,0.4773446286543364,False
2026-07-10,ITC,-0.7453437811945407,DOWN,UP,0.50687055318248,False
2026-07-10,Infosys,3.2396980885709192,UP,UP,0.5554283680281914,True
2026-07-10,M&M,0.9906052587520976,UP,DOWN,0.49966879861788244,False
2026-07-10,Maruti Suzuki,-1.1476829796448706,DOWN,UP,0.5719158156405985,False
2026-07-10,NTPC,2.0896858110926786,UP,DOWN,0.4929657581350842,False
2026-07-10,ONGC,1.424718377988765,UP,UP,0.5129374870719123,True
2026-07-10,Reliance,-0.8334626095043873,DOWN,UP,0.50880987842405,False
2026-07-10,SBI,0.0965250965250907,UP,UP,0.5022498957511567,True
2026-07-10,Sun Pharma,-0.7284926678345349,DOWN,DOWN,0.4939869388199463,True
2026-07-10,TCS,5.437409376510383,UP,UP,0.5701993594145237,True
2026-07-10,Tata Steel,-2.134003754879943,DOWN,UP,0.5208144332809819,False
2026-07-10,Wipro,1.6926854258916046,UP,UP,0.5402554647114547,True
2026-07-13,Axis Bank,-0.1364293462799093,DOWN,UP,0.5100587485371845,False
2026-07-13,Bharti Airtel,1.824584618832925,UP,DOWN,0.49439421994521165,False
2026-07-13,Dr Reddy's,0.9477481710712832,UP,UP,0.512179778735609,True
2026-07-13,HCLTech,-4.462823630782276,DOWN,UP,0.5318461133123179,False
2026-07-13,HDFC Bank,-1.045294659254148,DOWN,DOWN,0.4973694387308507,True
2026-07-13,Hindustan Unilever,-0.4881322635728602,DOWN,UP,0.5225567732004817,False
2026-07-13,ICICI Bank,-0.1277083240954213,DOWN,DOWN,0.4890803033499568,True
2026-07-13,ITC,-1.4661205767926069,DOWN,UP,0.5181616914517643,False
2026-07-13,Infosys,-0.879734390227993,DOWN,UP,0.5323756520609217,False
2026-07-13,M&M,-2.1231443990953114,DOWN,DOWN,0.48845267731975883,True
2026-07-13,Maruti Suzuki,-1.504198612632346,DOWN,UP,0.5490161589309274,False
2026-07-13,NTPC,-1.0234558929681947,DOWN,UP,0.500520242483158,False
2026-07-13,ONGC,0.1811217362727379,UP,UP,0.5071378270640162,True
2026-07-13,Reliance,-0.3007189714430369,DOWN,UP,0.5162282155576461,False
2026-07-13,SBI,-2.082929178971804,DOWN,DOWN,0.4952283949130046,True
2026-07-13,Sun Pharma,1.1033595764806892,UP,DOWN,0.49858789916972107,False
2026-07-13,TCS,0.8755488267820244,UP,UP,0.5560028959491614,True
2026-07-13,Tata Steel,0.6199581306853608,UP,UP,0.5321651783334415,True
2026-07-13,Wipro,-0.7229688612254814,DOWN,UP,0.5367561856845073,False
2026-07-14,Axis Bank,-0.4022409574996888,DOWN,UP,0.5211517376407988,False
2026-07-14,Bharti Airtel,-0.9398373959140228,DOWN,DOWN,0.47383444565533017,True
2026-07-14,Dr Reddy's,-1.3400699587711506,DOWN,UP,0.5150296039522518,False
2026-07-14,HCLTech,0.11142957765784,UP,UP,0.5483130361255277,True
2026-07-14,HDFC Bank,0.7474657289945563,UP,DOWN,0.4958720713499182,False
2026-07-14,Hindustan Unilever,-0.830103477075228,DOWN,UP,0.5193713793889994,False
2026-07-14,ICICI Bank,0.6038218579835775,UP,DOWN,0.48514577687190186,False
2026-07-14,ITC,0.3992038295215216,UP,UP,0.5248115700930628,True
2026-07-14,Infosys,-1.518892416059492,DOWN,UP,0.5315587721006443,False
2026-07-14,M&M,-0.3362152497400017,DOWN,UP,0.5050987126337462,False
2026-07-14,Maruti Suzuki,0.6968641114982521,UP,UP,0.554707537453507,True
2026-07-14,NTPC,-1.0914800688172963,DOWN,UP,0.5243884056464049,False
2026-07-14,ONGC,-0.6910410859304772,DOWN,UP,0.5371780107123427,False
2026-07-14,Reliance,0.1933488012374251,UP,UP,0.5167327065039228,True
2026-07-14,SBI,1.4477004942320848,UP,UP,0.5234621752613653,True
2026-07-14,Sun Pharma,0.458150135175317,UP,DOWN,0.4886431581304142,False
2026-07-14,TCS,-0.5180471679755327,DOWN,UP,0.5224379693262753,False
2026-07-14,Tata Steel,-1.5987728779507937,DOWN,UP,0.5181730161210797,False
2026-07-14,Wipro,-1.405670939225245,DOWN,UP,0.5484651206905231,False
2026-07-15,Axis Bank,-0.3581553811862314,DOWN,UP,0.5375620597022968,False
2026-07-15,Bharti Airtel,0.1824532091388997,UP,UP,0.5220024660316801,True
2026-07-15,Dr Reddy's,-0.4148007796614505,DOWN,UP,0.5422099006066606,False
2026-07-15,HCLTech,1.6609609943546657,UP,UP,0.5076171778818919,True
2026-07-15,HDFC Bank,-0.8768194625089043,DOWN,DOWN,0.4975558935309407,True
2026-07-15,Hindustan Unilever,-0.1997619669656614,DOWN,UP,0.5221022559077473,False
2026-07-15,ICICI Bank,0.141222995972079,UP,DOWN,0.49368375002836856,False
2026-07-15,ITC,0.9759668413517276,UP,UP,0.5180101733382476,True
2026-07-15,Infosys,0.5667541864909476,UP,UP,0.5096837966672119,True
2026-07-15,M&M,1.132055778322294,UP,UP,0.5004001124284798,True
2026-07-15,Maruti Suzuki,1.472428771258194,UP,UP,0.526270928351196,True
2026-07-15,NTPC,-0.5517624111536112,DOWN,UP,0.5409543907186649,False
2026-07-15,ONGC,-0.1739593367272474,DOWN,UP,0.5275393656250212,False
2026-07-15,Reliance,0.0849074168998376,UP,UP,0.516444377647672,True
2026-07-15,SBI,0.106783381420028,UP,DOWN,0.4967776756218321,False
2026-07-15,Sun Pharma,-0.0717409384608069,DOWN,UP,0.5001227189494335,False
2026-07-15,TCS,0.5390119263344761,UP,UP,0.5174429093222289,True
2026-07-15,Tata Steel,0.1241557773659529,UP,UP,0.5484825140265102,True
2026-07-15,Wipro,1.769259493081421,UP,UP,0.5342767426759578,True
2026-07-16,Axis Bank,1.5983500156228736,UP,UP,0.5161486614727944,True
2026-07-16,Bharti Airtel,-0.6764491450568566,DOWN,UP,0.5036377286470638,False
2026-07-16,Dr Reddy's,-1.0780850195183933,DOWN,UP,0.5516286919593966,False
2026-07-16,HCLTech,1.3895906738036423,UP,UP,0.5017949256732932,True
2026-07-16,HDFC Bank,1.3979943045431489,UP,UP,0.5108839662768708,True
2026-07-16,Hindustan Unilever,2.163560264831621,UP,UP,0.5170739286386918,True
2026-07-16,ICICI Bank,1.8403679703051123,UP,DOWN,0.496831113027172,False
2026-07-16,ITC,0.4832668960155217,UP,UP,0.5202378180826924,True
2026-07-16,Infosys,1.3026584689491472,UP,UP,0.5080935098035262,True
2026-07-16,M&M,1.969334190203376,UP,UP,0.5051612193367719,True
2026-07-16,Maruti Suzuki,0.1451062903576883,UP,UP,0.502019644119959,True
2026-07-16,NTPC,-0.1752098356337272,DOWN,UP,0.5311553193759172,False
2026-07-16,ONGC,0.2188422638836229,UP,UP,0.5262115447909597,True
2026-07-16,Reliance,2.3600166714571547,UP,UP,0.5210569772801577,True
2026-07-16,SBI,1.2703741540486702,UP,DOWN,0.49714935568270036,False
2026-07-16,Sun Pharma,-0.8973898886769582,DOWN,DOWN,0.4904803318294729,True
2026-07-16,TCS,3.0895047705588263,UP,UP,0.5167611207594237,True
2026-07-16,Tata Steel,0.2156417513821784,UP,UP,0.5360565933080843,True
2026-07-16,Wipro,-0.9789610888872092,DOWN,UP,0.5209424782397032,False
2026-07-17,Axis Bank,-5.457282649604823,DOWN,UP,0.5091233390333658,False
2026-07-17,Bharti Airtel,1.6397698007723838,UP,UP,0.5021471946745808,True
2026-07-17,Dr Reddy's,0.9824987527904838,UP,UP,0.5637197826740216,True
2026-07-17,HCLTech,1.4453047646154182,UP,UP,0.5068940994551159,True
2026-07-17,HDFC Bank,-5.1244511043297525,DOWN,UP,0.5002323193029256,False
2026-07-17,Hindustan Unilever,-0.1912537346237752,DOWN,UP,0.5109369215313926,False
2026-07-17,ICICI Bank,1.1008725199899372,UP,DOWN,0.49146581939913814,False
2026-07-17,ITC,0.7125044221675703,UP,UP,0.5257776974533187,True
2026-07-17,Infosys,-0.8572753683595558,DOWN,UP,0.5263537349386326,False
2026-07-17,M&M,-0.4309244898807018,DOWN,DOWN,0.49457160325611665,True
2026-07-17,Maruti Suzuki,-2.0937477359994183,DOWN,DOWN,0.48308579692744213,True
2026-07-17,NTPC,1.5796383794269175,UP,UP,0.5233846603912202,True
2026-07-17,ONGC,0.9260417352481288,UP,UP,0.5172194737886894,True
2026-07-17,Reliance,-0.3089192086179193,DOWN,UP,0.5072467700473475,False
2026-07-17,SBI,1.5033946603270731,UP,DOWN,0.4986915952342066,False
2026-07-17,Sun Pharma,1.2315041461650411,UP,UP,0.5083473958741996,True
2026-07-17,TCS,-0.7888894818752767,DOWN,UP,0.5073355598110224,False
2026-07-17,Tata Steel,0.2797376266438389,UP,UP,0.5205617538731804,True
2026-07-17,Wipro,0.215911865234375,UP,UP,0.509392047344174,True
2026-07-20,Axis Bank,0.1751553480792145,UP,UP,0.5309611845425202,True
2026-07-20,Bharti Airtel,0.4278155214974655,UP,DOWN,0.4971436119422606,False
2026-07-20,Dr Reddy's,-1.3980848603766471,DOWN,UP,0.5509355175102818,False
2026-07-20,HCLTech,1.4902112866808093,UP,DOWN,0.4791367797851357,False
2026-07-20,HDFC Bank,-2.076898647886005,DOWN,UP,0.516743635022929,False
2026-07-20,Hindustan Unilever,0.1308617512745913,UP,UP,0.5290226342137008,True
2026-07-20,ICICI Bank,0.1986046097135707,UP,DOWN,0.49846174962284534,False
2026-07-20,ITC,-0.6013484731604013,DOWN,UP,0.5259088997150676,False
2026-07-20,Infosys,-1.2510326456963816,DOWN,UP,0.5182458477352726,False
2026-07-20,M&M,1.1435776708853318,UP,UP,0.5046733402835433,True
2026-07-20,Maruti Suzuki,0.6141778895959682,UP,DOWN,0.4735062911419766,False
2026-07-20,NTPC,0.3743665350522063,UP,UP,0.5209892519929116,True
2026-07-20,ONGC,0.1242076914494072,UP,UP,0.518037398736484,True
2026-07-20,Reliance,-1.4662553678508772,DOWN,UP,0.5178586261415999,False
2026-07-20,SBI,-1.4716958099941002,DOWN,DOWN,0.4997577052289037,True
2026-07-20,Sun Pharma,0.2811286000493407,UP,DOWN,0.4933160688745028,False
2026-07-20,TCS,-1.3326817421950632,DOWN,UP,0.5031845456694504,False
2026-07-20,Tata Steel,0.4452560564073948,UP,UP,0.5348601388814811,True
2026-07-20,Wipro,-0.7994124181174511,DOWN,UP,0.5214114079338578,False
2026-07-21,Axis Bank,-1.5736709208557076,DOWN,UP,0.5041991650851747,False
2026-07-21,Bharti Airtel,0.0307932446325098,UP,DOWN,0.495988960881467,False
2026-07-21,Dr Reddy's,-1.9237107107690663,DOWN,UP,0.5679648482512879,False
2026-07-21,HCLTech,-0.1774869844191173,DOWN,UP,0.5031252939400772,False
2026-07-21,HDFC Bank,-1.0900239884311769,DOWN,UP,0.5105605003767932,False
2026-07-21,Hindustan Unilever,0.5647653515169271,UP,UP,0.5239375508590335,True
2026-07-21,ICICI Bank,-1.5309975249703456,DOWN,DOWN,0.49782802559766604,True
2026-07-21,ITC,-0.0711787213634296,DOWN,UP,0.5459586880144452,False
2026-07-21,Infosys,-1.993481547653708,DOWN,UP,0.5243542535746617,False
2026-07-21,M&M,-0.8245589139009524,DOWN,DOWN,0.49579633221272085,True
2026-07-21,Maruti Suzuki,-0.3824373023461058,DOWN,DOWN,0.46894389756661464,True
2026-07-21,NTPC,0.5594641444054638,UP,UP,0.5203500103876771,True
2026-07-21,ONGC,0.804351719454699,UP,UP,0.5147078296126923,True
2026-07-21,Reliance,-1.1582400975289064,DOWN,UP,0.5317986201317152,False
2026-07-21,SBI,-1.857528146358145,DOWN,UP,0.5231161630329697,False
2026-07-21,Sun Pharma,-0.9633530852168226,DOWN,DOWN,0.49090497590891746,True
2026-07-21,TCS,-0.5762932000062393,DOWN,UP,0.5139147232603335,False
2026-07-21,Tata Steel,-0.3791960548159334,DOWN,UP,0.5411363266925634,False
2026-07-21,Wipro,-0.3029083703487867,DOWN,UP,0.529932123776926,False
2026-07-22,Axis Bank,-1.2435419985839302,DOWN,UP,0.5273798744998903,False
2026-07-22,Bharti Airtel,-0.9235505387378162,DOWN,DOWN,0.49489493547294644,True
2026-07-22,Dr Reddy's,-1.3949948697032588,DOWN,UP,0.5667766058156724,False
2026-07-22,HCLTech,0.5980685405095221,UP,UP,0.5054219193307009,True
2026-07-22,HDFC Bank,-0.7833797016275179,DOWN,UP,0.5112314186215682,False
2026-07-22,Hindustan Unilever,0.3341664738485406,UP,DOWN,0.4920025425462511,False
2026-07-22,ICICI Bank,-0.4234036088483051,DOWN,DOWN,0.49559869234716636,True
2026-07-22,ITC,0.1780626858034706,UP,UP,0.5165232824744794,True
2026-07-22,Infosys,-0.4467209657768034,DOWN,UP,0.5215356792649086,False
2026-07-22,M&M,1.7132208455017397,UP,DOWN,0.4876324048221142,False
2026-07-22,Maruti Suzuki,-1.0483573274270963,DOWN,DOWN,0.44739866549584095,True
2026-07-22,NTPC,-0.5420809975704377,DOWN,UP,0.5206392302488634,False
2026-07-22,ONGC,0.1865824660941539,UP,UP,0.5133102837052317,True
2026-07-22,Reliance,-1.272700971968066,DOWN,UP,0.5144662045948508,False
2026-07-22,SBI,-1.2097584794207197,DOWN,UP,0.5206191705916964,False
2026-07-22,Sun Pharma,0.5661348430262558,UP,DOWN,0.490942979849417,False
2026-07-22,TCS,1.5668094348857189,UP,DOWN,0.49007845360761193,False
2026-07-22,Tata Steel,-1.2330472668255488,DOWN,UP,0.546295120112627,False
2026-07-22,Wipro,0.2178427410536976,UP,UP,0.5239167388439215,True
2026-07-23,Axis Bank,0.3515984323896104,UP,UP,0.5324229564185308,True
2026-07-23,Bharti Airtel,-1.6986042893902151,DOWN,DOWN,0.4953685720325652,True
2026-07-23,Dr Reddy's,-1.2518303219587357,DOWN,DOWN,0.49450029158257885,True
2026-07-23,HCLTech,2.112962951702846,UP,DOWN,0.4880942856335846,False
2026-07-23,HDFC Bank,-0.5955185288767151,DOWN,UP,0.51791265178726,False
2026-07-23,Hindustan Unilever,-0.7771324104295374,DOWN,DOWN,0.49629372529833554,True
2026-07-23,ICICI Bank,-0.1184965287052031,DOWN,DOWN,0.4780979206061084,True
2026-07-23,ITC,0.7643172795460229,UP,UP,0.503677715137908,True
2026-07-23,Infosys,-0.6205842895255054,DOWN,UP,0.5158428818090983,False
2026-07-23,M&M,-2.114749043586628,DOWN,DOWN,0.4837181107360892,True
2026-07-23,Maruti Suzuki,0.2909796314257917,UP,DOWN,0.4724882792296449,False
2026-07-23,NTPC,-0.401604667806188,DOWN,UP,0.5213655379340352,False
2026-07-23,ONGC,-1.4304397036879135,DOWN,UP,0.5181679384907978,False
2026-07-23,Reliance,0.4559070154642297,UP,UP,0.5128350758006536,True
2026-07-23,SBI,0.2370160450254399,UP,UP,0.5040923377514233,True
2026-07-23,Sun Pharma,-0.6601854869018764,DOWN,DOWN,0.47684359838927803,True
2026-07-23,TCS,0.508277095757248,UP,DOWN,0.48985806693873774,False
2026-07-23,Tata Steel,-0.8467663218647781,DOWN,UP,0.5394641257532786,False
2026-07-23,Wipro,1.315631905164727,UP,UP,0.5155375207745915,True
2026-07-24,Axis Bank,0.0162919550166895,UP,UP,0.513040358024263,True
2026-07-24,Bharti Airtel,0.374043717147221,UP,DOWN,0.48607316186376537,False
2026-07-24,Dr Reddy's,-0.0781368743511978,DOWN,UP,0.5174179193165606,False
2026-07-24,HCLTech,1.95908925366346,UP,DOWN,0.4824935954677901,False
2026-07-24,HDFC Bank,-0.4375336636254556,DOWN,UP,0.5028030216915433,False
2026-07-24,Hindustan Unilever,1.3799579326922995,UP,UP,0.5013093270014165,True
2026-07-24,ICICI Bank,0.8932881945512339,UP,DOWN,0.46813449077743297,False
2026-07-24,ITC,0.846707988402362,UP,DOWN,0.49153126760578597,False
2026-07-24,Infosys,3.679500995244189,UP,DOWN,0.49662369379095767,False
2026-07-24,M&M,2.4419623488716624,UP,DOWN,0.4939705411733928,False
2026-07-24,Maruti Suzuki,2.142538312751085,UP,DOWN,0.48423514423868963,False
2026-07-24,NTPC,1.0368592912925578,UP,UP,0.5254679922871198,True
2026-07-24,ONGC,-4.100336538623783,DOWN,UP,0.5290177802371306,False
2026-07-24,Reliance,0.156494522691708,UP,DOWN,0.4936395476416589,False
2026-07-24,SBI,0.551721732604693,UP,DOWN,0.4902909940693358,False
2026-07-24,Sun Pharma,1.6794588633229468,UP,DOWN,0.4849722190957065,False
2026-07-24,TCS,1.832056422550954,UP,DOWN,0.47847850275893067,False
2026-07-24,Tata Steel,0.8649487309861259,UP,UP,0.5230112042815476,True
2026-07-24,Wipro,0.7960725502371924,UP,UP,0.5191975379095487,True
2026-07-27,Axis Bank,-0.3258655804480703,DOWN,UP,0.550395595876497,False
2026-07-27,Bharti Airtel,-0.183698100577534,DOWN,DOWN,0.4829235656815228,True
2026-07-27,Dr Reddy's,-1.3208266073385988,DOWN,UP,0.5156964213579353,False
2026-07-27,HCLTech,1.751674569351036,UP,DOWN,0.48085923961797555,False
2026-07-27,HDFC Bank,-0.5611471093780906,DOWN,UP,0.5435569345255807,False
2026-07-27,Hindustan Unilever,-6.985199101576911,DOWN,DOWN,0.48598771942937624,True
2026-07-27,ICICI Bank,-1.030635875146313,DOWN,DOWN,0.4722922469987352,True
2026-07-27,ITC,-0.4198048561862455,DOWN,UP,0.5065423003011699,False
2026-07-27,Infosys,2.45552272043974,UP,UP,0.5076405757438792,True
2026-07-27,M&M,1.0066032400609437,UP,DOWN,0.49213570207601304,False
2026-07-27,Maruti Suzuki,0.5243991260014624,UP,DOWN,0.4912266067822857,False
2026-07-27,NTPC,-2.009688722432179,DOWN,UP,0.5293654580827967,False
2026-07-27,ONGC,0.1467161750073442,UP,UP,0.5676108702681232,True
2026-07-27,Reliance,-0.9609413146972612,DOWN,UP,0.5067040615615881,False
2026-07-27,SBI,-0.7250601171784221,DOWN,DOWN,0.492173357496908,True
2026-07-27,Sun Pharma,0.1519987877700801,UP,UP,0.508292098540943,True
2026-07-27,TCS,4.460702996497412,UP,DOWN,0.4925114578821377,False
2026-07-27,Tata Steel,-0.8792375127204877,DOWN,UP,0.5094342796507155,False
2026-07-27,Wipro,1.4507345295467378,UP,UP,0.5240433527742973,True
2026-07-28,Axis Bank,0.9726215295514872,UP,UP,0.5433552025209875,True
2026-07-28,Bharti Airtel,2.544952208491824,UP,DOWN,0.4878124438856519,False
2026-07-28,Dr Reddy's,0.5900029399640072,UP,UP,0.5391103053167168,True
2026-07-28,HCLTech,1.9490424479014168,UP,DOWN,0.44715300154117643,False
2026-07-28,HDFC Bank,1.7405476431915146,UP,UP,0.5316154128654286,True
2026-07-28,Hindustan Unilever,4.701641368071052,UP,UP,0.716063562429324,True
2026-07-28,ICICI Bank,0.4962241643584386,UP,DOWN,0.49750156633528236,False
2026-07-28,ITC,0.5620959556730254,UP,UP,0.5080279044853504,True
2026-07-28,Infosys,4.51298061116634,UP,UP,0.5230737182819969,True
2026-07-28,M&M,-1.5101462179361147,DOWN,DOWN,0.4719477615185167,True
2026-07-28,Maruti Suzuki,1.057817707578601,UP,DOWN,0.4575469076954262,False
2026-07-28,NTPC,-0.0727272727272687,DOWN,UP,0.532814707765659,False
2026-07-28,ONGC,-0.2511431477621118,DOWN,DOWN,0.493575067019148,True
2026-07-28,Reliance,0.6468465376690435,UP,UP,0.5192384456809861,True
2026-07-28,SBI,0.049348597905241,UP,UP,0.5113426023316603,True
2026-07-28,Sun Pharma,0.6677833544925127,UP,DOWN,0.4886477625337882,False
2026-07-28,TCS,2.0266929798269384,UP,UP,0.5030508909478937,True
2026-07-28,Tata Steel,2.5406555689607258,UP,UP,0.5304791403529696,True
2026-07-28,Wipro,1.374782221892734,UP,UP,0.5243787182727166,True
2026-07-29,Axis Bank,-0.5261453676174921,DOWN,UP,0.5569508947806003,False
2026-07-29,Bharti Airtel,0.3384318439903611,UP,DOWN,0.48945799661700357,False
2026-07-29,Dr Reddy's,0.2188566832825422,UP,UP,0.5333891377615122,True
2026-07-29,HCLTech,0.6248532350402458,UP,DOWN,0.4544855733017943,False
2026-07-29,HDFC Bank,0.7685110807521545,UP,UP,0.5471872201752265,True
2026-07-29,Hindustan Unilever,-0.4674731445895141,DOWN,UP,0.5246440448407996,False
2026-07-29,ICICI Bank,-0.2781834572699204,DOWN,DOWN,0.49633126397945654,True
2026-07-29,ITC,-0.4192182382641962,DOWN,UP,0.5047915219449726,False
2026-07-29,Infosys,-0.0432675675461569,DOWN,UP,0.550323928514495,False
2026-07-29,M&M,1.9212831772805083,UP,UP,0.5183293939971478,True
2026-07-29,Maruti Suzuki,1.7206767995411545,UP,DOWN,0.4531443800126704,False
2026-07-29,NTPC,0.3930148772971265,UP,UP,0.5061801595863914,True
2026-07-29,ONGC,1.3763580264778863,UP,UP,0.5053838949024201,True
2026-07-29,Reliance,1.332392795258941,UP,UP,0.5173804308540204,True
2026-07-29,SBI,1.1443263767786815,UP,UP,0.5118541183320351,True
2026-07-29,Sun Pharma,0.5628398931837086,UP,DOWN,0.4874084668237597,False
2026-07-29,TCS,-0.6049230866255084,DOWN,UP,0.5055917856315437,False
2026-07-29,Tata Steel,-0.1868991806110997,DOWN,UP,0.5116652950314543,False
2026-07-29,Wipro,1.481401455073983,UP,UP,0.5256602835456367,True
2026-07-30,Axis Bank,0.0488221640506214,UP,UP,0.5433021634616092,True
2026-07-30,Bharti Airtel,0.7767758990489426,UP,DOWN,0.49473844572173664,False
2026-07-30,Dr Reddy's,0.2882535479615367,UP,UP,0.5337275576025158,True
2026-07-30,HCLTech,-0.4287666864176254,DOWN,DOWN,0.4506784405720881,True
2026-07-30,HDFC Bank,-0.7692801510793101,DOWN,UP,0.5558504462130001,False
2026-07-30,Hindustan Unilever,-0.3131008976416161,DOWN,UP,0.5275168749826582,False
2026-07-30,ICICI Bank,0.1046098036446396,UP,DOWN,0.4896263587675062,False
2026-07-30,ITC,-1.4207991462572012,DOWN,UP,0.5039389837718293,False
2026-07-30,Infosys,-2.16431482368602,DOWN,UP,0.5553042280660926,False
2026-07-30,M&M,3.496057816949927,UP,DOWN,0.4905216815503559,False
2026-07-30,Maruti Suzuki,0.3242176487172177,UP,DOWN,0.43755962551924205,False
2026-07-30,NTPC,0.6959529807182285,UP,UP,0.5042667366905049,True
2026-07-30,ONGC,0.3890899688129057,UP,UP,0.5123098556506057,True
2026-07-30,Reliance,1.1524498517056836,UP,UP,0.514301917018822,True
2026-07-30,SBI,0.2048157111020909,UP,UP,0.5103184460056692,True
2026-07-30,Sun Pharma,-0.529707446667349,DOWN,DOWN,0.48601193142135324,True
2026-07-30,TCS,-2.722261281464178,DOWN,DOWN,0.497160403532042,True
2026-07-30,Tata Steel,1.481919698050338,UP,UP,0.531501605615531,True
2026-07-30,Wipro,-1.4383126218182718,DOWN,UP,0.5127268074300833,False
2026-07-31,Axis Bank,3.4566897112647377,UP,UP,0.542510877741511,True
2026-07-31,Bharti Airtel,-0.0760649087221065,DOWN,UP,0.5109171892895278,False
2026-07-31,Dr Reddy's,2.7785058002272045,UP,UP,0.5447211463875594,True
2026-07-31,HCLTech,2.23475945061562,UP,DOWN,0.44096138246961347,False
2026-07-31,HDFC Bank,0.6482624377023738,UP,UP,0.5605223326775052,True
2026-07-31,Hindustan Unilever,1.7465354932220345,UP,UP,0.5539828622475479,True
2026-07-31,ICICI Bank,1.7138062677670265,UP,DOWN,0.4873030040824564,False
2026-07-31,ITC,2.135231316725972,UP,UP,0.5198916350903178,True
2026-07-31,Infosys,4.415540703661214,UP,UP,0.527740143673431,True
2026-07-31,M&M,0.8856877344784353,UP,UP,0.5379636997210334,True
2026-07-31,Maruti Suzuki,-0.5901362933820375,DOWN,DOWN,0.4083133486645282,True
2026-07-31,NTPC,1.0511141530552548,UP,DOWN,0.49799808275103913,False
2026-07-31,ONGC,-0.2185291642124553,DOWN,UP,0.5178196491986626,False
2026-07-31,Reliance,0.8563962955889792,UP,UP,0.5096026554447511,True
2026-07-31,SBI,1.7130596814979526,UP,UP,0.5165513894996361,True
2026-07-31,Sun Pharma,-1.3564431047475511,DOWN,UP,0.5298752300991897,False
2026-07-31,TCS,4.569658820302136,UP,DOWN,0.48958462674407843,False
2026-07-31,Tata Steel,0.6905991574323478,UP,UP,0.5456417872040598,True
2026-07-31,Wipro,2.7280206545766683,UP,UP,0.5171523340972034,True
2026-08-03,Axis Bank,-0.8018829537637551,DOWN,UP,0.5138401064430166,False
2026-08-03,Bharti Airtel,-0.0203006553698426,DOWN,UP,0.5088154064204101,False
2026-08-03,Dr Reddy's,-0.6271207130561396,DOWN,UP,0.5523639410125821,False
2026-08-03,HCLTech,-0.515611879879263,DOWN,DOWN,0.4388498309560183,True
2026-08-03,HDFC Bank,-1.4608233731739697,DOWN,UP,0.5317959088226771,False
2026-08-03,Hindustan Unilever,-1.9410664172123449,DOWN,UP,0.5173108829526335,False
2026-08-03,ICICI Bank,-0.3698646858946941,DOWN,DOWN,0.48876610776314217,True
2026-08-03,ITC,0.6968641114982521,UP,UP,0.5056462558401877,True
2026-08-03,Infosys,-1.0593220338983025,DOWN,UP,0.5106010656032024,False
2026-08-03,M&M,0.1283294119590605,UP,UP,0.5020583476790421,True
2026-08-03,Maruti Suzuki,0.1272084805653772,UP,DOWN,0.4426644413273621,False
2026-08-03,NTPC,-2.066115738417129,DOWN,DOWN,0.4971479510104804,True
2026-08-03,ONGC,0.0,DOWN,UP,0.5377500876014913,False
2026-08-03,Reliance,-2.1303999686078434,DOWN,UP,0.5173398182443495,False
2026-08-03,SBI,-0.2201003663277467,DOWN,UP,0.5123350558220939,False
2026-08-03,Sun Pharma,0.0254647313470801,UP,DOWN,0.4968316176822316,False
2026-08-03,TCS,-0.5538242892144218,DOWN,DOWN,0.472486384620358,True
2026-08-03,Tata Steel,-0.0261796082501652,DOWN,UP,0.5416069477490771,False
2026-08-03,Wipro,-1.250927893851972,DOWN,DOWN,0.49554095628159606,True
2026-08-04,Axis Bank,-0.6260916237401881,DOWN,UP,0.5270527656524199,False
2026-08-04,Bharti Airtel,0.4009961175555743,UP,UP,0.5129327158445103,True
2026-08-04,Dr Reddy's,0.2899560365727804,UP,UP,0.5472297952347306,True
2026-08-04,HCLTech,-1.45266253444839,DOWN,DOWN,0.46045437069690487,True
2026-08-04,HDFC Bank,-0.943396226415094,DOWN,UP,0.5426284500183731,False
2026-08-04,Hindustan Unilever,-0.5342213771464377,DOWN,UP,0.5754884915827889,False
2026-08-04,ICICI Bank,-0.3093634040649107,DOWN,UP,0.5006337732468772,False
2026-08-04,ITC,-0.7093383366673867,DOWN,DOWN,0.493438243778351,True
2026-08-04,Infosys,0.5567451820128522,UP,UP,0.5132485626491532,True
2026-08-04,M&M,0.6524876884284936,UP,DOWN,0.4725578785229342,False
2026-08-04,Maruti Suzuki,0.1552795031055875,UP,DOWN,0.42871512086885066,False
2026-08-04,NTPC,1.818710930017553,UP,UP,0.5386284488630956,True
2026-08-04,ONGC,-0.7438029139495095,DOWN,UP,0.5386022922180601,False
2026-08-04,Reliance,-0.8443740187401461,DOWN,UP,0.53796529790277,False
2026-08-04,SBI,1.1796345453264134,UP,UP,0.5157985203030797,True
2026-08-04,Sun Pharma,-1.2219959266802416,DOWN,DOWN,0.46940895765784174,True
2026-08-04,TCS,-1.9105691056910623,DOWN,DOWN,0.46815816920607234,True
2026-08-04,Tata Steel,1.0683469900629738,UP,UP,0.5365368234587491,True
2026-08-04,Wipro,0.3703716747737173,UP,UP,0.5199897118387878,True
2026-08-05,Axis Bank,0.1674755199816413,UP,UP,0.521811592680694,True
2026-08-05,Bharti Airtel,-1.5166835187057637,DOWN,UP,0.5467206102109559,False
2026-08-05,Dr Reddy's,-0.4251700680272141,DOWN,UP,0.5324548525035366,False
2026-08-05,HCLTech,-1.1111111111111072,DOWN,DOWN,0.47384865784511043,True
2026-08-05,HDFC Bank,-0.0952397560586737,DOWN,DOWN,0.49137194414583296,True
2026-08-05,Hindustan Unilever,-0.2781397732851132,DOWN,UP,0.5424017380652173,False
2026-08-05,ICICI Bank,0.5103113260223502,UP,DOWN,0.49769927165571587,False
2026-08-05,ITC,-0.3659237727403508,DOWN,UP,0.5161397894369776,False
2026-08-05,Infosys,-0.7666098807495692,DOWN,DOWN,0.49884679156030676,True
2026-08-05,M&M,-1.4296435648517236,DOWN,DOWN,0.48353316702561994,True
2026-08-05,Maruti Suzuki,-0.7751937984496138,DOWN,DOWN,0.4460831010116731,True
2026-08-05,NTPC,-1.4003983943863707,DOWN,UP,0.516589935150634,False
2026-08-05,ONGC,-0.9991648322133506,DOWN,UP,0.5654871457342491,False
2026-08-05,Reliance,3.515625,UP,UP,0.5251947044295636,True
2026-08-05,SBI,2.8436018957346043,UP,DOWN,0.49615019921075343,False
2026-08-05,Sun Pharma,0.5670103092783485,UP,UP,0.5018489052593699,True
2026-08-05,TCS,-1.6576875259013637,DOWN,UP,0.5012334344830144,False
2026-08-05,Tata Steel,-1.9120173772610105,DOWN,UP,0.5195447810106116,False
2026-08-05,Wipro,-0.4652710574995944,DOWN,UP,0.5010658027209561,False
2026-08-06,Axis Bank,-1.4331210191082857,DOWN,UP,0.5042364132300601,False
2026-08-06,Bharti Airtel,0.6108842101674838,UP,DOWN,0.4940549857234793,False
2026-08-06,Dr Reddy's,0.0853970964987294,UP,UP,0.5241710931296951,True
2026-08-06,HCLTech,1.6179756993211614,UP,DOWN,0.4668574408187612,False
2026-08-06,HDFC Bank,-0.449405944141068,DOWN,DOWN,0.48998125912713697,True
2026-08-06,Hindustan Unilever,0.7934599663380615,UP,UP,0.5392266970407337,True
2026-08-06,ICICI Bank,-2.5042881646655246,DOWN,DOWN,0.48820263401108444,True
2026-08-06,ITC,0.0699588007349483,UP,UP,0.5033922350615697,True
2026-08-06,Infosys,0.8669506940718774,UP,DOWN,0.49443679256763384,False
2026-08-06,M&M,2.8185554903112253,UP,DOWN,0.479534368580962,False
2026-08-06,Maruti Suzuki,-0.305397727272727,DOWN,DOWN,0.46269011451111597,True
2026-08-06,NTPC,-0.7246376811594235,DOWN,UP,0.520509499447055,False
2026-08-06,ONGC,0.4415487965865328,UP,UP,0.5424777923912809,True
2026-08-06,Reliance,0.739626326650944,UP,DOWN,0.4823804070567391,False
2026-08-06,SBI,1.1244194628456272,UP,DOWN,0.4821067548192781,False
2026-08-06,Sun Pharma,-0.3075345976422339,DOWN,DOWN,0.4830796561798365,True
2026-08-06,TCS,3.358615725742742,UP,UP,0.5005404909529544,True
2026-08-06,Tata Steel,-0.9244585165281372,DOWN,UP,0.5430861276379156,False
2026-08-06,Wipro,0.757577745057203,UP,DOWN,0.4900623676494691,False
2026-08-07,Axis Bank,0.7512155757774641,UP,UP,0.5237734158085174,True
2026-08-07,Bharti Airtel,-0.8622901272280492,DOWN,DOWN,0.46968583134166386,True
2026-08-07,Dr Reddy's,-1.1262756972589605,DOWN,UP,0.5104478942294937,False
2026-08-07,HCLTech,0.0442264187479723,UP,DOWN,0.44402119507575644,False
2026-08-07,HDFC Bank,0.0,DOWN,UP,0.5079175496739464,False
2026-08-07,Hindustan Unilever,-0.4198496578303956,DOWN,UP,0.5410293119776106,False
2026-08-07,ICICI Bank,0.7600315853712125,UP,UP,0.5091887950311086,True
2026-08-07,ITC,-1.2058763136771788,DOWN,UP,0.503646361624247,False
2026-08-07,Infosys,0.6722853015228125,UP,DOWN,0.49157679416114375,False
2026-08-07,M&M,0.4283266704740107,UP,DOWN,0.46950808679968903,False
2026-08-07,Maruti Suzuki,0.4274417610600656,UP,DOWN,0.46710299245211956,False
2026-08-07,NTPC,-0.5985365818886867,DOWN,UP,0.5204070748044148,False
2026-08-07,ONGC,0.4144819799359878,UP,UP,0.5199308185832243,True
2026-08-07,Reliance,-0.5618819093230143,DOWN,DOWN,0.49263235072915035,True
2026-08-07,SBI,-2.387892119744617,DOWN,DOWN,0.4958540384539527,True
2026-08-07,Sun Pharma,-0.0308470738271227,DOWN,DOWN,0.49806991875991236,True
2026-08-07,TCS,-1.1008276812293991,DOWN,DOWN,0.489426983228901,True
2026-08-07,Tata Steel,1.434285469280394,UP,UP,0.5186041358056883,True
2026-08-07,Wipro,-1.0824928238206688,DOWN,DOWN,0.4990402549125798,True
2026-08-10,Axis Bank,-1.403030491054802,DOWN,DOWN,0.49745939784089976,True
2026-08-10,Bharti Airtel,-1.430779661766601,DOWN,DOWN,0.489661849633803,True
2026-08-10,Dr Reddy's,3.9868786007211776,UP,UP,0.5306507442285293,True
2026-08-10,HCLTech,0.6041905052462715,UP,DOWN,0.45789847625060265,False
2026-08-10,HDFC Bank,-0.2735978112175075,DOWN,UP,0.5111354253614971,False
2026-08-10,Hindustan Unilever,-1.0684193824173185,DOWN,UP,0.5463874219529455,False
2026-08-10,ICICI Bank,-0.1536578549489631,DOWN,DOWN,0.48868789330796214,True
2026-08-10,ITC,-1.2913475943046038,DOWN,UP,0.527100898606983,False
2026-08-10,Infosys,0.6508834464814095,UP,DOWN,0.4877585297974459,False
2026-08-10,M&M,-1.6178533506895132,DOWN,DOWN,0.45939220886488186,True
2026-08-10,Maruti Suzuki,-0.7590267432787123,DOWN,DOWN,0.4809410569790918,True
2026-08-10,NTPC,-0.5874577554086824,DOWN,UP,0.5155148699945602,False
2026-08-10,ONGC,-0.1626081536038048,DOWN,DOWN,0.4994796308799124,True
2026-08-10,Reliance,-0.2561609499724171,DOWN,UP,0.5084423377239452,False
2026-08-10,SBI,-0.4668534080298769,DOWN,UP,0.5346096021485202,False
2026-08-10,Sun Pharma,-0.1234326467767776,DOWN,DOWN,0.4937721410375569,True
2026-08-10,TCS,0.8245042834064353,UP,UP,0.5041953044642221,True
2026-08-10,Tata Steel,-1.0460499556890546,DOWN,UP,0.5040956714234641,False
2026-08-10,Wipro,-0.4851719118514341,DOWN,UP,0.5079242785423569,False
2026-08-11,Axis Bank,0.0162588359030824,UP,UP,0.5234034639197593,True
2026-08-11,Bharti Airtel,1.5559758556745518,UP,UP,0.503212718926097,True
2026-08-11,Dr Reddy's,-0.4149377593360981,DOWN,UP,0.5200918866566238,False
2026-08-11,HCLTech,0.0,DOWN,DOWN,0.47823257329382385,True
2026-08-11,HDFC Bank,0.0,DOWN,UP,0.5105898653937871,False
2026-08-11,Hindustan Unilever,-0.092009416126837,DOWN,UP,0.5192796840040392,False
2026-08-11,ICICI Bank,0.1468925309037416,UP,DOWN,0.4907048754254727,False
2026-08-11,ITC,-1.021507563984092,DOWN,UP,0.5188058870114736,False
2026-08-11,Infosys,-1.2261674800245317,DOWN,DOWN,0.4976317358512404,True
2026-08-11,M&M,-1.632900737128129,DOWN,DOWN,0.484205375849032,True
2026-08-11,Maruti Suzuki,-0.8220157255182325,DOWN,DOWN,0.4776973637735218,True
2026-08-11,NTPC,0.2954646074553313,UP,UP,0.5127727115259794,True
2026-08-11,ONGC,-0.1670469415670283,DOWN,UP,0.5073768945701701,False
2026-08-11,Reliance,0.3852236189960445,UP,UP,0.5115882788964194,True
2026-08-11,SBI,1.500938086303938,UP,DOWN,0.4930645515149499,False
2026-08-11,Sun Pharma,0.1029866117404632,UP,DOWN,0.49333588764424813,False
2026-08-11,TCS,-3.925256651127662,DOWN,UP,0.5004863749166287,False
2026-08-11,Tata Steel,-1.0889790447584646,DOWN,UP,0.514855571089565,False
2026-08-11,Wipro,-0.3575317661361543,DOWN,UP,0.521638340880879,False
2026-08-12,Axis Bank,-0.6666626969004108,DOWN,UP,0.5208831561447252,False
2026-08-12,Bharti Airtel,-0.3033431575353629,DOWN,DOWN,0.48042441202356984,True
2026-08-12,Dr Reddy's,0.4999999999999893,UP,UP,0.5274777416119684,True
2026-08-12,HCLTech,0.3368958183453507,UP,DOWN,0.4880984770239071,False
2026-08-12,HDFC Bank,-0.5486968449931462,DOWN,UP,0.5119058492071124,False
2026-08-12,Hindustan Unilever,1.4057198254968428,UP,DOWN,0.4978101934544642,False
2026-08-12,ICICI Bank,-1.7391844096501408,DOWN,DOWN,0.49745538123644084,True
2026-08-12,ITC,0.8509890115719232,UP,UP,0.5161604793255484,True
2026-08-12,Infosys,-0.0935273878727382,DOWN,UP,0.5045008507948989,False
2026-08-12,M&M,0.7227598075509656,UP,DOWN,0.4839379093011822,False
2026-08-12,Maruti Suzuki,0.216216216216214,UP,DOWN,0.4887726046199896,False
2026-08-12,NTPC,1.4140484962013256,UP,UP,0.5033547549719682,True
2026-08-12,ONGC,0.3555703132714694,UP,DOWN,0.4973872835950802,False
2026-08-12,Reliance,-0.9029345372460472,DOWN,UP,0.5122901138595971,False
2026-08-12,SBI,0.0924214417744817,UP,DOWN,0.4823599266252426,False
2026-08-12,Sun Pharma,-0.6172839506172867,DOWN,DOWN,0.4928989760787636,True
2026-08-12,TCS,1.0767353004159874,UP,UP,0.5928157687761919,True
2026-08-12,Tata Steel,-0.7250219478262654,DOWN,UP,0.5186888068986737,False
2026-08-12,Wipro,-0.4566686564866362,DOWN,UP,0.5075305080847715,False
2026-08-13,Axis Bank,-0.3601263904255636,DOWN,UP,0.5078291943468746,False
2026-08-13,Bharti Airtel,2.7332267890924467,UP,UP,0.5140436444074319,True
2026-08-13,Dr Reddy's,-0.497512437810943,DOWN,UP,0.5267128695795934,False
2026-08-13,HCLTech,-0.7299270072992692,DOWN,DOWN,0.4796757089553631,True
2026-08-13,HDFC Bank,0.2758620689655267,UP,UP,0.5099311284570622,True
2026-08-13,Hindustan Unilever,-0.7170172084130066,DOWN,DOWN,0.49658300622913704,True
2026-08-13,ICICI Bank,0.7250462622866438,UP,UP,0.5138821499387274,True
2026-08-13,ITC,-0.107715545051612,DOWN,DOWN,0.4988360705746868,True
2026-08-13,Infosys,-0.4936211768617027,DOWN,DOWN,0.4950784846825549,True
2026-08-13,M&M,0.0029198313306055,UP,DOWN,0.48000069505570975,False
2026-08-13,Maruti Suzuki,-0.5106076950737171,DOWN,DOWN,0.4804103461050107,True
2026-08-13,NTPC,-1.2345679012345734,DOWN,DOWN,0.4993513781638384,True
2026-08-13,ONGC,-1.4589412626288878,DOWN,DOWN,0.494587737281245,True
2026-08-13,Reliance,-0.5315110098709219,DOWN,UP,0.5162940306896425,False
2026-08-13,SBI,-1.4127468908702645,DOWN,DOWN,0.48629161122422665,True
2026-08-13,Sun Pharma,-0.103519668737062,DOWN,DOWN,0.4961723739303181,True
2026-08-13,TCS,-0.5894736842105286,DOWN,UP,0.506405099621583,False
2026-08-13,Tata Steel,-0.7303251603679173,DOWN,UP,0.5135816710086187,False
2026-08-13,Wipro,0.4915313306847135,UP,UP,0.5060426020133156,True
2026-08-14,Axis Bank,0.8132104662004869,UP,UP,0.5160089571563394,True
2026-08-14,Bharti Airtel,-1.1445171947811583,DOWN,DOWN,0.49856880961604444,True
2026-08-14,Dr Reddy's,-0.666666666666671,DOWN,UP,0.5274187862898555,False
2026-08-14,HCLTech,-2.573529411764708,DOWN,DOWN,0.49714676887034104,True
2026-08-14,HDFC Bank,0.2751031636863743,UP,UP,0.5102819508309452,True
2026-08-14,Hindustan Unilever,-1.0592200288878195,DOWN,UP,0.5031619379895694,False
2026-08-14,ICICI Bank,-0.1199683254675343,DOWN,DOWN,0.4961868549897117,True
2026-08-14,ITC,-1.851194891476116,DOWN,UP,0.5055965172754776,False
2026-08-14,Infosys,-2.5059808400133443,DOWN,DOWN,0.4863105386453216,True
2026-08-14,M&M,-1.1055084428018502,DOWN,DOWN,0.47481246248110387,True
2026-08-14,Maruti Suzuki,-0.5349139800491565,DOWN,DOWN,0.46860549788261174,True
2026-08-14,NTPC,-0.8823529411764675,DOWN,UP,0.5324212448347704,False
2026-08-14,ONGC,0.8840996830121961,UP,UP,0.5283126294690058,True
2026-08-14,Reliance,0.458015267175571,UP,UP,0.5111205358773281,True
2026-08-14,SBI,-0.6087852671404326,DOWN,UP,0.5020310728741298,False
2026-08-14,Sun Pharma,-2.4870466321243567,DOWN,DOWN,0.4891368807438067,True
2026-08-14,TCS,-2.0245679300349373,DOWN,UP,0.511967279707995,False
2026-08-14,Tata Steel,1.3623978201634968,UP,UP,0.5205291943570569,True
2026-08-14,Wipro,-1.1413076649541276,DOWN,UP,0.5023605386074007,False
2026-08-17,Axis Bank,1.2792268025138442,UP,UP,0.5113001251846575,True
2026-08-17,Bharti Airtel,-1.7823641286728753,DOWN,UP,0.5046607362517895,False
2026-08-17,Dr Reddy's,-1.1073784540163611,DOWN,UP,0.5449951759342296,False
2026-08-17,HCLTech,-2.037735849056599,DOWN,UP,0.5042611708284025,False
2026-08-17,HDFC Bank,-0.8230452674897082,DOWN,UP,0.5186561994700017,False
2026-08-17,Hindustan Unilever,-0.9732360097323588,DOWN,UP,0.5100203520750489,False
2026-08-17,ICICI Bank,-0.2331695551665902,DOWN,UP,0.5074185427262086,False
2026-08-17,ITC,-1.1170071156645922,DOWN,UP,0.5400443530824299,False
2026-08-17,Infosys,-2.184404235525983,DOWN,UP,0.5052109609500978,False
2026-08-17,M&M,0.9172988010868854,UP,UP,0.5009905075125608,True
2026-08-17,Maruti Suzuki,-0.5014534883720945,DOWN,DOWN,0.47818729129785204,True
2026-08-17,NTPC,0.0296754016366751,UP,UP,0.5339684816236991,True
2026-08-17,ONGC,0.4234955275158825,UP,UP,0.5076473405536095,True
2026-08-17,Reliance,0.4559270516717228,UP,UP,0.5120070346471404,True
2026-08-17,SBI,-0.7727055738006583,DOWN,UP,0.504556599556493,False
2026-08-17,Sun Pharma,-0.3666325405984438,DOWN,UP,0.5408205693428866,False
2026-08-17,TCS,-1.4352391437262413,DOWN,UP,0.5196948206122968,False
2026-08-17,Tata Steel,-0.268817204301075,DOWN,UP,0.5064241068057472,False
2026-08-17,Wipro,-2.111048085068057,DOWN,UP,0.5050288807897668,False
2026-08-18,Axis Bank,-0.6436041834271933,DOWN,UP,0.509380658075319,False
2026-08-18,Bharti Airtel,-0.6307492234442158,DOWN,UP,0.5206261941464944,False
2026-08-18,Dr Reddy's,-0.7465259979309802,DOWN,UP,0.5093890886179054,False
2026-08-18,HCLTech,2.064718707867863,UP,UP,0.5107672150641743,True
2026-08-18,HDFC Bank,-0.4149377593360981,DOWN,UP,0.5148750420236532,False
2026-08-18,Hindustan Unilever,-0.702705102119161,DOWN,UP,0.5001144468182614,False
2026-08-18,ICICI Bank,-0.7082152974504208,DOWN,UP,0.5071787723204281,False
2026-08-18,ITC,-1.0925971137152768,DOWN,UP,0.5237798078269532,False
2026-08-18,Infosys,0.4304976527466309,UP,DOWN,0.4814101382994311,False
2026-08-18,M&M,-0.189975157094846,DOWN,DOWN,0.483595315898457,True
2026-08-18,Maruti Suzuki,-0.0073040683660763,DOWN,DOWN,0.47614428737605646,True
2026-08-18,NTPC,-0.1631617622629089,DOWN,UP,0.5179191302364441,False
2026-08-18,ONGC,-0.6263048016701411,DOWN,UP,0.5030101020108885,False
2026-08-18,Reliance,-0.8320726172465931,DOWN,DOWN,0.49685715951848014,True
2026-08-18,SBI,-0.4178560697115419,DOWN,UP,0.5068346657789153,False
2026-08-18,Sun Pharma,1.327930496414309,UP,DOWN,0.49968059340059834,False
2026-08-18,TCS,0.3947368421052699,UP,UP,0.5040959468485366,True
2026-08-18,Tata Steel,-0.8086253369272267,DOWN,UP,0.5233390626625897,False
2026-08-18,Wipro,0.8367996819014678,UP,UP,0.5289196197834929,True
2026-08-19,Axis Bank,1.2955465587044523,UP,UP,0.5267649642092281,True
2026-08-19,Bharti Airtel,1.0249714449466651,UP,DOWN,0.4952282390856514,False
2026-08-19,Dr Reddy's,0.8547008547008517,UP,UP,0.5212697133516674,True
2026-08-19,HCLTech,-0.4830936124831653,DOWN,DOWN,0.47198608956986543,True
2026-08-19,HDFC Bank,0.7013871934678839,UP,UP,0.5089489453336574,True
2026-08-19,Hindustan Unilever,0.3612633743021343,UP,UP,0.5016130454995603,True
2026-08-19,ICICI Bank,0.7061358355251457,UP,UP,0.5150866386876558,True
2026-08-19,ITC,1.7225262362048133,UP,UP,0.5262929217865895,True
2026-08-19,Infosys,0.910872542160468,UP,DOWN,0.4890142071230283,False
2026-08-19,M&M,0.2869706831076124,UP,DOWN,0.48690300491318833,False
2026-08-19,Maruti Suzuki,0.8692476260043769,UP,DOWN,0.460142559388107,False
2026-08-19,NTPC,0.2822796735965527,UP,UP,0.5102195978954128,True
2026-08-19,ONGC,0.2100840336134446,UP,UP,0.5200971645016165,True
2026-08-19,Reliance,0.1678071069317388,UP,UP,0.5074955799397913,True
2026-08-19,SBI,-0.0572168224209801,DOWN,UP,0.5088963211284055,False
2026-08-19,Sun Pharma,0.2105263157894832,UP,DOWN,0.47856496673924337,False
2026-08-19,TCS,0.3931847968545288,UP,UP,0.5292194771007858,True
2026-08-19,Tata Steel,-0.2717391304347782,DOWN,UP,0.5245374594492254,False
2026-08-19,Wipro,0.8075727783887654,UP,DOWN,0.49246436581447284,False
2026-08-20,Axis Bank,-0.4156635628996818,DOWN,UP,0.5208995829402636,False
2026-08-20,Bharti Airtel,0.221457945936998,UP,UP,0.5020408471673197,True
2026-08-20,Dr Reddy's,-0.4491566803495717,DOWN,UP,0.5076582166251067,False
2026-08-20,HCLTech,-1.2060091110153714,DOWN,UP,0.5062471008486412,False
2026-08-20,HDFC Bank,0.2620542646785129,UP,UP,0.5070386605455162,True
2026-08-20,Hindustan Unilever,-0.6410256410256387,DOWN,DOWN,0.49073132574211514,True
2026-08-20,ICICI Bank,0.5736932818100282,UP,UP,0.5083884232329963,True
2026-08-20,ITC,-0.8282716917186406,DOWN,UP,0.517333310531048,False
2026-08-20,Infosys,-0.7964601769911539,DOWN,UP,0.5092022243083649,False
2026-08-20,M&M,-0.3679075413632215,DOWN,DOWN,0.48896343546321985,True
2026-08-20,Maruti Suzuki,-1.7669635744804069,DOWN,DOWN,0.47857709743143934,True
2026-08-20,NTPC,0.7407407407407307,UP,UP,0.5014748380979073,True
2026-08-20,ONGC,-0.8805057037801212,DOWN,UP,0.5025949346570303,False
2026-08-20,Reliance,0.2132233423879137,UP,DOWN,0.49177965529933526,False
2026-08-20,SBI,0.0667892339575315,UP,UP,0.5004689975199854,True
2026-08-20,Sun Pharma,-0.0840323311941948,DOWN,DOWN,0.49748766547862944,True
2026-08-20,TCS,0.1740644038294103,UP,UP,0.5269757725373495,True
2026-08-20,Tata Steel,-0.2724795640327015,DOWN,UP,0.5225635601325509,False
2026-08-20,Wipro,-0.1160258087664067,DOWN,UP,0.5113912183673007,False
2026-08-21,Axis Bank,-0.786647009473429,DOWN,UP,0.5135066401506377,False
2026-08-21,Bharti Airtel,-0.565262076053441,DOWN,DOWN,0.499460682366109,True
2026-08-21,Dr Reddy's,1.3024644133901475,UP,UP,0.5198225052350363,True
2026-08-21,HCLTech,1.497120921305184,UP,UP,0.5043520860994659,True
2026-08-21,HDFC Bank,0.281998453613741,UP,UP,0.5067696759253153,True
2026-08-21,Hindustan Unilever,0.7444168734491274,UP,DOWN,0.49003211898721627,False
2026-08-21,ICICI Bank,-0.3521126760563375,DOWN,DOWN,0.49142829471665717,True
2026-08-21,ITC,0.1113653739213349,UP,UP,0.52313135040466,True
2026-08-21,Infosys,0.802854594112401,UP,UP,0.500586147093508,True
2026-08-21,M&M,0.0556868446036418,UP,DOWN,0.4849870783905116,False
2026-08-21,Maruti Suzuki,0.4054552156284474,UP,DOWN,0.4483195347358691,False
2026-08-21,NTPC,-0.1470588235294112,DOWN,UP,0.504945361361115,False
2026-08-21,ONGC,0.0634556510771711,UP,UP,0.5104034376139318,True
2026-08-21,Reliance,-0.4711209097169488,DOWN,DOWN,0.48886168893512977,True
2026-08-21,SBI,-0.8772720129904155,DOWN,UP,0.5104689691652747,False
2026-08-21,Sun Pharma,0.3994940858076612,UP,UP,0.5206352917643859,True
2026-08-21,TCS,-0.7775804667137232,DOWN,UP,0.5055012440243624,False
2026-08-21,Tata Steel,1.803280356151804,UP,UP,0.518724342386282,True
2026-08-21,Wipro,0.2876289019148714,UP,UP,0.5021011635954783,True
2026-08-24,Axis Bank,-0.0809061488673101,DOWN,UP,0.5191846067974267,False
2026-08-24,Bharti Airtel,0.6201550387596955,UP,UP,0.5093432247473766,True
2026-08-24,Dr Reddy's,0.2941176470588225,UP,UP,0.5279449398633554,True
2026-08-24,HCLTech,-0.4689826907620986,DOWN,DOWN,0.4893248809602165,True
2026-08-24,HDFC Bank,-0.2057613168724326,DOWN,UP,0.5180514322138042,False
2026-08-24,Hindustan Unilever,-0.2857166910406383,DOWN,DOWN,0.49572716774662884,True
2026-08-24,ICICI Bank,0.5441661605565473,UP,UP,0.5061019007195797,True
2026-08-24,ITC,0.6303231785351748,UP,UP,0.5350360207767471,True
2026-08-24,Infosys,1.2389380530973382,UP,UP,0.5110777770306381,True
2026-08-24,M&M,0.8464866734162024,UP,DOWN,0.4821816359643564,False
2026-08-24,Maruti Suzuki,0.4258443465491979,UP,DOWN,0.4794999979710121,False
2026-08-24,NTPC,0.1030945813006223,UP,UP,0.5175657579359151,True
2026-08-24,ONGC,-1.0779974715112828,DOWN,UP,0.5031582296357527,False
2026-08-24,Reliance,0.5496984962183094,UP,UP,0.5050169264761334,True
2026-08-24,SBI,0.8177008177008283,UP,UP,0.5087154983290411,True
2026-08-24,Sun Pharma,0.6282722513089034,UP,UP,0.5130130918352339,True
2026-08-24,TCS,0.5297426994570253,UP,UP,0.5162388088999729,True
2026-08-24,Tata Steel,0.3435316044898995,UP,DOWN,0.49636793839777704,False
2026-08-24,Wipro,-0.6728813838899339,DOWN,UP,0.5180055941992889,False
2026-08-25,Axis Bank,1.61943319838056,UP,DOWN,0.4980441524789564,False
2026-08-25,Bharti Airtel,-2.3061132210612567,DOWN,DOWN,0.49979120608973454,True
2026-08-25,Dr Reddy's,-0.9635525764558062,DOWN,UP,0.5074483572255241,False
2026-08-25,HCLTech,-1.3147931438011962,DOWN,UP,0.5245175627505774,False
2026-08-25,HDFC Bank,-0.0412354354596189,DOWN,UP,0.5163570426276084,False
2026-08-25,Hindustan Unilever,-0.1580847371339233,DOWN,UP,0.5036569934510313,False
2026-08-25,ICICI Bank,0.5131123271714388,UP,DOWN,0.49437068023283387,False
2026-08-25,ITC,-0.4237265741881324,DOWN,UP,0.5236177011842648,False
2026-08-25,Infosys,-2.097902097902093,DOWN,UP,0.5115943639498381,False
2026-08-25,M&M,-1.3011922401430454,DOWN,DOWN,0.47231431884856095,True
2026-08-25,Maruti Suzuki,-1.155139640298286,DOWN,DOWN,0.46355670129776216,True
2026-08-25,NTPC,-1.5447991483633738,DOWN,UP,0.5059092912117509,False
2026-08-25,ONGC,-0.7649543957832572,DOWN,UP,0.5160221247390818,False
2026-08-25,Reliance,-1.4426727410782103,DOWN,DOWN,0.4894512770300019,True
2026-08-25,SBI,0.3816793893129722,UP,DOWN,0.4911164160314334,False
2026-08-25,Sun Pharma,-1.1706555671175845,DOWN,UP,0.5042173460997521,False
2026-08-25,TCS,-1.1410134887644974,DOWN,UP,0.5384492673659597,False
2026-08-25,Tata Steel,0.572371911552283,UP,UP,0.506858203518399,True
2026-08-25,Wipro,-1.521456099779217,DOWN,UP,0.5232876855119604,False
2026-08-26,Axis Bank,0.0796812749003894,UP,DOWN,0.4993299572308619,False
2026-08-26,Bharti Airtel,-1.2512447854104436,DOWN,UP,0.525580778360634,False
2026-08-26,Dr Reddy's,-0.4230118443316444,DOWN,UP,0.5244971127176234,False
2026-08-26,HCLTech,-1.2706969580284944,DOWN,UP,0.5269980826531281,False
2026-08-26,HDFC Bank,-2.2277244135165297,DOWN,UP,0.5164006830291622,False
2026-08-26,Hindustan Unilever,-0.5937654626422595,DOWN,UP,0.5188220954965411,False
2026-08-26,ICICI Bank,0.9090909090909038,UP,DOWN,0.497276884823123,False
2026-08-26,ITC,-0.4625346901017568,DOWN,UP,0.5420146632530506,False
2026-08-26,Infosys,-0.8214242117745574,DOWN,UP,0.5371019179606077,False
2026-08-26,M&M,-2.006943445112941,DOWN,DOWN,0.4790818859631111,True
2026-08-26,Maruti Suzuki,-0.591715976331364,DOWN,DOWN,0.45409196310999705,True
2026-08-26,NTPC,-1.1058015957975176,DOWN,UP,0.5386222346212289,False
2026-08-26,ONGC,-0.0904382704428274,DOWN,UP,0.5123902915733367,False
2026-08-26,Reliance,-1.2172610807492323,DOWN,DOWN,0.49857926891933996,True
2026-08-26,SBI,-0.8650166906784662,DOWN,DOWN,0.4908037226844747,True
2026-08-26,Sun Pharma,0.7265095460976534,UP,UP,0.5164006831867574,True
2026-08-26,TCS,-0.9515461522577096,DOWN,UP,0.5096591297486187,False
2026-08-26,Tata Steel,-0.6435782620238251,DOWN,UP,0.5163185390610266,False
2026-08-26,Wipro,-0.5356708059410797,DOWN,UP,0.5326525817851765,False
2026-08-27,Axis Bank,0.7165605095541316,UP,UP,0.5191409628898227,True
2026-08-27,Bharti Airtel,0.2182811840150567,UP,UP,0.5362833544407175,True
2026-08-27,Dr Reddy's,0.0849617672047609,UP,UP,0.5124922963249288,True
2026-08-27,HCLTech,2.659904491882803,UP,UP,0.5277655618688037,True
2026-08-27,HDFC Bank,1.3080151607550938,UP,UP,0.5345994826188386,True
2026-08-27,Hindustan Unilever,0.0696876263843959,UP,UP,0.5099740819431879,True
2026-08-27,ICICI Bank,-1.3998580160689555,DOWN,UP,0.5197202892507831,False
2026-08-27,ITC,-1.115241635687736,DOWN,UP,0.5216815534813936,False
2026-08-27,Infosys,2.988832347180792,UP,UP,0.5213623691373359,True
2026-08-27,M&M,0.1201201201201263,UP,UP,0.514549308125754,True
2026-08-27,Maruti Suzuki,-0.4761904761904745,DOWN,DOWN,0.4822677806720697,True
2026-08-27,NTPC,-0.2568770381366492,DOWN,UP,0.5284576703094779,False
2026-08-27,ONGC,0.1077586206896574,UP,UP,0.5116637038143013,True
2026-08-27,Reliance,0.37436039704557,UP,UP,0.5164951737594837,True
2026-08-27,SBI,0.4410754126237481,UP,UP,0.5010288159813786,True
2026-08-27,Sun Pharma,0.3501777557565422,UP,UP,0.5143518369147736,True
2026-08-27,TCS,4.162964851523099,UP,UP,0.5005519093109776,True
2026-08-27,Tata Steel,-0.1606012028140591,DOWN,UP,0.5147476177404573,False
2026-08-27,Wipro,2.579366898633717,UP,UP,0.5037210135753297,True
2026-08-28,Axis Bank,2.7667984189723382,UP,DOWN,0.4965580298082446,False
2026-08-28,Bharti Airtel,-3.7452188209540993,DOWN,DOWN,0.49442594726033734,True
2026-08-28,Dr Reddy's,-2.003393513237484,DOWN,UP,0.5064009399179937,False
2026-08-28,HCLTech,-0.2963319266324093,DOWN,UP,0.5198453023408932,False
2026-08-28,HDFC Bank,-1.5687891134903986,DOWN,UP,0.5044539762014352,False
2026-08-28,Hindustan Unilever,-2.13887780928238,DOWN,UP,0.5090420148639085,False
2026-08-28,ICICI Bank,2.1928556438814084,UP,DOWN,0.4994453340672949,False
2026-08-28,ITC,-3.9473684210526327,DOWN,UP,0.5401185063365629,False
2026-08-28,Infosys,-0.8916041234156458,DOWN,UP,0.5099513916597717,False
2026-08-28,M&M,-1.559688062387521,DOWN,DOWN,0.4799262698287421,True
2026-08-28,Maruti Suzuki,1.2784090909090828,UP,DOWN,0.46299465044370924,False
2026-08-28,NTPC,-0.8029068306303455,DOWN,DOWN,0.48898170500870386,True
2026-08-28,ONGC,-0.1937554136672514,DOWN,UP,0.5071165952547578,False
2026-08-28,Reliance,-0.7770007770007803,DOWN,DOWN,0.48322794633403926,True
2026-08-28,SBI,1.193317422434359,UP,DOWN,0.49321058125373535,False
2026-08-28,Sun Pharma,3.3750025431315,UP,UP,0.511725124302329,True
2026-08-28,TCS,2.4466288995783625,UP,UP,0.5180004656740753,True
2026-08-28,Tata Steel,-1.15281174074231,DOWN,UP,0.5111517286548936,False
2026-08-28,Wipro,1.961869638921976,UP,UP,0.520420609764355,True
2026-08-31,Axis Bank,-3.230769230769226,DOWN,UP,0.5110508095847864,False
2026-08-31,Bharti Airtel,3.603947562113952,UP,UP,0.5657691341543352,True
2026-08-31,Dr Reddy's,1.4379742926948769,UP,UP,0.5418776978901816,True
2026-08-31,HCLTech,2.9873551822021893,UP,UP,0.5116941531711849,True
2026-08-31,HDFC Bank,0.4090302417577574,UP,UP,0.5496958701073998,True
2026-08-31,Hindustan Unilever,1.392702250383615,UP,UP,0.5298114209820759,True
2026-08-31,ICICI Bank,-1.1004126547455306,DOWN,DOWN,0.49543170136514053,True
2026-08-31,ITC,4.344425089438597,UP,UP,0.5764789786686232,True
2026-08-31,Infosys,1.9580128960851928,UP,UP,0.5249617354742294,True
2026-08-31,M&M,-0.7007921998781197,DOWN,UP,0.5026448393510323,False
2026-08-31,Maruti Suzuki,-4.406879751974602,DOWN,DOWN,0.49572500045647333,True
2026-08-31,NTPC,0.0305455422663358,UP,UP,0.5183656472773356,True
2026-08-31,ONGC,2.006037029881358,UP,UP,0.517801228650378,True
2026-08-31,Reliance,2.5058731401722767,UP,UP,0.5170787665071587,True
2026-08-31,SBI,-2.4056603773584877,DOWN,DOWN,0.4921778552740062,True
2026-08-31,Sun Pharma,-2.8113687754628303,DOWN,UP,0.5079257194373352,False
2026-08-31,TCS,-1.262870345996292,DOWN,UP,0.5063940352905786,False
2026-08-31,Tata Steel,-0.1518843341614117,DOWN,UP,0.5007601555941242,False
2026-08-31,Wipro,-1.5176168302210358,DOWN,UP,0.518485571844161,False
2026-09-01,Axis Bank,-0.3259122087390653,DOWN,UP,0.5280102760867773,False
2026-09-01,Bharti Airtel,-0.7670947537986361,DOWN,UP,0.5131785730995334,False
2026-09-01,Dr Reddy's,-1.2382578992314208,DOWN,DOWN,0.49866155572108284,True
2026-09-01,HCLTech,-1.472548768281301,DOWN,UP,0.5072784893007736,False
2026-09-01,HDFC Bank,-1.5592128445605535,DOWN,DOWN,0.4989314811967862,True
2026-09-01,Hindustan Unilever,-0.9925831333198908,DOWN,UP,0.5102200019005151,False
2026-09-01,ICICI Bank,-0.7997218358831715,DOWN,DOWN,0.4968705003732266,True
2026-09-01,ITC,-0.1125349976287659,DOWN,UP,0.5143939080557258,False
2026-09-01,Infosys,-1.384083044982698,DOWN,DOWN,0.49454815435654825,True
2026-09-01,M&M,-2.1172138692850617,DOWN,UP,0.5389662797268746,False
2026-09-01,Maruti Suzuki,-0.7799227799227815,DOWN,DOWN,0.48304710319451,True
2026-09-01,NTPC,0.7633587786259444,UP,DOWN,0.49225008227902084,False
2026-09-01,ONGC,0.4440698098159279,UP,UP,0.5127587548325547,True
2026-09-01,Reliance,0.3132143304765078,UP,DOWN,0.49273444370413116,False
2026-09-01,SBI,-1.3146423959340403,DOWN,UP,0.5201396593911818,False
2026-09-01,Sun Pharma,0.1399663645347271,UP,UP,0.5212884511020265,True
2026-09-01,TCS,-0.8864499788940439,DOWN,UP,0.5005240700859833,False
2026-09-01,Tata Steel,-0.1195204063395571,DOWN,DOWN,0.4959027129175161,True
2026-09-01,Wipro,-2.537149525470128,DOWN,UP,0.5153329804353455,False
2026-09-02,Axis Bank,1.0447384425292583,UP,UP,0.5152785265749774,True
2026-09-02,Bharti Airtel,0.3328296655229046,UP,UP,0.5160203348408905,True
2026-09-02,Dr Reddy's,-0.1297016861219191,DOWN,UP,0.5096121303400057,False
2026-09-02,HCLTech,-0.9387908374014264,DOWN,UP,0.5148064591039808,False
2026-09-02,HDFC Bank,0.8347655141258237,UP,UP,0.5016006603401496,True
2026-09-02,Hindustan Unilever,-0.6582278481012671,DOWN,UP,0.5118605718580174,False
2026-09-02,ICICI Bank,0.2453557658604888,UP,DOWN,0.49660022196560577,False
2026-09-02,ITC,-1.2391993782344013,DOWN,UP,0.5322058546215667,False
2026-09-02,Infosys,-0.8508729098135936,DOWN,UP,0.5078823726260334,False
2026-09-02,M&M,-1.253918495297801,DOWN,UP,0.5054119088995108,False
2026-09-02,Maruti Suzuki,0.0622616546034793,UP,DOWN,0.49741334985690183,False
2026-09-02,NTPC,0.2727254231770892,UP,DOWN,0.49857543881047217,False
2026-09-02,ONGC,-0.6315789473684164,DOWN,UP,0.5256649672685757,False
2026-09-02,Reliance,-0.8072481747787408,DOWN,UP,0.502672270919338,False
2026-09-02,SBI,0.244881961035781,UP,UP,0.5033604337166637,True
2026-09-02,Sun Pharma,-0.8127530966882568,DOWN,DOWN,0.4967839598787922,True
2026-09-02,TCS,-1.188241156037051,DOWN,UP,0.5063701661869974,False
2026-09-02,Tata Steel,0.1903676002760201,UP,DOWN,0.4856954907728498,False
2026-09-02,Wipro,-0.773615193132382,DOWN,UP,0.5486707926349281,False
