Date,Company,Actual_Return,Predicted_Return,Prediction_Error,Actual_Direction,Predicted_Direction
2025-09-22,Axis Bank,2.306887788435641,0.04659103421893557,2.2602967542167054,UP,UP
2025-09-23,Axis Bank,-1.0164010862464101,0.08379253157356797,-1.100193617819978,DOWN,UP
2025-09-24,Axis Bank,0.6644189325794692,0.03052354966404742,0.6338953829154217,UP,UP
2025-09-25,Axis Bank,-1.0800596476619129,0.039183046331361986,-1.119242693993275,DOWN,UP
2025-09-26,Axis Bank,-1.8890856870125705,0.017619632603251133,-1.9067053196158217,DOWN,UP
2025-09-29,Axis Bank,-0.05299201658828245,-0.05671885756438783,0.003726840976105379,DOWN,DOWN
2025-09-30,Axis Bank,2.4655377355956576,0.04023657698006548,2.425301158615592,UP,UP
2025-10-01,Axis Bank,1.8542475204829767,0.06157817910157869,1.792669341381398,UP,UP
2025-10-03,Axis Bank,2.692637496030903,0.10089018189403012,2.5917473141368728,UP,UP
2025-10-06,Axis Bank,-2.143799385984746,0.050293472275542025,-2.194092858260288,DOWN,UP
2025-10-07,Axis Bank,-0.522419361905957,0.0007379536226496046,-0.5231573155286066,DOWN,UP
2025-10-08,Axis Bank,-1.1180714420499505,0.02884515579917747,-1.146916597849128,DOWN,UP
2025-10-09,Axis Bank,1.1135857228138146,0.010558208849064474,1.10302751396475,UP,UP
2025-10-10,Axis Bank,0.7793926619445557,0.05746400164357066,0.721928660300985,UP,UP
2025-10-13,Axis Bank,-1.0759857952676866,0.034985056932124906,-1.1109708521998114,DOWN,UP
2025-10-14,Axis Bank,-0.6118348864242007,0.015493830266215432,-0.6273287166904161,DOWN,UP
2025-10-15,Axis Bank,2.2828380471546783,0.0063637406811702804,2.2764743064735082,UP,UP
2025-10-16,Axis Bank,0.3259970061499473,0.07974039691431863,0.2462566092356287,UP,UP
2025-10-17,Axis Bank,2.1496458821660402,0.02049739854318202,2.129148483622858,UP,UP
2025-10-20,Axis Bank,0.9217005569433168,0.06661069683239834,0.8550898601109185,UP,UP
2025-10-21,Axis Bank,1.737654501861785,0.03460218058228501,1.7030523212795001,UP,UP
2025-10-23,Axis Bank,-1.3425503462440647,0.06844016184187446,-1.410990508085939,DOWN,UP
2025-10-24,Axis Bank,0.9823617788904615,-0.0002015509633100541,0.9825633298537716,UP,DOWN
2025-10-27,Axis Bank,-0.6219541431829012,0.04336929903131519,-0.6653234422142164,DOWN,UP
2025-10-28,Axis Bank,0.20059374966330257,0.028074981211957725,0.17251876845134484,UP,UP
2025-10-29,Axis Bank,-0.8167899458171313,0.03580413849817393,-0.8525940843153053,DOWN,UP
2025-10-30,Axis Bank,-0.4682647240541682,0.03853524479892181,-0.50679996885309,DOWN,UP
2025-10-31,Axis Bank,0.07299661811381863,0.018647359027263773,0.05434925908655486,UP,UP
2025-11-03,Axis Bank,-0.5755026235668814,0.03603148860681864,-0.6115341121737,DOWN,UP
2025-11-04,Axis Bank,0.1549017162791655,0.03359711832638229,0.1213045979527832,UP,UP
2025-11-06,Axis Bank,-0.4639764893671128,0.04996275724177785,-0.5139392466088907,DOWN,UP
2025-11-07,Axis Bank,-0.47432520416428314,0.047271515769391925,-0.5215967199336751,DOWN,UP
2025-11-10,Axis Bank,0.4519309778143077,0.05656915185845334,0.39536182595585434,UP,UP
2025-11-11,Axis Bank,-0.07362162896217272,0.05094408481557337,-0.1245657137777461,DOWN,UP
2025-11-12,Axis Bank,0.2946934886938646,0.03980125848650339,0.2548922302073612,UP,UP
2025-11-13,Axis Bank,1.3385590162957595,0.0479664518638143,1.2905925644319451,UP,UP
2025-11-14,Axis Bank,0.6443299095769239,0.10704640361181582,0.5372835059651081,UP,UP
2025-11-17,Axis Bank,1.2644085416788187,0.051966132992949624,1.212442408685869,UP,UP
2025-11-18,Axis Bank,0.3951319664558417,0.08408230657823626,0.31104965987760547,UP,UP
2025-11-19,Axis Bank,1.164981617867844,0.04897487108849229,1.1160067467793517,UP,UP
2025-11-20,Axis Bank,-0.7313961018422854,0.054126239253615344,-0.7855223410959008,DOWN,UP
2025-11-21,Axis Bank,-0.5330027095053924,0.043717181517879344,-0.5767198910232718,DOWN,UP
2025-11-24,Axis Bank,-0.21276210968281806,0.02097642636706615,-0.2337385360498842,DOWN,UP
2025-11-25,Axis Bank,1.887380669839489,0.04024167473769773,1.8471389951017914,UP,UP
2025-11-26,Axis Bank,-0.22476379270639502,0.10297041625836131,-0.32773420896475636,DOWN,UP
2025-11-27,Axis Bank,-0.590390535848162,0.033734926219627336,-0.6241254620677894,DOWN,UP
2025-11-28,Axis Bank,-0.3125732712841778,0.04847302789209425,-0.361046299176272,DOWN,UP
2025-12-01,Axis Bank,-1.3874697694873817,0.040562877974194486,-1.428032647461576,DOWN,UP
2025-12-02,Axis Bank,1.009535069306433,0.009096628499150905,1.0004384408072822,UP,UP
2025-12-03,Axis Bank,0.731883936845068,0.04041294745348083,0.6914709893915872,UP,UP
2025-12-04,Axis Bank,0.1953125,0.0519686141185505,0.1433438858814495,UP,UP
2025-12-05,Axis Bank,-0.6783587658382051,0.04494895691416554,-0.7233077227523707,DOWN,UP
2025-12-08,Axis Bank,0.16485912273824788,0.03519043420210629,0.12966868853614158,UP,UP
2025-12-09,Axis Bank,0.2116114993504281,0.04617937476515694,0.16543212458527118,UP,UP
2025-12-10,Axis Bank,-0.46144412065695084,0.04220539929803723,-0.5036495199549881,DOWN,UP
2025-12-11,Axis Bank,1.052881663248595,0.02928191743026599,1.0235997458183288,UP,UP
2025-12-12,Axis Bank,-0.10107509388764813,0.05073958082060863,-0.15181467470825677,DOWN,UP
2025-12-15,Axis Bank,-5.074725308553418,0.04196527301049723,-5.116690581563915,DOWN,UP
2025-12-16,Axis Bank,0.41816789832971324,0.4105758667870652,0.007592031542648037,UP,UP
2025-12-17,Axis Bank,0.41643650359990403,0.035932374589376634,0.3805041290105274,UP,UP
2025-12-18,Axis Bank,0.06504526964157265,0.035341671527247584,0.02970359811432506,UP,UP
2025-12-19,Axis Bank,0.21127707114567684,0.03389627618834765,0.1773807949573292,UP,UP
2025-12-22,Axis Bank,-0.6649328167814827,0.03403813774887589,-0.6989709545303586,DOWN,UP
2025-12-23,Axis Bank,0.10612643494898322,0.039022881082994,0.06710355386598921,UP,UP
2025-12-24,Axis Bank,0.15492964756591565,0.03756664552358909,0.11736300204232655,UP,UP
2025-12-26,Axis Bank,0.30939985175046925,0.0003760788119829543,0.3090237729384863,UP,UP
2025-12-29,Axis Bank,1.1363636363636465,0.03373006278046254,1.1026335735831838,UP,UP
2025-12-30,Axis Bank,1.8780115902136796,0.04482536988654871,1.833186220327131,UP,UP
2025-12-31,Axis Bank,0.3938868681137686,0.08081664764445386,0.31307022046931476,UP,UP
2026-01-01,Axis Bank,-0.5885122297803136,0.04367532414952253,-0.6321875539298362,DOWN,UP
2026-01-02,Axis Bank,1.491832350607436,0.03656724585268014,1.4552651047547558,UP,UP
2026-01-05,Axis Bank,0.6221807198787399,0.12005074838183523,0.5021299714969046,UP,UP
2026-01-06,Axis Bank,0.1313921091141257,0.04284141654887559,0.0885506925652501,UP,UP
2026-01-07,Axis Bank,-0.6715516149652601,0.038557710160067385,-0.7101093251253274,DOWN,UP
2026-01-08,Axis Bank,-1.1501436327736592,0.04291313662687444,-1.1930567694005336,DOWN,UP
2026-01-09,Axis Bank,0.17295213615369232,0.019215679153642078,0.15373645700005023,UP,UP
2026-01-12,Axis Bank,-0.9574597111430383,0.03474135787723795,-0.9922010690202763,DOWN,UP
2026-01-13,Axis Bank,2.9160102082507855,0.015971308122089342,2.9000389001286964,UP,UP
2026-01-14,Axis Bank,0.0,0.3201502777372294,-0.3201502777372294,UP,UP
2026-01-15,Axis Bank,-0.35418058849016054,1.6724794070113616,-2.026659995501522,DOWN,UP
2026-01-16,Axis Bank,1.0276656876769374,0.0267926927252656,1.000872994951672,UP,UP
2026-01-19,Axis Bank,-1.0707456978967467,0.0377393418443116,-1.1084850397410584,DOWN,UP
2026-01-20,Axis Bank,-0.6648608879735174,0.024414210250888455,-0.6892750982244058,DOWN,UP
2026-01-21,Axis Bank,0.7704898611529787,0.0313749453401089,0.7391149158128698,UP,UP
2026-01-22,Axis Bank,-2.842141445810986,0.0559561118675857,-2.8980975576785717,DOWN,UP
2026-01-23,Axis Bank,4.594598476003586,0.04104833169112565,4.55355014431246,UP,UP
2026-01-27,Axis Bank,0.3039975567383779,0.030656598513554335,0.27334095822482357,UP,UP
2026-01-28,Axis Bank,3.326254032399034,0.32351972024954245,3.002734312149492,UP,UP
2026-01-29,Axis Bank,0.4913157939493873,0.5335901868628732,-0.04227439291348589,UP,UP
2026-01-30,Axis Bank,-4.298016883008026,0.04148146559203778,-4.339498348600064,DOWN,UP
2026-02-02,Axis Bank,3.4083073710922562,0.18000131319037532,3.228306057901881,UP,UP
2026-02-03,Axis Bank,-1.2903701983530191,0.5636263792749999,-1.8539965776280192,DOWN,UP
2026-02-04,Axis Bank,-0.6050628132799218,0.04354531046661581,-0.6486081237465376,DOWN,UP
2026-02-05,Axis Bank,0.8266947393529067,0.06174269925657676,0.76495204009633,UP,UP
2026-02-06,Axis Bank,-0.014903933774124134,0.0739215861846816,-0.08882551995880573,DOWN,UP
2026-02-09,Axis Bank,1.140593892899,0.06835727688656258,1.0722366160124375,UP,UP
2026-02-10,Axis Bank,-0.6928504962081417,0.07398630085810672,-0.7668367970662484,DOWN,UP
2026-02-11,Axis Bank,-0.5418279940295867,0.06117235178963953,-0.6030003458192262,DOWN,UP
2026-02-12,Axis Bank,-0.5746232217817115,0.0766972921803886,-0.6513205139621001,DOWN,UP
2026-02-13,Axis Bank,1.9515123506052001,0.043197843152156246,1.9083145074530439,UP,UP
2026-02-16,Axis Bank,-0.08099076910135228,0.11308918746944485,-0.19407995657079713,DOWN,UP
2026-02-17,Axis Bank,1.45888959184155,0.06624715913115976,1.3926424327103903,UP,UP
2026-02-18,Axis Bank,-1.4814832544707723,0.14021398613894243,-1.6216972406097148,DOWN,UP
2026-02-19,Axis Bank,0.8624556577287334,0.12757418400529347,0.7348814737234399,UP,UP
2026-02-20,Axis Bank,1.3447271568475472,0.057891844749252123,1.2868353120982952,UP,UP
2026-02-23,Axis Bank,0.06490404887531387,0.08653838363359716,-0.02163433475828329,UP,UP
2026-02-24,Axis Bank,1.1098317011399184,0.03313148326871506,1.0767002178712033,UP,UP
2026-02-25,Axis Bank,-0.5345687811831756,0.012257790089365112,-0.5468265712725408,DOWN,UP
2026-02-26,Axis Bank,-0.8312415324928324,0.015066213527332974,-0.8463077460201653,DOWN,UP
2026-02-27,Axis Bank,-0.8382090744487813,0.018540773571934357,-0.8567498480207157,DOWN,UP
2026-03-02,Axis Bank,-1.5302775816362413,0.04668520107005349,-1.5769627827062949,DOWN,UP
2026-03-04,Axis Bank,-0.16281160087986413,0.008684930855658137,-0.17149653173552226,DOWN,UP
2026-03-05,Axis Bank,-2.468306823840072,0.03677376558495821,-2.50508058942503,DOWN,UP
2026-03-06,Axis Bank,-2.0899832025764065,-0.1028006948452089,-1.9871825077311975,DOWN,DOWN
2026-03-09,Axis Bank,2.049204482120759,-0.042578666142471994,2.091783148263231,UP,DOWN
2026-03-10,Axis Bank,-4.480102269057573,0.0631812521562538,-4.5432835212138265,DOWN,UP
2026-03-11,Axis Bank,-1.6961337792590125,0.6457034016167381,-2.3418371808757508,DOWN,UP
2026-03-12,Axis Bank,-3.0133617798197676,0.10899761271913558,-3.122359392538903,DOWN,UP
2026-03-13,Axis Bank,1.4532616415392718,0.026957689464870992,1.4263039520744007,UP,UP
2026-03-16,Axis Bank,1.1031550961317471,0.13099643621240686,0.9721586599193403,UP,UP
2026-03-17,Axis Bank,2.043805560207912,0.046439432499897265,1.9973661277080146,UP,UP
2026-03-18,Axis Bank,-3.6865586476182988,0.04203395822718279,-3.7285926058454817,DOWN,UP
2026-03-19,Axis Bank,-0.25683310571147366,0.0022128594518728093,-0.2590459651633465,DOWN,UP
2026-03-20,Axis Bank,-2.766014465722111,0.059405622337390655,-2.8254200880595013,DOWN,UP
2026-03-23,Axis Bank,1.8879186781868507,-0.04116215647379227,1.929080834660643,UP,DOWN
2026-03-24,Axis Bank,2.4649975364865018,0.07794097279900894,2.387056563687493,UP,UP
2026-03-25,Axis Bank,-1.3828675846229155,0.10001765004831659,-1.482885234671232,DOWN,UP
2026-03-27,Axis Bank,-3.6425409991980184,-0.006003933304079825,-3.6365370658939384,DOWN,DOWN
2026-03-30,Axis Bank,2.7383040920304857,0.23248193498046082,2.5058221570500248,UP,UP
2026-04-01,Axis Bank,0.4023174022585785,0.08586046180632634,0.31645694045225214,UP,UP
2026-04-02,Axis Bank,3.9569265755084793,0.4284822006791139,3.5284443748293652,UP,UP
2026-04-06,Axis Bank,0.38544339272525985,0.5810485540520302,-0.1956051613267703,UP,UP
2026-04-07,Axis Bank,6.631471564920743,0.12597242999595196,6.505499134924792,UP,UP
2026-04-08,Axis Bank,-1.087771942985749,-0.30814414219049163,-0.7796278007952575,DOWN,DOWN
2026-04-09,Axis Bank,2.4497572110826704,0.01920829211603962,2.4305489189666307,UP,UP
2026-04-10,Axis Bank,0.20727914247866686,0.12066654501072702,0.08661259746793984,UP,UP
2026-04-13,Axis Bank,0.14036823643115426,0.13012745155225006,0.010240784878904202,UP,UP
2026-04-15,Axis Bank,-0.4352655414284423,0.055893605580772714,-0.49115914700921504,DOWN,UP
2026-04-16,Axis Bank,0.7039122830359901,0.1047801149307444,0.5991321681052457,UP,UP
2026-04-17,Axis Bank,-0.3237454560445774,0.05493490246257549,-0.37868035850715287,DOWN,UP
2026-04-20,Axis Bank,1.697792930464348,0.11416246735291027,1.5836304631114377,UP,UP
2026-04-21,Axis Bank,0.1379127880817732,0.13754882996255666,0.00036395811921655086,UP,UP
2026-04-22,Axis Bank,-0.7248477947930376,-0.00900193392158592,-0.7158458608714517,DOWN,DOWN
2026-04-23,Axis Bank,-0.27014830883682617,0.0015646236115078498,-0.271712932448334,DOWN,UP
2026-04-24,Axis Bank,-3.0529374402841647,0.08806574115153262,-3.141003181435697,DOWN,UP
2026-04-27,Axis Bank,-2.658205140449077,-0.623237279745751,-2.034967860703326,DOWN,DOWN
2026-04-28,Axis Bank,0.5740903346828974,-0.10565768165069281,0.6797480163335902,UP,DOWN
2026-04-29,Axis Bank,-2.1675389584042914,0.09849872385891693,-2.2660376822632085,DOWN,UP
2026-04-30,Axis Bank,0.0,0.055619742112014564,-0.055619742112014564,UP,UP
2026-05-01,Axis Bank,0.5361449575039812,1.5900613732660471,-1.053916415762066,UP,UP
2026-05-04,Axis Bank,-1.2077503496920605,0.043394892184752794,-1.2511452418768134,DOWN,UP
2026-05-05,Axis Bank,2.738747426949195,0.04908905311503122,2.6896583738341637,UP,UP
2026-05-06,Axis Bank,-0.11590171971818108,0.03324475145196865,-0.14914647117014973,DOWN,UP
2026-05-07,Axis Bank,-1.887514757127573,0.019207297090059628,-1.9067220542176326,DOWN,UP
2026-05-08,Axis Bank,0.3153827837266032,0.08326861320841433,0.2321141705181889,UP,UP
2026-05-11,Axis Bank,-0.9588990626404947,0.008512726752997251,-0.967411789393492,DOWN,UP
2026-05-12,Axis Bank,-0.34918058085164905,0.02296536118028403,-0.3721459420319331,DOWN,UP
2026-05-13,Axis Bank,-0.08759860067772962,0.009008731591754656,-0.09660733226948427,DOWN,UP
2026-05-14,Axis Bank,-0.7811196356221517,0.018664293860092825,-0.7997839294822445,DOWN,UP
2026-05-15,Axis Bank,-0.5543078521372369,0.033799751781210356,-0.5881076039184472,DOWN,UP
2026-05-18,Axis Bank,0.03231475936449346,0.02078518923996191,0.011529570124531551,UP,UP
2026-05-19,Axis Bank,0.9286925257641077,0.033268179386393176,0.8954243463777145,UP,UP
2026-05-20,Axis Bank,0.2800447962281405,0.04303032742650847,0.23701446880163202,UP,UP
2026-05-21,Axis Bank,2.561236283039481,0.03232918678351178,2.528907096255969,UP,UP
2026-05-22,Axis Bank,2.007151568989052,0.08394851676792438,1.9232030522211274,UP,UP
2026-05-25,Axis Bank,-0.9075581747173267,0.12108241194057331,-1.0286405866579,DOWN,UP
2026-05-26,Axis Bank,0.3694240419787276,0.041356578826322626,0.328067463152405,UP,UP
2026-05-27,Axis Bank,0.0,0.02713159782556159,-0.02713159782556159,UP,UP
2026-05-28,Axis Bank,-1.3419216568988257,1.2619923690669488,-2.6039140259657745,DOWN,UP
2026-05-29,Axis Bank,-0.8316455289066882,0.015879378084353767,-0.847524906991042,DOWN,UP
2026-06-01,Axis Bank,-1.9437297870978587,0.02694531069889268,-1.9706750977967513,DOWN,UP
2026-06-02,Axis Bank,0.3277096687670733,-0.08070395633501734,0.40841362510209067,UP,DOWN
2026-06-03,Axis Bank,-0.1513625253073192,0.007526583695486689,-0.1588891090028059,DOWN,UP
2026-06-04,Axis Bank,1.5159977068353037,0.03492062956480638,1.4810770772704973,UP,UP
2026-06-05,Axis Bank,-0.33011656692586433,0.08223446270537847,-0.4123510296312428,DOWN,UP
2026-06-08,Axis Bank,1.9162565488495487,0.04673375282712481,1.8695227960224239,UP,UP
2026-06-09,Axis Bank,1.7099949836318684,0.06931720457375866,1.6406777790581097,UP,UP
2026-06-10,Axis Bank,0.21301246315139633,0.06959195666840441,0.14342050648299193,UP,UP
2026-06-11,Axis Bank,2.960601120048123,0.009411927915813216,2.95118919213231,UP,UP
2026-06-12,Axis Bank,0.8847599769953751,0.0901025538412246,0.7946574231541506,UP,UP
2026-06-15,Axis Bank,-0.19002393944784757,0.01728461335266946,-0.20730855280051702,DOWN,UP
2026-06-16,Axis Bank,-1.0836880198401566,0.028884353963455834,-1.1125723738036124,DOWN,UP
2026-06-17,Axis Bank,0.6810238363764487,0.042037463463908596,0.6389863729125401,UP,UP
2026-06-18,Axis Bank,-0.16174922515730383,0.07416951267492916,-0.235918737832233,DOWN,UP
2026-06-19,Axis Bank,0.0515465910074564,0.03539820805288676,0.01614838295456964,UP,UP
2026-06-22,Axis Bank,0.3606671943262141,0.041467956206738335,0.31919923811947576,UP,UP
2026-06-23,Axis Bank,1.5401540154015292,0.028816989433738952,1.5113370259677903,UP,UP
2026-06-24,Axis Bank,-0.5272696878385719,0.0712505813689782,-0.5985202692075501,DOWN,UP
2026-06-25,Axis Bank,0.0,0.026405170138590374,-0.026405170138590374,UP,UP
2026-06-26,Axis Bank,-1.4812592990866347,1.3246127880858487,-2.8058720871724834,DOWN,UP
2026-06-29,Axis Bank,-0.818108583194499,0.010023123412218298,-0.8281317066067173,DOWN,UP
2026-06-30,Axis Bank,1.7091477175109393,0.013363373476757985,1.6957843440341813,UP,UP
2026-07-01,Axis Bank,-0.44567661310389584,0.10680487870361494,-0.5524814918075107,DOWN,UP
2026-07-02,Axis Bank,-1.504476762608531,0.03817236748975023,-1.5426491300982812,DOWN,UP
2026-07-03,Axis Bank,-0.18627524368358683,0.008600930791719247,-0.19487617447530609,DOWN,UP
2026-07-06,Axis Bank,0.10451063299325991,0.0175677906426068,0.08694284235065311,UP,UP
2026-07-07,Axis Bank,-2.348993288590606,0.033115042153545646,-2.3821083307441517,DOWN,UP
2026-07-08,Axis Bank,-0.908745659722221,0.03586006339523491,-0.9446057231174559,DOWN,UP
2026-07-09,Axis Bank,2.0114038283756797,0.015310481764491079,1.9960933466111885,UP,UP
2026-07-10,Axis Bank,-0.32484149855908084,0.1185172891864873,-0.44335878774556814,DOWN,UP
2026-07-13,Axis Bank,-0.13642934627990932,0.043163239760084106,-0.17959258603999342,DOWN,UP
2026-07-14,Axis Bank,-0.4022409574996888,0.03482506506732961,-0.43706602256701843,DOWN,UP
2026-07-15,Axis Bank,-0.35815538118623147,0.03725693280773878,-0.39541231399397025,DOWN,UP
2026-07-16,Axis Bank,1.5983500156228736,0.03683807829009857,1.561511937332775,UP,UP
2026-07-17,Axis Bank,-5.457282649604823,0.057244839323808965,-5.514527488928631,DOWN,UP
2026-07-20,Axis Bank,0.1751553480792145,0.30818996360108375,-0.13303461552186924,UP,UP
2026-07-21,Axis Bank,-1.5736709208557076,0.03628910841376673,-1.6099600292694742,DOWN,UP
2026-07-22,Axis Bank,-1.2435419985839302,-0.013090780646549803,-1.2304512179373803,DOWN,DOWN
2026-07-23,Axis Bank,0.3515984323896104,0.03276463159145592,0.3188338007981545,UP,UP
2026-07-24,Axis Bank,0.016291955016689563,0.023504175812281872,-0.007212220795592309,UP,UP
2026-07-27,Axis Bank,-0.32586558044807035,0.04010407176102143,-0.3659696522090918,DOWN,UP
2026-07-28,Axis Bank,0.9726215295514873,0.03629782354844836,0.9363237060030389,UP,UP
2026-07-29,Axis Bank,-0.5261453676174921,0.03353445026673618,-0.5596798178842283,DOWN,UP
2026-07-30,Axis Bank,0.04882216405062145,0.028995810035941604,0.01982635401467985,UP,UP
2026-07-31,Axis Bank,3.4566897112647377,0.023987250998007713,3.43270246026673,UP,UP
2026-08-03,Axis Bank,-0.8018829537637551,0.08340738547524497,-0.885290339239,DOWN,UP
2026-08-04,Axis Bank,-0.6260916237401881,0.029976049659718975,-0.6560676733999071,DOWN,UP
2026-08-05,Axis Bank,0.16747551998164134,0.03905250385615611,0.12842301612548523,UP,UP
2026-08-06,Axis Bank,-1.4331210191082855,0.03730865261464678,-1.4704296717229324,DOWN,UP
2026-08-07,Axis Bank,0.7512155757774641,0.033983115267366415,0.7172324605100977,UP,UP
2026-08-10,Axis Bank,-1.403030491054802,0.052715612282559644,-1.4557461033373615,DOWN,UP
2026-08-11,Axis Bank,0.016258835903082414,0.017172730259896372,-0.0009138943568139588,UP,UP
2026-08-12,Axis Bank,-0.6666626969004108,0.025414787256863684,-0.6920774841572744,DOWN,UP
2026-08-13,Axis Bank,-0.3601263904255636,0.041875805160507734,-0.4020021955860713,DOWN,UP
2026-08-14,Axis Bank,0.8132104662004869,0.03908624835170473,0.7741242178487822,UP,UP
2026-08-17,Axis Bank,1.2792268025138442,0.032079639668608925,1.2471471628452353,UP,UP
2026-08-18,Axis Bank,-0.6436041834271933,0.08384774124685085,-0.7274519246740441,DOWN,UP
2026-08-19,Axis Bank,1.2955465587044523,0.03925947284223148,1.2562870858622208,UP,UP
2026-08-20,Axis Bank,-0.41566356289968187,0.12279149358745356,-0.5384550564871354,DOWN,UP
2026-08-21,Axis Bank,-0.786647009473429,0.04554140705527014,-0.8321884165286991,DOWN,UP
2026-08-24,Axis Bank,-0.08090614886731018,0.044387931167181725,-0.1252940800344919,DOWN,UP
2026-08-25,Axis Bank,1.6194331983805599,0.06308123262508251,1.5563519657554774,UP,UP
2026-08-26,Axis Bank,0.07968127490038945,0.1329423000096266,-0.05326102510923714,UP,UP
2026-08-27,Axis Bank,0.7165605095541316,0.02675034094463404,0.6898101686094976,UP,UP
2026-08-28,Axis Bank,2.7667984189723382,0.04539361189539967,2.7214048070769388,UP,UP
2026-08-31,Axis Bank,-3.230769230769226,0.12705665394258625,-3.3578258847118123,DOWN,UP
2026-09-01,Axis Bank,-0.32591220873906535,-0.064326289952004,-0.26158591878706133,DOWN,DOWN
2026-09-02,Axis Bank,1.0447384425292583,0.03559463496577638,1.009143807563482,UP,UP
2025-09-22,Bharti Airtel,-0.8945915773853508,-0.0017648376820392352,-0.8928267397033115,DOWN,DOWN
2025-09-23,Bharti Airtel,-0.392014018535658,-0.005311704468411583,-0.3867023140672464,DOWN,DOWN
2025-09-24,Bharti Airtel,0.23302781093115232,0.006971411560536914,0.22605639937061542,UP,UP
2025-09-25,Bharti Airtel,-0.9816077825816505,0.020821058406798498,-1.002428840988449,DOWN,UP
2025-09-26,Bharti Airtel,-0.751331764452301,0.007693818561576566,-0.7590255830138776,DOWN,UP
2025-09-29,Bharti Airtel,-1.2511790226442887,0.001333118771206502,-1.2525121414154952,DOWN,UP
2025-09-30,Bharti Airtel,-0.5749600025422796,-0.02370090951087917,-0.5512590930314004,DOWN,DOWN
2025-10-01,Bharti Airtel,1.5581482098064425,0.023773551655847283,1.5343746581505953,UP,UP
2025-10-03,Bharti Airtel,0.3374294605801076,0.022947292101082654,0.31448216847902494,UP,UP
2025-10-06,Bharti Airtel,1.3609387182136112,0.0328288072157096,1.3281099109979015,UP,UP
2025-10-07,Bharti Airtel,0.7516848107827823,0.053529416778419894,0.6981553940043623,UP,UP
2025-10-08,Bharti Airtel,-0.0771803447388697,0.0317580154295032,-0.1089383601683729,DOWN,UP
2025-10-09,Bharti Airtel,-0.10813468516670532,0.01996208864410171,-0.12809677381080703,DOWN,UP
2025-10-10,Bharti Airtel,0.7732357240693766,0.019758640374690897,0.7534770836946857,UP,UP
2025-10-13,Bharti Airtel,-0.42457663944287516,0.039852480869544335,-0.4644291203124195,DOWN,UP
2025-10-14,Bharti Airtel,1.1250397970168802,0.0008841640652005952,1.1241556329516795,UP,UP
2025-10-15,Bharti Airtel,-0.05587887152336268,0.05693443295628775,-0.11281330447965043,DOWN,UP
2025-10-16,Bharti Airtel,2.266950037231008,0.030089665558613157,2.2368603716723947,UP,UP
2025-10-17,Bharti Airtel,1.9632206759443438,0.027654626187175478,1.9355660497571683,UP,UP
2025-10-20,Bharti Airtel,-0.38995856690227093,0.10038667305679516,-0.4903452399590661,DOWN,UP
2025-10-21,Bharti Airtel,-1.7421079317806454,0.03040483485615096,-1.7725127666367964,DOWN,UP
2025-10-23,Bharti Airtel,1.0657913319318535,0.08479086459414488,0.9810004673377086,UP,UP
2025-10-24,Bharti Airtel,2.503328616064482,0.03872855217783171,2.46460006388665,UP,UP
2025-10-27,Bharti Airtel,0.48554651418002415,0.06488757475078105,0.4206589394292431,UP,UP
2025-10-28,Bharti Airtel,0.49756706187578104,0.022760814295646217,0.47480624758013484,UP,UP
2025-10-29,Bharti Airtel,-1.6328690485350017,0.04490458738222708,-1.6777736359172288,DOWN,UP
2025-10-30,Bharti Airtel,-0.5710714102154402,0.06885278198317199,-0.6399241921986122,DOWN,UP
2025-10-31,Bharti Airtel,0.9491360428327988,0.00034156777671095264,0.9487944750560879,UP,UP
2025-11-03,Bharti Airtel,1.8948914574794973,0.04000005395943308,1.854891403520064,UP,UP
2025-11-04,Bharti Airtel,-0.8706831050601771,0.1572225669199843,-1.0279056719801614,DOWN,UP
2025-11-06,Bharti Airtel,-4.472765074218799,-0.0823316150348824,-4.3904334591839165,DOWN,DOWN
2025-11-07,Bharti Airtel,0.9294472371617957,0.132920620887874,0.7965266162739216,UP,UP
2025-11-10,Bharti Airtel,1.1139716534344313,0.014721138192653367,1.099250515241778,UP,UP
2025-11-11,Bharti Airtel,1.5423786538160567,0.07715126258912204,1.4652273912269347,UP,UP
2025-11-12,Bharti Airtel,0.8679718186992869,0.09893782315763071,0.7690339955416562,UP,UP
2025-11-13,Bharti Airtel,0.42546620785939293,0.039254770435326075,0.38621143742406683,UP,UP
2025-11-14,Bharti Airtel,0.5474365814872595,0.03212508027472408,0.5153115012125354,UP,UP
2025-11-17,Bharti Airtel,1.7517280965503312,0.06781547585323247,1.6839126206970987,UP,UP
2025-11-18,Bharti Airtel,0.4932113296610696,0.09088214467540916,0.40232918498566045,UP,UP
2025-11-19,Bharti Airtel,-0.06945087351090118,0.07356546581281671,-0.14301633932371788,DOWN,UP
2025-11-20,Bharti Airtel,0.20385962304634297,0.01754508881182322,0.18631453423451977,UP,UP
2025-11-21,Bharti Airtel,-0.4901213184880904,0.006000322171161929,-0.4961216406592523,DOWN,UP
2025-11-24,Bharti Airtel,0.44142928158155126,-0.042609688895670274,0.48403897047722155,UP,DOWN
2025-11-25,Bharti Airtel,-1.6099207649859726,0.024640063644857317,-1.63456082863083,DOWN,UP
2025-11-26,Bharti Airtel,-0.5266104436120411,0.045563955631531546,-0.5721743992435727,DOWN,UP
2025-11-27,Bharti Airtel,-0.6617507730080852,-0.0030351731243698325,-0.6587155998837153,DOWN,DOWN
2025-11-28,Bharti Airtel,-0.5662421931577843,-0.02776244063962584,-0.5384797525181585,DOWN,DOWN
2025-12-01,Bharti Airtel,0.6843111050514938,0.003200416140152025,0.6811106889113419,UP,UP
2025-12-02,Bharti Airtel,-0.8555133079847899,0.020214929012211,-0.8757282369970009,DOWN,UP
2025-12-03,Bharti Airtel,0.8533101068132876,-0.0020408544783558544,0.8553509612916435,UP,DOWN
2025-12-04,Bharti Airtel,0.23766517178214208,0.028148361328112877,0.2095168104540292,UP,UP
2025-12-05,Bharti Airtel,-1.0717041508420455,0.028991576842037587,-1.1006957276840832,DOWN,UP
2025-12-08,Bharti Airtel,0.16776915357676891,0.0028441516811458394,0.16492500189562306,UP,UP
2025-12-09,Bharti Airtel,-1.0862780160924679,-0.009802739212593151,-1.0764752768798747,DOWN,DOWN
2025-12-10,Bharti Airtel,-0.6676366148101076,0.004190794538479297,-0.6718274093485869,DOWN,UP
2025-12-11,Bharti Airtel,1.4708723889574449,0.008110749576281398,1.4627616393811635,UP,UP
2025-12-12,Bharti Airtel,-0.6575766446212827,0.11266476904371274,-0.7702414136649954,DOWN,UP
2025-12-15,Bharti Airtel,1.5606150451825895,0.017373306293049576,1.5432417388895399,UP,UP
2025-12-16,Bharti Airtel,0.2854424357754626,0.11891142950915233,0.16653100626631023,UP,UP
2025-12-17,Bharti Airtel,-0.7590132827324458,0.005385181572797657,-0.7643984643052435,DOWN,UP
2025-12-18,Bharti Airtel,0.2724642051565418,0.0020983233268293652,0.27036588182971244,UP,UP
2025-12-19,Bharti Airtel,2.378802862463636,0.015601849736579106,2.363201012727057,UP,UP
2025-12-22,Bharti Airtel,-1.1501301075305448,0.056309031762671366,-1.2064391392932161,DOWN,UP
2025-12-23,Bharti Airtel,0.03768660157936754,0.06793550801498838,-0.030248906435620837,UP,UP
2025-12-24,Bharti Airtel,-0.8617059494693158,0.017443598893496476,-0.8791495483628122,DOWN,UP
2025-12-26,Bharti Airtel,-1.1304172979682336,0.013588324012047475,-1.1440056219802812,DOWN,UP
2025-12-29,Bharti Airtel,0.8743250537107006,0.011081909707544016,0.8632431440031566,UP,UP
2025-12-30,Bharti Airtel,0.27621910149786544,0.03229225296846521,0.24392684852940022,UP,UP
2025-12-31,Bharti Airtel,0.2279542394038936,0.02997304218246732,0.19798119722142626,UP,UP
2026-01-01,Bharti Airtel,-0.19426903455936895,0.022497409172239444,-0.2167664437316084,DOWN,UP
2026-01-02,Bharti Airtel,-0.06172191985887032,0.010822691432056908,-0.07254461129092724,DOWN,UP
2026-01-05,Bharti Airtel,0.014254101098565286,0.04096207705112137,-0.026707975952556084,UP,UP
2026-01-06,Bharti Airtel,-1.00223707627779,0.015933900624948306,-1.0181709769027383,DOWN,UP
2026-01-07,Bharti Airtel,-0.8588380559977238,-0.00044236463526042743,-0.8583956913624634,DOWN,DOWN
2026-01-08,Bharti Airtel,-1.897114277494183,0.010543767935371328,-1.9076580454295542,DOWN,UP
2026-01-09,Bharti Airtel,0.8337045344385619,-0.002341547793858816,0.8360460822324207,UP,DOWN
2026-01-12,Bharti Airtel,-0.8365937175116245,0.0418219543555643,-0.8784156718671888,DOWN,UP
2026-01-13,Bharti Airtel,-0.2170814722514236,-0.00012104794159396764,-0.21696042430982965,DOWN,DOWN
2026-01-14,Bharti Airtel,0.0,-0.02546197650727072,0.02546197650727072,UP,DOWN
2026-01-15,Bharti Airtel,-0.30160571500309485,1.9579551925757515,-2.2595609075788463,DOWN,UP
2026-01-16,Bharti Airtel,-0.31739854872905315,-0.013802860736579705,-0.30359568799247344,DOWN,DOWN
2026-01-19,Bharti Airtel,-0.6965174129353269,-0.020986025590769217,-0.6755313873445576,DOWN,DOWN
2026-01-20,Bharti Airtel,0.0050087968906487035,0.0013154879590632914,0.0036933089315854123,UP,UP
2026-01-21,Bharti Airtel,0.30559469267801287,0.014867932342682562,0.2907267603353303,UP,UP
2026-01-22,Bharti Airtel,-0.8740385789020366,-0.022978997558254163,-0.8510595813437825,DOWN,DOWN
2026-01-23,Bharti Airtel,-0.5693518937782249,0.001043855914271982,-0.570395749692497,DOWN,UP
2026-01-27,Bharti Airtel,-0.795584931993154,-0.008180317018729911,-0.7874046149744242,DOWN,DOWN
2026-01-28,Bharti Airtel,0.521023318005498,0.03509786608401511,0.48592545192148284,UP,UP
2026-01-29,Bharti Airtel,0.040648749829186315,0.05701838340867342,-0.016369633579487106,UP,UP
2026-01-30,Bharti Airtel,-0.16761958854361048,0.016880427216788726,-0.1845000157603992,DOWN,UP
2026-02-02,Bharti Airtel,1.6230804934264098,0.017902288668721823,1.605178204757688,UP,UP
2026-02-03,Bharti Airtel,1.4269263156891032,-0.0027459244320288618,1.4296722401211321,UP,DOWN
2026-02-04,Bharti Airtel,-1.6487325308034984,0.11531870808001304,-1.7640512388835115,DOWN,UP
2026-02-05,Bharti Airtel,2.3087733103962282,0.05132734246025405,2.257445967935974,UP,UP
2026-02-06,Bharti Airtel,-0.009815209958363713,0.08870151563900071,-0.09851672559736442,DOWN,UP
2026-02-09,Bharti Airtel,-1.3197872136285649,-0.005092521186882074,-1.314694692441683,DOWN,DOWN
2026-02-10,Bharti Airtel,0.03977162722579308,0.0012269176773831547,0.038544709548409925,UP,UP
2026-02-11,Bharti Airtel,0.11927958069597455,0.0018712457499024471,0.1174083349460721,UP,UP
2026-02-12,Bharti Airtel,-0.4864754940742122,-0.0014428121813950848,-0.4850326818928171,DOWN,DOWN
2026-02-13,Bharti Airtel,1.232108237831242,0.002465635015566422,1.2296426028156755,UP,UP
2026-02-16,Bharti Airtel,-0.44840718815724045,0.11316623580068322,-0.5615734239579236,DOWN,UP
2026-02-17,Bharti Airtel,0.07424639725519544,-0.005434969715718172,0.07968136697091362,UP,DOWN
2026-02-18,Bharti Airtel,-1.6421046809960815,0.0323769881308539,-1.6744816691269355,DOWN,UP
2026-02-19,Bharti Airtel,-0.5632078502150639,0.11862774549982644,-0.6818355957148904,DOWN,UP
2026-02-20,Bharti Airtel,1.006373225870627,0.0048497353712286875,1.0015234904993984,UP,UP
2026-02-23,Bharti Airtel,-2.818807763067843,0.04857013853019847,-2.867377901598042,DOWN,UP
2026-02-24,Bharti Airtel,-1.4219461919596887,0.04265897138499945,-1.4646051633446882,DOWN,UP
2026-02-25,Bharti Airtel,0.8466578324015428,0.002143539775766249,0.8445142926257766,UP,UP
2026-02-26,Bharti Airtel,-2.606754114543264,0.03556481339883887,-2.6423189279421027,DOWN,UP
2026-02-27,Bharti Airtel,-0.3245941306740163,0.10345751706439624,-0.42805164773841253,DOWN,UP
2026-03-02,Bharti Airtel,1.745679804322564,0.0408267580827984,1.7048530462397657,UP,UP
2026-03-04,Bharti Airtel,0.05771423326759173,0.16220903900247435,-0.10449480573488262,UP,UP
2026-03-05,Bharti Airtel,-1.8982669728303647,0.0028574697474284005,-1.9011244425777931,DOWN,UP
2026-03-06,Bharti Airtel,-0.21916279395108873,-0.2253016311742736,0.006138837223184868,DOWN,DOWN
2026-03-09,Bharti Airtel,-0.873194792102483,0.07226686023681501,-0.945461652339298,DOWN,UP
2026-03-10,Bharti Airtel,-2.34544011248623,-0.04525182683689939,-2.3001882856493308,DOWN,DOWN
2026-03-11,Bharti Airtel,-0.3154372535625338,-0.024675787566436153,-0.29076146599609765,DOWN,DOWN
2026-03-12,Bharti Airtel,0.11658110969927638,-0.004637519811669224,0.1212186295109456,UP,DOWN
2026-03-13,Bharti Airtel,-0.8095805361143404,0.006173334319117849,-0.8157538704334583,DOWN,UP
2026-03-16,Bharti Airtel,2.1355070510480134,-0.01984807043771347,2.155355121485727,UP,DOWN
2026-03-17,Bharti Airtel,1.5544622010981168,0.06589261071373054,1.4885695903843863,UP,UP
2026-03-18,Bharti Airtel,-1.5306685372622697,0.06924652662767537,-1.599915063889945,DOWN,UP
2026-03-19,Bharti Airtel,1.0454283298268807,-0.017058009378133128,1.062486339205014,UP,DOWN
2026-03-20,Bharti Airtel,-2.7192433690348627,-0.010654748595507992,-2.7085886204393548,DOWN,DOWN
2026-03-23,Bharti Airtel,0.3452280799371099,-0.03351914118034799,0.3787472211174579,UP,DOWN
2026-03-24,Bharti Airtel,1.820101507823435,-0.02628868144085876,1.8463901892642938,UP,DOWN
2026-03-25,Bharti Airtel,0.4904899384299721,0.12449549178044088,0.36599444664953124,UP,UP
2026-03-27,Bharti Airtel,-3.335321827957727,0.09636993647314375,-3.4316917644308704,DOWN,UP
2026-03-30,Bharti Airtel,-0.02805206424771889,0.14340476894307222,-0.1714568331907911,DOWN,UP
2026-04-01,Bharti Airtel,0.4377308856245987,0.0031595353913107995,0.4345713502332879,UP,UP
2026-04-02,Bharti Airtel,0.17321884901544404,0.1367504977414997,0.03646835127394435,UP,UP
2026-04-06,Bharti Airtel,2.0917000768999383,0.008750777454673115,2.082949299445265,UP,UP
2026-04-07,Bharti Airtel,1.710098121772563,0.03770976003105601,1.672388361741507,UP,UP
2026-04-08,Bharti Airtel,-0.11817529011206584,0.06811675151949186,-0.18629204163155771,DOWN,UP
2026-04-09,Bharti Airtel,0.5700750482284134,0.012234525127232465,0.5578405231011809,UP,UP
2026-04-10,Bharti Airtel,0.04812964781082396,0.05196269983157895,-0.0038330520207549915,UP,UP
2026-04-13,Bharti Airtel,-0.8124471133591382,0.11886726193087453,-0.9313143752900127,DOWN,UP
2026-04-15,Bharti Airtel,-0.8137078182494983,-0.026692191057274016,-0.7870156271922243,DOWN,DOWN
2026-04-16,Bharti Airtel,0.34228234878248553,-0.021935329697843446,0.364217678480329,UP,DOWN
2026-04-17,Bharti Airtel,-0.04331846973574249,-0.0013020749810578863,-0.042016394754684605,DOWN,DOWN
2026-04-20,Bharti Airtel,0.48209872334989967,0.009308233863306157,0.4727904894865935,UP,UP
2026-04-21,Bharti Airtel,-1.401617250673859,0.04266881823424128,-1.4442860689081,DOWN,UP
2026-04-22,Bharti Airtel,0.6670284949084282,0.01590986458953823,0.65111863031889,UP,UP
2026-04-23,Bharti Airtel,-1.4501385987372606,0.0356343752544261,-1.4857729739916867,DOWN,UP
2026-04-24,Bharti Airtel,0.30862362005716903,0.001713417799256045,0.306910202257913,UP,UP
2026-04-27,Bharti Airtel,1.3021302983402316,0.026688181522943916,1.2754421168172878,UP,UP
2026-04-28,Bharti Airtel,2.402642671908395,0.09002134784685978,2.312621324061535,UP,UP
2026-04-29,Bharti Airtel,-0.06884840710879025,0.04447434610508837,-0.11332275321387864,DOWN,UP
2026-04-30,Bharti Airtel,0.0,0.01680704558488797,-0.01680704558488797,UP,UP
2026-05-01,Bharti Airtel,-3.1640911435881547,1.6793352967761064,-4.8434264403642615,DOWN,UP
2026-05-04,Bharti Airtel,-1.1493623928961805,0.16478385304772267,-1.314146245943903,DOWN,UP
2026-05-05,Bharti Airtel,1.5281532561332245,-0.03185509506341065,1.5600083511966352,UP,DOWN
2026-05-06,Bharti Airtel,-0.3871939671155178,0.10784354983861175,-0.49503751695412956,DOWN,UP
2026-05-07,Bharti Airtel,0.43249887877221393,-0.004667226043361658,0.4371661048155756,UP,DOWN
2026-05-08,Bharti Airtel,-4.07195154929817,0.02461875483821789,-4.096570304136388,DOWN,UP
2026-05-11,Bharti Airtel,-0.17047391276058255,0.06116936741543043,-0.231643280176013,DOWN,UP
2026-05-12,Bharti Airtel,1.8442566850656927,-0.05132835540148191,1.8955850404671746,UP,DOWN
2026-05-13,Bharti Airtel,5.270514833535578,0.07725534882673367,5.193259484708844,UP,UP
2026-05-14,Bharti Airtel,1.1627302582459587,-0.012291009685538508,1.175021267931497,UP,DOWN
2026-05-15,Bharti Airtel,1.716172496740187,0.01648550546311062,1.6996869912770765,UP,UP
2026-05-18,Bharti Airtel,-1.26928310695118,0.03410046903355417,-1.3033835759847343,DOWN,UP
2026-05-19,Bharti Airtel,-0.4494369263620346,0.08626796786181291,-0.5357048942238475,DOWN,UP
2026-05-20,Bharti Airtel,-1.0289241080757683,0.10273423638766395,-1.1316583444634323,DOWN,UP
2026-05-21,Bharti Airtel,-0.7372844668784961,0.07157358083877853,-0.8088580477172747,DOWN,UP
2026-05-22,Bharti Airtel,0.18168346530438306,0.07631914074256615,0.10536432456181691,UP,UP
2026-05-25,Bharti Airtel,-1.4881600003958773,0.06546472210095909,-1.5536247224968363,DOWN,UP
2026-05-26,Bharti Airtel,0.28696338122005116,0.08500827534436164,0.20195510587568952,UP,UP
2026-05-27,Bharti Airtel,0.0,0.03268641056324649,-0.03268641056324649,UP,UP
2026-05-28,Bharti Airtel,-1.2525619146678268,1.7819303931191737,-3.0344923077870005,DOWN,UP
2026-05-29,Bharti Airtel,-1.0060155502494617,0.032012491528408106,-1.0380280417778698,DOWN,UP
2026-06-01,Bharti Airtel,0.1988277717043907,0.03188043771768604,0.16694733398670467,UP,UP
2026-06-02,Bharti Airtel,0.5456964326157943,0.0348644552135066,0.5108319774022877,UP,UP
2026-06-03,Bharti Airtel,-0.28506941732754365,0.03282500979991319,-0.31789442712745686,DOWN,UP
2026-06-04,Bharti Airtel,-1.1380544815186244,0.006298813982581348,-1.1443532955012057,DOWN,UP
2026-06-05,Bharti Airtel,0.8397340710864398,0.043778595406880214,0.7959554756795596,UP,UP
2026-06-08,Bharti Airtel,-0.7886201093617484,0.025476959404098887,-0.8140970687658473,DOWN,UP
2026-06-09,Bharti Airtel,-1.3229599126250657,-0.011949941239408356,-1.3110099713856573,DOWN,DOWN
2026-06-10,Bharti Airtel,0.4168558256875565,-0.03605414906263965,0.4529099747501962,UP,DOWN
2026-06-11,Bharti Airtel,2.238305001712315,-0.0005255285517995753,2.238830530264115,UP,DOWN
2026-06-12,Bharti Airtel,1.0260604209533675,0.05672341766998709,0.9693370032833803,UP,UP
2026-06-15,Bharti Airtel,0.6408890474179474,0.03482550768823349,0.6060635397297139,UP,UP
2026-06-16,Bharti Airtel,1.225037839820553,0.04107919188711832,1.1839586479334347,UP,UP
2026-06-17,Bharti Airtel,-0.04797688154695168,0.06671487504321655,-0.11469175659016823,DOWN,UP
2026-06-18,Bharti Airtel,1.9202047718369863,0.03660951863001941,1.8835952532069669,UP,UP
2026-06-19,Bharti Airtel,0.3035339444003693,0.05540141885515449,0.2481325255452148,UP,UP
2026-06-22,Bharti Airtel,-0.7826359277404382,0.027415690291952094,-0.8100516180323903,DOWN,UP
2026-06-23,Bharti Airtel,-1.2778674310996885,0.0045180635236808184,-1.2823854946233693,DOWN,UP
2026-06-24,Bharti Airtel,-1.4169337327218812,0.019885852824578797,-1.43681958554646,DOWN,UP
2026-06-25,Bharti Airtel,0.0,0.03203635767886084,-0.03203635767886084,UP,UP
2026-06-26,Bharti Airtel,-0.5187213399913349,1.6366445125723805,-2.1553658525637154,DOWN,UP
2026-06-29,Bharti Airtel,0.5920387028734764,0.018476943674523752,0.5735617591989526,UP,UP
2026-06-30,Bharti Airtel,1.025917926565878,0.0395816381480007,0.9863362884178772,UP,UP
2026-07-01,Bharti Airtel,0.2137894174238486,0.042121001983164034,0.17166841544068456,UP,UP
2026-07-02,Bharti Airtel,1.8880013020833308,0.030456998239804474,1.8575443038435264,UP,UP
2026-07-03,Bharti Airtel,0.8008755528834843,0.09446000080524414,0.7064155520782402,UP,UP
2026-07-06,Bharti Airtel,0.00519798820106665,0.038783448528003396,-0.033585460326936746,UP,UP
2026-07-07,Bharti Airtel,-1.9576317523269715,0.02407359006401902,-1.9817053423909905,DOWN,UP
2026-07-08,Bharti Airtel,2.2774217761776905,-0.03373584340619577,2.311157619583886,UP,DOWN
2026-07-09,Bharti Airtel,-0.5540858219227229,-0.00949966595756972,-0.5445861559651533,DOWN,DOWN
2026-07-10,Bharti Airtel,-0.9685469355069642,0.006563121629077173,-0.9751100571360414,DOWN,UP
2026-07-13,Bharti Airtel,1.824584618832925,-0.017556510291246722,1.8421411291241718,UP,DOWN
2026-07-14,Bharti Airtel,-0.9398373959140227,0.06778409467375625,-1.007621490587779,DOWN,UP
2026-07-15,Bharti Airtel,0.18245320913889973,-0.01881291252739276,0.20126612166629249,UP,DOWN
2026-07-16,Bharti Airtel,-0.6764491450568566,-0.009887274790385476,-0.6665618702664712,DOWN,DOWN
2026-07-17,Bharti Airtel,1.6397698007723838,0.010533870881952541,1.6292359298904313,UP,UP
2026-07-20,Bharti Airtel,0.4278155214974655,0.09167501148738146,0.33614051001008405,UP,UP
2026-07-21,Bharti Airtel,0.030793244632509875,0.020444587122490268,0.010348657510019607,UP,UP
2026-07-22,Bharti Airtel,-0.9235505387378162,0.010694104823662898,-0.9342446435614791,DOWN,UP
2026-07-23,Bharti Airtel,-1.6986042893902153,-0.007108831519923708,-1.6914954578702917,DOWN,DOWN
2026-07-24,Bharti Airtel,0.37404371714722107,0.04016805925641755,0.33387565789080353,UP,UP
2026-07-27,Bharti Airtel,-0.183698100577534,-0.021380466937525044,-0.16231763364000895,DOWN,DOWN
2026-07-28,Bharti Airtel,2.544952208491824,0.0025347806988224343,2.542417427793002,UP,UP
2026-07-29,Bharti Airtel,0.3384318439903611,0.012582808110716022,0.32584903587964503,UP,UP
2026-07-30,Bharti Airtel,0.7767758990489426,-0.010806885668039985,0.7875827847169826,UP,DOWN
2026-07-31,Bharti Airtel,-0.07606490872210658,0.006255968579129747,-0.08232087730123633,DOWN,UP
2026-08-03,Bharti Airtel,-0.020300655369842602,0.004824482190365172,-0.025125137560207775,DOWN,UP
2026-08-04,Bharti Airtel,0.4009961175555743,0.005054122587215488,0.3959419949683588,UP,UP
2026-08-05,Bharti Airtel,-1.5166835187057637,0.371878340375492,-1.8885618590812556,DOWN,UP
2026-08-06,Bharti Airtel,0.6108842101674838,0.014373393216425247,0.5965108169510586,UP,UP
2026-08-07,Bharti Airtel,-0.8622901272280492,0.053639095956002004,-0.9159292231840512,DOWN,UP
2026-08-10,Bharti Airtel,-1.4307796617666013,0.00038378256929430933,-1.4311634443358956,DOWN,UP
2026-08-11,Bharti Airtel,1.5559758556745518,0.011587210435736134,1.5443886452388156,UP,UP
2026-08-12,Bharti Airtel,-0.3033431575353629,0.02830999307815583,-0.33165315061351874,DOWN,UP
2026-08-13,Bharti Airtel,2.7332267890924467,-0.014127384735482702,2.7473541738279295,UP,DOWN
2026-08-14,Bharti Airtel,-1.1445171947811583,0.06800441263504138,-1.2125216074161997,DOWN,UP
2026-08-17,Bharti Airtel,-1.7823641286728753,0.018580619071059193,-1.8009447477439344,DOWN,UP
2026-08-18,Bharti Airtel,-0.6307492234442158,0.03323285945372773,-0.6639820828979436,DOWN,UP
2026-08-19,Bharti Airtel,1.0249714449466651,-0.02807925472675512,1.0530506996734204,UP,DOWN
2026-08-20,Bharti Airtel,0.22145794593699808,0.01622001232391649,0.2052379336130816,UP,UP
2026-08-21,Bharti Airtel,-0.565262076053441,0.026210142373659272,-0.5914722184271003,DOWN,UP
2026-08-24,Bharti Airtel,0.6201550387596955,-0.004156655894562684,0.6243116946542582,UP,DOWN
2026-08-25,Bharti Airtel,-2.3061132210612567,0.04148418447555066,-2.347597405536807,DOWN,UP
2026-08-26,Bharti Airtel,-1.2512447854104436,0.06635391905202952,-1.317598704462473,DOWN,UP
2026-08-27,Bharti Airtel,0.2182811840150567,-0.05897491887072553,0.27725610288578223,UP,DOWN
2026-08-28,Bharti Airtel,-3.7452188209540993,0.022022774653354074,-3.7672415956074534,DOWN,UP
2026-08-31,Bharti Airtel,3.6039475621139516,0.20110369970463615,3.4028438624093154,UP,UP
2026-09-01,Bharti Airtel,-0.7670947537986361,0.12866492669857338,-0.8957596804972094,DOWN,UP
2026-09-02,Bharti Airtel,0.3328296655229046,0.06993665276949637,0.26289301275340826,UP,UP
2025-09-22,Dr Reddy's,0.5378822705302877,0.005421491644563794,0.5324607788857239,UP,UP
2025-09-23,Dr Reddy's,-0.7872247505297691,0.03619276414785828,-0.8234175146776275,DOWN,UP
2025-09-24,Dr Reddy's,-1.7641187000042802,0.023432700959739407,-1.7875514009640197,DOWN,UP
2025-09-25,Dr Reddy's,-1.7330596323837821,0.0364651680639704,-1.7695248004477526,DOWN,UP
2025-09-26,Dr Reddy's,-1.4763387088368218,0.02288869956739266,-1.4992274084042145,DOWN,UP
2025-09-29,Dr Reddy's,-0.8828790401432918,0.0029818843429104385,-0.8858609244862022,DOWN,UP
2025-09-30,Dr Reddy's,1.7161069574195276,0.027482840890140046,1.6886241165293876,UP,UP
2025-10-01,Dr Reddy's,0.2731601628859659,0.10261264725602783,0.17054751562993808,UP,UP
2025-10-03,Dr Reddy's,0.04006089334032126,0.026524708098995278,0.01353618524132598,UP,UP
2025-10-06,Dr Reddy's,-0.008007014888056219,0.0305852650080053,-0.038592279896061524,DOWN,UP
2025-10-07,Dr Reddy's,-1.12134561473769,0.028817044129123517,-1.1501626588668135,DOWN,UP
2025-10-08,Dr Reddy's,0.9396497031946227,0.02137878607611077,0.9182709171185119,UP,UP
2025-10-09,Dr Reddy's,1.4685859230131104,0.053848192691181566,1.4147377303219288,UP,UP
2025-10-10,Dr Reddy's,-0.15817778878379762,0.08420389624366717,-0.2423816850274648,DOWN,UP
2025-10-13,Dr Reddy's,-1.9882743267204517,0.039891914400330825,-2.0281662411207826,DOWN,UP
2025-10-14,Dr Reddy's,-0.396025557317603,-0.02332135975281313,-0.3727041975647899,DOWN,DOWN
2025-10-15,Dr Reddy's,0.6329054368139131,0.03493354274805006,0.597971894065863,UP,UP
2025-10-16,Dr Reddy's,1.265930806347182,0.048109594868066055,1.2178212114791158,UP,UP
2025-10-17,Dr Reddy's,2.0781889544205123,0.10416342490736824,1.9740255295131441,UP,UP
2025-10-20,Dr Reddy's,0.5226170960900944,0.07817948525576085,0.4444376108343336,UP,UP
2025-10-21,Dr Reddy's,-0.7216518282130435,0.07014637649777096,-0.7917982047108145,DOWN,UP
2025-10-23,Dr Reddy's,0.32827505797481393,0.017493140077528332,0.3107819178972856,UP,UP
2025-10-24,Dr Reddy's,0.05453982981480365,0.028972802599211894,0.02556702721559176,UP,UP
2025-10-27,Dr Reddy's,0.39710156443510947,0.03461133714504333,0.36249022729006614,UP,UP
2025-10-28,Dr Reddy's,-2.9858848511729597,0.042714550339574296,-3.028599401512534,DOWN,UP
2025-10-29,Dr Reddy's,-3.8932026774081474,0.22538767880442317,-4.118590356212571,DOWN,UP
2025-10-30,Dr Reddy's,-0.38262982638234133,-0.29308428494580707,-0.08954554143653426,DOWN,DOWN
2025-10-31,Dr Reddy's,-0.13359849854327477,0.03536401719109833,-0.1689625157343731,DOWN,UP
2025-11-03,Dr Reddy's,0.33444816053511683,0.036651336774235925,0.2977968237608809,UP,UP
2025-11-04,Dr Reddy's,0.4333292643229125,0.018876976390271555,0.414452287932641,UP,UP
2025-11-06,Dr Reddy's,0.01660083391084033,0.030261894663137254,-0.013661060752296925,UP,UP
2025-11-07,Dr Reddy's,-0.5558381538480872,0.04998409704518212,-0.6058222508932694,DOWN,UP
2025-11-10,Dr Reddy's,1.0678275923521552,0.03630440038655071,1.0315231919656045,UP,UP
2025-11-11,Dr Reddy's,1.494013667844607,0.031798199005108135,1.4622154688394988,UP,UP
2025-11-12,Dr Reddy's,0.4310384623746666,0.1368728761449319,0.29416558622973465,UP,UP
2025-11-13,Dr Reddy's,0.8988562123645849,0.031010590981370885,0.867845621383214,UP,UP
2025-11-14,Dr Reddy's,-0.1284089555326995,0.01145158439033922,-0.1398605399230387,DOWN,UP
2025-11-17,Dr Reddy's,-0.048214044854266724,0.02869380384229935,-0.07690784869656607,DOWN,UP
2025-11-18,Dr Reddy's,0.5145443071641553,0.05107844994172262,0.4634658572224327,UP,UP
2025-11-19,Dr Reddy's,-0.12797757546204602,0.03261704570634403,-0.16059462116839004,DOWN,UP
2025-11-20,Dr Reddy's,-0.3764176889134885,0.029808354585104488,-0.406226043498593,DOWN,UP
2025-11-21,Dr Reddy's,-1.4229498267374852,0.009275708649701142,-1.4322255353871862,DOWN,UP
2025-11-24,Dr Reddy's,0.8073743931078292,0.04199773038038331,0.7653766627274459,UP,UP
2025-11-25,Dr Reddy's,0.9627072768464195,0.027590867488293747,0.9351164093581258,UP,UP
2025-11-26,Dr Reddy's,0.10417057917668782,0.03152372344067671,0.07264685573601111,UP,UP
2025-11-27,Dr Reddy's,0.760425808748777,0.035848783257231454,0.7245770254915456,UP,UP
2025-11-28,Dr Reddy's,0.10326713595401049,0.044536739972402734,0.05873039598160776,UP,UP
2025-12-01,Dr Reddy's,1.1983156795885241,0.036197585834382,1.1621180937541422,UP,UP
2025-12-02,Dr Reddy's,0.4313049098649602,0.06106958218168109,0.3702353276832791,UP,UP
2025-12-03,Dr Reddy's,-0.24205322902534077,0.042482825990659785,-0.28453605501600054,DOWN,UP
2025-12-04,Dr Reddy's,-0.1878541374393694,0.03346016842511528,-0.2213143058644847,DOWN,UP
2025-12-05,Dr Reddy's,-0.6822421192754891,0.035585534709090004,-0.717827653984579,DOWN,UP
2025-12-08,Dr Reddy's,-1.6028463346328459,0.036662182999502115,-1.639508517632348,DOWN,UP
2025-12-09,Dr Reddy's,0.3691299820646199,0.0334901789236179,0.335639803141002,UP,UP
2025-12-10,Dr Reddy's,1.8148345287596124,0.031912724984388484,1.782921803775224,UP,UP
2025-12-11,Dr Reddy's,0.45544160409305423,0.08066245007025036,0.3747791540228039,UP,UP
2025-12-12,Dr Reddy's,0.10161234332815017,0.04358787327288506,0.05802447005526511,UP,UP
2025-12-15,Dr Reddy's,-0.2889232580362999,0.03620093578376421,-0.32512419382006413,DOWN,UP
2025-12-16,Dr Reddy's,-0.3837437794952714,0.034396837793417595,-0.418140617288689,DOWN,UP
2025-12-17,Dr Reddy's,0.6289308176100628,0.027526093880014826,0.6014047237300479,UP,UP
2025-12-18,Dr Reddy's,-0.1406288146972634,0.04149648753628863,-0.18212530223355203,DOWN,UP
2025-12-19,Dr Reddy's,0.4068278392140412,0.030979013587258502,0.3758488256267827,UP,UP
2025-12-22,Dr Reddy's,0.0077899005793691245,0.032608445876916844,-0.02481854529754772,UP,UP
2025-12-23,Dr Reddy's,-1.3790378786034285,0.05960473007701397,-1.4386426086804425,DOWN,UP
2025-12-24,Dr Reddy's,0.2765049664234409,-0.01802132273344402,0.29452628915688495,UP,DOWN
2025-12-26,Dr Reddy's,-0.05515427521127769,0.022353804036456953,-0.07750807924773465,DOWN,UP
2025-12-29,Dr Reddy's,-0.22070998042699186,0.0366832565100225,-0.2573932369370144,DOWN,UP
2025-12-30,Dr Reddy's,0.44240601753191555,0.03386760309439554,0.40853841443752004,UP,UP
2025-12-31,Dr Reddy's,-1.4157621247722907,0.045735422520822085,-1.4614975472931129,DOWN,UP
2026-01-01,Dr Reddy's,0.2154101738698344,-0.022711539052417126,0.23812171292225154,UP,DOWN
2026-01-02,Dr Reddy's,-0.4856281907888782,0.03712926949083314,-0.5227574602797114,DOWN,UP
2026-01-05,Dr Reddy's,0.4959960937499952,0.03714705450994063,0.4588490392400546,UP,UP
2026-01-06,Dr Reddy's,-1.0667013902722733,0.017805964550980616,-1.084507354823254,DOWN,UP
2026-01-07,Dr Reddy's,-2.8886404090435747,0.017473550140672055,-2.9061139591842466,DOWN,UP
2026-01-08,Dr Reddy's,0.26513804848322664,-0.04851113856700213,0.31364918705022876,UP,DOWN
2026-01-09,Dr Reddy's,0.4462461385843497,0.03506837173204736,0.41117776685230234,UP,UP
2026-01-12,Dr Reddy's,-1.9909462091217578,0.03661616778641622,-2.027562376908174,DOWN,UP
2026-01-13,Dr Reddy's,-0.40292526075582646,-0.03373161590714821,-0.3691936448486782,DOWN,DOWN
2026-01-14,Dr Reddy's,0.0,0.02830415546277603,-0.02830415546277603,UP,UP
2026-01-15,Dr Reddy's,-0.9270965023177369,1.632695481133363,-2.5597919834511,DOWN,UP
2026-01-16,Dr Reddy's,-0.7060866718949343,0.030471089059127855,-0.7365577609540622,DOWN,UP
2026-01-19,Dr Reddy's,-0.04283756176463038,0.03303127909087535,-0.07586884085550574,DOWN,UP
2026-01-20,Dr Reddy's,-0.8142624837223833,0.023442724783888855,-0.8377052085062722,DOWN,UP
2026-01-21,Dr Reddy's,5.21085822437688,0.1850168427369162,5.025841381639964,UP,UP
2026-01-22,Dr Reddy's,1.486650972150927,-0.6922552101138058,2.1789061822647326,UP,DOWN
2026-01-23,Dr Reddy's,0.33992176474395563,0.09781103957472881,0.24211072516922683,UP,UP
2026-01-27,Dr Reddy's,-1.3953902360688941,0.020362552212055227,-1.4157527882809493,DOWN,UP
2026-01-28,Dr Reddy's,-1.1124724405674802,0.02434306448710128,-1.1368155050545814,DOWN,UP
2026-01-29,Dr Reddy's,0.7610183626503009,0.010288768537041179,0.7507295941132597,UP,UP
2026-01-30,Dr Reddy's,-2.9225824069828876,0.03745258470708897,-2.9600349916899766,DOWN,UP
2026-02-02,Dr Reddy's,4.473575003303387,-0.1339913450838993,4.607566348387286,UP,DOWN
2026-02-03,Dr Reddy's,0.38853218900405384,0.15863722352972073,0.2298949654743331,UP,UP
2026-02-04,Dr Reddy's,0.37897705428437956,0.06068093666762606,0.31829611761675347,UP,UP
2026-02-05,Dr Reddy's,-0.29721850507063996,0.05950095998689989,-0.3567194650575398,DOWN,UP
2026-02-06,Dr Reddy's,2.763458763895432,0.03099038231147344,2.732468381583959,UP,UP
2026-02-09,Dr Reddy's,-1.5288122304978446,0.05439629922950456,-1.5832085297273493,DOWN,UP
2026-02-10,Dr Reddy's,1.1385389194366935,0.06177539903394873,1.0767635204027448,UP,UP
2026-02-11,Dr Reddy's,0.36211724861232586,0.04007257137573966,0.3220446772365862,UP,UP
2026-02-12,Dr Reddy's,-0.5333789864228944,0.040103942060020346,-0.5734829284829147,DOWN,UP
2026-02-13,Dr Reddy's,0.10251942695009841,0.04397405325720682,0.058545373692891596,UP,UP
2026-02-16,Dr Reddy's,1.2131734770661318,0.03544225370379441,1.1777312233623374,UP,UP
2026-02-17,Dr Reddy's,-0.3502490526914648,-0.0011966656230280586,-0.3490523870684367,DOWN,DOWN
2026-02-18,Dr Reddy's,0.15621338152964626,0.054450831925320825,0.10176254960432543,UP,UP
2026-02-19,Dr Reddy's,-0.14817315306187018,0.041981876695614366,-0.19015502975748455,DOWN,UP
2026-02-20,Dr Reddy's,2.1087159860337934,0.027337962195444886,2.0813780238383486,UP,UP
2026-02-23,Dr Reddy's,-0.5507169273164414,0.07010122206430036,-0.6208181493807418,DOWN,UP
2026-02-24,Dr Reddy's,0.4845446134993825,0.030565481809908025,0.45397913168947446,UP,UP
2026-02-25,Dr Reddy's,0.9797205379353136,0.2513805396959811,0.7283399982393324,UP,UP
2026-02-26,Dr Reddy's,-2.501326368426382,0.033259681708767225,-2.5345860501351494,DOWN,UP
2026-02-27,Dr Reddy's,0.6297112087741086,0.029813420023606856,0.5998977887505017,UP,UP
2026-03-02,Dr Reddy's,-0.24722444235398822,0.12211229350631018,-0.3693367358602984,DOWN,UP
2026-03-04,Dr Reddy's,1.7270794355193297,0.017072124885023382,1.7100073106343063,UP,UP
2026-03-05,Dr Reddy's,-0.7384812464312884,0.12401724007643652,-0.862498486507725,DOWN,UP
2026-03-06,Dr Reddy's,-1.288544884104359,0.015220810333676395,-1.3037656944380354,DOWN,UP
2026-03-09,Dr Reddy's,2.1445202475475877,-0.005976795937363685,2.1504970434849513,UP,DOWN
2026-03-10,Dr Reddy's,0.8291514237404485,0.08079232628332335,0.7483590974571251,UP,UP
2026-03-11,Dr Reddy's,-0.49038098830630483,0.0404071294372727,-0.5307881177435775,DOWN,UP
2026-03-12,Dr Reddy's,-2.0242571017342725,-3.929708462362007e-05,-2.024217804649649,DOWN,DOWN
2026-03-13,Dr Reddy's,-1.1916756041313703,-0.05403786982397441,-1.1376377343073958,DOWN,DOWN
2026-03-16,Dr Reddy's,0.5403731131752965,-0.0013536366867896315,0.5417267498620861,UP,DOWN
2026-03-17,Dr Reddy's,0.8568312495424113,0.027600935978578982,0.8292303135638324,UP,UP
2026-03-18,Dr Reddy's,-1.5678134123100929,0.020075293122555755,-1.5878887054326487,DOWN,UP
2026-03-19,Dr Reddy's,1.9144781807816758,0.02740157052774886,1.887076610253927,UP,UP
2026-03-20,Dr Reddy's,-3.5106609229996533,0.1637390903581173,-3.6744000133577703,DOWN,UP
2026-03-23,Dr Reddy's,0.5026670798986332,0.06366362737183903,0.4390034525267942,UP,UP
2026-03-24,Dr Reddy's,3.2629387410728405,0.027050304423060112,3.2358884366497804,UP,UP
2026-03-25,Dr Reddy's,-1.460751957658013,0.11407948780178234,-1.5748314454597954,DOWN,UP
2026-03-27,Dr Reddy's,-2.090967291783774,0.02477043121293514,-2.1157377229967094,DOWN,UP
2026-03-30,Dr Reddy's,-3.609853211157321,0.00486738294819094,-3.614720594105512,DOWN,UP
2026-04-01,Dr Reddy's,0.636580141997567,0.4210529384200226,0.21552720357754435,UP,UP
2026-04-02,Dr Reddy's,0.041074507512051106,-0.007013361561049116,0.048087869073100226,UP,DOWN
2026-04-06,Dr Reddy's,-1.7819077329705557,0.0053435435153172195,-1.787251276485873,DOWN,UP
2026-04-07,Dr Reddy's,-0.3929396595441448,0.08784524578704392,-0.48078490533118867,DOWN,UP
2026-04-08,Dr Reddy's,1.7206647288833254,0.011358136090166638,1.7093065927931588,UP,UP
2026-04-09,Dr Reddy's,1.6750496203370657,0.043787264136151034,1.6312623562009148,UP,UP
2026-04-10,Dr Reddy's,0.30028188514927834,0.08100488943868096,0.2192769957105974,UP,UP
2026-04-13,Dr Reddy's,-1.4645177788161878,0.01679445297717897,-1.481312231793367,DOWN,UP
2026-04-15,Dr Reddy's,0.29561302690057634,0.03144260437776261,0.26417042252281375,UP,UP
2026-04-16,Dr Reddy's,1.170781600784121,0.017768960354423984,1.153012640429697,UP,UP
2026-04-17,Dr Reddy's,-0.2508679864393959,0.02488379262353567,-0.2757517790629316,DOWN,UP
2026-04-20,Dr Reddy's,-0.9735518609186755,0.018449633579880907,-0.9920014944985565,DOWN,UP
2026-04-21,Dr Reddy's,-0.2949349220009112,0.03187613933226971,-0.32681106133318094,DOWN,UP
2026-04-22,Dr Reddy's,9.367296631059974,0.024320472824761696,9.342976158235212,UP,UP
2026-04-23,Dr Reddy's,-1.044329407517841,-7.937490553553416,6.893161146035575,DOWN,DOWN
2026-04-24,Dr Reddy's,1.3210860782471467,0.3066931768193339,1.0143929014278128,UP,UP
2026-04-27,Dr Reddy's,1.5061802612167385,0.10723180562407922,1.3989484555926592,UP,UP
2026-04-28,Dr Reddy's,-1.83079338585439,0.09008449003093232,-1.9208778758853224,DOWN,UP
2026-04-29,Dr Reddy's,-0.5188768356673701,0.0799941659445419,-0.598871001611912,DOWN,UP
2026-04-30,Dr Reddy's,0.0,0.09848132266390673,-0.09848132266390673,UP,UP
2026-05-01,Dr Reddy's,-2.698622162169795,1.404512065694798,-4.103134227864593,DOWN,UP
2026-05-04,Dr Reddy's,-1.2430081267042814,-0.0428057759428768,-1.2002023507614046,DOWN,DOWN
2026-05-05,Dr Reddy's,3.1309038984334903,0.03278747011220428,3.098116428321286,UP,UP
2026-05-06,Dr Reddy's,-0.25934587445175517,0.1391474708210478,-0.398493345272803,DOWN,UP
2026-05-07,Dr Reddy's,-1.0477173009838858,0.09935470813621905,-1.1470720091201048,DOWN,UP
2026-05-08,Dr Reddy's,-1.0820001341556362,0.08520630305082168,-1.167206437206458,DOWN,UP
2026-05-11,Dr Reddy's,-0.7734998222689082,0.08041582878611479,-0.853915651055023,DOWN,UP
2026-05-12,Dr Reddy's,-0.3700748954232336,0.13553447088310253,-0.5056093663063361,DOWN,UP
2026-05-13,Dr Reddy's,3.0269442250701273,0.4990663702345202,2.527877854835607,UP,UP
2026-05-14,Dr Reddy's,2.5391206049278914,0.20165583631546385,2.3374647686124277,UP,UP
2026-05-15,Dr Reddy's,-0.41146107585162683,0.056210257165938256,-0.4676713330175651,DOWN,UP
2026-05-18,Dr Reddy's,0.3004807802523324,0.07954061086540294,0.22094016938692945,UP,UP
2026-05-19,Dr Reddy's,-0.9961000033095746,0.05188113318900856,-1.0479811364985832,DOWN,UP
2026-05-20,Dr Reddy's,-0.2572073796253682,0.03385551140561127,-0.2910628910309795,DOWN,UP
2026-05-21,Dr Reddy's,-0.857038212220329,0.04019375365235533,-0.8972319658726844,DOWN,UP
2026-05-22,Dr Reddy's,1.8512908618526724,0.04034033402378346,1.8109505278288889,UP,UP
2026-05-25,Dr Reddy's,-0.26288117288718604,0.0723960000932612,-0.33527717298044724,DOWN,UP
2026-05-26,Dr Reddy's,-0.670233018332056,0.019024615604328582,-0.6892576339363845,DOWN,UP
2026-05-27,Dr Reddy's,0.0,-0.006117177109265449,0.006117177109265449,UP,DOWN
2026-05-28,Dr Reddy's,-1.1751326762698966,1.0791417448369187,-2.2542744211068153,DOWN,UP
2026-05-29,Dr Reddy's,-1.0049847016446067,-0.0074223593956936895,-0.997562342248913,DOWN,DOWN
2026-06-01,Dr Reddy's,-1.2709256125060353,-0.019658037443853093,-1.2512675750621822,DOWN,DOWN
2026-06-02,Dr Reddy's,-0.8398705786401117,0.017277548917939124,-0.8571481275580508,DOWN,UP
2026-06-03,Dr Reddy's,0.33245871998270893,0.03216454754487948,0.30029417243782947,UP,UP
2026-06-04,Dr Reddy's,0.8441776072485307,0.01663714705907672,0.827540460189454,UP,UP
2026-06-05,Dr Reddy's,-0.20340914452029457,0.010152084868974166,-0.21356122938926875,DOWN,UP
2026-06-08,Dr Reddy's,-0.5565989120277393,0.02395532973702881,-0.5805542417647681,DOWN,UP
2026-06-09,Dr Reddy's,0.25226260716397775,0.01952884053791234,0.2327337666260654,UP,UP
2026-06-10,Dr Reddy's,0.338133914699168,0.03243392462593766,0.30569999007323034,UP,UP
2026-06-11,Dr Reddy's,-0.047020030245881195,0.029367639144199306,-0.0763876693900805,DOWN,UP
2026-06-12,Dr Reddy's,0.32146585443426634,0.037166643555850164,0.2842992108784162,UP,UP
2026-06-15,Dr Reddy's,-0.20320246861567082,0.0341450147878744,-0.23734748340354522,DOWN,UP
2026-06-16,Dr Reddy's,-0.6186877800153257,0.030908293981690246,-0.6495960739970159,DOWN,UP
2026-06-17,Dr Reddy's,-0.11820330969266601,0.031367981214602214,-0.14957129090726823,DOWN,UP
2026-06-18,Dr Reddy's,0.3629172059911312,0.03731658712322685,0.32560061886790437,UP,UP
2026-06-19,Dr Reddy's,1.4621473109745375,0.03101626164340297,1.4311310493311347,UP,UP
2026-06-22,Dr Reddy's,0.8212673787293401,0.048091906760130004,0.7731754719692101,UP,UP
2026-06-23,Dr Reddy's,2.082530897493018,0.01925250155677366,2.063278395936244,UP,UP
2026-06-24,Dr Reddy's,1.6636536570138638,0.07604878317173566,1.5876048738421282,UP,UP
2026-06-25,Dr Reddy's,0.0,0.06329043297384945,-0.06329043297384945,UP,UP
2026-06-26,Dr Reddy's,1.865971949046652,1.473576663397393,0.39239528564925896,UP,UP
2026-06-29,Dr Reddy's,-1.3520372353065246,0.2903005338410457,-1.6423377691475705,DOWN,UP
2026-06-30,Dr Reddy's,-1.267404869302191,0.014260565000515838,-1.281665434302707,DOWN,UP
2026-07-01,Dr Reddy's,0.4328626503569799,-0.008357399917300546,0.44122005027428046,UP,DOWN
2026-07-02,Dr Reddy's,2.1104276915021813,0.016728135495973632,2.0936995560062077,UP,UP
2026-07-03,Dr Reddy's,-0.45120087926872054,0.09161387777896053,-0.5428147570476811,DOWN,UP
2026-07-06,Dr Reddy's,-0.9722968485085026,0.03389235460057108,-1.0061892031090738,DOWN,UP
2026-07-07,Dr Reddy's,-0.4134043767065054,0.01789537666391682,-0.43129975337042226,DOWN,UP
2026-07-08,Dr Reddy's,-5.893254262416603,-0.016279699953569756,-5.876974562463033,DOWN,DOWN
2026-07-09,Dr Reddy's,-1.9850296314986249,0.6752750712302752,-2.6603047027289,DOWN,UP
2026-07-10,Dr Reddy's,-0.78759531009861,-0.06313602592043893,-0.724459284178171,DOWN,DOWN
2026-07-13,Dr Reddy's,0.9477481710712832,0.02956476712200885,0.9181834039492743,UP,UP
2026-07-14,Dr Reddy's,-1.3400699587711506,0.023427015502529486,-1.3634969742736802,DOWN,UP
2026-07-15,Dr Reddy's,-0.41480077966145057,0.03428728280997584,-0.4490880624714264,DOWN,UP
2026-07-16,Dr Reddy's,-1.0780850195183933,0.04815604928133363,-1.1262410687997269,DOWN,UP
2026-07-17,Dr Reddy's,0.9824987527904838,0.02145278314819071,0.9610459696422932,UP,UP
2026-07-20,Dr Reddy's,-1.3980848603766471,0.025957741280881144,-1.4240426016575283,DOWN,UP
2026-07-21,Dr Reddy's,-1.9237107107690665,0.03407655440276575,-1.9577872651718322,DOWN,UP
2026-07-22,Dr Reddy's,-1.3949948697032588,-0.06901407766300789,-1.3259807920402509,DOWN,DOWN
2026-07-23,Dr Reddy's,-1.2518303219587357,0.510073881776418,-1.7619042037351536,DOWN,UP
2026-07-24,Dr Reddy's,-0.07813687435119787,0.03215177962966984,-0.1102886539808677,DOWN,UP
2026-07-27,Dr Reddy's,-1.3208266073385988,0.022069390213298824,-1.3428959975518977,DOWN,UP
2026-07-28,Dr Reddy's,0.5900029399640072,-0.010377245013742337,0.6003801849777496,UP,DOWN
2026-07-29,Dr Reddy's,0.21885668328254226,0.04126181873727394,0.17759486454526832,UP,UP
2026-07-30,Dr Reddy's,0.2882535479615367,0.02621190977455683,0.26204163818697984,UP,UP
2026-07-31,Dr Reddy's,2.7785058002272045,0.02277510906360318,2.7557306911636013,UP,UP
2026-08-03,Dr Reddy's,-0.6271207130561396,0.15742217903315425,-0.7845428920892938,DOWN,UP
2026-08-04,Dr Reddy's,0.28995603657278046,0.02845537050863096,0.2615006660641495,UP,UP
2026-08-05,Dr Reddy's,-0.42517006802721413,0.018749916056871957,-0.44391998408408606,DOWN,UP
2026-08-06,Dr Reddy's,0.0853970964987294,0.0198756057157378,0.0655214907829916,UP,UP
2026-08-07,Dr Reddy's,-1.1262756972589605,0.03871237213630279,-1.1649880693952632,DOWN,UP
2026-08-10,Dr Reddy's,3.9868786007211776,0.011138417274222944,3.9757401834469546,UP,UP
2026-08-11,Dr Reddy's,-0.4149377593360981,0.3411050214377913,-0.7560427807738894,DOWN,UP
2026-08-12,Dr Reddy's,0.49999999999998934,0.04210009751893775,0.4578999024810516,UP,UP
2026-08-13,Dr Reddy's,-0.497512437810943,0.031634755915515865,-0.5291471937264589,DOWN,UP
2026-08-14,Dr Reddy's,-0.666666666666671,0.03350102116005912,-0.7001676878267301,DOWN,UP
2026-08-17,Dr Reddy's,-1.1073784540163611,0.01945711779136656,-1.1268355718077276,DOWN,UP
2026-08-18,Dr Reddy's,-0.7465259979309802,0.036636257923976734,-0.7831622558549569,DOWN,UP
2026-08-19,Dr Reddy's,0.8547008547008517,0.02963052770383512,0.8250703269970165,UP,UP
2026-08-20,Dr Reddy's,-0.4491566803495717,0.015196010920675468,-0.46435269127024714,DOWN,UP
2026-08-21,Dr Reddy's,1.3024644133901475,0.014510822838229942,1.2879535905519175,UP,UP
2026-08-24,Dr Reddy's,0.2941176470588225,0.11337933602861722,0.18073831103020527,UP,UP
2026-08-25,Dr Reddy's,-0.9635525764558062,0.022556447446625005,-0.9861090239024312,DOWN,UP
2026-08-26,Dr Reddy's,-0.4230118443316444,0.03586079470440724,-0.45887263903605163,DOWN,UP
2026-08-27,Dr Reddy's,0.0849617672047609,0.0369665784916086,0.047995188713152295,UP,UP
2026-08-28,Dr Reddy's,-2.0033935132374836,0.02932727941673771,-2.0327207926542212,DOWN,UP
2026-08-31,Dr Reddy's,1.4379742926948769,-0.013986953355339591,1.4519612460502165,UP,DOWN
2026-09-01,Dr Reddy's,-1.2382578992314208,0.10189856870923984,-1.3401564679406606,DOWN,UP
2026-09-02,Dr Reddy's,-0.12970168612191912,0.030505154360227618,-0.16020684048214673,DOWN,UP
2025-09-22,HCLTech,-0.7014358924014474,-0.017775373636912534,-0.6836605187645349,DOWN,DOWN
2025-09-23,HCLTech,0.8742481167380856,0.054148483673435825,0.8200996330646497,UP,UP
2025-09-24,HCLTech,-1.2826734641679716,0.05111880418862999,-1.3337922683566015,DOWN,UP
2025-09-25,HCLTech,-2.0016855613579465,0.03878486542902811,-2.0404704267869747,DOWN,UP
2025-09-26,HCLTech,-0.5661882131157037,-0.040913715338771375,-0.5252744977769322,DOWN,DOWN
2025-09-29,HCLTech,-0.1657812301896433,0.03583224374667982,-0.20161347393632312,DOWN,UP
2025-09-30,HCLTech,0.3176683626899379,0.03366056963680923,0.2840077930531287,UP,UP
2025-10-01,HCLTech,0.28787333573228047,0.02072253361418149,0.267150802118099,UP,UP
2025-10-03,HCLTech,1.7366308698869792,0.028474650147280747,1.7081562197396984,UP,UP
2025-10-06,HCLTech,1.1074327278638663,0.07076030529405622,1.03667242256981,UP,UP
2025-10-07,HCLTech,1.381325967669511,0.08562635426650082,1.2956996134030103,UP,UP
2025-10-08,HCLTech,2.2914980695720066,0.06977877760866125,2.2217192919633453,UP,UP
2025-10-09,HCLTech,0.6054490413723412,0.11322277811378743,0.4922262632585538,UP,UP
2025-10-10,HCLTech,-0.053497079781006374,0.03734974542848281,-0.09084682520948918,DOWN,UP
2025-10-13,HCLTech,0.04683704188512827,0.02512212964941094,0.02171491223571733,UP,UP
2025-10-14,HCLTech,0.020056623840836174,0.04788780937774687,-0.027831185536910698,UP,UP
2025-10-15,HCLTech,1.2903690217415331,0.016008714502031438,1.2743603072395018,UP,UP
2025-10-16,HCLTech,-1.9009933219884534,0.11436810550105214,-2.0153614274895055,DOWN,UP
2025-10-17,HCLTech,0.6190333430527328,-0.0848887663256579,0.7039221093783907,UP,DOWN
2025-10-20,HCLTech,-0.6285959783734585,0.03805843388632626,-0.6666544122597847,DOWN,UP
2025-10-21,HCLTech,2.550472706195328,0.061050725692834235,2.489421980502494,UP,UP
2025-10-23,HCLTech,-0.0065605081918662655,0.07501414332061476,-0.08157465151248103,DOWN,UP
2025-10-24,HCLTech,0.636563253776945,0.027015785048466134,0.6095474687284789,UP,UP
2025-10-27,HCLTech,-0.7433990488465936,0.02630919583179178,-0.7697082446783854,DOWN,UP
2025-10-28,HCLTech,2.312599290899864,0.015477534381688205,2.2971217565181754,UP,UP
2025-10-29,HCLTech,-0.48160275893164295,0.100310283343353,-0.581913042274996,DOWN,UP
2025-10-30,HCLTech,-0.5355561083122296,0.037881642314454005,-0.5734377506266836,DOWN,UP
2025-10-31,HCLTech,0.12974375608174604,0.021632093732766172,0.10811166234897987,UP,UP
2025-11-03,HCLTech,-0.9329461881478762,0.027478035605711812,-0.960424223753588,DOWN,UP
2025-11-04,HCLTech,-0.1765712651221829,0.020933224398361573,-0.19750448952054447,DOWN,UP
2025-11-06,HCLTech,-0.9171907610112995,0.024616346204927236,-0.9418071072162267,DOWN,UP
2025-11-07,HCLTech,1.8579724366788453,0.006569835091045535,1.8514026015877998,UP,UP
2025-11-10,HCLTech,1.9149626744563442,0.07608275467263911,1.8388799197837051,UP,UP
2025-11-11,HCLTech,1.5286624203821653,0.09409281642539302,1.4345696039567724,UP,UP
2025-11-12,HCLTech,0.28230865746550204,0.08501707612556958,0.19729158133993246,UP,UP
2025-11-13,HCLTech,-0.24398025737019102,0.007667782650809907,-0.25164804002100094,DOWN,UP
2025-11-14,HCLTech,0.7400005649560448,0.019571197566471434,0.7204293673895734,UP,UP
2025-11-17,HCLTech,-0.6972157041813309,0.018778727940060573,-0.7159944321213915,DOWN,UP
2025-11-18,HCLTech,4.2251771863802245,0.028371390737782488,4.196805795642442,UP,UP
2025-11-19,HCLTech,-1.034521317481274,-0.0954041315370983,-0.9391171859441757,DOWN,DOWN
2025-11-20,HCLTech,-2.273004975029147,0.01558389527584934,-2.2885888703049964,DOWN,UP
2025-11-21,HCLTech,0.149255249630742,0.01103535420633962,0.13821989542440238,UP,UP
2025-11-24,HCLTech,-0.5774992975120408,0.008788991873973624,-0.5862882893860144,DOWN,UP
2025-11-25,HCLTech,1.049281686609027,0.005281442489845063,1.044000244119182,UP,UP
2025-11-26,HCLTech,0.6860730217219446,0.010887566275887616,0.675185455446057,UP,UP
2025-11-27,HCLTech,-0.2946622976135682,0.024690413568036588,-0.3193527111816048,DOWN,UP
2025-11-28,HCLTech,1.1513405864034931,0.0005139181656809273,1.150826668237812,UP,UP
2025-12-01,HCLTech,-0.45042451178377574,0.036586018922591855,-0.4870105307063676,DOWN,UP
2025-12-02,HCLTech,0.305716906144915,0.015925452726897847,0.28979145341801715,UP,UP
2025-12-03,HCLTech,0.8594925684814125,0.011977406037785037,0.8475151624436275,UP,UP
2025-12-04,HCLTech,1.7164284318332168,0.009901740443311104,1.7065266913899058,UP,UP
2025-12-05,HCLTech,0.33273770564097305,0.07475424949920889,0.25798345614176416,UP,UP
2025-12-08,HCLTech,-1.8358403676538626,0.01768313710404468,-1.8535235047579073,DOWN,UP
2025-12-09,HCLTech,0.5067582370766655,0.03151703707672291,0.4752411999999425,UP,UP
2025-12-10,HCLTech,0.38415512689451425,0.021876590015702836,0.3622785368788114,UP,UP
2025-12-11,HCLTech,0.047831065901404735,0.007320052494880425,0.04051101340652431,UP,UP
2025-12-12,HCLTech,0.6454726956309553,0.018797528501248405,0.626675167129707,UP,UP
2025-12-15,HCLTech,-1.9180551560644354,0.01466480008397508,-1.9327199561484105,DOWN,UP
2025-12-16,HCLTech,0.1997971136212584,-0.11938561536697,0.3191827289882284,UP,DOWN
2025-12-17,HCLTech,0.38670842381043347,0.022390251875187964,0.3643181719352455,UP,UP
2025-12-18,HCLTech,-1.1436138028648957,0.027691208790329488,-1.171305011655225,DOWN,UP
2025-12-19,HCLTech,1.6987350218784947,0.03622746759647329,1.6625075542820213,UP,UP
2025-12-22,HCLTech,0.5747455729689266,0.07369269846904915,0.5010528744998775,UP,UP
2025-12-23,HCLTech,-0.3095465900717076,0.023592928772754606,-0.3331395188444622,DOWN,UP
2025-12-24,HCLTech,-0.8240238347266948,0.0218525284144979,-0.8458763631411927,DOWN,UP
2025-12-26,HCLTech,-1.8122689592081964,0.003364561545968185,-1.8156335207541645,DOWN,UP
2025-12-29,HCLTech,-0.9565916843981004,0.018320436449473967,-0.9749121208475744,DOWN,UP
2025-12-30,HCLTech,0.5014919453392164,0.0071652263104041835,0.4943267190288122,UP,UP
2025-12-31,HCLTech,0.6899495370532582,0.035260012455818446,0.6546895245974398,UP,UP
2026-01-01,HCLTech,0.3487275112802113,0.01637106790152297,0.3323564433786883,UP,UP
2026-01-02,HCLTech,-1.9875610630670781,0.021853681629128804,-2.009414744696207,DOWN,UP
2026-01-05,HCLTech,0.5411839620746761,-0.08786271106644185,0.629046673141118,UP,DOWN
2026-01-06,HCLTech,1.942702554919551,0.03221092321271149,1.9104916317068394,UP,UP
2026-01-07,HCLTech,-0.060690661505979904,0.05227643535477984,-0.11296709686075974,DOWN,UP
2026-01-08,HCLTech,0.8926989541553132,-0.002058363488966908,0.8947573176442801,UP,DOWN
2026-01-09,HCLTech,0.3731763019602541,0.018574201186323663,0.3546021007739304,UP,UP
2026-01-12,HCLTech,-0.15591122715290506,0.017487997085911554,-0.17339922423881662,DOWN,UP
2026-01-13,HCLTech,0.21021021021021546,0.3879570622929362,-0.17774685208272073,UP,UP
2026-01-14,HCLTech,0.0,0.019315682742173827,-0.019315682742173827,UP,UP
2026-01-15,HCLTech,1.7680551393467248,0.9861614213086003,0.7818937180381245,UP,UP
2026-01-16,HCLTech,1.107187799065068,0.06008159642608388,1.0471062026389841,UP,UP
2026-01-19,HCLTech,-1.718313091855772,0.040299132673259075,-1.7586122245290312,DOWN,UP
2026-01-20,HCLTech,-0.2844810460035707,0.043857441097034655,-0.32833848710060537,DOWN,UP
2026-01-21,HCLTech,1.2243670481983715,0.013340892020761058,1.2110261561776103,UP,UP
2026-01-22,HCLTech,0.22899562386058392,0.09066741096756284,0.13832821289302108,UP,UP
2026-01-23,HCLTech,0.7732836070225568,0.018270278237749626,0.7550133287848072,UP,UP
2026-01-27,HCLTech,0.5464495221999544,0.01691133783987037,0.5295381843600839,UP,UP
2026-01-28,HCLTech,-0.4625346966306343,0.02999020572413163,-0.4925249023547659,DOWN,UP
2026-01-29,HCLTech,-1.5102230697436547,0.012450935400197777,-1.5226740051438525,DOWN,UP
2026-01-30,HCLTech,-1.1087477605863927,0.014335767976492785,-1.1230835285628855,DOWN,UP
2026-02-02,HCLTech,1.1032919526051455,0.005464254449274167,1.0978276981558712,UP,UP
2026-02-03,HCLTech,-4.3355157130330335,-0.02116433002457037,-4.314351383008463,DOWN,DOWN
2026-02-04,HCLTech,-0.7275896209678501,-0.017902349869751876,-0.7096872710980981,DOWN,DOWN
2026-02-05,HCLTech,-1.0124253930512417,0.015215479870033397,-1.0276408729212752,DOWN,UP
2026-02-06,HCLTech,0.5208037323475967,-0.020245564865065315,0.541049297212662,UP,DOWN
2026-02-09,HCLTech,-1.8039965302161343,-0.005073897866732037,-1.7989226323494023,DOWN,DOWN
2026-02-10,HCLTech,-1.366728137669182,0.008502889602304548,-1.3752310272714865,DOWN,UP
2026-02-11,HCLTech,-4.865944907706554,-0.009602619195663901,-4.8563422885108904,DOWN,DOWN
2026-02-12,HCLTech,-1.4158949095413598,0.5521456231229296,-1.9680405326642894,DOWN,UP
2026-02-13,HCLTech,0.4535526304089599,0.4760182553733423,-0.022465624964382425,UP,UP
2026-02-16,HCLTech,1.4228982120015,0.0405123430620369,1.382385868939463,UP,UP
2026-02-17,HCLTech,-1.0387174334045346,0.018133922769523567,-1.0568513561740582,DOWN,UP
2026-02-18,HCLTech,-1.145033214075164,-0.011067304269920803,-1.1339659098052433,DOWN,DOWN
2026-02-19,HCLTech,-0.9583579826315747,0.1677935553599955,-1.12615153799157,DOWN,UP
2026-02-20,HCLTech,-0.7170239351287799,0.02999161997163186,-0.7470155551004118,DOWN,UP
2026-02-23,HCLTech,-6.100126418354879,0.03739987420223415,-6.137526292557113,DOWN,UP
2026-02-24,HCLTech,2.912186486108581,0.9744114076278675,1.9377750784807137,UP,UP
2026-02-25,HCLTech,-0.3410209939333275,0.09686538136540625,-0.43788637529873375,DOWN,UP
2026-02-26,HCLTech,1.1357827146659893,0.11117875370605466,1.0246039609599347,UP,UP
2026-02-27,HCLTech,-1.3030002090600235,0.037179776345978396,-1.340179985406002,DOWN,UP
2026-03-02,HCLTech,-0.5105762217359588,0.08710902297310474,-0.5976852447090636,DOWN,UP
2026-03-04,HCLTech,-0.725808241500181,0.06026928003878685,-0.7860775215389678,DOWN,UP
2026-03-05,HCLTech,0.1920076532615278,0.06704024104573525,0.12496741221579255,UP,UP
2026-03-06,HCLTech,0.1400475036813731,0.03484074244044766,0.10520676124092543,UP,UP
2026-03-09,HCLTech,0.21345682807125677,0.13563051920621116,0.0778263088650456,UP,UP
2026-03-10,HCLTech,-0.8226185216213766,0.06740782971669088,-0.8900263513380675,DOWN,UP
2026-03-11,HCLTech,0.5776439662119381,0.045206218109727386,0.5324377481022108,UP,UP
2026-03-12,HCLTech,-2.407772016766807,0.034427361564435134,-2.4421993783312423,DOWN,UP
2026-03-13,HCLTech,0.24143285898079458,-0.16577635444805827,0.40720921342885286,UP,DOWN
2026-03-16,HCLTech,-0.5645039995347267,0.02735686458934959,-0.5918608641240763,DOWN,UP
2026-03-17,HCLTech,2.732569544551411,-0.040741161595880454,2.7733107061472912,UP,DOWN
2026-03-18,HCLTech,-3.345115235566387,0.1928315909788118,-3.5379468265451988,DOWN,UP
2026-03-19,HCLTech,1.669454301615092,-0.01460587711643087,1.6840601787315228,UP,DOWN
2026-03-20,HCLTech,1.8669884775945,0.1470716325705999,1.7199168450239002,UP,UP
2026-03-23,HCLTech,1.0820015829786644,0.236161274906142,0.8458403080725224,UP,UP
2026-03-24,HCLTech,0.5825383904141335,0.036956308393475024,0.5455820820206585,UP,UP
2026-03-25,HCLTech,-1.2234868469309212,0.32891959474279525,-1.5524064416737164,DOWN,UP
2026-03-27,HCLTech,-1.6710677528693596,0.027711298467995762,-1.6987790513373553,DOWN,UP
2026-03-30,HCLTech,0.9540883319213433,-0.0073791700800648185,0.9614675020014082,UP,DOWN
2026-04-01,HCLTech,3.5292325676449687,0.019694186912203263,3.5095383807327654,UP,UP
2026-04-02,HCLTech,0.0784551201368,0.3331618622301167,-0.2547067420933167,UP,UP
2026-04-06,HCLTech,2.7292756662979034,0.030930479262206455,2.698345187035697,UP,UP
2026-04-07,HCLTech,1.3457286863630458,0.20782489336742188,1.137903792995624,UP,UP
2026-04-08,HCLTech,0.266942122796876,0.07878713287162015,0.18815498992525587,UP,UP
2026-04-09,HCLTech,-0.9352224052059377,0.03995412359328129,-0.975176528799219,DOWN,UP
2026-04-10,HCLTech,-1.5022000752004327,0.03902983868317885,-1.5412299138836116,DOWN,UP
2026-04-13,HCLTech,1.532113057227602,0.03555626543759953,1.4965567917900024,UP,UP
2026-04-15,HCLTech,-0.0758008419512124,0.08775266648024611,-0.1635535084314585,DOWN,UP
2026-04-16,HCLTech,-0.5447457322947935,0.0369319538030224,-0.5816776860978159,DOWN,UP
2026-04-17,HCLTech,-0.9706718107217016,0.035231924236750665,-1.0059037349584523,DOWN,UP
2026-04-20,HCLTech,0.9031647344921678,0.038196329884265176,0.8649684046079027,UP,UP
2026-04-21,HCLTech,-10.817368000670823,0.04719468061555315,-10.864562681286376,DOWN,UP
2026-04-22,HCLTech,-0.5990876020901204,-0.26816531663199916,-0.3309222854581212,DOWN,DOWN
2026-04-23,HCLTech,-5.823420932670331,0.03161371157203699,-5.855034644242368,DOWN,UP
2026-04-24,HCLTech,2.0777926375122435,0.6226817245843826,1.4551109129278608,UP,UP
2026-04-27,HCLTech,-2.6217189750864067,0.11781480813457756,-2.7395337832209843,DOWN,UP
2026-04-28,HCLTech,0.35116648594273325,-0.5036399909451312,0.8548064768878645,UP,DOWN
2026-04-29,HCLTech,-0.09164936099718135,0.026218925893922974,-0.11786828689110432,DOWN,UP
2026-04-30,HCLTech,0.0,-0.2526275210171104,0.2526275210171104,UP,DOWN
2026-05-01,HCLTech,0.11675627075034001,1.3037657287344602,-1.1870094579841202,UP,UP
2026-05-04,HCLTech,-0.024993654987504055,0.0635404578494024,-0.08853411283690646,DOWN,UP
2026-05-05,HCLTech,-0.924843862483038,0.08633368926853198,-1.01117755175157,DOWN,UP
2026-05-06,HCLTech,-0.4793500369105863,0.030367828642290786,-0.5097178655528771,DOWN,UP
2026-05-07,HCLTech,1.2675341972742338,0.08664317182560048,1.1808910254486333,UP,UP
2026-05-08,HCLTech,-0.29205606881652635,0.16315540311031806,-0.4552114719268444,DOWN,UP
2026-05-11,HCLTech,-4.109128344023127,0.0542262228911898,-4.163354566914317,DOWN,UP
2026-05-12,HCLTech,-0.22692420539772717,-0.3338749284329088,0.1069507230351816,DOWN,DOWN
2026-05-13,HCLTech,-1.6794919517091889,0.026252857724543985,-1.7057448094337329,DOWN,UP
2026-05-14,HCLTech,0.7651223830905218,0.05027018393185318,0.7148521991586686,UP,UP
2026-05-15,HCLTech,1.2360939697846351,0.1022555724896947,1.1338383972949404,UP,UP
2026-05-18,HCLTech,2.860635751484608,0.15167640894909104,2.708959342535517,UP,UP
2026-05-19,HCLTech,-0.8139711198248301,0.2938108968996094,-1.1077820167244394,DOWN,UP
2026-05-20,HCLTech,-0.13678385958805217,0.035083582277351644,-0.1718674418654038,DOWN,UP
2026-05-21,HCLTech,-0.35952331342437027,0.056543382175364726,-0.41606669559973497,DOWN,UP
2026-05-22,HCLTech,0.1460439151095283,0.030143331069568523,0.11590058403995977,UP,UP
2026-05-25,HCLTech,-0.3259781176101484,0.031616646148019935,-0.35759476375816834,DOWN,UP
2026-05-26,HCLTech,0.2840112478245782,0.024994883108903437,0.2590163647156748,UP,UP
2026-05-27,HCLTech,0.0,0.03137557319373931,-0.03137557319373931,UP,UP
2026-05-28,HCLTech,1.5963009299428288,1.0848653939095907,0.5114355360332381,UP,UP
2026-05-29,HCLTech,0.9545469075625146,0.19367637050821535,0.7608705370542992,UP,UP
2026-06-01,HCLTech,4.049872429319801,0.04678608497002136,4.0030863443497795,UP,UP
2026-06-02,HCLTech,-5.186972255729794,0.4736819814638118,-5.660654237193605,DOWN,UP
2026-06-03,HCLTech,-0.9075446286577638,0.6482795092983866,-1.5558241379561504,DOWN,UP
2026-06-04,HCLTech,-1.1640928775010884,0.05151386928905575,-1.2156067467901441,DOWN,UP
2026-06-05,HCLTech,-0.2944403297410303,0.08443515472815866,-0.37887548446918895,DOWN,UP
2026-06-08,HCLTech,-0.43429165186689156,0.02796726038450027,-0.4622589122513918,DOWN,UP
2026-06-09,HCLTech,-1.2387745474410794,0.01666700811739444,-1.255441555558474,DOWN,UP
2026-06-10,HCLTech,-1.9344602849874382,0.01304841109514348,-1.9475086960825816,DOWN,UP
2026-06-11,HCLTech,-0.05404211964737948,-0.11304844180671587,0.05900632215933639,DOWN,DOWN
2026-06-12,HCLTech,0.8741955169082605,0.025721351003709255,0.8484741659045513,UP,UP
2026-06-15,HCLTech,3.546855127312787,0.034605128793261795,3.512249998519525,UP,UP
2026-06-16,HCLTech,0.6729981732635837,0.2642367842378631,0.40876138902572057,UP,UP
2026-06-17,HCLTech,-0.42852243664385226,0.030527542630554988,-0.45904997927440727,DOWN,UP
2026-06-18,HCLTech,-2.5908156645897185,0.021806000244291964,-2.6126216648340104,DOWN,UP
2026-06-19,HCLTech,-0.10603085832356918,0.1303251736453821,-0.23635603196895127,DOWN,UP
2026-06-22,HCLTech,-1.8575851393188847,0.0557321580652984,-1.913317297384183,DOWN,UP
2026-06-23,HCLTech,0.396577234255302,0.20236335850841858,0.19421387574688342,UP,UP
2026-06-24,HCLTech,-1.185032135099473,0.06296925474780933,-1.2480013898472824,DOWN,UP
2026-06-25,HCLTech,0.0,0.08965816839175432,-0.08965816839175432,UP,UP
2026-06-26,HCLTech,0.1544538309806942,1.6375349200762326,-1.4830810890955384,UP,UP
2026-06-29,HCLTech,-2.775759697774105,0.05291625418026866,-2.8286759519543736,DOWN,UP
2026-06-30,HCLTech,-3.5081261376467388,0.005164307203099952,-3.5132904448498388,DOWN,UP
2026-07-01,HCLTech,4.2448294804421804,0.06740906529286297,4.177420415149317,UP,UP
2026-07-02,HCLTech,5.648829031923852,-0.13375811529820417,5.782587147222056,UP,DOWN
2026-07-03,HCLTech,-0.4214265871927081,-0.6809910479266847,0.25956446073397665,DOWN,DOWN
2026-07-06,HCLTech,2.9977077643911665,0.027479572771517025,2.9702281916196496,UP,UP
2026-07-07,HCLTech,-1.9345982306596121,0.12458806684144592,-2.059186297501058,DOWN,UP
2026-07-08,HCLTech,0.418998684568761,-0.05425974576331176,0.47325843033207277,UP,DOWN
2026-07-09,HCLTech,1.1908858554530166,0.17332687488585516,1.0175589805671614,UP,UP
2026-07-10,HCLTech,4.905074889052963,0.12198559636523923,4.783089292687723,UP,UP
2026-07-13,HCLTech,-4.4628236307822755,-0.029427552768625062,-4.433396078013651,DOWN,DOWN
2026-07-14,HCLTech,0.11142957765784,-0.22957561902180548,0.34100519667964546,UP,DOWN
2026-07-15,HCLTech,1.6609609943546655,0.09940751012989196,1.5615534842247736,UP,UP
2026-07-16,HCLTech,1.3895906738036423,0.2065937055361247,1.1829969682675177,UP,UP
2026-07-17,HCLTech,1.4453047646154182,0.22496972202591192,1.2203350425895063,UP,UP
2026-07-20,HCLTech,1.4902112866808093,0.21251883976651803,1.2776924469142912,UP,UP
2026-07-21,HCLTech,-0.17748698441911737,0.24330397326698056,-0.4207909576860979,DOWN,UP
2026-07-22,HCLTech,0.5980685405095221,0.11316968266361715,0.4848988578459049,UP,UP
2026-07-23,HCLTech,2.112962951702846,0.09502583050498062,2.0179371211978654,UP,UP
2026-07-24,HCLTech,1.9590892536634597,0.08741196685188336,1.8716772868115763,UP,UP
2026-07-27,HCLTech,1.751674569351036,0.13264886689205063,1.6190257024589854,UP,UP
2026-07-28,HCLTech,1.9490424479014168,0.13084546543278544,1.8181969824686313,UP,UP
2026-07-29,HCLTech,0.6248532350402458,0.11476844549791848,0.5100847895423273,UP,UP
2026-07-30,HCLTech,-0.4287666864176254,0.06357171747749008,-0.49233840389511546,DOWN,UP
2026-07-31,HCLTech,2.23475945061562,0.2890218453263651,1.9457376052892548,UP,UP
2026-08-03,HCLTech,-0.515611879879263,0.05526978063432206,-0.5708816605135851,DOWN,UP
2026-08-04,HCLTech,-1.45266253444839,0.04484810660333762,-1.4975106410517278,DOWN,UP
2026-08-05,HCLTech,-1.1111111111111072,-0.01741781933950526,-1.093693291771602,DOWN,DOWN
2026-08-06,HCLTech,1.6179756993211614,0.016372156942305406,1.601603542378856,UP,UP
2026-08-07,HCLTech,0.044226418747972396,0.0714211117684864,-0.027194693020514,UP,UP
2026-08-10,HCLTech,0.6041905052462715,0.00628491745872883,0.5979055877875427,UP,UP
2026-08-11,HCLTech,0.0,0.0334107932815459,-0.0334107932815459,UP,UP
2026-08-12,HCLTech,0.33689581834535076,0.007522535091444378,0.32937328325390636,UP,UP
2026-08-13,HCLTech,-0.7299270072992692,0.011651717137426578,-0.7415787244366958,DOWN,UP
2026-08-14,HCLTech,-2.573529411764708,0.004509826551362941,-2.578039238316071,DOWN,UP
2026-08-17,HCLTech,-2.037735849056599,-0.0037456921941791625,-2.0339901568624197,DOWN,DOWN
2026-08-18,HCLTech,2.064718707867863,-0.03289704908306389,2.097615756950927,UP,DOWN
2026-08-19,HCLTech,-0.4830936124831653,0.18363326910496514,-0.6667268815881304,DOWN,UP
2026-08-20,HCLTech,-1.2060091110153714,0.0316508632945433,-1.2376599743099148,DOWN,UP
2026-08-21,HCLTech,1.497120921305184,0.033615411301063956,1.4635055100041199,UP,UP
2026-08-24,HCLTech,-0.46898269076209864,0.1578090721426534,-0.626791762904752,DOWN,UP
2026-08-25,HCLTech,-1.3147931438011962,0.026461954378426463,-1.3412550981796225,DOWN,UP
2026-08-26,HCLTech,-1.2706969580284944,0.027462243596492478,-1.2981592016249868,DOWN,UP
2026-08-27,HCLTech,2.659904491882803,0.029097286851762594,2.6308072050310405,UP,UP
2026-08-28,HCLTech,-0.29633192663240937,0.16913101927532817,-0.4654629459077375,DOWN,UP
2026-08-31,HCLTech,2.9873551822021893,0.05237115478746721,2.934984027414722,UP,UP
2026-09-01,HCLTech,-1.472548768281301,0.23991373063989235,-1.7124624989211934,DOWN,UP
2026-09-02,HCLTech,-0.9387908374014264,0.016884848181007318,-0.9556756855824338,DOWN,UP
2025-09-22,HDFC Bank,-0.7259904492198821,0.038992167668555164,-0.7649826168884373,DOWN,UP
2025-09-23,HDFC Bank,-0.6425014976631949,0.06949936873967424,-0.7120008664028691,DOWN,UP
2025-09-24,HDFC Bank,-0.1261776165746964,0.0038961643366667107,-0.1300737809113631,DOWN,UP
2025-09-25,HDFC Bank,-0.5053416767219376,0.07503348927179265,-0.5803751659937303,DOWN,UP
2025-09-26,HDFC Bank,0.5555261698125147,0.04835061935151601,0.5071755504609987,UP,UP
2025-09-29,HDFC Bank,0.07366223466518385,0.09456414859502914,-0.020901913929845292,UP,UP
2025-09-30,HDFC Bank,1.4984227129337446,0.050814636585618425,1.4476080763481263,UP,UP
2025-10-01,HDFC Bank,-0.010357481060618845,0.09422328568589229,-0.10458076674651114,DOWN,UP
2025-10-03,HDFC Bank,0.8599686663229189,0.04882012675354245,0.8111485395693765,UP,UP
2025-10-06,HDFC Bank,0.9296818202765733,0.043366827942708436,0.8863149923338649,UP,UP
2025-10-07,HDFC Bank,-0.3867672053912252,0.0564863778041458,-0.443253583195371,DOWN,UP
2025-10-08,HDFC Bank,-0.16348590999661905,0.039462291267872165,-0.2029482012644912,DOWN,UP
2025-10-09,HDFC Bank,0.38891095313413615,0.04227129736957982,0.34663965576455635,UP,UP
2025-10-10,HDFC Bank,-0.3975965253331548,0.04922402875317826,-0.4468205540863331,DOWN,UP
2025-10-13,HDFC Bank,0.015355620681933857,0.036710254376554036,-0.02135463369462018,UP,UP
2025-10-14,HDFC Bank,0.1125697752089927,0.050885500641472674,0.06168427456752002,UP,UP
2025-10-15,HDFC Bank,1.645793568713283,0.05312215081895584,1.592671417894327,UP,UP
2025-10-16,HDFC Bank,0.8246605730742873,0.09757334538749488,0.7270872276867925,UP,UP
2025-10-17,HDFC Bank,0.03990069512076477,0.05565124672561384,-0.015750551604849068,UP,UP
2025-10-20,HDFC Bank,0.47360286576469957,0.04762135059086016,0.4259815151738394,UP,UP
2025-10-21,HDFC Bank,0.10915704799172588,0.037661336273148174,0.0714957117185777,UP,UP
2025-10-23,HDFC Bank,-1.3927426608823623,0.07122393295587179,-1.463966593838234,DOWN,UP
2025-10-24,HDFC Bank,0.8243289476784321,0.021311058544618313,0.8030178891338138,UP,UP
2025-10-27,HDFC Bank,0.05982108566080502,0.04831195436169423,0.01150913129911079,UP,UP
2025-10-28,HDFC Bank,0.4284776887323316,0.06678147523955458,0.36169621349277703,UP,UP
2025-10-29,HDFC Bank,-0.9624399867882993,0.046104439062440654,-1.00854442585074,DOWN,UP
2025-10-30,HDFC Bank,-1.0870146126042424,0.008656544158374366,-1.0956711567626167,DOWN,UP
2025-10-31,HDFC Bank,0.5418856160479768,0.05653732353072558,0.4853482925172512,UP,UP
2025-11-03,HDFC Bank,-0.7454817138024539,0.04519628142984253,-0.7906779952322964,DOWN,UP
2025-11-04,HDFC Bank,-0.06089577121924927,0.06217885114630376,-0.12307462236555303,DOWN,UP
2025-11-06,HDFC Bank,-0.23866719776827194,0.05215294939381674,-0.2908201471620887,DOWN,UP
2025-11-07,HDFC Bank,0.22396541121558755,0.043265657860289686,0.18069975335529787,UP,UP
2025-11-10,HDFC Bank,0.7313369433246564,0.040113684553125493,0.6912232587715309,UP,UP
2025-11-11,HDFC Bank,-0.22184251083501305,0.03738254591028811,-0.25922505674530116,DOWN,UP
2025-11-12,HDFC Bank,-0.288021787361048,0.036957269411722345,-0.32497905677277034,DOWN,UP
2025-11-13,HDFC Bank,0.2989865807409453,0.0452960545281793,0.253690526212766,UP,UP
2025-11-14,HDFC Bank,0.7023052120546103,0.03167429946280644,0.6706309125918039,UP,UP
2025-11-17,HDFC Bank,-0.41141695210067386,0.04732158151928961,-0.4587385336199635,DOWN,UP
2025-11-18,HDFC Bank,0.21663190613754324,0.05981107745447953,0.1568208286830637,UP,UP
2025-11-19,HDFC Bank,1.4327368137732943,0.040480042316435406,1.392256771456859,UP,UP
2025-11-20,HDFC Bank,-1.0705246621725117,0.0875520491261809,-1.1580767112986927,DOWN,UP
2025-11-21,HDFC Bank,0.11021858970472476,0.018698115037531632,0.09152047466719312,UP,UP
2025-11-24,HDFC Bank,-0.9357990684709105,0.052769483899343765,-0.9885685523702543,DOWN,UP
2025-11-25,HDFC Bank,1.4245339255391842,0.05648332307546556,1.3680506024637187,UP,UP
2025-11-26,HDFC Bank,0.5578220390228594,0.06955982523473642,0.488262213788123,UP,UP
2025-11-27,HDFC Bank,-0.18821440456289196,0.04967026142277664,-0.2378846659856686,DOWN,UP
2025-11-28,HDFC Bank,-0.5458515416102205,0.04238186072432295,-0.5882334023345435,DOWN,UP
2025-12-01,HDFC Bank,-1.2274212246913718,0.033585276595520706,-1.2610065012868925,DOWN,UP
2025-12-02,HDFC Bank,1.0810277166086735,0.047371305971856036,1.0336564106368173,UP,UP
2025-12-03,HDFC Bank,-0.32983386236569157,0.05021896806717969,-0.38005283043287125,DOWN,UP
2025-12-04,HDFC Bank,0.6117103400788082,0.04386534530095055,0.5678449947778577,UP,UP
2025-12-05,HDFC Bank,-0.019935434014217712,0.042641326235942065,-0.06257676025015978,DOWN,UP
2025-12-08,HDFC Bank,-0.5981457627386777,0.03870479937028176,-0.6368505621089595,DOWN,UP
2025-12-09,HDFC Bank,-0.7321219508283572,0.04559748627880804,-0.7777194371071652,DOWN,UP
2025-12-10,HDFC Bank,1.0608203808339711,0.04022012812230354,1.0206002527116675,UP,UP
2025-12-11,HDFC Bank,0.11996523259776293,0.05295633099056356,0.06700890160719937,UP,UP
2025-12-12,HDFC Bank,-0.5391936509298478,0.039091950657708485,-0.5782856015875564,DOWN,UP
2025-12-15,HDFC Bank,-0.18070352746570872,0.034785886848459575,-0.2154894143141683,DOWN,UP
2025-12-16,HDFC Bank,-1.0359034415590718,0.05879168765868572,-1.0946951292177576,DOWN,UP
2025-12-17,HDFC Bank,-0.43699062936674027,0.039095572831139,-0.4760862021978793,DOWN,UP
2025-12-18,HDFC Bank,0.5920167113097063,0.038347362929539955,0.5536693483801663,UP,UP
2025-12-19,HDFC Bank,0.22323817422944536,0.08944394706959827,0.1337942271598471,UP,UP
2025-12-22,HDFC Bank,0.9010796060454851,0.0427730409444606,0.8583065651010245,UP,UP
2025-12-23,HDFC Bank,0.06020837204423479,0.04327022918116179,0.016938142863073005,UP,UP
2025-12-24,HDFC Bank,-0.511435675758376,0.04337472472913016,-0.5548104004875062,DOWN,UP
2025-12-26,HDFC Bank,-0.04031482600028724,0.034785886848459575,-0.07510071284874681,DOWN,UP
2025-12-29,HDFC Bank,-0.08066832541309132,0.043021162322800864,-0.1236894877358922,DOWN,UP
2025-12-30,HDFC Bank,0.030274274455321937,0.0666381923703498,-0.03636391791502787,UP,UP
2025-12-31,HDFC Bank,-0.005043159034834321,0.03423245864455802,-0.03927561767939234,DOWN,UP
2026-01-01,HDFC Bank,1.0543258754448281,0.038432604414401834,1.0158932710304263,UP,UP
2026-01-02,HDFC Bank,-2.4061477808881793,0.05625744592448008,-2.4624052268126593,DOWN,UP
2026-01-05,HDFC Bank,-1.5652161425032007,-0.1295573209317522,-1.4356588215714485,DOWN,DOWN
2026-01-06,HDFC Bank,-1.3666622580787324,-0.01767885719127844,-1.348983400887454,DOWN,DOWN
2026-01-07,HDFC Bank,-0.24761346780082238,0.001324647655068436,-0.2489381154558908,DOWN,UP
2026-01-08,HDFC Bank,-0.8133529214899182,0.05698168855936453,-0.8703346100492828,DOWN,UP
2026-01-09,HDFC Bank,-0.21831605888911199,0.07085341108048979,-0.2891694699696018,DOWN,UP
2026-01-12,HDFC Bank,0.0426878033721545,0.05254966888608831,-0.00986186551393381,UP,UP
2026-01-13,HDFC Bank,-1.2695325853577466,0.050976429790642,-1.3205090151483887,DOWN,UP
2026-01-14,HDFC Bank,0.0,0.03972484662176282,-0.03972484662176282,UP,UP
2026-01-15,HDFC Bank,0.6105098389303842,2.151574467246928,-1.5410646283165437,UP,UP
2026-01-16,HDFC Bank,-0.3436742837267803,0.05626466382235159,-0.3999389475491319,DOWN,UP
2026-01-19,HDFC Bank,0.3556404468307628,0.04897075768007186,0.3066696891506909,UP,UP
2026-01-20,HDFC Bank,-1.1651671476440417,0.034338458603344196,-1.199505606247386,DOWN,UP
2026-01-21,HDFC Bank,-0.17927564759872006,0.05507774423762127,-0.23435339183634132,DOWN,UP
2026-01-22,HDFC Bank,-0.2830125815332707,0.05207912018839536,-0.335091701721666,DOWN,UP
2026-01-23,HDFC Bank,1.1243367648314573,0.045637892641671146,1.078698872189786,UP,UP
2026-01-27,HDFC Bank,0.6800504778649463,-0.013945826049416868,0.6939963039143632,UP,DOWN
2026-01-28,HDFC Bank,0.3002023969468137,0.05778455189609299,0.24241784505072073,UP,UP
2026-01-29,HDFC Bank,-0.668091929449488,0.039971114200839375,-0.7080630436503275,DOWN,UP
2026-01-30,HDFC Bank,-0.1237583442628365,0.05943236228468602,-0.1831907065475225,DOWN,UP
2026-02-02,HDFC Bank,2.219592410622373,0.031981479392626286,2.187610931229747,UP,UP
2026-02-03,HDFC Bank,0.4637886921357248,0.23006239096989603,0.2337263011658288,UP,UP
2026-02-04,HDFC Bank,-0.35672683516921877,0.05052149939140271,-0.4072483345606215,DOWN,UP
2026-02-05,HDFC Bank,-0.9055529652050698,0.04888664517431992,-0.9544396103793897,DOWN,UP
2026-02-06,HDFC Bank,-0.40909315543660174,0.0445007374628638,-0.45359389289946556,DOWN,UP
2026-02-09,HDFC Bank,-0.5174687208255646,0.040482747081142786,-0.5579514679067074,DOWN,UP
2026-02-10,HDFC Bank,-0.568430790363339,0.06321437329036453,-0.6316451636537035,DOWN,UP
2026-02-11,HDFC Bank,-0.7011110097259965,0.019196358281080742,-0.7203073680070773,DOWN,UP
2026-02-12,HDFC Bank,-1.8140290696017192,0.06741825848320931,-1.8814473280849284,DOWN,UP
2026-02-13,HDFC Bank,2.4228302674405455,-0.09988468336533927,2.522714950805885,UP,DOWN
2026-02-16,HDFC Bank,-0.01079883206477339,0.04290140941985222,-0.053700241484625606,DOWN,UP
2026-02-17,HDFC Bank,-0.10802635700692953,0.05234733361204609,-0.1603736906189756,DOWN,UP
2026-02-18,HDFC Bank,-0.98410689963917,0.034952255236950225,-1.0190591548761203,DOWN,UP
2026-02-19,HDFC Bank,-0.40956750764439276,0.03858959661020533,-0.4481571042545981,DOWN,UP
2026-02-20,HDFC Bank,1.2885891664853766,0.030392297536524965,1.2581968689488516,UP,UP
2026-02-23,HDFC Bank,-1.4183603218078211,0.14293657786596825,-1.5612968996737893,DOWN,UP
2026-02-24,HDFC Bank,-0.3185089966021293,0.031901427983833705,-0.350410424585963,DOWN,UP
2026-02-25,HDFC Bank,-0.9916262937523568,0.03892747038241257,-1.0305537641347693,DOWN,UP
2026-02-26,HDFC Bank,-1.2074311017939543,0.06282269340938412,-1.2702537952033384,DOWN,UP
2026-02-27,HDFC Bank,-0.9405773681709362,0.054875573558244906,-0.9954529417291811,DOWN,UP
2026-03-02,HDFC Bank,-1.222424346322104,0.05580180193768117,-1.2782261482597852,DOWN,UP
2026-03-04,HDFC Bank,1.0475997617194421,0.06531145408815059,0.9822883076312916,UP,UP
2026-03-05,HDFC Bank,-2.358303868644973,0.06130850539200379,-2.419612374036977,DOWN,UP
2026-03-06,HDFC Bank,-1.907703846778075,-0.014726273745658597,-1.8929775730324163,DOWN,DOWN
2026-03-09,HDFC Bank,1.0407993187759423,-0.17455929184440616,1.2153586106203484,UP,DOWN
2026-03-10,HDFC Bank,-1.8247100803175043,0.033186638591362436,-1.8578967189088667,DOWN,UP
2026-03-11,HDFC Bank,-0.1438949804503764,0.014207102434054512,-0.15810208288443092,DOWN,UP
2026-03-12,HDFC Bank,-1.8913239267487225,-0.030020114803208195,-1.8613038119455143,DOWN,DOWN
2026-03-13,HDFC Bank,2.888613902807524,-0.11119909670593359,2.9998129995134577,UP,DOWN
2026-03-16,HDFC Bank,0.5650725836256365,-0.1343903714353177,0.6994629550609542,UP,DOWN
2026-03-17,HDFC Bank,-0.27207521847676386,0.046054590203173706,-0.31812980867993756,DOWN,UP
2026-03-18,HDFC Bank,-5.319966340709026,0.044344379913636704,-5.364310720622663,DOWN,UP
2026-03-19,HDFC Bank,-2.223753411243512,0.7242459317923126,-2.9479993430358244,DOWN,UP
2026-03-20,HDFC Bank,-4.65116115384715,-0.2097960003020308,-4.441365153545119,DOWN,DOWN
2026-03-23,HDFC Bank,2.788416222432888,0.027904307190060474,2.7605119152428275,UP,UP
2026-03-24,HDFC Bank,2.274802304031187,-0.15155804135242312,2.4263603453836105,UP,DOWN
2026-03-25,HDFC Bank,-3.336312922561968,-0.13251204845099218,-3.203800874110976,DOWN,DOWN
2026-03-27,HDFC Bank,-3.259722826784861,-0.3881142592248856,-2.871608567559975,DOWN,DOWN
2026-03-30,HDFC Bank,1.462649495670476,-0.23679727060227854,1.6994467662727546,UP,DOWN
2026-04-01,HDFC Bank,1.1653788365190376,0.55311805730301,0.6122607792160276,UP,UP
2026-04-02,HDFC Bank,2.676784516237274,0.15460956892523955,2.5221749473120343,UP,UP
2026-04-06,HDFC Bank,0.12970168612191912,0.25018225977937175,-0.12048057365745263,UP,UP
2026-04-07,HDFC Bank,5.712432070717299,0.06291062615900567,5.649521444558293,UP,UP
2026-04-08,HDFC Bank,-2.2546212387392295,-0.3401057578897449,-1.9145154808494846,DOWN,DOWN
2026-04-09,HDFC Bank,1.5795380961668215,-0.4582979608910565,2.037836057057878,UP,DOWN
2026-04-10,HDFC Bank,-1.925209900154079,0.29351316031565594,-2.2187230604697348,DOWN,UP
2026-04-13,HDFC Bank,1.9126729550208443,-0.5147581000375157,2.42743105505836,UP,DOWN
2026-04-15,HDFC Bank,-1.784172338738399,0.22870966107151935,-2.0128819998099186,DOWN,UP
2026-04-16,HDFC Bank,0.5594332942034042,-0.0728771138533496,0.6323104080567538,UP,DOWN
2026-04-17,HDFC Bank,-0.5563210490324599,0.12703503896125246,-0.6833560879937124,DOWN,UP
2026-04-20,HDFC Bank,2.0491530005440906,0.12395477730146387,1.9251982232426266,UP,UP
2026-04-21,HDFC Bank,-1.4598060469279361,0.30644239531200523,-1.7662484422399414,DOWN,UP
2026-04-22,HDFC Bank,-1.9439990440699884,0.11657571946497557,-2.060574763534964,DOWN,UP
2026-04-23,HDFC Bank,0.06374705368308309,-0.12319787957122541,0.1869449332543085,UP,DOWN
2026-04-24,HDFC Bank,0.6306953380913027,-0.05031162063514971,0.6810069587264524,UP,DOWN
2026-04-27,HDFC Bank,-0.917953926570636,-0.014631303150177728,-0.9033226234204583,DOWN,DOWN
2026-04-28,HDFC Bank,-0.4536435816682838,-0.0005062364879430234,-0.45313734518034077,DOWN,DOWN
2026-04-29,HDFC Bank,-0.9370972776596598,0.06310627233361811,-1.000203549993278,DOWN,UP
2026-04-30,HDFC Bank,0.0,0.015482480937569576,-0.015482480937569576,UP,UP
2026-05-01,HDFC Bank,0.9977986374536396,1.7531151886542358,-0.7553165512005962,UP,UP
2026-05-04,HDFC Bank,-0.9109618166141864,0.07775218961579683,-0.9887140062299833,DOWN,UP
2026-05-05,HDFC Bank,3.1399715632911107,-0.027800671710401795,3.1677722350015127,UP,DOWN
2026-05-06,HDFC Bank,-0.0627706995998345,0.09278657878441723,-0.15555727838425173,DOWN,UP
2026-05-07,HDFC Bank,-1.909429362491788,0.0011705502847742658,-1.9105999127765623,DOWN,UP
2026-05-08,HDFC Bank,-2.202721612300551,-0.2544278456011975,-1.9482937666993536,DOWN,DOWN
2026-05-11,HDFC Bank,-1.728542105025066,-0.03928954147128656,-1.6892525635537794,DOWN,DOWN
2026-05-12,HDFC Bank,-0.11327025215095432,-0.058314629312879,-0.05495562283807532,DOWN,DOWN
2026-05-13,HDFC Bank,2.661421138846354,0.02757109175601807,2.633850047090336,UP,UP
2026-05-14,HDFC Bank,-0.26638786634874956,0.07323693636958024,-0.3396248027183298,DOWN,UP
2026-05-15,HDFC Bank,0.1498403145358207,0.027082260353277904,0.12275805418254279,UP,UP
2026-05-18,HDFC Bank,-0.8066105522806066,0.06434314972010276,-0.8709537020007094,DOWN,UP
2026-05-19,HDFC Bank,-0.3869122119221968,0.06415716206131838,-0.4510693739835152,DOWN,UP
2026-05-20,HDFC Bank,-0.046079734817316975,0.04428185021622693,-0.09036158503354391,DOWN,UP
2026-05-21,HDFC Bank,1.0077011305915207,0.050771265791391886,0.9569298648001288,UP,UP
2026-05-22,HDFC Bank,2.614761099654861,0.05015599692121828,2.5646051027336427,UP,UP
2026-05-25,HDFC Bank,-1.0103515814377406,0.1638996640393608,-1.1742512454771015,DOWN,UP
2026-05-26,HDFC Bank,-2.599820177850598,0.05284396532071665,-2.6526641431713145,DOWN,UP
2026-05-27,HDFC Bank,0.0,-0.28453377870346325,0.28453377870346325,UP,DOWN
2026-05-28,HDFC Bank,-1.8585693227893607,1.6748165922853824,-3.533385915074743,DOWN,UP
2026-05-29,HDFC Bank,-0.24846895658695578,-0.2279755695459455,-0.02049338704101028,DOWN,DOWN
2026-06-01,HDFC Bank,0.7472718058097572,-0.010186364119786535,0.7574581699295437,UP,DOWN
2026-06-02,HDFC Bank,0.7216871919896395,0.020737274933604475,0.700949917056035,UP,UP
2026-06-03,HDFC Bank,0.07297655080638066,0.06976017440317332,0.0032163764032073355,UP,UP
2026-06-04,HDFC Bank,-0.9480276184482217,0.04614927207039456,-0.9941768905186162,DOWN,UP
2026-06-05,HDFC Bank,-1.1244178456815912,0.04417556539258055,-1.1685934110741718,DOWN,UP
2026-06-08,HDFC Bank,-0.04062124391900346,0.058050751203522315,-0.09867199512252578,DOWN,UP
2026-06-09,HDFC Bank,1.1512155862475115,0.043309311173551,1.1079062750739606,UP,UP
2026-06-10,HDFC Bank,-0.3012653241683205,0.10204434493240243,-0.40330966910072297,DOWN,UP
2026-06-11,HDFC Bank,3.7402682694393175,0.04083938065015667,3.6994288887891607,UP,UP
2026-06-12,HDFC Bank,0.6343405141397085,0.1360681506038267,0.4982723635358818,UP,UP
2026-06-15,HDFC Bank,0.9712547842346098,0.07275281060031445,0.8985019736342953,UP,UP
2026-06-16,HDFC Bank,0.28028425321011685,0.03997882092926584,0.240305432280851,UP,UP
2026-06-17,HDFC Bank,1.5118821983451047,0.047241156229786495,1.4646410421153182,UP,UP
2026-06-18,HDFC Bank,-2.403005282482007,0.14810516362937157,-2.5511104461113785,DOWN,UP
2026-06-19,HDFC Bank,0.8463755737895706,-0.03920328507591885,0.8855788588654895,UP,DOWN
2026-06-22,HDFC Bank,-1.4941505131252697,0.044103845835762746,-1.5382543589610325,DOWN,UP
2026-06-23,HDFC Bank,2.394628181545566,0.02756364531162495,2.3670645362339413,UP,UP
2026-06-24,HDFC Bank,0.3908189029538711,0.04971740458810245,0.34110149836576864,UP,UP
2026-06-25,HDFC Bank,0.0,0.03206605386869191,-0.03206605386869191,UP,UP
2026-06-26,HDFC Bank,0.32651471316733627,1.7676600366588207,-1.4411453234914844,UP,UP
2026-06-29,HDFC Bank,-0.11891503041673301,0.004732388407167449,-0.12364741882390046,DOWN,UP
2026-06-30,HDFC Bank,-0.22557651048719096,-0.07785654728796294,-0.14771996319922803,DOWN,DOWN
2026-07-01,HDFC Bank,-0.03140111691687375,0.04292501018529896,-0.0743261271021727,DOWN,UP
2026-07-02,HDFC Bank,0.6470615932820944,0.047033202750009925,0.6000283905320846,UP,UP
2026-07-03,HDFC Bank,3.595279724342504,0.05208285862570948,3.5431968657167943,UP,UP
2026-07-06,HDFC Bank,-0.06627556897623732,-0.20848532794459065,0.14220975896835333,DOWN,DOWN
2026-07-07,HDFC Bank,-2.2910889038555315,0.06177956133818755,-2.352868465193719,DOWN,UP
2026-07-08,HDFC Bank,0.8947303602641066,0.0001723662193141113,0.8945579940447924,UP,UP
2026-07-09,HDFC Bank,0.9051464160667821,0.06693138294135269,0.8382150331254294,UP,UP
2026-07-10,HDFC Bank,-0.8485362623697035,0.049753316626578024,-0.8982895789962815,DOWN,UP
2026-07-13,HDFC Bank,-1.0452946592541479,0.043240814451257936,-1.0885354737054058,DOWN,UP
2026-07-14,HDFC Bank,0.7474657289945563,0.040784653864269486,0.7066810751302869,UP,UP
2026-07-15,HDFC Bank,-0.8768194625089043,0.04811094260903344,-0.9249304051179378,DOWN,UP
2026-07-16,HDFC Bank,1.3979943045431487,0.006222315574049771,1.391771988969099,UP,UP
2026-07-17,HDFC Bank,-5.1244511043297525,0.12262992483893691,-5.247081029168689,DOWN,UP
2026-07-20,HDFC Bank,-2.076898647886005,0.05908706262801724,-2.1359857105140225,DOWN,UP
2026-07-21,HDFC Bank,-1.0900239884311769,-0.1349865156524898,-0.955037472778687,DOWN,DOWN
2026-07-22,HDFC Bank,-0.7833797016275179,0.03029620100532926,-0.8136759026328472,DOWN,UP
2026-07-23,HDFC Bank,-0.5955185288767151,0.042330480890298346,-0.6378490097670134,DOWN,UP
2026-07-24,HDFC Bank,-0.43753366362545565,0.02582956570766106,-0.4633632293331167,DOWN,UP
2026-07-27,HDFC Bank,-0.5611471093780906,0.035767036204155105,-0.5969141455822458,DOWN,UP
2026-07-28,HDFC Bank,1.7405476431915146,0.03943778811461349,1.701109855076901,UP,UP
2026-07-29,HDFC Bank,0.7685110807521545,0.14564788061588138,0.622863200136273,UP,UP
2026-07-30,HDFC Bank,-0.7692801510793101,0.03346087659758934,-0.8027410276768995,DOWN,UP
2026-07-31,HDFC Bank,0.6482624377023738,0.026995885245495583,0.6212665524568782,UP,UP
2026-08-03,HDFC Bank,-1.4608233731739695,0.042894903513002486,-1.5037182766869719,DOWN,UP
2026-08-04,HDFC Bank,-0.9433962264150941,0.026247551072176627,-0.9696437774872707,DOWN,UP
2026-08-05,HDFC Bank,-0.09523975605867374,0.09246904840274944,-0.18770880446142318,DOWN,UP
2026-08-06,HDFC Bank,-0.44940594414106805,0.038380633911788815,-0.48778657805285686,DOWN,UP
2026-08-07,HDFC Bank,0.0,0.040407325784609815,-0.040407325784609815,UP,UP
2026-08-10,HDFC Bank,-0.2735978112175075,0.03307065259965465,-0.3066684638171621,DOWN,UP
2026-08-11,HDFC Bank,0.0,0.04078899533005113,-0.04078899533005113,UP,UP
2026-08-12,HDFC Bank,-0.5486968449931462,0.030817619986295425,-0.5795144649794416,DOWN,UP
2026-08-13,HDFC Bank,0.2758620689655267,0.05629993538972553,0.21956213357580115,UP,UP
2026-08-14,HDFC Bank,0.27510316368637433,0.04342470001538775,0.23167846367098657,UP,UP
2026-08-17,HDFC Bank,-0.8230452674897082,0.05294778014734324,-0.8759930476370514,DOWN,UP
2026-08-18,HDFC Bank,-0.4149377593360981,0.045406509798496246,-0.46034426913459436,DOWN,UP
2026-08-19,HDFC Bank,0.7013871934678839,0.0474817500985098,0.6539054433693741,UP,UP
2026-08-20,HDFC Bank,0.2620542646785129,0.04653309108250648,0.21552117359600642,UP,UP
2026-08-21,HDFC Bank,0.281998453613741,0.03719886395598797,0.244799589657753,UP,UP
2026-08-24,HDFC Bank,-0.2057613168724326,0.025580347508578582,-0.23134166438101117,DOWN,UP
2026-08-25,HDFC Bank,-0.04123543545961894,0.04757166448453187,-0.08880709994415081,DOWN,UP
2026-08-26,HDFC Bank,-2.2277244135165297,0.043352435666098865,-2.2710768491826285,DOWN,UP
2026-08-27,HDFC Bank,1.3080151607550938,-0.35002620473741364,1.6580413654925075,UP,DOWN
2026-08-28,HDFC Bank,-1.5687891134903986,0.14754202303905373,-1.7163311365294525,DOWN,UP
2026-08-31,HDFC Bank,0.4090302417577574,0.4386791335742537,-0.029648891816496326,UP,UP
2026-09-01,HDFC Bank,-1.5592128445605535,0.08339188958190671,-1.6426047341424603,DOWN,UP
2026-09-02,HDFC Bank,0.8347655141258237,0.037527138206134514,0.7972383759196892,UP,UP
2025-09-22,Hindustan Unilever,-1.943861322958984,0.014100930308078219,-1.9579622532670622,DOWN,UP
2025-09-23,Hindustan Unilever,1.082390347975415,-0.05885615922599952,1.1412465072014144,UP,DOWN
2025-09-24,Hindustan Unilever,-0.43929990868307733,0.026286825233357614,-0.46558673391643496,DOWN,UP
2025-09-25,Hindustan Unilever,-1.0440058105910088,-0.0006003256679189663,-1.0434054849230898,DOWN,DOWN
2025-09-26,Hindustan Unilever,-0.5533938296903851,0.004330450115191302,-0.5577242798055764,DOWN,UP
2025-09-29,Hindustan Unilever,0.660554891912124,0.0031219465992264827,0.6574329453128975,UP,UP
2025-09-30,Hindustan Unilever,0.8670080207927366,0.0199526474838771,0.8470553733088595,UP,UP
2025-10-01,Hindustan Unilever,0.3430309651987429,0.008334821053170204,0.3346961441455727,UP,UP
2025-10-03,Hindustan Unilever,-0.12180650063171594,-0.03084720744822282,-0.09095929318349312,DOWN,DOWN
2025-10-06,Hindustan Unilever,-0.9678219050940573,0.00220690018043113,-0.9700288052744884,DOWN,UP
2025-10-07,Hindustan Unilever,-0.6793204293391253,0.0001762792843364272,-0.6794967086234617,DOWN,UP
2025-10-08,Hindustan Unilever,0.6999719737784016,0.00019476838155944233,0.6997772053968422,UP,UP
2025-10-09,Hindustan Unilever,0.4488323899422886,0.024982192833794506,0.4238501971084941,UP,UP
2025-10-10,Hindustan Unilever,-1.4274923844225018,0.011284038241472555,-1.4387764226639743,DOWN,UP
2025-10-13,Hindustan Unilever,0.38109755351078967,0.030929964925284152,0.3501675885855055,UP,UP
2025-10-14,Hindustan Unilever,0.667384040522867,0.00417432533248419,0.6632097151903829,UP,UP
2025-10-15,Hindustan Unilever,1.6871774513695925,0.01068938019057529,1.6764880711790173,UP,UP
2025-10-16,Hindustan Unilever,1.6474702780353345,0.09143596481372138,1.5560343132216132,UP,UP
2025-10-17,Hindustan Unilever,-0.35718588940861773,0.10446048300872934,-0.4616463724173471,DOWN,UP
2025-10-20,Hindustan Unilever,-0.10406842713167608,-0.003272485629207425,-0.10079594150246865,DOWN,DOWN
2025-10-21,Hindustan Unilever,0.38199431534882144,-0.04744163415044857,0.42943594949927,UP,DOWN
2025-10-23,Hindustan Unilever,-3.274915133546308,0.0054078031592748686,-3.280322936705583,DOWN,UP
2025-10-24,Hindustan Unilever,-0.1827950124835387,0.2952166901593777,-0.47801170264291637,DOWN,UP
2025-10-27,Hindustan Unilever,-0.5852357228328442,0.027338448341825125,-0.6125741711746693,DOWN,UP
2025-10-28,Hindustan Unilever,-0.36041807088339484,-0.001781954686019127,-0.35863611619737573,DOWN,DOWN
2025-10-29,Hindustan Unilever,-0.7435392176314282,0.014356058213449182,-0.7578952758448774,DOWN,UP
2025-10-30,Hindustan Unilever,-0.16602273623738117,0.004116871608321174,-0.17013960784570234,DOWN,UP
2025-10-31,Hindustan Unilever,-0.22307848306631906,0.004129640169498079,-0.22720812323581713,DOWN,UP
2025-11-03,Hindustan Unilever,-0.5813027978912588,0.006949159214910077,-0.588251957106169,DOWN,UP
2025-11-04,Hindustan Unilever,-0.3966124776355828,0.010889408040435214,-0.407501885676018,DOWN,UP
2025-11-06,Hindustan Unilever,-0.9031198686371145,0.00154502376975018,-0.9046648924068647,DOWN,UP
2025-11-07,Hindustan Unilever,-0.21540808499896924,0.0059304207126770585,-0.2213385057116463,DOWN,UP
2025-11-10,Hindustan Unilever,0.7763181166063449,0.010986784959718192,0.7653313316466267,UP,UP
2025-11-11,Hindustan Unilever,-0.12358393408856694,0.007381746434314008,-0.13096568052288093,DOWN,UP
2025-11-12,Hindustan Unilever,-0.6970469104454535,0.01678103561863755,-0.7138279460640911,DOWN,UP
2025-11-13,Hindustan Unilever,0.8348501703082656,0.016805360617531594,0.818044809690734,UP,UP
2025-11-14,Hindustan Unilever,-0.11121436858668732,0.004840461047058,-0.11605482963374532,DOWN,UP
2025-11-17,Hindustan Unilever,-0.8659793814432937,0.011686546748742786,-0.8776659281920365,DOWN,UP
2025-11-18,Hindustan Unilever,1.5640639624064034,0.014546701543383968,1.5495172608630194,UP,UP
2025-11-19,Hindustan Unilever,-0.5406370734163723,0.0910706811662664,-0.6317077545826387,DOWN,UP
2025-11-20,Hindustan Unilever,0.21825271953805903,-0.009929818197485089,0.22818253773554412,UP,DOWN
2025-11-21,Hindustan Unilever,-0.3903521465505877,-0.007044911869411921,-0.3833072346811758,DOWN,DOWN
2025-11-24,Hindustan Unilever,-0.4166262568705448,0.007044242306631135,-0.4236704991771759,DOWN,UP
2025-11-25,Hindustan Unilever,0.4597925962722682,-0.0016763444409574146,0.46146894071322564,UP,DOWN
2025-11-26,Hindustan Unilever,1.0926934081123996,0.030043934410033425,1.0626494737023662,UP,UP
2025-11-27,Hindustan Unilever,0.6077475539881139,-0.015701605435611322,0.6234491594237251,UP,DOWN
2025-11-28,Hindustan Unilever,-0.08514139192021819,0.004453950612727824,-0.08959534253294602,DOWN,UP
2025-12-01,Hindustan Unilever,0.5396651989501011,-0.0038343456722526076,0.5434995446223537,UP,DOWN
2025-12-02,Hindustan Unilever,-1.202681743517553,0.018004763621032358,-1.2206865071385853,DOWN,UP
2025-12-03,Hindustan Unilever,0.5800633648641806,0.035407265014549286,0.5446560998496314,UP,UP
2025-12-04,Hindustan Unilever,-5.019895051853851,0.031255894344338134,-5.051150946198189,DOWN,UP
2025-12-05,Hindustan Unilever,-1.0519155318989504,0.7911695370897468,-1.8430850689886973,DOWN,UP
2025-12-08,Hindustan Unilever,-0.3241140881590332,0.01767752747476187,-0.34179161563379507,DOWN,UP
2025-12-09,Hindustan Unilever,-0.2081096391990056,0.02507193206300811,-0.23318157126201372,DOWN,UP
2025-12-10,Hindustan Unilever,0.16944634692237504,-0.016278592044105738,0.18572493896648076,UP,DOWN
2025-12-11,Hindustan Unilever,-1.9517695217719955,0.02200498662285633,-1.973774508394852,DOWN,UP
2025-12-12,Hindustan Unilever,1.45536144928331,0.021105668744297944,1.4342557805390121,UP,UP
2025-12-15,Hindustan Unilever,-0.5406541244277308,0.23349844442377862,-0.7741525688515094,DOWN,UP
2025-12-16,Hindustan Unilever,-0.24111173401163422,-0.013406618157453759,-0.22770511585418046,DOWN,DOWN
2025-12-17,Hindustan Unilever,-0.4438432599230713,0.009276361621939223,-0.4531196215450105,DOWN,UP
2025-12-18,Hindustan Unilever,0.6400353122930857,-0.008149445136182614,0.6481847574292684,UP,DOWN
2025-12-19,Hindustan Unilever,0.4166666666666652,0.05767828096695589,0.3589883856997093,UP,UP
2025-12-22,Hindustan Unilever,0.5721815966914123,0.05139067064651113,0.5207909260449012,UP,UP
2025-12-23,Hindustan Unilever,-0.8859613315025827,0.040641291561451603,-0.9266026230640343,DOWN,UP
2025-12-24,Hindustan Unilever,0.14021344493639898,0.0024373556965158073,0.13777608923988316,UP,UP
2025-12-26,Hindustan Unilever,0.34567895431663054,0.03977999199611238,0.30589896232051816,UP,UP
2025-12-29,Hindustan Unilever,-0.13518063882805853,0.03342402125124818,-0.16860466007930672,DOWN,UP
2025-12-30,Hindustan Unilever,1.1221706278844668,-0.0008634193147580026,1.1230340471992248,UP,DOWN
2025-12-31,Hindustan Unilever,0.3065805067423044,0.0683552986460421,0.2382252080962623,UP,UP
2026-01-01,Hindustan Unilever,1.076194575979339,0.03526083863724054,1.0409337373420984,UP,UP
2026-01-02,Hindustan Unilever,1.5374828644058702,0.039134663625966445,1.4983482007799038,UP,UP
2026-01-05,Hindustan Unilever,1.7029424878400645,0.14547543858669237,1.5574670492533722,UP,UP
2026-01-06,Hindustan Unilever,-1.0434300877474434,0.14315263811842216,-1.1865827258658657,DOWN,UP
2026-01-07,Hindustan Unilever,-0.5292969779430945,0.012945049418357325,-0.5422420273614518,DOWN,UP
2026-01-08,Hindustan Unilever,-0.5907677464317196,-0.007761285339253882,-0.5830064610924657,DOWN,DOWN
2026-01-09,Hindustan Unilever,1.416161684761641,-0.0025097998255622905,1.4186714845872033,UP,DOWN
2026-01-12,Hindustan Unilever,-0.6940383804655004,0.13604447306489295,-0.8300828535303933,DOWN,UP
2026-01-13,Hindustan Unilever,-1.5065913370998163,0.0023656409954002306,-1.5089569780952166,DOWN,UP
2026-01-14,Hindustan Unilever,0.0,0.030796923154971827,-0.030796923154971827,UP,UP
2026-01-15,Hindustan Unilever,0.29317622025706314,1.1204961752199052,-0.827319954962842,UP,UP
2026-01-16,Hindustan Unilever,2.2665650827589534,0.00564636569349253,2.260918717065461,UP,UP
2026-01-19,Hindustan Unilever,-1.4416424083580015,0.10460110883389834,-1.5462435171918998,DOWN,UP
2026-01-20,Hindustan Unilever,-0.46656707160767086,0.015589437794778907,-0.48215650940244975,DOWN,UP
2026-01-21,Hindustan Unilever,0.9543960158889364,0.005418481609304337,0.948977534279632,UP,UP
2026-01-22,Hindustan Unilever,0.7905923856641461,0.005114498307626709,0.7854778873565195,UP,UP
2026-01-23,Hindustan Unilever,-0.35692457589748816,0.03890019214201518,-0.39582476803950334,DOWN,UP
2026-01-27,Hindustan Unilever,-0.9371486074049029,0.02392188630230923,-0.9610704937072121,DOWN,UP
2026-01-28,Hindustan Unilever,-1.0847546984035783,0.012997640092852505,-1.0977523384964307,DOWN,UP
2026-01-29,Hindustan Unilever,0.8671215462446424,0.017963921724807885,0.8491576245198346,UP,UP
2026-01-30,Hindustan Unilever,-0.6616077190002123,0.02478607531088292,-0.6863937943110953,DOWN,UP
2026-02-02,Hindustan Unilever,0.47936404335724436,0.021282190529825388,0.458081852827419,UP,UP
2026-02-03,Hindustan Unilever,0.10132155048565572,0.028879553592458154,0.07244199689319757,UP,UP
2026-02-04,Hindustan Unilever,-0.7001306476697611,-0.003962189838256629,-0.6961684578315045,DOWN,DOWN
2026-02-05,Hindustan Unilever,2.96466410649443,-0.005262026228233678,2.9699261327226636,UP,DOWN
2026-02-06,Hindustan Unilever,0.4455098195552898,-0.003545044189093108,0.4490548637443829,UP,DOWN
2026-02-09,Hindustan Unilever,0.7638643801334721,-0.004513772282762199,0.7683781524162343,UP,DOWN
2026-02-10,Hindustan Unilever,0.3790269121844103,0.0059764253594171,0.3730504868249932,UP,UP
2026-02-11,Hindustan Unilever,-2.1600533225588525,-0.002179939834131954,-2.1578733827247207,DOWN,DOWN
2026-02-12,Hindustan Unilever,-4.336639503568895,0.28680844218096097,-4.623447945749856,DOWN,UP
2026-02-13,Hindustan Unilever,0.5986486691147874,0.40748481305562967,0.19116385605915776,UP,UP
2026-02-16,Hindustan Unilever,-0.2889155313443248,0.0782044646291809,-0.3671199959735057,DOWN,UP
2026-02-17,Hindustan Unilever,0.4843640935591864,-0.023810337849887574,0.508174431409074,UP,DOWN
2026-02-18,Hindustan Unilever,-1.9023004593016979,0.04148780316315299,-1.9437882624648508,DOWN,UP
2026-02-19,Hindustan Unilever,1.5443316113634475,0.001264943540540474,1.543066667822907,UP,UP
2026-02-20,Hindustan Unilever,1.3350573490494622,0.1605942752537729,1.1744630737956894,UP,UP
2026-02-23,Hindustan Unilever,0.5628121370393702,0.16221580950921863,0.4005963275301515,UP,UP
2026-02-24,Hindustan Unilever,0.6910796240404249,0.001387094754581252,0.6896925292858437,UP,UP
2026-02-25,Hindustan Unilever,0.3537052856874112,0.004248562874630105,0.3494567228127811,UP,UP
2026-02-26,Hindustan Unilever,-1.8965279337823993,-0.006722965312718293,-1.889804968469681,DOWN,DOWN
2026-02-27,Hindustan Unilever,-0.748470949449187,-0.04336476021556448,-0.7051061892336226,DOWN,DOWN
2026-03-02,Hindustan Unilever,-2.5553756068534383,-0.008743100380328233,-2.54663250647311,DOWN,DOWN
2026-03-04,Hindustan Unilever,-0.2786029581253402,0.0006837519960105808,-0.27928671012135076,DOWN,UP
2026-03-05,Hindustan Unilever,-1.2993369768569796,0.02574415882906479,-1.3250811356860444,DOWN,UP
2026-03-06,Hindustan Unilever,-1.3973066539921697,0.10868365005517912,-1.5059903040473488,DOWN,UP
2026-03-09,Hindustan Unilever,-0.2004987828568061,0.0930970796635271,-0.2935958625203332,DOWN,UP
2026-03-10,Hindustan Unilever,-1.314950665244763,0.048086651165546855,-1.3630373164103098,DOWN,UP
2026-03-11,Hindustan Unilever,-1.1335246186248593,0.06601018944696899,-1.1995348080718282,DOWN,UP
2026-03-12,Hindustan Unilever,1.081009813838918,0.14324563461677367,0.9377641792221443,UP,UP
2026-03-13,Hindustan Unilever,0.7268495912905015,0.1963925191032206,0.530457072187281,UP,UP
2026-03-16,Hindustan Unilever,-0.8043388515302508,0.07618402424923836,-0.8805228757794891,DOWN,UP
2026-03-17,Hindustan Unilever,-1.0610649088058643,0.07856263089201058,-1.139627539697875,DOWN,UP
2026-03-18,Hindustan Unilever,-2.7162458986422555,0.13290471124800396,-2.8491506098902595,DOWN,UP
2026-03-19,Hindustan Unilever,0.25994811615184243,-0.2766927298768417,0.5366408460286841,UP,DOWN
2026-03-20,Hindustan Unilever,-1.4644452256715401,0.1547463557941283,-1.6191915814656683,DOWN,UP
2026-03-23,Hindustan Unilever,1.598287184901026,0.0778968735419637,1.5203903113590624,UP,UP
2026-03-24,Hindustan Unilever,2.388491550509597,0.21347354518153963,2.1750180053280577,UP,UP
2026-03-25,Hindustan Unilever,-2.829311649937938,0.27048063435920366,-3.0997922842971413,DOWN,UP
2026-03-27,Hindustan Unilever,-0.925566528911903,-0.11676306046788713,-0.808803468444016,DOWN,DOWN
2026-03-30,Hindustan Unilever,0.4622421285375822,0.09539306790376946,0.36684906063381273,UP,UP
2026-04-01,Hindustan Unilever,0.02906464234231354,0.22106467153310075,-0.1920000291907872,UP,UP
2026-04-02,Hindustan Unilever,0.9441727370831376,0.1624121593689418,0.7817605777141958,UP,UP
2026-04-06,Hindustan Unilever,1.2375310928560035,0.12769428746638825,1.1098368053896153,UP,UP
2026-04-07,Hindustan Unilever,1.6582961423562192,0.10947994964627437,1.5488161927099449,UP,UP
2026-04-08,Hindustan Unilever,-0.57793372110303,0.1313151382023555,-0.7092488593053855,DOWN,UP
2026-04-09,Hindustan Unilever,1.0360068517772714,0.08513350676249072,0.9508733450147806,UP,UP
2026-04-10,Hindustan Unilever,-1.3037673186862553,0.08801764530680437,-1.3917849639930597,DOWN,UP
2026-04-13,Hindustan Unilever,1.4291156065337152,0.10159423079615715,1.327521375737558,UP,UP
2026-04-15,Hindustan Unilever,-0.8574341473239655,0.2816262434705279,-1.1390603907944934,DOWN,UP
2026-04-16,Hindustan Unilever,4.754333435976399,0.12199503138280815,4.6323384045935905,UP,UP
2026-04-17,Hindustan Unilever,-0.41503251630991,0.34953914053080626,-0.7645716568407163,DOWN,UP
2026-04-20,Hindustan Unilever,3.5491799763331944,0.03442146402998624,3.5147585123032083,UP,UP
2026-04-21,Hindustan Unilever,2.5143938583105374,0.3155482307291148,2.1988456275814228,UP,UP
2026-04-22,Hindustan Unilever,-0.10132330441154913,0.1683685376522763,-0.26969184206382546,DOWN,UP
2026-04-23,Hindustan Unilever,-1.6522927285831712,-0.011208565732467885,-1.6410841628507034,DOWN,DOWN
2026-04-24,Hindustan Unilever,0.04296824556435652,0.19252453758255023,-0.1495562920181937,UP,UP
2026-04-27,Hindustan Unilever,-1.6664539799178257,0.01906546305361152,-1.6855194429714373,DOWN,UP
2026-04-28,Hindustan Unilever,1.0875694406529801,0.12479319672696447,0.9627762439260157,UP,UP
2026-04-29,Hindustan Unilever,-2.743691785317426,0.06824816886744237,-2.811939954184868,DOWN,UP
2026-04-30,Hindustan Unilever,0.0,0.6490507366744527,-0.6490507366744527,UP,UP
2026-05-01,Hindustan Unilever,2.59452436883425,0.8514437385876896,1.7430806302465605,UP,UP
2026-05-04,Hindustan Unilever,0.7837809350417668,0.2172995368464561,0.5664813981953107,UP,UP
2026-05-05,Hindustan Unilever,-0.4425455495262298,0.058753883070054566,-0.5012994325962844,DOWN,UP
2026-05-06,Hindustan Unilever,-1.9377732765965328,0.034319810195328725,-1.9720930867918616,DOWN,UP
2026-05-07,Hindustan Unilever,0.6821582753756328,0.07635026577338822,0.6058080096022446,UP,UP
2026-05-08,Hindustan Unilever,0.8523845091665594,0.08650058594179864,0.7658839232247607,UP,UP
2026-05-11,Hindustan Unilever,-1.959082529839562,0.07276379480156867,-2.0318463246411307,DOWN,UP
2026-05-12,Hindustan Unilever,0.23430808258730895,0.09551511682369745,0.1387929657636115,UP,UP
2026-05-13,Hindustan Unilever,-0.8203633068267102,0.06376328688425117,-0.8841265937109614,DOWN,UP
2026-05-14,Hindustan Unilever,1.0450482727921706,0.049673416909168176,0.9953748558830025,UP,UP
2026-05-15,Hindustan Unilever,-0.7921838036620277,0.1437016653294765,-0.9358854689915042,DOWN,UP
2026-05-18,Hindustan Unilever,-0.9449050345800902,0.020111159942485392,-0.9650161945225756,DOWN,UP
2026-05-19,Hindustan Unilever,-1.0569149781794351,0.03596809227969048,-1.0928830704591257,DOWN,UP
2026-05-20,Hindustan Unilever,-1.371477307674751,0.04249568146380744,-1.4139729891385584,DOWN,UP
2026-05-21,Hindustan Unilever,1.1289627194240426,0.05424776300899123,1.0747149564150513,UP,UP
2026-05-22,Hindustan Unilever,-0.32220445369383066,0.12906316240344062,-0.4512676160972713,DOWN,UP
2026-05-25,Hindustan Unilever,0.5872935280559988,0.0036842377984662032,0.5836092902575326,UP,UP
2026-05-26,Hindustan Unilever,-0.49787274763302136,0.06337470789097181,-0.5612474555239931,DOWN,UP
2026-05-27,Hindustan Unilever,0.0,0.01407435235187642,-0.01407435235187642,UP,UP
2026-05-28,Hindustan Unilever,-2.042390117279458,0.9541271544347495,-2.9965172717142075,DOWN,UP
2026-05-29,Hindustan Unilever,-3.213371310511959,0.1795412753515283,-3.392912585863487,DOWN,UP
2026-06-01,Hindustan Unilever,0.45098604440541035,-0.007339927309451187,0.45832597171486156,UP,DOWN
2026-06-02,Hindustan Unilever,-0.14805624434819364,0.173296132279347,-0.3213523766275407,DOWN,UP
2026-06-03,Hindustan Unilever,-0.5357406863730874,0.15370041818785518,-0.6894411045609425,DOWN,UP
2026-06-04,Hindustan Unilever,2.0246272787066033,0.11482259715707054,1.9098046815495329,UP,UP
2026-06-05,Hindustan Unilever,-0.5373510414211635,0.2436242234045047,-0.7809752648256683,DOWN,UP
2026-06-08,Hindustan Unilever,1.0757760353211854,0.16359618022580544,0.9121798550953799,UP,UP
2026-06-09,Hindustan Unilever,1.72074035688623,0.16369370754440343,1.5570466493418267,UP,UP
2026-06-10,Hindustan Unilever,-1.3689767767630756,0.20096876764437716,-1.5699455444074528,DOWN,UP
2026-06-11,Hindustan Unilever,1.3552668164430681,0.17166034645881229,1.183606469984256,UP,UP
2026-06-12,Hindustan Unilever,-0.5855750131846915,0.27406303030117796,-0.8596380434858695,DOWN,UP
2026-06-15,Hindustan Unilever,2.031436515174412,0.07758018945543216,1.9538563257189796,UP,UP
2026-06-16,Hindustan Unilever,-0.10454133322383985,0.26167572997283783,-0.3662170631966777,DOWN,UP
2026-06-17,Hindustan Unilever,0.9510330094196773,0.07247943220701704,0.8785535772126603,UP,UP
2026-06-18,Hindustan Unilever,-1.077300083107957,0.0920130783823708,-1.1693131614903278,DOWN,UP
2026-06-19,Hindustan Unilever,-0.4420028652536434,0.051199712794679594,-0.493202578048323,DOWN,UP
2026-06-22,Hindustan Unilever,-1.1350545011648894,0.019444256927786722,-1.154498758092676,DOWN,UP
2026-06-23,Hindustan Unilever,-0.10647880765435325,0.07312256552038263,-0.17960137317473587,DOWN,UP
2026-06-24,Hindustan Unilever,0.7600288243879039,0.048207853194993155,0.7118209711929107,UP,UP
2026-06-25,Hindustan Unilever,0.0,0.07810695438695295,-0.07810695438695295,UP,UP
2026-06-26,Hindustan Unilever,-1.0532565016114104,0.7717081330765261,-1.8249646346879365,DOWN,UP
2026-06-29,Hindustan Unilever,-1.5386090691663634,0.10743822162414338,-1.6460472907905068,DOWN,UP
2026-06-30,Hindustan Unilever,3.011993687981551,0.1889504878648809,2.82304320011667,UP,UP
2026-07-01,Hindustan Unilever,1.3107285818629633,0.06945187439257465,1.2412767074703885,UP,UP
2026-07-02,Hindustan Unilever,-0.4252305287754776,0.23811069604942492,-0.6633412248249025,DOWN,UP
2026-07-03,Hindustan Unilever,0.03634603152244953,0.05835633610967701,-0.022010304587227483,UP,UP
2026-07-06,Hindustan Unilever,0.3088123900147677,0.023564435202878244,0.2852479548118894,UP,UP
2026-07-07,Hindustan Unilever,-3.3049618972405437,0.03943975326831912,-3.3444016505088627,DOWN,UP
2026-07-08,Hindustan Unilever,0.40733921589002353,-0.08466581705892012,0.49200503294894365,UP,DOWN
2026-07-09,Hindustan Unilever,0.2844531432151909,0.11179568497383005,0.17265745824136083,UP,UP
2026-07-10,Hindustan Unilever,-0.9299729885531183,0.06777945703461066,-0.9977524455877289,DOWN,UP
2026-07-13,Hindustan Unilever,-0.4881322635728602,0.14757829012648813,-0.6357105536993484,DOWN,UP
2026-07-14,Hindustan Unilever,-0.830103477075228,0.13148756923396113,-0.9615910463091891,DOWN,UP
2026-07-15,Hindustan Unilever,-0.1997619669656614,0.1174752466227321,-0.3172372135883935,DOWN,UP
2026-07-16,Hindustan Unilever,2.163560264831621,0.10867175995456384,2.054888504877057,UP,UP
2026-07-17,Hindustan Unilever,-0.19125373462377526,0.2469730312743984,-0.43822676589817366,DOWN,UP
2026-07-20,Hindustan Unilever,0.13086175127459132,0.1604455078229625,-0.02958375654837117,UP,UP
2026-07-21,Hindustan Unilever,0.5647653515169271,0.10275881070148392,0.4620065408154432,UP,UP
2026-07-22,Hindustan Unilever,0.3341664738485406,0.09268252008007401,0.2414839537684666,UP,UP
2026-07-23,Hindustan Unilever,-0.7771324104295374,0.05264797845020369,-0.829780388879741,DOWN,UP
2026-07-24,Hindustan Unilever,1.3799579326922995,0.10546227954431746,1.274495653147982,UP,UP
2026-07-27,Hindustan Unilever,-6.985199101576911,0.2801873181649829,-7.265386419741894,DOWN,UP
2026-07-28,Hindustan Unilever,4.701641368071052,1.068518775064435,3.6331225930066173,UP,UP
2026-07-29,Hindustan Unilever,-0.46747314458951417,-0.22257820289062244,-0.24489494169889173,DOWN,DOWN
2026-07-30,Hindustan Unilever,-0.3131008976416161,0.04307674505196094,-0.35617764269357705,DOWN,UP
2026-07-31,Hindustan Unilever,1.7465354932220345,0.06412662414328969,1.6824088690787449,UP,UP
2026-08-03,Hindustan Unilever,-1.9410664172123449,0.36430517151748826,-2.305371588729833,DOWN,UP
2026-08-04,Hindustan Unilever,-0.5342213771464377,0.04132508520536165,-0.5755464623517993,DOWN,UP
2026-08-05,Hindustan Unilever,-0.2781397732851132,0.045927552554710004,-0.3240673258398232,DOWN,UP
2026-08-06,Hindustan Unilever,0.7934599663380615,0.05069914447552091,0.7427608218625406,UP,UP
2026-08-07,Hindustan Unilever,-0.41984965783039563,0.15158770708465774,-0.5714373649150534,DOWN,UP
2026-08-10,Hindustan Unilever,-1.0684193824173183,0.044540640179472436,-1.1129600225967906,DOWN,UP
2026-08-11,Hindustan Unilever,-0.092009416126837,0.09517709071399201,-0.187186506840829,DOWN,UP
2026-08-12,Hindustan Unilever,1.4057198254968428,0.10429908602916935,1.3014207394676736,UP,UP
2026-08-13,Hindustan Unilever,-0.7170172084130066,0.24749754608775507,-0.9645147545007617,DOWN,UP
2026-08-14,Hindustan Unilever,-1.0592200288878195,0.07721722461949172,-1.1364372535073113,DOWN,UP
2026-08-17,Hindustan Unilever,-0.9732360097323589,0.13071165493458228,-1.1039476646669413,DOWN,UP
2026-08-18,Hindustan Unilever,-0.702705102119161,0.1528980962163855,-0.8556031983355465,DOWN,UP
2026-08-19,Hindustan Unilever,0.3612633743021343,0.1179224518239251,0.24334092247820918,UP,UP
2026-08-20,Hindustan Unilever,-0.6410256410256387,0.1683075528256163,-0.809333193851255,DOWN,UP
2026-08-21,Hindustan Unilever,0.7444168734491274,0.11524712394997481,0.6291697494991526,UP,UP
2026-08-24,Hindustan Unilever,-0.28571669104063835,0.21090502739460137,-0.4966217184352397,DOWN,UP
2026-08-25,Hindustan Unilever,-0.15808473713392335,0.09249422952297176,-0.2505789666568951,DOWN,UP
2026-08-26,Hindustan Unilever,-0.5937654626422595,0.12247554063267085,-0.7162410032749303,DOWN,UP
2026-08-27,Hindustan Unilever,0.06968762638439596,0.13298855401744591,-0.06330092763304995,UP,UP
2026-08-28,Hindustan Unilever,-2.13887780928238,0.11193057146364531,-2.2508083807460255,DOWN,UP
2026-08-31,Hindustan Unilever,1.392702250383615,0.055066397143360056,1.337635853240255,UP,UP
2026-09-01,Hindustan Unilever,-0.9925831333198909,0.7123187952002593,-1.70490192852015,DOWN,UP
2026-09-02,Hindustan Unilever,-0.6582278481012671,0.18351827132802068,-0.8417461194292878,DOWN,UP
2025-09-22,ICICI Bank,-0.5137317996343205,0.04616314260000251,-0.559894942234323,DOWN,UP
2025-09-23,ICICI Bank,-0.831965663775136,0.042704941152160704,-0.8746706049272968,DOWN,UP
2025-09-24,ICICI Bank,-0.49901660428223193,0.030335364294165675,-0.5293519685763977,DOWN,UP
2025-09-25,ICICI Bank,-1.1775020109925372,0.04148576463508328,-1.2189877756276204,DOWN,UP
2025-09-26,ICICI Bank,-0.8458370260740811,0.034272176868441535,-0.8801092029425226,DOWN,UP
2025-09-29,ICICI Bank,-0.007416036477114751,0.056462726985694454,-0.06387876346280921,DOWN,UP
2025-09-30,ICICI Bank,1.7804154302670572,0.06153921239167635,1.718876217875381,UP,UP
2025-10-01,ICICI Bank,-0.49563038105867596,0.04957272469393504,-0.545203105752611,DOWN,UP
2025-10-03,ICICI Bank,-0.1318434531342838,0.050289209135659804,-0.18213266226994362,DOWN,UP
2025-10-06,ICICI Bank,0.91682556668371,0.04916073480409946,0.8676648318796105,UP,UP
2025-10-07,ICICI Bank,-0.40700454150528476,0.03915460531757197,-0.44615914682285673,DOWN,UP
2025-10-08,ICICI Bank,0.43055550853958735,0.043919823101031596,0.38663568543855575,UP,UP
2025-10-09,ICICI Bank,0.2979289203402846,0.04544914163547638,0.25247977870480826,UP,UP
2025-10-10,ICICI Bank,-0.065204983135847,0.04534776438913518,-0.11055274752498218,DOWN,UP
2025-10-13,ICICI Bank,0.34072430685010424,0.04616314260000251,0.2945611642501017,UP,UP
2025-10-14,ICICI Bank,1.033165889774068,0.034020545490713226,0.9991453442833549,UP,UP
2025-10-15,ICICI Bank,1.3515463446864384,0.03370511569264039,1.317841228993798,UP,UP
2025-10-16,ICICI Bank,1.3617389467932561,0.0702126928206625,1.2915262539725936,UP,UP
2025-10-17,ICICI Bank,-3.222882329434007,0.05155622094880864,-3.2744385503828157,DOWN,UP
2025-10-20,ICICI Bank,-0.5969969457399582,0.23545101451360406,-0.8324479602535623,DOWN,UP
2025-10-21,ICICI Bank,-1.3241714057977583,0.051519757919515866,-1.3756911637172742,DOWN,UP
2025-10-23,ICICI Bank,1.026618794550016,0.0496257264416725,0.9769930681083435,UP,UP
2025-10-24,ICICI Bank,-0.007256702437452578,0.026763604331058115,-0.03402030676851069,DOWN,UP
2025-10-27,ICICI Bank,-1.0525551870623873,0.04235240154929169,-1.094907588611679,DOWN,UP
2025-10-28,ICICI Bank,0.5355475723625602,0.05637516269724598,0.47917240966531427,UP,UP
2025-10-29,ICICI Bank,-0.5837711513045685,0.05181664271330608,-0.6355877940178746,DOWN,UP
2025-10-30,ICICI Bank,-1.2551361772979885,0.04358435141562787,-1.2987205287136163,DOWN,UP
2025-10-31,ICICI Bank,0.08176433107958125,0.034661886913337894,0.04710244416624336,UP,UP
2025-11-03,ICICI Bank,-0.7055852516145267,0.04160883272732331,-0.74719408434185,DOWN,UP
2025-11-04,ICICI Bank,-1.2341984964232222,0.046339909321473485,-1.2805384057446958,DOWN,UP
2025-11-06,ICICI Bank,1.711600664046209,0.0483464387605335,1.6632542252856755,UP,UP
2025-11-07,ICICI Bank,0.37230081906181045,0.08868205442546705,0.2836187646363434,UP,UP
2025-11-10,ICICI Bank,0.7640985777540799,0.010234988364467462,0.7538635893896124,UP,UP
2025-11-11,ICICI Bank,0.04417106415148808,0.04087847504029022,0.003292589111197862,UP,UP
2025-11-12,ICICI Bank,1.9869011343672582,0.03744350875366732,1.949457625613591,UP,UP
2025-11-13,ICICI Bank,-0.9308048334522812,0.05801643447428134,-0.9888212679265624,DOWN,UP
2025-11-14,ICICI Bank,0.43699927166787056,0.010222425013421006,0.42677684665444954,UP,UP
2025-11-17,ICICI Bank,-0.4060896001405023,0.015390778175479132,-0.42148037831598145,DOWN,UP
2025-11-18,ICICI Bank,0.7062728265214258,0.026888034529406083,0.6793847919920196,UP,UP
2025-11-19,ICICI Bank,-0.007228370161393993,0.03663778045921439,-0.043866150620608384,DOWN,UP
2025-11-20,ICICI Bank,-0.9761388286334105,0.039516048604007446,-1.0156548772374179,DOWN,UP
2025-11-21,ICICI Bank,-0.0803195024415837,-0.01691735620759464,-0.06340214623398906,DOWN,DOWN
2025-11-24,ICICI Bank,-0.7746255040061323,0.04349954051764505,-0.8181250445237773,DOWN,UP
2025-11-25,ICICI Bank,1.2667514032511429,0.041541746105657,1.2252096571454858,UP,UP
2025-11-26,ICICI Bank,1.2509055397727176,0.0983303871337283,1.1525751526389894,UP,UP
2025-11-27,ICICI Bank,-0.24421077883878262,0.12088308305291053,-0.3650938618916931,DOWN,UP
2025-11-28,ICICI Bank,0.09360071371753431,0.032858884006226934,0.06074182971130738,UP,UP
2025-12-01,ICICI Bank,-1.2301255942925748,0.039283675673680934,-1.2694092699662558,DOWN,UP
2025-12-02,ICICI Bank,1.3474144209759675,0.002993788134955597,1.344420632841012,UP,UP
2025-12-03,ICICI Bank,-0.34495500022457826,0.04936664649499499,-0.39432164671957326,DOWN,UP
2025-12-04,ICICI Bank,0.41826271236422574,0.03900778811508367,0.3792549242491421,UP,UP
2025-12-05,ICICI Bank,-0.2082602810816847,0.04891397088961492,-0.2571742519712996,DOWN,UP
2025-12-08,ICICI Bank,-1.0362712051711576,0.03823271613487433,-1.074503921306032,DOWN,UP
2025-12-09,ICICI Bank,-0.8435119253787482,-0.004202184046912565,-0.8393097413318357,DOWN,DOWN
2025-12-10,ICICI Bank,-0.2640052545021976,0.027002423665616684,-0.29100767816781425,DOWN,UP
2025-12-11,ICICI Bank,0.4411764705882337,0.03147794461078457,0.40969852597744916,UP,UP
2025-12-12,ICICI Bank,-0.05856872826683901,0.04401249491521355,-0.10258122318205257,DOWN,UP
2025-12-15,ICICI Bank,0.05860305132872057,0.05107862941569289,0.007524421913027678,UP,UP
2025-12-16,ICICI Bank,-0.9956058262033274,0.04674019012500061,-1.042346016328328,DOWN,UP
2025-12-17,ICICI Bank,0.3253493296828891,0.016381830131237417,0.3089674995516517,UP,UP
2025-12-18,ICICI Bank,-0.19900303250427465,0.031080926821731976,-0.23008395932600662,DOWN,UP
2025-12-19,ICICI Bank,1.0634387913515342,0.047989099163075026,1.0154496921884593,UP,UP
2025-12-22,ICICI Bank,-0.4018998903909443,0.02899069879673612,-0.4308905891876804,DOWN,UP
2025-12-23,ICICI Bank,-0.23477264650586527,0.02463666145526728,-0.25940930796113254,DOWN,UP
2025-12-24,ICICI Bank,-0.6912798997296243,0.039446314491532186,-0.7307262142211566,DOWN,UP
2025-12-26,ICICI Bank,-0.5257683247612666,0.07728197290875928,-0.6030502976700258,DOWN,UP
2025-12-29,ICICI Bank,-0.05955846043651514,0.04489822460226736,-0.1044566850387825,DOWN,UP
2025-12-30,ICICI Bank,0.029796976838913913,0.046044491871039275,-0.016247515032125362,UP,UP
2025-12-31,ICICI Bank,-0.36488378322879766,0.046005896863200994,-0.41088968009199867,DOWN,UP
2026-01-01,ICICI Bank,1.3004502551616115,0.0392861001169229,1.2611641550446886,UP,UP
2026-01-02,ICICI Bank,1.1878394050418795,0.09590604853144066,1.0919333565104388,UP,UP
2026-01-05,ICICI Bank,2.8946373439208806,0.039237035325943255,2.855400308594937,UP,UP
2026-01-06,ICICI Bank,1.1692177275302695,0.07180905563195321,1.0974086718983163,UP,UP
2026-01-07,ICICI Bank,0.511315337801399,0.046297401260088716,0.4650179365413103,UP,UP
2026-01-08,ICICI Bank,-2.139369419642856,0.056030926291086774,-2.1954003459339426,DOWN,UP
2026-01-09,ICICI Bank,0.6266414905529594,0.015549400938685152,0.6110920896142742,UP,UP
2026-01-12,ICICI Bank,1.691318719622248,0.03997287316711163,1.6513458464551363,UP,UP
2026-01-13,ICICI Bank,-1.2943615578244638,0.08282043785937443,-1.3771819956838383,DOWN,UP
2026-01-14,ICICI Bank,0.0,0.010087411108806382,-0.010087411108806382,UP,UP
2026-01-15,ICICI Bank,-0.5358132723578435,1.2742316537941396,-1.810044926151983,DOWN,UP
2026-01-16,ICICI Bank,-2.1406345475585287,0.022300110615421836,-2.1629346581739504,DOWN,UP
2026-01-19,ICICI Bank,-0.34766962499584997,0.054368056743318724,-0.4020376817391687,DOWN,UP
2026-01-20,ICICI Bank,-1.9479610319066865,0.029575050088458413,-1.9775360819951449,DOWN,UP
2026-01-21,ICICI Bank,-0.25945144551520194,-0.002036555850072249,-0.2574148896651297,DOWN,DOWN
2026-01-22,ICICI Bank,-0.1560739937523259,0.011886769763036771,-0.16796076351536265,DOWN,UP
2026-01-23,ICICI Bank,1.33988385238053,0.046620671159514335,1.2932631812210158,UP,UP
2026-01-27,ICICI Bank,0.46275353642100114,0.09093157460685534,0.3718219618141458,UP,UP
2026-01-28,ICICI Bank,1.162537470330327,0.053179614416421044,1.1093578559139061,UP,UP
2026-01-29,ICICI Bank,-2.067069679863631,0.030980687797521327,-2.0980503676611524,DOWN,UP
2026-01-30,ICICI Bank,-0.1623580200645791,-0.006820111408682352,-0.15553790865589676,DOWN,DOWN
2026-02-02,ICICI Bank,2.727668614124812,0.024761432582987474,2.7029071815418244,UP,UP
2026-02-03,ICICI Bank,1.3456194789687181,0.12054398505176962,1.2250754939169486,UP,UP
2026-02-04,ICICI Bank,-0.8449321363093065,0.060449535638719604,-0.9053816719480261,DOWN,UP
2026-02-05,ICICI Bank,0.6874311196518157,0.037584587656676494,0.6498465319951392,UP,UP
2026-02-06,ICICI Bank,-0.696958034845907,0.035644027665261035,-0.732602062511168,DOWN,UP
2026-02-09,ICICI Bank,0.7304985185981661,0.03308807555553888,0.6974104430426272,UP,UP
2026-02-10,ICICI Bank,-0.028441124355671477,0.03328060036347279,-0.061721724719144264,DOWN,UP
2026-02-11,ICICI Bank,1.6997386266295322,0.023966885511334923,1.6757717411181974,UP,UP
2026-02-12,ICICI Bank,-1.0769247842001728,0.054731394337780744,-1.1316561785379535,DOWN,UP
2026-02-13,ICICI Bank,-0.2120740882069816,0.01676786554427187,-0.22884195375125346,DOWN,UP
2026-02-16,ICICI Bank,-0.2904488280566664,0.03927137910049113,-0.3297202071571575,DOWN,UP
2026-02-17,ICICI Bank,0.04973010102131692,0.01756136419157478,0.03216873682974214,UP,UP
2026-02-18,ICICI Bank,-1.377638333789588,0.039866836459152746,-1.417505170248741,DOWN,UP
2026-02-19,ICICI Bank,0.4104227370012481,0.01905518967465434,0.39136754732659373,UP,UP
2026-02-20,ICICI Bank,0.35138217383021697,0.03406934389428531,0.3173128299359317,UP,UP
2026-02-23,ICICI Bank,-1.0433025104491178,-0.0029372054630855816,-1.0403653049860322,DOWN,DOWN
2026-02-24,ICICI Bank,1.1337341578779414,0.03336379589695517,1.1003703619809861,UP,UP
2026-02-25,ICICI Bank,0.31417525269992197,0.040330286407725326,0.2738449662921966,UP,UP
2026-02-26,ICICI Bank,-1.8506654956350843,0.08491926228522546,-1.9355847579203098,DOWN,UP
2026-02-27,ICICI Bank,-0.3553574825806982,0.11022288323960394,-0.46558036582030216,DOWN,UP
2026-03-02,ICICI Bank,-0.625907975686868,0.033063109744305506,-0.6589710854311734,DOWN,UP
2026-03-04,ICICI Bank,-0.5712647347777988,0.15050400956081872,-0.7217687443386176,DOWN,UP
2026-03-05,ICICI Bank,-3.2557418950157513,0.06145858524190099,-3.3172004802576525,DOWN,UP
2026-03-06,ICICI Bank,-2.664839298721222,-0.06907954698469906,-2.595759751736523,DOWN,DOWN
2026-03-09,ICICI Bank,2.6204630288046316,0.032870197124866884,2.5875928316797645,UP,UP
2026-03-10,ICICI Bank,-1.3187017688982672,0.10140875055130434,-1.4201105194495716,DOWN,UP
2026-03-11,ICICI Bank,-2.1705527665578206,0.01575376502314421,-2.1863065315809647,DOWN,UP
2026-03-12,ICICI Bank,-0.9238019085570426,0.08764575706762277,-1.0114476656246654,DOWN,UP
2026-03-13,ICICI Bank,1.4424589481679906,0.04441215873876956,1.398046789429221,UP,UP
2026-03-16,ICICI Bank,1.2412543369292095,0.058154922759476764,1.1830994141697326,UP,UP
2026-03-17,ICICI Bank,0.046566127026248516,0.09953924740815058,-0.052973120381902064,UP,UP
2026-03-18,ICICI Bank,-3.0404150901737204,0.02066503664010312,-3.0610801268138235,DOWN,UP
2026-03-19,ICICI Bank,-0.3759660238111806,-0.02460980132573387,-0.35135622248544673,DOWN,DOWN
2026-03-20,ICICI Bank,-1.822713409120691,0.009535847229724675,-1.8322492563504156,DOWN,UP
2026-03-23,ICICI Bank,2.330907102162283,0.02019759175851741,2.3107095104037656,UP,UP
2026-03-24,ICICI Bank,0.679347852598533,0.09176464372437979,0.5875832088741533,UP,UP
2026-03-25,ICICI Bank,-2.056037417454515,0.04358532797690641,-2.099622745431421,DOWN,UP
2026-03-27,ICICI Bank,-2.2613084219409996,0.007985269164100505,-2.2692936911051,DOWN,UP
2026-03-30,ICICI Bank,0.5638881018446451,0.0948463902364209,0.4690417116082242,UP,UP
2026-04-01,ICICI Bank,0.255636000748094,0.08825400487443055,0.16738199587366345,UP,UP
2026-04-02,ICICI Bank,1.2831037143791857,0.03515841210957735,1.2479453022696083,UP,UP
2026-04-06,ICICI Bank,1.1450361626106575,0.05961401943949274,1.0854221431711648,UP,UP
2026-04-07,ICICI Bank,5.114407962414691,-0.0058623709716956905,5.120270333386387,UP,DOWN
2026-04-08,ICICI Bank,-2.131065030882151,-0.5600449746009558,-1.5710200562811951,DOWN,DOWN
2026-04-09,ICICI Bank,3.168654806738691,0.024729068781761444,3.1439257379569296,UP,UP
2026-04-10,ICICI Bank,2.2089379402816745,0.16898124119089178,2.0399566990907827,UP,UP
2026-04-13,ICICI Bank,-0.22204130369397612,0.5872029813683654,-0.8092442850623415,DOWN,UP
2026-04-15,ICICI Bank,-0.19286222335308523,0.05178232967625124,-0.24464455302933646,DOWN,UP
2026-04-16,ICICI Bank,0.09662198648272557,0.045325560711207274,0.0512964257715183,UP,UP
2026-04-17,ICICI Bank,0.6979434216630054,0.06451709141480952,0.6334263302481958,UP,UP
2026-04-20,ICICI Bank,2.3742865655144607,0.06906388671003919,2.3052226788044217,UP,UP
2026-04-21,ICICI Bank,-1.4981308313433028,0.09502992818414008,-1.5931607595274428,DOWN,UP
2026-04-22,ICICI Bank,-1.4331658332722652,0.07198162549775121,-1.5051474587700164,DOWN,UP
2026-04-23,ICICI Bank,-1.617214304757042,0.04075148568225424,-1.6579657904392961,DOWN,UP
2026-04-24,ICICI Bank,-0.9123794323205647,0.050578911597812144,-0.9629583439183769,DOWN,UP
2026-04-27,ICICI Bank,-1.6817575524330608,0.05340448168529793,-1.7351620341183587,DOWN,UP
2026-04-28,ICICI Bank,-0.8513931888544879,0.07607608517515871,-0.9274692740296466,DOWN,UP
2026-04-29,ICICI Bank,-1.3739247139685773,0.061830135786929634,-1.4357548497555068,DOWN,UP
2026-04-30,ICICI Bank,0.0,0.07184403975338736,-0.07184403975338736,UP,UP
2026-05-01,ICICI Bank,0.5857229912192174,1.3719514227869285,-0.786228431567711,UP,UP
2026-05-04,ICICI Bank,-1.5344664188502333,0.05620114337547921,-1.5906675622257125,DOWN,UP
2026-05-05,ICICI Bank,2.2536522074209975,0.059120558652750586,2.1945316487682467,UP,UP
2026-05-06,ICICI Bank,-0.03907776475186031,0.08881830646619598,-0.1278960712180563,DOWN,UP
2026-05-07,ICICI Bank,-1.1102385591770902,-0.004653905158507147,-1.1055846540185832,DOWN,DOWN
2026-05-08,ICICI Bank,0.12650027863454483,0.007680371408987436,0.1188199072255574,UP,UP
2026-05-11,ICICI Bank,-2.060958234584165,0.03691434115565831,-2.097872575739823,DOWN,UP
2026-05-12,ICICI Bank,-0.3789464691731914,0.05840605980591736,-0.43735252897910876,DOWN,UP
2026-05-13,ICICI Bank,0.8416983343764395,0.026892395791218614,0.8148059385852209,UP,UP
2026-05-14,ICICI Bank,-0.12038523274477964,0.03503811284008394,-0.1554233455848636,DOWN,UP
2026-05-15,ICICI Bank,0.5303315054991931,0.02866425128139008,0.501667254217803,UP,UP
2026-05-18,ICICI Bank,-0.823269679386629,0.042239914853227305,-0.8655095942398563,DOWN,UP
2026-05-19,ICICI Bank,-0.282076068848125,0.08151481066691964,-0.3635908795150446,DOWN,UP
2026-05-20,ICICI Bank,0.44451626791812693,0.046530303022693495,0.3979859648954334,UP,UP
2026-05-21,ICICI Bank,1.7299645281051435,0.060667156020149875,1.6692973720849935,UP,UP
2026-05-22,ICICI Bank,2.1751165813439277,0.06866342798539592,2.106453153358532,UP,UP
2026-05-25,ICICI Bank,-0.9831299552673478,0.14243253720428997,-1.1255624924716379,DOWN,UP
2026-05-26,ICICI Bank,-0.5003537281071946,-0.012592656815025088,-0.4877610712921695,DOWN,DOWN
2026-05-27,ICICI Bank,0.0,0.019797968672491385,-0.019797968672491385,UP,UP
2026-05-28,ICICI Bank,-1.2807360244497468,1.4471036525138885,-2.7278396769636353,DOWN,UP
2026-05-29,ICICI Bank,-1.3292003277360465,0.009070550822363849,-1.3382708785584103,DOWN,UP
2026-06-01,ICICI Bank,-1.0567053401554283,0.004961103199709971,-1.0616664433551382,DOWN,UP
2026-06-02,ICICI Bank,1.2555050318426852,0.019310059567883522,1.2361949722748018,UP,UP
2026-06-03,ICICI Bank,0.7809944582830131,0.08583911745476959,0.6951553408282435,UP,UP
2026-06-04,ICICI Bank,0.8308719996614089,0.04045391256932351,0.7904180870920854,UP,UP
2026-06-05,ICICI Bank,-0.9428749421009908,0.046850412081420385,-0.9897253541824111,DOWN,UP
2026-06-08,ICICI Bank,1.9836865938827275,0.024638519802598978,1.9590480740801286,UP,UP
2026-06-09,ICICI Bank,1.4352979473039262,0.08764417820443642,1.3476537690994899,UP,UP
2026-06-10,ICICI Bank,1.832517612084672,0.10198314284777005,1.730534469236902,UP,UP
2026-06-11,ICICI Bank,1.8071411410877092,0.11439280488127544,1.6927483362064337,UP,UP
2026-06-12,ICICI Bank,-0.9844923002295891,0.09721554926825274,-1.0817078494978418,DOWN,UP
2026-06-15,ICICI Bank,0.5046756075172798,0.013699329482382198,0.49097627803489763,UP,UP
2026-06-16,ICICI Bank,0.18736415412676788,0.01489310710664219,0.1724710470201257,UP,UP
2026-06-17,ICICI Bank,0.4114302662407532,0.027751051452620846,0.38367921478813233,UP,UP
2026-06-18,ICICI Bank,0.31289212687890533,0.03684823741991145,0.2760438894589939,UP,UP
2026-06-19,ICICI Bank,0.4381748543678121,0.024171786339438363,0.4140030680283738,UP,UP
2026-06-22,ICICI Bank,-1.0425891253622588,0.04715395473695487,-1.0897430800992136,DOWN,UP
2026-06-23,ICICI Bank,2.6376690928706648,0.008256872169464429,2.6294122207012003,UP,UP
2026-06-24,ICICI Bank,1.0119412246009318,0.06531620560660904,0.9466250189943228,UP,UP
2026-06-25,ICICI Bank,0.0,0.0315634354524085,-0.0315634354524085,UP,UP
2026-06-26,ICICI Bank,0.007205447635127982,1.3219268825184591,-1.3147214348833312,UP,UP
2026-06-29,ICICI Bank,-0.8936310631474598,0.047472771699337286,-0.941103834846797,DOWN,UP
2026-06-30,ICICI Bank,0.3345039135821626,0.021082347809637133,0.31342156577252545,UP,UP
2026-07-01,ICICI Bank,1.4639766964083645,0.02907797762741891,1.4348987187809457,UP,UP
2026-07-02,ICICI Bank,0.8142874581473114,0.07525274549261732,0.7390347126546941,UP,UP
2026-07-03,ICICI Bank,1.0982003494321102,0.04636808474079558,1.0518322646913145,UP,UP
2026-07-06,ICICI Bank,-0.8550054687396447,0.054482406322562786,-0.9094878750622074,DOWN,UP
2026-07-07,ICICI Bank,-2.410403390322491,0.02115044755337027,-2.431553837875861,DOWN,UP
2026-07-08,ICICI Bank,0.00724145934416498,-0.072427425483154,0.07966888482731899,UP,DOWN
2026-07-09,ICICI Bank,1.4847541627419192,0.05135045920435365,1.4334037035375655,UP,UP
2026-07-10,ICICI Bank,0.5923529201655509,0.09232978065826412,0.5000231395072867,UP,UP
2026-07-13,ICICI Bank,-0.12770832409542132,0.05579309270770179,-0.1835014168031231,DOWN,UP
2026-07-14,ICICI Bank,0.6038218579835775,0.05386806199596422,0.5499537959876133,UP,UP
2026-07-15,ICICI Bank,0.141222995972079,0.06117505072333473,0.08004794524874426,UP,UP
2026-07-16,ICICI Bank,1.8403679703051123,0.03969126882801342,1.800676701477099,UP,UP
2026-07-17,ICICI Bank,1.1008725199899372,0.042319456292201796,1.0585530636977354,UP,UP
2026-07-20,ICICI Bank,0.19860460971357075,0.07806406623715184,0.1205405434764189,UP,UP
2026-07-21,ICICI Bank,-1.5309975249703456,0.0368304496495323,-1.5678279746198778,DOWN,UP
2026-07-22,ICICI Bank,-0.4234036088483051,0.004507288052196395,-0.4279108969005015,DOWN,UP
2026-07-23,ICICI Bank,-0.11849652870520311,0.02150896643205778,-0.14000549513726088,DOWN,UP
2026-07-24,ICICI Bank,0.8932881945512339,0.045241194057555424,0.8480470004936784,UP,UP
2026-07-27,ICICI Bank,-1.030635875146313,0.06626812718268775,-1.0969040023290006,DOWN,UP
2026-07-28,ICICI Bank,0.49622416435843864,0.04897558100692598,0.44724858335151263,UP,UP
2026-07-29,ICICI Bank,-0.27818345726992044,0.08039756146123933,-0.3585810187311598,DOWN,UP
2026-07-30,ICICI Bank,0.10460980364463968,0.025585320182863937,0.07902448346177574,UP,UP
2026-07-31,ICICI Bank,1.7138062677670263,0.04065314881729992,1.6731531189497264,UP,UP
2026-08-03,ICICI Bank,-0.3698646858946941,0.10574927996337272,-0.4756139658580668,DOWN,UP
2026-08-04,ICICI Bank,-0.3093634040649107,0.04416789594520311,-0.3535313000101138,DOWN,UP
2026-08-05,ICICI Bank,0.5103113260223502,0.04969296742620146,0.46061835859614875,UP,UP
2026-08-06,ICICI Bank,-2.5042881646655246,0.05404232880321689,-2.5583304934687416,DOWN,UP
2026-08-07,ICICI Bank,0.7600315853712125,0.03301179418820982,0.7270197911830028,UP,UP
2026-08-10,ICICI Bank,-0.1536578549489631,0.04006386131897685,-0.19372171626793996,DOWN,UP
2026-08-11,ICICI Bank,0.14689253090374166,0.04125651717039514,0.10563601373334652,UP,UP
2026-08-12,ICICI Bank,-1.7391844096501408,0.04129672949898954,-1.7804811391491302,DOWN,UP
2026-08-13,ICICI Bank,0.7250462622866438,0.1140418572509019,0.6110044050357419,UP,UP
2026-08-14,ICICI Bank,-0.11996832546753433,0.04641214009621062,-0.16638046556374494,DOWN,UP
2026-08-17,ICICI Bank,-0.23316955516659021,0.04676414895461616,-0.2799337041212064,DOWN,UP
2026-08-18,ICICI Bank,-0.7082152974504208,0.01721053776969391,-0.7254258352201147,DOWN,UP
2026-08-19,ICICI Bank,0.7061358355251457,0.03282789722446397,0.6733079383006817,UP,UP
2026-08-20,ICICI Bank,0.5736932818100282,0.039870361079693294,0.5338229207303349,UP,UP
2026-08-21,ICICI Bank,-0.35211267605633756,0.06607369661208243,-0.41818637266841996,DOWN,UP
2026-08-24,ICICI Bank,0.5441661605565473,0.04466436847687039,0.49950179207967693,UP,UP
2026-08-25,ICICI Bank,0.5131123271714388,0.04988142774695262,0.46323089942448625,UP,UP
2026-08-26,ICICI Bank,0.9090909090909038,0.06086013153487484,0.848230777556029,UP,UP
2026-08-27,ICICI Bank,-1.3998580160689555,0.044039389927981835,-1.4438974059969374,DOWN,UP
2026-08-28,ICICI Bank,2.1928556438814084,0.010742098948838583,2.18211354493257,UP,UP
2026-08-31,ICICI Bank,-1.1004126547455306,0.0767928227002232,-1.1772054774457539,DOWN,UP
2026-09-01,ICICI Bank,-0.7997218358831715,0.004539908600404549,-0.804261744483576,DOWN,UP
2026-09-02,ICICI Bank,0.2453557658604888,0.03943655276015077,0.20591921310033803,UP,UP
2025-09-22,ITC,-0.921489098786965,0.025951616425903105,-0.9474407152128682,DOWN,UP
2025-09-23,ITC,-0.5456379316530535,0.04196582094404763,-0.5876037525971012,DOWN,UP
2025-09-24,ITC,-0.22443738066941776,0.037864582321068284,-0.262301962990486,DOWN,UP
2025-09-25,ITC,1.2496875590415124,0.06020784798749961,1.1894797110540127,UP,UP
2025-09-26,ITC,0.5307316376428339,0.07561783046795723,0.4551138071748767,UP,UP
2025-09-29,ITC,-1.399634673304162,0.0457973127186222,-1.4454319860227842,DOWN,UP
2025-09-30,ITC,1.0085962977627982,0.028669855069653787,0.9799264426931444,UP,UP
2025-10-01,ITC,-0.3205173301242592,0.028634454081043054,-0.34915178420530224,DOWN,UP
2025-10-03,ITC,-0.8780578531173866,0.03237612292929242,-0.910433976046679,DOWN,UP
2025-10-06,ITC,-0.2370585669447811,0.049620833815348944,-0.28667940076013004,DOWN,UP
2025-10-07,ITC,-0.012503200223878963,0.037763487498238026,-0.05026668772211699,DOWN,UP
2025-10-08,ITC,0.03752192532442411,0.017271713318338048,0.020250212006086062,UP,UP
2025-10-09,ITC,0.725179780131513,0.06697794617848633,0.6582018339530267,UP,UP
2025-10-10,ITC,-0.8813276813686044,0.04696897380235856,-0.9282966551709629,DOWN,UP
2025-10-13,ITC,-0.613653652355961,0.04809277474515317,-0.6617464271011142,DOWN,UP
2025-10-14,ITC,0.7812515622185545,0.03917097952615352,0.742080582692401,UP,UP
2025-10-15,ITC,1.3128282270889358,0.03871080566397164,1.2741174214249642,UP,UP
2025-10-16,ITC,1.727755178441015,0.05316709987652686,1.6745880785644882,UP,UP
2025-10-17,ITC,0.21836562169414986,0.050488338253054675,0.16787728344109518,UP,UP
2025-10-20,ITC,-0.048415856521810685,0.03649508635533915,-0.08491094287714984,DOWN,UP
2025-10-21,ITC,0.7508795101575982,0.5455950011018608,0.20528450905573747,UP,UP
2025-10-23,ITC,0.2043456090859319,0.04773213057306932,0.1566134785128626,UP,UP
2025-10-24,ITC,0.923705906015515,0.049284603211711346,0.8744213028038037,UP,UP
2025-10-27,ITC,-0.6537501580653138,0.03113752134414998,-0.6848876794094637,DOWN,UP
2025-10-28,ITC,0.8853822113114918,0.04273298820479677,0.842649223106695,UP,UP
2025-10-29,ITC,-0.6759976428500902,0.03113752134414998,-0.7071351641942402,DOWN,UP
2025-10-30,ITC,0.3820910097947827,0.036953504378276734,0.345137505416506,UP,UP
2025-10-31,ITC,-1.5225392657442383,0.033903583393173134,-1.5564428491374114,DOWN,UP
2025-11-03,ITC,-1.2199584881329217,0.02592487810176622,-1.245883366234688,DOWN,UP
2025-11-04,ITC,-0.3423805129326496,0.014654090739082923,-0.3570346036717325,DOWN,UP
2025-11-06,ITC,-0.8466287624616431,0.026526215493626416,-0.8731549779552695,DOWN,UP
2025-11-07,ITC,0.37124119423772584,0.023117093323319883,0.34812410091440593,UP,UP
2025-11-10,ITC,0.32055686097332003,0.03856571094277347,0.28199115003054653,UP,UP
2025-11-11,ITC,0.036867124059036804,0.03099622577020356,0.005870898288833245,UP,UP
2025-11-12,ITC,-0.3194073201397307,0.04018752719276615,-0.35959484733249686,DOWN,UP
2025-11-13,ITC,0.6038899718353585,0.03871538279413671,0.5651745890412219,UP,UP
2025-11-14,ITC,-0.2572553739238925,0.11694551415974085,-0.3742008880836334,DOWN,UP
2025-11-17,ITC,-0.3070498602945615,0.03148750788334771,-0.3385373681779092,DOWN,UP
2025-11-18,ITC,-0.5667163424805222,0.03510593024082198,-0.6018222727213441,DOWN,UP
2025-11-19,ITC,0.470827523612094,0.04029846132995891,0.4305290622821351,UP,UP
2025-11-20,ITC,0.5919333639725854,0.046949771479035715,0.5449835924935498,UP,UP
2025-11-21,ITC,-1.0543136560491884,0.04802458216650272,-1.102338238215691,DOWN,UP
2025-11-24,ITC,-0.6814521331148793,0.021590928240510687,-0.70304306135539,DOWN,UP
2025-11-25,ITC,0.374251508404444,0.03673114766761274,0.3375203607368312,UP,UP
2025-11-26,ITC,0.4971414518235573,0.037195114623996474,0.4599463371995608,UP,UP
2025-11-27,ITC,-0.012364035240686189,0.04411625579283755,-0.05648029103352374,DOWN,UP
2025-11-28,ITC,0.0,0.04188996530593485,-0.04188996530593485,UP,UP
2025-12-01,ITC,-0.8163235109384548,0.023742455188061288,-0.8400659661265161,DOWN,UP
2025-12-02,ITC,-0.11223648667678665,0.03452117723370851,-0.14675766391049516,DOWN,UP
2025-12-03,ITC,0.6367010719023236,0.020672411787817882,0.6160286601145057,UP,UP
2025-12-04,ITC,0.47141160441828145,0.04487045930445044,0.426541145113831,UP,UP
2025-12-05,ITC,-0.6544077871783571,0.04982709615716722,-0.7042348833355243,DOWN,UP
2025-12-08,ITC,-0.31071340738972886,0.03951060394813682,-0.3502240113378657,DOWN,UP
2025-12-09,ITC,0.5236270209287852,0.037775176479720396,0.4858518444490648,UP,UP
2025-12-10,ITC,-0.0620116591305675,0.04542976359694012,-0.10744142272750762,DOWN,UP
2025-12-11,ITC,-0.6949585096514443,0.04320805742778835,-0.7381665670792327,DOWN,UP
2025-12-12,ITC,0.5498579494857658,0.03959808260006084,0.510259866885705,UP,UP
2025-12-15,ITC,-0.14913636692582832,0.04335930582754058,-0.1924956727533689,DOWN,UP
2025-12-16,ITC,-0.4729958566900061,0.03820894113551372,-0.5112047978255199,DOWN,UP
2025-12-17,ITC,0.15007656874324038,0.03836382889512116,0.11171273984811922,UP,UP
2025-12-18,ITC,0.1623361404577084,0.041138227708727854,0.12119791274898054,UP,UP
2025-12-19,ITC,0.4114261224998028,0.04321326979587832,0.3682128527039245,UP,UP
2025-12-22,ITC,1.1547041856293072,0.054175468690322054,1.1005287169389852,UP,UP
2025-12-23,ITC,-0.18411685007054812,0.03503861561761795,-0.21915546568816607,DOWN,UP
2025-12-24,ITC,-0.6025607895361218,0.03898378832882402,-0.6415445778649458,DOWN,UP
2025-12-26,ITC,-0.38351795530788824,0.04232666028403987,-0.4258446155919281,DOWN,UP
2025-12-29,ITC,-0.49677098104309314,0.035747188133747755,-0.5325181691768409,DOWN,UP
2025-12-30,ITC,0.5990998152566762,0.06133939247822609,0.5377604227784502,UP,UP
2025-12-31,ITC,-9.714638683991161,0.05001767969134688,-9.764656363682509,DOWN,UP
2026-01-01,ITC,-3.792776715419588,1.0345716701155658,-4.827348385535154,DOWN,UP
2026-01-02,ITC,-0.09997874536263884,0.21129972297960883,-0.3112784683422477,DOWN,UP
2026-01-05,ITC,-2.073205532434419,0.074963610851398,-2.1481691432858168,DOWN,UP
2026-01-06,ITC,-0.35041967126745455,0.08227362780099286,-0.4326932990684474,DOWN,UP
2026-01-07,ITC,-0.10256589114010506,-0.03833992803328727,-0.06422596310681779,DOWN,DOWN
2026-01-08,ITC,-1.1000293538106387,0.02346813641717346,-1.123497490227812,DOWN,UP
2026-01-09,ITC,0.3707548636004976,0.04780557851720751,0.32294928508329007,UP,UP
2026-01-12,ITC,-1.0933752234596472,-0.06154190596443389,-1.0318333174952132,DOWN,DOWN
2026-01-13,ITC,0.014935103419655427,0.014409574226511209,0.0005255291931442179,UP,UP
2026-01-14,ITC,0.0,0.011268868853020832,-0.011268868853020832,UP,UP
2026-01-15,ITC,-1.6579500501773703,2.296029355176161,-3.953979405353531,DOWN,UP
2026-01-16,ITC,1.2150667836198004,0.039440826236278384,1.175625957383522,UP,UP
2026-01-19,ITC,-2.0708355826155267,0.1458313181579063,-2.2166669007734328,DOWN,UP
2026-01-20,ITC,-0.47501926170839814,0.15944044061686752,-0.6344597023252656,DOWN,UP
2026-01-21,ITC,0.03079479707948085,-0.04551401394602494,0.0763088110255058,UP,DOWN
2026-01-22,ITC,-0.44636360775354156,-0.0048184590844309256,-0.44154514866911065,DOWN,DOWN
2026-01-23,ITC,-1.4687693536322155,-0.05731846522627581,-1.4114508884059398,DOWN,DOWN
2026-01-27,ITC,0.7845598769451456,0.019769757874116837,0.7647901190710288,UP,UP
2026-01-28,ITC,-0.7940176993404102,0.016177920701937566,-0.8101956200423478,DOWN,UP
2026-01-29,ITC,1.1142459902575563,-0.013286952436579139,1.1275329426941354,UP,DOWN
2026-01-30,ITC,-2.31258166400804,-0.004034143385317395,-2.3085475206227226,DOWN,DOWN
2026-02-02,ITC,0.6196319077897972,0.4923590034829306,0.12727290430686655,UP,UP
2026-02-03,ITC,-0.8842532281507332,0.5122072915530451,-1.3964605197037783,DOWN,UP
2026-02-04,ITC,-1.162973976581827,0.042056726177406994,-1.205030702759234,DOWN,UP
2026-02-05,ITC,5.029005471323411,0.06140568420578762,4.967599787117623,UP,UP
2026-02-06,ITC,-0.9208103475763063,0.02893366594935473,-0.9497440135256611,DOWN,UP
2026-02-09,ITC,-0.4337032061420887,0.07252793467860831,-0.506231140820697,DOWN,UP
2026-02-10,ITC,-0.9800852384268866,0.04777010940696241,-1.027855347833849,DOWN,UP
2026-02-11,ITC,-0.2513708697466588,0.050531997528807035,-0.30190286727546584,DOWN,UP
2026-02-12,ITC,-1.1655416805018803,0.02289766186037796,-1.1884393423622583,DOWN,UP
2026-02-13,ITC,1.3386493090139506,0.03177196133297665,1.306877347680974,UP,UP
2026-02-16,ITC,2.358861365640208,0.08416141165005905,2.274699953990149,UP,UP
2026-02-17,ITC,2.1508679482079796,0.039317391904693466,2.111550556303286,UP,UP
2026-02-18,ITC,-1.9401449752435407,0.03021880036647417,-1.9703637756100147,DOWN,UP
2026-02-19,ITC,0.30674846625766694,-0.0292231551280006,0.33597162138566755,UP,DOWN
2026-02-20,ITC,-0.48929850260416297,0.025373394485573658,-0.5146718970897366,DOWN,UP
2026-02-23,ITC,-0.5838948777266428,0.03130197396413955,-0.6151968516907824,DOWN,UP
2026-02-24,ITC,-1.1591962905718733,0.017655287823789823,-1.1768515783956632,DOWN,UP
2026-02-25,ITC,-0.4534830983678684,0.026512196760262365,-0.4799952951281307,DOWN,UP
2026-02-26,ITC,-1.4765887118129983,0.02678158287419465,-1.503370294687193,DOWN,UP
2026-02-27,ITC,0.41453691571027296,0.04355581173171209,0.3709811039785609,UP,UP
2026-03-02,ITC,-0.9367995384664485,0.04547964475027722,-0.9822791832167257,DOWN,UP
2026-03-04,ITC,-0.14425779433295816,0.08499608941647545,-0.22925388374943362,DOWN,UP
2026-03-05,ITC,-0.5778451983848298,0.03238370541522107,-0.6102289038000509,DOWN,UP
2026-03-06,ITC,-1.1947084472692326,0.04399901330969766,-1.2387074605789303,DOWN,UP
2026-03-09,ITC,0.9967280369178821,0.061100887237194035,0.935627149680688,UP,UP
2026-03-10,ITC,-0.016174662657564287,0.03390974420394269,-0.050084406861506975,DOWN,UP
2026-03-11,ITC,-1.5857585425515741,0.05865493709922335,-1.6444134796507974,DOWN,UP
2026-03-12,ITC,-0.8714218491604808,0.11233704002745194,-0.9837588891879328,DOWN,UP
2026-03-13,ITC,2.2557596674763536,0.09530793031659593,2.160451737159758,UP,UP
2026-03-16,ITC,-1.1029988309762762,0.025580628033520333,-1.1285794590097964,DOWN,UP
2026-03-17,ITC,-0.26243014417891564,0.1277797947776431,-0.39020993895655876,DOWN,UP
2026-03-18,ITC,-1.9898003735781322,0.03051839135830048,-2.020318764936433,DOWN,UP
2026-03-19,ITC,0.6543665124265852,0.018896566641709876,0.6354699457848753,UP,UP
2026-03-20,ITC,-3.1671944035271182,0.10326514184872312,-3.270459545375841,DOWN,UP
2026-03-23,ITC,0.2754304559638099,0.2616465430832183,0.013783912880591609,UP,UP
2026-03-24,ITC,1.5279011869635095,0.0967833359625071,1.4311178510010025,UP,UP
2026-03-25,ITC,-0.33818057447351224,0.04796475402065799,-0.3861453284941702,DOWN,UP
2026-03-27,ITC,-2.3752968137247255,0.07761685278066617,-2.4529136665053914,DOWN,UP
2026-03-30,ITC,1.3903370977689011,0.057262896394891565,1.3330742013740096,UP,UP
2026-04-01,ITC,0.39423854931763813,0.0742327240710342,0.3200058252466039,UP,UP
2026-04-02,ITC,0.6829434721927319,0.040009173596945356,0.6429342985957865,UP,UP
2026-04-06,ITC,1.2209618548394197,0.038068826247388186,1.1828930285920314,UP,UP
2026-04-07,ITC,1.340257944846468,0.06257883452513653,1.2776791103213314,UP,UP
2026-04-08,ITC,0.18184419598974433,0.14552144885548535,0.03632274713425898,UP,UP
2026-04-09,ITC,0.4125412541254203,0.033379455026582176,0.3791617990988381,UP,UP
2026-04-10,ITC,-1.8405936248202526,0.04253771555366745,-1.88313134037392,DOWN,UP
2026-04-13,ITC,1.1384543666399072,-0.06336047140903821,1.2018148380489453,UP,DOWN
2026-04-15,ITC,0.44694790864912015,0.031000409852492364,0.4159474987966278,UP,UP
2026-04-16,ITC,1.1206308387878172,0.03253132193884272,1.0880995168489744,UP,UP
2026-04-17,ITC,-0.5866974786789769,0.0690906541361937,-0.6557881328151707,DOWN,UP
2026-04-20,ITC,1.5245881627817592,0.035943971178101206,1.4886441916036581,UP,UP
2026-04-21,ITC,-1.3402208875456068,0.08897688845315768,-1.4291977759987644,DOWN,UP
2026-04-22,ITC,-0.06547044420007753,0.10636600203762152,-0.17183644623769906,DOWN,UP
2026-04-23,ITC,-1.211916749882802,0.03692766005689717,-1.2488444099396991,DOWN,UP
2026-04-24,ITC,0.7460212050618198,0.03779911017888692,0.7082220948829329,UP,UP
2026-04-27,ITC,0.19746785962255764,0.044229832944191985,0.15323802667836567,UP,UP
2026-04-28,ITC,3.875837516782421,0.035071752833550976,3.84076576394887,UP,UP
2026-04-29,ITC,-0.42687940032114513,0.36740444830182584,-0.794283848622971,DOWN,UP
2026-04-30,ITC,0.0,0.03521639682409219,-0.03521639682409219,UP,UP
2026-05-01,ITC,-1.2067284428776137,2.1100972680996803,-3.316825710977294,DOWN,UP
2026-05-04,ITC,0.11250597770775528,0.06117355266217172,0.05133242504558356,UP,UP
2026-05-05,ITC,-0.24080910920030174,0.05333271510916632,-0.29414182430946806,DOWN,UP
2026-05-06,ITC,-1.0621236501104359,0.043485369161238546,-1.1056090192716743,DOWN,UP
2026-05-07,ITC,0.016271409089130273,0.10244640474230532,-0.08617499565317505,UP,UP
2026-05-08,ITC,-0.5204117872788405,0.042421030042854566,-0.5628328173216951,DOWN,UP
2026-05-11,ITC,-1.6838299145697455,0.041612563190080436,-1.7254424777598258,DOWN,UP
2026-05-12,ITC,1.2470900724201206,0.08248135373129681,1.1646087186888239,UP,UP
2026-05-13,ITC,0.9032681523198471,0.09941157296915511,0.803856579350692,UP,UP
2026-05-14,ITC,0.7324218458961695,0.0196663578753045,0.7127554880208651,UP,UP
2026-05-15,ITC,0.22620186196173897,0.029112264660917108,0.19708959730082187,UP,UP
2026-05-18,ITC,0.04836172801423455,0.0304673034594755,0.01789442455475905,UP,UP
2026-05-19,ITC,-0.8862391582931006,0.024078738240477557,-0.9103178965335782,DOWN,UP
2026-05-20,ITC,0.1625751974786649,0.03912969867752469,0.1234454988011402,UP,UP
2026-05-21,ITC,-2.0613458326786627,0.03945217633552463,-2.1007980090141873,DOWN,UP
2026-05-22,ITC,0.7457739174554723,0.05180871998186394,0.6939651974736083,UP,UP
2026-05-25,ITC,-0.7567093989719109,0.05471547662907343,-0.8114248756009843,DOWN,UP
2026-05-26,ITC,-3.2156412682646462,0.057426256633938216,-3.2730675248985843,DOWN,UP
2026-05-27,ITC,0.0,0.1835280499256545,-0.1835280499256545,UP,UP
2026-05-28,ITC,-1.7297544440469936,2.0357161422153096,-3.7654705862623032,DOWN,UP
2026-05-29,ITC,-2.527012950239327,0.11839334561538417,-2.645406295854711,DOWN,UP
2026-06-01,ITC,1.2873256506660935,0.15083107158135148,1.136494579084742,UP,UP
2026-06-02,ITC,-2.206531332744921,0.04114089274129078,-2.2476722254862116,DOWN,UP
2026-06-03,ITC,1.1913313332017061,-0.03637994807836551,1.2277112812800717,UP,DOWN
2026-06-04,ITC,0.14271296164234393,0.0037593321014205384,0.13895362954092338,UP,UP
2026-06-05,ITC,-0.44531526385472864,0.019972600987817744,-0.46528786484254636,DOWN,UP
2026-06-08,ITC,0.1968107958289389,0.015348685953338886,0.18146210987560002,UP,UP
2026-06-09,ITC,1.3035692487444184,0.025416419788991344,1.278152828955427,UP,UP
2026-06-10,ITC,-0.44068395095970825,0.044591955451193,-0.48527590641090124,DOWN,UP
2026-06-11,ITC,0.9560949948252961,0.027951612422984412,0.9281433824023118,UP,UP
2026-06-12,ITC,0.9821072371188011,0.03509407856308112,0.94701315855572,UP,UP
2026-06-15,ITC,1.3025356302537316,0.020481476266895754,1.282054153986836,UP,UP
2026-06-16,ITC,-0.3085869759365756,0.08696246556317812,-0.3955494414997537,DOWN,UP
2026-06-17,ITC,0.13757313722593256,0.03144388533987983,0.10612925188605274,UP,UP
2026-06-18,ITC,0.4636806222965584,0.03218356039948204,0.4314970618970763,UP,UP
2026-06-19,ITC,-0.42735042735042583,0.005118648211187283,-0.4324690755616131,DOWN,UP
2026-06-22,ITC,-0.42918454935622075,0.037653232654607356,-0.4668377820108281,DOWN,UP
2026-06-23,ITC,0.12069175983298042,0.03785226208849037,0.08283949774449004,UP,UP
2026-06-24,ITC,-0.12054627041779842,0.028943439369372225,-0.14948970978717063,DOWN,UP
2026-06-25,ITC,0.0,0.024722735726118366,-0.024722735726118366,UP,UP
2026-06-26,ITC,0.24138351966593863,2.1108285865194962,-1.8694450668535576,UP,UP
2026-06-29,ITC,-1.2899896259135013,0.03766099965872217,-1.3276506255722236,DOWN,UP
2026-06-30,ITC,1.1674422176084498,0.01829661963640904,1.1491455979720409,UP,UP
2026-07-01,ITC,-0.1377863979689975,0.02994525315286671,-0.16773165112186422,DOWN,UP
2026-07-02,ITC,0.017253643187298273,0.022810022344319388,-0.005556379157021115,UP,UP
2026-07-03,ITC,-0.586312169498171,0.01556838982369838,-0.6018805593218693,DOWN,UP
2026-07-06,ITC,0.17346053772766545,0.03678361946913874,0.1366769182585267,UP,UP
2026-07-07,ITC,-2.805196918966446,0.02246094873477401,-2.82765786770122,DOWN,UP
2026-07-08,ITC,0.49883981005920397,0.06789946124507867,0.4309403488141253,UP,UP
2026-07-09,ITC,-0.10635979647301008,0.042365464311985325,-0.1487252607849954,DOWN,UP
2026-07-10,ITC,-0.7453437811945407,0.05766510212277964,-0.8030088833173203,DOWN,UP
2026-07-13,ITC,-1.4661205767926067,0.05313389743317913,-1.5192544742257859,DOWN,UP
2026-07-14,ITC,0.39920382952152167,0.01770894569234266,0.381494883829179,UP,UP
2026-07-15,ITC,0.9759668413517275,0.053907580161309906,0.9220592611904176,UP,UP
2026-07-16,ITC,0.48326689601552175,0.036531183655093086,0.44673571236042864,UP,UP
2026-07-17,ITC,0.7125044221675703,0.024742806683897785,0.6877616154836724,UP,UP
2026-07-20,ITC,-0.6013484731604013,0.025992507969765224,-0.6273409811301666,DOWN,UP
2026-07-21,ITC,-0.07117872136342962,0.039010046254196754,-0.11018876761762637,DOWN,UP
2026-07-22,ITC,0.17806268580347062,0.01576993303579426,0.16229275276767635,UP,UP
2026-07-23,ITC,0.7643172795460229,0.04307691857484342,0.7212403609711795,UP,UP
2026-07-24,ITC,0.846707988402362,0.04603645125586678,0.8006715371464953,UP,UP
2026-07-27,ITC,-0.4198048561862455,0.03103887192465185,-0.45084372811089735,DOWN,UP
2026-07-28,ITC,0.5620959556730254,0.013886988766164357,0.548208966906861,UP,UP
2026-07-29,ITC,-0.41921823826419624,0.0288091416878279,-0.44802737995202413,DOWN,UP
2026-07-30,ITC,-1.4207991462572012,0.016740146539907498,-1.4375392927971087,DOWN,UP
2026-07-31,ITC,2.1352313167259718,0.06381714955805637,2.0714141671679154,UP,UP
2026-08-03,ITC,0.6968641114982521,-0.03013488644088287,0.726998997939135,UP,DOWN
2026-08-04,ITC,-0.7093383366673867,0.026440505465203476,-0.7357788421325901,DOWN,UP
2026-08-05,ITC,-0.3659237727403508,0.041368224235855344,-0.40729199697620616,DOWN,UP
2026-08-06,ITC,0.06995880073494831,0.03586484359061995,0.03409395714432836,UP,UP
2026-08-07,ITC,-1.2058763136771788,0.08445454077663735,-1.2903308544538161,DOWN,UP
2026-08-10,ITC,-1.2913475943046038,0.06142715718327377,-1.3527747514878776,DOWN,UP
2026-08-11,ITC,-1.021507563984092,0.04542929380033483,-1.066936857784427,DOWN,UP
2026-08-12,ITC,0.8509890115719232,0.034275120949764315,0.8167138906221589,UP,UP
2026-08-13,ITC,-0.10771554505161207,0.062311266084005536,-0.1700268111356176,DOWN,UP
2026-08-14,ITC,-1.8511948914761156,0.03671488857877886,-1.8879097800548945,DOWN,UP
2026-08-17,ITC,-1.1170071156645922,0.059503260559655276,-1.1765103762242475,DOWN,UP
2026-08-18,ITC,-1.0925971137152768,0.028057515657791906,-1.1206546293730686,DOWN,UP
2026-08-19,ITC,1.7225262362048133,0.03140296747048961,1.6911232687343236,UP,UP
2026-08-20,ITC,-0.8282716917186406,0.08351942675503389,-0.9117911184736744,DOWN,UP
2026-08-21,ITC,0.11136537392133494,0.041448071728139475,0.06991730219319547,UP,UP
2026-08-24,ITC,0.6303231785351748,0.03894232073650381,0.591380857798671,UP,UP
2026-08-25,ITC,-0.4237265741881324,0.04551719783298298,-0.4692437720211154,DOWN,UP
2026-08-26,ITC,-0.46253469010175685,0.05434554391123564,-0.5168802340129925,DOWN,UP
2026-08-27,ITC,-1.115241635687736,0.0525532489498534,-1.1677948846375894,DOWN,UP
2026-08-28,ITC,-3.9473684210526327,0.024666281996605862,-3.9720347030492387,DOWN,UP
2026-08-31,ITC,4.344425089438597,0.46444388041134926,3.879981209027248,UP,UP
2026-09-01,ITC,-0.11253499762876595,-0.07298410876644781,-0.03955088886231814,DOWN,DOWN
2026-09-02,ITC,-1.2391993782344013,-0.005292967808326746,-1.2339064104260746,DOWN,DOWN
2025-09-22,Infosys,-0.13337779259753324,-0.11649768317238461,-0.01688010942514863,DOWN,DOWN
2025-09-23,Infosys,-0.19365772381051416,0.026268455896162054,-0.21992617970667622,DOWN,UP
2025-09-24,Infosys,-0.6556889413818268,0.014833944150742559,-0.6705228855325693,DOWN,UP
2025-09-25,Infosys,-2.4178356164789028,0.04269356226731081,-2.4605291787462136,DOWN,UP
2025-09-26,Infosys,-0.4900252237078129,-0.13243594901879324,-0.35758927468901963,DOWN,DOWN
2025-09-29,Infosys,0.0,0.012049227105798217,-0.012049227105798217,UP,UP
2025-09-30,Infosys,0.2774309796459651,0.016272816142743028,0.2611581635032221,UP,UP
2025-10-01,Infosys,0.05532762005788783,0.018530210090031418,0.03679740996785641,UP,UP
2025-10-03,Infosys,2.032353443263002,0.03480775604969844,1.9975456872133035,UP,UP
2025-10-06,Infosys,-1.185636856368566,0.13924053108708484,-1.3248773874556508,DOWN,UP
2025-10-07,Infosys,2.5025711347274493,0.038304278189447365,2.464266856538002,UP,UP
2025-10-08,Infosys,0.9565250052257612,0.12320198140248112,0.83332302382328,UP,UP
2025-10-09,Infosys,0.37103129959383807,0.011507164704411916,0.35952413488942614,UP,UP
2025-10-10,Infosys,-1.4324425963740173,0.010654091140088005,-1.4430966875141054,DOWN,UP
2025-10-13,Infosys,-0.22099697734537793,0.023954091381404936,-0.24495106872678288,DOWN,UP
2025-10-14,Infosys,-1.0403382606893885,0.022820508973243663,-1.0631587696626321,DOWN,UP
2025-10-15,Infosys,-0.19669183166318716,0.02040802121315211,-0.21709985287633926,DOWN,UP
2025-10-16,Infosys,-2.0659207892669063,0.026213047940715665,-2.092133837207622,DOWN,UP
2025-10-17,Infosys,1.3739538660441974,-0.008902895884816938,1.3828567619290144,UP,DOWN
2025-10-20,Infosys,0.7871859680892657,0.17458560890926658,0.6126003591799991,UP,UP
2025-10-21,Infosys,3.810104228180955,0.03610593337716445,3.7739982948037905,UP,UP
2025-10-23,Infosys,-0.20281161831452454,0.22679594117780513,-0.42960755949232965,DOWN,UP
2025-10-24,Infosys,-1.370134002855461,0.006817547133260483,-1.3769515499887215,DOWN,UP
2025-10-27,Infosys,-0.28581248442173246,0.014906079248963928,-0.3007185636706964,DOWN,UP
2025-10-28,Infosys,0.6799142497118327,0.003365349461644218,0.6765489002501884,UP,UP
2025-10-29,Infosys,-1.0990449760074128,0.024301519468460993,-1.1233464954758738,DOWN,UP
2025-10-30,Infosys,-0.7698486828288442,0.004579806064071778,-0.774428488892916,DOWN,UP
2025-10-31,Infosys,0.21587742470932092,0.02435002195356949,0.19152740275575142,UP,UP
2025-11-03,Infosys,-1.1847846237588389,0.03017861809982524,-1.214963241858664,DOWN,UP
2025-11-04,Infosys,-0.08175442620259599,0.010211738264643016,-0.091966164467239,DOWN,UP
2025-11-06,Infosys,0.6886273943201626,0.013174962556359948,0.6754524317638027,UP,UP
2025-11-07,Infosys,2.4850995367312834,0.029385439653866006,2.455714097077417,UP,UP
2025-11-10,Infosys,1.1100131369755628,0.20720830569496762,0.9028048312805952,UP,UP
2025-11-11,Infosys,1.398412184599862,0.038972048234939834,1.3594401363649222,UP,UP
2025-11-12,Infosys,-0.6380036511745346,0.1928175440530872,-0.8308211952276219,DOWN,UP
2025-11-13,Infosys,-2.5295108811056677,0.02241991315953123,-2.551930794265199,DOWN,UP
2025-11-14,Infosys,0.3193988955187743,-0.20824091030040862,0.5276398058191829,UP,DOWN
2025-11-17,Infosys,-1.40620532735386,0.07033994993402294,-1.4765452772878829,DOWN,UP
2025-11-18,Infosys,3.6800289473513548,0.013731516419840085,3.6662974309315146,UP,UP
2025-11-19,Infosys,-0.29848651345208976,0.11234934560427413,-0.4108358590563639,DOWN,UP
2025-11-20,Infosys,0.5532053368044298,0.024877912381497568,0.5283274244229322,UP,UP
2025-11-21,Infosys,0.1941747572815622,0.009972485159165972,0.18420227212239623,UP,UP
2025-11-24,Infosys,-1.1240325848877575,0.023189059020523484,-1.147221643908281,DOWN,UP
2025-11-25,Infosys,1.7836174874936939,-0.010440682165818125,1.794058169659512,UP,DOWN
2025-11-26,Infosys,0.5456062562934294,0.14600800783370643,0.39959824845972297,UP,UP
2025-11-27,Infosys,-0.4021992294389598,0.019117315160908244,-0.42131654459986806,DOWN,UP
2025-11-28,Infosys,0.24998554420192498,-0.003132875259226623,0.2531184194611516,UP,DOWN
2025-12-01,Infosys,-0.19181585677748858,0.021134036702998436,-0.212949893480487,DOWN,UP
2025-12-02,Infosys,1.1338854049887992,0.027599212031786505,1.1062861929570127,UP,UP
2025-12-03,Infosys,1.197189142878785,0.0628455821140963,1.1343435607646888,UP,UP
2025-12-04,Infosys,1.1642448591748122,0.044428398296680494,1.1198164608781318,UP,UP
2025-12-05,Infosys,-0.3341110324768026,-0.007107047987272175,-0.32700398448953044,DOWN,DOWN
2025-12-08,Infosys,-0.7325582611392156,-0.011424550981808905,-0.7211337101574067,DOWN,DOWN
2025-12-09,Infosys,-0.8880519807301424,-0.0013459785813789331,-0.8867060021487634,DOWN,DOWN
2025-12-10,Infosys,0.8329095636787631,-0.008615404459472231,0.8415249681382353,UP,DOWN
2025-12-11,Infosys,0.012512588978408345,-0.010356023637274938,0.022868612615683286,UP,DOWN
2025-12-12,Infosys,0.5381114953697752,0.013564199082207639,0.5245472962875676,UP,UP
2025-12-15,Infosys,-0.8650749310220696,0.013543019345138846,-0.8786179503672084,DOWN,UP
2025-12-16,Infosys,0.5712835360954127,0.01152832382486876,0.5597552122705439,UP,UP
2025-12-17,Infosys,1.5480679667993158,0.02102877746807148,1.5270391893312443,UP,UP
2025-12-18,Infosys,0.7314913933228695,0.11630028903699711,0.6151911042858724,UP,UP
2025-12-19,Infosys,3.1061222878332684,-0.015408597219308325,3.121530885052577,UP,DOWN
2025-12-22,Infosys,-1.260649092423538,0.06315332274997446,-1.3238024151735126,DOWN,UP
2025-12-23,Infosys,-0.29371361689429776,0.010375802191919003,-0.3040894190862168,DOWN,UP
2025-12-24,Infosys,-0.4388630949248906,0.011909209141157402,-0.450772304066048,DOWN,UP
2025-12-26,Infosys,-0.6883657135511423,0.016054431390752345,-0.7044201449418946,DOWN,UP
2025-12-29,Infosys,-1.404510018345806,-0.00416330467760433,-1.4003467136682015,DOWN,DOWN
2025-12-30,Infosys,-0.3823354258274958,-0.04889348713149975,-0.33344193869599603,DOWN,DOWN
2025-12-31,Infosys,0.8914215795734926,0.008936620353786371,0.8824849592197062,UP,UP
2026-01-01,Infosys,0.6503850330326744,0.01724910857028246,0.6331359244623919,UP,UP
2026-01-02,Infosys,-2.072665172761412,0.03270831470065468,-2.105373487462067,DOWN,UP
2026-01-05,Infosys,0.3610512120060472,-0.05813830669423689,0.4191895187002841,UP,DOWN
2026-01-06,Infosys,1.6623278526118668,0.006695309084668789,1.655632543527198,UP,UP
2026-01-07,Infosys,-1.5680263070088518,0.09311431294847022,-1.661140619957322,DOWN,UP
2026-01-08,Infosys,0.04958326000135127,-0.007545345650626047,0.05712860565197732,UP,DOWN
2026-01-09,Infosys,-1.1275603399515721,-0.015141658484391791,-1.1124186814671804,DOWN,DOWN
2026-01-12,Infosys,0.19424622711410322,-0.020059536611279318,0.21430576372538254,UP,DOWN
2026-01-13,Infosys,0.05003432320982437,-0.02588124760495515,0.07591557081477952,UP,DOWN
2026-01-14,Infosys,0.0,-0.018277922243762682,0.018277922243762682,UP,DOWN
2026-01-15,Infosys,5.625703041197316,0.5313743972179604,5.094328643979356,UP,UP
2026-01-16,Infosys,-0.5089417332076795,-0.8362977485909853,0.3273560153833057,DOWN,DOWN
2026-01-19,Infosys,-1.3264291818631313,0.0381809315202945,-1.3646101133834259,DOWN,UP
2026-01-20,Infosys,-0.27126408667028645,0.004567685560536342,-0.2758317722308228,DOWN,UP
2026-01-21,Infosys,0.5500468720774032,0.005407182573128593,0.5446396895042747,UP,UP
2026-01-22,Infosys,0.4388367194544607,0.025520440290800278,0.4133162791636604,UP,UP
2026-01-23,Infosys,0.71222779482778,0.025539752946070315,0.6866880418817096,UP,UP
2026-01-27,Infosys,-0.9627355822167227,0.030426112239672284,-0.993161694456395,DOWN,UP
2026-01-28,Infosys,-0.42004200420041604,-0.03457510955439056,-0.38546689464602546,DOWN,DOWN
2026-01-29,Infosys,-1.114793612533893,-0.007093839479033042,-1.1076997730548601,DOWN,DOWN
2026-01-30,Infosys,-0.7068845573392712,-0.04190570932132042,-0.6649788480179508,DOWN,DOWN
2026-02-02,Infosys,1.6325012389454718,0.007457718199196512,1.6250435207462752,UP,UP
2026-02-03,Infosys,-7.2584511577219235,0.019339873534505746,-7.277791031256429,DOWN,UP
2026-02-04,Infosys,-1.0157635864221692,0.5690565061419377,-1.584820092564107,DOWN,UP
2026-02-05,Infosys,-0.8617271416065497,-0.04740377313310333,-0.8143233684734464,DOWN,DOWN
2026-02-06,Infosys,-0.6568923478492916,-0.012543347365684899,-0.6443490004836068,DOWN,DOWN
2026-02-09,Infosys,0.04008133020445559,0.019935123012241592,0.020146207192213997,UP,UP
2026-02-10,Infosys,-1.7292044044414756,0.020734939409006108,-1.7499393438504818,DOWN,UP
2026-02-11,Infosys,-5.835995854966969,0.13119921437715615,-5.967195069344125,DOWN,UP
2026-02-12,Infosys,-1.2193379808125848,0.3035178070393969,-1.5228557878519817,DOWN,UP
2026-02-13,Infosys,-0.25564239737145833,0.599920493742919,-0.8555628911143773,DOWN,UP
2026-02-16,Infosys,1.874632106298435,0.1302819660730299,1.7443501402254051,UP,UP
2026-02-17,Infosys,-1.2579068871630517,0.029078245671500063,-1.2869851328345516,DOWN,UP
2026-02-18,Infosys,-0.23294396779625082,0.24556046178154528,-0.4785044295777961,DOWN,UP
2026-02-19,Infosys,-1.2623165872400532,0.1745243936137188,-1.436840980853772,DOWN,UP
2026-02-20,Infosys,-1.8991983519966005,0.10407196792380127,-2.003270319920402,DOWN,UP
2026-02-23,Infosys,-3.917137476459509,-0.02137612415369169,-3.895761352305817,DOWN,DOWN
2026-02-24,Infosys,1.1446472431154486,-0.042429813427433925,1.1870770565428825,UP,DOWN
2026-02-25,Infosys,-0.07751337252338564,0.17493049669809543,-0.2524438692214811,DOWN,UP
2026-02-26,Infosys,0.8533085259737172,0.09076665999470372,0.7625418659790135,UP,UP
2026-02-27,Infosys,-0.8614684549030471,0.18252461053552135,-1.0439930654385685,DOWN,UP
2026-03-02,Infosys,1.435332426842817,0.01963198217732515,1.4157004446654917,UP,UP
2026-03-04,Infosys,-0.12237842711182445,0.3043034821585918,-0.42668190927041627,DOWN,UP
2026-03-05,Infosys,0.19910977858139667,0.04633044177884758,0.1527793368025491,UP,UP
2026-03-06,Infosys,0.5044310197787727,0.07958252855895358,0.4248484912198191,UP,UP
2026-03-09,Infosys,-1.475287027685357,0.11143757522050254,-1.5867246029058595,DOWN,UP
2026-03-10,Infosys,-1.4896516765588896,0.12611934865872632,-1.615771025217616,DOWN,UP
2026-03-11,Infosys,-0.822690558512551,0.09500323333036662,-0.9176937918429177,DOWN,UP
2026-03-12,Infosys,-1.3825248321171602,0.10082907563637855,-1.4833539077535387,DOWN,UP
2026-03-13,Infosys,0.12016341755398674,0.06323200354014179,0.05693141401384495,UP,UP
2026-03-16,Infosys,-1.352218255224813,0.065865749511507,-1.41808400473632,DOWN,UP
2026-03-17,Infosys,2.773943587853256,0.057036543741057655,2.7169070441121983,UP,UP
2026-03-18,Infosys,-3.654007390885028,0.34182712995454667,-3.9958345208395745,DOWN,UP
2026-03-19,Infosys,2.875161712160046,-0.07315784158961156,2.9483195537496574,UP,DOWN
2026-03-20,Infosys,0.07166369906572712,0.4066069657717884,-0.3349432667060613,UP,UP
2026-03-23,Infosys,1.7106937591263804,0.07508059043074546,1.635613168695635,UP,UP
2026-03-24,Infosys,0.06257738615795816,0.2655690291283824,-0.2029916429704242,UP,UP
2026-03-25,Infosys,-0.7348936434586784,0.09793803452647701,-0.8328316779851553,DOWN,UP
2026-03-27,Infosys,-1.5042904875525176,0.09793394062966743,-1.602224428182185,DOWN,UP
2026-03-30,Infosys,2.007034709414368,0.0872006858274352,1.919834023586933,UP,UP
2026-04-01,Infosys,1.9675549593925146,0.26410736731410106,1.7034475920784136,UP,UP
2026-04-02,Infosys,0.41512162830981136,0.26136490018727604,0.15375672812253532,UP,UP
2026-04-06,Infosys,2.541729787418956,0.08286324913495707,2.4588665382839987,UP,UP
2026-04-07,Infosys,0.5076845329151869,0.3618966135901138,0.14578791932507307,UP,UP
2026-04-08,Infosys,-1.0845324703234516,0.13032999412929303,-1.2148624644527446,DOWN,UP
2026-04-09,Infosys,-2.936315432773462,0.04834424313216453,-2.9846596759056263,DOWN,UP
2026-04-10,Infosys,-1.2146964156189544,-0.1297152833268938,-1.0849811322920606,DOWN,DOWN
2026-04-13,Infosys,2.232142771779966,0.1282116313141792,2.1039311404657868,UP,UP
2026-04-15,Infosys,1.06488177612718,0.3329226977717402,0.7319590783554398,UP,UP
2026-04-16,Infosys,-0.03790176004447865,0.08536444742087985,-0.1232662074653585,DOWN,UP
2026-04-17,Infosys,-0.4625749459167494,0.025412073767458198,-0.4879870196842076,DOWN,UP
2026-04-20,Infosys,0.045708943859290585,0.0581023071810644,-0.012393363321773813,UP,UP
2026-04-21,Infosys,-3.3962821538439214,0.061415302060760756,-3.457697455904682,DOWN,UP
2026-04-22,Infosys,-2.207157538929283,-0.05888871116356465,-2.1482688277657185,DOWN,DOWN
2026-04-23,Infosys,-6.932129751121597,-0.03409966416988067,-6.898030086951716,DOWN,DOWN
2026-04-24,Infosys,1.3597846504560973,0.29983652989706594,1.0599481205590313,UP,UP
2026-04-27,Infosys,-1.5551629909280162,0.5729004811780715,-2.1280634721060876,DOWN,UP
2026-04-28,Infosys,1.3366916708968946,0.06917947940370334,1.2675121914931913,UP,UP
2026-04-29,Infosys,1.224843582708779,0.6257608252266469,0.599082757482132,UP,UP
2026-04-30,Infosys,0.0,0.5000109916487867,-0.5000109916487867,UP,UP
2026-05-01,Infosys,-1.133865616890939,1.407981002956656,-2.541846619847595,DOWN,UP
2026-05-04,Infosys,0.8301909422451015,0.1164073073855942,0.7137836348595072,UP,UP
2026-05-05,Infosys,-0.9252206637761162,0.2809789604483278,-1.206199624224444,DOWN,UP
2026-05-06,Infosys,-0.38553805588168455,0.15881733553613558,-0.5443553914178201,DOWN,UP
2026-05-07,Infosys,1.4191107502300904,0.08919547219888624,1.329915278031204,UP,UP
2026-05-08,Infosys,-0.18656303112026817,0.7169172297341285,-0.9034802608543967,DOWN,UP
2026-05-11,Infosys,-3.1180927078908294,0.12747601229781044,-3.24556872018864,DOWN,UP
2026-05-12,Infosys,-1.508381347511456,0.13266685558973024,-1.6410482031011862,DOWN,UP
2026-05-13,Infosys,-2.5020012640706635,0.15183845940171234,-2.653839723472376,DOWN,UP
2026-05-14,Infosys,2.191780821917799,0.049548453682449686,2.1422323682353497,UP,UP
2026-05-15,Infosys,2.10008936550492,0.7705706449613277,1.3295187205435925,UP,UP
2026-05-18,Infosys,4.761490101887311,0.8126568551741434,3.9488332467131677,UP,UP
2026-05-19,Infosys,-0.26736345366473735,0.7374239837043051,-1.0047874373690424,DOWN,UP
2026-05-20,Infosys,-1.0471643219662097,0.11729372428037191,-1.1644580462465817,DOWN,UP
2026-05-21,Infosys,-0.5672156661730265,0.12359641481333346,-0.69081208098636,DOWN,UP
2026-05-22,Infosys,-0.5108556832694733,0.09063661978013732,-0.6014923030496107,DOWN,UP
2026-05-25,Infosys,-0.06846802123449125,0.11592432924514777,-0.18439235047963903,DOWN,UP
2026-05-26,Infosys,-0.6679735449149127,0.14840153474184123,-0.8163750796567539,DOWN,UP
2026-05-27,Infosys,0.0,0.1000328126861257,-0.1000328126861257,UP,UP
2026-05-28,Infosys,0.08621432700677278,1.6195764686993745,-1.5333621416926018,UP,UP
2026-05-29,Infosys,3.583424473346364,-0.17978081290194534,3.763205286248309,UP,DOWN
2026-06-01,Infosys,5.679837740384608,1.172029841141046,4.507807899243562,UP,UP
2026-06-02,Infosys,-3.7928919885260814,-0.6057499698892596,-3.187142018636822,DOWN,DOWN
2026-06-03,Infosys,-1.7421828221127145,-0.2744264374020124,-1.467756384710702,DOWN,DOWN
2026-06-04,Infosys,-0.31632803410205357,0.14787363137309376,-0.4642016654751473,DOWN,UP
2026-06-05,Infosys,-0.8267243769571997,0.10208359080753673,-0.9288079677647364,DOWN,UP
2026-06-08,Infosys,-0.6146789245436657,0.13728302294389785,-0.7519619474875635,DOWN,UP
2026-06-09,Infosys,-2.965347670259788,0.057926559506467995,-3.023274229766256,DOWN,UP
2026-06-10,Infosys,-2.680526668413219,-0.2954431830073928,-2.385083485405826,DOWN,DOWN
2026-06-11,Infosys,0.16149729656855794,-0.08105731343854358,0.24255461000710152,UP,DOWN
2026-06-12,Infosys,1.6571121099455022,0.12221572939827631,1.5348963805472258,UP,UP
2026-06-15,Infosys,0.7665830456182077,0.6625543556564537,0.10402868996175396,UP,UP
2026-06-16,Infosys,1.2329464748994212,0.34378308462857166,0.8891633902708496,UP,UP
2026-06-17,Infosys,-2.608616433066724,0.49200123482008673,-3.1006176678868105,DOWN,UP
2026-06-18,Infosys,-6.749443510947895,-0.0856685940441681,-6.663774916903727,DOWN,DOWN
2026-06-19,Infosys,1.3315578918501547,-0.09617877637060415,1.4277366682207588,UP,DOWN
2026-06-22,Infosys,-3.388396354298129,0.5589025941804777,-3.9472989484786067,DOWN,UP
2026-06-23,Infosys,2.6522807211457833,-0.23430136708176477,2.886582088227548,UP,DOWN
2026-06-24,Infosys,-1.4575075496781498,0.840399062596598,-2.2979066122747476,DOWN,UP
2026-06-25,Infosys,0.0,0.16974833905515474,-0.16974833905515474,UP,UP
2026-06-26,Infosys,-0.43219364301114727,1.761847790961508,-2.1940414339726555,DOWN,UP
2026-06-29,Infosys,-3.501488228756988,0.1690660325882229,-3.670554261345211,DOWN,UP
2026-06-30,Infosys,-1.509399865312655,0.060675023020943256,-1.5700748883335982,DOWN,UP
2026-07-01,Infosys,5.642955172021824,0.0800581206566968,5.562897051365128,UP,UP
2026-07-02,Infosys,0.6052384100345032,-0.2748535281476705,0.8800919381821737,UP,DOWN
2026-07-03,Infosys,-0.47746373502067785,0.15260654556270117,-0.630070280583379,DOWN,UP
2026-07-06,Infosys,2.840155348593809,0.16498778271763043,2.675167565876179,UP,UP
2026-07-07,Infosys,-0.23325246184989767,0.35183985111981925,-0.585092312969717,DOWN,UP
2026-07-08,Infosys,-1.7301037272255515,0.10522543540143811,-1.8353291626269896,DOWN,UP
2026-07-09,Infosys,1.636843392903975,0.033575598493035395,1.6032677944109395,UP,UP
2026-07-10,Infosys,3.2396980885709192,0.6138896339640865,2.6258084546068328,UP,UP
2026-07-13,Infosys,-0.879734390227993,0.27715181944259937,-1.1568862096705925,DOWN,UP
2026-07-14,Infosys,-1.5188924160594919,0.11955163245694198,-1.6384440485164338,DOWN,UP
2026-07-15,Infosys,0.5667541864909476,0.14209835058198844,0.4246558359089591,UP,UP
2026-07-16,Infosys,1.3026584689491472,0.14693254877275827,1.155725920176389,UP,UP
2026-07-17,Infosys,-0.8572753683595558,0.5469507472999579,-1.4042261156595135,DOWN,UP
2026-07-20,Infosys,-1.2510326456963816,0.057639542058771545,-1.3086721877551533,DOWN,UP
2026-07-21,Infosys,-1.9934815476537082,0.13008514092796408,-2.1235666885816724,DOWN,UP
2026-07-22,Infosys,-0.4467209657768034,0.002475333815274866,-0.4491962995920783,DOWN,UP
2026-07-23,Infosys,-0.6205842895255054,0.09386935945846461,-0.71445364898397,DOWN,UP
2026-07-24,Infosys,3.6795009952441893,0.22973895189052804,3.4497620433536613,UP,UP
2026-07-27,Infosys,2.45552272043974,1.0215936296292771,1.433929090810463,UP,UP
2026-07-28,Infosys,4.5129806111663395,0.9557319966743556,3.557248614491984,UP,UP
2026-07-29,Infosys,-0.043267567546156904,0.5942757193716912,-0.6375432869178481,DOWN,UP
2026-07-30,Infosys,-2.16431482368602,0.17032077810428137,-2.334635601790301,DOWN,UP
2026-07-31,Infosys,4.415540703661214,0.03813321919742069,4.377407484463793,UP,UP
2026-08-03,Infosys,-1.0593220338983023,0.528121637015269,-1.5874436709135713,DOWN,UP
2026-08-04,Infosys,0.5567451820128522,0.12602181771750637,0.4307233642953458,UP,UP
2026-08-05,Infosys,-0.7666098807495692,0.19901795922426088,-0.9656278399738301,DOWN,UP
2026-08-06,Infosys,0.8669506940718774,0.11465645210150982,0.7522942419703675,UP,UP
2026-08-07,Infosys,0.6722853015228125,0.33447991824969464,0.3378053832731179,UP,UP
2026-08-10,Infosys,0.6508834464814095,0.22702649173974745,0.4238569547416621,UP,UP
2026-08-11,Infosys,-1.2261674800245315,0.13524565385242707,-1.3614131338769586,DOWN,UP
2026-08-12,Infosys,-0.09352738787273829,0.12670569596650286,-0.22023308383924114,DOWN,UP
2026-08-13,Infosys,-0.4936211768617027,0.11764232941737976,-0.6112635062790824,DOWN,UP
2026-08-14,Infosys,-2.5059808400133443,0.1235383948740883,-2.6295192348874328,DOWN,UP
2026-08-17,Infosys,-2.184404235525983,-0.007839805589565246,-2.1765644299364175,DOWN,DOWN
2026-08-18,Infosys,0.4304976527466309,0.034843670902796144,0.3956539818438347,UP,UP
2026-08-19,Infosys,0.910872542160468,0.16094519939534016,0.7499273427651278,UP,UP
2026-08-20,Infosys,-0.7964601769911539,0.2874443299599503,-1.0839045069511042,DOWN,UP
2026-08-21,Infosys,0.802854594112401,0.10808600738119248,0.6947685867312086,UP,UP
2026-08-24,Infosys,1.2389380530973382,0.24089572017784164,0.9980423329194965,UP,UP
2026-08-25,Infosys,-2.0979020979020935,0.5306584527653068,-2.6285605506674004,DOWN,UP
2026-08-26,Infosys,-0.8214242117745574,0.007914084636106345,-0.8293382964106637,DOWN,UP
2026-08-27,Infosys,2.988832347180792,0.1339369576718482,2.8548953895089437,UP,UP
2026-08-28,Infosys,-0.8916041234156458,0.9251414354699282,-1.8167455588855739,DOWN,UP
2026-08-31,Infosys,1.9580128960851928,0.1442451602849196,1.8137677358002733,UP,UP
2026-09-01,Infosys,-1.384083044982698,0.6226291125746124,-2.0067121575573106,DOWN,UP
2026-09-02,Infosys,-0.8508729098135936,0.07972271635294476,-0.9305956261665385,DOWN,UP
2025-09-22,M&M,0.8312890097696535,-0.1967682711188729,1.0280572808885264,UP,DOWN
2025-09-23,M&M,-1.0983288397032331,-0.17383638892501385,-0.9244924507782193,DOWN,DOWN
2025-09-24,M&M,-1.255976490819033,0.005441347728306139,-1.2614178385473391,DOWN,UP
2025-09-25,M&M,-3.7818696883852643,0.005993638859590286,-3.7878633272448545,DOWN,UP
2025-09-26,M&M,0.6359516459958803,-0.5942634406705453,1.2302150866664254,UP,DOWN
2025-09-29,M&M,0.26037570841921376,-0.14325849379096206,0.4036342022101758,UP,DOWN
2025-09-30,M&M,1.0621506374015155,0.020409947806846917,1.0417406895946686,UP,UP
2025-10-01,M&M,-0.04041988748693104,0.03778607355846205,-0.0782059610453931,DOWN,UP
2025-10-03,M&M,0.2888503755054783,0.05882625549618974,0.23002412000928857,UP,UP
2025-10-06,M&M,0.5990797473538256,0.1662608061556309,0.43281894119819475,UP,UP
2025-10-07,M&M,-1.8981919348738385,0.17997291792601988,-2.0781648527998584,DOWN,UP
2025-10-08,M&M,0.4786196510652374,0.058821640124538346,0.4197980109406991,UP,UP
2025-10-09,M&M,0.348543389014333,0.08207270499721118,0.2664706840171218,UP,UP
2025-10-10,M&M,0.1389345267244657,0.143160420674884,-0.00422589395041828,UP,UP
2025-10-13,M&M,0.002893246745760969,0.08972651019848135,-0.08683326345272038,UP,UP
2025-10-14,M&M,1.0809845024546405,0.09904479325547276,0.9819397091991677,UP,UP
2025-10-15,M&M,1.8186005531350302,0.10972996204018572,1.7088705910948445,UP,UP
2025-10-16,M&M,2.4264182531727574,0.36262315943286944,2.063795093739888,UP,UP
2025-10-17,M&M,-1.318815917952898,0.2681411626793503,-1.5869570806322484,DOWN,UP
2025-10-20,M&M,0.614038312799825,-0.03126695469218431,0.6453052674920093,UP,DOWN
2025-10-21,M&M,0.06628041855567535,0.09390169598856848,-0.027621277432893138,UP,UP
2025-10-23,M&M,0.03863291494707877,-0.016085082209178935,0.054717997156257706,UP,DOWN
2025-10-24,M&M,-0.3696524784482791,0.032410356783233486,-0.4020628352315126,DOWN,UP
2025-10-27,M&M,-0.8998781460076599,-0.00916315754005378,-0.8907149884676061,DOWN,DOWN
2025-10-28,M&M,-1.2405393890338567,0.08583908981813711,-1.326378478851994,DOWN,UP
2025-10-29,M&M,-0.9222806452020671,0.14624295372082613,-1.0685235989228932,DOWN,UP
2025-10-30,M&M,-0.4254631812022347,0.08995070273949715,-0.5154138839417318,DOWN,UP
2025-10-31,M&M,1.7693264520475926,-0.0025565685306770517,1.7718830205782696,UP,DOWN
2025-11-03,M&M,0.9101425714146849,0.3679733020192165,0.5421692693954684,UP,UP
2025-11-04,M&M,1.0415516959872528,0.18248559835256326,0.8590660976346896,UP,UP
2025-11-06,M&M,1.9814826909458239,0.17396390446118545,1.8075187864846385,UP,UP
2025-11-07,M&M,-0.7126998313403909,-0.28303285691953006,-0.4296669744208609,DOWN,DOWN
2025-11-10,M&M,2.32539636953506,0.07120987016600971,2.2541864993690504,UP,UP
2025-11-11,M&M,0.13869864864706205,0.2416405040385795,-0.10294185539151746,UP,UP
2025-11-12,M&M,-1.4596608719441684,0.04457317659567821,-1.5042340485398467,DOWN,UP
2025-11-13,M&M,-0.024324972124611932,0.17633201055312142,-0.20065698267773335,DOWN,UP
2025-11-14,M&M,0.9814471348362996,0.038384626094058974,0.9430625087422406,UP,UP
2025-11-17,M&M,-1.0736526965678839,0.13327854875781642,-1.2069312453257002,DOWN,UP
2025-11-18,M&M,0.7497009528475207,0.08100766457077144,0.6686932882767492,UP,UP
2025-11-19,M&M,-0.15581057966755907,0.1624372408301529,-0.31824782049771194,DOWN,UP
2025-11-20,M&M,0.8851978076412026,0.0029211927895113187,0.8822766148516913,UP,UP
2025-11-21,M&M,-1.568168532555747,0.11142392442767626,-1.6795924569834233,DOWN,UP
2025-11-24,M&M,-0.5825295251859153,0.053038617149335776,-0.635568142335251,DOWN,UP
2025-11-25,M&M,0.466024944487331,0.04498170582224345,0.4210432386650875,UP,UP
2025-11-26,M&M,-0.14105770696687392,0.0951577125896223,-0.23621541955649622,DOWN,UP
2025-11-27,M&M,2.067263356124527,-0.018033452069057713,2.0852968081935845,UP,DOWN
2025-11-28,M&M,-0.4178519406979886,0.2769507615859019,-0.6948027022838905,DOWN,UP
2025-12-01,M&M,-0.6708385984908638,-0.04317233670678181,-0.627666261784082,DOWN,DOWN
2025-12-02,M&M,-1.8054647559868187,0.027963932771844963,-1.8334286887586637,DOWN,UP
2025-12-03,M&M,0.6083245439405749,0.15006223512896344,0.45826230881161145,UP,UP
2025-12-04,M&M,1.239241714506023,0.12293261624020917,1.116309098265814,UP,UP
2025-12-05,M&M,-0.952359246572243,0.33457873667801635,-1.2869379832502594,DOWN,UP
2025-12-08,M&M,-1.2439918905816083,0.08705247003944003,-1.3310443606210483,DOWN,UP
2025-12-09,M&M,-0.16226800798192498,0.11311015629395449,-0.27537816427587947,DOWN,UP
2025-12-10,M&M,0.9696956245695665,0.016400749818358082,0.9532948747512084,UP,UP
2025-12-11,M&M,0.3928884283590284,0.11423316872095586,0.2786552596380725,UP,UP
2025-12-12,M&M,-1.9458662831826845,0.08982628050875849,-2.035692563691443,DOWN,UP
2025-12-15,M&M,0.3603104212860364,0.1456551303393941,0.21465529094664232,UP,UP
2025-12-16,M&M,-0.22645543142433278,0.1218594460540722,-0.34831487747840495,DOWN,UP
2025-12-17,M&M,-0.7251979300756828,0.03488641647081463,-0.7600843465464974,DOWN,UP
2025-12-18,M&M,0.4739864924196313,0.047184414351310926,0.4268020780683204,UP,UP
2025-12-19,M&M,0.36352128872860767,0.09899777595905603,0.26452351276955166,UP,UP
2025-12-22,M&M,0.2322599772661027,0.12252382704350474,0.10973615022259796,UP,UP
2025-12-23,M&M,0.3199871232004048,0.11085415898168081,0.20913296421872396,UP,UP
2025-12-24,M&M,-0.3739613852730028,0.11632889489338187,-0.4902902801663847,DOWN,UP
2025-12-26,M&M,-0.8556208540871801,0.01496431477725074,-0.8705851688644308,DOWN,UP
2025-12-29,M&M,1.8986094295193379,0.13240866601102172,1.7662007635083161,UP,UP
2025-12-30,M&M,1.3359533833682713,0.37786855274384623,0.9580848306244251,UP,UP
2025-12-31,M&M,1.3965288879010052,0.31696495766264887,1.0795639302383564,UP,UP
2026-01-01,M&M,1.1007684749734015,0.5442131467237928,0.5565553282496086,UP,UP
2026-01-02,M&M,-0.31821622728758214,0.15836030872213397,-0.4765765360097161,DOWN,UP
2026-01-05,M&M,-0.12399944889134318,0.04443270409047678,-0.16843215298181996,DOWN,UP
2026-01-06,M&M,-0.9721060830199302,0.035818836279764524,-1.0079249192996946,DOWN,UP
2026-01-07,M&M,-0.6615463216257056,0.06185739937232324,-0.7234037209980289,DOWN,UP
2026-01-08,M&M,-1.254026615786119,0.12887455043677443,-1.3829011662228936,DOWN,UP
2026-01-09,M&M,0.12780983627846965,0.13694648210119376,-0.00913664582272411,UP,UP
2026-01-12,M&M,-0.5567626290059802,0.0876840302555998,-0.64444665926158,DOWN,UP
2026-01-13,M&M,-0.32773453502662475,0.048106765753463065,-0.3758413007800878,DOWN,UP
2026-01-14,M&M,0.0,0.07431695783889382,-0.07431695783889382,UP,UP
2026-01-15,M&M,0.23838748244622288,2.045059070412501,-1.806671587966278,UP,UP
2026-01-16,M&M,-0.021870013635227892,0.07856806582446386,-0.10043807945969176,DOWN,UP
2026-01-19,M&M,-2.7314459728544294,0.07875352991104133,-2.8101995027654705,DOWN,UP
2026-01-20,M&M,-0.1180590631588152,0.2878461895326368,-0.405905252691452,DOWN,UP
2026-01-21,M&M,0.5741114474832498,0.03482272016211981,0.53928872732113,UP,UP
2026-01-22,M&M,-0.8478621384593099,0.18274810614329148,-1.0306102446026013,DOWN,UP
2026-01-23,M&M,-4.230397541203301,0.07925253988788825,-4.309650081091189,DOWN,UP
2026-01-27,M&M,1.6413717746242895,-0.14209606413317688,1.7834678387574665,UP,DOWN
2026-01-28,M&M,-1.8786979515672653,0.3237486825239966,-2.202446634091262,DOWN,UP
2026-01-29,M&M,1.4005480395963055,-0.08743742428860563,1.487985463884911,UP,DOWN
2026-01-30,M&M,0.9149688763036234,-0.19364155844583586,1.1086104347494592,UP,DOWN
2026-02-02,M&M,1.8682129846410378,0.21707126519999245,1.6511417194410454,UP,UP
2026-02-03,M&M,1.3067291854177432,-0.01533545933648877,1.322064644754232,UP,DOWN
2026-02-04,M&M,-0.05595970900951208,0.3566409331803392,-0.41260064218985126,DOWN,UP
2026-02-05,M&M,0.16797312430010258,0.06413745318332656,0.10383567111677602,UP,UP
2026-02-06,M&M,0.8831776874301367,0.10910011315460996,0.7740775742755267,UP,UP
2026-02-09,M&M,1.8339968246027905,0.14182227893157073,1.6921745456712198,UP,UP
2026-02-10,M&M,-0.024488450743176404,0.3562810887664576,-0.380769539509634,DOWN,UP
2026-02-11,M&M,-2.225905653520799,-0.022012405550721592,-2.2038932479700772,DOWN,DOWN
2026-02-12,M&M,-1.6615232999337204,0.238555656648059,-1.9000789565817793,DOWN,UP
2026-02-13,M&M,-0.6707406981065089,0.2584887542529847,-0.9292294523594936,DOWN,UP
2026-02-16,M&M,-0.5840955148646021,0.03488946511196924,-0.6189849799765713,DOWN,UP
2026-02-17,M&M,1.183653829132214,0.03632050415639808,1.147333324975816,UP,UP
2026-02-18,M&M,-2.7956366285759815,0.20417613381119762,-2.999812762387179,DOWN,UP
2026-02-19,M&M,-0.5536453094488469,0.43438065023444195,-0.9880259596832889,DOWN,UP
2026-02-20,M&M,1.0050412663321184,0.10164933749754221,0.9033919288345762,UP,UP
2026-02-23,M&M,-0.40324174206098906,0.18546371884993978,-0.5887054609109288,DOWN,UP
2026-02-24,M&M,1.6923015985835121,-0.01415170791112379,1.706453306494636,UP,DOWN
2026-02-25,M&M,-0.1919041926552234,0.39271416023127564,-0.584618352886499,DOWN,UP
2026-02-26,M&M,-2.5024448392557574,-0.022266744353469082,-2.4801780949022882,DOWN,DOWN
2026-02-27,M&M,-1.8572983849235558,0.33453484605852546,-2.1918332309820814,DOWN,UP
2026-03-02,M&M,-2.0993911458149106,0.11793411455286712,-2.2173252603677778,DOWN,UP
2026-03-04,M&M,2.564101029925947,0.18457299651825532,2.379528033407692,UP,UP
2026-03-05,M&M,-0.462962962962965,0.32582594510764323,-0.7887889080706083,DOWN,UP
2026-03-06,M&M,-4.348084091335336,0.004103945405069086,-4.352188036740404,DOWN,UP
2026-03-09,M&M,3.3285183293110476,0.37057285291826875,2.957945476392779,UP,UP
2026-03-10,M&M,-3.810304577238377,0.19949952921142924,-4.009804106449806,DOWN,UP
2026-03-11,M&M,-4.324222022329294,-0.1992479421669725,-4.124974080162321,DOWN,DOWN
2026-03-12,M&M,-3.302317733177784,-0.14683240599156092,-3.155485327186223,DOWN,DOWN
2026-03-13,M&M,3.582272747490256,0.15413241476408085,3.428140332726175,UP,UP
2026-03-16,M&M,3.0565462831458667,-0.49550704149637104,3.552053324642238,UP,DOWN
2026-03-17,M&M,2.738988078471438,-0.03330786055855715,2.7722959390299953,UP,DOWN
2026-03-18,M&M,-5.263491263994647,0.14230805135490548,-5.405799315349552,DOWN,UP
2026-03-19,M&M,0.6797201016710108,0.3055673290627401,0.37415277260827073,UP,UP
2026-03-20,M&M,-3.597405346043303,0.03531057921574086,-3.6327159252590437,DOWN,UP
2026-03-23,M&M,2.5542999781035025,-0.30183575695250064,2.8561357350560033,UP,DOWN
2026-03-24,M&M,3.1933509474110666,0.2712389580910777,2.9221119893199887,UP,UP
2026-03-25,M&M,-2.774848825750831,0.19423172337184016,-2.969080549122671,DOWN,UP
2026-03-27,M&M,-2.8474697091994794,-0.44366567535253,-2.4038040338469493,DOWN,DOWN
2026-03-30,M&M,2.599250350197657,-0.4346850037283383,3.0339353539259957,UP,DOWN
2026-04-01,M&M,-0.6531436195983842,0.2224807180712514,-0.8756243376696355,DOWN,UP
2026-04-02,M&M,0.32872286897380754,0.060658243404800735,0.2680646255690068,UP,UP
2026-04-06,M&M,-0.496425718665916,-0.007682248741798823,-0.48874346992411716,DOWN,DOWN
2026-04-07,M&M,6.768442539419706,-0.04431595085698957,6.812758490276695,UP,DOWN
2026-04-08,M&M,-1.348869116565532,-0.41554470718941433,-0.9333244093761177,DOWN,DOWN
2026-04-09,M&M,2.936718408679284,0.22543817186445178,2.7112802368148325,UP,UP
2026-04-10,M&M,-1.2148014314708022,0.18805435806502516,-1.4028557895358273,DOWN,UP
2026-04-13,M&M,1.1272607098486098,0.12596463721061396,1.0012960726379958,UP,UP
2026-04-15,M&M,-1.0502057783471463,0.045093958492850986,-1.0952997368399973,DOWN,UP
2026-04-16,M&M,-0.6858485343190557,-0.02824909471425399,-0.6575994396048017,DOWN,DOWN
2026-04-17,M&M,0.6687127932908821,-0.09832138679407523,0.7670341800849573,UP,DOWN
2026-04-20,M&M,0.7977387134601832,0.013872774079063718,0.7838659393811195,UP,UP
2026-04-21,M&M,-3.005576823474365,-0.03999188639640327,-2.965584937077962,DOWN,DOWN
2026-04-22,M&M,-3.238403707694437,-0.03099862445487139,-3.207405083239566,DOWN,DOWN
2026-04-23,M&M,-0.30514975152160506,-0.163957915176725,-0.14119183634488006,DOWN,DOWN
2026-04-24,M&M,2.106371842318455,0.030713193774175918,2.0756586485442794,UP,UP
2026-04-27,M&M,-0.4609271898409095,0.15380313529597492,-0.6147303251368844,DOWN,UP
2026-04-28,M&M,2.078946573674867,-0.11621118753052079,2.1951577612053876,UP,DOWN
2026-04-29,M&M,-1.7384147441325326,0.03480236403555807,-1.7732171081680907,DOWN,UP
2026-04-30,M&M,0.0,0.01311402937250572,-0.01311402937250572,UP,UP
2026-05-01,M&M,0.29055690072639084,2.6471474858719217,-2.356590585145531,UP,UP
2026-05-04,M&M,3.3574778312610576,0.07450315559980261,3.282974675661255,UP,UP
2026-05-05,M&M,2.8030396982474226,0.07780618340089292,2.7252335148465296,UP,UP
2026-05-06,M&M,2.1176654541242623,0.13555210285175437,1.982113351272508,UP,UP
2026-05-07,M&M,-1.1955988195898049,0.04906633734688687,-1.2446651569366918,DOWN,UP
2026-05-08,M&M,-2.537232839231518,0.007772424794007815,-2.5450052640255256,DOWN,UP
2026-05-11,M&M,-2.1534829922906007,0.2294730829331595,-2.38295607522376,DOWN,UP
2026-05-12,M&M,-2.0214090419356068,0.10569230987066044,-2.1271013518062674,DOWN,UP
2026-05-13,M&M,1.9956248004755706,0.03228513457423932,1.9633396659013311,UP,UP
2026-05-14,M&M,-1.600548418366543,0.03412354405061783,-1.6346719624171608,DOWN,UP
2026-05-15,M&M,-1.2615716836595459,0.01943722104768476,-1.2810089047072306,DOWN,UP
2026-05-18,M&M,0.27888892539567056,0.013023963864323243,0.2658649615313473,UP,UP
2026-05-19,M&M,0.9669146548402008,-0.08995416818219175,1.0568688230223926,UP,DOWN
2026-05-20,M&M,-0.7430642346646366,-0.024185200950647644,-0.7188790337139889,DOWN,DOWN
2026-05-21,M&M,-0.5711504089020658,-0.1339084050623139,-0.43724200383975187,DOWN,DOWN
2026-05-22,M&M,1.872584631730989,-0.005264907209906586,1.8778495389408958,UP,DOWN
2026-05-25,M&M,-1.009874201079164,0.06906836813178509,-1.078942569210949,DOWN,UP
2026-05-26,M&M,0.46020817440910466,-0.02686513580640821,0.48707331021551287,UP,DOWN
2026-05-27,M&M,0.0,-0.023179641260553215,0.023179641260553215,UP,DOWN
2026-05-28,M&M,-2.4346488218353834,2.102225761414081,-4.536874583249464,DOWN,UP
2026-05-29,M&M,-2.475707383329784,0.2581521401556367,-2.7338595234854206,DOWN,UP
2026-06-01,M&M,0.9460675415189801,0.10915826978633322,0.8369092717326468,UP,UP
2026-06-02,M&M,0.4269102031041916,0.1007986288184463,0.3261115742857453,UP,UP
2026-06-03,M&M,0.1660522678702092,0.020154048656054323,0.14589821921415488,UP,UP
2026-06-04,M&M,0.8089884802799041,0.054820687966328344,0.7541677923135758,UP,UP
2026-06-05,M&M,-2.450254892287451,0.030154985548828988,-2.48040987783628,DOWN,UP
2026-06-08,M&M,0.8125454368256957,0.15887668665301236,0.6536687501726833,UP,UP
2026-06-09,M&M,-1.2574862522402586,0.022995573315625004,-1.2804818255558836,DOWN,UP
2026-06-10,M&M,1.6392854307790028,0.001303810322533192,1.6379816204564697,UP,UP
2026-06-11,M&M,1.3995801715078082,-0.1513080352427782,1.5508882067505865,UP,DOWN
2026-06-12,M&M,3.003718473091266,0.06739858166797233,2.9363198914232935,UP,UP
2026-06-15,M&M,0.1148535066695544,-0.0649871284269051,0.1798406350964595,UP,DOWN
2026-06-16,M&M,-0.15934224021184606,-0.040558583418089336,-0.11878365679375673,DOWN,DOWN
2026-06-17,M&M,0.11491262946372593,-0.08996880691724934,0.20488143638097528,UP,DOWN
2026-06-18,M&M,-1.967159291307985,-0.02988994749413493,-1.93726934381385,DOWN,DOWN
2026-06-19,M&M,-0.3707605796585023,0.010386841642103213,-0.3811474213006055,DOWN,UP
2026-06-22,M&M,-0.8519897612994098,-0.04572950332780903,-0.8062602579716008,DOWN,DOWN
2026-06-23,M&M,0.895530594100169,-0.019441248736508286,0.9149718428366773,UP,DOWN
2026-06-24,M&M,3.8407554632688967,0.055008388296735725,3.785747074972161,UP,UP
2026-06-25,M&M,0.0,-0.12190886738350645,0.12190886738350645,UP,DOWN
2026-06-26,M&M,-2.8030907089614643,2.0394335142025812,-4.8425242231640455,DOWN,UP
2026-06-29,M&M,-0.7824103191682807,0.4934403577165783,-1.275850676884859,DOWN,UP
2026-06-30,M&M,1.9942632363827428,0.024048113123601188,1.9702151232591416,UP,UP
2026-07-01,M&M,1.450476113218846,0.02858428169431746,1.4218918315245286,UP,UP
2026-07-02,M&M,-1.2124457134228495,0.055958939116023905,-1.2684046525388735,DOWN,UP
2026-07-03,M&M,2.0497960033752705,-0.02463802152650478,2.0744340249017754,UP,DOWN
2026-07-06,M&M,-0.1499452986798877,0.0005994314093795361,-0.15054473008926725,DOWN,UP
2026-07-07,M&M,-2.9376769244329637,-0.02914912234461057,-2.908527802088353,DOWN,DOWN
2026-07-08,M&M,-0.5511715602336875,0.26555215981198954,-0.8167237200456771,DOWN,UP
2026-07-09,M&M,1.4260712190525604,0.005730700736457445,1.4203405183161029,UP,UP
2026-07-10,M&M,0.9906052587520975,0.281072922728087,0.7095323360240104,UP,UP
2026-07-13,M&M,-2.1231443990953114,0.022398926940564768,-2.145543326035876,DOWN,UP
2026-07-14,M&M,-0.3362152497400017,0.12527583401632886,-0.4614910837563306,DOWN,UP
2026-07-15,M&M,1.132055778322294,-0.013776456765747245,1.1458322350880412,UP,DOWN
2026-07-16,M&M,1.9693341902033756,0.04141906847742199,1.9279151217259536,UP,UP
2026-07-17,M&M,-0.43092448988070187,0.04886013239502823,-0.4797846222757301,DOWN,UP
2026-07-20,M&M,1.1435776708853318,-0.10903446075483123,1.252612131640163,UP,DOWN
2026-07-21,M&M,-0.8245589139009524,-0.022915531652242627,-0.8016433822487098,DOWN,DOWN
2026-07-22,M&M,1.7132208455017395,-0.10030071845621923,1.8135215639579587,UP,DOWN
2026-07-23,M&M,-2.114749043586628,0.06034414492947123,-2.175093188516099,DOWN,UP
2026-07-24,M&M,2.4419623488716624,0.11159393915933814,2.330368409712324,UP,UP
2026-07-27,M&M,1.0066032400609437,0.05718202618972027,0.9494212138712235,UP,UP
2026-07-28,M&M,-1.5101462179361147,0.07431157657661866,-1.5844577945127334,DOWN,UP
2026-07-29,M&M,1.9212831772805083,-0.029689294399531333,1.9509724716800396,UP,DOWN
2026-07-30,M&M,3.496057816949927,-0.24088537803773835,3.7369431949876653,UP,DOWN
2026-07-31,M&M,0.8856877344784353,-0.03710111212959299,0.9227888466080283,UP,DOWN
2026-08-03,M&M,0.12832941195906056,0.12152709609068538,0.0068023158683751805,UP,UP
2026-08-04,M&M,0.6524876884284936,0.07760931053564524,0.5748783778928483,UP,UP
2026-08-05,M&M,-1.4296435648517236,0.04488873599831452,-1.4745323008500382,DOWN,UP
2026-08-06,M&M,2.8185554903112253,0.07284757641617885,2.7457079138950466,UP,UP
2026-08-07,M&M,0.42832667047401074,0.16710764586072643,0.2612190246132843,UP,UP
2026-08-10,M&M,-1.6178533506895132,0.08808180426635015,-1.7059351549558635,DOWN,UP
2026-08-11,M&M,-1.632900737128129,0.08278821674823479,-1.7156889538763638,DOWN,UP
2026-08-12,M&M,0.7227598075509656,0.22864262358963955,0.49411718396132603,UP,UP
2026-08-13,M&M,0.0029198313306055823,0.16862327477519692,-0.16570344344459134,UP,UP
2026-08-14,M&M,-1.1055084428018502,0.11674847921786018,-1.2222569220197104,DOWN,UP
2026-08-17,M&M,0.9172988010868854,0.15305737693456653,0.7642414241523189,UP,UP
2026-08-18,M&M,-0.18997515709484603,0.1758600139097648,-0.3658351710046108,DOWN,UP
2026-08-19,M&M,0.2869706831076124,0.10671065144262235,0.18026003166499008,UP,UP
2026-08-20,M&M,-0.36790754136322157,0.11729597503460461,-0.48520351639782616,DOWN,UP
2026-08-21,M&M,0.055686844603641816,0.038947347267410865,0.016739497336230952,UP,UP
2026-08-24,M&M,0.8464866734162024,0.09545252215843254,0.7510341512577698,UP,UP
2026-08-25,M&M,-1.3011922401430454,0.15144140900010597,-1.4526336491431513,DOWN,UP
2026-08-26,M&M,-2.006943445112941,0.14065662868563628,-2.147600073798577,DOWN,UP
2026-08-27,M&M,0.1201201201201263,0.05701059808403325,0.06310952203609305,UP,UP
2026-08-28,M&M,-1.559688062387521,0.10673525409508886,-1.6664233164826097,DOWN,UP
2026-08-31,M&M,-0.7007921998781197,0.08021932471480187,-0.7810115245929216,DOWN,UP
2026-09-01,M&M,-2.1172138692850617,-0.09871419272251032,-2.0184996765625516,DOWN,DOWN
2026-09-02,M&M,-1.253918495297801,0.23332424637951635,-1.4872427416773175,DOWN,UP
2025-09-22,Maruti Suzuki,1.7766818411734997,-0.06458884927361981,1.8412706904471194,UP,DOWN
2025-09-23,Maruti Suzuki,0.9442753308069873,0.23759678706342613,0.7066785437435612,UP,UP
2025-09-24,Maruti Suzuki,0.1230844975075307,0.03343648840592386,0.08964800910160683,UP,UP
2025-09-25,Maruti Suzuki,0.10449320794148065,-0.03188183274200876,0.1363750406834894,UP,DOWN
2025-09-26,Maruti Suzuki,-1.8543534323959276,0.07677085986812139,-1.931124292264049,DOWN,UP
2025-09-29,Maruti Suzuki,0.28153153153154253,-0.40919699683685823,0.6907285283684008,UP,DOWN
2025-09-30,Maruti Suzuki,-0.3992763116850706,0.1876036622102214,-0.586879973895292,DOWN,UP
2025-10-01,Maruti Suzuki,-0.9959285937989337,-0.30691597252536484,-0.6890126212735689,DOWN,DOWN
2025-10-03,Maruti Suzuki,1.2147285840820032,-0.2850882859384348,1.499816870020438,UP,DOWN
2025-10-06,Maruti Suzuki,0.6875859482435409,0.23882103869850443,0.44876490954503645,UP,UP
2025-10-07,Maruti Suzuki,-0.595977154209093,0.37692838691361247,-0.9729055411227054,DOWN,UP
2025-10-08,Maruti Suzuki,-0.16862353235074234,-0.08742487863054896,-0.08119865372019339,DOWN,DOWN
2025-10-09,Maruti Suzuki,1.7516421645292546,0.24062192284234896,1.5110202416869056,UP,UP
2025-10-10,Maruti Suzuki,0.3565939133107987,0.5900629127946263,-0.2334689994838276,UP,UP
2025-10-13,Maruti Suzuki,-0.3798321386999981,0.5974363775152163,-0.9772685162152144,DOWN,UP
2025-10-14,Maruti Suzuki,-0.301334481274218,0.20826317131756525,-0.5095976525917832,DOWN,UP
2025-10-15,Maruti Suzuki,0.5304712558598546,0.2189875598347174,0.31148369602513715,UP,UP
2025-10-16,Maruti Suzuki,0.6319793839735022,0.736378355442605,-0.10439897146910282,UP,UP
2025-10-17,Maruti Suzuki,0.14023535150295974,0.4254565334354167,-0.28522118193245694,UP,UP
2025-10-20,Maruti Suzuki,-0.1704822211398005,0.5547676981925512,-0.7252499193323517,DOWN,UP
2025-10-21,Maruti Suzuki,-0.01829714564527407,0.8053346093559796,-0.8236317550012536,DOWN,UP
2025-10-23,Maruti Suzuki,-0.7259195998291945,0.3228032817106956,-1.0487228815398901,DOWN,UP
2025-10-24,Maruti Suzuki,0.7005038712055933,0.14654476484646387,0.5539591063591295,UP,UP
2025-10-27,Maruti Suzuki,-0.4698559921894052,0.9795171698657051,-1.4493731620551102,DOWN,UP
2025-10-28,Maruti Suzuki,-1.060633928024035,0.20491098199196783,-1.265544910016003,DOWN,UP
2025-10-29,Maruti Suzuki,0.4213657206593169,0.0856860448260071,0.33567967583330977,UP,UP
2025-10-30,Maruti Suzuki,-0.1234110823151946,0.6734142737647457,-0.7968253560799403,DOWN,UP
2025-10-31,Maruti Suzuki,-3.3053255900160616,-0.12699153853001865,-3.178334051486043,DOWN,DOWN
2025-11-03,Maruti Suzuki,-1.7698549613443193,-0.5562777495875216,-1.2135772117567978,DOWN,DOWN
2025-11-04,Maruti Suzuki,0.5073500715493617,-0.23282086296448817,0.7401709345138499,UP,DOWN
2025-11-06,Maruti Suzuki,0.17473466217965417,0.34520130509969127,-0.1704666429200371,UP,UP
2025-11-07,Maruti Suzuki,0.6718780282964021,0.29721432313301377,0.3746637051633883,UP,UP
2025-11-10,Maruti Suzuki,0.39786947314381926,0.2854788242795088,0.11239064886431044,UP,UP
2025-11-11,Maruti Suzuki,0.3259827420901251,0.6080130856783665,-0.2820303435882414,UP,UP
2025-11-12,Maruti Suzuki,0.3376656472986683,0.5457415751321552,-0.20807592783348683,UP,UP
2025-11-13,Maruti Suzuki,-0.4127246174360222,0.6189706880111487,-1.031695305447171,DOWN,UP
2025-11-14,Maruti Suzuki,1.236929354756433,0.1932324999281607,1.0436968548282723,UP,UP
2025-11-17,Maruti Suzuki,0.32749716588991173,0.35783744308423193,-0.030340277194320198,UP,UP
2025-11-18,Maruti Suzuki,-1.016949152542368,0.3934884651788537,-1.4104376177212217,DOWN,UP
2025-11-19,Maruti Suzuki,0.2092846270928428,0.046716250108083474,0.16256837698475932,UP,UP
2025-11-20,Maruti Suzuki,1.1138535535725635,0.4254340963581441,0.6884194572144194,UP,UP
2025-11-21,Maruti Suzuki,-0.11892094886398752,0.10677710992395612,-0.22569805878794363,DOWN,UP
2025-11-24,Maruti Suzuki,-0.4323850106529692,-0.022246383080754946,-0.41013862757221425,DOWN,DOWN
2025-11-25,Maruti Suzuki,1.6804078293158886,0.028611563768973718,1.651796265546915,UP,UP
2025-11-26,Maruti Suzuki,-1.5659816786333214,0.34363932014714316,-1.9096209987804644,DOWN,UP
2025-11-27,Maruti Suzuki,-0.018864365214110723,-0.22148144841518205,0.20261708320107133,DOWN,DOWN
2025-11-28,Maruti Suzuki,1.238993710691827,0.017676088158140996,1.221317622533686,UP,UP
2025-12-01,Maruti Suzuki,0.882151953780208,0.13613114097320392,0.7460208128070042,UP,UP
2025-12-02,Maruti Suzuki,-0.966808301003752,0.7749322534646762,-1.7417405544684281,DOWN,UP
2025-12-03,Maruti Suzuki,-0.5471956224350261,0.14859060286214773,-0.6957862252971738,DOWN,UP
2025-12-04,Maruti Suzuki,1.8006752532199632,0.10280640159942246,1.6978688516205407,UP,UP
2025-12-05,Maruti Suzuki,-0.5834664046185933,0.6477568778038842,-1.2312232824224776,DOWN,UP
2025-12-08,Maruti Suzuki,-1.0316920985976363,0.13159883465966005,-1.1632909332572963,DOWN,UP
2025-12-09,Maruti Suzuki,-0.006242197253436554,0.14566994082966664,-0.1519121380831032,DOWN,UP
2025-12-10,Maruti Suzuki,1.4295524065172538,0.32036280390064703,1.1091896026166068,UP,UP
2025-12-11,Maruti Suzuki,1.6863613983259418,0.48790825341393657,1.1984531449120053,UP,UP
2025-12-12,Maruti Suzuki,-0.6476213533470498,0.309933328623698,-0.9575546819707479,DOWN,UP
2025-12-15,Maruti Suzuki,-0.3716113310996083,0.05907065865112284,-0.43068198975073113,DOWN,UP
2025-12-16,Maruti Suzuki,0.2690473278708527,-0.04581905131884473,0.31486637918969745,UP,DOWN
2025-12-17,Maruti Suzuki,-0.4207830223197928,0.5399391503735956,-0.9607221726933884,DOWN,UP
2025-12-18,Maruti Suzuki,0.5205462673770533,0.010852227161906487,0.5096940402151469,UP,UP
2025-12-19,Maruti Suzuki,1.4317046423784507,0.5689357791995926,0.8627688631788581,UP,UP
2025-12-22,Maruti Suzuki,-0.38440747192023395,0.5278021112367195,-0.9122095831569534,DOWN,UP
2025-12-23,Maruti Suzuki,0.7114862827856561,0.11583281071203483,0.5956534720736213,UP,UP
2025-12-24,Maruti Suzuki,-0.640603484404001,0.71208363315499,-1.352687117558991,DOWN,UP
2025-12-26,Maruti Suzuki,-0.32537960954447387,0.10522559190001417,-0.43060520144448805,DOWN,UP
2025-12-29,Maruti Suzuki,0.6347479143997026,0.1890264113773262,0.44572150302237634,UP,UP
2025-12-30,Maruti Suzuki,0.30035441821349984,0.09444998444570453,0.20590443376779533,UP,UP
2025-12-31,Maruti Suzuki,0.06588009822123819,0.56802542528671,-0.5021453270654718,UP,UP
2026-01-01,Maruti Suzuki,1.508259516399324,0.4154617098225367,1.0927978065767872,UP,UP
2026-01-02,Maruti Suzuki,1.1497641509433887,0.4692652231194346,0.6804989278239542,UP,UP
2026-01-05,Maruti Suzuki,0.7986009909647374,0.6279484331755301,0.1706525577892073,UP,UP
2026-01-06,Maruti Suzuki,-2.793199167244964,1.0318685009113833,-3.8250676681563474,DOWN,UP
2026-01-07,Maruti Suzuki,-0.8626331132131626,0.13410558562728572,-0.9967386988404483,DOWN,UP
2026-01-08,Maruti Suzuki,-0.9781565050408059,-0.16812399932845942,-0.8100325057123464,DOWN,DOWN
2026-01-09,Maruti Suzuki,0.4908793406460221,-0.07082133967255408,0.5617006803185762,UP,DOWN
2026-01-12,Maruti Suzuki,-0.9407791581232616,0.4719061705682057,-1.4126853286914673,DOWN,UP
2026-01-13,Maruti Suzuki,-1.668087178862776,-0.023679900765762006,-1.644407278097014,DOWN,DOWN
2026-01-14,Maruti Suzuki,0.0,-0.22346712922280138,0.22346712922280138,UP,DOWN
2026-01-15,Maruti Suzuki,-1.8140168400198164,1.1407209424356382,-2.954737782455455,DOWN,UP
2026-01-16,Maruti Suzuki,1.9988649977930484,-0.30209346333152853,2.300958461124577,UP,DOWN
2026-01-19,Maruti Suzuki,-1.8360534124629124,0.5539335640090076,-2.38998697647192,DOWN,UP
2026-01-20,Maruti Suzuki,-0.6864412116632024,-0.3548413883682131,-0.33159982329498927,DOWN,DOWN
2026-01-21,Maruti Suzuki,-0.03170577045021883,-0.330514623397235,0.29880885294701615,DOWN,DOWN
2026-01-22,Maruti Suzuki,-1.8775769108785312,-0.14076155811765168,-1.7368153527608796,DOWN,DOWN
2026-01-23,Maruti Suzuki,-1.448057405132841,-0.46806285791650404,-0.9799945472163369,DOWN,DOWN
2026-01-27,Maruti Suzuki,-2.4139061987536903,-0.5609610933853371,-1.8529451053683532,DOWN,DOWN
2026-01-28,Maruti Suzuki,-2.520669489816496,-0.45151272911971674,-2.0691567606967793,DOWN,DOWN
2026-01-29,Maruti Suzuki,0.668873258860847,-0.6511042895460273,1.3199775484068743,UP,DOWN
2026-01-30,Maruti Suzuki,-1.47270360983629,-0.3073077131562794,-1.1653958966800106,DOWN,DOWN
2026-02-02,Maruti Suzuki,2.7669632925472643,-0.5889170618008712,3.3558803543481357,UP,DOWN
2026-02-03,Maruti Suzuki,1.9550805033148322,-0.727451459299044,2.682531962613876,UP,DOWN
2026-02-04,Maruti Suzuki,-0.07962311724504234,0.36341494750674214,-0.4430380647517845,DOWN,UP
2026-02-05,Maruti Suzuki,-0.41171392522744155,-0.1938501260813807,-0.21786379914606085,DOWN,DOWN
2026-02-06,Maruti Suzuki,-0.12669200506768563,-0.3252673438377951,0.19857533877010947,DOWN,DOWN
2026-02-09,Maruti Suzuki,1.1216450794498511,-0.3026625401603015,1.4243076196101527,UP,DOWN
2026-02-10,Maruti Suzuki,1.7562392710946728,-0.06977824292176979,1.8260175140164425,UP,DOWN
2026-02-11,Maruti Suzuki,-0.558006747988582,0.2102820817735589,-0.7682888297621409,DOWN,UP
2026-02-12,Maruti Suzuki,-0.5807125146809367,-0.301095456372853,-0.27961705830808364,DOWN,DOWN
2026-02-13,Maruti Suzuki,-1.2207127387280914,-0.3339739200864701,-0.8867388186416213,DOWN,DOWN
2026-02-16,Maruti Suzuki,0.8504418311075623,-0.4793511835755752,1.3297930146831376,UP,DOWN
2026-02-17,Maruti Suzuki,-0.09882073917912848,-0.012340533541478009,-0.08648020563765046,DOWN,DOWN
2026-02-18,Maruti Suzuki,-1.721181746241096,-0.24186317944987976,-1.4793185667912163,DOWN,DOWN
2026-02-19,Maruti Suzuki,0.4965443199355768,-0.4445573214175563,0.941101641353133,UP,DOWN
2026-02-20,Maruti Suzuki,0.6343059357681868,-0.07522478159639903,0.7095307173645858,UP,DOWN
2026-02-23,Maruti Suzuki,-0.9686836518046693,0.35123819720883304,-1.3199218490135023,DOWN,UP
2026-02-24,Maruti Suzuki,0.96475948010184,-0.2605344400593448,1.2252939201611848,UP,DOWN
2026-02-25,Maruti Suzuki,0.9489051094890621,0.03738723548272262,0.9115178740063395,UP,UP
2026-02-26,Maruti Suzuki,-2.340103858542042,0.27487080784189877,-2.6149746663839406,DOWN,UP
2026-02-27,Maruti Suzuki,-3.1567611227031,-0.5715674801023214,-2.5851936426007787,DOWN,DOWN
2026-03-02,Maruti Suzuki,-1.598554350847925,-0.5881598997691736,-1.0103944510787515,DOWN,DOWN
2026-03-04,Maruti Suzuki,1.8152281395677372,-0.6395676262917075,2.4547957658594446,UP,DOWN
2026-03-05,Maruti Suzuki,-1.7759278529309697,0.2702939215177385,-2.0462217744487083,DOWN,UP
2026-03-06,Maruti Suzuki,-4.597782329260536,-0.570243599525033,-4.027538729735503,DOWN,DOWN
2026-03-09,Maruti Suzuki,2.6576843352087653,-1.017233924884718,3.6749182600934835,UP,DOWN
2026-03-10,Maruti Suzuki,-2.668205091223763,0.5132159182091942,-3.1814210094329574,DOWN,UP
2026-03-11,Maruti Suzuki,-3.600800177817298,-0.5082847634265721,-3.092515414390726,DOWN,DOWN
2026-03-12,Maruti Suzuki,-3.2280378141572474,-0.48198564731251586,-2.7460521668447315,DOWN,DOWN
2026-03-13,Maruti Suzuki,1.318402033198307,-0.44503222722165786,1.7634342604199649,UP,DOWN
2026-03-16,Maruti Suzuki,1.6853492200360476,0.008459483243813239,1.6768897367922344,UP,UP
2026-03-17,Maruti Suzuki,0.5858772741288876,0.19643713266026905,0.3894401414686185,UP,UP
2026-03-18,Maruti Suzuki,-3.441140404659715,0.24232676885564872,-3.6834671735153637,DOWN,UP
2026-03-19,Maruti Suzuki,0.01587427573617184,-0.28214373963563655,0.2980180153718084,UP,DOWN
2026-03-20,Maruti Suzuki,-1.9522260138084224,-0.021258479912612187,-1.9309675338958103,DOWN,DOWN
2026-03-23,Maruti Suzuki,0.8822339133953916,-0.16273298273058015,1.0449668961259717,UP,DOWN
2026-03-24,Maruti Suzuki,1.981707317073167,-0.09844154889799363,2.0801488659711604,UP,DOWN
2026-03-25,Maruti Suzuki,-2.5332389269136946,0.1424956613436853,-2.67573458825738,DOWN,UP
2026-03-27,Maruti Suzuki,-0.6699491484381315,-0.2133347360894636,-0.45661441234866784,DOWN,DOWN
2026-03-30,Maruti Suzuki,1.6496018202502905,-0.07045234501906177,1.7200541652693522,UP,DOWN
2026-04-01,Maruti Suzuki,0.9752977855943756,-0.10639995968429891,1.0816977452786745,UP,DOWN
2026-04-02,Maruti Suzuki,0.45127068323964625,0.10908267912719659,0.34218800411244965,UP,UP
2026-04-06,Maruti Suzuki,0.866960907944514,0.00748182528333364,0.8594790826611803,UP,UP
2026-04-07,Maruti Suzuki,6.2822315986873045,0.06327300459408386,6.218958594093221,UP,UP
2026-04-08,Maruti Suzuki,-0.09557418026761022,-0.9335013641251807,0.8379271838575705,DOWN,DOWN
2026-04-09,Maruti Suzuki,0.8830671866951301,-0.12609760174769247,1.0091647884428225,UP,DOWN
2026-04-10,Maruti Suzuki,-4.617404624699106,0.15872943661960204,-4.776134061318708,DOWN,UP
2026-04-13,Maruti Suzuki,1.6289385133068324,-1.1801602662409822,2.8090987795478144,UP,DOWN
2026-04-15,Maruti Suzuki,0.3461509519151251,0.1461812879625929,0.19996966395253224,UP,UP
2026-04-16,Maruti Suzuki,0.8848893888264042,0.16696604860006536,0.7179233402263389,UP,UP
2026-04-17,Maruti Suzuki,-0.022299858767560465,0.08623248974025902,-0.10853234850781948,DOWN,UP
2026-04-20,Maruti Suzuki,0.08178438661710086,0.1863356170411375,-0.10455123042403663,UP,UP
2026-04-21,Maruti Suzuki,-0.9211797043310321,0.4854634423748451,-1.4066431467058773,DOWN,UP
2026-04-22,Maruti Suzuki,-1.3271350378645907,0.03693626167839886,-1.3640712995429896,DOWN,UP
2026-04-23,Maruti Suzuki,-0.8510638297872353,-0.03369090411682909,-0.8173729256704062,DOWN,DOWN
2026-04-24,Maruti Suzuki,1.3335377069282561,-0.05536539289822993,1.388903099826486,UP,DOWN
2026-04-27,Maruti Suzuki,-2.4958402662229595,0.34984046466724633,-2.845680730890206,DOWN,UP
2026-04-28,Maruti Suzuki,2.8312131554452336,-0.6451270028006263,3.47634015824586,UP,DOWN
2026-04-29,Maruti Suzuki,0.42996152975787183,0.3222129543286363,0.10774857542923555,UP,UP
2026-04-30,Maruti Suzuki,0.0,0.07891896869883482,-0.07891896869883482,UP,UP
2026-05-01,Maruti Suzuki,1.9978969505783484,1.5572160747797983,0.4406808757985501,UP,UP
2026-05-04,Maruti Suzuki,-1.134020618556697,-0.5346534511986049,-0.5993671673580921,DOWN,DOWN
2026-05-05,Maruti Suzuki,2.204677491434537,0.06488633201454463,2.139791159419992,UP,UP
2026-05-06,Maruti Suzuki,0.3498032356799241,0.29564652531311036,0.05415671036681374,UP,UP
2026-05-07,Maruti Suzuki,-0.31953522149600344,-0.004048953226897066,-0.31548626826910636,DOWN,DOWN
2026-05-08,Maruti Suzuki,-1.7703628150954387,-0.23785152446024202,-1.5325112906351968,DOWN,DOWN
2026-05-11,Maruti Suzuki,-2.3066083215901534,-0.3189263323307555,-1.9876819892593978,DOWN,DOWN
2026-05-12,Maruti Suzuki,-0.5238384451867639,-0.48367239806858575,-0.04016604711817817,DOWN,DOWN
2026-05-13,Maruti Suzuki,-0.2136915210257162,-0.8356478407771084,0.6219563197513922,DOWN,DOWN
2026-05-14,Maruti Suzuki,1.1166347992351833,-0.7508567682770804,1.8674915675122636,UP,DOWN
2026-05-15,Maruti Suzuki,-1.5505634974661509,0.04589007967714509,-1.596453577143296,DOWN,UP
2026-05-18,Maruti Suzuki,-0.4609711124769489,-0.613653495917732,0.1526823834407831,DOWN,DOWN
2026-05-19,Maruti Suzuki,0.36276628589071436,-0.3903665386259145,0.7531328245166289,UP,DOWN
2026-05-20,Maruti Suzuki,0.05383373067753272,-0.3050339090793168,0.35886763975684954,UP,DOWN
2026-05-21,Maruti Suzuki,-0.1767870868562671,-0.31039570657392895,0.13360861971766186,DOWN,DOWN
2026-05-22,Maruti Suzuki,1.4091014091013987,-0.42319808869469766,1.8322994977960962,UP,DOWN
2026-05-25,Maruti Suzuki,0.2885345482156465,0.3983623481102086,-0.1098277998945621,UP,UP
2026-05-26,Maruti Suzuki,1.1811023622047223,-0.0029904028148587634,1.1840927650195812,UP,DOWN
2026-05-27,Maruti Suzuki,0.0,-0.043384294046826095,0.043384294046826095,UP,DOWN
2026-05-28,Maruti Suzuki,-1.77342113139779,1.0791054569368053,-2.8525265883345954,DOWN,UP
2026-05-29,Maruti Suzuki,-1.3788375104745954,-0.556159390103889,-0.8226781203707063,DOWN,DOWN
2026-06-01,Maruti Suzuki,0.5870539162675659,-0.6444129744079047,1.2314668906754704,UP,DOWN
2026-06-02,Maruti Suzuki,0.16894486254031005,-0.14166137440966237,0.3106062369499724,UP,DOWN
2026-06-03,Maruti Suzuki,0.15332720024532343,-0.09044505390328914,0.24377225414861256,UP,DOWN
2026-06-04,Maruti Suzuki,-0.10716472749541239,-0.010937543705389598,-0.09622718379002279,DOWN,DOWN
2026-06-05,Maruti Suzuki,-1.0574712643678152,-0.07476489265941687,-0.9827063717083984,DOWN,DOWN
2026-06-08,Maruti Suzuki,1.610904584882289,0.1615838305784071,1.4493207543038817,UP,UP
2026-06-09,Maruti Suzuki,-0.3582317073170693,0.4732596776672166,-0.831491384984286,DOWN,UP
2026-06-10,Maruti Suzuki,0.1912338407404679,0.014938969863845434,0.17629487087662246,UP,UP
2026-06-11,Maruti Suzuki,2.046113910520697,0.45230771030628597,1.593806200214411,UP,UP
2026-06-12,Maruti Suzuki,3.284453089929662,0.3359156975080919,2.94853739242157,UP,UP
2026-06-15,Maruti Suzuki,-0.8257877580586714,0.6111435674647732,-1.4369313255234446,DOWN,UP
2026-06-16,Maruti Suzuki,-0.44554817033087835,-0.35200632807845333,-0.09354184225242501,DOWN,DOWN
2026-06-17,Maruti Suzuki,-1.0711665443873808,-0.5172590616907814,-0.5539074826965994,DOWN,DOWN
2026-06-18,Maruti Suzuki,-0.6600415307030594,-0.4025881508057676,-0.2574533798972918,DOWN,DOWN
2026-06-19,Maruti Suzuki,0.1941022769690104,-0.4106373298908027,0.6047396068598131,UP,DOWN
2026-06-22,Maruti Suzuki,0.22353028835406796,0.06034274335419764,0.16318754499987032,UP,UP
2026-06-23,Maruti Suzuki,-1.5091814734963904,-0.30954335684649353,-1.1996381166498968,DOWN,DOWN
2026-06-24,Maruti Suzuki,3.75150966183575,-0.4400005532502687,4.191510215086019,UP,DOWN
2026-06-25,Maruti Suzuki,0.0,-0.7290885186784977,0.7290885186784977,UP,DOWN
2026-06-26,Maruti Suzuki,-2.4226991633321204,0.9876187512054085,-3.410317914537529,DOWN,UP
2026-06-29,Maruti Suzuki,5.241574709215624,-0.7489916985984456,5.99056640781407,UP,DOWN
2026-06-30,Maruti Suzuki,1.983705278072967,-0.782783982643418,2.766489260716385,UP,DOWN
2026-07-01,Maruti Suzuki,-0.32650225772837826,0.17351934312274345,-0.5000216008511217,DOWN,UP
2026-07-02,Maruti Suzuki,0.12545302481181686,0.020678818443618532,0.10477420636819833,UP,UP
2026-07-03,Maruti Suzuki,0.626479186969231,0.06468171758677474,0.5617974693824562,UP,UP
2026-07-06,Maruti Suzuki,0.5672385168788097,-0.015206386540859764,0.5824449034196695,UP,DOWN
2026-07-07,Maruti Suzuki,-4.037694318338147,-0.06508758461137894,-3.972606733726768,DOWN,DOWN
2026-07-08,Maruti Suzuki,-1.5984517238907592,-0.9261544855542487,-0.6722972383365104,DOWN,DOWN
2026-07-09,Maruti Suzuki,0.9178321678321666,-0.24136196669758075,1.1591941345297474,UP,DOWN
2026-07-10,Maruti Suzuki,-1.1476829796448706,0.22906638961770118,-1.3767493692625719,DOWN,UP
2026-07-13,Maruti Suzuki,-1.5041986126323459,-0.20332028043945954,-1.3008783321928863,DOWN,DOWN
2026-07-14,Maruti Suzuki,0.6968641114982521,-0.06853875382105686,0.765402865319309,UP,DOWN
2026-07-15,Maruti Suzuki,1.472428771258194,0.16387685006143027,1.3085519211967638,UP,UP
2026-07-16,Maruti Suzuki,0.1451062903576883,0.2696332044545541,-0.12452691409686578,UP,UP
2026-07-17,Maruti Suzuki,-2.0937477359994183,0.22055379788757498,-2.3143015338869932,DOWN,UP
2026-07-20,Maruti Suzuki,0.6141778895959682,-0.20167846389515084,0.8158563534911191,UP,DOWN
2026-07-21,Maruti Suzuki,-0.38243730234610585,0.09509516121501607,-0.4775324635611219,DOWN,UP
2026-07-22,Maruti Suzuki,-1.0483573274270963,0.11230423360872083,-1.160661561035817,DOWN,UP
2026-07-23,Maruti Suzuki,0.29097963142579175,-0.12003903253627536,0.4110186639620671,UP,DOWN
2026-07-24,Maruti Suzuki,2.1425383127510855,-0.12611864019259716,2.2686569529436826,UP,DOWN
2026-07-27,Maruti Suzuki,0.5243991260014624,0.3953278260020763,0.12907129999938616,UP,UP
2026-07-28,Maruti Suzuki,1.057817707578601,0.02332608847546536,1.0344916191031357,UP,UP
2026-07-29,Maruti Suzuki,1.7206767995411543,-0.110343997143302,1.8310207966844563,UP,DOWN
2026-07-30,Maruti Suzuki,0.3242176487172177,0.31133706387759547,0.012880584839622233,UP,UP
2026-07-31,Maruti Suzuki,-0.5901362933820375,-0.042899361358756695,-0.5472369320232808,DOWN,DOWN
2026-08-03,Maruti Suzuki,0.12720848056537726,-0.6967603721200719,0.8239688526854492,UP,DOWN
2026-08-04,Maruti Suzuki,0.15527950310558758,-0.19677051026431158,0.35205001336989916,UP,DOWN
2026-08-05,Maruti Suzuki,-0.7751937984496138,0.19127314916860252,-0.9664669476182163,DOWN,UP
2026-08-06,Maruti Suzuki,-0.30539772727272707,-0.06004767003322335,-0.2453500572395037,DOWN,DOWN
2026-08-07,Maruti Suzuki,0.4274417610600656,-0.11790795207263981,0.5453497131327054,UP,DOWN
2026-08-10,Maruti Suzuki,-0.7590267432787123,0.5389750680611403,-1.2980018113398526,DOWN,UP
2026-08-11,Maruti Suzuki,-0.8220157255182325,0.18955208966779682,-1.0115678151860295,DOWN,UP
2026-08-12,Maruti Suzuki,0.216216216216214,0.07700249110614606,0.13921372511006797,UP,UP
2026-08-13,Maruti Suzuki,-0.5106076950737171,0.5924486996200374,-1.1030563946937546,DOWN,UP
2026-08-14,Maruti Suzuki,-0.5349139800491565,0.043707202202187184,-0.5786211822513436,DOWN,UP
2026-08-17,Maruti Suzuki,-0.5014534883720945,0.04376329115698292,-0.5452167795290774,DOWN,UP
2026-08-18,Maruti Suzuki,-0.007304068366076333,0.05237371425518361,-0.059677782621259945,DOWN,UP
2026-08-19,Maruti Suzuki,0.8692476260043769,0.20128603010941973,0.6679615958949572,UP,UP
2026-08-20,Maruti Suzuki,-1.7669635744804069,0.8557575881835311,-2.6227211626639377,DOWN,UP
2026-08-21,Maruti Suzuki,0.40545521562844744,-0.05495817128090047,0.4604133869093479,UP,DOWN
2026-08-24,Maruti Suzuki,0.4258443465491979,0.6606192800896902,-0.23477493354049228,UP,UP
2026-08-25,Maruti Suzuki,-1.155139640298286,0.7008947112489894,-1.8560343515472755,DOWN,UP
2026-08-26,Maruti Suzuki,-0.591715976331364,0.024748182418863184,-0.6164641587502272,DOWN,UP
2026-08-27,Maruti Suzuki,-0.4761904761904745,0.13182161250654706,-0.6080120886970215,DOWN,UP
2026-08-28,Maruti Suzuki,1.2784090909090828,0.06533185032588293,1.2130772405832,UP,UP
2026-08-31,Maruti Suzuki,-4.406879751974602,0.42258941138195844,-4.82946916335656,DOWN,UP
2026-09-01,Maruti Suzuki,-0.7799227799227815,-0.6907482181932848,-0.08917456172949667,DOWN,DOWN
2026-09-02,Maruti Suzuki,0.06226165460347932,-0.3661683922666862,0.4284300468701655,UP,DOWN
2025-09-22,NTPC,1.120279379780631,0.030890993189505875,1.0893883865911251,UP,UP
2025-09-23,NTPC,1.3411096511707354,0.025360670323397717,1.3157489808473377,UP,UP
2025-09-24,NTPC,-2.0425793955254568,0.05145393628549267,-2.0940333318109494,DOWN,UP
2025-09-25,NTPC,-0.7635847587417421,0.027318302407776027,-0.7909030611495181,DOWN,UP
2025-09-26,NTPC,0.9026393505888075,0.032725726031468845,0.8699136245573387,UP,UP
2025-09-29,NTPC,-0.14664906352793716,0.013819147459876098,-0.16046821098781325,DOWN,UP
2025-09-30,NTPC,-0.05874936109845352,0.03233239114545281,-0.09108175224390633,DOWN,UP
2025-10-01,NTPC,0.5143277002204183,0.03427844728761885,0.48004925293279943,UP,UP
2025-10-03,NTPC,-0.8479514317205727,0.034086431376374765,-0.8820378630969475,DOWN,UP
2025-10-06,NTPC,-0.324389880187681,0.01982548998738578,-0.34421537017506676,DOWN,UP
2025-10-07,NTPC,-1.2426071618435675,0.025760982166240898,-1.2683681440098082,DOWN,UP
2025-10-08,NTPC,0.6141457116584315,0.01694985105326875,0.5971958606051627,UP,UP
2025-10-09,NTPC,1.14634689103712,0.043252094036139166,1.1030947970009808,UP,UP
2025-10-10,NTPC,0.5887547624758627,0.023521112125969985,0.5652336503498927,UP,UP
2025-10-13,NTPC,-1.4779099005378882,0.046360654198141574,-1.5242705547360298,DOWN,UP
2025-10-14,NTPC,0.7723172881788587,0.022445121357350994,0.7498721668215077,UP,UP
2025-10-15,NTPC,0.6632277081798144,0.028518779760912313,0.634708928418902,UP,UP
2025-10-16,NTPC,-0.14641288433382416,0.0397326081543799,-0.18614549248820406,DOWN,UP
2025-10-17,NTPC,0.27859595514112545,0.02756866530720289,0.2510272898339226,UP,UP
2025-10-20,NTPC,0.014618450412129391,0.03317926739958084,-0.018560816987451448,UP,UP
2025-10-21,NTPC,0.1900566948784821,0.03065006860648898,0.15940662627199312,UP,UP
2025-10-23,NTPC,-0.8901175681591211,0.023535727340981215,-0.9136532955001023,DOWN,UP
2025-10-24,NTPC,0.6330959534285308,0.022487456615038922,0.6106084968134918,UP,UP
2025-10-27,NTPC,-0.7607918371662414,0.0413251429635988,-0.8021169801298402,DOWN,UP
2025-10-28,NTPC,2.462039290516471,0.033599899161907275,2.428439391354564,UP,UP
2025-10-29,NTPC,-0.6762607492131312,-0.02858449138872943,-0.6476762578244017,DOWN,DOWN
2025-10-30,NTPC,-2.3757733838791317,0.020704379067884467,-2.396477762947016,DOWN,UP
2025-10-31,NTPC,-0.5193648721178112,0.0785682914678731,-0.5979331635856844,DOWN,UP
2025-11-03,NTPC,-1.3723168066815283,0.02932720009998782,-1.4016440067815161,DOWN,UP
2025-11-04,NTPC,-1.1948010085016336,0.025377970378749337,-1.220178978880383,DOWN,UP
2025-11-06,NTPC,-0.16837220365693017,0.01830759195092598,-0.18667979560785616,DOWN,UP
2025-11-07,NTPC,-0.1993234849183234,0.03127057274224576,-0.23059405766056917,DOWN,UP
2025-11-10,NTPC,0.36871459346874413,0.04125427477472325,0.32746031869402087,UP,UP
2025-11-11,NTPC,0.15306903699452423,0.03505093980685442,0.11801809718766981,UP,UP
2025-11-12,NTPC,-0.06112844052701405,0.037441247501896396,-0.09856968802891045,DOWN,UP
2025-11-13,NTPC,0.4587857299268583,0.03372195862959466,0.42506377129726364,UP,UP
2025-11-14,NTPC,0.5328055822683142,0.036669776518743834,0.4961358057495704,UP,UP
2025-11-17,NTPC,-0.5299818096017428,0.04830939400093306,-0.5782912036026758,DOWN,UP
2025-11-18,NTPC,-0.5632534738191808,0.03438729649482472,-0.5976407703140055,DOWN,UP
2025-11-19,NTPC,0.0,0.03268240999311497,-0.03268240999311497,UP,UP
2025-11-20,NTPC,0.015305508889951192,0.0369957334657481,-0.02169022457579691,UP,UP
2025-11-21,NTPC,-0.9796362312093576,0.036209436626581465,-1.015845667835939,DOWN,UP
2025-11-24,NTPC,0.07729169595454,0.05009935021624568,0.027192345738294314,UP,UP
2025-11-25,NTPC,0.7414253339445009,0.035261586571257594,0.7061637473732434,UP,UP
2025-11-26,NTPC,0.38331799343886974,0.0456390108133842,0.33767898262548557,UP,UP
2025-11-27,NTPC,-0.27493321512258584,0.03306495373049336,-0.3079981688530792,DOWN,UP
2025-11-28,NTPC,0.19910977858139667,0.03553724945409422,0.16357252912730244,UP,UP
2025-12-01,NTPC,0.45857535066058386,0.040327622554666924,0.4182477281059169,UP,UP
2025-12-02,NTPC,-1.7194138136152448,0.044302694803556066,-1.763716508418801,DOWN,UP
2025-12-03,NTPC,0.0,0.0778909885071554,-0.0778909885071554,UP,UP
2025-12-04,NTPC,0.10836834578384913,0.03640785546148775,0.07196049032236138,UP,UP
2025-12-05,NTPC,-1.1753751736613527,0.037218385673005575,-1.2125935593343582,DOWN,UP
2025-12-08,NTPC,0.10954807621772478,0.023407839594790564,0.08614023662293421,UP,UP
2025-12-09,NTPC,0.5471314574349684,0.031923874335743264,0.5152075830992251,UP,UP
2025-12-10,NTPC,0.31094526773054465,0.04274414105453449,0.26820112667601015,UP,UP
2025-12-11,NTPC,0.7594487424364749,0.03321541588799386,0.726233326548481,UP,UP
2025-12-12,NTPC,-0.3384019773100544,0.044613348010609656,-0.38301532532066407,DOWN,UP
2025-12-15,NTPC,-0.9106380910231082,0.03553724945409422,-0.9461753404772024,DOWN,UP
2025-12-16,NTPC,0.07788161993769194,0.03363572741232753,0.04424589252536441,UP,UP
2025-12-17,NTPC,-0.8560311284046662,0.04349103631040843,-0.8995221647150746,DOWN,UP
2025-12-18,NTPC,0.4395585232290111,0.03573715654450019,0.40382136668451096,UP,UP
2025-12-19,NTPC,0.25008387802776255,0.0357398159883971,0.21434406203936546,UP,UP
2025-12-22,NTPC,0.7951318041492961,0.039144945864128776,0.7559868582851673,UP,UP
2025-12-23,NTPC,-0.21655443372969874,0.035626463254718584,-0.2521808969844173,DOWN,UP
2025-12-24,NTPC,0.48055134683240297,0.03896878553385124,0.4415825612985517,UP,UP
2025-12-26,NTPC,0.4319635514098863,0.04559885900800069,0.3863646924018856,UP,UP
2025-12-29,NTPC,-0.1843336723550304,0.027710532246908927,-0.21204420460193932,DOWN,UP
2025-12-30,NTPC,1.4312077512583343,0.03951710108110206,1.3916906501772324,UP,UP
2025-12-31,NTPC,2.0482476862479837,0.05997300613320318,1.9882746801147806,UP,UP
2026-01-01,NTPC,4.69819175856574,0.02850727068873339,4.6696844878770065,UP,UP
2026-01-02,NTPC,-0.42601532916730633,0.21705763411380238,-0.6430729632811087,DOWN,UP
2026-01-05,NTPC,0.05703984197709122,0.02076742305305108,0.03627241892404014,UP,UP
2026-01-06,NTPC,-0.555867091592932,0.00562777425538731,-0.5614948658483193,DOWN,UP
2026-01-07,NTPC,-1.2756233708394404,0.009706442768638699,-1.285329813608079,DOWN,UP
2026-01-08,NTPC,-2.4390226612515997,0.0021272969493053525,-2.441149958200905,DOWN,UP
2026-01-09,NTPC,0.43155125209264344,0.060587268014924645,0.3709639840777188,UP,UP
2026-01-12,NTPC,0.13334765837171858,0.015545679081632431,0.11780197929008615,UP,UP
2026-01-13,NTPC,3.314593787907083,0.03475559044914913,3.279838197457934,UP,UP
2026-01-14,NTPC,0.0,-0.05291638595477249,0.05291638595477249,UP,DOWN
2026-01-15,NTPC,-0.7877398888341935,2.4589965609926696,-3.246736449826863,DOWN,UP
2026-01-16,NTPC,-0.8661758184301482,0.006001598449480129,-0.8721774168796284,DOWN,UP
2026-01-19,NTPC,-1.3397425431030285,0.0028780924322795044,-1.342620635535308,DOWN,UP
2026-01-20,NTPC,-0.014756544049820963,0.02568912894607951,-0.040445672995900475,DOWN,UP
2026-01-21,NTPC,1.1071744507962444,0.031261344068463204,1.0759131067277812,UP,UP
2026-01-22,NTPC,-1.67907717770025,0.033806614093445785,-1.7128837917936959,DOWN,UP
2026-01-23,NTPC,2.3760022898606126,0.0788256659923414,2.297176623868271,UP,UP
2026-01-27,NTPC,0.9718524709321663,0.03976477070020401,0.9320877002319623,UP,UP
2026-01-28,NTPC,2.9018837689267274,-0.02450358574300564,2.926387354669733,UP,DOWN
2026-01-29,NTPC,-0.6003054399341345,0.1687893801688332,-0.7690948201029677,DOWN,UP
2026-01-30,NTPC,-1.5870769372147153,0.06416177466719142,-1.6512387118819067,DOWN,UP
2026-02-02,NTPC,2.340511359097941,0.6286398249022491,1.7118715341956918,UP,UP
2026-02-03,NTPC,2.4264433142456854,0.01133971541236326,2.4151035988333223,UP,UP
2026-02-04,NTPC,-0.0680735194009574,0.053555060804747014,-0.12162858020570441,DOWN,UP
2026-02-05,NTPC,-0.5313384760302964,0.0021261128586167687,-0.5334645888889131,DOWN,UP
2026-02-06,NTPC,-0.8628938506555661,0.020137102005487188,-0.8830309526610534,DOWN,UP
2026-02-09,NTPC,1.3815971495788837,-0.004356859873738348,1.385954009452622,UP,DOWN
2026-02-10,NTPC,0.42246343317853263,0.05191004796728225,0.37055338521125036,UP,UP
2026-02-11,NTPC,-0.054284760592959724,0.03699425246562459,-0.09127901305858432,DOWN,UP
2026-02-12,NTPC,-1.4256619144602856,0.023332123713249105,-1.4489940381735347,DOWN,UP
2026-02-13,NTPC,1.6804424527591344,0.03724265111968886,1.6431998016394456,UP,UP
2026-02-16,NTPC,-0.18965380532530718,0.014208329875614076,-0.20386213520092125,DOWN,UP
2026-02-17,NTPC,0.0,0.026325439457741642,-0.026325439457741642,UP,UP
2026-02-18,NTPC,-1.4115042821944757,0.027448890258153738,-1.4389531724526294,DOWN,UP
2026-02-19,NTPC,2.6844712754145794,0.03189387593579587,2.6525773994787833,UP,UP
2026-02-20,NTPC,0.6703311216443186,-0.01363999881073444,0.683971120455053,UP,DOWN
2026-02-23,NTPC,1.9443301519839418,0.0013994565369379371,1.9429306954470038,UP,UP
2026-02-24,NTPC,0.5617227685132287,0.042213816865811875,0.5195089516474168,UP,UP
2026-02-25,NTPC,-0.7794232391717948,0.026514808411198007,-0.8059380475829928,DOWN,UP
2026-02-26,NTPC,0.0,0.023051063373955058,-0.023051063373955058,UP,UP
2026-02-27,NTPC,-1.1390432503370684,0.028715147256991827,-1.1677583975940602,DOWN,UP
2026-03-02,NTPC,-3.1121706740573796,0.06026213608871316,-3.1724328101460926,DOWN,UP
2026-03-04,NTPC,3.3488246060120463,-0.033937260606493914,3.3827618666185404,UP,DOWN
2026-03-05,NTPC,0.6745188183799877,-0.022380458761694852,0.6968992771416825,UP,DOWN
2026-03-06,NTPC,-1.1429337976238796,0.01769579922029449,-1.160629596844174,DOWN,UP
2026-03-09,NTPC,0.27906652304818813,0.02968457062372414,0.24938195242446398,UP,UP
2026-03-10,NTPC,0.6891084515333379,-0.023707808204695643,0.7128162597380335,UP,DOWN
2026-03-11,NTPC,2.8033677461406725,-0.0004905310531731017,2.8038582771938456,UP,DOWN
2026-03-12,NTPC,-1.5618936823961982,1.050166295483659,-2.6120599778798574,DOWN,UP
2026-03-13,NTPC,-0.5332340344530895,0.04846617043842883,-0.5817002048915183,DOWN,UP
2026-03-16,NTPC,0.24843415852364714,-0.043695745650618976,0.2921299041742661,UP,DOWN
2026-03-17,NTPC,-1.265163956253068,0.015538023031650723,-1.2807019792847187,DOWN,UP
2026-03-18,NTPC,-1.1756967521878936,-0.005385795515026226,-1.1703109566728673,DOWN,DOWN
2026-03-19,NTPC,1.844679759188117,-0.0024458881403500916,1.8471256473284672,UP,DOWN
2026-03-20,NTPC,-2.2443937620614474,-0.0013421764366853568,-2.243051585624762,DOWN,DOWN
2026-03-23,NTPC,0.8458630365498987,0.01829070934616698,0.8275723272037318,UP,UP
2026-03-24,NTPC,0.7588886156712382,-0.0016449046627351786,0.7605335203339734,UP,DOWN
2026-03-25,NTPC,-0.7267441977687472,0.009352154748727784,-0.736096352517475,DOWN,UP
2026-03-27,NTPC,-1.3310262428429143,0.0702429488378936,-1.4012691916808078,DOWN,UP
2026-03-30,NTPC,-1.6187778494003435,-0.0148455054085324,-1.6039323439918112,DOWN,DOWN
2026-04-01,NTPC,-1.371177864716866,0.8470625195802924,-2.2182403842971583,DOWN,UP
2026-04-02,NTPC,1.7934136845523474,0.019297244344939554,1.7741164402074079,UP,UP
2026-04-06,NTPC,0.7511608724809493,-0.021868743978334503,0.7730296164592838,UP,DOWN
2026-04-07,NTPC,1.4368951349512438,0.0018938581336658822,1.435001276817578,UP,UP
2026-04-08,NTPC,1.2027261989599358,0.04126799802025385,1.1614582009396819,UP,UP
2026-04-09,NTPC,0.39614420287303886,-0.06438801840994994,0.4605322212829888,UP,DOWN
2026-04-10,NTPC,1.6046313827317027,-0.03514365728812291,1.6397750400198257,UP,DOWN
2026-04-13,NTPC,1.644014525182036,0.02282349323751525,1.6211910319445206,UP,UP
2026-04-15,NTPC,-0.4584865722269571,0.06054733096973106,-0.5190339031966882,DOWN,UP
2026-04-16,NTPC,0.7164837251812273,0.02820841531134905,0.6882753098698782,UP,UP
2026-04-17,NTPC,1.1178846108369278,0.0030670752658454527,1.1148175355710823,UP,UP
2026-04-20,NTPC,-0.4522582394393737,-0.005681807429844001,-0.44657643200952973,DOWN,DOWN
2026-04-21,NTPC,2.3220548727912904,0.005232058899597384,2.316822813891693,UP,UP
2026-04-22,NTPC,-0.7770088662824914,-3.420840217345733e-05,-0.7769746578803179,DOWN,DOWN
2026-04-23,NTPC,-0.09943912902035112,0.009159492058052048,-0.10859862107840318,DOWN,UP
2026-04-24,NTPC,2.0778912471547173,0.04293971330011474,2.0349515338546027,UP,UP
2026-04-27,NTPC,-0.8166762564172925,0.0023381654190900245,-0.8190144218363825,DOWN,UP
2026-04-28,NTPC,-1.364143597710732,0.005581265189192341,-1.3697248628999243,DOWN,UP
2026-04-29,NTPC,-0.5357572793133536,0.005435364851620566,-0.5411926441649741,DOWN,UP
2026-04-30,NTPC,0.0,0.01485681895019449,-0.01485681895019449,UP,UP
2026-05-01,NTPC,0.2254776174988038,2.452543483355465,-2.227065865856661,UP,UP
2026-05-04,NTPC,-0.34995474045832475,0.04913304044361072,-0.3990877809019355,DOWN,UP
2026-05-05,NTPC,-0.9532140602403927,0.06850478205482409,-1.0217188422952168,DOWN,UP
2026-05-06,NTPC,1.3929340040476301,0.06823986842615135,1.3246941356214788,UP,UP
2026-05-07,NTPC,0.44960353828578103,0.007448895422897498,0.44215464286288353,UP,UP
2026-05-08,NTPC,-2.287699074744032,0.06793100766625096,-2.3556300824102827,DOWN,UP
2026-05-11,NTPC,-0.0636213238920269,0.033232047646957634,-0.09685337153898455,DOWN,UP
2026-05-12,NTPC,-0.572956437499117,0.05335066091621177,-0.6263070984153287,DOWN,UP
2026-05-13,NTPC,1.4982649258659997,0.08175830553605623,1.4165066203299435,UP,UP
2026-05-14,NTPC,-0.2649477227633201,0.01830016221250273,-0.2832478849758229,DOWN,UP
2026-05-15,NTPC,-1.7583838600964463,0.042988932020793034,-1.8013727921172393,DOWN,UP
2026-05-18,NTPC,0.28328769974159673,0.18928455245444772,0.09400314728714901,UP,UP
2026-05-19,NTPC,0.7832610062540768,0.07413034035788381,0.709130665896193,UP,UP
2026-05-20,NTPC,-0.9300609760554579,0.044842323342727815,-0.9749032993981858,DOWN,UP
2026-05-21,NTPC,-0.03857867829056838,0.08370630675996525,-0.12228498505053363,DOWN,UP
2026-05-22,NTPC,0.360219714002441,0.08156978416628258,0.27864992983615844,UP,UP
2026-05-25,NTPC,-0.08972582922455175,0.08337792230360265,-0.17310375152815438,DOWN,UP
2026-05-26,NTPC,2.168329849824069,0.08850961431329207,2.079820235510777,UP,UP
2026-05-27,NTPC,0.0,0.000465534044948066,-0.000465534044948066,UP,UP
2026-05-28,NTPC,-2.825568296486003,2.498008234218061,-5.323576530704064,DOWN,UP
2026-05-29,NTPC,-2.1194060012435623,0.2940730847634249,-2.413479086006987,DOWN,UP
2026-06-01,NTPC,-2.983897001928093,0.027749924220968114,-3.0116469261490613,DOWN,UP
2026-06-02,NTPC,-0.16331140813372613,0.10505123627990817,-0.26836264441363433,DOWN,UP
2026-06-03,NTPC,-0.1090495937285052,-0.012033073246821915,-0.09701652048168329,DOWN,DOWN
2026-06-04,NTPC,-1.2963974015081425,0.016090528860650665,-1.3124879303687933,DOWN,UP
2026-06-05,NTPC,0.20738283220176346,-0.01922259877436616,0.22660543097612962,UP,DOWN
2026-06-08,NTPC,-1.862582812826441,-0.011550511700703356,-1.8510323011257377,DOWN,DOWN
2026-06-09,NTPC,-1.1247012705317916,0.08425487853288233,-1.2089561490646739,DOWN,UP
2026-06-10,NTPC,0.056878205745158894,0.00012619699576509874,0.0567520087493938,UP,UP
2026-06-11,NTPC,0.5826311659536065,0.035514976258533254,0.5471161896950733,UP,UP
2026-06-12,NTPC,-1.6388776188182796,0.02908008262546189,-1.6679577014437414,DOWN,UP
2026-06-15,NTPC,2.1401843030240286,0.085654622577067,2.0545296804469615,UP,UP
2026-06-16,NTPC,0.0,-0.025992284667754165,0.025992284667754165,UP,DOWN
2026-06-17,NTPC,1.800035053802107,0.025919204269420487,1.7741158495326865,UP,UP
2026-06-18,NTPC,1.0636760480989826,-0.00837770369509947,1.072053751794082,UP,DOWN
2026-06-19,NTPC,0.3417167965318324,-0.01755990949383497,0.35927670602566736,UP,DOWN
2026-06-22,NTPC,-0.6674790276345322,-0.0032913961473970345,-0.6641876314871351,DOWN,DOWN
2026-06-23,NTPC,-2.0707674668560827,0.011354483984021325,-2.082121950840104,DOWN,UP
2026-06-24,NTPC,-1.4003641425410662,0.010412594803938337,-1.4107767373450046,DOWN,UP
2026-06-25,NTPC,0.0,0.0787053498295084,-0.0787053498295084,UP,UP
2026-06-26,NTPC,1.1504100130600214,2.402698613832162,-1.2522886007721405,UP,UP
2026-06-29,NTPC,0.15444756628530953,0.052685249681829936,0.10176231660347959,UP,UP
2026-06-30,NTPC,0.35048367345908993,0.024715338390948506,0.3257683350681414,UP,UP
2026-07-01,NTPC,0.09779438655617145,0.020998105962724736,0.07679628059344672,UP,UP
2026-07-02,NTPC,-0.502439021065948,0.03170065218582161,-0.5341396732517696,DOWN,UP
2026-07-03,NTPC,-0.05611227386214113,0.03513513767853339,-0.09124741154067452,DOWN,UP
2026-07-06,NTPC,-0.57543516995614,0.03238355389887421,-0.6078187238550141,DOWN,UP
2026-07-07,NTPC,-1.5527949775408945,0.01974026216228056,-1.572535239703175,DOWN,UP
2026-07-08,NTPC,-1.4338972827541485,-0.02392499364152779,-1.4099722891126207,DOWN,DOWN
2026-07-09,NTPC,0.24730158735797314,0.008392698206101955,0.2389088891518712,UP,UP
2026-07-10,NTPC,2.0896858110926786,0.02461135263548003,2.0650744584571985,UP,UP
2026-07-13,NTPC,-1.0234558929681947,-0.04635504533263737,-0.9771008476355574,DOWN,DOWN
2026-07-14,NTPC,-1.0914800688172965,-0.004319252812429359,-1.0871608160048671,DOWN,DOWN
2026-07-15,NTPC,-0.5517624111536112,0.012907544589469837,-0.5646699557430811,DOWN,UP
2026-07-16,NTPC,-0.17520983563372727,0.026126355718852256,-0.20133619135257952,DOWN,UP
2026-07-17,NTPC,1.5796383794269175,0.024511359389279775,1.5551270200376377,UP,UP
2026-07-20,NTPC,0.3743665350522063,0.006905074562007495,0.3674614604901988,UP,UP
2026-07-21,NTPC,0.5594641444054638,0.007882561879187115,0.5515815825262766,UP,UP
2026-07-22,NTPC,-0.5420809975704377,0.030748799652764728,-0.5728297972232025,DOWN,UP
2026-07-23,NTPC,-0.401604667806188,0.015568222197976074,-0.4171728900041641,DOWN,UP
2026-07-24,NTPC,1.0368592912925578,0.01314279756475194,1.0237164937278058,UP,UP
2026-07-27,NTPC,-2.009688722432179,0.009635786902308884,-2.019324509334488,DOWN,UP
2026-07-28,NTPC,-0.07272727272726875,-0.03901633478051139,-0.03371093794675736,DOWN,DOWN
2026-07-29,NTPC,0.3930148772971265,0.019605664092107268,0.3734092132050192,UP,UP
2026-07-30,NTPC,0.6959529807182285,0.017557491063679608,0.6783954896545489,UP,UP
2026-07-31,NTPC,1.0511141530552548,0.03128786816206928,1.0198262848931856,UP,UP
2026-08-03,NTPC,-2.066115738417129,0.032785693132643214,-2.0989014315497725,DOWN,UP
2026-08-04,NTPC,1.818710930017553,-0.006592159806765621,1.8253030898243185,UP,DOWN
2026-08-05,NTPC,-1.4003983943863707,-0.01683484555978398,-1.3835635488265867,DOWN,DOWN
2026-08-06,NTPC,-0.7246376811594235,0.004826939941665303,-0.7294646211010888,DOWN,UP
2026-08-07,NTPC,-0.5985365818886867,0.0295017997662182,-0.628038381654905,DOWN,UP
2026-08-10,NTPC,-0.5874577554086824,0.029910334497894205,-0.6173680899065765,DOWN,UP
2026-08-11,NTPC,0.2954646074553313,0.032486620718201846,0.26297798673712947,UP,UP
2026-08-12,NTPC,1.4140484962013256,0.026330761642077483,1.387717734559248,UP,UP
2026-08-13,NTPC,-1.2345679012345734,0.033056108980834414,-1.2676240102154077,DOWN,UP
2026-08-14,NTPC,-0.8823529411764675,0.0008751129434478946,-0.8832280541199153,DOWN,UP
2026-08-17,NTPC,0.029675401636675147,0.03006132540673184,-0.00038592377005669184,UP,UP
2026-08-18,NTPC,-0.1631617622629089,0.03010415180624686,-0.19326591406915578,DOWN,UP
2026-08-19,NTPC,0.2822796735965527,0.02924732619937062,0.25303234739718206,UP,UP
2026-08-20,NTPC,0.7407407407407307,0.046275851144631314,0.6944648895960994,UP,UP
2026-08-21,NTPC,-0.14705882352941124,0.03820606403827849,-0.18526488756768972,DOWN,UP
2026-08-24,NTPC,0.10309458130062232,0.03775772767589094,0.06533685362473138,UP,UP
2026-08-25,NTPC,-1.5447991483633738,0.0301538612793526,-1.5749530096427264,DOWN,UP
2026-08-26,NTPC,-1.1058015957975176,0.06013955407034135,-1.165941149867859,DOWN,UP
2026-08-27,NTPC,-0.2568770381366492,0.022386428963686124,-0.27926346710033534,DOWN,UP
2026-08-28,NTPC,-0.8029068306303455,0.033168967583370505,-0.836075798213716,DOWN,UP
2026-08-31,NTPC,0.03054554226633588,0.04113618853895886,-0.010590646272622982,UP,UP
2026-09-01,NTPC,0.7633587786259444,0.030962903559255045,0.7323958750666894,UP,UP
2026-09-02,NTPC,0.27272542317708925,0.07761686485534378,0.19510855832174548,UP,UP
2025-09-22,ONGC,-0.34109468751003513,0.04676601537352213,-0.3878607028835573,DOWN,UP
2025-09-23,ONGC,0.78593787778658,0.046756816733997154,0.7391810610525829,UP,UP
2025-09-24,ONGC,0.4821372949376457,0.04312017487418038,0.43901712006346527,UP,UP
2025-09-25,ONGC,-0.6884440727209062,0.04378952320230438,-0.7322335959232106,DOWN,UP
2025-09-26,ONGC,0.823456608644757,0.03885233049663773,0.7846042781481193,UP,UP
2025-09-29,ONGC,-0.2000148912761901,0.05770674447612676,-0.2577216357523169,DOWN,UP
2025-09-30,ONGC,1.4780765286567021,0.04592508221610135,1.4321514464406009,UP,UP
2025-10-01,ONGC,0.25510631710992104,0.013631675210338449,0.2414746418995826,UP,UP
2025-10-03,ONGC,0.9028962140594565,0.0531051507060548,0.8497910633534017,UP,UP
2025-10-06,ONGC,-0.2196344605841949,0.05015247364575967,-0.2697869342299546,DOWN,UP
2025-10-07,ONGC,-1.4307882198071886,0.03370738686082186,-1.4644956066680104,DOWN,UP
2025-10-08,ONGC,0.6534063301794957,0.06456863725306211,0.5888376929264336,UP,UP
2025-10-09,ONGC,1.2120452589013286,0.05873606082429995,1.1533091980770287,UP,UP
2025-10-10,ONGC,-0.9133717761827809,0.043193305457330376,-0.9565650816401112,DOWN,UP
2025-10-13,ONGC,0.24581347556948963,0.059087125207719644,0.18672635036177,UP,UP
2025-10-14,ONGC,1.238301013145171,0.06859814700308511,1.1697028661420859,UP,UP
2025-10-15,ONGC,0.2543213627111074,0.14151883250366612,0.11280253020744127,UP,UP
2025-10-16,ONGC,-0.265755444287874,0.03218671613358479,-0.2979421604214588,DOWN,UP
2025-10-17,ONGC,0.42391822092464615,0.04399566380613119,0.37992255711851497,UP,UP
2025-10-20,ONGC,-0.24926041741750726,0.02838839373404495,-0.2776488111515522,DOWN,UP
2025-10-21,ONGC,1.688700033799062,0.041552033126421424,1.6471480006726407,UP,UP
2025-10-23,ONGC,1.0502989104338223,0.017467761594923775,1.0328311488388986,UP,UP
2025-10-24,ONGC,-0.6628500144741922,0.02959794133411452,-0.6924479558083068,DOWN,UP
2025-10-27,ONGC,-1.0779053738204314,0.03858722773899645,-1.1164926015594279,DOWN,UP
2025-10-28,ONGC,2.0356055880033086,0.03397814627775617,2.0016274417255526,UP,UP
2025-10-29,ONGC,-0.4342045896580049,0.037143122790535464,-0.47134771244854035,DOWN,UP
2025-10-30,ONGC,0.33001859974037817,0.05169229385230734,0.27832630588807084,UP,UP
2025-10-31,ONGC,0.8536604602983555,0.048263407930766736,0.8053970523675887,UP,UP
2025-11-03,ONGC,-2.019018418138363,0.045868281309240234,-2.0648866994476034,DOWN,UP
2025-11-04,ONGC,-0.3368361731550418,-0.013718337234882512,-0.32311783592015925,DOWN,DOWN
2025-11-06,ONGC,0.27832880645812796,0.048590004855752024,0.22973880160237595,UP,UP
2025-11-07,ONGC,-0.31720977852428556,0.03729535326998715,-0.3545051317942727,DOWN,UP
2025-11-10,ONGC,-0.7756551295085345,0.04095388842708167,-0.8166090179356162,DOWN,UP
2025-11-11,ONGC,1.763884228944823,0.03601237002084239,1.7278718589239808,UP,UP
2025-11-12,ONGC,-1.1818002473384381,0.03786260062304908,-1.2196628479614873,DOWN,UP
2025-11-13,ONGC,-1.2955949455543792,0.029687802130738485,-1.3252827476851177,DOWN,UP
2025-11-14,ONGC,0.18174351258055665,0.024890695465237887,0.15685281711531876,UP,UP
2025-11-17,ONGC,-0.44346143518736447,0.026010129755967594,-0.4694715649433321,DOWN,UP
2025-11-18,ONGC,0.8301288022236619,0.03162571194353562,0.7985030902801263,UP,UP
2025-11-19,ONGC,-0.3815248788121228,0.04162208999940424,-0.4231469688115271,DOWN,UP
2025-11-20,ONGC,-0.44346143518736447,0.02921384176520815,-0.4726752769525726,DOWN,UP
2025-11-21,ONGC,-0.48592709579733384,0.028010434449390078,-0.513937530246724,DOWN,UP
2025-11-24,ONGC,-0.16276455604655737,0.06187360784088499,-0.22463816388744237,DOWN,UP
2025-11-25,ONGC,0.9578116104611345,0.04861068712972518,0.9092009233314093,UP,UP
2025-11-26,ONGC,-1.4937412167248865,0.06509925339166617,-1.5588404701165526,DOWN,UP
2025-11-27,ONGC,-0.30737704918032405,0.04028145223359963,-0.3476585014139237,DOWN,UP
2025-11-28,ONGC,0.6495382655928861,0.04781473743206378,0.6017235281608223,UP,UP
2025-12-01,ONGC,-0.5268996999036268,0.04729979880035406,-0.5741994987039809,DOWN,UP
2025-12-02,ONGC,-1.4453433155581563,0.036527708318087555,-1.4818710238762438,DOWN,UP
2025-12-03,ONGC,0.9207530271391207,0.045071276910799644,0.8756817502283211,UP,UP
2025-12-04,ONGC,-0.4128307879445292,0.03076184022065344,-0.44359262816518263,DOWN,UP
2025-12-05,ONGC,-1.1234056722112529,0.05144198186157549,-1.1748476540728283,DOWN,UP
2025-12-08,ONGC,0.5534093752245228,0.038976327709136394,0.5144330475153864,UP,UP
2025-12-09,ONGC,-0.22932082227977713,0.04237711556209271,-0.27169793784186985,DOWN,UP
2025-12-10,ONGC,-0.36775028154698575,0.06485369181648352,-0.4326039733634693,DOWN,UP
2025-12-11,ONGC,-0.16358348377072396,0.03372640295426011,-0.19730988672498406,DOWN,UP
2025-12-12,ONGC,-1.121753684992366,0.04717147428947184,-1.1689251592818377,DOWN,UP
2025-12-15,ONGC,-1.334182837568032,0.16126417374249052,-1.4954470113105225,DOWN,UP
2025-12-16,ONGC,0.3014499496159395,0.008584844536231873,0.29286510507970764,UP,UP
2025-12-17,ONGC,-0.3907104236834158,0.06373980670625036,-0.45445023038966614,DOWN,UP
2025-12-18,ONGC,0.3836204265726062,0.056015804020222236,0.327604622552384,UP,UP
2025-12-19,ONGC,0.5539066896447231,0.046306711738741194,0.5075999779059819,UP,UP
2025-12-22,ONGC,0.5594042438956448,0.056965397352484244,0.5024388465431605,UP,UP
2025-12-23,ONGC,-0.730392450032491,0.050254653923082426,-0.7806471039555734,DOWN,UP
2025-12-24,ONGC,0.3251035175369177,0.040695923493521045,0.28440759404339666,UP,UP
2025-12-26,ONGC,0.12365520250345874,0.06706535183608481,0.05658985066737393,UP,UP
2025-12-29,ONGC,-0.05962637086719402,0.06501739407149662,-0.12464376493869064,DOWN,UP
2025-12-30,ONGC,2.428844547863096,0.05103636539856784,2.3778081824645283,UP,UP
2025-12-31,ONGC,-1.0150604841678845,0.0401504931296356,-1.0552109772975202,DOWN,UP
2026-01-01,ONGC,1.479366326108944,0.04521504671992986,1.434151279389014,UP,UP
2026-01-02,ONGC,-1.3956805608682177,0.06707351169146555,-1.4627540725596833,DOWN,UP
2026-01-05,ONGC,1.5960364190878984,0.4402043320931923,1.155832086994706,UP,UP
2026-01-06,ONGC,-1.1699540444812029,0.05293806648330529,-1.2228921109645081,DOWN,UP
2026-01-07,ONGC,-3.1958501914465254,0.02802744639103034,-3.2238776378375555,DOWN,UP
2026-01-08,ONGC,1.1537456529561174,-0.013832731203476644,1.1675783841595941,UP,DOWN
2026-01-09,ONGC,0.6920459657909328,0.026531961398745692,0.6655140043921871,UP,UP
2026-01-12,ONGC,3.4236951489403644,0.040227092530254784,3.3834680564101096,UP,UP
2026-01-13,ONGC,1.8254151163036525,-0.1275481232114452,1.9529632395150978,UP,DOWN
2026-01-14,ONGC,0.0,0.04394390509619079,-0.04394390509619079,UP,UP
2026-01-15,ONGC,-0.42702234896591085,1.9539485477993426,-2.3809708967652536,DOWN,UP
2026-01-16,ONGC,-1.6425931903833346,0.0310247695073932,-1.673617959890728,DOWN,UP
2026-01-19,ONGC,-1.118835594535117,0.027987668865136754,-1.1468232634002538,DOWN,UP
2026-01-20,ONGC,0.8236597747686147,0.00501670535785183,0.8186430694107629,UP,UP
2026-01-21,ONGC,0.6766511625564631,0.03489375301311994,0.6417574095433431,UP,UP
2026-01-22,ONGC,0.5983388987069738,0.036643367522931826,0.5616955311840419,UP,UP
2026-01-23,ONGC,1.0103050129165458,0.04183672668244147,0.9684682862341044,UP,UP
2026-01-27,ONGC,8.32022176968601,0.02024111307270005,8.29998065661331,UP,UP
2026-01-28,ONGC,2.535567956155038,-3.421432420740251,5.957000376895289,UP,DOWN
2026-01-29,ONGC,-2.334878845032906,-0.00624319750302914,-2.328635647529877,DOWN,DOWN
2026-01-30,ONGC,-5.580753637606694,-0.038334333957516224,-5.542419303649178,DOWN,DOWN
2026-02-02,ONGC,1.2010250397362476,0.2590427794858897,0.9419822602503579,UP,UP
2026-02-03,ONGC,3.871600080556914,0.5030213673204169,3.368578713236497,UP,UP
2026-02-04,ONGC,0.8428544285868034,0.548426493283738,0.2944279353030653,UP,UP
2026-02-05,ONGC,-0.09286775210386455,0.05936538443704809,-0.15223313654091264,DOWN,UP
2026-02-06,ONGC,-0.8737705881592062,0.030980262871473697,-0.9047508510306799,DOWN,UP
2026-02-09,ONGC,2.0817658161694785,0.00047877735723070704,2.0812870388122477,UP,UP
2026-02-10,ONGC,0.9002433444709634,0.08395652773469749,0.8162868167362659,UP,UP
2026-02-11,ONGC,0.6372905903506476,0.006062991984952596,0.631227598365695,UP,UP
2026-02-12,ONGC,-3.238650989455283,0.08394426108906153,-3.3225952505443446,DOWN,UP
2026-02-13,ONGC,1.5519798022474607,-0.5101317260434741,2.062111528290935,UP,DOWN
2026-02-16,ONGC,0.11048363985772802,0.05560391373533083,0.05487972612239719,UP,UP
2026-02-17,ONGC,-2.6669118400679093,0.03631597824509818,-2.7032278183130076,DOWN,UP
2026-02-18,ONGC,3.7981812400401216,-0.4834550536014911,4.281636293641613,UP,DOWN
2026-02-19,ONGC,1.456399085706006,0.20125604245147027,1.2551430432545359,UP,UP
2026-02-20,ONGC,-1.076619438618931,0.15657979315830292,-1.2331992317772338,DOWN,UP
2026-02-23,ONGC,0.3083642743829884,0.05964227615553299,0.24872199822745542,UP,UP
2026-02-24,ONGC,0.34358488500225715,-0.0008305475425794536,0.3444154325448366,UP,DOWN
2026-02-25,ONGC,0.9551248080345909,-0.04370976100444137,0.9988345690390322,UP,DOWN
2026-02-26,ONGC,-0.14280395850350125,-0.0027887808768398956,-0.14001517762666135,DOWN,DOWN
2026-02-27,ONGC,0.8938147625640935,0.06047268307329208,0.8333420794908014,UP,UP
2026-03-02,ONGC,-1.8603826268258405,0.0003433014290540104,-1.8607259282548945,DOWN,UP
2026-03-04,ONGC,-0.21664779818355573,0.21363326604669208,-0.4302810642302478,DOWN,UP
2026-03-05,ONGC,0.9408380843464625,0.5872299113373448,0.35360817300911773,UP,UP
2026-03-06,ONGC,-2.9216791745517834,0.14444223495501807,-3.0661214095068017,DOWN,UP
2026-03-09,ONGC,-0.5908329608791174,1.116350430225562,-1.7071833911046794,DOWN,UP
2026-03-10,ONGC,0.5757755284857557,0.019287404276066348,0.5564881242096894,UP,UP
2026-03-11,ONGC,-0.0738733913319467,0.02287381012893689,-0.09674720146088359,DOWN,UP
2026-03-12,ONGC,-2.384025866003292,0.048752780149581385,-2.4327786461528733,DOWN,UP
2026-03-13,ONGC,-1.382049909932126,-0.01228628956226996,-1.369763620369856,DOWN,DOWN
2026-03-16,ONGC,1.6509839091697565,0.19410553444962614,1.4568783747201304,UP,UP
2026-03-17,ONGC,0.09442870632672129,0.0011701110019218925,0.0932585953247994,UP,UP
2026-03-18,ONGC,1.54717211453419,0.03352734830303437,1.5136447662311556,UP,UP
2026-03-19,ONGC,-1.3749580539243689,0.027272805235141476,-1.4022308591595103,DOWN,UP
2026-03-20,ONGC,0.018846387225757155,0.14792763721617302,-0.12908124999041587,UP,UP
2026-03-23,ONGC,0.9794595842435694,0.11609402806103114,0.8633655561825382,UP,UP
2026-03-24,ONGC,0.8020983070229137,0.013402745091924627,0.7886955619309891,UP,UP
2026-03-25,ONGC,4.348630447506041,0.05209940752864774,4.296531039977394,UP,UP
2026-03-27,ONGC,0.9576100629747675,0.245021441218253,0.7125886217565145,UP,UP
2026-03-30,ONGC,1.19444720512476,0.04997170789724721,1.1444754972275129,UP,UP
2026-04-01,ONGC,-0.29507919526398085,0.07871975132787826,-0.3737989465918591,DOWN,UP
2026-04-02,ONGC,-1.8628154164767263,0.04319061510949407,-1.9060060315862204,DOWN,UP
2026-04-06,ONGC,1.7030291605549364,0.13417344395926686,1.5688557165956696,UP,UP
2026-04-07,ONGC,-0.40118399475691513,0.028449250324495762,-0.4296332450814109,DOWN,UP
2026-04-08,ONGC,1.0858164986044194,0.2589973933344804,0.826819105269939,UP,UP
2026-04-09,ONGC,-0.727652827132097,0.0276281048376073,-0.7552809319697043,DOWN,UP
2026-04-10,ONGC,0.3664878858529619,0.0400457515860876,0.3264421342668743,UP,UP
2026-04-13,ONGC,0.01739464881593822,0.060958559711268026,-0.04356391089532981,UP,UP
2026-04-15,ONGC,-1.6863720447105823,0.02195690574511634,-1.7083289504556987,DOWN,UP
2026-04-16,ONGC,0.4597657976900926,0.037397555578112536,0.4223682421119801,UP,UP
2026-04-17,ONGC,-0.24642905105960455,0.020732871328359728,-0.26716192238796427,DOWN,UP
2026-04-20,ONGC,-0.08823010221099548,0.02743653649625342,-0.1156666387072489,DOWN,UP
2026-04-21,ONGC,0.1942733243063488,0.021914851280789335,0.17235847302555946,UP,UP
2026-04-22,ONGC,0.9166247697732999,0.028959898307193747,0.8876648714661062,UP,UP
2026-04-23,ONGC,-0.5065544828056767,0.016521548934859104,-0.5230760317405359,DOWN,UP
2026-04-24,ONGC,0.38623811469937763,0.023285766920560818,0.3629523477788168,UP,UP
2026-04-27,ONGC,5.386496755946157,0.040106584764514695,5.346390171181643,UP,UP
2026-04-28,ONGC,0.03319153918597273,0.0014394139080922365,0.031752125277880495,UP,UP
2026-04-29,ONGC,-0.6138042936228438,0.034411650527285224,-0.6482159441501291,DOWN,UP
2026-04-30,ONGC,0.0,0.022745838165447032,-0.022745838165447032,UP,UP
2026-05-01,ONGC,-2.219994714565121,2.025322852770047,-4.245317567335168,DOWN,UP
2026-05-04,ONGC,-1.007163452005977,0.04525430806625457,-1.0524177600722315,DOWN,UP
2026-05-05,ONGC,-3.155724790081804,0.014093453815990713,-3.169818243897795,DOWN,UP
2026-05-06,ONGC,1.1039908255983333,0.2335108288870355,0.8704799967112977,UP,UP
2026-05-07,ONGC,-1.6555060903477248,0.012446723114956816,-1.6679528134626815,DOWN,UP
2026-05-08,ONGC,0.6446947400682967,0.02763155528972443,0.6170631847785724,UP,UP
2026-05-11,ONGC,4.804270462633453,0.008692053348614965,4.795578409284838,UP,UP
2026-05-12,ONGC,0.8998281482120118,0.3460221825172047,0.5538059656948071,UP,UP
2026-05-13,ONGC,1.2619889204192214,0.033480335566359966,1.2285085848528614,UP,UP
2026-05-14,ONGC,-0.5151172563672368,0.1535353746611721,-0.6686526310284089,DOWN,UP
2026-05-15,ONGC,-0.7182207625347159,0.04305448193985036,-0.7612752444745663,DOWN,UP
2026-05-18,ONGC,-0.23553572620435004,0.05194259306903381,-0.28747831927338385,DOWN,UP
2026-05-19,ONGC,0.6070785136488288,0.049180901113409545,0.5578976125354193,UP,UP
2026-05-20,ONGC,-0.8213147132790088,0.06193802359488387,-0.8832527368738927,DOWN,UP
2026-05-21,ONGC,-1.977355410791759,0.060792861503975136,-2.038148272295734,DOWN,UP
2026-05-22,ONGC,-1.7413751010237122,-0.006296870503502114,-1.7350782305202102,DOWN,DOWN
2026-05-25,ONGC,0.8948895187679717,0.15637781414341453,0.7385117046245572,UP,UP
2026-05-26,ONGC,-4.678265115489133,-0.004433257665306805,-4.673831857823826,DOWN,DOWN
2026-05-27,ONGC,0.0,0.9456161642202346,-0.9456161642202346,UP,UP
2026-05-28,ONGC,-3.156356242211922,2.064481714385593,-5.220837956597515,DOWN,UP
2026-05-29,ONGC,-0.4144710357245396,0.35450069458560557,-0.7689717303101451,DOWN,UP
2026-06-01,ONGC,0.2837684580551336,0.051103016172934154,0.23266544188219945,UP,UP
2026-06-02,ONGC,1.0186803740358075,0.03456652485575902,0.9841138491800484,UP,UP
2026-06-03,ONGC,-0.07470110440009892,0.022175616313133126,-0.09687672071323204,DOWN,UP
2026-06-04,ONGC,-1.0465288434755582,0.02066295552594379,-1.067191799001502,DOWN,UP
2026-06-05,ONGC,-0.037773787919026525,0.007657445217199098,-0.04543123313622562,DOWN,UP
2026-06-08,ONGC,-2.1348928875072337,-0.008114946781391453,-2.1267779407258423,DOWN,DOWN
2026-06-09,ONGC,-2.7413150978824685,-0.07189448890074464,-2.669420608981724,DOWN,DOWN
2026-06-10,ONGC,0.2778929035301525,0.17599119875145258,0.10190170477869992,UP,UP
2026-06-11,ONGC,-2.5336536027836365,-0.015281836309148462,-2.518371766474488,DOWN,DOWN
2026-06-12,ONGC,-1.0357445505142948,0.08451217739722783,-1.1202567279115225,DOWN,UP
2026-06-15,ONGC,1.8674340922375965,0.10290801846815607,1.7645260737694404,UP,UP
2026-06-16,ONGC,-1.289281622718752,0.049353423253759236,-1.3386350459725112,DOWN,UP
2026-06-17,ONGC,0.12245022520727122,0.020935501502118835,0.10151472370515238,UP,UP
2026-06-18,ONGC,0.38727963164424395,0.05776640781508727,0.3295132238291567,UP,UP
2026-06-19,ONGC,-0.32487433573921143,0.06372668025459277,-0.3886010159938042,DOWN,UP
2026-06-22,ONGC,-0.44815272291836017,0.025619521674823995,-0.4737722445931842,DOWN,UP
2026-06-23,ONGC,-1.7802357253360435,0.029497978599539603,-1.809733703935583,DOWN,UP
2026-06-24,ONGC,-2.8749974568685,0.07100775712400192,-2.946005213992502,DOWN,UP
2026-06-25,ONGC,0.0,0.184095433775736,-0.184095433775736,UP,UP
2026-06-26,ONGC,0.4075490876737087,1.9108014022159496,-1.503252314542241,UP,UP
2026-06-29,ONGC,0.36316634635489287,0.16702888900870044,0.19613745734619242,UP,UP
2026-06-30,ONGC,0.038319114098972484,0.1567709061521543,-0.11845179205318182,UP,UP
2026-07-01,ONGC,0.4127840325240273,0.0262331763242176,0.38655085619980967,UP,UP
2026-07-02,ONGC,0.7967407910371982,0.07202773367794696,0.7247130573592513,UP,UP
2026-07-03,ONGC,2.547930395182374,0.03342559014836936,2.5145048050340044,UP,UP
2026-07-06,ONGC,0.11480065039102261,-0.05350068542873004,0.16830133581975265,UP,DOWN
2026-07-07,ONGC,1.1548887741851699,0.104247427892912,1.050641346292258,UP,UP
2026-07-08,ONGC,-1.3562777747026744,0.05570791760481923,-1.4119856923074936,DOWN,UP
2026-07-09,ONGC,0.5376617484913027,0.04945112553138197,0.4882106229599207,UP,UP
2026-07-10,ONGC,1.424718377988765,0.044896376858232286,1.3798220011305329,UP,UP
2026-07-13,ONGC,0.18112173627273798,0.1843893072951196,-0.0032675710223816212,UP,UP
2026-07-14,ONGC,-0.6910410859304772,0.046670720622732594,-0.7377118065532098,DOWN,UP
2026-07-15,ONGC,-0.1739593367272474,0.05588010866619587,-0.22983944539344325,DOWN,UP
2026-07-16,ONGC,0.21884226388362293,0.038105797000806615,0.1807364668828163,UP,UP
2026-07-17,ONGC,0.9260417352481287,0.0626186442345969,0.8634230910135319,UP,UP
2026-07-20,ONGC,0.12420769144940724,0.034924579807586925,0.08928311164182032,UP,UP
2026-07-21,ONGC,0.804351719454699,0.016526677876960355,0.7878250415777386,UP,UP
2026-07-22,ONGC,0.18658246609415396,0.02911306279143084,0.15746940330272313,UP,UP
2026-07-23,ONGC,-1.4304397036879135,0.045721262442866964,-1.4761609661307804,DOWN,UP
2026-07-24,ONGC,-4.100336538623783,0.03015642678210385,-4.130492965405887,DOWN,UP
2026-07-27,ONGC,0.14671617500734424,0.48897142203120514,-0.3422552470238609,UP,UP
2026-07-28,ONGC,-0.2511431477621118,0.03783449891541717,-0.28897764667752895,DOWN,UP
2026-07-29,ONGC,1.3763580264778863,0.034821747537676744,1.3415362789402097,UP,UP
2026-07-30,ONGC,0.3890899688129057,0.04078983582669035,0.3483001329862153,UP,UP
2026-07-31,ONGC,-0.21852916421245538,0.03954861510535841,-0.2580777793178138,DOWN,UP
2026-08-03,ONGC,0.0,0.0348526154057686,-0.0348526154057686,UP,UP
2026-08-04,ONGC,-0.7438029139495095,0.028206648234179277,-0.7720095621836888,DOWN,UP
2026-08-05,ONGC,-0.9991648322133506,0.07864137215502924,-1.0778062043683798,DOWN,UP
2026-08-06,ONGC,0.4415487965865328,0.05681410631229479,0.384734690274238,UP,UP
2026-08-07,ONGC,0.4144819799359878,0.047993581385590234,0.36648839855039755,UP,UP
2026-08-10,ONGC,-0.16260815360380487,0.04057799972807587,-0.20318615333188073,DOWN,UP
2026-08-11,ONGC,-0.16704694156702837,0.04317523330713655,-0.21022217487416492,DOWN,UP
2026-08-12,ONGC,0.3555703132714694,0.043639953536358266,0.31193035973511113,UP,UP
2026-08-13,ONGC,-1.4589412626288878,0.04906655458165049,-1.5080078172105382,DOWN,UP
2026-08-14,ONGC,0.8840996830121961,0.047804685126382064,0.8362949978858141,UP,UP
2026-08-17,ONGC,0.4234955275158825,0.042152014578364906,0.38134351293751756,UP,UP
2026-08-18,ONGC,-0.6263048016701411,0.04883726171998382,-0.675142063390125,DOWN,UP
2026-08-19,ONGC,0.21008403361344463,0.06010714015959705,0.14997689345384757,UP,UP
2026-08-20,ONGC,-0.8805057037801212,0.03904923029500922,-0.9195549340751303,DOWN,UP
2026-08-21,ONGC,0.0634556510771711,0.08766610285552957,-0.02421045177835847,UP,UP
2026-08-24,ONGC,-1.0779974715112828,0.03278830067629375,-1.1107857721875765,DOWN,UP
2026-08-25,ONGC,-0.7649543957832572,0.043998389127261735,-0.8089527849105189,DOWN,UP
2026-08-26,ONGC,-0.09043827044282748,0.040338660194189344,-0.13077693063701684,DOWN,UP
2026-08-27,ONGC,0.10775862068965747,0.07279539298222712,0.03496322770743035,UP,UP
2026-08-28,ONGC,-0.19375541366725146,0.02347251034575296,-0.21722792401300442,DOWN,UP
2026-08-31,ONGC,2.006037029881358,0.034887379701886316,1.9711496501794716,UP,UP
2026-09-01,ONGC,0.4440698098159279,0.05713152783046236,0.38693828198546554,UP,UP
2026-09-02,ONGC,-0.6315789473684164,0.04785347817718789,-0.6794324255456042,DOWN,UP
2025-09-22,Reliance,-0.05752385818038608,0.007289023262598946,-0.06481288144298503,DOWN,UP
2025-09-23,Reliance,-0.48928252908457814,0.04193196169439345,-0.5312144907789715,DOWN,UP
2025-09-24,Reliance,-0.7664479816296144,0.03532931869396116,-0.8017773003235755,DOWN,UP
2025-09-25,Reliance,0.3788947157804978,0.04005708547569266,0.3388376303048052,UP,UP
2025-09-26,Reliance,-0.3484267452727674,0.03637706124138849,-0.3848038065141559,DOWN,UP
2025-09-29,Reliance,-0.641029175052632,0.03725917081170851,-0.6782883458643405,DOWN,UP
2025-09-30,Reliance,0.34457120028408283,0.039410766833630026,0.3051604334504528,UP,UP
2025-10-01,Reliance,-0.3872234198061264,0.028800503388378824,-0.4160239231945052,DOWN,UP
2025-10-03,Reliance,0.8508123352075403,0.033665523971413,0.8171468112361273,UP,UP
2025-10-06,Reliance,0.7127308238636276,0.04293508133276983,0.6697957425308578,UP,UP
2025-10-07,Reliance,-1.2565008521473686,0.03477238912820469,-1.2912732412755734,DOWN,UP
2025-10-08,Reliance,0.760569272222944,0.017320265448343877,0.7432490067746002,UP,UP
2025-10-09,Reliance,0.2830528527754783,0.030921657472730315,0.252131195302748,UP,UP
2025-10-10,Reliance,-0.484906376828953,0.04184443132891235,-0.5267508081578653,DOWN,UP
2025-10-13,Reliance,0.06545632102272769,0.03463862384801727,0.030817697174710425,UP,UP
2025-10-14,Reliance,-0.11628574442528183,0.03385216443370356,-0.1501379088589854,DOWN,UP
2025-10-15,Reliance,1.7463435310553166,0.029883665888802518,1.7164598651665142,UP,UP
2025-10-16,Reliance,1.3230350678671732,0.10471551578215425,1.218319552085019,UP,UP
2025-10-17,Reliance,3.5290794944111026,0.05963881128100868,3.469440683130094,UP,UP
2025-10-20,Reliance,-0.10908764678105864,-0.05258872784980746,-0.05649891893125118,DOWN,DOWN
2025-10-21,Reliance,-1.1465961860274265,0.046095795020872556,-1.192691981048299,DOWN,UP
2025-10-23,Reliance,0.22093006889927214,0.00698895662192393,0.21394111227734822,UP,UP
2025-10-24,Reliance,2.2389088279559433,0.03255485964344962,2.2063539683124938,UP,UP
2025-10-27,Reliance,0.18866982509178065,0.14994337936403995,0.0387264457277407,UP,UP
2025-10-28,Reliance,1.1634895738622308,0.01770401236187942,1.1457855615003514,UP,UP
2025-10-29,Reliance,-1.043740970716267,0.03795166346425808,-1.081692634180525,DOWN,UP
2025-10-30,Reliance,-0.14107998561890822,-0.0062736041303345915,-0.13480638148857363,DOWN,DOWN
2025-10-31,Reliance,-0.11437521624487745,0.023709901676450814,-0.13808511792132827,DOWN,UP
2025-11-03,Reliance,-0.7813010013761779,0.016515542880766617,-0.7978165442569445,DOWN,UP
2025-11-04,Reliance,1.561333268697629,-0.004300780820274444,1.5656340495179033,UP,DOWN
2025-11-06,Reliance,-1.209810566225611,0.07595548402225112,-1.285766050247862,DOWN,UP
2025-11-07,Reliance,0.7645499883710993,-1.081892743150771e-05,0.7645608072985308,UP,DOWN
2025-11-10,Reliance,0.2752954711284339,0.026989311983494503,0.2483061591449394,UP,UP
2025-11-11,Reliance,1.2119978096986506,0.015202155408796629,1.196795654289854,UP,UP
2025-11-12,Reliance,-0.03969405133559256,0.0231991402760395,-0.06289319161163207,DOWN,UP
2025-11-13,Reliance,0.5294857284221965,0.0195785697145095,0.509907158707687,UP,UP
2025-11-14,Reliance,-0.039500663394154145,0.025147358468863824,-0.06464802186301796,DOWN,UP
2025-11-17,Reliance,0.07244783972617519,0.025736727451563114,0.046711112274612075,UP,UP
2025-11-18,Reliance,-0.03290772620546667,0.01033033668919219,-0.04323806289465886,DOWN,UP
2025-11-19,Reliance,1.9882777461620593,0.02080433147336816,1.9674734146886912,UP,UP
2025-11-20,Reliance,-0.16138403197988316,0.07726176738949604,-0.23864579936937919,DOWN,UP
2025-11-21,Reliance,-0.6918370193185419,0.010121747242108554,-0.7019587665606505,DOWN,UP
2025-11-24,Reliance,0.2474071682668333,0.0331792045147964,0.2142279637520369,UP,UP
2025-11-25,Reliance,1.9614258751649682,0.003752888547467712,1.9576729866175004,UP,UP
2025-11-26,Reliance,-0.4140391043325198,0.10963579201746217,-0.523674896349982,DOWN,UP
2025-11-27,Reliance,0.26224737891213934,0.02542868050404431,0.23681869840809502,UP,UP
2025-11-28,Reliance,-0.08931575209329967,0.02746272438019443,-0.1167784764734941,DOWN,UP
2025-12-01,Reliance,-1.2642824255459595,0.034521517194852275,-1.2988039427408118,DOWN,UP
2025-12-02,Reliance,-0.4850287630582373,-0.01739821833496097,-0.4676305447232763,DOWN,DOWN
2025-12-03,Reliance,-0.20795900316122884,0.01753544012231535,-0.22549444328354418,DOWN,UP
2025-12-04,Reliance,0.32560563164194534,-0.0045395798806247886,0.33014521152257015,UP,DOWN
2025-12-05,Reliance,0.15578504816928795,-0.016632417871989012,0.17241746604127697,UP,DOWN
2025-12-08,Reliance,-0.8813982881359372,0.005993740724074376,-0.8873920288600116,DOWN,UP
2025-12-09,Reliance,0.49038837977484206,-0.03258673513122907,0.5229751149060712,UP,DOWN
2025-12-10,Reliance,0.5270333435660968,0.026376312305335672,0.5006570312607611,UP,UP
2025-12-11,Reliance,0.7443365695792847,0.026388772118462446,0.7179477974608223,UP,UP
2025-12-12,Reliance,-0.0192771492531274,0.045039592262193846,-0.06431674151532124,DOWN,UP
2025-12-15,Reliance,-0.8931951407197269,0.030653961362970973,-0.9238491020826979,DOWN,UP
2025-12-16,Reliance,0.1361586928259051,0.03766452967735018,0.09849416314855491,UP,UP
2025-12-17,Reliance,0.0,0.021288072686988947,-0.021288072686988947,UP,UP
2025-12-18,Reliance,1.3403231575140895,-0.006321661493410244,1.3466448190074998,UP,DOWN
2025-12-19,Reliance,0.6581080434985509,0.09665821319824712,0.5614498303003038,UP,UP
2025-12-22,Reliance,-0.29834157479688983,0.022078860406583464,-0.3204204352034733,DOWN,UP
2025-12-23,Reliance,-0.795823542916263,0.027543294633271775,-0.8233668375495348,DOWN,UP
2025-12-24,Reliance,0.06417661605289116,0.03630956970592966,0.027867046346961494,UP,UP
2025-12-26,Reliance,-0.872240636982824,0.34305327254357765,-1.2152939095264017,DOWN,UP
2025-12-29,Reliance,-0.3752540663449322,0.03724071351145403,-0.4124947798563862,DOWN,UP
2025-12-30,Reliance,1.9872694256131362,0.03373034218332122,1.953539083429815,UP,UP
2025-12-31,Reliance,0.3311227133873107,0.07095509864763673,0.260167614739674,UP,UP
2026-01-01,Reliance,1.059918348626332,0.006051832018189571,1.0538665166081425,UP,UP
2026-01-02,Reliance,-0.8917963202122792,0.0444437006959174,-0.9362400209081966,DOWN,UP
2026-01-05,Reliance,-4.467397572439847,-0.002301653262145293,-4.465095919177702,DOWN,DOWN
2026-01-06,Reliance,-0.2255256347255541,0.27112302782267433,-0.4966486625482284,DOWN,UP
2026-01-07,Reliance,-2.233743962015211,-0.01802781558279288,-2.215716146432418,DOWN,DOWN
2026-01-08,Reliance,0.3196024289552124,-0.05472731924792988,0.3743297482031423,UP,DOWN
2026-01-09,Reliance,0.5354776711371523,-0.022556625852318518,0.5580342969894708,UP,DOWN
2026-01-12,Reliance,-2.049615921287695,0.009315679340859716,-2.0589316006285547,DOWN,UP
2026-01-13,Reliance,0.4129955808330088,-0.016528830811228978,0.42952441164423777,UP,DOWN
2026-01-14,Reliance,0.0,0.008177029766230791,-0.008177029766230791,UP,UP
2026-01-15,Reliance,-0.061696214966922014,0.6372628031906644,-0.6989590181575864,DOWN,UP
2026-01-16,Reliance,-3.03862048743222,0.00938525063871183,-3.048005738070932,DOWN,UP
2026-01-19,Reliance,-1.386529140099435,-0.12078937880993613,-1.265739761289499,DOWN,DOWN
2026-01-20,Reliance,0.760399970296799,0.021409957558929885,0.738990012737869,UP,UP
2026-01-21,Reliance,-0.14950702138959437,0.1338441794547439,-0.2833512008443383,DOWN,UP
2026-01-22,Reliance,-1.1693422042112323,0.04750986615614899,-1.2168520703673813,DOWN,UP
2026-01-23,Reliance,-0.40400950036596495,0.014840572690580192,-0.41885007305654515,DOWN,UP
2026-01-27,Reliance,1.1734843297265485,0.037972114379993684,1.1355122153465549,UP,UP
2026-01-28,Reliance,-0.4081013368041231,0.012187487900998877,-0.42028882470512197,DOWN,UP
2026-01-29,Reliance,0.31632094996854043,0.04999670713879836,0.2663242428297421,UP,UP
2026-01-30,Reliance,-0.3583201886569798,0.021984099220983613,-0.3803042878779634,DOWN,UP
2026-02-02,Reliance,3.35874211391467,0.2518658407402125,3.1068762731744575,UP,UP
2026-02-03,Reliance,1.3708213469390218,0.1508514411469792,1.2199699057920426,UP,UP
2026-02-04,Reliance,-0.919825917416861,0.10070029537633932,-1.0205262127932004,DOWN,UP
2026-02-05,Reliance,0.512680080982153,0.0007280290759519619,0.5119520519062011,UP,UP
2026-02-06,Reliance,0.7444117999951816,0.062492339718858314,0.6819194602763232,UP,UP
2026-02-09,Reliance,-0.21209466596322502,0.037603858903913885,-0.2496985248671389,DOWN,UP
2026-02-10,Reliance,0.6993452980373682,0.029711685021210247,0.669633613016158,UP,UP
2026-02-11,Reliance,-1.3481260581519106,0.04060104177937906,-1.3887270999312895,DOWN,UP
2026-02-12,Reliance,-2.022227091891593,0.015060565417714058,-2.037287657309307,DOWN,UP
2026-02-13,Reliance,1.2327416385575107,-0.13026180356232192,1.3630034421198327,UP,DOWN
2026-02-16,Reliance,-0.9811408966302837,0.086512382057704,-1.0676532786879878,DOWN,UP
2026-02-17,Reliance,1.286018891646168,0.027884708559559237,1.2581341830866086,UP,UP
2026-02-18,Reliance,-2.206344810296834,0.13187093761511284,-2.338215747911947,DOWN,UP
2026-02-19,Reliance,0.7023784614446527,-0.0829399193391519,0.7853183807838046,UP,DOWN
2026-02-20,Reliance,0.6058880821484758,0.042319137527550274,0.5635689446209255,UP,UP
2026-02-23,Reliance,0.05602582830006586,0.049730436093523143,0.006295392206542717,UP,UP
2026-02-24,Reliance,-2.12066403923884,0.0360552700386652,-2.156719309277505,DOWN,UP
2026-02-25,Reliance,0.593496519708614,-0.07201839216777138,0.6655149118763853,UP,DOWN
2026-02-26,Reliance,-0.9169763979471224,0.03160830730751319,-0.9485847052546356,DOWN,UP
2026-02-27,Reliance,-2.575509275075405,0.010569256247808754,-2.5860785313232135,DOWN,UP
2026-03-02,Reliance,-0.9572901325478611,-0.1406824077343866,-0.8166077248134745,DOWN,DOWN
2026-03-04,Reliance,3.301117056807623,0.07453225525965632,3.226584801547967,UP,UP
2026-03-05,Reliance,1.1083938493924306,0.05649045395217993,1.0519033954402506,UP,UP
2026-03-06,Reliance,1.3667390734995788,0.016773292533987218,1.3499657809655916,UP,UP
2026-03-09,Reliance,-1.0674123013957204,0.19069121946569148,-1.258103520861412,DOWN,UP
2026-03-10,Reliance,-1.3202794585166266,-0.003541134420821744,-1.3167383240958048,DOWN,DOWN
2026-03-11,Reliance,0.14386419725551658,0.04188162614736079,0.10198257110815578,UP,UP
2026-03-12,Reliance,-0.8260307716804527,0.04284111265722416,-0.8688718843376768,DOWN,UP
2026-03-13,Reliance,1.0429510337738757,0.029055411957248572,1.013895621816627,UP,UP
2026-03-16,Reliance,0.179198626890531,0.01680539484566094,0.16239323204487008,UP,UP
2026-03-17,Reliance,0.7512879352761903,0.041128752753312986,0.7101591825228774,UP,UP
2026-03-18,Reliance,-1.6547068504931262,0.03291105601289147,-1.6876179065060177,DOWN,UP
2026-03-19,Reliance,2.1374909403697906,0.04249979852364299,2.0949911418461475,UP,UP
2026-03-20,Reliance,-0.466627225114169,0.04913412344996335,-0.5157613485641324,DOWN,UP
2026-03-23,Reliance,0.2841312587912981,0.053819259850965764,0.23031199894033233,UP,UP
2026-03-24,Reliance,0.09207584026444948,0.013303702212855444,0.07877213805159404,UP,UP
2026-03-25,Reliance,-4.5998160868305105,0.03747385125080609,-4.637289938081317,DOWN,UP
2026-03-27,Reliance,-0.3115459719557956,0.17284794793371103,-0.48439391988950664,DOWN,UP
2026-03-30,Reliance,1.8825750649750228,0.03170294083941657,1.8508721241356063,UP,UP
2026-04-01,Reliance,-1.3657575108639186,0.12682552356507004,-1.4925830344289888,DOWN,UP
2026-04-02,Reliance,-3.3913401575805247,0.0333439841456259,-3.4246841417261504,DOWN,UP
2026-04-06,Reliance,-0.007662726272639198,0.4904190208220798,-0.498081747094719,DOWN,UP
2026-04-07,Reliance,3.3113654798885728,0.051791910119683864,3.259573569768889,UP,UP
2026-04-08,Reliance,-1.3206742976157093,0.24430553029273153,-1.5649798279084408,DOWN,UP
2026-04-09,Reliance,1.518793321193601,0.03335684150994228,1.4854364796836588,UP,UP
2026-04-10,Reliance,-2.599613157701075,0.08313402308015647,-2.6827471807812313,DOWN,UP
2026-04-13,Reliance,2.2051555424202007,-0.045474516489444346,2.2506300589096453,UP,DOWN
2026-04-15,Reliance,-0.05951393291736551,0.14864652463858108,-0.2081604575559466,DOWN,UP
2026-04-16,Reliance,1.6154210067069963,0.049297662621011575,1.5661233440859847,UP,UP
2026-04-17,Reliance,-0.12453854739010728,0.10182325418308982,-0.2263618015731971,DOWN,UP
2026-04-20,Reliance,-0.733514240580857,0.05870297270149211,-0.7922172132823491,DOWN,UP
2026-04-21,Reliance,0.6502568861526781,0.07208083168349443,0.5781760544691836,UP,UP
2026-04-22,Reliance,-1.3728765514316121,0.0945586343549595,-1.4674351857865717,DOWN,UP
2026-04-23,Reliance,-1.1612308547293337,0.0057986131634594085,-1.167029467892793,DOWN,UP
2026-04-24,Reliance,2.861876683431186,0.05727508510379021,2.8046015983273955,UP,UP
2026-04-27,Reliance,1.691314596580784,0.5835126185392919,1.107801978041492,UP,UP
2026-04-28,Reliance,2.627978929973618,0.08674937387568908,2.5412295560979286,UP,UP
2026-04-29,Reliance,0.37884273337811525,0.11790701673566906,0.2609357166424462,UP,UP
2026-04-30,Reliance,0.0,0.0723041815121458,-0.0723041815121458,UP,UP
2026-05-01,Reliance,2.2574731377921875,0.8953720800844626,1.3621010577077248,UP,UP
2026-05-04,Reliance,0.03417401464993475,0.11319449932431104,-0.07902048467437629,UP,UP
2026-05-05,Reliance,-1.7559409401866288,0.03851804319724659,-1.7944589833838753,DOWN,UP
2026-05-06,Reliance,-0.11823306303094805,0.12734552098396754,-0.24557858401491559,DOWN,UP
2026-05-07,Reliance,-0.06962818785671843,0.04866758666721429,-0.11829577452393272,DOWN,UP
2026-05-08,Reliance,-3.274805016654536,0.011911273162762394,-3.2867162898172984,DOWN,UP
2026-05-11,Reliance,-1.743261203218327,0.036157170748536346,-1.7794183739668634,DOWN,UP
2026-05-12,Reliance,-0.3812280917796951,0.022037211808323135,-0.4032653035880182,DOWN,UP
2026-05-13,Reliance,0.22078303592845128,0.024416249738687813,0.19636678618976347,UP,UP
2026-05-14,Reliance,-1.8651801662013523,0.024106695267718234,-1.8892868614690705,DOWN,UP
2026-05-15,Reliance,-0.03741394723628666,0.06472215857982609,-0.10213610581611275,DOWN,UP
2026-05-18,Reliance,-0.9881033760724134,0.0001404236616912907,-0.9882437997341047,DOWN,UP
2026-05-19,Reliance,2.7973086388352053,0.05523311187333131,2.742075526961874,UP,UP
2026-05-20,Reliance,-0.7428091452994945,0.24369657406158027,-0.9865057193610748,DOWN,UP
2026-05-21,Reliance,0.3630723549720827,0.025485103749616666,0.337587251222466,UP,UP
2026-05-22,Reliance,0.9228497600590524,-0.023940589984318215,0.9467903500433706,UP,DOWN
2026-05-25,Reliance,-0.7827323461503277,0.023240146922527863,-0.8059724930728556,DOWN,UP
2026-05-26,Reliance,-0.42763758897865767,0.03687036570726537,-0.46450795468592304,DOWN,UP
2026-05-27,Reliance,0.0,0.03623815849313336,-0.03623815849313336,UP,UP
2026-05-28,Reliance,-2.169570442660129,0.9290261547204958,-3.098596597380625,DOWN,UP
2026-05-29,Reliance,-0.0908228289601909,0.05415709691427012,-0.144979925874461,DOWN,UP
2026-06-01,Reliance,-0.4090927586410942,0.027555104763064962,-0.4366478634041591,DOWN,UP
2026-06-02,Reliance,-0.1064981317558944,0.01796269056817795,-0.12446082232407235,DOWN,UP
2026-06-03,Reliance,-0.7234237247360831,0.0398630615831778,-0.7632867863192608,DOWN,UP
2026-06-04,Reliance,-0.9741467858811581,0.05795486662207587,-1.032101652503234,DOWN,UP
2026-06-05,Reliance,-2.1456197654434517,0.00927163623236276,-2.1548914016758145,DOWN,UP
2026-06-08,Reliance,0.46702304406802675,-0.014287221545519497,0.48131026561354623,UP,DOWN
2026-06-09,Reliance,-0.819406141179535,0.049775386940105554,-0.8691815281196406,DOWN,UP
2026-06-10,Reliance,0.3336472043979466,0.10252867598098488,0.23111852841696173,UP,UP
2026-06-11,Reliance,2.375296912114022,0.016963384175833346,2.3583335279381887,UP,UP
2026-06-12,Reliance,1.0827532869296164,0.09668868900313056,0.9860645979264858,UP,UP
2026-06-15,Reliance,1.66794558746175,0.007683354424897406,1.6602622330368526,UP,UP
2026-06-16,Reliance,0.2934905328449755,0.053838527093613954,0.23965200575136156,UP,UP
2026-06-17,Reliance,-0.3451621335989863,0.02497398311335181,-0.3701361167123381,DOWN,UP
2026-06-18,Reliance,-1.4004951380058195,0.031357307995909696,-1.4318524460017292,DOWN,UP
2026-06-19,Reliance,1.298205421916765,0.02279758142068661,1.2754078404960782,UP,UP
2026-06-22,Reliance,-1.2815680361854542,0.09581909617550673,-1.377387132360961,DOWN,UP
2026-06-23,Reliance,0.31309473737590743,-0.0011506790553073504,0.3142454164312148,UP,DOWN
2026-06-24,Reliance,0.342570042907675,0.026114416641429963,0.31645562626624507,UP,UP
2026-06-25,Reliance,0.0,0.015181643763620446,-0.015181643763620446,UP,UP
2026-06-26,Reliance,-1.297320074551711,1.1583076884141752,-2.4556277629658863,DOWN,UP
2026-06-29,Reliance,-0.5457321741689114,0.0064544027892127764,-0.5521865769581242,DOWN,UP
2026-06-30,Reliance,1.0897268196839782,0.02069760041176475,1.0690292192722135,UP,UP
2026-07-01,Reliance,-0.34403669724770714,0.017458669800150622,-0.3614953670478578,DOWN,UP
2026-07-02,Reliance,0.03835826620637306,0.016674908741454022,0.021683357464919038,UP,UP
2026-07-03,Reliance,1.3266908610525263,0.026475824119980892,1.3002150369325454,UP,UP
2026-07-06,Reliance,-0.9763130203093273,0.09028750578438359,-1.0666005260937108,DOWN,UP
2026-07-07,Reliance,-2.483949816078179,0.021183784843983658,-2.505133600922163,DOWN,UP
2026-07-08,Reliance,0.30566849591946443,-0.08147238144597214,0.38714087736543656,UP,DOWN
2026-07-09,Reliance,2.187841766816523,0.030638217977414586,2.1572035488391084,UP,UP
2026-07-10,Reliance,-0.8334626095043873,0.12642949457789068,-0.959892104082278,DOWN,UP
2026-07-13,Reliance,-0.30071897144303694,-0.0006523578419955345,-0.3000666136010414,DOWN,DOWN
2026-07-14,Reliance,0.19334880123742515,0.018696612130732527,0.1746521891066926,UP,UP
2026-07-15,Reliance,0.0849074168998376,0.025778986970217993,0.059128429929619614,UP,UP
2026-07-16,Reliance,2.3600166714571547,0.03201724294290888,2.3279994285142456,UP,UP
2026-07-17,Reliance,-0.3089192086179193,0.15849297938924825,-0.46741218800716755,DOWN,UP
2026-07-20,Reliance,-1.4662553678508772,0.0286308763511996,-1.4948862442020767,DOWN,UP
2026-07-21,Reliance,-1.1582400975289064,0.0035432280449757703,-1.1617833255738823,DOWN,UP
2026-07-22,Reliance,-1.272700971968066,-0.011159280453083993,-1.261541691514982,DOWN,DOWN
2026-07-23,Reliance,0.45590701546422974,-0.011755952055278827,0.4676629675195086,UP,DOWN
2026-07-24,Reliance,0.15649452269170805,0.03588423724915954,0.12061028544254851,UP,UP
2026-07-27,Reliance,-0.9609413146972612,0.026802926026813393,-0.9877442407240746,DOWN,UP
2026-07-28,Reliance,0.6468465376690435,0.004583801588603447,0.64226273608044,UP,UP
2026-07-29,Reliance,1.332392795258941,0.027608449375579797,1.3047843458833612,UP,UP
2026-07-30,Reliance,1.1524498517056836,0.12531725748121977,1.0271325942244638,UP,UP
2026-07-31,Reliance,0.8563962955889792,0.035545914172724256,0.820850381416255,UP,UP
2026-08-03,Reliance,-2.1303999686078434,0.018086612058194052,-2.1484865806660376,DOWN,UP
2026-08-04,Reliance,-0.8443740187401461,-0.09718963950221075,-0.7471843792379353,DOWN,DOWN
2026-08-05,Reliance,3.515625,0.016014250901306655,3.4996107490986934,UP,UP
2026-08-06,Reliance,0.739626326650944,0.10599245761656842,0.6336338690343756,UP,UP
2026-08-07,Reliance,-0.5618819093230143,0.02417268323128745,-0.5860545925543017,DOWN,UP
2026-08-10,Reliance,-0.2561609499724171,0.0273435447042838,-0.2835044946767009,DOWN,UP
2026-08-11,Reliance,0.3852236189960445,0.021716478194496083,0.36350714080154845,UP,UP
2026-08-12,Reliance,-0.9029345372460473,0.021776368619816276,-0.9247109058658636,DOWN,UP
2026-08-13,Reliance,-0.5315110098709219,0.029050310372993673,-0.5605613202439156,DOWN,UP
2026-08-14,Reliance,0.45801526717557106,0.021732293519046587,0.43628297365652446,UP,UP
2026-08-17,Reliance,0.45592705167172287,0.04533925469246081,0.41058779697926207,UP,UP
2026-08-18,Reliance,-0.8320726172465931,0.05523576414544649,-0.8873083813920396,DOWN,UP
2026-08-19,Reliance,0.16780710693173884,0.02501077311757555,0.1427963338141633,UP,UP
2026-08-20,Reliance,0.21322334238791374,0.007813968570574472,0.20540937381733926,UP,UP
2026-08-21,Reliance,-0.47112090971694887,0.007722590494608523,-0.4788435002115574,DOWN,UP
2026-08-24,Reliance,0.5496984962183094,0.008079374814872647,0.5416191214034367,UP,UP
2026-08-25,Reliance,-1.4426727410782103,0.03635098857452149,-1.4790237296527318,DOWN,UP
2026-08-26,Reliance,-1.2172610807492323,0.00598718142374814,-1.2232482621729805,DOWN,UP
2026-08-27,Reliance,0.37436039704557,-0.055476095294919744,0.42983649234048976,UP,DOWN
2026-08-28,Reliance,-0.7770007770007803,0.013052238503540562,-0.7900530155043208,DOWN,UP
2026-08-31,Reliance,2.5058731401722767,0.023344790575095916,2.482528349597181,UP,UP
2026-09-01,Reliance,0.3132143304765078,0.12516721207807924,0.18804711839842858,UP,UP
2026-09-02,Reliance,-0.8072481747787408,0.02932910245955692,-0.8365772772382977,DOWN,UP
2025-09-22,SBI,1.7947939884171316,0.034812857598338055,1.7599811308187936,UP,UP
2025-09-23,SBI,-0.505394383447455,0.08744825456989799,-0.592842638017353,DOWN,UP
2025-09-24,SBI,-0.5830048166475588,0.027877725230658915,-0.6108825418782177,DOWN,UP
2025-09-25,SBI,-0.4877213131229907,0.03619912264798489,-0.5239204357709756,DOWN,UP
2025-09-26,SBI,1.6103608841112615,0.03597656652755563,1.574384317583706,UP,UP
2025-09-29,SBI,0.19523539558210512,0.06451042045123179,0.13072497513087333,UP,UP
2025-09-30,SBI,-0.9570790881153979,0.03825882282739696,-0.9953379109427949,DOWN,UP
2025-10-01,SBI,0.3703289315407421,0.0275519942659209,0.34277693727482117,UP,UP
2025-10-03,SBI,0.7782774236140488,0.036704828190284054,0.7415725954237647,UP,UP
2025-10-06,SBI,-1.0697300745403315,0.04012510255164133,-1.109855177091973,DOWN,UP
2025-10-07,SBI,-0.7459248428328902,0.029164983942900964,-0.7750898267757912,DOWN,UP
2025-10-08,SBI,0.4485843968467851,0.03354876411090391,0.4150356327358812,UP,UP
2025-10-09,SBI,2.1517282627826484,0.05274425453698456,2.098984008245664,UP,UP
2025-10-10,SBI,0.2611693327890352,0.08103864785435963,0.18013068493467557,UP,UP
2025-10-13,SBI,-0.6795401684181801,0.030747131513000823,-0.7102872999311809,DOWN,UP
2025-10-14,SBI,1.0433848282729752,0.028654013686690082,1.014730814586285,UP,UP
2025-10-15,SBI,0.09593010320665396,0.04121033956531831,0.05471976364133565,UP,UP
2025-10-16,SBI,0.24804241239670954,0.0369000675201785,0.21114234487653105,UP,UP
2025-10-17,SBI,2.063765965482589,0.03235857565655698,2.031407389826032,UP,UP
2025-10-20,SBI,0.03856480285813202,0.07976899996379755,-0.04120419710566553,UP,UP
2025-10-21,SBI,0.4075576699380523,0.41456111770810516,-0.007003447770052851,UP,UP
2025-10-23,SBI,-0.7734066027512143,0.03907599855395371,-0.812482601305168,DOWN,UP
2025-10-24,SBI,2.0176893311221633,0.024418681005265723,1.9932706501168975,UP,UP
2025-10-27,SBI,0.8127878623679141,0.05550543179890476,0.7572824305690093,UP,UP
2025-10-28,SBI,1.0212308519215174,0.03956541583255016,0.9816654360889673,UP,UP
2025-10-29,SBI,-0.5746235077480621,0.041599423282778866,-0.616222931030841,DOWN,UP
2025-10-30,SBI,0.28362224897586774,0.032933135572343966,0.2506891134035238,UP,UP
2025-10-31,SBI,1.3553908438667328,0.03256291592804048,1.3228279279386923,UP,UP
2025-11-03,SBI,0.8318377674385147,0.10057401305174174,0.7312637543867729,UP,UP
2025-11-04,SBI,0.32894992631291586,0.03274881405235079,0.29620111226056506,UP,UP
2025-11-06,SBI,-0.5100207560824743,0.022810797654466683,-0.532831553736941,DOWN,UP
2025-11-07,SBI,-0.4917038543621022,0.05491174920703739,-0.5466156035691395,DOWN,UP
2025-11-10,SBI,0.22603830349801068,0.02796082715748568,0.198077476340525,UP,UP
2025-11-11,SBI,0.4038641215140526,0.07002494485991824,0.3338391766541344,UP,UP
2025-11-12,SBI,-0.3291045639361223,0.043920987293075926,-0.3730255512291982,DOWN,UP
2025-11-13,SBI,1.451779411523857,0.038001034534124345,1.4137783769897325,UP,UP
2025-11-14,SBI,0.5682698908650918,0.07545097452042723,0.49281891634466457,UP,UP
2025-11-17,SBI,-0.0924604100765114,0.04576809331487056,-0.13822850339138196,DOWN,UP
2025-11-18,SBI,1.059179152005174,0.04250912223161995,1.0166700297735543,UP,UP
2025-11-19,SBI,-0.12210757639595782,0.0474276789805327,-0.1695352553764905,DOWN,UP
2025-11-20,SBI,-0.9118243918636693,0.04080052496240577,-0.952624916826075,DOWN,UP
2025-11-21,SBI,-0.2056343872304911,0.039968401495037956,-0.24560278872552904,DOWN,UP
2025-11-24,SBI,1.3393777382028071,0.03604818502702592,1.3033295531757811,UP,UP
2025-11-25,SBI,0.030505168317640496,0.06248685424067263,-0.03198168592303213,UP,UP
2025-11-26,SBI,-1.1230865488295327,0.04375796653972923,-1.166844515369262,DOWN,UP
2025-11-27,SBI,0.6321657571465078,0.02827820486368262,0.6038875522828252,UP,UP
2025-11-28,SBI,-0.6026582649706236,0.04374448058107639,-0.6464027455517,DOWN,UP
2025-12-01,SBI,-0.5960320561591348,0.03682929026261488,-0.6328613464217496,DOWN,UP
2025-12-02,SBI,-1.6799338576522382,0.0347300448055189,-1.7146639024577572,DOWN,UP
2025-12-03,SBI,-0.3101847689286008,-0.014109944973306855,-0.29607482395529394,DOWN,DOWN
2025-12-04,SBI,2.4680967215088057,0.03859905329671258,2.4294976682120932,UP,UP
2025-12-05,SBI,-1.55429496509909,0.043240672556168015,-1.597535637655258,DOWN,UP
2025-12-08,SBI,0.3084432346896371,0.018114817846732363,0.2903284168429047,UP,UP
2025-12-09,SBI,0.04169744350261961,0.029463076487531405,0.012234367015088208,UP,UP
2025-12-10,SBI,0.36467830164104154,0.04073735045452485,0.32394095118651667,UP,UP
2025-12-11,SBI,-0.010378986341819108,0.036727845681000466,-0.047106832022819574,DOWN,UP
2025-12-12,SBI,0.4256840037388576,0.043706699945517055,0.38197730379334055,UP,UP
2025-12-15,SBI,-0.6306513916709888,0.04236750266833544,-0.6730188943393243,DOWN,UP
2025-12-16,SBI,1.5294127657996537,0.04138354264393765,1.488029223155716,UP,UP
2025-12-17,SBI,0.1742083567722874,0.08912103435076087,0.08508732242152654,UP,UP
2025-12-18,SBI,0.2813155372451748,0.041032842558805536,0.24028269468636923,UP,UP
2025-12-19,SBI,-0.6120575410296869,0.052078408400393156,-0.66413594943008,DOWN,UP
2025-12-22,SBI,-0.246326943341435,0.03547523791544267,-0.28180218125687767,DOWN,UP
2025-12-23,SBI,-0.30353041803962144,0.03939016079832949,-0.3429205788379509,DOWN,UP
2025-12-24,SBI,-0.27349444044346694,0.03741511580808695,-0.31090955625155386,DOWN,UP
2025-12-26,SBI,-0.12935941382499205,0.04192879375498056,-0.17128820757997262,DOWN,UP
2025-12-29,SBI,0.8704237625320355,0.0404259349377737,0.8299978275942618,UP,UP
2025-12-30,SBI,0.8988648508167163,0.03844761519273857,0.8604172356239778,UP,UP
2025-12-31,SBI,0.25962001234747234,0.04346296700424612,0.21615704534322622,UP,UP
2026-01-01,SBI,1.4419915924885673,0.03862189048505584,1.4033697020035114,UP,UP
2026-01-02,SBI,0.6606912763688522,0.06303139740576787,0.5976598789630843,UP,UP
2026-01-05,SBI,1.3276353023875975,0.04216173370936946,1.2854735686782282,UP,UP
2026-01-06,SBI,-1.1532044085244775,0.02998436390017005,-1.1831887724246475,DOWN,UP
2026-01-07,SBI,-0.9085065970569461,0.018962902062992445,-0.9274694991199386,DOWN,UP
2026-01-08,SBI,0.25050100200401104,0.03259428372150244,0.2179067182825086,UP,UP
2026-01-09,SBI,1.4642703062531126,0.031875969875433625,1.432394336377679,UP,UP
2026-01-12,SBI,1.3101439627595246,0.07081523696469028,1.2393287257948344,UP,UP
2026-01-13,SBI,-0.00972099671194826,0.07258385739819101,-0.08230485411013927,DOWN,UP
2026-01-14,SBI,0.0,0.037841544913473135,-0.037841544913473135,UP,UP
2026-01-15,SBI,1.3565491878617442,2.259714842818577,-0.9031656549568328,UP,UP
2026-01-16,SBI,-0.37417482791518575,0.04850494445953472,-0.4226797723747205,DOWN,UP
2026-01-19,SBI,-0.19260400163496616,0.024234014988264847,-0.21683801662323102,DOWN,UP
2026-01-20,SBI,-0.747780762006589,0.02712776136165872,-0.7749085233682478,DOWN,UP
2026-01-21,SBI,1.9151266907417197,0.023938668562468443,1.8911880221792512,UP,UP
2026-01-22,SBI,-1.798061336854806,0.07520187930870795,-1.8732632161635139,DOWN,UP
2026-01-23,SBI,2.2972340373057287,0.08297059546872129,2.2142634418370073,UP,UP
2026-01-27,SBI,0.9827636467744316,0.09994772810228181,0.8828159186721498,UP,UP
2026-01-28,SBI,0.2538741111306919,0.05379518255291088,0.20007892857778103,UP,UP
2026-01-29,SBI,1.0270187341644643,0.04285722761837844,0.9841615065460859,UP,UP
2026-01-30,SBI,-4.497987480299493,0.046115201027149444,-4.544102681326642,DOWN,UP
2026-02-02,SBI,3.450957683001654,0.33020142134728525,3.120756261654369,UP,UP
2026-02-03,SBI,0.37586921476506774,0.32069383028336995,0.05517538448169779,UP,UP
2026-02-04,SBI,0.49616636120517477,0.008461758539345929,0.4877046026658288,UP,UP
2026-02-05,SBI,-0.661385708983464,0.0347302085547462,-0.6961159175382102,DOWN,UP
2026-02-06,SBI,7.46436363124372,0.03840283227357558,7.425960798970144,UP,UP
2026-02-09,SBI,-0.16579619668957157,-6.511242166498903,6.345445969809331,DOWN,DOWN
2026-02-10,SBI,3.39131628844358,-0.01332861923723286,3.404644907680813,UP,DOWN
2026-02-11,SBI,0.8031109818182447,0.3425353831448932,0.4605755986733515,UP,UP
2026-02-12,SBI,0.5199556394609672,0.3147674430310019,0.20518819642996533,UP,UP
2026-02-13,SBI,0.7925913727268252,-0.009070986309684044,0.8016623590365093,UP,DOWN
2026-02-16,SBI,0.43870945577615394,-0.011855951280111998,0.45056540705626597,UP,DOWN
2026-02-17,SBI,0.4532717891328364,0.017514768806014224,0.4357570203268222,UP,UP
2026-02-18,SBI,-1.0829496248909276,-0.009201619478534989,-1.0737480054123927,DOWN,DOWN
2026-02-19,SBI,0.8625715215426766,-0.00898616355997432,0.8715576851026509,UP,DOWN
2026-02-20,SBI,0.962097975254883,-0.017988925473266974,0.9800869007281501,UP,DOWN
2026-02-23,SBI,-0.3665091888777061,0.0027995758195257636,-0.3693087646972319,DOWN,UP
2026-02-24,SBI,-1.8965153532375267,0.022463675413163922,-1.9189790286506907,DOWN,UP
2026-02-25,SBI,0.7832701112649332,-0.03774628712013626,0.8210163983850695,UP,DOWN
2026-02-26,SBI,-0.6448986215894958,-0.013941280416330021,-0.6309573411731658,DOWN,DOWN
2026-02-27,SBI,-0.981936193498667,-0.02058906291779285,-0.9613471305808742,DOWN,DOWN
2026-03-02,SBI,-1.2942284307999596,0.048354421313290624,-1.3425828521132503,DOWN,UP
2026-03-04,SBI,-0.42571306939123144,0.039188898102046246,-0.46490196749327767,DOWN,UP
2026-03-05,SBI,-2.26592560923472,0.0830496244508309,-2.348975233685551,DOWN,UP
2026-03-06,SBI,-3.8932633420822427,0.12530994890942107,-4.018573290991664,DOWN,UP
2026-03-09,SBI,1.2471507666704573,0.44201673465781366,0.8051340320126437,UP,UP
2026-03-10,SBI,-1.897138690188338,0.15584419539679872,-2.052982885585137,DOWN,UP
2026-03-11,SBI,-0.5407409537237062,-0.05314269971445443,-0.48759825400925183,DOWN,DOWN
2026-03-12,SBI,-3.5200841218822387,0.019106943322205812,-3.5391910652044447,DOWN,UP
2026-03-13,SBI,1.8815617165114595,0.32779351663087497,1.5537681998805846,UP,UP
2026-03-16,SBI,-0.18749414939063236,0.02869924375344002,-0.21619339314407238,DOWN,UP
2026-03-17,SBI,0.47901736546869245,0.016079549843665268,0.46293781562502717,UP,UP
2026-03-18,SBI,-1.9536383866271767,0.03790091547610898,-1.9915393021032857,DOWN,UP
2026-03-19,SBI,0.8675732075629439,0.022852912901843166,0.8447202946611007,UP,UP
2026-03-20,SBI,-2.4669164069884175,0.07671602713103964,-2.5436324341194574,DOWN,UP
2026-03-23,SBI,-0.1065971082384709,0.07786206449967642,-0.18445917273814733,DOWN,UP
2026-03-24,SBI,2.890951236536199,0.219730030364149,2.6712212061720497,UP,UP
2026-03-25,SBI,-3.8751627882351647,0.10428006782186289,-3.9794428560570276,DOWN,UP
2026-03-27,SBI,-3.93329824285803,0.3649630194157455,-4.298261262273775,DOWN,UP
2026-03-30,SBI,3.920763980160169,0.2037338321756251,3.717030147984544,UP,UP
2026-04-01,SBI,0.058954276703704345,0.26273656355391245,-0.2037822868502081,UP,UP
2026-04-02,SBI,1.4090706246981721,0.45640070188868853,0.9526699228094836,UP,UP
2026-04-06,SBI,-0.2275454452614345,0.19029288221063098,-0.4178383274720655,DOWN,UP
2026-04-07,SBI,3.013385677612823,-0.002064311635044785,3.015449989247868,UP,DOWN
2026-04-08,SBI,-1.931320452496832,0.2075714394286234,-2.1388918919254554,DOWN,UP
2026-04-09,SBI,2.4737020229465667,0.0489682389982135,2.424733783948353,UP,UP
2026-04-10,SBI,-0.2952941303024814,0.08961104124861655,-0.38490517155109794,DOWN,UP
2026-04-13,SBI,0.747491966234648,0.029720428806460954,0.717771537428187,UP,UP
2026-04-15,SBI,-0.4059706566437282,0.012326450953607753,-0.41829710759733596,DOWN,UP
2026-04-16,SBI,1.2275664420408283,0.048129304384523126,1.179437137656305,UP,UP
2026-04-17,SBI,2.55496186863573,0.04338451155236707,2.511577357083363,UP,UP
2026-04-20,SBI,0.36105971820636906,0.4773809112632108,-0.11632119305684174,UP,UP
2026-04-21,SBI,-0.7689820520351054,0.03521955514521815,-0.8042016071803235,DOWN,UP
2026-04-22,SBI,-0.8202708626486088,0.029832527861015708,-0.8501033905096246,DOWN,UP
2026-04-23,SBI,0.625997311943105,0.07177492668969052,0.5542223852534145,UP,UP
2026-04-24,SBI,0.9762964524887563,0.05505113528391379,0.9212453172048425,UP,UP
2026-04-27,SBI,-1.8482643530196463,0.058837848816506444,-1.9071022018361528,DOWN,UP
2026-04-28,SBI,-0.40319107644020136,0.20796242839821344,-0.6111535048384148,DOWN,UP
2026-04-29,SBI,-1.6974949698923547,0.03465513679122944,-1.732150106683584,DOWN,UP
2026-04-30,SBI,0.0,0.003954540048504553,-0.003954540048504553,UP,UP
2026-05-01,SBI,-0.004672821385576231,1.8759217728958504,-1.8805945942814266,DOWN,UP
2026-05-04,SBI,-0.7955821607793068,0.017604164084707025,-0.8131863248640138,DOWN,UP
2026-05-05,SBI,3.4059793145013284,0.014104688666759086,3.391874625834569,UP,UP
2026-05-06,SBI,-0.36496350364964014,0.15098466812449124,-0.5159481717741314,DOWN,UP
2026-05-07,SBI,-6.657510275369161,0.05731271365615357,-6.714822989025314,DOWN,UP
2026-05-08,SBI,-4.483470298668668,1.0393864459028952,-5.5228567445715635,DOWN,UP
2026-05-11,SBI,0.1027115884424834,0.16734823849345815,-0.06463665005097474,UP,UP
2026-05-12,SBI,-0.46172789993089713,0.025993241546319705,-0.48772114147721685,DOWN,UP
2026-05-13,SBI,1.0102101922232931,0.059447490457828635,0.9507627017654645,UP,UP
2026-05-14,SBI,-1.7042567395604502,0.06596902298736647,-1.7702257625478166,DOWN,UP
2026-05-15,SBI,-2.4709289339017615,0.1421872412505629,-2.6131161751523244,DOWN,UP
2026-05-18,SBI,1.0006347812019145,0.05427305014451941,0.9463617310573951,UP,UP
2026-05-19,SBI,0.22133607168131064,0.057003393353678364,0.16433267832763226,UP,UP
2026-05-20,SBI,0.0,0.017660913871490387,-0.017660913871490387,UP,UP
2026-05-21,SBI,-0.1787792789340492,0.009546633155923974,-0.18832591208997318,DOWN,UP
2026-05-22,SBI,2.1491743696329557,0.029722878956300457,2.119451490676655,UP,UP
2026-05-25,SBI,-0.11344632978903535,0.06791868932456818,-0.18136501911360353,DOWN,UP
2026-05-26,SBI,-0.07227797697793026,0.01242986373269775,-0.08470784071062801,DOWN,UP
2026-05-27,SBI,0.0,0.020667571201226278,-0.020667571201226278,UP,UP
2026-05-28,SBI,-0.3513084750765394,2.053293277190653,-2.4046017522671925,DOWN,UP
2026-05-29,SBI,-1.0680266038341046,0.050935208968554274,-1.1189618128026588,DOWN,UP
2026-06-01,SBI,0.2672727065692104,0.03371327288799391,0.2335594336812165,UP,UP
2026-06-02,SBI,1.4425325292205082,0.04715081892507409,1.3953817102954342,UP,UP
2026-06-03,SBI,0.9067945470942362,0.15933124050023645,0.7474633065939997,UP,UP
2026-06-04,SBI,-0.15828315475810983,0.06068557172942301,-0.21896872648753285,DOWN,UP
2026-06-05,SBI,0.43469366338722004,0.04299917018481742,0.3916944932024026,UP,UP
2026-06-08,SBI,2.1131421907478076,0.03634439152060092,2.0767977992272066,UP,UP
2026-06-09,SBI,0.054850681786478006,0.06043626047227371,-0.005585578685795706,UP,UP
2026-06-10,SBI,-0.2541727179634967,0.0413918323515486,-0.2955645503150453,DOWN,UP
2026-06-11,SBI,1.6438505052828845,0.034537272027906726,1.6093132332549778,UP,UP
2026-06-12,SBI,0.36375668122374805,0.11595429166932343,0.24780238955442463,UP,UP
2026-06-15,SBI,-0.5436634104617921,0.026846136142182665,-0.5705095466039748,DOWN,UP
2026-06-16,SBI,1.1031234454535577,0.004216299548158113,1.0989071459053996,UP,UP
2026-06-17,SBI,1.5781735189356993,0.06654298965492372,1.5116305292807757,UP,UP
2026-06-18,SBI,-0.7288746467664087,0.07293592431564258,-0.8018105710820512,DOWN,UP
2026-06-19,SBI,0.5458433530407758,0.03211159842324743,0.5137317546175284,UP,UP
2026-06-22,SBI,-1.5902040670790263,0.04513280021063849,-1.6353368672896649,DOWN,UP
2026-06-23,SBI,1.0154291066078347,0.007729566734065479,1.0076995398737691,UP,UP
2026-06-24,SBI,1.0438864375584833,0.042653246923667745,1.0012331906348155,UP,UP
2026-06-25,SBI,0.0,0.030462930398982856,-0.030462930398982856,UP,UP
2026-06-26,SBI,-0.8896162818953002,2.243093784595963,-3.132710066491263,DOWN,UP
2026-06-29,SBI,-0.8879404872751073,0.03174038699314769,-0.9196808742682551,DOWN,UP
2026-06-30,SBI,1.9962994948507395,0.021730908401360736,1.9745685864493787,UP,UP
2026-07-01,SBI,0.4009882636984319,0.07923161524532313,0.32175664845310875,UP,UP
2026-07-02,SBI,-1.1030787233970885,0.03996962500104669,-1.143048348398135,DOWN,UP
2026-07-03,SBI,-0.22115854116586675,0.02394937650073882,-0.24510791766660556,DOWN,UP
2026-07-06,SBI,0.038549140684729366,0.03720663404913836,0.0013425066355910037,UP,UP
2026-07-07,SBI,-2.0421878114301295,0.030856805801789088,-2.073044617231919,DOWN,UP
2026-07-08,SBI,0.5113532350312866,-0.01014274320318018,0.5214959782344668,UP,DOWN
2026-07-09,SBI,1.35994763194216,0.04186267003779493,1.318084961904365,UP,UP
2026-07-10,SBI,0.09652509652509078,0.08119119800055527,0.01533389852453551,UP,UP
2026-07-13,SBI,-2.082929178971804,0.03332808642934815,-2.116257265401152,DOWN,UP
2026-07-14,SBI,1.4477004942320848,-0.027069331308511482,1.4747698255405963,UP,DOWN
2026-07-15,SBI,0.10678338142002808,0.10208080134886707,0.0047025800711610055,UP,UP
2026-07-16,SBI,1.2703741540486702,0.03408123400974781,1.2362929200389223,UP,UP
2026-07-17,SBI,1.5033946603270731,0.09033160541581957,1.4130630549112535,UP,UP
2026-07-20,SBI,-1.4716958099941002,0.07335249088609806,-1.5450483008801983,DOWN,UP
2026-07-21,SBI,-1.857528146358145,0.004202342961850753,-1.8617304893199957,DOWN,UP
2026-07-22,SBI,-1.2097584794207195,0.03534027655785057,-1.24509875597857,DOWN,UP
2026-07-23,SBI,0.23701604502543994,-0.01041211166758739,0.2474281566930273,UP,DOWN
2026-07-24,SBI,0.551721732604693,0.027664225384490773,0.5240575072202023,UP,UP
2026-07-27,SBI,-0.7250601171784221,0.04065124288607248,-0.7657113600644946,DOWN,UP
2026-07-28,SBI,0.04934859790524104,0.023583286975519733,0.02576531092972131,UP,UP
2026-07-29,SBI,1.1443263767786815,0.03934904670877127,1.1049773300699102,UP,UP
2026-07-30,SBI,0.20481571110209096,0.015350697825825188,0.18946501327626578,UP,UP
2026-07-31,SBI,1.7130596814979526,0.03223279154152439,1.6808268899564283,UP,UP
2026-08-03,SBI,-0.22010036632774677,0.0996821880285289,-0.3197825543562757,DOWN,UP
2026-08-04,SBI,1.1796345453264134,0.0222231989772688,1.1574113463491447,UP,UP
2026-08-05,SBI,2.8436018957346043,0.03077692166845225,2.812824974066152,UP,UP
2026-08-06,SBI,1.1244194628456272,0.07117897612365731,1.05324048672197,UP,UP
2026-08-07,SBI,-2.387892119744617,0.4381601140402514,-2.826052233784868,DOWN,UP
2026-08-10,SBI,-0.46685340802987696,0.08899846501193746,-0.5558518730418144,DOWN,UP
2026-08-11,SBI,1.5009380863039379,0.027316139497567532,1.4736219468063703,UP,UP
2026-08-12,SBI,0.09242144177448175,0.09363309619042413,-0.0012116544159423842,UP,UP
2026-08-13,SBI,-1.4127468908702645,0.03152200492413418,-1.4442688957943988,DOWN,UP
2026-08-14,SBI,-0.6087852671404326,0.0030314770341890052,-0.6118167441746216,DOWN,UP
2026-08-17,SBI,-0.7727055738006583,0.02328764865865528,-0.7959932224593136,DOWN,UP
2026-08-18,SBI,-0.4178560697115419,0.035423935653676526,-0.4532800053652184,DOWN,UP
2026-08-19,SBI,-0.05721682242098014,0.01161403594411723,-0.06883085836509736,DOWN,UP
2026-08-20,SBI,0.06678923395753156,0.038394226017255104,0.028395007940276454,UP,UP
2026-08-21,SBI,-0.8772720129904155,0.0330316613569981,-0.9103036743474135,DOWN,UP
2026-08-24,SBI,0.8177008177008283,0.024455719654043816,0.7932450980467844,UP,UP
2026-08-25,SBI,0.3816793893129722,0.03441704980113226,0.34726233951183993,UP,UP
2026-08-26,SBI,-0.8650166906784662,0.03915529348795591,-0.9041719841664221,DOWN,UP
2026-08-27,SBI,0.44107541262374816,0.03229216768174294,0.40878324494200524,UP,UP
2026-08-28,SBI,1.193317422434359,0.04284309564774896,1.15047432678661,UP,UP
2026-08-31,SBI,-2.4056603773584873,0.02460326110653711,-2.4302636384650245,DOWN,UP
2026-09-01,SBI,-1.3146423959340403,0.08694167837600071,-1.401584074310041,DOWN,UP
2026-09-02,SBI,0.24488196103578108,0.006664310055107751,0.23821765098067332,UP,UP
2025-09-22,Sun Pharma,-0.7785917778664886,0.007935835084314353,-0.786527612950803,DOWN,UP
2025-09-23,Sun Pharma,-0.2513472111737136,0.012397712557048475,-0.2637449237307621,DOWN,UP
2025-09-24,Sun Pharma,0.018440712471701204,0.04727773163554855,-0.028837019163847344,UP,UP
2025-09-25,Sun Pharma,-2.500926178665963,0.03170259916035441,-2.5326287778263175,DOWN,UP
2025-09-26,Sun Pharma,0.1638682634564681,0.06599153715633714,0.09787672630013096,UP,UP
2025-09-29,Sun Pharma,0.3146039040071047,0.007474215279175205,0.3071296887279295,UP,UP
2025-09-30,Sun Pharma,2.628106445493006,0.02536926249450652,2.6027371829984993,UP,UP
2025-10-01,Sun Pharma,-0.30558612328639434,0.050687312531853726,-0.35627343581824805,DOWN,UP
2025-10-03,Sun Pharma,1.4406572280190044,0.02293118090454738,1.417726047114457,UP,UP
2025-10-06,Sun Pharma,-0.09669279223730731,0.05637049217218714,-0.15306328440949446,DOWN,UP
2025-10-07,Sun Pharma,-1.3005867955674821,0.02162134721318902,-1.3222081427806711,DOWN,UP
2025-10-08,Sun Pharma,1.648689925016833,0.012122810440171026,1.636567114576662,UP,UP
2025-10-09,Sun Pharma,0.7476650234586879,0.08934755798240816,0.6583174654762798,UP,UP
2025-10-10,Sun Pharma,-0.1496199631020212,0.022962958478651613,-0.17258292158067282,DOWN,UP
2025-10-13,Sun Pharma,-0.8391272953209628,0.013918092355512324,-0.8530453876764751,DOWN,UP
2025-10-14,Sun Pharma,0.04230845995802923,0.0001243907158244957,0.04218406924220473,UP,UP
2025-10-15,Sun Pharma,0.23563678760141205,0.027471939861198325,0.2081648477402137,UP,UP
2025-10-16,Sun Pharma,1.2115717652765312,0.016157284697442736,1.1954144805790885,UP,UP
2025-10-17,Sun Pharma,0.5657792947489471,0.007172808288158777,0.5586064864607883,UP,UP
2025-10-20,Sun Pharma,0.11252069415690347,0.041129495655388905,0.07139119850151457,UP,UP
2025-10-21,Sun Pharma,-0.03549101366090435,-0.05116793621332536,0.015676922552421015,DOWN,DOWN
2025-10-23,Sun Pharma,0.5384919494922702,0.009879627088426443,0.5286123224038437,UP,UP
2025-10-24,Sun Pharma,-0.3178354569783659,0.04879029917850824,-0.36662575615687415,DOWN,UP
2025-10-27,Sun Pharma,-0.3897009731388401,0.028765695204246797,-0.41846666834308693,DOWN,UP
2025-10-28,Sun Pharma,1.7131016250185205,0.02805964999561264,1.6850419750229078,UP,UP
2025-10-29,Sun Pharma,-0.7284806703274249,0.06455561832078786,-0.7930362886482127,DOWN,UP
2025-10-30,Sun Pharma,-0.7455719772315961,7.646822501546755e-05,-0.7456484454566116,DOWN,UP
2025-10-31,Sun Pharma,0.9286138105880637,-0.0048203263570935385,0.9334341369451572,UP,DOWN
2025-11-03,Sun Pharma,-0.9610890869328204,0.022176532827487633,-0.983265619760308,DOWN,UP
2025-11-04,Sun Pharma,-0.2426021056767702,0.007386221430375799,-0.249988327107146,DOWN,UP
2025-11-06,Sun Pharma,0.32623524054526953,0.05422169668476938,0.27201354386050014,UP,UP
2025-11-07,Sun Pharma,0.37838620797463474,0.02309276647302894,0.3552934415016058,UP,UP
2025-11-10,Sun Pharma,1.077861128019375,0.03423065195669535,1.0436304760626798,UP,UP
2025-11-11,Sun Pharma,0.9323466131125002,0.04158023657880027,0.8907663765336999,UP,UP
2025-11-12,Sun Pharma,0.305989775580473,0.043471358598919166,0.26251841698155387,UP,UP
2025-11-13,Sun Pharma,1.133875382470939,0.028853192085346122,1.105022190385593,UP,UP
2025-11-14,Sun Pharma,0.3870040932564045,0.040281563181324816,0.3467225300750797,UP,UP
2025-11-17,Sun Pharma,-0.2891306488660872,0.040550327892901056,-0.3296809767589882,DOWN,UP
2025-11-18,Sun Pharma,1.4384765780891096,0.06373546943059819,1.3747411086585113,UP,UP
2025-11-19,Sun Pharma,-0.3755367559867051,0.06029734416426276,-0.43583410015096785,DOWN,UP
2025-11-20,Sun Pharma,0.1293983755047412,0.03209080236122413,0.09730757314351707,UP,UP
2025-11-21,Sun Pharma,0.061813658843190566,0.0424427885173811,0.019370870325809468,UP,UP
2025-11-24,Sun Pharma,-0.2246181429875982,0.041211547242688586,-0.2658296902302868,DOWN,UP
2025-11-25,Sun Pharma,1.5814934046445295,0.014346256767168037,1.5671471478773615,UP,UP
2025-11-26,Sun Pharma,0.2991868990536162,0.07112543870171022,0.22806146035190594,UP,UP
2025-11-27,Sun Pharma,1.1765964858477806,0.037296133818139274,1.1393003520296414,UP,UP
2025-11-28,Sun Pharma,-1.3212465327825273,0.03995791083818803,-1.3612044436207154,DOWN,UP
2025-12-01,Sun Pharma,-0.43709330017429604,-0.05978543984531434,-0.37730786032898167,DOWN,DOWN
2025-12-02,Sun Pharma,0.4001084285565337,0.04725795339713106,0.35285047515940265,UP,UP
2025-12-03,Sun Pharma,0.6420599972190022,0.03926634529658306,0.6027936519224192,UP,UP
2025-12-04,Sun Pharma,-0.7149535088215142,0.0443544376867847,-0.7593079465082989,DOWN,UP
2025-12-05,Sun Pharma,-0.5040767412684222,0.014169914259499929,-0.5182466555279222,DOWN,UP
2025-12-08,Sun Pharma,-1.1245936822733005,0.03449202849823982,-1.1590857107715402,DOWN,UP
2025-12-09,Sun Pharma,0.5349099099099197,0.0055645336091905175,0.5293453763007292,UP,UP
2025-12-10,Sun Pharma,1.215343106797806,0.04880643863783884,1.1665366681599671,UP,UP
2025-12-11,Sun Pharma,-0.75807611454346,0.03135997809098692,-0.7894360926344469,DOWN,UP
2025-12-12,Sun Pharma,0.20072347844646288,0.020137419209933456,0.18058605923652943,UP,UP
2025-12-15,Sun Pharma,-0.87919019378212,0.026720988699213296,-0.9059111824813333,DOWN,UP
2025-12-16,Sun Pharma,0.6512084021762066,0.039879196845834165,0.6113292053303724,UP,UP
2025-12-17,Sun Pharma,-2.6214512443525684,0.03263234688328156,-2.65408359123585,DOWN,UP
2025-12-18,Sun Pharma,-0.05727704828548674,0.026884820550700978,-0.08416186883618772,DOWN,UP
2025-12-19,Sun Pharma,1.427017254035734,0.03757138071693436,1.3894458733187995,UP,UP
2025-12-22,Sun Pharma,-0.7854008379797661,0.08914259901507465,-0.8745434369948408,DOWN,UP
2025-12-23,Sun Pharma,-1.0763724671835617,0.025800507417998223,-1.10217297460156,DOWN,UP
2025-12-24,Sun Pharma,-1.007484168105932,-0.0005316960424256089,-1.0069524720635066,DOWN,DOWN
2025-12-26,Sun Pharma,-0.13376265356934702,0.013324368129736232,-0.14708702169908325,DOWN,UP
2025-12-29,Sun Pharma,0.17470300985931164,0.022332516095682903,0.15237049376362874,UP,UP
2025-12-30,Sun Pharma,-0.029066388454401793,0.03218726638166375,-0.06125365483606554,DOWN,UP
2025-12-31,Sun Pharma,0.08141097015839094,0.05709558438686711,0.024315385771523826,UP,UP
2026-01-01,Sun Pharma,0.4009078212736217,0.03087301239590101,0.37003480887772067,UP,UP
2026-01-02,Sun Pharma,0.0520847461841667,0.04031962116088943,0.01176512502327727,UP,UP
2026-01-05,Sun Pharma,1.8103954141836631,0.02093827645260772,1.7894571377310553,UP,UP
2026-01-06,Sun Pharma,1.272584083367878,0.06963390440024533,1.2029501789676327,UP,UP
2026-01-07,Sun Pharma,-1.2285439646583685,0.0003500991928130215,-1.2288940638511814,DOWN,UP
2026-01-08,Sun Pharma,-1.7493001426684196,0.02901521015766964,-1.7783153528260893,DOWN,UP
2026-01-09,Sun Pharma,0.3526201225416914,0.03984063147733355,0.3127794910643579,UP,UP
2026-01-12,Sun Pharma,-0.4205097251224088,0.01895781303704368,-0.4394675381594525,DOWN,UP
2026-01-13,Sun Pharma,-1.6197142818809573,0.022249597522270976,-1.6419638794032283,DOWN,UP
2026-01-14,Sun Pharma,0.0,0.023399732626778243,-0.023399732626778243,UP,UP
2026-01-15,Sun Pharma,-1.8698140572004252,1.2261792158748461,-3.0959932730752713,DOWN,UP
2026-01-16,Sun Pharma,0.3894780936492648,0.07212118401985682,0.317356909629408,UP,UP
2026-01-19,Sun Pharma,-3.676732403503502,0.32541921820878966,-4.002151621712292,DOWN,UP
2026-01-20,Sun Pharma,-0.05577050358351876,0.08001273454863103,-0.1357832381321498,DOWN,UP
2026-01-21,Sun Pharma,1.3205980801910044,-0.0018588156467425026,1.322456895837747,UP,DOWN
2026-01-22,Sun Pharma,-0.1407371696568238,0.0503480035953545,-0.1910851732521783,DOWN,UP
2026-01-23,Sun Pharma,0.42894784577953704,0.009708629901446247,0.41923921587809077,UP,UP
2026-01-27,Sun Pharma,-1.7267709077155469,0.025440839144566563,-1.7522117468601135,DOWN,UP
2026-01-28,Sun Pharma,-1.3224839861346482,0.047652499652599746,-1.370136485787248,DOWN,UP
2026-01-29,Sun Pharma,0.37752468480851675,-0.022262167608073088,0.39978685241658984,UP,DOWN
2026-01-30,Sun Pharma,2.0435011965231675,0.009168808645352603,2.034332387877815,UP,UP
2026-02-02,Sun Pharma,4.558016466556802,0.06824113822877599,4.489775328328026,UP,UP
2026-02-03,Sun Pharma,0.1351300664541366,-0.2740358091536264,0.409165875607763,UP,DOWN
2026-02-04,Sun Pharma,-0.10561187528401739,0.02403369205014316,-0.12964556733416055,DOWN,UP
2026-02-05,Sun Pharma,-0.44050276680045464,0.03292896347526357,-0.4734317302757182,DOWN,UP
2026-02-06,Sun Pharma,0.5604389202304327,0.023918176532105997,0.5365207436983267,UP,UP
2026-02-09,Sun Pharma,0.18773162548517686,0.02389656678423581,0.16383505870094106,UP,UP
2026-02-10,Sun Pharma,0.19322676328981103,0.01739711725066027,0.17582964603915077,UP,UP
2026-02-11,Sun Pharma,0.22208222093065277,0.002797838736514856,0.21928438219413793,UP,UP
2026-02-12,Sun Pharma,-1.0146378311474802,0.013999221678977061,-1.0286370528264572,DOWN,UP
2026-02-13,Sun Pharma,0.1767304860088359,0.0197357082857952,0.15699477772304068,UP,UP
2026-02-16,Sun Pharma,0.9761820397493404,0.028540924920829124,0.9476411148285112,UP,UP
2026-02-17,Sun Pharma,0.4251382523975611,0.010998599166537693,0.4141396532310234,UP,UP
2026-02-18,Sun Pharma,-0.6379030297066768,0.02393170773917536,-0.6618347374458522,DOWN,UP
2026-02-19,Sun Pharma,0.6419983566745779,0.01620487468851504,0.6257934819860629,UP,UP
2026-02-20,Sun Pharma,0.4581317734988266,0.012506672456857285,0.44562510104196934,UP,UP
2026-02-23,Sun Pharma,-0.02886336003616874,0.03782451398558266,-0.0666878740217514,DOWN,UP
2026-02-24,Sun Pharma,1.870880091825522,0.006535165231486251,1.8643449265940357,UP,UP
2026-02-25,Sun Pharma,1.2186827227672614,0.0674983501971544,1.151184372570107,UP,UP
2026-02-26,Sun Pharma,-2.7272191579506666,-0.007275356822504249,-2.7199438011281623,DOWN,DOWN
2026-02-27,Sun Pharma,0.892343120322403,0.03017230756718276,0.8621708127552202,UP,UP
2026-03-02,Sun Pharma,-0.1141226818830221,0.009710191581590139,-0.12383287346461225,DOWN,UP
2026-03-04,Sun Pharma,1.942302199371615,0.016735034836480103,1.9255671645351349,UP,UP
2026-03-05,Sun Pharma,0.8349691462069098,0.029762551339848814,0.8052065948670609,UP,UP
2026-03-06,Sun Pharma,0.4445926359595953,0.026549629957427667,0.41804300600216765,UP,UP
2026-03-09,Sun Pharma,0.298773063025326,0.040780242910541116,0.2579928201147849,UP,UP
2026-03-10,Sun Pharma,0.7226376452497352,0.029825221779097962,0.6928124234706372,UP,UP
2026-03-11,Sun Pharma,-0.032859169610344185,0.033143704687515096,-0.06600287429785928,DOWN,UP
2026-03-12,Sun Pharma,-1.2984206765021211,0.012659684236897506,-1.3110803607390187,DOWN,UP
2026-03-13,Sun Pharma,-1.0213157561837827,0.007887677668330326,-1.029203433852113,DOWN,UP
2026-03-16,Sun Pharma,0.6280884672987597,0.0004740732346516599,0.627614394064108,UP,UP
2026-03-17,Sun Pharma,-0.8972344720734604,0.03441417414489392,-0.9316486462183543,DOWN,UP
2026-03-18,Sun Pharma,-1.9063163405074524,0.0035030444010858823,-1.9098193849085383,DOWN,UP
2026-03-19,Sun Pharma,1.8745672273685399,-0.07532817029513311,1.949895397663673,UP,DOWN
2026-03-20,Sun Pharma,-1.0522734471204553,0.07045539156497033,-1.1227288386854257,DOWN,UP
2026-03-23,Sun Pharma,-0.2900350042725264,0.00816605713858536,-0.29820106141111175,DOWN,UP
2026-03-24,Sun Pharma,2.4011848750062237,0.0034066383021659962,2.397778236704058,UP,UP
2026-03-25,Sun Pharma,-0.10025892857568053,0.048981852863215124,-0.14924078143889566,DOWN,UP
2026-03-27,Sun Pharma,-2.0294393905849195,0.011495453816837189,-2.0409348444017565,DOWN,UP
2026-03-30,Sun Pharma,-1.6332774851680942,0.0005875450074945503,-1.6338650301755888,DOWN,UP
2026-04-01,Sun Pharma,-2.0190931104461907,0.48285915096489307,-2.5019522614110836,DOWN,UP
2026-04-02,Sun Pharma,0.059045820407144234,0.12113581643690717,-0.06208999602976294,UP,UP
2026-04-06,Sun Pharma,1.380858299963772,0.008318232022945148,1.3725400679408268,UP,UP
2026-04-07,Sun Pharma,-0.19790596123763216,0.05117912867253616,-0.2490850899101683,DOWN,UP
2026-04-08,Sun Pharma,0.14580660419907243,0.15781660652616142,-0.012010002327088987,UP,UP
2026-04-09,Sun Pharma,-3.6223837898926137,0.015878583120776713,-3.6382623730133905,DOWN,UP
2026-04-10,Sun Pharma,-0.16315627544590816,0.2929675537945804,-0.45612382924048855,DOWN,UP
2026-04-13,Sun Pharma,2.687327546679219,0.004608262950149922,2.682719283729069,UP,UP
2026-04-15,Sun Pharma,-0.20629494579541552,0.04725987161212619,-0.2535548174075417,DOWN,UP
2026-04-16,Sun Pharma,-1.039511891779843,-0.004907985196414619,-1.0346039065834283,DOWN,DOWN
2026-04-17,Sun Pharma,-0.4118188250708754,0.007156658081896463,-0.4189754831527719,DOWN,UP
2026-04-20,Sun Pharma,-0.2037651003122254,0.026181760935392817,-0.2299468612476182,DOWN,UP
2026-04-21,Sun Pharma,0.2762489665588008,0.011954130721692746,0.26429483583710806,UP,UP
2026-04-22,Sun Pharma,0.6168359358380116,0.008088724586491586,0.60874721125152,UP,UP
2026-04-23,Sun Pharma,-3.5533570644243673,0.09861839296397268,-3.65197545738834,DOWN,UP
2026-04-24,Sun Pharma,6.979756472592902,0.1805667314813543,6.799189741111547,UP,UP
2026-04-27,Sun Pharma,0.7960801169959675,-0.27724036502574134,1.0733204820217088,UP,DOWN
2026-04-28,Sun Pharma,1.7970526793500197,0.030047750115711532,1.7670049292343082,UP,UP
2026-04-29,Sun Pharma,1.6641422650711002,0.0021036024752419304,1.6620386625958583,UP,UP
2026-04-30,Sun Pharma,0.0,-0.03866285720034694,0.03866285720034694,UP,DOWN
2026-05-01,Sun Pharma,0.8405657668220101,1.5067995927187443,-0.6662338258967342,UP,UP
2026-05-04,Sun Pharma,-0.1480642265903498,0.020148131737161633,-0.1682123583275114,DOWN,UP
2026-05-05,Sun Pharma,1.6146694615189583,0.044013242509729385,1.5706562190092288,UP,UP
2026-05-06,Sun Pharma,-0.8539577977939694,-0.0024049208480305655,-0.8515528769459388,DOWN,DOWN
2026-05-07,Sun Pharma,0.7359354459402612,0.04177083706949996,0.6941646088707613,UP,UP
2026-05-08,Sun Pharma,1.3420599832329128,0.07278507870855179,1.269274904524361,UP,UP
2026-05-11,Sun Pharma,-1.4417686070373525,0.06692442126816339,-1.508693028305516,DOWN,UP
2026-05-12,Sun Pharma,-1.1323564445282819,0.13661911211798142,-1.2689755566462633,DOWN,UP
2026-05-13,Sun Pharma,2.1043347937441226,0.06152356412310891,2.0428112296210137,UP,UP
2026-05-14,Sun Pharma,0.8050665732663553,0.07311916236986946,0.7319474108964859,UP,UP
2026-05-15,Sun Pharma,1.4694973045350945,0.06484046951661981,1.4046568350184747,UP,UP
2026-05-18,Sun Pharma,-1.2330779409125414,0.049988464253947804,-1.2830664051664893,DOWN,UP
2026-05-19,Sun Pharma,-0.1062529856090233,0.06271618857227818,-0.16896917418130147,DOWN,UP
2026-05-20,Sun Pharma,0.585013014643887,0.09571263459474887,0.4893003800491381,UP,UP
2026-05-21,Sun Pharma,-2.4692048874594863,0.05782077989401384,-2.5270256673535,DOWN,UP
2026-05-22,Sun Pharma,-0.21684918426443378,0.2567112390972249,-0.47356042336165866,DOWN,UP
2026-05-25,Sun Pharma,0.010870001349649883,0.015087928935401373,-0.0042179275857514905,UP,UP
2026-05-26,Sun Pharma,0.19013471898960965,0.008209390693563636,0.18192532829604602,UP,UP
2026-05-27,Sun Pharma,0.0,-0.06327620272261635,0.06327620272261635,UP,DOWN
2026-05-28,Sun Pharma,-2.4453774582344545,1.2333314375780373,-3.678708895812492,DOWN,UP
2026-05-29,Sun Pharma,-0.15006398650224684,0.10681937574359279,-0.25688336224583963,DOWN,UP
2026-06-01,Sun Pharma,-0.36737965966811004,-0.0015812299018563075,-0.3657984297662537,DOWN,DOWN
2026-06-02,Sun Pharma,-0.07821802307202974,-0.011102438539555731,-0.06711558453247402,DOWN,DOWN
2026-06-03,Sun Pharma,-0.46966868404039186,0.011672495085584888,-0.48134117912597674,DOWN,UP
2026-06-04,Sun Pharma,0.11796953062965798,-0.010186076016956803,0.1281556066466148,UP,DOWN
2026-06-05,Sun Pharma,0.37033429677237883,0.003297254765622957,0.36703704200675585,UP,UP
2026-06-08,Sun Pharma,-0.5478560241847674,0.00627332927660936,-0.5541293534613768,DOWN,UP
2026-06-09,Sun Pharma,0.41596539708053104,0.01784226765499205,0.398123129425539,UP,UP
2026-06-10,Sun Pharma,0.4366282272287192,0.04181668288863337,0.3948115443400858,UP,UP
2026-06-11,Sun Pharma,0.752424499353177,0.0395232165091764,0.7129012828440006,UP,UP
2026-06-12,Sun Pharma,-0.09403945443340334,0.04585296176077277,-0.1398924161941761,DOWN,UP
2026-06-15,Sun Pharma,-0.29346892736018537,0.03441811677453386,-0.32788704413471925,DOWN,UP
2026-06-16,Sun Pharma,1.0940230897083625,0.0284726517202087,1.0655504379881537,UP,UP
2026-06-17,Sun Pharma,0.24170645764953758,0.03137688151076335,0.21032957613877423,UP,UP
2026-06-18,Sun Pharma,0.7398070823523728,0.03298037949891559,0.7068267028534572,UP,UP
2026-06-19,Sun Pharma,1.3381915319873539,0.050151703548289836,1.288039828439064,UP,UP
2026-06-22,Sun Pharma,0.27376539369263764,0.07106846318831828,0.20269693050431936,UP,UP
2026-06-23,Sun Pharma,0.34261372666286594,0.026978371306747677,0.31563535535611825,UP,UP
2026-06-24,Sun Pharma,-0.61886339281092,0.029115789412091787,-0.6479791822230118,DOWN,UP
2026-06-25,Sun Pharma,0.0,0.007139600283455101,-0.007139600283455101,UP,UP
2026-06-26,Sun Pharma,0.644191522732096,1.4378204710554043,-0.7936289483233083,UP,UP
2026-06-29,Sun Pharma,-0.6560725681553747,0.020465564916944876,-0.6765381330723196,DOWN,UP
2026-06-30,Sun Pharma,0.1986550964765188,0.009934086360260856,0.18872101011625794,UP,UP
2026-07-01,Sun Pharma,0.25720978210885814,0.01666425194752248,0.24054553016133567,UP,UP
2026-07-02,Sun Pharma,1.8065231869655252,0.030405367789504995,1.77611781917602,UP,UP
2026-07-03,Sun Pharma,0.4199915894018247,0.020973975929236725,0.39901761347258796,UP,UP
2026-07-06,Sun Pharma,-0.4914274453214018,0.025680652622251516,-0.5171080979436533,DOWN,UP
2026-07-07,Sun Pharma,-0.7985748159726302,0.012752728784961783,-0.8113275447575921,DOWN,UP
2026-07-08,Sun Pharma,2.674504888566398,0.011166656370254484,2.6633382321961436,UP,UP
2026-07-09,Sun Pharma,-0.16505654575070805,-0.012502347527962938,-0.1525541982227451,DOWN,DOWN
2026-07-10,Sun Pharma,-0.7284926678345349,0.014105010381376243,-0.7425976782159112,DOWN,UP
2026-07-13,Sun Pharma,1.1033595764806892,0.014201436207013828,1.0891581402736754,UP,UP
2026-07-14,Sun Pharma,0.458150135175317,0.0392165070303228,0.4189336281449942,UP,UP
2026-07-15,Sun Pharma,-0.07174093846080698,0.038296899117259295,-0.11003783757806627,DOWN,UP
2026-07-16,Sun Pharma,-0.8973898886769582,0.04153514531463566,-0.9389250339915939,DOWN,UP
2026-07-17,Sun Pharma,1.2315041461650411,-0.0008177643436575147,1.2323219105086987,UP,DOWN
2026-07-20,Sun Pharma,0.2811286000493407,0.11630777860608381,0.16482082144325688,UP,UP
2026-07-21,Sun Pharma,-0.9633530852168226,0.021355022860988365,-0.984708108077811,DOWN,UP
2026-07-22,Sun Pharma,0.5661348430262558,0.0018662322150471986,0.5642686108112086,UP,UP
2026-07-23,Sun Pharma,-0.6601854869018764,0.031323028954130784,-0.6915085158560071,DOWN,UP
2026-07-24,Sun Pharma,1.6794588633229468,0.005699737170997128,1.6737591261519498,UP,UP
2026-07-27,Sun Pharma,0.15199878777008013,0.041310151093948144,0.11068863667613199,UP,UP
2026-07-28,Sun Pharma,0.6677833544925127,0.005790673610460065,0.6619926808820527,UP,UP
2026-07-29,Sun Pharma,0.5628398931837086,0.03216098786250726,0.5306789053212013,UP,UP
2026-07-30,Sun Pharma,-0.529707446667349,0.028871096144568002,-0.558578542811917,DOWN,UP
2026-07-31,Sun Pharma,-1.3564431047475511,0.14082783873648644,-1.4972709434840377,DOWN,UP
2026-08-03,Sun Pharma,0.02546473134708016,0.0011865770926544233,0.024278154254425737,UP,UP
2026-08-04,Sun Pharma,-1.2219959266802416,0.033347286122414374,-1.255343212802656,DOWN,UP
2026-08-05,Sun Pharma,0.5670103092783485,0.005509092294762211,0.5615012169835862,UP,UP
2026-08-06,Sun Pharma,-0.3075345976422339,0.026470845286021425,-0.33400544292825535,DOWN,UP
2026-08-07,Sun Pharma,-0.030847073827122706,0.013234062666597306,-0.044081136493720016,DOWN,UP
2026-08-10,Sun Pharma,-0.12343264677677768,0.017526279632426076,-0.14095892640920377,DOWN,UP
2026-08-11,Sun Pharma,0.1029866117404632,0.023295088748415106,0.0796915229920481,UP,UP
2026-08-12,Sun Pharma,-0.6172839506172867,0.030687146617056384,-0.6479710972343431,DOWN,UP
2026-08-13,Sun Pharma,-0.10351966873706209,0.04386559060660725,-0.14738525934366933,DOWN,UP
2026-08-14,Sun Pharma,-2.4870466321243567,0.02349294770883294,-2.5105395798331895,DOWN,UP
2026-08-17,Sun Pharma,-0.36663254059844386,0.12393120803806143,-0.4905637486365053,DOWN,UP
2026-08-18,Sun Pharma,1.327930496414309,-0.01474907043781321,1.3426795668521223,UP,DOWN
2026-08-19,Sun Pharma,0.21052631578948322,0.051680318472177064,0.15884599731730614,UP,UP
2026-08-20,Sun Pharma,-0.08403233119419484,0.0264681529183552,-0.11050048411255003,DOWN,UP
2026-08-21,Sun Pharma,0.3994940858076612,0.015403272858427082,0.38409081294923414,UP,UP
2026-08-24,Sun Pharma,0.6282722513089034,0.03624221127145283,0.5920300400374505,UP,UP
2026-08-25,Sun Pharma,-1.1706555671175845,0.03873483415850125,-1.2093904012760857,DOWN,UP
2026-08-26,Sun Pharma,0.7265095460976534,0.004341192423963658,0.7221683536736897,UP,UP
2026-08-27,Sun Pharma,0.3501777557565422,0.027248891198677162,0.322928864557865,UP,UP
2026-08-28,Sun Pharma,3.3750025431315,0.022281544586891328,3.352720998544609,UP,UP
2026-08-31,Sun Pharma,-2.8113687754628303,0.11080077990825407,-2.9221695553710845,DOWN,UP
2026-09-01,Sun Pharma,0.1399663645347271,0.19200157923341943,-0.05203521469869232,UP,UP
2026-09-02,Sun Pharma,-0.8127530966882568,0.008103085461578707,-0.8208561821498355,DOWN,UP
2025-09-22,TCS,-0.37088119927388696,-0.08791346636231938,-0.28296773291156757,DOWN,DOWN
2025-09-23,TCS,-0.8816614701213976,-0.03700358081676427,-0.8446578893046334,DOWN,DOWN
2025-09-24,TCS,-2.5696778846099666,0.06915384053025832,-2.638831725140225,DOWN,UP
2025-09-25,TCS,-1.9713196257732046,-0.0028636986354894987,-1.9684559271377151,DOWN,DOWN
2025-09-26,TCS,-0.10348038698027029,0.008354835510924486,-0.11183522249119478,DOWN,UP
2025-09-29,TCS,-0.26588153215876265,0.10112928542428891,-0.36701081758305154,DOWN,UP
2025-09-30,TCS,0.893229805443152,0.07919077126396402,0.814039034179188,UP,UP
2025-10-01,TCS,-0.42207291998542784,0.257426198829241,-0.6794991188146688,DOWN,UP
2025-10-03,TCS,2.9808057793494935,0.04325785029323878,2.937547929056255,UP,UP
2025-10-06,TCS,-0.49190040330098217,0.13138653326452074,-0.6232869365655029,DOWN,UP
2025-10-07,TCS,1.799105521016564,0.08333918717831011,1.715766333838254,UP,UP
2025-10-08,TCS,1.139667037410086,0.17787609491377787,0.961790942496308,UP,UP
2025-10-09,TCS,-1.0908940417550084,0.06237495764978118,-1.1532689994047896,DOWN,UP
2025-10-10,TCS,-0.6967637722825826,-0.015021352609362548,-0.68174241967322,DOWN,DOWN
2025-10-13,TCS,-1.559587094482151,0.0157669803354262,-1.5753540748175772,DOWN,UP
2025-10-14,TCS,0.3209134156438198,0.16207091069864102,0.1588425049451788,UP,UP
2025-10-15,TCS,0.030301782239683384,0.1208756654521824,-0.09057388321249901,UP,UP
2025-10-16,TCS,-0.2861278533581646,0.13573956605091117,-0.4218674194090758,DOWN,UP
2025-10-17,TCS,1.7892107512537336,0.019888048551505322,1.7693227027022282,UP,UP
2025-10-20,TCS,-0.281905019157902,0.15479080413800253,-0.4366958232959045,DOWN,UP
2025-10-21,TCS,2.211727178632561,0.029354102082175686,2.1823730765503853,UP,UP
2025-10-23,TCS,-0.3253937315789268,0.16763600826156,-0.4930297398404868,DOWN,UP
2025-10-24,TCS,0.7084079236673091,0.018434322711318677,0.6899736009559904,UP,UP
2025-10-27,TCS,-0.8752309914330403,0.1045335765880111,-0.9797645680210514,DOWN,UP
2025-10-28,TCS,-0.009804267538982003,0.009014998493470355,-0.018819266032452358,DOWN,UP
2025-10-29,TCS,-0.7293317672647515,0.0033444550641507174,-0.7326762223289022,DOWN,UP
2025-10-30,TCS,0.7478651469939201,-0.00965352283634646,0.7575186698302666,UP,DOWN
2025-10-31,TCS,-1.3472842109834904,0.09211222111879083,-1.4393964321022812,DOWN,UP
2025-11-03,TCS,-0.8817322071637768,0.11962233760200335,-1.0013545447657801,DOWN,UP
2025-11-04,TCS,0.6922597655639295,0.1147106463053228,0.5775491192586067,UP,UP
2025-11-06,TCS,-0.6343569741643407,0.08319908776706388,-0.7175560619314045,DOWN,UP
2025-11-07,TCS,1.1163815027288582,0.07641333670413403,1.0399681660247242,UP,UP
2025-11-10,TCS,0.7206151388333915,0.13638261990969652,0.584232518923695,UP,UP
2025-11-11,TCS,2.783066912639476,0.06576810495998368,2.717298807679492,UP,UP
2025-11-12,TCS,-0.8333896560866472,0.2594435708564692,-1.0928332269431165,DOWN,UP
2025-11-13,TCS,0.00966123040997413,0.05449494172118239,-0.04483371131120826,UP,UP
2025-11-14,TCS,-0.12234542266983395,0.054158251009305484,-0.17650367367913944,DOWN,UP
2025-11-17,TCS,-0.48674662347025777,0.019142504245326444,-0.5058891277155843,DOWN,UP
2025-11-18,TCS,1.9630025460344758,-0.02317125422411319,1.986173800258589,UP,DOWN
2025-11-19,TCS,-0.09212766110919812,0.19647070304475736,-0.28859836415395546,DOWN,UP
2025-11-20,TCS,0.18443299217978382,0.012109102845816842,0.17232388933396697,UP,UP
2025-11-21,TCS,-0.2983605088874297,0.006011387044732113,-0.3043718959321618,DOWN,UP
2025-11-24,TCS,-0.7003692965101616,-0.05121982608134289,-0.6491494704288187,DOWN,DOWN
2025-11-25,TCS,1.4009987130019441,-0.004828855907833705,1.405827568909778,UP,DOWN
2025-11-26,TCS,-0.8315092320187456,0.20734107756202794,-1.0388503095807735,DOWN,UP
2025-11-27,TCS,0.02869037542982955,0.027075262536747764,0.0016151128930817875,UP,UP
2025-11-28,TCS,-0.1306804033864517,0.03680794278669806,-0.16748834617314975,DOWN,UP
2025-12-01,TCS,0.07340425415871543,0.023678569395416328,0.049725684763299104,UP,UP
2025-12-02,TCS,1.4127642796808226,0.04432411910351731,1.3684401605773053,UP,UP
2025-12-03,TCS,1.5471682758451344,0.1802965233718552,1.3668717524732792,UP,UP
2025-12-04,TCS,0.27870680466020037,0.15689490177274792,0.12181190288745244,UP,UP
2025-12-05,TCS,-0.05249679443851685,-0.012877652909697479,-0.03961914152881937,DOWN,DOWN
2025-12-08,TCS,-0.8713100933686047,-0.015962792849308273,-0.8553473005192964,DOWN,DOWN
2025-12-09,TCS,-0.5953338953825882,0.004841548955218736,-0.6001754443378069,DOWN,UP
2025-12-10,TCS,0.0846592002136104,0.013489464730085736,0.07116973548352466,UP,UP
2025-12-11,TCS,0.8960211325940826,0.04702774389399534,0.8489933887000872,UP,UP
2025-12-12,TCS,0.3011939503764882,0.14082887717300266,0.16036507320348556,UP,UP
2025-12-15,TCS,-0.7770371461531034,0.08015963021599333,-0.8571967763690967,DOWN,UP
2025-12-16,TCS,0.39624195141867435,0.041372177128139294,0.35486977429053507,UP,UP
2025-12-17,TCS,1.9578593773389885,0.08677157475039164,1.8710878025885969,UP,UP
2025-12-18,TCS,0.036574955925883224,0.17556737955658352,-0.1389924236307003,UP,UP
2025-12-19,TCS,1.3071268233927569,0.03080869263827817,1.2763181307544786,UP,UP
2025-12-22,TCS,-0.4481308545032259,0.11970625446819001,-0.5678371089714159,DOWN,UP
2025-12-23,TCS,0.2719033232628343,-0.006960090371982617,0.2788634136348169,UP,DOWN
2025-12-24,TCS,-1.1750527267249122,0.011980446247155933,-1.1870331729720682,DOWN,UP
2025-12-26,TCS,-0.8689024390243882,0.009729016342451057,-0.8786314553668393,DOWN,UP
2025-12-29,TCS,-0.14454716813393498,-0.0026650199894932614,-0.14188214814444172,DOWN,DOWN
2025-12-30,TCS,-1.2504649823109282,0.01394867081774919,-1.2644136531286774,DOWN,UP
2025-12-31,TCS,0.6612173755453421,0.054779007699431545,0.6064383678459105,UP,UP
2026-01-01,TCS,0.7219448947496154,0.09123531004342798,0.6307095847061874,UP,UP
2026-01-02,TCS,-1.0643816419645846,0.07942466012552353,-1.1438063020901081,DOWN,UP
2026-01-05,TCS,1.2344127970645768,0.00998521227310792,1.224427584791469,UP,UP
2026-01-06,TCS,1.2224352918248194,0.13183392093154755,1.0906013708932718,UP,UP
2026-01-07,TCS,-2.782503719966356,0.0658431874539782,-2.8483469074203343,DOWN,UP
2026-01-08,TCS,0.12173122142555837,0.09477191918887751,0.02695930223668086,UP,UP
2026-01-09,TCS,0.9913351313696195,0.024524871220890965,0.9668102601487285,UP,UP
2026-01-12,TCS,0.8766483975690909,0.05465174718291934,0.8219966503861715,UP,UP
2026-01-13,TCS,-2.3102815177478586,0.06184740571517648,-2.372128923463035,DOWN,UP
2026-01-14,TCS,0.0,0.008506653017411549,-0.008506653017411549,UP,UP
2026-01-15,TCS,0.44479095291698467,0.8253611010703339,-0.3805701481533492,UP,UP
2026-01-16,TCS,-1.3440563249416115,0.011282783423074056,-1.3553391083646855,DOWN,UP
2026-01-19,TCS,-1.9376674338055233,0.040866534320427146,-1.9785339681259504,DOWN,UP
2026-01-20,TCS,0.6543547854371168,0.01176223836813347,0.6425925470689833,UP,UP
2026-01-21,TCS,0.8902774552644654,0.08849426927837742,0.801783185986088,UP,UP
2026-01-22,TCS,0.384081324001051,0.0766865376487589,0.3073947863522921,UP,UP
2026-01-23,TCS,-0.14229249011857847,0.024837473864047718,-0.1671299639826262,DOWN,UP
2026-01-27,TCS,1.3331253216038563,-0.024187404083439442,1.3573127256872957,UP,DOWN
2026-01-28,TCS,-1.7405766573769021,0.2097959983223761,-1.9503726556992782,DOWN,UP
2026-01-29,TCS,-0.651952698024183,0.0510851717288908,-0.7030378697530738,DOWN,UP
2026-01-30,TCS,1.4629212439941641,0.017571597376599423,1.4453496466175646,UP,UP
2026-02-02,TCS,1.7573179409308581,0.20572534014783728,1.551592600783021,UP,UP
2026-02-03,TCS,-7.013299468186284,0.049235865091271765,-7.062535333277556,DOWN,UP
2026-02-04,TCS,-0.2534126040737772,0.38909852824423874,-0.6425111323180159,DOWN,UP
2026-02-05,TCS,-1.668056237464488,0.1057166210021826,-1.7737728584666708,DOWN,UP
2026-02-06,TCS,0.22436270385235435,0.2592509045033433,-0.034888200650988965,UP,UP
2026-02-09,TCS,1.2346566409074944,0.1594655419522576,1.0751910989552367,UP,UP
2026-02-10,TCS,-2.506200039558537,0.23150160971033532,-2.7377016492688724,DOWN,UP
2026-02-11,TCS,-5.488347944601612,0.00729097644715253,-5.495638921048765,DOWN,UP
2026-02-12,TCS,-2.1053832380035886,0.5648952560259931,-2.670278494029582,DOWN,UP
2026-02-13,TCS,0.5348839887656442,-0.31337359640289936,0.8482575851685437,UP,DOWN
2026-02-16,TCS,0.39901737596375053,0.39830093417995777,0.000716441783792765,UP,UP
2026-02-17,TCS,-0.8279973801645357,0.3600200716152389,-1.1880174517797746,DOWN,UP
2026-02-18,TCS,-0.6308212036081562,0.1618566644192628,-0.792677868027419,DOWN,UP
2026-02-19,TCS,0.30994619406277124,0.031317477468540085,0.27862871659423116,UP,UP
2026-02-20,TCS,-0.36854673977010366,0.3220522639114417,-0.6905990036815454,DOWN,UP
2026-02-23,TCS,-3.8336545149777024,0.09822107096462107,-3.9318755859423233,DOWN,UP
2026-02-24,TCS,2.160317780281029,-0.20388801719533048,2.3642057974763597,UP,DOWN
2026-02-25,TCS,0.6998023048738977,1.078452335094167,-0.37865003022026933,UP,UP
2026-02-26,TCS,-0.38901873392286346,0.3699215454333265,-0.7589402793561899,DOWN,UP
2026-02-27,TCS,-0.9061918263707835,0.16246114953094837,-1.068652975901732,DOWN,UP
2026-03-02,TCS,-0.9833537850344354,0.12081852083820888,-1.1041723058726443,DOWN,UP
2026-03-04,TCS,-0.34778575740717077,0.13244840943136738,-0.48023416683853815,DOWN,UP
2026-03-05,TCS,-0.8220858837624467,0.2474068832431748,-1.0694927670056216,DOWN,UP
2026-03-06,TCS,-1.1808020863064206,0.23367782293598627,-1.4144799092424067,DOWN,UP
2026-03-09,TCS,-0.5657911387208392,0.2235574767934533,-0.7893486155142925,DOWN,UP
2026-03-10,TCS,-1.9179576395485398,0.1710827817751408,-2.0890404213236806,DOWN,UP
2026-03-11,TCS,-0.912815971902381,0.1958307290768474,-1.1086467009792282,DOWN,UP
2026-03-12,TCS,-1.3060884220122415,0.16101258487595557,-1.4671010068881971,DOWN,UP
2026-03-13,TCS,-0.05393274541070081,0.21905199912401105,-0.2729847445347119,DOWN,UP
2026-03-16,TCS,-0.7263822162825395,0.2358587708622656,-0.9622409871448051,DOWN,UP
2026-03-17,TCS,2.0529371852097134,0.20932486633766037,1.843612318872053,UP,UP
2026-03-18,TCS,-3.474272661901945,1.091183650587694,-4.565456312489639,DOWN,UP
2026-03-19,TCS,1.468594976920623,-0.04666168600996664,1.5152566629305897,UP,DOWN
2026-03-20,TCS,-0.28444944994320265,0.764884620413929,-1.0493340703571317,DOWN,UP
2026-03-23,TCS,0.6292474071964982,0.1951024573015249,0.4341449498949733,UP,UP
2026-03-24,TCS,-0.8921188114378031,0.5500923478111236,-1.4422111592489268,DOWN,UP
2026-03-25,TCS,0.5215843776282814,0.12795083552169506,0.3936335421065863,UP,UP
2026-03-27,TCS,-1.2930013328741552,0.3544455848949234,-1.6474469177690785,DOWN,UP
2026-03-30,TCS,2.089959339908476,0.10060624175930315,1.9893530981491727,UP,UP
2026-04-01,TCS,1.7648036235246467,1.1010565918974473,0.6637470316271994,UP,UP
2026-04-02,TCS,0.9466663252994723,0.5331136420048345,0.4135526832946378,UP,UP
2026-04-06,TCS,2.6638162046064062,0.44862199367157357,2.2151942109348326,UP,UP
2026-04-07,TCS,0.7638358126932587,0.6746201850210727,0.08921562767218605,UP,UP
2026-04-08,TCS,1.164428313406285,0.4100937031060573,0.7543346103002276,UP,UP
2026-04-09,TCS,-2.499032490223063,0.5780366127753919,-3.077069102998455,DOWN,UP
2026-04-10,TCS,-2.0480905665662075,-0.22729596166363403,-1.8207946049025734,DOWN,DOWN
2026-04-13,TCS,3.3284721118271854,0.08248538311979782,3.2459867287073876,UP,UP
2026-04-15,TCS,0.8610904865516744,1.1482520973082968,-0.2871616107566224,UP,UP
2026-04-16,TCS,0.1785128577197037,0.43963737867307673,-0.261124520953373,UP,UP
2026-04-17,TCS,-0.07359683686809504,0.22572495532013573,-0.29932179218823074,DOWN,UP
2026-04-20,TCS,1.1978563022936983,0.15840051354315535,1.039455788750543,UP,UP
2026-04-21,TCS,-2.758092319479022,0.6525223518001404,-3.4106146712791623,DOWN,UP
2026-04-22,TCS,-0.657866896666337,-0.10612859027858738,-0.5517383063877497,DOWN,DOWN
2026-04-23,TCS,-4.952817196685199,0.19521938560827748,-5.148036582293477,DOWN,UP
2026-04-24,TCS,2.115240409619279,0.55336326978316,1.561877139836119,UP,UP
2026-04-27,TCS,-0.11848939241144718,1.0915855209358982,-1.2100749133473454,DOWN,UP
2026-04-28,TCS,1.2271444594098124,0.23196725393581738,0.995177205473995,UP,UP
2026-04-29,TCS,-0.03232912449633307,0.6266538287605563,-0.6589829532568894,DOWN,UP
2026-04-30,TCS,0.0,0.1794473512992756,-0.1794473512992756,UP,UP
2026-05-01,TCS,-1.7219715913027178,1.0489475587002084,-2.770919150002926,DOWN,UP
2026-05-04,TCS,-0.16452103482365033,0.28107659737911617,-0.4455976322027665,DOWN,UP
2026-05-05,TCS,0.33369807410235097,0.20454886331715272,0.12914921078519825,UP,UP
2026-05-06,TCS,-1.3960746227869802,0.39596501755316105,-1.7920396403401413,DOWN,UP
2026-05-07,TCS,-0.29149663882171994,0.2052223020917538,-0.49671894091347374,DOWN,UP
2026-05-08,TCS,-0.06264617696198904,0.09405621269465322,-0.15670238965664227,DOWN,UP
2026-05-11,TCS,-3.869775473053727,0.1942015447278619,-4.063977017781589,DOWN,UP
2026-05-12,TCS,-1.195496214244296,-0.20111236395205853,-0.9943838502922374,DOWN,DOWN
2026-05-13,TCS,-1.1791643898434123,0.22715781053219178,-1.4063222003756042,DOWN,UP
2026-05-14,TCS,0.8014247551202169,0.24613472149083931,0.5552900336293776,UP,UP
2026-05-15,TCS,0.8480543803831786,0.5190495676413039,0.32900481274187465,UP,UP
2026-05-18,TCS,1.922746470883685,0.4323832463754057,1.4903632245082794,UP,UP
2026-05-19,TCS,0.012883188299550596,0.9392646435542293,-0.9263814552546787,UP,UP
2026-05-20,TCS,-0.008591182446715528,0.17957117362817057,-0.1881623560748861,DOWN,UP
2026-05-21,TCS,-0.42539973149985366,0.15714962463451396,-0.5825493561343676,DOWN,UP
2026-05-22,TCS,-0.3927026049497573,0.15909864387011524,-0.5518012488198725,DOWN,UP
2026-05-25,TCS,-1.386361696427274,0.1546421351352392,-1.5410038315625132,DOWN,UP
2026-05-26,TCS,0.351462972129557,0.21313277924006133,0.1383301928894957,UP,UP
2026-05-27,TCS,0.0,0.24410969600388327,-0.24410969600388327,UP,UP
2026-05-28,TCS,-1.1076109521473865,0.9114744023324299,-2.0190853544798166,DOWN,UP
2026-05-29,TCS,1.70436945701109,0.5060238751009581,1.1983455819101319,UP,UP
2026-06-01,TCS,6.50735641833553,0.9238245892369145,5.583531829098616,UP,UP
2026-06-02,TCS,-8.38611955378008,-0.08614672013443818,-8.299972833645642,DOWN,DOWN
2026-06-03,TCS,-0.031224123973816464,-0.7993528771049343,0.7681287531311178,DOWN,DOWN
2026-06-04,TCS,-1.8786299712739818,0.13792747787292176,-2.0165574491469034,DOWN,UP
2026-06-05,TCS,-2.160171090524443,0.207582940781767,-2.36775403130621,DOWN,UP
2026-06-08,TCS,-0.0185880060380339,0.006863397970030223,-0.025451404008064123,DOWN,UP
2026-06-09,TCS,0.1348164734425783,0.1834346498565075,-0.04861817641392921,UP,UP
2026-06-10,TCS,-0.8496125872695992,0.1872846709165165,-1.0368972581861158,DOWN,UP
2026-06-11,TCS,1.2080822020852366,0.09225000722325455,1.115832194861982,UP,UP
2026-06-12,TCS,0.027764304773003623,0.38119648723249794,-0.3534321824594943,UP,UP
2026-06-15,TCS,1.7113783533765137,0.13899111056937533,1.5723872428071384,UP,UP
2026-06-16,TCS,1.091405184174632,0.8298814286161027,0.26152375555852925,UP,UP
2026-06-17,TCS,-0.8861876370614086,0.4078834790461133,-1.2940711161075218,DOWN,UP
2026-06-18,TCS,-3.5537624060676953,0.1278202311950998,-3.681582637262795,DOWN,UP
2026-06-19,TCS,0.1317670036764751,-0.1598678827503533,0.2916348864268284,UP,DOWN
2026-06-22,TCS,-3.20518608923972,0.11306380008620509,-3.318249889325925,DOWN,UP
2026-06-23,TCS,2.3985191299983555,-0.13257848998938956,2.531097619987745,UP,DOWN
2026-06-24,TCS,-0.6780487827465653,1.1835698584643566,-1.861618641210922,DOWN,UP
2026-06-25,TCS,0.0,0.1573528195762112,-0.1573528195762112,UP,UP
2026-06-26,TCS,0.152764178472653,1.193468386093329,-1.040704207620676,UP,UP
2026-06-29,TCS,-3.165065324116212,0.13139086310139736,-3.2964561872176095,DOWN,UP
2026-06-30,TCS,-2.4070895601310704,-0.44345870259247205,-1.9636308575385983,DOWN,DOWN
2026-07-01,TCS,4.312525124744049,-0.22439189167966414,4.536917016423713,UP,DOWN
2026-07-02,TCS,1.2281756754682904,0.369325439034707,0.8588502364335835,UP,UP
2026-07-03,TCS,-1.7148269569500885,0.49087250826073053,-2.205699465210819,DOWN,UP
2026-07-06,TCS,1.8711118863113496,0.2681774673214449,1.6029344189899049,UP,UP
2026-07-07,TCS,-1.8415197680402118,0.7103857874993252,-2.551905555539537,DOWN,UP
2026-07-08,TCS,-0.3888213851761857,0.3075709206404067,-0.6963923058165924,DOWN,UP
2026-07-09,TCS,0.9514515735545181,0.16691357126045717,0.784538002294061,UP,UP
2026-07-10,TCS,5.437409376510383,0.43411437695949034,5.003294999550892,UP,UP
2026-07-13,TCS,0.8755488267820244,0.060774984966236005,0.8147738418157884,UP,UP
2026-07-14,TCS,-0.5180471679755327,0.2915154416418863,-0.8095626096174191,DOWN,UP
2026-07-15,TCS,0.5390119263344761,0.18520010027342412,0.353811826061052,UP,UP
2026-07-16,TCS,3.0895047705588263,0.2538344152108756,2.8356703553479505,UP,UP
2026-07-17,TCS,-0.7888894818752767,0.9480933416759452,-1.736982823551222,DOWN,UP
2026-07-20,TCS,-1.3326817421950632,0.1506018977329215,-1.4832836399279847,DOWN,UP
2026-07-21,TCS,-0.5762932000062393,0.2292463690228698,-0.8055395690291091,DOWN,UP
2026-07-22,TCS,1.5668094348857187,0.1565384129812122,1.4102710219045065,UP,UP
2026-07-23,TCS,0.508277095757248,0.827284211426611,-0.319007115669363,UP,UP
2026-07-24,TCS,1.832056422550954,0.4233847022161389,1.408671720334815,UP,UP
2026-07-27,TCS,4.460702996497412,0.7559627999119681,3.704740196585444,UP,UP
2026-07-28,TCS,2.0266929798269384,0.4414514400040106,1.5852415398229278,UP,UP
2026-07-29,TCS,-0.6049230866255084,1.0102576832013113,-1.6151807698268197,DOWN,UP
2026-07-30,TCS,-2.722261281464178,0.2732271808205074,-2.995488462284685,DOWN,UP
2026-07-31,TCS,4.569658820302136,-0.1607388207306159,4.730397641032752,UP,DOWN
2026-08-03,TCS,-0.5538242892144218,0.3161452093180405,-0.8699694985324624,DOWN,UP
2026-08-04,TCS,-1.9105691056910623,0.14674671605595205,-2.0573158217470144,DOWN,UP
2026-08-05,TCS,-1.6576875259013635,0.1723454943818658,-1.8300330202832293,DOWN,UP
2026-08-06,TCS,3.358615725742742,0.2911579743160997,3.067457751426642,UP,UP
2026-08-07,TCS,-1.1008276812293993,0.9447560996220348,-2.045583780851434,DOWN,UP
2026-08-10,TCS,0.8245042834064353,0.23981203438848253,0.5846922490179528,UP,UP
2026-08-11,TCS,-3.925256651127662,0.43893535146728335,-4.364192002594946,DOWN,UP
2026-08-12,TCS,1.0767353004159874,-0.4106894004071508,1.4874247008231383,UP,DOWN
2026-08-13,TCS,-0.5894736842105286,0.3338346379540323,-0.9233083221645608,DOWN,UP
2026-08-14,TCS,-2.0245679300349373,0.10944133625967996,-2.1340092662946173,DOWN,UP
2026-08-17,TCS,-1.4352391437262413,0.1271549902260474,-1.5623941339522887,DOWN,UP
2026-08-18,TCS,0.39473684210526994,0.13263649417890308,0.26210034792636683,UP,UP
2026-08-19,TCS,0.3931847968545288,0.20217965727661238,0.1910051395779164,UP,UP
2026-08-20,TCS,0.17406440382941035,0.20233696761368367,-0.028272563784273314,UP,UP
2026-08-21,TCS,-0.7775804667137232,0.09158722171725714,-0.8691676884309802,DOWN,UP
2026-08-24,TCS,0.5297426994570253,0.09392000261421785,0.4358226968428075,UP,UP
2026-08-25,TCS,-1.1410134887644974,0.3798183912882317,-1.5208318800527292,DOWN,UP
2026-08-26,TCS,-0.9515461522577096,0.2831283117757486,-1.2346744640334582,DOWN,UP
2026-08-27,TCS,4.162964851523099,0.22372330789102335,3.9392415436320753,UP,UP
2026-08-28,TCS,2.4466288995783625,0.6133268059119065,1.8333020936664561,UP,UP
2026-08-31,TCS,-1.262870345996292,0.7997550133365158,-2.0626253593328077,DOWN,UP
2026-09-01,TCS,-0.8864499788940439,0.31545377045436485,-1.2019037493484088,DOWN,UP
2026-09-02,TCS,-1.188241156037051,0.2859646796612172,-1.4742058356982681,DOWN,UP
2025-09-22,Tata Steel,1.108579207217808,0.02944821783110763,1.0791309893867003,UP,UP
2025-09-23,Tata Steel,-0.36354645301601707,0.05188166445673295,-0.41542811747275,DOWN,UP
2025-09-24,Tata Steel,-0.16216771305346267,0.03876800658598699,-0.20093571963944967,DOWN,UP
2025-09-25,Tata Steel,-2.8889725288693713,0.0254363165701015,-2.914408845439473,DOWN,UP
2025-09-26,Tata Steel,0.9438482011126625,-0.06810942914992474,1.0119576302625872,UP,DOWN
2025-09-29,Tata Steel,-0.12427000851432668,0.03487243386368364,-0.1591424423780103,DOWN,UP
2025-09-30,Tata Steel,-0.7465839507776795,0.04537302401443102,-0.7919569747921105,DOWN,UP
2025-10-01,Tata Steel,3.4027893223998795,0.022834454495725857,3.3799548679041536,UP,UP
2025-10-03,Tata Steel,-1.8186069125192494,0.06555414596449742,-1.884161058483747,DOWN,UP
2025-10-06,Tata Steel,0.8055951645627113,0.11868987366425154,0.6869052908984598,UP,UP
2025-10-07,Tata Steel,0.29750323013171265,0.03679920521343752,0.26070402491827516,UP,UP
2025-10-08,Tata Steel,2.605557557244853,0.0320898422639799,2.573467714980873,UP,UP
2025-10-09,Tata Steel,-1.4510812748916413,0.04279395849173464,-1.493875233383376,DOWN,UP
2025-10-10,Tata Steel,-0.4773966571614441,0.04743443315409688,-0.524831090315541,DOWN,UP
2025-10-13,Tata Steel,-1.4563973243016948,0.030403397978258095,-1.4868007222799529,DOWN,UP
2025-10-14,Tata Steel,1.6010856103914062,0.4128255799142003,1.1882600304772057,UP,UP
2025-10-15,Tata Steel,0.43869457558169955,0.04919842952153204,0.3894961460601675,UP,UP
2025-10-16,Tata Steel,-1.0229878041936091,0.038704871733676295,-1.0616926759272853,DOWN,UP
2025-10-17,Tata Steel,-0.15677869617183315,0.050395992259615496,-0.20717468843144865,DOWN,UP
2025-10-20,Tata Steel,0.4826995322974703,0.012641526477559032,0.4700580058199113,UP,UP
2025-10-21,Tata Steel,0.7987063853237331,0.12894383775292323,0.6697625475708098,UP,UP
2025-10-23,Tata Steel,0.1607709998904916,0.0739408154544029,0.0868301844360887,UP,UP
2025-10-24,Tata Steel,1.2726445709887013,0.02849070869931046,1.2441538622893908,UP,UP
2025-10-27,Tata Steel,2.9152008319520473,0.0998242424234495,2.8153765895285976,UP,UP
2025-10-28,Tata Steel,1.8590863693968451,-0.07629366319526136,1.9353800325921064,UP,DOWN
2025-10-29,Tata Steel,-0.4535862232392551,-0.03933873866347912,-0.414247484575776,DOWN,DOWN
2025-10-30,Tata Steel,-0.8190993846656225,0.03955254235063759,-0.85865192701626,DOWN,UP
2025-10-31,Tata Steel,-0.09297646704782281,0.02889561583345293,-0.12187208288127574,DOWN,UP
2025-11-03,Tata Steel,-1.8503338899070076,0.030252637391927642,-1.8805865272989353,DOWN,UP
2025-11-04,Tata Steel,-1.1266602093336742,0.08151123615667377,-1.2081714454903478,DOWN,UP
2025-11-06,Tata Steel,2.3128508748862853,0.07540210425263677,2.2374487706336486,UP,UP
2025-11-07,Tata Steel,0.060649839175686004,0.45971518431739455,-0.39906534514170855,UP,UP
2025-11-10,Tata Steel,-0.24245230976686072,0.0264365438985974,-0.2688888536654581,DOWN,UP
2025-11-11,Tata Steel,-1.342240811918649,0.03050045407805689,-1.372741265996706,DOWN,UP
2025-11-12,Tata Steel,-1.0973667248023067,0.07158536680773714,-1.1689520916100438,DOWN,UP
2025-11-13,Tata Steel,-1.3529575274420669,-0.020270089395950763,-1.3326874380461162,DOWN,DOWN
2025-11-14,Tata Steel,-0.6255000414612466,0.07943830615840311,-0.7049383476196497,DOWN,UP
2025-11-17,Tata Steel,-0.41577711400140327,0.0487681161117803,-0.46454523011318355,DOWN,UP
2025-11-18,Tata Steel,0.4407131221075611,0.0118481515078641,0.42886497059969697,UP,UP
2025-11-19,Tata Steel,-0.4330003873500021,0.06798110130392508,-0.5009814886539272,DOWN,UP
2025-11-20,Tata Steel,-2.5861107156669116,0.05258503690921082,-2.6386957525761225,DOWN,UP
2025-11-21,Tata Steel,-1.5714282081240705,-0.047918762488468464,-1.523509445635602,DOWN,DOWN
2025-11-24,Tata Steel,0.5865996716998056,0.040844971621511475,0.5457547000782942,UP,UP
2025-11-25,Tata Steel,2.0080540498539357,0.02783275089877863,1.980221298955157,UP,UP
2025-11-26,Tata Steel,-0.9076403033843383,0.04648729866865623,-0.9541276020529945,DOWN,UP
2025-11-27,Tata Steel,-0.10111114257315146,0.05135893849218453,-0.152470081065336,DOWN,UP
2025-11-28,Tata Steel,0.3989033949532539,0.04378303436678406,0.35512036058646984,UP,UP
2025-12-01,Tata Steel,-0.504065752774141,0.057069169969041794,-0.5611349227431828,DOWN,UP
2025-12-02,Tata Steel,-0.5125763598811561,0.04199080497628362,-0.5545671648574397,DOWN,UP
2025-12-03,Tata Steel,-0.08985975205473284,0.03387119110510054,-0.12373094315983338,DOWN,UP
2025-12-04,Tata Steel,0.20387139724189485,0.05105479214942761,0.15281660509246725,UP,UP
2025-12-05,Tata Steel,-2.178205598919114,0.06382939825444822,-2.2420349971735622,DOWN,UP
2025-12-08,Tata Steel,-1.7128543652345618,-0.036210715064566815,-1.676643650169995,DOWN,DOWN
2025-12-09,Tata Steel,0.9709327045323013,0.07039912473913412,0.9005335797931672,UP,UP
2025-12-10,Tata Steel,2.558102240379312,-0.015827733640034144,2.573929974019346,UP,DOWN
2025-12-11,Tata Steel,3.311692718555226,0.04487937592887919,3.266813342626347,UP,UP
2025-12-12,Tata Steel,0.5701295776478377,0.0006517823367457796,0.5694777953110919,UP,UP
2025-12-15,Tata Steel,-1.7585430508469835,0.061837099199349724,-1.8203801500463332,DOWN,UP
2025-12-16,Tata Steel,0.30029706255509936,0.06445777972836177,0.2358392828267376,UP,UP
2025-12-17,Tata Steel,-1.3032765459848217,0.046570376484881534,-1.3498469224697032,DOWN,UP
2025-12-18,Tata Steel,0.33904790671772655,0.019066693479696667,0.31998121323802986,UP,UP
2025-12-19,Tata Steel,0.3141850563912252,0.054248747618559114,0.25993630877266605,UP,UP
2025-12-22,Tata Steel,0.9927861149168438,0.03105877836476335,0.9617273365520804,UP,UP
2025-12-23,Tata Steel,-0.48565629134449395,0.020908283370177992,-0.506564574714672,DOWN,UP
2025-12-24,Tata Steel,-0.5586006739096372,0.026234149253798685,-0.5848348231634358,DOWN,UP
2025-12-26,Tata Steel,1.8803264110590856,0.026385420746103252,1.8539409903129824,UP,UP
2025-12-29,Tata Steel,2.0313406488731367,-0.06999227963716767,2.1013329285103044,UP,DOWN
2025-12-30,Tata Steel,2.4345840187709245,0.027144037379460736,2.4074399813914638,UP,UP
2025-12-31,Tata Steel,1.0051074745611288,-0.039536995786512416,1.0446444703476412,UP,DOWN
2026-01-01,Tata Steel,0.544288029295803,0.0757757508185246,0.4685122784772784,UP,UP
2026-01-02,Tata Steel,1.5529288397112984,0.07975601309322851,1.47317282661807,UP,UP
2026-01-05,Tata Steel,0.2584512838596398,0.09938305173178744,0.15906823212785234,UP,UP
2026-01-06,Tata Steel,-1.288933370472345,0.02704703196526246,-1.3159804024376074,DOWN,UP
2026-01-07,Tata Steel,-2.002180562278899,0.02922255936180148,-2.0314031216407007,DOWN,UP
2026-01-08,Tata Steel,-0.954919646530128,0.016940713067141316,-0.9718603595972692,DOWN,UP
2026-01-09,Tata Steel,2.713011077504923,0.07704504680857738,2.6359660306963457,UP,UP
2026-01-12,Tata Steel,-0.3656396795787775,0.03932081719883167,-0.4049604967776092,DOWN,UP
2026-01-13,Tata Steel,3.6588664116765424,0.024998087983478978,3.6338683236930636,UP,UP
2026-01-14,Tata Steel,0.0,0.2991526793519027,-0.2991526793519027,UP,UP
2026-01-15,Tata Steel,-0.5495341009948862,2.8496911771782423,-3.3992252781731285,DOWN,UP
2026-01-16,Tata Steel,0.03187798547019671,0.043082855654483776,-0.011204870184287063,UP,UP
2026-01-19,Tata Steel,-2.501729753535764,0.0400820356118326,-2.5418117891475966,DOWN,UP
2026-01-20,Tata Steel,0.46306717957123045,0.044124604733276784,0.41894257483795366,UP,UP
2026-01-21,Tata Steel,2.543247301268803,0.07628669061787578,2.466960610650927,UP,UP
2026-01-22,Tata Steel,-0.7879457668279244,0.049972159220248946,-0.8379179260481733,DOWN,UP
2026-01-23,Tata Steel,2.489205348196988,0.03670581026884654,2.452499537928141,UP,UP
2026-01-27,Tata Steel,0.8165213928573056,0.009612988036175881,0.8069084048211298,UP,UP
2026-01-28,Tata Steel,4.369358242981014,0.05176072410273253,4.317597518878282,UP,UP
2026-01-29,Tata Steel,-4.542310255396165,0.47470461251397483,-5.01701486791014,DOWN,UP
2026-01-30,Tata Steel,-2.392176388531564,1.035833919022704,-3.428010307554268,DOWN,UP
2026-02-02,Tata Steel,2.344702295763401,-0.02084044620514808,2.3655427419685493,UP,DOWN
2026-02-03,Tata Steel,1.2802577693837414,0.1781334415367104,1.102124327847031,UP,UP
2026-02-04,Tata Steel,1.207779265132336,0.10517249166994634,1.1026067734623897,UP,UP
2026-02-05,Tata Steel,-0.3539628679642304,0.03187644035391091,-0.3858393083181413,DOWN,UP
2026-02-06,Tata Steel,2.506851975341906,0.02535754104509439,2.4814944342968115,UP,UP
2026-02-09,Tata Steel,2.975244805364352,0.21797542052072494,2.757269384843627,UP,UP
2026-02-10,Tata Steel,-0.20191249460925764,0.1494695556753028,-0.35138205028456043,DOWN,UP
2026-02-11,Tata Steel,0.25049582428555706,0.13370727839046412,0.11678854589509294,UP,UP
2026-02-12,Tata Steel,-2.368943308880622,0.08820475492630539,-2.4571480638069274,DOWN,UP
2026-02-13,Tata Steel,1.2944211918587856,0.06521490887196708,1.2292062829868184,UP,UP
2026-02-16,Tata Steel,-1.3264640979172015,0.040582405195786916,-1.3670465031129884,DOWN,UP
2026-02-17,Tata Steel,2.9298783211515245,0.16484211853747438,2.7650362026140503,UP,UP
2026-02-18,Tata Steel,-1.7318065054431453,-0.09369876897646201,-1.6381077364666834,DOWN,DOWN
2026-02-19,Tata Steel,1.436150574776729,0.07293476222400797,1.363215812552721,UP,UP
2026-02-20,Tata Steel,-0.10558707048315963,0.057933969245590404,-0.16352103972875004,DOWN,UP
2026-02-23,Tata Steel,0.47564403577744496,0.1224557909790089,0.3531882447984361,UP,UP
2026-02-24,Tata Steel,2.634722124127298,0.061548039481042184,2.5731740846462556,UP,UP
2026-02-25,Tata Steel,0.40999109453729865,-0.10953214780168773,0.5195232423389864,UP,DOWN
2026-02-26,Tata Steel,-1.4801421576502105,0.07842528230581312,-1.5585674399560236,DOWN,UP
2026-02-27,Tata Steel,-0.6216772537255388,0.04432138237296032,-0.6659986360984992,DOWN,UP
2026-03-02,Tata Steel,-6.767451377206846,0.49568569848356553,-7.263137075690411,DOWN,UP
2026-03-04,Tata Steel,1.951919727583351,0.42004144699745166,1.5318782805858995,UP,UP
2026-03-05,Tata Steel,-1.052002060777102,0.03157875869554266,-1.0835808194726446,DOWN,UP
2026-03-06,Tata Steel,-3.7539110929147412,0.07630085194793618,-3.8302119448626772,DOWN,UP
2026-03-09,Tata Steel,2.08889880525136,-0.31682653308978814,2.4057253383411483,UP,DOWN
2026-03-10,Tata Steel,-0.13333051632610227,0.10485798916493293,-0.2381885054910352,DOWN,UP
2026-03-11,Tata Steel,-0.65215376226615,0.07662634252483765,-0.7287801047909876,DOWN,UP
2026-03-12,Tata Steel,-5.148088412169461,0.07693596328186199,-5.225024375451323,DOWN,UP
2026-03-13,Tata Steel,1.8691123302510215,0.4194248051824479,1.4496875250685737,UP,UP
2026-03-16,Tata Steel,4.5415588549786445,0.12040709427992827,4.4211517606987165,UP,UP
2026-03-17,Tata Steel,-0.010228222085195693,0.5251776047777832,-0.5354058268629789,DOWN,UP
2026-03-18,Tata Steel,-2.507552870090568,0.03119832475189261,-2.538751194842461,DOWN,UP
2026-03-19,Tata Steel,3.2859219705663634,-0.412111892128342,3.6980338626947056,UP,DOWN
2026-03-20,Tata Steel,-4.8787954947761225,0.1502844460848304,-5.029079940860953,DOWN,UP
2026-03-23,Tata Steel,1.9340680411397804,0.7454633392662443,1.188604701873536,UP,UP
2026-03-24,Tata Steel,3.0714402309156785,0.25831262892377527,2.813127601991903,UP,UP
2026-03-25,Tata Steel,-1.7442119411337553,0.3223839808634066,-2.0665959219971617,DOWN,UP
2026-03-27,Tata Steel,-0.703861195403932,-0.1458316223858351,-0.5580295730180969,DOWN,DOWN
2026-03-30,Tata Steel,1.4281275328090315,-0.05112220206831441,1.479249734877346,UP,DOWN
2026-04-01,Tata Steel,-0.23638576538504985,0.22205001668017554,-0.4584357820652254,DOWN,UP
2026-04-02,Tata Steel,1.0095841763825941,0.03553629935548793,0.9740478770271062,UP,UP
2026-04-06,Tata Steel,1.0351854748160028,0.05912695097090125,0.9760585238451015,UP,UP
2026-04-07,Tata Steel,3.0535444626608177,0.08179601798166679,2.971748444679151,UP,UP
2026-04-08,Tata Steel,0.4995613228768292,0.20608474558110818,0.293476577295721,UP,UP
2026-04-09,Tata Steel,0.687136297796842,0.1733769485258393,0.5137593492710028,UP,UP
2026-04-10,Tata Steel,-0.10648139976440207,0.19137563111761513,-0.2978570308820172,DOWN,UP
2026-04-13,Tata Steel,1.1289315557658552,0.10290301789366603,1.0260285378721892,UP,UP
2026-04-15,Tata Steel,0.9438487970398368,0.2418863620913059,0.7019624349485309,UP,UP
2026-04-16,Tata Steel,0.678718809251011,0.06068606183784391,0.6180327474131672,UP,UP
2026-04-17,Tata Steel,-0.18856963308121477,0.06220266029608219,-0.25077229337729695,DOWN,UP
2026-04-20,Tata Steel,0.13697018914644588,0.008584193121914345,0.12838599602453152,UP,UP
2026-04-21,Tata Steel,0.4811114093151936,0.05060548749514264,0.43050592182005093,UP,UP
2026-04-22,Tata Steel,-0.9951627138598207,0.0478297734465448,-1.0429924873063654,DOWN,UP
2026-04-23,Tata Steel,-0.3982724021171946,0.06134065750390107,-0.45961305962109567,DOWN,UP
2026-04-24,Tata Steel,1.5233002507127669,0.02714021728330522,1.4961600334294616,UP,UP
2026-04-27,Tata Steel,0.8346221895428219,0.04811127898538164,0.7865109105574403,UP,UP
2026-04-28,Tata Steel,0.38595760022144265,0.05081021554760343,0.3351473846738392,UP,UP
2026-04-29,Tata Steel,-2.0937577219875103,0.1261644713195462,-2.2199221933070565,DOWN,UP
2026-04-30,Tata Steel,0.0,0.08564840132977203,-0.08564840132977203,UP,UP
2026-05-01,Tata Steel,0.41635355803901763,2.0176994666465142,-1.6013459086074966,UP,UP
2026-05-04,Tata Steel,-0.4334706677035838,0.06949556178179257,-0.5029662294853764,DOWN,UP
2026-05-05,Tata Steel,1.963843343104399,0.07593903523232416,1.8879043078720747,UP,UP
2026-05-06,Tata Steel,0.7518425339999801,0.07230018112828578,0.6795423528716944,UP,UP
2026-05-07,Tata Steel,-1.197655759632421,0.04674106226310206,-1.2443968218955233,DOWN,UP
2026-05-08,Tata Steel,-1.1235971841989656,0.052285295005476226,-1.1758824792044418,DOWN,UP
2026-05-11,Tata Steel,-0.03772247753864866,0.050648253253572646,-0.0883707307922213,DOWN,UP
2026-05-12,Tata Steel,3.594337319428065,0.08559439118705776,3.508742928241007,UP,UP
2026-05-13,Tata Steel,0.6875556867302901,-0.1514280917232476,0.8389837784535377,UP,DOWN
2026-05-14,Tata Steel,-1.9400390947376556,0.03517046903999561,-1.9752095637776512,DOWN,UP
2026-05-15,Tata Steel,-3.288133990240971,0.1351616397890312,-3.4232956300300024,DOWN,UP
2026-05-18,Tata Steel,-0.20028296899892162,0.1691167399064052,-0.3693997089053268,DOWN,UP
2026-05-19,Tata Steel,-1.0893969384287217,0.044884607015516886,-1.1342815454442385,DOWN,UP
2026-05-20,Tata Steel,0.7584210259794277,-0.04143129516791543,0.7998523211473432,UP,DOWN
2026-05-21,Tata Steel,0.29245402483295546,0.06618943291962488,0.2262645919133306,UP,UP
2026-05-22,Tata Steel,0.49237476326593477,0.08056471531864418,0.4118100479472906,UP,UP
2026-05-25,Tata Steel,0.11892303232248214,0.08132836870493422,0.037594663617547916,UP,UP
2026-05-26,Tata Steel,2.0097855765693673,0.06335052158568436,1.9464350549836829,UP,UP
2026-05-27,Tata Steel,0.0,0.11982541725674406,-0.11982541725674406,UP,UP
2026-05-28,Tata Steel,-3.1113147511556027,1.9527001897169447,-5.064014940872547,DOWN,UP
2026-05-29,Tata Steel,1.2258451107509227,1.3119342262278915,-0.08608911547696874,UP,UP
2026-06-01,Tata Steel,0.014246463529188347,0.04317799708551309,-0.028931533556324746,UP,UP
2026-06-02,Tata Steel,0.6125324068123605,0.0344333585445633,0.5780990482677972,UP,UP
2026-06-03,Tata Steel,-0.6229610029883093,0.04345057336383668,-0.666411576352146,DOWN,UP
2026-06-04,Tata Steel,-1.8046269267146364,0.051202822004714356,-1.8558297487193507,DOWN,UP
2026-06-05,Tata Steel,-1.9586995057663703,0.09668503091384915,-2.0553845366802195,DOWN,UP
2026-06-08,Tata Steel,0.2269097535064324,-0.003915357518288739,0.2308251110247211,UP,DOWN
2026-06-09,Tata Steel,-1.9047126964725325,0.05157463105414145,-1.956287327526674,DOWN,UP
2026-06-10,Tata Steel,-0.6773322268139759,-0.06957169879510662,-0.6077605280188693,DOWN,DOWN
2026-06-11,Tata Steel,-0.050518337100358135,0.0448703507095934,-0.09538868780995154,DOWN,UP
2026-06-12,Tata Steel,-0.29313748573008835,0.04520377189129236,-0.33834125762138073,DOWN,UP
2026-06-15,Tata Steel,-0.648823391736153,0.055756891767146134,-0.7045802835032992,DOWN,UP
2026-06-16,Tata Steel,1.5357114830795826,0.06999513616618484,1.4657163469133978,UP,UP
2026-06-17,Tata Steel,0.7587607694612863,0.07729737301625826,0.6814633964450281,UP,UP
2026-06-18,Tata Steel,-0.7779760250124723,0.08267560065092817,-0.8606516256634005,DOWN,UP
2026-06-19,Tata Steel,0.005023374798285296,0.03765472754374763,-0.03263135274546233,UP,UP
2026-06-22,Tata Steel,-2.719004688605542,0.058978942103539926,-2.7779836307090817,DOWN,UP
2026-06-23,Tata Steel,-1.7565581418522047,0.02566309151056816,-1.782221233362773,DOWN,UP
2026-06-24,Tata Steel,-0.7625141566670157,-0.00865826320741459,-0.7538558934596011,DOWN,DOWN
2026-06-25,Tata Steel,0.0,0.045457446342101006,-0.045457446342101006,UP,UP
2026-06-26,Tata Steel,0.4557260239280936,2.485172747390808,-2.0294467234627143,UP,UP
2026-06-29,Tata Steel,-0.7965446575325164,0.2660494363060363,-1.0625940938385527,DOWN,UP
2026-06-30,Tata Steel,-1.5367432878690468,0.07078912762143749,-1.6075324154904842,DOWN,UP
2026-07-01,Tata Steel,1.3501107224287212,0.07643180021203134,1.2736789222166898,UP,UP
2026-07-02,Tata Steel,1.1349735725446175,0.05356358622428511,1.0814099863203324,UP,UP
2026-07-03,Tata Steel,0.563747127621439,0.056674628230337074,0.5070724993911019,UP,UP
2026-07-06,Tata Steel,-0.5658311199681298,0.06939296532865137,-0.6352240852967812,DOWN,UP
2026-07-07,Tata Steel,-0.8377661595116326,0.08000315508907534,-0.9177693146007079,DOWN,UP
2026-07-08,Tata Steel,-0.15408782722384773,0.06622336313032429,-0.22031119035417202,DOWN,UP
2026-07-09,Tata Steel,1.7455157870120086,0.053094278608324164,1.6924215084036844,UP,UP
2026-07-10,Tata Steel,-2.134003754879943,0.027651151682207747,-2.1616549065621506,DOWN,UP
2026-07-13,Tata Steel,0.6199581306853608,-0.10617895475836196,0.7261370854437227,UP,DOWN
2026-07-14,Tata Steel,-1.5987728779507937,0.05938759539887197,-1.6581604733496658,DOWN,UP
2026-07-15,Tata Steel,0.12415577736595296,0.07317046456041985,0.0509853128055331,UP,UP
2026-07-16,Tata Steel,0.21564175138217845,0.06323603867740353,0.15240571270477493,UP,UP
2026-07-17,Tata Steel,0.27973762664383894,0.04509731727852466,0.23464030936531427,UP,UP
2026-07-20,Tata Steel,0.44525605640739485,0.09479473404247858,0.3504613223649163,UP,UP
2026-07-21,Tata Steel,-0.37919605481593344,0.07696818586636944,-0.4561642406823029,DOWN,UP
2026-07-22,Tata Steel,-1.2330472668255488,0.043123883314916574,-1.2761711501404653,DOWN,UP
2026-07-23,Tata Steel,-0.8467663218647781,0.04771229345203123,-0.8944786153168093,DOWN,UP
2026-07-24,Tata Steel,0.8649487309861259,0.059461241303047786,0.8054874896830782,UP,UP
2026-07-27,Tata Steel,-0.8792375127204877,0.046664834662514545,-0.9259023473830023,DOWN,UP
2026-07-28,Tata Steel,2.5406555689607258,0.0595512824180297,2.481104286542696,UP,UP
2026-07-29,Tata Steel,-0.18689918061109978,0.023461578483319565,-0.21036075909441934,DOWN,UP
2026-07-30,Tata Steel,1.481919698050338,0.04185854560744361,1.4400611524428943,UP,UP
2026-07-31,Tata Steel,0.6905991574323478,0.07504004774425757,0.6155591096880902,UP,UP
2026-08-03,Tata Steel,-0.026179608250165298,0.05960072842235963,-0.08578033667252494,DOWN,UP
2026-08-04,Tata Steel,1.0683469900629738,0.05266980300390139,1.0156771870590724,UP,UP
2026-08-05,Tata Steel,-1.9120173772610105,0.06879091900481607,-1.9808082962658267,DOWN,UP
2026-08-06,Tata Steel,-0.9244585165281372,-0.02930541582790465,-0.8951531007002325,DOWN,DOWN
2026-08-07,Tata Steel,1.4342854692803941,0.04996411095717109,1.384321358323223,UP,UP
2026-08-10,Tata Steel,-1.0460499556890546,0.08012836015783799,-1.1261783158468925,DOWN,UP
2026-08-11,Tata Steel,-1.0889790447584646,0.07144633530614043,-1.1604253800646052,DOWN,UP
2026-08-12,Tata Steel,-0.7250219478262654,0.09872647548835994,-0.8237484233146253,DOWN,UP
2026-08-13,Tata Steel,-0.7303251603679173,0.03980441836982178,-0.770129578737739,DOWN,UP
2026-08-14,Tata Steel,1.3623978201634968,0.0453914200990328,1.317006400064464,UP,UP
2026-08-17,Tata Steel,-0.26881720430107503,0.025961647964926126,-0.29477885226600115,DOWN,UP
2026-08-18,Tata Steel,-0.8086253369272267,0.03752315590086415,-0.8461484928280909,DOWN,UP
2026-08-19,Tata Steel,-0.27173913043477826,0.03865071915747855,-0.3103898495922568,DOWN,UP
2026-08-20,Tata Steel,-0.27247956403270157,0.05645869026352833,-0.3289382542962299,DOWN,UP
2026-08-21,Tata Steel,1.803280356151804,0.02299172568111967,1.7802886304706844,UP,UP
2026-08-24,Tata Steel,0.3435316044898995,0.05695990899119915,0.2865716954987004,UP,UP
2026-08-25,Tata Steel,0.572371911552283,0.054094100288039446,0.5182778112642435,UP,UP
2026-08-26,Tata Steel,-0.6435782620238251,0.107917321126965,-0.7514955831507901,DOWN,UP
2026-08-27,Tata Steel,-0.1606012028140591,0.07506617614567453,-0.2356673789597336,DOWN,UP
2026-08-28,Tata Steel,-1.15281174074231,0.11802668727185399,-1.270838428014164,DOWN,UP
2026-08-31,Tata Steel,-0.15188433416141178,0.07814800611897234,-0.2300323402803841,DOWN,UP
2026-09-01,Tata Steel,-0.11952040633955718,0.06944773578288026,-0.18896814212243745,DOWN,UP
2026-09-02,Tata Steel,0.19036760027602018,0.04259802785239171,0.14776957242362848,UP,UP
2025-09-22,Wipro,-0.27962966608956474,0.05376399810810943,-0.3333936641976742,DOWN,UP
2025-09-23,Wipro,-2.018991485934496,0.0309630589846572,-2.049954544919153,DOWN,UP
2025-09-24,Wipro,-1.0589134374542009,0.03184871006265801,-1.090762147516859,DOWN,UP
2025-09-25,Wipro,-2.5826446280991733,0.011103015448353125,-2.5937476435475264,DOWN,UP
2025-09-26,Wipro,1.6500527633715567,-0.024225055769231937,1.6742778191407885,UP,DOWN
2025-09-29,Wipro,-0.11267078665858632,0.16835220221243558,-0.2810229888710219,DOWN,UP
2025-09-30,Wipro,0.7102027161754343,0.04415118211195472,0.6660515340634796,UP,UP
2025-10-01,Wipro,-0.0373383639378444,0.0466991115585178,-0.0840374754963622,DOWN,UP
2025-10-03,Wipro,0.4772218340370893,0.03734560776334089,0.4398762262737484,UP,UP
2025-10-06,Wipro,0.5781992600057739,0.06075032717163047,0.5174489328341435,UP,UP
2025-10-07,Wipro,0.30386625749325713,0.056350623650767685,0.24751563384248945,UP,UP
2025-10-08,Wipro,0.8719816542221315,0.045570574966336846,0.8264110792557946,UP,UP
2025-10-09,Wipro,0.9334428201017042,0.04522402992140285,0.8882187901803014,UP,UP
2025-10-10,Wipro,-1.4354612421537905,0.058263679667027654,-1.4937249218208182,DOWN,UP
2025-10-13,Wipro,1.3421422186588927,0.053576425120835644,1.288565793538057,UP,UP
2025-10-14,Wipro,0.7205573456709136,0.03754080417133053,0.683016541499583,UP,UP
2025-10-15,Wipro,1.4387877175685349,0.012776512315490793,1.426011205253044,UP,UP
2025-10-16,Wipro,-5.086483505886696,0.10548510928480095,-5.191968615171497,DOWN,UP
2025-10-17,Wipro,0.14114221888514855,0.04499382738859639,0.09614839149655216,UP,UP
2025-10-20,Wipro,0.04974096934802219,0.058701113568163044,-0.008960144220140853,UP,UP
2025-10-21,Wipro,1.2180984562361274,0.08003002999824113,1.1380684262378864,UP,UP
2025-10-23,Wipro,-0.5403222708675659,0.03703810888704169,-0.5773603797546076,DOWN,UP
2025-10-24,Wipro,0.38275082349292777,0.031271134488343996,0.35147968900458376,UP,UP
2025-10-27,Wipro,-0.6272800444119153,0.049911215174282694,-0.677191259586198,DOWN,UP
2025-10-28,Wipro,-0.041260046827695795,0.03929923437848919,-0.08055928120618498,DOWN,UP
2025-10-29,Wipro,-0.1485886627725752,0.020045691305961094,-0.1686343540785363,DOWN,UP
2025-10-30,Wipro,-0.5166997393605599,0.0386867250582136,-0.5553864644187735,DOWN,UP
2025-10-31,Wipro,-0.07063538049556506,0.05175718141237992,-0.12239256190794498,DOWN,UP
2025-11-03,Wipro,-1.0727658341183721,0.058686248650022116,-1.1314520827683943,DOWN,UP
2025-11-04,Wipro,0.8952609697399305,0.031204030345508928,0.8640569393944216,UP,UP
2025-11-06,Wipro,-1.4830233340285104,0.02294162476064576,-1.5059649587891561,DOWN,UP
2025-11-07,Wipro,1.416546478461389,0.07372420645672183,1.3428222720046672,UP,UP
2025-11-10,Wipro,0.7713501216491281,0.12931330261513924,0.6420368190339889,UP,UP
2025-11-11,Wipro,1.4605481168600054,0.030652440883519393,1.429895675976486,UP,UP
2025-11-12,Wipro,0.04485792749531203,0.08261900363012273,-0.037761076134810695,UP,UP
2025-11-13,Wipro,-0.3913123982806965,0.029447803649844874,-0.4207602019305414,DOWN,UP
2025-11-14,Wipro,-0.1309457264899616,0.026270361274266386,-0.157216087764228,DOWN,UP
2025-11-17,Wipro,-1.290722850187942,0.04096063338221316,-1.3316834835701552,DOWN,UP
2025-11-18,Wipro,2.146124349822909,0.059593199471128476,2.0865311503517803,UP,UP
2025-11-19,Wipro,0.0772085898168573,0.16533080338733896,-0.08812221357048167,UP,UP
2025-11-20,Wipro,-0.7187480927287937,0.02456440390958324,-0.743312496638377,DOWN,UP
2025-11-21,Wipro,1.1370602956506382,0.04282514529201685,1.0942351503586214,UP,UP
2025-11-24,Wipro,-0.6592004103402771,0.039628708838529286,-0.6988291191788064,DOWN,UP
2025-11-25,Wipro,1.8523054319587118,0.03632265645564044,1.8159827755030713,UP,UP
2025-11-26,Wipro,-0.25181057462921874,0.10166712704292039,-0.3534777016721391,DOWN,UP
2025-11-27,Wipro,-0.012020668212164853,0.03407925087459739,-0.046099919086762246,DOWN,UP
2025-11-28,Wipro,0.3005650637875279,0.025329093843540616,0.2752359699439873,UP,UP
2025-12-01,Wipro,-0.04395101921370603,0.05265885472981958,-0.0966098739435256,DOWN,UP
2025-12-02,Wipro,1.8067731164983503,0.023202156559126066,1.7835709599392242,UP,UP
2025-12-03,Wipro,0.8794967265707054,0.09359313372474508,0.7859035928459603,UP,UP
2025-12-04,Wipro,1.159853295169233,0.031049587928510626,1.1288037072407224,UP,UP
2025-12-05,Wipro,0.5655808549078323,0.0586445256901118,0.5069363292177205,UP,UP
2025-12-08,Wipro,-1.5188618664549458,0.023245825585930198,-1.542107692040876,DOWN,UP
2025-12-09,Wipro,0.22143946082491262,0.06809405255009915,0.15334540827481347,UP,UP
2025-12-10,Wipro,0.492281944177142,0.03854905366012527,0.4537328905170167,UP,UP
2025-12-11,Wipro,0.5207352376145113,0.10004628388225173,0.4206889537322596,UP,UP
2025-12-12,Wipro,0.43744593405978804,0.05843367405875163,0.3790122600010364,UP,UP
2025-12-15,Wipro,-0.9627833375463024,0.03618986952240511,-0.9989732070687075,DOWN,UP
2025-12-16,Wipro,0.740688765794606,0.029406926298258983,0.7112818394963469,UP,UP
2025-12-17,Wipro,1.0377541943261681,0.021053075297050805,1.0167011190291173,UP,UP
2025-12-18,Wipro,0.2274042409080801,0.02363249148656861,0.2037717494215115,UP,UP
2025-12-19,Wipro,3.1083383782443796,0.023779794519498104,3.0845585837248817,UP,UP
2025-12-22,Wipro,-0.4657716172323356,0.22410406038993996,-0.6898756776222756,DOWN,UP
2025-12-23,Wipro,-1.2306545368474087,0.03019738403957929,-1.260851920886988,DOWN,UP
2025-12-24,Wipro,-0.6565730738098075,-0.003026910267621009,-0.6535461635421864,DOWN,DOWN
2025-12-26,Wipro,-0.7735627686904945,0.05030015302793056,-0.823862921718425,DOWN,UP
2025-12-29,Wipro,-0.22328048732037642,0.04202288611877838,-0.2653033734391548,DOWN,UP
2025-12-30,Wipro,-0.14033571998972594,0.052573618831779426,-0.19290933882150535,DOWN,UP
2025-12-31,Wipro,1.5458854995022087,0.02468554387218636,1.5211999556300222,UP,UP
2026-01-01,Wipro,0.6171662086461804,0.12389835553175783,0.4932678531144226,UP,UP
2026-01-02,Wipro,-2.118963645736527,0.03200506953929458,-2.1509687152758215,DOWN,UP
2026-01-05,Wipro,0.8735352894719384,0.09395074028411948,0.7795845491878188,UP,UP
2026-01-06,Wipro,1.9578243862789835,-0.0007581751434639763,1.9585825614224475,UP,DOWN
2026-01-07,Wipro,-3.1757666076825397,0.054752776464350145,-3.23051938414689,DOWN,UP
2026-01-08,Wipro,-0.09534705887145334,0.08399587749799999,-0.1793429363694533,DOWN,UP
2026-01-09,Wipro,0.43901272872455266,0.02602942647800423,0.41298330224654844,UP,UP
2026-01-12,Wipro,0.41809429038282,0.0469363530990993,0.3711579372837207,UP,UP
2026-01-13,Wipro,-1.514004472060937,0.017569801187070376,-1.5315742732480073,DOWN,UP
2026-01-14,Wipro,0.0,0.0414071412854701,-0.0414071412854701,UP,UP
2026-01-15,Wipro,2.7863180860389303,1.7523952072171534,1.033922878821777,UP,UP
2026-01-16,Wipro,-8.03889111141488,0.18217088623031816,-8.221061997645199,DOWN,UP
2026-01-19,Wipro,-2.4598508342453695,-0.029416488723418576,-2.430434345521951,DOWN,DOWN
2026-01-20,Wipro,-0.14589030997541608,-0.10014788300584371,-0.04574242696957237,DOWN,DOWN
2026-01-21,Wipro,0.4591904949752479,0.057299459086468246,0.4018910358887796,UP,UP
2026-01-22,Wipro,-0.9349678192669519,0.07016695740239329,-1.0051347766693453,DOWN,UP
2026-01-23,Wipro,-1.5100633124553453,0.024097904022600956,-1.5341612164779463,DOWN,UP
2026-01-27,Wipro,1.086031950006272,0.045627566674467525,1.0404043833318046,UP,UP
2026-01-28,Wipro,1.0322295703559803,-0.028919053499080728,1.061148623855061,UP,DOWN
2026-01-29,Wipro,-1.2093449200863748,-0.0600016031162366,-1.1493433169701381,DOWN,DOWN
2026-01-30,Wipro,2.2794467262134965,0.042454175759182276,2.2369925504543144,UP,UP
2026-02-02,Wipro,0.16095723678761775,0.25402717403935243,-0.09306993725173468,UP,UP
2026-02-03,Wipro,-3.852654006945755,0.6830882192971288,-4.535742226242884,DOWN,UP
2026-02-04,Wipro,0.021429267396300133,-0.38978019412183373,0.41120946151813387,UP,DOWN
2026-02-05,Wipro,-1.1440071022442155,0.03459246140293386,-1.1785995636471494,DOWN,UP
2026-02-06,Wipro,-0.27739224439247145,0.002741099267377696,-0.28013334365984915,DOWN,UP
2026-02-09,Wipro,0.604137421151929,0.03280823144592608,0.571329189706003,UP,UP
2026-02-10,Wipro,-0.7171571492439965,0.0442911414911749,-0.7614482907351714,DOWN,UP
2026-02-11,Wipro,-4.6690726432836005,0.03556535601380956,-4.70463799929741,DOWN,UP
2026-02-12,Wipro,-2.277709262122485,0.41650274824702627,-2.694212010369511,DOWN,UP
2026-02-13,Wipro,-0.3876882830829209,0.06251055526696755,-0.4501988383498885,DOWN,UP
2026-02-16,Wipro,1.139457937335897,0.0795389423333294,1.0599189950025676,UP,UP
2026-02-17,Wipro,-1.7339725767679282,0.10545444610258276,-1.839427022870511,DOWN,UP
2026-02-18,Wipro,-0.34913434537849897,0.048141357969272096,-0.39727570334777107,DOWN,UP
2026-02-19,Wipro,-0.6391771509881572,0.0639088830101633,-0.7030860339983205,DOWN,UP
2026-02-20,Wipro,-1.8917379248817756,0.059349711350713506,-1.9510876362324892,DOWN,UP
2026-02-23,Wipro,-2.792753420295113,0.04637616474630241,-2.8391295850414155,DOWN,UP
2026-02-24,Wipro,0.8893768285825887,-0.1987497966019005,1.0881266251844892,UP,DOWN
2026-02-25,Wipro,-0.41600452927292864,-0.013238957189712686,-0.40276557208321595,DOWN,DOWN
2026-02-26,Wipro,-0.05967531136602533,-0.00807744522446342,-0.05159786614156191,DOWN,DOWN
2026-02-27,Wipro,-1.189291057822961,0.040230030632821226,-1.2295210884557821,DOWN,UP
2026-03-02,Wipro,-1.5208763464111485,0.07336959561427654,-1.5942459420254251,DOWN,UP
2026-03-04,Wipro,0.06647385425457841,0.05625941725587359,0.01021443699870482,UP,UP
2026-03-05,Wipro,-0.14309014195476033,0.07836523865432482,-0.22145538060908515,DOWN,UP
2026-03-06,Wipro,1.714435111646062,0.07118906871298882,1.6432460429330733,UP,UP
2026-03-09,Wipro,1.0968516607704482,0.29223173357409854,0.8046199271963497,UP,UP
2026-03-10,Wipro,0.6469930319737971,0.06575107948071096,0.5812419524930861,UP,UP
2026-03-11,Wipro,0.1384556125265446,0.16120580806528262,-0.022750195538738027,UP,UP
2026-03-12,Wipro,-2.434444130911717,0.10554681165554289,-2.5399909425672598,DOWN,UP
2026-03-13,Wipro,-1.2501271372672207,-0.05889051226953281,-1.1912366249976878,DOWN,DOWN
2026-03-16,Wipro,-1.9424905306118734,0.029144905853882738,-1.971635436465756,DOWN,UP
2026-03-17,Wipro,1.557597539963007,0.08129313050225127,1.4763044094607558,UP,UP
2026-03-18,Wipro,-3.0313943886452477,0.12540257824316978,-3.1567969668884173,DOWN,UP
2026-03-19,Wipro,1.3215806942186603,-0.004568571956071718,1.326149266174732,UP,DOWN
2026-03-20,Wipro,-1.760084189512101,0.153060553912755,-1.913144743424856,DOWN,UP
2026-03-23,Wipro,0.6398700277227887,0.1434860731462004,0.49638395457658824,UP,UP
2026-03-24,Wipro,0.1642458141207115,0.0558429342410997,0.10840287987961178,UP,UP
2026-03-25,Wipro,1.3488511031970907,0.09328709707135735,1.2555640061257334,UP,UP
2026-03-27,Wipro,-2.066809283778248,0.1284891091041852,-2.1952983928824334,DOWN,UP
2026-03-30,Wipro,1.8865877732080705,0.005709783220360233,1.8808779899877102,UP,UP
2026-04-01,Wipro,1.9510467251945718,0.14631032938649383,1.804736395808078,UP,UP
2026-04-02,Wipro,1.221071047820299,0.291496788270735,0.9295742595495641,UP,UP
2026-04-06,Wipro,3.7660338524085457,0.07273079273165327,3.6933030596768925,UP,UP
2026-04-07,Wipro,-0.6350151641296264,0.4750607482518951,-1.1100759123815216,DOWN,UP
2026-04-08,Wipro,-0.27037806346896787,0.011260370509694646,-0.2816384339786625,DOWN,UP
2026-04-09,Wipro,0.9907871119452238,0.09105996889960342,0.8997271430456204,UP,UP
2026-04-10,Wipro,-0.9322547913847679,0.1395162830998728,-1.0717710744846407,DOWN,UP
2026-04-13,Wipro,3.3403945107752797,0.04877865574661998,3.2916158550286596,UP,UP
2026-04-15,Wipro,0.24314398418878724,0.4694028668691122,-0.22625888268032496,UP,UP
2026-04-16,Wipro,-2.8250676960919097,0.06563516336095179,-2.8907028594528614,DOWN,UP
2026-04-17,Wipro,-0.9005538032112348,-0.022696390404872913,-0.8778574128063619,DOWN,DOWN
2026-04-20,Wipro,1.2495055475511663,0.053477528896407014,1.1960280186547592,UP,UP
2026-04-21,Wipro,-0.4926562284271019,0.10435688307061641,-0.5970131114977183,DOWN,UP
2026-04-22,Wipro,-0.6078458299823564,0.0205103606887914,-0.6283561906711478,DOWN,UP
2026-04-23,Wipro,-1.6768563763054245,0.06856735456025019,-1.7454237308656746,DOWN,UP
2026-04-24,Wipro,2.854134442208056,0.008587666230856557,2.8455467759771995,UP,UP
2026-04-27,Wipro,-1.6922707481390464,0.39778508005258717,-2.0900558281916335,DOWN,UP
2026-04-28,Wipro,-0.44647740207272024,0.14552717017327463,-0.5920045722459949,DOWN,UP
2026-04-29,Wipro,-0.014948565074601738,0.04291315054182707,-0.05786171561642881,DOWN,UP
2026-04-30,Wipro,0.0,0.0311754705577423,-0.0311754705577423,UP,UP
2026-05-01,Wipro,0.04984106980197023,1.7203781711466997,-1.6705371013447294,UP,UP
2026-05-04,Wipro,-0.48318865290317703,0.05119894022431506,-0.5343875931274921,DOWN,UP
2026-05-05,Wipro,-0.3303652348293884,0.05191183604235728,-0.38227707087174567,DOWN,UP
2026-05-06,Wipro,-0.8838863750474157,0.03640898312665089,-0.9202953581740666,DOWN,UP
2026-05-07,Wipro,0.27868010237979135,0.04814123201048465,0.2305388703693067,UP,UP
2026-05-08,Wipro,-0.6215001584397029,0.03747558117184944,-0.6589757396115523,DOWN,UP
2026-05-11,Wipro,-3.6150018386888028,0.04725995450292011,-3.662261793191723,DOWN,UP
2026-05-12,Wipro,-0.9336942575698282,0.17386287873456024,-1.1075571363043883,DOWN,UP
2026-05-13,Wipro,0.26624067724971834,0.06527516675665439,0.20096551049306394,UP,UP
2026-05-14,Wipro,0.9028130221404806,0.03708495420684731,0.8657280679336333,UP,UP
2026-05-15,Wipro,1.1421042994449015,0.022801430666275543,1.119302868778626,UP,UP
2026-05-18,Wipro,1.5611177751911898,0.05069311746646885,1.510424657724721,UP,UP
2026-05-19,Wipro,0.99912741022532,0.13888765106137307,0.860239759163947,UP,UP
2026-05-20,Wipro,1.3291449071003658,0.012515329635575638,1.3166295774647903,UP,UP
2026-05-21,Wipro,1.6871908603721453,0.14519524330841999,1.5419956170637252,UP,UP
2026-05-22,Wipro,1.8364411975433592,0.22647232799338723,1.6099688695499719,UP,UP
2026-05-25,Wipro,-1.503577966261016,0.23373457871739267,-1.7373125449784088,DOWN,UP
2026-05-26,Wipro,-1.0553153397007242,0.02269826314724204,-1.0780136028479663,DOWN,UP
2026-05-27,Wipro,0.0,0.047945989935361776,-0.047945989935361776,UP,UP
2026-05-28,Wipro,1.3245352439192226,1.7644256189157141,-0.43989037499649153,UP,UP
2026-05-29,Wipro,1.0575293327340418,0.34465785849085484,0.712871474243187,UP,UP
2026-06-01,Wipro,1.6617376168435172,0.033294127178799156,1.628443489664718,UP,UP
2026-06-02,Wipro,-2.7354128548174206,0.1479539223313205,-2.883366777148741,DOWN,UP
2026-06-03,Wipro,0.1077908937403782,-0.11017280590475241,0.21796369964513063,UP,DOWN
2026-06-04,Wipro,-2.912104538832394,0.057138732669475896,-2.96924327150187,DOWN,UP
2026-06-05,Wipro,-8.373242435449535,-0.23516184489285802,-8.138080590556678,DOWN,DOWN
2026-06-08,Wipro,-0.04951383176197144,-1.4887604800821916,1.4392466483202202,DOWN,DOWN
2026-06-09,Wipro,-1.5082322457095954,0.01751862514790937,-1.5257508708575047,DOWN,UP
2026-06-10,Wipro,-0.8718479977923188,0.11433420481685497,-0.9861822026091738,DOWN,UP
2026-06-11,Wipro,1.5617096175882583,0.040699358186905184,1.521010259401353,UP,UP
2026-06-12,Wipro,0.6883565545494852,0.15666485399694796,0.5316917005525372,UP,UP
2026-06-15,Wipro,0.7112103051084784,0.07976004048529158,0.6314502646231868,UP,UP
2026-06-16,Wipro,0.9853851589208595,0.053462729958742905,0.9319224289621166,UP,UP
2026-06-17,Wipro,-0.883615152613515,0.13150373540983434,-1.0151188880233493,DOWN,UP
2026-06-18,Wipro,-1.1157259500065297,0.4057631750328698,-1.5214891250393996,DOWN,UP
2026-06-19,Wipro,-0.34292608711907757,0.5750608224716638,-0.9179869095907414,DOWN,UP
2026-06-22,Wipro,-3.1579461726673697,0.007559495210528299,-3.165505667877898,DOWN,UP
2026-06-23,Wipro,-0.005736583935977979,0.002293723968943303,-0.008030307904921282,DOWN,UP
2026-06-24,Wipro,0.2980308833070877,0.22631271114682722,0.0717181721602605,UP,UP
2026-06-25,Wipro,0.0,0.08865495926993619,-0.08865495926993619,UP,UP
2026-06-26,Wipro,0.27428327287946086,2.3327954251018377,-2.058512152222377,UP,UP
2026-06-29,Wipro,-2.900613438464894,0.039222386436498426,-2.9398358249013925,DOWN,UP
2026-06-30,Wipro,-0.152587891171585,-0.039948739873425544,-0.11263915129815946,DOWN,DOWN
2026-07-01,Wipro,2.2747281526578345,0.026996996096772606,2.247731156561062,UP,UP
2026-07-02,Wipro,1.195403351180846,0.5439688196828714,0.6514345314979746,UP,UP
2026-07-03,Wipro,-0.9995425309710204,0.007856068909054633,-1.007398599880075,DOWN,UP
2026-07-06,Wipro,-0.7572322560563394,0.09159233348919019,-0.8488245895455295,DOWN,UP
2026-07-07,Wipro,-0.16184900537391522,0.05638442681271393,-0.21823343218662916,DOWN,UP
2026-07-08,Wipro,0.02315498254410464,0.07573154052728275,-0.052576557983178104,UP,UP
2026-07-09,Wipro,1.562868889142277,0.08108736162883455,1.4817815275134425,UP,UP
2026-07-10,Wipro,1.6926854258916046,0.22513782447440456,1.4675476014172002,UP,UP
2026-07-13,Wipro,-0.7229688612254814,0.13413897126145205,-0.8571078324869335,DOWN,UP
2026-07-14,Wipro,-1.4056709392252453,0.0844858424453119,-1.4901567816705572,DOWN,UP
2026-07-15,Wipro,1.769259493081421,0.10756325668282027,1.6616962363986008,UP,UP
2026-07-16,Wipro,-0.9789610888872091,0.18670027829374752,-1.1656613671809566,DOWN,UP
2026-07-17,Wipro,0.215911865234375,0.08363716278428412,0.13227470245009088,UP,UP
2026-07-20,Wipro,-0.7994124181174511,0.09771301121426705,-0.8971254293317181,DOWN,UP
2026-07-21,Wipro,-0.3029083703487867,0.0792676231221905,-0.3821759934709772,DOWN,UP
2026-07-22,Wipro,0.2178427410536976,0.12581473013138836,0.09202801092230925,UP,UP
2026-07-23,Wipro,1.315631905164727,0.10076544845226587,1.214866456712461,UP,UP
2026-07-24,Wipro,0.7960725502371924,0.15324618399904083,0.6428263662381515,UP,UP
2026-07-27,Wipro,1.4507345295467378,0.09264979120595802,1.3580847383407797,UP,UP
2026-07-28,Wipro,1.3747822218927341,0.24299645438106515,1.131785767511669,UP,UP
2026-07-29,Wipro,1.481401455073983,0.1785250187916428,1.3028764362823402,UP,UP
2026-07-30,Wipro,-1.4383126218182718,0.6034433780481544,-2.0417559998664263,DOWN,UP
2026-07-31,Wipro,2.7280206545766683,0.09406144664516951,2.6339592079314986,UP,UP
2026-08-03,Wipro,-1.250927893851972,0.33808063045908665,-1.5890085243110585,DOWN,UP
2026-08-04,Wipro,0.37037167477371735,0.06394693202790658,0.3064247427458108,UP,UP
2026-08-05,Wipro,-0.4652710574995944,0.07870803277117447,-0.5439790902707689,DOWN,UP
2026-08-06,Wipro,0.757577745057203,0.038609213493997686,0.7189685315632053,UP,UP
2026-08-07,Wipro,-1.0824928238206688,0.10383229210407045,-1.1863251159247392,DOWN,UP
2026-08-10,Wipro,-0.48517191185143416,0.0628072241372309,-0.5479791359886651,DOWN,UP
2026-08-11,Wipro,-0.35753176613615434,0.03823060852296909,-0.39576237465912345,DOWN,UP
2026-08-12,Wipro,-0.45666865648663624,0.07472546318983872,-0.531394119676475,DOWN,UP
2026-08-13,Wipro,0.49153133068471355,0.09682080442510124,0.39471052625961234,UP,UP
2026-08-14,Wipro,-1.1413076649541276,0.09932563345669244,-1.2406332984108202,DOWN,UP
2026-08-17,Wipro,-2.111048085068057,0.07784090000114557,-2.1888889850692026,DOWN,UP
2026-08-18,Wipro,0.8367996819014678,0.10750091877154241,0.7292987631299254,UP,UP
2026-08-19,Wipro,0.8075727783887654,0.10131627753974508,0.7062565008490204,UP,UP
2026-08-20,Wipro,-0.11602580876640678,0.12324598910590394,-0.23927179787231073,DOWN,UP
2026-08-21,Wipro,0.28762890191487145,0.09374578398679458,0.1938831179280769,UP,UP
2026-08-24,Wipro,-0.6728813838899339,0.08164436995408036,-0.7545257538440142,DOWN,UP
2026-08-25,Wipro,-1.521456099779217,0.0787734360903948,-1.600229535869612,DOWN,UP
2026-08-26,Wipro,-0.5356708059410797,0.08528064939431156,-0.6209514553353913,DOWN,UP
2026-08-27,Wipro,2.579366898633717,0.11371084557049996,2.465656053063217,UP,UP
2026-08-28,Wipro,1.9618696389219759,0.27753587513777334,1.6843337637842026,UP,UP
2026-08-31,Wipro,-1.5176168302210358,0.6045883380081334,-2.1222051682291694,DOWN,UP
2026-09-01,Wipro,-2.537149525470128,0.09524054157356636,-2.6323900670436946,DOWN,UP
2026-09-02,Wipro,-0.773615193132382,-0.19130832438678586,-0.5823068687455961,DOWN,DOWN
