Date,Company,Actual_Close,Predicted_Close,Prediction_Error,Error_Percentage
2025-09-22,Axis Bank,1170.800048828125,1142.435664395504,28.36438443262091,2.4226497480087517
2025-09-23,Axis Bank,1158.9000244140625,1172.8243581476934,-13.924333733630874,1.2015129381562477
2025-09-24,Axis Bank,1166.5999755859375,1162.2330039752728,4.366971610664677,0.37433325064757683
2025-09-25,Axis Bank,1154.0,1172.287456635489,-18.28745663548898,1.5847016148603967
2025-09-26,Axis Bank,1132.199951171875,1148.5342440087384,-16.33429283686337,1.44270389872007
2025-09-29,Axis Bank,1131.5999755859375,1138.8955831478931,-7.295607561955649,0.6447161293175192
2025-09-30,Axis Bank,1159.5,1143.086123656876,16.413876343124002,1.4155995121279863
2025-10-01,Axis Bank,1181.0,1159.8207525237706,21.17924747622942,1.7933317084021523
2025-10-03,Axis Bank,1212.800048828125,1175.0870578121462,37.71299101597879,3.109580268603978
2025-10-06,Axis Bank,1186.800048828125,1205.351389006705,-18.55134017857995,1.563139485619165
2025-10-07,Axis Bank,1180.5999755859375,1190.600905883991,-10.00093029805339,0.847105751725082
2025-10-08,Axis Bank,1167.4000244140625,1173.3650704735408,-5.965046059478254,0.510968471366292
2025-10-09,Axis Bank,1180.4000244140625,1168.5910593351919,11.808965078870642,1.0004206061188858
2025-10-10,Axis Bank,1189.5999755859375,1176.343154839828,13.256820746109497,1.114393158891908
2025-10-13,Axis Bank,1176.800048828125,1192.7742406947605,-15.974191866635465,1.3574261729970867
2025-10-14,Axis Bank,1169.5999755859375,1175.9412964715823,-6.341320885644791,0.5421786096112017
2025-10-15,Axis Bank,1196.300048828125,1169.0146639566244,27.285384871500582,2.2808144911662316
2025-10-16,Axis Bank,1200.199951171875,1200.2671603629128,-0.06720919103781853,0.005599832842202291
2025-10-17,Axis Bank,1226.0,1196.1155684490975,29.88443155090249,2.4375555914276092
2025-10-20,Axis Bank,1237.300048828125,1224.1649476140637,13.135101214061251,1.0615938491638954
2025-10-21,Axis Bank,1258.800048828125,1238.9154873086216,19.88456151950345,1.5796441649342883
2025-10-23,Axis Bank,1241.9000244140625,1268.5715794458554,-26.671555031792877,2.1476410747617716
2025-10-24,Axis Bank,1254.0999755859375,1241.662285399434,12.43769018650346,0.9917622540971945
2025-10-27,Axis Bank,1246.300048828125,1259.4698995644665,-13.16985073634146,1.0567158966835353
2025-10-28,Axis Bank,1248.800048828125,1248.343606634021,0.4564421941040564,0.0365504625446149
2025-10-29,Axis Bank,1238.5999755859375,1247.28423449038,-8.684258904442459,0.7011350779604404
2025-10-30,Axis Bank,1232.800048828125,1241.7808542741407,-8.980805446015665,0.7284884077148309
2025-10-31,Axis Bank,1233.699951171875,1234.4232775936966,-0.7233264218216391,0.05863065984030891
2025-11-03,Axis Bank,1226.5999755859375,1236.024491157409,-9.424515571471602,0.7683446730030776
2025-11-04,Axis Bank,1228.5,1219.4031230652574,9.096876934742568,0.740486522974568
2025-11-06,Axis Bank,1222.800048828125,1232.068267579172,-9.268218751047016,0.7579504727636581
2025-11-07,Axis Bank,1217.0,1222.5974563043687,-5.597456304368734,0.45993889107384833
2025-11-10,Axis Bank,1222.5,1221.6977209042157,0.8022790957843426,0.06562610190464971
2025-11-11,Axis Bank,1221.5999755859375,1223.1820762438606,-1.5821006579230925,0.1295105345073572
2025-11-12,Axis Bank,1225.199951171875,1221.4118562536364,3.788094918238585,0.30918177189081353
2025-11-13,Axis Bank,1241.5999755859375,1225.3755066625938,16.224468923343693,1.30673882428896
2025-11-14,Axis Bank,1249.5999755859375,1239.6511040877772,9.948871498160315,0.7961645080454879
2025-11-17,Axis Bank,1265.4000244140625,1250.7248442101418,14.675180203920718,1.1597265624138098
2025-11-18,Axis Bank,1270.4000244140625,1271.8091086645068,-1.4090842504442662,0.11091657929510573
2025-11-19,Axis Bank,1285.199951171875,1272.3992659832263,12.800685188648686,0.9960072887473054
2025-11-20,Axis Bank,1275.800048828125,1280.195266046711,-4.395217218585913,0.3445067448165644
2025-11-21,Axis Bank,1269.0,1275.36503607261,-6.36503607261011,0.5015788867305051
2025-11-24,Axis Bank,1266.300048828125,1261.245918369329,5.054130458795953,0.39912582041461725
2025-11-25,Axis Bank,1290.199951171875,1268.2132605927718,21.986690579103197,1.7041304767631498
2025-11-26,Axis Bank,1287.300048828125,1285.2086042253775,2.091444602747515,0.16246753075566425
2025-11-27,Axis Bank,1279.699951171875,1292.7999453875136,-13.099994215638617,1.0236770114465037
2025-11-28,Axis Bank,1275.699951171875,1275.5300404311317,0.16991074074326207,0.013319020713858286
2025-12-01,Axis Bank,1258.0,1279.28489346219,-21.284893462189984,1.6919629143235284
2025-12-02,Axis Bank,1270.699951171875,1258.3448397826164,12.355111389258582,0.9723075363199907
2025-12-03,Axis Bank,1280.0,1272.0521728391902,7.947827160809766,0.620923996938263
2025-12-04,Axis Bank,1282.5,1278.575243573863,3.924756426137037,0.30602389287618226
2025-12-05,Axis Bank,1273.800048828125,1277.4223011702547,-3.622252342129741,0.2843658504694009
2025-12-08,Axis Bank,1275.9000244140625,1263.4748579450427,12.425166469019814,0.9738354284244083
2025-12-09,Axis Bank,1278.5999755859375,1281.409620300748,-2.8096447148104744,0.2197438423634345
2025-12-10,Axis Bank,1272.699951171875,1277.5793253812178,-4.879374209342814,0.38338763232056305
2025-12-11,Axis Bank,1286.0999755859375,1263.6932199008647,22.406755685072767,1.7422250299681732
2025-12-12,Axis Bank,1284.800048828125,1278.0441610024604,6.7558878256645585,0.5258318468952932
2025-12-15,Axis Bank,1219.5999755859375,1274.291640375251,-54.69166478931356,4.4843937261508895
2025-12-16,Axis Bank,1224.699951171875,1215.5185966089823,9.181354562892693,0.7496819571281405
2025-12-17,Axis Bank,1229.800048828125,1220.9894236853524,8.810625142772551,0.716427451045248
2025-12-18,Axis Bank,1230.5999755859375,1236.4862865213433,-5.886310935405845,0.4783285431647387
2025-12-19,Axis Bank,1233.199951171875,1233.922583796728,-0.7226326248530768,0.05859817170495178
2025-12-22,Axis Bank,1225.0,1233.6259437192166,-8.625943719216593,0.7041586709564566
2025-12-23,Axis Bank,1226.300048828125,1218.6138250782772,7.686223749847841,0.6267816556961682
2025-12-24,Axis Bank,1228.199951171875,1206.9512086343195,21.248742537555472,1.7300719249566159
2025-12-26,Axis Bank,1232.0,1229.2774710930523,2.722528906947673,0.22098448920029815
2025-12-29,Axis Bank,1246.0,1237.4723795262146,8.527620473785419,0.6843997169972247
2025-12-30,Axis Bank,1269.4000244140625,1246.0490304122584,23.35099400180411,1.8395299789428166
2025-12-31,Axis Bank,1274.4000244140625,1266.712679874413,7.68734453964953,0.6032128368158169
2026-01-01,Axis Bank,1266.9000244140625,1269.9856389558047,-3.0856145417421885,0.243556277707807
2026-01-02,Axis Bank,1285.800048828125,1262.034566375816,23.765482452309016,1.848303122555394
2026-01-05,Axis Bank,1293.800048828125,1279.2053683381607,14.594680489964276,1.1280476069840608
2026-01-06,Axis Bank,1295.5,1303.7490943041923,-8.24909430419234,0.6367498498025735
2026-01-07,Axis Bank,1286.800048828125,1301.6883840412233,-14.888335213098344,1.1570045576744414
2026-01-08,Axis Bank,1272.0,1288.3625076619155,-16.362507661915515,1.2863606652449304
2026-01-09,Axis Bank,1274.199951171875,1268.5644111945692,5.635539977305825,0.44228066184768317
2026-01-12,Axis Bank,1262.0,1268.1150937372026,-6.115093737202642,0.48455576364521724
2026-01-13,Axis Bank,1298.800048828125,1256.7144252995845,42.08562352854051,3.2403466235247933
2026-01-14,Axis Bank,1298.800048828125,1302.9689053467132,-4.1688565185882,0.32097754556982466
2026-01-15,Axis Bank,1294.199951171875,1303.751310756406,-9.551359584530928,0.7380126676625465
2026-01-16,Axis Bank,1307.5,1299.2358227277032,8.26417727229682,0.6320594472119938
2026-01-19,Axis Bank,1293.5,1309.0995766078508,-15.59957660785085,1.2059974184654696
2026-01-20,Axis Bank,1284.9000244140625,1297.4139372357365,-12.513912821674012,0.9739211287960385
2026-01-21,Axis Bank,1294.800048828125,1287.058871377715,7.741177450410078,0.5978666325674244
2026-01-22,Axis Bank,1258.0,1305.5286756420057,-47.52867564200574,3.7781141209861477
2026-01-23,Axis Bank,1315.800048828125,1261.285522596224,54.51452623190107,4.143070695312155
2026-01-27,Axis Bank,1319.800048828125,1324.3789051860178,-4.578856357892846,0.3469356105842319
2026-01-28,Axis Bank,1363.699951171875,1322.0045291909762,41.6954219808988,3.0575217037346425
2026-01-29,Axis Bank,1370.4000244140625,1392.62357326685,-22.223548852787417,1.621683337483117
2026-01-30,Axis Bank,1311.5,1389.3480275220513,-77.84802752205132,5.935800802291371
2026-02-02,Axis Bank,1356.199951171875,1312.297481865999,43.90246930587591,3.2371678872234404
2026-02-03,Axis Bank,1338.699951171875,1368.504424634254,-29.804473462379065,2.2263744341133904
2026-02-04,Axis Bank,1330.5999755859375,1328.7384507552204,1.8615248307171441,0.13990116224806112
2026-02-05,Axis Bank,1341.5999755859375,1324.6114493578407,16.988526228096816,1.266288501583876
2026-02-06,Axis Bank,1341.4000244140625,1348.0164675156684,-6.61644310160591,0.4932490667350361
2026-02-09,Axis Bank,1356.699951171875,1347.0065032897817,9.693447882093324,0.7144872286403804
2026-02-10,Axis Bank,1347.300048828125,1361.4509699061496,-14.150921078024567,1.0503169721052834
2026-02-11,Axis Bank,1340.0,1349.483005229244,-9.4830052292441,0.7076869574062761
2026-02-12,Axis Bank,1332.300048828125,1342.9878587729584,-10.687809944833361,0.8022074272409004
2026-02-13,Axis Bank,1358.300048828125,1326.086828701593,32.21322012653195,2.371583521205344
2026-02-16,Axis Bank,1357.199951171875,1371.867408868211,-14.667457696335987,1.0807145758936523
2026-02-17,Axis Bank,1377.0,1358.417900225867,18.582099774132985,1.3494625834519234
2026-02-18,Axis Bank,1356.5999755859375,1394.1449313924913,-37.544955806553844,2.7675775086416
2026-02-19,Axis Bank,1368.300048828125,1359.8319621600097,8.468086668115347,0.6188764427340192
2026-02-20,Axis Bank,1386.699951171875,1382.7762697198452,3.9236814520297685,0.2829510052779577
2026-02-23,Axis Bank,1387.5999755859375,1396.0987328846281,-8.498757298690634,0.6124789167066604
2026-02-24,Axis Bank,1403.0,1392.7644119283677,10.235588071632264,0.7295501120194059
2026-02-25,Axis Bank,1395.5,1399.1798553808198,-3.679855380819845,0.2636944020651985
2026-02-26,Axis Bank,1383.9000244140625,1411.7187667651413,-27.818742351078754,2.010169944382875
2026-02-27,Axis Bank,1372.300048828125,1395.62470664752,-23.324657819395043,1.6996762362074622
2026-03-02,Axis Bank,1351.300048828125,1376.6757619153618,-25.375713087236818,1.8778740598169263
2026-03-04,Axis Bank,1349.0999755859375,1345.5409233719497,3.5590522139877976,0.26380937501996765
2026-03-05,Axis Bank,1315.800048828125,1342.9373850605466,-27.137336232421603,2.0624209777610663
2026-03-06,Axis Bank,1288.300048828125,1318.585945235866,-30.285896407740893,2.3508418272039826
2026-03-09,Axis Bank,1314.699951171875,1263.6827617304357,51.017189441439314,3.8805196117916085
2026-03-10,Axis Bank,1255.800048828125,1317.2995421722526,-61.499493344127586,4.89723610072456
2026-03-11,Axis Bank,1234.5,1256.6572482121949,-22.157248212194872,1.7948358211579485
2026-03-12,Axis Bank,1197.300048828125,1232.8572334369885,-35.55718460886351,2.9697806029211833
2026-03-13,Axis Bank,1214.699951171875,1183.3676725844712,31.332278587403835,2.579425359915113
2026-03-16,Axis Bank,1228.0999755859375,1207.987966106887,20.112009479050585,1.637652461433766
2026-03-17,Axis Bank,1253.199951171875,1231.6422421129973,21.557709058877663,1.7202130465069774
2026-03-18,Axis Bank,1207.0,1262.5372329774546,-55.53723297745455,4.601262052813136
2026-03-19,Axis Bank,1203.9000244140625,1191.8121410372646,12.08788337679789,1.0040603980119576
2026-03-20,Axis Bank,1170.5999755859375,1199.8997235254442,-29.299747939506688,2.5029684393117178
2026-03-23,Axis Bank,1192.699951171875,1158.0901868166757,34.60976435519933,2.90179976289878
2026-03-24,Axis Bank,1222.0999755859375,1190.0600213953708,32.03995419056673,2.6217130210812036
2026-03-25,Axis Bank,1205.199951171875,1217.720393609567,-12.520442437692054,1.0388684819907115
2026-03-27,Axis Bank,1161.300048828125,1203.300256811417,-42.00020798329206,3.6166542854858847
2026-03-30,Axis Bank,1193.0999755859375,1159.016131336769,34.08384424916858,2.8567467057762554
2026-04-01,Axis Bank,1197.9000244140625,1192.1749712687454,5.725053145317133,0.47792411959566244
2026-04-02,Axis Bank,1245.300048828125,1192.1891375434302,53.110911284694794,4.264908793240166
2026-04-06,Axis Bank,1250.0999755859375,1256.1424253072305,-6.042449721292996,0.4833573185585276
2026-04-07,Axis Bank,1333.0,1264.2531184077473,68.74688159225275,5.157305445780401
2026-04-08,Axis Bank,1318.5,1317.7536489044642,0.7463510955358288,0.05660607474674469
2026-04-09,Axis Bank,1350.800048828125,1317.754066315021,33.045982513104036,2.446400749079984
2026-04-10,Axis Bank,1353.5999755859375,1355.013510522807,-1.4135349368696097,0.104427819323632
2026-04-13,Axis Bank,1355.5,1375.7940133972202,-20.29401339722017,1.497160708020669
2026-04-15,Axis Bank,1349.5999755859375,1361.467745925573,-11.867770339635399,0.8793546646652042
2026-04-16,Axis Bank,1359.0999755859375,1349.308007044511,9.791968541426513,0.7204744843884632
2026-04-17,Axis Bank,1354.699951171875,1362.5699279131434,-7.869976741268374,0.5809387336627937
2026-04-20,Axis Bank,1377.699951171875,1359.7732592169655,17.92669195490953,1.3012043688947685
2026-04-21,Axis Bank,1379.5999755859375,1393.4245423767452,-13.824566790807694,1.0020706752286064
2026-04-22,Axis Bank,1369.5999755859375,1391.9614956106745,-22.361520024737047,1.6327044701625684
2026-04-23,Axis Bank,1365.9000244140625,1384.8122370908616,-18.912212676799072,1.384597140256436
2026-04-24,Axis Bank,1324.199951171875,1370.8589314714025,-46.65898029952746,3.523560037759837
2026-04-27,Axis Bank,1289.0,1307.1450979999934,-18.145097999993368,1.4076879751740394
2026-04-28,Axis Bank,1296.4000244140625,1282.9928193693993,13.407205044663215,1.0341873489799498
2026-04-29,Axis Bank,1268.300048828125,1298.9504625633601,-30.650413735235134,2.4166532015476374
2026-04-30,Axis Bank,1268.300048828125,1259.5750498060904,8.72499902203458,0.6879286198952878
2026-05-01,Axis Bank,1275.0999755859375,1277.0811654488282,-1.9811898628906874,0.15537525690723078
2026-05-04,Axis Bank,1259.699951171875,1265.130987889548,-5.431036717672896,0.43113732858531156
2026-05-05,Axis Bank,1294.199951171875,1258.2182506187562,35.9817005531188,2.7802273149939474
2026-05-06,Axis Bank,1292.699951171875,1301.6676861305198,-8.967734958644769,0.6937213040439294
2026-05-07,Axis Bank,1268.300048828125,1293.9636420554732,-25.6635932273482,2.023463868117065
2026-05-08,Axis Bank,1272.300048828125,1263.3026648309321,8.997383997192856,0.7071746955822299
2026-05-11,Axis Bank,1260.0999755859375,1265.8001004187042,-5.700124832766733,0.4523549673204474
2026-05-12,Axis Bank,1255.699951171875,1257.9061055800018,-2.2061544081268494,0.17569120760640056
2026-05-13,Axis Bank,1254.5999755859375,1256.72077250431,-2.1207969183724344,0.16904168337656436
2026-05-14,Axis Bank,1244.800048828125,1254.0558630532569,-9.255814225131871,0.743558311541315
2026-05-15,Axis Bank,1237.9000244140625,1243.356560306522,-5.456535892459442,0.4407897071528207
2026-05-18,Axis Bank,1238.300048828125,1242.652406012313,-4.352357184187895,0.35147839881834636
2026-05-19,Axis Bank,1249.800048828125,1242.4673063680966,7.332742460028385,0.586713248003465
2026-05-20,Axis Bank,1253.300048828125,1250.476740105499,2.8233087226260523,0.22526997627311474
2026-05-21,Axis Bank,1285.4000244140625,1258.3400569369776,27.05996747708491,2.1051786963688555
2026-05-22,Axis Bank,1311.199951171875,1278.7617838918036,32.43816728007141,2.473929872486652
2026-05-25,Axis Bank,1299.300048828125,1308.4498484708458,-9.149799642720836,0.7042099052465438
2026-05-26,Axis Bank,1304.0999755859375,1298.3267230101308,5.773252575806737,0.44270015212697095
2026-05-27,Axis Bank,1304.0999755859375,1300.3320738968716,3.767901689065866,0.28892736443560874
2026-05-28,Axis Bank,1286.5999755859375,1303.6804015311072,-17.080425945169736,1.327563055283834
2026-05-29,Axis Bank,1275.9000244140625,1284.5056288141507,-8.605604400088168,0.6744732530309465
2026-06-01,Axis Bank,1251.0999755859375,1280.0996485725468,-28.999672986609312,2.3179341021909674
2026-06-02,Axis Bank,1255.199951171875,1255.084190732505,0.11576043936997849,0.009222470034507463
2026-06-03,Axis Bank,1253.300048828125,1264.1880290031563,-10.887980175031316,0.8687448935481907
2026-06-04,Axis Bank,1272.300048828125,1255.6524447744898,16.647604053635177,1.3084652530642245
2026-06-05,Axis Bank,1268.0999755859375,1273.7473569452459,-5.647381359308383,0.44534196577828633
2026-06-08,Axis Bank,1292.4000244140625,1267.3072989001996,25.092725513862888,1.9415602785398598
2026-06-09,Axis Bank,1314.5,1298.3504407343407,16.149559265659263,1.2285705032833216
2026-06-10,Axis Bank,1317.300048828125,1323.4717638140996,-6.171714985974631,0.4685124692331874
2026-06-11,Axis Bank,1356.300048828125,1321.5444767128647,34.75557211526029,2.562528265429904
2026-06-12,Axis Bank,1368.300048828125,1375.4144183155722,-7.11436948744722,0.5199422081100042
2026-06-15,Axis Bank,1365.699951171875,1370.669198599983,-4.9692474281080194,0.36386084833963894
2026-06-16,Axis Bank,1350.9000244140625,1369.8326862029528,-18.9326617888903,1.401485043062467
2026-06-17,Axis Bank,1360.0999755859375,1349.125564736125,10.974410849812557,0.806882659128402
2026-06-18,Axis Bank,1357.9000244140625,1367.6070948579968,-9.707070443934299,0.714858993254892
2026-06-19,Axis Bank,1358.5999755859375,1355.6621147103976,2.9378608755398545,0.21624178774718533
2026-06-22,Axis Bank,1363.5,1356.2759917264216,7.22400827357842,0.5298135880878929
2026-06-23,Axis Bank,1384.5,1362.8214260333627,21.67857396663726,1.5658052702518785
2026-06-24,Axis Bank,1377.199951171875,1375.7357034322047,1.464247739670327,0.10632063546214782
2026-06-25,Axis Bank,1377.199951171875,1379.8319024618045,-2.631951289929475,0.19110887185916017
2026-06-26,Axis Bank,1356.800048828125,1384.0559398217752,-27.255890993650155,2.008836233252733
2026-06-29,Axis Bank,1345.699951171875,1365.0325838409692,-19.33263266909421,1.436622826080865
2026-06-30,Axis Bank,1368.699951171875,1342.4056536172816,26.294297554593413,1.9211148164417153
2026-07-01,Axis Bank,1362.5999755859375,1378.9759856528663,-16.376010066928757,1.201820810240866
2026-07-02,Axis Bank,1342.0999755859375,1365.2989271606048,-23.198951574667262,1.7285561431099055
2026-07-03,Axis Bank,1339.5999755859375,1341.5165634956593,-1.916587909721784,0.14307165905131294
2026-07-06,Axis Bank,1341.0,1334.0614081158244,6.938591884175594,0.517419230736435
2026-07-07,Axis Bank,1309.5,1340.666955330071,-31.166955330071005,2.3800653173021007
2026-07-08,Axis Bank,1297.5999755859375,1304.9606570686744,-7.360681482736936,0.5672535158158573
2026-07-09,Axis Bank,1323.699951171875,1297.6838102946363,26.01614087723874,1.9654107302947759
2026-07-10,Axis Bank,1319.4000244140625,1320.0825602691568,-0.6825358550943292,0.05173077478132072
2026-07-13,Axis Bank,1317.5999755859375,1320.9452941451593,-3.3453185592218233,0.25389485589009353
2026-07-14,Axis Bank,1312.300048828125,1318.9578272286637,-6.657778400538746,0.5073365962673015
2026-07-15,Axis Bank,1307.5999755859375,1309.9512545446669,-2.351278958729381,0.1798163813574384
2026-07-16,Axis Bank,1328.5,1299.6226870462838,28.877312953716228,2.1736780544761936
2026-07-17,Axis Bank,1256.0,1324.0361900087173,-68.03619000871731,5.416894108974309
2026-07-20,Axis Bank,1258.199951171875,1251.8414610085827,6.358490163292345,0.5053640446711279
2026-07-21,Axis Bank,1238.4000244140625,1255.516984459372,-17.116960045309497,1.3821834389423746
2026-07-22,Axis Bank,1223.0,1238.1597833533447,-15.159783353344665,1.2395571016635047
2026-07-23,Axis Bank,1227.300048828125,1218.1441472098506,9.155901618274356,0.7460198202564056
2026-07-24,Axis Bank,1227.5,1224.8423412819036,2.6576587180963998,0.21650987520133602
2026-07-27,Axis Bank,1223.5,1232.2691495024173,-8.76914950241735,0.7167265633361135
2026-07-28,Axis Bank,1235.4000244140625,1217.8676268029585,17.53239761110399,1.4191676594323708
2026-07-29,Axis Bank,1228.9000244140625,1234.830832165896,-5.930807751833527,0.4826110858498295
2026-07-30,Axis Bank,1229.5,1225.5465453433424,3.953454656657641,0.3215497890734153
2026-07-31,Axis Bank,1272.0,1225.9349609188646,46.06503908113541,3.6214653365672493
2026-08-03,Axis Bank,1261.800048828125,1274.5967553850026,-12.796706556877552,1.0141627882137327
2026-08-04,Axis Bank,1253.9000244140625,1254.2445831581479,-0.34455874408536147,0.027478964620514388
2026-08-05,Axis Bank,1256.0,1254.939455244292,1.0605447557079515,0.08443827672834009
2026-08-06,Axis Bank,1238.0,1259.443832219286,-21.443832219285923,1.7321350742557289
2026-08-07,Axis Bank,1247.300048828125,1240.8598019087165,6.440246919408537,0.5163350170201098
2026-08-10,Axis Bank,1229.800048828125,1249.0451939543384,-19.2451451262134,1.5649003384372993
2026-08-11,Axis Bank,1230.0,1229.9961537544289,0.0038462455711396615,0.0003127028919625741
2026-08-12,Axis Bank,1221.800048828125,1228.6445199241286,-6.844471096003645,0.5601956803462594
2026-08-13,Axis Bank,1217.4000244140625,1219.0928010505133,-1.6927766364508443,0.1390485134305449
2026-08-14,Axis Bank,1227.300048828125,1221.090667281087,6.209381547037992,0.5059383443329084
2026-08-17,Axis Bank,1243.0,1226.9612591579044,16.03874084209565,1.2903250878596662
2026-08-18,Axis Bank,1235.0,1242.968736615253,-7.968736615252965,0.645241831194572
2026-08-19,Axis Bank,1251.0,1232.964637519367,18.03536248063301,1.4416756579243015
2026-08-20,Axis Bank,1245.800048828125,1254.9828937433008,-9.182844915175792,0.737104234649351
2026-08-21,Axis Bank,1236.0,1252.6617151996154,-16.6617151996154,1.3480352103248705
2026-08-24,Axis Bank,1235.0,1237.970418087541,-2.97041808754102,0.24051968320170206
2026-08-25,Axis Bank,1255.0,1233.803948454741,21.196051545259024,1.6889284099807989
2026-08-26,Axis Bank,1256.0,1256.846327715744,-0.8463277157441098,0.06738277991593232
2026-08-27,Axis Bank,1265.0,1257.085302887855,7.91469711214495,0.6256677559007866
2026-08-28,Axis Bank,1300.0,1269.2722025038279,30.727797496172116,2.3636767304747783
2026-08-31,Axis Bank,1258.0,1302.6983090565482,-44.69830905654817,3.553124726275689
2026-09-01,Axis Bank,1253.9000244140625,1251.3921000663283,2.5079243477341606,0.20000991298377985
2026-09-02,Axis Bank,1267.0,1258.0474310487841,8.95256895121588,0.7065958130399275
2025-09-22,Bharti Airtel,1938.699951171875,1945.4881555724683,-6.7882044005932585,0.35014208343534703
2025-09-23,Bharti Airtel,1931.0999755859373,1937.8785896075067,-6.77861402156941,0.3510234636874579
2025-09-24,Bharti Airtel,1935.5999755859373,1920.2896731887645,15.31030239717279,0.7909848414075391
2025-09-25,Bharti Airtel,1916.5999755859373,1944.1845016143081,-27.584526028370874,1.439242741299619
2025-09-26,Bharti Airtel,1902.199951171875,1909.1916440339442,-6.991692862069158,0.3675582505278604
2025-09-29,Bharti Airtel,1878.4000244140625,1905.5722753015714,-27.17225088750888,1.4465635931827057
2025-09-30,Bharti Airtel,1867.5999755859373,1889.05137277531,-21.451397189372756,1.1486077034586935
2025-10-01,Bharti Airtel,1896.699951171875,1861.2550826317429,35.44486854013212,1.8687651949499198
2025-10-03,Bharti Airtel,1903.0999755859373,1897.1203250294345,5.979650556502747,0.3142058028066391
2025-10-06,Bharti Airtel,1929.0,1910.7526901249207,18.24730987507928,0.945946597982337
2025-10-07,Bharti Airtel,1943.5,1916.3305338984103,27.169466101589705,1.3979658400612147
2025-10-08,Bharti Airtel,1942.0,1931.4615918451836,10.538408154816352,0.542657474501357
2025-10-09,Bharti Airtel,1939.9000244140625,1929.5086122537343,10.391412160328173,0.5356674070596421
2025-10-10,Bharti Airtel,1954.9000244140625,1926.5912400323796,28.308784381682926,1.4480937146730994
2025-10-13,Bharti Airtel,1946.5999755859373,1934.9328587018879,11.667116884049392,0.5993587295991579
2025-10-14,Bharti Airtel,1968.5,1931.9078439283235,36.59215607167653,1.85888524621166
2025-10-15,Bharti Airtel,1967.4000244140625,1968.64549195178,-1.245467537717559,0.06330525171608088
2025-10-16,Bharti Airtel,2012.0,1962.9991071104712,49.000892889528814,2.43543205216346
2025-10-17,Bharti Airtel,2051.5,2014.154970178293,37.34502982170693,1.8203767887744053
2025-10-20,Bharti Airtel,2043.5,2044.1743480869313,-0.6743480869313316,0.03299966170449384
2025-10-21,Bharti Airtel,2007.9000244140625,2042.6020680779568,-34.7020436638943,1.7282754739753996
2025-10-23,Bharti Airtel,2029.300048828125,2006.8401877264814,22.459861101643583,1.1067787198159111
2025-10-24,Bharti Airtel,2080.10009765625,2038.6184490199018,41.481648636348154,1.9942140612890478
2025-10-27,Bharti Airtel,2090.199951171875,2072.468107974385,17.73184319748998,0.8483323898055105
2025-10-28,Bharti Airtel,2100.60009765625,2055.296276874602,45.30382078164803,2.1567084964051886
2025-10-29,Bharti Airtel,2066.300048828125,2085.3375894291544,-19.037540601029377,0.9213347602554754
2025-10-30,Bharti Airtel,2054.5,2054.3114954785538,0.18850452144624796,0.009175201822645312
2025-10-31,Bharti Airtel,2074.0,2036.3247418593144,37.67525814068563,1.8165505371593842
2025-11-03,Bharti Airtel,2113.300048828125,2085.8113946516255,27.488654176499494,1.3007454474693552
2025-11-04,Bharti Airtel,2094.89990234375,2164.7490453006812,-69.84914295693125,3.3342472773417398
2025-11-06,Bharti Airtel,2001.199951171875,2052.0472919171034,-50.847340745228394,2.540842593737467
2025-11-07,Bharti Airtel,2019.800048828125,1994.957243935259,24.84280489286607,1.2299635752202158
2025-11-10,Bharti Airtel,2042.300048828125,2034.8948418828572,7.405206945267764,0.36259152760226804
2025-11-11,Bharti Airtel,2073.800048828125,2057.8441486898982,15.955900138226752,0.7694039812200413
2025-11-12,Bharti Airtel,2091.800048828125,2070.382359380086,21.4176894480388,1.0238879887223202
2025-11-13,Bharti Airtel,2100.699951171875,2071.894148165748,28.805803006127007,1.3712478543191138
2025-11-14,Bharti Airtel,2112.199951171875,2087.835405947004,24.364545224871108,1.1535150927048055
2025-11-17,Bharti Airtel,2149.199951171875,2157.8902872658387,-8.690336093963651,0.40435214458408814
2025-11-18,Bharti Airtel,2159.800048828125,2191.375075441877,-31.575026613752016,1.4619421196366835
2025-11-19,Bharti Airtel,2158.300048828125,2200.2110394112733,-41.910990583148305,1.9418519035805233
2025-11-20,Bharti Airtel,2162.699951171875,2200.369215724401,-37.669264552525874,1.741770259536673
2025-11-21,Bharti Airtel,2152.10009765625,2200.286436474029,-48.18633881777896,2.239037992250287
2025-11-24,Bharti Airtel,2161.60009765625,2198.0231383352134,-36.42304067896339,1.6850036562477795
2025-11-25,Bharti Airtel,2126.800048828125,2194.512477261983,-67.7124284338579,3.183770306530118
2025-11-26,Bharti Airtel,2115.60009765625,2170.596183904739,-54.996086248489064,2.5995501848112044
2025-11-27,Bharti Airtel,2101.60009765625,2178.885452364967,-77.28535470871702,3.6774529462054804
2025-11-28,Bharti Airtel,2089.699951171875,2101.126181404962,-11.426230233087153,0.546788079632173
2025-12-01,Bharti Airtel,2104.0,2056.222231532747,47.77776846725283,2.270806486086161
2025-12-02,Bharti Airtel,2086.0,2089.5200415148056,-3.520041514805598,0.1687459978334419
2025-12-03,Bharti Airtel,2103.800048828125,2060.5377378435887,43.26231098453627,2.0563889143663907
2025-12-04,Bharti Airtel,2108.800048828125,2095.2126752624517,13.58737356567326,0.6443177755626409
2025-12-05,Bharti Airtel,2086.199951171875,2151.378017701947,-65.1780665300721,3.124248301005846
2025-12-08,Bharti Airtel,2089.699951171875,2051.2789008413642,38.42105033051075,1.838591722652085
2025-12-09,Bharti Airtel,2067.0,2055.6211100158685,11.378889984131547,0.5505026600934468
2025-12-10,Bharti Airtel,2053.199951171875,2054.0562710588238,-0.8563198869487678,0.041706599810701274
2025-12-11,Bharti Airtel,2083.39990234375,2034.728546314542,48.67135602920803,2.3361504420948904
2025-12-12,Bharti Airtel,2069.699951171875,2080.236852003333,-10.536900831457842,0.5091028207007394
2025-12-15,Bharti Airtel,2102.0,2057.1143961416583,44.88560385834171,2.1353760160961803
2025-12-16,Bharti Airtel,2108.0,2086.2558865656783,21.74411343432166,1.0315044323682
2025-12-17,Bharti Airtel,2092.0,2160.111770458646,-68.11177045864588,3.2558207676216955
2025-12-18,Bharti Airtel,2097.699951171875,2055.5651461237344,42.134805048140606,2.0086192510326417
2025-12-19,Bharti Airtel,2147.60009765625,2058.2004499380923,89.39964771815767,4.162769773372733
2025-12-22,Bharti Airtel,2122.89990234375,2189.479014056979,-66.57911171322894,3.1362341502641478
2025-12-23,Bharti Airtel,2123.699951171875,2183.6481607956666,-59.94820962379163,2.822819183600382
2025-12-24,Bharti Airtel,2105.39990234375,2175.6674435608884,-70.26754121713839,3.3374914256866797
2025-12-26,Bharti Airtel,2081.60009765625,2096.0732709294884,-14.473173273238444,0.6952907664413699
2025-12-29,Bharti Airtel,2099.800048828125,2052.4410324065193,47.3590164216057,2.255406006302183
2025-12-30,Bharti Airtel,2105.60009765625,2093.2345734516934,12.36552420455655,0.5872684095294569
2025-12-31,Bharti Airtel,2110.39990234375,2093.1153242262585,17.284578117491492,0.8190190919880034
2026-01-01,Bharti Airtel,2106.300048828125,2155.5043478635766,-49.20429903545164,2.3360536435835564
2026-01-02,Bharti Airtel,2105.0,2145.618005096678,-40.61800509667819,1.9295964416474198
2026-01-05,Bharti Airtel,2105.300048828125,2094.9537781737795,10.346270654345517,0.4914392444965064
2026-01-06,Bharti Airtel,2084.199951171875,2083.616504446847,0.5834467250278976,0.027993798037460146
2026-01-07,Bharti Airtel,2066.300048828125,2055.579325966729,10.720722861396098,0.5188366939968962
2026-01-08,Bharti Airtel,2027.0999755859373,2052.4441292409733,-25.344153655036052,1.2502665857765736
2026-01-09,Bharti Airtel,2044.0,2026.0153649468798,17.9846350531202,0.879874513362045
2026-01-12,Bharti Airtel,2026.9000244140625,2046.17486831032,-19.274843896257607,0.9509518804130259
2026-01-13,Bharti Airtel,2022.5,2016.1754888627797,6.32451113722027,0.3127075964014967
2026-01-14,Bharti Airtel,2022.5,2018.145717606075,4.354282393924905,0.21529208375401257
2026-01-15,Bharti Airtel,2016.4000244140625,2032.1581263398675,-15.758101925805022,0.7814968128848394
2026-01-16,Bharti Airtel,2010.0,2003.9382246326488,6.061775367351174,0.3015808640473221
2026-01-19,Bharti Airtel,1996.0,2009.3287264329215,-13.328726432921485,0.6677718653768279
2026-01-20,Bharti Airtel,1996.0999755859373,1963.7607748919518,32.339200693985504,1.6201192870859398
2026-01-21,Bharti Airtel,2002.199951171875,1973.3948937867408,28.805057385134205,1.438670366976824
2026-01-22,Bharti Airtel,1984.699951171875,2005.5096687823097,-20.809717610434745,1.0485069845518742
2026-01-23,Bharti Airtel,1973.4000244140625,1945.972438061185,27.427586352877597,1.3898644985079156
2026-01-27,Bharti Airtel,1957.699951171875,1961.0409508721161,-3.3409997002411274,0.1706594362553471
2026-01-28,Bharti Airtel,1967.9000244140625,1931.0349750651167,36.86504934894583,1.8733192180289908
2026-01-29,Bharti Airtel,1968.699951171875,1969.6160667931947,-0.9161156213197046,0.04653403992692659
2026-01-30,Bharti Airtel,1965.4000244140625,1960.6945927768008,4.705431637261654,0.23941343130208145
2026-02-02,Bharti Airtel,1997.300048828125,1965.5434042713014,31.75664455682363,1.5899786602146329
2026-02-03,Bharti Airtel,2025.800048828125,1998.3300549859157,27.469993842209306,1.3560071665562459
2026-02-04,Bharti Airtel,1992.4000244140625,2032.3251034015473,-39.92507898748477,2.0038686256905756
2026-02-05,Bharti Airtel,2038.4000244140625,1942.2450518489031,96.15497256515937,4.71717873888856
2026-02-06,Bharti Airtel,2038.199951171875,2037.6240383993365,0.5759127725384587,0.028255950659175237
2026-02-09,Bharti Airtel,2011.300048828125,2029.711413692414,-18.411364864289,0.9153962321542376
2026-02-10,Bharti Airtel,2012.0999755859373,2011.6156927517095,0.48428283422776985,0.024068527414337022
2026-02-11,Bharti Airtel,2014.5,2007.7923095737033,6.707690426296722,0.33297048529643697
2026-02-12,Bharti Airtel,2004.699951171875,2014.6753435434005,-9.975392371525459,0.4976002700900055
2026-02-13,Bharti Airtel,2029.4000244140625,2002.3240336393328,27.07599077472969,1.3341869739332042
2026-02-16,Bharti Airtel,2020.300048828125,2035.4069761141823,-15.106927286057271,0.747756616390721
2026-02-17,Bharti Airtel,2021.800048828125,2015.0236486068002,6.7764002213248204,0.33516668600599525
2026-02-18,Bharti Airtel,1988.5999755859373,2029.2681667126851,-40.66819112674784,2.045066460124291
2026-02-19,Bharti Airtel,1977.4000244140625,1927.9857642447075,49.414260169354975,2.4989511256831944
2026-02-20,Bharti Airtel,1997.300048828125,1955.0989130910239,42.20113573710114,2.1129091626399243
2026-02-23,Bharti Airtel,1941.0,2013.9498777460967,-72.94987774609672,3.758365674708744
2026-02-24,Bharti Airtel,1913.4000244140625,1923.7081240640973,-10.30809965003482,0.5387320747626442
2026-02-25,Bharti Airtel,1929.5999755859373,1912.8157312491155,16.784244336821757,0.8698302523415558
2026-02-26,Bharti Airtel,1879.300048828125,1916.6993393949874,-37.39929056686242,1.9900648962459984
2026-02-27,Bharti Airtel,1873.199951171875,1885.4635244075628,-12.263573235687772,0.6546857546102152
2026-03-02,Bharti Airtel,1905.9000244140625,1868.0122682652468,37.8877561488157,1.9879193904970782
2026-03-04,Bharti Airtel,1907.0,1889.177946034077,17.822053965923033,0.9345597255334573
2026-03-05,Bharti Airtel,1870.800048828125,1913.47712294955,-42.677074121424994,2.281220494309803
2026-03-06,Bharti Airtel,1866.699951171875,1868.98752208972,-2.2875709178449597,0.12254625690694804
2026-03-09,Bharti Airtel,1850.4000244140625,1857.9577488963976,-7.557724482335061,0.4084373315293405
2026-03-10,Bharti Airtel,1807.0,1860.339557326441,-53.33955732644108,2.9518294037875528
2026-03-11,Bharti Airtel,1801.300048828125,1813.3544515704623,-12.054402742337288,0.6692057078541436
2026-03-12,Bharti Airtel,1803.4000244140625,1814.0958372071814,-10.695812793118876,0.5930915297948951
2026-03-13,Bharti Airtel,1788.800048828125,1813.8441070772926,-25.04405824916762,1.4000479408290734
2026-03-16,Bharti Airtel,1827.0,1789.5896762412078,37.410323758792174,2.0476367684067966
2026-03-17,Bharti Airtel,1855.4000244140625,1830.5776981374852,24.822326276577314,1.337842295459505
2026-03-18,Bharti Airtel,1827.0,1857.2069211101875,-30.206921110187523,1.6533618560584304
2026-03-19,Bharti Airtel,1846.0999755859373,1834.296612601729,11.803362984208206,0.639367484984767
2026-03-20,Bharti Airtel,1795.9000244140625,1854.523470171398,-58.6234457573355,3.2642933882949428
2026-03-23,Bharti Airtel,1802.0999755859373,1799.4226265901782,2.6773489957590755,0.1485682832268259
2026-03-24,Bharti Airtel,1834.9000244140625,1814.8288143452658,20.071210068796745,1.0938585100954519
2026-03-25,Bharti Airtel,1843.9000244140625,1844.6411303829184,-0.7411059688558908,0.04019230755698876
2026-03-27,Bharti Airtel,1782.4000244140625,1852.4325262624939,-70.03250184843137,3.929112482561456
2026-03-30,Bharti Airtel,1781.9000244140625,1764.809337896574,17.090686517488393,0.9591271274104325
2026-04-01,Bharti Airtel,1789.699951171875,1775.7939008434319,13.906050328443143,0.7770045654489526
2026-04-02,Bharti Airtel,1792.800048828125,1803.045219621833,-10.245170793707985,0.5714619876547194
2026-04-06,Bharti Airtel,1830.300048828125,1794.1053657499015,36.194683078223534,1.9775272967619533
2026-04-07,Bharti Airtel,1861.5999755859373,1837.1486779907243,24.451297595212964,1.3134560547851821
2026-04-08,Bharti Airtel,1859.4000244140625,1856.0214723145048,3.378552099557737,0.1817011969020702
2026-04-09,Bharti Airtel,1870.0,1855.2216676683277,14.778332331672345,0.7902851514263287
2026-04-10,Bharti Airtel,1870.9000244140625,1866.2895222675807,4.610502146481849,0.24643230992130583
2026-04-13,Bharti Airtel,1855.699951171875,1858.7955734414231,-3.09562226954813,0.16681696130849408
2026-04-15,Bharti Airtel,1840.5999755859373,1855.2538339954358,-14.653858409498525,0.7961457461626669
2026-04-16,Bharti Airtel,1846.9000244140625,1849.1955750898405,-2.2955506757780313,0.12429209190715697
2026-04-17,Bharti Airtel,1846.0999755859373,1853.1196831889856,-7.019707603048346,0.38024525734692927
2026-04-20,Bharti Airtel,1855.0,1853.04193662104,1.9580633789601052,0.10555597730243155
2026-04-21,Bharti Airtel,1829.0,1857.1037931411765,-28.10379314117654,1.5365660547390125
2026-04-22,Bharti Airtel,1841.199951171875,1837.7089402449212,3.491010926953777,0.1896052041893571
2026-04-23,Bharti Airtel,1814.5,1850.008744324224,-35.508744324223926,1.9569437489238868
2026-04-24,Bharti Airtel,1820.0999755859373,1817.2260494738407,2.8739261120965693,0.15789935446657968
2026-04-27,Bharti Airtel,1843.800048828125,1821.6622712605363,22.137777567588728,1.200660428535023
2026-04-28,Bharti Airtel,1888.0999755859373,1849.1436979737741,38.95627761216315,2.0632529058782376
2026-04-29,Bharti Airtel,1886.800048828125,1881.950440889977,4.849607938147983,0.25702818595749094
2026-04-30,Bharti Airtel,1886.800048828125,1882.8516833289043,3.9483654992206993,0.20926252899309572
2026-05-01,Bharti Airtel,1827.0999755859373,1886.7973441835454,-59.69736859760815,3.267329067664382
2026-05-04,Bharti Airtel,1806.0999755859373,1841.560957941475,-35.46098235553768,1.9634008545973975
2026-05-05,Bharti Airtel,1833.699951171875,1817.7685407804688,15.931410391406189,0.8688122820325537
2026-05-06,Bharti Airtel,1826.5999755859373,1845.146409058255,-18.54643347231763,1.0153527712803292
2026-05-07,Bharti Airtel,1834.5,1839.4523367651861,-4.952336765186146,0.2699556699474596
2026-05-08,Bharti Airtel,1759.800048828125,1846.8569959244385,-87.05694709631348,4.946979468166619
2026-05-11,Bharti Airtel,1756.800048828125,1764.425650461003,-7.625601632877988,0.43406201166516656
2026-05-12,Bharti Airtel,1789.199951171875,1761.0792399283473,28.120711243527694,1.571691929966208
2026-05-13,Bharti Airtel,1883.5,1802.1971640902761,81.30283590972385,4.316582740096833
2026-05-14,Bharti Airtel,1905.4000244140625,1865.5150786655743,39.884945748488235,2.093258383407097
2026-05-15,Bharti Airtel,1938.0999755859373,1905.1493511642173,32.95062442172002,1.70015091258428
2026-05-18,Bharti Airtel,1913.5,1939.5363113625683,-26.036311362568313,1.3606642990628854
2026-05-19,Bharti Airtel,1904.9000244140625,1911.0124530075593,-6.112428593496816,0.3208792333013365
2026-05-20,Bharti Airtel,1885.300048828125,1901.2028909437981,-15.902842115673138,0.8435178329071871
2026-05-21,Bharti Airtel,1871.4000244140625,1892.3213326950565,-20.921308280994026,1.1179495569123181
2026-05-22,Bharti Airtel,1874.800048828125,1869.3770521017825,5.42299672634249,0.2892573386549795
2026-05-25,Bharti Airtel,1846.9000244140625,1867.8261718778977,-20.92614746383515,1.1330417016196677
2026-05-26,Bharti Airtel,1852.199951171875,1867.2157407301563,-15.015789558281313,0.8107002458768515
2026-05-27,Bharti Airtel,1852.199951171875,1861.953082022544,-9.753130850669095,0.5265700846443901
2026-05-28,Bharti Airtel,1829.0,1845.1681353848235,-16.168135384823472,0.8839877192358377
2026-05-29,Bharti Airtel,1810.5999755859373,1841.5960329523032,-30.996057366365903,1.7119218924287853
2026-06-01,Bharti Airtel,1814.199951171875,1818.511151635325,-4.31120046344995,0.23763645570958966
2026-06-02,Bharti Airtel,1824.0999755859373,1813.6432940002946,10.456681585642627,0.5732515610765102
2026-06-03,Bharti Airtel,1818.9000244140625,1837.6787174939036,-18.778693079841105,1.0324202995098888
2026-06-04,Bharti Airtel,1798.199951171875,1811.214810906525,-13.014859734649917,0.7237715542238904
2026-06-05,Bharti Airtel,1813.300048828125,1807.0058502748277,6.294198553297292,0.34711290927086347
2026-06-08,Bharti Airtel,1799.0,1812.6107547033625,-13.610754703362545,0.7565733576077013
2026-06-09,Bharti Airtel,1775.199951171875,1816.0845736043239,-40.88462243244885,2.3030995694574803
2026-06-10,Bharti Airtel,1782.5999755859375,1767.5882762905685,15.011699295368999,0.8421238360241019
2026-06-11,Bharti Airtel,1822.5,1790.4038114275288,32.09618857247119,1.761107740601986
2026-06-12,Bharti Airtel,1841.199951171875,1829.5187830016937,11.681168170181309,0.6344323528113583
2026-06-15,Bharti Airtel,1853.0,1852.183514269559,0.8164857304409452,0.04406291043933865
2026-06-16,Bharti Airtel,1875.699951171875,1856.1252218511884,19.57472932068663,1.0435959817804008
2026-06-17,Bharti Airtel,1874.800048828125,1871.976021471427,2.824027356698025,0.15063085572582688
2026-06-18,Bharti Airtel,1910.800048828125,1870.5680189208213,40.23202990730374,2.1055070587829245
2026-06-19,Bharti Airtel,1916.5999755859373,1910.716696829727,5.883278756210302,0.3069643551681505
2026-06-22,Bharti Airtel,1901.5999755859373,1912.2422372863616,-10.642261700424342,0.5596477617299694
2026-06-23,Bharti Airtel,1877.300048828125,1897.8788520208993,-20.57880319277433,1.0961914801856167
2026-06-24,Bharti Airtel,1850.699951171875,1877.8475355166684,-27.14758434479336,1.4668819938965976
2026-06-25,Bharti Airtel,1850.699951171875,1855.8923865613158,-5.192435389440789,0.2805660304985098
2026-06-26,Bharti Airtel,1841.0999755859373,1838.2205705598567,2.879405026080576,0.15639590811271367
2026-06-29,Bharti Airtel,1852.0,1856.1860248640253,-4.186024864025285,0.22602726047652724
2026-06-30,Bharti Airtel,1871.0,1867.7466682911486,3.2533317088514195,0.17388197268046068
2026-07-01,Bharti Airtel,1875.0,1867.4806758929956,7.519324107004422,0.40103061904023585
2026-07-02,Bharti Airtel,1910.4000244140625,1870.0627630046988,40.33726140936369,2.111456286320741
2026-07-03,Bharti Airtel,1925.699951171875,1914.6980577823078,11.001893389567158,0.5713191913865923
2026-07-06,Bharti Airtel,1925.800048828125,1912.5784332800329,13.221615548092132,0.6865518336723306
2026-07-07,Bharti Airtel,1888.0999755859373,1916.5895104626888,-28.489534876751577,1.5088997004997244
2026-07-08,Bharti Airtel,1931.0999755859373,1900.840196868178,30.259778717759218,1.5669711097468038
2026-07-09,Bharti Airtel,1920.4000244140625,1932.5386065525186,-12.138582138456059,0.6320861270640573
2026-07-10,Bharti Airtel,1901.800048828125,1911.641826501771,-9.841777673645993,0.5174980240278374
2026-07-13,Bharti Airtel,1936.5,1901.9694041797825,34.53059582021751,1.7831446331121876
2026-07-14,Bharti Airtel,1918.300048828125,1938.492477620382,-20.192428792257033,1.0526209809874338
2026-07-15,Bharti Airtel,1921.800048828125,1932.6699432514229,-10.869894423297865,0.5656100607306211
2026-07-16,Bharti Airtel,1908.800048828125,1914.1620530958617,-5.3620042677366655,0.28090968831589125
2026-07-17,Bharti Airtel,1940.0999755859373,1911.10502112248,28.99495446345736,1.4945082639208054
2026-07-20,Bharti Airtel,1948.4000244140625,1941.168914690639,7.231109723423515,0.3711306524746174
2026-07-21,Bharti Airtel,1949.0,1930.897693404764,18.102306595236087,0.9287997226904097
2026-07-22,Bharti Airtel,1931.0,1932.9559960800973,-1.955996080097293,0.10129446297759157
2026-07-23,Bharti Airtel,1898.199951171875,1926.7680197553345,-28.568068583459535,1.505008393126484
2026-07-24,Bharti Airtel,1905.300048828125,1893.787334571709,11.512714256416075,0.6042467832558495
2026-07-27,Bharti Airtel,1901.800048828125,1901.776593817949,0.02345501017589413,0.0012333057931272497
2026-07-28,Bharti Airtel,1950.199951171875,1903.529810964113,46.67014020776196,2.393095137743075
2026-07-29,Bharti Airtel,1956.800048828125,1933.8355875155828,22.9644613125422,1.1735721964180754
2026-07-30,Bharti Airtel,1972.0,1937.7952128725328,34.20478712746717,1.7345226738066515
2026-07-31,Bharti Airtel,1970.5,1976.4884673622946,-5.988467362294614,0.30390598133948815
2026-08-03,Bharti Airtel,1970.0999755859373,1965.633411104709,4.466564481228261,0.2267176557829172
2026-08-04,Bharti Airtel,1978.0,1965.9089580152943,12.091041984705726,0.6112761367394198
2026-08-05,Bharti Airtel,1948.0,1957.5266995859301,-9.526699585930146,0.48905028675206086
2026-08-06,Bharti Airtel,1959.9000244140625,1934.739354197572,25.160670216490416,1.2837731467457136
2026-08-07,Bharti Airtel,1943.0,1937.6750281054713,5.324971894528744,0.27405928432983756
2026-08-10,Bharti Airtel,1915.199951171875,1931.1850273608504,-15.985076188975427,0.8346426794337822
2026-08-11,Bharti Airtel,1945.0,1916.7234672128795,28.27653278712046,1.4538063129624916
2026-08-12,Bharti Airtel,1939.0999755859373,1931.8149082674527,7.285067318484607,0.37569322934384963
2026-08-13,Bharti Airtel,1992.0999755859373,1930.0261376214435,62.073837964493805,3.11600013680217
2026-08-14,Bharti Airtel,1969.300048828125,1953.008036264329,16.292012563796106,0.8272996577383434
2026-08-17,Bharti Airtel,1934.199951171875,1955.1838073727956,-20.983856200920627,1.0848855718462367
2026-08-18,Bharti Airtel,1922.0,1930.7934674952382,-8.793467495238247,0.4575165190030305
2026-08-19,Bharti Airtel,1941.699951171875,1908.130414957666,33.56953621420894,1.7288735159079909
2026-08-20,Bharti Airtel,1946.0,1934.97008475532,11.029915244680069,0.5667993445364886
2026-08-21,Bharti Airtel,1935.0,1925.6326500544726,9.367349945527394,0.4841007723786767
2026-08-24,Bharti Airtel,1947.0,1939.275797459844,7.724202540156057,0.39672329430693665
2026-08-25,Bharti Airtel,1902.0999755859373,1932.5531564087846,-30.453180822847344,1.6010294523801945
2026-08-26,Bharti Airtel,1878.300048828125,1904.2432842130004,-25.94323538487538,1.3812082580236003
2026-08-27,Bharti Airtel,1882.4000244140625,1895.7283532270483,-13.328328812985774,0.7080497577625405
2026-08-28,Bharti Airtel,1811.9000244140625,1898.010671449671,-86.11064703560851,4.75250542940167
2026-08-31,Bharti Airtel,1877.199951171875,1823.1090528151583,54.09089835671671,2.8814670660389434
2026-09-01,Bharti Airtel,1862.800048828125,1875.3829533128812,-12.582904484756227,0.6754833667022957
2026-09-02,Bharti Airtel,1869.0,1856.582119210716,12.417880789284027,0.6644130973399693
2025-09-22,Dr Reddy's,1308.4000244140625,1296.491798412872,11.908226001190542,0.9101364857069132
2025-09-23,Dr Reddy's,1298.0999755859375,1304.9408360499592,-6.840860464021716,0.5269902621278367
2025-09-24,Dr Reddy's,1275.199951171875,1295.9319616974437,-20.73201052556874,1.6257850783727343
2025-09-25,Dr Reddy's,1253.0999755859375,1271.0318740352532,-17.931898449315668,1.4310030164138248
2025-09-26,Dr Reddy's,1234.5999755859375,1257.9824124815343,-23.38243689559681,1.8939281838637307
2025-09-29,Dr Reddy's,1223.699951171875,1232.1289307983884,-8.42897962651341,0.6888109800479608
2025-09-30,Dr Reddy's,1244.699951171875,1218.9928426754489,25.707108496426144,2.065325741534987
2025-10-01,Dr Reddy's,1248.0999755859375,1247.4651154714552,0.6348601144823078,0.05086612666459385
2025-10-03,Dr Reddy's,1248.5999755859375,1248.7998527184675,-0.19987713252999129,0.016008099987042994
2025-10-06,Dr Reddy's,1248.5,1250.0649881598674,-1.5649881598674256,0.12534947215598122
2025-10-07,Dr Reddy's,1234.5,1249.8631286217887,-15.363128621788746,1.2444818648674563
2025-10-08,Dr Reddy's,1246.0999755859375,1239.4030034859557,6.696972099981849,0.5374345743673431
2025-10-09,Dr Reddy's,1264.4000244140625,1251.667270927375,12.732753486687443,1.007019395826724
2025-10-10,Dr Reddy's,1262.4000244140625,1263.917419817669,-1.5173954036065425,0.12019925334767281
2025-10-13,Dr Reddy's,1237.300048828125,1257.8079275311566,-20.507878703031565,1.6574701279980584
2025-10-14,Dr Reddy's,1232.4000244140625,1229.8157857480414,2.584238666021065,0.209691546156024
2025-10-15,Dr Reddy's,1240.199951171875,1231.0298764264132,9.170074745461761,0.7394029274712423
2025-10-16,Dr Reddy's,1255.9000244140625,1242.49003775339,13.40998666067253,1.0677590890985875
2025-10-17,Dr Reddy's,1282.0,1257.1778254145001,24.82217458549985,1.9362070659516266
2025-10-20,Dr Reddy's,1288.699951171875,1275.3658178896883,13.334133282186713,1.0346964993722056
2025-10-21,Dr Reddy's,1279.4000244140625,1281.3040484116075,-1.9040239975449822,0.14882163210970578
2025-10-23,Dr Reddy's,1283.5999755859375,1280.0405803068265,3.5593952791109587,0.27729786123485756
2025-10-24,Dr Reddy's,1284.300048828125,1276.9685909447182,7.331457883406756,0.5708524180230651
2025-10-27,Dr Reddy's,1289.4000244140625,1277.0049915888242,12.395032825238331,0.9613023569524876
2025-10-28,Dr Reddy's,1250.9000244140625,1283.202954969996,-32.30293055593347,2.582375083977201
2025-10-29,Dr Reddy's,1202.199951171875,1261.6044440294513,-59.404492857576315,4.941315527393781
2025-10-30,Dr Reddy's,1197.5999755859375,1193.502151280452,4.097824305485574,0.3421697051622494
2025-10-31,Dr Reddy's,1196.0,1199.9633471418156,-3.963347141815575,0.3313835402855832
2025-11-03,Dr Reddy's,1200.0,1203.059068848757,-3.0590688487570787,0.2549224040630899
2025-11-04,Dr Reddy's,1205.199951171875,1201.8786066869893,3.3213444848856852,0.2755845187063092
2025-11-06,Dr Reddy's,1205.4000244140625,1207.3834694897464,-1.9834450756839033,0.1645466264734849
2025-11-07,Dr Reddy's,1198.699951171875,1207.7853392485897,-9.085388076714707,0.757936802102364
2025-11-10,Dr Reddy's,1211.5,1200.5687352435211,10.931264756478868,0.9022917669400634
2025-11-11,Dr Reddy's,1229.5999755859375,1211.2398023647115,18.360173221225978,1.49318262733999
2025-11-12,Dr Reddy's,1234.9000244140625,1236.0180637534606,-1.1180393393981376,0.090536830293499
2025-11-13,Dr Reddy's,1246.0,1239.1018698066955,6.898130193304496,0.5536220058831859
2025-11-14,Dr Reddy's,1244.4000244140625,1256.3530779911189,-11.95305357705638,0.9605475202947371
2025-11-17,Dr Reddy's,1243.800048828125,1249.358328155182,-5.558279327057107,0.4468788477934189
2025-11-18,Dr Reddy's,1250.199951171875,1252.402016275558,-2.202065103683026,0.176137033249675
2025-11-19,Dr Reddy's,1248.5999755859375,1259.2239710400745,-10.623995454137003,0.8508726302954973
2025-11-20,Dr Reddy's,1243.9000244140625,1253.007794044155,-9.107769630092434,0.7321946660771743
2025-11-21,Dr Reddy's,1226.199951171875,1250.642120137982,-24.44216896610692,1.993326532328404
2025-11-24,Dr Reddy's,1236.0999755859375,1219.6831004739734,16.416875111964146,1.3281187150078375
2025-11-25,Dr Reddy's,1248.0,1241.2686736541507,6.731326345849311,0.5393690982251051
2025-11-26,Dr Reddy's,1249.300048828125,1254.079790355315,-4.779741527190026,0.38259355962353037
2025-11-27,Dr Reddy's,1258.800048828125,1252.4546534393992,6.345395388725819,0.5040828680164924
2025-11-28,Dr Reddy's,1260.0999755859375,1265.467340274316,-5.3673646883785295,0.4259475273684331
2025-12-01,Dr Reddy's,1275.199951171875,1264.403006505741,10.796944666134095,0.8466864083716431
2025-12-02,Dr Reddy's,1280.699951171875,1277.266885035255,3.4330661366200275,0.2680617059037661
2025-12-03,Dr Reddy's,1277.5999755859375,1278.192928366275,-0.5929527803375549,0.04641145833347506
2025-12-04,Dr Reddy's,1275.199951171875,1273.5089918119897,1.6909593598852553,0.13260346805466142
2025-12-05,Dr Reddy's,1266.5,1266.0311722702445,0.46882772975550324,0.037017586242045264
2025-12-08,Dr Reddy's,1246.199951171875,1265.945506250939,-19.745555079063934,1.5844612303584211
2025-12-09,Dr Reddy's,1250.800048828125,1252.2543925951688,-1.454343767043838,0.11627308204907837
2025-12-10,Dr Reddy's,1273.5,1262.3476058237504,11.152394176249572,0.8757278505103707
2025-12-11,Dr Reddy's,1279.300048828125,1275.8393886948147,3.4606601333102844,0.27051199884502053
2025-12-12,Dr Reddy's,1280.5999755859375,1274.1729459947496,6.427029591187875,0.5018764418019915
2025-12-15,Dr Reddy's,1276.9000244140625,1273.6901966177193,3.209827796343234,0.25137659448445415
2025-12-16,Dr Reddy's,1272.0,1272.901608887736,-0.9016088877360744,0.07088120186604359
2025-12-17,Dr Reddy's,1280.0,1261.4258147909013,18.574185209098687,1.451108219460835
2025-12-18,Dr Reddy's,1278.199951171875,1273.1327631181805,5.067188053694508,0.39643156370400623
2025-12-19,Dr Reddy's,1283.4000244140625,1270.3675604368204,13.03246397724206,1.015463902861623
2025-12-22,Dr Reddy's,1283.5,1272.494170687459,11.005829312540982,0.8574857275061147
2025-12-23,Dr Reddy's,1265.800048828125,1274.5881204590837,-8.788071630958711,0.6942701289271311
2025-12-24,Dr Reddy's,1269.300048828125,1257.4646634029027,11.835385425222285,0.9324340163816465
2025-12-26,Dr Reddy's,1268.5999755859375,1264.3440807628017,4.2558948231358045,0.3354796551347956
2025-12-29,Dr Reddy's,1265.800048828125,1261.9901252733064,3.8099235548186243,0.30098936702884815
2025-12-30,Dr Reddy's,1271.4000244140625,1266.3533915250732,5.046632888989279,0.39693509454784465
2025-12-31,Dr Reddy's,1253.4000244140625,1265.832077515486,-12.432053101423435,0.9918663522633289
2026-01-01,Dr Reddy's,1256.0999755859375,1261.935679703988,-5.835704118050444,0.4645891434977731
2026-01-02,Dr Reddy's,1250.0,1259.2641677092895,-9.264167709289495,0.7411334167431596
2026-01-05,Dr Reddy's,1256.199951171875,1252.8970454172832,3.3029057545918477,0.2629283460416199
2026-01-06,Dr Reddy's,1242.800048828125,1263.6538446995544,-20.853795871429384,1.6779687039031803
2026-01-07,Dr Reddy's,1206.9000244140625,1241.714698009694,-34.814673595631575,2.8846360834679525
2026-01-08,Dr Reddy's,1210.0999755859375,1202.4393763377543,7.660599248183189,0.6330550700551731
2026-01-09,Dr Reddy's,1215.5,1211.538009699245,3.9619903007549055,0.3259555985812345
2026-01-12,Dr Reddy's,1191.300048828125,1225.1345906866648,-33.83454185853975,2.8401360254977406
2026-01-13,Dr Reddy's,1186.5,1195.066070513771,-8.56607051377091,0.7219612738112862
2026-01-14,Dr Reddy's,1186.5,1200.6981570077653,-14.198157007765303,1.1966419728415765
2026-01-15,Dr Reddy's,1175.5,1209.811939159731,-34.31193915973108,2.9189229400026444
2026-01-16,Dr Reddy's,1167.199951171875,1178.932489111805,-11.732537939929898,1.0051866373152576
2026-01-19,Dr Reddy's,1166.699951171875,1166.4761933797963,0.22375779207868618,0.019178692161076708
2026-01-20,Dr Reddy's,1157.199951171875,1168.108227653853,-10.908276481977964,0.9426440496243846
2026-01-21,Dr Reddy's,1217.5,1152.186428490486,65.31357150951408,5.364564395031957
2026-01-22,Dr Reddy's,1235.5999755859375,1181.802748308999,53.79722727693843,4.353935605366703
2026-01-23,Dr Reddy's,1239.800048828125,1242.7366385687808,-2.9365897406557906,0.23685994716902076
2026-01-27,Dr Reddy's,1222.5,1243.3952921465564,-20.895292146556358,1.7092263514565529
2026-01-28,Dr Reddy's,1208.9000244140625,1222.7331943899096,-13.833169975847113,1.1442774171960055
2026-01-29,Dr Reddy's,1218.0999755859375,1200.7136066676792,17.386368918258313,1.427335133956884
2026-01-30,Dr Reddy's,1182.5,1221.4099031792243,-38.90990317922433,3.290478070124679
2026-02-02,Dr Reddy's,1235.4000244140625,1175.6979803217998,59.70204409226267,4.832608297913765
2026-02-03,Dr Reddy's,1240.199951171875,1239.5099011461173,0.6900500257577278,0.055640223586986434
2026-02-04,Dr Reddy's,1244.9000244140625,1242.803263796981,2.0967606170815998,0.16842803244931118
2026-02-05,Dr Reddy's,1241.199951171875,1249.1910574482324,-7.991106276357414,0.6438210272899734
2026-02-06,Dr Reddy's,1275.5,1242.7046529656482,32.795347034351835,2.5711757768993992
2026-02-09,Dr Reddy's,1256.0,1286.1646648090352,-30.16466480903523,2.401645287343569
2026-02-10,Dr Reddy's,1270.300048828125,1263.0000921059102,7.299956722214802,0.5746639724173155
2026-02-11,Dr Reddy's,1274.9000244140625,1264.2200032279202,10.680021186142312,0.8377144075317431
2026-02-12,Dr Reddy's,1268.0999755859375,1271.6729997992634,-3.57302421332588,0.28176202839803155
2026-02-13,Dr Reddy's,1269.4000244140625,1261.510828337583,7.889196076479493,0.6214901468999922
2026-02-16,Dr Reddy's,1284.800048828125,1263.4392425599813,21.360806268143733,1.6625782578096155
2026-02-17,Dr Reddy's,1280.300048828125,1271.853853464097,8.446195364027972,0.6597043694373739
2026-02-18,Dr Reddy's,1282.300048828125,1270.289743188664,12.010305639460967,0.936622099518518
2026-02-19,Dr Reddy's,1280.4000244140625,1283.849606295669,-3.449581881606491,0.26941438736578366
2026-02-20,Dr Reddy's,1307.4000244140625,1272.412367856481,34.98765655758143,2.6761248205775314
2026-02-23,Dr Reddy's,1300.199951171875,1309.2014798578743,-9.001528685999347,0.6923187989575169
2026-02-24,Dr Reddy's,1306.5,1303.8399241242132,2.660075875786788,0.20360320518842617
2026-02-25,Dr Reddy's,1319.300048828125,1305.02298517906,14.277063649064985,1.0821695687608486
2026-02-26,Dr Reddy's,1286.300048828125,1319.1220129926587,-32.82196416453371,2.551656916629673
2026-02-27,Dr Reddy's,1294.4000244140625,1282.402938978132,11.997085435930558,0.9268452726861847
2026-03-02,Dr Reddy's,1291.199951171875,1304.6370574471134,-13.43710627523842,1.0406681213891846
2026-03-04,Dr Reddy's,1313.5,1295.540304949949,17.959695050051096,1.367315953563083
2026-03-05,Dr Reddy's,1303.800048828125,1313.9783352456673,-10.178286417542267,0.7806631413068793
2026-03-06,Dr Reddy's,1287.0,1300.2132197132169,-13.213219713216859,1.0266681983851482
2026-03-09,Dr Reddy's,1314.5999755859375,1275.0062684468414,39.59370713909607,3.0118445058884578
2026-03-10,Dr Reddy's,1325.5,1323.5669986110747,1.9330013889252768,0.14583186638440412
2026-03-11,Dr Reddy's,1319.0,1326.2222361524282,-7.222236152428195,0.5475539160294309
2026-03-12,Dr Reddy's,1292.300048828125,1324.232923755304,-31.932874927179,2.471010889161241
2026-03-13,Dr Reddy's,1276.9000244140625,1290.843664464358,-13.943640050295471,1.091991525076042
2026-03-16,Dr Reddy's,1283.800048828125,1279.0361725873945,4.763876240730497,0.37107618472822507
2026-03-17,Dr Reddy's,1294.800048828125,1274.8548716605133,19.945177167611746,1.540405963504819
2026-03-18,Dr Reddy's,1274.5,1299.1862694779122,-24.68626947791222,1.9369375816329713
2026-03-19,Dr Reddy's,1298.9000244140625,1265.394874286634,33.50515012742858,2.579501847537715
2026-03-20,Dr Reddy's,1253.300048828125,1300.1179899722886,-46.81794114416357,3.7355732322790396
2026-03-23,Dr Reddy's,1259.5999755859375,1254.3960572117605,5.203918374176965,0.4131405585139218
2026-03-24,Dr Reddy's,1300.699951171875,1258.0582221102682,42.64172906160684,3.2783678528770963
2026-03-25,Dr Reddy's,1281.699951171875,1305.7220753913803,-24.02212421950526,1.8742393020723387
2026-03-27,Dr Reddy's,1254.9000244140625,1277.691135714656,-22.791111300593457,1.8161694841973626
2026-03-30,Dr Reddy's,1209.5999755859375,1254.259578701587,-44.65960311564959,3.692096892943157
2026-04-01,Dr Reddy's,1217.300048828125,1199.77942859794,17.52062023018493,1.4393016945207344
2026-04-02,Dr Reddy's,1217.800048828125,1213.5583938687612,4.241654959363814,0.34830471253844253
2026-04-06,Dr Reddy's,1196.0999755859375,1221.8470859260215,-25.747110340083964,2.152588484710163
2026-04-07,Dr Reddy's,1191.4000244140625,1190.0472902951838,1.3527341188787432,0.1135415554103271
2026-04-08,Dr Reddy's,1211.9000244140625,1189.412221307132,22.487803106930414,1.8555823627285566
2026-04-09,Dr Reddy's,1232.199951171875,1206.4052769369177,25.794674234957256,2.0933838059663463
2026-04-10,Dr Reddy's,1235.9000244140625,1239.633473762941,-3.733449348878594,0.3020834432500812
2026-04-13,Dr Reddy's,1217.800048828125,1239.4468585447994,-21.646809716674397,1.7775339833090722
2026-04-15,Dr Reddy's,1221.4000244140625,1218.3071412966374,3.0928831174251172,0.25322441915856797
2026-04-16,Dr Reddy's,1235.699951171875,1223.2790607769925,12.420890394882463,1.0051704204651883
2026-04-17,Dr Reddy's,1232.5999755859375,1239.7791325061066,-7.1791569201691345,0.5824401316214857
2026-04-20,Dr Reddy's,1220.5999755859375,1240.2341338437475,-19.634158257809986,1.608566168321017
2026-04-21,Dr Reddy's,1217.0,1219.926633902549,-2.9266339025489287,0.24047936750607465
2026-04-22,Dr Reddy's,1331.0,1224.8611702134608,106.13882978653919,7.974367376900014
2026-04-23,Dr Reddy's,1317.0999755859375,1325.7031232732186,-8.60314768728108,0.6531886604472681
2026-04-24,Dr Reddy's,1334.5,1317.422267463094,17.07773253690607,1.279710193848338
2026-04-27,Dr Reddy's,1354.5999755859375,1327.744092151535,26.855883434402585,1.982569313334438
2026-04-28,Dr Reddy's,1329.800048828125,1372.2839146749016,-42.48386584677655,3.194755924713275
2026-04-29,Dr Reddy's,1322.9000244140625,1323.4260469580818,-0.5260225440192698,0.03976283425138307
2026-04-30,Dr Reddy's,1322.9000244140625,1321.22079040049,1.679234013572568,0.12693582149689148
2026-05-01,Dr Reddy's,1287.199951171875,1317.9493632299668,-30.74941205809182,2.3888605674741803
2026-05-04,Dr Reddy's,1271.199951171875,1282.0973268944886,-10.89737572261356,0.8572511124286663
2026-05-05,Dr Reddy's,1311.0,1266.722648378826,44.27735162117392,3.377372358594502
2026-05-06,Dr Reddy's,1307.5999755859375,1315.7244814882092,-8.124505902271721,0.621329615628902
2026-05-07,Dr Reddy's,1293.9000244140625,1305.2975768050555,-11.397552390993042,0.8808680868643137
2026-05-08,Dr Reddy's,1279.9000244140625,1293.5186949575555,-13.618670543492954,1.0640417441766652
2026-05-11,Dr Reddy's,1270.0,1277.0465164791,-7.046516479100092,0.5548438172519757
2026-05-12,Dr Reddy's,1265.300048828125,1260.5724693594625,4.727579468662498,0.37363307407132484
2026-05-13,Dr Reddy's,1303.5999755859375,1262.0010444161755,41.598931169761954,3.191081002518753
2026-05-14,Dr Reddy's,1336.699951171875,1302.3724824524706,34.32746871940435,2.5680758564635027
2026-05-15,Dr Reddy's,1331.199951171875,1329.620200746483,1.5797504253919215,0.11867116010643207
2026-05-18,Dr Reddy's,1335.199951171875,1329.5124033832458,5.687547788629217,0.4259697421077183
2026-05-19,Dr Reddy's,1321.9000244140625,1332.7119429120573,-10.811918497994839,0.8179074285732967
2026-05-20,Dr Reddy's,1318.5,1317.4903229470222,1.0096770529778496,0.07657770595205533
2026-05-21,Dr Reddy's,1307.199951171875,1317.6860390229633,-10.486087851088314,0.8021793331378091
2026-05-22,Dr Reddy's,1331.4000244140625,1303.9213774200766,27.478646993985876,2.063891128894863
2026-05-25,Dr Reddy's,1327.9000244140625,1333.6797023165275,-5.779677902464982,0.43524947633126765
2026-05-26,Dr Reddy's,1319.0,1330.887341398503,-11.88734139850294,0.9012389233133389
2026-05-27,Dr Reddy's,1319.0,1326.271618220368,-7.271618220368055,0.5512978180718768
2026-05-28,Dr Reddy's,1303.5,1320.2527036854174,-16.752703685417373,1.285209335283266
2026-05-29,Dr Reddy's,1290.4000244140625,1296.4331323852455,-6.033107971182972,0.46753780665204586
2026-06-01,Dr Reddy's,1274.0,1288.8369712019178,-14.836971201917777,1.164597425582243
2026-06-02,Dr Reddy's,1263.300048828125,1265.2219743817632,-1.9219255536381752,0.15213531855880247
2026-06-03,Dr Reddy's,1267.5,1260.0079547160349,7.492045283965126,0.5910883853226924
2026-06-04,Dr Reddy's,1278.199951171875,1267.1206041804696,11.079346991405373,0.8667929443470594
2026-06-05,Dr Reddy's,1275.5999755859375,1270.0903540451984,5.50962154073909,0.43192392961659365
2026-06-08,Dr Reddy's,1268.5,1270.7580448939966,-2.258044893996612,0.17800905746918502
2026-06-09,Dr Reddy's,1271.699951171875,1256.593850248471,15.106100923404028,1.1878667534337572
2026-06-10,Dr Reddy's,1276.0,1270.6077112291084,5.392288770891582,0.4225931638629767
2026-06-11,Dr Reddy's,1275.4000244140625,1277.3582608164954,-1.9582364024329308,0.1535389967812313
2026-06-12,Dr Reddy's,1279.5,1288.2418547383882,-8.741854738388156,0.6832242859232635
2026-06-15,Dr Reddy's,1276.9000244140625,1283.819747300625,-6.9197228865625675,0.5419157924864052
2026-06-16,Dr Reddy's,1269.0,1272.4338083188948,-3.433808318894762,0.27059167209572593
2026-06-17,Dr Reddy's,1267.5,1263.3241016055033,4.1758983944966985,0.3294594394080236
2026-06-18,Dr Reddy's,1272.0999755859375,1263.6450733573272,8.454902228610308,0.6646413325113009
2026-06-19,Dr Reddy's,1290.699951171875,1273.1148653199596,17.585085851915437,1.3624456897165973
2026-06-22,Dr Reddy's,1301.300048828125,1296.5456641702358,4.754384657889204,0.3653565265113704
2026-06-23,Dr Reddy's,1328.4000244140625,1299.2039520704277,29.196072343634796,2.1978373838492478
2026-06-24,Dr Reddy's,1350.5,1332.248108595252,18.251891404747994,1.351491403535579
2026-06-25,Dr Reddy's,1350.5,1358.3520535924752,-7.852053592475158,0.5814182593465501
2026-06-26,Dr Reddy's,1375.699951171875,1349.7423787702,25.957572401674952,1.8868629296354393
2026-06-29,Dr Reddy's,1357.0999755859375,1389.4967187926432,-32.39674320670565,2.387203875139569
2026-06-30,Dr Reddy's,1339.9000244140625,1353.0245548615533,-13.12453044749077,0.9795156510449441
2026-07-01,Dr Reddy's,1345.699951171875,1332.6301195724643,13.06983159941069,0.9712292541906611
2026-07-02,Dr Reddy's,1374.0999755859375,1339.3929733924608,34.70700219347668,2.5257989091133695
2026-07-03,Dr Reddy's,1367.9000244140625,1389.4641338114382,-21.56410939737566,1.576438994992533
2026-07-06,Dr Reddy's,1354.5999755859375,1367.9815083100473,-13.381532724109775,0.9878586272911707
2026-07-07,Dr Reddy's,1349.0,1358.6243911728345,-9.624391172834521,0.713446343427318
2026-07-08,Dr Reddy's,1269.5,1352.404879010315,-82.90487901031497,6.530514297779833
2026-07-09,Dr Reddy's,1244.300048828125,1255.9440951801232,-11.644046351998213,0.935790878009248
2026-07-10,Dr Reddy's,1234.5,1242.2379226561088,-7.737922656108822,0.6268062094863364
2026-07-13,Dr Reddy's,1246.199951171875,1235.4908305340186,10.709120637856358,0.8593420845335409
2026-07-14,Dr Reddy's,1229.5,1252.4588195035606,-22.958819503560562,1.867329768488049
2026-07-15,Dr Reddy's,1224.4000244140625,1230.5358121043885,-6.135787690325969,0.5011260672966954
2026-07-16,Dr Reddy's,1211.199951171875,1219.1245711174083,-7.924619945533323,0.654278423464763
2026-07-17,Dr Reddy's,1223.0999755859375,1208.593748380496,14.506227205441519,1.1860213796907466
2026-07-20,Dr Reddy's,1206.0,1223.511386877662,-17.511386877662062,1.452022129159375
2026-07-21,Dr Reddy's,1182.800048828125,1204.7585615663984,-21.958512738273384,1.856485613103337
2026-07-22,Dr Reddy's,1166.300048828125,1176.8083108389446,-10.508262010819635,0.9009913033424055
2026-07-23,Dr Reddy's,1151.699951171875,1158.1270352156491,-6.42708404377413,0.5580519507042141
2026-07-24,Dr Reddy's,1150.800048828125,1151.5730751034573,-0.7730262753323132,0.06717294425903927
2026-07-27,Dr Reddy's,1135.5999755859375,1152.117136915103,-16.517161329165447,1.454487643912026
2026-07-28,Dr Reddy's,1142.300048828125,1141.0880686692133,1.2119801589117287,0.10609998311346375
2026-07-29,Dr Reddy's,1144.800048828125,1143.8728811377177,0.9271676904072592,0.08098948732194367
2026-07-30,Dr Reddy's,1148.0999755859375,1149.103533123809,-1.0035575378715293,0.08741029171778875
2026-07-31,Dr Reddy's,1180.0,1151.82792473423,28.17207526576999,2.3874640055737277
2026-08-03,Dr Reddy's,1172.5999755859375,1179.7902517904647,-7.190276204527208,0.6131908881316744
2026-08-04,Dr Reddy's,1176.0,1168.4574808540701,7.542519145929873,0.6413706756743089
2026-08-05,Dr Reddy's,1171.0,1179.4119715996903,-8.411971599690332,0.7183579504432394
2026-08-06,Dr Reddy's,1172.0,1167.3025925850523,4.697407414947747,0.40080268045629247
2026-08-07,Dr Reddy's,1158.800048828125,1170.3852076642581,-11.585158836133132,0.9997547763178823
2026-08-10,Dr Reddy's,1205.0,1157.9765209221541,47.02347907784588,3.9023634089498653
2026-08-11,Dr Reddy's,1200.0,1212.7403583018786,-12.740358301878587,1.0616965251565489
2026-08-12,Dr Reddy's,1206.0,1196.0565834908955,9.943416509104509,0.824495564602364
2026-08-13,Dr Reddy's,1200.0,1206.5769000688258,-6.5769000688258075,0.548075005735484
2026-08-14,Dr Reddy's,1192.0,1198.9988002454695,-6.998800245469511,0.5871476715997912
2026-08-17,Dr Reddy's,1178.800048828125,1194.8931957932814,-16.093146965156393,1.365214311040706
2026-08-18,Dr Reddy's,1170.0,1173.9873334044912,-3.98733340449121,0.3407977268795906
2026-08-19,Dr Reddy's,1180.0,1170.393381044353,9.606618955647036,0.8141202504785623
2026-08-20,Dr Reddy's,1174.699951171875,1178.0316417256663,-3.3316905537913044,0.2836205577830854
2026-08-21,Dr Reddy's,1190.0,1176.6994850039766,13.300514996023367,1.117690335800283
2026-08-24,Dr Reddy's,1193.5,1197.385320716853,-3.8853207168529025,0.32554006844180167
2026-08-25,Dr Reddy's,1182.0,1195.2856353785382,-13.285635378538245,1.1239962249186333
2026-08-26,Dr Reddy's,1177.0,1172.5129994108356,4.487000589164381,0.38122349950419554
2026-08-27,Dr Reddy's,1178.0,1175.9743810375596,2.025618962440376,0.17195407151446315
2026-08-28,Dr Reddy's,1154.4000244140625,1176.3329472679018,-21.932922853839273,1.8999413019738751
2026-08-31,Dr Reddy's,1171.0,1157.0373103777758,13.962689622224161,1.1923731530507398
2026-09-01,Dr Reddy's,1156.5,1171.6297850320486,-15.12978503204863,1.3082390862125923
2026-09-02,Dr Reddy's,1155.0,1159.1362930740618,-4.1362930740617685,0.3581206124728804
2025-09-22,HCLTech,1429.800048828125,1439.990472075304,-10.19042324717907,0.7127166666088184
2025-09-23,HCLTech,1442.300048828125,1441.8544299468992,0.4456188812257551,0.030896406166513155
2025-09-24,HCLTech,1423.800048828125,1447.455388127274,-23.65533929914909,1.6614228464607015
2025-09-25,HCLTech,1395.300048828125,1436.9167832360906,-41.61673440796562,2.982636920490213
2025-09-26,HCLTech,1387.4000244140625,1407.4693181747452,-20.06929376068274,1.4465398160244778
2025-09-29,HCLTech,1385.0999755859375,1383.7349488969726,1.3650266889649174,0.09855076983792967
2025-09-30,HCLTech,1389.5,1387.963619728189,1.5363802718109127,0.11057072844986778
2025-10-01,HCLTech,1393.5,1384.716367990862,8.783632009138046,0.6303288129987834
2025-10-03,HCLTech,1417.699951171875,1400.0416734530208,17.65827771885415,1.245558180647306
2025-10-06,HCLTech,1433.4000244140625,1430.460724547135,2.939299866927513,0.20505789150722414
2025-10-07,HCLTech,1453.199951171875,1443.2475046907578,9.95244648111725,0.6848642179688691
2025-10-08,HCLTech,1486.5,1459.3226370662417,27.17736293375833,1.8282787039191613
2025-10-09,HCLTech,1495.5,1479.0155279614742,16.484472038525837,1.102271617420651
2025-10-10,HCLTech,1494.699951171875,1498.632598478744,-3.9326473068690575,0.26310613737464716
2025-10-13,HCLTech,1495.4000244140625,1497.9113662999277,-2.5113418858652494,0.16793779890763744
2025-10-14,HCLTech,1495.699951171875,1490.7353716236216,4.964579548253369,0.33192349470651783
2025-10-15,HCLTech,1515.0,1497.631453693887,17.368546306113103,1.1464387000734722
2025-10-16,HCLTech,1486.199951171875,1514.5499823284606,-28.3500311565856,1.9075516140497433
2025-10-17,HCLTech,1495.4000244140625,1480.2710436774512,15.128980736611311,1.011701249807004
2025-10-20,HCLTech,1486.0,1495.8436310277184,-9.843631027718402,0.6624246990389234
2025-10-21,HCLTech,1523.9000244140625,1501.0792900417446,22.82073437231793,1.497521753836343
2025-10-23,HCLTech,1523.800048828125,1526.7844326869638,-2.9843838588387825,0.1958514085318422
2025-10-24,HCLTech,1533.5,1527.9881950376316,5.511804962368387,0.35942647292914165
2025-10-27,HCLTech,1522.0999755859375,1527.7082559879407,-5.6082804020031745,0.368456769723306
2025-10-28,HCLTech,1557.300048828125,1522.5642950637512,34.73575376437384,2.2305113128656644
2025-10-29,HCLTech,1549.800048828125,1567.786067599865,-17.986018771739964,1.1605380181359537
2025-10-30,HCLTech,1541.5,1550.014650623726,-8.514650623726084,0.55236137682297
2025-10-31,HCLTech,1543.5,1541.3057340305954,2.1942659694045688,0.1421617084162338
2025-11-03,HCLTech,1529.0999755859375,1549.8886737956857,-20.78869820974819,1.3595381951256749
2025-11-04,HCLTech,1526.4000244140625,1528.1772367221638,-1.7772123081012978,0.11643162209614838
2025-11-06,HCLTech,1512.4000244140625,1526.9857411939956,-14.585716779933136,0.9644086580588339
2025-11-07,HCLTech,1540.5,1515.585735361037,24.914264638963004,1.6172842998353136
2025-11-10,HCLTech,1570.0,1544.6874307546684,25.312569245331588,1.6122655570274897
2025-11-11,HCLTech,1594.0,1578.4672283411544,15.532771658845604,0.9744524252726227
2025-11-12,HCLTech,1598.5,1587.8077161483632,10.69228385163683,0.6688948296300801
2025-11-13,HCLTech,1594.5999755859375,1581.3182527686274,13.281722817310083,0.8329187897064716
2025-11-14,HCLTech,1606.4000244140625,1588.8648757090255,17.535148705037045,1.0915804555862743
2025-11-17,HCLTech,1595.199951171875,1588.1828545966919,7.017096575183132,0.4398882140153146
2025-11-18,HCLTech,1662.5999755859375,1586.6119005924547,75.98807499348277,4.57043643145146
2025-11-19,HCLTech,1645.4000244140625,1658.2997730677596,-12.899748653697088,0.7839886023030035
2025-11-20,HCLTech,1608.0,1652.6185914587302,-44.61859145873018,2.774788026040434
2025-11-21,HCLTech,1610.4000244140625,1593.142206626413,17.2578177876494,1.0716478841291988
2025-11-24,HCLTech,1601.0999755859375,1616.659855235711,-15.559879649773393,0.9718243636896634
2025-11-25,HCLTech,1617.9000244140625,1599.8642328413189,18.03579157274362,1.114765517064347
2025-11-26,HCLTech,1629.0,1620.7870306009918,8.212969399008216,0.5041724615720207
2025-11-27,HCLTech,1624.199951171875,1634.1735913514533,-9.973640179578297,0.6140647998654492
2025-11-28,HCLTech,1642.9000244140625,1632.1321791443725,10.767845269690042,0.6554169523206609
2025-12-01,HCLTech,1635.5,1639.1646156917423,-3.664615691742256,0.2240669942979062
2025-12-02,HCLTech,1640.5,1634.8188926313733,5.681107368626726,0.34630340558529266
2025-12-03,HCLTech,1654.5999755859375,1633.5476152570282,21.052360328909344,1.2723534775500132
2025-12-04,HCLTech,1683.0,1656.9390049805663,26.060995019433676,1.5484845525510205
2025-12-05,HCLTech,1688.5999755859375,1677.7411508615708,10.858824724366741,0.6430667346538822
2025-12-08,HCLTech,1657.5999755859375,1695.1299054754118,-37.52992988947426,2.2641125990731252
2025-12-09,HCLTech,1666.0,1663.7442566878226,2.255743312177401,0.13539875823393765
2025-12-10,HCLTech,1672.4000244140625,1670.9918214222612,1.4082029918013177,0.08420252160033853
2025-12-11,HCLTech,1673.199951171875,1665.7016917932822,7.49825937859282,0.44813887146848125
2025-12-12,HCLTech,1684.0,1666.4188494022578,17.58115059774218,1.0440113181557114
2025-12-15,HCLTech,1651.699951171875,1684.7086243632618,-33.00867319138683,1.9984666808258549
2025-12-16,HCLTech,1655.0,1653.8608999303856,1.1391000696144147,0.06882779876824258
2025-12-17,HCLTech,1661.4000244140625,1646.600973479585,14.799050934477464,0.8907578377878469
2025-12-18,HCLTech,1642.4000244140625,1659.2442456466526,-16.844221232590144,1.0255857880055401
2025-12-19,HCLTech,1670.300048828125,1645.4395494475327,24.860499380592273,1.4883852394085895
2025-12-22,HCLTech,1679.9000244140625,1672.5695978070898,7.330426606972651,0.4363608846026092
2025-12-23,HCLTech,1674.699951171875,1680.7269748556268,-6.02702368375185,0.3598867773020729
2025-12-24,HCLTech,1660.9000244140625,1668.719946340208,-7.8199219261455255,0.4708243609608147
2025-12-26,HCLTech,1630.800048828125,1655.738115546592,-24.9380667184671,1.5291921738895775
2025-12-29,HCLTech,1615.199951171875,1628.1941893220367,-12.994238150161664,0.8044971856725208
2025-12-30,HCLTech,1623.300048828125,1619.5631874974026,3.736861330722377,0.23020151656005006
2025-12-31,HCLTech,1634.5,1630.5610799555989,3.9389200444011294,0.2409862370389189
2026-01-01,HCLTech,1640.199951171875,1633.337970070807,6.861981101068068,0.4183624744144994
2026-01-02,HCLTech,1607.5999755859375,1632.423457956992,-24.823482371054524,1.5441330398133946
2026-01-05,HCLTech,1616.300048828125,1602.4564640852896,13.843584742835446,0.8564984424069366
2026-01-06,HCLTech,1647.699951171875,1620.1952949818503,27.50465619002466,1.6692757786672772
2026-01-07,HCLTech,1646.699951171875,1637.1231308525103,9.576820319364742,0.5815765229451421
2026-01-08,HCLTech,1661.4000244140625,1632.464259063014,28.93576535104853,1.7416495079957344
2026-01-09,HCLTech,1667.5999755859375,1657.5197746285482,10.080200957389252,0.6044735611037302
2026-01-12,HCLTech,1665.0,1669.6918044263498,-4.6918044263497904,0.281790055636624
2026-01-13,HCLTech,1668.5,1671.5942943654725,-3.0942943654724786,0.18545366289915963
2026-01-14,HCLTech,1668.5,1665.331301479634,3.1686985203659788,0.18991300691435295
2026-01-15,HCLTech,1698.0,1667.6564666533793,30.34353334662069,1.787016098151984
2026-01-16,HCLTech,1716.800048828125,1691.9264693677123,24.873579460412657,1.4488338043437952
2026-01-19,HCLTech,1687.300048828125,1722.8087722202804,-35.50872339215539,2.104470003234881
2026-01-20,HCLTech,1682.5,1692.762227214216,-10.262227214215955,0.6099392103545886
2026-01-21,HCLTech,1703.0999755859375,1677.499652391205,25.600323194732482,1.5031603289128639
2026-01-22,HCLTech,1707.0,1695.5616282220428,11.438371777957173,0.6700862201498051
2026-01-23,HCLTech,1720.199951171875,1708.8006676517027,11.399283520172276,0.6626720057983136
2026-01-27,HCLTech,1729.5999755859375,1715.1408538361575,14.459121749780024,0.8359806865099949
2026-01-28,HCLTech,1721.5999755859375,1714.5615674225537,7.038408163383792,0.4088294762543957
2026-01-29,HCLTech,1695.5999755859375,1710.9973307610999,-15.397355175162375,0.9080771052642655
2026-01-30,HCLTech,1676.800048828125,1692.9514563826885,-16.151407554563548,0.9632279988214084
2026-02-02,HCLTech,1695.300048828125,1670.7826554301625,24.51739339796245,1.4461978818976666
2026-02-03,HCLTech,1621.800048828125,1693.2816654234393,-71.48161659531434,4.407548060376819
2026-02-04,HCLTech,1610.0,1608.9605656328295,1.0394343671705428,0.06456114081804613
2026-02-05,HCLTech,1593.699951171875,1607.9934633554178,-14.293512183542816,0.8968759880448356
2026-02-06,HCLTech,1602.0,1591.0277718092775,10.97222819072249,0.6849081267617034
2026-02-09,HCLTech,1573.0999755859375,1600.0013670688113,-26.901391482873805,1.7100878456789599
2026-02-10,HCLTech,1551.5999755859375,1572.5526256118758,-20.952650025938283,1.350389943002277
2026-02-11,HCLTech,1476.0999755859375,1546.9673554430067,-70.86737985706918,4.800987807681413
2026-02-12,HCLTech,1455.199951171875,1442.7446062744336,12.455344897441364,0.8559198265098246
2026-02-13,HCLTech,1461.800048828125,1464.1858371163707,-2.385788288245749,0.16320893477588494
2026-02-16,HCLTech,1482.5999755859375,1465.64372174264,16.956253843297418,1.1436836720974684
2026-02-17,HCLTech,1467.199951171875,1483.8535612762942,-16.65361010441916,1.1350607046515824
2026-02-18,HCLTech,1450.4000244140625,1462.252309183859,-11.852284769796597,0.817173508707346
2026-02-19,HCLTech,1436.5,1449.0742821169579,-12.574282116957875,0.8753416022943177
2026-02-20,HCLTech,1426.199951171875,1444.6589388477018,-18.458987675826847,1.294277682498834
2026-02-23,HCLTech,1339.199951171875,1436.02467072014,-96.82471954826497,7.230042045890003
2026-02-24,HCLTech,1378.199951171875,1326.798716959212,51.401234212662985,3.7295919339539108
2026-02-25,HCLTech,1373.5,1392.3031144157494,-18.803114415749405,1.3689926767928218
2026-02-26,HCLTech,1389.0999755859375,1393.3582253776708,-4.258249791733306,0.30654739518925767
2026-02-27,HCLTech,1371.0,1393.573749087009,-22.57374908700899,1.6465170741800867
2026-03-02,HCLTech,1364.0,1388.1225864699932,-24.122586469993166,1.7685180696475928
2026-03-04,HCLTech,1354.0999755859375,1367.7069023747745,-13.606926788836972,1.004868697597389
2026-03-05,HCLTech,1356.699951171875,1366.4200471644874,-9.720095992612414,0.7164514146415719
2026-03-06,HCLTech,1358.5999755859375,1359.5219476850407,-0.9219720991031863,0.06786192519292206
2026-03-09,HCLTech,1361.5,1379.6758348313167,-18.175834831316706,1.334986032414007
2026-03-10,HCLTech,1350.300048828125,1360.5074468975788,-10.207398069453802,0.7559355476816003
2026-03-11,HCLTech,1358.0999755859375,1355.9965495027125,2.103426083225031,0.1548800619275124
2026-03-12,HCLTech,1325.4000244140625,1357.3600129807432,-31.95998856668075,2.4113466106815364
2026-03-13,HCLTech,1328.5999755859375,1328.4707855571792,0.1291900287583303,0.009723771724544483
2026-03-16,HCLTech,1321.0999755859375,1319.172482067432,1.927493518505571,0.14590065506970315
2026-03-17,HCLTech,1357.199951171875,1312.5565113127616,44.643439859113414,3.2893782394087188
2026-03-18,HCLTech,1311.800048828125,1378.111348961668,-66.311300133543,5.054985338107062
2026-03-19,HCLTech,1333.699951171875,1317.6107275451818,16.089223626693183,1.2063600671617443
2026-03-20,HCLTech,1358.5999755859375,1339.3538022101711,19.246173375766375,1.4166181158266162
2026-03-23,HCLTech,1373.300048828125,1376.606144373268,-3.30609554514308,0.24074094717787733
2026-03-24,HCLTech,1381.300048828125,1386.2482852536953,-4.948236425570258,0.3582303808479751
2026-03-25,HCLTech,1364.4000244140625,1385.679046691155,-21.27902227709251,1.5595882363187965
2026-03-27,HCLTech,1341.5999755859375,1371.8086932306605,-30.208717644723038,2.2516933657165223
2026-03-30,HCLTech,1354.4000244140625,1346.1373852670918,8.262639146970741,0.6100589927665798
2026-04-01,HCLTech,1402.199951171875,1361.9996918092684,40.20025936260663,2.8669420027443056
2026-04-02,HCLTech,1403.300048828125,1413.7853695973217,-10.485320769196733,0.7471902233562143
2026-04-06,HCLTech,1441.5999755859375,1395.2246228337087,46.375352752228764,3.2169362886801887
2026-04-07,HCLTech,1461.0,1451.020825464986,9.979174535013954,0.6830372713904144
2026-04-08,HCLTech,1464.9000244140625,1468.284587107817,-3.3845626937545603,0.23104393728905379
2026-04-09,HCLTech,1451.199951171875,1468.5339466023338,-17.3339954304588,1.1944594827515829
2026-04-10,HCLTech,1429.4000244140625,1456.1553658877529,-26.75534147369035,1.8717882339940397
2026-04-13,HCLTech,1451.300048828125,1442.631424736589,8.668624091536003,0.5973006132353967
2026-04-15,HCLTech,1450.199951171875,1458.7998125219506,-8.599861350075571,0.5930121114075484
2026-04-16,HCLTech,1442.300048828125,1456.2686605326644,-13.968611704539398,0.9684955440366902
2026-04-17,HCLTech,1428.300048828125,1445.934166451565,-17.634117623440034,1.2346227697680379
2026-04-20,HCLTech,1441.199951171875,1440.3058052340837,0.8941459377913361,0.062041768532137685
2026-04-21,HCLTech,1285.300048828125,1448.0097595330558,-162.70971070493079,12.659278341526688
2026-04-22,HCLTech,1277.5999755859375,1275.3703211595466,2.22965442639088,0.17451897847511366
2026-04-23,HCLTech,1203.199951171875,1269.3951535201238,-66.19520234824881,5.5015961631129535
2026-04-24,HCLTech,1228.199951171875,1185.461678229264,42.73827294261105,3.4797487902383275
2026-04-27,HCLTech,1196.0,1243.3571824731798,-47.35718247317982,3.9596306415702194
2026-04-28,HCLTech,1200.199951171875,1183.7820914751155,16.41785969675948,1.3679270425506251
2026-04-29,HCLTech,1199.0999755859375,1187.0350346697055,12.06494091623199,1.006166388281051
2026-04-30,HCLTech,1199.0999755859375,1185.7724667619232,13.32750882401433,1.1114593524615721
2026-05-01,HCLTech,1200.5,1192.5485749885622,7.951425011437777,0.6623427747969827
2026-05-04,HCLTech,1200.199951171875,1187.9641113941773,12.23583977769772,1.0194834423839667
2026-05-05,HCLTech,1189.0999755859375,1189.8873314814537,-0.787355895516157,0.066214440474459
2026-05-06,HCLTech,1183.4000244140625,1186.786203182535,-3.3861787684725186,0.2861398258081936
2026-05-07,HCLTech,1198.4000244140625,1179.9307674633092,18.469256950753334,1.5411595939998053
2026-05-08,HCLTech,1194.9000244140625,1189.5646508935401,5.335373520522353,0.4465121275010966
2026-05-11,HCLTech,1145.800048828125,1190.296578940154,-44.49653011202895,3.8834463445465977
2026-05-12,HCLTech,1143.199951171875,1167.3953379741024,-24.195386802227404,2.116461497170737
2026-05-13,HCLTech,1124.0,1153.3100952208933,-29.310095220893345,2.60765971716133
2026-05-14,HCLTech,1132.5999755859375,1116.808197766596,15.791777819341405,1.3942943810476167
2026-05-15,HCLTech,1146.5999755859375,1152.3977682219981,-5.797792636060649,0.5056508598910314
2026-05-18,HCLTech,1179.4000244140625,1153.5045143882603,25.895510025802196,2.1956511353022345
2026-05-19,HCLTech,1169.800048828125,1181.1163890581295,-11.31634023000447,0.9673738893532174
2026-05-20,HCLTech,1168.199951171875,1162.4417103180924,5.758240853782581,0.4929156903324834
2026-05-21,HCLTech,1164.0,1162.555201966742,1.444798033257939,0.1241235423761116
2026-05-22,HCLTech,1165.699951171875,1159.2211820739155,6.478769097959457,0.5557835952078722
2026-05-25,HCLTech,1161.9000244140625,1160.1949630830554,1.705061331007073,0.1467476801084433
2026-05-26,HCLTech,1165.199951171875,1162.208558083475,2.9913930883999456,0.2567278762234255
2026-05-27,HCLTech,1165.199951171875,1159.8244927436594,5.375458428215552,0.46133356106042567
2026-05-28,HCLTech,1183.800048828125,1157.8205609356492,25.979487892475845,2.1945841207046435
2026-05-29,HCLTech,1195.0999755859375,1177.3587455662862,17.74123001965131,1.4844975635576498
2026-06-01,HCLTech,1243.5,1191.1446325923678,52.35536740763223,4.210323072588036
2026-06-02,HCLTech,1179.0,1249.5928586286998,-70.59285862869979,5.9875198158354355
2026-06-03,HCLTech,1168.300048828125,1182.1041850504198,-13.804136222294801,1.1815574463205045
2026-06-04,HCLTech,1154.699951171875,1162.0730860340745,-7.373134862199549,0.6385325343364522
2026-06-05,HCLTech,1151.300048828125,1158.9281781292182,-7.628129301093168,0.6625665749651987
2026-06-08,HCLTech,1146.300048828125,1152.4873547081904,-6.1873058800654235,0.5397632047901222
2026-06-09,HCLTech,1132.0999755859375,1146.078933783703,-13.97895819776545,1.2347812471712496
2026-06-10,HCLTech,1110.199951171875,1143.2059736973422,-33.00602252546719,2.9729800015418464
2026-06-11,HCLTech,1109.5999755859375,1109.7197623524337,-0.11978676649619047,0.01079549108974481
2026-06-12,HCLTech,1119.300048828125,1121.4662557485512,-2.166206920426248,0.1935322814194643
2026-06-15,HCLTech,1159.0,1122.3770151107826,36.62298488921738,3.1598779024346317
2026-06-16,HCLTech,1166.800048828125,1162.2681434420128,4.531905386112157,0.38840462773924067
2026-06-17,HCLTech,1161.800048828125,1162.5684596936733,-0.768410865548276,0.06613968266943614
2026-06-18,HCLTech,1131.699951171875,1166.9746878089256,-35.27473663705064,3.1169689987636438
2026-06-19,HCLTech,1130.5,1149.8936189504172,-19.39361895041725,1.715490398090867
2026-06-22,HCLTech,1109.5,1128.0767670212635,-18.57676702126355,1.674336820303159
2026-06-23,HCLTech,1113.9000244140625,1122.0917934950214,-8.19176908095892,0.735413313709907
2026-06-24,HCLTech,1100.699951171875,1116.971621636862,-16.271670464986983,1.4783020974665375
2026-06-25,HCLTech,1100.699951171875,1102.9672679110547,-2.267316739179705,0.2059886290324421
2026-06-26,HCLTech,1102.4000244140625,1091.611881246208,10.788143167854514,0.978605127806354
2026-06-29,HCLTech,1071.800048828125,1105.2682122308368,-33.46816340271175,3.1226126029108574
2026-06-30,HCLTech,1034.199951171875,1062.095433856964,-27.895482685089064,2.697300715734909
2026-07-01,HCLTech,1078.0999755859375,1038.5194949141212,39.580480671816304,3.6713182050027102
2026-07-02,HCLTech,1139.0,1076.2053950957204,62.794604904279595,5.513134758935873
2026-07-03,HCLTech,1134.199951171875,1145.625106490535,-11.425155318660018,1.007331670827119
2026-07-06,HCLTech,1168.199951171875,1145.1674420168797,23.032509154995296,1.9716238758519318
2026-07-07,HCLTech,1145.5999755859375,1170.976267091868,-25.376291505930567,2.215109291788472
2026-07-08,HCLTech,1150.4000244140625,1159.5930751616347,-9.193050747572215,0.799117746216543
2026-07-09,HCLTech,1164.0999755859375,1150.1955862318903,13.904389354047225,1.1944325784431526
2026-07-10,HCLTech,1221.199951171875,1169.7507922550765,51.449158916798524,4.213000407298365
2026-07-13,HCLTech,1166.699951171875,1207.8529433107155,-41.152992138840546,3.5272986938505495
2026-07-14,HCLTech,1168.0,1169.9489951066448,-1.9489951066448157,0.1668660194045219
2026-07-15,HCLTech,1187.4000244140625,1171.294530099468,16.10549431459458,1.3563663452459536
2026-07-16,HCLTech,1203.9000244140625,1193.9457824418596,9.954241972202908,0.8268329404717498
2026-07-17,HCLTech,1221.300048828125,1199.667964976408,21.63208385171697,1.7712341756207755
2026-07-20,HCLTech,1239.5,1227.6233841472226,11.876615852777377,0.9581779631123338
2026-07-21,HCLTech,1237.300048828125,1243.047132321966,-5.747083493841046,0.4644858374720214
2026-07-22,HCLTech,1244.699951171875,1243.691226841138,1.0087243307370954,0.08104156586391681
2026-07-23,HCLTech,1271.0,1248.8363190959192,22.16368090408082,1.7437986549237467
2026-07-24,HCLTech,1295.9000244140625,1275.595401005238,20.304623408824455,1.5668356374948855
2026-07-27,HCLTech,1318.5999755859375,1297.7960372151279,20.803938370809647,1.5777293156376055
2026-07-28,HCLTech,1344.300048828125,1319.3892899631062,24.910758865018806,1.8530653842298388
2026-07-29,HCLTech,1352.699951171875,1352.2400770707773,0.4598741010977392,0.033996755947195804
2026-07-30,HCLTech,1346.9000244140625,1363.3221731948493,-16.422148780786756,1.2192552144269824
2026-07-31,HCLTech,1377.0,1345.8314250290673,31.168574970932696,2.2635130697845094
2026-08-03,HCLTech,1369.9000244140625,1385.481263484564,-15.581239070501397,1.1373997220830658
2026-08-04,HCLTech,1350.0,1382.4148510778605,-32.414851077860476,2.401100079841517
2026-08-05,HCLTech,1335.0,1350.6055209181548,-15.605520918154753,1.168952877764401
2026-08-06,HCLTech,1356.5999755859375,1331.7019904572237,24.8979851287138,1.835322539937387
2026-08-07,HCLTech,1357.199951171875,1378.2163361767193,-21.016385004844324,1.5485105924663285
2026-08-10,HCLTech,1365.4000244140625,1357.7189733031257,7.681051110936778,0.5625495073674813
2026-08-11,HCLTech,1365.4000244140625,1368.523344064809,-3.1233196507464527,0.22874759007615889
2026-08-12,HCLTech,1370.0,1367.2008285996362,2.7991714003637753,0.20431908031852375
2026-08-13,HCLTech,1360.0,1374.1813346003196,-14.181334600319587,1.0427451911999697
2026-08-14,HCLTech,1325.0,1365.6115152392265,-40.61151523922649,3.0650200180548293
2026-08-17,HCLTech,1298.0,1330.9348673126813,-32.93486731268126,2.5373549547520233
2026-08-18,HCLTech,1324.800048828125,1295.0870955324274,29.712953295697616,2.2428254982312783
2026-08-19,HCLTech,1318.4000244140625,1317.8162410044797,0.583783409582793,0.04427968740688125
2026-08-20,HCLTech,1302.5,1327.065625342141,-24.565625342140947,1.8860364945981534
2026-08-21,HCLTech,1322.0,1298.81690155206,23.183098447939983,1.7536383092239018
2026-08-24,HCLTech,1315.800048828125,1316.8973167696793,-1.0972679415542643,0.08339169332996382
2026-08-25,HCLTech,1298.5,1315.3253233712865,-16.82532337128646,1.2957507409539053
2026-08-26,HCLTech,1282.0,1301.3277156177705,-19.327715617770536,1.5076221230710247
2026-08-27,HCLTech,1316.0999755859375,1280.4490439795509,35.65093160638662,2.708831568096836
2026-08-28,HCLTech,1312.199951171875,1320.3362951475,-8.136343975625095,0.6200536715733636
2026-08-31,HCLTech,1351.4000244140625,1309.664672727843,41.735351686219474,3.0883047900132317
2026-09-01,HCLTech,1331.5,1363.9238320231382,-32.423832023138175,2.4351357133412073
2026-09-02,HCLTech,1319.0,1331.1192114801393,-12.119211480139256,0.9188181561894813
2025-09-22,HDFC Bank,957.2000122070312,965.3465047127082,-8.146492505676974,0.8510752613650179
2025-09-23,HDFC Bank,951.0499877929688,961.2364169507548,-10.186429157786051,1.0710718982737115
2025-09-24,HDFC Bank,949.8499755859376,952.1761484865823,-2.3261729006446785,0.24489897988466264
2025-09-25,HDFC Bank,945.0499877929688,950.837372361089,-5.787384568120274,0.6123892537828498
2025-09-26,HDFC Bank,950.2999877929688,951.7507703307226,-1.4507825377538666,0.1526657430695382
2025-09-29,HDFC Bank,951.0,950.4699847588615,0.5300152411384715,0.055732412317399734
2025-09-30,HDFC Bank,965.25,953.6614445255914,11.588555474408622,1.200575547724281
2025-10-01,HDFC Bank,965.1500244140624,967.5900632038351,-2.440038789772757,0.2528144566181918
2025-10-03,HDFC Bank,973.4500122070312,966.2054755745728,7.244536632458448,0.744212495928111
2025-10-06,HDFC Bank,982.5,972.2210066437973,10.278993356202704,1.0462079751860258
2025-10-07,HDFC Bank,978.7000122070312,980.6287565805147,-1.9287443734834824,0.19707207003441637
2025-10-08,HDFC Bank,977.0999755859376,983.5648489827031,-6.4648733967654834,0.6616388863267234
2025-10-09,HDFC Bank,980.9000244140624,979.9184892944398,0.9815351196225492,0.10006474617113667
2025-10-10,HDFC Bank,977.0,980.6816714880857,-3.681671488085726,0.37683433859628723
2025-10-13,HDFC Bank,977.1500244140624,977.8827967832053,-0.7327723691429355,0.07499077427566302
2025-10-14,HDFC Bank,978.25,978.6952943293429,-0.44529432934291435,0.04551948166040525
2025-10-15,HDFC Bank,994.3499755859376,980.6085832597989,13.74139232613868,1.3819472684193843
2025-10-16,HDFC Bank,1002.5499877929688,992.8721966293581,9.677791163610664,0.9653175683454471
2025-10-17,HDFC Bank,1002.9500122070312,1006.1704801837071,-3.2204679766758773,0.3210995500751937
2025-10-20,HDFC Bank,1007.7000122070312,1002.7562466611257,4.943765545905535,0.4905989367885253
2025-10-21,HDFC Bank,1008.7999877929688,1003.4668764913944,5.333111301574377,0.5286589379567742
2025-10-23,HDFC Bank,994.75,1008.4370703471924,-13.687070347192389,1.3759306707406271
2025-10-24,HDFC Bank,1002.9500122070312,995.767580690354,7.182431516677298,0.7161305577804493
2025-10-27,HDFC Bank,1003.5499877929688,1002.9052581818556,0.6447296111131209,0.06424489252708036
2025-10-28,HDFC Bank,1007.8499755859376,1001.5135298300506,6.336445755886984,0.6287092235333083
2025-10-29,HDFC Bank,998.1500244140624,1004.7181342410248,-6.568109826962427,0.6580283190212877
2025-10-30,HDFC Bank,987.2999877929688,994.580724142272,-7.280736349303197,0.7374391207659902
2025-10-31,HDFC Bank,992.6500244140624,985.8298443569604,6.820180057101993,0.6870679382824558
2025-11-03,HDFC Bank,985.25,992.3142977550445,-7.064297755044549,0.7170056082257853
2025-11-04,HDFC Bank,984.6500244140624,983.6588792429119,0.9911451711504924,0.10065964013358909
2025-11-06,HDFC Bank,982.2999877929688,983.6583341830093,-1.3583463900405377,0.1382822362741213
2025-11-07,HDFC Bank,984.5,981.4233255510152,3.076674448984818,0.3125113711513274
2025-11-10,HDFC Bank,991.7000122070312,984.8554273761881,6.844584830843132,0.6901870269831386
2025-11-11,HDFC Bank,989.5,990.6927593659545,-1.1927593659545437,0.12054162364371335
2025-11-12,HDFC Bank,986.6500244140624,989.7346311121217,-3.0846066980593605,0.31263433048524
2025-11-13,HDFC Bank,989.5999755859376,986.5381400300737,3.0618355558639223,0.309401337045408
2025-11-14,HDFC Bank,996.5499877929688,992.6445026115312,3.905485181437598,0.39190057992845556
2025-11-17,HDFC Bank,992.4500122070312,993.5258580351506,-1.075845828119327,0.10840302432228686
2025-11-18,HDFC Bank,994.5999755859376,990.7923207406493,3.8076548452883117,0.3828327909464456
2025-11-19,HDFC Bank,1008.8499755859376,992.0098921399693,16.840083445968276,1.669235649848492
2025-11-20,HDFC Bank,998.0499877929688,1009.4379668951298,-11.387979102161012,1.1410229188363346
2025-11-21,HDFC Bank,999.1500244140624,993.1485585774367,6.001465836625698,0.6006571275565122
2025-11-24,HDFC Bank,989.7999877929688,1005.7462484731128,-15.946260680144064,1.6110588883417383
2025-11-25,HDFC Bank,1003.9000244140624,988.9065186865631,14.993505727499269,1.4935257857225772
2025-11-26,HDFC Bank,1009.5,1004.1977223025771,5.302277697422937,0.5252380086600235
2025-11-27,HDFC Bank,1007.5999755859376,1013.3451167270633,-5.745141141125714,0.5701807543003176
2025-11-28,HDFC Bank,1002.0999755859376,1004.0817252479392,-1.9817496620015618,0.19775967570928374
2025-12-01,HDFC Bank,989.7999877929688,1004.2895193936439,-14.48953160067515,1.4638848029270586
2025-12-02,HDFC Bank,1000.5,989.1903938938214,11.309606106178649,1.130395412911409
2025-12-03,HDFC Bank,997.2000122070312,1006.0527454216332,-8.852733214601926,0.8877590359238772
2025-12-04,HDFC Bank,1003.2999877929688,992.9019728448617,10.398014948107061,1.0363814486811989
2025-12-05,HDFC Bank,1003.0999755859376,1000.919320461292,2.1806551246455683,0.21739160380018843
2025-12-08,HDFC Bank,997.0999755859376,999.5837651334401,-2.4837895475025107,0.24910135476063291
2025-12-09,HDFC Bank,989.7999877929688,993.433121446442,-3.6331336534732372,0.36705735484744834
2025-12-10,HDFC Bank,1000.2999877929688,990.7298492023943,9.570138590574402,0.9567268526804307
2025-12-11,HDFC Bank,1001.5,1003.2264654083733,-1.7264654083733149,0.172387958898983
2025-12-12,HDFC Bank,996.0999755859376,998.3159655936641,-2.215990007726532,0.2224666260455449
2025-12-15,HDFC Bank,994.2999877929688,993.1260299176954,1.173957875273345,0.1180687810204202
2025-12-16,HDFC Bank,984.0,992.6637780491438,-8.663778049143843,0.8804652488967322
2025-12-17,HDFC Bank,979.7000122070312,985.6817279066219,-5.981715699590609,0.6105660533896723
2025-12-18,HDFC Bank,985.5,983.2448483045742,2.2551516954257522,0.22883325169211086
2025-12-19,HDFC Bank,987.7000122070312,980.4627814716871,7.237230735344156,0.7327357138704949
2025-12-22,HDFC Bank,996.5999755859376,988.9057198726749,7.694255713262692,0.772050562086253
2025-12-23,HDFC Bank,997.2000122070312,992.6926582977947,4.507353909236599,0.45200098817295403
2025-12-24,HDFC Bank,992.0999755859376,992.2282492676553,-0.12827368171770104,0.012929511629303505
2025-12-26,HDFC Bank,991.7000122070312,990.9056263050651,0.7943859019661659,0.08010344783582868
2025-12-29,HDFC Bank,990.9000244140624,991.6878987882716,-0.7878743742091956,0.07951098544730387
2025-12-30,HDFC Bank,991.2000122070312,988.9893126508899,2.2106995561413214,0.22303264012466278
2025-12-31,HDFC Bank,991.1500244140624,991.0998953725205,0.0501290415419362,0.005057664360304179
2026-01-01,HDFC Bank,1001.5999755859376,991.9585137995768,9.641461786360765,0.9626060324852238
2026-01-02,HDFC Bank,977.5,1004.6025829735784,-27.102582973578365,2.772642759445357
2026-01-05,HDFC Bank,962.2000122070312,974.4307228100247,-12.23071060299344,1.2711193564568182
2026-01-06,HDFC Bank,949.0499877929688,964.2229118015157,-15.172924008546943,1.5987486648444964
2026-01-07,HDFC Bank,946.7000122070312,951.395988386018,-4.695976178986712,0.49603634925904716
2026-01-08,HDFC Bank,939.0,950.8104042039791,-11.810404203979147,1.2577640259828697
2026-01-09,HDFC Bank,936.9500122070312,939.6486221286088,-2.6986099215775994,0.28802069335811126
2026-01-12,HDFC Bank,937.3499755859376,937.3738418643909,-0.023866278453283485,0.0025461438176668937
2026-01-13,HDFC Bank,925.4500122070312,939.0183894115507,-13.568377204519493,1.4661383138524533
2026-01-14,HDFC Bank,925.4500122070312,926.386789968496,-0.9367777614647821,0.10122402605309132
2026-01-15,HDFC Bank,931.0999755859376,930.9425484096842,0.15742717625346359,0.016907655502234897
2026-01-16,HDFC Bank,927.9000244140624,928.7990522116424,-0.8990277975800609,0.09688843344386877
2026-01-19,HDFC Bank,931.2000122070312,928.753130375794,2.446881831237306,0.2627665162329591
2026-01-20,HDFC Bank,920.3499755859376,929.2046592656022,-8.854683679664618,0.9620996267237704
2026-01-21,HDFC Bank,918.7000122070312,921.9563851180785,-3.256372911047265,0.3544544321082945
2026-01-22,HDFC Bank,916.0999755859376,922.2201850923564,-6.120209506418746,0.6680722267789887
2026-01-23,HDFC Bank,926.4000244140624,921.9246784548757,4.475345959186711,0.48309000876994984
2026-01-27,HDFC Bank,932.7000122070312,923.2304223383121,9.46958986871914,1.0152878465511563
2026-01-28,HDFC Bank,935.5,933.5194408928488,1.9805591071511799,0.2117112888456633
2026-01-29,HDFC Bank,929.25,932.1435961146017,-2.893596114601678,0.311390488523183
2026-01-30,HDFC Bank,928.0999755859376,932.5316130192627,-4.431637433325136,0.4774956954963079
2026-02-02,HDFC Bank,948.7000122070312,929.2538780272282,19.44613417980304,2.0497664097804797
2026-02-03,HDFC Bank,953.0999755859376,961.0086946120758,-7.908719026138215,0.8297890282995934
2026-02-04,HDFC Bank,949.7000122070312,952.6188098319012,-2.918797624869967,0.30733890569158795
2026-02-05,HDFC Bank,941.0999755859376,953.1312269757235,-12.031251389785893,1.2784243653066854
2026-02-06,HDFC Bank,937.25,939.5780786368726,-2.3280786368726467,0.24839462650014904
2026-02-09,HDFC Bank,932.4000244140624,937.476213095628,-5.076188681565668,0.5444217662645001
2026-02-10,HDFC Bank,927.0999755859376,936.2169678372167,-9.116992251279044,0.9833882527628158
2026-02-11,HDFC Bank,920.5999755859376,935.1545791053131,-14.554603519375519,1.5809910824852995
2026-02-12,HDFC Bank,903.9000244140624,923.7807198279178,-19.880695413855392,2.1994352115149804
2026-02-13,HDFC Bank,925.7999877929688,905.325355858471,20.47463193449778,2.211561050384935
2026-02-16,HDFC Bank,925.7000122070312,923.06428484695,2.635727360081205,0.2847280247730761
2026-02-17,HDFC Bank,924.7000122070312,928.1832644493911,-3.4832522423598675,0.3766899747352876
2026-02-18,HDFC Bank,915.5999755859376,926.7136036285078,-11.113628042570213,1.213808250208619
2026-02-19,HDFC Bank,911.8499755859376,914.3072063125925,-2.4572307266548705,0.2694775228870188
2026-02-20,HDFC Bank,923.5999755859376,918.0583445792981,5.541631006639477,0.6000033730104672
2026-02-23,HDFC Bank,910.5,926.8535599557531,-16.3535599557531,1.796107628308962
2026-02-24,HDFC Bank,907.5999755859376,911.9981197493227,-4.398144163385041,0.4845905995695562
2026-02-25,HDFC Bank,898.5999755859375,905.7241166448049,-7.124141058867394,0.7928045017163567
2026-02-26,HDFC Bank,887.75,897.9801566321684,-10.23015663216836,1.1523690940206543
2026-02-27,HDFC Bank,879.4000244140625,893.3721221923868,-13.972097778324269,1.5888216272945603
2026-03-02,HDFC Bank,868.6500244140625,875.4084817387804,-6.758457324717938,0.7780414591338756
2026-03-04,HDFC Bank,877.75,868.7006467167078,9.049353283292248,1.030971607324665
2026-03-05,HDFC Bank,857.0499877929688,873.0467079829664,-15.996720189997632,1.86648625142526
2026-03-06,HDFC Bank,840.7000122070312,856.8115522545032,-16.111540047471976,1.9164434178102925
2026-03-09,HDFC Bank,849.4500122070312,846.1417810974937,3.308231109537587,0.3894556550705296
2026-03-10,HDFC Bank,833.9500122070312,851.030494879627,-17.080482672595735,2.048142265432984
2026-03-11,HDFC Bank,832.75,834.0909509107901,-1.3409509107900703,0.16102682807446056
2026-03-12,HDFC Bank,817.0,832.8605666959534,-15.860566695953366,1.9413178330420278
2026-03-13,HDFC Bank,840.5999755859375,821.422736855699,19.177238730238514,2.2813751233898243
2026-03-16,HDFC Bank,845.3499755859375,840.3740481085201,4.975927477417372,0.5886233656029157
2026-03-17,HDFC Bank,843.0499877929688,846.1314926636422,-3.081504870673484,0.36551864246396526
2026-03-18,HDFC Bank,798.2000122070312,845.7083407899568,-47.508328582925515,5.951932830915963
2026-03-19,HDFC Bank,780.4500122070312,800.1665342834384,-19.71652207640716,2.5263017192671815
2026-03-20,HDFC Bank,744.1500244140625,780.0384303208488,-35.88840590678626,4.822737986878989
2026-03-23,HDFC Bank,764.9000244140625,747.1998213129588,17.70020310110374,2.314054456288278
2026-03-24,HDFC Bank,782.2999877929688,760.667071745346,21.632916047622757,2.7652967384869482
2026-03-25,HDFC Bank,756.2000122070312,781.5614385134409,-25.361426306409612,3.3537987168752124
2026-03-27,HDFC Bank,731.5499877929688,758.2805070676735,-26.73051927470476,3.653956629177006
2026-03-30,HDFC Bank,742.25,717.9298418715459,24.320158128454068,3.2765453861170855
2026-04-01,HDFC Bank,750.9000244140625,745.7037079652234,5.19631644883907,0.6920117565442652
2026-04-02,HDFC Bank,771.0,752.4833404683909,18.516659531609093,2.401641962595213
2026-04-06,HDFC Bank,772.0,770.8827623617512,1.1172376382487528,0.14471990132755866
2026-04-07,HDFC Bank,816.0999755859375,775.5557397454645,40.54423584047299,4.968047672267524
2026-04-08,HDFC Bank,797.7000122070312,825.3631078658492,-27.66309565881795,3.4678569932926617
2026-04-09,HDFC Bank,810.2999877929688,801.5677402692575,8.732247523711294,1.077656134180071
2026-04-10,HDFC Bank,794.7000122070312,812.642602104429,-17.94258989739774,2.2577815051956267
2026-04-13,HDFC Bank,809.9000244140625,790.9715763546596,18.928448059402854,2.337133904039205
2026-04-15,HDFC Bank,795.4500122070312,812.1353017775311,-16.68528957049989,2.097591214337328
2026-04-16,HDFC Bank,799.9000244140625,794.0065088490453,5.893515565017196,0.7367815208324661
2026-04-17,HDFC Bank,795.4500122070312,801.6484577412041,-6.1984455341728335,0.7792375936955255
2026-04-20,HDFC Bank,811.75,791.4765045728107,20.273495427189346,2.4975048262629316
2026-04-21,HDFC Bank,799.9000244140625,813.4158601175899,-13.515835703527387,1.6896906227034956
2026-04-22,HDFC Bank,784.3499755859375,804.0135856742469,-19.663610088309383,2.5069944158052615
2026-04-23,HDFC Bank,784.8499755859375,784.984458362676,-0.1344827767385368,0.017134838621627957
2026-04-24,HDFC Bank,789.7999877929688,785.4792311668921,4.3207566260766725,0.5470697256087167
2026-04-27,HDFC Bank,782.5499877929688,790.1736338507217,-7.6236460577529215,0.9742056324419536
2026-04-28,HDFC Bank,779.0,785.3084321800243,-6.308432180024283,0.8098115763830916
2026-04-29,HDFC Bank,771.7000122070312,778.0630814012683,-6.363069194237028,0.8245521697011386
2026-04-30,HDFC Bank,771.7000122070312,770.9395966461674,0.7604155608638621,0.09853771528253628
2026-05-01,HDFC Bank,779.4000244140625,777.1962757619351,2.2037486521273877,0.2827493691425173
2026-05-04,HDFC Bank,772.2999877929688,780.5339685812111,-8.23398078824232,1.0661635269181968
2026-05-05,HDFC Bank,796.5499877929688,771.3352929561353,25.214694836833473,3.1654880702084727
2026-05-06,HDFC Bank,796.0499877929688,795.2513677448329,0.798620048135831,0.10032285162769586
2026-05-07,HDFC Bank,780.8499755859375,795.8380050502741,-14.988029464336591,1.9194505901200563
2026-05-08,HDFC Bank,763.6500244140625,783.6344268710002,-19.984402456937687,2.6169582685827093
2026-05-11,HDFC Bank,750.4500122070312,765.6441252131867,-15.194113006155476,2.0246669010598644
2026-05-12,HDFC Bank,749.5999755859375,742.1335502770223,7.466425308915177,0.9960546360849224
2026-05-13,HDFC Bank,769.5499877929688,746.072789904003,23.477197888965748,3.050769704551252
2026-05-14,HDFC Bank,767.5,765.0011296264423,2.498870373557679,0.3255857164244533
2026-05-15,HDFC Bank,768.6500244140625,763.8595078316296,4.790516582432929,0.6232376803844782
2026-05-18,HDFC Bank,762.4500122070312,764.8547063843407,-2.404694177309466,0.31539040446057587
2026-05-19,HDFC Bank,759.5,763.9418816994564,-4.441881699456417,0.5848428834043998
2026-05-20,HDFC Bank,759.1500244140625,757.9091068400488,1.2409175740136789,0.16346144162630577
2026-05-21,HDFC Bank,766.7999877929688,758.8570584804952,7.942929312473552,1.0358541260981469
2026-05-22,HDFC Bank,786.8499755859375,763.979315854911,22.870659731026535,2.9066099562366534
2026-05-25,HDFC Bank,778.9000244140625,775.6246608735646,3.2753635404978922,0.4205114183892633
2026-05-26,HDFC Bank,758.6500244140625,776.8080567992843,-18.15803238522176,2.3934662625557777
2026-05-27,HDFC Bank,758.6500244140625,758.3819951025207,0.2680293115417953,0.035329770370574456
2026-05-28,HDFC Bank,744.5499877929688,759.1298283969369,-14.579840603968137,1.9582084269702844
2026-05-29,HDFC Bank,742.7000122070312,746.710425946096,-4.010413739064802,0.5399776051096764
2026-06-01,HDFC Bank,748.25,746.0176241309852,2.232375869014845,0.29834625713529506
2026-06-02,HDFC Bank,753.6500244140625,754.1568999102128,-0.5068754961503146,0.06725608435352912
2026-06-03,HDFC Bank,754.2000122070312,759.4501898159551,-5.250177608923877,0.6961253678000048
2026-06-04,HDFC Bank,747.0499877929688,759.8045056785865,-12.754517885617702,1.7073178627977414
2026-06-05,HDFC Bank,738.6500244140625,747.987539452677,-9.33751503861447,1.2641325025368402
2026-06-08,HDFC Bank,738.3499755859375,739.8903600188321,-1.540384432894598,0.20862524328956392
2026-06-09,HDFC Bank,746.8499755859375,739.4471077217858,7.4028678641517445,0.9912121719417424
2026-06-10,HDFC Bank,744.5999755859375,752.1048193449913,-7.504843759053756,1.00790276727421
2026-06-11,HDFC Bank,772.4500122070312,744.7199681541866,27.73004405284462,3.589882013674231
2026-06-12,HDFC Bank,777.3499755859375,768.1627186877246,9.187256898212922,1.1818688089991782
2026-06-15,HDFC Bank,784.9000244140625,768.5431425387162,16.35688187534629,2.0839446256301115
2026-06-16,HDFC Bank,787.0999755859375,791.050185262741,-3.9502096768035244,0.5018688602884134
2026-06-17,HDFC Bank,799.0,788.7916570338871,10.208342966112923,1.2776399206649465
2026-06-18,HDFC Bank,779.7999877929688,802.6077467054763,-22.807758912507552,2.9248216554939015
2026-06-19,HDFC Bank,786.4000244140625,769.5881515297843,16.81187288427816,2.1378271060971152
2026-06-22,HDFC Bank,774.6500244140625,792.0305646667741,-17.380540252711626,2.243663551919216
2026-06-23,HDFC Bank,793.2000122070312,769.14657644525,24.053435761781202,3.032455293949626
2026-06-24,HDFC Bank,796.2999877929688,798.1464467449575,-1.8464589519887795,0.23187981668898922
2026-06-25,HDFC Bank,796.2999877929688,798.7403804500111,-2.4403926570423664,0.3064664943429395
2026-06-26,HDFC Bank,798.9000244140625,795.7123831101152,3.1876413039473164,0.399003781015682
2026-06-29,HDFC Bank,797.9500122070312,801.1022673337776,-3.152255126746354,0.3950441855408468
2026-06-30,HDFC Bank,796.1500244140625,800.3400553290265,-4.190030914964041,0.5262866025844503
2026-07-01,HDFC Bank,795.9000244140625,797.8405898125936,-1.9405653985311346,0.24382024613704076
2026-07-02,HDFC Bank,801.0499877929688,796.8069924182994,4.242995374669363,0.5296792259318983
2026-07-03,HDFC Bank,829.8499755859375,805.0073408699931,24.842634715944428,2.9936296254517125
2026-07-06,HDFC Bank,829.2999877929688,823.7897192753999,5.510268517568875,0.6644481609403436
2026-07-07,HDFC Bank,810.2999877929688,824.2512575634138,-13.951269770445037,1.7217413279795801
2026-07-08,HDFC Bank,817.5499877929688,810.8089955005291,6.740992292439614,0.82453579513069
2026-07-09,HDFC Bank,824.9500122070312,819.6075727466243,5.342439460406922,0.6476076588100191
2026-07-10,HDFC Bank,817.9500122070312,824.0827726701624,-6.132760463131149,0.7497720363844051
2026-07-13,HDFC Bank,809.4000244140625,820.0909416050258,-10.690917190963319,1.320844683529957
2026-07-14,HDFC Bank,815.4500122070312,810.3836649352332,5.0663472717980085,0.6212946466314767
2026-07-15,HDFC Bank,808.2999877929688,819.5109069235891,-11.210919130620368,1.386975046384863
2026-07-16,HDFC Bank,819.5999755859375,807.2801088448646,12.319866741072929,1.503156064916348
2026-07-17,HDFC Bank,777.5999755859375,820.4676068629868,-42.86763127704933,5.5128128373136445
2026-07-20,HDFC Bank,761.4500122070312,774.7857610272516,-13.335748820220374,1.751362348996129
2026-07-21,HDFC Bank,753.1500244140625,760.576565569179,-7.426541155116524,0.9860639865071029
2026-07-22,HDFC Bank,747.25,757.3769670924314,-10.126967092431414,1.3552314610145753
2026-07-23,HDFC Bank,742.7999877929688,741.2871807524647,1.5128070405040717,0.20366277132003902
2026-07-24,HDFC Bank,739.5499877929688,740.9172531950318,-1.3672654020630262,0.18487802374838
2026-07-27,HDFC Bank,735.4000244140625,735.8146058150094,-0.41458140094687224,0.056374950664054464
2026-07-28,HDFC Bank,748.2000122070312,736.4192250553662,11.780787151665095,1.574550515832561
2026-07-29,HDFC Bank,753.9500122070312,748.2996615292312,5.65035067780002,0.749433064038264
2026-07-30,HDFC Bank,748.1500244140625,761.599367544697,-13.449343130634475,1.797679969491113
2026-07-31,HDFC Bank,753.0,741.3928923788255,11.607107621174464,1.541448555268853
2026-08-03,HDFC Bank,742.0,764.6034455180541,-22.60344551805406,3.046286457958768
2026-08-04,HDFC Bank,735.0,741.9203296031815,-6.920329603181472,0.9415414426097239
2026-08-05,HDFC Bank,734.2999877929688,739.2957665918442,-4.995778798875449,0.6803457554031688
2026-08-06,HDFC Bank,731.0,737.3402622739275,-6.340262273927465,0.8673409403457544
2026-08-07,HDFC Bank,731.0,731.0351088072978,-0.03510880729777455,0.004802846415564234
2026-08-10,HDFC Bank,729.0,731.1279938084886,-2.1279938084885544,0.2919058722206522
2026-08-11,HDFC Bank,729.0,728.7297428925091,0.27025710749092013,0.037072305554310035
2026-08-12,HDFC Bank,725.0,731.1174369272816,-6.117436927281574,0.8437844037629757
2026-08-13,HDFC Bank,727.0,725.3346536721914,1.6653463278086065,0.22907102170682345
2026-08-14,HDFC Bank,729.0,726.3007876264741,2.6992123735259383,0.3702623283300327
2026-08-17,HDFC Bank,723.0,731.1853161700992,-8.185316170099213,1.132132250359504
2026-08-18,HDFC Bank,720.0,722.6938929106437,-2.69389291064374,0.3741517931449639
2026-08-19,HDFC Bank,725.0499877929688,720.5646014852481,4.48538630772066,0.6186313196658407
2026-08-20,HDFC Bank,726.9500122070312,725.8568420931844,1.0931701138468952,0.15037761819798506
2026-08-21,HDFC Bank,729.0,726.3962878067009,2.6037121932990885,0.3571621664333455
2026-08-24,HDFC Bank,727.5,731.4270737799219,-3.9270737799218978,0.53980395600301
2026-08-25,HDFC Bank,727.2000122070312,726.1554396253274,1.0445725817038465,0.14364309188246552
2026-08-26,HDFC Bank,711.0,727.2249799166618,-16.224979916661823,2.281994362399694
2026-08-27,HDFC Bank,720.2999877929688,715.3735856228518,4.926402170116944,0.6839375612391247
2026-08-28,HDFC Bank,709.0,721.7235468069811,-12.723546806981062,1.7945764184740567
2026-08-31,HDFC Bank,711.9000244140625,722.5728451357785,-10.672820721715993,1.4992021850961983
2026-09-01,HDFC Bank,700.7999877929688,712.9886902994903,-12.188702506521508,1.7392555249476276
2026-09-02,HDFC Bank,706.6500244140625,707.3917985026264,-0.7417740885639432,0.1049705034934379
2025-09-22,Hindustan Unilever,2522.199951171875,2571.041136343053,-48.84118517117804,1.936451753100909
2025-09-23,Hindustan Unilever,2549.5,2548.4887346947803,1.0112653052196947,0.03966524044791899
2025-09-24,Hindustan Unilever,2538.300048828125,2564.284379776605,-25.984330948479965,1.0236902828125594
2025-09-25,Hindustan Unilever,2511.800048828125,2553.469409453312,-41.66936062518698,1.6589441760950574
2025-09-26,Hindustan Unilever,2497.89990234375,2510.881500781601,-12.981598437851062,0.5197005062400852
2025-09-29,Hindustan Unilever,2514.39990234375,2490.1997052918528,24.20019705189725,0.9624641263046302
2025-09-30,Hindustan Unilever,2536.199951171875,2509.968654837911,26.23129633396411,1.0342755634012095
2025-10-01,Hindustan Unilever,2544.89990234375,2542.355631025809,2.544271317940911,0.09997530023077685
2025-10-03,Hindustan Unilever,2541.800048828125,2531.763077770463,10.036971057661958,0.39487649952203824
2025-10-06,Hindustan Unilever,2517.199951171875,2532.5775641118917,-15.377612940016661,0.6109015270263953
2025-10-07,Hindustan Unilever,2500.10009765625,2520.3749839159236,-20.27488625967362,0.8109629801894959
2025-10-08,Hindustan Unilever,2517.60009765625,2497.1658140276813,20.434283628568664,0.8116572464225705
2025-10-09,Hindustan Unilever,2528.89990234375,2513.3920627550924,15.507839588657589,0.6132247296259189
2025-10-10,Hindustan Unilever,2492.800048828125,2526.9291225490006,-34.12907372087557,1.3691059472226734
2025-10-13,Hindustan Unilever,2502.300048828125,2493.2526173462325,9.047431481892545,0.3615646127701444
2025-10-14,Hindustan Unilever,2519.0,2500.811007575646,18.188992424354183,0.7220719501530044
2025-10-15,Hindustan Unilever,2561.5,2516.2521255352585,45.24787446474147,1.7664600610869206
2025-10-16,Hindustan Unilever,2603.699951171875,2556.3824376126736,47.317513559201416,1.8173182181727476
2025-10-17,Hindustan Unilever,2594.39990234375,2614.709772067832,-20.30986972408209,0.7828349710364387
2025-10-20,Hindustan Unilever,2591.699951171875,2619.482173183719,-27.78222201184417,1.0719690757134919
2025-10-21,Hindustan Unilever,2601.60009765625,2602.6041669445453,-1.0040692882953408,0.03859429776313027
2025-10-23,Hindustan Unilever,2516.39990234375,2607.3982275528724,-90.99832520912241,3.616210806730976
2025-10-24,Hindustan Unilever,2511.800048828125,2524.8331038121355,-13.033054984010505,0.518873108155685
2025-10-27,Hindustan Unilever,2497.10009765625,2517.2498212801383,-20.14972362388835,0.8069249463728208
2025-10-28,Hindustan Unilever,2488.10009765625,2501.364797030203,-13.264699373953135,0.5331256321419009
2025-10-29,Hindustan Unilever,2469.60009765625,2487.087425031968,-17.487327375717996,0.7081036072323682
2025-10-30,Hindustan Unilever,2465.5,2479.466075232783,-13.966075232783169,0.5664601595126006
2025-10-31,Hindustan Unilever,2460.0,2475.284644531987,-15.284644531986942,0.6213270134954042
2025-11-03,Hindustan Unilever,2445.699951171875,2464.3591851551178,-18.659233983242757,0.7629404406007387
2025-11-04,Hindustan Unilever,2436.0,2449.752470743272,-13.75247074327217,0.5645513441408937
2025-11-06,Hindustan Unilever,2414.0,2436.0547710634705,-22.054771063470525,0.9136193481139405
2025-11-07,Hindustan Unilever,2408.800048828125,2413.7666725272434,-4.966623699118372,0.20618663228334883
2025-11-10,Hindustan Unilever,2427.5,2410.868684414295,16.631315585705124,0.6851211363833213
2025-11-11,Hindustan Unilever,2424.5,2426.575774425791,-2.0757744257912236,0.08561659830031856
2025-11-12,Hindustan Unilever,2407.60009765625,2412.1018096900007,-4.501712033750664,0.18697922624828722
2025-11-13,Hindustan Unilever,2427.699951171875,2413.083980229303,14.615970942571948,0.6020501394958908
2025-11-14,Hindustan Unilever,2425.0,2430.6494393200674,-5.6494393200673585,0.2329665698996849
2025-11-17,Hindustan Unilever,2404.0,2414.3744871136496,-10.374487113649593,0.4315510446609648
2025-11-18,Hindustan Unilever,2441.60009765625,2405.8656204455942,35.73447721065577,1.4635679792509078
2025-11-19,Hindustan Unilever,2428.39990234375,2439.314629635411,-10.914727291661166,0.4494616920848542
2025-11-20,Hindustan Unilever,2433.699951171875,2431.5801779374897,2.1197732343853204,0.08710084549924108
2025-11-21,Hindustan Unilever,2424.199951171875,2431.5057549586077,-7.3058037867326675,0.30136968624229993
2025-11-24,Hindustan Unilever,2414.10009765625,2417.6794980123577,-3.579400356107726,0.1482705857798862
2025-11-25,Hindustan Unilever,2425.199951171875,2410.674942767139,14.525008404736127,0.5989200353446128
2025-11-26,Hindustan Unilever,2451.699951171875,2402.7241044836737,48.97584668820127,1.9976280810705065
2025-11-27,Hindustan Unilever,2466.60009765625,2443.431019353485,23.169078302764774,0.9393123078516012
2025-11-28,Hindustan Unilever,2464.5,2455.3854721459984,9.114527854001608,0.3698327390546402
2025-12-01,Hindustan Unilever,2477.800048828125,2474.1850393998484,3.6150094282766077,0.14589593014118818
2025-12-02,Hindustan Unilever,2448.0,2475.9148986531845,-27.914898653184537,1.1403144874666886
2025-12-03,Hindustan Unilever,2462.199951171875,2456.6630573618254,5.536893810049605,0.2248758801012217
2025-12-04,Hindustan Unilever,2338.60009765625,2465.0338511744417,-126.43375351819168,5.406386224173336
2025-12-05,Hindustan Unilever,2314.0,2343.215266348494,-29.21526634849397,1.2625439217153833
2025-12-08,Hindustan Unilever,2306.5,2333.525776967513,-27.02577696751314,1.1717223918280137
2025-12-09,Hindustan Unilever,2301.699951171875,2296.8360925616407,4.863858610234274,0.211315927940908
2025-12-10,Hindustan Unilever,2305.60009765625,2285.408487417396,20.191610238854082,0.8757637657709937
2025-12-11,Hindustan Unilever,2260.60009765625,2285.2717033380027,-24.67160568175268,1.0913741757036888
2025-12-12,Hindustan Unilever,2293.5,2248.1341406814686,45.36585931853142,1.9780187189244132
2025-12-15,Hindustan Unilever,2281.10009765625,2285.5829795373356,-4.482881881085632,0.19652280431234187
2025-12-16,Hindustan Unilever,2275.60009765625,2278.506848665829,-2.906751009578784,0.1277355811582442
2025-12-17,Hindustan Unilever,2265.5,2269.2562087690762,-3.7562087690762382,0.1658004312106042
2025-12-18,Hindustan Unilever,2280.0,2262.871125724244,17.12887427575606,0.7512664156033361
2025-12-19,Hindustan Unilever,2289.5,2273.607287339218,15.892712660781854,0.6941564822355035
2025-12-22,Hindustan Unilever,2302.60009765625,2281.4288992847232,21.17119837152677,0.9194474712772018
2025-12-23,Hindustan Unilever,2282.199951171875,2291.323192895726,-9.123241723851152,0.39975645951471106
2025-12-24,Hindustan Unilever,2285.39990234375,2285.7876783980923,-0.3877760543423392,0.016967536138627757
2025-12-26,Hindustan Unilever,2293.300048828125,2282.133047882708,11.16700094541693,0.48694024801173585
2025-12-29,Hindustan Unilever,2290.199951171875,2285.7690550064235,4.430896165451486,0.19347202252730097
2025-12-30,Hindustan Unilever,2315.89990234375,2283.4695569899204,32.43034535382958,1.4003345015477242
2025-12-31,Hindustan Unilever,2323.0,2315.010264295041,7.989735704959003,0.3439404091674129
2026-01-01,Hindustan Unilever,2348.0,2328.192380598013,19.807619401986813,0.8435953748716701
2026-01-02,Hindustan Unilever,2384.10009765625,2373.181516660051,10.918580996199125,0.4579749401853099
2026-01-05,Hindustan Unilever,2424.699951171875,2374.2408456037583,50.459105568116684,2.081045349290721
2026-01-06,Hindustan Unilever,2399.39990234375,2404.5783095633487,-5.178407219598739,0.21582093149793147
2026-01-07,Hindustan Unilever,2386.699951171875,2420.728044070295,-34.0280928984198,1.4257381989601134
2026-01-08,Hindustan Unilever,2372.60009765625,2406.815839240019,-34.21574158376916,1.4421200444849027
2026-01-09,Hindustan Unilever,2406.199951171875,2369.730216253576,36.469734918298855,1.515656872178775
2026-01-12,Hindustan Unilever,2389.5,2410.9031131408174,-21.403113140817368,0.895715134581183
2026-01-13,Hindustan Unilever,2353.5,2401.243990169914,-47.743990169914014,2.0286377807484177
2026-01-14,Hindustan Unilever,2353.5,2363.5785429215753,-10.078542921575263,0.4282363680295416
2026-01-15,Hindustan Unilever,2360.39990234375,2359.020656046575,1.3792462971750865,0.05843273827479697
2026-01-16,Hindustan Unilever,2413.89990234375,2361.642028669556,52.25787367419389,2.1648732668431974
2026-01-19,Hindustan Unilever,2379.10009765625,2420.21739094727,-41.117293291019905,1.7282708420518438
2026-01-20,Hindustan Unilever,2368.0,2386.4153142519085,-18.415314251908512,0.7776737437461365
2026-01-21,Hindustan Unilever,2390.60009765625,2357.2236366834068,33.37646097284323,1.396154087233812
2026-01-22,Hindustan Unilever,2409.5,2385.2276199522753,24.27238004772471,1.007361695278054
2026-01-23,Hindustan Unilever,2400.89990234375,2420.375665109292,-19.475762765542186,0.8111859535056007
2026-01-27,Hindustan Unilever,2378.39990234375,2406.2634785167484,-27.863576172998364,1.1715261233210075
2026-01-28,Hindustan Unilever,2352.60009765625,2366.006493786761,-13.406396130510984,0.569854440789446
2026-01-29,Hindustan Unilever,2373.0,2351.694239099032,21.305760900967925,0.8978407459320661
2026-01-30,Hindustan Unilever,2357.300048828125,2354.2316710766895,3.0683777514354915,0.1301649212182752
2026-02-02,Hindustan Unilever,2368.60009765625,2354.622083721011,13.978013935238778,0.5901381980466075
2026-02-03,Hindustan Unilever,2371.0,2362.9154503364975,8.084549663502457,0.3409763670815039
2026-02-04,Hindustan Unilever,2354.39990234375,2354.1067676954926,0.29313464825736446,0.012450503755354211
2026-02-05,Hindustan Unilever,2424.199951171875,2359.9941571649197,64.20579400695533,2.6485354055022485
2026-02-06,Hindustan Unilever,2435.0,2421.52457187168,13.47542812831989,0.5534056726209401
2026-02-09,Hindustan Unilever,2453.60009765625,2429.951701866792,23.648395789457936,0.9638243743162371
2026-02-10,Hindustan Unilever,2462.89990234375,2438.414268766046,24.485633577703993,0.9941789982777182
2026-02-11,Hindustan Unilever,2409.699951171875,2449.415799637108,-39.715848465233194,1.6481657164792964
2026-02-12,Hindustan Unilever,2305.199951171875,2435.6016218460354,-130.4016706741604,5.656848578704386
2026-02-13,Hindustan Unilever,2319.0,2304.444744280603,14.555255719396882,0.6276522518066788
2026-02-16,Hindustan Unilever,2312.300048828125,2316.9752312638957,-4.675182435770694,0.2021875334967916
2026-02-17,Hindustan Unilever,2323.5,2315.0848710162136,8.415128983786417,0.3621746926527401
2026-02-18,Hindustan Unilever,2279.300048828125,2328.648525000522,-49.34847617239711,2.165071518239516
2026-02-19,Hindustan Unilever,2314.5,2286.105400945244,28.394599054755872,1.226813525804963
2026-02-20,Hindustan Unilever,2345.39990234375,2311.986733732439,33.413168611310994,1.4246256503175143
2026-02-23,Hindustan Unilever,2358.60009765625,2374.9185103481427,-16.318412691892718,0.6918685667870694
2026-02-24,Hindustan Unilever,2374.89990234375,2358.728454226567,16.17144811718299,0.6809317774287519
2026-02-25,Hindustan Unilever,2383.300048828125,2363.9770786695326,19.322970158592398,0.8107653154328409
2026-02-26,Hindustan Unilever,2338.10009765625,2366.8471220191186,-28.747024362868615,1.2295035782122887
2026-02-27,Hindustan Unilever,2320.60009765625,2339.458250159309,-18.858152503059046,0.8126412009594124
2026-03-02,Hindustan Unilever,2261.300048828125,2335.919793049599,-74.61974422147387,3.2998603728038702
2026-03-04,Hindustan Unilever,2255.0,2254.6240944728324,0.37590552716756065,0.01666986816707586
2026-03-05,Hindustan Unilever,2225.699951171875,2242.4781543873596,-16.77820321548461,0.7538394025955993
2026-03-06,Hindustan Unilever,2194.60009765625,2238.977144280045,-44.377046623795195,2.022101733759522
2026-03-09,Hindustan Unilever,2190.199951171875,2198.1059731931045,-7.906022021229546,0.3609726142583191
2026-03-10,Hindustan Unilever,2161.39990234375,2180.379749506039,-18.979847162288934,0.878127510864964
2026-03-11,Hindustan Unilever,2136.89990234375,2157.723665884175,-20.823763540424807,0.9744847438846022
2026-03-12,Hindustan Unilever,2160.0,2162.4822893021933,-2.482289302193294,0.11492080102746731
2026-03-13,Hindustan Unilever,2175.699951171875,2157.900690273797,17.799260898078046,0.8180935467912758
2026-03-16,Hindustan Unilever,2158.199951171875,2174.6756157868176,-16.475664614942616,0.7633984333099693
2026-03-17,Hindustan Unilever,2135.300048828125,2167.7996891741514,-32.499640346026354,1.5220174965041795
2026-03-18,Hindustan Unilever,2077.300048828125,2158.154551847252,-80.85450301912715,3.892288120088376
2026-03-19,Hindustan Unilever,2082.699951171875,2050.7647577834346,31.93519338844044,1.5333554586425868
2026-03-20,Hindustan Unilever,2052.199951171875,2067.7540358395595,-15.554084667684492,0.7579224752832971
2026-03-23,Hindustan Unilever,2085.0,2044.9080262902216,40.09197370977836,1.9228764369198255
2026-03-24,Hindustan Unilever,2134.800048828125,2075.585195827666,59.21485300045879,2.7737891908408066
2026-03-25,Hindustan Unilever,2074.39990234375,2152.762320123054,-78.362417779304,3.777594555937195
2026-03-27,Hindustan Unilever,2055.199951171875,2056.0573060920906,-0.8573549202155846,0.041716375077116986
2026-03-30,Hindustan Unilever,2064.699951171875,2058.3530962434797,6.34685492839526,0.30739841519311
2026-04-01,Hindustan Unilever,2065.300048828125,2063.9034198080394,1.3966290200855838,0.06762354074789506
2026-04-02,Hindustan Unilever,2084.800048828125,2088.7094025062124,-3.9093536780874274,0.1875169602132776
2026-04-06,Hindustan Unilever,2110.60009765625,2090.832012834822,19.768084821428147,0.9366096800327043
2026-04-07,Hindustan Unilever,2145.60009765625,2130.6547187543506,14.945378901899403,0.6965593876615225
2026-04-08,Hindustan Unilever,2133.199951171875,2143.041924914824,-9.841973742948994,0.4613713654710285
2026-04-09,Hindustan Unilever,2155.300048828125,2146.785252259491,8.51479656863421,0.39506316409466313
2026-04-10,Hindustan Unilever,2127.199951171875,2152.2711584814383,-25.071207309563306,1.1786013484887292
2026-04-13,Hindustan Unilever,2157.60009765625,2129.847839172848,27.752258483401874,1.286255896704329
2026-04-15,Hindustan Unilever,2139.10009765625,2155.622995576228,-16.522897919977822,0.7724228491262042
2026-04-16,Hindustan Unilever,2240.800048828125,2143.3895230339026,97.4105257942224,4.347131545501588
2026-04-17,Hindustan Unilever,2231.5,2251.2633776603957,-19.76337766039569,0.88565438764937
2026-04-20,Hindustan Unilever,2310.699951171875,2234.5256499768234,76.17430119505161,3.296589899368791
2026-04-21,Hindustan Unilever,2368.800048828125,2314.924242437846,53.875806390279195,2.2743923201509655
2026-04-22,Hindustan Unilever,2366.39990234375,2379.0912701475568,-12.69136780380677,0.536315429663299
2026-04-23,Hindustan Unilever,2327.300048828125,2360.7663100258587,-33.46626119773373,1.4379865292653233
2026-04-24,Hindustan Unilever,2328.300048828125,2340.1404438383197,-11.840395010194698,0.5085424885918024
2026-04-27,Hindustan Unilever,2289.5,2335.7771447074383,-46.27714470743831,2.0212773403554625
2026-04-28,Hindustan Unilever,2314.39990234375,2294.4633686441,19.936533699650226,0.8614126573139268
2026-04-29,Hindustan Unilever,2250.89990234375,2337.7834281820665,-86.88352583831647,3.859946226300378
2026-04-30,Hindustan Unilever,2250.89990234375,2268.713904061145,-17.814001717395058,0.7914168772607891
2026-05-01,Hindustan Unilever,2309.300048828125,2258.203347241744,51.09670158638119,2.212648876542079
2026-05-04,Hindustan Unilever,2327.39990234375,2326.145299651768,1.2546026919821998,0.05390576371163303
2026-05-05,Hindustan Unilever,2317.10009765625,2334.6141488498715,-17.514051193621526,0.7558607939008338
2026-05-06,Hindustan Unilever,2272.199951171875,2321.3629603382315,-49.16300916635646,2.163674422270844
2026-05-07,Hindustan Unilever,2287.699951171875,2291.3864177675123,-3.6864665956372846,0.16114292408621556
2026-05-08,Hindustan Unilever,2307.199951171875,2279.27183101815,27.928120153725104,1.2104768006578634
2026-05-11,Hindustan Unilever,2262.0,2295.7837076850574,-33.78370768505738,1.4935326120715022
2026-05-12,Hindustan Unilever,2267.300048828125,2270.854085411861,-3.5540365837359786,0.1567519299253275
2026-05-13,Hindustan Unilever,2248.699951171875,2274.417602401805,-25.717651229930198,1.1436675318344647
2026-05-14,Hindustan Unilever,2272.199951171875,2245.0745306359286,27.125420535946432,1.1937954897832228
2026-05-15,Hindustan Unilever,2254.199951171875,2271.375163074593,-17.17521190271782,0.761920516136515
2026-05-18,Hindustan Unilever,2232.89990234375,2241.324314631417,-8.42441228766711,0.3772857116803344
2026-05-19,Hindustan Unilever,2209.300048828125,2232.5985660233573,-23.298517195232307,1.0545655492829276
2026-05-20,Hindustan Unilever,2179.0,2224.5007778265162,-45.50077782651624,2.088149510165959
2026-05-21,Hindustan Unilever,2203.60009765625,2168.852400750406,34.747696905843895,1.5768603814640216
2026-05-22,Hindustan Unilever,2196.5,2209.772290118583,-13.272290118582987,0.6042472168715223
2026-05-25,Hindustan Unilever,2209.39990234375,2191.444021990713,17.955880353037173,0.8127039534123914
2026-05-26,Hindustan Unilever,2198.39990234375,2226.585479692942,-28.185577349192044,1.2820950964900852
2026-05-27,Hindustan Unilever,2198.39990234375,2195.1490796005014,3.250822743248591,0.14787222014442575
2026-05-28,Hindustan Unilever,2153.5,2193.5338397570413,-40.03383975704128,1.8590127586274101
2026-05-29,Hindustan Unilever,2084.300048828125,2157.27014935523,-72.97010052710493,3.5009403069453255
2026-06-01,Hindustan Unilever,2093.699951171875,2067.654744021461,26.04520715041417,1.2439799282526744
2026-06-02,Hindustan Unilever,2090.60009765625,2062.4529844376643,28.147113218585673,1.3463652493913643
2026-06-03,Hindustan Unilever,2079.39990234375,2066.9083578873892,12.49154445636077,0.6007283371650254
2026-06-04,Hindustan Unilever,2121.5,2058.4925986352346,63.00740136476543,2.9699458574011515
2026-06-05,Hindustan Unilever,2110.10009765625,2142.0662331127705,-31.966135456520533,1.5149108562208142
2026-06-08,Hindustan Unilever,2132.800048828125,2143.3807468702535,-10.58069804212846,0.4960942329283078
2026-06-09,Hindustan Unilever,2169.5,2150.489596492179,19.010403507821138,0.8762573638083032
2026-06-10,Hindustan Unilever,2139.800048828125,2157.181422202723,-17.381373374597842,0.8122896054758416
2026-06-11,Hindustan Unilever,2168.800048828125,2161.369371653723,7.430677174401808,0.3426169774579658
2026-06-12,Hindustan Unilever,2156.10009765625,2173.1441676263184,-17.04406997006845,0.7905045776212292
2026-06-15,Hindustan Unilever,2199.89990234375,2156.2234768077415,43.67642553600854,1.9853824026027793
2026-06-16,Hindustan Unilever,2197.60009765625,2205.0792903878796,-7.47919273162961,0.3403345649468345
2026-06-17,Hindustan Unilever,2218.5,2199.6855591203007,18.814440879699305,0.8480703574351727
2026-06-18,Hindustan Unilever,2194.60009765625,2239.0664844911225,-44.46638683487254,2.026172644499604
2026-06-19,Hindustan Unilever,2184.89990234375,2199.1216871513607,-14.221784807610675,0.6509124190245473
2026-06-22,Hindustan Unilever,2160.10009765625,2176.892544396427,-16.792446740177184,0.7773920643028214
2026-06-23,Hindustan Unilever,2157.800048828125,2162.0648861534482,-4.264837325323242,0.19764747561477827
2026-06-24,Hindustan Unilever,2174.199951171875,2164.568420784954,9.631530386920986,0.4429919328132481
2026-06-25,Hindustan Unilever,2174.199951171875,2168.2400816185364,5.959869553338649,0.27411782205800944
2026-06-26,Hindustan Unilever,2151.300048828125,2176.263557421971,-24.9635085938462,1.1603917643865875
2026-06-29,Hindustan Unilever,2118.199951171875,2155.0723446474717,-36.87239347559671,1.7407418716631256
2026-06-30,Hindustan Unilever,2182.0,2157.484569028825,24.515430971175192,1.123530291987864
2026-07-01,Hindustan Unilever,2210.60009765625,2163.709601444085,46.89049621216509,2.121165934167827
2026-07-02,Hindustan Unilever,2201.199951171875,2223.4139964544847,-22.21404528260973,1.0091788922121054
2026-07-03,Hindustan Unilever,2202.0,2214.6386138267794,-12.63861382677942,0.5739606642497466
2026-07-06,Hindustan Unilever,2208.800048828125,2230.568558379853,-21.76850955172813,0.9855355428517567
2026-07-07,Hindustan Unilever,2135.800048828125,2231.5060068983216,-95.70595807019663,4.481035484698522
2026-07-08,Hindustan Unilever,2144.5,2144.558969259463,-0.05896925946308329,0.002749790602148906
2026-07-09,Hindustan Unilever,2150.60009765625,2155.857100935635,-5.257003279385117,0.24444355252816471
2026-07-10,Hindustan Unilever,2130.60009765625,2162.716590661648,-32.11649300539784,1.5073918864796514
2026-07-13,Hindustan Unilever,2120.199951171875,2145.3718182941566,-25.171867122281583,1.1872402462969878
2026-07-14,Hindustan Unilever,2102.60009765625,2143.8727087491297,-41.27261109287974,1.9629320448946028
2026-07-15,Hindustan Unilever,2098.39990234375,2094.387495016916,4.012407326833909,0.19121271033001674
2026-07-16,Hindustan Unilever,2143.800048828125,2075.575882087035,68.2241667410899,3.1823941219883625
2026-07-17,Hindustan Unilever,2139.699951171875,2167.9200038035124,-28.220052631637373,1.318878967874994
2026-07-20,Hindustan Unilever,2142.5,2155.5477180461585,-13.04771804615848,0.6089950079887272
2026-07-21,Hindustan Unilever,2154.60009765625,2157.7730386046924,-3.172940948442374,0.1472635665381183
2026-07-22,Hindustan Unilever,2161.800048828125,2159.240386305596,2.5596625225289245,0.11840422170017408
2026-07-23,Hindustan Unilever,2145.0,2167.5333671258045,-22.53336712580449,1.0505066259116311
2026-07-24,Hindustan Unilever,2174.60009765625,2153.9720779104086,20.628019745841357,0.9485891115370552
2026-07-27,Hindustan Unilever,2022.699951171875,2169.9902268449528,-147.29027567307776,7.281864795999199
2026-07-28,Hindustan Unilever,2117.800048828125,2051.030917453849,66.76913137427618,3.152758987385168
2026-07-29,Hindustan Unilever,2107.89990234375,2138.5610279424322,-30.661125598682247,1.4545816698691665
2026-07-30,Hindustan Unilever,2101.300048828125,2138.8602332652163,-37.560184437091266,1.7874736384286587
2026-07-31,Hindustan Unilever,2138.0,2090.579363118974,47.420636881025985,2.217990499580261
2026-08-03,Hindustan Unilever,2096.5,2159.69622710455,-63.19622710454996,3.014368094660146
2026-08-04,Hindustan Unilever,2085.300048828125,2053.9884650568883,31.311583771236656,1.501538533451472
2026-08-05,Hindustan Unilever,2079.5,2069.1209601178844,10.379039882115649,0.4991122809384779
2026-08-06,Hindustan Unilever,2096.0,2072.166623266795,23.833376733205114,1.1370885845994807
2026-08-07,Hindustan Unilever,2087.199951171875,2078.3341843702524,8.865766801622613,0.42476844619725374
2026-08-10,Hindustan Unilever,2064.89990234375,2070.0453052242215,-5.145402880471465,0.2491841311354227
2026-08-11,Hindustan Unilever,2063.0,2060.8037819853284,2.196218014671558,0.10645748980472895
2026-08-12,Hindustan Unilever,2092.0,2079.6643269936694,12.33567300633058,0.5896593215263184
2026-08-13,Hindustan Unilever,2077.0,2087.224771593367,-10.224771593367223,0.49228558465899
2026-08-14,Hindustan Unilever,2055.0,2066.3012749241416,-11.30127492414158,0.5499403856029966
2026-08-17,Hindustan Unilever,2035.0,2047.4832873605396,-12.483287360539634,0.613429354326272
2026-08-18,Hindustan Unilever,2020.699951171875,2044.048503172132,-23.348552000257087,1.155468528947924
2026-08-19,Hindustan Unilever,2028.0,2039.3421229485407,-11.342122948540691,0.5592762795138407
2026-08-20,Hindustan Unilever,2015.0,2049.66308004567,-34.663080045670085,1.7202521114476468
2026-08-21,Hindustan Unilever,2030.0,2041.4742120276558,-11.474212027655767,0.565232119588954
2026-08-24,Hindustan Unilever,2024.199951171875,2052.3840374358647,-28.184086263989684,1.392356829554956
2026-08-25,Hindustan Unilever,2021.0,2045.976220018175,-24.9762200181749,1.2358347361788669
2026-08-26,Hindustan Unilever,2009.0,2039.049760405041,-30.04976040504107,1.4957571132424625
2026-08-27,Hindustan Unilever,2010.4000244140625,2032.8407811640182,-22.440756749955654,1.1162334101391629
2026-08-28,Hindustan Unilever,1967.4000244140625,2031.6628266875257,-64.2628022734632,3.2663821020639743
2026-08-31,Hindustan Unilever,1994.800048828125,1926.5418348692046,68.25821395892035,3.421807313420694
2026-09-01,Hindustan Unilever,1975.0,1985.98852615865,-10.988526158650075,0.5563810713240545
2026-09-02,Hindustan Unilever,1962.0,1945.1714396103919,16.82856038960813,0.8577247904999046
2025-09-22,ICICI Bank,1394.300048828125,1406.4242790882824,-12.124230260157447,0.8695567550433327
2025-09-23,ICICI Bank,1382.699951171875,1407.9444242678483,-25.244473095973262,1.825737613903718
2025-09-24,ICICI Bank,1375.800048828125,1399.1885947256555,-23.38854589753055,1.6999960072288396
2025-09-25,ICICI Bank,1359.5999755859375,1394.4640765444906,-34.86410095855308,2.564291084480782
2025-09-26,ICICI Bank,1348.0999755859375,1362.6274123967755,-14.527436810838026,1.0776231046606042
2025-09-29,ICICI Bank,1348.0,1345.8314903534658,2.1685096465341758,0.16086866814051748
2025-09-30,ICICI Bank,1372.0,1343.1768523650383,28.823147634961742,2.100812509836862
2025-10-01,ICICI Bank,1365.199951171875,1391.460831168729,-26.2608799968541,1.9235922162399732
2025-10-03,ICICI Bank,1363.4000244140625,1365.8155425298603,-2.415518115797795,0.17716870122808548
2025-10-06,ICICI Bank,1375.9000244140625,1366.2425188004343,9.657505613628246,0.7019046036968396
2025-10-07,ICICI Bank,1370.300048828125,1391.5348259462835,-21.23477711815849,1.5496443378454512
2025-10-08,ICICI Bank,1376.199951171875,1385.9144787074654,-9.714527535590378,0.7058950646901396
2025-10-09,ICICI Bank,1380.300048828125,1390.747954359591,-10.447905531465949,0.7569300269413323
2025-10-10,ICICI Bank,1379.4000244140625,1392.924720965285,-13.524696551222405,0.9804767516201391
2025-10-13,ICICI Bank,1384.0999755859375,1396.3565590641788,-12.256583478241282,0.8855273242131694
2025-10-14,ICICI Bank,1398.4000244140625,1399.8227797185443,-1.422755304481825,0.10174165329251675
2025-10-15,ICICI Bank,1417.300048828125,1405.5175111923165,11.782537635808467,0.8313368538687835
2025-10-16,ICICI Bank,1436.5999755859375,1425.0457596941612,11.554215891776266,0.804275100106675
2025-10-17,ICICI Bank,1390.300048828125,1433.7486479869099,-43.44859915878487,3.1251239036787357
2025-10-20,ICICI Bank,1382.0,1383.9055662687401,-1.905566268740131,0.1378846793589096
2025-10-21,ICICI Bank,1363.699951171875,1385.3141626172212,-21.6142114453462,1.5849682642264784
2025-10-23,ICICI Bank,1377.699951171875,1374.7805718919503,2.9193792799246694,0.21190240134954189
2025-10-24,ICICI Bank,1377.5999755859375,1376.3110539890135,1.2889215969239558,0.09356283534889989
2025-10-27,ICICI Bank,1363.0999755859375,1379.1929076604345,-16.092932074496957,1.1806127476144446
2025-10-28,ICICI Bank,1370.4000244140625,1372.5404502950653,-2.140425881002784,0.15618986010438513
2025-10-29,ICICI Bank,1362.4000244140625,1371.3305223748623,-8.930497960799812,0.6554974897802588
2025-10-30,ICICI Bank,1345.300048828125,1365.4572962544762,-20.157247426351205,1.4983458481184138
2025-10-31,ICICI Bank,1346.4000244140625,1337.743360696999,8.656663717063566,0.6429488680996455
2025-11-03,ICICI Bank,1336.9000244140625,1341.9205041885957,-5.020479774533214,0.3755314296395195
2025-11-04,ICICI Bank,1320.4000244140625,1334.0309069337336,-13.630882519671104,1.0323297688304656
2025-11-06,ICICI Bank,1343.0,1328.9934487816784,14.006551218321647,1.0429300981624459
2025-11-07,ICICI Bank,1348.0,1364.3928567992116,-16.392856799211586,1.2160872996447765
2025-11-10,ICICI Bank,1358.300048828125,1339.7262564716073,18.573792356517743,1.367429263699306
2025-11-11,ICICI Bank,1358.9000244140625,1363.0394657992933,-4.139441385230839,0.30461706607266453
2025-11-12,ICICI Bank,1385.9000244140625,1362.6694509135646,23.23057350049794,1.676208463184022
2025-11-13,ICICI Bank,1373.0,1381.0850856877285,-8.085085687728451,0.5888627594849564
2025-11-14,ICICI Bank,1379.0,1376.1875458359732,2.8124541640268035,0.20394881537540271
2025-11-17,ICICI Bank,1373.4000244140625,1381.5045253255648,-8.104500911502328,0.5901049051575468
2025-11-18,ICICI Bank,1383.0999755859375,1376.9600443626002,6.139931223337271,0.4439253366869699
2025-11-19,ICICI Bank,1383.0,1397.1269589702674,-14.126958970267424,1.021472087510298
2025-11-20,ICICI Bank,1369.5,1398.738490500527,-29.23849050052695,2.13497557506586
2025-11-21,ICICI Bank,1368.4000244140625,1378.490217708889,-10.090193294826577,0.7373716102604655
2025-11-24,ICICI Bank,1357.800048828125,1375.7525049343756,-17.952456106250565,1.3221722978832393
2025-11-25,ICICI Bank,1375.0,1363.950379015889,11.049620984111016,0.8036087988444376
2025-11-26,ICICI Bank,1392.199951171875,1390.0215581805523,2.178392991322653,0.15647127336048283
2025-11-27,ICICI Bank,1388.800048828125,1399.7656287505206,-10.965579922395591,0.7895722592786767
2025-11-28,ICICI Bank,1390.0999755859375,1397.907383011275,-7.807407425337487,0.5616435912853396
2025-12-01,ICICI Bank,1373.0,1398.8513826106425,-25.85138261064253,1.8828392287430833
2025-12-02,ICICI Bank,1391.5,1392.001050761447,-0.5010507614470043,0.03600795985964818
2025-12-03,ICICI Bank,1386.699951171875,1393.2673092050888,-6.56735803321385,0.4735961826250801
2025-12-04,ICICI Bank,1392.5,1399.8370894086297,-7.3370894086297085,0.5269004961313973
2025-12-05,ICICI Bank,1389.5999755859375,1400.6398694028467,-11.03989381690917,0.79446560239425
2025-12-08,ICICI Bank,1375.199951171875,1391.979721516745,-16.77977034487003,1.2201694983024955
2025-12-09,ICICI Bank,1363.5999755859375,1395.334434306005,-31.73445872006755,2.327255741291084
2025-12-10,ICICI Bank,1360.0,1367.500417296837,-7.500417296836986,0.5515012718262489
2025-12-11,ICICI Bank,1366.0,1358.1841231689336,7.815876831066362,0.5721725352171567
2025-12-12,ICICI Bank,1365.199951171875,1363.6923613010667,1.5075898708082605,0.1104299681166967
2025-12-15,ICICI Bank,1366.0,1364.6949610176518,1.305038982348151,0.09553726078683389
2025-12-16,ICICI Bank,1352.4000244140625,1365.208680356808,-12.808655942745418,0.9471055687310317
2025-12-17,ICICI Bank,1356.800048828125,1350.8264086203608,5.97364020776422,0.4402741739966536
2025-12-18,ICICI Bank,1354.0999755859375,1363.721717289977,-9.62174170403955,0.7105636125483342
2025-12-19,ICICI Bank,1368.5,1364.245624864296,4.254375135704095,0.3108787092220749
2025-12-22,ICICI Bank,1363.0,1374.3137478368635,-11.313747836863513,0.8300622037317323
2025-12-23,ICICI Bank,1359.800048828125,1363.2907512781926,-3.4907024500676016,0.2567070396177649
2025-12-24,ICICI Bank,1350.4000244140625,1358.2696615461534,-7.869637132090929,0.5827634026817763
2025-12-26,ICICI Bank,1343.300048828125,1349.6347705150129,-6.33472168688786,0.4715790558047085
2025-12-29,ICICI Bank,1342.5,1339.3778411637097,3.122158836290282,0.232563041809332
2025-12-30,ICICI Bank,1342.9000244140625,1337.837880152845,5.062144261217554,0.37695615229631724
2025-12-31,ICICI Bank,1338.0,1339.1981345023128,-1.1981345023127687,0.0895466743133609
2026-01-01,ICICI Bank,1355.4000244140625,1330.8661046360614,24.533919778001064,1.810087010187789
2026-01-02,ICICI Bank,1371.5,1371.0931451569954,0.40685484300456665,0.029664953919399682
2026-01-05,ICICI Bank,1411.199951171875,1386.912339034542,24.2876121373331,1.7210610103241863
2026-01-06,ICICI Bank,1427.699951171875,1417.6645346557607,10.03541651611431,0.702907954005119
2026-01-07,ICICI Bank,1435.0,1425.2904842418418,9.709515758158204,0.676621307188725
2026-01-08,ICICI Bank,1404.300048828125,1435.2018849871158,-30.901836158990818,2.20051520932283
2026-01-09,ICICI Bank,1413.0999755859375,1407.5561453882037,5.543830197733769,0.3923169127106549
2026-01-12,ICICI Bank,1437.0,1415.411261476661,21.58873852333909,1.502347844352059
2026-01-13,ICICI Bank,1418.4000244140625,1436.8942206293784,-18.494196215315924,1.3038773193024888
2026-01-14,ICICI Bank,1418.4000244140625,1421.7064308088034,-3.3064063947408613,0.23310817384586055
2026-01-15,ICICI Bank,1410.800048828125,1438.7298829572135,-27.929834129088476,1.9797159882641253
2026-01-16,ICICI Bank,1380.5999755859375,1414.1405804292142,-33.5406048432767,2.429422384209575
2026-01-19,ICICI Bank,1375.800048828125,1388.5931550014693,-12.793106173344313,0.9298666753385557
2026-01-20,ICICI Bank,1349.0,1382.7293092071723,-33.729309207172264,2.500319437151391
2026-01-21,ICICI Bank,1345.5,1348.2966053370938,-2.7966053370937516,0.2078487801630436
2026-01-22,ICICI Bank,1343.4000244140625,1340.4409803034039,2.959044110658624,0.22026530124184276
2026-01-23,ICICI Bank,1361.4000244140625,1341.380214330924,20.01981008313851,1.470531050692092
2026-01-27,ICICI Bank,1367.699951171875,1382.9242383641138,-15.224287192238762,1.1131306379878323
2026-01-28,ICICI Bank,1383.5999755859375,1373.4920858516932,10.107889734244281,0.7305500081382782
2026-01-29,ICICI Bank,1355.0,1382.0194906072384,-27.019490607238367,1.9940583473976654
2026-01-30,ICICI Bank,1352.800048828125,1368.3470582200973,-15.547009391972324,1.1492466610597818
2026-02-02,ICICI Bank,1389.699951171875,1377.1758291396543,12.524122032220703,0.9012105110646109
2026-02-03,ICICI Bank,1408.4000244140625,1378.7165841672988,29.683440246763666,2.1076000945905187
2026-02-04,ICICI Bank,1396.5,1408.1193821057389,-11.61938210573885,0.8320359545820875
2026-02-05,ICICI Bank,1406.0999755859375,1410.903703700517,-4.803728114579599,0.3416348906896063
2026-02-06,ICICI Bank,1396.300048828125,1406.4269906110123,-10.126941782887343,0.7252697435187084
2026-02-09,ICICI Bank,1406.5,1411.9696830453415,-5.469683045341526,0.3888861034725578
2026-02-10,ICICI Bank,1406.0999755859375,1404.6091404839642,1.490835101973289,0.10602625189236928
2026-02-11,ICICI Bank,1430.0,1407.9584078413006,22.04159215869936,1.5413700810279272
2026-02-12,ICICI Bank,1414.5999755859375,1435.7044407803776,-21.10446519444008,1.4919034044022557
2026-02-13,ICICI Bank,1411.5999755859375,1428.4030565897076,-16.803081003770103,1.190357133351136
2026-02-16,ICICI Bank,1407.5,1406.2740324438125,1.22596755618747,0.08710249067051298
2026-02-17,ICICI Bank,1408.199951171875,1408.7094090766127,-0.509457904737701,0.03617795216607845
2026-02-18,ICICI Bank,1388.800048828125,1404.747206107753,-15.947157279628073,1.148268772965867
2026-02-19,ICICI Bank,1394.5,1380.7065559239993,13.793444076000696,0.9891318806741267
2026-02-20,ICICI Bank,1399.4000244140625,1404.7288424214667,-5.328818007404152,0.380793048051815
2026-02-23,ICICI Bank,1384.800048828125,1405.9793336396126,-21.179284811487605,1.529411038756851
2026-02-24,ICICI Bank,1400.5,1389.508459662389,10.991540337611013,0.7848297277837211
2026-02-25,ICICI Bank,1404.9000244140625,1403.3459062842498,1.5541181298126503,0.11062126149943101
2026-02-26,ICICI Bank,1378.9000244140625,1408.3624300476065,-29.462405633543995,2.1366600269706635
2026-02-27,ICICI Bank,1374.0,1388.3335581541046,-14.333558154104594,1.0431992834137258
2026-03-02,ICICI Bank,1365.4000244140625,1377.899427769294,-12.499403355231607,0.915438928646241
2026-03-04,ICICI Bank,1357.5999755859375,1388.7375277661974,-31.137552180259945,2.293573419285091
2026-03-05,ICICI Bank,1313.4000244140625,1363.4598086187627,-50.059784204700236,3.811465149548253
2026-03-06,ICICI Bank,1278.4000244140625,1312.0885347646445,-33.688510350581964,2.635208831916492
2026-03-09,ICICI Bank,1311.9000244140625,1263.3368665328228,48.563157881239704,3.7017422804706173
2026-03-10,ICICI Bank,1294.5999755859375,1324.368667599626,-29.76869201368845,2.299450994521694
2026-03-11,ICICI Bank,1266.5,1292.363434572679,-25.863434572678898,2.042118797684872
2026-03-12,ICICI Bank,1254.800048828125,1265.5283563901105,-10.728307561985503,0.8549814428206961
2026-03-13,ICICI Bank,1272.9000244140625,1254.2234656362962,18.67655877776633,1.4672447497487848
2026-03-16,ICICI Bank,1288.699951171875,1273.5603699957333,15.139581176141746,1.1747948901817384
2026-03-17,ICICI Bank,1289.300048828125,1267.5740707210084,21.72597810711659,1.6850986802384627
2026-03-18,ICICI Bank,1250.0999755859375,1270.6187234718757,-20.518747885938183,1.6413685534487583
2026-03-19,ICICI Bank,1245.4000244140625,1256.0891402784184,-10.689115864355927,0.8582877513098618
2026-03-20,ICICI Bank,1222.699951171875,1237.3971358712986,-14.697184699423588,1.202027094655343
2026-03-23,ICICI Bank,1251.199951171875,1227.3937254032242,23.806225768650847,1.9026715711069133
2026-03-24,ICICI Bank,1259.699951171875,1251.5449922691948,8.154958902680164,0.6473731220751228
2026-03-25,ICICI Bank,1233.800048828125,1256.6339887359402,-22.833939907815193,1.8507001948575934
2026-03-27,ICICI Bank,1205.9000244140625,1225.8486576772975,-19.948633263235024,1.6542526626888419
2026-03-30,ICICI Bank,1212.699951171875,1196.8831034310303,15.81684774084465,1.3042672035700398
2026-04-01,ICICI Bank,1215.800048828125,1210.194612732671,5.605436095454024,0.46104917505612414
2026-04-02,ICICI Bank,1231.4000244140625,1211.8432280155894,19.556796398473125,1.58817573580761
2026-04-06,ICICI Bank,1245.5,1230.9379307808504,14.562069219149635,1.1691745659694608
2026-04-07,ICICI Bank,1309.199951171875,1244.46704341163,64.7329077602451,4.944463044189864
2026-04-08,ICICI Bank,1281.300048828125,1321.1214683539379,-39.82141952581287,3.1078918292583753
2026-04-09,ICICI Bank,1321.9000244140625,1279.265180998832,42.634843415230534,3.225269886361384
2026-04-10,ICICI Bank,1351.0999755859375,1321.9942202882664,29.105755297671067,2.1542266170975726
2026-04-13,ICICI Bank,1348.0999755859375,1357.6691681754958,-9.56919258955827,0.7098281108861471
2026-04-15,ICICI Bank,1345.5,1347.978299317203,-2.478299317202982,0.1841916995319942
2026-04-16,ICICI Bank,1346.800048828125,1347.0406759110585,-0.24062708293354262,0.017866578126642968
2026-04-17,ICICI Bank,1356.199951171875,1343.9239069694179,12.276044202457115,0.905179519572283
2026-04-20,ICICI Bank,1388.4000244140625,1367.1513937522082,21.24863066185435,1.5304400956649198
2026-04-21,ICICI Bank,1367.5999755859375,1398.5787449071183,-30.978769321180835,2.265192298494172
2026-04-22,ICICI Bank,1348.0,1374.2731396349077,-26.273139634907693,1.9490459669812827
2026-04-23,ICICI Bank,1326.199951171875,1344.2717469507777,-18.071795778902697,1.3626750448100866
2026-04-24,ICICI Bank,1314.0999755859375,1329.7989343132917,-15.698958727354238,1.1946548222371214
2026-04-27,ICICI Bank,1292.0,1308.033899625337,-16.03389962533697,1.2410139028898586
2026-04-28,ICICI Bank,1281.0,1293.6609626005475,-12.660962600547464,0.988365542587624
2026-04-29,ICICI Bank,1263.4000244140625,1278.3633794537136,-14.963355039651105,1.1843719131310595
2026-04-30,ICICI Bank,1263.4000244140625,1261.0347772178811,2.3652471961813717,0.18721285028297527
2026-05-01,ICICI Bank,1270.800048828125,1269.5605029630894,1.2395458650355522,0.097540589975473
2026-05-04,ICICI Bank,1251.300048828125,1268.1417291566283,-16.841680328503344,1.3459346017189096
2026-05-05,ICICI Bank,1279.5,1254.6809406480136,24.819059351986425,1.9397467254385639
2026-05-06,ICICI Bank,1279.0,1277.9606686041886,1.0393313958113595,0.08126125064983264
2026-05-07,ICICI Bank,1264.800048828125,1273.1248225915574,-8.324773763432404,0.6581889185682397
2026-05-08,ICICI Bank,1266.4000244140625,1269.2789401805605,-2.8789157664980394,0.22733067837945242
2026-05-11,ICICI Bank,1240.300048828125,1272.736663688994,-32.436614860868985,2.6152232188909554
2026-05-12,ICICI Bank,1235.5999755859375,1229.1814796719973,6.418495913940205,0.5194639074751092
2026-05-13,ICICI Bank,1246.0,1234.5847217836367,11.415278216363276,0.9161539499488986
2026-05-14,ICICI Bank,1244.5,1246.4635775999373,-1.9635775999372527,0.15778044193951407
2026-05-15,ICICI Bank,1251.0999755859375,1241.9421101739265,9.157865412011006,0.7319851003691397
2026-05-18,ICICI Bank,1240.800048828125,1251.7819289995755,-10.981880171450484,0.885064453521124
2026-05-19,ICICI Bank,1237.300048828125,1240.5382591377656,-3.2382103096406354,0.26171584755917676
2026-05-20,ICICI Bank,1242.800048828125,1240.1251924629032,2.6748563652217854,0.2152282153306955
2026-05-21,ICICI Bank,1264.300048828125,1243.5110873798521,20.788961448272858,1.6443059910930216
2026-05-22,ICICI Bank,1291.800048828125,1263.1290205429814,28.67102828514362,2.2194633226057667
2026-05-25,ICICI Bank,1279.0999755859375,1289.5822335183634,-10.48225793242591,0.8195026293878347
2026-05-26,ICICI Bank,1272.699951171875,1281.9550642204254,-9.255113048550356,0.7272030646365976
2026-05-27,ICICI Bank,1272.699951171875,1265.4814471802572,7.218503991617808,0.5671803463943849
2026-05-28,ICICI Bank,1256.4000244140625,1280.8151047187725,-24.415080304710045,1.943256911038052
2026-05-29,ICICI Bank,1239.699951171875,1265.0678879105974,-25.367936738722392,2.0462965022094544
2026-06-01,ICICI Bank,1226.5999755859375,1242.6182341064061,-16.018258520468635,1.3059072916430503
2026-06-02,ICICI Bank,1242.0,1223.1664331611382,18.83356683886177,1.5163902446748607
2026-06-03,ICICI Bank,1251.699951171875,1242.031173136148,9.668778035726973,0.7724517386674661
2026-06-04,ICICI Bank,1262.0999755859375,1251.3568136679503,10.743161917987209,0.8512132260362045
2026-06-05,ICICI Bank,1250.199951171875,1257.7782310053442,-7.578279833469196,0.6061654238880504
2026-06-08,ICICI Bank,1275.0,1254.881201424025,20.118798575975006,1.577944986350981
2026-06-09,ICICI Bank,1293.300048828125,1278.44434091346,14.85570791466489,1.148666771344038
2026-06-10,ICICI Bank,1317.0,1308.7704727984785,8.229527201521478,0.6248691876629824
2026-06-11,ICICI Bank,1340.800048828125,1329.2914603416893,11.508588486435656,0.8583374155224933
2026-06-12,ICICI Bank,1327.5999755859375,1357.1107322507044,-29.51075666476686,2.2228651105346895
2026-06-15,ICICI Bank,1334.300048828125,1333.2216755653528,1.0783732627721747,0.08081939768489682
2026-06-16,ICICI Bank,1336.800048828125,1321.5024242277277,15.297624600397285,1.1443465022168122
2026-06-17,ICICI Bank,1342.300048828125,1339.6390711894312,2.660977638693794,0.1982401506292815
2026-06-18,ICICI Bank,1346.5,1339.6967907909434,6.803209209056604,0.5052513337583813
2026-06-19,ICICI Bank,1352.4000244140625,1337.5786017898051,14.821422624257366,1.0959348089836702
2026-06-22,ICICI Bank,1338.300048828125,1350.2646251944816,-11.964576366356596,0.8940129963256978
2026-06-23,ICICI Bank,1373.5999755859375,1335.9706577459897,37.62931783994782,2.739466985204062
2026-06-24,ICICI Bank,1387.5,1380.620841722454,6.879158277545912,0.4957951911744802
2026-06-25,ICICI Bank,1387.5,1392.739356392372,-5.239356392371974,0.37761127152230445
2026-06-26,ICICI Bank,1387.5999755859375,1388.3251679781129,-0.7251923921753587,0.05226235261852999
2026-06-29,ICICI Bank,1375.199951171875,1388.4658002852248,-13.26584911334976,0.9646487481362461
2026-06-30,ICICI Bank,1379.800048828125,1385.814144041935,-6.014095213809924,0.43586715473142235
2026-07-01,ICICI Bank,1400.0,1391.5597531996848,8.440246800315208,0.6028747714510863
2026-07-02,ICICI Bank,1411.4000244140625,1403.0065238775178,8.393500536544707,0.5946932401414147
2026-07-03,ICICI Bank,1426.9000244140625,1411.1817500118248,15.71827440223774,1.1015680239190015
2026-07-06,ICICI Bank,1414.699951171875,1428.9890795192011,-14.289128347326141,1.0100465710407114
2026-07-07,ICICI Bank,1380.5999755859375,1428.8061069788146,-48.20613139287707,3.491679867111254
2026-07-08,ICICI Bank,1380.699951171875,1375.629998309748,5.069952862126911,0.3672016398511325
2026-07-09,ICICI Bank,1401.199951171875,1390.1821122436897,11.017838928185256,0.7863145384047889
2026-07-10,ICICI Bank,1409.5,1401.6328129631709,7.867187036829137,0.5581544545462318
2026-07-13,ICICI Bank,1407.699951171875,1413.560685991408,-5.860734819533036,0.41633409269170757
2026-07-14,ICICI Bank,1416.199951171875,1409.346372087913,6.853579083961904,0.4839414856843283
2026-07-15,ICICI Bank,1418.199951171875,1421.8119859237624,-3.6120347518874496,0.2546915016392987
2026-07-16,ICICI Bank,1444.300048828125,1420.371912038722,23.92813678940297,1.656728933078536
2026-07-17,ICICI Bank,1460.199951171875,1437.2226437158804,22.977307455994605,1.5735726766429692
2026-07-20,ICICI Bank,1463.0999755859375,1458.8935255440945,4.206450041843027,0.28750257070836477
2026-07-21,ICICI Bank,1440.699951171875,1461.730016064428,-21.0300648925529,1.4597116405429809
2026-07-22,ICICI Bank,1434.5999755859375,1430.6076494283895,3.99232615754795,0.27828845848943734
2026-07-23,ICICI Bank,1432.9000244140625,1433.9291593245905,-1.0291349105280005,0.07182182238770159
2026-07-24,ICICI Bank,1445.699951171875,1434.1460931209915,11.553858050883491,0.799187828810398
2026-07-27,ICICI Bank,1430.800048828125,1441.0032116147022,-10.203162786577195,0.7131089207701622
2026-07-28,ICICI Bank,1437.9000244140625,1432.4006090338069,5.499415380255641,0.3824615958607155
2026-07-29,ICICI Bank,1433.9000244140625,1438.5269873011414,-4.626962887078889,0.322683786058907
2026-07-30,ICICI Bank,1435.4000244140625,1436.0164206990669,-0.6163962850043845,0.0429424741897995
2026-07-31,ICICI Bank,1460.0,1436.7657195793408,23.23428042065916,1.5913890699081616
2026-08-03,ICICI Bank,1454.5999755859375,1457.5209685088705,-2.92099292293301,0.20081073641957026
2026-08-04,ICICI Bank,1450.0999755859375,1461.3716255631384,-11.271649977200923,0.7773015769237857
2026-08-05,ICICI Bank,1457.5,1456.7763361397595,0.7236638602405492,0.04965103672319377
2026-08-06,ICICI Bank,1421.0,1451.6605993088262,-30.66059930882625,2.1576776431264078
2026-08-07,ICICI Bank,1431.800048828125,1416.7744449094573,15.025603918667684,1.049420547999393
2026-08-10,ICICI Bank,1429.5999755859375,1435.2396938223237,-5.639718236386216,0.39449624599180017
2026-08-11,ICICI Bank,1431.699951171875,1433.8605934585928,-2.1606422867178026,0.15091446255545887
2026-08-12,ICICI Bank,1406.800048828125,1433.6493410282703,-26.849292200145328,1.908536484805427
2026-08-13,ICICI Bank,1417.0,1404.486995745775,12.513004254225052,0.8830631089784793
2026-08-14,ICICI Bank,1415.300048828125,1424.5815786000041,-9.28152977187915,0.6557994383992497
2026-08-17,ICICI Bank,1412.0,1422.8761217673068,-10.876121767306813,0.7702635812540236
2026-08-18,ICICI Bank,1402.0,1414.9892335217746,-12.989233521774622,0.926478853193625
2026-08-19,ICICI Bank,1411.9000244140625,1409.3880824646058,2.511941949456741,0.17791216842702406
2026-08-20,ICICI Bank,1420.0,1413.4759499636868,6.524050036313156,0.4594401434023349
2026-08-21,ICICI Bank,1415.0,1422.4112561049378,-7.41125610493782,0.5237636823277612
2026-08-24,ICICI Bank,1422.699951171875,1426.405872633432,-3.7059214615569545,0.2604851049938109
2026-08-25,ICICI Bank,1430.0,1429.3710755286697,0.6289244713302651,0.0439807322608577
2026-08-26,ICICI Bank,1443.0,1439.7501619272764,3.2498380727236054,0.2252140036537495
2026-08-27,ICICI Bank,1422.800048828125,1443.7934708966952,-20.993422068570226,1.4755005164542443
2026-08-28,ICICI Bank,1454.0,1430.0993147811605,23.9006852188395,1.6437885294937757
2026-08-31,ICICI Bank,1438.0,1459.699325252521,-21.69932525252102,1.508993411162797
2026-09-01,ICICI Bank,1426.5,1436.976674155115,-10.476674155115006,0.7344321174283215
2026-09-02,ICICI Bank,1430.0,1429.315929821385,0.6840701786150021,0.04783707542762252
2025-09-22,ITC,403.2000122070313,409.19501158411083,-5.994999377079523,1.4868549592209008
2025-09-23,ITC,401.0,404.9579105389283,-3.9579105389282745,0.9870101094584225
2025-09-24,ITC,400.1000061035156,406.0377807989077,-5.937774695392079,1.4840726330446075
2025-09-25,ITC,405.1000061035156,403.8335650817055,1.2664410218101239,0.3126242909723652
2025-09-26,ITC,407.25,407.24310696698734,0.006893033012659089,0.001692580236380378
2025-09-29,ITC,401.5499877929688,409.970558743307,-8.420570950338174,2.097016861243102
2025-09-30,ITC,405.6000061035156,405.7815500967357,-0.18154399322008885,0.04475936649117207
2025-10-01,ITC,404.2999877929688,408.8907498168917,-4.590762023922878,1.1354840867009088
2025-10-03,ITC,400.75,405.09984995599365,-4.349849955993648,1.0854273127869363
2025-10-06,ITC,399.7999877929688,404.0772684384242,-4.2772806454553916,1.069855121574022
2025-10-07,ITC,399.75,404.0495268985319,-4.299526898531894,1.0755539458491292
2025-10-08,ITC,399.8999938964844,403.3629824284214,-3.4629885319370146,0.8659636371070869
2025-10-09,ITC,402.7999877929688,402.6758433875742,0.12414440539458838,0.03082035977081413
2025-10-10,ITC,399.25,404.76586771937946,-5.515867719379457,1.3815573498758817
2025-10-13,ITC,396.7999877929688,401.29428239133705,-4.494294598368242,1.1326347622553732
2025-10-14,ITC,399.8999938964844,400.24663471357337,-0.3466408170889963,0.08668187606392551
2025-10-15,ITC,405.1499938964844,402.5640268143582,2.58596708212616,0.6382740024887854
2025-10-16,ITC,412.1499938964844,407.58002658175747,4.5699673147269095,1.1088116905018572
2025-10-17,ITC,413.0499877929688,412.93980957893626,0.11017821403254402,0.02667430511770603
2025-10-20,ITC,412.8500061035156,413.03375224010074,-0.18374613658511407,0.044506753995067795
2025-10-21,ITC,415.9500122070313,413.527652691159,2.4223595158723015,0.5823679396039103
2025-10-23,ITC,416.7999877929688,416.17547433886017,0.6245134541086372,0.1498352860842316
2025-10-24,ITC,420.6499938964844,418.6675812435107,1.9824126529736645,0.4712736673571678
2025-10-27,ITC,417.8999938964844,421.6180581580004,-3.7180642615160195,0.8897019181189556
2025-10-28,ITC,421.6000061035156,419.812746343211,1.7872597603046074,0.4239230869142304
2025-10-29,ITC,418.75,420.6784001971896,-1.9284001971896032,0.46051347992587544
2025-10-30,ITC,420.3500061035156,420.16677793156504,0.1832281719505886,0.043589430067824654
2025-10-31,ITC,413.9500122070313,422.7595259213961,-8.809513714364812,2.128158824635777
2025-11-03,ITC,408.8999938964844,412.88711209169725,-3.9871181952128723,0.975083945885858
2025-11-04,ITC,407.5,409.78891547812907,-2.28891547812907,0.5616970498476246
2025-11-06,ITC,404.0499877929688,409.59308141134863,-5.543093618379828,1.3718831297725602
2025-11-07,ITC,405.5499877929688,406.5726911873416,-1.0227033943727974,0.2521769017768735
2025-11-10,ITC,406.8500061035156,407.9567746875337,-1.1067685840180843,0.2720335670184277
2025-11-11,ITC,407.0,409.11986455748485,-2.1198645574848456,0.5208512426252693
2025-11-12,ITC,405.7000122070313,409.32118476209916,-3.621172555067858,0.8925739329827651
2025-11-13,ITC,408.1499938964844,408.96932974939523,-0.8193358529108536,0.20074381113886647
2025-11-14,ITC,407.1000061035156,410.1896286284571,-3.0896225249414897,0.7589345317169742
2025-11-17,ITC,405.8500061035156,409.7155789150214,-3.8655728115057855,0.9524634109577509
2025-11-18,ITC,403.5499877929688,407.67499252975824,-4.125004736789435,1.0221793734524076
2025-11-19,ITC,405.4500122070313,404.5335933384751,0.9164188685562067,0.22602511800844735
2025-11-20,ITC,407.8500061035156,407.33542706915995,0.5145790343556769,0.12616869600464653
2025-11-21,ITC,403.5499877929688,411.0971079643841,-7.547120171415315,1.8701822326128221
2025-11-24,ITC,400.7999877929688,405.67755726672397,-4.877569473755159,1.216958488600215
2025-11-25,ITC,402.2999877929688,404.65043178338465,-2.3504439904158403,0.5842515689126552
2025-11-26,ITC,404.2999877929688,405.7124483742562,-1.4124605812874051,0.3493595409185835
2025-11-27,ITC,404.25,405.5788714563033,-1.3288714563033182,0.32872515925870577
2025-11-28,ITC,404.25,405.3561062877328,-1.106106287732814,0.273619366167672
2025-12-01,ITC,400.9500122070313,405.50746937013616,-4.557457163104857,1.1366646774789486
2025-12-02,ITC,400.5,405.0445194813821,-4.54451948138211,1.1347114809942846
2025-12-03,ITC,403.0499877929688,404.0184240238648,-0.9684362308959749,0.24027695328784457
2025-12-04,ITC,404.9500122070313,405.8929114988181,-0.9428992917867731,0.23284337902543745
2025-12-05,ITC,402.2999877929688,406.55226859827803,-4.252280805309226,1.0569925265564588
2025-12-08,ITC,401.0499877929688,405.79767260173276,-4.74768480876395,1.1838137272839948
2025-12-09,ITC,403.1499938964844,405.54203690551077,-2.392043009026395,0.5933382228056272
2025-12-10,ITC,402.8999938964844,405.30753733762583,-2.4075434411414562,0.5975536057615374
2025-12-11,ITC,400.1000061035156,404.8861318479692,-4.786125744453557,1.1962323597703894
2025-12-12,ITC,402.2999877929688,404.34338556849053,-2.0433977755217256,0.5079288683879595
2025-12-15,ITC,401.7000122070313,405.11596064364835,-3.415948436617043,0.8503729979615994
2025-12-16,ITC,399.7999877929688,406.0965499009562,-6.29656210798737,1.5749280390793714
2025-12-17,ITC,400.3999938964844,403.41287208994106,-3.012878193456686,0.7524670927531549
2025-12-18,ITC,401.0499877929688,404.36462960644235,-3.3146418134735427,0.8264909398737188
2025-12-19,ITC,402.7000122070313,404.6489226756914,-1.948910468660074,0.48396086654651593
2025-12-22,ITC,407.3500061035156,405.3518230042692,1.9981830992464324,0.4905322374632922
2025-12-23,ITC,406.6000061035156,409.4984072977693,-2.8984011942536654,0.7128384532084258
2025-12-24,ITC,404.1499938964844,410.7035012290415,-6.553507332557103,1.6215532429862325
2025-12-26,ITC,402.6000061035156,405.7260817163411,-3.1260756128255025,0.7764718244991117
2025-12-29,ITC,400.6000061035156,404.52385505626035,-3.92384895274472,0.9794929837646562
2025-12-30,ITC,403.0,404.49069763057605,-1.4906976305760509,0.3699001564704841
2025-12-31,ITC,363.8500061035156,404.95227840232917,-41.102272298813546,11.29648800586248
2026-01-01,ITC,350.04998779296875,368.0691698027303,-18.01918200976155,5.147602524819598
2026-01-02,ITC,349.70001220703125,357.42271934488787,-7.7227071378566166,2.2083805742862195
2026-01-05,ITC,342.45001220703125,355.90215123725415,-13.452139030222895,3.9282051542431495
2026-01-06,ITC,341.25,339.2729887319643,1.9770112680357101,0.5793439613291459
2026-01-07,ITC,340.8999938964844,342.04489226354445,-1.1448983670600796,0.33584581623892096
2026-01-08,ITC,337.1499938964844,341.6375048269199,-4.487510930435519,1.331013202335494
2026-01-09,ITC,338.3999938964844,335.3747427336864,3.0252511627979857,0.8939867663601087
2026-01-12,ITC,334.70001220703125,336.7743343255311,-2.074322118499822,0.6197556148330028
2026-01-13,ITC,334.75,334.14253611214815,0.6074638878518499,0.18146792766298728
2026-01-14,ITC,334.75,334.3488519468243,0.4011480531756888,0.11983511670670315
2026-01-15,ITC,329.20001220703125,335.37156221095825,-6.1715500039269955,1.8747113533051016
2026-01-16,ITC,333.20001220703125,328.21931238270963,4.9806998243216185,1.494807815681261
2026-01-19,ITC,326.29998779296875,334.338142917578,-8.038155124609261,2.463424892834909
2026-01-20,ITC,324.75,324.6147237718494,0.13527622815058749,0.041655497505954577
2026-01-21,ITC,324.8500061035156,323.2146841173954,1.635321986120232,0.5034083285807683
2026-01-22,ITC,323.3999938964844,322.05296361698487,1.3470302794995064,0.4165214300933695
2026-01-23,ITC,318.6499938964844,322.45270275149034,-3.8027088550059602,1.19338111653669
2026-01-27,ITC,321.1499938964844,317.61380326105603,3.5361906354283406,1.101102507437118
2026-01-28,ITC,318.6000061035156,319.5316934683491,-0.9316873648334649,0.29243168455268403
2026-01-29,ITC,322.1499938964844,315.90970411284127,6.240289783643107,1.937075865861504
2026-01-30,ITC,314.70001220703125,321.94151228313854,-7.241500076107286,2.301080328952555
2026-02-02,ITC,316.6499938964844,317.46909950539447,-0.8191056089100925,0.2586785487758024
2026-02-03,ITC,313.8500061035156,318.1812683569774,-4.331262253461773,1.3800421122289905
2026-02-04,ITC,310.20001220703125,316.06239694001187,-5.862384732980615,1.889872502347933
2026-02-05,ITC,325.79998779296875,306.3818756948402,19.418112098128574,5.9601328501178195
2026-02-06,ITC,322.79998779296875,326.97224278030137,-4.172254987332622,1.2925201812611413
2026-02-09,ITC,321.3999938964844,320.80975595403834,0.5902379424460378,0.18364590966238162
2026-02-10,ITC,318.25,317.2206822928793,1.029317707120697,0.3234305442641624
2026-02-11,ITC,317.45001220703125,317.35840917938737,0.09160302764388462,0.028855890414691148
2026-02-12,ITC,313.75,316.69898004962346,-2.948980049623458,0.9399139600393491
2026-02-13,ITC,317.95001220703125,317.57015207758394,0.37986012944730874,0.11947165116004622
2026-02-16,ITC,325.45001220703125,317.5370528615282,7.9129593455030545,2.431390090245047
2026-02-17,ITC,332.45001220703125,324.6043154008232,7.845696806208025,2.3599628570090605
2026-02-18,ITC,326.0,332.1096889262923,-6.109688926292279,1.8741377074516192
2026-02-19,ITC,327.0,325.57726412285456,1.422735877145442,0.43508742420349905
2026-02-20,ITC,325.3999938964844,328.2772238562626,-2.8772299597782194,0.8842132801924755
2026-02-23,ITC,323.5,324.0071191240805,-0.5071191240804751,0.15676016200323806
2026-02-24,ITC,319.75,321.8536055394306,-2.103605539430589,0.6578907081878308
2026-02-25,ITC,318.29998779296875,318.2868392437423,0.013148549226457362,0.004130867021901851
2026-02-26,ITC,313.6000061035156,317.3559940144803,-3.755987910964677,1.197700203400146
2026-02-27,ITC,314.8999938964844,316.26850603440806,-1.3685121379236875,0.43458627006945966
2026-03-02,ITC,311.95001220703125,318.0869700115111,-6.1369578044798345,1.9672888489604967
2026-03-04,ITC,311.5,314.0163630105642,-2.5163630105641914,0.8078211911923568
2026-03-05,ITC,309.70001220703125,313.4207203232052,-3.7207081161739666,1.2013910137293478
2026-03-06,ITC,306.0,306.29965746156773,-0.2996574615677332,0.09792727502213504
2026-03-09,ITC,309.04998779296875,304.50920306884103,4.540784724127718,1.4692719312351405
2026-03-10,ITC,309.0,305.87836716151594,3.121632838484061,1.0102371645579484
2026-03-11,ITC,304.1000061035156,306.3090530467774,-2.2090469432617965,0.726421209774602
2026-03-12,ITC,301.45001220703125,304.2834981174931,-2.8334859104618317,0.9399521631187849
2026-03-13,ITC,308.25,302.2137266684865,6.036273331513485,1.9582395236053478
2026-03-16,ITC,304.8500061035156,307.1139886684915,-2.2639825649758905,0.7426545906668366
2026-03-17,ITC,304.04998779296875,305.6372099532131,-1.5872221602443233,0.5220267140168681
2026-03-18,ITC,298.0,304.1840288143223,-6.184028814322289,2.075177454470567
2026-03-19,ITC,299.95001220703125,296.273362974374,3.676649232657269,1.2257539866741445
2026-03-20,ITC,290.45001220703125,304.2493702528121,-13.799358045780878,4.751026843112944
2026-03-23,ITC,291.25,291.7476039561406,-0.49760395614060826,0.17085114373926463
2026-03-24,ITC,295.70001220703125,293.18628622841817,2.5137259786130812,0.850093295516377
2026-03-25,ITC,294.70001220703125,294.5768014063374,0.1232108006938688,0.04180888890065988
2026-03-27,ITC,287.70001220703125,293.387622857462,-5.68761065043077,1.976924021239846
2026-03-30,ITC,291.70001220703125,287.56897021732016,4.131041989711093,1.4161953434472696
2026-04-01,ITC,292.8500061035156,290.9886337802071,1.861372323308501,0.6356060387618874
2026-04-02,ITC,294.8500061035156,291.7079764887323,3.1420296147833255,1.0656366117490346
2026-04-06,ITC,298.45001220703125,291.511319339459,6.938692867572229,2.324909560653306
2026-04-07,ITC,302.45001220703125,294.9435752555118,7.506436951519447,2.4818768882644933
2026-04-08,ITC,303.0,299.13225176355434,3.8677482364456637,1.2764845664837174
2026-04-09,ITC,304.25,299.85244300447425,4.397556995525747,1.4453761694414944
2026-04-10,ITC,298.6499938964844,300.5762086853606,-1.9262147888762229,0.6449739923798129
2026-04-13,ITC,302.04998779296875,296.0316510665452,6.01833672642357,1.992496927544543
2026-04-15,ITC,303.3999938964844,299.1658875676574,4.234106328826954,1.395552542519684
2026-04-16,ITC,306.79998779296875,300.36017947142597,6.439808321542785,2.099024960160175
2026-04-17,ITC,305.0,309.70221818945816,-4.702218189458165,1.5417108817895624
2026-04-20,ITC,309.6499938964844,305.2375937240831,4.412400172401249,1.42496375242181
2026-04-21,ITC,305.5,307.2933337802231,-1.7933337802231222,0.5870159673398109
2026-04-22,ITC,305.29998779296875,306.65901812821335,-1.3590303352445972,0.4451458858773975
2026-04-23,ITC,301.6000061035156,304.85227922054327,-3.2522731170276415,1.0783398710911802
2026-04-24,ITC,303.8500061035156,303.0112840560769,0.8387220474387505,0.27603160460461357
2026-04-27,ITC,304.45001220703125,303.70473471563787,0.7452774913933808,0.24479469913326174
2026-04-28,ITC,316.25,304.3535782423072,11.896421757692792,3.7617143897842817
2026-04-29,ITC,314.8999938964844,318.46896749453913,-3.568973598054754,1.1333673125531931
2026-04-30,ITC,314.8999938964844,316.9535545198328,-2.053560623348403,0.6521310457768572
2026-05-01,ITC,311.1000061035156,316.9754780610641,-5.875471957548484,1.888611971159356
2026-05-04,ITC,311.45001220703125,312.86566430270636,-1.4156520956751137,0.45453589346276296
2026-05-05,ITC,310.70001220703125,314.0249399507764,-3.3249277437451497,1.0701408474775416
2026-05-06,ITC,307.3999938964844,311.7470723835208,-4.347078487036413,1.4141439731128533
2026-05-07,ITC,307.45001220703125,306.9093535490495,0.5406586579817372,0.1758525407433282
2026-05-08,ITC,305.8500061035156,306.39259572920747,-0.5425896256918463,0.17740383026450085
2026-05-11,ITC,300.70001220703125,306.4612729165237,-5.761260709492433,1.915949609448575
2026-05-12,ITC,304.45001220703125,303.26912840997096,1.1808837970602895,0.38787444562730655
2026-05-13,ITC,307.20001220703125,305.1930769114634,2.006935295567871,0.6532992238995543
2026-05-14,ITC,309.45001220703125,305.8943131575555,3.555699049475777,1.149038264408569
2026-05-15,ITC,310.1499938964844,308.0025977599409,2.1473961365434775,0.6923734253756562
2026-05-18,ITC,310.29998779296875,308.17143928800664,2.1285485049621116,0.685964740154058
2026-05-19,ITC,307.54998779296875,308.34460767038837,-0.7946198774196205,0.25837096698391976
2026-05-20,ITC,308.04998779296875,306.31757228585343,1.73241550711532,0.5623812938696251
2026-05-21,ITC,301.70001220703125,307.38073813091535,-5.680725923884097,1.8829054338870541
2026-05-22,ITC,303.95001220703125,304.4935932222425,-0.5435810152112595,0.17883895159741164
2026-05-25,ITC,301.6499938964844,300.27531814250716,1.3746757539772148,0.4557188071579922
2026-05-26,ITC,291.95001220703125,297.3062572369196,-5.356245029888328,1.834644564457165
2026-05-27,ITC,291.95001220703125,293.99284787984254,-2.042835672811293,0.6997210438075446
2026-05-28,ITC,286.8999938964844,292.0126242556988,-5.1126303592144495,1.7820252589685046
2026-05-29,ITC,279.6499938964844,287.37355089670586,-7.72355700022149,2.7618656065769316
2026-06-01,ITC,283.25,280.41080377114054,2.839196228859464,1.002364070206342
2026-06-02,ITC,277.0,279.956441204369,-2.956441204369014,1.067307293996034
2026-06-03,ITC,280.29998779296875,277.6493854360153,2.6506023569534705,0.9456305645333176
2026-06-04,ITC,280.70001220703125,279.7465997954359,0.9534124115953659,0.33965527970557174
2026-06-05,ITC,279.45001220703125,279.87271136150724,-0.4226991544759926,0.15126109715924252
2026-06-08,ITC,280.0,280.4839738487584,-0.48397384875841,0.17284780312800357
2026-06-09,ITC,283.6499938964844,280.3180125877762,3.3319813087081798,1.174680550116337
2026-06-10,ITC,282.3999938964844,282.13767647134887,0.2623174251355067,0.09288860864198918
2026-06-11,ITC,285.1000061035156,281.757201502807,3.3428046007086323,1.1725024655014946
2026-06-12,ITC,287.8999938964844,282.9860171324387,4.913976764045685,1.706834619042238
2026-06-15,ITC,291.6499938964844,287.29934148159265,4.3506524148917265,1.4917375298954774
2026-06-16,ITC,290.75,290.63404275501017,0.11595724498982918,0.039882113496071944
2026-06-17,ITC,291.1499938964844,291.00833937268584,0.14165452379853605,0.04865345243623806
2026-06-18,ITC,292.5,291.246387953083,1.2536120469169987,0.4285853151852987
2026-06-19,ITC,291.25,291.36639516948895,-0.11639516948895334,0.03996400669148613
2026-06-22,ITC,290.0,291.49227278303863,-1.4922727830386293,0.5145768217374583
2026-06-23,ITC,290.3500061035156,291.01106413552725,-0.6610580320116242,0.2276762590374955
2026-06-24,ITC,290.0,290.52957240814555,-0.5295724081455546,0.18261117522260503
2026-06-25,ITC,290.0,291.0409774833942,-1.0409774833942151,0.35895775289455695
2026-06-26,ITC,290.70001220703125,290.6423916548255,0.05762055220577622,0.019821310555962382
2026-06-29,ITC,286.95001220703125,291.1679424777604,-4.217930270729141,1.4699181360152553
2026-06-30,ITC,290.29998779296875,287.42761938329323,2.8723684096755164,0.989448339806333
2026-07-01,ITC,289.8999938964844,290.2493207010882,-0.3493268046038338,0.12049907276940792
2026-07-02,ITC,289.95001220703125,290.87261929149673,-0.9226070844654828,0.3181952218048949
2026-07-03,ITC,288.25,290.53062520787876,-2.2806252078787566,0.7911969498278427
2026-07-06,ITC,288.75,292.72896596582774,-3.97896596582774,1.3779968712823343
2026-07-07,ITC,280.6499938964844,291.99342198432487,-11.343428087840493,4.041841558715455
2026-07-08,ITC,282.04998779296875,281.43607448795245,0.6139133050162968,0.21766117056772344
2026-07-09,ITC,281.75,279.97333712368135,1.7766628763186532,0.6305813225620774
2026-07-10,ITC,279.6499938964844,280.18712680110866,-0.5371329046242863,0.1920732760048306
2026-07-13,ITC,275.54998779296875,279.3913429372275,-3.8413551442587277,1.3940683412930814
2026-07-14,ITC,276.6499938964844,276.8768875264991,-0.22689363001472884,0.082014688241644
2026-07-15,ITC,279.3500061035156,276.2831215029802,3.0668846005354453,1.0978645188928273
2026-07-16,ITC,280.70001220703125,278.1116310715872,2.588381135444024,0.9221165026294886
2026-07-17,ITC,282.70001220703125,278.2975820829694,4.402430124061823,1.5572797785511827
2026-07-20,ITC,281.0,279.95370915396387,1.046290846036129,0.3723454968100104
2026-07-21,ITC,280.79998779296875,279.3068198342247,1.4931679587440385,0.5317549941793221
2026-07-22,ITC,281.29998779296875,279.3585618853265,1.9414259076422695,0.6901621016319136
2026-07-23,ITC,283.45001220703125,279.59600976037996,3.854002446651293,1.3596762323779117
2026-07-24,ITC,285.8500061035156,279.7277922546257,6.122213848889942,2.141757466561987
2026-07-27,ITC,284.6499938964844,285.6856181607593,-1.0356242642749294,0.3638237437136724
2026-07-28,ITC,286.25,285.1959195838324,1.0540804161676078,0.3682376999712167
2026-07-29,ITC,285.04998779296875,285.9192120014179,-0.8692242084491681,0.3049374655930468
2026-07-30,ITC,281.0,284.037423388569,-3.037423388568982,1.080933590238072
2026-07-31,ITC,287.0,279.48390615050175,7.516093849498247,2.6188480311840583
2026-08-03,ITC,289.0,288.0581336894107,0.9418663105893188,0.3259052977817712
2026-08-04,ITC,286.95001220703125,290.35208017940784,-3.402067972376585,1.1855960368184375
2026-08-05,ITC,285.8999938964844,286.9680698732634,-1.0680759767790278,0.3735837704025084
2026-08-06,ITC,286.1000061035156,283.0617730916732,3.038233011842408,1.0619479017917692
2026-08-07,ITC,282.6499938964844,284.2157582531893,-1.5657643567049035,0.5539587442122278
2026-08-10,ITC,279.0,280.8117171420595,-1.8117171420594786,0.6493609828170174
2026-08-11,ITC,276.1499938964844,278.51410199255173,-2.364108096067355,0.8560956539269552
2026-08-12,ITC,278.5,277.2303558679124,1.269644132087592,0.45588658243719643
2026-08-13,ITC,278.20001220703125,278.47945576835957,-0.27944356132832127,0.10044699822671632
2026-08-14,ITC,273.04998779296875,278.0811668967073,-5.031179103738566,1.842585361165917
2026-08-17,ITC,270.0,274.86465963374394,-4.8646596337439405,1.8017257902755335
2026-08-18,ITC,267.04998779296875,265.54204096533954,1.5079468276292118,0.5646683754197555
2026-08-19,ITC,271.6499938964844,266.7933533137846,4.856640582699754,1.7878301828898393
2026-08-20,ITC,269.3999938964844,270.1579656912341,-0.7579717947497215,0.28135553523470697
2026-08-21,ITC,269.70001220703125,267.3859396466337,2.3140725603975625,0.8580172249384989
2026-08-24,ITC,271.3999938964844,267.58085662168946,3.8191372747949117,1.4071987327500024
2026-08-25,ITC,270.25,268.23261384633594,2.017386153664063,0.7464888635204673
2026-08-26,ITC,269.0,269.06426305529243,-0.06426305529242882,0.023889611632873165
2026-08-27,ITC,266.0,267.48583813344203,-1.48583813344203,0.558585764451891
2026-08-28,ITC,255.5,266.43964640851783,-10.93964640851783,4.281661999419894
2026-08-31,ITC,266.6000061035156,254.14404582195115,12.455960281564472,4.672153036908807
2026-09-01,ITC,266.29998779296875,271.18894967319267,-4.888961880223917,1.8358851311794926
2026-09-02,ITC,263.0,266.6613509422016,-3.6613509422015795,1.3921486472249351
2025-09-22,Infosys,1497.5,1503.4748474655646,-5.974847465564608,0.39898814461199383
2025-09-23,Infosys,1494.5999755859375,1494.6102428105983,-0.01026722466076535,0.0006869546921235714
2025-09-24,Infosys,1484.800048828125,1488.3472089932627,-3.5471601651377114,0.23889817136908764
2025-09-25,Infosys,1448.9000244140625,1492.256582497544,-43.35655808348156,2.992377483119653
2025-09-26,Infosys,1441.800048828125,1461.9802682399504,-20.18021941182542,1.3996545102233573
2025-09-29,Infosys,1441.800048828125,1449.5518091564136,-7.751760328288583,0.5376446154644748
2025-09-30,Infosys,1445.800048828125,1450.18639266686,-4.3863438387350016,0.3033852324386278
2025-10-01,Infosys,1446.5999755859375,1448.3272355328568,-1.7272599469192755,0.11940135324692358
2025-10-03,Infosys,1476.0,1453.5472833368635,22.45271666313647,1.5211867657951539
2025-10-06,Infosys,1458.5,1481.8730124837855,-23.373012483785487,1.6025377088642774
2025-10-07,Infosys,1495.0,1461.3306558620734,33.6693441379266,2.2521300426706756
2025-10-08,Infosys,1509.300048828125,1493.8102781560488,15.489770672076247,1.0262883569177026
2025-10-09,Infosys,1514.9000244140625,1507.0849328850477,7.815091529014808,0.5158816689594782
2025-10-10,Infosys,1493.199951171875,1510.2925898026444,-17.092638630769443,1.1446985795408715
2025-10-13,Infosys,1489.9000244140625,1480.617204341847,9.2828200722156,0.623049863756213
2025-10-14,Infosys,1474.4000244140625,1495.0808483113753,-20.680823897312848,1.402660306217206
2025-10-15,Infosys,1471.5,1466.1593763251765,5.340623674823519,0.36293738870700093
2025-10-16,Infosys,1441.0999755859375,1473.2894921491209,-32.18951656318336,2.233676851607427
2025-10-17,Infosys,1460.9000244140625,1444.6032009825733,16.2968234314892,1.1155331069301289
2025-10-20,Infosys,1472.4000244140625,1473.697921800183,-1.2978973861204395,0.08814842193696201
2025-10-21,Infosys,1528.5,1474.884834954936,53.61516504506403,3.5076980729515235
2025-10-23,Infosys,1525.4000244140625,1514.5649080888827,10.835116325179797,0.7103131081528459
2025-10-24,Infosys,1504.5,1523.9819043836821,-19.48190438368215,1.2949088988821635
2025-10-27,Infosys,1500.199951171875,1499.6289451854254,0.5710059864495634,0.038061992070025356
2025-10-28,Infosys,1510.4000244140625,1505.1417534670024,5.258270947060055,0.3481376365244647
2025-10-29,Infosys,1493.800048828125,1510.207190035042,-16.407141206917004,1.0983492214897357
2025-10-30,Infosys,1482.300048828125,1489.9474492683878,-7.6474004402628,0.5159144699690641
2025-10-31,Infosys,1485.5,1488.979727694925,-3.4797276949250318,0.23424622651800953
2025-11-03,Infosys,1467.9000244140625,1490.0563527623135,-22.15632834825101,1.5093894665677308
2025-11-04,Infosys,1466.699951171875,1460.5015681464838,6.198383025391195,0.4226074338134916
2025-11-06,Infosys,1476.800048828125,1466.9681157605532,9.831933067571754,0.6657592593779788
2025-11-07,Infosys,1513.5,1475.864865263104,37.63513473689591,2.4866293185923953
2025-11-10,Infosys,1530.300048828125,1512.5603578527516,17.739690975373378,1.1592295895800369
2025-11-11,Infosys,1551.699951171875,1515.6836828127164,36.01626835915863,2.3210845841657997
2025-11-12,Infosys,1541.800048828125,1530.9715950519249,10.82845377620015,0.7023254269858485
2025-11-13,Infosys,1502.800048828125,1522.7404752035704,-19.94042637544544,1.3268848634251025
2025-11-14,Infosys,1507.5999755859375,1493.915426931925,13.684548654012588,0.9077042236415537
2025-11-17,Infosys,1486.4000244140625,1521.8161395254824,-35.41611511141991,2.3826772423110607
2025-11-18,Infosys,1541.0999755859375,1491.4099843890133,49.68999119692421,3.2243197705607454
2025-11-19,Infosys,1536.5,1531.7112102456654,4.78878975433463,0.31166871163909077
2025-11-20,Infosys,1545.0,1538.1524003063125,6.847599693687471,0.44321033616100136
2025-11-21,Infosys,1548.0,1543.390624263716,4.609375736283937,0.2977632904576187
2025-11-24,Infosys,1530.5999755859375,1524.2050763494087,6.394899236528772,0.41780343254485586
2025-11-25,Infosys,1557.9000244140625,1526.9547342491974,30.945290164865128,1.986346343148937
2025-11-26,Infosys,1566.4000244140625,1567.9648089894777,-1.5647845754151604,0.09989686868145278
2025-11-27,Infosys,1560.0999755859375,1574.4717103608534,-14.371734774915922,0.9212060124235455
2025-11-28,Infosys,1564.0,1566.14080259977,-2.1408025997700406,0.13687996162212537
2025-12-01,Infosys,1561.0,1566.8561454139635,-5.856145413963532,0.37515345380932297
2025-12-02,Infosys,1578.699951171875,1567.4731277327403,11.226823439134705,0.7111435856320254
2025-12-03,Infosys,1597.5999755859375,1573.8543866070434,23.745588978894148,1.486328827101114
2025-12-04,Infosys,1616.199951171875,1594.659991569814,21.53995960206089,1.3327533877502402
2025-12-05,Infosys,1610.800048828125,1606.721153593619,4.078895234506035,0.2532216979676327
2025-12-08,Infosys,1599.0,1617.9104728426234,-18.91047284262345,1.1826437049795777
2025-12-09,Infosys,1584.800048828125,1590.5439883470833,-5.743939518958314,0.3624393830127435
2025-12-10,Infosys,1598.0,1587.3651814743766,10.63481852562336,0.6655080429050912
2025-12-11,Infosys,1598.199951171875,1587.1532023427885,11.046748829086482,0.691199422261682
2025-12-12,Infosys,1606.800048828125,1591.8670649505377,14.932983877587276,0.9293616768606792
2025-12-15,Infosys,1592.9000244140625,1593.7658751944648,-0.8658507804022975,0.054356881607858266
2025-12-16,Infosys,1602.0,1591.883674032372,10.116325967627972,0.6314810216996237
2025-12-17,Infosys,1626.800048828125,1596.823192214711,29.97685661341393,1.8426884505571495
2025-12-18,Infosys,1638.699951171875,1623.5256204871853,15.174330684689721,0.925998116606898
2025-12-19,Infosys,1689.5999755859375,1631.9827972411235,57.617178344813965,3.4101076691145704
2025-12-22,Infosys,1668.300048828125,1690.6489691231816,-22.348920295056587,1.339622348555063
2025-12-23,Infosys,1663.4000244140625,1667.4340529277115,-4.034028513648991,0.2425170406661494
2025-12-24,Infosys,1656.0999755859375,1657.023218917099,-0.9232433311615296,0.05574804328071322
2025-12-26,Infosys,1644.699951171875,1661.8397537514566,-17.139802579581556,1.0421233713401141
2025-12-29,Infosys,1621.5999755859375,1649.9379447410893,-28.337969155151768,1.7475314246296978
2025-12-30,Infosys,1615.4000244140625,1604.3468039996362,11.053220414426278,0.6842404511189418
2025-12-31,Infosys,1629.800048828125,1609.2677515239725,20.532297304152507,1.259804680881918
2026-01-01,Infosys,1640.4000244140625,1631.8706119628257,8.529412451236794,0.5199592979940019
2026-01-02,Infosys,1606.4000244140625,1635.2656667949643,-28.865642380901818,1.7969149615414515
2026-01-05,Infosys,1612.199951171875,1596.3035963564755,15.89635481539949,0.9860039261162834
2026-01-06,Infosys,1639.0,1612.6377689072667,26.362231092733282,1.6084338677689616
2026-01-07,Infosys,1613.300048828125,1632.0692321084346,-18.769183280309562,1.1634031309887578
2026-01-08,Infosys,1614.0999755859375,1610.5643697957237,3.535605790213822,0.2190450308959552
2026-01-09,Infosys,1595.9000244140625,1608.893173133258,-12.99314871919546,0.8141580625619652
2026-01-12,Infosys,1599.0,1594.5584257826426,4.441574217357356,0.27777199608238623
2026-01-13,Infosys,1599.800048828125,1593.8320798950863,5.967968933038719,0.3730446775151892
2026-01-14,Infosys,1599.800048828125,1593.1047138177912,6.6953350103337925,0.41851073921632986
2026-01-15,Infosys,1689.800048828125,1593.0653874943705,96.7346613337545,5.724621762251688
2026-01-16,Infosys,1681.199951171875,1693.3589610554104,-12.159009883535418,0.7232340136020121
2026-01-19,Infosys,1658.9000244140625,1679.217726171405,-20.317701757342547,1.2247695134321872
2026-01-20,Infosys,1654.4000244140625,1661.1420906635003,-6.742066249437812,0.4075233407848652
2026-01-21,Infosys,1663.5,1637.3428669795494,26.1571330204506,1.5724155708115781
2026-01-22,Infosys,1670.800048828125,1656.9212234732931,13.87882535483186,0.830669436750751
2026-01-23,Infosys,1682.699951171875,1662.0456914524555,20.654259719419542,1.227447573468781
2026-01-27,Infosys,1666.5,1682.9933899621878,-16.493389962187848,0.9897023679680678
2026-01-28,Infosys,1659.5,1671.256396896713,-11.756396896713113,0.708430063074005
2026-01-29,Infosys,1641.0,1657.285461331544,-16.285461331543956,0.9924108063098085
2026-01-30,Infosys,1629.4000244140625,1629.4468159099174,-0.0467914958549045,0.002871700942298124
2026-02-02,Infosys,1656.0,1630.229123269269,25.77087673073106,1.5562123629668516
2026-02-03,Infosys,1535.800048828125,1665.8043959641404,-130.00434713601544,8.464926618228317
2026-02-04,Infosys,1520.199951171875,1530.9549267972106,-10.754975625335646,0.7074711202986798
2026-02-05,Infosys,1507.0999755859375,1510.9910799074862,-3.8911043215487098,0.2581848838552272
2026-02-06,Infosys,1497.199951171875,1499.490356070474,-2.2904048985990357,0.15297922610846404
2026-02-09,Infosys,1497.800048828125,1504.6185057772084,-6.818456949083384,0.45523145458688746
2026-02-10,Infosys,1471.9000244140625,1503.591008819866,-31.69098440580342,2.1530663686495313
2026-02-11,Infosys,1386.0,1463.7157373558312,-77.71573735583115,5.607196057419276
2026-02-12,Infosys,1369.0999755859375,1383.365234416351,-14.265258830413586,1.041944276151816
2026-02-13,Infosys,1365.5999755859375,1398.484172755178,-32.88419716924045,2.4080402575527904
2026-02-16,Infosys,1391.199951171875,1370.8038808363804,20.39607033549464,1.466077562633182
2026-02-17,Infosys,1373.699951171875,1400.3978417300384,-26.697890558163408,1.9435023299948426
2026-02-18,Infosys,1370.5,1393.8770819783601,-23.37708197836014,1.7057338181948296
2026-02-19,Infosys,1353.199951171875,1389.7215558832788,-36.521604711403825,2.6989067417402737
2026-02-20,Infosys,1327.5,1360.3590718025866,-32.85907180258664,2.4752596461458864
2026-02-23,Infosys,1275.5,1328.4940997485292,-52.99409974852915,4.154770658449953
2026-02-24,Infosys,1290.0999755859375,1270.0234734115654,20.07650217437208,1.5561973920086105
2026-02-25,Infosys,1289.0999755859375,1286.8484713154808,2.251504270456735,0.17465707184063467
2026-02-26,Infosys,1300.0999755859375,1278.6427978946394,21.457177691298057,1.6504252053098916
2026-02-27,Infosys,1288.9000244140625,1317.0855653425053,-28.185540928442833,2.186790316902667
2026-03-02,Infosys,1307.4000244140625,1275.918969339406,31.481055074656524,2.4079129942471424
2026-03-04,Infosys,1305.800048828125,1310.9162526787075,-5.116203850582451,0.39180606978640636
2026-03-05,Infosys,1308.4000244140625,1312.0567219832215,-3.6566975691589505,0.27947856167279733
2026-03-06,Infosys,1315.0,1318.4446108987372,-3.44461089873721,0.26194759686214525
2026-03-09,Infosys,1295.5999755859375,1318.3801374084276,-22.780161822490072,1.7582712451185176
2026-03-10,Infosys,1276.300048828125,1304.5049293983698,-28.204880570244768,2.2098941856299357
2026-03-11,Infosys,1265.800048828125,1275.8192346109113,-10.01918578278628,0.7915298938455582
2026-03-12,Infosys,1248.300048828125,1266.5091578156544,-18.209108987529362,1.458712511036401
2026-03-13,Infosys,1249.800048828125,1246.5359478789003,3.264100949224712,0.2611698529124956
2026-03-16,Infosys,1232.9000244140625,1248.6593086027758,-15.759284188713309,1.27822888122684
2026-03-17,Infosys,1267.0999755859375,1232.5008503359445,34.599125249992994,2.730575796435757
2026-03-18,Infosys,1220.800048828125,1268.6751634876846,-47.875114659559586,3.921618016440616
2026-03-19,Infosys,1255.9000244140625,1225.8418627034534,30.058161710609056,2.3933562486100457
2026-03-20,Infosys,1256.800048828125,1263.965308989325,-7.165260161199967,0.5701193414084487
2026-03-23,Infosys,1278.300048828125,1250.061872857126,28.23817597099901,2.209041296437891
2026-03-24,Infosys,1279.0999755859375,1282.9312839545985,-3.8313083686609843,0.2995315801570488
2026-03-25,Infosys,1269.699951171875,1270.9246727194572,-1.2247215475822486,0.09645755648426123
2026-03-27,Infosys,1250.5999755859375,1267.208485686549,-16.60851010061151,1.3280433731681474
2026-03-30,Infosys,1275.699951171875,1254.8073177755964,20.892633396278598,1.637738825425708
2026-04-01,Infosys,1300.800048828125,1287.8100552929968,12.989993535128178,0.9986157016853363
2026-04-02,Infosys,1306.199951171875,1308.3937694633114,-2.1938182914364006,0.1679542469334949
2026-04-06,Infosys,1339.4000244140625,1305.9245253573097,33.475499056752824,2.499290611212069
2026-04-07,Infosys,1346.199951171875,1317.2547069686188,28.945244203256152,2.1501444995640617
2026-04-08,Infosys,1331.5999755859375,1349.2886036714467,-17.688628085509208,1.3283740169584914
2026-04-09,Infosys,1292.5,1319.0011413772002,-26.501141377200156,2.050378443110264
2026-04-10,Infosys,1276.800048828125,1301.9445830637155,-25.144534235590527,1.9693400120613036
2026-04-13,Infosys,1305.300048828125,1269.6636233483873,35.63642547973768,2.7301328542607064
2026-04-15,Infosys,1319.199951171875,1311.22549850569,7.974452666185016,0.6044915828795423
2026-04-16,Infosys,1318.699951171875,1315.073737518885,3.626213652989918,0.27498398326074475
2026-04-17,Infosys,1312.5999755859375,1315.0509975995287,-2.4510220135912277,0.1867303107709647
2026-04-20,Infosys,1313.199951171875,1314.66202598407,-1.4620748121949418,0.11133680068219723
2026-04-21,Infosys,1268.5999755859375,1314.871933835034,-46.27195824909654,3.6474821960897943
2026-04-22,Infosys,1240.5999755859375,1256.9112248960312,-16.31124931009367,1.314787170005371
2026-04-23,Infosys,1154.5999755859375,1226.8707590499941,-72.27078346405665,6.259378571992487
2026-04-24,Infosys,1170.300048828125,1146.811398729236,23.48865009888891,2.0070622164298095
2026-04-27,Infosys,1152.0999755859375,1160.8398704749854,-8.739894889047946,0.7586055962376869
2026-04-28,Infosys,1167.5,1154.335085799087,13.164914200913017,1.1276157773801299
2026-04-29,Infosys,1181.800048828125,1168.4764876984023,13.323561129722748,1.1273955474053683
2026-04-30,Infosys,1181.800048828125,1182.6638851984187,-0.8638363702937113,0.0730949682351336
2026-05-01,Infosys,1168.4000244140625,1173.962545633302,-5.562521219239443,0.4760802039548891
2026-05-04,Infosys,1178.0999755859375,1163.7043166124015,14.395658973536001,1.2219386530736667
2026-05-05,Infosys,1167.199951171875,1180.1307010493242,-12.930749877449216,1.1078435930764625
2026-05-06,Infosys,1162.699951171875,1161.5951431102449,1.1048080616301377,0.09502090892122352
2026-05-07,Infosys,1179.199951171875,1163.0309722237707,16.168978948104268,1.3711821249683505
2026-05-08,Infosys,1177.0,1181.7916094446239,-4.791609444623873,0.4071036061702526
2026-05-11,Infosys,1140.300048828125,1174.359513820918,-34.05946499279298,2.9868862171667496
2026-05-12,Infosys,1123.0999755859375,1160.4426595543705,-37.34268396843299,3.3249652551146016
2026-05-13,Infosys,1095.0,1122.4688616020521,-27.46886160205213,2.5085718358038473
2026-05-14,Infosys,1119.0,1115.969184185944,3.030815814056041,0.27085038552779633
2026-05-15,Infosys,1142.5,1121.1968819954361,21.303118004563885,1.8646055146226594
2026-05-18,Infosys,1196.9000244140625,1146.047556546058,50.852467868004396,4.2486813293281545
2026-05-19,Infosys,1193.699951171875,1184.564015050163,9.135936121711893,0.7653461083535267
2026-05-20,Infosys,1181.199951171875,1194.0470047323818,-12.847053560506765,1.087627335893566
2026-05-21,Infosys,1174.5,1169.7565974713136,4.743402528686374,0.40386568996903993
2026-05-22,Infosys,1168.5,1173.8167933515556,-5.316793351555589,0.4550101285028317
2026-05-25,Infosys,1167.699951171875,1165.99358511838,1.7063660534950031,0.1461305236659928
2026-05-26,Infosys,1159.9000244140625,1162.994459181077,-3.0944347670144907,0.26678461090452016
2026-05-27,Infosys,1159.9000244140625,1162.0704974922144,-2.170473078151872,0.18712587571918646
2026-05-28,Infosys,1160.9000244140625,1161.481176615163,-0.5811522011003944,0.05006048659476234
2026-05-29,Infosys,1202.5,1148.4640374323917,54.035962567608294,4.493635140757447
2026-06-01,Infosys,1270.800048828125,1197.909414055004,72.89063477312106,5.735806733745214
2026-06-02,Infosys,1222.5999755859375,1280.0870006518662,-57.48702506592872,4.702030608039049
2026-06-03,Infosys,1201.300048828125,1224.8819336877036,-23.581884859578622,1.9630303755154996
2026-06-04,Infosys,1197.5,1192.2315327917731,5.268467208226866,0.4399555079938928
2026-06-05,Infosys,1187.5999755859375,1184.6252907732148,2.9746848127226713,0.2504786859106344
2026-06-08,Infosys,1180.300048828125,1188.1854596006,-7.8854107724750975,0.6680852703771573
2026-06-09,Infosys,1145.300048828125,1176.572326616537,-31.27227778841211,2.730487772213929
2026-06-10,Infosys,1114.5999755859375,1170.7790682334607,-56.17909264752325,5.04029193235809
2026-06-11,Infosys,1116.4000244140625,1110.4765611987311,5.923463215331367,0.5305860879428294
2026-06-12,Infosys,1134.9000244140625,1114.979659135732,19.920365278330564,1.755252872482336
2026-06-15,Infosys,1143.5999755859375,1145.7734698346562,-2.1734942487187254,0.19005721363408642
2026-06-16,Infosys,1157.699951171875,1146.2974385035602,11.402512668314785,0.9849281462586793
2026-06-17,Infosys,1127.5,1161.8357857878057,-34.33578578780566,3.0453025088962895
2026-06-18,Infosys,1051.4000244140625,1124.181220424675,-72.78119601061258,6.922312566158917
2026-06-19,Infosys,1065.4000244140625,1064.6935282309114,0.7064961831511027,0.06631276205758058
2026-06-22,Infosys,1029.300048828125,1070.1984328531971,-40.89838402507212,3.973417087819592
2026-06-23,Infosys,1056.5999755859375,1033.174085340896,23.4258902450415,2.217101153352826
2026-06-24,Infosys,1041.199951171875,1063.474227173399,-22.27427600152396,2.139288997896529
2026-06-25,Infosys,1041.199951171875,1053.986930632328,-12.78697946045304,1.2281002746937548
2026-06-26,Infosys,1036.699951171875,1040.0345007815297,-3.3345496096546867,0.32165040674356604
2026-06-29,Infosys,1000.4000244140624,1021.6114408791886,-21.211416465126263,2.1202934773567064
2026-06-30,Infosys,985.2999877929688,1015.8990065099669,-30.599018716998103,3.1055535467465742
2026-07-01,Infosys,1040.9000244140625,985.0705896741542,55.829434739908265,5.363573199197055
2026-07-02,Infosys,1047.199951171875,1047.03413521795,0.1658159539249482,0.01583422093740464
2026-07-03,Infosys,1042.199951171875,1053.8688357130452,-11.6688845411702,1.1196397129024447
2026-07-06,Infosys,1071.800048828125,1048.1588838437424,23.641164984382613,2.205743973442731
2026-07-07,Infosys,1069.300048828125,1067.7717459736118,1.5283028545131856,0.14292553864447066
2026-07-08,Infosys,1050.800048828125,1065.4909872734972,-14.69093844537224,1.3980717322725567
2026-07-09,Infosys,1068.0,1058.721579080525,9.278420919474911,0.8687660036961528
2026-07-10,Infosys,1102.5999755859375,1065.8534916240928,36.74648396184466,3.3327122052870575
2026-07-13,Infosys,1092.9000244140625,1106.755471501173,-13.855447087110406,1.2677689429587797
2026-07-14,Infosys,1076.300048828125,1098.2392853936228,-21.939236565497822,2.0383940880970184
2026-07-15,Infosys,1082.4000244140625,1062.8456388225088,19.554385591553682,1.8065766029651646
2026-07-16,Infosys,1096.5,1082.3376546275738,14.162345372426216,1.2915955652007494
2026-07-17,Infosys,1087.0999755859375,1101.1420220804707,-14.042046494533224,1.2916978023998835
2026-07-20,Infosys,1073.5,1096.7394649936568,-23.23946499365684,2.164831392050008
2026-07-21,Infosys,1052.0999755859375,1060.0234858924578,-7.923510306520257,0.7531138190652917
2026-07-22,Infosys,1047.4000244140625,1059.477245740183,-12.07722132612048,1.1530667409404283
2026-07-23,Infosys,1040.9000244140625,1056.3127181168468,-15.412693702784281,1.4807083621177073
2026-07-24,Infosys,1079.199951171875,1046.691770129263,32.50818104261202,3.0122481943510317
2026-07-27,Infosys,1105.699951171875,1073.7956809940688,31.90427017780621,2.8854365186497932
2026-07-28,Infosys,1155.5999755859375,1110.4264890044758,45.1734865814617,3.9090937639174714
2026-07-29,Infosys,1155.0999755859375,1137.6621524487496,17.437823137187934,1.5096375643452336
2026-07-30,Infosys,1130.0999755859375,1146.3629160069117,-16.262940420974246,1.4390709470232659
2026-07-31,Infosys,1180.0,1125.9376558350866,54.062344164913384,4.581554590246896
2026-08-03,Infosys,1167.5,1177.1271218710747,-9.627121871074678,0.8245928797494371
2026-08-04,Infosys,1174.0,1171.2637970855612,2.7362029144387634,0.23306668777161527
2026-08-05,Infosys,1165.0,1180.5618783515774,-15.561878351577434,1.3357835494916253
2026-08-06,Infosys,1175.0999755859375,1163.4207727491819,11.679202836755621,0.993890143766878
2026-08-07,Infosys,1183.0,1178.2205760495924,4.77942395040759,0.40400878701670245
2026-08-10,Infosys,1190.699951171875,1174.6082353439022,16.09171582797285,1.351450112359167
2026-08-11,Infosys,1176.0999755859375,1194.669337478813,-18.569361892875577,1.5788931450002157
2026-08-12,Infosys,1175.0,1178.0010232722907,-3.001023272290695,0.25540623593963363
2026-08-13,Infosys,1169.199951171875,1178.9006084344198,-9.700657262544837,0.8296833448224135
2026-08-14,Infosys,1139.9000244140625,1165.748716002726,-25.84869158866354,2.267627952894415
2026-08-17,Infosys,1115.0,1154.6722536997072,-39.6722536997072,3.558049659166565
2026-08-18,Infosys,1119.800048828125,1120.977881692655,-1.1778328645300462,0.10518242660934449
2026-08-19,Infosys,1130.0,1122.0497232433202,7.950276756679841,0.7035643147504285
2026-08-20,Infosys,1121.0,1128.7202059834547,-7.720205983454662,0.688689204590068
2026-08-21,Infosys,1130.0,1122.2641621162568,7.735837883743216,0.6845874233401076
2026-08-24,Infosys,1144.0,1125.6845673691441,18.315432630855867,1.6009993558440443
2026-08-25,Infosys,1120.0,1143.6243593369477,-23.62435933694769,2.1093177979417583
2026-08-26,Infosys,1110.800048828125,1123.4414438821398,-12.641395054014765,1.1380441572136424
2026-08-27,Infosys,1144.0,1119.2904437172622,24.70955628273782,2.159926248491068
2026-08-28,Infosys,1133.800048828125,1143.5785945573466,-9.778545729221605,0.8624576916651688
2026-08-31,Infosys,1156.0,1138.0778787004379,17.92212129956215,1.550356513802954
2026-09-01,Infosys,1140.0,1157.3084126431204,-17.30841264312039,1.5182818108000344
2026-09-02,Infosys,1130.300048828125,1139.1801256349936,-8.880076806868601,0.7856388943869644
2025-09-22,M&M,3614.60009765625,3581.7484447093225,32.851652946927516,0.9088599584841742
2025-09-23,M&M,3574.89990234375,3625.646960957314,-50.74705861356415,1.4195378891670152
2025-09-24,M&M,3530.0,3589.1437186773505,-59.143718677350535,1.6754594526161626
2025-09-25,M&M,3396.5,3590.186918907261,-193.68691890726086,5.702544351752123
2025-09-26,M&M,3418.10009765625,3400.3101518068393,17.789945849410742,0.5204629864879936
2025-09-29,M&M,3427.0,3411.9770430173244,15.022956982675623,0.43837049847317255
2025-09-30,M&M,3463.39990234375,3412.6799183697485,50.71998397400148,1.464456470639682
2025-10-01,M&M,3462.0,3455.092750415855,6.90724958414512,0.19951616360904448
2025-10-03,M&M,3472.0,3454.9934540164286,17.006545983571414,0.48981987279871586
2025-10-06,M&M,3492.800048828125,3515.3554647303436,-22.555415902218556,0.6457688841875205
2025-10-07,M&M,3426.5,3559.259958954043,-132.7599589540432,3.874506317059484
2025-10-08,M&M,3442.89990234375,3411.942633510068,30.957268833682065,0.8991626161599394
2025-10-09,M&M,3454.89990234375,3441.751341988565,13.148560355185055,0.3805771723303844
2025-10-10,M&M,3459.699951171875,3448.3784894603946,11.321461711480424,0.3272382539314024
2025-10-13,M&M,3459.800048828125,3448.7670319639565,11.03301686416853,0.3188917483224368
2025-10-14,M&M,3497.199951171875,3445.979666770037,51.220284401837944,1.464608404351446
2025-10-15,M&M,3560.800048828125,3562.7979833339173,-1.9979345057922728,0.05610914621419986
2025-10-16,M&M,3647.199951171875,3607.725878332974,39.474072838901066,1.0823117286513926
2025-10-17,M&M,3599.10009765625,3633.6680858787645,-34.56798822251449,0.960461984511776
2025-10-20,M&M,3621.199951171875,3614.51394804927,6.686003122605143,0.18463501636913066
2025-10-21,M&M,3623.60009765625,3631.8411609505024,-8.241063294252399,0.22742750502691317
2025-10-23,M&M,3625.0,3605.08245735867,19.917542641329874,0.5494494521746173
2025-10-24,M&M,3611.60009765625,3618.326132221669,-6.726034565419013,0.186234200452699
2025-10-27,M&M,3579.10009765625,3604.0735707969916,-24.97347314074159,0.6977584437243122
2025-10-28,M&M,3534.699951171875,3589.5322097489284,-54.83225857705338,1.5512563819985512
2025-10-29,M&M,3502.10009765625,3587.217304828666,-85.11720717241587,2.4304618599959444
2025-10-30,M&M,3487.199951171875,3587.625545611072,-100.42559443919708,2.879834705361504
2025-10-31,M&M,3548.89990234375,3575.883155847035,-26.98325350328514,0.7603272632588193
2025-11-03,M&M,3581.199951171875,3607.3211897462525,-26.121238574377458,0.7293990542424142
2025-11-04,M&M,3618.5,3609.744311707236,8.755688292763807,0.24197010619770087
2025-11-06,M&M,3690.199951171875,3627.601152260945,62.59879891092987,1.6963524941528099
2025-11-07,M&M,3663.89990234375,3790.7244148011314,-126.82451245738139,3.4614622625539897
2025-11-10,M&M,3749.10009765625,3713.3115559207968,35.78854173545324,0.9545901897318357
2025-11-11,M&M,3754.300048828125,3788.5913429904513,-34.29129416232627,0.9133871485053525
2025-11-12,M&M,3699.5,3826.9380751075914,-127.43807510759143,3.444737805314
2025-11-13,M&M,3698.60009765625,3757.032790859645,-58.43269320339505,1.5798597215314791
2025-11-14,M&M,3734.89990234375,3754.2188433667447,-19.31894102299475,0.5172545858825184
2025-11-17,M&M,3694.800048828125,3785.595348674957,-90.79529984683222,2.457380606445257
2025-11-18,M&M,3722.5,3760.347947783455,-37.847947783454856,1.0167346617449255
2025-11-19,M&M,3716.699951171875,3759.0563649651317,-42.356413793256706,1.1396242459631893
2025-11-20,M&M,3749.60009765625,3794.596894319037,-44.99679666278689,1.2000425509619783
2025-11-21,M&M,3690.800048828125,3834.433807791574,-143.63375896344905,3.8916700190533096
2025-11-24,M&M,3669.300048828125,3745.2860513819123,-75.98600255378733,2.0708582438782894
2025-11-25,M&M,3686.39990234375,3703.98626030054,-17.586357956789925,0.47706050408716694
2025-11-26,M&M,3681.199951171875,3739.4361148223206,-58.23616365044563,1.5819886021650822
2025-11-27,M&M,3757.300048828125,3749.5481087020703,7.751940126054706,0.2063167706947567
2025-11-28,M&M,3741.60009765625,3804.8818586420944,-63.28176098584436,1.6913020989464975
2025-12-01,M&M,3716.5,3802.281052172421,-85.78105217242091,2.308113875216492
2025-12-02,M&M,3649.39990234375,3774.622236862381,-125.22233451863121,3.431313034184327
2025-12-03,M&M,3671.60009765625,3670.6069014986824,0.9931961575675814,0.027050771629556932
2025-12-04,M&M,3717.10009765625,3711.389560692196,5.710536964053972,0.15362881854203084
2025-12-05,M&M,3681.699951171875,3760.4940903288157,-78.79413915694067,2.1401564549512164
2025-12-08,M&M,3635.89990234375,3751.3743467566173,-115.47444441286734,3.175952240556209
2025-12-09,M&M,3630.0,3600.621338930615,29.37866106938509,0.8093295060436663
2025-12-10,M&M,3665.199951171875,3603.9477437669248,61.25220740495024,1.6711832429596662
2025-12-11,M&M,3679.60009765625,3740.132030638083,-60.53193298183305,1.6450682513132155
2025-12-12,M&M,3608.0,3718.450276222834,-110.45027622283396,3.0612604274621384
2025-12-15,M&M,3621.0,3594.869583735128,26.13041626487211,0.7216353566658964
2025-12-16,M&M,3612.800048828125,3589.1734534220536,23.626595406071374,0.6539690845535466
2025-12-17,M&M,3586.60009765625,3591.1241365618175,-4.524038905567522,0.12613725484822977
2025-12-18,M&M,3603.60009765625,3587.761126435354,15.838971220895928,0.4395318790005988
2025-12-19,M&M,3616.699951171875,3593.197351815919,23.502599355956136,0.6498354763529908
2025-12-22,M&M,3625.10009765625,3591.888173533433,33.21192412281698,0.9161657120665334
2025-12-23,M&M,3636.699951171875,3603.883517354386,32.816433817488814,0.9023684730139527
2025-12-24,M&M,3623.10009765625,3622.4725916199905,0.6275060362595468,0.01731958873191151
2025-12-26,M&M,3592.10009765625,3610.5116849867914,-18.41158733054135,0.5125577470002693
2025-12-29,M&M,3660.300048828125,3601.5125613029245,58.787487525200504,1.606083838509955
2025-12-30,M&M,3709.199951171875,3665.0794705861445,44.12048058573055,1.189487791613694
2025-12-31,M&M,3761.0,3757.8193860614115,3.1806139385885217,0.08456830466866583
2026-01-01,M&M,3802.39990234375,3841.499389571593,-39.09948722784293,1.0282844580272188
2026-01-02,M&M,3790.300048828125,3861.1977396366174,-70.89769080849237,1.8705033874669719
2026-01-05,M&M,3785.60009765625,3851.0847565748436,-65.4846589185936,1.7298356199625158
2026-01-06,M&M,3748.800048828125,3818.69418573839,-69.89413691026493,1.8644402475430464
2026-01-07,M&M,3724.0,3799.9566074482073,-75.95660744820725,2.0396511130023427
2026-01-08,M&M,3677.300048828125,3763.8033247202843,-86.50327589215931,2.3523583809737256
2026-01-09,M&M,3682.0,3735.381142364015,-53.38114236401498,1.449786593264937
2026-01-12,M&M,3661.5,3753.774090985494,-92.27409098549379,2.520117192011301
2026-01-13,M&M,3649.5,3667.631620207022,-18.131620207022024,0.49682477618912246
2026-01-14,M&M,3649.5,3595.7507577522088,53.749242247791244,1.4727837305875118
2026-01-15,M&M,3658.199951171875,3604.6851409054707,53.51481026640431,1.4628727510988366
2026-01-16,M&M,3657.39990234375,3657.159457299871,0.2404450438789354,0.006574207095178529
2026-01-19,M&M,3557.5,3610.6267386652485,-53.12673866524847,1.4933728366900483
2026-01-20,M&M,3553.300048828125,3593.4931386243934,-40.193089796268396,1.1311482071299899
2026-01-21,M&M,3573.699951171875,3578.990753306128,-5.2908021342532265,0.14804830306244052
2026-01-22,M&M,3543.39990234375,3593.5798008349025,-50.17989849115247,1.4161511507058921
2026-01-23,M&M,3393.5,3577.328827589153,-183.8288275891532,5.417086417832715
2026-01-27,M&M,3449.199951171875,3395.053351616548,54.14659955532716,1.569830694707354
2026-01-28,M&M,3384.39990234375,3453.826296009128,-69.42639366537787,2.0513649588897285
2026-01-29,M&M,3431.800048828125,3385.510496074238,46.289552753887165,1.3488417767723355
2026-01-30,M&M,3463.199951171875,3411.0592566889927,52.14069448288228,1.505564079984436
2026-02-02,M&M,3527.89990234375,3458.3824401550733,69.51746218867675,1.9705055163978156
2026-02-03,M&M,3574.0,3595.832810515813,-21.83281051581298,0.6108788616623666
2026-02-04,M&M,3572.0,3609.5649589547866,-37.56495895478656,1.0516505866401613
2026-02-05,M&M,3578.0,3593.4418041811136,-15.441804181113639,0.43157641646488654
2026-02-06,M&M,3609.60009765625,3586.013961327759,23.586136328491193,0.6534279612804175
2026-02-09,M&M,3675.800048828125,3610.3384986958886,65.46155013223643,1.7808789722690739
2026-02-10,M&M,3674.89990234375,3744.8765218628273,-69.9766195190773,1.9041775661548805
2026-02-11,M&M,3593.10009765625,3728.5936423966923,-135.4935447404423,3.770937103278131
2026-02-12,M&M,3533.39990234375,3618.289246246346,-84.88934390259601,2.402483337543758
2026-02-13,M&M,3509.699951171875,3598.091680585143,-88.39172941326797,2.51849818055684
2026-02-16,M&M,3489.199951171875,3595.3850295393354,-106.18507836746039,3.043250024458968
2026-02-17,M&M,3530.5,3556.6909309722623,-26.190930972262322,0.7418476411913985
2026-02-18,M&M,3431.800048828125,3593.2033648808515,-161.4033160527265,4.703167834846373
2026-02-19,M&M,3412.800048828125,3450.187012225584,-37.38696339745911,1.095492348293212
2026-02-20,M&M,3447.10009765625,3414.8736399208806,32.22645773536942,0.9348860439904491
2026-02-23,M&M,3433.199951171875,3434.104814353605,-0.9048631817299793,0.026356262221811953
2026-02-24,M&M,3491.300048828125,3415.5070535851532,75.79299524297176,2.1709103824637506
2026-02-25,M&M,3484.60009765625,3558.3578846020814,-73.75778694583141,2.116678668391276
2026-02-26,M&M,3397.39990234375,3554.9969897793067,-157.59708743555666,4.638755871124733
2026-02-27,M&M,3334.300048828125,3393.8616449140377,-59.5615960859127,1.7863298207624192
2026-03-02,M&M,3264.300048828125,3336.3067596957017,-72.00671086757666,2.2058851757033446
2026-03-04,M&M,3348.0,3287.0698196617213,60.93018033827866,1.8198978595662683
2026-03-05,M&M,3332.5,3372.164276169058,-39.66427616905821,1.1902258415321294
2026-03-06,M&M,3187.60009765625,3354.5946610748083,-166.9945634185583,5.238880609313087
2026-03-09,M&M,3293.699951171875,3194.710852099707,98.98909907216785,3.0054073090946924
2026-03-10,M&M,3168.199951171875,3358.796786821801,-190.5968356499261,6.015934555501362
2026-03-11,M&M,3031.199951171875,3192.765766536405,-161.56581536452995,5.330094285006435
2026-03-12,M&M,2931.10009765625,3008.9144393118304,-77.81434165558039,2.65478281406363
2026-03-13,M&M,3036.10009765625,2911.970378233334,124.12971942291597,4.088459386393065
2026-03-16,M&M,3128.89990234375,3004.439529651989,124.46037269176122,3.9777677962319054
2026-03-17,M&M,3214.60009765625,3109.550020515564,105.05007714068597,3.2679049943810274
2026-03-18,M&M,3045.39990234375,3210.208227426151,-164.8083250824011,5.411713744246332
2026-03-19,M&M,3066.10009765625,3015.843625948812,50.25647170743787,1.63910081558832
2026-03-20,M&M,2955.800048828125,3060.5398046311766,-104.7397558030516,3.5435331914476884
2026-03-23,M&M,3031.300048828125,2959.8613124563285,71.4387363717965,2.356702907038652
2026-03-24,M&M,3128.10009765625,3012.723594659187,115.3765029970632,3.6883890986579946
2026-03-25,M&M,3041.300048828125,3118.5835970862054,-77.28354825808037,2.5411352716697357
2026-03-27,M&M,2954.699951171875,3016.8933546930148,-62.19340352113977,2.1048974362514543
2026-03-30,M&M,3031.5,2956.9764429485235,74.52355705147647,2.458306351689806
2026-04-01,M&M,3011.699951171875,3011.54276136891,0.15718980296514928,0.005219304894698609
2026-04-02,M&M,3021.60009765625,3010.097292874019,11.502804782231124,0.3806858753795199
2026-04-06,M&M,3006.60009765625,3006.674138228303,-0.07404057205303616,0.0024626012654876644
2026-04-07,M&M,3210.10009765625,3004.706275496326,205.39382215992418,6.398361917433222
2026-04-08,M&M,3166.800048828125,3187.5182978834437,-20.718249055318665,0.6542329397457681
2026-04-09,M&M,3259.800048828125,3155.862624006631,103.937424821494,3.1884601283707195
2026-04-10,M&M,3220.199951171875,3300.3553885323304,-80.15543736045538,2.4891447293912825
2026-04-13,M&M,3256.5,3234.3718690443848,22.128130955615234,0.679506554755573
2026-04-15,M&M,3222.300048828125,3277.18620375179,-54.88615492366489,1.703322288178151
2026-04-16,M&M,3200.199951171875,3242.70668294972,-42.506731777844834,1.3282523725518893
2026-04-17,M&M,3221.60009765625,3199.7935924370645,21.80650521918551,0.6768842984282868
2026-04-20,M&M,3247.300048828125,3232.977385276189,14.322663551935875,0.44106375562999145
2026-04-21,M&M,3149.699951171875,3256.2365282963547,-106.53657712447966,3.38243574867637
2026-04-22,M&M,3047.699951171875,3158.3503424677288,-110.65039129585375,3.630619584231296
2026-04-23,M&M,3038.39990234375,3017.093071350381,21.306830993369203,0.701251700835483
2026-04-24,M&M,3102.39990234375,3014.716008167334,87.68389417641583,2.8263246820686736
2026-04-27,M&M,3088.10009765625,3076.0534933132494,12.046604343000581,0.3900975992372622
2026-04-28,M&M,3152.300048828125,3054.6355645179483,97.6644843101767,3.0981975953235703
2026-04-29,M&M,3097.5,3149.860160545319,-52.360160545319104,1.6904006632871382
2026-04-30,M&M,3097.5,3072.3632622196706,25.13673778032944,0.811516958202726
2026-05-01,M&M,3106.5,3072.1949263398274,34.30507366017264,1.1042998120126393
2026-05-04,M&M,3210.800048828125,3101.353048020311,109.44700080781422,3.408714312426901
2026-05-05,M&M,3300.800048828125,3178.529702542874,122.27034628525098,3.704263950452265
2026-05-06,M&M,3370.699951171875,3344.84175751028,25.858193661595124,0.7671461131568572
2026-05-07,M&M,3330.39990234375,3376.1957619191344,-45.795859575384384,1.3750859031420162
2026-05-08,M&M,3245.89990234375,3337.203464049881,-91.30356170613095,2.8128890123877164
2026-05-11,M&M,3176.0,3271.105961748459,-95.10596174845887,2.9945202061857326
2026-05-12,M&M,3111.800048828125,3194.007116062272,-82.20706723414696,2.641785010097464
2026-05-13,M&M,3173.89990234375,3129.297174200234,44.60272814351583,1.4052972530916674
2026-05-14,M&M,3123.10009765625,3177.654898712613,-54.554801056362976,1.7468156431266473
2026-05-15,M&M,3083.699951171875,3127.7964741402498,-44.09652296837476,1.4299874717583043
2026-05-18,M&M,3092.300048828125,3071.9948950973303,20.3051537307947,0.6566359476820386
2026-05-19,M&M,3122.199951171875,3079.636132147335,42.56381902453995,1.3632637143743533
2026-05-20,M&M,3099.0,3105.1277382017806,-6.12773820178063,0.1977327590119597
2026-05-21,M&M,3081.300048828125,3096.5441784031655,-15.24412957504046,0.49473044927377596
2026-05-22,M&M,3139.0,3064.6235767174394,74.37642328256061,2.3694304964179866
2026-05-25,M&M,3107.300048828125,3168.656918753073,-61.356869924948114,1.9746039635949546
2026-05-26,M&M,3121.60009765625,3103.292225198635,18.30787245761485,0.5864900014374265
2026-05-27,M&M,3121.60009765625,3120.237020777511,1.363076878738866,0.0436659673275346
2026-05-28,M&M,3045.60009765625,3114.307149337324,-68.70705168107406,2.2559446243105836
2026-05-29,M&M,2970.199951171875,3038.5043415246187,-68.30439035274367,2.2996563017851566
2026-06-01,M&M,2998.300048828125,2992.0685485743293,6.23150025379573,0.20783444459573983
2026-06-02,M&M,3011.10009765625,3017.439606471727,-6.339508815477075,0.21053796319861826
2026-06-03,M&M,3016.10009765625,3007.091451968819,9.008645687430999,0.2986852357596299
2026-06-04,M&M,3040.5,3010.091199992912,30.408800007087848,1.0001249796772849
2026-06-05,M&M,2966.0,3030.910901649695,-64.910901649695,2.188499718465779
2026-06-08,M&M,2990.10009765625,2971.76156987137,18.33852778488017,0.6133081564478252
2026-06-09,M&M,2952.5,3022.570056211245,-70.07005621124517,2.3732449182470847
2026-06-10,M&M,3000.89990234375,2950.8864547932817,50.0134475504683,1.6666149881043022
2026-06-11,M&M,3042.89990234375,3005.242207842582,37.65769450116795,1.2375594238956942
2026-06-12,M&M,3134.300048828125,3039.3601108339803,94.93993799414466,3.0290634755801857
2026-06-15,M&M,3137.89990234375,3134.9524873459527,2.9474149977972957,0.09392954171660549
2026-06-16,M&M,3132.89990234375,3149.4375420735028,-16.537639729752755,0.527870032406104
2026-06-17,M&M,3136.5,3135.470082957348,1.0299170426519595,0.032836507019032665
2026-06-18,M&M,3074.800048828125,3130.2343883363733,-55.434339508248286,1.8028599787935984
2026-06-19,M&M,3063.39990234375,3084.3239795254426,-20.92407718169261,0.6830344665638982
2026-06-22,M&M,3037.300048828125,3085.441745961286,-48.14169713316096,1.5850161775006513
2026-06-23,M&M,3064.5,3021.5649398489127,42.93506015108733,1.4010461788574753
2026-06-24,M&M,3182.199951171875,3086.677528756546,95.52242241532895,3.0017731092023903
2026-06-25,M&M,3182.199951171875,3148.710023313538,33.48992785833707,1.0524143162658302
2026-06-26,M&M,3093.0,3171.809230564351,-78.80923056435086,2.547986762507302
2026-06-29,M&M,3068.800048828125,3104.0301016372855,-35.2300528091605,1.1480074377153933
2026-06-30,M&M,3130.0,3083.667114360298,46.332885639702,1.48028388625246
2026-07-01,M&M,3175.39990234375,3140.704649831254,34.695252512496154,1.0926262385688092
2026-07-02,M&M,3136.89990234375,3169.0203390604206,-32.12043671667061,1.0239547871027594
2026-07-03,M&M,3201.199951171875,3146.398885203078,54.80106596879705,1.711891378379405
2026-07-06,M&M,3196.39990234375,3192.77783217651,3.6220701672400537,0.11331717800967839
2026-07-07,M&M,3102.5,3185.9554136141437,-83.45541361414371,2.689940809480861
2026-07-08,M&M,3085.39990234375,3109.8897485572434,-24.489846213493365,0.7937332919110499
2026-07-09,M&M,3129.39990234375,3080.314108939687,49.085793404063224,1.5685369379381857
2026-07-10,M&M,3160.39990234375,3120.5187083756273,39.881193968122716,1.261903404646572
2026-07-13,M&M,3093.300048828125,3169.070845798842,-75.77079697071713,2.449513327988417
2026-07-14,M&M,3082.89990234375,3079.508871818366,3.3910305253839397,0.1099948306075697
2026-07-15,M&M,3117.800048828125,3065.9880224648514,51.81202636327362,1.6618136362768998
2026-07-16,M&M,3179.199951171875,3123.5859432192997,55.61400795257532,1.7493082790239607
2026-07-17,M&M,3165.5,3171.168631725621,-5.6686317256207985,0.17907539806099507
2026-07-20,M&M,3201.699951171875,3145.7379178201145,55.96203335176051,1.7478850050042163
2026-07-21,M&M,3175.300048828125,3199.3079558416443,-24.007907013519343,0.7560830990564086
2026-07-22,M&M,3229.699951171875,3167.824154475635,61.87579669623983,1.9158373109486104
2026-07-23,M&M,3161.39990234375,3233.392245784539,-71.99234344078923,2.277229887538639
2026-07-24,M&M,3238.60009765625,3169.9740276544144,68.62607000183561,2.119004135505948
2026-07-27,M&M,3271.199951171875,3247.3337428273253,23.866208344549705,0.7295857392025171
2026-07-28,M&M,3221.800048828125,3288.8482806467773,-67.04823181865231,2.081079856058726
2026-07-29,M&M,3283.699951171875,3249.125167248235,34.5747839236401,1.052921534785819
2026-07-30,M&M,3398.5,3295.7516419538138,102.74835804618624,3.023344359163932
2026-07-31,M&M,3428.60009765625,3386.1980855412758,42.40201211497424,1.2367150121695367
2026-08-03,M&M,3433.0,3398.0990246461215,34.90097535387849,1.0166319648668365
2026-08-04,M&M,3455.39990234375,3412.0904391331446,43.30946321060537,1.253384975244954
2026-08-05,M&M,3406.0,3438.9282195133687,-32.92821951336873,0.9667709780789411
2026-08-06,M&M,3502.0,3407.8827794527115,94.11722054728853,2.687527714085909
2026-08-07,M&M,3517.0,3543.7869011815487,-26.78690118154873,0.7616406363818233
2026-08-10,M&M,3460.10009765625,3568.9173569575937,-108.81725930134371,3.1449165119544578
2026-08-11,M&M,3403.60009765625,3458.358982878987,-54.75888522273681,1.608851911258443
2026-08-12,M&M,3428.199951171875,3401.6743820172874,26.52556915458763,0.773746267207089
2026-08-13,M&M,3428.300048828125,3413.2525675854204,15.047481242704634,0.43891961113054334
2026-08-14,M&M,3390.39990234375,3404.916646553284,-14.516744209533954,0.4281720336146385
2026-08-17,M&M,3421.5,3393.641559841545,27.85844015845487,0.814217160849185
2026-08-18,M&M,3415.0,3425.9270896579674,-10.927089657967372,0.31997334283945456
2026-08-19,M&M,3424.800048828125,3417.6927018783485,7.107346949776456,0.2075258948973795
2026-08-20,M&M,3412.199951171875,3420.0735616363304,-7.873610464455396,0.2307488006894587
2026-08-21,M&M,3414.10009765625,3414.8377178860624,-0.7376202298123644,0.021605114340927916
2026-08-24,M&M,3443.0,3418.4437043483686,24.556295651631444,0.7132238063209829
2026-08-25,M&M,3398.199951171875,3471.8450390270846,-73.64508785520957,2.1671793571126656
2026-08-26,M&M,3330.0,3382.351104093266,-52.3511040932658,1.5721052280260002
2026-08-27,M&M,3334.0,3338.65171725321,-4.651717253209881,0.1395236128737217
2026-08-28,M&M,3282.0,3345.791774156141,-63.791774156140946,1.943685988913496
2026-08-31,M&M,3259.0,3259.8889417663327,-0.888941766332664,0.02727651937197496
2026-09-01,M&M,3190.0,3258.3624323155595,-68.36243231555954,2.1430229566006127
2026-09-02,M&M,3150.0,3186.612593759385,-36.61259375938516,1.1623045637900054
2025-09-22,Maruti Suzuki,16097.0,15722.185728291202,374.8142717087976,2.3284728316381784
2025-09-23,Maruti Suzuki,16249.0,15724.030214432867,524.9697855671329,3.2307821131585506
2025-09-24,Maruti Suzuki,16269.0,15724.8895477662,544.1104522337992,3.3444615663765394
2025-09-25,Maruti Suzuki,16286.0,15726.315119316843,559.6848806831567,3.4366012568043516
2025-09-26,Maruti Suzuki,15984.0,15724.090952650176,259.9090473498236,1.6260576035399372
2025-09-29,Maruti Suzuki,16029.0,15723.872811624537,305.12718837546345,1.903594662021732
2025-09-30,Maruti Suzuki,15965.0,15722.057185037178,242.942814962822,1.521721358990429
2025-10-01,Maruti Suzuki,15806.0,15726.361144957868,79.63885504213249,0.5038520501210457
2025-10-03,Maruti Suzuki,15998.0,15723.872811624537,274.12718837546345,1.7135091159861449
2025-10-06,Maruti Suzuki,16108.0,15725.41621443287,382.5837855671307,2.37511662259207
2025-10-07,Maruti Suzuki,16012.0,15719.732185037177,292.26781496282274,1.8253048648689905
2025-10-08,Maruti Suzuki,15985.0,15726.361144957868,258.6388550421325,1.6180097281334533
2025-10-09,Maruti Suzuki,16265.0,15722.185728291202,542.8142717087976,3.337314919820459
2025-10-10,Maruti Suzuki,16323.0,15726.518547766202,596.4814522337983,3.654239124142611
2025-10-13,Maruti Suzuki,16261.0,15725.62103586144,535.3789641385592,3.2924110702820197
2025-10-14,Maruti Suzuki,16212.0,15724.136978291202,487.86302170879753,3.009271044342447
2025-10-15,Maruti Suzuki,16298.0,15708.701085434064,589.2989145659358,3.615774417510957
2025-10-16,Maruti Suzuki,16401.0,15718.338018370512,682.6619816294879,4.1623192587615865
2025-10-17,Maruti Suzuki,16424.0,15729.796452528106,694.2035474718941,4.226762953433354
2025-10-20,Maruti Suzuki,16396.0,15717.187559793038,678.8124402069625,4.140110028098088
2025-10-21,Maruti Suzuki,16393.0,15711.026085434065,681.973914565935,4.160153202988685
2025-10-23,Maruti Suzuki,16274.0,15726.315119316843,547.6848806831567,3.3653980624502684
2025-10-24,Maruti Suzuki,16388.0,15718.466561624538,669.5334383754616,4.085510363531008
2025-10-27,Maruti Suzuki,16311.0,15718.338018370512,592.6619816294879,3.6335110148334735
2025-10-28,Maruti Suzuki,16138.0,15724.136978291202,413.86302170879753,2.564524858773067
2025-10-29,Maruti Suzuki,16206.0,15722.641978291203,483.3580217087965,2.98258683024063
2025-10-30,Maruti Suzuki,16186.0,15720.394369194775,465.6056308052248,2.876594778235665
2025-10-31,Maruti Suzuki,15651.0,15726.315119316843,-75.31511931684327,0.4812160201702336
2025-11-03,Maruti Suzuki,15374.0,15723.872811624537,-349.87281162453655,2.275743538601122
2025-11-04,Maruti Suzuki,15452.0,15641.987450513425,-189.98745051342485,1.229533073475439
2025-11-06,Maruti Suzuki,15479.0,15642.805924750326,-163.80592475032608,1.0582461706203636
2025-11-07,Maruti Suzuki,15583.0,15658.292764158114,-75.29276415811364,0.4831724581795138
2025-11-10,Maruti Suzuki,15645.0,15676.039591416999,-31.03959141699852,0.19839943379353478
2025-11-11,Maruti Suzuki,15696.0,15716.013018370513,-20.013018370513237,0.12750393966942683
2025-11-12,Maruti Suzuki,15749.0,15716.013018370513,32.98698162948676,0.2094544518984492
2025-11-13,Maruti Suzuki,15684.0,15718.338018370512,-34.338018370512145,0.21893661292088842
2025-11-14,Maruti Suzuki,15878.0,15708.701085434064,169.29891456593577,1.0662483597804244
2025-11-17,Maruti Suzuki,15930.0,15729.135381099535,200.86461890046485,1.2609203948553975
2025-11-18,Maruti Suzuki,15768.0,15729.796452528106,38.203547471894126,0.24228530867512763
2025-11-19,Maruti Suzuki,15801.0,15726.361144957868,74.63885504213249,0.47236792001855893
2025-11-20,Maruti Suzuki,15977.0,15720.908869316845,256.0911306831549,1.6028736977101765
2025-11-21,Maruti Suzuki,15958.0,15726.6470477662,231.35295223379944,1.449761575597189
2025-11-24,Maruti Suzuki,15889.0,15712.374226459704,176.625773540296,1.111622968974108
2025-11-25,Maruti Suzuki,16156.0,15718.466561624538,437.5334383754616,2.7081792422348454
2025-11-26,Maruti Suzuki,15903.0,15726.518547766202,176.48145223379834,1.109736856151659
2025-11-27,Maruti Suzuki,15900.0,15726.361144957868,173.6388550421325,1.0920682707052358
2025-11-28,Maruti Suzuki,16097.0,15723.120535983511,373.8794640164888,2.3226654905664956
2025-12-01,Maruti Suzuki,16239.0,15729.135381099535,509.86461890046485,3.139753795803096
2025-12-02,Maruti Suzuki,16082.0,15717.313613608605,364.686386391395,2.2676681158524747
2025-12-03,Maruti Suzuki,15994.0,15722.641978291203,271.3580217087965,1.69662386963109
2025-12-04,Maruti Suzuki,16282.0,15722.641978291203,559.3580217087965,3.4354380402210816
2025-12-05,Maruti Suzuki,16187.0,15726.518547766202,460.48145223379834,2.844760933056146
2025-12-08,Maruti Suzuki,16020.0,15708.701085434064,311.2989145659358,1.9431892295002233
2025-12-09,Maruti Suzuki,16019.0,15726.361144957868,292.6388550421325,1.8268234911176258
2025-12-10,Maruti Suzuki,16248.0,15723.120535983511,524.8794640164888,3.2304250616475185
2025-12-11,Maruti Suzuki,16522.0,15725.41621443287,796.5837855671307,4.821352049189751
2025-12-12,Maruti Suzuki,16415.0,15726.518547766202,688.4814522337983,4.194221457409676
2025-12-15,Maruti Suzuki,16354.0,15711.026085434065,642.973914565935,3.9316003091961296
2025-12-16,Maruti Suzuki,16398.0,15711.026085434065,686.973914565935,4.189376232259636
2025-12-17,Maruti Suzuki,16329.0,15718.338018370512,610.6619816294879,3.739739001956567
2025-12-18,Maruti Suzuki,16414.0,15722.641978291203,691.3580217087965,4.212002081813066
2025-12-19,Maruti Suzuki,16649.0,15722.057185037178,926.942814962822,5.567558501788828
2025-12-22,Maruti Suzuki,16585.0,15725.41621443287,859.5837855671307,5.182898918101482
2025-12-23,Maruti Suzuki,16703.0,15708.701085434064,994.2989145659358,5.952816347757503
2025-12-24,Maruti Suzuki,16596.0,15716.013018370513,879.9869816294868,5.302404083089219
2025-12-26,Maruti Suzuki,16542.0,15712.499228291206,829.5007717087938,5.014513188905778
2025-12-29,Maruti Suzuki,16647.0,15712.499228291206,934.5007717087938,5.61362871213308
2025-12-30,Maruti Suzuki,16697.0,15727.308119194773,969.6918808052269,5.807581486525884
2025-12-31,Maruti Suzuki,16708.0,15725.46232789432,982.53767210568,5.880642040373953
2026-01-01,Maruti Suzuki,16960.0,15719.401369316845,1240.5986306831546,7.314850416763884
2026-01-02,Maruti Suzuki,17155.0,15729.135381099535,1425.8646189004648,8.31165618712017
2026-01-05,Maruti Suzuki,17292.0,15729.135381099535,1562.8646189004648,9.03807898970891
2026-01-06,Maruti Suzuki,16809.0,15716.013018370513,1092.9869816294868,6.502391466651715
2026-01-07,Maruti Suzuki,16664.0,15726.361144957868,937.6388550421325,5.62673340759801
2026-01-08,Maruti Suzuki,16501.0,15722.641978291203,778.3580217087965,4.7170354627525395
2026-01-09,Maruti Suzuki,16582.0,15726.361144957868,855.6388550421325,5.160046164769826
2026-01-12,Maruti Suzuki,16426.0,15729.796452528106,696.2035474718941,4.238424129257848
2026-01-13,Maruti Suzuki,16152.0,15726.361144957868,425.6388550421325,2.635208364550102
2026-01-14,Maruti Suzuki,16152.0,15722.641978291203,429.3580217087965,2.6582344087964125
2026-01-15,Maruti Suzuki,15859.0,15712.501768370514,146.49823162948633,0.9237545345197449
2026-01-16,Maruti Suzuki,16176.0,15723.872811624537,452.12718837546345,2.795049384121312
2026-01-19,Maruti Suzuki,15879.0,15728.958547766202,150.04145223379783,0.9449049199181172
2026-01-20,Maruti Suzuki,15770.0,15726.361144957868,43.63885504213249,0.2767207041352726
2026-01-21,Maruti Suzuki,15765.0,15726.361144957868,38.63885504213249,0.24509264219557558
2026-01-22,Maruti Suzuki,15469.0,15728.803452650176,-259.80345265017604,1.679510328076644
2026-01-23,Maruti Suzuki,15245.0,15668.898450513423,-423.8984505134231,2.7805736340664025
2026-01-27,Maruti Suzuki,14877.0,15526.026855275333,-649.0268552753332,4.362619179104209
2026-01-28,Maruti Suzuki,14502.0,15329.615430311409,-827.615430311409,5.706905463463033
2026-01-29,Maruti Suzuki,14599.0,15252.905964041569,-653.905964041569,4.4791147615697575
2026-01-30,Maruti Suzuki,14384.0,15235.562348382406,-851.5623483824056,5.920205425350429
2026-02-02,Maruti Suzuki,14782.0,15154.809469435912,-372.8094694359115,2.5220502600183434
2026-02-03,Maruti Suzuki,15071.0,15307.287332509393,-236.2873325093933,1.567827831659434
2026-02-04,Maruti Suzuki,15059.0,15422.19824719193,-363.1982471919291,2.4118350965663664
2026-02-05,Maruti Suzuki,14997.0,15486.479561777163,-489.4795617771633,3.263849848484119
2026-02-06,Maruti Suzuki,14978.0,15438.387579120934,-460.3875791209339,3.073758706909693
2026-02-09,Maruti Suzuki,15146.0,15424.733522094628,-278.7335220946279,1.8403111190718864
2026-02-10,Maruti Suzuki,15412.0,15517.658822949503,-105.65882294950279,0.6855620487250376
2026-02-11,Maruti Suzuki,15326.0,15506.152715806647,-180.1527158066474,1.1754711980076171
2026-02-12,Maruti Suzuki,15237.0,15607.814129084854,-370.81412908485436,2.4336426401841202
2026-02-13,Maruti Suzuki,15051.0,15527.84784337057,-476.84784337056954,3.1682136959043885
2026-02-16,Maruti Suzuki,15179.0,15495.070533846765,-316.0705338467651,2.0822882524986173
2026-02-17,Maruti Suzuki,15164.0,15508.647061044743,-344.64706104474317,2.2727978174936903
2026-02-18,Maruti Suzuki,14903.0,15488.683085586692,-585.683085586692,3.92996769500565
2026-02-19,Maruti Suzuki,14977.0,15416.778352930458,-439.7783529304579,2.9363581019593905
2026-02-20,Maruti Suzuki,15072.0,15410.995796795109,-338.9957967951086,2.249175934150137
2026-02-23,Maruti Suzuki,14926.0,15484.093913211784,-558.0939132117837,3.7390721774874964
2026-02-24,Maruti Suzuki,15070.0,15402.45639297375,-332.45639297375055,2.206080908916726
2026-02-25,Maruti Suzuki,15213.0,15460.096598382406,-247.09659838240623,1.6242463576047212
2026-02-26,Maruti Suzuki,14857.0,15515.311014402258,-658.3110144022576,4.430982125612557
2026-02-27,Maruti Suzuki,14388.0,15323.622031501885,-935.6220315018854,6.502794213941378
2026-03-02,Maruti Suzuki,14158.0,15175.979118803469,-1017.9791188034687,7.1901336262428925
2026-03-04,Maruti Suzuki,14415.0,15069.59808257184,-654.5980825718398,4.541089716072423
2026-03-05,Maruti Suzuki,14159.0,15177.46155020532,-1018.4615502053202,7.193033054631826
2026-03-06,Maruti Suzuki,13508.0,15142.813921816864,-1634.8139218168635,12.102560866278232
2026-03-09,Maruti Suzuki,13867.0,13588.600076985678,278.39992301432176,2.0076434918462662
2026-03-10,Maruti Suzuki,13497.0,14579.573714089565,-1082.5737140895653,8.020846959246983
2026-03-11,Maruti Suzuki,13011.0,13948.576084809802,-937.5760848098016,7.206026322417966
2026-03-12,Maruti Suzuki,12591.0,13069.306141806243,-478.3061418062425,3.798793914750556
2026-03-13,Maruti Suzuki,12757.0,12498.981342347162,258.01865765283765,2.0225653182788874
2026-03-16,Maruti Suzuki,12972.0,12838.944034968306,133.05596503169363,1.0257166592020786
2026-03-17,Maruti Suzuki,13048.0,13063.626194639788,-15.626194639788082,0.11975930901125138
2026-03-18,Maruti Suzuki,12599.0,13051.79841754247,-452.7984175424699,3.5939234664851964
2026-03-19,Maruti Suzuki,12601.0,12491.276810865575,109.72318913442541,0.8707498542530387
2026-03-20,Maruti Suzuki,12355.0,12603.992201914338,-248.99220191433778,2.015315272475417
2026-03-23,Maruti Suzuki,12464.0,12270.717432845828,193.28256715417228,1.5507266299275697
2026-03-24,Maruti Suzuki,12711.0,12486.405296800134,224.59470319986576,1.766931816535802
2026-03-25,Maruti Suzuki,12389.0,12812.731540643608,-423.73154064360824,3.420223913500753
2026-03-27,Maruti Suzuki,12306.0,12293.844845548112,12.155154451887938,0.09877421137565365
2026-03-30,Maruti Suzuki,12509.0,12279.87382098644,229.12617901355952,1.831690614865773
2026-04-01,Maruti Suzuki,12631.0,12547.162478496246,83.83752150375403,0.6637441335108386
2026-04-02,Maruti Suzuki,12688.0,12589.615913117113,98.38408688288655,0.775410520829812
2026-04-06,Maruti Suzuki,12798.0,12788.919545765977,9.080454234022909,0.07095213497439372
2026-04-07,Maruti Suzuki,13602.0,12844.889255095955,757.1107449040446,5.566172216615532
2026-04-08,Maruti Suzuki,13589.0,13213.505394277772,375.4946057222278,2.763224709119345
2026-04-09,Maruti Suzuki,13709.0,13395.534124430334,313.4658755696655,2.2865699582002006
2026-04-10,Maruti Suzuki,13076.0,13637.51312657335,-561.5131265733507,4.2942270309984
2026-04-13,Maruti Suzuki,13289.0,13080.290531951767,208.70946804823325,1.5705430660563866
2026-04-15,Maruti Suzuki,13335.0,13124.793942324679,210.20605767532106,1.576348389016281
2026-04-16,Maruti Suzuki,13453.0,13116.133471912197,336.8665280878031,2.5040253332922253
2026-04-17,Maruti Suzuki,13450.0,13172.51141848803,277.48858151197055,2.0631121302005244
2026-04-20,Maruti Suzuki,13461.0,13143.64232465471,317.3576753452908,2.3576084640464363
2026-04-21,Maruti Suzuki,13337.0,13176.328801868252,160.6711981317476,1.2047026927476012
2026-04-22,Maruti Suzuki,13160.0,13096.235469951322,63.76453004867835,0.4845329031054586
2026-04-23,Maruti Suzuki,13048.0,13101.921337568976,-53.921337568976014,0.41325366009331715
2026-04-24,Maruti Suzuki,13222.0,13004.41719055933,217.58280944066973,1.6456119304240637
2026-04-27,Maruti Suzuki,12892.0,13074.005629105817,-182.0056291058172,1.4117718670944555
2026-04-28,Maruti Suzuki,13257.0,12882.304121188869,374.6958788111315,2.8264002324140565
2026-04-29,Maruti Suzuki,13314.0,13151.027921078985,162.97207892101505,1.2240654868635652
2026-04-30,Maruti Suzuki,13314.0,13119.881920328771,194.11807967122877,1.4579996970950035
2026-05-01,Maruti Suzuki,13580.0,13029.868344848628,550.1316551513719,4.051043115989484
2026-05-04,Maruti Suzuki,13426.0,13735.497017998587,-309.49701799858667,2.3052064501607825
2026-05-05,Maruti Suzuki,13722.0,13403.854593540733,318.1454064592672,2.3185060957532952
2026-05-06,Maruti Suzuki,13770.0,13500.24950196669,269.7504980333106,1.958972389493904
2026-05-07,Maruti Suzuki,13726.0,13894.117016837954,-168.117016837954,1.2248070584143522
2026-05-08,Maruti Suzuki,13483.0,13717.351043987943,-234.35104398794283,1.7381224059033067
2026-05-11,Maruti Suzuki,13172.0,13240.999356712704,-68.99935671270396,0.5238335614386879
2026-05-12,Maruti Suzuki,13103.0,13070.135854096907,32.86414590309323,0.25081390447296975
2026-05-13,Maruti Suzuki,13075.0,13002.294325338691,72.70567466130888,0.55606634540198
2026-05-14,Maruti Suzuki,13221.0,13007.837592482789,213.16240751721125,1.6123016981863039
2026-05-15,Maruti Suzuki,13016.0,13063.125568477564,-47.12556847756423,0.3620587621201923
2026-05-18,Maruti Suzuki,12956.0,13009.10247615471,-53.10247615471053,0.40986783077115263
2026-05-19,Maruti Suzuki,13003.0,12986.444642279017,16.55535772098301,0.12731952411738068
2026-05-20,Maruti Suzuki,13010.0,13014.16312662302,-4.163126623019707,0.031999435995539637
2026-05-21,Maruti Suzuki,12987.0,12979.15797867768,7.842021322319852,0.060383624565487425
2026-05-22,Maruti Suzuki,13170.0,13001.672745482687,168.32725451731312,1.2781112719613752
2026-05-25,Maruti Suzuki,13208.0,13076.73117091393,131.26882908606967,0.9938584879320842
2026-05-26,Maruti Suzuki,13364.0,13063.496132442411,300.5038675575888,2.2486072100986894
2026-05-27,Maruti Suzuki,13364.0,13244.87018485902,119.12981514097919,0.8914233398756299
2026-05-28,Maruti Suzuki,13127.0,13206.868022875593,-79.86802287559294,0.608425557062489
2026-05-29,Maruti Suzuki,12946.0,13212.611396845125,-266.61139684512455,2.0594113768355053
2026-06-01,Maruti Suzuki,13022.0,13106.445114520626,-84.4451145206258,0.6484803756767454
2026-06-02,Maruti Suzuki,13044.0,13160.995133108258,-116.9951331082575,0.8969268100909039
2026-06-03,Maruti Suzuki,13064.0,13256.829191830591,-192.8291918305913,1.476034842548923
2026-06-04,Maruti Suzuki,13050.0,13258.592020786831,-208.5920207868312,1.598406289554262
2026-06-05,Maruti Suzuki,12912.0,13242.2242406529,-330.22424065290033,2.557498765899166
2026-06-08,Maruti Suzuki,13120.0,13208.573547397984,-88.57354739798393,0.6751032576065849
2026-06-09,Maruti Suzuki,13073.0,13401.028742563398,-328.0287425633978,2.5092078525464534
2026-06-10,Maruti Suzuki,13098.0,13334.579706074062,-236.57970607406241,1.806227714720281
2026-06-11,Maruti Suzuki,13366.0,13347.151718222965,18.848281777034572,0.14101662260238346
2026-06-12,Maruti Suzuki,13805.0,13365.021474212164,439.9785257878357,3.1870954421429607
2026-06-15,Maruti Suzuki,13691.0,14190.277355164544,-499.27735516454413,3.646755935757389
2026-06-16,Maruti Suzuki,13630.0,13926.678514768575,-296.67851476857504,2.176658215470103
2026-06-17,Maruti Suzuki,13484.0,13663.051011976455,-179.0510119764549,1.3278775732457349
2026-06-18,Maruti Suzuki,13395.0,13505.863885527113,-110.86388552711287,0.8276512544017385
2026-06-19,Maruti Suzuki,13421.0,13270.531062065975,150.46893793402523,1.1211455028241206
2026-06-22,Maruti Suzuki,13451.0,13256.238324720596,194.7616752794038,1.4479345422600831
2026-06-23,Maruti Suzuki,13248.0,13263.18633209713,-15.186332097129707,0.1146311299602182
2026-06-24,Maruti Suzuki,13745.0,13202.112705043244,542.8872949567558,3.949707493319431
2026-06-25,Maruti Suzuki,13745.0,13516.558746772269,228.44125322773107,1.6619952944905863
2026-06-26,Maruti Suzuki,13412.0,13860.61556131224,-448.61556131223915,3.3448819065928954
2026-06-29,Maruti Suzuki,14115.0,13556.742473881179,558.2575261188213,3.955065718163806
2026-06-30,Maruti Suzuki,14395.0,14534.165850706071,-139.16585070607107,0.9667652011536718
2026-07-01,Maruti Suzuki,14348.0,14809.796272274923,-461.79627227492347,3.2185410668728984
2026-07-02,Maruti Suzuki,14366.0,14839.412747213693,-473.41274721369336,3.2953692552811735
2026-07-03,Maruti Suzuki,14456.0,14862.445648007346,-406.4456480073459,2.8116052020430677
2026-07-06,Maruti Suzuki,14538.0,14872.594611560642,-334.5946115606421,2.301517482189036
2026-07-07,Maruti Suzuki,13951.0,14939.956087751118,-988.9560877511176,7.088782795148144
2026-07-08,Maruti Suzuki,13728.0,14824.536725632439,-1096.536725632439,7.987592698371496
2026-07-09,Maruti Suzuki,13854.0,14252.73572094533,-398.7357209453294,2.8781270459457873
2026-07-10,Maruti Suzuki,13695.0,14423.944898999407,-728.9448989994071,5.322708280389975
2026-07-13,Maruti Suzuki,13489.0,13749.419846367731,-260.4198463677312,1.9306089878251258
2026-07-14,Maruti Suzuki,13583.0,13627.151921028255,-44.15192102825495,0.3250527941416104
2026-07-15,Maruti Suzuki,13783.0,13200.097677201524,582.9023227984762,4.2291396851082945
2026-07-16,Maruti Suzuki,13803.0,14013.989634868323,-210.98963486832326,1.5285780980100214
2026-07-17,Maruti Suzuki,13514.0,14209.781670286147,-695.7816702861473,5.14859901055311
2026-07-20,Maruti Suzuki,13597.0,13592.517223760695,4.482776239305167,0.032968862538097866
2026-07-21,Maruti Suzuki,13545.0,13149.750482766765,395.24951723323466,2.918047377137207
2026-07-22,Maruti Suzuki,13403.0,13625.253008715432,-222.25300871543186,1.6582332963920903
2026-07-23,Maruti Suzuki,13442.0,13157.494070236926,284.50592976307416,2.1165446344522705
2026-07-24,Maruti Suzuki,13730.0,13154.369146478555,575.6308535214448,4.192504395640531
2026-07-27,Maruti Suzuki,13802.0,13758.98838120621,43.01161879378924,0.3116332328198032
2026-07-28,Maruti Suzuki,13948.0,14105.908021767267,-157.9080217672672,1.1321194563182333
2026-07-29,Maruti Suzuki,14188.0,14626.817546084447,-438.8175460844468,3.0928781088557007
2026-07-30,Maruti Suzuki,14234.0,14770.537904041106,-536.5379040411062,3.769410594640342
2026-07-31,Maruti Suzuki,14150.0,14803.814825846353,-653.8148258463534,4.62059947594596
2026-08-03,Maruti Suzuki,14168.0,14831.865312689884,-663.8653126898844,4.685667085614655
2026-08-04,Maruti Suzuki,14190.0,14799.375160725911,-609.375160725911,4.294398595672382
2026-08-05,Maruti Suzuki,14080.0,14783.662857154479,-703.6628571544788,4.99760551956306
2026-08-06,Maruti Suzuki,14037.0,14778.871097195093,-741.8710971950932,5.285111471077104
2026-08-07,Maruti Suzuki,14097.0,14744.470750515406,-647.4707505154056,4.5929683657189875
2026-08-10,Maruti Suzuki,13990.0,14775.357196684336,-785.3571966843356,5.613704050638567
2026-08-11,Maruti Suzuki,13875.0,14768.876097195092,-893.8760971950924,6.442350250054719
2026-08-12,Maruti Suzuki,13905.0,14753.473008043075,-848.4730080430745,6.101927422100499
2026-08-13,Maruti Suzuki,13834.0,14701.783509323845,-867.7835093238446,6.2728314972086485
2026-08-14,Maruti Suzuki,13760.0,14495.742242435515,-735.7422424355154,5.346963971188339
2026-08-17,Maruti Suzuki,13691.0,14270.22614413404,-579.2261441340397,4.23070735617588
2026-08-18,Maruti Suzuki,13690.0,14027.304444142177,-337.3044441421771,2.4638746832883642
2026-08-19,Maruti Suzuki,13809.0,13933.245436928404,-124.24543692840416,0.8997424645405473
2026-08-20,Maruti Suzuki,13565.0,14312.869368342319,-747.8693683423189,5.513227927330033
2026-08-21,Maruti Suzuki,13620.0,13948.051309374618,-328.05130937461763,2.4085999219869136
2026-08-24,Maruti Suzuki,13678.0,13844.509169894753,-166.50916989475263,1.2173502697379195
2026-08-25,Maruti Suzuki,13520.0,13754.049722588437,-234.04972258843736,1.7311370013937672
2026-08-26,Maruti Suzuki,13440.0,13860.923719216971,-420.9237192169712,3.1318729108405594
2026-08-27,Maruti Suzuki,13376.0,13461.040617480077,-85.04061748007734,0.6357701665675639
2026-08-28,Maruti Suzuki,13547.0,13431.815208265516,115.18479173448395,0.8502605132832652
2026-08-31,Maruti Suzuki,12950.0,13482.21504076955,-532.2150407695499,4.109768654591119
2026-09-01,Maruti Suzuki,12849.0,13230.408308271748,-381.40830827174796,2.9683890440637244
2026-09-02,Maruti Suzuki,12857.0,12843.687570634149,13.31242936585113,0.103542267759595
2025-09-22,NTPC,343.0,337.80619465628797,5.193805343712029,1.5142289631813495
2025-09-23,NTPC,347.6000061035156,341.9185958730615,5.681410230454105,1.6344678166553817
2025-09-24,NTPC,340.5,345.1692126043805,-4.669212604380505,1.371281234766668
2025-09-25,NTPC,337.8999938964844,338.7654278316082,-0.8654339351238036,0.25612132310038727
2025-09-26,NTPC,340.95001220703125,337.0819807394298,3.8680314676014405,1.13448638484069
2025-09-29,NTPC,340.45001220703125,340.9535475777741,-0.5035353707428385,0.1479028793327325
2025-09-30,NTPC,340.25,340.6596407182015,-0.4096407182015014,0.12039403914812678
2025-10-01,NTPC,342.0,340.57999964831913,1.4200003516808692,0.41520478119323656
2025-10-03,NTPC,339.1000061035156,341.49351807023965,-2.39351196672402,0.7058425018115048
2025-10-06,NTPC,338.0,337.3787088599713,0.6212911400286885,0.18381394675404983
2025-10-07,NTPC,333.79998779296875,337.2590275045251,-3.459039711556329,1.0362611857558586
2025-10-08,NTPC,335.8500061035156,333.40731529608985,2.4426908074257767,0.7273159931618078
2025-10-09,NTPC,339.70001220703125,336.93520076771716,2.7648114393140872,0.8138979511219635
2025-10-10,NTPC,341.70001220703125,337.22058187006144,4.479430336969813,1.31092483960925
2025-10-13,NTPC,336.6499938964844,340.91854066031965,-4.268546763835275,1.2679479700652538
2025-10-14,NTPC,339.25,337.7210571807336,1.5289428192663763,0.450683218648895
2025-10-15,NTPC,341.5,337.33650336819306,4.163496631806936,1.2191791015540077
2025-10-16,NTPC,341.0,341.19262054400116,-0.19262054400115858,0.056486963050193136
2025-10-17,NTPC,341.95001220703125,341.3514472672552,0.598564939776054,0.17504457330261974
2025-10-20,NTPC,342.0,341.69688117601066,0.30311882398933676,0.08863123508460138
2025-10-21,NTPC,342.6499938964844,341.65611041171985,0.9938834847645239,0.2900579315535547
2025-10-23,NTPC,339.6000061035156,341.9324371621973,-2.3324310586816637,0.6868171427448976
2025-10-24,NTPC,341.75,337.02148656697705,4.728513433022954,1.3836176834010105
2025-10-27,NTPC,339.1499938964844,341.2615518803856,-2.111557983901207,0.6226029844911919
2025-10-28,NTPC,347.5,336.7019903354937,10.79800966450631,3.107340910649298
2025-10-29,NTPC,345.1499938964844,345.1714813419366,-0.021487445452237353,0.006225538412925993
2025-10-30,NTPC,336.95001220703125,337.3949527908986,-0.44494058386737834,0.13204943396588892
2025-10-31,NTPC,335.20001220703125,338.05595736020297,-2.8559451531717173,0.8520122461713353
2025-11-03,NTPC,330.6000061035156,334.5411390957675,-3.9411329922518803,1.192115220656667
2025-11-04,NTPC,326.6499938964844,329.4834806648906,-2.8334867684062033,0.8674381819532919
2025-11-06,NTPC,326.1000061035156,326.5210707331104,-0.42106462959475266,0.12912131913947034
2025-11-07,NTPC,325.45001220703125,328.48684604362575,-3.0368338365944965,0.9331183661663683
2025-11-10,NTPC,326.6499938964844,325.24108374440294,1.4089101520814324,0.43132104038180913
2025-11-11,NTPC,327.1499938964844,328.80693707324116,-1.6569431767567835,0.5064781316429025
2025-11-12,NTPC,326.95001220703125,329.47833431914717,-2.528322112115916,0.773305403798221
2025-11-13,NTPC,328.45001220703125,328.0659326668693,0.384079540161963,0.11693698459047915
2025-11-14,NTPC,330.20001220703125,330.22054109732255,-0.02052889029130256,0.0062171076718286755
2025-11-17,NTPC,328.45001220703125,332.21269347918945,-3.762681272158204,1.1455871920584617
2025-11-18,NTPC,326.6000061035156,330.1123051763155,-3.5122990727998626,1.0754130456711144
2025-11-19,NTPC,326.6000061035156,328.9276351953467,-2.3276290918310565,0.7126849504997609
2025-11-20,NTPC,326.6499938964844,327.85520630719736,-1.2052124107129885,0.368961406163357
2025-11-21,NTPC,323.45001220703125,329.08624716317814,-5.636234956146893,1.7425366342355548
2025-11-24,NTPC,323.70001220703125,325.237291354055,-1.537279147023753,0.47490858481665543
2025-11-25,NTPC,326.1000061035156,324.60032804977527,1.4996780537403538,0.4598828658912393
2025-11-26,NTPC,327.3500061035156,329.9118089546245,-2.5618028511088937,0.7825883010061079
2025-11-27,NTPC,326.45001220703125,330.10370246996666,-3.653690262935413,1.1192189083510526
2025-11-28,NTPC,327.1000061035156,329.0632419071069,-1.9632358035912603,0.6001943647075217
2025-12-01,NTPC,328.6000061035156,329.95068074710207,-1.3506746435864443,0.4110391413568491
2025-12-02,NTPC,322.95001220703125,330.89125414225987,-7.941241935228618,2.458969386921027
2025-12-03,NTPC,322.95001220703125,322.8380084504568,0.11200375657443828,0.03468145296202585
2025-12-04,NTPC,323.29998779296875,323.6531202465422,-0.35313245357343703,0.10922748744412947
2025-12-05,NTPC,319.5,323.72026133024934,-4.220261330249343,1.3208955650232688
2025-12-08,NTPC,319.8500061035156,318.2483152887937,1.6016908147219056,0.500763102753713
2025-12-09,NTPC,321.6000061035156,318.2970377492956,3.3029683542200132,1.027042379208433
2025-12-10,NTPC,322.6000061035156,321.41612933565654,1.1838767678590898,0.36697977230639245
2025-12-11,NTPC,325.04998779296875,323.2184453685132,1.831542424455563,0.5634648494809701
2025-12-12,NTPC,323.95001220703125,324.5962206857577,-0.6462084787264644,0.19947783743668543
2025-12-15,NTPC,321.0,323.4305031877417,-2.4305031877416923,0.7571661021002157
2025-12-16,NTPC,321.25,320.25924751381035,0.9907524861896491,0.3084054431718752
2025-12-17,NTPC,318.5,321.4412007089253,-2.941200708925294,0.9234539117504847
2025-12-18,NTPC,319.8999938964844,317.534952231231,2.3650416652533863,0.7393065677952729
2025-12-19,NTPC,320.70001220703125,319.27209478645074,1.4279174205805134,0.44525019215113293
2025-12-22,NTPC,323.25,320.21419048971467,3.0358095102853326,0.9391522073581848
2025-12-23,NTPC,322.54998779296875,323.9492547169431,-1.3992669239743236,0.4338139751759824
2025-12-24,NTPC,324.1000061035156,323.8786751056577,0.2213309978579332,0.06829095763337979
2025-12-26,NTPC,325.5,324.1824436475738,1.3175563524262088,0.40477921733524075
2025-12-29,NTPC,324.8999938964844,325.60811078303414,-0.7081168865497602,0.2179491843189667
2025-12-30,NTPC,329.54998779296875,325.26660496794534,4.283382825023409,1.2997672534323788
2025-12-31,NTPC,336.29998779296875,331.7426586513016,4.5573291416671395,1.3551380633628505
2026-01-01,NTPC,352.1000061035156,336.7570302499516,15.342975853564042,4.357561939108085
2026-01-02,NTPC,350.6000061035156,357.6988116570711,-7.098805553555451,2.024759107237297
2026-01-05,NTPC,350.79998779296875,355.135219779435,-4.335231986466226,1.2358130380052195
2026-01-06,NTPC,348.8500061035156,354.1172536150153,-5.267247511499647,1.5098888976188454
2026-01-07,NTPC,344.3999938964844,347.42425400261794,-3.0242601061335677,0.8781243204791006
2026-01-08,NTPC,336.0,341.3942356338663,-5.394235633866288,1.6054272719840141
2026-01-09,NTPC,337.45001220703125,338.6123093149025,-1.162297107871268,0.3444353432585385
2026-01-12,NTPC,337.8999938964844,337.3637052468036,0.5362886496807846,0.15871224012068985
2026-01-13,NTPC,349.1000061035156,337.1601864543668,11.93981964914883,3.4201717102257563
2026-01-14,NTPC,349.1000061035156,349.9393906613838,-0.8393845578681862,0.2404424357469907
2026-01-15,NTPC,346.3500061035156,348.6478675592514,-2.297861455735756,0.6634506756870046
2026-01-16,NTPC,343.3500061035156,344.7417598460208,-1.3917537425051592,0.40534548354880856
2026-01-19,NTPC,338.75,343.35291418444075,-4.602914184440749,1.358793855185461
2026-01-20,NTPC,338.70001220703125,337.9279567557115,0.7720554513197726,0.22794668541312357
2026-01-21,NTPC,342.45001220703125,337.773635872127,4.676376334904262,1.3655646570913587
2026-01-22,NTPC,336.70001220703125,341.759586814925,-5.059574607893751,1.5026951067595158
2026-01-23,NTPC,344.70001220703125,338.3731887533827,6.326823453648558,1.8354578559888726
2026-01-27,NTPC,348.04998779296875,343.415602038397,4.634385754571724,1.3315287795178445
2026-01-28,NTPC,358.1499938964844,347.45173620894786,10.698257687536511,2.9870886136685555
2026-01-29,NTPC,356.0,357.0215482920425,-1.021548292042496,0.2869517674276674
2026-01-30,NTPC,350.3500061035156,353.54167086020794,-3.191664756692319,0.9109932071042404
2026-02-02,NTPC,358.54998779296875,351.06686102396367,7.483126769005082,2.0870525794930255
2026-02-03,NTPC,367.25,358.57664406858936,8.67335593141064,2.3617034530730128
2026-02-04,NTPC,367.0,367.542864473263,-0.5428644732630232,0.14791947500354857
2026-02-05,NTPC,365.0499877929688,363.2863117252787,1.763676067690085,0.4831327562433232
2026-02-06,NTPC,361.8999938964844,366.5259490589704,-4.625955162486036,1.2782412933140905
2026-02-09,NTPC,366.8999938964844,362.09979378716724,4.800200109317132,1.3083129433551965
2026-02-10,NTPC,368.4500122070313,366.83711186457543,1.6129003424558732,0.43775282644029
2026-02-11,NTPC,368.25,368.30255719026917,-0.052557190269169496,0.014272149428151934
2026-02-12,NTPC,363.0,367.24799225731954,-4.247992257319538,1.1702458009144732
2026-02-13,NTPC,369.1000061035156,363.64888440291804,5.451121700597582,1.4768684937568906
2026-02-16,NTPC,368.3999938964844,367.6403328697403,0.7596610267440838,0.20620549384632691
2026-02-17,NTPC,368.3999938964844,367.9438062702513,0.4561876262330884,0.12382943371092217
2026-02-18,NTPC,363.2000122070313,367.73782283961077,-4.537810632579465,1.2493971586082497
2026-02-19,NTPC,372.9500122070313,362.88459007023084,10.065422136800464,2.6988662843139863
2026-02-20,NTPC,375.4500122070313,372.8553850832278,2.594627123803491,0.6910712583417782
2026-02-23,NTPC,382.75,374.83076251485545,7.919237485144549,2.069036573519151
2026-02-24,NTPC,384.8999938964844,377.75689258238606,7.143101314098317,1.855833054655593
2026-02-25,NTPC,381.8999938964844,388.7216418824527,-6.821647985968298,1.7862393545408997
2026-02-26,NTPC,381.8999938964844,376.1651927707452,5.734801125739182,1.5016499652769368
2026-02-27,NTPC,377.5499877929688,377.39151603923585,0.15847175373295386,0.04197371443694829
2026-03-02,NTPC,365.7999877929688,373.5038611157789,-7.703873322810068,2.1060343302062154
2026-03-04,NTPC,378.0499877929688,366.4826043735748,11.567383419393991,3.0597497137676477
2026-03-05,NTPC,380.6000061035156,374.5936521624233,6.0063539410923,1.5781276523308019
2026-03-06,NTPC,376.25,374.6091153586637,1.6408846413362994,0.4361155192920397
2026-03-09,NTPC,377.2999877929688,373.52202980618307,3.7779579867857365,1.0013141025752614
2026-03-10,NTPC,379.8999938964844,372.1156854019632,7.784308494521156,2.049041489756442
2026-03-11,NTPC,390.5499877929688,374.7484335387027,15.80155425426608,4.0459748426986275
2026-03-12,NTPC,384.4500122070313,369.67369817762847,14.77631402940284,3.843494228176953
2026-03-13,NTPC,382.3999938964844,392.58015821001703,-10.180164313532657,2.6621769027246445
2026-03-16,NTPC,383.3500061035156,377.22091981886035,6.129086284655273,1.5988225347778506
2026-03-17,NTPC,378.5,380.01209215104996,-1.5120921510499556,0.39949594479523265
2026-03-18,NTPC,374.0499877929688,373.49934201237977,0.5506457805890363,0.14721181621687707
2026-03-19,NTPC,380.9500122070313,375.2072749994924,5.74273720753888,1.507477890410968
2026-03-20,NTPC,372.3999938964844,376.47357193193966,-4.073578035455284,1.093871670843156
2026-03-23,NTPC,375.5499877929688,370.75984274584704,4.790145047121769,1.2755013188184294
2026-03-24,NTPC,378.3999938964844,376.60246368702445,1.7975302094599215,0.4750344181960152
2026-03-25,NTPC,375.6499938964844,376.9157093867314,-1.2657154902470324,0.33694010669831614
2026-03-27,NTPC,370.6499938964844,376.95959107392713,-6.309597177442754,1.7023060249138724
2026-03-30,NTPC,364.6499938964844,370.43258909500815,-5.782595198523779,1.5857933073667685
2026-04-01,NTPC,359.6499938964844,365.74710533622806,-6.097111439743685,1.6952902942349486
2026-04-02,NTPC,366.1000061035156,358.74060888108744,7.359397222428186,2.0102149958302102
2026-04-06,NTPC,368.8500061035156,369.4501924591734,-0.6001863556577973,0.16271827185204343
2026-04-07,NTPC,374.1499938964844,367.83346437871694,6.316529517767435,1.6882345638939182
2026-04-08,NTPC,378.6499938964844,376.93897924624855,1.7110146502358248,0.4518723564811633
2026-04-09,NTPC,380.1499938964844,376.43044239727305,3.7195514992113203,0.9784431300620148
2026-04-10,NTPC,386.25,377.4170689591316,8.832931040868402,2.2868429879270944
2026-04-13,NTPC,392.6000061035156,382.58478809714876,10.015218006366865,2.5509979242654888
2026-04-15,NTPC,390.7999877929688,393.4917979018377,-2.6918101088688786,0.6887948293117395
2026-04-16,NTPC,393.6000061035156,396.0484272850454,-2.4484211815297954,0.6220582173684895
2026-04-17,NTPC,398.0,394.6814809579158,3.3185190420841764,0.8337987542925066
2026-04-20,NTPC,396.2000122070313,396.5189795898402,-0.31896738280892123,0.08050665648194055
2026-04-21,NTPC,405.3999938964844,397.11737780409135,8.282616092393027,2.04307257451709
2026-04-22,NTPC,402.25,406.53015825874286,-4.280158258742858,1.0640542594761613
2026-04-23,NTPC,401.8500061035156,406.06263586441213,-4.212629760896505,1.0483089951257438
2026-04-24,NTPC,410.2000122070313,407.11872848028594,3.0812837267453688,0.751166171392072
2026-04-27,NTPC,406.8500061035156,409.46584866802465,-2.6158425645090233,0.6429501106713685
2026-04-28,NTPC,401.2999877929688,408.5609117842621,-7.260923991293282,1.8093506633843217
2026-04-29,NTPC,399.1499938964844,405.0704387060268,-5.920444809542403,1.4832631592317678
2026-04-30,NTPC,399.1499938964844,399.83310186213464,-0.6831079656502652,0.17114066794334526
2026-05-01,NTPC,400.0499877929688,400.1347428350749,-0.08475504210611007,0.021186112908962752
2026-05-04,NTPC,398.6499938964844,403.9666091278791,-5.316615231394735,1.3336549135318125
2026-05-05,NTPC,394.8500061035156,400.67974525492826,-5.829739151412639,1.4764439815873496
2026-05-06,NTPC,400.3500061035156,396.8139674556449,3.5360386478707255,0.8832368162763153
2026-05-07,NTPC,402.1499938964844,404.24560570373467,-2.095611807250293,0.5211020363187461
2026-05-08,NTPC,392.9500122070313,406.9043534668859,-13.954341259854573,3.5511746599724066
2026-05-11,NTPC,392.7000122070313,396.8084382980444,-4.1084260910130865,1.0461996341490118
2026-05-12,NTPC,390.4500122070313,394.5431621661775,-4.093149959146217,1.0483160023506095
2026-05-13,NTPC,396.2999877929688,396.9433325762569,-0.6433447832881143,0.16233782566357388
2026-05-14,NTPC,395.25,394.44924133622175,0.8007586637782538,0.20259548735692695
2026-05-15,NTPC,388.2999877929688,395.66945936510086,-7.369471572132056,1.897880969303883
2026-05-18,NTPC,389.3999938964844,396.51956358155337,-7.119569685068996,1.82834355332877
2026-05-19,NTPC,392.4500122070313,393.8503213917555,-1.4003091847241649,0.3568121139426675
2026-05-20,NTPC,388.7999877929688,392.9824907572604,-4.1825029642915865,1.075746680969218
2026-05-21,NTPC,388.6499938964844,397.05006109220864,-8.400067195724262,2.161344996177098
2026-05-22,NTPC,390.0499877929688,395.5940318938153,-5.54404410084652,1.4213675873229854
2026-05-25,NTPC,389.7000122070313,396.0411781643048,-6.3411659572735175,1.6271916239778614
2026-05-26,NTPC,398.1499938964844,395.82409808178585,2.3258958146985265,0.584175775550367
2026-05-27,NTPC,398.1499938964844,396.83519264755,1.3148012489343728,0.33022762001503636
2026-05-28,NTPC,386.8999938964844,399.62623133939275,-12.72623744290837,3.2892834436987073
2026-05-29,NTPC,378.7000122070313,399.65364006953416,-20.953627862502856,5.53304124295822
2026-06-01,NTPC,367.3999938964844,375.8293082778691,-8.4293143813847,2.2943153297274343
2026-06-02,NTPC,366.7999877929688,365.4229381329635,1.377049660005298,0.37542249341146094
2026-06-03,NTPC,366.3999938964844,365.3911186626745,1.0088752338098743,0.27534804874884977
2026-06-04,NTPC,361.6499938964844,365.53603840315265,-3.88604450666827,1.0745318878065786
2026-06-05,NTPC,362.3999938964844,364.86804878564,-2.46805488915561,0.6810306100227428
2026-06-08,NTPC,355.6499938964844,364.40991925864995,-8.759925362165575,2.463074796147822
2026-06-09,NTPC,351.6499938964844,359.42533463485705,-7.775340738372677,2.211102196311004
2026-06-10,NTPC,351.8500061035156,352.06639206410233,-0.216385960586706,0.061499490360402156
2026-06-11,NTPC,353.8999938964844,353.91796988812496,-0.017975991640582833,0.005079398686240386
2026-06-12,NTPC,348.1000061035156,352.80791633853397,-4.707910235018346,1.3524591072883634
2026-06-15,NTPC,355.54998779296875,348.2978414122074,7.25214638076136,2.039698109899577
2026-06-16,NTPC,355.54998779296875,352.74713603710626,2.8028517558624912,0.7883144008134655
2026-06-17,NTPC,361.9500122070313,354.5137219181119,7.436290288919395,2.0545075391974073
2026-06-18,NTPC,365.7999877929688,362.21069287636465,3.5892949166041603,0.9812178885679973
2026-06-19,NTPC,367.0499877929688,365.9637769454315,1.086210847537302,0.2959299505957127
2026-06-22,NTPC,364.6000061035156,366.7348502685478,-2.1348441650321774,0.5855304797844852
2026-06-23,NTPC,357.04998779296875,364.7600101569285,-7.710022363959752,2.1593677713357935
2026-06-24,NTPC,352.04998779296875,359.9677625748511,-7.917774781882372,2.2490484466480383
2026-06-25,NTPC,352.04998779296875,353.1365374954114,-1.0865497024426531,0.30863506323472
2026-06-26,NTPC,356.1000061035156,351.9884399772803,4.111566126235346,1.15460995668732
2026-06-29,NTPC,356.6499938964844,358.3286563705661,-1.6786624740817047,0.4706750323312572
2026-06-30,NTPC,357.8999938964844,357.36332500875454,0.5366688877298316,0.14994939840235166
2026-07-01,NTPC,358.25,357.8845023551008,0.36549764489922154,0.10202306905770316
2026-07-02,NTPC,356.45001220703125,355.4298514801649,1.0201607268663224,0.28620022217134855
2026-07-03,NTPC,356.25,361.38557053861615,-5.13557053861615,1.4415636599624282
2026-07-06,NTPC,354.20001220703125,357.99564133340607,-3.79562912637482,1.0716061534623156
2026-07-07,NTPC,348.70001220703125,356.0520413674224,-7.352029160391169,2.10841092716283
2026-07-08,NTPC,343.70001220703125,347.9797545637007,-4.279742356669431,1.245197033653721
2026-07-09,NTPC,344.54998779296875,337.9052069394706,6.644780853498162,1.9285389896721867
2026-07-10,NTPC,351.75,340.1261776424022,11.623822357597817,3.304569255891348
2026-07-13,NTPC,348.1499938964844,353.13783082590095,-4.987836929416574,1.4326689693694523
2026-07-14,NTPC,344.3500061035156,347.9942668269082,-3.644260723392563,1.0583013384053943
2026-07-15,NTPC,342.45001220703125,337.9581132530467,4.49189895398456,1.311694785768891
2026-07-16,NTPC,341.8500061035156,342.03409448503453,-0.1840883815189045,0.05385062987629746
2026-07-17,NTPC,347.25,341.35127743113384,5.898722568866162,1.6986962041371239
2026-07-20,NTPC,348.54998779296875,343.9825197599677,4.567468033001035,1.3104197942804157
2026-07-21,NTPC,350.5,345.6142319462514,4.88576805374862,1.393942383380491
2026-07-22,NTPC,348.6000061035156,351.5421788692586,-2.942172765742953,0.843996762544314
2026-07-23,NTPC,347.20001220703125,344.987303764497,2.212708442534222,0.6373007962957127
2026-07-24,NTPC,350.79998779296875,345.0119088927305,5.788078900238247,1.6499655363882715
2026-07-27,NTPC,343.75,354.522804140244,-10.772804140243977,3.1339066589800657
2026-07-28,NTPC,343.5,339.7274819114626,3.7725180885374243,1.09825854105893
2026-07-29,NTPC,344.8500061035156,342.36115453856013,2.488851564955496,0.7217200292606064
2026-07-30,NTPC,347.25,342.4957005003946,4.754299499605395,1.3691287255883067
2026-07-31,NTPC,350.8999938964844,345.59655531605296,5.303438580431418,1.5113817818976465
2026-08-03,NTPC,343.6499938964844,351.7463425084785,-8.09634861199413,2.3559868342185815
2026-08-04,NTPC,349.8999938964844,339.5606793892211,10.339314507263282,2.954934177655945
2026-08-05,NTPC,345.0,348.4101146540221,-3.4101146540220952,0.9884390301513319
2026-08-06,NTPC,342.5,338.12214361944575,4.377856380554249,1.2782062424975908
2026-08-07,NTPC,340.45001220703125,340.5360967135954,-0.08608450656413424,0.025285505500815007
2026-08-10,NTPC,338.45001220703125,340.4493045976802,-1.999292390648975,0.5907201413915151
2026-08-11,NTPC,339.45001220703125,335.8954469033038,3.554565303727429,1.0471542718812727
2026-08-12,NTPC,344.25,335.96678267494923,8.28321732505077,2.40616334787241
2026-08-13,NTPC,340.0,341.68547521856453,-1.6854752185645339,0.49572800546015705
2026-08-14,NTPC,337.0,336.6127707224997,0.3872292775002961,0.11490483011878222
2026-08-17,NTPC,337.1000061035156,335.3271181125271,1.7728879909885222,0.525923452651647
2026-08-18,NTPC,336.54998779296875,335.8972845398138,0.6527032531549253,0.19393946719036595
2026-08-19,NTPC,337.5,335.88123818492676,1.618761815073242,0.47963313039207167
2026-08-20,NTPC,340.0,336.3090800434932,3.690919956506775,1.085564693090228
2026-08-21,NTPC,339.5,337.176699948633,2.3233000513670277,0.6843299120374161
2026-08-24,NTPC,339.8500061035156,336.5546473144587,3.295358789056934,0.9696509430260812
2026-08-25,NTPC,334.6000061035156,336.2976275563417,-1.6976214528260698,0.5073584643931162
2026-08-26,NTPC,330.8999938964844,336.52370315887106,-5.623709262386683,1.6995193007304652
2026-08-27,NTPC,330.04998779296875,330.3112429626737,-0.26125516970495255,0.0791562428018724
2026-08-28,NTPC,327.3999938964844,330.76592622829537,-3.3659323318109955,1.0280795340745237
2026-08-31,NTPC,327.5,328.14085210102473,-0.6408521010247341,0.19568003084724706
2026-09-01,NTPC,330.0,330.68300500523134,-0.6830050052313368,0.2069712137064657
2026-09-02,NTPC,330.8999938964844,332.0505062737837,-1.1505123772993215,0.3476918702087486
2025-09-22,ONGC,236.6600036621093,238.10809103535652,-1.4480873732472332,0.6118851309217151
2025-09-23,ONGC,238.5200042724609,236.25117157393223,2.2688326985286835,0.9512127527622382
2025-09-24,ONGC,239.6699981689453,237.95478218359807,1.7152159853472426,0.7156573615601954
2025-09-25,ONGC,238.0200042724609,238.55316932655336,-0.53316505409245,0.22400010273175916
2025-09-26,ONGC,239.97999572753903,237.78043285167348,2.1995628758655528,0.9165609280045256
2025-09-29,ONGC,239.5,238.79722024351793,0.702779756482073,0.29343622400086555
2025-09-30,ONGC,243.0399932861328,238.0750012249178,4.964992061215014,2.0428703910346524
2025-10-01,ONGC,243.6600036621093,243.24683167678177,0.41317198532752286,0.169569063086973
2025-10-03,ONGC,245.8600006103516,244.10563721448648,1.7543633958651128,0.7135619423695908
2025-10-06,ONGC,245.32000732421875,246.0351999213054,-0.7151925970866557,0.29153455720447863
2025-10-07,ONGC,241.8099975585937,246.82857504353285,-5.018577484939158,2.0754218335092167
2025-10-08,ONGC,243.38999938964844,242.43990926346524,0.9500901261831984,0.39035709296427507
2025-10-09,ONGC,246.33999633789065,243.2498943158707,3.0901020220199484,1.254405321083723
2025-10-10,ONGC,244.08999633789065,246.08780452949716,-1.9978081916065094,0.8184719659059558
2025-10-13,ONGC,244.69000244140625,243.9355657715987,0.7544366698075464,0.308323455098336
2025-10-14,ONGC,247.72000122070312,244.6286893655557,3.0913118551474383,1.247905635360171
2025-10-15,ONGC,248.3500061035156,246.35439893939645,1.99560716411915,0.8035462512883347
2025-10-16,ONGC,247.69000244140625,248.04929950175512,-0.3592970603488652,0.14505916944865824
2025-10-17,ONGC,248.7400054931641,248.1513921344955,0.5886133586685958,0.23663799375640526
2025-10-20,ONGC,248.1199951171875,248.16092500217258,-0.04092988498507566,0.01649600426831558
2025-10-21,ONGC,252.3099975585937,248.49078355032555,3.8192140082681476,1.5136990389693994
2025-10-23,ONGC,254.9600067138672,252.9289766961263,2.031030017740875,0.7966072969319575
2025-10-24,ONGC,253.2700042724609,256.8950884200005,-3.6250841475395816,1.43131207264474
2025-10-27,ONGC,250.5399932861328,253.36789740659185,-2.8279041204590385,1.12872363544346
2025-10-28,ONGC,255.63999938964844,248.86839515156703,6.771604238081409,2.6488829033988837
2025-10-29,ONGC,254.52999877929688,256.3829749331246,-1.8529761538277398,0.7279991210130231
2025-10-30,ONGC,255.3699951171875,254.8642610008653,0.505734116322202,0.19803975642875513
2025-10-31,ONGC,257.54998779296875,256.91711432989905,0.6328734630696999,0.245728399559636
2025-11-03,ONGC,252.3500061035156,260.0249411494835,-7.674935045967885,3.041384925831774
2025-11-04,ONGC,251.5,253.3029829110848,-1.802982911084797,0.7168918135526032
2025-11-06,ONGC,252.1999969482422,251.61358828123883,0.5864086670033544,0.23251731724790634
2025-11-07,ONGC,251.3999938964844,252.66748709063245,-1.2674931941480452,0.5041739160383368
2025-11-10,ONGC,249.4499969482422,251.32000534474844,-1.8700083965062504,0.7496526034811916
2025-11-11,ONGC,253.8500061035156,250.35479566221588,3.4952104412997187,1.3768801880093053
2025-11-12,ONGC,250.8500061035156,255.1304602171488,-4.280454113633198,1.706379912092499
2025-11-13,ONGC,247.6000061035156,250.67442176299704,-3.0744156594814456,1.2416864231401137
2025-11-14,ONGC,248.0500030517578,249.2241393733049,-1.1741363215470813,0.4733466265275907
2025-11-17,ONGC,246.9499969482422,248.9458720889096,-1.9958751406674082,0.8082102309504059
2025-11-18,ONGC,249.0,249.11863410013123,-0.11863410013123143,0.04764421692017327
2025-11-19,ONGC,248.0500030517578,248.77512593754275,-0.7251228857849412,0.2923293194371128
2025-11-20,ONGC,246.9499969482422,248.5969992916488,-1.6470023434066263,0.666937584029134
2025-11-21,ONGC,245.75,248.7770556866195,-3.027055686619491,1.2317622326020308
2025-11-24,ONGC,245.3500061035156,246.509892264123,-1.1598861606074138,0.47274755726643286
2025-11-25,ONGC,247.6999969482422,246.95052439896986,0.7494725492723262,0.3025726921704126
2025-11-26,ONGC,244.0,248.92725170233575,-4.927251702335752,2.0193654517769475
2025-11-27,ONGC,243.25,243.6565066580909,-0.4065066580909047,0.16711476180509957
2025-11-28,ONGC,244.8300018310547,240.07952802018684,4.750473810867845,1.9403152290730763
2025-12-01,ONGC,243.5399932861328,244.1156077399538,-0.5756144538209753,0.23635315335854978
2025-12-02,ONGC,240.0200042724609,243.3933558803461,-3.3733516078851835,1.4054460244304856
2025-12-03,ONGC,242.22999572753903,240.2803792584303,1.9496164691087472,0.804861703131796
2025-12-04,ONGC,241.22999572753903,242.91253166278113,-1.6825359352421003,0.6974820565608543
2025-12-05,ONGC,238.5200042724609,242.59930673721647,-4.079302464755557,1.7102559079681126
2025-12-08,ONGC,239.83999633789065,237.85699958834448,1.9829967495461744,0.8267998581656477
2025-12-09,ONGC,239.2899932861328,238.71485952466057,0.5751337614722445,0.2403501097450924
2025-12-10,ONGC,238.4100036621093,237.75853382428193,0.6514698378273636,0.2732560831426648
2025-12-11,ONGC,238.0200042724609,237.98109115430051,0.03891311816039433,0.01634867551546238
2025-12-12,ONGC,235.3500061035156,237.87129630443513,-2.5212902009195375,1.0712938753061179
2025-12-15,ONGC,232.2100067138672,235.11560895055152,-2.905602236684331,1.2512820949463472
2025-12-16,ONGC,232.9100036621093,231.54654842364366,1.363455238465633,0.5854000330718492
2025-12-17,ONGC,232.0,233.53570769398033,-1.5357076939803278,0.6619429715432448
2025-12-18,ONGC,232.88999938964844,232.03322941423136,0.8567699754170803,0.36788611690604106
2025-12-19,ONGC,234.17999267578125,232.7520812281056,1.4279114476756547,0.6097495483538498
2025-12-22,ONGC,235.4900054931641,235.68640140459908,-0.19639591143499047,0.08339883088613353
2025-12-23,ONGC,233.7700042724609,236.1821299731956,-2.4121257007346912,1.031837129079802
2025-12-24,ONGC,234.52999877929688,234.5753586170162,-0.04535983771933161,0.019340740184805624
2025-12-26,ONGC,234.82000732421875,235.2838768250145,-0.4638695007957381,0.1975425799877725
2025-12-29,ONGC,234.67999267578125,235.09378221039125,-0.4137895346100038,0.17632075486795704
2025-12-30,ONGC,240.3800048828125,235.4059838757344,4.9740210070781075,2.0692324261757915
2025-12-31,ONGC,237.94000244140625,238.5354969926779,-0.5954945512716563,0.250270885585243
2026-01-01,ONGC,241.4600067138672,237.9971044652715,3.4629022485956966,1.4341514753204139
2026-01-02,ONGC,238.08999633789065,242.2611644626186,-4.171168124727956,1.7519291817739167
2026-01-05,ONGC,241.88999938964844,239.02299489386704,2.8670044957814014,1.1852513551678867
2026-01-06,ONGC,239.0599975585937,242.54729532897508,-3.4872977703813888,1.458754206473482
2026-01-07,ONGC,231.4199981689453,238.32970411060714,-6.9097059416618265,2.985786015181575
2026-01-08,ONGC,234.08999633789065,230.46226937081636,3.6277269670742953,1.549714649846871
2026-01-09,ONGC,235.7100067138672,235.24685149494687,0.4631552189203205,0.19649365989054227
2026-01-12,ONGC,243.77999877929688,235.90011079042904,7.879887988867836,3.232376744739338
2026-01-13,ONGC,248.22999572753903,244.20470404738901,4.025291680150019,1.6215976108577304
2026-01-14,ONGC,248.22999572753903,247.5503088071401,0.6796869203989218,0.2738133715092822
2026-01-15,ONGC,247.1699981689453,248.18285229714678,-1.012854128201468,0.4097803680482141
2026-01-16,ONGC,243.1100006103516,246.57574441058136,-3.465743800229774,1.425586685668497
2026-01-19,ONGC,240.38999938964844,242.69293085972947,-2.3029314700810346,0.9579980348301471
2026-01-20,ONGC,242.3699951171875,240.2114806410815,2.1585144761060064,0.8905865080627453
2026-01-21,ONGC,244.009994506836,242.67402513092193,1.3359693759140612,0.5475060063068988
2026-01-22,ONGC,245.47000122070312,243.7355827446783,1.734418476024814,0.7065704433941772
2026-01-23,ONGC,247.9499969482422,245.12228639020296,2.8277105580392288,1.140435810785468
2026-01-27,ONGC,268.5799865722656,249.0886090245203,19.491377547745316,7.257196560511726
2026-01-28,ONGC,275.3900146484375,266.51634294927237,8.87367169916513,3.2222198435528773
2026-01-29,ONGC,268.9599914550781,273.8979976997592,-4.938006244681048,1.8359631177731495
2026-01-30,ONGC,253.9499969482422,269.0837456164413,-15.133748668199132,5.959341937414378
2026-02-02,ONGC,257.0,254.6875138781899,2.3124861218101103,0.8998000473969301
2026-02-03,ONGC,266.95001220703125,259.36626592029387,7.58374628673738,2.840886285802399
2026-02-04,ONGC,269.20001220703125,271.04458944814394,-1.8445772411126882,0.6852069678563371
2026-02-05,ONGC,268.95001220703125,267.83240594713584,1.1176062598954104,0.41554423096106946
2026-02-06,ONGC,266.6000061035156,267.5814809592146,-0.9814748556989912,0.368145098735633
2026-02-09,ONGC,272.1499938964844,267.7674751317409,4.382518764743452,1.6103321194305804
2026-02-10,ONGC,274.6000061035156,269.7018783761905,4.898127727325118,1.7837318348342197
2026-02-11,ONGC,276.3500061035156,272.58418269733096,3.7658234061846656,1.362700677768054
2026-02-12,ONGC,267.3999938964844,275.3369463560631,-7.93695245957872,2.9681947048402946
2026-02-13,ONGC,271.54998779296875,268.082372584386,3.4676152085827425,1.2769712260957538
2026-02-16,ONGC,271.8500061035156,269.338085291317,2.511920812198639,0.9240098421193872
2026-02-17,ONGC,264.6000061035156,269.57911243391254,-4.979106330396917,1.881748380780087
2026-02-18,ONGC,274.6499938964844,265.6476916131065,9.002302283377901,3.2777362036901665
2026-02-19,ONGC,278.6499938964844,273.7727860261732,4.877207870311167,1.7502989331207381
2026-02-20,ONGC,275.6499938964844,276.16978429889446,-0.5197904024100808,0.18856898745489512
2026-02-23,ONGC,276.5,273.89557540677515,2.6044245932248486,0.9419257118353883
2026-02-24,ONGC,277.45001220703125,275.3707987304291,2.079213476602149,0.749401111956216
2026-02-25,ONGC,280.1000061035156,276.6013801453815,3.4986259581341415,1.2490631495527944
2026-02-26,ONGC,279.70001220703125,280.0260695366991,-0.3260573296678331,0.11657394187973384
2026-02-27,ONGC,282.20001220703125,281.0931265029156,1.1068857041156548,0.39223446358450437
2026-03-02,ONGC,276.95001220703125,278.85620354678383,-1.9061913397525814,0.6882799262444613
2026-03-04,ONGC,276.3500061035156,276.03625441521535,0.3137516883002718,0.11353417093204123
2026-03-05,ONGC,278.95001220703125,277.1634922273722,1.7865199796590332,0.6404444887900249
2026-03-06,ONGC,270.79998779296875,279.7573023450257,-8.957314552056971,3.307723395801994
2026-03-09,ONGC,269.20001220703125,269.3889973411034,-0.18898513407214068,0.07020249832930898
2026-03-10,ONGC,270.75,267.1079791770563,3.6420208229437208,1.3451600454085766
2026-03-11,ONGC,270.54998779296875,268.71935661759784,1.830631175370911,0.6766332500342795
2026-03-12,ONGC,264.1000061035156,268.9297794870118,-4.8297733834961605,1.8287668579617908
2026-03-13,ONGC,260.45001220703125,266.66288678009647,-6.212874573065221,2.3854383881259404
2026-03-16,ONGC,264.75,262.4519061543024,2.298093845697622,0.8680241154665239
2026-03-17,ONGC,265.0,265.3297773651548,-0.3297773651548255,0.12444428873766998
2026-03-18,ONGC,269.1000061035156,265.3927944137256,3.7072116897900287,1.3776334469364386
2026-03-19,ONGC,265.3999938964844,270.4132754794921,-5.013281583007711,1.8889531643934674
2026-03-20,ONGC,265.45001220703125,267.1785705389452,-1.7285583319139732,0.6511803550288883
2026-03-23,ONGC,268.04998779296875,270.2447627720664,-2.1947749790976445,0.818793165099042
2026-03-24,ONGC,270.20001220703125,267.3389358317829,2.861076375248331,1.0588735181314988
2026-03-25,ONGC,281.95001220703125,268.01372565047023,13.936286556561015,4.942821760308288
2026-03-27,ONGC,284.6499938964844,280.3676223015549,4.2823715949294865,1.5044341074136158
2026-03-30,ONGC,288.04998779296875,286.2630514855653,1.7869363074034368,0.6203563211701186
2026-04-01,ONGC,287.20001220703125,288.4945861425394,-1.29457393550814,0.4507569221741301
2026-04-02,ONGC,281.8500061035156,287.02847898254885,-5.178472879033222,1.837315155895833
2026-04-06,ONGC,286.6499938964844,284.16077958363826,2.4892143128461157,0.8683810800097299
2026-04-07,ONGC,285.5,285.1992223825196,0.300777617480378,0.10535117950275937
2026-04-08,ONGC,288.6000061035156,280.49920348659214,8.100802616923488,2.806930854331956
2026-04-09,ONGC,286.5,290.2749646600812,-3.7749646600811957,1.3176141920004174
2026-04-10,ONGC,287.54998779296875,286.1286123281127,1.4213754648560553,0.4943055208471865
2026-04-13,ONGC,287.6000061035156,287.6971024469975,-0.09709634348189411,0.03376089757346747
2026-04-15,ONGC,282.75,287.11882880225096,-4.36882880225096,1.5451207081347336
2026-04-16,ONGC,284.04998779296875,283.7100645174618,0.3399232755069761,0.11967023063374706
2026-04-17,ONGC,283.3500061035156,281.68163236288854,1.6683737406270893,0.5888031426466904
2026-04-20,ONGC,283.1000061035156,280.97067627510233,2.12932982841329,0.7521475741808002
2026-04-21,ONGC,283.6499938964844,281.58546467369143,2.0645292227929417,0.7278439158177362
2026-04-22,ONGC,286.25,283.6028339327944,2.647166067205603,0.9247741719495557
2026-04-23,ONGC,284.79998779296875,285.9653077909903,-1.1653199980215732,0.40917136515774216
2026-04-24,ONGC,285.8999938964844,284.90921449998007,0.9907793965043084,0.3465475402783811
2026-04-27,ONGC,301.29998779296875,284.4001019224067,16.89988587056206,5.608989895537075
2026-04-28,ONGC,301.3999938964844,299.4659788143146,1.9340150821697648,0.6416772134487836
2026-04-29,ONGC,299.54998779296875,305.4010729611439,-5.851085168175132,1.9532917398144098
2026-04-30,ONGC,299.54998779296875,305.3252997757266,-5.775311982757842,1.9279960668031795
2026-05-01,ONGC,292.8999938964844,302.3307374233092,-9.430743526824813,3.2197827665909036
2026-05-04,ONGC,289.95001220703125,295.9582592952773,-6.008247088246037,2.0721665236406355
2026-05-05,ONGC,280.79998779296875,291.25466294204836,-10.454675149079605,3.7231750724959936
2026-05-06,ONGC,283.8999938964844,278.6117620164314,5.28823188005299,1.8627094025162907
2026-05-07,ONGC,279.20001220703125,282.3257037189524,-3.1256915119211612,1.119516968216825
2026-05-08,ONGC,281.0,280.0774479395937,0.9225520604063036,0.3283103417816027
2026-05-11,ONGC,294.5,281.0170104162264,13.482989583773588,4.578264714354359
2026-05-12,ONGC,297.1499938964844,295.09466512893033,2.0553287675540446,0.6916805686592213
2026-05-13,ONGC,300.8999938964844,299.4539620381797,1.44603185830465,0.48056892244474886
2026-05-14,ONGC,299.3500061035156,301.51103227127317,-2.161026167757541,0.7219061712697127
2026-05-15,ONGC,297.20001220703125,300.45573314862645,-3.2557209415952,1.09546460560952
2026-05-18,ONGC,296.5,299.9136279253921,-3.4136279253921202,1.151307900638152
2026-05-19,ONGC,298.29998779296875,298.77171018694236,-0.47172239397360727,0.15813691360289298
2026-05-20,ONGC,295.8500061035156,299.2652771996776,-3.415271096161973,1.1543927752926921
2026-05-21,ONGC,290.0,298.43457464932254,-8.434574649322542,2.908474017007773
2026-05-22,ONGC,284.95001220703125,292.34905564573376,-7.399043438702506,2.596611027104189
2026-05-25,ONGC,287.5,285.41723365160277,2.0827663483972287,0.7244404690077317
2026-05-26,ONGC,274.04998779296875,285.61888525370694,-11.568897460738185,4.22145520016513
2026-05-27,ONGC,274.04998779296875,274.63546643548267,-0.5854786425139196,0.2136393609169652
2026-05-28,ONGC,265.3999938964844,272.84773693965434,-7.4477430431699645,2.806233313658196
2026-05-29,ONGC,264.29998779296875,272.61532089439197,-8.31533310142322,3.1461723365408476
2026-06-01,ONGC,265.04998779296875,266.52929286333614,-1.4793050703673885,0.5581230479145985
2026-06-02,ONGC,267.75,267.4044355891888,0.345564410811221,0.12906233830484445
2026-06-03,ONGC,267.54998779296875,267.8146668669317,-0.2646790739629523,0.0989269617039796
2026-06-04,ONGC,264.75,267.4737305414344,-2.7237305414344064,1.0287934056409467
2026-06-05,ONGC,264.6499938964844,266.1679212765512,-1.5179273800668511,0.5735603306533896
2026-06-08,ONGC,259.0,265.5197601453845,-6.5197601453845095,2.5172819094148684
2026-06-09,ONGC,251.8999938964844,260.2609310302721,-8.3609371337877,3.3191493991157213
2026-06-10,ONGC,252.6000061035156,249.96302726730062,2.636978836214979,1.0439345892708902
2026-06-11,ONGC,246.1999969482422,252.92041441094443,-6.720417462702244,2.7296578172237163
2026-06-12,ONGC,243.6499938964844,245.23232360191025,-1.582329705425849,0.6494273527862707
2026-06-15,ONGC,248.1999969482422,243.45710005750996,4.742896890732226,1.9109173847900067
2026-06-16,ONGC,245.0,245.26276239145747,-0.26276239145747127,0.10724995569692704
2026-06-17,ONGC,245.3000030517578,245.0396834328046,0.2603196189532184,0.10612295789425305
2026-06-18,ONGC,246.25,246.32658766313864,-0.07658766313863907,0.03110158909183313
2026-06-19,ONGC,245.4499969482422,246.87939396486374,-1.4293970166215502,0.5823577243404756
2026-06-22,ONGC,244.3500061035156,246.74516869043276,-2.3951625869171664,0.9802179361937433
2026-06-23,ONGC,240.0,244.01089200439807,-4.010892004398073,1.6712050018325306
2026-06-24,ONGC,233.1000061035156,239.9630542959616,-6.863048192446001,2.9442505417173788
2026-06-25,ONGC,233.1000061035156,235.61892666369914,-2.5189205601835454,1.0806179726417242
2026-06-26,ONGC,234.0500030517578,233.864061140873,0.18594191088482148,0.07944537853464684
2026-06-29,ONGC,234.8999938964844,237.34304277881324,-2.4430488823288385,1.0400378653928104
2026-06-30,ONGC,234.9900054931641,237.525000107626,-2.534994614461908,1.07876699229902
2026-07-01,ONGC,235.9600067138672,236.00623649957979,-0.046229785712597504,0.019592212407697228
2026-07-02,ONGC,237.83999633789065,235.84338400147905,1.9966123364116015,0.8394771136706068
2026-07-03,ONGC,243.8999938964844,238.91324499845268,4.9867488980317205,2.0445875452330626
2026-07-06,ONGC,244.17999267578125,243.210258279876,0.9697343959052489,0.39713916987164816
2026-07-07,ONGC,247.0,243.20928274286746,3.790717257132542,1.5347033429686403
2026-07-08,ONGC,243.6499938964844,247.94601914188664,-4.296025245402234,1.763195301875286
2026-07-09,ONGC,244.9600067138672,243.46200815927475,1.4979985545924421,0.6115278059827226
2026-07-10,ONGC,248.4499969482422,244.5084899532944,3.941506994947787,1.5864387375174298
2026-07-13,ONGC,248.8999938964844,248.68504664970652,0.21494724677788213,0.08635887989104453
2026-07-14,ONGC,247.17999267578125,248.53825346295733,-1.3582607871760786,0.5495027216695768
2026-07-15,ONGC,246.75,249.78155832942724,-3.0315583294272415,1.2285950676503512
2026-07-16,ONGC,247.2899932861328,248.26863741910398,-0.9786441329711693,0.395747567447586
2026-07-17,ONGC,249.5800018310547,248.4382577496088,1.1417440814458928,0.45746617239740245
2026-07-20,ONGC,249.88999938964844,249.19450658705452,0.6954928025939182,0.27831958233328513
2026-07-21,ONGC,251.8999938964844,249.33966028447833,2.560333612006076,1.0164087630181593
2026-07-22,ONGC,252.3699951171875,251.61971448753516,0.7502806296523374,0.2972939113875031
2026-07-23,ONGC,248.759994506836,253.3517314831463,-4.591736976310301,1.8458502483139905
2026-07-24,ONGC,238.5599975585937,248.8640579462739,-10.30406038768021,4.319274183908133
2026-07-27,ONGC,238.9100036621093,237.75010563124076,1.1598980308685327,0.48549579887369554
2026-07-28,ONGC,238.3099975585937,238.7980142517739,-0.4880166931802137,0.20478229960126793
2026-07-29,ONGC,241.58999633789065,238.36267819342945,3.227318144461208,1.3358658029645574
2026-07-30,ONGC,242.52999877929688,242.38381129115567,0.14618748814120863,0.060276043737682014
2026-07-31,ONGC,242.0,243.5308101550579,-1.5308101550579067,0.6325661797759946
2026-08-03,ONGC,242.0,242.42931605675804,-0.4293160567580401,0.17740332923885951
2026-08-04,ONGC,240.1999969482422,242.90730232198078,-2.707305373738592,1.127104666167817
2026-08-05,ONGC,237.8000030517578,240.1797297620495,-2.379726710291692,1.0007261058670962
2026-08-06,ONGC,238.8500061035156,239.36513522303136,-0.5151291195157626,0.21567054902753902
2026-08-07,ONGC,239.83999633789065,238.8409231737458,0.9990731641448463,0.4165581968811136
2026-08-10,ONGC,239.4499969482422,239.04085647588508,0.4091404723571088,0.17086676866633904
2026-08-11,ONGC,239.0500030517578,239.90187633934315,-0.8518732875853345,0.3563577815143937
2026-08-12,ONGC,239.8999938964844,238.72983693400332,1.1701569624810872,0.48776865037604117
2026-08-13,ONGC,236.3999938964844,238.7453614284931,-2.3453675320087086,0.9921182709656523
2026-08-14,ONGC,238.4900054931641,236.28638919871497,2.2036162944491196,0.9239868521501974
2026-08-17,ONGC,239.5,239.47238878270184,0.027611217298158408,0.011528691982529607
2026-08-18,ONGC,238.0,239.46853464493023,-1.4685346449302301,0.617031363416063
2026-08-19,ONGC,238.5,239.32125313028516,-0.8212531302851573,0.34434093513004504
2026-08-20,ONGC,236.3999938964844,236.76553039670048,-0.36553650021608064,0.15462627311917063
2026-08-21,ONGC,236.5500030517578,238.3164001786156,-1.7663971268577825,0.7467330814074391
2026-08-24,ONGC,234.0,236.669805581881,-2.6698055818810076,1.140942556359405
2026-08-25,ONGC,232.2100067138672,234.6195542728228,-2.409547558955609,1.0376587956111172
2026-08-26,ONGC,232.0,232.40960013597757,-0.40960013597756983,0.1765517827489525
2026-08-27,ONGC,232.25,232.42559697097994,-0.17559697097993876,0.07560687663291227
2026-08-28,ONGC,231.8000030517578,232.90151502525634,-1.101511973498532,0.47519929206065586
2026-08-31,ONGC,236.4499969482422,232.25349487900826,4.196502069233929,1.7747947233649253
2026-09-01,ONGC,237.5,236.4824387395222,1.0175612604778053,0.4284468465169706
2026-09-02,ONGC,236.0,238.23113586375564,-2.2311358637556395,0.9453965524388304
2025-09-22,Reliance,1389.800048828125,1401.2645670900113,-11.464518261886269,0.8249041487337057
2025-09-23,Reliance,1383.0,1397.3467781318875,-14.346778131887504,1.0373664592832614
2025-09-24,Reliance,1372.4000244140625,1399.7443107288136,-27.344286314751116,1.9924428612878804
2025-09-25,Reliance,1377.5999755859375,1386.8509372822198,-9.250961696282275,0.6715274288784409
2025-09-26,Reliance,1372.800048828125,1392.558783787972,-19.75873495984706,1.4393017378396715
2025-09-29,Reliance,1364.0,1390.4829207025996,-26.482920702599586,1.941563101363606
2025-09-30,Reliance,1368.699951171875,1360.364466746595,8.335484425279901,0.6090074320630388
2025-10-01,Reliance,1363.4000244140625,1376.3798643715104,-12.979839957447894,0.9520199299560769
2025-10-03,Reliance,1375.0,1359.2760732226902,15.72392677730977,1.1435583110770742
2025-10-06,Reliance,1384.800048828125,1388.7804983398555,-3.9804495117305123,0.2874385739008988
2025-10-07,Reliance,1367.4000244140625,1402.3146349450838,-34.91461053102125,2.553357459970964
2025-10-08,Reliance,1377.800048828125,1367.7634812486838,10.036567579441225,0.728448775130886
2025-10-09,Reliance,1381.699951171875,1393.969670577658,-12.269719405783007,0.8880162002883888
2025-10-10,Reliance,1375.0,1399.3438436407391,-24.343843640739124,1.7704613556901183
2025-10-13,Reliance,1375.9000244140625,1391.1251806465255,-15.22515623246295,1.1065597763141766
2025-10-14,Reliance,1374.300048828125,1391.1730339044577,-16.872985076332725,1.2277511807352721
2025-10-15,Reliance,1398.300048828125,1394.1671172319652,4.132931596159779,0.2955682937738198
2025-10-16,Reliance,1416.800048828125,1401.091328016603,15.708720811521971,1.1087464899874258
2025-10-17,Reliance,1466.800048828125,1418.1836145073019,48.616434320823146,3.3144554610333166
2025-10-20,Reliance,1465.199951171875,1471.5823894522098,-6.382438280334782,0.43560186275122875
2025-10-21,Reliance,1448.4000244140625,1471.0931933511972,-22.693168937134715,1.5667749623461265
2025-10-23,Reliance,1451.5999755859375,1449.0600974405193,2.5398781454182426,0.17497094159105522
2025-10-24,Reliance,1484.0999755859375,1453.159372983235,30.940602602702484,2.0848058157596037
2025-10-27,Reliance,1486.9000244140625,1479.3468035836488,7.553220830413693,0.5079844445755635
2025-10-28,Reliance,1504.199951171875,1481.5997458240963,22.600205347778683,1.5024734796841053
2025-10-29,Reliance,1488.5,1504.9807798578577,-16.48077985785767,1.1072072460771025
2025-10-30,Reliance,1486.4000244140625,1481.1985102954923,5.2015141185702305,0.3499403951248361
2025-10-31,Reliance,1484.699951171875,1483.9876223074618,0.7123288644131662,0.047977967794161
2025-11-03,Reliance,1473.0999755859375,1481.0648179051684,-7.964842319230911,0.5406857953454809
2025-11-04,Reliance,1496.0999755859375,1461.3135288037695,34.786446782168014,2.325141858821576
2025-11-06,Reliance,1478.0,1498.6375219605095,-20.637521960509503,1.396314070399831
2025-11-07,Reliance,1489.300048828125,1472.2860153177335,17.014033510391528,1.1424181127086674
2025-11-10,Reliance,1493.4000244140625,1491.706930216487,1.6930941975754195,0.11337178049395755
2025-11-11,Reliance,1511.5,1488.2316971424495,23.268302857550452,1.539417985944456
2025-11-12,Reliance,1510.9000244140625,1514.0163581989511,-3.1163337848886385,0.20625678301230913
2025-11-13,Reliance,1518.9000244140625,1515.093201903048,3.8068225110143885,0.25063022251796496
2025-11-14,Reliance,1518.300048828125,1514.191487584555,4.108561243569966,0.27060272090098997
2025-11-17,Reliance,1519.4000244140625,1516.752000295063,2.6480241189995013,0.17428090538702462
2025-11-18,Reliance,1518.9000244140625,1514.0322557645327,4.867768649529808,0.3204798585349697
2025-11-19,Reliance,1549.0999755859375,1513.899804925145,35.20017066079254,2.2722981870475008
2025-11-20,Reliance,1546.5999755859375,1531.8416903174636,14.758285268473855,0.9542406246891736
2025-11-21,Reliance,1535.9000244140625,1546.3757605172134,-10.475736103150894,0.6820584632223916
2025-11-24,Reliance,1539.699951171875,1525.4833904062202,14.216560765654776,0.9233331958499099
2025-11-25,Reliance,1569.9000244140625,1527.2234034497897,42.67662096427284,2.7184292184593817
2025-11-26,Reliance,1563.4000244140625,1568.8747750080913,-5.474750594028819,0.3501823275255908
2025-11-27,Reliance,1567.5,1567.8622186203577,-0.36221862035768027,0.023108045955832872
2025-11-28,Reliance,1566.0999755859375,1570.1892989558175,-4.089323369880049,0.26111509058354193
2025-12-01,Reliance,1546.300048828125,1574.693859567058,-28.393810738933098,1.836241986828595
2025-12-02,Reliance,1538.800048828125,1529.1552076833782,9.644841144746806,0.626776763627727
2025-12-03,Reliance,1535.5999755859375,1537.658467202381,-2.0584916164434617,0.13405129260034043
2025-12-04,Reliance,1540.5999755859375,1524.1792311003744,16.42074448556309,1.065866853549558
2025-12-05,Reliance,1543.0,1534.9932956750463,8.006704324953716,0.5189050113385428
2025-12-08,Reliance,1529.4000244140625,1529.484681895424,-0.08465748136154616,0.0055353393494275505
2025-12-09,Reliance,1536.9000244140625,1521.7444152760488,15.155609138013688,0.9861154855399074
2025-12-10,Reliance,1545.0,1539.231946106793,5.768053893207025,0.3733368215667977
2025-12-11,Reliance,1556.5,1545.519979624712,10.98002037528795,0.7054301558167652
2025-12-12,Reliance,1556.199951171875,1562.3789755193648,-6.179024347489758,0.39705851056200897
2025-12-15,Reliance,1542.300048828125,1561.5936015137402,-19.29355268561517,1.2509597403096013
2025-12-16,Reliance,1544.4000244140625,1524.453505449893,19.9465189641694,1.291538374051568
2025-12-17,Reliance,1544.4000244140625,1526.4044000507047,17.99562436335782,1.165217824325357
2025-12-18,Reliance,1565.0999755859375,1545.4765211364474,19.623454449490055,1.2538147566032312
2025-12-19,Reliance,1575.4000244140625,1567.0520476106735,8.347976803388974,0.5298956883343855
2025-12-22,Reliance,1570.699951171875,1572.3835283386359,-1.6835771667608697,0.10718642764996451
2025-12-23,Reliance,1558.199951171875,1574.6691597667748,-16.469208594899783,1.0569380766899517
2025-12-24,Reliance,1559.199951171875,1568.4290839833059,-9.229132811430873,0.5919146421531358
2025-12-26,Reliance,1545.5999755859375,1562.8664989479644,-17.266523362026874,1.1171405043197629
2025-12-29,Reliance,1539.800048828125,1537.9992076872754,1.8008411408495704,0.11695292140171787
2025-12-30,Reliance,1570.4000244140625,1536.533634317809,33.866390096253554,2.156545438726006
2025-12-31,Reliance,1575.5999755859375,1573.335448504775,2.2645270811624414,0.14372474715990677
2026-01-01,Reliance,1592.300048828125,1575.5537974286099,16.74625139951513,1.0517019962311602
2026-01-02,Reliance,1578.0999755859375,1586.8968620175385,-8.796886431601024,0.5574353062349425
2026-01-05,Reliance,1507.5999755859375,1581.1084052883955,-73.50842970245799,4.875857713773742
2026-01-06,Reliance,1504.199951171875,1503.668422122576,0.5315290492990243,0.03533632938127187
2026-01-07,Reliance,1470.5999755859375,1503.4356764736244,-32.835700887686926,2.2328098349521635
2026-01-08,Reliance,1475.300048828125,1455.7205376948934,19.579511133231563,1.327154509944208
2026-01-09,Reliance,1483.199951171875,1472.6323704860756,10.567580685799385,0.7124852368994449
2026-01-12,Reliance,1452.800048828125,1477.3877941405963,-24.58774531247127,1.6924383594497079
2026-01-13,Reliance,1458.800048828125,1457.2211152775924,1.5789335505326108,0.10823509032653178
2026-01-14,Reliance,1458.800048828125,1462.9134176541331,-4.113368826008127,0.2819693370117759
2026-01-15,Reliance,1457.9000244140625,1460.7032247658092,-2.803200351746682,0.19227658308554474
2026-01-16,Reliance,1413.5999755859375,1459.1284888009334,-45.52851321499588,3.220749434161833
2026-01-19,Reliance,1394.0,1415.2578053354941,-21.25780533549414,1.5249501675390345
2026-01-20,Reliance,1404.5999755859375,1408.3859677725009,-3.7859921865633623,0.2695423787818316
2026-01-21,Reliance,1402.5,1404.1624095635236,-1.6624095635236245,0.11853187618706769
2026-01-22,Reliance,1386.0999755859375,1404.8253529423118,-18.725377356374338,1.3509398806863606
2026-01-23,Reliance,1380.5,1387.4356138578319,-6.935613857831868,0.5023986858262852
2026-01-27,Reliance,1396.699951171875,1378.7239673260526,17.975983845822384,1.2870326107436298
2026-01-28,Reliance,1391.0,1398.8148650204241,-7.814865020424122,0.5618163206631288
2026-01-29,Reliance,1395.4000244140625,1387.8079028618088,7.5921215522537295,0.5440820853820545
2026-01-30,Reliance,1390.4000244140625,1404.4585762609431,-14.058551846880619,1.0111156214057984
2026-02-02,Reliance,1437.0999755859375,1388.4885617605676,48.61141382536994,3.3826048744834183
2026-02-03,Reliance,1456.800048828125,1445.5792099103305,11.220838917794481,0.7702387796335342
2026-02-04,Reliance,1443.4000244140625,1458.433984227775,-15.0339598137125,1.0415657170170427
2026-02-05,Reliance,1450.800048828125,1447.730183070917,3.0698657572079355,0.21159812888672022
2026-02-06,Reliance,1461.5999755859375,1456.2372785213533,5.362697064584154,0.36690593556108364
2026-02-09,Reliance,1458.5,1462.261581851886,-3.7615818518859214,0.2579075661217635
2026-02-10,Reliance,1468.699951171875,1459.1475982883467,9.552352883528329,0.6503951250155969
2026-02-11,Reliance,1448.9000244140625,1468.134267202123,-19.234242788060556,1.3275065542109377
2026-02-12,Reliance,1419.5999755859375,1449.0399278279847,-29.439952242047184,2.0738202837666218
2026-02-13,Reliance,1437.0999755859375,1417.798377528382,19.301598057555566,1.343093618082199
2026-02-16,Reliance,1423.0,1438.2104594721707,-15.210459472170669,1.0689008764701806
2026-02-17,Reliance,1441.300048828125,1424.9881958926874,16.311852935437628,1.1317458116164134
2026-02-18,Reliance,1409.5,1442.512853138835,-33.012853138835,2.342167657952111
2026-02-19,Reliance,1419.4000244140625,1415.4189792809248,3.9810451331377408,0.2804737962986257
2026-02-20,Reliance,1428.0,1420.2029748989437,7.797025101056306,0.5460101611383968
2026-02-23,Reliance,1428.800048828125,1426.358073566031,2.441975262094047,0.17091091675822026
2026-02-24,Reliance,1398.5,1427.2810271748417,-28.78102717484171,2.0579926474681236
2026-02-25,Reliance,1406.800048828125,1411.2501888387224,-4.450140010597352,0.3163306693303254
2026-02-26,Reliance,1393.9000244140625,1404.1217601695942,-10.221735755531654,0.7333191460290307
2026-02-27,Reliance,1358.0,1410.8498357431329,-52.84983574313287,3.8917404818212717
2026-03-02,Reliance,1345.0,1361.54231766459,-16.542317664589973,1.2299120940215593
2026-03-04,Reliance,1389.4000244140625,1346.3755803366137,43.024444077448834,3.096620362850007
2026-03-05,Reliance,1404.800048828125,1381.244802546939,23.5552462811861,1.6767686120765537
2026-03-06,Reliance,1424.0,1404.3525169800362,19.64748301996383,1.3797389761210554
2026-03-09,Reliance,1408.800048828125,1428.5406166291702,-19.740567801045245,1.4012327595719452
2026-03-10,Reliance,1390.199951171875,1413.0874307199076,-22.887479548032616,1.6463444361898818
2026-03-11,Reliance,1392.199951171875,1378.3894328585104,13.810518313364582,0.9919924434517952
2026-03-12,Reliance,1380.699951171875,1393.4341186765826,-12.734167504707557,0.9222979615447496
2026-03-13,Reliance,1395.0999755859375,1387.6758434975077,7.424132088429815,0.5321577104401929
2026-03-16,Reliance,1397.5999755859375,1402.9094634288601,-5.3094878429226355,0.3799003960841268
2026-03-17,Reliance,1408.0999755859375,1406.7311731148866,1.3688024710509126,0.09720918221600902
2026-03-18,Reliance,1384.800048828125,1406.4872548352544,-21.68720600712936,1.5660893444856512
2026-03-19,Reliance,1414.4000244140625,1386.2559053773427,28.144119036719758,1.9898273862360052
2026-03-20,Reliance,1407.800048828125,1422.8247366291087,-15.024687800983656,1.0672458644599738
2026-03-23,Reliance,1411.800048828125,1409.7533046721035,2.046744156021532,0.14497408168532414
2026-03-24,Reliance,1413.0999755859375,1409.6291114859864,3.4708640999510862,0.2456205618793464
2026-03-25,Reliance,1348.0999755859375,1417.8537310659042,-69.75375547996669,5.17422718961544
2026-03-27,Reliance,1343.9000244140625,1356.534621570463,-12.63459715640056,0.9401441273065843
2026-03-30,Reliance,1369.199951171875,1349.1919918323463,20.007959339528725,1.4612883474326925
2026-04-01,Reliance,1350.5,1384.250587707793,-33.7505877077931,2.4991179346755352
2026-04-02,Reliance,1304.699951171875,1351.455574713501,-46.75562354162594,3.5836303588139375
2026-04-06,Reliance,1304.5999755859375,1314.9566354915921,-10.356659905654624,0.7938571285809749
2026-04-07,Reliance,1347.800048828125,1306.852562052469,40.94748677565599,3.0380980332549106
2026-04-08,Reliance,1330.0,1360.9926623620997,-30.992662362099736,2.3302753655714086
2026-04-09,Reliance,1350.199951171875,1331.8370753891054,18.362875782769606,1.3600115869380658
2026-04-10,Reliance,1315.0999755859375,1355.8461179389496,-40.74614235301215,3.0983304014478343
2026-04-13,Reliance,1344.0999755859375,1310.0983922602677,34.0015833256698,2.5296915365873276
2026-04-15,Reliance,1343.300048828125,1355.2758651459571,-11.975816317832141,0.8915220637622744
2026-04-16,Reliance,1365.0,1347.6600054948829,17.339994505117147,1.27032926777415
2026-04-17,Reliance,1363.300048828125,1380.8521807262382,-17.552131898113203,1.2874738699819448
2026-04-20,Reliance,1353.300048828125,1369.216836432415,-15.916787604289993,1.1761462373457356
2026-04-21,Reliance,1362.0999755859375,1360.455544473893,1.6444311120444581,0.1207276368489082
2026-04-22,Reliance,1343.4000244140625,1362.1464899487937,-18.746465534731215,1.395449247733018
2026-04-23,Reliance,1327.800048828125,1346.297076128531,-18.49702730040599,1.3930581879953152
2026-04-24,Reliance,1365.800048828125,1333.2213083132929,32.578740514832134,2.385322840102776
2026-04-27,Reliance,1388.9000244140625,1393.0350228224224,-4.134998408359934,0.2977174984286124
2026-04-28,Reliance,1425.4000244140625,1400.7634047261097,24.636619687952816,1.728400397501057
2026-04-29,Reliance,1430.800048828125,1441.6739666400517,-10.87391781192673,0.7599886385825083
2026-04-30,Reliance,1430.800048828125,1457.2839616081742,-26.483912780049195,1.8509862927206664
2026-05-01,Reliance,1463.0999755859375,1438.7990415399545,24.300934045983013,1.6609209521892758
2026-05-04,Reliance,1463.5999755859375,1461.975745084952,1.6242305009855045,0.1109750292483614
2026-05-05,Reliance,1437.9000244140625,1464.2581435419913,-26.35811912792883,1.833098176534884
2026-05-06,Reliance,1436.199951171875,1433.7339156195867,2.4660355522883037,0.17170558669606756
2026-05-07,Reliance,1435.199951171875,1437.891927595611,-2.691976423735923,0.18756804036523694
2026-05-08,Reliance,1388.199951171875,1435.6135738341782,-47.41362266230317,3.4154750273747
2026-05-11,Reliance,1364.0,1387.365331428701,-23.365331428700983,1.713000837881304
2026-05-12,Reliance,1358.800048828125,1371.5189257817235,-12.71887695359851,0.9360374224719596
2026-05-13,Reliance,1361.800048828125,1364.0778852321864,-2.277836404061418,0.1672665826397622
2026-05-14,Reliance,1336.4000244140625,1366.310638688844,-29.910614274781437,2.238148288563193
2026-05-15,Reliance,1335.9000244140625,1335.5733023915752,0.32672202248727444,0.024457071376323806
2026-05-18,Reliance,1322.699951171875,1334.826311632371,-12.126360460496016,0.9167884560479799
2026-05-19,Reliance,1359.699951171875,1327.2026481152873,32.497303056587725,2.3900348770756006
2026-05-20,Reliance,1349.5999755859375,1382.8422310060141,-33.24225542007662,2.4631191480011907
2026-05-21,Reliance,1354.5,1357.0768991154391,-2.5768991154391188,0.19024725843035206
2026-05-22,Reliance,1367.0,1360.765381758637,6.234618241363023,0.4560803395291166
2026-05-25,Reliance,1356.300048828125,1360.4710615232543,-4.1710126951293205,0.3075287580158368
2026-05-26,Reliance,1350.5,1359.6340396612704,-9.134039661270435,0.6763450323043639
2026-05-27,Reliance,1350.5,1355.1146525707286,-4.614652570728595,0.34169956095731907
2026-05-28,Reliance,1321.199951171875,1353.17611934148,-31.97616816960499,2.4202368567485064
2026-05-29,Reliance,1320.0,1320.7883811042673,-0.7883811042672733,0.05972584123236918
2026-06-01,Reliance,1314.5999755859375,1318.164479887645,-3.5645043017075295,0.27114744925495493
2026-06-02,Reliance,1313.199951171875,1314.1981957483188,-0.9982445764437671,0.07601619049353088
2026-06-03,Reliance,1303.699951171875,1314.4880999449804,-10.788148773105377,0.8275024297890079
2026-06-04,Reliance,1291.0,1298.959690345926,-7.959690345925992,0.6165523118455455
2026-06-05,Reliance,1263.300048828125,1288.5393093145933,-25.23926048646831,1.9978832827467239
2026-06-08,Reliance,1269.199951171875,1254.7013043645284,14.498646807346631,1.1423453644132093
2026-06-09,Reliance,1258.800048828125,1272.5853927264957,-13.785343898370684,1.0951178395015233
2026-06-10,Reliance,1263.0,1264.2915799421964,-1.2915799421964493,0.10226286161492076
2026-06-11,Reliance,1293.0,1257.6122396398125,35.387760360187485,2.7368724176479104
2026-06-12,Reliance,1307.0,1300.2984942266296,6.7015057733704,0.5127395388959755
2026-06-15,Reliance,1328.800048828125,1306.343239542862,22.456809285263034,1.6900066571391081
2026-06-16,Reliance,1332.699951171875,1321.2041239223013,11.495827249573722,0.8625968087914437
2026-06-17,Reliance,1328.0999755859375,1323.9653317575983,4.134643828339222,0.3113202247078636
2026-06-18,Reliance,1309.5,1326.3006960258856,-16.8006960258856,1.2829855689870637
2026-06-19,Reliance,1326.5,1304.5546883629108,21.945311637089162,1.6543770551895334
2026-06-22,Reliance,1309.5,1331.6146369100024,-22.114636910002446,1.6887847964873957
2026-06-23,Reliance,1313.5999755859375,1305.6138165478962,7.986159038041251,0.6079597431842968
2026-06-24,Reliance,1318.0999755859375,1316.8039904776317,1.2959851083057856,0.0983222162438535
2026-06-25,Reliance,1318.0999755859375,1319.476885571266,-1.3769099853284388,0.10446172603230329
2026-06-26,Reliance,1301.0,1321.580245474372,-20.580245474372077,1.581878975739591
2026-06-29,Reliance,1293.9000244140625,1296.617102547441,-2.717078133378436,0.2099913503447729
2026-06-30,Reliance,1308.0,1293.3766250666638,14.623374933336208,1.1179950254844195
2026-07-01,Reliance,1303.5,1305.2737109926138,-1.7737109926138146,0.136072956855682
2026-07-02,Reliance,1304.0,1296.7949189257697,7.205081074230293,0.5525368921955747
2026-07-03,Reliance,1321.300048828125,1298.2142641049313,23.085784723193683,1.7472022909307172
2026-07-06,Reliance,1308.4000244140625,1320.5306038544163,-12.130579440353813,0.9271307867627272
2026-07-07,Reliance,1275.9000244140625,1306.3468626144504,-30.4468382003879,2.3863028150947914
2026-07-08,Reliance,1279.800048828125,1278.993404374348,0.8066444537769257,0.06302894381943071
2026-07-09,Reliance,1307.800048828125,1276.7659541821884,31.034094645936648,2.3729999607925722
2026-07-10,Reliance,1296.9000244140625,1303.8779321963686,-6.977907782306147,0.5380451577567635
2026-07-13,Reliance,1293.0,1291.4286287015934,1.571371298406575,0.12152910273832754
2026-07-14,Reliance,1295.5,1292.443621640943,3.0563783590569074,0.23592268306112754
2026-07-15,Reliance,1296.5999755859375,1297.9975088444007,-1.397533258463227,0.10778445818122721
2026-07-16,Reliance,1327.199951171875,1300.4080972690838,26.791853902791217,2.0186750217354112
2026-07-17,Reliance,1323.0999755859375,1323.3491394371026,-0.24916385116512174,0.018831823427007396
2026-07-20,Reliance,1303.699951171875,1328.1414717530092,-24.441520581134228,1.8747811226934645
2026-07-21,Reliance,1288.5999755859375,1293.0833148114832,-4.483339225545706,0.3479232741337817
2026-07-22,Reliance,1272.199951171875,1286.686389578924,-14.486438407049036,1.1386919480467665
2026-07-23,Reliance,1278.0,1273.3625978062594,4.637402193740627,0.3628640214194544
2026-07-24,Reliance,1280.0,1272.9679347615645,7.032065238435507,0.549380096752774
2026-07-27,Reliance,1267.699951171875,1275.4511777181833,-7.751226546308317,0.6114401549943267
2026-07-28,Reliance,1275.9000244140625,1265.425097041945,10.474927372117463,0.8209833977335265
2026-07-29,Reliance,1292.9000244140625,1280.4603016318672,12.439722782195304,0.9621565896274881
2026-07-30,Reliance,1307.800048828125,1299.8344624403637,7.965586387761277,0.6090828942007586
2026-07-31,Reliance,1319.0,1301.409226794577,17.59077320542292,1.3336446706158391
2026-08-03,Reliance,1290.9000244140625,1320.265122485163,-29.36509807110042,2.274777094719569
2026-08-04,Reliance,1280.0,1286.876308369415,-6.876308369415028,0.5372115913605491
2026-08-05,Reliance,1325.0,1280.2275982275046,44.772401772495414,3.379049190377012
2026-08-06,Reliance,1334.800048828125,1332.1188268620829,2.6812219660421306,0.2008706823464746
2026-08-07,Reliance,1327.300048828125,1326.7830230819238,0.5170257462011705,0.03895319273570834
2026-08-10,Reliance,1323.9000244140625,1324.7248204277348,-0.8247960136723123,0.06230047575060316
2026-08-11,Reliance,1329.0,1313.9728716370466,15.027128362953363,1.130709432878357
2026-08-12,Reliance,1317.0,1321.9736424182024,-4.973642418202417,0.37764938634794354
2026-08-13,Reliance,1310.0,1314.3441933022798,-4.344193302279791,0.3316178093343352
2026-08-14,Reliance,1316.0,1299.1094183745843,16.890581625415734,1.2834788469160892
2026-08-17,Reliance,1322.0,1319.1936290334854,2.806370966514578,0.2122822213702404
2026-08-18,Reliance,1311.0,1321.5806146859054,-10.580614685905402,0.8070644306563999
2026-08-19,Reliance,1313.199951171875,1301.972810136735,11.227141035139994,0.8549452827135049
2026-08-20,Reliance,1316.0,1313.4267100193479,2.5732899806521345,0.19553875232918957
2026-08-21,Reliance,1309.800048828125,1319.1099097938486,-9.309860965723601,0.7107848998824753
2026-08-24,Reliance,1317.0,1301.732763046131,15.267236953869087,1.1592435044699383
2026-08-25,Reliance,1298.0,1320.1821874303707,-22.182187430370732,1.7089512658220902
2026-08-26,Reliance,1282.199951171875,1293.673831247908,-11.473880076033083,0.8948588763824594
2026-08-27,Reliance,1287.0,1278.300715455495,8.699284544504962,0.6759350850431206
2026-08-28,Reliance,1277.0,1276.465225289397,0.5347747106029601,0.041877424479480035
2026-08-31,Reliance,1309.0,1276.5884214407326,32.411578559267355,2.4760564216399814
2026-09-01,Reliance,1313.0999755859375,1306.6384933939953,6.461482191942196,0.4920784640985865
2026-09-02,Reliance,1302.5,1313.3938166045211,-10.893816604521135,0.8363774744354038
2025-09-22,SBI,870.5999755859375,857.9819243545793,12.618051231358208,1.4493512043652328
2025-09-23,SBI,866.2000122070312,871.5023824245843,-5.302370217553062,0.612141554240216
2025-09-24,SBI,861.1500244140625,868.8328589803434,-7.682834566280917,0.8921598267977076
2025-09-25,SBI,856.9500122070312,858.0203625783317,-1.070350371300492,0.12490231122628251
2025-09-26,SBI,870.75,859.4601578971792,11.289842102820785,1.2965652716417784
2025-09-29,SBI,872.4500122070312,871.2573208826092,1.1926913244220714,0.1367059783064164
2025-09-30,SBI,864.0999755859375,872.2366016320613,-8.136626046123752,0.9416301673433549
2025-10-01,SBI,867.2999877929688,856.917814587909,10.382173205059757,1.1970682983035004
2025-10-03,SBI,874.0499877929688,867.2301714269341,6.819816366034615,0.7802547292809969
2025-10-06,SBI,864.7000122070312,871.2181366853265,-6.518124478295249,0.7538018256364548
2025-10-07,SBI,858.25,864.8045817660911,-6.5545817660911325,0.7637147411699543
2025-10-08,SBI,862.0999755859375,858.7765448358382,3.3234307500993054,0.38550409978152383
2025-10-09,SBI,880.6500244140625,859.8256004365653,20.82442397749719,2.36466512237397
2025-10-10,SBI,882.9500122070312,882.7598371525106,0.19017505452063688,0.02153859809631502
2025-10-13,SBI,876.9500122070312,881.6333445009956,-4.683332293964327,0.5340478053221899
2025-10-14,SBI,886.0999755859375,877.684562056617,8.415413529320517,0.9497137751026106
2025-10-15,SBI,886.9500122070312,887.247223957436,-0.29721175040469916,0.03350941386934941
2025-10-16,SBI,889.1500244140625,887.7217242505876,1.428300163474887,0.16063657698442027
2025-10-17,SBI,907.5,888.7706645969602,18.72933540303984,2.063838611905217
2025-10-20,SBI,907.8499755859376,904.8033267381466,3.0466488477910616,0.3355894618849019
2025-10-21,SBI,911.5499877929688,905.0019847400201,6.548003052948616,0.7183372432270603
2025-10-23,SBI,904.5,911.2481062462317,-6.748106246231714,0.7460592864822237
2025-10-24,SBI,922.75,900.0346307377197,22.71536926228032,2.461703523411576
2025-10-27,SBI,930.25,915.2359651971099,15.014034802890137,1.6139784792142045
2025-10-28,SBI,939.75,931.7409367559719,8.009063244028084,0.8522546681594131
2025-10-29,SBI,934.3499755859376,936.9686115147147,-2.618635928777053,0.28026285623166924
2025-10-30,SBI,937.0,935.8109876590325,1.1890123409674516,0.1268956607222467
2025-10-31,SBI,949.7000122070312,936.6272112227854,13.072800984245873,1.3765189866498653
2025-11-03,SBI,957.5999755859376,950.7777005353834,6.8222750505542535,0.7124347561078237
2025-11-04,SBI,960.75,957.479613206778,3.2703867932219737,0.3403993539653369
2025-11-06,SBI,955.8499755859376,969.6370933723244,-13.78711778638683,1.4423934862722891
2025-11-07,SBI,951.1500244140624,958.723899073216,-7.573874659153603,0.7962860184774051
2025-11-10,SBI,953.2999877929688,951.3303094408454,1.96967835212331,0.20661684436642114
2025-11-11,SBI,957.1500244140624,947.6963751455619,9.453649268500499,0.9876873037001416
2025-11-12,SBI,954.0,955.680592614537,-1.6805926145369767,0.176162747855029
2025-11-13,SBI,967.8499755859376,950.3250315523997,17.524944033537963,1.810708733337348
2025-11-14,SBI,973.3499755859376,971.5155351446099,1.8344404413277289,0.18846668591360796
2025-11-17,SBI,972.4500122070312,977.135971347013,-4.685959139981719,0.48187146703270284
2025-11-18,SBI,982.75,976.9446642704341,5.805335729565854,0.5907235542677033
2025-11-19,SBI,981.5499877929688,981.0749631243713,0.4750246685974844,0.048395361877145465
2025-11-20,SBI,972.5999755859376,980.689352752477,-8.089377166539407,0.8317270583588084
2025-11-21,SBI,970.5999755859376,976.7317900953457,-6.131814509408059,0.6317550652838589
2025-11-24,SBI,983.5999755859376,973.8964738824367,9.703501703500933,0.9865292745376989
2025-11-25,SBI,983.9000244140624,979.6584929887383,4.2415314253240695,0.431093741241648
2025-11-26,SBI,972.8499755859376,983.6371878690413,-10.787212283103713,1.1088258779681508
2025-11-27,SBI,979.0,975.6107046300657,3.3892953699343025,0.3461997313518184
2025-11-28,SBI,973.0999755859376,981.8286478976589,-8.728672311721311,0.8969964577858993
2025-12-01,SBI,967.2999877929688,976.7935353986311,-9.493547605662343,0.9814481262760284
2025-12-02,SBI,951.0499877929688,970.333847441672,-19.283859648703242,2.0276389144858586
2025-12-03,SBI,948.0999755859376,954.3326363442989,-6.2326607583612486,0.6573843390840071
2025-12-04,SBI,971.5,949.9706927915229,21.52930720847712,2.2160892648972847
2025-12-05,SBI,956.4000244140624,974.7739167141913,-18.373892300128887,1.921151383427205
2025-12-08,SBI,959.3499755859376,959.4026716114703,-0.0526960255326685,0.005492888609340257
2025-12-09,SBI,959.75,954.9968028389538,4.75319716104616,0.4952536765872529
2025-12-10,SBI,963.25,959.9168027345169,3.333197265483136,0.34603657051472997
2025-12-11,SBI,963.1500244140624,966.2387863114838,-3.0887618974213638,0.3206937464701233
2025-12-12,SBI,967.25,966.5244864122155,0.7255135877844623,0.07500786640314937
2025-12-15,SBI,961.1500244140624,970.3704895362118,-9.220465122149449,0.9593159119743498
2025-12-16,SBI,975.8499755859376,966.0340850061217,9.815890579815914,1.0058811113790393
2025-12-17,SBI,977.5499877929688,976.6332706025745,0.9167171903942517,0.09377701415187367
2025-12-18,SBI,980.2999877929688,981.2409742932103,-0.9409865002415927,0.09598964724666724
2025-12-19,SBI,974.2999877929688,983.2388597790855,-8.938871986116737,0.9174660882800072
2025-12-22,SBI,971.9000244140624,978.2867319915542,-6.386707577491848,0.6571362709186324
2025-12-23,SBI,968.9500122070312,977.4394788610745,-8.489466654043213,0.8761511478498548
2025-12-24,SBI,966.2999877929688,970.5035150812732,-4.203527288304485,0.43501266080995726
2025-12-26,SBI,965.0499877929688,969.820685745959,-4.770697952990304,0.494347237276351
2025-12-29,SBI,973.4500122070312,967.7117258739324,5.738286333098813,0.5894793015707936
2025-12-30,SBI,982.2000122070312,973.014607563328,9.185404643703237,0.9351867775956724
2025-12-31,SBI,984.75,982.0414081550658,2.708591844934176,0.275053754245664
2026-01-01,SBI,998.9500122070312,985.4993566522273,13.450655554803916,1.3464793423533472
2026-01-02,SBI,1005.5499877929688,1009.7352141134293,-4.185226320460515,0.41621265688108244
2026-01-05,SBI,1018.9000244140624,1003.1900066658728,15.710017748189557,1.5418605723583036
2026-01-06,SBI,1007.1500244140624,1019.8420030840081,-12.691978669945684,1.2601874956344856
2026-01-07,SBI,998.0,1004.4977514994872,-6.497751499487208,0.6510773045578365
2026-01-08,SBI,1000.5,996.2275180903339,4.272481909666112,0.4270346736297963
2026-01-09,SBI,1015.1500244140624,999.7878757297877,15.362148684274644,1.513288510547155
2026-01-12,SBI,1028.449951171875,1015.3378315117168,13.112119660158214,1.2749399856762609
2026-01-13,SBI,1028.3499755859375,1024.4620147364394,3.8879608494980857,0.3780775943795581
2026-01-14,SBI,1028.3499755859375,1025.0494650059675,3.300510579970023,0.32095207452010144
2026-01-15,SBI,1042.300048828125,1023.3287802694738,18.971268558651218,1.8201350541987336
2026-01-16,SBI,1038.4000244140625,1040.769424195411,-2.36939978134842,0.22817793968036548
2026-01-19,SBI,1036.4000244140625,1028.5868995535284,7.813124860534117,0.7538715434661759
2026-01-20,SBI,1028.6500244140625,1031.5637018403265,-2.91367742626403,0.2832525501492807
2026-01-21,SBI,1048.3499755859375,1016.1102205307732,32.23975505516432,3.0752855254415468
2026-01-22,SBI,1029.5,1051.4579646511347,-21.957964651134716,2.13287660525835
2026-01-23,SBI,1053.1500244140625,1026.2820759505955,26.867948463466973,2.551198579558065
2026-01-27,SBI,1063.5,1059.1697494761224,4.330250523877567,0.4071697718737721
2026-01-28,SBI,1066.199951171875,1074.2714206064736,-8.071469434598612,0.7570314954270209
2026-01-29,SBI,1077.1500244140625,1072.6844470915173,4.465577322545187,0.4145733854459436
2026-01-30,SBI,1028.699951171875,1082.8736357747846,-54.17368460290959,5.266227974561093
2026-02-02,SBI,1064.199951171875,1034.0873516575696,30.11259951430543,2.829599783494263
2026-02-03,SBI,1068.199951171875,1073.6660865206159,-5.466135348740863,0.5117146225989064
2026-02-04,SBI,1073.5,1077.719681430175,-4.219681430174887,0.3930769846460072
2026-02-05,SBI,1066.4000244140625,1078.1069057537027,-11.706881339640177,1.097794549102019
2026-02-06,SBI,1146.0,1071.8429323256937,74.15706767430629,6.470948313639292
2026-02-09,SBI,1144.0999755859375,1136.2548007847297,7.845174801207804,0.6857071032791509
2026-02-10,SBI,1182.9000244140625,1140.5888358404075,42.311188573655045,3.576903178661566
2026-02-11,SBI,1192.4000244140625,1163.7509784388697,28.64904597519285,2.402637151007339
2026-02-12,SBI,1198.5999755859375,1181.344832588495,17.25514299744259,1.4396081552569184
2026-02-13,SBI,1208.0999755859375,1193.05959656668,15.040379019257443,1.2449614537871956
2026-02-16,SBI,1213.4000244140625,1195.206483402008,18.19354101205454,1.4993852518537734
2026-02-17,SBI,1218.9000244140625,1209.240516454934,9.659507959128405,0.7924774604686572
2026-02-18,SBI,1205.699951171875,1219.2036998888384,-13.5037487169634,1.1199924743994962
2026-02-19,SBI,1216.0999755859375,1194.0949826654423,22.00499292049517,1.809472359366901
2026-02-20,SBI,1227.800048828125,1217.1167232528821,10.683325575242861,0.8701193313552619
2026-02-23,SBI,1223.300048828125,1227.7198704693421,-4.4198216412171405,0.3613031525218332
2026-02-24,SBI,1200.0999755859375,1218.9776489457245,-18.877673359786968,1.5730083946189668
2026-02-25,SBI,1209.5,1200.477239996967,9.022760003033,0.7459909055835469
2026-02-26,SBI,1201.699951171875,1195.4792774933362,6.2206736785387875,0.517656148065289
2026-02-27,SBI,1189.9000244140625,1197.7742577176766,-7.874233303614119,0.6617558737753279
2026-03-02,SBI,1174.5,1194.9601956059987,-20.460195605998706,1.7420345343549346
2026-03-04,SBI,1169.5,1175.2520780852244,-5.7520780852244116,0.49184079394821817
2026-03-05,SBI,1143.0,1175.7025109870183,-32.702510987018286,2.8611120723550556
2026-03-06,SBI,1098.5,1163.3264222936727,-64.82642229367275,5.901358424549181
2026-03-09,SBI,1112.199951171875,1101.983115955732,10.216835216142954,0.9186149671538768
2026-03-10,SBI,1091.0999755859375,1117.8168856144748,-26.716910028537313,2.4486216319627285
2026-03-11,SBI,1085.199951171875,1106.1952696273129,-20.995318455437882,1.9346958533093983
2026-03-12,SBI,1047.0,1101.4813360967348,-54.48133609673482,5.203566007329019
2026-03-13,SBI,1066.699951171875,1061.06577344386,5.634177728014947,0.5281876803149047
2026-03-16,SBI,1064.699951171875,1073.6364237912974,-8.936472619422375,0.8393418830898167
2026-03-17,SBI,1069.800048828125,1073.0578945641776,-3.257845736052559,0.304528471429895
2026-03-18,SBI,1048.9000244140625,1074.9654625963092,-26.06543818224668,2.4850259868005415
2026-03-19,SBI,1058.0,1059.7865872964417,-1.7865872964416667,0.1688645837846566
2026-03-20,SBI,1031.9000244140625,1063.487385501841,-31.58736108777839,3.0610873476540954
2026-03-23,SBI,1030.800048828125,1032.3186586595073,-1.518609831382264,0.14732341476979074
2026-03-24,SBI,1060.5999755859375,1044.495626552747,16.1043490331906,1.5184187633319166
2026-03-25,SBI,1019.5,1061.7755642874827,-42.275564287482666,4.146695859488246
2026-03-27,SBI,979.4000244140624,1024.0477112611966,-44.647686847134196,4.558677326340195
2026-03-30,SBI,1017.7999877929688,996.4472108649375,21.35277692803129,2.0979344845870314
2026-04-01,SBI,1018.4000244140624,1027.6410353533984,-9.241010939335979,0.9074048230362921
2026-04-02,SBI,1032.75,1030.310465566744,2.4395344332560853,0.23621732590230793
2026-04-06,SBI,1030.4000244140625,1056.6265174040657,-26.22649299000318,2.545272939499093
2026-04-07,SBI,1061.449951171875,1033.6878141475063,27.762137024368712,2.615491855618667
2026-04-08,SBI,1040.949951171875,1068.7668223504288,-27.81687117855381,2.6722582720944734
2026-04-09,SBI,1066.699951171875,1046.7763080187597,19.923643153115336,1.86778326287793
2026-04-10,SBI,1063.550048828125,1078.0457925952599,-14.495743767134854,1.3629583095884412
2026-04-13,SBI,1071.5,1076.9355026190683,-5.435502619068302,0.5072797591290996
2026-04-15,SBI,1067.1500244140625,1078.9760229781627,-11.825998564100246,1.1081851936042
2026-04-16,SBI,1080.25,1076.0922768611338,4.157723138866231,0.38488527089712854
2026-04-17,SBI,1107.8499755859375,1084.4267684697265,23.42320711621096,2.114294140217182
2026-04-20,SBI,1111.8499755859375,1116.3478789618646,-4.497903375927081,0.40454229209806075
2026-04-21,SBI,1103.300048828125,1116.2296313186887,-12.92958249056369,1.1719008355249239
2026-04-22,SBI,1094.25,1101.7584725407576,-7.508472540757566,0.6861752379033645
2026-04-23,SBI,1101.0999755859375,1096.7296641731887,4.370311412748833,0.39690414218956127
2026-04-24,SBI,1111.8499755859375,1100.9887760498452,10.861199536092272,0.9768583688971609
2026-04-27,SBI,1091.300048828125,1115.2060123002161,-23.905963472091116,2.1905949237115996
2026-04-28,SBI,1086.9000244140625,1097.2364965336196,-10.33647211955713,0.9510048658918213
2026-04-29,SBI,1068.449951171875,1094.8042973838062,-26.354346211931215,2.4665962297088218
2026-04-30,SBI,1068.449951171875,1067.5558876509194,0.8940635209555694,0.08367855882954192
2026-05-01,SBI,1068.4000244140625,1074.0274807369335,-5.627456322871012,0.526718101298926
2026-05-04,SBI,1059.9000244140625,1069.3615079641659,-9.461483550103367,0.8926769819949665
2026-05-05,SBI,1096.0,1059.936025741249,36.06397425875093,3.2905086002509973
2026-05-06,SBI,1092.0,1097.0371512788881,-5.037151278888132,0.46127758964177035
2026-05-07,SBI,1019.2999877929688,1092.0820744793625,-72.78208668639377,7.14039905405911
2026-05-08,SBI,973.5999755859376,1025.069286890637,-51.46931130469932,5.286494720146615
2026-05-11,SBI,974.5999755859376,969.1433035576775,5.456672028260073,0.5598883813822667
2026-05-12,SBI,970.0999755859376,986.1544431166892,-16.054467530751594,1.6549291758362061
2026-05-13,SBI,979.9000244140624,975.896173486264,4.003850927798339,0.40859790060648976
2026-05-14,SBI,963.2000122070312,994.5912230839488,-31.391210876917512,3.25905424409092
2026-05-15,SBI,939.4000244140624,967.3925456139743,-27.99252119991195,2.97982972880716
2026-05-18,SBI,948.7999877929688,937.7770901473536,11.022897645615103,1.1617725324023018
2026-05-19,SBI,950.9000244140624,961.1801037774497,-10.280079363387358,1.081089399458357
2026-05-20,SBI,950.9000244140624,960.4542417903606,-9.554217376298197,1.0047551930798861
2026-05-21,SBI,949.2000122070312,958.8137272073001,-9.613715000268826,1.0128228905007606
2026-05-22,SBI,969.5999755859376,957.403129593871,12.196845992066642,1.2579255671593828
2026-05-25,SBI,968.5,975.8553493635402,-7.355349363540199,0.7594578589096747
2026-05-26,SBI,967.7999877929688,974.4856544023893,-6.685666609420537,0.6908107763740466
2026-05-27,SBI,967.7999877929688,974.3767655389764,-6.576777746007679,0.6795596020832539
2026-05-28,SBI,964.4000244140624,973.926454232842,-9.526429818779661,0.9878089566171055
2026-05-29,SBI,954.0999755859376,967.9255948241149,-13.825619238177296,1.4490744777230105
2026-06-01,SBI,956.6500244140624,959.6976082141413,-3.0475838000788826,0.3185683083994582
2026-06-02,SBI,970.4500122070312,958.9828932819383,11.467118925092905,1.1816290154929239
2026-06-03,SBI,979.25,976.7754397952262,2.474560204773752,0.2526995358461835
2026-06-04,SBI,977.7000122070312,990.0504498832677,-12.350437676236425,1.263213411274989
2026-06-05,SBI,981.9500122070312,983.5434926692624,-1.5934804622311276,0.16227714674086313
2026-06-08,SBI,1002.7000122070312,983.8513447265673,18.848667480463973,1.8797912886204513
2026-06-09,SBI,1003.25,1006.2652371165334,-3.015237116533399,0.30054693411745814
2026-06-10,SBI,1000.7000122070312,1002.641475833239,-1.941463626207792,0.19401055286548047
2026-06-11,SBI,1017.1500244140624,1003.4473272321286,13.702697181933786,1.3471657919712814
2026-06-12,SBI,1020.8499755859376,1021.6399374421053,-0.7899618561676789,0.07738275702208487
2026-06-15,SBI,1015.2999877929688,1016.2064885404636,-0.9065007474948743,0.08928403017766215
2026-06-16,SBI,1026.5,1014.6432391452466,11.856760854753361,1.15506681488099
2026-06-17,SBI,1042.699951171875,1021.8549004012788,20.84505077059623,1.9991418190025603
2026-06-18,SBI,1035.0999755859375,1041.059744366817,-5.959768780879585,0.5757674544921081
2026-06-19,SBI,1040.75,1028.676688985825,12.073311014175033,1.160058709024745
2026-06-22,SBI,1024.199951171875,1030.5443655570375,-6.3444143851625086,0.619450760362107
2026-06-23,SBI,1034.5999755859375,1011.9000901187409,22.699885467196623,2.1940736519291644
2026-06-24,SBI,1045.4000244140625,1030.858267238612,14.541757175450584,1.3910232289884545
2026-06-25,SBI,1045.4000244140625,1049.6074857957724,-4.207461381709891,0.40247381705085916
2026-06-26,SBI,1036.0999755859375,1048.8249409682635,-12.72496538232599,1.2281599924881517
2026-06-29,SBI,1026.9000244140625,1027.1074740884862,-0.20744967442374218,0.020201545378491018
2026-06-30,SBI,1047.4000244140625,1014.613677601544,32.786346812518445,3.1302602681205602
2026-07-01,SBI,1051.5999755859375,1050.0962132375653,1.50376234837222,0.142997564024699
2026-07-02,SBI,1040.0,1050.9283997493287,-10.928399749328719,1.0508076682046845
2026-07-03,SBI,1037.699951171875,1031.9092024502904,5.790748721584578,0.5580369079756708
2026-07-06,SBI,1038.0999755859375,1032.4321859265117,5.667789659425807,0.5459772461921812
2026-07-07,SBI,1016.9000244140624,1027.0523657080455,-10.152341293983113,0.9983617907603937
2026-07-08,SBI,1022.0999755859376,1015.4633306759849,6.636644909952679,0.6493146530160222
2026-07-09,SBI,1036.0,1021.0331091969518,14.966890803048159,1.444680579444803
2026-07-10,SBI,1037.0,1035.6063050079213,1.3936949920787356,0.13439681697962735
2026-07-13,SBI,1015.4000244140624,1033.092832001928,-17.69280758786556,1.7424470319542498
2026-07-14,SBI,1030.0999755859375,1014.8153492754983,15.284626310439194,1.4838002788753637
2026-07-15,SBI,1031.199951171875,1034.408806480885,-3.208855309010005,0.31117682902946237
2026-07-16,SBI,1044.300048828125,1033.0015501029393,11.29849872518571,1.0819207312940824
2026-07-17,SBI,1060.0,1051.1652702080848,8.834729791915152,0.8334650747089766
2026-07-20,SBI,1044.4000244140625,1061.3353262591527,-16.93530184509018,1.621534033819212
2026-07-21,SBI,1025.0,1053.8114287926542,-28.81142879265417,2.8108711017223578
2026-07-22,SBI,1012.5999755859376,1017.3802303210244,-4.780254735086828,0.47207731091646027
2026-07-23,SBI,1015.0,1013.3865883602099,1.6134116397901153,0.15895681180198182
2026-07-24,SBI,1020.5999755859376,1013.6073640794665,6.992611506471121,0.6851471363652136
2026-07-27,SBI,1013.2000122070312,1027.063279830885,-13.863267623853744,1.3682656392448806
2026-07-28,SBI,1013.7000122070312,1013.3850716700402,0.3149405369910028,0.031068416020368108
2026-07-29,SBI,1025.300048828125,1015.4567515494643,9.843297278660657,0.9600406524813038
2026-07-30,SBI,1027.4000244140625,1023.614434749522,3.7855896645404528,0.36846306935795686
2026-07-31,SBI,1045.0,1022.5510306290532,22.44896937094677,2.148226734061892
2026-08-03,SBI,1042.699951171875,1053.137959809955,-10.438008638079964,1.001055828798001
2026-08-04,SBI,1055.0,1044.7428603758524,10.257139624147612,0.9722407226680201
2026-08-05,SBI,1085.0,1056.126940447511,28.87305955248894,2.6611114794920683
2026-08-06,SBI,1097.199951171875,1090.744032446822,6.455918725052925,0.5883994725079617
2026-08-07,SBI,1071.0,1095.3334525998905,-24.333452599890506,2.272031055078479
2026-08-10,SBI,1066.0,1073.4184584411914,-7.418458441191433,0.6959154260029488
2026-08-11,SBI,1082.0,1072.8234385855742,9.176561414425805,0.8481110364534016
2026-08-12,SBI,1083.0,1088.603262241324,-5.603262241324046,0.5173834017843071
2026-08-13,SBI,1067.699951171875,1087.670645990183,-19.970694818307948,1.8704407353759567
2026-08-14,SBI,1061.199951171875,1070.7714663445668,-9.571515172691761,0.9019520932056216
2026-08-17,SBI,1053.0,1064.0687371402632,-11.068737140263238,1.0511621215824538
2026-08-18,SBI,1048.5999755859375,1066.0857213658662,-17.48574577992872,1.6675325373871026
2026-08-19,SBI,1048.0,1047.7355549745353,0.26444502546473814,0.025233303956558983
2026-08-20,SBI,1048.699951171875,1047.481883676231,1.2180674956439361,0.11615023861523026
2026-08-21,SBI,1039.5,1048.500506523318,-9.000506523318109,0.8658495933927954
2026-08-24,SBI,1048.0,1034.780033594783,13.219966405217065,1.2614471760703305
2026-08-25,SBI,1052.0,1052.0540700800652,-0.054070080065230286,0.005139741451067517
2026-08-26,SBI,1042.9000244140625,1054.578798232977,-11.678773818914578,1.1198363741026969
2026-08-27,SBI,1047.5,1042.425419844337,5.074580155662943,0.4844467929033836
2026-08-28,SBI,1060.0,1048.4204608694017,11.579539130598278,1.0924093519432336
2026-08-31,SBI,1034.5,1058.078299502584,-23.57829950258406,2.279197631955926
2026-09-01,SBI,1020.9000244140624,1031.6991705153573,-10.799146101294923,1.0578064299188366
2026-09-02,SBI,1023.4000244140624,1013.6420663495096,9.757958064552781,0.9534842516873696
2025-09-22,Sun Pharma,1631.199951171875,1629.2184820288333,1.9814691430417497,0.12147309970296633
2025-09-23,Sun Pharma,1627.0999755859375,1629.8385577166578,-2.7385821307202605,0.16831062453516818
2025-09-24,Sun Pharma,1627.4000244140625,1640.3851848070678,-12.985160393005344,0.7979083321988144
2025-09-25,Sun Pharma,1586.699951171875,1635.1750670420745,-48.47511587019949,3.0550902730158684
2025-09-26,Sun Pharma,1589.300048828125,1586.5947684603912,2.705280367733849,0.17021835302456545
2025-09-29,Sun Pharma,1594.300048828125,1590.5251331518157,3.7749156763093197,0.23677573610337874
2025-09-30,Sun Pharma,1636.199951171875,1589.2269119537677,46.97303921810726,2.8708617907282266
2025-10-01,Sun Pharma,1631.199951171875,1635.0525809267065,-3.8526297548314687,0.23618378311400082
2025-10-03,Sun Pharma,1654.699951171875,1626.0147743234684,28.685176848406627,1.7335576052982595
2025-10-06,Sun Pharma,1653.0999755859375,1629.898105342757,23.201870243180565,1.4035370265465472
2025-10-07,Sun Pharma,1631.5999755859375,1639.0458062220525,-7.4458306361150335,0.4563514799907434
2025-10-08,Sun Pharma,1658.5,1628.1817432104963,30.31825678950372,1.82805286641566
2025-10-09,Sun Pharma,1670.9000244140625,1630.2850863215465,40.61493809251601,2.4307222155172648
2025-10-10,Sun Pharma,1668.4000244140625,1670.8232593633484,-2.4232349492858702,0.14524304206582014
2025-10-13,Sun Pharma,1654.4000244140625,1667.8765977318708,-13.476573317808288,0.8145897678272386
2025-10-14,Sun Pharma,1655.0999755859375,1652.918064301005,2.1819112849325393,0.13182957628647782
2025-10-15,Sun Pharma,1659.0,1657.7606982580076,1.239301741992449,0.07470173248899632
2025-10-16,Sun Pharma,1679.0999755859375,1636.311246606753,42.7887289791845,2.5483133584260207
2025-10-17,Sun Pharma,1688.5999755859375,1681.2299634974997,7.370012088437761,0.4364569581306784
2025-10-20,Sun Pharma,1690.5,1695.966126035273,-5.466126035272964,0.3233437465408438
2025-10-21,Sun Pharma,1689.9000244140625,1695.073827081951,-5.173802667888594,0.30616028126767453
2025-10-23,Sun Pharma,1699.0,1692.1228074040805,6.877192595919496,0.4047788461400527
2025-10-24,Sun Pharma,1693.5999755859375,1696.2336139750428,-2.633638389105272,0.15550533934048433
2025-10-27,Sun Pharma,1687.0,1699.4865989523428,-12.486598952342774,0.7401659130019427
2025-10-28,Sun Pharma,1715.9000244140625,1688.7063755998838,27.193648814178687,1.5848038013441166
2025-10-29,Sun Pharma,1703.4000244140625,1713.6897365461484,-10.289712132085924,0.6040690374902038
2025-10-30,Sun Pharma,1690.699951171875,1695.4413277685908,-4.7413765967157815,0.28043867827815283
2025-10-31,Sun Pharma,1706.4000244140625,1693.4924380107527,12.907586403309779,0.7564220709468132
2025-11-03,Sun Pharma,1690.0,1691.9453145658058,-1.945314565805802,0.11510737075773976
2025-11-04,Sun Pharma,1685.9000244140625,1692.2844026960295,-6.384378281966974,0.378692579009
2025-11-06,Sun Pharma,1691.4000244140625,1674.5269204948447,16.873103919217783,0.9975821021442276
2025-11-07,Sun Pharma,1697.800048828125,1693.8819658904367,3.9180829376882684,0.23077410914157134
2025-11-10,Sun Pharma,1716.0999755859375,1694.4633113787493,21.636664207188232,1.260804412039031
2025-11-11,Sun Pharma,1732.0999755859375,1720.7062128892785,11.393762696658996,0.6578005229060001
2025-11-12,Sun Pharma,1737.4000244140625,1715.533784924016,21.86623949004661,1.258561021226012
2025-11-13,Sun Pharma,1757.0999755859375,1736.5300272969953,20.569948288942214,1.1706760329378971
2025-11-14,Sun Pharma,1763.9000244140625,1761.3528164724778,2.547207941584702,0.14440772755422127
2025-11-17,Sun Pharma,1758.800048828125,1764.929574337696,-6.129525509571067,0.3485061029907932
2025-11-18,Sun Pharma,1784.0999755859375,1761.598759142505,22.50121644343244,1.2612082703516965
2025-11-19,Sun Pharma,1777.4000244140625,1785.2401300935471,-7.840105679484623,0.4410996720937478
2025-11-20,Sun Pharma,1779.699951171875,1775.857492049412,3.8424591224629694,0.215904884412276
2025-11-21,Sun Pharma,1780.800048828125,1794.960571630065,-14.160522801940033,0.7951775838763324
2025-11-24,Sun Pharma,1776.800048828125,1785.4680694508645,-8.668020622739505,0.4878444610836448
2025-11-25,Sun Pharma,1804.9000244140625,1780.835058829738,24.064965584324455,1.3333129402630948
2025-11-26,Sun Pharma,1810.300048828125,1805.9162040021404,4.3838448259846245,0.2421612278485244
2025-11-27,Sun Pharma,1831.5999755859373,1820.3784404218259,11.221535164111401,0.6126629893910968
2025-11-28,Sun Pharma,1807.4000244140625,1832.1517686396735,-24.75174422561099,1.3694668524548246
2025-12-01,Sun Pharma,1799.5,1822.5740639729038,-23.074063972903787,1.2822486231121861
2025-12-02,Sun Pharma,1806.699951171875,1816.636519290669,-9.936568118793957,0.5499844128710374
2025-12-03,Sun Pharma,1818.300048828125,1810.3921858718197,7.90786295630528,0.43490418214539533
2025-12-04,Sun Pharma,1805.300048828125,1811.875485721644,-6.575436893519054,0.36422958597865046
2025-12-05,Sun Pharma,1796.199951171875,1818.1382470701708,-21.93829589829579,1.2213727031883523
2025-12-08,Sun Pharma,1776.0,1814.8950638851156,-38.89506388511563,2.190037380918673
2025-12-09,Sun Pharma,1785.5,1768.2285860760978,17.271413923902173,0.96731525756943
2025-12-10,Sun Pharma,1807.199951171875,1777.1383894209782,30.06156175089677,1.663433076755199
2025-12-11,Sun Pharma,1793.5,1805.8538808574801,-12.353880857480135,0.6888140985492129
2025-12-12,Sun Pharma,1797.0999755859375,1804.4506897468227,-7.350714160885218,0.4090320105028406
2025-12-15,Sun Pharma,1781.300048828125,1808.3947636962237,-27.094714868098663,1.521064061381665
2025-12-16,Sun Pharma,1792.9000244140625,1775.9775308811438,16.92249353291868,0.9438615261578301
2025-12-17,Sun Pharma,1745.9000244140625,1805.7133820242327,-59.813357610170215,3.425932571954917
2025-12-18,Sun Pharma,1744.9000244140625,1750.172005504378,-5.271981090315421,0.30213657037948366
2025-12-19,Sun Pharma,1769.800048828125,1748.1998477368752,21.6002010912498,1.220488218742699
2025-12-22,Sun Pharma,1755.9000244140625,1760.9425146565022,-5.042490242439726,0.2871741085670516
2025-12-23,Sun Pharma,1737.0,1770.1418375376836,-33.141837537683614,1.9079929497802888
2025-12-24,Sun Pharma,1719.5,1739.1208865251401,-19.620886525140122,1.1410809261494692
2025-12-26,Sun Pharma,1717.199951171875,1711.9081118696006,5.291839302274411,0.3081667512663905
2025-12-29,Sun Pharma,1720.199951171875,1718.8242601118598,1.3756910600152423,0.07997274148729407
2025-12-30,Sun Pharma,1719.699951171875,1718.4399430313624,1.260008140512582,0.07326906880784408
2025-12-31,Sun Pharma,1721.0999755859375,1721.5122979472922,-0.4123223613546543,0.0239569093721172
2026-01-01,Sun Pharma,1728.0,1716.0813330902913,11.91866690970869,0.6897376683859197
2026-01-02,Sun Pharma,1728.9000244140625,1722.0194127576754,6.880611656387146,0.3979762600049149
2026-01-05,Sun Pharma,1760.199951171875,1722.0988897740544,38.10106139782056,2.164587118210877
2026-01-06,Sun Pharma,1782.5999755859375,1760.681570317358,21.91840526857959,1.2295750908094256
2026-01-07,Sun Pharma,1760.699951171875,1788.260552283382,-27.560601111506912,1.5653207176590942
2026-01-08,Sun Pharma,1729.9000244140625,1761.7213494216612,-31.821325007598716,1.8394892513153744
2026-01-09,Sun Pharma,1736.0,1721.376435049734,14.623564950265973,0.8423712528955053
2026-01-12,Sun Pharma,1728.699951171875,1727.9952001378895,0.7047510339855307,0.04076768981845486
2026-01-13,Sun Pharma,1700.699951171875,1717.2715517625,-16.57160059062494,0.9743988396781103
2026-01-14,Sun Pharma,1700.699951171875,1701.069249026611,-0.3692978547360326,0.021714462594155205
2026-01-15,Sun Pharma,1668.9000244140625,1704.841282227404,-35.94125781334151,2.153589627153382
2026-01-16,Sun Pharma,1675.4000244140625,1670.3811528671806,5.018871546881883,0.29956258050295376
2026-01-19,Sun Pharma,1613.800048828125,1672.2914683330234,-58.49141950489843,3.624452703875705
2026-01-20,Sun Pharma,1612.9000244140625,1628.713905444753,-15.813881030690482,0.9804625699869637
2026-01-21,Sun Pharma,1634.199951171875,1612.5085811796237,21.69136999225134,1.3273387982111116
2026-01-22,Sun Pharma,1631.9000244140625,1618.146040123688,13.753984290374547,0.8428202760345535
2026-01-23,Sun Pharma,1638.9000244140625,1618.4353673003777,20.46465711368478,1.2486824582848657
2026-01-27,Sun Pharma,1610.5999755859375,1618.0703657879012,-7.47039020196371,0.4638265438471757
2026-01-28,Sun Pharma,1589.300048828125,1618.0319365207552,-28.731887692630153,1.8078328075189887
2026-01-29,Sun Pharma,1595.300048828125,1588.4945867399883,6.8054620881366645,0.42659448880076317
2026-01-30,Sun Pharma,1627.9000244140625,1591.4360531630182,36.46397125104431,2.2399392287108637
2026-02-02,Sun Pharma,1702.0999755859375,1625.137238939544,76.96273664639352,4.521634319388293
2026-02-03,Sun Pharma,1704.4000244140625,1700.2113578335752,4.188666580487279,0.2457560737202674
2026-02-04,Sun Pharma,1702.5999755859375,1708.276942869344,-5.676967283406611,0.3334293060501733
2026-02-05,Sun Pharma,1695.0999755859375,1697.201390846139,-2.10141526020152,0.12396998940874465
2026-02-06,Sun Pharma,1704.5999755859375,1702.807391879953,1.792583705984498,0.1051615470878038
2026-02-09,Sun Pharma,1707.800048828125,1715.8075389253725,-8.007490097247455,0.46887749550903884
2026-02-10,Sun Pharma,1711.0999755859375,1721.5115637511199,-10.411588165182366,0.6084733980325779
2026-02-11,Sun Pharma,1714.9000244140625,1727.5949509498341,-12.694926535771629,0.7402721065392229
2026-02-12,Sun Pharma,1697.5,1727.3000024206601,-29.80000242066012,1.7555229702892559
2026-02-13,Sun Pharma,1700.5,1690.6810282575173,9.818971742482745,0.5774167446329165
2026-02-16,Sun Pharma,1717.0999755859375,1694.6925990272832,22.407376558654278,1.3049546838999901
2026-02-17,Sun Pharma,1724.4000244140625,1722.4999314938843,1.9000929201781673,0.11018863913689655
2026-02-18,Sun Pharma,1713.4000244140625,1725.53911066167,-12.139086247607565,0.7084794020449959
2026-02-19,Sun Pharma,1724.4000244140625,1723.2694979639218,1.1305264501406782,0.06556056797347948
2026-02-20,Sun Pharma,1732.300048828125,1720.4784672437881,11.821581584336855,0.682421130931329
2026-02-23,Sun Pharma,1731.800048828125,1726.8816379093894,4.918410918735617,0.28400570389542423
2026-02-24,Sun Pharma,1764.199951171875,1727.9327310123786,36.267220159496446,2.0557318423802156
2026-02-25,Sun Pharma,1785.699951171875,1756.392163921733,29.307787250141928,1.6412492608799445
2026-02-26,Sun Pharma,1737.0,1784.859829769795,-47.85982976979494,2.7553154732179013
2026-02-27,Sun Pharma,1752.5,1738.1121645101628,14.387835489837244,0.820989186295991
2026-03-02,Sun Pharma,1750.5,1753.3744813311378,-2.8744813311377584,0.16420915916239695
2026-03-04,Sun Pharma,1784.5,1758.2796878091267,26.2203121908733,1.4693366315983918
2026-03-05,Sun Pharma,1799.4000244140625,1786.4585590588706,12.941465355191895,0.7192100244305607
2026-03-06,Sun Pharma,1807.4000244140625,1810.8295176716958,-3.4294932576333395,0.18974732827864935
2026-03-09,Sun Pharma,1812.800048828125,1809.731858190677,3.0681906374479695,0.16925146485026768
2026-03-10,Sun Pharma,1825.9000244140625,1814.2896398198054,11.610384594257084,0.6358718680658815
2026-03-11,Sun Pharma,1825.300048828125,1832.3976687625923,-7.097619934467275,0.38884675092317417
2026-03-12,Sun Pharma,1801.5999755859373,1828.4550589262349,-26.855083340297597,1.4906240954828762
2026-03-13,Sun Pharma,1783.199951171875,1820.488915179263,-37.288964007387904,2.091126347490225
2026-03-16,Sun Pharma,1794.4000244140625,1770.6984707132451,23.701553700817385,1.3208623148874963
2026-03-17,Sun Pharma,1778.300048828125,1809.1391236230854,-30.839074794960425,1.7341884917161727
2026-03-18,Sun Pharma,1744.4000244140625,1768.2363158969708,-23.836291482908337,1.3664464084672814
2026-03-19,Sun Pharma,1777.0999755859375,1736.9181398756364,40.18183571030113,2.261090330444271
2026-03-20,Sun Pharma,1758.4000244140625,1782.8913225532597,-24.49129813919717,1.3928172087780883
2026-03-23,Sun Pharma,1753.300048828125,1760.8323812872393,-7.532332459114286,0.4296088661007433
2026-03-24,Sun Pharma,1795.4000244140625,1762.6872875591307,32.71273685493179,1.8220305452879646
2026-03-25,Sun Pharma,1793.5999755859375,1803.8151393626044,-10.215163776666941,0.5695341166209498
2026-03-27,Sun Pharma,1757.199951171875,1799.267872758543,-42.067921586668035,2.3940315704318667
2026-03-30,Sun Pharma,1728.5,1756.080443436899,-27.58044343689903,1.5956287785304617
2026-04-01,Sun Pharma,1693.5999755859375,1722.689849726713,-29.089874140775464,1.7176354841828099
2026-04-02,Sun Pharma,1694.5999755859375,1697.1625694571596,-2.562593871222134,0.15122116771753596
2026-04-06,Sun Pharma,1718.0,1698.6963893951004,19.30361060489963,1.1236094647787913
2026-04-07,Sun Pharma,1714.5999755859375,1718.643626843625,-4.043651257687543,0.23583642337949348
2026-04-08,Sun Pharma,1717.0999755859375,1722.532228799128,-5.432253213190506,0.3163620808588517
2026-04-09,Sun Pharma,1654.9000244140625,1720.2433583732532,-65.34333395919066,3.9484762218386127
2026-04-10,Sun Pharma,1652.199951171875,1650.4852836140303,1.7146675578446775,0.10378087450181167
2026-04-13,Sun Pharma,1696.5999755859375,1655.5180911028906,41.081884483046906,2.421424323601023
2026-04-15,Sun Pharma,1693.0999755859375,1696.2462606181546,-3.1462850322170652,0.18582984333977198
2026-04-16,Sun Pharma,1675.5,1707.5991119299974,-32.099111929997434,1.9157930128318372
2026-04-17,Sun Pharma,1668.5999755859375,1674.7570671336134,-6.157091547675918,0.3689974612107868
2026-04-20,Sun Pharma,1665.199951171875,1669.9761336866673,-4.776182514792254,0.28682336385075213
2026-04-21,Sun Pharma,1669.800048828125,1672.029475629956,-2.229426801831096,0.13351459675640326
2026-04-22,Sun Pharma,1680.0999755859375,1667.7765163875208,12.323459198416685,0.733495588208604
2026-04-23,Sun Pharma,1620.4000244140625,1682.7317800755964,-62.33175566153386,3.8466893805480566
2026-04-24,Sun Pharma,1733.5,1634.2100227918763,99.28997720812367,5.727717173817345
2026-04-27,Sun Pharma,1747.300048828125,1725.602981602963,21.697067225162073,1.2417482183276884
2026-04-28,Sun Pharma,1778.699951171875,1761.1880119980838,17.511939173791234,0.9845358775803476
2026-04-29,Sun Pharma,1808.300048828125,1784.2283907547057,24.071658073419258,1.3311761003943443
2026-04-30,Sun Pharma,1808.300048828125,1807.5193089460008,0.7807398821241804,0.043175350386687295
2026-05-01,Sun Pharma,1823.5,1798.0782670029478,25.42173299705223,1.3941175210886882
2026-05-04,Sun Pharma,1820.800048828125,1831.6601150055026,-10.860066177377576,0.5964447433076006
2026-05-05,Sun Pharma,1850.199951171875,1815.2154107334345,34.98454043844049,1.890851873403308
2026-05-06,Sun Pharma,1834.4000244140625,1857.88450374993,-23.48447933586749,1.2802267239049356
2026-05-07,Sun Pharma,1847.9000244140625,1844.0913647351915,3.8086596788709812,0.2061074532470252
2026-05-08,Sun Pharma,1872.699951171875,1855.6977463474805,17.00220482439454,0.9078979691196719
2026-05-11,Sun Pharma,1845.699951171875,1872.1872361237756,-26.48728495190062,1.4350807635381508
2026-05-12,Sun Pharma,1824.800048828125,1863.1262056247183,-38.326156796593295,2.100293499071644
2026-05-13,Sun Pharma,1863.199951171875,1833.9159528353907,29.283998336484274,1.571704546152755
2026-05-14,Sun Pharma,1878.199951171875,1867.4103322164904,10.78961895538464,0.5744659373807681
2026-05-15,Sun Pharma,1905.800048828125,1879.9786886819304,25.821360146194593,1.3548829617289668
2026-05-18,Sun Pharma,1882.300048828125,1901.170692471661,-18.870643643535914,1.0025311137448212
2026-05-19,Sun Pharma,1880.300048828125,1881.5970236112923,-1.296974783167343,0.06897701161980331
2026-05-20,Sun Pharma,1891.300048828125,1878.2811898849864,13.018858943138639,0.6883550260153221
2026-05-21,Sun Pharma,1844.5999755859373,1876.827126225303,-32.22715063936562,1.7471078318283433
2026-05-22,Sun Pharma,1840.5999755859373,1853.5788601720983,-12.97888458616103,0.7051442333106261
2026-05-25,Sun Pharma,1840.800048828125,1848.1514071266813,-7.351358298556306,0.39935669836798776
2026-05-26,Sun Pharma,1844.300048828125,1846.5090447877142,-2.208995959589174,0.11977421792038548
2026-05-27,Sun Pharma,1844.300048828125,1858.9274710059465,-14.627422177821472,0.7931151000682232
2026-05-28,Sun Pharma,1799.199951171875,1836.1002434099034,-36.90029223802844,2.050927814554137
2026-05-29,Sun Pharma,1796.5,1819.7128585031094,-23.212858503109373,1.2921156973620582
2026-06-01,Sun Pharma,1789.9000244140625,1808.4036961384395,-18.503671724377,1.0337824164472158
2026-06-02,Sun Pharma,1788.5,1792.5816949679233,-4.08169496792334,0.22821889672481635
2026-06-03,Sun Pharma,1780.0999755859375,1799.2731176917764,-19.173142105838906,1.0770823194651118
2026-06-04,Sun Pharma,1782.199951171875,1771.9730072703248,10.226943901550158,0.5738381877311517
2026-06-05,Sun Pharma,1788.800048828125,1782.8335990386377,5.966449789487342,0.3335448136529329
2026-06-08,Sun Pharma,1779.0,1800.4582097759499,-21.458209775949854,1.2061950408066247
2026-06-09,Sun Pharma,1786.4000244140625,1770.313111620547,16.086912793515467,0.9005213039443368
2026-06-10,Sun Pharma,1794.199951171875,1786.917237112653,7.282714059221917,0.40590314666240174
2026-06-11,Sun Pharma,1807.699951171875,1811.390190639981,-3.6902394681060287,0.20414004357934304
2026-06-12,Sun Pharma,1806.0,1813.5453149458046,-7.545314945804648,0.4177915252383526
2026-06-15,Sun Pharma,1800.699951171875,1821.5798283863105,-20.87987721443551,1.1595422769266541
2026-06-16,Sun Pharma,1820.4000244140625,1821.676019238071,-1.2759948240084213,0.07009419945592066
2026-06-17,Sun Pharma,1824.800048828125,1815.2319176967712,9.568131131353766,0.5243386056186463
2026-06-18,Sun Pharma,1838.300048828125,1840.3835256629,-2.083476834774956,0.11333714733365349
2026-06-19,Sun Pharma,1862.9000244140625,1844.0620351436894,18.8379892703731,1.0112184778299205
2026-06-22,Sun Pharma,1868.0,1863.2329002442616,4.7670997557384,0.2551980597290364
2026-06-23,Sun Pharma,1874.4000244140625,1867.02026864965,7.379755764412494,0.3937129571218078
2026-06-24,Sun Pharma,1862.800048828125,1875.9593118640882,-13.15926303596325,0.7064238077641051
2026-06-25,Sun Pharma,1862.800048828125,1857.9463590067544,4.853689821370608,0.2605588197414978
2026-06-26,Sun Pharma,1874.800048828125,1846.7730274611126,28.027021367012367,1.4949338935920726
2026-06-29,Sun Pharma,1862.5,1880.0206113165762,-17.52061131657615,0.9407039633061021
2026-06-30,Sun Pharma,1866.199951171875,1860.1238070001448,6.0761441717302205,0.32558912928460443
2026-07-01,Sun Pharma,1871.0,1872.6396382436192,-1.6396382436191743,0.08763432622229686
2026-07-02,Sun Pharma,1904.800048828125,1886.6262755742255,18.173773253899526,0.9541039892917071
2026-07-03,Sun Pharma,1912.800048828125,1910.479049621702,2.320999206423039,0.12134039874397728
2026-07-06,Sun Pharma,1903.4000244140625,1918.0049116793123,-14.604887265249772,0.7673051948050543
2026-07-07,Sun Pharma,1888.199951171875,1906.899848544775,-18.699897372900068,0.9903557809804167
2026-07-08,Sun Pharma,1938.699951171875,1903.0978011112616,35.60215006061344,1.8363929931030951
2026-07-09,Sun Pharma,1935.5,1932.5361284267833,2.963871573216693,0.15313208851545818
2026-07-10,Sun Pharma,1921.4000244140625,1940.9483940780933,-19.548369664030815,1.0174023844926388
2026-07-13,Sun Pharma,1942.5999755859373,1918.8865763817746,23.71339920416267,1.2207041852252731
2026-07-14,Sun Pharma,1951.5,1938.23398585364,13.266014146360021,0.6797855058344874
2026-07-15,Sun Pharma,1950.0999755859373,1946.6890701773036,3.4109054086336528,0.174909258568079
2026-07-16,Sun Pharma,1932.5999755859373,1936.0892399730458,-3.4892643871085056,0.18054767831871724
2026-07-17,Sun Pharma,1956.4000244140625,1933.0785754587498,23.32144895531269,1.1920593265325383
2026-07-20,Sun Pharma,1961.9000244140625,1945.7454043002538,16.154620113808733,0.8234170912268296
2026-07-21,Sun Pharma,1943.0,1943.2245052637716,-0.22450526377156166,0.011554568387625407
2026-07-22,Sun Pharma,1954.0,1941.3777834495666,12.62221655043345,0.6459680936762257
2026-07-23,Sun Pharma,1941.0999755859373,1937.6781646565362,3.42181092940109,0.17628205514598433
2026-07-24,Sun Pharma,1973.699951171875,1934.1412561140785,39.55869505779651,2.0042912315171675
2026-07-27,Sun Pharma,1976.699951171875,1950.0373462598006,26.662604912074357,1.3488443148019298
2026-07-28,Sun Pharma,1989.9000244140625,1947.4300408580739,42.46998355598862,2.134277251868176
2026-07-29,Sun Pharma,2001.0999755859373,1940.805222315662,60.29475327027535,3.0130805060162267
2026-07-30,Sun Pharma,1990.5,2028.424053875877,-37.92405387587701,1.905252643852148
2026-07-31,Sun Pharma,1963.5,1888.7712948526053,74.72870514739475,3.8058928009877637
2026-08-03,Sun Pharma,1964.0,1927.2978574561043,36.70214254389566,1.8687445287115918
2026-08-04,Sun Pharma,1940.0,1929.3655819606456,10.634418039354387,0.5481658783172364
2026-08-05,Sun Pharma,1951.0,1932.2985457157304,18.70145428426963,0.9585573697729179
2026-08-06,Sun Pharma,1945.0,1932.2646140473264,12.735385952673596,0.6547756273868173
2026-08-07,Sun Pharma,1944.4000244140625,1933.2414424219585,11.158581992104018,0.5738830411435843
2026-08-10,Sun Pharma,1942.0,1932.559036341266,9.440963658734063,0.4861464293889836
2026-08-11,Sun Pharma,1944.0,1934.1133149961338,9.886685003866205,0.508574331474599
2026-08-12,Sun Pharma,1932.0,1930.3853166766432,1.6146833233567577,0.08357574137457338
2026-08-13,Sun Pharma,1930.0,1921.1928391727322,8.807160827267808,0.45632957654237344
2026-08-14,Sun Pharma,1882.0,1925.9571106211483,-43.95711062114833,2.33565943789311
2026-08-17,Sun Pharma,1875.0999755859373,1903.4777037482884,-28.377728162351104,1.513398140463606
2026-08-18,Sun Pharma,1900.0,1880.5809325727712,19.41906742722881,1.0220561803804638
2026-08-19,Sun Pharma,1904.0,1917.7232604974,-13.723260497399906,0.7207594799054573
2026-08-20,Sun Pharma,1902.4000244140625,1912.6773711262786,-10.277346712216058,0.5402305813879219
2026-08-21,Sun Pharma,1910.0,1910.0577052333956,-0.05770523339560896,0.003021216408147066
2026-08-24,Sun Pharma,1922.0,1919.5920496705182,2.407950329481764,0.12528357593557565
2026-08-25,Sun Pharma,1899.5,1919.032102920382,-19.53210292038193,1.0282760158137367
2026-08-26,Sun Pharma,1913.300048828125,1909.216159426739,4.083889401385932,0.21344741008537935
2026-08-27,Sun Pharma,1920.0,1918.8272840733675,1.1727159266324634,0.06107895451210747
2026-08-28,Sun Pharma,1984.800048828125,1920.1874451072363,64.61260372088873,3.2553709256021834
2026-08-31,Sun Pharma,1929.0,1961.0774520514208,-32.07745205142078,1.6629057569424974
2026-09-01,Sun Pharma,1931.699951171875,1901.432995635065,30.266955536809974,1.5668559456373328
2026-09-02,Sun Pharma,1916.0,1929.813292998178,-13.813292998177985,0.7209443109696234
2025-09-22,TCS,3062.39990234375,3085.4824057862343,-23.082503442484267,0.7537390340438069
2025-09-23,TCS,3035.39990234375,3070.4106827537817,-35.01078041003166,1.1534157454178764
2025-09-24,TCS,2957.39990234375,3040.9055355565088,-83.50563321275877,2.823616554074417
2025-09-25,TCS,2899.10009765625,2969.999981146435,-70.89988349018495,2.4455824601400717
2025-09-26,TCS,2896.10009765625,2858.8991924205957,37.20090523565432,1.2845172466849537
2025-09-29,TCS,2888.39990234375,2865.139079914397,23.260822429353084,0.8053186267759678
2025-09-30,TCS,2914.199951171875,2847.662180979672,66.53777019220297,2.2832259730649715
2025-10-01,TCS,2901.89990234375,2888.3339972404938,13.565905103256227,0.4674835645536768
2025-10-03,TCS,2988.39990234375,2867.344969955687,121.05493238806321,4.0508277454139225
2025-10-06,TCS,2973.699951171875,3007.337064948302,-33.63711377642721,1.1311535907707
2025-10-07,TCS,3027.199951171875,2987.685765510544,39.514185661330885,1.3053047799513324
2025-10-08,TCS,3061.699951171875,3009.70020050566,51.99975066621482,1.6983947315383325
2025-10-09,TCS,3028.300048828125,3090.9969934948076,-62.69694466668261,2.0703676536591784
2025-10-10,TCS,3007.199951171875,3012.6951616707506,-5.495210498875622,0.18273512197731295
2025-10-13,TCS,2960.300048828125,3032.7183907047065,-72.41834187658151,2.4463176259869095
2025-10-14,TCS,2969.800048828125,2962.968108101384,6.831940726740868,0.23004716191033578
2025-10-15,TCS,2970.699951171875,2993.413504838819,-22.71355366694388,0.7645859238656495
2025-10-16,TCS,2962.199951171875,2993.003164953718,-30.80321378184317,1.0398762504083197
2025-10-17,TCS,3015.199951171875,2979.116338394804,36.08361277707081,1.1967237119066252
2025-10-20,TCS,3006.699951171875,3031.823674606504,-25.123723434629028,0.835591307501001
2025-10-21,TCS,3073.199951171875,3036.4970601831155,36.702890988759464,1.1942890658567102
2025-10-23,TCS,3063.199951171875,3088.907164899197,-25.70721372732214,0.839227413720983
2025-10-24,TCS,3084.89990234375,3070.647588609694,14.25231373405586,0.4620024696174964
2025-10-27,TCS,3057.89990234375,3089.601591719373,-31.70168937562312,1.0367144245410103
2025-10-28,TCS,3057.60009765625,3083.16123030586,-25.561132649610045,0.8359867815677886
2025-10-29,TCS,3035.300048828125,3074.091694839991,-38.79164601186585,1.2780168480161496
2025-10-30,TCS,3058.0,3046.7087563724035,11.291243627596486,0.3692362206539073
2025-10-31,TCS,3016.800048828125,3103.4623838989437,-86.6623350708187,2.8726575731952355
2025-11-03,TCS,2990.199951171875,3037.8717421651813,-47.67179099330633,1.5942676667700266
2025-11-04,TCS,3010.89990234375,3018.167234557202,-7.267332213451937,0.24136744658282686
2025-11-06,TCS,2991.800048828125,3045.8357353586744,-54.035686530549356,1.8061262667508446
2025-11-07,TCS,3025.199951171875,3031.5078497270315,-6.307898555156498,0.20851178953354804
2025-11-10,TCS,3047.0,3023.6736917325143,23.32630826748573,0.7655499923690755
2025-11-11,TCS,3131.800048828125,3038.450847485951,93.34920134217418,2.9806884183779268
2025-11-12,TCS,3105.699951171875,3143.357186462832,-37.65723529095703,1.2125200722222962
2025-11-13,TCS,3106.0,3114.525991353852,-8.525991353852078,0.2745006875032865
2025-11-14,TCS,3102.199951171875,3115.012428374155,-12.812477202280206,0.4130126169797732
2025-11-17,TCS,3087.10009765625,3072.5228597672553,14.57723788899466,0.47219842013097696
2025-11-18,TCS,3147.699951171875,3079.421894352299,68.2780568195758,2.1691412103671497
2025-11-19,TCS,3144.800048828125,3155.881404549807,-11.08135572168203,0.3523707564750062
2025-11-20,TCS,3150.60009765625,3143.5762500527444,7.023847603505601,0.22293681793289738
2025-11-21,TCS,3141.199951171875,3139.857888624475,1.342062547400019,0.04272451828159939
2025-11-24,TCS,3119.199951171875,3119.706136156572,-0.506184984697029,0.016228039004259943
2025-11-25,TCS,3162.89990234375,3120.1746088204986,42.725293523251366,1.3508266098333168
2025-11-26,TCS,3136.60009765625,3162.6027388236153,-26.002641167365255,0.8290072166609671
2025-11-27,TCS,3137.5,3139.7162858374313,-2.2162858374313146,0.0706385924280897
2025-11-28,TCS,3133.39990234375,3140.421260157713,-7.0213578139628225,0.22408112698002322
2025-12-01,TCS,3135.699951171875,3129.097558477609,6.6023926942662,0.21055562703946695
2025-12-02,TCS,3180.0,3119.568208680763,60.43179131923716,1.9003707962024263
2025-12-03,TCS,3229.199951171875,3168.574752166114,60.625199005760805,1.8774061663093966
2025-12-04,TCS,3238.199951171875,3240.8193151878345,-2.6193640159594906,0.08088950822853193
2025-12-05,TCS,3236.5,3228.3230816059117,8.176918394088261,0.25264694559209827
2025-12-08,TCS,3208.300048828125,3212.620654829134,-4.320606001008855,0.13466963610797608
2025-12-09,TCS,3189.199951171875,3198.735782445267,-9.535831273391977,0.2990038699169058
2025-12-10,TCS,3191.89990234375,3196.4498212414887,-4.549918897738735,0.14254578893272365
2025-12-11,TCS,3220.5,3204.154719708251,16.345280291749077,0.5075385900248122
2025-12-12,TCS,3230.199951171875,3250.6705422163664,-20.470591044491357,0.6337251982517332
2025-12-15,TCS,3205.10009765625,3244.2132800880504,-39.113182431800396,1.2203419936994218
2025-12-16,TCS,3217.800048828125,3222.1194095641126,-4.31936073598763,0.13423334795338437
2025-12-17,TCS,3280.800048828125,3258.490182375115,22.309866453009818,0.6800129883251715
2025-12-18,TCS,3282.0,3268.26552347231,13.734476527689822,0.4184788704353998
2025-12-19,TCS,3324.89990234375,3276.6970418842284,48.20286045952162,1.4497537332039083
2025-12-22,TCS,3310.0,3325.6991441092086,-15.699144109208646,0.4742943839640074
2025-12-23,TCS,3319.0,3323.99150723894,-4.991507238939903,0.15039190234829475
2025-12-24,TCS,3280.0,3319.966811791196,-39.96681179119605,1.2185003594876846
2025-12-26,TCS,3251.5,3269.2981468276544,-17.798146827654364,0.5473826488591224
2025-12-29,TCS,3246.800048828125,3230.9530159553537,15.847032872771251,0.48808157676635977
2025-12-30,TCS,3206.199951171875,3228.894226606231,-22.69427543435586,0.7078247077528973
2025-12-31,TCS,3227.39990234375,3205.8993464909104,21.500555852839625,0.6661881546574331
2026-01-01,TCS,3250.699951171875,3257.4729359998955,-6.772984828020526,0.20835465991190205
2026-01-02,TCS,3216.10009765625,3251.7496036950656,-35.649506038815616,1.108470039996435
2026-01-05,TCS,3255.800048828125,3211.755593811769,44.044455016356096,1.352799752927371
2026-01-06,TCS,3295.60009765625,3242.907700484256,52.69239717199389,1.5988710890458897
2026-01-07,TCS,3203.89990234375,3294.627772265546,-90.7278699217959,2.8317947715977554
2026-01-08,TCS,3207.800048828125,3249.8314021097945,-42.03135328166945,1.3102859480603963
2026-01-09,TCS,3239.60009765625,3210.5682200740353,29.031877582214747,0.896156213948086
2026-01-12,TCS,3268.0,3241.940497493683,26.05950250631713,0.7974143973781251
2026-01-13,TCS,3192.5,3276.2015883791573,-83.70158837915733,2.621819526363581
2026-01-14,TCS,3192.5,3209.877916462256,-17.377916462256053,0.5443356761865639
2026-01-15,TCS,3206.699951171875,3217.3519464431815,-10.651995271306532,0.33217935676874927
2026-01-16,TCS,3163.60009765625,3205.442650971245,-41.8425533149948,1.3226246056192064
2026-01-19,TCS,3102.300048828125,3184.6131510254245,-82.31310219729949,2.6532927473728
2026-01-20,TCS,3122.60009765625,3093.3380350715183,29.262062584731666,0.937105670581868
2026-01-21,TCS,3150.39990234375,3141.760653205996,8.639249137754177,0.2742270634063625
2026-01-22,TCS,3162.5,3163.359785672562,-0.859785672561884,0.02718689873713467
2026-01-23,TCS,3158.0,3177.8970940705785,-19.897094070578532,0.6300536437801942
2026-01-27,TCS,3200.10009765625,3154.0169094353355,46.08318822091451,1.4400545862507796
2026-01-28,TCS,3144.39990234375,3212.6319799069147,-68.2320775631647,2.169955466297603
2026-01-29,TCS,3123.89990234375,3164.9794154148753,-41.07951307112535,1.3150073419543586
2026-01-30,TCS,3169.60009765625,3128.3619292528647,41.238168403385316,1.3010527237766916
2026-02-02,TCS,3225.300048828125,3190.3154063853026,34.984642442822405,1.0846941962976022
2026-02-03,TCS,2999.10009765625,3258.6531336744183,-259.5530360181683,8.654363894723119
2026-02-04,TCS,2991.5,3003.985356967746,-12.485356967746156,0.41736108867612093
2026-02-05,TCS,2941.60009765625,3012.8911107321874,-71.29101307593737,2.4235453735787953
2026-02-06,TCS,2948.199951171875,2929.7206755947645,18.479275577110457,0.6267985850065956
2026-02-09,TCS,2984.60009765625,2959.9332000799373,24.66689757631275,0.8264724508882512
2026-02-10,TCS,2909.800048828125,3011.964271120157,-102.16422229203181,3.5110392665357466
2026-02-11,TCS,2750.10009765625,2897.6862666184406,-147.58616896219064,5.366574441707403
2026-02-12,TCS,2692.199951171875,2736.0156363712986,-43.81568519942357,1.627504865689907
2026-02-13,TCS,2706.60009765625,2656.9844650912246,49.61563256502541,1.8331349580600957
2026-02-16,TCS,2717.39990234375,2675.3864964865784,42.01340585717162,1.5460884436234494
2026-02-17,TCS,2694.89990234375,2677.3543364062184,17.54556593753159,0.65106558957059
2026-02-18,TCS,2677.89990234375,2656.970683275129,20.929219068621023,0.7815534497874012
2026-02-19,TCS,2686.199951171875,2647.8834760964423,38.31647507543266,1.4264193199287645
2026-02-20,TCS,2676.300048828125,2649.01297629051,27.28707253761513,1.0195819616549855
2026-02-23,TCS,2573.699951171875,2653.0595744210586,-79.35962324918364,3.0834838852543425
2026-02-24,TCS,2629.300048828125,2557.1267986834323,72.1732501446927,2.744960590437756
2026-02-25,TCS,2647.699951171875,2604.009668899202,43.6902822726729,1.6501221089397056
2026-02-26,TCS,2637.39990234375,2614.186949697908,23.21295264584205,0.8801453516857131
2026-02-27,TCS,2613.5,2617.4375370718776,-3.937537071877614,0.15066145291286068
2026-03-02,TCS,2587.800048828125,2595.0893199970683,-7.289271168943287,0.2816782993819095
2026-03-04,TCS,2578.800048828125,2574.044159474727,4.7558893533978335,0.18442257109305685
2026-03-05,TCS,2557.60009765625,2557.604054927188,-0.003957270937917201,0.00015472594568414314
2026-03-06,TCS,2527.39990234375,2503.012086217901,24.387816125848985,0.9649369734972798
2026-03-09,TCS,2513.10009765625,2485.347350647369,27.752747008881215,1.1043231837348537
2026-03-10,TCS,2464.89990234375,2454.5774245175444,10.322477826205613,0.4187787835274968
2026-03-11,TCS,2442.39990234375,2441.9782712372507,0.4216311064992624,0.0172629840876861
2026-03-12,TCS,2410.5,2410.9760403364444,-0.4760403364443846,0.019748613832996666
2026-03-13,TCS,2409.199951171875,2374.4354417645595,34.76450940731547,1.442989793786333
2026-03-16,TCS,2391.699951171875,2369.1884937164855,22.511457455389518,0.9412325088838778
2026-03-17,TCS,2440.800048828125,2353.939168566536,86.86088026158905,3.558705282036217
2026-03-18,TCS,2356.0,2425.5641334627926,-69.5641334627926,2.952637243751808
2026-03-19,TCS,2390.60009765625,2350.718257783649,39.88183987260118,1.6682773464161333
2026-03-20,TCS,2383.800048828125,2360.338917006714,23.461131821411072,0.9841904245678891
2026-03-23,TCS,2398.800048828125,2342.657801836482,56.14224699164288,2.3404304589317393
2026-03-24,TCS,2377.39990234375,2361.5436266734046,15.85627567034544,0.6669587079024272
2026-03-25,TCS,2389.800048828125,2345.989941255879,43.810107572246125,1.8332122636673758
2026-03-27,TCS,2358.89990234375,2351.2083196267963,7.69158271695369,0.3260665155529281
2026-03-30,TCS,2408.199951171875,2334.189751429544,74.01019974233122,3.0732580866599752
2026-04-01,TCS,2450.699951171875,2382.3466268107677,68.3533243611073,2.7891347665152613
2026-04-02,TCS,2473.89990234375,2417.059474572336,56.84042777141394,2.297604188332917
2026-04-06,TCS,2539.800048828125,2427.8159607447483,111.98408808337672,4.40916945942444
2026-04-07,TCS,2559.199951171875,2470.726254809274,88.473696362601,3.4570841689055323
2026-04-08,TCS,2589.0,2489.7934777594323,99.20652224056766,3.8318471317330114
2026-04-09,TCS,2524.300048828125,2564.0836305380158,-39.78358170989077,1.5760242815967858
2026-04-10,TCS,2472.60009765625,2486.878458425203,-14.278360768953007,0.577463407143246
2026-04-13,TCS,2554.89990234375,2436.442521306855,118.45738103689519,4.63647835784986
2026-04-15,TCS,2576.89990234375,2490.9371715300113,85.96273081373874,3.335897166030922
2026-04-16,TCS,2581.5,2550.3787743263006,31.121225673699428,1.205548157028837
2026-04-17,TCS,2579.60009765625,2554.3734184377117,25.226679218538266,0.9779298442986762
2026-04-20,TCS,2610.5,2553.892458870676,56.60754112932409,2.1684558946303043
2026-04-21,TCS,2538.5,2595.9143859991136,-57.41438599911362,2.26174457353215
2026-04-22,TCS,2521.800048828125,2495.3798822970098,26.42016653111523,1.0476709500974362
2026-04-23,TCS,2396.89990234375,2480.9342146418057,-84.03431229805574,3.5059583512805372
2026-04-24,TCS,2447.60009765625,2380.1001290241575,67.49996863209253,2.7578021710625245
2026-04-27,TCS,2444.699951171875,2425.0443583537144,19.655592818160585,0.8040083941073674
2026-04-28,TCS,2474.699951171875,2434.704300764074,39.995650407800895,1.6161818077727468
2026-04-29,TCS,2473.89990234375,2446.375893681479,27.52400866227117,1.1125756800505622
2026-04-30,TCS,2473.89990234375,2437.9773463465554,35.92255599719465,1.452061822030954
2026-05-01,TCS,2431.300048828125,2424.9381009525296,6.361947875595433,0.26166856199677463
2026-05-04,TCS,2427.300048828125,2422.671405501794,4.628643326330803,0.19069102431590454
2026-05-05,TCS,2435.39990234375,2398.472832031285,36.92707031246482,1.5162631105030184
2026-05-06,TCS,2401.39990234375,2411.621143218307,-10.221240874557225,0.4256367656457953
2026-05-07,TCS,2394.39990234375,2383.2358153981345,11.164086945615509,0.4662582442760535
2026-05-08,TCS,2392.89990234375,2353.69570027608,39.20420206766994,1.6383552872090885
2026-05-11,TCS,2300.300048828125,2352.29745602763,-51.99740719950478,2.260461943910081
2026-05-12,TCS,2272.800048828125,2297.996011166305,-25.195962338179925,1.108586844283604
2026-05-13,TCS,2246.0,2270.8419764823375,-24.841976482337486,1.1060541621699682
2026-05-14,TCS,2264.0,2227.6345254762255,36.36547452377454,1.6062488747250236
2026-05-15,TCS,2283.199951171875,2261.0480758426424,22.151875329232553,0.9702117993591793
2026-05-18,TCS,2327.10009765625,2268.9242234064163,58.17587424983367,2.499930033453472
2026-05-19,TCS,2327.39990234375,2325.755777676183,1.6441246675672119,0.07064212153276869
2026-05-20,TCS,2327.199951171875,2306.205400210601,20.994550961273944,0.902137822351793
2026-05-21,TCS,2317.300048828125,2296.631142526576,20.668906301549214,0.8919391475437817
2026-05-22,TCS,2308.199951171875,2296.164634891269,12.035316280605912,0.521415671744364
2026-05-25,TCS,2276.199951171875,2282.989088835394,-6.789137663518886,0.29826631267712567
2026-05-26,TCS,2284.199951171875,2283.0869271086285,1.1130240632464847,0.0487270855021017
2026-05-27,TCS,2284.199951171875,2269.293688897027,14.906262274847904,0.6525813235921166
2026-05-28,TCS,2258.89990234375,2268.250065395402,-9.350163051652089,0.41392551489115165
2026-05-29,TCS,2297.39990234375,2251.2527965008117,46.147105842938345,2.008666658158217
2026-06-01,TCS,2446.89990234375,2296.311936826908,150.5879655168419,6.154234808403974
2026-06-02,TCS,2241.699951171875,2401.9712286098857,-160.27127743801066,7.149541906990138
2026-06-03,TCS,2241.0,2242.9006397128637,-1.9006397128637218,0.08481212462577964
2026-06-04,TCS,2198.89990234375,2234.4663256338004,-35.56642329005035,1.6174644080952039
2026-06-05,TCS,2151.39990234375,2184.672327258883,-33.27242491513289,1.5465476631697193
2026-06-08,TCS,2151.0,2160.6616611813847,-9.661661181384716,0.4491706732396427
2026-06-09,TCS,2153.89990234375,2157.863772902716,-3.9638705589659367,0.1840322549182848
2026-06-10,TCS,2135.60009765625,2166.8488637768855,-31.248766120635537,1.4632311618139566
2026-06-11,TCS,2161.39990234375,2153.091437157437,8.308465186312787,0.3844020339458406
2026-06-12,TCS,2162.0,2161.8750388491408,0.1249611508592352,0.005779886718743534
2026-06-15,TCS,2199.0,2162.3046300463657,36.69536995363433,1.6687298751084279
2026-06-16,TCS,2223.0,2179.676102170606,43.3238978293939,1.9488932896713405
2026-06-17,TCS,2203.300048828125,2206.365743138869,-3.0656943107442203,0.13914102676913112
2026-06-18,TCS,2125.0,2194.7171573244127,-69.71715732441271,3.2808074035017745
2026-06-19,TCS,2127.800048828125,2133.9360406000046,-6.135991771879617,0.2883725740705281
2026-06-22,TCS,2059.60009765625,2148.2186322260613,-88.61853456981135,4.302705883081673
2026-06-23,TCS,2109.0,2043.2405677277095,65.7594322722905,3.118038514570436
2026-06-24,TCS,2094.699951171875,2123.5977598285986,-28.897808656723555,1.3795679252561563
2026-06-25,TCS,2094.699951171875,2083.3786383046954,11.321312867179586,0.540474203040197
2026-06-26,TCS,2097.89990234375,2074.482596517411,23.41730582633909,1.1162260792413183
2026-06-29,TCS,2031.5,2066.581008783733,-35.08100878373307,1.7268525121207516
2026-06-30,TCS,1982.5999755859373,2029.9127254151854,-47.312749829248105,2.386399193577378
2026-07-01,TCS,2068.10009765625,1969.4425409478074,98.6575567084426,4.770443984807596
2026-07-02,TCS,2093.5,2090.397173665111,3.1028263348889595,0.14821238762306949
2026-07-03,TCS,2057.60009765625,2072.975113518609,-15.37501586235885,0.7472305177216926
2026-07-06,TCS,2096.10009765625,2057.26719239086,38.832905265389854,1.8526264708832743
2026-07-07,TCS,2057.5,2084.7290943395446,-27.229094339544645,1.3234067722743448
2026-07-08,TCS,2049.5,2052.9244555184496,-3.4244555184495766,0.16708736367160656
2026-07-09,TCS,2069.0,2056.662992294255,12.337007705744782,0.5962787677982011
2026-07-10,TCS,2181.5,2079.6938952898295,101.80610471017053,4.6667937066317
2026-07-13,TCS,2200.60009765625,2163.9546094719703,36.64548818427966,1.665249775427573
2026-07-14,TCS,2189.199951171875,2182.986775302985,6.2131758688901755,0.2838103420185202
2026-07-15,TCS,2201.0,2163.6864830503264,37.31351694967361,1.6952983620933035
2026-07-16,TCS,2269.0,2188.328022610172,80.67197738982804,3.5553978576389618
2026-07-17,TCS,2251.10009765625,2296.981933072662,-45.88183541641183,2.0381961452616904
2026-07-20,TCS,2221.10009765625,2237.032624769595,-15.932527113344804,0.7173259381761826
2026-07-21,TCS,2208.300048828125,2192.868510307808,15.43153852031719,0.6987971824076271
2026-07-22,TCS,2242.89990234375,2194.386907965765,48.512994377984796,2.1629585130968376
2026-07-23,TCS,2254.300048828125,2238.3608806581205,15.93916817000445,0.7070561959261041
2026-07-24,TCS,2295.60009765625,2258.4076248136366,37.19247284261337,1.6201634108913807
2026-07-27,TCS,2398.0,2299.3896930647334,98.61030693526664,4.112189613647483
2026-07-28,TCS,2446.60009765625,2360.931505568483,85.66859208776714,3.5015363634553274
2026-07-29,TCS,2431.800048828125,2432.8037786121226,-1.0037297839976418,0.04127517739303177
2026-07-30,TCS,2365.60009765625,2423.323326885652,-57.72322922940202,2.4401093526582147
2026-07-31,TCS,2473.699951171875,2336.1490588068386,137.55089236503636,5.560532606223074
2026-08-03,TCS,2460.0,2427.509060976785,32.490939023215105,1.320769878992484
2026-08-04,TCS,2413.0,2416.348429838243,-3.3484298382431916,0.13876625935529183
2026-08-05,TCS,2373.0,2382.1305903298453,-9.13059032984529,0.38476992540435273
2026-08-06,TCS,2452.699951171875,2359.393775678598,93.3061754932769,3.8042229930610203
2026-08-07,TCS,2425.699951171875,2413.8605772009505,11.839373970924498,0.4880807275938973
2026-08-10,TCS,2445.699951171875,2387.5413153635604,58.15863580831456,2.3779955419489385
2026-08-11,TCS,2349.699951171875,2418.2233979359817,-68.52344676410667,2.9162637012411605
2026-08-12,TCS,2375.0,2349.421860247168,25.578139752832158,1.0769743053824066
2026-08-13,TCS,2361.0,2347.2841033794625,13.715896620537478,0.5809359009122185
2026-08-14,TCS,2313.199951171875,2330.6123707816746,-17.4124196097996,0.7527416556004338
2026-08-17,TCS,2280.0,2301.83564341414,-21.835643414140122,0.9577036585149177
2026-08-18,TCS,2289.0,2273.897810130982,15.10218986901782,0.6597723839675763
2026-08-19,TCS,2298.0,2281.880147569807,16.119852430193077,0.7014731257699337
2026-08-20,TCS,2302.0,2278.091440140076,23.908559859924026,1.0385994726291932
2026-08-21,TCS,2284.10009765625,2281.0941902529503,3.005907403299716,0.13160138675113772
2026-08-24,TCS,2296.199951171875,2277.59034840874,18.60960276313517,0.8104521887842426
2026-08-25,TCS,2270.0,2281.972381864624,-11.972381864623912,0.527417703287397
2026-08-26,TCS,2248.39990234375,2276.362372244215,-27.96246990046484,1.2436608750657097
2026-08-27,TCS,2342.0,2234.808395806512,107.19160419348782,4.576925883581888
2026-08-28,TCS,2399.300048828125,2334.290575271601,65.00947355652397,2.7095182858965945
2026-08-31,TCS,2369.0,2353.3490825706294,15.650917429370566,0.6606550202351442
2026-09-01,TCS,2348.0,2336.0693231954037,11.93067680459626,0.5081208179129583
2026-09-02,TCS,2320.10009765625,2329.3479405909966,-9.247842934746586,0.3985967219297433
2025-09-22,Tata Steel,173.2899932861328,171.35445361482508,1.9355396713077369,1.1169367801358352
2025-09-23,Tata Steel,172.66000366210938,172.95231143217035,-0.2923077700609724,0.16929674728433936
2025-09-24,Tata Steel,172.3800048828125,171.57713758616487,0.8028672966476336,0.465754306709435
2025-09-25,Tata Steel,167.39999389648438,171.61838464806542,-4.21839075158104,2.519946777411222
2025-09-26,Tata Steel,168.97999572753906,168.42595628981496,0.5540394377241,0.32787279662228497
2025-09-29,Tata Steel,168.77000427246094,169.94534421330957,-1.1753399408486302,0.6964151869968379
2025-09-30,Tata Steel,167.50999450683594,169.70777563625788,-2.1977811294219407,1.312029849856064
2025-10-01,Tata Steel,173.2100067138672,168.10037266181408,5.10963405205311,2.949964698340972
2025-10-03,Tata Steel,170.05999755859375,173.22596643409304,-3.1659688754992885,1.8616775967014005
2025-10-06,Tata Steel,171.42999267578125,170.6410811798883,0.7889114958929611,0.4601945573112157
2025-10-07,Tata Steel,171.94000244140625,171.2847043959556,0.6552980454506496,0.3811201792171442
2025-10-08,Tata Steel,176.4199981689453,171.44611586564318,4.973882303302133,2.8193415457010653
2025-10-09,Tata Steel,173.86000061035156,175.84992373127045,-1.9899231209188883,1.1445548797498446
2025-10-10,Tata Steel,173.02999877929688,172.7808115187162,0.2491872605806691,0.1440139064547485
2025-10-13,Tata Steel,170.50999450683594,172.19413339463242,-1.684138887796479,0.9877068453773014
2025-10-14,Tata Steel,173.24000549316406,170.40070344536443,2.8393020477996345,1.6389413286596044
2025-10-15,Tata Steel,174.0,173.62272655153643,0.37727344846356914,0.21682382095607422
2025-10-16,Tata Steel,172.22000122070312,172.72263127247746,-0.5026300517743323,0.29185347126446864
2025-10-17,Tata Steel,171.9499969482422,171.78520209867656,0.16479484956562374,0.09583882087257484
2025-10-20,Tata Steel,172.77999877929688,171.29362025838378,1.4863785209130924,0.8602723297919109
2025-10-21,Tata Steel,174.16000366210938,172.77986617490222,1.3801374872071506,0.7924537541264511
2025-10-23,Tata Steel,174.44000244140625,173.14631580939252,1.2936866320137312,0.741622686257572
2025-10-24,Tata Steel,176.66000366210938,174.2319146465128,2.4280890155965835,1.3744418460675987
2025-10-27,Tata Steel,181.8099975585937,176.06087909052115,5.749118468072538,3.1621574969878727
2025-10-28,Tata Steel,185.19000244140625,180.81173729591328,4.378265145492975,2.3642016781538997
2025-10-29,Tata Steel,184.3500061035156,184.59142009619995,-0.24141399268435748,0.13095415497236246
2025-10-30,Tata Steel,182.83999633789065,182.7873527211753,0.052643616715357666,0.0287921777344994
2025-10-31,Tata Steel,182.6699981689453,182.17477831841722,0.4952198505280876,0.2711008132107581
2025-11-03,Tata Steel,179.2899932861328,182.64092107428147,-3.3509277881486526,1.868998780540325
2025-11-04,Tata Steel,177.27000427246094,179.57535349540063,-2.3053492229396966,1.3004733837521743
2025-11-06,Tata Steel,181.3699951171875,176.48572453474472,4.884270582442781,2.6929871058809574
2025-11-07,Tata Steel,181.47999572753903,181.54891949580332,-0.06892376826428404,0.0379787138455531
2025-11-10,Tata Steel,181.0399932861328,182.22805596036702,-1.188062674234203,0.6562432160260169
2025-11-11,Tata Steel,178.61000061035156,182.06264671666338,-3.4526461063118177,1.9330642710449188
2025-11-12,Tata Steel,176.64999389648438,179.09729423671112,-2.4473003402267466,1.3853950890373916
2025-11-13,Tata Steel,174.25999450683594,174.69048472748315,-0.430490220647215,0.2470390417866836
2025-11-14,Tata Steel,173.1699981689453,173.1962896407092,-0.02629147176389779,0.015182463499391927
2025-11-17,Tata Steel,172.4499969482422,173.3456742098225,-0.8956772615803175,0.5193837503222103
2025-11-18,Tata Steel,173.2100067138672,172.34099795338494,0.8690087604822452,0.5017081731991367
2025-11-19,Tata Steel,172.4600067138672,174.12222566636785,-1.662218952500666,0.9638286488405954
2025-11-20,Tata Steel,168.0,172.32015564052264,-4.320155640522643,2.571521214596811
2025-11-21,Tata Steel,165.36000061035156,167.4566816880305,-2.0966810776789373,1.2679493649854794
2025-11-24,Tata Steel,166.3300018310547,164.31905439995992,2.0109474310947633,1.2090106468809698
2025-11-25,Tata Steel,169.6699981689453,163.97482226805874,5.695175900886568,3.3566192976649396
2025-11-26,Tata Steel,168.1300048828125,169.61130124857107,-1.481296365758567,0.8810422427519933
2025-11-27,Tata Steel,167.9600067138672,168.0924526520737,-0.13244593820650152,0.0788556399810899
2025-11-28,Tata Steel,168.6300048828125,167.92265867853254,0.7073462042799576,0.41946639613247944
2025-12-01,Tata Steel,167.77999877929688,168.21199404350847,-0.4319952642115936,0.2574772126323912
2025-12-02,Tata Steel,166.9199981689453,167.5910922382205,-0.671094069275199,0.4020453370697753
2025-12-03,Tata Steel,166.77000427246094,166.02420951178112,0.7457947606798143,0.4471995812036858
2025-12-04,Tata Steel,167.11000061035156,166.3513238945812,0.7586767157703491,0.4539983920766937
2025-12-05,Tata Steel,163.47000122070312,167.6602001706194,-4.190198949916265,2.5632831214450285
2025-12-08,Tata Steel,160.6699981689453,163.18088559904584,-2.5108874301005244,1.5627606016776783
2025-12-09,Tata Steel,162.22999572753906,160.1728311068895,2.0571646206495586,1.2680544133801936
2025-12-10,Tata Steel,166.3800048828125,162.38635098392763,3.9936538988848724,2.400320820820836
2025-12-11,Tata Steel,171.88999938964844,164.4701459671223,7.419853422526131,4.316628919002119
2025-12-12,Tata Steel,172.8699951171875,170.74394440154177,2.1260507156457322,1.2298552529052227
2025-12-15,Tata Steel,169.8300018310547,171.7637829478752,-1.9337811168205121,1.138656948696391
2025-12-16,Tata Steel,170.33999633789062,170.37901998603934,-0.03902364814871362,0.022909269101606265
2025-12-17,Tata Steel,168.1199951171875,170.21216346660808,-2.092168349420575,1.2444494469335643
2025-12-18,Tata Steel,168.69000244140625,167.69350723218267,0.9964952092235819,0.5907257068003838
2025-12-19,Tata Steel,169.22000122070312,168.08106613987505,1.1389350808280767,0.6730499188110952
2025-12-22,Tata Steel,170.89999389648438,170.19792877196534,0.7020651245190379,0.4108046516047771
2025-12-23,Tata Steel,170.07000732421875,170.63080881835157,-0.5608014941328179,0.3297474392787641
2025-12-24,Tata Steel,169.1199951171875,170.24969170247311,-1.1296965852856147,0.6679852281824036
2025-12-26,Tata Steel,172.3000030517578,169.38846999753466,2.911533054223156,1.6898044124517806
2025-12-29,Tata Steel,175.8000030517578,172.93202804401955,2.8679750077382664,1.6313850727829038
2025-12-30,Tata Steel,180.0800018310547,174.28915814404135,5.790843687013336,3.215706146230563
2025-12-31,Tata Steel,181.88999938964844,179.961877222916,1.928122166732436,1.0600484761132873
2026-01-01,Tata Steel,182.8800048828125,181.53959983641383,1.340405046398672,0.7329423723810533
2026-01-02,Tata Steel,185.72000122070312,182.133938613184,3.586062607519125,1.9308973637457465
2026-01-05,Tata Steel,186.1999969482422,184.55587274231445,1.6441242059277386,0.882988309814395
2026-01-06,Tata Steel,183.8000030517578,186.21259119591363,-2.4125881441558192,1.3126159434700542
2026-01-07,Tata Steel,180.1199951171875,183.02143675134133,-2.9014416341538265,1.610838170557425
2026-01-08,Tata Steel,178.39999389648438,181.16706131065007,-2.7670674141656946,1.5510468098845736
2026-01-09,Tata Steel,183.2400054931641,178.27407395518298,4.965931537981106,2.7100695203626612
2026-01-12,Tata Steel,182.57000732421875,182.45003434727937,0.1199729769393798,0.06571340972031874
2026-01-13,Tata Steel,189.25,182.57303257576564,6.676967424234363,3.528120171325951
2026-01-14,Tata Steel,189.25,186.38767082344268,2.862329176557324,1.512459274270713
2026-01-15,Tata Steel,188.2100067138672,190.65474017210147,-2.444733458234282,1.2989391483052084
2026-01-16,Tata Steel,188.2700042724609,187.81120157620262,0.45880269625828873,0.24369399577551287
2026-01-19,Tata Steel,183.5599975585937,187.60112037036092,-4.041122811767224,2.2015269478728707
2026-01-20,Tata Steel,184.4100036621093,182.88822447579753,1.5217791863117611,0.8252150946757131
2026-01-21,Tata Steel,189.1000061035156,183.9897661403317,5.110239963183886,2.702400739419585
2026-01-22,Tata Steel,187.6100006103516,188.15416460168456,-0.5441639913329652,0.2900506313963203
2026-01-23,Tata Steel,192.27999877929688,187.7532449102834,4.526753869013476,2.3542510389805966
2026-01-27,Tata Steel,193.8500061035156,189.26125930720514,4.58874679631046,2.3671636068249984
2026-01-28,Tata Steel,202.32000732421875,194.6351245798821,7.684882744336647,3.7983800247800446
2026-01-29,Tata Steel,193.1300048828125,204.89819409426298,-11.768189211450476,6.0934028446751105
2026-01-30,Tata Steel,188.509994506836,195.15518947433182,-6.645194967495826,3.5251154639733695
2026-02-02,Tata Steel,192.92999267578125,184.52132754619885,8.408665129582403,4.35840224371602
2026-02-03,Tata Steel,195.3999938964844,195.5095892008611,-0.10959530437668263,0.056087670317299054
2026-02-04,Tata Steel,197.759994506836,195.65796103724256,2.1020334695934366,1.0629214846184554
2026-02-05,Tata Steel,197.0599975585937,195.82995069485762,1.230046863736078,0.6241991672461767
2026-02-06,Tata Steel,202.0,197.0472190423571,4.9527809576428865,2.4518717612093495
2026-02-09,Tata Steel,208.009994506836,203.19800548857427,4.811989018261727,2.3133451013593422
2026-02-10,Tata Steel,207.58999633789065,210.7188568788024,-3.128860540911745,1.5072308859329393
2026-02-11,Tata Steel,208.1100006103516,207.90770844544608,0.20229216490551494,0.09720444203172653
2026-02-12,Tata Steel,203.17999267578125,208.583613548956,-5.403620873174759,2.6595241007796644
2026-02-13,Tata Steel,205.8099975585937,204.24617386028925,1.5638236983044465,0.7598385485910271
2026-02-16,Tata Steel,203.0800018310547,205.67066640442022,-2.5906645733655296,1.275686699826181
2026-02-17,Tata Steel,209.02999877929688,204.1720987761686,4.857900003128265,2.324020490598314
2026-02-18,Tata Steel,205.4100036621093,210.7707856411958,-5.360781979086511,2.6097959610111148
2026-02-19,Tata Steel,208.3600006103516,207.37834069434757,0.9816599160040198,0.4711364528356839
2026-02-20,Tata Steel,208.13999938964844,208.5404428158967,-0.4004434262482732,0.19239138436751083
2026-02-23,Tata Steel,209.1300048828125,208.91620513968465,0.21379974312785066,0.10223293555970357
2026-02-24,Tata Steel,214.63999938964844,208.83575095093113,5.804248438717309,2.7041783708639135
2026-02-25,Tata Steel,215.5200042724609,216.3458615595116,-0.8258572870506953,0.3831928687263037
2026-02-26,Tata Steel,212.3300018310547,216.93426849052435,-4.604266659469658,2.1684484621881888
2026-02-27,Tata Steel,211.009994506836,214.92999850904835,-3.9200040022123517,1.8577338061043156
2026-03-02,Tata Steel,196.72999572753903,211.4697834603622,-14.739787732823174,7.4923946794758365
2026-03-04,Tata Steel,200.57000732421875,200.20660489456475,0.36340242965400193,0.18118483142226083
2026-03-05,Tata Steel,198.4600067138672,201.55348522955964,-3.0934785156924534,1.558741515187251
2026-03-06,Tata Steel,191.009994506836,200.289959465969,-9.279964959132997,4.8583661724574725
2026-03-09,Tata Steel,195.0,190.0497040090953,4.950295990904692,2.5386133286690726
2026-03-10,Tata Steel,194.7400054931641,194.44604496532705,0.29396052783704363,0.15095025138394713
2026-03-11,Tata Steel,193.47000122070312,195.86811749177858,-2.3981162710754518,1.2395287413782425
2026-03-12,Tata Steel,183.509994506836,193.08548056141882,-9.575486054582825,5.217964329581038
2026-03-13,Tata Steel,186.94000244140625,182.68705698760846,4.252945453797793,2.275032308898583
2026-03-16,Tata Steel,195.42999267578125,185.06946012464897,10.36053255113228,5.301403540612328
2026-03-17,Tata Steel,195.4100036621093,193.97094822027407,1.4390554418352224,0.7364287471810024
2026-03-18,Tata Steel,190.509994506836,194.95868397793595,-4.448689471099954,2.335147550980756
2026-03-19,Tata Steel,196.7700042724609,190.39346286132178,6.376541411139129,3.240606430190317
2026-03-20,Tata Steel,187.1699981689453,199.10450102045368,-11.93450285150837,6.376290521056652
2026-03-23,Tata Steel,190.7899932861328,188.03848431420502,2.751508971927791,1.4421662921290008
2026-03-24,Tata Steel,196.6499938964844,190.33355400395092,6.316439892533481,3.212021402786528
2026-03-25,Tata Steel,193.22000122070312,197.10405854271605,-3.8840573220129215,2.0101735314536127
2026-03-27,Tata Steel,191.8600006103516,194.98744378661243,-3.12744317626084,1.630065238356985
2026-03-30,Tata Steel,194.6000061035156,190.91128208555384,3.6887240179617606,1.8955415736213181
2026-04-01,Tata Steel,194.13999938964844,197.5331802954559,-3.393180905807469,1.7478010283688061
2026-04-02,Tata Steel,196.1000061035156,193.62587263737854,2.4741334661370615,1.2616692448398177
2026-04-06,Tata Steel,198.1300048828125,196.31514556490728,1.814859317905217,0.9159941821929736
2026-04-07,Tata Steel,204.17999267578125,197.814922694711,6.365069981070263,3.1173818245636826
2026-04-08,Tata Steel,205.1999969482422,206.13877637981125,-0.9387794315690599,0.45749485649643995
2026-04-09,Tata Steel,206.6100006103516,206.79010468158853,-0.18010407123693994,0.08717103272101552
2026-04-10,Tata Steel,206.38999938964844,207.87508762805854,-1.4850882384100998,0.7195543596113723
2026-04-13,Tata Steel,208.72000122070312,206.2422514994148,2.477749721288319,1.1871165709070284
2026-04-15,Tata Steel,210.69000244140625,208.50560433334812,2.184398108058133,1.0367829905292365
2026-04-16,Tata Steel,212.1199951171875,211.2221712854841,0.8978238317033913,0.42326223475885943
2026-04-17,Tata Steel,211.72000122070312,215.1668451511353,-3.4468439304321805,1.62801998420503
2026-04-20,Tata Steel,212.009994506836,216.36898480511041,-4.358990298274421,2.0560305698861145
2026-04-21,Tata Steel,213.02999877929688,216.64959907305234,-3.619600293755468,1.6991035602950189
2026-04-22,Tata Steel,210.9100036621093,216.3681476235593,-5.45814396145002,2.587901885485859
2026-04-23,Tata Steel,210.07000732421875,211.24556744816505,-1.1755601239462976,0.5596039810347399
2026-04-24,Tata Steel,213.2700042724609,210.91801960328584,2.351984669175067,1.102820191333758
2026-04-27,Tata Steel,215.0500030517578,216.32127329574416,-1.2712702439863506,0.5911510002073257
2026-04-28,Tata Steel,215.8800048828125,216.4586965851479,-0.5786917023353908,0.26806174228573215
2026-04-29,Tata Steel,211.3600006103516,216.48589515145952,-5.125894541107925,2.425196123346755
2026-04-30,Tata Steel,211.3600006103516,213.0280489895766,-1.668048379225013,0.7891977547351116
2026-05-01,Tata Steel,212.2400054931641,214.90108638453603,-2.661080891371938,1.253807398463174
2026-05-04,Tata Steel,211.32000732421875,216.6449284801813,-5.324921155962556,2.5198376733882895
2026-05-05,Tata Steel,215.47000122070312,214.68444822014573,0.7855530005573996,0.36457650536362507
2026-05-06,Tata Steel,217.08999633789065,216.0599417044529,1.030054633437743,0.4744827724970385
2026-05-07,Tata Steel,214.4900054931641,218.64562916914093,-4.155623675976841,1.9374439692059604
2026-05-08,Tata Steel,212.0800018310547,215.23294590594497,-3.1529440748902857,1.4866767482404852
2026-05-11,Tata Steel,212.0,214.63282791407892,-2.6328279140789164,1.241899959471187
2026-05-12,Tata Steel,219.6199951171875,215.21282125461764,4.407173862569863,2.0067270560762145
2026-05-13,Tata Steel,221.1300048828125,221.43686422409547,-0.30685934128297276,0.13876874892920676
2026-05-14,Tata Steel,216.83999633789065,221.19716654173152,-4.357170203840866,2.009394151183858
2026-05-15,Tata Steel,209.7100067138672,217.21847090148054,-7.508464187613356,3.5804033890753075
2026-05-18,Tata Steel,209.2899932861328,209.253461861988,0.03653142414481181,0.01745493110837245
2026-05-19,Tata Steel,207.009994506836,209.79776072077146,-2.7877662139354698,1.3466819418921392
2026-05-20,Tata Steel,208.5800018310547,206.39823465064117,2.181767180413516,1.0460097618470157
2026-05-21,Tata Steel,209.19000244140625,208.4192626986545,0.7707397427517435,0.36844004673102215
2026-05-22,Tata Steel,210.22000122070312,209.29872003207228,0.921281188630843,0.4382462102945284
2026-05-25,Tata Steel,210.47000122070312,211.13067884865401,-0.6606776279508892,0.31390584126907917
2026-05-26,Tata Steel,214.6999969482422,210.7257298113994,3.9742671368427978,1.851079270299606
2026-05-27,Tata Steel,214.6999969482422,215.91504331780212,-1.2150463695599285,0.5659275206477251
2026-05-28,Tata Steel,208.0200042724609,214.81501089604205,-6.795006623581145,3.2665159523221456
2026-05-29,Tata Steel,210.57000732421875,207.82100304319,2.7490042810287605,1.3055060955552253
2026-06-01,Tata Steel,210.6000061035156,211.4043656454955,-0.8043595419798919,0.38193709338475873
2026-06-02,Tata Steel,211.88999938964844,211.27402993954863,0.6159694500998114,0.29070246442688114
2026-06-03,Tata Steel,210.57000732421875,214.56051602614286,-3.9905087019241137,1.8950983345789838
2026-06-04,Tata Steel,206.7700042724609,210.56575667431113,-3.7957524018502227,1.8357364818005995
2026-06-05,Tata Steel,202.72000122070312,207.62174973252334,-4.901748511820216,2.4179895828254447
2026-06-08,Tata Steel,203.17999267578125,204.39578101392559,-1.2157883381443355,0.5983799497839315
2026-06-09,Tata Steel,199.3099975585937,205.12936134672162,-5.81936378812793,2.9197550847478877
2026-06-10,Tata Steel,197.9600067138672,200.59633379063663,-2.6363270767694473,1.3317473163051632
2026-06-11,Tata Steel,197.8600006103516,197.94106653279795,-0.08106592244635635,0.04097135459228093
2026-06-12,Tata Steel,197.27999877929688,197.99007529125626,-0.7100765119593859,0.3599333517604945
2026-06-15,Tata Steel,196.0,198.48489491183886,-2.4848949118388646,1.2678035264484002
2026-06-16,Tata Steel,199.009994506836,196.3312181684167,2.678776338419283,1.3460511594191653
2026-06-17,Tata Steel,200.5200042724609,199.5140869741383,1.0059172983226006,0.5016543371681703
2026-06-18,Tata Steel,198.9600067138672,199.35620614394816,-0.39619943008096925,0.19913521145521496
2026-06-19,Tata Steel,198.97000122070312,197.7933150488646,1.1766861718385258,0.5913887342913127
2026-06-22,Tata Steel,193.5599975585937,198.25778000171184,-4.697782443118143,2.4270420037053624
2026-06-23,Tata Steel,190.1600036621093,193.4517775503492,-3.291773888239902,1.731054809027547
2026-06-24,Tata Steel,188.7100067138672,190.78900584474016,-2.0789991308729725,1.1016899247029697
2026-06-25,Tata Steel,188.7100067138672,188.6017948788963,0.10821183497088782,0.05734292359756244
2026-06-26,Tata Steel,189.57000732421875,188.81487272469724,0.7551345995215115,0.3983407555763903
2026-06-29,Tata Steel,188.0599975585937,190.84339587590307,-2.783398317309377,1.4800586799125932
2026-06-30,Tata Steel,185.1699981689453,188.1983953555282,-3.028397186582879,1.6354686053514085
2026-07-01,Tata Steel,187.6699981689453,186.50981014828562,1.1601880206596888,0.6182064432138259
2026-07-02,Tata Steel,189.8000030517578,187.13022351538513,2.669779536372687,1.4066277626163404
2026-07-03,Tata Steel,190.8699951171875,191.24089394946157,-0.37089883227406517,0.1943201350460277
2026-07-06,Tata Steel,189.7899932861328,191.88594347369443,-2.0959501875616127,1.10435231661645
2026-07-07,Tata Steel,188.1999969482422,190.70830308256348,-2.5083061343212876,1.3327875531321656
2026-07-08,Tata Steel,187.9100036621093,188.17274710386275,-0.2627434417534573,0.13982408420677267
2026-07-09,Tata Steel,191.19000244140625,188.4317543695516,2.758248071854638,1.442673799169993
2026-07-10,Tata Steel,187.1100006103516,191.56811909619606,-4.458118485844466,2.382619032281606
2026-07-13,Tata Steel,188.2700042724609,187.8325092193717,0.4374950530892079,0.23237639728104167
2026-07-14,Tata Steel,185.259994506836,187.77623896335572,-2.516244456519729,1.3582233245866155
2026-07-15,Tata Steel,185.4900054931641,186.88521587328532,-1.3952103801212274,0.7521755020771971
2026-07-16,Tata Steel,185.88999938964844,187.05826629486822,-1.168266905219781,0.6284721658269248
2026-07-17,Tata Steel,186.4100036621093,184.59880364002416,1.8112000220851314,0.9716216868747832
2026-07-20,Tata Steel,187.2400054931641,187.57229842251883,-0.3322929293547361,0.17746898077658288
2026-07-21,Tata Steel,186.52999877929688,186.42413842103983,0.10586035825704698,0.056752457486638076
2026-07-22,Tata Steel,184.22999572753903,187.24645470206138,-3.016458974522351,1.6373332489153638
2026-07-23,Tata Steel,182.6699981689453,183.29694137483963,-0.626943205894321,0.34321082398790104
2026-07-24,Tata Steel,184.25,182.91299577196537,1.3370042280346297,0.7256467994760541
2026-07-27,Tata Steel,182.6300048828125,183.71862534304884,-1.088620460236342,0.5960797410780737
2026-07-28,Tata Steel,187.2700042724609,183.3691261990407,3.900878073420216,2.083023433771482
2026-07-29,Tata Steel,186.9199981689453,185.06876317131292,1.851234997632389,0.990388944878532
2026-07-30,Tata Steel,189.69000244140625,187.87382742249142,1.8161750189148336,0.9574437216193489
2026-07-31,Tata Steel,191.0,189.8433252749733,1.1566747250267042,0.6055888612705258
2026-08-03,Tata Steel,190.9499969482422,191.27240675004387,-0.3224098018016832,0.16884514634953032
2026-08-04,Tata Steel,192.9900054931641,191.81255882497692,1.177446668187173,0.6101075883066284
2026-08-05,Tata Steel,189.3000030517578,193.83616675891753,-4.536163707159716,2.3962829551140854
2026-08-06,Tata Steel,187.5500030517578,189.96966948798098,-2.4196664362231672,1.2901447063988671
2026-08-07,Tata Steel,190.2400054931641,188.2371572275959,2.00284826556819,1.052800782031179
2026-08-10,Tata Steel,188.25,190.56497832464814,-2.3149783246481377,1.22973616183168
2026-08-11,Tata Steel,186.1999969482422,188.16688173369218,-1.9668847854499916,1.0563291179842096
2026-08-12,Tata Steel,184.8500061035156,184.99868948756335,-0.14868338404775727,0.08043461138134608
2026-08-13,Tata Steel,183.5,184.47886701447766,-0.9788670144776574,0.5334425147017207
2026-08-14,Tata Steel,186.0,183.23604892490405,2.763951075095946,1.485995201664487
2026-08-17,Tata Steel,185.5,185.24786257745916,0.2521374225408408,0.1359231388360328
2026-08-18,Tata Steel,184.0,186.31412852990528,-2.3141285299052754,1.2576785488615627
2026-08-19,Tata Steel,183.5,183.37478037236332,0.1252196276366817,0.06823957909355952
2026-08-20,Tata Steel,183.0,182.90651542494354,0.09348457505646479,0.05108446724396983
2026-08-21,Tata Steel,186.3000030517578,182.9068185918656,3.393184459892211,1.8213550210997675
2026-08-24,Tata Steel,186.94000244140625,185.00204532664645,1.9379571147597972,1.0366733119987108
2026-08-25,Tata Steel,188.009994506836,184.83518250187808,3.1748120049579143,1.6886400179339824
2026-08-26,Tata Steel,186.8000030517578,186.56171108464983,0.23829196710798328,0.12756529080032097
2026-08-27,Tata Steel,186.5,188.02089087108433,-1.5208908710843332,0.8154910836913314
2026-08-28,Tata Steel,184.3500061035156,186.24907590114393,-1.8990697976283286,1.0301436044227574
2026-08-31,Tata Steel,184.07000732421875,183.9943647646121,0.07564255960664923,0.041094451348292343
2026-09-01,Tata Steel,183.8500061035156,183.51669055930262,0.3333155442129794,0.18129754318599703
2026-09-02,Tata Steel,184.1999969482422,183.62212863578642,0.5778683124557631,0.31371787298027837
2025-09-22,Wipro,249.6300048828125,249.22357576820633,0.40642911460616915,0.1628126053184052
2025-09-23,Wipro,244.58999633789065,249.14884298672786,-4.5588466488372035,1.8638728963139406
2025-09-24,Wipro,242.0,244.37453687516825,-2.3745368751682463,0.9812135847802671
2025-09-25,Wipro,235.75,243.54925050077966,-7.799250500779664,3.3082716864388817
2025-09-26,Wipro,239.63999938964844,236.65233197681158,2.9876674128368563,1.2467315224696636
2025-09-29,Wipro,239.3699951171875,239.01147774224978,0.35851737493771907,0.14977540303754486
2025-09-30,Wipro,241.07000732421875,238.5156101542329,2.5543971699858616,1.0596080359969515
2025-10-01,Wipro,240.97999572753903,242.66472071126356,-1.6847249837245215,0.6991140400007868
2025-10-03,Wipro,242.1300048828125,240.2710905531712,1.8589143296412942,0.7677339826350652
2025-10-06,Wipro,243.52999877929688,244.2351426969067,-0.7051439176098313,0.28955115227873
2025-10-07,Wipro,244.2700042724609,243.7779561107631,0.4920481616977952,0.2014361784466014
2025-10-08,Wipro,246.3999938964844,244.0532716106198,2.3467222858646153,0.9524035486991536
2025-10-09,Wipro,248.6999969482422,246.37604013091794,2.3239568173242446,0.9344418358830504
2025-10-10,Wipro,245.1300048828125,248.88392881221122,-3.7539239293987237,1.5314012379648645
2025-10-13,Wipro,248.4199981689453,244.62416616297133,3.7958320059739776,1.5279897085388878
2025-10-14,Wipro,250.2100067138672,249.0114522166033,1.198554497263899,0.47901940973708973
2025-10-15,Wipro,253.8099975585937,249.05525213378297,4.7547454248107215,1.8733483592241307
2025-10-16,Wipro,240.8999938964844,253.8778042535271,-12.9778103570427,5.387219047676402
2025-10-17,Wipro,241.2400054931641,238.9224976449208,2.317507848243281,0.9606648132450615
2025-10-20,Wipro,241.3600006103516,242.1724516026235,-0.8124509922719199,0.33661376790578074
2025-10-21,Wipro,244.3000030517578,242.2946669894478,2.005336062310022,0.8208497901185732
2025-10-23,Wipro,242.97999572753903,244.03639555327763,-1.0563998257385947,0.43476822961309475
2025-10-24,Wipro,243.9100036621093,242.78254225340234,1.1274614087069494,0.46224484103933344
2025-10-27,Wipro,242.3800048828125,243.68360129065513,-1.3035964078426332,0.5378316616805519
2025-10-28,Wipro,242.27999877929688,242.65925166348796,-0.3792528841910894,0.1565349538145602
2025-10-29,Wipro,241.9199981689453,242.60039406749863,-0.6803958985533143,0.2812483067555905
2025-10-30,Wipro,240.6699981689453,243.35658985021263,-2.6865916812673163,1.1162968802540087
2025-10-31,Wipro,240.5,236.323589622769,4.176410377231008,1.7365531714058247
2025-11-03,Wipro,237.9199981689453,239.63370254276484,-1.7137043738195246,0.7202859730196515
2025-11-04,Wipro,240.0500030517578,238.0933031345811,1.9566999171767065,0.8151218047494952
2025-11-06,Wipro,236.4900054931641,239.43194441696275,-2.9419389237986593,1.2440013765755942
2025-11-07,Wipro,239.83999633789065,237.30375671814164,2.5362396197490114,1.0574715053680679
2025-11-10,Wipro,241.69000244140625,239.4220830458021,2.267919395604139,0.9383587954383666
2025-11-11,Wipro,245.22000122070312,242.05501007175272,3.1649911489504063,1.2906741428901014
2025-11-12,Wipro,245.3300018310547,245.396835624294,-0.06683379323931149,0.027242405225813456
2025-11-13,Wipro,244.3699951171875,244.83916405387717,-0.46916893668966964,0.1919912207162258
2025-11-14,Wipro,244.0500030517578,244.19473318494417,-0.14473013318635708,0.05930347526185562
2025-11-17,Wipro,240.8999938964844,244.1067200601085,-3.206726163624097,1.3311441448197125
2025-11-18,Wipro,246.07000732421875,236.91233009317594,9.157677231042811,3.7215739254954263
2025-11-19,Wipro,246.259994506836,247.33510704775716,-1.0751125409211681,0.43657620600301106
2025-11-20,Wipro,244.4900054931641,247.77148717139266,-3.281481678228573,1.342174160293159
2025-11-21,Wipro,247.2700042724609,244.2616304248304,3.0083738476305086,1.2166351743641552
2025-11-24,Wipro,245.63999938964844,248.73106519091158,-3.0910658012631416,1.2583723371371263
2025-11-25,Wipro,250.19000244140625,245.5933821366604,4.596620304745841,1.8372517925940528
2025-11-26,Wipro,249.5599975585937,248.91359241935606,0.6464051392376291,0.2590179297809381
2025-11-27,Wipro,249.52999877929688,248.3971001167187,1.1328986625781852,0.45401301171014957
2025-11-28,Wipro,250.27999877929688,248.25177225003026,2.028226529266618,0.8103829867184708
2025-12-01,Wipro,250.1699981689453,248.752880176522,1.4171179924233002,0.5664620069534834
2025-12-02,Wipro,254.69000244140625,248.9386064488014,5.7513959926048415,2.2581946434776143
2025-12-03,Wipro,256.92999267578125,256.3139212987676,0.6160713770136681,0.23978180616347336
2025-12-04,Wipro,259.9100036621094,259.2184351221513,0.691568539958098,0.2660800008518169
2025-12-05,Wipro,261.3800048828125,260.93391786564104,0.4460870171714646,0.1706660834180732
2025-12-08,Wipro,257.4100036621094,261.0613041675772,-3.651300505467816,1.4184765368562426
2025-12-09,Wipro,257.9800109863281,259.91168849649944,-1.931677510171312,0.7487702255635933
2025-12-10,Wipro,259.25,260.56858116897956,-1.3185811689795628,0.5086137585263502
2025-12-11,Wipro,260.6000061035156,261.1365193985371,-0.5365132950214502,0.20587616364380903
2025-12-12,Wipro,261.739990234375,261.1317317180891,0.6082585162859004,0.2323903640942431
2025-12-15,Wipro,259.2200012207031,261.10034984767657,-1.8803486269734435,0.7253871684741222
2025-12-16,Wipro,261.1400146484375,260.5726796647109,0.567334983726596,0.21725317910025266
2025-12-17,Wipro,263.8500061035156,260.9827357500632,2.8672703534523976,1.0867046758101981
2025-12-18,Wipro,264.45001220703125,263.3297499438126,1.120262263218649,0.42361966780384336
2025-12-19,Wipro,272.6700134277344,266.0096548012909,6.660358626443497,2.442644331408554
2025-12-22,Wipro,271.3999938964844,271.0978412787547,0.30215261772968915,0.11133110704672096
2025-12-23,Wipro,268.0599975585937,273.5164243918408,-5.4564268332471215,2.035524465769807
2025-12-24,Wipro,266.29998779296875,267.7049079320167,-1.4049201390479311,0.5275704857110872
2025-12-26,Wipro,264.239990234375,266.98203189562304,-2.742041661248038,1.037708811151525
2025-12-29,Wipro,263.6499938964844,265.79525947628525,-2.1452655798008777,0.8136793587953441
2025-12-30,Wipro,263.2799987792969,266.3307057128011,-3.050706933504216,1.1587309889277124
2025-12-31,Wipro,267.3500061035156,263.2595960959574,4.090410007558205,1.5299831360297158
2026-01-01,Wipro,269.0,268.04853411621525,0.9514658837847492,0.35370478951105916
2026-01-02,Wipro,263.29998779296875,267.4137661997284,-4.11377840675965,1.5623921752682683
2026-01-05,Wipro,265.6000061035156,263.7725367866002,1.8274693169154261,0.6880531908584309
2026-01-06,Wipro,270.79998779296875,265.3374445594947,5.462543233474037,2.01718740018934
2026-01-07,Wipro,262.20001220703125,268.58149750572477,-6.381485298693519,2.4338234178474196
2026-01-08,Wipro,261.95001220703125,262.98344486535507,-1.033432658323818,0.39451521670747175
2026-01-09,Wipro,263.1000061035156,260.3429245123297,2.7570815911859086,1.0479215230809027
2026-01-12,Wipro,264.20001220703125,260.4633387716708,3.7366734353604443,1.414335072941756
2026-01-13,Wipro,260.20001220703125,264.39450335685336,-4.194491149822113,1.6120257313764905
2026-01-14,Wipro,260.20001220703125,260.01986261738386,0.18014958964738526,0.06923504273475863
2026-01-15,Wipro,267.45001220703125,260.40855728681004,7.041454920221213,2.6328115905152663
2026-01-16,Wipro,245.9499969482422,268.67244415082433,-22.722447202582146,9.238645043514216
2026-01-19,Wipro,239.8999938964844,246.72862396594235,-6.828630069457944,2.8464486215887366
2026-01-20,Wipro,239.5500030517578,239.96145920613438,-0.411456154376566,0.17176211610720193
2026-01-21,Wipro,240.6499938964844,238.9438080077651,1.7061858887192898,0.7089906220621828
2026-01-22,Wipro,238.3999938964844,240.55535768548674,-2.1553637890023367,0.9040955722248117
2026-01-23,Wipro,234.8000030517578,239.62004451970685,-4.820041467949039,2.0528285371812967
2026-01-27,Wipro,237.3500061035156,236.5896595805845,0.7603465229310871,0.32034822135183627
2026-01-28,Wipro,239.8000030517578,237.35530650995142,2.444696541806394,1.0194731070452643
2026-01-29,Wipro,236.8999938964844,238.5974303999819,-1.6974365034974994,0.7165202816506655
2026-01-30,Wipro,242.3000030517578,238.20232937973435,4.097673672023461,1.691157086427339
2026-02-02,Wipro,242.69000244140625,242.35693590284467,0.33306653856158164,0.13723949697598087
2026-02-03,Wipro,233.33999633789065,243.167074269853,-9.82707793196235,4.211484565951625
2026-02-04,Wipro,233.38999938964844,237.96406613212116,-4.5740667424727235,1.959838362583927
2026-02-05,Wipro,230.72000122070312,236.02410052941067,-5.304099308707549,2.2989334607508654
2026-02-06,Wipro,230.0800018310547,228.83924729675743,1.2407545342972526,0.5392709163868686
2026-02-09,Wipro,231.47000122070312,228.82405438199282,2.6459468387103016,1.14310572633878
2026-02-10,Wipro,229.8099975585937,231.26389275493852,-1.4538951963448312,0.6326509776730396
2026-02-11,Wipro,219.0800018310547,229.06905413695796,-9.989052305903272,4.559545473076273
2026-02-12,Wipro,214.08999633789065,220.0636377533467,-5.973641415456058,2.7902478012228427
2026-02-13,Wipro,213.259994506836,211.0684841268178,2.191510380018201,1.0276237627624776
2026-02-16,Wipro,215.69000244140625,210.40268168073962,5.287320760666631,2.451351801575954
2026-02-17,Wipro,211.9499969482422,213.47503026107762,-1.5250333128354328,0.7195250459040314
2026-02-18,Wipro,211.2100067138672,210.93136326978595,0.27864344408124,0.13192719815530662
2026-02-19,Wipro,209.8600006103516,209.90646277094666,-0.04646216059506969,0.022139598046288143
2026-02-20,Wipro,205.88999938964844,208.96228275116454,-3.0722833615160994,1.4921964984330196
2026-02-23,Wipro,200.13999938964844,207.6524207189612,-7.512421329312758,3.75358316789388
2026-02-24,Wipro,201.9199981689453,200.4282602691878,1.49173789975751,0.7387767003193915
2026-02-25,Wipro,201.0800018310547,202.66730501753085,-1.5873031864761629,0.7893888860264674
2026-02-26,Wipro,200.9600067138672,200.74751066819314,0.2124960456740439,0.10574046505512018
2026-02-27,Wipro,198.57000732421875,200.20927564463315,-1.639268320414402,0.8255367175053065
2026-03-02,Wipro,195.5500030517578,198.17576722236154,-2.6257641706037305,1.3427584401053412
2026-03-04,Wipro,195.67999267578125,194.26716516970333,1.4128275060779174,0.7220091777184429
2026-03-05,Wipro,195.3999938964844,195.34750066745102,0.052493229033387934,0.026864498809143707
2026-03-06,Wipro,198.75,196.0873398380095,2.6626601619904875,1.3397032261587358
2026-03-09,Wipro,200.92999267578125,199.16118207014446,1.7688106056367872,0.8803118847920944
2026-03-10,Wipro,202.22999572753903,201.49122987119048,0.7387658563485502,0.3653097324611907
2026-03-11,Wipro,202.509994506836,204.17198194821918,-1.6619874413831894,0.8206940331170108
2026-03-12,Wipro,197.5800018310547,204.8048971287651,-7.224895297710418,3.6566936080343955
2026-03-13,Wipro,195.1100006103516,200.23658874832333,-5.126588137971737,2.627537349154078
2026-03-16,Wipro,191.32000732421875,194.3841340152225,-3.064126691003736,1.6015714894946353
2026-03-17,Wipro,194.3000030517578,190.55152058051877,3.7484824712390434,1.9292240928274813
2026-03-18,Wipro,188.4100036621093,193.89932649428002,-5.489322832170728,2.9134986070140783
2026-03-19,Wipro,190.8999938964844,188.04887147255397,2.851122423930434,1.493516246771834
2026-03-20,Wipro,187.5399932861328,191.5107219224864,-3.9707286363535843,2.1172703308650433
2026-03-23,Wipro,188.7400054931641,188.5873777879142,0.15262770524989833,0.08086664236927041
2026-03-24,Wipro,189.0500030517578,189.03733411936196,0.012668932395854426,0.006701365877463618
2026-03-25,Wipro,191.6000061035156,190.68323402277744,0.9167720807381556,0.4784822815939014
2026-03-27,Wipro,187.63999938964844,190.82246602941956,-3.182466639771121,1.6960491633569514
2026-03-30,Wipro,191.17999267578125,188.22401313686277,2.955979538918484,1.5461761963405227
2026-04-01,Wipro,194.9100036621093,192.06008072265496,2.8499229394543306,1.4621737652803497
2026-04-02,Wipro,197.2899932861328,194.31183614163248,2.9781571445003294,1.5095327922592916
2026-04-06,Wipro,204.72000122070312,199.49949025861943,5.220510962083694,2.5500737255543493
2026-04-07,Wipro,203.4199981689453,204.62340559795254,-1.2034074290072283,0.5915875724311869
2026-04-08,Wipro,202.8699951171875,204.16595968276465,-1.295964565577151,0.638815298846209
2026-04-09,Wipro,204.8800048828125,202.97138261973356,1.9086222630789393,0.9315805435335845
2026-04-10,Wipro,202.97000122070312,204.9437880449128,-1.9737868242096681,0.9724524867413461
2026-04-13,Wipro,209.75,203.2541135681565,6.495886431843502,3.0969661176846257
2026-04-15,Wipro,210.259994506836,210.4515703051545,-0.19157579831849603,0.09111376549202159
2026-04-16,Wipro,204.32000732421875,209.90512759880713,-5.585120274588377,2.7335160896533277
2026-04-17,Wipro,202.47999572753903,203.81850204226626,-1.3385063147272263,0.6610560761411444
2026-04-20,Wipro,205.009994506836,202.4130750594081,2.5969194474278936,1.2667282166778946
2026-04-21,Wipro,204.0,204.3024254899536,-0.3024254899536061,0.14824778919294415
2026-04-22,Wipro,202.759994506836,202.21079762623586,0.5491968806001353,0.27086057184797335
2026-04-23,Wipro,199.3600006103516,203.25293984116198,-3.8929392308103843,1.9527183080316697
2026-04-24,Wipro,205.0500030517578,200.61499591053342,4.435007141224389,2.162890551191518
2026-04-27,Wipro,201.5800018310547,205.0810143395991,-3.50101250854442,1.7367856318796135
2026-04-28,Wipro,200.67999267578125,198.98483258855157,1.6951600872296808,0.8447080671207632
2026-04-29,Wipro,200.6499938964844,200.1779883082263,0.47200558825809935,0.23523827690800111
2026-04-30,Wipro,200.6499938964844,201.111777136678,-0.46178324019359707,0.230143660224496
2026-05-01,Wipro,200.75,198.75559975574686,1.9944002442531428,0.9934745924050523
2026-05-04,Wipro,199.77999877929688,200.8752386691941,-1.0952398898972149,0.5482229935876415
2026-05-05,Wipro,199.1199951171875,200.96069933215796,-1.840704214970458,0.9244195761892992
2026-05-06,Wipro,197.3600006103516,200.87201937963502,-3.5120187692834293,1.7794987628811463
2026-05-07,Wipro,197.9100036621093,197.67108676982042,0.23891689228887003,0.12071996759535793
2026-05-08,Wipro,196.67999267578125,196.72351098847713,-0.04351831269588047,0.022126456333369193
2026-05-11,Wipro,189.57000732421875,194.67999902296393,-5.109991698745176,2.6955697110912875
2026-05-12,Wipro,187.8000030517578,189.48036764411256,-1.6803645923547492,0.8947628141899654
2026-05-13,Wipro,188.3000030517578,188.40574081559637,-0.1057377638385617,0.05615388323148231
2026-05-14,Wipro,190.0,188.60227641850378,1.3977235814962228,0.7356439902611699
2026-05-15,Wipro,192.1699981689453,191.09015568719357,1.07984248175174,0.5619204308897384
2026-05-18,Wipro,195.1699981689453,191.8314094955735,3.3385886733718166,1.7106054745575336
2026-05-19,Wipro,197.1199951171875,194.84170957410754,2.27828554307996,1.1557861198837405
2026-05-20,Wipro,199.7400054931641,197.21668890278607,2.523316590378016,1.2633005512079922
2026-05-21,Wipro,203.1100006103516,198.31905682620888,4.790943784142712,2.358792659025052
2026-05-22,Wipro,206.83999633789065,203.93259921206365,2.9073971258270035,1.405626173517004
2026-05-25,Wipro,203.72999572753903,207.64990589885963,-3.919910171320595,1.9240711989033457
2026-05-26,Wipro,201.5800018310547,204.5535412821515,-2.9735394510968263,1.4751162933260442
2026-05-27,Wipro,201.5800018310547,200.56613409596798,1.0138677350867056,0.5029604751846534
2026-05-28,Wipro,204.25,200.44754765341892,3.8024523465810773,1.861665775559891
2026-05-29,Wipro,206.4100036621093,205.94521974213055,0.4647839199787427,0.2251750941003753
2026-06-01,Wipro,209.83999633789065,206.71346855738398,3.1265277805066773,1.4899579846886046
2026-06-02,Wipro,204.1000061035156,209.92867246051503,-5.828666356999435,2.85578940847422
2026-06-03,Wipro,204.32000732421875,205.38831906881322,-1.0683117445944674,0.5228620332316505
2026-06-04,Wipro,198.3699951171875,205.22796986261835,-6.857974745430852,3.4571633383261866
2026-06-05,Wipro,181.759994506836,197.183482529391,-15.423488022555006,8.485634071679579
2026-06-08,Wipro,181.6699981689453,182.4798560479765,-0.809857879031199,0.44578515285615067
2026-06-09,Wipro,178.92999267578125,182.2574872459005,-3.3274945701192564,1.859662832574208
2026-06-10,Wipro,177.3699951171875,179.35727770648356,-1.9872825892960577,1.120416442467098
2026-06-11,Wipro,180.13999938964844,176.14151890031596,3.9984804893324792,2.2196516614189843
2026-06-12,Wipro,181.3800048828125,181.09841814683477,0.28158673597772577,0.15524684551621645
2026-06-15,Wipro,182.6699981689453,182.4638741049705,0.2061240639748121,0.11283958287675402
2026-06-16,Wipro,184.47000122070312,182.6098631035956,1.8601381171075388,1.0083688972723739
2026-06-17,Wipro,182.83999633789065,184.07713001170552,-1.237133673814867,0.6766209246299854
2026-06-18,Wipro,180.8000030517578,182.36538528933042,-1.5653822375726065,0.8658087451052103
2026-06-19,Wipro,180.17999267578125,181.40873830685865,-1.2287456310774019,0.6819545349235452
2026-06-22,Wipro,174.49000549316406,180.6707934542427,-6.180787961078636,3.542201711559221
2026-06-23,Wipro,174.47999572753906,173.82279013065238,0.6572055968866835,0.3766652985898448
2026-06-24,Wipro,175.0,174.06435391825332,0.9356460817466825,0.5346549038552472
2026-06-25,Wipro,175.0,174.1885494233037,0.811450576696302,0.4636860438264583
2026-06-26,Wipro,175.47999572753906,174.2311305182463,1.2488652092927737,0.711685228914547
2026-06-29,Wipro,170.38999938964844,174.3217684685054,-3.9317690788569735,2.3075116456018
2026-06-30,Wipro,170.1300048828125,167.4829929191436,2.647011963668888,1.5558760287417732
2026-07-01,Wipro,174.0,171.27060638431877,2.729393615681232,1.5686170205064551
2026-07-02,Wipro,176.0800018310547,174.41662187706632,1.6633799539883682,0.9446728400107293
2026-07-03,Wipro,174.32000732421875,174.87763924697242,-0.5576319227536715,0.3198897999794876
2026-07-06,Wipro,173.0,173.62086611755035,-0.6208661175503494,0.3588821488730343
2026-07-07,Wipro,172.72000122070312,172.63408320819408,0.08591801250904041,0.049744101379002204
2026-07-08,Wipro,172.75999450683594,172.95714127505366,-0.1971467682177206,0.11411598430556774
2026-07-09,Wipro,175.4600067138672,172.28227304979427,3.1777336640729175,1.8110871665786676
2026-07-10,Wipro,178.42999267578125,174.65265044503928,3.777342230741965,2.1169883908506564
2026-07-13,Wipro,177.13999938964844,178.8795268696618,-1.7395274800133507,0.9820071615711001
2026-07-14,Wipro,174.64999389648438,175.63861338910235,-0.9886194926179712,0.5660575592140755
2026-07-15,Wipro,177.74000549316406,173.98281139659966,3.7571940965644046,2.113870811548336
2026-07-16,Wipro,176.0,177.18812954276396,-1.18812954276396,0.6750736038431591
2026-07-17,Wipro,176.3800048828125,174.08128009258348,2.2987247902290164,1.303279695312571
2026-07-20,Wipro,174.97000122070312,174.3987917019463,0.5712095187568309,0.3264614018241449
2026-07-21,Wipro,174.44000244140625,174.2623314677376,0.17767097366865414,0.10185219627495315
2026-07-22,Wipro,174.82000732421875,174.30272285763888,0.5172844665798664,0.2958954609929273
2026-07-23,Wipro,177.1199951171875,174.29418302543712,2.825812091750379,1.5954224083400315
2026-07-24,Wipro,178.52999877929688,176.26872672497356,2.261272054323314,1.2666062117206158
2026-07-27,Wipro,181.1199951171875,177.75510815264596,3.3648869645415402,1.857821916550078
2026-07-28,Wipro,183.6100006103516,182.18131828725203,1.428682323099565,0.7781070303090117
2026-07-29,Wipro,186.3300018310547,183.83076731124532,2.499234519809363,1.3412947433314673
2026-07-30,Wipro,183.6499938964844,185.355552128584,-1.7055582320996052,0.9287004022776909
2026-07-31,Wipro,188.6600036621093,183.58412398198624,5.075879680123052,2.690490608287048
2026-08-03,Wipro,186.3000030517578,186.41192510467667,-0.11192205291885671,0.06007624856976656
2026-08-04,Wipro,186.9900054931641,187.87534044442668,-0.8853349512625925,0.4734664555614221
2026-08-05,Wipro,186.1199951171875,187.74172680888586,-1.6217316916983577,0.8713366291876702
2026-08-06,Wipro,187.52999877929688,187.63181385014352,-0.10181507084664077,0.054292684642133666
2026-08-07,Wipro,185.5,187.00249051792915,-1.5024905179291466,0.8099679341936099
2026-08-10,Wipro,184.6000061035156,187.325589942718,-2.7255838392024145,1.4764809041631486
2026-08-11,Wipro,183.94000244140625,184.07383876337528,-0.13383632196902795,0.07276085690586051
2026-08-12,Wipro,183.1000061035156,183.23241762888046,-0.13241152536485856,0.07231650516166542
2026-08-13,Wipro,184.0,182.9347567671024,1.0652432328975863,0.5789365396182534
2026-08-14,Wipro,181.8999938964844,183.53659584736994,-1.6366019508855345,0.899726226388381
2026-08-17,Wipro,178.05999755859375,183.55993658673907,-5.49993902814532,3.0888122562932585
2026-08-18,Wipro,179.5500030517578,178.87492468961213,0.6750783621456833,0.3759834868680467
2026-08-19,Wipro,181.0,180.06199500813827,0.9380049918617317,0.5182348021335534
2026-08-20,Wipro,180.7899932861328,182.9784564038859,-2.1884631177530878,1.2105001377423859
2026-08-21,Wipro,181.3099975585937,182.3889605027165,-1.078962944122793,0.5950929119471783
2026-08-24,Wipro,180.08999633789062,182.90421699285835,-2.814220654967727,1.5626746139122552
2026-08-25,Wipro,177.35000610351562,180.76052428870562,-3.41051818519,1.9230437371393996
2026-08-26,Wipro,176.39999389648438,176.91488440959517,-0.5148905131107995,0.29188805608063073
2026-08-27,Wipro,180.9499969482422,174.5557040025955,6.394292945646697,3.533734762911149
2026-08-28,Wipro,184.5,182.1900632247256,2.3099367752743944,1.2519982521812436
2026-08-31,Wipro,181.6999969482422,183.63660102272738,-1.9366040744851887,1.0658250451357114
2026-09-01,Wipro,177.08999633789062,182.3812240237938,-5.291227685903181,2.987874976182975
2026-09-02,Wipro,175.72000122070312,175.70550475524175,0.014496465461377284,0.008249752652328874
