Date,Adj Close,Close,High,Low,Open,Volume,Company,Ticker
2021-09-03,794.0695190429688,798.0,809.9000244140625,787.7000122070312,804.5,7509746,Axis Bank,AXISBANK.NS
2021-09-06,796.855712890625,800.7999877929688,805.9000244140625,795.3499755859375,800.8499755859375,4539192,Axis Bank,AXISBANK.NS
2021-09-07,783.969482421875,787.8499755859375,799.4000244140625,782.0499877929688,798.0,6926921,Axis Bank,AXISBANK.NS
2021-09-08,790.7857666015625,794.7000122070312,797.3499755859375,783.0,790.0,5903035,Axis Bank,AXISBANK.NS
2021-09-09,786.2581176757812,790.1500244140625,793.7000122070312,784.2000122070312,789.0,4909325,Axis Bank,AXISBANK.NS
2021-09-13,784.467041015625,788.3499755859375,790.4500122070312,783.5,786.0,4814443,Axis Bank,AXISBANK.NS
2021-09-14,790.4872436523438,794.4000244140625,801.0,790.0,791.0,6301208,Axis Bank,AXISBANK.NS
2021-09-15,787.5020141601562,791.4000244140625,797.4500122070312,787.0,796.0,4075592,Axis Bank,AXISBANK.NS
2021-09-16,798.6467895507812,802.5999755859375,807.4500122070312,789.0999755859375,792.5,15446511,Axis Bank,AXISBANK.NS
2021-09-17,803.3734741210938,807.3499755859375,820.7000122070312,797.25,808.8499755859375,14641298,Axis Bank,AXISBANK.NS
2021-09-20,791.9299926757812,795.8499755859375,808.5499877929688,791.5,800.0,6306484,Axis Bank,AXISBANK.NS
2021-09-21,791.4326171875,795.3499755859375,799.0,772.2999877929688,795.25,7833561,Axis Bank,AXISBANK.NS
2021-09-22,784.467041015625,788.3499755859375,796.7999877929688,786.0,792.5,4359142,Axis Bank,AXISBANK.NS
2021-09-23,808.1497802734375,812.1500244140625,814.5,792.5499877929688,794.3499755859375,9043492,Axis Bank,AXISBANK.NS
2021-09-24,794.1192626953125,798.0499877929688,816.9500122070312,795.0999755859375,812.5499877929688,5184626,Axis Bank,AXISBANK.NS
2021-09-27,793.0247192382812,796.9500122070312,808.7999877929688,792.7999877929688,802.9000244140625,7715259,Axis Bank,AXISBANK.NS
2021-09-28,785.3128662109375,789.2000122070312,805.5999755859375,778.0,802.0,7369680,Axis Bank,AXISBANK.NS
2021-09-29,778.2975463867188,782.1500244140625,789.5,778.5,783.0,14241004,Axis Bank,AXISBANK.NS
2021-09-30,762.7744140625,766.5499877929688,787.3499755859375,764.8499755859375,779.9000244140625,9178187,Axis Bank,AXISBANK.NS
2021-10-01,764.3665771484375,768.1500244140625,771.7000122070312,754.0,763.4000244140625,6089895,Axis Bank,AXISBANK.NS
2021-10-04,775.1630859375,779.0,781.1500244140625,770.2999877929688,771.0999755859375,5845527,Axis Bank,AXISBANK.NS
2021-10-05,778.7453002929688,782.5999755859375,784.0,771.2000122070312,774.4000244140625,3945224,Axis Bank,AXISBANK.NS
2021-10-06,775.1133422851562,778.9500122070312,794.2000122070312,776.0,782.25,5092479,Axis Bank,AXISBANK.NS
2021-10-07,773.2724609375,777.0999755859375,790.1500244140625,774.0999755859375,790.0,6622698,Axis Bank,AXISBANK.NS
2021-10-08,778.0985717773438,781.9500122070312,785.0,776.0,781.9000244140625,4295686,Axis Bank,AXISBANK.NS
2021-10-11,783.27294921875,787.1500244140625,793.0,779.0,782.0,4417455,Axis Bank,AXISBANK.NS
2021-10-12,793.2237548828125,797.1500244140625,799.7000122070312,785.4500122070312,788.0,5098502,Axis Bank,AXISBANK.NS
2021-10-13,790.6861572265625,794.5999755859375,804.5,793.2000122070312,799.9500122070312,4381414,Axis Bank,AXISBANK.NS
2021-10-14,798.0994873046875,802.0499877929688,804.0,788.0,799.0,7157116,Axis Bank,AXISBANK.NS
2021-10-18,809.294189453125,813.2999877929688,820.0,802.0499877929688,820.0,11014585,Axis Bank,AXISBANK.NS
2021-10-19,797.7015380859375,801.6500244140625,827.0,798.5,820.0,10633732,Axis Bank,AXISBANK.NS
2021-10-20,800.8359985351562,804.7999877929688,813.7999877929688,792.0,800.5999755859375,9023067,Axis Bank,AXISBANK.NS
2021-10-21,803.8212280273438,807.7999877929688,813.5,792.2999877929688,807.9500122070312,7405639,Axis Bank,AXISBANK.NS
2021-10-22,812.6774291992188,816.7000122070312,825.0,806.7999877929688,812.0,10646970,Axis Bank,AXISBANK.NS
2021-10-25,840.9375,845.0999755859375,866.9000244140625,825.4500122070312,830.0999755859375,29193770,Axis Bank,AXISBANK.NS
2021-10-26,837.7533569335938,841.9000244140625,851.6500244140625,823.5,848.4000244140625,16771909,Axis Bank,AXISBANK.NS
2021-10-27,783.6211547851562,787.5,840.7999877929688,785.6500244140625,840.0,39606414,Axis Bank,AXISBANK.NS
2021-10-28,754.6148071289062,758.3499755859375,789.0,754.6500244140625,787.5,19320926,Axis Bank,AXISBANK.NS
2021-10-29,738.3453369140625,742.0,762.0,714.0,762.0,21343427,Axis Bank,AXISBANK.NS
2021-11-01,748.644287109375,752.3499755859375,760.0,740.0,755.0,11694854,Axis Bank,AXISBANK.NS
2021-11-02,752.1270751953125,755.8499755859375,761.3499755859375,748.0499877929688,752.5,11812106,Axis Bank,AXISBANK.NS
2021-11-03,746.9029541015625,750.5999755859375,762.6500244140625,748.5,759.4500122070312,10529505,Axis Bank,AXISBANK.NS
2021-11-04,749.241455078125,752.9500122070312,757.0499877929688,751.4000244140625,757.0,793433,Axis Bank,AXISBANK.NS
2021-11-08,747.3507690429688,751.0499877929688,761.0,741.5,761.0,13872770,Axis Bank,AXISBANK.NS
2021-11-09,741.3802490234375,745.0499877929688,753.9500122070312,743.3499755859375,750.0,12120207,Axis Bank,AXISBANK.NS
2021-11-10,745.6591186523438,749.3499755859375,753.3499755859375,732.0,742.7000122070312,10844883,Axis Bank,AXISBANK.NS
2021-11-11,734.4148559570312,738.0499877929688,748.0,735.0999755859375,748.0,6195359,Axis Bank,AXISBANK.NS
2021-11-12,732.4246215820312,736.0499877929688,742.7999877929688,733.5,742.7999877929688,9372897,Axis Bank,AXISBANK.NS
2021-11-15,729.638427734375,733.25,744.0,728.0,738.0,12849161,Axis Bank,AXISBANK.NS
2021-11-16,722.5733642578125,726.1500244140625,733.2999877929688,721.2999877929688,733.25,8978763,Axis Bank,AXISBANK.NS
2021-11-17,708.8413696289062,712.3499755859375,724.9000244140625,706.75,721.0,18083445,Axis Bank,AXISBANK.NS
2021-11-18,702.8709106445312,706.3499755859375,716.0,701.9000244140625,715.0,13458109,Axis Bank,AXISBANK.NS
2021-11-22,683.019287109375,686.4000244140625,713.0,677.4000244140625,713.0,16741079,Axis Bank,AXISBANK.NS
2021-11-23,682.2728881835938,685.6500244140625,692.6500244140625,677.3499755859375,681.0,16575348,Axis Bank,AXISBANK.NS
2021-11-24,681.7753295898438,685.1500244140625,695.0999755859375,682.0499877929688,690.0,11463429,Axis Bank,AXISBANK.NS
2021-11-25,676.5512084960938,679.9000244140625,687.0,676.5499877929688,686.0,9760486,Axis Bank,AXISBANK.NS
2021-11-26,658.4906616210938,661.75,674.9000244140625,660.4500122070312,669.0,10252753,Axis Bank,AXISBANK.NS
2021-11-29,647.89306640625,651.0999755859375,665.4500122070312,649.3499755859375,665.0499877929688,12084376,Axis Bank,AXISBANK.NS
2021-11-30,652.4205932617188,655.6500244140625,677.4500122070312,648.0,648.0,24699809,Axis Bank,AXISBANK.NS
2021-12-01,676.252685546875,679.5999755859375,681.4000244140625,660.0,664.9000244140625,16184200,Axis Bank,AXISBANK.NS
2021-12-02,672.7698974609375,676.0999755859375,678.7999877929688,668.0499877929688,675.0,8612601,Axis Bank,AXISBANK.NS
2021-12-03,669.6851806640625,673.0,687.3499755859375,671.0,679.0999755859375,9505985,Axis Bank,AXISBANK.NS
2021-12-06,659.833984375,663.0999755859375,678.75,661.1500244140625,674.0,8022785,Axis Bank,AXISBANK.NS
2021-12-07,683.6162719726562,687.0,691.5499877929688,670.0,672.0,15123987,Axis Bank,AXISBANK.NS
2021-12-08,693.6664428710938,697.0999755859375,701.5499877929688,687.6500244140625,695.0,11670826,Axis Bank,AXISBANK.NS
2021-12-09,690.5320434570312,693.9500122070312,699.9000244140625,688.0,698.1500244140625,7021395,Axis Bank,AXISBANK.NS
2021-12-10,684.6610717773438,688.0499877929688,691.9500122070312,683.75,690.0999755859375,5549743,Axis Bank,AXISBANK.NS
2021-12-13,700.532470703125,704.0,711.9000244140625,693.0999755859375,699.0,13634563,Axis Bank,AXISBANK.NS
2021-12-14,707.3984985351562,710.9000244140625,714.0,697.5999755859375,701.0,8612512,Axis Bank,AXISBANK.NS
2021-12-15,708.9906005859375,712.5,720.0,707.5499877929688,712.4000244140625,7692888,Axis Bank,AXISBANK.NS
2021-12-16,706.1547241210938,709.6500244140625,721.9500122070312,705.0499877929688,719.0,7309187,Axis Bank,AXISBANK.NS
2021-12-17,685.5068969726562,688.9000244140625,708.0,685.0999755859375,707.5,7844705,Axis Bank,AXISBANK.NS
2021-12-20,671.0285034179688,674.3499755859375,681.8499755859375,660.0999755859375,680.9500122070312,9934646,Axis Bank,AXISBANK.NS
2021-12-21,662.5703735351562,665.8499755859375,683.0,662.5,683.0,10116104,Axis Bank,AXISBANK.NS
2021-12-22,666.0531616210938,669.3499755859375,676.8499755859375,664.0,670.0,7489534,Axis Bank,AXISBANK.NS
2021-12-23,675.4566040039062,678.7999877929688,684.5,672.5999755859375,677.0,6884683,Axis Bank,AXISBANK.NS
2021-12-24,664.2122192382812,667.5,682.0,662.4500122070312,681.1500244140625,6028893,Axis Bank,AXISBANK.NS
2021-12-27,668.8394775390625,672.1500244140625,674.5999755859375,655.9500122070312,663.0499877929688,6996729,Axis Bank,AXISBANK.NS
2021-12-28,672.1231079101562,675.4500122070312,680.8499755859375,672.0,677.2999877929688,4645547,Axis Bank,AXISBANK.NS
2021-12-29,667.197509765625,670.5,679.5999755859375,667.25,674.5,3969894,Axis Bank,AXISBANK.NS
2021-12-30,665.5556030273438,668.8499755859375,673.0999755859375,664.5,668.0,5119705,Axis Bank,AXISBANK.NS
2021-12-31,675.207763671875,678.5499877929688,686.5,671.2000122070312,672.9500122070312,5586980,Axis Bank,AXISBANK.NS
2022-01-03,692.920166015625,696.3499755859375,698.5,679.0,680.25,8550860,Axis Bank,AXISBANK.NS
2022-01-04,705.6571655273438,709.1500244140625,711.0499877929688,700.0499877929688,701.0,9705906,Axis Bank,AXISBANK.NS
2022-01-05,723.3197021484375,726.9000244140625,730.9000244140625,707.75,711.9000244140625,11312955,Axis Bank,AXISBANK.NS
2022-01-06,726.7029418945312,730.2999877929688,733.5,719.0,719.9500122070312,7955578,Axis Bank,AXISBANK.NS
2022-01-07,727.0014038085938,730.5999755859375,740.9000244140625,725.25,734.0,10454143,Axis Bank,AXISBANK.NS
2022-01-10,739.1414184570312,742.7999877929688,744.0,733.2000122070312,733.6500244140625,9595787,Axis Bank,AXISBANK.NS
2022-01-11,739.5891723632812,743.25,747.0499877929688,737.2999877929688,742.9000244140625,7252279,Axis Bank,AXISBANK.NS
2022-01-12,743.17138671875,746.8499755859375,751.4500122070312,743.1500244140625,749.6500244140625,5294563,Axis Bank,AXISBANK.NS
2022-01-13,737.0517578125,740.7000122070312,749.0,737.0499877929688,749.0,5196538,Axis Bank,AXISBANK.NS
2022-01-14,718.1453247070312,721.7000122070312,735.9500122070312,716.0499877929688,734.7999877929688,16302342,Axis Bank,AXISBANK.NS
2022-01-17,709.139892578125,712.6500244140625,720.5999755859375,709.5,719.0,19680557,Axis Bank,AXISBANK.NS
2022-01-18,721.6281127929688,725.2000122070312,735.9000244140625,714.25,717.5,24055886,Axis Bank,AXISBANK.NS
2022-01-19,726.00634765625,729.5999755859375,731.9500122070312,718.7000122070312,725.2000122070312,7746270,Axis Bank,AXISBANK.NS
2022-01-20,725.3098754882812,728.9000244140625,737.1500244140625,722.1500244140625,731.0499877929688,8505400,Axis Bank,AXISBANK.NS
2022-01-21,708.9906005859375,712.5,725.25,708.0499877929688,722.0,10689060,Axis Bank,AXISBANK.NS
2022-01-24,701.1295166015625,704.5999755859375,716.4000244140625,688.2000122070312,715.0,8812501,Axis Bank,AXISBANK.NS
2022-01-25,748.4951171875,752.2000122070312,755.0,708.5999755859375,714.0,38088158,Axis Bank,AXISBANK.NS
2022-01-27,770.0384521484375,773.8499755859375,777.0,738.0999755859375,744.0,34927774,Axis Bank,AXISBANK.NS
2022-01-28,760.9335327148438,764.7000122070312,784.7000122070312,761.5,778.0999755859375,17765524,Axis Bank,AXISBANK.NS
2022-01-31,769.2423706054688,773.0499877929688,777.7999877929688,762.3499755859375,775.4500122070312,12319200,Axis Bank,AXISBANK.NS
2022-02-01,778.0488891601562,781.9000244140625,793.9000244140625,769.0999755859375,778.0999755859375,15457534,Axis Bank,AXISBANK.NS
2022-02-02,800.1395263671875,804.0999755859375,805.9000244140625,787.3499755859375,790.0,13478899,Axis Bank,AXISBANK.NS
2022-02-03,795.6118774414062,799.5499877929688,811.9000244140625,793.0499877929688,802.2000122070312,10802708,Axis Bank,AXISBANK.NS
2022-02-04,794.61669921875,798.5499877929688,804.5,791.1500244140625,796.9500122070312,10776387,Axis Bank,AXISBANK.NS
2022-02-07,785.7108154296875,789.5999755859375,803.5999755859375,784.0999755859375,802.5,10939179,Axis Bank,AXISBANK.NS
2022-02-08,794.61669921875,798.5499877929688,801.0,776.1500244140625,794.0,12300670,Axis Bank,AXISBANK.NS
2022-02-09,799.8906860351562,803.8499755859375,809.5,800.1500244140625,801.0,9399830,Axis Bank,AXISBANK.NS
2022-02-10,805.8114013671875,809.7999877929688,815.9500122070312,803.0999755859375,807.5499877929688,12848281,Axis Bank,AXISBANK.NS
2022-02-11,799.8408813476562,803.7999877929688,809.9000244140625,798.5,800.9500122070312,9717894,Axis Bank,AXISBANK.NS
2022-02-14,769.5409545898438,773.3499755859375,803.0,769.9500122070312,790.0,8617389,Axis Bank,AXISBANK.NS
2022-02-15,793.0247192382812,796.9500122070312,799.0999755859375,764.2999877929688,777.0,7426563,Axis Bank,AXISBANK.NS
2022-02-16,793.1240844726562,797.0499877929688,808.2999877929688,789.2999877929688,795.0,7457765,Axis Bank,AXISBANK.NS
2022-02-17,778.9443969726562,782.7999877929688,802.0,780.5,797.0,6516308,Axis Bank,AXISBANK.NS
2022-02-18,783.5217895507812,787.4000244140625,790.5499877929688,779.0,781.1500244140625,5466662,Axis Bank,AXISBANK.NS
2022-02-21,784.9646606445312,788.8499755859375,796.7999877929688,776.0999755859375,783.5499877929688,5635224,Axis Bank,AXISBANK.NS
2022-02-22,775.3123779296875,779.1500244140625,787.0,766.0999755859375,766.0999755859375,6923558,Axis Bank,AXISBANK.NS
2022-02-23,773.3719482421875,777.2000122070312,785.5,772.25,783.5,6303173,Axis Bank,AXISBANK.NS
2022-02-24,726.7029418945312,730.2999877929688,769.1500244140625,725.2999877929688,752.4000244140625,13085009,Axis Bank,AXISBANK.NS
2022-02-25,754.3163452148438,758.0499877929688,764.8499755859375,737.4000244140625,742.2999877929688,10066136,Axis Bank,AXISBANK.NS
2022-02-28,738.7433471679688,742.4000244140625,749.9000244140625,736.2000122070312,749.9000244140625,14463418,Axis Bank,AXISBANK.NS
2022-03-02,746.5547485351562,750.25,756.4500122070312,725.0,728.7000122070312,11691602,Axis Bank,AXISBANK.NS
2022-03-03,734.016845703125,737.6500244140625,759.4500122070312,732.4000244140625,756.0,8357181,Axis Bank,AXISBANK.NS
2022-03-04,711.4783325195312,715.0,732.5,710.0499877929688,723.0,11660648,Axis Bank,AXISBANK.NS
2022-03-07,664.2620849609375,667.5499877929688,705.0,655.5999755859375,693.0,20147061,Axis Bank,AXISBANK.NS
2022-03-08,667.0980224609375,670.4000244140625,673.75,637.0,665.0,24828458,Axis Bank,AXISBANK.NS
2022-03-09,670.8792724609375,674.2000122070312,680.5,659.0999755859375,671.5,20438651,Axis Bank,AXISBANK.NS
2022-03-10,691.5270385742188,694.9500122070312,720.4000244140625,688.25,707.9000244140625,23224756,Axis Bank,AXISBANK.NS
2022-03-11,687.4473266601562,690.8499755859375,706.6500244140625,687.4500122070312,691.9000244140625,14224356,Axis Bank,AXISBANK.NS
2022-03-14,706.5526733398438,710.0499877929688,712.4000244140625,685.0,694.7000122070312,10720884,Axis Bank,AXISBANK.NS
2022-03-15,694.7113647460938,698.1500244140625,718.0,695.0,713.0,12157425,Axis Bank,AXISBANK.NS
2022-03-16,720.28466796875,723.8499755859375,726.0,709.0999755859375,711.0,10038170,Axis Bank,AXISBANK.NS
2022-03-17,735.60888671875,739.25,746.75,736.4500122070312,737.0,13657428,Axis Bank,AXISBANK.NS
2022-03-21,722.32470703125,725.9000244140625,749.4000244140625,723.7000122070312,745.0,7495685,Axis Bank,AXISBANK.NS
2022-03-22,727.7974853515625,731.4000244140625,736.0,706.3499755859375,729.0,11117081,Axis Bank,AXISBANK.NS
2022-03-23,723.1704711914062,726.75,742.9000244140625,724.6500244140625,736.0999755859375,5886245,Axis Bank,AXISBANK.NS
2022-03-24,718.692626953125,722.25,730.4500122070312,719.0,719.0999755859375,7559843,Axis Bank,AXISBANK.NS
2022-03-25,717.697509765625,721.25,726.6500244140625,715.5,723.2999877929688,5430894,Axis Bank,AXISBANK.NS
2022-03-28,732.3748779296875,736.0,737.9000244140625,715.0499877929688,726.0,7077669,Axis Bank,AXISBANK.NS
2022-03-29,734.1660766601562,737.7999877929688,741.6500244140625,731.0,741.6500244140625,6174137,Axis Bank,AXISBANK.NS
2022-03-30,746.7537231445312,750.4500122070312,765.8499755859375,741.2999877929688,747.0,16618114,Axis Bank,AXISBANK.NS
2022-03-31,757.4010620117188,761.1500244140625,763.0,751.2999877929688,763.0,20449544,Axis Bank,AXISBANK.NS
2022-04-01,770.7349853515625,774.5499877929688,775.75,755.1500244140625,760.0,9321859,Axis Bank,AXISBANK.NS
2022-04-04,780.2379150390625,784.0999755859375,785.5,767.0,780.0,10959783,Axis Bank,AXISBANK.NS
2022-04-05,779.242919921875,783.0999755859375,796.0,776.0,776.0,7334134,Axis Bank,AXISBANK.NS
2022-04-06,769.88916015625,773.7000122070312,779.9500122070312,769.2000122070312,777.0,9954921,Axis Bank,AXISBANK.NS
2022-04-07,788.1986083984375,792.0999755859375,795.0,769.2000122070312,769.5,9820244,Axis Bank,AXISBANK.NS
2022-04-08,790.9847412109375,794.9000244140625,800.7000122070312,789.0,794.9000244140625,8104237,Axis Bank,AXISBANK.NS
2022-04-11,782.1784057617188,786.0499877929688,794.25,784.0499877929688,789.4500122070312,6340427,Axis Bank,AXISBANK.NS
2022-04-12,794.517333984375,798.4500122070312,801.0,777.7999877929688,780.0999755859375,7672215,Axis Bank,AXISBANK.NS
2022-04-13,789.1439208984375,793.0499877929688,805.7999877929688,790.8499755859375,805.7999877929688,7640132,Axis Bank,AXISBANK.NS
2022-04-18,794.9153442382812,798.8499755859375,801.6500244140625,776.0,780.0,11478317,Axis Bank,AXISBANK.NS
2022-04-19,793.8705444335938,797.7999877929688,816.2000122070312,785.5499877929688,805.0,8711816,Axis Bank,AXISBANK.NS
2022-04-20,790.7857666015625,794.7000122070312,802.4500122070312,788.5999755859375,800.8499755859375,6676491,Axis Bank,AXISBANK.NS
2022-04-21,797.850830078125,801.7999877929688,804.0,790.5499877929688,795.0999755859375,6851615,Axis Bank,AXISBANK.NS
2022-04-22,776.7551879882812,780.5999755859375,798.0,778.2000122070312,796.0,6255027,Axis Bank,AXISBANK.NS
2022-04-25,776.854736328125,780.7000122070312,788.7999877929688,761.25,772.0,8023525,Axis Bank,AXISBANK.NS
2022-04-26,771.1827392578125,775.0,796.5999755859375,769.0,791.0,11087204,Axis Bank,AXISBANK.NS
2022-04-27,762.1276245117188,765.9000244140625,772.9500122070312,749.0,765.5999755859375,11485697,Axis Bank,AXISBANK.NS
2022-04-28,775.9591674804688,779.7999877929688,785.4500122070312,766.3499755859375,776.9000244140625,11037317,Axis Bank,AXISBANK.NS
2022-04-29,725.0113525390625,728.5999755859375,766.8499755859375,725.0,765.0,34401710,Axis Bank,AXISBANK.NS
2022-05-02,723.7674560546875,727.3499755859375,738.2000122070312,718.5,722.0,16136040,Axis Bank,AXISBANK.NS
2022-05-04,703.7167358398438,707.2000122070312,735.1500244140625,704.0,733.0,14548684,Axis Bank,AXISBANK.NS
2022-05-05,698.890625,702.3499755859375,721.7999877929688,698.9000244140625,716.0,12726146,Axis Bank,AXISBANK.NS
2022-05-06,670.0831909179688,673.4000244140625,692.5,668.0999755859375,690.0,15511195,Axis Bank,AXISBANK.NS
2022-05-09,660.4310302734375,663.7000122070312,669.0,648.7999877929688,660.2000122070312,13999329,Axis Bank,AXISBANK.NS
2022-05-10,656.5004272460938,659.75,672.0999755859375,657.5499877929688,663.7000122070312,9523698,Axis Bank,AXISBANK.NS
2022-05-11,669.0383911132812,672.3499755859375,676.0,655.4500122070312,661.7000122070312,9352398,Axis Bank,AXISBANK.NS
2022-05-12,646.4502563476562,649.6500244140625,667.0,644.0,667.0,11166084,Axis Bank,AXISBANK.NS
2022-05-13,632.8176879882812,635.9500122070312,659.4000244140625,633.4000244140625,656.4000244140625,9618627,Axis Bank,AXISBANK.NS
2022-05-16,635.802978515625,638.9500122070312,649.2000122070312,630.0499877929688,639.8499755859375,6159695,Axis Bank,AXISBANK.NS
2022-05-17,651.7240600585938,654.9500122070312,657.5,641.1500244140625,642.9000244140625,8152237,Axis Bank,AXISBANK.NS
2022-05-18,656.2019653320312,659.4500122070312,670.4000244140625,650.2999877929688,654.75,13013873,Axis Bank,AXISBANK.NS
2022-05-19,646.9974365234375,650.2000122070312,657.75,641.2000122070312,643.2999877929688,9216948,Axis Bank,AXISBANK.NS
2022-05-20,669.78466796875,673.0999755859375,675.75,658.0,659.75,9708672,Axis Bank,AXISBANK.NS
2022-05-23,672.0236206054688,675.3499755859375,684.7999877929688,668.5499877929688,673.0,7919353,Axis Bank,AXISBANK.NS
2022-05-24,660.779296875,664.0499877929688,681.4500122070312,661.2000122070312,669.7000122070312,8088546,Axis Bank,AXISBANK.NS
2022-05-25,661.7246704101562,665.0,672.6500244140625,660.0499877929688,668.0,5169619,Axis Bank,AXISBANK.NS
2022-05-26,679.8847045898438,683.25,685.25,668.0,672.9500122070312,10114633,Axis Bank,AXISBANK.NS
2022-05-27,684.9097900390625,688.2999877929688,693.7999877929688,684.25,689.0,5539060,Axis Bank,AXISBANK.NS
2022-05-30,690.2334594726562,693.6500244140625,698.0,690.0999755859375,695.0999755859375,3818060,Axis Bank,AXISBANK.NS
2022-05-31,681.8251342773438,685.2000122070312,696.0,683.0499877929688,689.0,10410424,Axis Bank,AXISBANK.NS
2022-06-01,682.6708374023438,686.0499877929688,692.4500122070312,680.5,683.0,6966674,Axis Bank,AXISBANK.NS
2022-06-02,688.143798828125,691.5499877929688,693.1500244140625,682.0,682.0,6347433,Axis Bank,AXISBANK.NS
2022-06-03,673.9639892578125,677.2999877929688,698.0,673.1500244140625,697.2999877929688,8475726,Axis Bank,AXISBANK.NS
2022-06-06,668.8890991210938,672.2000122070312,684.0,670.2999877929688,677.0,6756864,Axis Bank,AXISBANK.NS
2022-06-07,662.5703735351562,665.8499755859375,678.0,661.0999755859375,672.2000122070312,8312778,Axis Bank,AXISBANK.NS
2022-06-08,655.3560791015625,658.5999755859375,673.5499877929688,655.4500122070312,670.0,9282494,Axis Bank,AXISBANK.NS
2022-06-09,658.0427856445312,661.2999877929688,662.75,650.0,656.9500122070312,5682743,Axis Bank,AXISBANK.NS
2022-06-10,657.4458618164062,660.7000122070312,663.7000122070312,652.2000122070312,655.5,6758832,Axis Bank,AXISBANK.NS
2022-06-13,645.753662109375,648.9500122070312,652.0,640.0999755859375,646.9500122070312,6135431,Axis Bank,AXISBANK.NS
2022-06-14,647.5447387695312,650.75,655.7000122070312,643.0999755859375,645.0,5391833,Axis Bank,AXISBANK.NS
2022-06-15,647.2959594726562,650.5,656.3499755859375,647.2000122070312,654.0,4638336,Axis Bank,AXISBANK.NS
2022-06-16,631.7728881835938,634.9000244140625,658.2000122070312,631.0499877929688,657.5,5960283,Axis Bank,AXISBANK.NS
2022-06-17,632.0714111328125,635.2000122070312,640.7999877929688,626.5999755859375,630.0,6849201,Axis Bank,AXISBANK.NS
2022-06-20,625.205322265625,628.2999877929688,637.1500244140625,622.2000122070312,635.25,5305222,Axis Bank,AXISBANK.NS
2022-06-21,633.3649291992188,636.5,645.3499755859375,628.1500244140625,632.0,10333886,Axis Bank,AXISBANK.NS
2022-06-22,623.7127075195312,626.7999877929688,633.6500244140625,621.25,632.5499877929688,5899024,Axis Bank,AXISBANK.NS
2022-06-23,626.2501831054688,629.3499755859375,640.8499755859375,618.25,627.4000244140625,8450777,Axis Bank,AXISBANK.NS
2022-06-24,630.8773193359375,634.0,642.4500122070312,631.6500244140625,634.3499755859375,6918584,Axis Bank,AXISBANK.NS
2022-06-27,633.9619140625,637.0999755859375,646.9000244140625,634.7000122070312,644.0,4552114,Axis Bank,AXISBANK.NS
2022-06-28,639.1861572265625,642.3499755859375,644.7000122070312,632.0,634.0,10711123,Axis Bank,AXISBANK.NS
2022-06-29,622.4689331054688,625.5499877929688,637.7999877929688,623.5,636.3499755859375,13620084,Axis Bank,AXISBANK.NS
2022-06-30,633.6635131835938,636.7999877929688,639.2999877929688,623.6500244140625,624.0,10563138,Axis Bank,AXISBANK.NS
2022-07-01,640.7783203125,643.9500122070312,646.5999755859375,631.7999877929688,633.0,6549359,Axis Bank,AXISBANK.NS
2022-07-04,651.1270141601562,654.3499755859375,655.1500244140625,640.5,641.5499877929688,3933384,Axis Bank,AXISBANK.NS
2022-07-05,645.3057861328125,648.5,659.9000244140625,646.0,656.0999755859375,5044787,Axis Bank,AXISBANK.NS
2022-07-06,654.7092895507812,657.9500122070312,659.4000244140625,651.0,652.0,6684686,Axis Bank,AXISBANK.NS
2022-07-07,655.9051513671875,658.1500244140625,664.5,651.6500244140625,663.4500122070312,11171714,Axis Bank,AXISBANK.NS
2022-07-08,666.8677368164062,669.1500244140625,676.7999877929688,661.4000244140625,667.0,12669533,Axis Bank,AXISBANK.NS
2022-07-11,677.5311889648438,679.8499755859375,681.9500122070312,665.3499755859375,666.5499877929688,14864123,Axis Bank,AXISBANK.NS
2022-07-12,673.8936767578125,676.2000122070312,685.25,673.0,677.0,6446810,Axis Bank,AXISBANK.NS
2022-07-13,677.5810546875,679.9000244140625,685.0,676.9500122070312,680.0,9614674,Axis Bank,AXISBANK.NS
2022-07-14,665.9707641601562,668.25,680.4500122070312,665.5999755859375,678.5999755859375,8026311,Axis Bank,AXISBANK.NS
2022-07-15,659.94140625,662.2000122070312,674.2000122070312,659.0999755859375,670.0,6015057,Axis Bank,AXISBANK.NS
2022-07-18,682.1653442382812,684.5,688.0,663.4500122070312,668.0499877929688,12464664,Axis Bank,AXISBANK.NS
2022-07-19,698.2103271484375,700.5999755859375,703.8499755859375,678.5999755859375,678.5999755859375,10171314,Axis Bank,AXISBANK.NS
2022-07-20,703.29296875,705.7000122070312,714.5,702.7000122070312,706.2999877929688,11620331,Axis Bank,AXISBANK.NS
2022-07-21,713.109375,715.5499877929688,718.4500122070312,704.3499755859375,707.9500122070312,8036515,Axis Bank,AXISBANK.NS
2022-07-22,728.2576293945312,730.75,735.0,715.0999755859375,717.0,9713490,Axis Bank,AXISBANK.NS
2022-07-25,724.8690795898438,727.3499755859375,738.7999877929688,722.5,733.5,6230411,Axis Bank,AXISBANK.NS
2022-07-26,704.04052734375,706.4500122070312,723.4500122070312,702.0499877929688,722.9000244140625,14135744,Axis Bank,AXISBANK.NS
2022-07-27,716.497802734375,718.9500122070312,720.5499877929688,703.5999755859375,707.9500122070312,6106880,Axis Bank,AXISBANK.NS
2022-07-28,723.4241943359375,725.9000244140625,733.7000122070312,723.0499877929688,725.0,6964838,Axis Bank,AXISBANK.NS
2022-07-29,722.278076171875,724.75,734.9500122070312,723.0,733.9000244140625,6624854,Axis Bank,AXISBANK.NS
2022-08-01,728.3074340820312,730.7999877929688,732.2999877929688,720.4000244140625,726.0,5493105,Axis Bank,AXISBANK.NS
2022-08-02,727.9586181640625,730.4500122070312,734.3499755859375,721.0999755859375,727.0,7275626,Axis Bank,AXISBANK.NS
2022-08-03,728.0084838867188,730.5,738.5,727.5,730.0,9458761,Axis Bank,AXISBANK.NS
2022-08-04,719.1387939453125,721.5999755859375,736.7000122070312,712.2000122070312,735.2000122070312,7466635,Axis Bank,AXISBANK.NS
2022-08-05,726.0152587890625,728.5,731.2000122070312,721.2000122070312,724.0,4583196,Axis Bank,AXISBANK.NS
2022-08-08,743.0071411132812,745.5499877929688,747.3499755859375,728.0999755859375,730.0,8191870,Axis Bank,AXISBANK.NS
2022-08-10,736.4794311523438,739.0,747.8499755859375,736.1500244140625,745.0,9069541,Axis Bank,AXISBANK.NS
2022-08-11,756.26171875,758.8499755859375,760.6500244140625,743.0499877929688,743.0499877929688,12384073,Axis Bank,AXISBANK.NS
2022-08-12,757.9559936523438,760.5499877929688,762.0,753.4000244140625,758.7000122070312,4614341,Axis Bank,AXISBANK.NS
2022-08-16,762.0419311523438,764.6500244140625,772.0,758.4500122070312,765.0,7051498,Axis Bank,AXISBANK.NS
2022-08-17,769.4664916992188,772.0999755859375,773.75,766.25,771.4000244140625,7674390,Axis Bank,AXISBANK.NS
2022-08-18,762.4406127929688,765.0499877929688,776.0,762.0999755859375,772.0,9449924,Axis Bank,AXISBANK.NS
2022-08-19,754.9163208007812,757.5,772.6500244140625,750.25,772.0,7553270,Axis Bank,AXISBANK.NS
2022-08-22,739.3197021484375,741.8499755859375,754.4500122070312,739.2000122070312,753.4000244140625,4994311,Axis Bank,AXISBANK.NS
2022-08-23,744.5020141601562,747.0499877929688,750.8499755859375,733.7999877929688,738.0,6594634,Axis Bank,AXISBANK.NS
2022-08-24,747.5914306640625,750.1500244140625,752.0499877929688,742.0,745.0,6875820,Axis Bank,AXISBANK.NS
2022-08-25,740.8145751953125,743.3499755859375,758.5999755859375,740.0,753.9000244140625,6320890,Axis Bank,AXISBANK.NS
2022-08-26,742.359375,744.9000244140625,755.0,741.2999877929688,748.0,4613713,Axis Bank,AXISBANK.NS
2022-08-29,726.2145385742188,728.7000122070312,734.9000244140625,722.0499877929688,730.0,5904146,Axis Bank,AXISBANK.NS
2022-08-30,748.9368286132812,751.5,753.5499877929688,733.0,733.0,9193270,Axis Bank,AXISBANK.NS
2022-09-01,741.6118774414062,744.1500244140625,754.9000244140625,733.5,733.5,9353805,Axis Bank,AXISBANK.NS
2022-09-02,747.6412353515625,750.2000122070312,754.5499877929688,740.25,749.0,7767812,Axis Bank,AXISBANK.NS
2022-09-05,753.5211181640625,756.0999755859375,758.7999877929688,749.3499755859375,750.2000122070312,5894055,Axis Bank,AXISBANK.NS
2022-09-06,747.4419555664062,750.0,761.5499877929688,748.7999877929688,758.0,7606181,Axis Bank,AXISBANK.NS
2022-09-07,752.8235473632812,755.4000244140625,758.0,739.0499877929688,743.1500244140625,10156460,Axis Bank,AXISBANK.NS
2022-09-08,777.0904541015625,779.75,782.2000122070312,757.0999755859375,761.75,13410790,Axis Bank,AXISBANK.NS
2022-09-09,782.173095703125,784.8499755859375,787.9500122070312,780.0,787.9500122070312,8732302,Axis Bank,AXISBANK.NS
2022-09-12,798.2679443359375,801.0,805.0,786.7999877929688,789.0,15521649,Axis Bank,AXISBANK.NS
2022-09-13,802.8024291992188,805.5499877929688,808.9500122070312,803.1500244140625,805.0,9887516,Axis Bank,AXISBANK.NS
2022-09-14,800.3109130859375,803.0499877929688,811.3499755859375,794.4000244140625,794.4000244140625,10494713,Axis Bank,AXISBANK.NS
2022-09-15,787.3055419921875,790.0,806.5,787.6500244140625,805.5,5996899,Axis Bank,AXISBANK.NS
2022-09-16,786.60791015625,789.2999877929688,792.5999755859375,776.0999755859375,786.0499877929688,11467351,Axis Bank,AXISBANK.NS
2022-09-19,795.3778686523438,798.0999755859375,802.0,786.7000122070312,789.2999877929688,11427799,Axis Bank,AXISBANK.NS
2022-09-20,809.9778442382812,812.75,816.2000122070312,802.0,806.7999877929688,8274079,Axis Bank,AXISBANK.NS
2022-09-21,803.7990112304688,806.5499877929688,816.0,803.3499755859375,809.25,6567084,Axis Bank,AXISBANK.NS
2022-09-22,786.5082397460938,789.2000122070312,808.7999877929688,784.2999877929688,805.0,7804275,Axis Bank,AXISBANK.NS
2022-09-23,765.978515625,768.5999755859375,789.0,764.25,789.0,10278805,Axis Bank,AXISBANK.NS
2022-09-26,740.067138671875,742.5999755859375,763.5,741.0,759.0,11090327,Axis Bank,AXISBANK.NS
2022-09-27,734.9844970703125,737.5,754.1500244140625,730.5,746.3499755859375,11358306,Axis Bank,AXISBANK.NS
2022-09-28,714.0064086914062,716.4500122070312,733.9000244140625,707.7000122070312,733.9000244140625,13170668,Axis Bank,AXISBANK.NS
2022-09-29,716.5477294921875,719.0,730.7999877929688,711.0,722.25,12090981,Axis Bank,AXISBANK.NS
2022-09-30,730.6992797851562,733.2000122070312,737.75,714.4000244140625,720.0,9536017,Axis Bank,AXISBANK.NS
2022-10-03,720.2848510742188,722.75,742.0,721.0499877929688,731.0,6405645,Axis Bank,AXISBANK.NS
2022-10-04,740.2664794921875,742.7999877929688,744.5,732.0,733.4000244140625,5438934,Axis Bank,AXISBANK.NS
2022-10-06,752.5245361328125,755.0999755859375,760.4000244140625,746.0,750.0,9376433,Axis Bank,AXISBANK.NS
2022-10-07,753.12255859375,755.7000122070312,757.5,742.2999877929688,753.7999877929688,7500540,Axis Bank,AXISBANK.NS
2022-10-10,774.2003784179688,776.8499755859375,778.7000122070312,745.0,748.0,14106654,Axis Bank,AXISBANK.NS
2022-10-11,782.8706665039062,785.5499877929688,795.5,774.5,780.0,15953495,Axis Bank,AXISBANK.NS
2022-10-12,805.9417114257812,808.7000122070312,810.7999877929688,783.4500122070312,789.5,21228018,Axis Bank,AXISBANK.NS
2022-10-13,799.2646484375,802.0,814.9500122070312,795.5999755859375,807.0,13024911,Axis Bank,AXISBANK.NS
2022-10-14,797.769775390625,800.5,820.7000122070312,794.4500122070312,815.5499877929688,8220645,Axis Bank,AXISBANK.NS
2022-10-17,811.3731689453125,814.1500244140625,817.0,797.0999755859375,803.5,9463827,Axis Bank,AXISBANK.NS
2022-10-18,813.5656127929688,816.3499755859375,822.9000244140625,811.5499877929688,820.0,8470882,Axis Bank,AXISBANK.NS
2022-10-19,827.01953125,829.8499755859375,838.4500122070312,816.9000244140625,818.4500122070312,10868663,Axis Bank,AXISBANK.NS
2022-10-20,823.033203125,825.8499755859375,831.9000244140625,816.9500122070312,824.9000244140625,11813817,Axis Bank,AXISBANK.NS
2022-10-21,897.3289794921875,900.4000244140625,906.0,855.8499755859375,860.0999755859375,58057724,Axis Bank,AXISBANK.NS
2022-10-24,906.34814453125,909.4500122070312,918.4500122070312,905.0,916.0,3085307,Axis Bank,AXISBANK.NS
2022-10-25,899.7705688476562,902.8499755859375,910.5999755859375,891.5999755859375,905.7000122070312,13187308,Axis Bank,AXISBANK.NS
2022-10-27,912.0286865234375,915.1500244140625,919.9500122070312,901.25,909.0,11967044,Axis Bank,AXISBANK.NS
2022-10-28,899.9699096679688,903.0499877929688,917.9500122070312,898.9000244140625,915.0,7320207,Axis Bank,AXISBANK.NS
2022-10-31,902.9098510742188,906.0,918.0,902.0999755859375,908.0,9038777,Axis Bank,AXISBANK.NS
2022-11-01,868.7767333984375,871.75,904.0,869.0,904.0,29191921,Axis Bank,AXISBANK.NS
2022-11-02,860.6046142578125,863.5499877929688,877.0,861.5999755859375,875.0,11029140,Axis Bank,AXISBANK.NS
2022-11-03,861.1029663085938,864.0499877929688,880.4000244140625,856.0,857.9000244140625,10185978,Axis Bank,AXISBANK.NS
2022-11-04,865.1390991210938,868.0999755859375,872.9000244140625,862.2999877929688,869.0,7323879,Axis Bank,AXISBANK.NS
2022-11-07,869.97265625,872.9500122070312,876.7999877929688,861.2999877929688,876.25,9931261,Axis Bank,AXISBANK.NS
2022-11-09,870.7200317382812,873.7000122070312,880.75,868.5,875.0499877929688,10190209,Axis Bank,AXISBANK.NS
2022-11-10,840.8223266601562,843.7000122070312,856.7000122070312,841.0,843.7000122070312,18956575,Axis Bank,AXISBANK.NS
2022-11-11,847.7985229492188,850.7000122070312,854.7000122070312,844.1500244140625,847.0,19329819,Axis Bank,AXISBANK.NS
2022-11-14,848.097412109375,851.0,853.9000244140625,847.3499755859375,850.5,6985306,Axis Bank,AXISBANK.NS
2022-11-15,855.7213745117188,858.6500244140625,859.8499755859375,847.2000122070312,851.25,7124767,Axis Bank,AXISBANK.NS
2022-11-16,852.4824829101562,855.4000244140625,861.5999755859375,850.5999755859375,858.0,6521854,Axis Bank,AXISBANK.NS
2022-11-17,855.2728881835938,858.2000122070312,861.4000244140625,852.7000122070312,855.4000244140625,4909607,Axis Bank,AXISBANK.NS
2022-11-18,856.26953125,859.2000122070312,865.7999877929688,855.0,859.2999877929688,7065304,Axis Bank,AXISBANK.NS
2022-11-21,867.0824584960938,870.0499877929688,870.9500122070312,859.0,860.0,7209207,Axis Bank,AXISBANK.NS
2022-11-22,867.0824584960938,870.0499877929688,877.0,868.3499755859375,874.9500122070312,5535233,Axis Bank,AXISBANK.NS
2022-11-23,871.7166137695312,874.7000122070312,877.7999877929688,868.75,873.9000244140625,5861417,Axis Bank,AXISBANK.NS
2022-11-24,875.553466796875,878.5499877929688,880.7999877929688,873.0999755859375,878.0,4928778,Axis Bank,AXISBANK.NS
2022-11-25,884.7221069335938,887.75,891.7999877929688,880.9000244140625,883.0,7614047,Axis Bank,AXISBANK.NS
2022-11-28,888.6586303710938,891.7000122070312,899.5,885.2999877929688,887.7000122070312,7928147,Axis Bank,AXISBANK.NS
2022-11-29,889.5057373046875,892.5499877929688,901.9000244140625,890.0,894.4000244140625,5661158,Axis Bank,AXISBANK.NS
2022-11-30,898.1760864257812,901.25,905.0999755859375,885.4500122070312,895.0,10452798,Axis Bank,AXISBANK.NS
2022-12-01,900.7671508789062,903.8499755859375,909.5,899.5,909.5,7053100,Axis Bank,AXISBANK.NS
2022-12-02,902.0628051757812,905.1500244140625,907.0,891.4000244140625,898.2999877929688,7988851,Axis Bank,AXISBANK.NS
2022-12-05,896.133056640625,899.2000122070312,907.2999877929688,897.5999755859375,907.0,5098164,Axis Bank,AXISBANK.NS
2022-12-06,901.5645141601562,904.6500244140625,906.9000244140625,895.7000122070312,897.5,5351099,Axis Bank,AXISBANK.NS
2022-12-07,911.5303955078125,914.6500244140625,918.0,899.8499755859375,902.7999877929688,9103656,Axis Bank,AXISBANK.NS
2022-12-08,936.1460571289062,939.3499755859375,943.9500122070312,913.75,915.6500244140625,17466047,Axis Bank,AXISBANK.NS
2022-12-09,930.515380859375,933.7000122070312,945.0,927.5999755859375,944.0,8018981,Axis Bank,AXISBANK.NS
2022-12-12,935.4485473632812,938.6500244140625,941.1500244140625,922.0,929.9000244140625,7621788,Axis Bank,AXISBANK.NS
2022-12-13,941.3782348632812,944.5999755859375,949.2999877929688,936.5999755859375,940.2000122070312,8136559,Axis Bank,AXISBANK.NS
2022-12-14,939.1856689453125,942.4000244140625,950.1500244140625,938.5,945.6500244140625,8573479,Axis Bank,AXISBANK.NS
2022-12-15,934.9501953125,938.1500244140625,944.9500122070312,932.5999755859375,939.75,7359261,Axis Bank,AXISBANK.NS
2022-12-16,931.9105834960938,935.0999755859375,945.2000122070312,929.0999755859375,932.25,6926928,Axis Bank,AXISBANK.NS
2022-12-19,942.9727783203125,946.2000122070312,948.0999755859375,932.4000244140625,935.0999755859375,4842336,Axis Bank,AXISBANK.NS
2022-12-20,946.5106811523438,949.75,952.75,940.4500122070312,943.75,9511818,Axis Bank,AXISBANK.NS
2022-12-21,929.1201782226562,932.2999877929688,958.9000244140625,928.0,953.0999755859375,8368960,Axis Bank,AXISBANK.NS
2022-12-22,916.41357421875,919.5499877929688,936.0,912.9500122070312,936.0,9202717,Axis Bank,AXISBANK.NS
2022-12-23,903.5077514648438,906.5999755859375,917.25,904.0,912.0,6371695,Axis Bank,AXISBANK.NS
2022-12-26,925.5324096679688,928.7000122070312,932.9500122070312,905.0999755859375,908.0,4764440,Axis Bank,AXISBANK.NS
2022-12-27,929.0205078125,932.2000122070312,937.7999877929688,922.5999755859375,932.4500122070312,3346083,Axis Bank,AXISBANK.NS
2022-12-28,921.5460815429688,924.7000122070312,937.4500122070312,921.2999877929688,930.9500122070312,5956496,Axis Bank,AXISBANK.NS
2022-12-29,931.3623657226562,934.5499877929688,944.0,915.7999877929688,922.7999877929688,12204113,Axis Bank,AXISBANK.NS
2022-12-30,930.5652465820312,933.75,943.5,930.3499755859375,941.25,3704449,Axis Bank,AXISBANK.NS
2023-01-02,938.3884887695312,941.5999755859375,945.0,931.7999877929688,932.25,3498198,Axis Bank,AXISBANK.NS
2023-01-03,959.017822265625,962.2999877929688,965.5999755859375,942.5999755859375,944.75,6927819,Axis Bank,AXISBANK.NS
2023-01-04,954.1843872070312,957.4500122070312,970.0,955.0,963.5,9059392,Axis Bank,AXISBANK.NS
2023-01-05,946.311279296875,949.5499877929688,961.9000244140625,938.25,960.0,6998980,Axis Bank,AXISBANK.NS
2023-01-06,936.6942749023438,939.9000244140625,950.9500122070312,934.2999877929688,946.5499877929688,5787783,Axis Bank,AXISBANK.NS
2023-01-09,955.4799194335938,958.75,960.0,941.3499755859375,946.7999877929688,7025747,Axis Bank,AXISBANK.NS
2023-01-10,948.9024658203125,952.1500244140625,964.0,942.75,964.0,7140150,Axis Bank,AXISBANK.NS
2023-01-11,946.5106811523438,949.75,955.75,942.7999877929688,953.0,7100355,Axis Bank,AXISBANK.NS
2023-01-12,932.3590698242188,935.5499877929688,949.7000122070312,924.0,949.3499755859375,8661375,Axis Bank,AXISBANK.NS
2023-01-13,930.9638671875,934.1500244140625,937.4500122070312,923.0,935.5,9083608,Axis Bank,AXISBANK.NS
2023-01-16,910.0354614257812,913.1500244140625,941.75,911.7000122070312,940.4500122070312,10008273,Axis Bank,AXISBANK.NS
2023-01-17,914.5699462890625,917.7000122070312,919.7000122070312,906.7000122070312,914.9500122070312,6904960,Axis Bank,AXISBANK.NS
2023-01-18,920.8484497070312,924.0,925.5999755859375,913.25,921.9000244140625,5730939,Axis Bank,AXISBANK.NS
2023-01-19,925.5324096679688,928.7000122070312,938.0,920.75,923.5999755859375,7721730,Axis Bank,AXISBANK.NS
2023-01-20,927.3760986328125,930.5499877929688,934.8499755859375,924.6500244140625,931.25,4511360,Axis Bank,AXISBANK.NS
2023-01-23,929.518798828125,932.7000122070312,939.7000122070312,924.4500122070312,936.0,5236124,Axis Bank,AXISBANK.NS
2023-01-24,907.0955200195312,910.2000122070312,935.0,903.75,935.0,18527897,Axis Bank,AXISBANK.NS
2023-01-25,889.306396484375,892.3499755859375,907.4500122070312,884.2000122070312,905.0,11921748,Axis Bank,AXISBANK.NS
2023-01-27,870.7698364257812,873.75,892.5,851.0,892.3499755859375,17300736,Axis Bank,AXISBANK.NS
2023-01-30,868.8762817382812,871.8499755859375,885.5,846.1500244140625,851.9000244140625,21233998,Axis Bank,AXISBANK.NS
2023-01-31,868.627197265625,871.5999755859375,879.2999877929688,861.0999755859375,873.0,16856151,Axis Bank,AXISBANK.NS
2023-02-01,854.3261108398438,857.25,895.2000122070312,833.2999877929688,876.2999877929688,12409819,Axis Bank,AXISBANK.NS
2023-02-02,865.4879150390625,868.4500122070312,872.0,837.0499877929688,850.9500122070312,9567053,Axis Bank,AXISBANK.NS
2023-02-03,879.5896606445312,882.5999755859375,885.0,859.25,873.0,7365732,Axis Bank,AXISBANK.NS
2023-02-06,879.6395263671875,882.6500244140625,899.1500244140625,870.5999755859375,871.8499755859375,10129098,Axis Bank,AXISBANK.NS
2023-02-07,876.1015625,879.0999755859375,888.4000244140625,871.5,886.8499755859375,5055187,Axis Bank,AXISBANK.NS
2023-02-08,868.7767333984375,871.75,886.4500122070312,868.25,882.0999755859375,6572818,Axis Bank,AXISBANK.NS
2023-02-09,864.7405395507812,867.7000122070312,876.1500244140625,862.5499877929688,876.1500244140625,5993312,Axis Bank,AXISBANK.NS
2023-02-10,864.2919921875,867.25,872.7000122070312,865.1500244140625,872.0499877929688,4603464,Axis Bank,AXISBANK.NS
2023-02-13,856.1697387695312,859.0999755859375,870.4500122070312,856.5,867.25,5707194,Axis Bank,AXISBANK.NS
2023-02-14,867.780029296875,870.75,871.9000244140625,854.25,862.5499877929688,7527755,Axis Bank,AXISBANK.NS
2023-02-15,865.33837890625,868.2999877929688,872.2000122070312,861.5999755859375,872.0,7322266,Axis Bank,AXISBANK.NS
2023-02-16,861.800537109375,864.75,874.2999877929688,862.25,872.7999877929688,5843235,Axis Bank,AXISBANK.NS
2023-02-17,851.9841918945312,854.9000244140625,868.25,850.0,861.0,8420479,Axis Bank,AXISBANK.NS
2023-02-20,843.8619384765625,846.75,861.2000122070312,842.5,859.7000122070312,5992322,Axis Bank,AXISBANK.NS
2023-02-21,841.171142578125,844.0499877929688,849.0,837.4000244140625,849.0,9677064,Axis Bank,AXISBANK.NS
2023-02-22,830.5076293945312,833.3499755859375,843.0,829.5499877929688,840.0,6984037,Axis Bank,AXISBANK.NS
2023-02-23,841.4700317382812,844.3499755859375,848.25,830.2000122070312,833.0499877929688,8437003,Axis Bank,AXISBANK.NS
2023-02-24,848.49609375,851.4000244140625,854.5999755859375,844.4500122070312,850.0999755859375,7763814,Axis Bank,AXISBANK.NS
2023-02-27,851.4359741210938,854.3499755859375,858.4500122070312,845.9500122070312,851.8499755859375,8064267,Axis Bank,AXISBANK.NS
2023-02-28,841.2210083007812,844.0999755859375,857.5999755859375,840.0,855.9500122070312,13012372,Axis Bank,AXISBANK.NS
2023-03-01,862.19921875,865.1500244140625,868.75,845.0499877929688,846.0499877929688,12345125,Axis Bank,AXISBANK.NS
2023-03-02,842.5663452148438,845.4500122070312,866.7999877929688,843.5,866.0,13900508,Axis Bank,AXISBANK.NS
2023-03-03,849.7418212890625,852.6500244140625,858.5999755859375,845.5999755859375,849.75,7977804,Axis Bank,AXISBANK.NS
2023-03-06,856.5684204101562,859.5,863.75,855.5999755859375,856.9500122070312,10781567,Axis Bank,AXISBANK.NS
2023-03-08,858.0135498046875,860.9500122070312,862.5,853.0499877929688,858.5,8785735,Axis Bank,AXISBANK.NS
2023-03-09,864.8401489257812,867.7999877929688,874.25,862.0,862.5,14746065,Axis Bank,AXISBANK.NS
2023-03-10,848.9944458007812,851.9000244140625,861.5999755859375,845.5,859.5999755859375,11198583,Axis Bank,AXISBANK.NS
2023-03-13,829.5110473632812,832.3499755859375,857.0,828.4500122070312,845.5999755859375,8315798,Axis Bank,AXISBANK.NS
2023-03-14,830.00927734375,832.8499755859375,835.7000122070312,817.4000244140625,828.0,12573734,Axis Bank,AXISBANK.NS
2023-03-15,821.2393188476562,824.0499877929688,843.5,819.3499755859375,838.0499877929688,6652641,Axis Bank,AXISBANK.NS
2023-03-16,827.7171630859375,830.5499877929688,837.9000244140625,814.2999877929688,821.5,8791383,Axis Bank,AXISBANK.NS
2023-03-17,834.5438842773438,837.4000244140625,841.5,823.0,835.0,7762461,Axis Bank,AXISBANK.NS
2023-03-20,834.6932983398438,837.5499877929688,841.0,825.5499877929688,836.0,10744023,Axis Bank,AXISBANK.NS
2023-03-21,852.6817016601562,855.5999755859375,857.3499755859375,838.75,840.0999755859375,11489951,Axis Bank,AXISBANK.NS
2023-03-22,846.7520141601562,849.6500244140625,859.7999877929688,847.0499877929688,855.5999755859375,8018924,Axis Bank,AXISBANK.NS
2023-03-23,845.9049072265625,848.7999877929688,861.1500244140625,845.0999755859375,847.0,9857892,Axis Bank,AXISBANK.NS
2023-03-24,837.0353393554688,839.9000244140625,852.5,837.25,846.25,8078718,Axis Bank,AXISBANK.NS
2023-03-27,830.5076293945312,833.3499755859375,842.2000122070312,829.2000122070312,841.0499877929688,10602508,Axis Bank,AXISBANK.NS
2023-03-28,829.6107177734375,832.4500122070312,837.4000244140625,826.0499877929688,837.4000244140625,11002402,Axis Bank,AXISBANK.NS
2023-03-29,839.72607421875,842.5999755859375,848.4500122070312,830.0,832.5,17121194,Axis Bank,AXISBANK.NS
2023-03-31,855.5718383789062,858.5,860.9000244140625,847.5,854.9000244140625,12946752,Axis Bank,AXISBANK.NS
2023-04-03,861.6510620117188,864.5999755859375,866.7999877929688,856.4500122070312,864.0,13266882,Axis Bank,AXISBANK.NS
2023-04-05,857.5650634765625,860.5,871.0,857.0,871.0,11890015,Axis Bank,AXISBANK.NS
2023-04-06,849.044189453125,851.9500122070312,863.25,849.0,861.7999877929688,19677316,Axis Bank,AXISBANK.NS
2023-04-10,844.4598388671875,847.3499755859375,854.9500122070312,843.9500122070312,854.7999877929688,15656078,Axis Bank,AXISBANK.NS
2023-04-11,850.3895263671875,853.2999877929688,855.7000122070312,844.0499877929688,848.25,23930907,Axis Bank,AXISBANK.NS
2023-04-12,848.1473388671875,851.0499877929688,856.6500244140625,846.6500244140625,854.9000244140625,13480335,Axis Bank,AXISBANK.NS
2023-04-13,861.4019165039062,864.3499755859375,867.7000122070312,845.0,853.6500244140625,23934570,Axis Bank,AXISBANK.NS
2023-04-17,861.6012573242188,864.5499877929688,882.0,861.0,882.0,22577380,Axis Bank,AXISBANK.NS
2023-04-18,860.4053955078125,863.3499755859375,872.0,857.0999755859375,865.3499755859375,17238709,Axis Bank,AXISBANK.NS
2023-04-19,870.4210815429688,873.4000244140625,874.5,862.5499877929688,865.0,23494247,Axis Bank,AXISBANK.NS
2023-04-20,865.7869873046875,868.75,875.5999755859375,864.1500244140625,874.7999877929688,19444753,Axis Bank,AXISBANK.NS
2023-04-21,861.25244140625,864.2000122070312,873.8499755859375,857.5,870.7999877929688,15520786,Axis Bank,AXISBANK.NS
2023-04-24,879.2907104492188,882.2999877929688,884.4000244140625,860.5,868.0,18201632,Axis Bank,AXISBANK.NS
2023-04-25,875.3541259765625,878.3499755859375,895.7999877929688,874.4000244140625,885.0,36394389,Axis Bank,AXISBANK.NS
2023-04-26,884.6224365234375,887.6500244140625,889.4500122070312,875.2000122070312,877.4000244140625,19468723,Axis Bank,AXISBANK.NS
2023-04-27,878.393798828125,881.4000244140625,890.0,877.5,888.0,15992383,Axis Bank,AXISBANK.NS
2023-04-28,857.0667114257812,860.0,890.0499877929688,853.6500244140625,885.0999755859375,23004117,Axis Bank,AXISBANK.NS
2023-05-02,867.6804809570312,870.6500244140625,876.4000244140625,864.25,870.0,12947953,Axis Bank,AXISBANK.NS
2023-05-03,856.917236328125,859.8499755859375,866.8499755859375,854.0499877929688,863.8499755859375,15103015,Axis Bank,AXISBANK.NS
2023-05-04,862.9964599609375,865.9500122070312,867.1500244140625,857.5,860.0,9756391,Axis Bank,AXISBANK.NS
2023-05-05,862.3486328125,865.2999877929688,885.0,862.75,867.1500244140625,14343308,Axis Bank,AXISBANK.NS
2023-05-08,875.4537963867188,878.4500122070312,881.4000244140625,865.2999877929688,865.2999877929688,7007882,Axis Bank,AXISBANK.NS
2023-05-09,885.2203979492188,888.25,890.2000122070312,880.0,882.2000122070312,12117151,Axis Bank,AXISBANK.NS
2023-05-10,886.8648071289062,889.9000244140625,892.5,877.5499877929688,892.0,11893027,Axis Bank,AXISBANK.NS
2023-05-11,892.8941040039062,895.9500122070312,900.0,889.0,891.0,13816121,Axis Bank,AXISBANK.NS
2023-05-12,907.5440673828125,910.6500244140625,913.5999755859375,894.0,895.2000122070312,10533272,Axis Bank,AXISBANK.NS
2023-05-15,912.6764526367188,915.7999877929688,919.5,909.1500244140625,910.6500244140625,7339579,Axis Bank,AXISBANK.NS
2023-05-16,914.6696166992188,917.7999877929688,922.5,912.0,916.2000122070312,12567615,Axis Bank,AXISBANK.NS
2023-05-17,911.6798706054688,914.7999877929688,918.9000244140625,911.25,917.7000122070312,10248327,Axis Bank,AXISBANK.NS
2023-05-18,911.5802001953125,914.7000122070312,929.5,912.5999755859375,920.0,13614127,Axis Bank,AXISBANK.NS
2023-05-19,920.8982543945312,924.0499877929688,927.0,908.9500122070312,920.9000244140625,8393002,Axis Bank,AXISBANK.NS
2023-05-22,914.4204711914062,917.5499877929688,927.75,914.4000244140625,923.0,9383158,Axis Bank,AXISBANK.NS
2023-05-23,913.0252685546875,916.1500244140625,922.5,912.4000244140625,917.5499877929688,8273445,Axis Bank,AXISBANK.NS
2023-05-24,914.5699462890625,917.7000122070312,920.8499755859375,910.2000122070312,911.1500244140625,6248545,Axis Bank,AXISBANK.NS
2023-05-25,917.908447265625,921.0499877929688,923.5499877929688,912.4500122070312,916.7000122070312,8149350,Axis Bank,AXISBANK.NS
2023-05-26,923.7883911132812,926.9500122070312,927.9000244140625,915.0,918.0,4908462,Axis Bank,AXISBANK.NS
2023-05-29,926.628662109375,929.7999877929688,937.7000122070312,928.0499877929688,931.0,7133871,Axis Bank,AXISBANK.NS
2023-05-30,934.2526245117188,937.4500122070312,939.7000122070312,928.0499877929688,930.7999877929688,7804403,Axis Bank,AXISBANK.NS
2023-05-31,911.7296752929688,914.8499755859375,939.9000244140625,910.2000122070312,937.3499755859375,34757004,Axis Bank,AXISBANK.NS
2023-06-01,916.5631713867188,919.7000122070312,930.9500122070312,916.0499877929688,922.0,11817533,Axis Bank,AXISBANK.NS
2023-06-02,922.9412841796875,926.0999755859375,930.5,920.25,922.6500244140625,11616991,Axis Bank,AXISBANK.NS
2023-06-05,947.6068725585938,950.8499755859375,953.9000244140625,927.5999755859375,927.5999755859375,14520005,Axis Bank,AXISBANK.NS
2023-06-06,964.897705078125,968.2000122070312,970.75,951.0999755859375,951.0999755859375,14457988,Axis Bank,AXISBANK.NS
2023-06-07,973.4185791015625,976.75,981.25,968.0999755859375,972.9500122070312,15795824,Axis Bank,AXISBANK.NS
2023-06-08,958.8184814453125,962.0999755859375,974.8499755859375,959.9000244140625,973.0499877929688,10209982,Axis Bank,AXISBANK.NS
2023-06-09,971.4253540039062,974.75,981.7000122070312,963.2999877929688,967.0,12947464,Axis Bank,AXISBANK.NS
2023-06-12,970.8772583007812,974.2000122070312,977.9000244140625,968.5999755859375,973.0,7465375,Axis Bank,AXISBANK.NS
2023-06-13,982.4874877929688,985.8499755859375,989.7000122070312,974.2999877929688,974.2999877929688,15233785,Axis Bank,AXISBANK.NS
2023-06-14,974.3653564453125,977.7000122070312,988.2000122070312,976.0,986.0,8644423,Axis Bank,AXISBANK.NS
2023-06-15,973.8171997070312,977.1500244140625,989.0,972.2000122070312,988.3499755859375,15978311,Axis Bank,AXISBANK.NS
2023-06-16,978.2022094726562,981.5499877929688,985.4500122070312,977.2000122070312,982.7999877929688,8860900,Axis Bank,AXISBANK.NS
2023-06-19,962.3563842773438,965.6500244140625,986.0,961.0,983.8499755859375,11025846,Axis Bank,AXISBANK.NS
2023-06-20,971.5250244140625,974.8499755859375,977.0,958.5499877929688,965.9500122070312,7596593,Axis Bank,AXISBANK.NS
2023-06-21,962.7052001953125,966.0,978.2999877929688,963.1500244140625,978.2999877929688,7805855,Axis Bank,AXISBANK.NS
2023-06-22,963.3031005859375,966.5999755859375,973.4500122070312,958.7000122070312,962.2000122070312,10135883,Axis Bank,AXISBANK.NS
2023-06-23,955.1312255859375,958.4000244140625,965.5,954.5499877929688,960.0,6188008,Axis Bank,AXISBANK.NS
2023-06-26,957.2738037109375,960.5499877929688,963.5,953.0999755859375,959.5,5799528,Axis Bank,AXISBANK.NS
2023-06-27,969.9304809570312,973.25,976.0,960.7999877929688,967.0,6921886,Axis Bank,AXISBANK.NS
2023-06-28,974.8635864257812,978.2000122070312,984.0,967.0,979.0,10010996,Axis Bank,AXISBANK.NS
2023-06-30,984.08203125,987.4500122070312,989.8499755859375,976.0,977.0999755859375,7096350,Axis Bank,AXISBANK.NS
2023-07-03,978.750244140625,982.0999755859375,990.0,978.0,990.0,5562743,Axis Bank,AXISBANK.NS
2023-07-04,967.3892211914062,970.7000122070312,984.8499755859375,969.0,982.0999755859375,7396806,Axis Bank,AXISBANK.NS
2023-07-05,963.2034912109375,966.5,975.5,962.0999755859375,969.0,8200047,Axis Bank,AXISBANK.NS
2023-07-06,977.604248046875,980.9500122070312,986.0999755859375,961.0,961.0,10221727,Axis Bank,AXISBANK.NS
2023-07-07,974.362060546875,976.7000122070312,989.4500122070312,971.7999877929688,976.25,6236524,Axis Bank,AXISBANK.NS
2023-07-10,961.7422485351562,964.0499877929688,986.0,960.4000244140625,976.7000122070312,7138850,Axis Bank,AXISBANK.NS
2023-07-11,950.9182739257812,953.2000122070312,971.75,950.5999755859375,967.9000244140625,10616390,Axis Bank,AXISBANK.NS
2023-07-12,947.7258911132812,950.0,957.5499877929688,947.0,956.7000122070312,10141257,Axis Bank,AXISBANK.NS
2023-07-13,957.8516235351562,960.1500244140625,966.0,952.1500244140625,956.2999877929688,13079930,Axis Bank,AXISBANK.NS
2023-07-14,954.7590942382812,957.0499877929688,967.0,947.75,964.4500122070312,5383514,Axis Bank,AXISBANK.NS
2023-07-17,962.5403442382812,964.8499755859375,968.9000244140625,950.4500122070312,960.0,8472444,Axis Bank,AXISBANK.NS
2023-07-18,961.3432006835938,963.6500244140625,979.9500122070312,951.2999877929688,964.0,14457717,Axis Bank,AXISBANK.NS
2023-07-19,961.9916381835938,964.2999877929688,969.9000244140625,956.5,964.0,7574544,Axis Bank,AXISBANK.NS
2023-07-20,975.5592041015625,977.9000244140625,979.9000244140625,957.5999755859375,963.9000244140625,15329753,Axis Bank,AXISBANK.NS
2023-07-21,968.9749145507812,971.2999877929688,985.0,968.0,971.5999755859375,6230317,Axis Bank,AXISBANK.NS
2023-07-24,969.1743774414062,971.5,984.9500122070312,968.7999877929688,973.4500122070312,9167788,Axis Bank,AXISBANK.NS
2023-07-25,960.1959838867188,962.5,977.6500244140625,953.7999877929688,977.6500244140625,13448045,Axis Bank,AXISBANK.NS
2023-07-26,974.461669921875,976.7999877929688,980.0,963.2999877929688,966.8499755859375,8298226,Axis Bank,AXISBANK.NS
2023-07-27,957.602294921875,959.9000244140625,990.0,955.75,989.3499755859375,17858061,Axis Bank,AXISBANK.NS
2023-07-28,947.676025390625,949.9500122070312,969.75,942.2000122070312,959.9000244140625,8504392,Axis Bank,AXISBANK.NS
2023-07-31,951.6165771484375,953.9000244140625,958.5999755859375,948.2999877929688,954.7000122070312,6601991,Axis Bank,AXISBANK.NS
2023-08-01,957.602294921875,959.9000244140625,964.0,952.0,956.0,8409096,Axis Bank,AXISBANK.NS
2023-08-02,942.9872436523438,945.25,958.9000244140625,936.5999755859375,951.5,9324465,Axis Bank,AXISBANK.NS
2023-08-03,933.3104858398438,935.5499877929688,946.5999755859375,927.1500244140625,944.0999755859375,17076611,Axis Bank,AXISBANK.NS
2023-08-04,949.9705200195312,952.25,954.8499755859375,934.6500244140625,947.0,12376086,Axis Bank,AXISBANK.NS
2023-08-07,945.1321411132812,947.4000244140625,955.0,944.5499877929688,952.25,10922609,Axis Bank,AXISBANK.NS
2023-08-08,950.6190185546875,952.9000244140625,959.9000244140625,944.0499877929688,950.0,11512735,Axis Bank,AXISBANK.NS
2023-08-09,947.7258911132812,950.0,953.2999877929688,944.2999877929688,952.0,7701831,Axis Bank,AXISBANK.NS
2023-08-10,937.50048828125,939.75,951.9500122070312,937.2999877929688,948.0,13590891,Axis Bank,AXISBANK.NS
2023-08-11,934.95654296875,937.2000122070312,945.7000122070312,933.0,937.5,9558237,Axis Bank,AXISBANK.NS
2023-08-14,937.699951171875,939.9500122070312,943.2999877929688,928.9000244140625,935.0,7172522,Axis Bank,AXISBANK.NS
2023-08-16,930.81640625,933.0499877929688,940.0,931.2999877929688,935.9500122070312,7394623,Axis Bank,AXISBANK.NS
2023-08-17,934.3080444335938,936.5499877929688,943.0,931.6500244140625,935.9500122070312,9336994,Axis Bank,AXISBANK.NS
2023-08-18,940.7925415039062,943.0499877929688,945.9500122070312,931.0499877929688,934.8499755859375,6648744,Axis Bank,AXISBANK.NS
2023-08-21,950.3197021484375,952.5999755859375,954.25,943.9500122070312,944.2000122070312,6822155,Axis Bank,AXISBANK.NS
2023-08-22,954.7590942382812,957.0499877929688,959.0999755859375,948.6500244140625,953.8499755859375,10860061,Axis Bank,AXISBANK.NS
2023-08-23,976.9058837890625,979.25,980.4500122070312,958.4000244140625,962.0,12677151,Axis Bank,AXISBANK.NS
2023-08-24,979.0008544921875,981.3499755859375,994.25,979.0999755859375,984.7999877929688,11899556,Axis Bank,AXISBANK.NS
2023-08-25,980.7466430664062,983.0999755859375,988.2000122070312,970.7999877929688,974.0,6228241,Axis Bank,AXISBANK.NS
2023-08-28,987.8296508789062,990.2000122070312,992.5,980.0999755859375,980.0999755859375,8451441,Axis Bank,AXISBANK.NS
2023-08-29,978.3524169921875,980.7000122070312,991.0,977.5,990.2000122070312,8114141,Axis Bank,AXISBANK.NS
2023-08-30,980.99609375,983.3499755859375,998.0,980.0,983.0,9023083,Axis Bank,AXISBANK.NS
2023-08-31,971.169677734375,973.5,994.7000122070312,968.5999755859375,981.7999877929688,21558300,Axis Bank,AXISBANK.NS
2023-09-01,988.7774047851562,991.1500244140625,993.0,969.0,974.25,10946742,Axis Bank,AXISBANK.NS
2023-09-04,979.8987426757812,982.25,994.5499877929688,980.0,993.75,6727188,Axis Bank,AXISBANK.NS
2023-09-05,979.1006469726562,981.4500122070312,986.2000122070312,977.9000244140625,985.4500122070312,10548660,Axis Bank,AXISBANK.NS
2023-09-06,962.7399291992188,965.0499877929688,983.1500244140625,961.7999877929688,981.4500122070312,16351052,Axis Bank,AXISBANK.NS
2023-09-07,975.8584594726562,978.2000122070312,979.7999877929688,963.0999755859375,965.0499877929688,8686550,Axis Bank,AXISBANK.NS
2023-09-08,977.9533081054688,980.2999877929688,987.2999877929688,972.5,978.2000122070312,6439351,Axis Bank,AXISBANK.NS
2023-09-11,998.0053100585938,1000.4000244140625,1004.0,979.0,981.7999877929688,7130484,Axis Bank,AXISBANK.NS
2023-09-12,998.5040283203125,1000.9000244140625,1010.0,998.0499877929688,1010.0,8958327,Axis Bank,AXISBANK.NS
2023-09-13,1012.0216674804688,1014.4500122070312,1017.0,993.7000122070312,1002.9500122070312,12254423,Axis Bank,AXISBANK.NS
2023-09-14,1018.4561767578125,1020.9000244140625,1022.4000244140625,1009.0499877929688,1014.4500122070312,7855558,Axis Bank,AXISBANK.NS
2023-09-15,1024.6912841796875,1027.1500244140625,1031.75,1014.5499877929688,1021.0,8986157,Axis Bank,AXISBANK.NS
2023-09-18,1022.2970581054688,1024.75,1029.9000244140625,1019.0,1021.5499877929688,6397319,Axis Bank,AXISBANK.NS
2023-09-20,1024.8409423828125,1027.300048828125,1047.5,1012.2999877929688,1012.2999877929688,13619788,Axis Bank,AXISBANK.NS
2023-09-21,1012.0216674804688,1014.4500122070312,1033.5999755859375,1012.0999755859375,1026.5999755859375,8156588,Axis Bank,AXISBANK.NS
2023-09-22,1015.8125610351562,1018.25,1027.25,1008.0,1010.0,7108110,Axis Bank,AXISBANK.NS
2023-09-25,1016.5109252929688,1018.9500122070312,1026.0,1005.1500244140625,1015.2000122070312,7123890,Axis Bank,AXISBANK.NS
2023-09-26,1011.7223510742188,1014.1500244140625,1020.7000122070312,1011.0,1019.0,6387615,Axis Bank,AXISBANK.NS
2023-09-27,1022.7459106445312,1025.199951171875,1027.949951171875,1004.0,1009.9500122070312,5158686,Axis Bank,AXISBANK.NS
2023-09-28,1028.4322509765625,1030.9000244140625,1037.949951171875,1025.199951171875,1027.0,15818489,Axis Bank,AXISBANK.NS
2023-09-29,1034.21826171875,1036.699951171875,1041.0,1024.5,1030.9000244140625,9528626,Axis Bank,AXISBANK.NS
2023-10-03,1038.5579833984375,1041.050048828125,1044.699951171875,1032.5999755859375,1035.0,11589322,Axis Bank,AXISBANK.NS
2023-10-04,993.1668701171875,995.5499877929688,1037.0,988.8499755859375,1035.3499755859375,22584212,Axis Bank,AXISBANK.NS
2023-10-05,1000.8484497070312,1003.25,1009.2000122070312,988.9000244140625,1000.0,7950412,Axis Bank,AXISBANK.NS
2023-10-06,998.553955078125,1000.9500122070312,1008.0,999.4000244140625,1005.0,5289753,Axis Bank,AXISBANK.NS
2023-10-09,993.8651733398438,996.25,999.7000122070312,988.25,994.7999877929688,6823214,Axis Bank,AXISBANK.NS
2023-10-10,1009.8268432617188,1012.25,1014.9500122070312,996.5,999.9000244140625,5728499,Axis Bank,AXISBANK.NS
2023-10-11,1016.6605224609375,1019.0999755859375,1025.6500244140625,1012.0,1019.0,7396783,Axis Bank,AXISBANK.NS
2023-10-12,1016.0120849609375,1018.4500122070312,1031.0,1014.9500122070312,1022.0,4920222,Axis Bank,AXISBANK.NS
2023-10-13,991.6704711914062,994.0499877929688,1011.4500122070312,992.25,1009.0,12173162,Axis Bank,AXISBANK.NS
2023-10-16,1002.3947143554688,1004.7999877929688,1009.4500122070312,990.0,990.0,4646960,Axis Bank,AXISBANK.NS
2023-10-17,1005.6369018554688,1008.0499877929688,1014.7000122070312,1003.0999755859375,1008.8499755859375,6105067,Axis Bank,AXISBANK.NS
2023-10-18,990.4733276367188,992.8499755859375,1014.0999755859375,989.3499755859375,1010.0,7818946,Axis Bank,AXISBANK.NS
2023-10-19,989.0267944335938,991.4000244140625,999.0,979.7000122070312,979.7000122070312,4836625,Axis Bank,AXISBANK.NS
2023-10-20,978.0032958984375,980.3499755859375,992.9000244140625,977.75,989.0,5664400,Axis Bank,AXISBANK.NS
2023-10-23,961.9916381835938,964.2999877929688,984.9000244140625,961.0999755859375,980.0,5896695,Axis Bank,AXISBANK.NS
2023-10-25,953.1629028320312,955.4500122070312,974.0,951.4000244140625,960.0,6957048,Axis Bank,AXISBANK.NS
2023-10-26,969.7230834960938,972.0499877929688,975.0,952.75,956.0,17540495,Axis Bank,AXISBANK.NS
2023-10-27,1000.349609375,1002.75,1004.75,973.2999877929688,980.0,13443016,Axis Bank,AXISBANK.NS
2023-10-30,986.8320922851562,989.2000122070312,1002.75,979.2000122070312,1002.75,5270567,Axis Bank,AXISBANK.NS
2023-10-31,979.4996948242188,981.8499755859375,998.0,978.0,998.0,7816805,Axis Bank,AXISBANK.NS
2023-11-01,969.4736938476562,971.7999877929688,979.2999877929688,968.0,977.8499755859375,5703984,Axis Bank,AXISBANK.NS
2023-11-02,980.5970458984375,982.9500122070312,988.3499755859375,974.0,978.0,5193982,Axis Bank,AXISBANK.NS
2023-11-03,986.4828491210938,988.8499755859375,991.4000244140625,981.5,986.0,4268048,Axis Bank,AXISBANK.NS
2023-11-06,1006.9837036132812,1009.4000244140625,1016.2000122070312,993.0999755859375,995.0,6552178,Axis Bank,AXISBANK.NS
2023-11-07,1018.4561767578125,1020.9000244140625,1022.2000122070312,1005.25,1008.0,6559859,Axis Bank,AXISBANK.NS
2023-11-08,1019.2542724609375,1021.7000122070312,1026.949951171875,1015.5999755859375,1024.0,7643314,Axis Bank,AXISBANK.NS
2023-11-09,1019.4537963867188,1021.9000244140625,1028.8499755859375,1016.6500244140625,1024.75,4407935,Axis Bank,AXISBANK.NS
2023-11-10,1026.736328125,1029.199951171875,1031.0,1016.6500244140625,1017.9000244140625,3294063,Axis Bank,AXISBANK.NS
2023-11-13,1022.8955688476562,1025.3499755859375,1031.8499755859375,1023.5,1030.050048828125,5985481,Axis Bank,AXISBANK.NS
2023-11-15,1038.8572998046875,1041.3499755859375,1045.0,1031.550048828125,1045.0,7240388,Axis Bank,AXISBANK.NS
2023-11-16,1023.8931274414062,1026.3499755859375,1044.0,1022.1500244140625,1042.800048828125,6908825,Axis Bank,AXISBANK.NS
2023-11-17,991.9697265625,994.3499755859375,1020.0,991.8499755859375,1014.9000244140625,13268353,Axis Bank,AXISBANK.NS
2023-11-20,986.333251953125,988.7000122070312,994.75,980.3499755859375,981.0,8215656,Axis Bank,AXISBANK.NS
2023-11-21,989.42578125,991.7999877929688,997.5,986.6500244140625,989.9500122070312,7061614,Axis Bank,AXISBANK.NS
2023-11-22,995.7107543945312,998.0999755859375,999.9000244140625,988.0,991.0,6103988,Axis Bank,AXISBANK.NS
2023-11-23,996.6585083007812,999.0499877929688,1003.4000244140625,995.4000244140625,999.0,3112891,Axis Bank,AXISBANK.NS
2023-11-24,1006.0859375,1008.5,1010.75,999.7000122070312,1002.0,6956281,Axis Bank,AXISBANK.NS
2023-11-28,1018.7056274414062,1021.1500244140625,1021.9500122070312,1009.25,1013.0499877929688,6173384,Axis Bank,AXISBANK.NS
2023-11-29,1057.6123046875,1060.1500244140625,1063.5,1021.1500244140625,1027.1500244140625,9422396,Axis Bank,AXISBANK.NS
2023-11-30,1071.678466796875,1074.25,1080.9000244140625,1055.449951171875,1062.699951171875,24755589,Axis Bank,AXISBANK.NS
2023-12-01,1102.0057373046875,1104.6500244140625,1109.0,1070.199951171875,1075.4000244140625,14428758,Axis Bank,AXISBANK.NS
2023-12-04,1122.905517578125,1125.5999755859375,1129.0,1099.0999755859375,1120.5,14043213,Axis Bank,AXISBANK.NS
2023-12-05,1129.739013671875,1132.449951171875,1151.8499755859375,1127.1500244140625,1136.800048828125,15804808,Axis Bank,AXISBANK.NS
2023-12-06,1117.8177490234375,1120.5,1145.699951171875,1117.949951171875,1135.0999755859375,7342767,Axis Bank,AXISBANK.NS
2023-12-07,1115.1741943359375,1117.8499755859375,1129.5999755859375,1108.5,1119.25,6439419,Axis Bank,AXISBANK.NS
2023-12-08,1128.4920654296875,1131.199951171875,1134.3499755859375,1111.5,1115.8499755859375,7300989,Axis Bank,AXISBANK.NS
2023-12-11,1113.827392578125,1116.5,1139.4000244140625,1113.8499755859375,1129.0,6924589,Axis Bank,AXISBANK.NS
2023-12-12,1128.292724609375,1131.0,1133.9000244140625,1109.0,1120.0,9044111,Axis Bank,AXISBANK.NS
2023-12-13,1112.1812744140625,1114.8499755859375,1151.0,1111.449951171875,1150.0,8184523,Axis Bank,AXISBANK.NS
2023-12-14,1117.767822265625,1120.449951171875,1138.5999755859375,1117.9000244140625,1132.4000244140625,9421193,Axis Bank,AXISBANK.NS
2023-12-15,1117.6680908203125,1120.3499755859375,1127.8499755859375,1108.5999755859375,1119.199951171875,12048410,Axis Bank,AXISBANK.NS
2023-12-18,1108.689697265625,1111.3499755859375,1120.0,1107.199951171875,1119.699951171875,7922468,Axis Bank,AXISBANK.NS
2023-12-19,1117.568359375,1120.25,1126.8499755859375,1114.199951171875,1123.800048828125,6824641,Axis Bank,AXISBANK.NS
2023-12-20,1107.5924072265625,1110.25,1123.8499755859375,1102.699951171875,1122.0,9848057,Axis Bank,AXISBANK.NS
2023-12-21,1092.7779541015625,1095.4000244140625,1103.9000244140625,1077.199951171875,1103.9000244140625,10914682,Axis Bank,AXISBANK.NS
2023-12-22,1085.69482421875,1088.300048828125,1106.300048828125,1085.800048828125,1095.4000244140625,10600025,Axis Bank,AXISBANK.NS
2023-12-26,1091.630615234375,1094.25,1100.6500244140625,1086.699951171875,1091.199951171875,5687517,Axis Bank,AXISBANK.NS
2023-12-27,1103.70166015625,1106.3499755859375,1110.550048828125,1089.6500244140625,1096.050048828125,6132936,Axis Bank,AXISBANK.NS
2023-12-28,1105.197998046875,1107.8499755859375,1113.0,1098.0,1107.25,14097667,Axis Bank,AXISBANK.NS
2023-12-29,1099.661376953125,1102.300048828125,1106.8499755859375,1093.949951171875,1101.449951171875,8786731,Axis Bank,AXISBANK.NS
2024-01-01,1095.072265625,1097.699951171875,1104.0,1093.0,1095.0,4083732,Axis Bank,AXISBANK.NS
2024-01-02,1090.633056640625,1093.25,1099.3499755859375,1082.300048828125,1095.0999755859375,7895577,Axis Bank,AXISBANK.NS
2024-01-03,1095.9700927734375,1098.5999755859375,1102.5999755859375,1081.300048828125,1091.0,10225290,Axis Bank,AXISBANK.NS
2024-01-04,1120.7109375,1123.4000244140625,1130.0,1100.050048828125,1103.0,11411683,Axis Bank,AXISBANK.NS
2024-01-05,1134.2283935546875,1136.949951171875,1139.9000244140625,1119.0,1124.0,8025466,Axis Bank,AXISBANK.NS
2024-01-08,1119.3140869140625,1122.0,1146.0,1118.5,1145.0,4735538,Axis Bank,AXISBANK.NS
2024-01-09,1113.8773193359375,1116.550048828125,1135.550048828125,1112.3499755859375,1128.550048828125,6359362,Axis Bank,AXISBANK.NS
2024-01-10,1104.3499755859375,1107.0,1116.0,1099.050048828125,1115.25,5934163,Axis Bank,AXISBANK.NS
2024-01-11,1123.05517578125,1125.75,1127.9000244140625,1111.050048828125,1111.050048828125,4683035,Axis Bank,AXISBANK.NS
2024-01-12,1117.6680908203125,1120.3499755859375,1129.449951171875,1118.050048828125,1126.3499755859375,5616755,Axis Bank,AXISBANK.NS
2024-01-15,1116.8201904296875,1119.5,1130.449951171875,1116.5999755859375,1122.0,6719079,Axis Bank,AXISBANK.NS
2024-01-16,1116.421142578125,1119.0999755859375,1127.800048828125,1115.0999755859375,1116.6500244140625,5229753,Axis Bank,AXISBANK.NS
2024-01-17,1079.709228515625,1082.300048828125,1115.0,1079.199951171875,1082.0,24913719,Axis Bank,AXISBANK.NS
2024-01-18,1094.872802734375,1097.5,1108.75,1066.0,1066.0,11473135,Axis Bank,AXISBANK.NS
2024-01-19,1113.8773193359375,1116.550048828125,1126.300048828125,1105.0,1107.1500244140625,12303696,Axis Bank,AXISBANK.NS
2024-01-23,1086.642578125,1089.25,1141.5999755859375,1078.800048828125,1125.9000244140625,18924087,Axis Bank,AXISBANK.NS
2024-01-24,1056.6146240234375,1059.1500244140625,1073.199951171875,1020.9000244140625,1034.800048828125,20884046,Axis Bank,AXISBANK.NS
2024-01-25,1039.7550048828125,1042.25,1063.699951171875,1025.800048828125,1058.0,20835434,Axis Bank,AXISBANK.NS
2024-01-29,1058.7095947265625,1061.25,1068.0,1036.0,1036.0,11188604,Axis Bank,AXISBANK.NS
2024-01-30,1051.57666015625,1054.0999755859375,1070.449951171875,1050.800048828125,1060.050048828125,9426983,Axis Bank,AXISBANK.NS
2024-01-31,1065.194091796875,1067.75,1084.0999755859375,1042.699951171875,1048.199951171875,12600390,Axis Bank,AXISBANK.NS
2024-02-01,1081.6546630859375,1084.25,1087.6500244140625,1056.800048828125,1072.6500244140625,9756682,Axis Bank,AXISBANK.NS
2024-02-02,1064.4957275390625,1067.050048828125,1096.199951171875,1065.0,1088.050048828125,8667415,Axis Bank,AXISBANK.NS
2024-02-05,1058.958984375,1061.5,1079.5,1058.0,1067.050048828125,12569454,Axis Bank,AXISBANK.NS
2024-02-06,1047.5364990234375,1050.050048828125,1065.0999755859375,1048.199951171875,1061.550048828125,8011171,Axis Bank,AXISBANK.NS
2024-02-07,1066.5408935546875,1069.0999755859375,1073.699951171875,1057.5,1061.050048828125,7281793,Axis Bank,AXISBANK.NS
2024-02-08,1033.4202880859375,1035.9000244140625,1075.5999755859375,1031.6500244140625,1072.0,9869141,Axis Bank,AXISBANK.NS
2024-02-09,1048.8831787109375,1051.4000244140625,1054.9000244140625,1034.550048828125,1039.949951171875,8233454,Axis Bank,AXISBANK.NS
2024-02-12,1044.1943359375,1046.699951171875,1057.25,1035.3499755859375,1051.4000244140625,8694379,Axis Bank,AXISBANK.NS
2024-02-13,1068.1868896484375,1070.75,1075.550048828125,1044.800048828125,1051.0,8413609,Axis Bank,AXISBANK.NS
2024-02-14,1094.224365234375,1096.8499755859375,1100.9000244140625,1060.550048828125,1061.300048828125,16609115,Axis Bank,AXISBANK.NS
2024-02-15,1069.6334228515625,1072.199951171875,1097.550048828125,1069.25,1097.5,11780823,Axis Bank,AXISBANK.NS
2024-02-16,1066.191650390625,1068.75,1076.0,1058.0,1073.0,8660907,Axis Bank,AXISBANK.NS
2024-02-19,1060.405517578125,1062.949951171875,1070.0,1060.0999755859375,1069.0,7562645,Axis Bank,AXISBANK.NS
2024-02-20,1085.994140625,1088.5999755859375,1090.5,1057.699951171875,1059.0,8722800,Axis Bank,AXISBANK.NS
2024-02-21,1081.6046142578125,1084.199951171875,1093.949951171875,1073.0999755859375,1093.8499755859375,9177213,Axis Bank,AXISBANK.NS
2024-02-22,1098.2646484375,1100.9000244140625,1110.699951171875,1081.5,1090.300048828125,14633340,Axis Bank,AXISBANK.NS
2024-02-23,1094.174560546875,1096.800048828125,1107.4000244140625,1090.0,1099.0,6250943,Axis Bank,AXISBANK.NS
2024-02-26,1082.602294921875,1085.199951171875,1094.800048828125,1079.6500244140625,1093.449951171875,5354189,Axis Bank,AXISBANK.NS
2024-02-27,1076.467041015625,1079.050048828125,1088.550048828125,1072.050048828125,1081.6500244140625,6546815,Axis Bank,AXISBANK.NS
2024-02-28,1071.6285400390625,1074.199951171875,1085.0,1064.050048828125,1077.4000244140625,7643191,Axis Bank,AXISBANK.NS
2024-02-29,1072.5264892578125,1075.0999755859375,1082.300048828125,1055.3499755859375,1071.0,13648997,Axis Bank,AXISBANK.NS
2024-03-01,1096.61865234375,1099.25,1101.699951171875,1076.0,1076.0,4819390,Axis Bank,AXISBANK.NS
2024-03-04,1104.1007080078125,1106.75,1108.9000244140625,1093.0999755859375,1099.25,5895441,Axis Bank,AXISBANK.NS
2024-03-05,1098.1650390625,1100.800048828125,1110.9000244140625,1094.5,1102.199951171875,4851446,Axis Bank,AXISBANK.NS
2024-03-06,1122.306884765625,1125.0,1131.949951171875,1095.3499755859375,1100.199951171875,13787638,Axis Bank,AXISBANK.NS
2024-03-07,1108.789306640625,1111.449951171875,1126.9000244140625,1107.550048828125,1126.0,6943879,Axis Bank,AXISBANK.NS
2024-03-11,1102.45458984375,1105.0999755859375,1120.0,1101.9000244140625,1112.25,6751641,Axis Bank,AXISBANK.NS
2024-03-12,1094.3740234375,1097.0,1121.4000244140625,1084.25,1105.0,9817138,Axis Bank,AXISBANK.NS
2024-03-13,1077.813720703125,1080.4000244140625,1099.550048828125,1070.75,1096.0,11503890,Axis Bank,AXISBANK.NS
2024-03-14,1055.7166748046875,1058.25,1081.25,1055.5999755859375,1075.0,10253613,Axis Bank,AXISBANK.NS
2024-03-15,1043.8951416015625,1046.4000244140625,1056.25,1030.25,1056.25,17798175,Axis Bank,AXISBANK.NS
2024-03-18,1058.809326171875,1061.3499755859375,1066.9000244140625,1043.5999755859375,1044.0,7612407,Axis Bank,AXISBANK.NS
2024-03-19,1048.28466796875,1050.800048828125,1060.949951171875,1046.699951171875,1055.550048828125,6728886,Axis Bank,AXISBANK.NS
2024-03-20,1032.2730712890625,1034.75,1057.449951171875,1030.949951171875,1050.0,12619644,Axis Bank,AXISBANK.NS
2024-03-21,1033.1209716796875,1035.5999755859375,1050.550048828125,1028.1500244140625,1039.3499755859375,9903738,Axis Bank,AXISBANK.NS
2024-03-22,1030.8265380859375,1033.300048828125,1047.25,1029.949951171875,1040.0999755859375,9891194,Axis Bank,AXISBANK.NS
2024-03-26,1038.0592041015625,1040.550048828125,1044.199951171875,1027.5,1029.0,9656767,Axis Bank,AXISBANK.NS
2024-03-27,1050.3297119140625,1052.8499755859375,1057.550048828125,1044.25,1045.800048828125,17027308,Axis Bank,AXISBANK.NS
2024-03-28,1044.6932373046875,1047.199951171875,1058.4000244140625,1044.0999755859375,1052.8499755859375,10235318,Axis Bank,AXISBANK.NS
2024-04-01,1050.5789794921875,1053.0999755859375,1063.75,1048.9000244140625,1052.3499755859375,5484556,Axis Bank,AXISBANK.NS
2024-04-02,1044.6932373046875,1047.199951171875,1055.8499755859375,1040.199951171875,1051.0,13617893,Axis Bank,AXISBANK.NS
2024-04-03,1060.7047119140625,1063.25,1070.300048828125,1043.75,1043.800048828125,11573590,Axis Bank,AXISBANK.NS
2024-04-04,1060.405517578125,1062.949951171875,1080.699951171875,1059.1500244140625,1070.0,17964844,Axis Bank,AXISBANK.NS
2024-04-05,1056.564697265625,1059.0999755859375,1063.0,1048.0999755859375,1061.0999755859375,9210187,Axis Bank,AXISBANK.NS
2024-04-08,1073.4742431640625,1076.050048828125,1079.449951171875,1063.550048828125,1067.0,4967186,Axis Bank,AXISBANK.NS
2024-04-09,1077.4146728515625,1080.0,1090.0,1071.3499755859375,1090.0,11385226,Axis Bank,AXISBANK.NS
2024-04-10,1085.1961669921875,1087.800048828125,1093.0,1080.0,1086.199951171875,9064074,Axis Bank,AXISBANK.NS
2024-04-12,1070.88037109375,1073.449951171875,1096.4000244140625,1071.0999755859375,1079.5,18045983,Axis Bank,AXISBANK.NS
2024-04-15,1055.41748046875,1057.949951171875,1071.0,1055.25,1063.0999755859375,8889435,Axis Bank,AXISBANK.NS
2024-04-16,1049.382080078125,1051.9000244140625,1057.8499755859375,1044.3499755859375,1049.949951171875,7107881,Axis Bank,AXISBANK.NS
2024-04-18,1021.5487670898438,1024.0,1051.4000244140625,1013.8499755859375,1044.1500244140625,17832438,Axis Bank,AXISBANK.NS
2024-04-19,1026.636474609375,1029.0999755859375,1036.949951171875,995.7000122070312,1015.0,21598007,Axis Bank,AXISBANK.NS
2024-04-22,1051.427001953125,1053.949951171875,1058.5,1032.0,1039.0,9410832,Axis Bank,AXISBANK.NS
2024-04-23,1053.2227783203125,1055.75,1060.25,1048.75,1058.0,8300012,Axis Bank,AXISBANK.NS
2024-04-24,1060.7047119140625,1063.25,1068.949951171875,1056.0,1056.0,5641163,Axis Bank,AXISBANK.NS
2024-04-25,1124.30224609375,1127.0,1133.949951171875,1086.0999755859375,1100.0,46136295,Axis Bank,AXISBANK.NS
2024-04-26,1127.5943603515625,1130.300048828125,1141.3499755859375,1123.0,1130.0,10133766,Axis Bank,AXISBANK.NS
2024-04-29,1156.4749755859375,1159.25,1164.0,1125.300048828125,1130.300048828125,15183242,Axis Bank,AXISBANK.NS
2024-04-30,1163.109130859375,1165.9000244140625,1182.9000244140625,1155.1500244140625,1160.1500244140625,18965164,Axis Bank,AXISBANK.NS
2024-05-02,1147.0975341796875,1149.8499755859375,1174.0,1148.0,1156.0,12302236,Axis Bank,AXISBANK.NS
2024-05-03,1138.7674560546875,1141.5,1163.25,1134.0999755859375,1150.9000244140625,9993632,Axis Bank,AXISBANK.NS
2024-05-06,1140.912353515625,1143.6500244140625,1156.0,1135.6500244140625,1143.9000244140625,7490104,Axis Bank,AXISBANK.NS
2024-05-07,1125.00048828125,1127.699951171875,1148.800048828125,1124.050048828125,1146.050048828125,7115509,Axis Bank,AXISBANK.NS
2024-05-08,1125.9482421875,1128.6500244140625,1135.449951171875,1118.25,1124.6500244140625,8175609,Axis Bank,AXISBANK.NS
2024-05-09,1112.9793701171875,1115.6500244140625,1134.550048828125,1112.199951171875,1122.0,5226693,Axis Bank,AXISBANK.NS
2024-05-10,1117.418701171875,1120.0999755859375,1140.0,1113.3499755859375,1123.699951171875,7242718,Axis Bank,AXISBANK.NS
2024-05-13,1129.290283203125,1132.0,1135.4000244140625,1105.050048828125,1120.0999755859375,5513160,Axis Bank,AXISBANK.NS
2024-05-14,1120.1622314453125,1122.8499755859375,1136.0999755859375,1118.0999755859375,1129.949951171875,5471143,Axis Bank,AXISBANK.NS
2024-05-15,1125.3497314453125,1128.050048828125,1131.199951171875,1118.5999755859375,1125.550048828125,5436338,Axis Bank,AXISBANK.NS
2024-05-16,1136.57275390625,1139.300048828125,1143.949951171875,1111.300048828125,1134.1500244140625,10750526,Axis Bank,AXISBANK.NS
2024-05-17,1138.6177978515625,1141.3499755859375,1146.0,1126.0999755859375,1132.0,9909986,Axis Bank,AXISBANK.NS
2024-05-21,1134.9267578125,1137.6500244140625,1145.75,1129.199951171875,1136.0,8162017,Axis Bank,AXISBANK.NS
2024-05-22,1123.3045654296875,1126.0,1142.0,1117.949951171875,1142.0,9094033,Axis Bank,AXISBANK.NS
2024-05-23,1162.460693359375,1165.25,1169.6500244140625,1125.75,1126.0,12818081,Axis Bank,AXISBANK.NS
2024-05-24,1171.189697265625,1174.0,1177.0,1160.5999755859375,1165.5,8814997,Axis Bank,AXISBANK.NS
2024-05-27,1184.1585693359375,1187.0,1196.0,1168.0,1178.9000244140625,10450046,Axis Bank,AXISBANK.NS
2024-05-28,1180.5672607421875,1183.4000244140625,1192.4000244140625,1179.0,1188.0,4018776,Axis Bank,AXISBANK.NS
2024-05-29,1156.9737548828125,1159.75,1185.9000244140625,1156.0,1172.0,9418064,Axis Bank,AXISBANK.NS
2024-05-30,1165.1541748046875,1167.949951171875,1179.800048828125,1155.0,1155.199951171875,7232217,Axis Bank,AXISBANK.NS
2024-05-31,1159.3681640625,1162.1500244140625,1178.0,1153.4000244140625,1173.0,10057642,Axis Bank,AXISBANK.NS
2024-06-03,1220.9703369140625,1223.9000244140625,1242.199951171875,1193.4000244140625,1197.050048828125,22197339,Axis Bank,AXISBANK.NS
2024-06-04,1128.5421142578125,1131.25,1224.0,1101.550048828125,1224.0,24135989,Axis Bank,AXISBANK.NS
2024-06-05,1181.66455078125,1184.5,1193.0,1110.699951171875,1138.0,21039499,Axis Bank,AXISBANK.NS
2024-06-06,1168.14697265625,1170.949951171875,1195.9000244140625,1163.25,1192.0999755859375,12006879,Axis Bank,AXISBANK.NS
2024-06-07,1183.9591064453125,1186.800048828125,1195.199951171875,1166.75,1178.0,8583998,Axis Bank,AXISBANK.NS
2024-06-10,1197.12744140625,1200.0,1212.4000244140625,1185.0,1185.0,9995057,Axis Bank,AXISBANK.NS
2024-06-11,1191.740478515625,1194.5999755859375,1209.3499755859375,1190.449951171875,1204.449951171875,9390212,Axis Bank,AXISBANK.NS
2024-06-12,1185.0565185546875,1187.9000244140625,1206.1500244140625,1184.0999755859375,1192.0999755859375,7199718,Axis Bank,AXISBANK.NS
2024-06-13,1171.838134765625,1174.6500244140625,1202.0,1173.449951171875,1201.800048828125,5321148,Axis Bank,AXISBANK.NS
2024-06-14,1178.2227783203125,1181.050048828125,1184.6500244140625,1170.0,1180.949951171875,4451031,Axis Bank,AXISBANK.NS
2024-06-18,1189.0469970703125,1191.9000244140625,1194.0,1181.1500244140625,1194.0,6837181,Axis Bank,AXISBANK.NS
2024-06-19,1223.713623046875,1226.6500244140625,1243.3499755859375,1185.5,1193.0,17987437,Axis Bank,AXISBANK.NS
2024-06-20,1236.532958984375,1239.5,1241.5,1220.4000244140625,1230.0999755859375,8206858,Axis Bank,AXISBANK.NS
2024-06-21,1234.48779296875,1237.449951171875,1246.0,1223.75,1246.0,29311314,Axis Bank,AXISBANK.NS
2024-06-24,1225.16015625,1228.0999755859375,1235.75,1225.050048828125,1231.0,6676530,Axis Bank,AXISBANK.NS
2024-06-25,1268.4063720703125,1271.449951171875,1278.75,1226.0,1234.449951171875,17607952,Axis Bank,AXISBANK.NS
2024-06-26,1282.322998046875,1285.4000244140625,1292.949951171875,1259.199951171875,1281.0999755859375,13956370,Axis Bank,AXISBANK.NS
2024-06-27,1285.864501953125,1288.949951171875,1310.0,1280.0,1310.0,22311393,Axis Bank,AXISBANK.NS
2024-06-28,1262.22119140625,1265.25,1289.9000244140625,1261.5999755859375,1283.0999755859375,7167069,Axis Bank,AXISBANK.NS
2024-07-01,1258.8792724609375,1261.9000244140625,1273.0,1256.449951171875,1273.0,5797015,Axis Bank,AXISBANK.NS
2024-07-02,1250.399658203125,1253.4000244140625,1267.8499755859375,1238.25,1265.0,9945447,Axis Bank,AXISBANK.NS
2024-07-03,1276.9359130859375,1280.0,1288.5999755859375,1243.5999755859375,1260.0,15171347,Axis Bank,AXISBANK.NS
2024-07-04,1277.8338623046875,1280.9000244140625,1293.0,1268.5,1288.0,4817380,Axis Bank,AXISBANK.NS
2024-07-05,1283.9691162109375,1287.050048828125,1295.4000244140625,1270.9000244140625,1272.0,8593502,Axis Bank,AXISBANK.NS
2024-07-08,1284.76708984375,1287.8499755859375,1297.4000244140625,1279.5999755859375,1285.0,4216951,Axis Bank,AXISBANK.NS
2024-07-09,1286.3134765625,1289.4000244140625,1295.0,1279.199951171875,1284.0,6930340,Axis Bank,AXISBANK.NS
2024-07-10,1288.55810546875,1291.6500244140625,1294.0,1275.1500244140625,1284.199951171875,9020489,Axis Bank,AXISBANK.NS
2024-07-11,1293.6458740234375,1296.75,1301.4000244140625,1276.949951171875,1301.050048828125,7848846,Axis Bank,AXISBANK.NS
2024-07-12,1315.160888671875,1317.300048828125,1339.6500244140625,1293.9000244140625,1293.9000244140625,11278987,Axis Bank,AXISBANK.NS
2024-07-15,1305.3267822265625,1307.449951171875,1324.4000244140625,1305.0,1316.699951171875,11537127,Axis Bank,AXISBANK.NS
2024-07-16,1301.8824462890625,1304.0,1318.449951171875,1299.699951171875,1307.449951171875,5433264,Axis Bank,AXISBANK.NS
2024-07-18,1307.2738037109375,1309.4000244140625,1318.5999755859375,1294.5,1300.0,6787511,Axis Bank,AXISBANK.NS
2024-07-19,1290.2513427734375,1292.3499755859375,1309.0,1288.199951171875,1305.6500244140625,4496066,Axis Bank,AXISBANK.NS
2024-07-22,1280.41748046875,1282.5,1292.3499755859375,1278.199951171875,1283.3499755859375,6695557,Axis Bank,AXISBANK.NS
2024-07-23,1261.1986083984375,1263.25,1291.0999755859375,1251.0,1288.5,8789327,Axis Bank,AXISBANK.NS
2024-07-24,1237.237548828125,1239.25,1267.3499755859375,1226.6500244140625,1262.9000244140625,10344860,Axis Bank,AXISBANK.NS
2024-07-25,1173.990478515625,1175.9000244140625,1200.0,1155.5,1200.0,32979871,Axis Bank,AXISBANK.NS
2024-07-26,1175.4381103515625,1177.3499755859375,1183.1500244140625,1155.25,1165.0,18554648,Axis Bank,AXISBANK.NS
2024-07-29,1168.1500244140625,1170.050048828125,1194.5999755859375,1163.6500244140625,1182.3499755859375,19598573,Axis Bank,AXISBANK.NS
2024-07-30,1168.10009765625,1170.0,1180.0,1160.199951171875,1164.0999755859375,18090045,Axis Bank,AXISBANK.NS
2024-07-31,1164.2064208984375,1166.0999755859375,1171.0,1154.0,1157.0,17347076,Axis Bank,AXISBANK.NS
2024-08-01,1170.396484375,1172.300048828125,1175.6500244140625,1165.449951171875,1168.0,11190500,Axis Bank,AXISBANK.NS
2024-08-02,1158.9649658203125,1160.8499755859375,1167.800048828125,1156.0999755859375,1164.0,10581445,Axis Bank,AXISBANK.NS
2024-08-05,1131.6593017578125,1133.5,1151.449951171875,1124.300048828125,1142.0,12013362,Axis Bank,AXISBANK.NS
2024-08-06,1124.2713623046875,1126.0999755859375,1151.0,1123.0999755859375,1140.0,8571122,Axis Bank,AXISBANK.NS
2024-08-07,1134.9541015625,1136.800048828125,1144.800048828125,1127.0,1138.800048828125,8370312,Axis Bank,AXISBANK.NS
2024-08-08,1136.3018798828125,1138.1500244140625,1142.800048828125,1126.0,1133.0999755859375,7903428,Axis Bank,AXISBANK.NS
2024-08-09,1140.894287109375,1142.75,1155.699951171875,1139.949951171875,1152.0,6262086,Axis Bank,AXISBANK.NS
2024-08-12,1162.409423828125,1164.300048828125,1169.0999755859375,1135.8499755859375,1146.0,9078384,Axis Bank,AXISBANK.NS
2024-08-13,1157.7169189453125,1159.5999755859375,1179.5999755859375,1155.4000244140625,1161.3499755859375,6180463,Axis Bank,AXISBANK.NS
2024-08-14,1151.2275390625,1153.0999755859375,1159.0,1148.6500244140625,1159.0,5021841,Axis Bank,AXISBANK.NS
2024-08-16,1164.9552001953125,1166.8499755859375,1170.0,1149.5999755859375,1166.4000244140625,6107134,Axis Bank,AXISBANK.NS
2024-08-19,1151.3773193359375,1153.25,1171.300048828125,1150.199951171875,1169.0,6691823,Axis Bank,AXISBANK.NS
2024-08-20,1166.1033935546875,1168.0,1177.0,1154.6500244140625,1158.0,6721749,Axis Bank,AXISBANK.NS
2024-08-21,1172.492919921875,1174.4000244140625,1178.0,1161.5,1166.5999755859375,9480630,Axis Bank,AXISBANK.NS
2024-08-22,1168.050048828125,1169.949951171875,1181.0,1168.949951171875,1179.699951171875,5841326,Axis Bank,AXISBANK.NS
2024-08-23,1164.056640625,1165.949951171875,1173.949951171875,1163.5,1170.0,5121962,Axis Bank,AXISBANK.NS
2024-08-26,1168.399658203125,1170.300048828125,1175.25,1166.0999755859375,1171.699951171875,3392612,Axis Bank,AXISBANK.NS
2024-08-27,1179.331787109375,1181.25,1184.8499755859375,1164.25,1170.0,8702113,Axis Bank,AXISBANK.NS
2024-08-28,1169.0484619140625,1170.949951171875,1181.699951171875,1169.3499755859375,1177.0,5483503,Axis Bank,AXISBANK.NS
2024-08-29,1173.4913330078125,1175.4000244140625,1179.9000244140625,1163.4000244140625,1169.0,7290114,Axis Bank,AXISBANK.NS
2024-08-30,1173.341552734375,1175.25,1182.949951171875,1171.8499755859375,1177.0,10190506,Axis Bank,AXISBANK.NS
2024-09-02,1186.86962890625,1188.800048828125,1194.0,1174.0999755859375,1176.0,6432362,Axis Bank,AXISBANK.NS
2024-09-03,1189.6650390625,1191.5999755859375,1193.550048828125,1176.699951171875,1188.0,7920246,Axis Bank,AXISBANK.NS
2024-09-04,1175.78759765625,1177.699951171875,1189.6500244140625,1173.300048828125,1182.699951171875,6527941,Axis Bank,AXISBANK.NS
2024-09-05,1178.633056640625,1180.550048828125,1182.8499755859375,1173.449951171875,1182.0,4234766,Axis Bank,AXISBANK.NS
2024-09-06,1156.8682861328125,1158.75,1181.3499755859375,1150.800048828125,1176.0,9874576,Axis Bank,AXISBANK.NS
2024-09-09,1168.94873046875,1170.8499755859375,1175.5999755859375,1145.0,1158.0,7700940,Axis Bank,AXISBANK.NS
2024-09-10,1185.2720947265625,1187.199951171875,1190.8499755859375,1173.3499755859375,1178.9000244140625,8723854,Axis Bank,AXISBANK.NS
2024-09-11,1184.1739501953125,1186.0999755859375,1194.8499755859375,1181.0,1187.199951171875,6000329,Axis Bank,AXISBANK.NS
2024-09-12,1201.3958740234375,1203.3499755859375,1205.699951171875,1176.75,1190.0999755859375,7592871,Axis Bank,AXISBANK.NS
2024-09-13,1215.4730224609375,1217.449951171875,1219.550048828125,1201.0,1209.9000244140625,6762566,Axis Bank,AXISBANK.NS
2024-09-16,1229.051025390625,1231.050048828125,1234.0,1215.0,1222.0,4039284,Axis Bank,AXISBANK.NS
2024-09-17,1230.09912109375,1232.0999755859375,1240.5999755859375,1227.5999755859375,1235.199951171875,8030427,Axis Bank,AXISBANK.NS
2024-09-18,1238.4356689453125,1240.449951171875,1250.4000244140625,1225.0,1231.9000244140625,8210034,Axis Bank,AXISBANK.NS
2024-09-19,1240.6820068359375,1242.699951171875,1261.699951171875,1239.0,1248.449951171875,8449864,Axis Bank,AXISBANK.NS
2024-09-20,1242.978271484375,1245.0,1250.0,1229.9000244140625,1244.0,15009629,Axis Bank,AXISBANK.NS
2024-09-23,1244.775390625,1246.800048828125,1252.449951171875,1240.550048828125,1251.5,5462814,Axis Bank,AXISBANK.NS
2024-09-24,1237.537109375,1239.550048828125,1247.0999755859375,1235.3499755859375,1241.0999755859375,9225946,Axis Bank,AXISBANK.NS
2024-09-25,1266.0406494140625,1268.0999755859375,1271.0,1231.0999755859375,1238.0,6853324,Axis Bank,AXISBANK.NS
2024-09-26,1275.0262451171875,1277.0999755859375,1281.6500244140625,1262.25,1267.550048828125,7270078,Axis Bank,AXISBANK.NS
2024-09-27,1271.08251953125,1273.1500244140625,1281.550048828125,1257.25,1273.0,13372027,Axis Bank,AXISBANK.NS
2024-09-30,1230.1990966796875,1232.199951171875,1275.0,1229.3499755859375,1263.5,8466919,Axis Bank,AXISBANK.NS
2024-10-01,1224.6580810546875,1226.6500244140625,1242.949951171875,1224.6500244140625,1228.0999755859375,11164280,Axis Bank,AXISBANK.NS
2024-10-03,1173.790771484375,1175.699951171875,1219.1500244140625,1173.0999755859375,1207.5,17300892,Axis Bank,AXISBANK.NS
2024-10-04,1176.4864501953125,1178.4000244140625,1202.800048828125,1174.0,1175.5,13064515,Axis Bank,AXISBANK.NS
2024-10-07,1143.8394775390625,1145.699951171875,1184.8499755859375,1130.9000244140625,1182.949951171875,20047013,Axis Bank,AXISBANK.NS
2024-10-08,1151.42724609375,1153.300048828125,1168.3499755859375,1142.5,1153.0,8464570,Axis Bank,AXISBANK.NS
2024-10-09,1168.2498779296875,1170.1500244140625,1185.0,1154.0,1154.0,9807734,Axis Bank,AXISBANK.NS
2024-10-10,1182.326904296875,1184.25,1191.0,1175.050048828125,1177.0,6806243,Axis Bank,AXISBANK.NS
2024-10-11,1170.546142578125,1172.449951171875,1188.199951171875,1166.0,1182.5,4754158,Axis Bank,AXISBANK.NS
2024-10-14,1162.459228515625,1164.3499755859375,1175.0,1156.5999755859375,1171.550048828125,9765296,Axis Bank,AXISBANK.NS
2024-10-15,1151.976318359375,1153.8499755859375,1172.0,1149.5,1166.0999755859375,8741516,Axis Bank,AXISBANK.NS
2024-10-16,1151.3272705078125,1153.199951171875,1162.949951171875,1148.0999755859375,1151.0,7739854,Axis Bank,AXISBANK.NS
2024-10-17,1130.0120849609375,1131.8499755859375,1151.3499755859375,1124.0,1151.0,6595231,Axis Bank,AXISBANK.NS
2024-10-18,1194.906494140625,1196.8499755859375,1203.8499755859375,1156.050048828125,1158.0,20829666,Axis Bank,AXISBANK.NS
2024-10-21,1188.3671875,1190.300048828125,1214.800048828125,1185.550048828125,1196.8499755859375,7456038,Axis Bank,AXISBANK.NS
2024-10-22,1173.8406982421875,1175.75,1198.0,1173.3499755859375,1194.25,7256246,Axis Bank,AXISBANK.NS
2024-10-23,1158.5157470703125,1160.4000244140625,1183.1500244140625,1158.6500244140625,1175.0999755859375,6501834,Axis Bank,AXISBANK.NS
2024-10-24,1165.454345703125,1167.3499755859375,1175.199951171875,1154.6500244140625,1165.0,5046700,Axis Bank,AXISBANK.NS
2024-10-25,1187.4185791015625,1189.3499755859375,1201.75,1170.0,1187.0,12798716,Axis Bank,AXISBANK.NS
2024-10-28,1169.697509765625,1171.5999755859375,1194.0,1167.050048828125,1194.0,8572243,Axis Bank,AXISBANK.NS
2024-10-29,1184.9227294921875,1186.8499755859375,1191.199951171875,1157.5999755859375,1176.4000244140625,9908946,Axis Bank,AXISBANK.NS
2024-10-30,1168.49951171875,1170.4000244140625,1187.6500244140625,1164.300048828125,1178.75,9686560,Axis Bank,AXISBANK.NS
2024-10-31,1157.6671142578125,1159.550048828125,1178.0,1153.8499755859375,1165.5,8682294,Axis Bank,AXISBANK.NS
2024-11-01,1167.65087890625,1169.550048828125,1172.5,1164.0,1164.050048828125,460781,Axis Bank,AXISBANK.NS
2024-11-04,1137.4000244140625,1139.25,1176.949951171875,1135.449951171875,1172.0,9288653,Axis Bank,AXISBANK.NS
2024-11-05,1169.7972412109375,1171.699951171875,1174.9000244140625,1133.449951171875,1138.949951171875,11701049,Axis Bank,AXISBANK.NS
2024-11-06,1164.605712890625,1166.5,1183.550048828125,1161.449951171875,1171.800048828125,10353506,Axis Bank,AXISBANK.NS
2024-11-07,1158.0164794921875,1159.9000244140625,1172.9000244140625,1151.050048828125,1168.5999755859375,6252889,Axis Bank,AXISBANK.NS
2024-11-08,1159.064697265625,1160.949951171875,1167.75,1151.0999755859375,1156.0,3786168,Axis Bank,AXISBANK.NS
2024-11-11,1169.0985107421875,1171.0,1176.800048828125,1142.949951171875,1152.0,6620678,Axis Bank,AXISBANK.NS
2024-11-12,1156.2694091796875,1158.1500244140625,1187.0,1153.800048828125,1171.6500244140625,9606088,Axis Bank,AXISBANK.NS
2024-11-13,1137.30029296875,1139.1500244140625,1165.5,1135.0999755859375,1151.9000244140625,8079113,Axis Bank,AXISBANK.NS
2024-11-14,1138.84765625,1140.699951171875,1150.75,1131.5999755859375,1137.550048828125,5975873,Axis Bank,AXISBANK.NS
2024-11-18,1124.37109375,1126.199951171875,1135.0,1121.550048828125,1131.199951171875,9474971,Axis Bank,AXISBANK.NS
2024-11-19,1132.1085205078125,1133.949951171875,1139.0,1122.050048828125,1130.0,19225966,Axis Bank,AXISBANK.NS
2024-11-21,1137.30029296875,1139.1500244140625,1152.0,1115.75,1138.0,8126248,Axis Bank,AXISBANK.NS
2024-11-22,1140.544921875,1142.4000244140625,1147.9000244140625,1127.550048828125,1136.6500244140625,16687505,Axis Bank,AXISBANK.NS
2024-11-25,1154.02294921875,1155.9000244140625,1164.5,1142.0,1160.0,12385823,Axis Bank,AXISBANK.NS
2024-11-26,1142.9410400390625,1144.800048828125,1159.5999755859375,1142.6500244140625,1157.0999755859375,5127437,Axis Bank,AXISBANK.NS
2024-11-27,1147.7830810546875,1149.6500244140625,1155.449951171875,1133.550048828125,1145.199951171875,5989943,Axis Bank,AXISBANK.NS
2024-11-28,1130.6610107421875,1132.5,1154.449951171875,1129.4000244140625,1148.5,10731275,Axis Bank,AXISBANK.NS
2024-11-29,1134.454833984375,1136.300048828125,1140.9000244140625,1127.699951171875,1133.550048828125,6406277,Axis Bank,AXISBANK.NS
2024-12-02,1135.2535400390625,1137.0999755859375,1141.4000244140625,1126.5999755859375,1132.699951171875,4785858,Axis Bank,AXISBANK.NS
2024-12-03,1158.615478515625,1160.5,1164.9000244140625,1138.0,1144.4000244140625,8382042,Axis Bank,AXISBANK.NS
2024-12-04,1157.5672607421875,1159.449951171875,1168.0,1153.9000244140625,1157.5,18379798,Axis Bank,AXISBANK.NS
2024-12-05,1164.5059814453125,1166.4000244140625,1176.9000244140625,1150.0999755859375,1164.0,10640451,Axis Bank,AXISBANK.NS
2024-12-06,1182.62646484375,1184.550048828125,1193.8499755859375,1160.0,1167.5,7542210,Axis Bank,AXISBANK.NS
2024-12-09,1161.361083984375,1163.25,1186.0,1161.0,1184.25,6308112,Axis Bank,AXISBANK.NS
2024-12-10,1151.776611328125,1153.6500244140625,1165.050048828125,1151.25,1157.0,4714389,Axis Bank,AXISBANK.NS
2024-12-11,1145.3870849609375,1147.25,1158.3499755859375,1144.550048828125,1150.0,7788242,Axis Bank,AXISBANK.NS
2024-12-12,1143.7896728515625,1145.6500244140625,1154.550048828125,1143.5999755859375,1145.0,4825283,Axis Bank,AXISBANK.NS
2024-12-13,1146.28564453125,1148.1500244140625,1152.699951171875,1113.6500244140625,1141.0,8731618,Axis Bank,AXISBANK.NS
2024-12-16,1149.0311279296875,1150.9000244140625,1155.0,1141.75,1146.5,3975202,Axis Bank,AXISBANK.NS
2024-12-17,1134.4049072265625,1136.25,1151.8499755859375,1130.0,1145.25,7292817,Axis Bank,AXISBANK.NS
2024-12-18,1120.4276123046875,1122.25,1139.9000244140625,1115.949951171875,1136.199951171875,7222127,Axis Bank,AXISBANK.NS
2024-12-19,1107.099365234375,1108.9000244140625,1119.050048828125,1101.050048828125,1104.9000244140625,11677610,Axis Bank,AXISBANK.NS
2024-12-20,1070.109375,1071.8499755859375,1105.8499755859375,1065.0,1103.949951171875,12623056,Axis Bank,AXISBANK.NS
2024-12-23,1077.3975830078125,1079.1500244140625,1083.550048828125,1072.4000244140625,1075.0999755859375,3886921,Axis Bank,AXISBANK.NS
2024-12-24,1077.1480712890625,1078.9000244140625,1084.75,1076.0,1077.300048828125,4343694,Axis Bank,AXISBANK.NS
2024-12-26,1074.9515380859375,1076.699951171875,1092.5999755859375,1072.75,1083.0,4775460,Axis Bank,AXISBANK.NS
2024-12-27,1075.7003173828125,1077.449951171875,1086.25,1076.0,1078.0999755859375,3801667,Axis Bank,AXISBANK.NS
2024-12-30,1068.2125244140625,1069.949951171875,1096.5,1063.949951171875,1074.0999755859375,9452155,Axis Bank,AXISBANK.NS
2024-12-31,1062.970947265625,1064.699951171875,1070.449951171875,1058.5,1062.0,5292136,Axis Bank,AXISBANK.NS
2025-01-01,1070.0596923828125,1071.800048828125,1076.949951171875,1053.949951171875,1064.1500244140625,2985355,Axis Bank,AXISBANK.NS
2025-01-02,1084.83544921875,1086.5999755859375,1088.699951171875,1067.5,1072.0,6557076,Axis Bank,AXISBANK.NS
2025-01-03,1083.1383056640625,1084.9000244140625,1093.5,1079.800048828125,1086.0,7357220,Axis Bank,AXISBANK.NS
2025-01-06,1061.6732177734375,1063.4000244140625,1090.0,1059.9000244140625,1087.75,5283413,Axis Bank,AXISBANK.NS
2025-01-07,1065.7666015625,1067.5,1070.5,1056.0,1064.550048828125,4619462,Axis Bank,AXISBANK.NS
2025-01-08,1073.2044677734375,1074.949951171875,1082.3499755859375,1059.0999755859375,1063.75,8780098,Axis Bank,AXISBANK.NS
2025-01-09,1060.02587890625,1061.75,1080.1500244140625,1054.25,1079.5999755859375,9054190,Axis Bank,AXISBANK.NS
2025-01-10,1039.010009765625,1040.699951171875,1064.8499755859375,1037.0,1056.25,5612886,Axis Bank,AXISBANK.NS
2025-01-13,1047.5960693359375,1049.300048828125,1063.0,1023.25,1026.5999755859375,7180930,Axis Bank,AXISBANK.NS
2025-01-14,1049.9423828125,1051.6500244140625,1061.0,1045.5,1052.949951171875,6892897,Axis Bank,AXISBANK.NS
2025-01-15,1025.132568359375,1026.800048828125,1052.9000244140625,1014.6500244140625,1043.0,11418721,Axis Bank,AXISBANK.NS
2025-01-16,1036.314453125,1038.0,1046.449951171875,1027.050048828125,1033.9000244140625,10261727,Axis Bank,AXISBANK.NS
2025-01-17,989.440673828125,991.0499877929688,1011.7000122070312,974.5999755859375,1000.0,33831617,Axis Bank,AXISBANK.NS
2025-01-20,986.445556640625,988.0499877929688,994.2000122070312,976.5,992.0499877929688,33440507,Axis Bank,AXISBANK.NS
2025-01-21,968.6245727539062,970.2000122070312,994.4500122070312,963.0,993.5999755859375,11894500,Axis Bank,AXISBANK.NS
2025-01-22,957.7421875,959.2999877929688,975.75,954.0,975.75,17303146,Axis Bank,AXISBANK.NS
2025-01-23,949.505615234375,951.0499877929688,963.7000122070312,948.0,954.0,24649522,Axis Bank,AXISBANK.NS
2025-01-24,946.959716796875,948.5,961.7999877929688,946.0999755859375,948.0,14421921,Axis Bank,AXISBANK.NS
2025-01-27,946.5604248046875,948.0999755859375,949.75,933.5,943.0999755859375,12713296,Axis Bank,AXISBANK.NS
2025-01-28,982.202392578125,983.7999877929688,993.8499755859375,958.2000122070312,960.0,21781371,Axis Bank,AXISBANK.NS
2025-01-29,981.8031005859375,983.4000244140625,988.6500244140625,977.5999755859375,988.0,11175206,Axis Bank,AXISBANK.NS
2025-01-30,983.1010131835938,984.7000122070312,991.4000244140625,974.7999877929688,984.6500244140625,10473118,Axis Bank,AXISBANK.NS
2025-01-31,984.4986572265625,986.0999755859375,990.0,978.0499877929688,982.0,9036312,Axis Bank,AXISBANK.NS
2025-02-01,996.5291748046875,998.1500244140625,1004.9500122070312,982.0,989.5,4830391,Axis Bank,AXISBANK.NS
2025-02-03,987.7933959960938,989.4000244140625,1000.5,983.3499755859375,987.0999755859375,7124605,Axis Bank,AXISBANK.NS
2025-02-04,1013.6513061523438,1015.2999877929688,1017.0999755859375,987.7999877929688,994.0,16058171,Axis Bank,AXISBANK.NS
2025-02-05,1011.654541015625,1013.2999877929688,1022.0499877929688,1010.5,1020.5999755859375,7858373,Axis Bank,AXISBANK.NS
2025-02-06,1019.0425415039062,1020.7000122070312,1021.8499755859375,1010.0499877929688,1012.0,5815563,Axis Bank,AXISBANK.NS
2025-02-07,1022.43701171875,1024.0999755859375,1027.3499755859375,1007.6500244140625,1019.5,8638651,Axis Bank,AXISBANK.NS
2025-02-10,1010.1070556640625,1011.75,1026.75,1006.2000122070312,1021.0,3960565,Axis Bank,AXISBANK.NS
2025-02-11,1005.7640991210938,1007.4000244140625,1016.3499755859375,1002.5999755859375,1009.0,4808215,Axis Bank,AXISBANK.NS
2025-02-12,1005.2649536132812,1006.9000244140625,1010.6500244140625,984.0,1000.0,7669283,Axis Bank,AXISBANK.NS
2025-02-13,1006.5628051757812,1008.2000122070312,1017.4500122070312,1001.0499877929688,1003.0,6348246,Axis Bank,AXISBANK.NS
2025-02-14,995.8801879882812,997.5,1016.0,987.6500244140625,1010.5499877929688,5375755,Axis Bank,AXISBANK.NS
2025-02-17,991.3375854492188,992.9500122070312,999.6500244140625,978.0499877929688,992.4500122070312,7166803,Axis Bank,AXISBANK.NS
2025-02-18,992.5357055664062,994.1500244140625,997.3499755859375,986.5499877929688,992.9500122070312,3090004,Axis Bank,AXISBANK.NS
2025-02-19,1009.7077026367188,1011.3499755859375,1013.4500122070312,988.1500244140625,991.6500244140625,6401381,Axis Bank,AXISBANK.NS
2025-02-20,1015.5482177734375,1017.2000122070312,1019.6500244140625,1006.5,1008.4000244140625,5011212,Axis Bank,AXISBANK.NS
2025-02-21,1007.3116455078125,1008.9500122070312,1021.9000244140625,1000.6500244140625,1012.0,5019937,Axis Bank,AXISBANK.NS
2025-02-24,1008.4097900390625,1010.0499877929688,1013.0,998.5499877929688,1001.3499755859375,4265454,Axis Bank,AXISBANK.NS
2025-02-25,1007.4613037109375,1009.0999755859375,1013.7000122070312,997.0999755859375,1004.0,5708975,Axis Bank,AXISBANK.NS
2025-02-27,1015.0490112304688,1016.7000122070312,1023.5499877929688,1005.1500244140625,1007.6500244140625,9777690,Axis Bank,AXISBANK.NS
2025-02-28,1013.90087890625,1015.5499877929688,1035.5,1009.9500122070312,1014.7999877929688,15026849,Axis Bank,AXISBANK.NS
2025-03-03,1005.6143188476562,1007.25,1019.4000244140625,992.0,1017.0499877929688,6763184,Axis Bank,AXISBANK.NS
2025-03-04,1000.1732177734375,1001.7999877929688,1011.0999755859375,998.5999755859375,1001.0999755859375,5786420,Axis Bank,AXISBANK.NS
2025-03-05,1012.802734375,1014.4500122070312,1017.4000244140625,1002.5499877929688,1003.0,5133873,Axis Bank,AXISBANK.NS
2025-03-06,1032.420654296875,1034.0999755859375,1039.5,1015.1500244140625,1022.5999755859375,7861120,Axis Bank,AXISBANK.NS
2025-03-07,1035.965087890625,1037.6500244140625,1050.3499755859375,1030.699951171875,1033.699951171875,7597321,Axis Bank,AXISBANK.NS
2025-03-10,1034.1678466796875,1035.8499755859375,1050.5,1032.3499755859375,1036.0,5995655,Axis Bank,AXISBANK.NS
2025-03-11,1023.9844360351562,1025.6500244140625,1036.800048828125,1021.0999755859375,1030.4000244140625,4771085,Axis Bank,AXISBANK.NS
2025-03-12,1009.5579833984375,1011.2000122070312,1029.800048828125,999.2000122070312,1025.199951171875,7504702,Axis Bank,AXISBANK.NS
2025-03-13,1008.5595703125,1010.2000122070312,1016.0,1005.0999755859375,1015.0,4004140,Axis Bank,AXISBANK.NS
2025-03-17,1032.470703125,1034.1500244140625,1039.0,1011.0999755859375,1011.0999755859375,5938668,Axis Bank,AXISBANK.NS
2025-03-18,1032.470703125,1034.1500244140625,1034.1500244140625,1034.1500244140625,1034.1500244140625,0,Axis Bank,AXISBANK.NS
2025-03-19,1050.3416748046875,1052.050048828125,1058.550048828125,1043.5,1047.800048828125,4822365,Axis Bank,AXISBANK.NS
2025-03-20,1052.637939453125,1054.3499755859375,1058.9000244140625,1046.9000244140625,1056.25,3742644,Axis Bank,AXISBANK.NS
2025-03-21,1068.4122314453125,1070.1500244140625,1075.550048828125,1050.550048828125,1054.3499755859375,6848565,Axis Bank,AXISBANK.NS
2025-03-24,1096.067138671875,1097.8499755859375,1104.949951171875,1073.699951171875,1082.0,8284863,Axis Bank,AXISBANK.NS
2025-03-25,1116.7337646484375,1118.550048828125,1123.5,1096.3499755859375,1109.949951171875,11720528,Axis Bank,AXISBANK.NS
2025-03-26,1094.4698486328125,1096.25,1118.8499755859375,1089.050048828125,1115.0,7127060,Axis Bank,AXISBANK.NS
2025-03-27,1096.56640625,1098.3499755859375,1108.0,1088.0999755859375,1092.0,8508917,Axis Bank,AXISBANK.NS
2025-03-28,1100.21044921875,1102.0,1107.0,1086.5,1098.4000244140625,4921190,Axis Bank,AXISBANK.NS
2025-04-01,1083.8370361328125,1085.5999755859375,1101.25,1070.0,1093.199951171875,6638140,Axis Bank,AXISBANK.NS
2025-04-02,1082.68896484375,1084.449951171875,1095.5999755859375,1080.75,1091.699951171875,4065344,Axis Bank,AXISBANK.NS
2025-04-03,1088.0802001953125,1089.8499755859375,1091.949951171875,1075.300048828125,1078.9000244140625,5345660,Axis Bank,AXISBANK.NS
2025-04-04,1089.5279541015625,1091.300048828125,1101.9000244140625,1075.449951171875,1081.5,6059991,Axis Bank,AXISBANK.NS
2025-04-07,1046.2481689453125,1047.949951171875,1069.0,1032.3499755859375,1035.0,9720457,Axis Bank,AXISBANK.NS
2025-04-08,1076.099609375,1077.8499755859375,1084.949951171875,1060.300048828125,1061.0,8723357,Axis Bank,AXISBANK.NS
2025-04-09,1059.9261474609375,1061.6500244140625,1081.8499755859375,1058.0,1073.0999755859375,6690201,Axis Bank,AXISBANK.NS
2025-04-11,1067.214111328125,1068.949951171875,1072.699951171875,1057.550048828125,1063.300048828125,8144072,Axis Bank,AXISBANK.NS
2025-04-15,1110.9930419921875,1112.800048828125,1117.0,1083.0,1090.0,9320299,Axis Bank,AXISBANK.NS
2025-04-16,1159.414306640625,1161.300048828125,1163.5,1112.5999755859375,1122.699951171875,12836428,Axis Bank,AXISBANK.NS
2025-04-17,1188.8663330078125,1190.800048828125,1199.199951171875,1153.5999755859375,1155.5999755859375,13446336,Axis Bank,AXISBANK.NS
2025-04-21,1221.0140380859375,1223.0,1238.699951171875,1198.0999755859375,1202.0,15166580,Axis Bank,AXISBANK.NS
2025-04-22,1214.8240966796875,1216.800048828125,1235.0,1212.0999755859375,1230.4000244140625,8461710,Axis Bank,AXISBANK.NS
2025-04-23,1204.940185546875,1206.9000244140625,1230.0,1194.9000244140625,1225.300048828125,9433911,Axis Bank,AXISBANK.NS
2025-04-24,1205.1397705078125,1207.0999755859375,1220.0,1199.0999755859375,1199.0999755859375,9078137,Axis Bank,AXISBANK.NS
2025-04-25,1164.4061279296875,1166.300048828125,1179.9000244140625,1146.0,1177.0,17243807,Axis Bank,AXISBANK.NS
2025-04-28,1190.863037109375,1192.800048828125,1196.0,1164.300048828125,1166.300048828125,5523502,Axis Bank,AXISBANK.NS
2025-04-29,1185.3720703125,1187.300048828125,1210.0,1184.4000244140625,1194.0,6074520,Axis Bank,AXISBANK.NS
2025-04-30,1183.07568359375,1185.0,1193.9000244140625,1175.0,1185.0999755859375,6288257,Axis Bank,AXISBANK.NS
2025-05-02,1181.4783935546875,1183.4000244140625,1210.5,1180.0999755859375,1182.0999755859375,5249372,Axis Bank,AXISBANK.NS
2025-05-05,1171.2947998046875,1173.199951171875,1190.0,1164.300048828125,1190.0,7236056,Axis Bank,AXISBANK.NS
2025-05-06,1159.5140380859375,1161.4000244140625,1178.800048828125,1157.699951171875,1178.0,5348267,Axis Bank,AXISBANK.NS
2025-05-07,1159.414306640625,1161.300048828125,1168.5999755859375,1152.9000244140625,1159.0,4263817,Axis Bank,AXISBANK.NS
2025-05-08,1170.29638671875,1172.199951171875,1179.0,1165.5999755859375,1170.0,9912347,Axis Bank,AXISBANK.NS
2025-05-09,1149.230712890625,1151.0999755859375,1172.199951171875,1148.5,1160.0,5379571,Axis Bank,AXISBANK.NS
2025-05-12,1201.0465087890625,1203.0,1209.0,1175.199951171875,1185.0,7616208,Axis Bank,AXISBANK.NS
2025-05-13,1191.6617431640625,1193.5999755859375,1214.800048828125,1190.0,1205.199951171875,5569926,Axis Bank,AXISBANK.NS
2025-05-14,1193.55859375,1195.5,1199.4000244140625,1185.9000244140625,1195.9000244140625,4084921,Axis Bank,AXISBANK.NS
2025-05-15,1207.136474609375,1209.0999755859375,1217.0,1185.0,1197.0,6705748,Axis Bank,AXISBANK.NS
2025-05-16,1206.8370361328125,1208.800048828125,1213.300048828125,1203.199951171875,1206.0,4016269,Axis Bank,AXISBANK.NS
2025-05-19,1200.8468017578125,1202.800048828125,1219.0,1201.0999755859375,1208.0,4550022,Axis Bank,AXISBANK.NS
2025-05-20,1193.858154296875,1195.800048828125,1210.699951171875,1192.9000244140625,1208.0,4724482,Axis Bank,AXISBANK.NS
2025-05-21,1195.85498046875,1197.800048828125,1204.9000244140625,1182.699951171875,1197.0999755859375,3712472,Axis Bank,AXISBANK.NS
2025-05-22,1186.5699462890625,1188.5,1196.699951171875,1177.5,1196.699951171875,4795583,Axis Bank,AXISBANK.NS
2025-05-23,1208.1348876953125,1210.0999755859375,1213.0999755859375,1188.0999755859375,1188.5,3676469,Axis Bank,AXISBANK.NS
2025-05-26,1213.2266845703125,1215.199951171875,1224.199951171875,1208.699951171875,1216.199951171875,3607612,Axis Bank,AXISBANK.NS
2025-05-27,1193.6585693359375,1195.5999755859375,1216.699951171875,1190.4000244140625,1215.199951171875,7249163,Axis Bank,AXISBANK.NS
2025-05-28,1192.7598876953125,1194.699951171875,1202.199951171875,1191.699951171875,1195.5999755859375,3525421,Axis Bank,AXISBANK.NS
2025-05-29,1199.74853515625,1201.699951171875,1209.0,1189.0,1200.0,7788068,Axis Bank,AXISBANK.NS
2025-05-30,1190.263916015625,1192.199951171875,1208.800048828125,1189.5999755859375,1201.4000244140625,9998488,Axis Bank,AXISBANK.NS
2025-06-02,1192.46044921875,1194.4000244140625,1200.9000244140625,1179.199951171875,1189.800048828125,3761853,Axis Bank,AXISBANK.NS
2025-06-03,1179.5814208984375,1181.5,1198.9000244140625,1174.9000244140625,1195.0,8155665,Axis Bank,AXISBANK.NS
2025-06-04,1169.0985107421875,1171.0,1191.300048828125,1168.5999755859375,1181.800048828125,4306355,Axis Bank,AXISBANK.NS
2025-06-05,1157.117919921875,1159.0,1175.5,1157.0,1172.5,10481600,Axis Bank,AXISBANK.NS
2025-06-06,1192.66015625,1194.5999755859375,1201.199951171875,1151.199951171875,1158.9000244140625,14715421,Axis Bank,AXISBANK.NS
2025-06-09,1217.9190673828125,1219.9000244140625,1224.5,1206.199951171875,1212.5,9138108,Axis Bank,AXISBANK.NS
2025-06-10,1230.798095703125,1232.800048828125,1235.9000244140625,1218.4000244140625,1224.4000244140625,7747558,Axis Bank,AXISBANK.NS
2025-06-11,1229.400390625,1231.4000244140625,1241.800048828125,1228.0999755859375,1232.5999755859375,4135775,Axis Bank,AXISBANK.NS
2025-06-12,1210.9305419921875,1212.9000244140625,1237.0999755859375,1210.800048828125,1231.0,3461744,Axis Bank,AXISBANK.NS
2025-06-13,1203.8419189453125,1205.800048828125,1211.699951171875,1195.5999755859375,1198.0,3906868,Axis Bank,AXISBANK.NS
2025-06-16,1213.4263916015625,1215.4000244140625,1218.0,1196.0,1206.0999755859375,5697424,Axis Bank,AXISBANK.NS
2025-06-17,1213.1268310546875,1215.0999755859375,1227.0,1211.300048828125,1215.4000244140625,4492946,Axis Bank,AXISBANK.NS
2025-06-18,1219.0172119140625,1221.0,1223.300048828125,1203.9000244140625,1209.800048828125,3135662,Axis Bank,AXISBANK.NS
2025-06-19,1215.52294921875,1217.5,1227.800048828125,1213.800048828125,1218.0,4243763,Axis Bank,AXISBANK.NS
2025-06-20,1218.7176513671875,1220.699951171875,1226.0,1214.199951171875,1217.5,4652390,Axis Bank,AXISBANK.NS
2025-06-23,1212.12841796875,1214.0999755859375,1222.9000244140625,1205.5999755859375,1212.5999755859375,2312469,Axis Bank,AXISBANK.NS
2025-06-24,1219.2169189453125,1221.199951171875,1238.4000244140625,1215.5999755859375,1222.9000244140625,6745788,Axis Bank,AXISBANK.NS
2025-06-25,1211.329833984375,1213.300048828125,1226.300048828125,1211.0,1226.300048828125,4229259,Axis Bank,AXISBANK.NS
2025-06-26,1231.4970703125,1233.5,1239.0,1211.199951171875,1215.199951171875,8678448,Axis Bank,AXISBANK.NS
2025-06-27,1223.110595703125,1225.0999755859375,1247.0,1220.4000244140625,1236.9000244140625,6068274,Axis Bank,AXISBANK.NS
2025-06-30,1197.2525634765625,1199.199951171875,1236.0,1193.0999755859375,1228.9000244140625,6559872,Axis Bank,AXISBANK.NS
2025-07-01,1171.394775390625,1173.300048828125,1202.0,1167.0,1202.0,8702198,Axis Bank,AXISBANK.NS
2025-07-02,1173.3916015625,1175.300048828125,1181.9000244140625,1172.0,1180.0,5471100,Axis Bank,AXISBANK.NS
2025-07-03,1169.1982421875,1171.0999755859375,1181.0,1168.0,1178.0,6237185,Axis Bank,AXISBANK.NS
2025-07-04,1176.6925048828125,1177.5999755859375,1179.5,1162.0,1174.0,3926186,Axis Bank,AXISBANK.NS
2025-07-07,1174.1944580078125,1175.0999755859375,1177.5999755859375,1167.5999755859375,1177.5999755859375,5783402,Axis Bank,AXISBANK.NS
2025-07-08,1164.501953125,1165.4000244140625,1180.0,1161.9000244140625,1180.0,9973619,Axis Bank,AXISBANK.NS
2025-07-09,1163.8023681640625,1164.699951171875,1171.0,1158.5999755859375,1160.0,8674795,Axis Bank,AXISBANK.NS
2025-07-10,1163.40283203125,1164.300048828125,1176.5999755859375,1163.0,1170.0999755859375,4339755,Axis Bank,AXISBANK.NS
2025-07-11,1172.8955078125,1173.800048828125,1175.9000244140625,1160.5999755859375,1162.0,4468654,Axis Bank,AXISBANK.NS
2025-07-14,1171.7962646484375,1172.699951171875,1179.9000244140625,1163.0,1179.0,4772502,Axis Bank,AXISBANK.NS
2025-07-15,1165.0015869140625,1165.9000244140625,1179.0,1162.300048828125,1174.0,4776756,Axis Bank,AXISBANK.NS
2025-07-16,1167.4996337890625,1168.4000244140625,1174.0,1157.0999755859375,1164.9000244140625,4388279,Axis Bank,AXISBANK.NS
2025-07-17,1158.90625,1159.800048828125,1172.9000244140625,1154.800048828125,1170.0,5694428,Axis Bank,AXISBANK.NS
2025-07-18,1098.452880859375,1099.300048828125,1115.9000244140625,1086.0,1090.0,38053695,Axis Bank,AXISBANK.NS
2025-07-21,1098.7525634765625,1099.5999755859375,1101.5,1071.9000244140625,1086.0,15905500,Axis Bank,AXISBANK.NS
2025-07-22,1097.15380859375,1098.0,1110.5999755859375,1095.0,1102.0,9999957,Axis Bank,AXISBANK.NS
2025-07-23,1103.9486083984375,1104.800048828125,1110.5,1098.0999755859375,1099.5,6633979,Axis Bank,AXISBANK.NS
2025-07-24,1094.256103515625,1095.0999755859375,1105.0,1089.4000244140625,1104.0,9901209,Axis Bank,AXISBANK.NS
2025-07-25,1085.262939453125,1086.0999755859375,1101.0,1076.199951171875,1086.0999755859375,11779887,Axis Bank,AXISBANK.NS
2025-07-28,1072.7725830078125,1073.5999755859375,1092.199951171875,1067.4000244140625,1080.9000244140625,9029557,Axis Bank,AXISBANK.NS
2025-07-29,1063.3798828125,1064.199951171875,1078.699951171875,1055.4000244140625,1070.9000244140625,15599773,Axis Bank,AXISBANK.NS
2025-07-30,1072.472900390625,1073.300048828125,1080.5999755859375,1062.0,1070.5,8247433,Axis Bank,AXISBANK.NS
2025-07-31,1067.57666015625,1068.4000244140625,1081.300048828125,1063.9000244140625,1066.0,7634413,Axis Bank,AXISBANK.NS
2025-08-01,1061.581298828125,1062.4000244140625,1070.9000244140625,1060.0,1065.0,5545447,Axis Bank,AXISBANK.NS
2025-08-04,1067.7764892578125,1068.5999755859375,1070.0,1059.0,1064.4000244140625,4465845,Axis Bank,AXISBANK.NS
2025-08-05,1069.974853515625,1070.800048828125,1079.9000244140625,1062.5,1068.0,5318081,Axis Bank,AXISBANK.NS
2025-08-06,1070.1746826171875,1071.0,1077.699951171875,1065.5999755859375,1074.0,4216651,Axis Bank,AXISBANK.NS
2025-08-07,1075.37060546875,1076.199951171875,1079.699951171875,1064.5,1067.800048828125,5321131,Axis Bank,AXISBANK.NS
2025-08-08,1057.2845458984375,1058.0999755859375,1080.4000244140625,1054.199951171875,1073.0,5084903,Axis Bank,AXISBANK.NS
2025-08-11,1072.472900390625,1073.300048828125,1075.4000244140625,1052.5999755859375,1058.0999755859375,5452775,Axis Bank,AXISBANK.NS
2025-08-12,1069.1754150390625,1070.0,1076.5999755859375,1066.300048828125,1071.0999755859375,4573025,Axis Bank,AXISBANK.NS
2025-08-13,1065.178466796875,1066.0,1072.800048828125,1063.199951171875,1071.0999755859375,4966778,Axis Bank,AXISBANK.NS
2025-08-14,1067.376708984375,1068.199951171875,1072.4000244140625,1062.0,1067.0,6761305,Axis Bank,AXISBANK.NS
2025-08-18,1081.7657470703125,1082.5999755859375,1090.0,1079.4000244140625,1080.0,7964987,Axis Bank,AXISBANK.NS
2025-08-19,1082.365234375,1083.199951171875,1095.0,1075.800048828125,1078.0,5661531,Axis Bank,AXISBANK.NS
2025-08-20,1079.3675537109375,1080.199951171875,1083.699951171875,1077.800048828125,1081.0,3034728,Axis Bank,AXISBANK.NS
2025-08-21,1078.068603515625,1078.9000244140625,1090.0,1076.4000244140625,1090.0,6459262,Axis Bank,AXISBANK.NS
2025-08-22,1070.07470703125,1070.9000244140625,1078.5,1069.5,1076.0,3853718,Axis Bank,AXISBANK.NS
2025-08-25,1069.1754150390625,1070.0,1074.5,1068.199951171875,1073.0,2711278,Axis Bank,AXISBANK.NS
2025-08-26,1049.290771484375,1050.0999755859375,1069.800048828125,1048.0,1068.0,7197666,Axis Bank,AXISBANK.NS
2025-08-28,1051.08935546875,1051.9000244140625,1059.5,1047.0,1057.0,8564803,Axis Bank,AXISBANK.NS
2025-08-29,1044.39453125,1045.199951171875,1063.0,1042.5,1052.0999755859375,4718016,Axis Bank,AXISBANK.NS
2025-09-01,1060.6820068359375,1061.5,1064.0,1047.5999755859375,1047.5999755859375,3190426,Axis Bank,AXISBANK.NS
2025-09-02,1055.385986328125,1056.199951171875,1064.9000244140625,1049.0,1061.5,4933541,Axis Bank,AXISBANK.NS
2025-09-03,1053.88720703125,1054.699951171875,1064.9000244140625,1045.0,1056.199951171875,8303296,Axis Bank,AXISBANK.NS
2025-09-04,1049.590576171875,1050.4000244140625,1062.199951171875,1047.300048828125,1058.199951171875,8088417,Axis Bank,AXISBANK.NS
2025-09-05,1055.0863037109375,1055.9000244140625,1058.0,1047.800048828125,1056.5999755859375,2849589,Axis Bank,AXISBANK.NS
2025-09-08,1054.6866455078125,1055.5,1063.0,1054.0,1055.9000244140625,2260147,Axis Bank,AXISBANK.NS
2025-09-09,1051.3890380859375,1052.199951171875,1059.0,1048.699951171875,1057.5,4310419,Axis Bank,AXISBANK.NS
2025-09-10,1069.2752685546875,1070.0999755859375,1074.0999755859375,1055.0999755859375,1058.0,5241075,Axis Bank,AXISBANK.NS
2025-09-11,1086.56201171875,1087.4000244140625,1093.0,1069.0,1069.0,5227539,Axis Bank,AXISBANK.NS
2025-09-12,1104.4482421875,1105.300048828125,1108.699951171875,1088.4000244140625,1088.4000244140625,6014850,Axis Bank,AXISBANK.NS
2025-09-15,1103.5489501953125,1104.4000244140625,1110.0,1100.0,1105.0,3881807,Axis Bank,AXISBANK.NS
2025-09-16,1120.3359375,1121.199951171875,1127.0999755859375,1104.0,1105.699951171875,7965606,Axis Bank,AXISBANK.NS
2025-09-17,1125.13232421875,1126.0,1128.5,1116.0999755859375,1121.300048828125,5590739,Axis Bank,AXISBANK.NS
2025-09-18,1132.1268310546875,1133.0,1134.4000244140625,1121.199951171875,1129.0,5713032,Axis Bank,AXISBANK.NS
2025-09-19,1135.024658203125,1135.9000244140625,1144.0999755859375,1126.5999755859375,1133.0,8910732,Axis Bank,AXISBANK.NS
2025-09-22,1143.51806640625,1144.4000244140625,1147.5999755859375,1131.199951171875,1136.0,7689900,Axis Bank,AXISBANK.NS
2025-09-23,1169.8978271484375,1170.800048828125,1172.800048828125,1141.9000244140625,1146.0,16079093,Axis Bank,AXISBANK.NS
2025-09-24,1158.0069580078125,1158.9000244140625,1172.800048828125,1154.0,1168.0,12812055,Axis Bank,AXISBANK.NS
2025-09-25,1165.700927734375,1166.5999755859375,1171.800048828125,1153.4000244140625,1154.699951171875,11188302,Axis Bank,AXISBANK.NS
2025-09-26,1153.1107177734375,1154.0,1169.699951171875,1148.0,1161.5999755859375,5618932,Axis Bank,AXISBANK.NS
2025-09-29,1131.327392578125,1132.199951171875,1158.300048828125,1126.699951171875,1155.4000244140625,9693881,Axis Bank,AXISBANK.NS
2025-09-30,1130.7279052734375,1131.5999755859375,1137.0,1125.4000244140625,1130.0,8165203,Axis Bank,AXISBANK.NS
2025-10-01,1158.6064453125,1159.5,1164.800048828125,1131.0,1132.5,9655009,Axis Bank,AXISBANK.NS
2025-10-03,1180.08984375,1181.0,1188.0,1169.5,1171.0,11095015,Axis Bank,AXISBANK.NS
2025-10-06,1211.865478515625,1212.800048828125,1215.199951171875,1182.0999755859375,1185.0,20128505,Axis Bank,AXISBANK.NS
2025-10-07,1185.885498046875,1186.800048828125,1212.0,1184.0,1212.0,8620156,Axis Bank,AXISBANK.NS
2025-10-08,1179.690185546875,1180.5999755859375,1194.800048828125,1174.0999755859375,1180.0999755859375,5160430,Axis Bank,AXISBANK.NS
2025-10-09,1166.5003662109375,1167.4000244140625,1187.300048828125,1163.0999755859375,1178.0,7194651,Axis Bank,AXISBANK.NS
2025-10-10,1179.4903564453125,1180.4000244140625,1191.699951171875,1165.199951171875,1168.0,6933035,Axis Bank,AXISBANK.NS
2025-10-13,1188.6832275390625,1189.5999755859375,1193.5999755859375,1167.5,1171.0,4138448,Axis Bank,AXISBANK.NS
2025-10-14,1175.8931884765625,1176.800048828125,1191.800048828125,1166.5999755859375,1191.800048828125,5742538,Axis Bank,AXISBANK.NS
2025-10-15,1168.6986083984375,1169.5999755859375,1181.699951171875,1164.0,1180.0,6328142,Axis Bank,AXISBANK.NS
2025-10-16,1195.378173828125,1196.300048828125,1216.9000244140625,1185.300048828125,1216.4000244140625,17747171,Axis Bank,AXISBANK.NS
2025-10-17,1199.2750244140625,1200.199951171875,1212.9000244140625,1191.5999755859375,1196.300048828125,6404414,Axis Bank,AXISBANK.NS
2025-10-20,1225.05517578125,1226.0,1231.699951171875,1207.0,1207.9000244140625,7418616,Axis Bank,AXISBANK.NS
2025-10-21,1236.3465576171875,1237.300048828125,1238.800048828125,1222.0,1225.800048828125,1940248,Axis Bank,AXISBANK.NS
2025-10-23,1257.8299560546875,1258.800048828125,1276.0999755859375,1241.300048828125,1246.0,14611221,Axis Bank,AXISBANK.NS
2025-10-24,1240.9429931640625,1241.9000244140625,1256.0,1240.0999755859375,1254.199951171875,4882046,Axis Bank,AXISBANK.NS
2025-10-27,1253.133544921875,1254.0999755859375,1258.5,1242.5999755859375,1243.4000244140625,6185072,Axis Bank,AXISBANK.NS
2025-10-28,1245.339599609375,1246.300048828125,1258.9000244140625,1236.5999755859375,1249.0,8146777,Axis Bank,AXISBANK.NS
2025-10-29,1247.837646484375,1248.800048828125,1251.0,1239.199951171875,1246.9000244140625,4578825,Axis Bank,AXISBANK.NS
2025-10-30,1237.6455078125,1238.5999755859375,1248.0,1235.0,1243.0,4017532,Axis Bank,AXISBANK.NS
2025-10-31,1231.8499755859375,1232.800048828125,1245.4000244140625,1231.0,1243.0,4106607,Axis Bank,AXISBANK.NS
2025-11-03,1232.749267578125,1233.699951171875,1241.0,1222.300048828125,1226.0,6118907,Axis Bank,AXISBANK.NS
2025-11-04,1225.6546630859375,1226.5999755859375,1235.9000244140625,1222.800048828125,1230.0999755859375,3299345,Axis Bank,AXISBANK.NS
2025-11-06,1227.55322265625,1228.5,1239.5999755859375,1225.0,1225.0,3733721,Axis Bank,AXISBANK.NS
2025-11-07,1221.857666015625,1222.800048828125,1228.800048828125,1217.0,1227.0,3461466,Axis Bank,AXISBANK.NS
2025-11-10,1216.0621337890625,1217.0,1232.800048828125,1215.5,1222.0,4140568,Axis Bank,AXISBANK.NS
2025-11-11,1221.557861328125,1222.5,1225.0,1209.4000244140625,1218.0999755859375,5615453,Axis Bank,AXISBANK.NS
2025-11-12,1220.6585693359375,1221.5999755859375,1232.699951171875,1216.5,1227.9000244140625,6782513,Axis Bank,AXISBANK.NS
2025-11-13,1224.2557373046875,1225.199951171875,1234.800048828125,1213.199951171875,1219.0,3345231,Axis Bank,AXISBANK.NS
2025-11-14,1240.6431884765625,1241.5999755859375,1246.0,1222.0,1224.0,5197740,Axis Bank,AXISBANK.NS
2025-11-17,1248.636962890625,1249.5999755859375,1261.0,1240.4000244140625,1243.9000244140625,4088026,Axis Bank,AXISBANK.NS
2025-11-18,1264.4249267578125,1265.4000244140625,1273.5,1247.5999755859375,1250.0,10175969,Axis Bank,AXISBANK.NS
2025-11-19,1269.4210205078125,1270.4000244140625,1273.0,1257.800048828125,1268.0,4101288,Axis Bank,AXISBANK.NS
2025-11-20,1284.2095947265625,1285.199951171875,1287.300048828125,1262.5999755859375,1275.0,4617594,Axis Bank,AXISBANK.NS
2025-11-21,1274.81689453125,1275.800048828125,1284.5,1273.0,1284.0,6363593,Axis Bank,AXISBANK.NS
2025-11-24,1268.0220947265625,1269.0,1290.9000244140625,1266.5999755859375,1279.199951171875,10491953,Axis Bank,AXISBANK.NS
2025-11-25,1265.32421875,1266.300048828125,1276.699951171875,1263.699951171875,1269.0999755859375,5290156,Axis Bank,AXISBANK.NS
2025-11-26,1289.2056884765625,1290.199951171875,1292.800048828125,1269.300048828125,1271.9000244140625,4842021,Axis Bank,AXISBANK.NS
2025-11-27,1286.3079833984375,1287.300048828125,1304.0,1281.0,1297.0,5924706,Axis Bank,AXISBANK.NS
2025-11-28,1278.7137451171875,1279.699951171875,1289.0,1275.0,1287.300048828125,3093636,Axis Bank,AXISBANK.NS
2025-12-01,1274.7169189453125,1275.699951171875,1289.0,1268.5,1288.0,4098016,Axis Bank,AXISBANK.NS
2025-12-02,1257.030517578125,1258.0,1281.0,1255.0999755859375,1270.699951171875,8115347,Axis Bank,AXISBANK.NS
2025-12-03,1269.720703125,1270.699951171875,1272.9000244140625,1255.0,1255.0,3582794,Axis Bank,AXISBANK.NS
2025-12-04,1279.0135498046875,1280.0,1282.800048828125,1269.4000244140625,1270.699951171875,3216108,Axis Bank,AXISBANK.NS
2025-12-05,1281.51171875,1282.5,1285.0,1267.300048828125,1275.199951171875,2728214,Axis Bank,AXISBANK.NS
2025-12-08,1272.8184814453125,1273.800048828125,1288.800048828125,1265.0999755859375,1284.0,2969478,Axis Bank,AXISBANK.NS
2025-12-09,1274.916748046875,1275.9000244140625,1281.4000244140625,1263.199951171875,1272.0,4239279,Axis Bank,AXISBANK.NS
2025-12-10,1277.6146240234375,1278.5999755859375,1284.0,1268.300048828125,1273.0,2928746,Axis Bank,AXISBANK.NS
2025-12-11,1271.7191162109375,1272.699951171875,1282.0,1271.0,1277.4000244140625,2017404,Axis Bank,AXISBANK.NS
2025-12-12,1285.10888671875,1286.0999755859375,1291.0,1277.9000244140625,1278.0,2281078,Axis Bank,AXISBANK.NS
2025-12-15,1283.8099365234375,1284.800048828125,1290.4000244140625,1280.0,1285.0,1634472,Axis Bank,AXISBANK.NS
2025-12-16,1218.66015625,1219.5999755859375,1277.5999755859375,1216.9000244140625,1277.0999755859375,11542048,Axis Bank,AXISBANK.NS
2025-12-17,1223.756103515625,1224.699951171875,1236.0,1220.300048828125,1220.5999755859375,5147181,Axis Bank,AXISBANK.NS
2025-12-18,1228.852294921875,1229.800048828125,1238.5,1220.199951171875,1226.0999755859375,3441592,Axis Bank,AXISBANK.NS
2025-12-19,1229.651611328125,1230.5999755859375,1241.5,1229.0999755859375,1236.699951171875,5055047,Axis Bank,AXISBANK.NS
2025-12-22,1232.2496337890625,1233.199951171875,1236.9000244140625,1226.800048828125,1235.0,2405809,Axis Bank,AXISBANK.NS
2025-12-23,1224.0560302734375,1225.0,1239.0,1223.5,1239.0,2920318,Axis Bank,AXISBANK.NS
2025-12-24,1225.35498046875,1226.300048828125,1235.4000244140625,1224.699951171875,1230.0,3155506,Axis Bank,AXISBANK.NS
2025-12-26,1227.25341796875,1228.199951171875,1229.9000244140625,1222.0,1225.0,1665983,Axis Bank,AXISBANK.NS
2025-12-29,1231.050537109375,1232.0,1233.9000244140625,1219.0,1228.199951171875,2209655,Axis Bank,AXISBANK.NS
2025-12-30,1245.039794921875,1246.0,1252.0999755859375,1232.0,1233.0,5673233,Axis Bank,AXISBANK.NS
2025-12-31,1268.4217529296875,1269.4000244140625,1271.5,1245.0,1246.0,3711090,Axis Bank,AXISBANK.NS
2026-01-01,1273.41796875,1274.4000244140625,1279.199951171875,1263.800048828125,1270.0,2022412,Axis Bank,AXISBANK.NS
2026-01-02,1265.9237060546875,1266.9000244140625,1281.800048828125,1264.300048828125,1273.9000244140625,5860547,Axis Bank,AXISBANK.NS
2026-01-05,1284.8092041015625,1285.800048828125,1289.699951171875,1270.0,1274.199951171875,6177100,Axis Bank,AXISBANK.NS
2026-01-06,1292.802978515625,1293.800048828125,1304.5999755859375,1285.4000244140625,1304.5999755859375,6751769,Axis Bank,AXISBANK.NS
2026-01-07,1294.501708984375,1295.5,1299.0,1284.0,1293.0,5440002,Axis Bank,AXISBANK.NS
2026-01-08,1285.808349609375,1286.800048828125,1303.199951171875,1283.800048828125,1291.0999755859375,3949654,Axis Bank,AXISBANK.NS
2026-01-09,1271.019775390625,1272.0,1295.300048828125,1270.0999755859375,1286.800048828125,5531427,Axis Bank,AXISBANK.NS
2026-01-12,1273.218017578125,1274.199951171875,1279.5999755859375,1266.5,1274.699951171875,6489750,Axis Bank,AXISBANK.NS
2026-01-13,1261.0274658203125,1262.0,1284.0,1258.699951171875,1274.0,5163166,Axis Bank,AXISBANK.NS
2026-01-14,1297.7991943359375,1298.800048828125,1308.0,1253.5,1255.0,7776704,Axis Bank,AXISBANK.NS
2026-01-15,1297.7991943359375,1298.800048828125,1298.800048828125,1298.800048828125,1298.800048828125,0,Axis Bank,AXISBANK.NS
2026-01-16,1293.20263671875,1294.199951171875,1309.0,1286.5,1298.800048828125,5175495,Axis Bank,AXISBANK.NS
2026-01-19,1306.492431640625,1307.5,1327.0,1297.0999755859375,1307.0,8833223,Axis Bank,AXISBANK.NS
2026-01-20,1292.503173828125,1293.5,1310.9000244140625,1290.0,1306.0999755859375,6268527,Axis Bank,AXISBANK.NS
2026-01-21,1283.9097900390625,1284.9000244140625,1297.699951171875,1267.4000244140625,1290.0,3854702,Axis Bank,AXISBANK.NS
2026-01-22,1293.80224609375,1294.800048828125,1298.9000244140625,1281.4000244140625,1290.0,5949677,Axis Bank,AXISBANK.NS
2026-01-23,1257.030517578125,1258.0,1299.0,1248.0,1297.0,8885549,Axis Bank,AXISBANK.NS
2026-01-27,1314.7860107421875,1315.800048828125,1333.199951171875,1278.4000244140625,1288.800048828125,22715357,Axis Bank,AXISBANK.NS
2026-01-28,1318.782958984375,1319.800048828125,1369.4000244140625,1310.199951171875,1348.0,15426403,Axis Bank,AXISBANK.NS
2026-01-29,1362.6490478515625,1363.699951171875,1367.0,1306.0,1318.0,16107684,Axis Bank,AXISBANK.NS
2026-01-30,1369.343994140625,1370.4000244140625,1378.699951171875,1352.0,1352.0,14758482,Axis Bank,AXISBANK.NS
2026-02-02,1310.4893798828125,1311.5,1352.699951171875,1302.9000244140625,1339.0,8647298,Axis Bank,AXISBANK.NS
2026-02-03,1355.15478515625,1356.199951171875,1418.300048828125,1345.5,1403.0,10384723,Axis Bank,AXISBANK.NS
2026-02-04,1337.6683349609375,1338.699951171875,1369.9000244140625,1336.5999755859375,1369.699951171875,6672251,Axis Bank,AXISBANK.NS
2026-02-05,1329.5745849609375,1330.5999755859375,1340.0,1317.4000244140625,1340.0,3766488,Axis Bank,AXISBANK.NS
2026-02-06,1340.5660400390625,1341.5999755859375,1346.4000244140625,1324.699951171875,1325.0,5876574,Axis Bank,AXISBANK.NS
2026-02-09,1340.3663330078125,1341.4000244140625,1350.0,1330.699951171875,1350.0,4077536,Axis Bank,AXISBANK.NS
2026-02-10,1355.6544189453125,1356.699951171875,1360.0999755859375,1343.300048828125,1352.5999755859375,5478998,Axis Bank,AXISBANK.NS
2026-02-11,1346.2618408203125,1347.300048828125,1360.0,1344.800048828125,1358.0,3866272,Axis Bank,AXISBANK.NS
2026-02-12,1338.9674072265625,1340.0,1357.699951171875,1336.199951171875,1347.9000244140625,4152620,Axis Bank,AXISBANK.NS
2026-02-13,1331.2733154296875,1332.300048828125,1346.5,1316.0999755859375,1341.300048828125,4624549,Axis Bank,AXISBANK.NS
2026-02-16,1357.2532958984375,1358.300048828125,1361.9000244140625,1324.0,1324.0,5082167,Axis Bank,AXISBANK.NS
2026-02-17,1356.154052734375,1357.199951171875,1360.9000244140625,1350.4000244140625,1358.300048828125,4513065,Axis Bank,AXISBANK.NS
2026-02-18,1375.9388427734375,1377.0,1378.5,1353.800048828125,1363.0,5556076,Axis Bank,AXISBANK.NS
2026-02-19,1355.5545654296875,1356.5999755859375,1382.800048828125,1351.0,1381.0999755859375,2744704,Axis Bank,AXISBANK.NS
2026-02-20,1367.24560546875,1368.300048828125,1376.5,1351.0,1351.0,3791536,Axis Bank,AXISBANK.NS
2026-02-23,1385.63134765625,1386.699951171875,1402.0,1380.199951171875,1380.5,6160153,Axis Bank,AXISBANK.NS
2026-02-24,1386.5306396484375,1387.5999755859375,1398.0,1383.5,1398.0,7888492,Axis Bank,AXISBANK.NS
2026-02-25,1401.9188232421875,1403.0,1404.300048828125,1387.5999755859375,1394.0,4379373,Axis Bank,AXISBANK.NS
2026-02-26,1394.424560546875,1395.5,1405.699951171875,1386.0,1403.0,8979547,Axis Bank,AXISBANK.NS
2026-02-27,1382.83349609375,1383.9000244140625,1395.5,1381.0,1387.0,5840317,Axis Bank,AXISBANK.NS
2026-03-02,1371.2425537109375,1372.300048828125,1384.699951171875,1353.5999755859375,1369.0999755859375,5132511,Axis Bank,AXISBANK.NS
2026-03-04,1350.2586669921875,1351.300048828125,1357.5999755859375,1327.0,1344.5,5832353,Axis Bank,AXISBANK.NS
2026-03-05,1348.060302734375,1349.0999755859375,1355.800048828125,1335.300048828125,1354.9000244140625,6057499,Axis Bank,AXISBANK.NS
2026-03-06,1314.7860107421875,1315.800048828125,1347.9000244140625,1313.5,1347.0,11629935,Axis Bank,AXISBANK.NS
2026-03-09,1287.3072509765625,1288.300048828125,1291.0,1260.800048828125,1282.199951171875,7926265,Axis Bank,AXISBANK.NS
2026-03-10,1313.686767578125,1314.699951171875,1319.5,1284.5999755859375,1295.199951171875,6289277,Axis Bank,AXISBANK.NS
2026-03-11,1254.832275390625,1255.800048828125,1317.5,1252.699951171875,1310.0,6859908,Axis Bank,AXISBANK.NS
2026-03-12,1233.5487060546875,1234.5,1251.0999755859375,1231.800048828125,1243.199951171875,9663320,Axis Bank,AXISBANK.NS
2026-03-13,1196.3773193359375,1197.300048828125,1234.5,1194.300048828125,1224.0,9098187,Axis Bank,AXISBANK.NS
2026-03-16,1213.763916015625,1214.699951171875,1219.9000244140625,1180.0999755859375,1199.199951171875,8743794,Axis Bank,AXISBANK.NS
2026-03-17,1227.153564453125,1228.0999755859375,1232.300048828125,1210.0,1219.699951171875,5707317,Axis Bank,AXISBANK.NS
2026-03-18,1252.2342529296875,1253.199951171875,1260.0,1224.199951171875,1228.0,6018952,Axis Bank,AXISBANK.NS
2026-03-19,1206.06982421875,1207.0,1241.5,1202.0,1221.0,8264698,Axis Bank,AXISBANK.NS
2026-03-20,1202.9722900390625,1203.9000244140625,1231.800048828125,1199.699951171875,1208.5999755859375,7518686,Axis Bank,AXISBANK.NS
2026-03-23,1169.6978759765625,1170.5999755859375,1185.0999755859375,1165.0,1181.0,6697446,Axis Bank,AXISBANK.NS
2026-03-24,1191.78076171875,1192.699951171875,1202.800048828125,1169.5999755859375,1187.0,8274701,Axis Bank,AXISBANK.NS
2026-03-25,1221.158203125,1222.0999755859375,1239.0,1198.0,1200.0,9645791,Axis Bank,AXISBANK.NS
2026-03-27,1204.271240234375,1205.199951171875,1213.5,1202.0,1209.5,9479301,Axis Bank,AXISBANK.NS
2026-03-30,1160.4051513671875,1161.300048828125,1188.800048828125,1153.9000244140625,1185.0999755859375,18534887,Axis Bank,AXISBANK.NS
2026-04-01,1192.1805419921875,1193.0999755859375,1208.0,1175.0,1175.0,6595695,Axis Bank,AXISBANK.NS
2026-04-02,1196.9769287109375,1197.9000244140625,1202.300048828125,1150.300048828125,1174.5999755859375,9501543,Axis Bank,AXISBANK.NS
2026-04-06,1244.34033203125,1245.300048828125,1249.800048828125,1196.4000244140625,1202.0999755859375,7847086,Axis Bank,AXISBANK.NS
2026-04-07,1249.1365966796875,1250.0999755859375,1255.5,1221.0,1237.800048828125,9248545,Axis Bank,AXISBANK.NS
2026-04-08,1331.9727783203125,1333.0,1335.5999755859375,1300.0999755859375,1300.0999755859375,13519723,Axis Bank,AXISBANK.NS
2026-04-09,1317.48388671875,1318.5,1338.5999755859375,1312.800048828125,1322.300048828125,6542529,Axis Bank,AXISBANK.NS
2026-04-10,1349.759033203125,1350.800048828125,1358.5999755859375,1326.0999755859375,1328.800048828125,6755589,Axis Bank,AXISBANK.NS
2026-04-13,1352.556884765625,1353.5999755859375,1366.9000244140625,1315.300048828125,1318.0,8974851,Axis Bank,AXISBANK.NS
2026-04-15,1354.4554443359375,1355.5,1384.5,1349.0,1367.0,6789879,Axis Bank,AXISBANK.NS
2026-04-16,1348.5599365234375,1349.5999755859375,1364.5,1343.0,1362.0,5232398,Axis Bank,AXISBANK.NS
2026-04-17,1358.0526123046875,1359.0999755859375,1364.300048828125,1344.0999755859375,1353.0,4062181,Axis Bank,AXISBANK.NS
2026-04-20,1353.656005859375,1354.699951171875,1374.0,1348.0,1359.5,4878641,Axis Bank,AXISBANK.NS
2026-04-21,1376.6383056640625,1377.699951171875,1380.300048828125,1354.699951171875,1361.0,5145338,Axis Bank,AXISBANK.NS
2026-04-22,1378.536865234375,1379.5999755859375,1391.0,1366.0,1370.0,3997911,Axis Bank,AXISBANK.NS
2026-04-23,1368.5445556640625,1369.5999755859375,1384.199951171875,1365.4000244140625,1369.0,5671255,Axis Bank,AXISBANK.NS
2026-04-24,1364.847412109375,1365.9000244140625,1375.0,1350.0,1369.0,3648313,Axis Bank,AXISBANK.NS
2026-04-27,1323.179443359375,1324.199951171875,1327.300048828125,1299.9000244140625,1325.0,10768267,Axis Bank,AXISBANK.NS
2026-04-28,1288.0067138671875,1289.0,1321.4000244140625,1285.5,1312.0,9939787,Axis Bank,AXISBANK.NS
2026-04-29,1295.4010009765625,1296.4000244140625,1309.199951171875,1279.0,1295.0,6228275,Axis Bank,AXISBANK.NS
2026-04-30,1267.3226318359375,1268.300048828125,1288.0,1257.300048828125,1288.0,16481853,Axis Bank,AXISBANK.NS
2026-05-01,1267.3226318359375,1268.300048828125,1268.300048828125,1268.300048828125,1268.300048828125,0,Axis Bank,AXISBANK.NS
2026-05-04,1274.1173095703125,1275.0999755859375,1294.4000244140625,1264.5,1268.300048828125,9759479,Axis Bank,AXISBANK.NS
2026-05-05,1258.729248046875,1259.699951171875,1273.699951171875,1252.0,1268.0,10163714,Axis Bank,AXISBANK.NS
2026-05-06,1293.20263671875,1294.199951171875,1301.0,1255.199951171875,1275.0,7277673,Axis Bank,AXISBANK.NS
2026-05-07,1291.7037353515625,1292.699951171875,1308.0999755859375,1281.199951171875,1299.0,6785048,Axis Bank,AXISBANK.NS
2026-05-08,1267.3226318359375,1268.300048828125,1282.0,1264.5999755859375,1280.0,6358595,Axis Bank,AXISBANK.NS
2026-05-11,1271.319580078125,1272.300048828125,1283.0,1251.699951171875,1258.699951171875,7341360,Axis Bank,AXISBANK.NS
2026-05-12,1259.12890625,1260.0999755859375,1274.0,1256.9000244140625,1270.4000244140625,5727828,Axis Bank,AXISBANK.NS
2026-05-13,1254.7322998046875,1255.699951171875,1275.300048828125,1247.5,1256.0999755859375,6045406,Axis Bank,AXISBANK.NS
2026-05-14,1253.6331787109375,1254.5999755859375,1269.0,1235.800048828125,1256.5999755859375,5822618,Axis Bank,AXISBANK.NS
2026-05-15,1243.8408203125,1244.800048828125,1263.4000244140625,1242.0,1259.5999755859375,4805485,Axis Bank,AXISBANK.NS
2026-05-18,1236.946044921875,1237.9000244140625,1242.0,1222.0999755859375,1239.0,6052023,Axis Bank,AXISBANK.NS
2026-05-19,1237.3458251953125,1238.300048828125,1249.800048828125,1231.300048828125,1238.5,9200314,Axis Bank,AXISBANK.NS
2026-05-20,1248.8369140625,1249.800048828125,1254.0999755859375,1226.5999755859375,1234.0,3562641,Axis Bank,AXISBANK.NS
2026-05-21,1252.334228515625,1253.300048828125,1262.699951171875,1244.800048828125,1256.9000244140625,5171528,Axis Bank,AXISBANK.NS
2026-05-22,1284.409423828125,1285.4000244140625,1288.800048828125,1254.0999755859375,1254.0999755859375,5016900,Axis Bank,AXISBANK.NS
2026-05-25,1310.189453125,1311.199951171875,1314.5,1293.9000244140625,1300.4000244140625,5671455,Axis Bank,AXISBANK.NS
2026-05-26,1298.298828125,1299.300048828125,1317.0,1291.5,1309.800048828125,6455265,Axis Bank,AXISBANK.NS
2026-05-27,1303.094970703125,1304.0999755859375,1314.5,1293.0999755859375,1296.300048828125,7243174,Axis Bank,AXISBANK.NS
2026-05-28,1303.094970703125,1304.0999755859375,1304.0999755859375,1304.0999755859375,1304.0999755859375,0,Axis Bank,AXISBANK.NS
2026-05-29,1285.6085205078125,1286.5999755859375,1312.5999755859375,1277.4000244140625,1296.0999755859375,15215715,Axis Bank,AXISBANK.NS
2026-06-01,1274.916748046875,1275.9000244140625,1293.199951171875,1267.0,1289.0,4311076,Axis Bank,AXISBANK.NS
2026-06-02,1250.1358642578125,1251.0999755859375,1275.800048828125,1244.9000244140625,1263.0,11884695,Axis Bank,AXISBANK.NS
2026-06-03,1254.232666015625,1255.199951171875,1264.800048828125,1230.300048828125,1245.0999755859375,7953326,Axis Bank,AXISBANK.NS
2026-06-04,1252.334228515625,1253.300048828125,1259.9000244140625,1244.0999755859375,1246.0,6392593,Axis Bank,AXISBANK.NS
2026-06-05,1271.319580078125,1272.300048828125,1276.0,1252.0999755859375,1260.0,7825303,Axis Bank,AXISBANK.NS
2026-06-08,1267.1226806640625,1268.0999755859375,1279.199951171875,1262.0,1262.0,5034388,Axis Bank,AXISBANK.NS
2026-06-09,1291.404052734375,1292.4000244140625,1298.4000244140625,1271.5,1275.9000244140625,7533504,Axis Bank,AXISBANK.NS
2026-06-10,1313.487060546875,1314.5,1326.5,1283.5,1283.5,12262606,Axis Bank,AXISBANK.NS
2026-06-11,1316.284912109375,1317.300048828125,1339.5,1307.300048828125,1308.800048828125,8196686,Axis Bank,AXISBANK.NS
2026-06-12,1355.2548828125,1356.300048828125,1358.5,1318.5,1332.0,8535670,Axis Bank,AXISBANK.NS
2026-06-15,1367.24560546875,1368.300048828125,1378.0,1360.5999755859375,1372.0,7522828,Axis Bank,AXISBANK.NS
2026-06-16,1364.6474609375,1365.699951171875,1371.5,1349.199951171875,1363.5,7709061,Axis Bank,AXISBANK.NS
2026-06-17,1349.8590087890625,1350.9000244140625,1365.699951171875,1349.300048828125,1364.0999755859375,4761917,Axis Bank,AXISBANK.NS
2026-06-18,1359.0518798828125,1360.0999755859375,1365.9000244140625,1345.0,1347.5999755859375,5186573,Axis Bank,AXISBANK.NS
2026-06-19,1356.8536376953125,1357.9000244140625,1363.0,1350.5,1356.800048828125,4640277,Axis Bank,AXISBANK.NS
2026-06-22,1357.552978515625,1358.5999755859375,1366.0999755859375,1355.199951171875,1361.0,3153284,Axis Bank,AXISBANK.NS
2026-06-23,1362.44921875,1363.5,1371.9000244140625,1356.0999755859375,1358.5999755859375,5745853,Axis Bank,AXISBANK.NS
2026-06-24,1383.43310546875,1384.5,1386.0999755859375,1356.0,1356.0,8343829,Axis Bank,AXISBANK.NS
2026-06-25,1376.138671875,1377.199951171875,1400.0999755859375,1372.699951171875,1386.9000244140625,7995552,Axis Bank,AXISBANK.NS
2026-06-26,1376.138671875,1377.199951171875,1377.199951171875,1377.199951171875,1377.199951171875,0,Axis Bank,AXISBANK.NS
2026-06-29,1355.7545166015625,1356.800048828125,1392.5999755859375,1352.199951171875,1392.5999755859375,12602010,Axis Bank,AXISBANK.NS
2026-06-30,1344.6629638671875,1345.699951171875,1375.0,1343.5999755859375,1357.699951171875,7781221,Axis Bank,AXISBANK.NS
2026-07-01,1367.6451416015625,1368.699951171875,1377.699951171875,1345.699951171875,1345.699951171875,3187785,Axis Bank,AXISBANK.NS
2026-07-02,1361.5499267578125,1362.5999755859375,1375.5,1358.0999755859375,1374.0,4013561,Axis Bank,AXISBANK.NS
2026-07-03,1341.065673828125,1342.0999755859375,1373.0,1338.4000244140625,1373.0,3500465,Axis Bank,AXISBANK.NS
2026-07-06,1338.567626953125,1339.5999755859375,1371.0,1335.5,1355.699951171875,5154081,Axis Bank,AXISBANK.NS
2026-07-07,1339.966552734375,1341.0,1356.9000244140625,1336.199951171875,1346.800048828125,6198988,Axis Bank,AXISBANK.NS
2026-07-08,1308.4908447265625,1309.5,1344.0,1304.0,1344.0,6917968,Axis Bank,AXISBANK.NS
2026-07-09,1296.5999755859375,1297.5999755859375,1321.5999755859375,1292.199951171875,1312.9000244140625,5609851,Axis Bank,AXISBANK.NS
2026-07-10,1323.699951171875,1323.699951171875,1326.5999755859375,1303.9000244140625,1304.0,3549139,Axis Bank,AXISBANK.NS
2026-07-13,1319.4000244140625,1319.4000244140625,1329.9000244140625,1313.5,1315.9000244140625,3674483,Axis Bank,AXISBANK.NS
2026-07-14,1317.5999755859375,1317.5999755859375,1323.699951171875,1298.5999755859375,1320.0999755859375,6005505,Axis Bank,AXISBANK.NS
2026-07-15,1312.300048828125,1312.300048828125,1348.0,1303.300048828125,1328.0,9442403,Axis Bank,AXISBANK.NS
2026-07-16,1307.5999755859375,1307.5999755859375,1315.5,1299.4000244140625,1315.0999755859375,5001226,Axis Bank,AXISBANK.NS
2026-07-17,1328.5,1328.5,1333.0,1305.0,1307.0,11192836,Axis Bank,AXISBANK.NS
2026-07-20,1256.0,1256.0,1284.0,1249.0999755859375,1275.0,25314148,Axis Bank,AXISBANK.NS
2026-07-21,1258.199951171875,1258.199951171875,1267.699951171875,1244.5,1245.0,15014867,Axis Bank,AXISBANK.NS
2026-07-22,1238.4000244140625,1238.4000244140625,1258.199951171875,1230.5,1258.199951171875,8358923,Axis Bank,AXISBANK.NS
2026-07-23,1223.0,1223.0,1239.4000244140625,1219.199951171875,1230.0999755859375,8240787,Axis Bank,AXISBANK.NS
2026-07-24,1227.300048828125,1227.300048828125,1233.9000244140625,1210.5999755859375,1216.800048828125,8088828,Axis Bank,AXISBANK.NS
2026-07-27,1227.5,1227.5,1237.0,1221.5999755859375,1237.0,5967502,Axis Bank,AXISBANK.NS
2026-07-28,1223.5,1223.5,1233.9000244140625,1219.699951171875,1222.5,6093182,Axis Bank,AXISBANK.NS
2026-07-29,1235.4000244140625,1235.4000244140625,1237.0999755859375,1214.4000244140625,1229.5,10110233,Axis Bank,AXISBANK.NS
2026-07-30,1228.9000244140625,1228.9000244140625,1232.199951171875,1220.199951171875,1229.0,6878684,Axis Bank,AXISBANK.NS
2026-07-31,1229.5,1229.5,1239.699951171875,1226.0,1226.199951171875,7487936,Axis Bank,AXISBANK.NS
2026-08-03,1272.0,1272.0,1272.0,1230.5,1236.9000244140625,6713421,Axis Bank,AXISBANK.NS
2026-08-04,1261.800048828125,1261.800048828125,1264.0,1244.0,1264.0,5694891,Axis Bank,AXISBANK.NS
2026-08-05,1253.9000244140625,1253.9000244140625,1263.0,1246.199951171875,1260.0,4295407,Axis Bank,AXISBANK.NS
2026-08-06,1256.0,1256.0,1259.9000244140625,1248.300048828125,1256.0999755859375,4845792,Axis Bank,AXISBANK.NS
2026-08-07,1238.0,1238.0,1256.0,1238.0,1252.0999755859375,3628823,Axis Bank,AXISBANK.NS
2026-08-10,1247.300048828125,1247.300048828125,1250.0,1235.0,1235.0,3661847,Axis Bank,AXISBANK.NS
2026-08-11,1229.800048828125,1229.800048828125,1243.0,1225.4000244140625,1242.0,5843702,Axis Bank,AXISBANK.NS
2026-08-12,1230.0,1230.0,1234.9000244140625,1216.9000244140625,1230.0,7218881,Axis Bank,AXISBANK.NS
2026-08-13,1221.800048828125,1221.800048828125,1224.800048828125,1215.5999755859375,1224.5,5284300,Axis Bank,AXISBANK.NS
2026-08-14,1217.4000244140625,1217.4000244140625,1218.699951171875,1208.5999755859375,1216.0,5557745,Axis Bank,AXISBANK.NS
2026-08-17,1227.300048828125,1227.300048828125,1235.0,1213.5999755859375,1220.0,6068014,Axis Bank,AXISBANK.NS
2026-08-18,1243.0,1243.0,1250.5,1223.4000244140625,1223.9000244140625,5064697,Axis Bank,AXISBANK.NS
2026-08-19,1235.0,1235.0,1245.0,1224.0,1243.0999755859375,3061937,Axis Bank,AXISBANK.NS
2026-08-20,1251.0,1251.0,1253.9000244140625,1236.199951171875,1237.5,4163816,Axis Bank,AXISBANK.NS
2026-08-21,1245.800048828125,1245.800048828125,1256.4000244140625,1240.4000244140625,1250.5999755859375,3690270,Axis Bank,AXISBANK.NS
2026-08-24,1236.0,1236.0,1248.699951171875,1231.800048828125,1245.800048828125,3778588,Axis Bank,AXISBANK.NS
2026-08-25,1235.0,1235.0,1240.5,1229.800048828125,1236.0999755859375,3606504,Axis Bank,AXISBANK.NS
2026-08-26,1255.0,1255.0,1257.699951171875,1238.199951171875,1240.0999755859375,3298266,Axis Bank,AXISBANK.NS
2026-08-27,1256.0,1256.0,1268.699951171875,1251.4000244140625,1260.0,7005789,Axis Bank,AXISBANK.NS
2026-08-28,1265.0,1265.0,1265.4000244140625,1248.199951171875,1256.0,3243469,Axis Bank,AXISBANK.NS
2026-08-31,1300.0,1300.0,1300.0,1251.199951171875,1257.0,6093670,Axis Bank,AXISBANK.NS
2026-09-01,1258.0,1258.0,1275.0999755859375,1255.0,1274.9000244140625,5588158,Axis Bank,AXISBANK.NS
2026-09-02,1253.9000244140625,1253.9000244140625,1266.9000244140625,1250.0,1254.5999755859375,6437250,Axis Bank,AXISBANK.NS
2026-09-03,1267.0,1267.0,1278.9000244140625,1260.199951171875,1265.0,3309016,Axis Bank,AXISBANK.NS
