Date,Adj Close,Close,High,Low,Open,Volume,Company,Ticker
2021-09-03,947.7463989257812,979.7100219726562,981.8499755859375,972.4600219726562,975.239990234375,2156575,Dr Reddy's,DRREDDY.NS
2021-09-06,951.1128540039062,983.1900024414062,988.6599731445312,974.2899780273438,988.0,3080995,Dr Reddy's,DRREDDY.NS
2021-09-07,947.5335693359375,979.489990234375,985.1900024414062,971.1099853515625,983.0,2101070,Dr Reddy's,DRREDDY.NS
2021-09-08,950.2132568359375,982.260009765625,988.0,972.260009765625,983.0,2500145,Dr Reddy's,DRREDDY.NS
2021-09-09,950.3582763671875,982.4099731445312,984.489990234375,975.4199829101562,977.0,1812055,Dr Reddy's,DRREDDY.NS
2021-09-13,954.1019897460938,986.280029296875,989.4400024414062,974.6199951171875,985.780029296875,1493265,Dr Reddy's,DRREDDY.NS
2021-09-14,953.976318359375,986.1500244140625,997.7999877929688,984.75,989.97998046875,1549905,Dr Reddy's,DRREDDY.NS
2021-09-15,960.1383666992188,992.52001953125,995.0,983.780029296875,987.4000244140625,1601600,Dr Reddy's,DRREDDY.NS
2021-09-16,954.2084350585938,986.3900146484375,999.2999877929688,983.3099975585938,996.2000122070312,1482575,Dr Reddy's,DRREDDY.NS
2021-09-17,945.0376586914062,976.9099731445312,991.5499877929688,973.8099975585938,986.5999755859375,2274150,Dr Reddy's,DRREDDY.NS
2021-09-20,923.8328857421875,954.989990234375,977.1099853515625,949.6400146484375,975.0,1660330,Dr Reddy's,DRREDDY.NS
2021-09-21,939.059326171875,970.72998046875,972.7999877929688,949.0499877929688,953.75,1701950,Dr Reddy's,DRREDDY.NS
2021-09-22,937.64697265625,969.27001953125,975.760009765625,962.4099731445312,970.8400268554688,1253645,Dr Reddy's,DRREDDY.NS
2021-09-23,928.1570434570312,959.4600219726562,973.719970703125,954.0,973.3800048828125,2800365,Dr Reddy's,DRREDDY.NS
2021-09-24,926.8123779296875,958.0700073242188,964.219970703125,955.6099853515625,961.2000122070312,1258075,Dr Reddy's,DRREDDY.NS
2021-09-27,927.0639038085938,958.3300170898438,961.1300048828125,946.5999755859375,959.4600219726562,1130285,Dr Reddy's,DRREDDY.NS
2021-09-28,935.0930786132812,966.6300048828125,970.8200073242188,951.02001953125,961.97998046875,1527230,Dr Reddy's,DRREDDY.NS
2021-09-29,944.3508911132812,976.2000122070312,984.5800170898438,958.3300170898438,966.5999755859375,3275350,Dr Reddy's,DRREDDY.NS
2021-09-30,944.2927856445312,976.1400146484375,997.0,973.0900268554688,977.97998046875,3880075,Dr Reddy's,DRREDDY.NS
2021-10-01,958.8324584960938,991.1699829101562,994.0,970.4500122070312,970.5999755859375,1710665,Dr Reddy's,DRREDDY.NS
2021-10-04,975.6357421875,1008.5399780273438,1015.4000244140625,990.0,991.0,3801765,Dr Reddy's,DRREDDY.NS
2021-10-05,974.0685424804688,1006.9199829101562,1010.0,994.0,1007.4199829101562,1774235,Dr Reddy's,DRREDDY.NS
2021-10-06,958.9775390625,991.3200073242188,1008.4400024414062,981.3599853515625,1003.5,2646320,Dr Reddy's,DRREDDY.NS
2021-10-07,946.304931640625,978.219970703125,997.97998046875,976.5900268554688,995.1799926757812,1719870,Dr Reddy's,DRREDDY.NS
2021-10-08,938.1983642578125,969.8400268554688,989.3300170898438,964.2000122070312,981.3300170898438,1741550,Dr Reddy's,DRREDDY.NS
2021-10-11,946.9337768554688,978.8699951171875,984.2999877929688,965.5800170898438,974.0,3440320,Dr Reddy's,DRREDDY.NS
2021-10-12,950.0197143554688,982.0599975585938,991.4000244140625,971.2000122070312,980.0,1427440,Dr Reddy's,DRREDDY.NS
2021-10-13,953.5311889648438,985.6900024414062,989.2000122070312,978.02001953125,981.7999877929688,1207980,Dr Reddy's,DRREDDY.NS
2021-10-14,959.3838500976562,991.739990234375,1001.9299926757812,982.8099975585938,984.7999877929688,1460300,Dr Reddy's,DRREDDY.NS
2021-10-18,943.6736450195312,975.5,994.989990234375,973.1300048828125,989.0,1668255,Dr Reddy's,DRREDDY.NS
2021-10-19,929.0276489257812,960.3599853515625,984.0,958.0,981.0,2698595,Dr Reddy's,DRREDDY.NS
2021-10-20,919.7601928710938,950.780029296875,968.8900146484375,943.5999755859375,960.2100219726562,1580485,Dr Reddy's,DRREDDY.NS
2021-10-21,899.9774169921875,930.3300170898438,957.760009765625,920.0,956.0,2584000,Dr Reddy's,DRREDDY.NS
2021-10-22,897.22998046875,927.489990234375,937.5599975585938,918.6500244140625,931.0,1814980,Dr Reddy's,DRREDDY.NS
2021-10-25,904.717529296875,935.22998046875,939.7999877929688,907.4000244140625,930.1799926757812,1380835,Dr Reddy's,DRREDDY.NS
2021-10-26,902.7924194335938,933.239990234375,939.760009765625,927.4000244140625,939.0,1363565,Dr Reddy's,DRREDDY.NS
2021-10-27,902.115234375,932.5399780273438,945.5999755859375,929.4099731445312,931.0999755859375,1929040,Dr Reddy's,DRREDDY.NS
2021-10-28,884.1704711914062,913.989990234375,937.9400024414062,910.2100219726562,935.0,1341975,Dr Reddy's,DRREDDY.NS
2021-10-29,901.4381713867188,931.8400268554688,983.5700073242188,905.2100219726562,918.5999755859375,9725820,Dr Reddy's,DRREDDY.NS
2021-11-01,928.9598999023438,960.2899780273438,966.989990234375,925.8099975585938,937.0,3383505,Dr Reddy's,DRREDDY.NS
2021-11-02,918.2510986328125,949.219970703125,960.7999877929688,944.4000244140625,959.969970703125,2046660,Dr Reddy's,DRREDDY.NS
2021-11-03,923.1944580078125,954.3300170898438,959.6500244140625,950.7100219726562,951.7999877929688,1862160,Dr Reddy's,DRREDDY.NS
2021-11-04,922.1303100585938,953.22998046875,957.72998046875,950.7999877929688,955.0,104180,Dr Reddy's,DRREDDY.NS
2021-11-08,926.5028076171875,957.75,962.030029296875,940.219970703125,952.0,1191260,Dr Reddy's,DRREDDY.NS
2021-11-09,927.1992797851562,958.469970703125,967.0,955.0599975585938,958.0,1249435,Dr Reddy's,DRREDDY.NS
2021-11-10,934.3578491210938,965.8699951171875,969.989990234375,954.7999877929688,956.8200073242188,1711170,Dr Reddy's,DRREDDY.NS
2021-11-11,931.5718383789062,962.989990234375,969.8699951171875,956.7999877929688,966.2000122070312,1586300,Dr Reddy's,DRREDDY.NS
2021-11-12,937.0471801757812,968.6500244140625,974.0,963.0,970.0,1166710,Dr Reddy's,DRREDDY.NS
2021-11-15,942.9288330078125,974.72998046875,979.7999877929688,966.6099853515625,968.2000122070312,1337395,Dr Reddy's,DRREDDY.NS
2021-11-16,932.0845336914062,963.52001953125,980.2000122070312,959.469970703125,980.2000122070312,1679855,Dr Reddy's,DRREDDY.NS
2021-11-17,922.546142578125,953.6599731445312,964.969970703125,950.02001953125,963.52001953125,983295,Dr Reddy's,DRREDDY.NS
2021-11-18,903.8081665039062,934.2899780273438,953.5399780273438,930.219970703125,951.9600219726562,1168320,Dr Reddy's,DRREDDY.NS
2021-11-22,891.4548950195312,921.52001953125,937.9199829101562,916.3200073242188,935.2899780273438,910090,Dr Reddy's,DRREDDY.NS
2021-11-23,896.166015625,926.3900146484375,932.3699951171875,910.2999877929688,920.0,1063495,Dr Reddy's,DRREDDY.NS
2021-11-24,889.6071166992188,919.6099853515625,930.719970703125,917.3200073242188,925.780029296875,996290,Dr Reddy's,DRREDDY.NS
2021-11-25,888.3591918945312,918.3200073242188,939.2000122070312,917.0,922.7999877929688,2726870,Dr Reddy's,DRREDDY.NS
2021-11-26,919.1798095703125,950.1799926757812,964.0,915.22998046875,916.0,5361365,Dr Reddy's,DRREDDY.NS
2021-11-29,908.8675537109375,939.52001953125,977.0,933.1199951171875,970.0,4500925,Dr Reddy's,DRREDDY.NS
2021-11-30,904.659423828125,935.1699829101562,949.6500244140625,930.0,942.780029296875,3589115,Dr Reddy's,DRREDDY.NS
2021-12-01,891.2130126953125,921.27001953125,942.47998046875,918.0,939.2000122070312,2127105,Dr Reddy's,DRREDDY.NS
2021-12-02,902.1249389648438,932.5499877929688,933.7999877929688,921.8099975585938,921.97998046875,1163740,Dr Reddy's,DRREDDY.NS
2021-12-03,889.3072509765625,919.2999877929688,932.7999877929688,916.5999755859375,930.4400024414062,2738865,Dr Reddy's,DRREDDY.NS
2021-12-06,870.3853759765625,899.739990234375,921.8499755859375,896.8599853515625,921.8499755859375,1336375,Dr Reddy's,DRREDDY.NS
2021-12-07,874.641845703125,904.1400146484375,910.0,888.260009765625,904.0,2662500,Dr Reddy's,DRREDDY.NS
2021-12-08,884.315673828125,914.1400146484375,917.9400024414062,905.4500122070312,905.4500122070312,979280,Dr Reddy's,DRREDDY.NS
2021-12-09,888.8719482421875,918.8499755859375,923.5900268554688,913.0700073242188,920.0,1130885,Dr Reddy's,DRREDDY.NS
2021-12-10,888.6881713867188,918.6599731445312,923.9000244140625,914.7000122070312,922.0,802565,Dr Reddy's,DRREDDY.NS
2021-12-13,889.94580078125,919.9600219726562,935.5999755859375,913.2899780273438,935.5999755859375,1355025,Dr Reddy's,DRREDDY.NS
2021-12-14,898.9906005859375,929.3099975585938,932.0,915.4199829101562,919.2000122070312,1195915,Dr Reddy's,DRREDDY.NS
2021-12-15,890.04248046875,920.0599975585938,929.3099975585938,914.4600219726562,929.02001953125,1537725,Dr Reddy's,DRREDDY.NS
2021-12-16,889.4716796875,919.469970703125,927.7899780273438,914.0,926.0,1006605,Dr Reddy's,DRREDDY.NS
2021-12-17,874.1098022460938,903.5900268554688,929.5999755859375,899.3599853515625,926.0,2417560,Dr Reddy's,DRREDDY.NS
2021-12-20,882.380859375,912.1400146484375,915.0,892.4000244140625,899.239990234375,1708885,Dr Reddy's,DRREDDY.NS
2021-12-21,894.028076171875,924.1799926757812,925.8400268554688,908.760009765625,912.2100219726562,1293770,Dr Reddy's,DRREDDY.NS
2021-12-22,899.3679809570312,929.7000122070312,935.8599853515625,922.0,928.0,1068395,Dr Reddy's,DRREDDY.NS
2021-12-23,908.3258666992188,938.9600219726562,940.0,931.02001953125,934.739990234375,831200,Dr Reddy's,DRREDDY.NS
2021-12-24,897.4622192382812,927.72998046875,946.0,922.2000122070312,945.0,1259130,Dr Reddy's,DRREDDY.NS
2021-12-27,916.4711303710938,947.3800048828125,949.0,924.219970703125,924.8200073242188,1696340,Dr Reddy's,DRREDDY.NS
2021-12-28,917.8060913085938,948.760009765625,954.719970703125,940.6099853515625,947.3800048828125,3342970,Dr Reddy's,DRREDDY.NS
2021-12-29,935.0930786132812,966.6300048828125,969.6300048828125,948.760009765625,948.760009765625,2528020,Dr Reddy's,DRREDDY.NS
2021-12-30,948.9362182617188,980.9400024414062,985.5900268554688,965.010009765625,966.0,2765730,Dr Reddy's,DRREDDY.NS
2021-12-31,949.3812255859375,981.4000244140625,986.2100219726562,975.2999877929688,980.7999877929688,1442840,Dr Reddy's,DRREDDY.NS
2022-01-03,938.9625854492188,970.6300048828125,986.0599975585938,969.5399780273438,981.4000244140625,1463005,Dr Reddy's,DRREDDY.NS
2022-01-04,935.5380859375,967.0900268554688,978.5800170898438,965.0,972.2000122070312,1267190,Dr Reddy's,DRREDDY.NS
2022-01-05,926.8220825195312,958.0800170898438,980.9199829101562,951.4099731445312,976.0,2684010,Dr Reddy's,DRREDDY.NS
2022-01-06,916.9645385742188,947.8900146484375,967.2100219726562,945.6599731445312,958.0800170898438,1908215,Dr Reddy's,DRREDDY.NS
2022-01-07,910.9570922851562,941.6799926757812,953.8900146484375,938.0,953.8900146484375,1335615,Dr Reddy's,DRREDDY.NS
2022-01-10,909.1481323242188,939.8099975585938,945.6799926757812,931.030029296875,945.6799926757812,1575095,Dr Reddy's,DRREDDY.NS
2022-01-11,903.382568359375,933.8499755859375,947.97998046875,932.1099853515625,942.0,1547160,Dr Reddy's,DRREDDY.NS
2022-01-12,908.054931640625,938.6799926757812,940.6599731445312,926.7999877929688,936.0,1188845,Dr Reddy's,DRREDDY.NS
2022-01-13,914.3526611328125,945.1900024414062,951.9199829101562,936.9199829101562,940.0,2270255,Dr Reddy's,DRREDDY.NS
2022-01-14,907.242431640625,937.8400268554688,944.5999755859375,932.1099853515625,944.0399780273438,1594300,Dr Reddy's,DRREDDY.NS
2022-01-17,903.9920043945312,934.47998046875,939.989990234375,921.0999755859375,933.0999755859375,2693245,Dr Reddy's,DRREDDY.NS
2022-01-18,908.083984375,938.7100219726562,944.8900146484375,924.2000122070312,934.0,2122640,Dr Reddy's,DRREDDY.NS
2022-01-19,906.4201049804688,936.989990234375,946.8800048828125,930.989990234375,939.0,1539435,Dr Reddy's,DRREDDY.NS
2022-01-20,888.3494873046875,918.3099975585938,942.4000244140625,914.0,942.4000244140625,1588695,Dr Reddy's,DRREDDY.NS
2022-01-21,869.8920288085938,899.22998046875,914.0,887.0,912.25,2787740,Dr Reddy's,DRREDDY.NS
2022-01-24,844.3920288085938,872.8699951171875,897.9600219726562,862.2000122070312,897.219970703125,2782490,Dr Reddy's,DRREDDY.NS
2022-01-25,851.8408813476562,880.5700073242188,883.7899780273438,860.2000122070312,872.8699951171875,1704510,Dr Reddy's,DRREDDY.NS
2022-01-27,823.496826171875,851.27001953125,873.030029296875,846.4000244140625,868.0,3527530,Dr Reddy's,DRREDDY.NS
2022-01-28,816.193115234375,843.719970703125,876.0,835.0900268554688,849.760009765625,6514920,Dr Reddy's,DRREDDY.NS
2022-01-31,832.4837646484375,860.5599975585938,873.719970703125,848.010009765625,849.989990234375,3092775,Dr Reddy's,DRREDDY.NS
2022-02-01,833.7703247070312,861.8900146484375,865.280029296875,851.5999755859375,864.0,1858315,Dr Reddy's,DRREDDY.NS
2022-02-02,854.2593383789062,883.0700073242188,885.9500122070312,863.02001953125,865.0,1525005,Dr Reddy's,DRREDDY.NS
2022-02-03,846.3848266601562,874.9299926757812,887.3900146484375,872.0,883.5999755859375,1107685,Dr Reddy's,DRREDDY.NS
2022-02-04,841.9930419921875,870.3900146484375,881.2999877929688,867.4000244140625,880.9099731445312,1234965,Dr Reddy's,DRREDDY.NS
2022-02-07,833.7219848632812,861.8400268554688,870.0,850.010009765625,864.0,1279790,Dr Reddy's,DRREDDY.NS
2022-02-08,836.188720703125,864.3900146484375,875.8699951171875,856.010009765625,861.7999877929688,1982015,Dr Reddy's,DRREDDY.NS
2022-02-09,845.2433471679688,873.75,879.0,862.2999877929688,864.4400024414062,994400,Dr Reddy's,DRREDDY.NS
2022-02-10,845.6207275390625,874.1400146484375,877.75,866.739990234375,877.0,1189325,Dr Reddy's,DRREDDY.NS
2022-02-11,836.856201171875,865.0800170898438,869.9099731445312,856.030029296875,862.2000122070312,1687690,Dr Reddy's,DRREDDY.NS
2022-02-14,813.484375,840.9199829101562,853.3200073242188,833.3499755859375,850.0,2246930,Dr Reddy's,DRREDDY.NS
2022-02-15,827.5984497070312,855.510009765625,858.8900146484375,837.719970703125,846.7999877929688,1790055,Dr Reddy's,DRREDDY.NS
2022-02-16,835.1245727539062,863.2899780273438,874.5599975585938,848.7100219726562,855.5999755859375,1903065,Dr Reddy's,DRREDDY.NS
2022-02-17,832.135498046875,860.2000122070312,867.0499877929688,858.6400146484375,864.5800170898438,1145155,Dr Reddy's,DRREDDY.NS
2022-02-18,836.033935546875,864.22998046875,868.5999755859375,852.9199829101562,856.0,1790540,Dr Reddy's,DRREDDY.NS
2022-02-21,831.6033935546875,859.6500244140625,883.3300170898438,856.52001953125,875.2000122070312,2939755,Dr Reddy's,DRREDDY.NS
2022-02-22,816.173828125,843.7000122070312,847.1199951171875,831.1400146484375,837.989990234375,2404200,Dr Reddy's,DRREDDY.NS
2022-02-23,812.7782592773438,840.1900024414062,852.1300048828125,838.1699829101562,852.0,1857420,Dr Reddy's,DRREDDY.NS
2022-02-24,791.7958984375,818.5,829.7999877929688,809.989990234375,810.0,3485635,Dr Reddy's,DRREDDY.NS
2022-02-25,808.0671997070312,835.3200073242188,840.2000122070312,820.4199829101562,822.7999877929688,1527165,Dr Reddy's,DRREDDY.NS
2022-02-28,786.165771484375,812.6799926757812,830.0,810.5,830.0,4914250,Dr Reddy's,DRREDDY.NS
2022-03-02,745.48779296875,770.6300048828125,812.6799926757812,765.0,812.27001953125,7703175,Dr Reddy's,DRREDDY.NS
2022-03-03,719.5040893554688,743.77001953125,778.8499755859375,740.0,775.7999877929688,6673625,Dr Reddy's,DRREDDY.NS
2022-03-04,740.7476196289062,765.72998046875,774.7899780273438,730.7999877929688,742.0,6040250,Dr Reddy's,DRREDDY.NS
2022-03-07,729.2841796875,753.8800048828125,758.3900146484375,733.5999755859375,749.7999877929688,3015430,Dr Reddy's,DRREDDY.NS
2022-03-08,748.46728515625,773.7100219726562,777.3900146484375,747.5700073242188,750.0,3920845,Dr Reddy's,DRREDDY.NS
2022-03-09,760.443359375,786.0900268554688,796.260009765625,776.4400024414062,780.2999877929688,4046845,Dr Reddy's,DRREDDY.NS
2022-03-10,753.1008911132812,778.5,797.2999877929688,775.1099853515625,795.0,3560495,Dr Reddy's,DRREDDY.NS
2022-03-11,769.1787109375,795.1199951171875,799.2000122070312,774.5999755859375,778.5999755859375,5566315,Dr Reddy's,DRREDDY.NS
2022-03-14,765.63818359375,791.4600219726562,798.9299926757812,785.0,792.2000122070312,2850290,Dr Reddy's,DRREDDY.NS
2022-03-15,754.52294921875,779.969970703125,799.7999877929688,776.0,791.5999755859375,2356470,Dr Reddy's,DRREDDY.NS
2022-03-16,763.0261840820312,788.760009765625,794.7999877929688,778.0,794.7999877929688,1793880,Dr Reddy's,DRREDDY.NS
2022-03-17,782.0545043945312,808.4299926757812,810.0,789.239990234375,793.02001953125,3862935,Dr Reddy's,DRREDDY.NS
2022-03-21,774.857177734375,800.989990234375,816.5900268554688,799.3499755859375,814.7999877929688,2008195,Dr Reddy's,DRREDDY.NS
2022-03-22,779.771484375,806.0700073242188,811.3900146484375,794.0,804.2000122070312,6451110,Dr Reddy's,DRREDDY.NS
2022-03-23,798.5289306640625,825.4600219726562,837.7899780273438,808.0,808.0,5220570,Dr Reddy's,DRREDDY.NS
2022-03-24,837.4559936523438,865.7000122070312,869.7100219726562,820.2899780273438,822.5999755859375,8690735,Dr Reddy's,DRREDDY.NS
2022-03-25,843.8310546875,872.2899780273438,875.0,858.0,865.4000244140625,4321985,Dr Reddy's,DRREDDY.NS
2022-03-28,829.1270141601562,857.0900268554688,872.5900268554688,847.8300170898438,871.9600219726562,2484535,Dr Reddy's,DRREDDY.NS
2022-03-29,836.4983520507812,864.7100219726562,871.1099853515625,849.4099731445312,858.7999877929688,2105420,Dr Reddy's,DRREDDY.NS
2022-03-30,842.4669189453125,870.8800048828125,873.2999877929688,856.8200073242188,870.5599975585938,3084130,Dr Reddy's,DRREDDY.NS
2022-03-31,831.0617065429688,859.0900268554688,877.5,856.02001953125,870.5999755859375,3058595,Dr Reddy's,DRREDDY.NS
2022-04-01,827.966064453125,855.8900146484375,866.9299926757812,852.5999755859375,859.0,1569355,Dr Reddy's,DRREDDY.NS
2022-04-04,835.260009765625,863.4299926757812,868.0,854.0,868.0,1298870,Dr Reddy's,DRREDDY.NS
2022-04-05,837.7268676757812,865.97998046875,881.5999755859375,860.5499877929688,867.780029296875,2399325,Dr Reddy's,DRREDDY.NS
2022-04-06,827.4437255859375,855.3499755859375,871.0,853.260009765625,866.0,2059755,Dr Reddy's,DRREDDY.NS
2022-04-07,835.308349609375,863.47998046875,871.4099731445312,855.3499755859375,859.0,1397010,Dr Reddy's,DRREDDY.NS
2022-04-08,857.1614379882812,886.0700073242188,895.530029296875,865.3699951171875,869.4000244140625,3358875,Dr Reddy's,DRREDDY.NS
2022-04-11,847.5166015625,876.0999755859375,890.0,874.6900024414062,886.0,1077795,Dr Reddy's,DRREDDY.NS
2022-04-12,845.9398803710938,874.469970703125,881.6199951171875,865.72998046875,875.2000122070312,1855070,Dr Reddy's,DRREDDY.NS
2022-04-13,831.7871704101562,859.8400268554688,872.469970703125,858.1199951171875,870.2000122070312,1847180,Dr Reddy's,DRREDDY.NS
2022-04-18,829.0301513671875,856.989990234375,863.6900024414062,846.1400146484375,855.0,1698380,Dr Reddy's,DRREDDY.NS
2022-04-19,814.47119140625,841.9400024414062,863.219970703125,838.0,862.0,1550720,Dr Reddy's,DRREDDY.NS
2022-04-20,830.6650390625,858.6799926757812,868.0,842.6099853515625,843.4000244140625,2252075,Dr Reddy's,DRREDDY.NS
2022-04-21,835.8694458007812,864.0599975585938,870.3099975585938,862.0,863.7999877929688,1972180,Dr Reddy's,DRREDDY.NS
2022-04-22,811.1917724609375,838.5499877929688,859.7999877929688,833.4000244140625,859.3900146484375,1953715,Dr Reddy's,DRREDDY.NS
2022-04-25,796.236083984375,823.0900268554688,835.9400024414062,812.2000122070312,830.0,1705680,Dr Reddy's,DRREDDY.NS
2022-04-26,803.801025390625,830.9099731445312,837.0499877929688,826.2100219726562,835.0,792225,Dr Reddy's,DRREDDY.NS
2022-04-27,788.806640625,815.4099731445312,832.739990234375,814.510009765625,830.9099731445312,993500,Dr Reddy's,DRREDDY.NS
2022-04-28,797.532470703125,824.4299926757812,830.3300170898438,816.3200073242188,820.0,1504805,Dr Reddy's,DRREDDY.NS
2022-04-29,799.4285888671875,826.3900146484375,853.2000122070312,823.02001953125,832.0,2615175,Dr Reddy's,DRREDDY.NS
2022-05-02,797.87109375,824.780029296875,829.0499877929688,814.0,824.4299926757812,925300,Dr Reddy's,DRREDDY.NS
2022-05-04,772.4193725585938,798.469970703125,827.0800170898438,793.4000244140625,824.7999877929688,1712475,Dr Reddy's,DRREDDY.NS
2022-05-05,766.8958129882812,792.760009765625,814.97998046875,790.2000122070312,810.0,1264655,Dr Reddy's,DRREDDY.NS
2022-05-06,760.4819946289062,786.1300048828125,789.77001953125,776.0,785.9600219726562,1197395,Dr Reddy's,DRREDDY.NS
2022-05-09,755.6741333007812,781.1599731445312,787.1900024414062,774.1300048828125,785.7999877929688,886775,Dr Reddy's,DRREDDY.NS
2022-05-10,757.2606811523438,782.7999877929688,786.7999877929688,778.0,780.0,1014140,Dr Reddy's,DRREDDY.NS
2022-05-11,751.4661254882812,776.8099975585938,788.5900268554688,770.2000122070312,779.0999755859375,1356280,Dr Reddy's,DRREDDY.NS
2022-05-12,750.6824951171875,776.0,779.239990234375,757.969970703125,772.2999877929688,1468145,Dr Reddy's,DRREDDY.NS
2022-05-13,759.2534790039062,784.8599853515625,795.7999877929688,778.0999755859375,779.8800048828125,1092005,Dr Reddy's,DRREDDY.NS
2022-05-16,752.3076782226562,777.6799926757812,791.0,772.2100219726562,784.5999755859375,1089575,Dr Reddy's,DRREDDY.NS
2022-05-17,755.3258666992188,780.7999877929688,788.969970703125,774.2000122070312,786.97998046875,1277320,Dr Reddy's,DRREDDY.NS
2022-05-18,755.6741333007812,781.1599731445312,796.989990234375,776.4000244140625,782.7999877929688,2500790,Dr Reddy's,DRREDDY.NS
2022-05-19,760.2498168945312,785.8900146484375,802.9500122070312,765.8099975585938,777.2000122070312,9129055,Dr Reddy's,DRREDDY.NS
2022-05-20,822.0940551757812,849.8200073242188,859.8200073242188,795.0,795.0,12401575,Dr Reddy's,DRREDDY.NS
2022-05-23,827.0953979492188,854.989990234375,865.4000244140625,847.239990234375,849.8200073242188,3035360,Dr Reddy's,DRREDDY.NS
2022-05-24,841.0546264648438,869.4199829101562,875.0,851.2899780273438,854.780029296875,5054480,Dr Reddy's,DRREDDY.NS
2022-05-25,833.3833618164062,861.489990234375,879.5999755859375,859.260009765625,878.219970703125,2500200,Dr Reddy's,DRREDDY.NS
2022-05-26,832.7449340820312,860.8300170898438,869.7999877929688,857.9299926757812,863.2000122070312,2145360,Dr Reddy's,DRREDDY.NS
2022-05-27,849.4514770507812,878.0999755859375,881.7999877929688,853.7899780273438,864.0,2171455,Dr Reddy's,DRREDDY.NS
2022-05-30,845.5433349609375,874.0599975585938,885.3499755859375,870.219970703125,880.7999877929688,2324015,Dr Reddy's,DRREDDY.NS
2022-05-31,845.41748046875,873.9299926757812,879.7999877929688,866.1199951171875,871.0,2380075,Dr Reddy's,DRREDDY.NS
2022-06-01,835.6179809570312,863.7999877929688,872.3300170898438,860.219970703125,870.0,1772530,Dr Reddy's,DRREDDY.NS
2022-06-02,838.355712890625,866.6300048828125,872.0,858.0,860.6199951171875,1639675,Dr Reddy's,DRREDDY.NS
2022-06-03,839.6809692382812,868.0,878.3300170898438,862.9600219726562,871.9400024414062,1423865,Dr Reddy's,DRREDDY.NS
2022-06-06,833.0545043945312,861.1500244140625,870.72998046875,854.2000122070312,866.4000244140625,566055,Dr Reddy's,DRREDDY.NS
2022-06-07,801.7501831054688,828.7899780273438,855.0,820.739990234375,852.0,3605015,Dr Reddy's,DRREDDY.NS
2022-06-08,812.4300537109375,839.8300170898438,842.4600219726562,822.5999755859375,834.7999877929688,2264910,Dr Reddy's,DRREDDY.NS
2022-06-09,836.37255859375,864.5800170898438,867.0,834.02001953125,834.02001953125,3702930,Dr Reddy's,DRREDDY.NS
2022-06-10,841.9155883789062,870.3099975585938,872.7999877929688,856.3599853515625,864.5800170898438,2107480,Dr Reddy's,DRREDDY.NS
2022-06-13,825.5960083007812,853.4400024414062,871.0,851.2999877929688,864.5999755859375,1839815,Dr Reddy's,DRREDDY.NS
2022-06-14,834.0798950195312,862.2100219726562,864.989990234375,847.8099975585938,850.0,2035905,Dr Reddy's,DRREDDY.NS
2022-06-15,838.8102416992188,867.0999755859375,869.8200073242188,857.4099731445312,861.3400268554688,1585315,Dr Reddy's,DRREDDY.NS
2022-06-16,829.5234985351562,857.5,871.8599853515625,855.1300048828125,870.0,1750035,Dr Reddy's,DRREDDY.NS
2022-06-17,802.2822875976562,829.3400268554688,859.780029296875,813.2100219726562,858.0,4764870,Dr Reddy's,DRREDDY.NS
2022-06-20,803.26904296875,830.3599853515625,835.8400268554688,821.4199829101562,829.3400268554688,1387575,Dr Reddy's,DRREDDY.NS
2022-06-21,825.8765258789062,853.72998046875,855.3099975585938,832.02001953125,832.02001953125,1191555,Dr Reddy's,DRREDDY.NS
2022-06-22,824.3770751953125,852.1799926757812,869.77001953125,832.0,856.2000122070312,2847785,Dr Reddy's,DRREDDY.NS
2022-06-23,830.9552612304688,858.97998046875,861.5399780273438,851.0,859.0,1675510,Dr Reddy's,DRREDDY.NS
2022-06-24,833.8089599609375,861.9299926757812,874.510009765625,858.4000244140625,864.4000244140625,1518295,Dr Reddy's,DRREDDY.NS
2022-06-27,835.9178466796875,864.1099853515625,879.969970703125,861.1699829101562,879.969970703125,1663765,Dr Reddy's,DRREDDY.NS
2022-06-28,846.3751831054688,874.9199829101562,876.0,862.4000244140625,865.8499755859375,1412215,Dr Reddy's,DRREDDY.NS
2022-06-29,844.3920288085938,872.8699951171875,881.75,866.8800048828125,871.4199829101562,1905735,Dr Reddy's,DRREDDY.NS
2022-06-30,850.0899658203125,878.760009765625,883.0,870.2000122070312,873.9500122070312,1845325,Dr Reddy's,DRREDDY.NS
2022-07-01,848.5615234375,877.1799926757812,879.0,858.010009765625,877.0,1523995,Dr Reddy's,DRREDDY.NS
2022-07-04,842.4766235351562,870.8900146484375,882.25,859.2000122070312,872.4199829101562,1303490,Dr Reddy's,DRREDDY.NS
2022-07-05,850.1673583984375,878.8400268554688,893.5,870.239990234375,872.97998046875,2434495,Dr Reddy's,DRREDDY.NS
2022-07-06,849.3546752929688,878.0,888.6599731445312,875.8699951171875,879.0,1678505,Dr Reddy's,DRREDDY.NS
2022-07-07,838.9940795898438,867.2899780273438,888.5999755859375,865.5999755859375,885.3499755859375,2161110,Dr Reddy's,DRREDDY.NS
2022-07-08,852.489013671875,881.239990234375,882.989990234375,860.8800048828125,866.0,2089480,Dr Reddy's,DRREDDY.NS
2022-07-11,876.8002319335938,900.2000122070312,913.739990234375,870.02001953125,875.8300170898438,4797040,Dr Reddy's,DRREDDY.NS
2022-07-12,873.4300537109375,896.739990234375,907.7999877929688,885.2000122070312,894.02001953125,2079370,Dr Reddy's,DRREDDY.NS
2022-07-13,876.9171142578125,900.3200073242188,906.9400024414062,890.0,898.9000244140625,1893835,Dr Reddy's,DRREDDY.NS
2022-07-14,891.29345703125,915.0800170898438,921.5999755859375,900.6099853515625,901.2000122070312,4423835,Dr Reddy's,DRREDDY.NS
2022-07-15,885.5662231445312,909.2000122070312,922.510009765625,904.2000122070312,919.0800170898438,1504725,Dr Reddy's,DRREDDY.NS
2022-07-18,870.0015869140625,893.219970703125,922.760009765625,891.0599975585938,915.2000122070312,2337315,Dr Reddy's,DRREDDY.NS
2022-07-19,866.4562377929688,889.5800170898438,899.5999755859375,887.030029296875,891.5599975585938,1961920,Dr Reddy's,DRREDDY.NS
2022-07-20,868.56982421875,891.75,898.4000244140625,888.0,898.0,1130700,Dr Reddy's,DRREDDY.NS
2022-07-21,851.4954223632812,874.219970703125,897.3699951171875,871.2000122070312,893.7999877929688,3126100,Dr Reddy's,DRREDDY.NS
2022-07-22,851.9630737304688,874.7000122070312,881.3599853515625,870.5999755859375,878.7999877929688,1806315,Dr Reddy's,DRREDDY.NS
2022-07-25,843.5963134765625,866.1099853515625,878.1699829101562,860.0,875.530029296875,1726910,Dr Reddy's,DRREDDY.NS
2022-07-26,820.5027465820312,842.4000244140625,865.760009765625,838.8099975585938,865.760009765625,2971165,Dr Reddy's,DRREDDY.NS
2022-07-27,834.927734375,857.2100219726562,860.0,832.5999755859375,841.5900268554688,1866270,Dr Reddy's,DRREDDY.NS
2022-07-28,829.86279296875,852.010009765625,862.97998046875,839.0,862.7999877929688,2832835,Dr Reddy's,DRREDDY.NS
2022-07-29,796.8050537109375,818.0700073242188,836.5900268554688,811.1199951171875,836.5900268554688,9872475,Dr Reddy's,DRREDDY.NS
2022-08-01,800.7205810546875,822.0900268554688,827.9600219726562,820.0999755859375,827.9600219726562,2136850,Dr Reddy's,DRREDDY.NS
2022-08-02,795.8407592773438,817.0800170898438,825.5999755859375,814.239990234375,825.5999755859375,2635115,Dr Reddy's,DRREDDY.NS
2022-08-03,797.9641723632812,819.260009765625,820.7999877929688,808.0,818.989990234375,2600985,Dr Reddy's,DRREDDY.NS
2022-08-04,808.0255737304688,829.5900268554688,831.8599853515625,817.8099975585938,822.0,3006675,Dr Reddy's,DRREDDY.NS
2022-08-05,809.7593383789062,831.3699951171875,838.760009765625,828.77001953125,831.0,2075395,Dr Reddy's,DRREDDY.NS
2022-08-08,822.7135620117188,844.6699829101562,846.7999877929688,831.3699951171875,831.3699951171875,2041885,Dr Reddy's,DRREDDY.NS
2022-08-10,826.599853515625,848.6599731445312,852.7999877929688,842.9099731445312,848.719970703125,2108115,Dr Reddy's,DRREDDY.NS
2022-08-11,829.52197265625,851.6599731445312,855.5999755859375,847.1799926757812,852.0,1285185,Dr Reddy's,DRREDDY.NS
2022-08-12,830.0089111328125,852.1599731445312,857.9199829101562,844.2000122070312,851.5999755859375,2021290,Dr Reddy's,DRREDDY.NS
2022-08-16,837.216552734375,859.5599975585938,863.7999877929688,852.5599975585938,855.0,1314065,Dr Reddy's,DRREDDY.NS
2022-08-17,840.7424926757812,863.1799926757812,865.97998046875,858.3499755859375,863.5900268554688,2169055,Dr Reddy's,DRREDDY.NS
2022-08-18,823.0545043945312,845.02001953125,848.0,826.6699829101562,848.0,5137920,Dr Reddy's,DRREDDY.NS
2022-08-19,818.9442138671875,840.7999877929688,849.4199829101562,837.0,846.4000244140625,1928705,Dr Reddy's,DRREDDY.NS
2022-08-22,815.6229248046875,837.3900146484375,845.989990234375,832.0,833.8200073242188,1692810,Dr Reddy's,DRREDDY.NS
2022-08-23,823.0642700195312,845.030029296875,847.0399780273438,829.0,829.0,1398150,Dr Reddy's,DRREDDY.NS
2022-08-24,821.6812133789062,843.6099853515625,849.260009765625,839.4000244140625,849.260009765625,1467185,Dr Reddy's,DRREDDY.NS
2022-08-25,825.5480346679688,847.5800170898438,852.780029296875,842.4000244140625,847.8300170898438,1552875,Dr Reddy's,DRREDDY.NS
2022-08-26,822.703857421875,844.6599731445312,855.0,842.4299926757812,854.5999755859375,818685,Dr Reddy's,DRREDDY.NS
2022-08-29,820.1422729492188,842.030029296875,844.6500244140625,831.4299926757812,834.0,966050,Dr Reddy's,DRREDDY.NS
2022-08-30,826.9407958984375,849.010009765625,852.3200073242188,838.530029296875,842.7999877929688,2359905,Dr Reddy's,DRREDDY.NS
2022-09-01,818.5740356445312,840.4199829101562,846.5,839.4099731445312,843.2000122070312,1656700,Dr Reddy's,DRREDDY.NS
2022-09-02,816.2072143554688,837.989990234375,846.4000244140625,834.7899780273438,844.6300048828125,1008280,Dr Reddy's,DRREDDY.NS
2022-09-05,820.9408569335938,842.8499755859375,843.9099731445312,831.0,839.0,1581715,Dr Reddy's,DRREDDY.NS
2022-09-06,825.8012084960938,847.8400268554688,850.4000244140625,837.0,846.0,1129375,Dr Reddy's,DRREDDY.NS
2022-09-07,827.7687377929688,849.8599853515625,853.2000122070312,842.4600219726562,843.0,1073975,Dr Reddy's,DRREDDY.NS
2022-09-08,832.1224975585938,854.3300170898438,859.3900146484375,850.5399780273438,859.3900146484375,1577545,Dr Reddy's,DRREDDY.NS
2022-09-09,828.8985595703125,851.02001953125,863.9000244140625,849.2100219726562,854.5,1570630,Dr Reddy's,DRREDDY.NS
2022-09-12,830.0770874023438,852.22998046875,860.0,848.9400024414062,852.0,1262745,Dr Reddy's,DRREDDY.NS
2022-09-13,828.4700317382812,850.5800170898438,861.3900146484375,847.4000244140625,852.8099975585938,2209365,Dr Reddy's,DRREDDY.NS
2022-09-14,820.9214477539062,842.8300170898438,852.489990234375,833.0700073242188,833.0700073242188,1723540,Dr Reddy's,DRREDDY.NS
2022-09-15,812.126220703125,833.7999877929688,847.0499877929688,828.27001953125,847.0499877929688,1881365,Dr Reddy's,DRREDDY.NS
2022-09-16,794.2726440429688,815.469970703125,837.0,812.1599731445312,837.0,1893520,Dr Reddy's,DRREDDY.NS
2022-09-19,798.5193481445312,819.8300170898438,822.2100219726562,799.4000244140625,814.0,1506440,Dr Reddy's,DRREDDY.NS
2022-09-20,821.2818603515625,843.2000122070312,847.5999755859375,821.219970703125,822.4000244140625,2957845,Dr Reddy's,DRREDDY.NS
2022-09-21,808.9606323242188,830.5499877929688,853.8200073242188,826.5700073242188,843.989990234375,1894725,Dr Reddy's,DRREDDY.NS
2022-09-22,814.7365112304688,836.47998046875,844.4199829101562,821.6799926757812,822.02001953125,2391915,Dr Reddy's,DRREDDY.NS
2022-09-23,806.3211059570312,827.8400268554688,842.9500122070312,825.9000244140625,832.5999755859375,1659940,Dr Reddy's,DRREDDY.NS
2022-09-26,804.110107421875,825.5700073242188,831.760009765625,817.8599853515625,823.8400268554688,2055290,Dr Reddy's,DRREDDY.NS
2022-09-27,814.5806274414062,836.3200073242188,840.0,825.0599975585938,829.7000122070312,1485445,Dr Reddy's,DRREDDY.NS
2022-09-28,831.74267578125,853.9400024414062,859.4000244140625,835.6300048828125,835.6300048828125,3133240,Dr Reddy's,DRREDDY.NS
2022-09-29,849.4696044921875,872.1400146484375,881.4000244140625,857.2000122070312,858.25,5442790,Dr Reddy's,DRREDDY.NS
2022-09-30,844.5994873046875,867.1400146484375,881.0,854.4099731445312,876.510009765625,3164565,Dr Reddy's,DRREDDY.NS
2022-10-03,860.953125,883.9299926757812,887.7999877929688,862.47998046875,863.0,3476290,Dr Reddy's,DRREDDY.NS
2022-10-04,859.8427124023438,882.7899780273438,889.97998046875,875.2100219726562,889.2000122070312,1543270,Dr Reddy's,DRREDDY.NS
2022-10-06,856.6480102539062,879.510009765625,889.5900268554688,873.97998046875,887.2100219726562,1231195,Dr Reddy's,DRREDDY.NS
2022-10-07,852.57666015625,875.3300170898438,881.7100219726562,874.4000244140625,878.0,1338865,Dr Reddy's,DRREDDY.NS
2022-10-10,853.229248046875,876.0,877.5999755859375,864.0,870.0,1218745,Dr Reddy's,DRREDDY.NS
2022-10-11,834.2847900390625,856.5499877929688,877.5999755859375,850.4000244140625,877.4000244140625,1486910,Dr Reddy's,DRREDDY.NS
2022-10-12,826.1810913085938,848.22998046875,862.0,843.010009765625,860.0,1470100,Dr Reddy's,DRREDDY.NS
2022-10-13,828.8108520507812,850.9299926757812,861.7999877929688,848.260009765625,849.989990234375,1513920,Dr Reddy's,DRREDDY.NS
2022-10-14,839.7490234375,862.1599731445312,868.0,852.6099853515625,861.0,1244005,Dr Reddy's,DRREDDY.NS
2022-10-17,844.5021362304688,867.0399780273438,874.7999877929688,856.5,861.0,1050700,Dr Reddy's,DRREDDY.NS
2022-10-18,848.6611938476562,871.3099975585938,874.72998046875,867.0399780273438,871.3800048828125,721180,Dr Reddy's,DRREDDY.NS
2022-10-19,840.9373168945312,863.3800048828125,878.8099975585938,861.010009765625,872.010009765625,860840,Dr Reddy's,DRREDDY.NS
2022-10-20,847.2001342773438,869.8099975585938,871.0,856.0,861.0,1287620,Dr Reddy's,DRREDDY.NS
2022-10-21,843.64501953125,866.1599731445312,877.7899780273438,861.719970703125,871.0,1002975,Dr Reddy's,DRREDDY.NS
2022-10-24,852.7422485351562,875.5,876.7999877929688,871.0,872.9600219726562,158840,Dr Reddy's,DRREDDY.NS
2022-10-25,865.3750610351562,888.469970703125,895.5,874.2000122070312,877.989990234375,3118275,Dr Reddy's,DRREDDY.NS
2022-10-27,874.89111328125,898.239990234375,903.7999877929688,890.0700073242188,892.0,2207370,Dr Reddy's,DRREDDY.NS
2022-10-28,868.8036499023438,891.989990234375,900.5499877929688,886.0,897.0,1767930,Dr Reddy's,DRREDDY.NS
2022-10-31,863.6900634765625,886.739990234375,925.0,868.9299926757812,906.2000122070312,9128805,Dr Reddy's,DRREDDY.NS
2022-11-01,883.4818725585938,907.0599975585938,916.0,887.0499877929688,887.0499877929688,5350980,Dr Reddy's,DRREDDY.NS
2022-11-02,887.446044921875,911.1300048828125,929.0,909.010009765625,909.010009765625,3708780,Dr Reddy's,DRREDDY.NS
2022-11-03,894.1179809570312,917.97998046875,920.0,905.469970703125,911.1300048828125,1766075,Dr Reddy's,DRREDDY.NS
2022-11-04,881.494873046875,905.02001953125,920.0,902.489990234375,918.010009765625,2463380,Dr Reddy's,DRREDDY.NS
2022-11-07,873.7710571289062,897.0900268554688,909.4600219726562,888.8800048828125,906.2000122070312,2100085,Dr Reddy's,DRREDDY.NS
2022-11-09,883.4039306640625,906.97998046875,913.1599731445312,900.02001953125,908.0,3565560,Dr Reddy's,DRREDDY.NS
2022-11-10,886.2383422851562,909.8900146484375,923.2000122070312,905.5999755859375,907.989990234375,2959765,Dr Reddy's,DRREDDY.NS
2022-11-11,884.2903442382812,907.8900146484375,915.7999877929688,900.4000244140625,914.4400024414062,1625215,Dr Reddy's,DRREDDY.NS
2022-11-14,850.044189453125,872.72998046875,896.77001953125,863.0,880.0,3722425,Dr Reddy's,DRREDDY.NS
2022-11-15,863.6900634765625,886.739990234375,888.52001953125,872.739990234375,873.4400024414062,1872600,Dr Reddy's,DRREDDY.NS
2022-11-16,872.9041748046875,896.2000122070312,908.989990234375,878.6400146484375,886.72998046875,2610960,Dr Reddy's,DRREDDY.NS
2022-11-17,861.2745361328125,884.260009765625,897.6900024414062,876.469970703125,896.1900024414062,1561865,Dr Reddy's,DRREDDY.NS
2022-11-18,858.88818359375,881.8099975585938,886.9099731445312,875.0999755859375,884.75,1693670,Dr Reddy's,DRREDDY.NS
2022-11-21,847.3558959960938,869.969970703125,878.5999755859375,863.510009765625,876.0,2153040,Dr Reddy's,DRREDDY.NS
2022-11-22,849.8201904296875,872.5,880.52001953125,865.2000122070312,874.3200073242188,2015475,Dr Reddy's,DRREDDY.NS
2022-11-23,858.2259521484375,881.1300048828125,884.0,872.0,876.0,1964345,Dr Reddy's,DRREDDY.NS
2022-11-24,859.8233032226562,882.77001953125,887.989990234375,875.1699829101562,885.5399780273438,1188110,Dr Reddy's,DRREDDY.NS
2022-11-25,860.6511840820312,883.6199951171875,886.989990234375,877.7999877929688,884.77001953125,1477045,Dr Reddy's,DRREDDY.NS
2022-11-28,857.514892578125,880.4000244140625,889.47998046875,877.2999877929688,882.9500122070312,1530840,Dr Reddy's,DRREDDY.NS
2022-11-29,867.517822265625,890.6699829101562,895.739990234375,880.8099975585938,881.02001953125,2045690,Dr Reddy's,DRREDDY.NS
2022-11-30,874.1021118164062,897.4299926757812,903.5900268554688,888.2000122070312,894.0,4256840,Dr Reddy's,DRREDDY.NS
2022-12-01,871.6087036132812,894.8699951171875,906.3599853515625,889.3599853515625,901.9199829101562,1936730,Dr Reddy's,DRREDDY.NS
2022-12-02,878.63134765625,902.0800170898438,904.7999877929688,892.030029296875,896.989990234375,2080040,Dr Reddy's,DRREDDY.NS
2022-12-05,872.5924682617188,895.8800048828125,906.4000244140625,890.030029296875,905.97998046875,1961695,Dr Reddy's,DRREDDY.NS
2022-12-06,852.099365234375,874.8400268554688,894.8900146484375,871.8099975585938,892.02001953125,1742295,Dr Reddy's,DRREDDY.NS
2022-12-07,849.6254272460938,872.2999877929688,876.5999755859375,864.0,873.0,1661035,Dr Reddy's,DRREDDY.NS
2022-12-08,848.5929565429688,871.239990234375,875.8499755859375,866.2100219726562,874.7899780273438,1386625,Dr Reddy's,DRREDDY.NS
2022-12-09,858.5083618164062,881.4199829101562,882.9600219726562,870.8499755859375,875.0,1539865,Dr Reddy's,DRREDDY.NS
2022-12-12,867.3036499023438,890.4500122070312,892.5800170898438,873.4099731445312,873.4099731445312,1367975,Dr Reddy's,DRREDDY.NS
2022-12-13,868.4529418945312,891.6300048828125,894.9299926757812,888.0999755859375,890.0399780273438,1087545,Dr Reddy's,DRREDDY.NS
2022-12-14,877.49169921875,900.9099731445312,902.7000122070312,890.27001953125,895.0,1392005,Dr Reddy's,DRREDDY.NS
2022-12-15,870.5568237304688,893.7899780273438,905.52001953125,892.2000122070312,897.22998046875,1209055,Dr Reddy's,DRREDDY.NS
2022-12-16,839.4178466796875,861.8200073242188,891.77001953125,852.25,886.9000244140625,16783045,Dr Reddy's,DRREDDY.NS
2022-12-19,856.3558349609375,879.2100219726562,881.72998046875,863.010009765625,868.989990234375,1661755,Dr Reddy's,DRREDDY.NS
2022-12-20,851.2325439453125,873.9500122070312,878.0,861.6199951171875,876.0,1214105,Dr Reddy's,DRREDDY.NS
2022-12-21,858.5960693359375,881.510009765625,887.0,870.6799926757812,875.989990234375,1739615,Dr Reddy's,DRREDDY.NS
2022-12-22,847.2391357421875,869.8499755859375,891.2000122070312,863.02001953125,886.0,1737350,Dr Reddy's,DRREDDY.NS
2022-12-23,839.6808471679688,862.0900268554688,883.5999755859375,858.25,865.010009765625,2498780,Dr Reddy's,DRREDDY.NS
2022-12-26,827.63232421875,849.719970703125,869.4000244140625,846.010009765625,866.4099731445312,1593040,Dr Reddy's,DRREDDY.NS
2022-12-27,828.0706176757812,850.1699829101562,853.9600219726562,840.2000122070312,853.9600219726562,1366245,Dr Reddy's,DRREDDY.NS
2022-12-28,828.4407348632812,850.5499877929688,853.3300170898438,843.1900024414062,850.1699829101562,1088005,Dr Reddy's,DRREDDY.NS
2022-12-29,829.969970703125,852.1199951171875,870.9299926757812,844.6099853515625,855.0,4064660,Dr Reddy's,DRREDDY.NS
2022-12-30,825.4798583984375,847.510009765625,857.02001953125,845.0,856.0,882895,Dr Reddy's,DRREDDY.NS
2023-01-02,824.9928588867188,847.010009765625,853.510009765625,841.7999877929688,851.75,663630,Dr Reddy's,DRREDDY.NS
2023-01-03,825.6356201171875,847.6699829101562,851.6199951171875,843.219970703125,847.760009765625,810895,Dr Reddy's,DRREDDY.NS
2023-01-04,828.5869140625,850.7000122070312,852.0,844.260009765625,847.0,832835,Dr Reddy's,DRREDDY.NS
2023-01-05,837.1581420898438,859.5,860.77001953125,848.2999877929688,853.0,994925,Dr Reddy's,DRREDDY.NS
2023-01-06,832.1419677734375,854.3499755859375,863.8599853515625,851.8200073242188,859.9000244140625,630680,Dr Reddy's,DRREDDY.NS
2023-01-09,844.268310546875,866.7999877929688,867.989990234375,855.030029296875,858.6300048828125,830195,Dr Reddy's,DRREDDY.NS
2023-01-10,835.44384765625,857.739990234375,869.6599731445312,856.7899780273438,864.0,1170765,Dr Reddy's,DRREDDY.NS
2023-01-11,830.2232055664062,852.3800048828125,864.0,848.8800048828125,860.989990234375,1273265,Dr Reddy's,DRREDDY.NS
2023-01-12,839.7100830078125,862.1199951171875,864.4000244140625,848.4199829101562,854.989990234375,1280325,Dr Reddy's,DRREDDY.NS
2023-01-13,841.619140625,864.0800170898438,868.3400268554688,858.0,864.7999877929688,1234630,Dr Reddy's,DRREDDY.NS
2023-01-16,842.7197265625,865.2100219726562,870.5499877929688,858.010009765625,867.9400024414062,446555,Dr Reddy's,DRREDDY.NS
2023-01-17,847.72607421875,870.3499755859375,871.9600219726562,861.1199951171875,867.7899780273438,778125,Dr Reddy's,DRREDDY.NS
2023-01-18,850.1806030273438,872.8699951171875,878.989990234375,868.4000244140625,870.3499755859375,1318465,Dr Reddy's,DRREDDY.NS
2023-01-19,843.917724609375,866.4400024414062,876.6300048828125,863.3099975585938,872.969970703125,1242455,Dr Reddy's,DRREDDY.NS
2023-01-20,847.5020751953125,870.1199951171875,876.2100219726562,856.0,866.3900146484375,1182675,Dr Reddy's,DRREDDY.NS
2023-01-23,845.018310546875,867.5700073242188,873.0900268554688,863.8699951171875,871.989990234375,770265,Dr Reddy's,DRREDDY.NS
2023-01-24,828.4407348632812,850.5499877929688,870.9600219726562,847.4000244140625,868.2000122070312,1320270,Dr Reddy's,DRREDDY.NS
2023-01-25,818.3500366210938,840.1900024414062,853.780029296875,835.02001953125,852.0,1470210,Dr Reddy's,DRREDDY.NS
2023-01-27,840.372314453125,862.7999877929688,876.1799926757812,850.6699829101562,856.0,4781440,Dr Reddy's,DRREDDY.NS
2023-01-30,843.2554931640625,865.760009765625,867.8900146484375,856.989990234375,863.989990234375,1873685,Dr Reddy's,DRREDDY.NS
2023-01-31,842.3496704101562,864.8300170898438,875.3400268554688,858.6599731445312,869.0,3159705,Dr Reddy's,DRREDDY.NS
2023-02-01,847.6774291992188,870.2999877929688,876.0,862.0499877929688,868.2000122070312,2027270,Dr Reddy's,DRREDDY.NS
2023-02-02,851.3007202148438,874.02001953125,875.8099975585938,858.3099975585938,862.5999755859375,1946775,Dr Reddy's,DRREDDY.NS
2023-02-03,849.0117797851562,871.6699829101562,885.97998046875,863.6400146484375,875.0,1874895,Dr Reddy's,DRREDDY.NS
2023-02-06,847.2975463867188,869.9099731445312,876.030029296875,857.0,876.030029296875,1516105,Dr Reddy's,DRREDDY.NS
2023-02-07,864.9659423828125,888.0499877929688,893.6500244140625,872.0499877929688,876.1300048828125,2987405,Dr Reddy's,DRREDDY.NS
2023-02-08,874.2288208007812,897.5599975585938,899.3200073242188,886.530029296875,890.0,1196855,Dr Reddy's,DRREDDY.NS
2023-02-09,874.17041015625,897.5,905.9099731445312,886.719970703125,888.7999877929688,2054810,Dr Reddy's,DRREDDY.NS
2023-02-10,876.5274658203125,899.9199829101562,901.0,886.510009765625,898.7899780273438,685110,Dr Reddy's,DRREDDY.NS
2023-02-13,881.4169921875,904.9400024414062,911.47998046875,900.02001953125,901.6199951171875,1872775,Dr Reddy's,DRREDDY.NS
2023-02-14,884.0857543945312,907.6799926757812,912.7999877929688,900.1300048828125,909.0,1202135,Dr Reddy's,DRREDDY.NS
2023-02-15,880.4721069335938,903.969970703125,912.6400146484375,900.8400268554688,909.5999755859375,1283685,Dr Reddy's,DRREDDY.NS
2023-02-16,880.364990234375,903.8599853515625,909.969970703125,901.8900146484375,908.489990234375,1352330,Dr Reddy's,DRREDDY.NS
2023-02-17,878.6216430664062,902.0700073242188,907.0,892.7000122070312,900.239990234375,1056035,Dr Reddy's,DRREDDY.NS
2023-02-20,871.6964111328125,894.9600219726562,907.7100219726562,893.6900024414062,904.0,761745,Dr Reddy's,DRREDDY.NS
2023-02-21,873.9074096679688,897.22998046875,900.8599853515625,891.760009765625,900.8599853515625,791630,Dr Reddy's,DRREDDY.NS
2023-02-22,872.0665893554688,895.3400268554688,904.0399780273438,893.8800048828125,897.3800048828125,882305,Dr Reddy's,DRREDDY.NS
2023-02-23,866.787353515625,889.9199829101562,903.0,888.2000122070312,895.219970703125,1187840,Dr Reddy's,DRREDDY.NS
2023-02-24,874.87158203125,898.219970703125,902.0,888.3599853515625,892.97998046875,1764830,Dr Reddy's,DRREDDY.NS
2023-02-27,861.216064453125,884.2000122070312,898.219970703125,871.0,898.219970703125,1370570,Dr Reddy's,DRREDDY.NS
2023-02-28,840.8788452148438,863.3200073242188,887.7999877929688,860.0,887.7999877929688,2699875,Dr Reddy's,DRREDDY.NS
2023-03-01,846.25537109375,868.8400268554688,871.4299926757812,859.4000244140625,863.2899780273438,995515,Dr Reddy's,DRREDDY.NS
2023-03-02,855.294189453125,878.1199951171875,880.2899780273438,864.0,871.5999755859375,1413260,Dr Reddy's,DRREDDY.NS
2023-03-03,864.5179443359375,887.5900268554688,889.3900146484375,872.0999755859375,882.52001953125,1371180,Dr Reddy's,DRREDDY.NS
2023-03-06,864.761474609375,887.8400268554688,891.760009765625,883.2100219726562,887.4000244140625,877920,Dr Reddy's,DRREDDY.NS
2023-03-08,862.2388305664062,885.25,888.7999877929688,880.25,886.5999755859375,1173705,Dr Reddy's,DRREDDY.NS
2023-03-09,853.414306640625,876.1900024414062,887.6699829101562,874.3599853515625,883.1300048828125,1022125,Dr Reddy's,DRREDDY.NS
2023-03-10,856.25830078125,879.1099853515625,882.6099853515625,870.0,874.5900268554688,1686010,Dr Reddy's,DRREDDY.NS
2023-03-13,851.359130859375,874.0800170898438,883.1900024414062,869.0999755859375,875.0,812710,Dr Reddy's,DRREDDY.NS
2023-03-14,847.2975463867188,869.9099731445312,884.1799926757812,861.7999877929688,878.7999877929688,2141980,Dr Reddy's,DRREDDY.NS
2023-03-15,856.0538940429688,878.9000244140625,885.0,868.1599731445312,871.3900146484375,1717110,Dr Reddy's,DRREDDY.NS
2023-03-16,853.959716796875,876.75,886.0,874.0700073242188,882.2000122070312,1384640,Dr Reddy's,DRREDDY.NS
2023-03-17,864.1672973632812,887.22998046875,892.6300048828125,876.75,881.1400146484375,3092990,Dr Reddy's,DRREDDY.NS
2023-03-20,864.8102416992188,887.8900146484375,898.7999877929688,884.5,886.2000122070312,3949945,Dr Reddy's,DRREDDY.NS
2023-03-21,860.8946533203125,883.8699951171875,896.0,881.8400268554688,888.3900146484375,1984640,Dr Reddy's,DRREDDY.NS
2023-03-22,871.7255859375,894.989990234375,896.0,883.1699829101562,885.8699951171875,1598885,Dr Reddy's,DRREDDY.NS
2023-03-23,866.2711791992188,889.3900146484375,899.9000244140625,886.1099853515625,895.7999877929688,2418370,Dr Reddy's,DRREDDY.NS
2023-03-24,869.6217651367188,892.8300170898438,899.5999755859375,889.989990234375,889.989990234375,1126970,Dr Reddy's,DRREDDY.NS
2023-03-27,873.8099975585938,897.1300048828125,905.72998046875,893.010009765625,898.0,1759570,Dr Reddy's,DRREDDY.NS
2023-03-28,881.8260498046875,905.3599853515625,909.4199829101562,896.0,899.7899780273438,1834690,Dr Reddy's,DRREDDY.NS
2023-03-29,889.8129272460938,913.5599975585938,915.0,904.4299926757812,909.8900146484375,2083535,Dr Reddy's,DRREDDY.NS
2023-03-31,900.5172119140625,924.5499877929688,931.2999877929688,913.5700073242188,916.5999755859375,2282485,Dr Reddy's,DRREDDY.NS
2023-04-03,907.0917358398438,931.2999877929688,936.4000244140625,919.6199951171875,929.7899780273438,1500675,Dr Reddy's,DRREDDY.NS
2023-04-05,912.2150268554688,936.5599975585938,939.0,928.260009765625,930.0,1823560,Dr Reddy's,DRREDDY.NS
2023-04-06,915.44873046875,939.8800048828125,942.239990234375,935.1900024414062,938.7899780273438,1460345,Dr Reddy's,DRREDDY.NS
2023-04-10,927.1854858398438,951.9299926757812,954.4400024414062,937.5999755859375,946.4000244140625,920770,Dr Reddy's,DRREDDY.NS
2023-04-11,927.90625,952.6699829101562,961.1799926757812,941.5999755859375,954.5999755859375,2309250,Dr Reddy's,DRREDDY.NS
2023-04-12,950.8246459960938,976.2000122070312,983.9199829101562,945.239990234375,952.6699829101562,3403195,Dr Reddy's,DRREDDY.NS
2023-04-13,945.3507080078125,970.5800170898438,977.5999755859375,966.239990234375,977.5999755859375,1169335,Dr Reddy's,DRREDDY.NS
2023-04-17,945.23388671875,970.4600219726562,984.5900268554688,963.9500122070312,975.3900146484375,1705675,Dr Reddy's,DRREDDY.NS
2023-04-18,956.9413452148438,982.47998046875,983.5999755859375,969.0999755859375,972.280029296875,1797050,Dr Reddy's,DRREDDY.NS
2023-04-19,956.3472290039062,981.8699951171875,988.0,976.1099853515625,977.47998046875,1920935,Dr Reddy's,DRREDDY.NS
2023-04-20,946.3832397460938,971.6400146484375,983.2000122070312,964.4500122070312,983.2000122070312,3175850,Dr Reddy's,DRREDDY.NS
2023-04-21,948.4383544921875,973.75,975.7999877929688,964.6300048828125,971.6199951171875,1657195,Dr Reddy's,DRREDDY.NS
2023-04-24,936.2339477539062,961.219970703125,970.7999877929688,950.4199829101562,970.7999877929688,2190830,Dr Reddy's,DRREDDY.NS
2023-04-25,941.5325927734375,966.6599731445312,968.22998046875,951.5499877929688,960.7100219726562,1639985,Dr Reddy's,DRREDDY.NS
2023-04-26,943.8313598632812,969.02001953125,974.8499755859375,962.0,962.0,1020765,Dr Reddy's,DRREDDY.NS
2023-04-27,958.1394653320312,983.7100219726562,987.7999877929688,963.6199951171875,969.0,1098280,Dr Reddy's,DRREDDY.NS
2023-04-28,960.340576171875,985.969970703125,987.0,975.4199829101562,983.7100219726562,1235220,Dr Reddy's,DRREDDY.NS
2023-05-02,964.3438110351562,990.0800170898438,991.7899780273438,980.6799926757812,980.6799926757812,1209890,Dr Reddy's,DRREDDY.NS
2023-05-03,964.7042236328125,990.4500122070312,992.0,983.0,989.97998046875,883875,Dr Reddy's,DRREDDY.NS
2023-05-04,967.7723388671875,993.5999755859375,995.0,984.0700073242188,990.4500122070312,1006635,Dr Reddy's,DRREDDY.NS
2023-05-05,962.8048706054688,988.5,997.7999877929688,985.1099853515625,994.989990234375,461545,Dr Reddy's,DRREDDY.NS
2023-05-08,955.9088745117188,981.4199829101562,993.3400268554688,969.3300170898438,989.0,1190915,Dr Reddy's,DRREDDY.NS
2023-05-09,961.0029907226562,986.6500244140625,987.97998046875,978.010009765625,983.6099853515625,1545295,Dr Reddy's,DRREDDY.NS
2023-05-10,948.1558227539062,973.4600219726562,992.969970703125,967.97998046875,992.969970703125,2271505,Dr Reddy's,DRREDDY.NS
2023-05-11,882.8390502929688,906.4000244140625,940.0,904.8099975585938,935.0,13916795,Dr Reddy's,DRREDDY.NS
2023-05-12,870.0015869140625,893.219970703125,908.989990234375,889.0,908.989990234375,5242020,Dr Reddy's,DRREDDY.NS
2023-05-15,880.218994140625,903.7100219726562,906.4199829101562,889.2999877929688,894.030029296875,1588765,Dr Reddy's,DRREDDY.NS
2023-05-16,879.5371704101562,903.010009765625,909.5800170898438,900.9099731445312,904.5999755859375,1430235,Dr Reddy's,DRREDDY.NS
2023-05-17,873.0015869140625,896.2999877929688,909.010009765625,890.219970703125,903.9600219726562,1749805,Dr Reddy's,DRREDDY.NS
2023-05-18,861.6251831054688,884.6199951171875,900.4400024414062,880.97998046875,898.4000244140625,2127235,Dr Reddy's,DRREDDY.NS
2023-05-19,855.55712890625,878.3900146484375,888.0,876.8099975585938,885.5900268554688,1630405,Dr Reddy's,DRREDDY.NS
2023-05-22,868.3555297851562,891.530029296875,893.969970703125,876.8499755859375,881.7999877929688,1224880,Dr Reddy's,DRREDDY.NS
2023-05-23,868.9204711914062,892.1099853515625,899.9299926757812,889.2100219726562,891.6199951171875,1616475,Dr Reddy's,DRREDDY.NS
2023-05-24,880.3552856445312,903.8499755859375,904.7999877929688,891.97998046875,893.0,1683665,Dr Reddy's,DRREDDY.NS
2023-05-25,877.374755859375,900.7899780273438,906.780029296875,896.47998046875,906.780029296875,1033820,Dr Reddy's,DRREDDY.NS
2023-05-26,882.634521484375,906.1900024414062,907.7999877929688,899.989990234375,901.010009765625,752935,Dr Reddy's,DRREDDY.NS
2023-05-29,887.56298828125,911.25,913.7999877929688,904.0,909.5800170898438,928140,Dr Reddy's,DRREDDY.NS
2023-05-30,880.2871704101562,903.780029296875,911.25,899.77001953125,911.25,1369945,Dr Reddy's,DRREDDY.NS
2023-05-31,876.8099365234375,900.2100219726562,905.9299926757812,896.1900024414062,902.0,6313505,Dr Reddy's,DRREDDY.NS
2023-06-01,886.7447509765625,910.4099731445312,911.989990234375,900.2100219726562,901.969970703125,1528955,Dr Reddy's,DRREDDY.NS
2023-06-02,898.1211547851562,922.0900268554688,924.0,913.010009765625,913.7899780273438,2509565,Dr Reddy's,DRREDDY.NS
2023-06-05,896.7770385742188,920.7100219726562,930.4000244140625,919.3400268554688,926.2000122070312,1132140,Dr Reddy's,DRREDDY.NS
2023-06-06,903.2249755859375,927.3300170898438,928.0,921.0,922.0,1161655,Dr Reddy's,DRREDDY.NS
2023-06-07,910.4520874023438,934.75,935.5999755859375,929.02001953125,930.0,1139525,Dr Reddy's,DRREDDY.NS
2023-06-08,905.7086791992188,929.8800048828125,938.5999755859375,927.4000244140625,935.0,1203490,Dr Reddy's,DRREDDY.NS
2023-06-09,909.0982055664062,933.3599853515625,941.0,929.1199951171875,936.2100219726562,1084700,Dr Reddy's,DRREDDY.NS
2023-06-12,910.822265625,935.1300048828125,939.0,930.8900146484375,939.0,717870,Dr Reddy's,DRREDDY.NS
2023-06-13,915.9552001953125,940.4000244140625,945.760009765625,931.6099853515625,940.0,1294905,Dr Reddy's,DRREDDY.NS
2023-06-14,915.3707275390625,939.7999877929688,945.9099731445312,937.0,941.5599975585938,901255,Dr Reddy's,DRREDDY.NS
2023-06-15,935.7178344726562,960.6900024414062,971.0,939.2000122070312,939.3200073242188,3630745,Dr Reddy's,DRREDDY.NS
2023-06-16,957.4576416015625,983.010009765625,988.0,965.030029296875,968.969970703125,3814515,Dr Reddy's,DRREDDY.NS
2023-06-19,950.43505859375,975.7999877929688,1004.7999877929688,972.4099731445312,990.2000122070312,3540755,Dr Reddy's,DRREDDY.NS
2023-06-20,954.7596435546875,980.239990234375,985.3499755859375,973.4099731445312,975.7999877929688,1070755,Dr Reddy's,DRREDDY.NS
2023-06-21,956.5518188476562,982.0800170898438,990.0,978.739990234375,984.3900146484375,1123550,Dr Reddy's,DRREDDY.NS
2023-06-22,954.4187622070312,979.8900146484375,985.3900146484375,978.0,982.3099975585938,1242850,Dr Reddy's,DRREDDY.NS
2023-06-23,972.8177490234375,998.780029296875,1003.0,980.2000122070312,980.2000122070312,2791140,Dr Reddy's,DRREDDY.NS
2023-06-26,982.1096801757812,1008.3200073242188,1014.7999877929688,990.4000244140625,997.97998046875,3607125,Dr Reddy's,DRREDDY.NS
2023-06-27,978.9928588867188,1005.1199951171875,1017.3099975585938,1003.2000122070312,1008.3200073242188,3330315,Dr Reddy's,DRREDDY.NS
2023-06-28,995.0152587890625,1021.5700073242188,1023.8800048828125,1000.8699951171875,1005.1099853515625,4426340,Dr Reddy's,DRREDDY.NS
2023-06-30,1005.0963134765625,1031.9200439453125,1034.989990234375,1022.02001953125,1023.2000122070312,2430705,Dr Reddy's,DRREDDY.NS
2023-07-03,993.1549072265625,1019.6599731445312,1035.800048828125,1018.0599975585938,1031.9200439453125,1174135,Dr Reddy's,DRREDDY.NS
2023-07-04,1010.7066040039062,1037.6800537109375,1040.949951171875,1017.010009765625,1022.97998046875,1863335,Dr Reddy's,DRREDDY.NS
2023-07-05,1008.748779296875,1035.6700439453125,1040.3599853515625,1027.4000244140625,1037.0,1410270,Dr Reddy's,DRREDDY.NS
2023-07-06,1019.1608276367188,1046.3599853515625,1051.699951171875,1034.0,1035.68994140625,2534370,Dr Reddy's,DRREDDY.NS
2023-07-07,1009.55712890625,1036.5,1054.6300048828125,1022.0,1046.0,2771720,Dr Reddy's,DRREDDY.NS
2023-07-10,1004.1904296875,1030.989990234375,1043.0,1029.0,1038.989990234375,1003625,Dr Reddy's,DRREDDY.NS
2023-07-11,1014.183349609375,1033.1700439453125,1043.0,1022.7100219726562,1028.800048828125,1056805,Dr Reddy's,DRREDDY.NS
2023-07-12,1018.728271484375,1037.800048828125,1039.7900390625,1026.0,1030.0,1203590,Dr Reddy's,DRREDDY.NS
2023-07-13,1009.5892944335938,1028.489990234375,1040.6300048828125,1026.97998046875,1038.0,2034915,Dr Reddy's,DRREDDY.NS
2023-07-14,999.6945190429688,1018.4099731445312,1032.97998046875,1015.25,1031.0,1942045,Dr Reddy's,DRREDDY.NS
2023-07-17,1026.728271484375,1045.949951171875,1049.0,1018.5999755859375,1019.9299926757812,1976770,Dr Reddy's,DRREDDY.NS
2023-07-18,1019.1207885742188,1038.199951171875,1043.1400146484375,1029.31005859375,1040.699951171875,1286955,Dr Reddy's,DRREDDY.NS
2023-07-19,1025.079345703125,1044.27001953125,1054.0,1032.3199462890625,1036.800048828125,1961585,Dr Reddy's,DRREDDY.NS
2023-07-20,1048.2357177734375,1067.8599853515625,1078.93994140625,1048.0,1049.800048828125,6016030,Dr Reddy's,DRREDDY.NS
2023-07-21,1038.20361328125,1057.6400146484375,1067.949951171875,1055.52001953125,1064.6600341796875,1150370,Dr Reddy's,DRREDDY.NS
2023-07-24,1058.523193359375,1078.3399658203125,1087.3699951171875,1055.6500244140625,1055.6500244140625,2119525,Dr Reddy's,DRREDDY.NS
2023-07-25,1065.1392822265625,1085.0799560546875,1095.989990234375,1078.3699951171875,1084.0,2162155,Dr Reddy's,DRREDDY.NS
2023-07-26,1075.0047607421875,1095.1300048828125,1098.0,1080.2099609375,1088.0,1701060,Dr Reddy's,DRREDDY.NS
2023-07-27,1081.159423828125,1101.4000244140625,1122.800048828125,1084.010009765625,1106.0,7539055,Dr Reddy's,DRREDDY.NS
2023-07-28,1096.080078125,1116.5999755859375,1123.5999755859375,1102.4000244140625,1102.4000244140625,3180540,Dr Reddy's,DRREDDY.NS
2023-07-31,1107.35888671875,1128.0899658203125,1132.0799560546875,1114.0,1116.9100341796875,1599490,Dr Reddy's,DRREDDY.NS
2023-08-01,1112.5811767578125,1133.4100341796875,1141.8699951171875,1121.4200439453125,1127.969970703125,2122735,Dr Reddy's,DRREDDY.NS
2023-08-02,1111.285400390625,1132.0899658203125,1139.1700439453125,1126.8900146484375,1133.4200439453125,1791795,Dr Reddy's,DRREDDY.NS
2023-08-03,1111.098876953125,1131.9000244140625,1146.800048828125,1124.300048828125,1129.0,2570520,Dr Reddy's,DRREDDY.NS
2023-08-04,1109.1455078125,1129.9100341796875,1142.199951171875,1128.0,1131.9200439453125,1726520,Dr Reddy's,DRREDDY.NS
2023-08-07,1105.44482421875,1126.1400146484375,1137.5999755859375,1123.780029296875,1132.0,2499830,Dr Reddy's,DRREDDY.NS
2023-08-08,1110.7945556640625,1131.5899658203125,1147.7900390625,1129.0,1130.4000244140625,2987010,Dr Reddy's,DRREDDY.NS
2023-08-09,1152.62158203125,1174.199951171875,1176.75,1134.219970703125,1134.219970703125,10067015,Dr Reddy's,DRREDDY.NS
2023-08-10,1148.724609375,1170.22998046875,1183.3299560546875,1161.199951171875,1176.02001953125,2763310,Dr Reddy's,DRREDDY.NS
2023-08-11,1143.1978759765625,1164.5999755859375,1177.010009765625,1161.6300048828125,1170.800048828125,2256960,Dr Reddy's,DRREDDY.NS
2023-08-14,1143.266845703125,1164.6700439453125,1175.800048828125,1160.0,1165.989990234375,2167595,Dr Reddy's,DRREDDY.NS
2023-08-16,1150.039794921875,1171.5699462890625,1177.9000244140625,1155.0,1166.0,4308265,Dr Reddy's,DRREDDY.NS
2023-08-17,1154.51611328125,1176.1300048828125,1181.4100341796875,1171.1800537109375,1174.27001953125,2138070,Dr Reddy's,DRREDDY.NS
2023-08-18,1153.2989501953125,1174.8900146484375,1196.0,1168.1199951171875,1179.9000244140625,4281645,Dr Reddy's,DRREDDY.NS
2023-08-21,1160.445068359375,1182.1700439453125,1185.0,1170.7900390625,1174.050048828125,1334640,Dr Reddy's,DRREDDY.NS
2023-08-22,1163.3310546875,1185.1099853515625,1189.0,1174.56005859375,1183.800048828125,1688225,Dr Reddy's,DRREDDY.NS
2023-08-23,1168.7889404296875,1190.6700439453125,1194.989990234375,1182.4000244140625,1184.0,3142630,Dr Reddy's,DRREDDY.NS
2023-08-24,1159.71875,1181.4300537109375,1197.93994140625,1178.239990234375,1196.0,4124730,Dr Reddy's,DRREDDY.NS
2023-08-25,1134.60888671875,1155.8499755859375,1178.0,1154.1099853515625,1178.0,4713240,Dr Reddy's,DRREDDY.NS
2023-08-28,1133.9512939453125,1155.1800537109375,1165.800048828125,1145.43994140625,1156.0,2350770,Dr Reddy's,DRREDDY.NS
2023-08-29,1123.7225341796875,1144.760009765625,1157.300048828125,1143.0,1154.0,3258085,Dr Reddy's,DRREDDY.NS
2023-08-30,1109.1846923828125,1129.949951171875,1151.2099609375,1128.0,1147.56005859375,3551815,Dr Reddy's,DRREDDY.NS
2023-08-31,1100.958740234375,1121.5699462890625,1139.0,1118.0,1129.949951171875,3178875,Dr Reddy's,DRREDDY.NS
2023-09-01,1095.2064208984375,1115.7099609375,1126.8499755859375,1110.02001953125,1126.0,1105280,Dr Reddy's,DRREDDY.NS
2023-09-04,1111.0892333984375,1131.8900146484375,1133.3399658203125,1115.7099609375,1117.0,1473020,Dr Reddy's,DRREDDY.NS
2023-09-05,1095.275146484375,1115.780029296875,1128.0,1112.1099853515625,1128.0,1968470,Dr Reddy's,DRREDDY.NS
2023-09-06,1096.1390380859375,1116.6600341796875,1126.989990234375,1111.8499755859375,1115.9599609375,2256645,Dr Reddy's,DRREDDY.NS
2023-09-07,1102.3919677734375,1123.030029296875,1130.9000244140625,1116.25,1116.5899658203125,2634215,Dr Reddy's,DRREDDY.NS
2023-09-08,1096.2371826171875,1116.760009765625,1126.72998046875,1114.0,1126.199951171875,923950,Dr Reddy's,DRREDDY.NS
2023-09-11,1102.1268310546875,1122.760009765625,1132.800048828125,1117.010009765625,1119.0,1313930,Dr Reddy's,DRREDDY.NS
2023-09-12,1113.9063720703125,1134.760009765625,1143.4000244140625,1125.199951171875,1127.989990234375,2581215,Dr Reddy's,DRREDDY.NS
2023-09-13,1126.6871337890625,1147.780029296875,1151.9000244140625,1134.260009765625,1142.0,1571615,Dr Reddy's,DRREDDY.NS
2023-09-14,1127.81591796875,1148.9300537109375,1155.260009765625,1140.9100341796875,1154.0,1139730,Dr Reddy's,DRREDDY.NS
2023-09-15,1142.5108642578125,1163.9000244140625,1168.5699462890625,1146.6199951171875,1155.3199462890625,2069105,Dr Reddy's,DRREDDY.NS
2023-09-18,1124.547119140625,1145.5999755859375,1165.760009765625,1144.3800048828125,1164.199951171875,1256740,Dr Reddy's,DRREDDY.NS
2023-09-20,1102.3721923828125,1123.010009765625,1144.3699951171875,1120.4000244140625,1144.3699951171875,2266405,Dr Reddy's,DRREDDY.NS
2023-09-21,1112.86572265625,1133.699951171875,1139.4000244140625,1122.5699462890625,1123.0999755859375,2926715,Dr Reddy's,DRREDDY.NS
2023-09-22,1083.132568359375,1103.4100341796875,1138.780029296875,1100.4000244140625,1133.699951171875,2447785,Dr Reddy's,DRREDDY.NS
2023-09-25,1067.76025390625,1087.75,1107.97998046875,1085.5999755859375,1105.969970703125,1217045,Dr Reddy's,DRREDDY.NS
2023-09-26,1073.4537353515625,1093.550048828125,1105.3900146484375,1089.800048828125,1091.800048828125,1379915,Dr Reddy's,DRREDDY.NS
2023-09-27,1079.0882568359375,1099.2900390625,1121.0,1096.010009765625,1102.800048828125,2443890,Dr Reddy's,DRREDDY.NS
2023-09-28,1065.86572265625,1085.8199462890625,1101.489990234375,1082.199951171875,1101.489990234375,1931555,Dr Reddy's,DRREDDY.NS
2023-09-29,1096.8653564453125,1117.4000244140625,1126.0,1090.6500244140625,1093.800048828125,3101955,Dr Reddy's,DRREDDY.NS
2023-10-03,1072.2659912109375,1092.3399658203125,1117.3800048828125,1090.0,1117.3800048828125,2065240,Dr Reddy's,DRREDDY.NS
2023-10-04,1063.6473388671875,1083.56005859375,1099.800048828125,1080.300048828125,1093.0,2109530,Dr Reddy's,DRREDDY.NS
2023-10-05,1061.5760498046875,1081.449951171875,1095.0,1080.0,1092.0,2058530,Dr Reddy's,DRREDDY.NS
2023-10-06,1065.0411376953125,1084.97998046875,1097.43994140625,1081.8399658203125,1087.0,1572990,Dr Reddy's,DRREDDY.NS
2023-10-09,1078.7740478515625,1098.969970703125,1105.469970703125,1080.030029296875,1082.010009765625,2368110,Dr Reddy's,DRREDDY.NS
2023-10-10,1075.5740966796875,1095.7099609375,1097.4000244140625,1085.5999755859375,1096.800048828125,1519630,Dr Reddy's,DRREDDY.NS
2023-10-11,1093.056640625,1113.52001953125,1117.5999755859375,1102.0,1102.0,1961240,Dr Reddy's,DRREDDY.NS
2023-10-12,1085.7142333984375,1106.0400390625,1116.81005859375,1103.0,1113.52001953125,1695245,Dr Reddy's,DRREDDY.NS
2023-10-13,1071.9715576171875,1092.0400390625,1104.8199462890625,1084.3199462890625,1085.43994140625,1633255,Dr Reddy's,DRREDDY.NS
2023-10-16,1078.430419921875,1098.6199951171875,1101.4000244140625,1092.0,1097.800048828125,859220,Dr Reddy's,DRREDDY.NS
2023-10-17,1088.4429931640625,1108.8199462890625,1114.5999755859375,1097.010009765625,1097.4000244140625,1626760,Dr Reddy's,DRREDDY.NS
2023-10-18,1114.6229248046875,1135.489990234375,1138.949951171875,1108.3599853515625,1108.9000244140625,3014855,Dr Reddy's,DRREDDY.NS
2023-10-19,1105.4842529296875,1126.1800537109375,1134.949951171875,1122.0999755859375,1134.949951171875,2525845,Dr Reddy's,DRREDDY.NS
2023-10-20,1093.3905029296875,1113.8599853515625,1124.010009765625,1110.199951171875,1124.010009765625,1141375,Dr Reddy's,DRREDDY.NS
2023-10-23,1089.9842529296875,1110.3900146484375,1133.3900146484375,1105.0999755859375,1105.0999755859375,1809785,Dr Reddy's,DRREDDY.NS
2023-10-25,1082.5042724609375,1102.77001953125,1122.43994140625,1100.0,1120.0,2104480,Dr Reddy's,DRREDDY.NS
2023-10-26,1064.4620361328125,1084.3900146484375,1103.5,1068.1800537109375,1099.5999755859375,1544145,Dr Reddy's,DRREDDY.NS
2023-10-27,1059.6224365234375,1079.4599609375,1090.7900390625,1070.199951171875,1084.3800048828125,2159725,Dr Reddy's,DRREDDY.NS
2023-10-30,1049.4234619140625,1069.0699462890625,1078.7900390625,1041.1099853515625,1078.7900390625,2691600,Dr Reddy's,DRREDDY.NS
2023-10-31,1053.7821044921875,1073.510009765625,1088.18994140625,1070.6199951171875,1074.800048828125,1884070,Dr Reddy's,DRREDDY.NS
2023-11-01,1049.6395263671875,1069.2900390625,1084.0799560546875,1062.9000244140625,1077.0,1376665,Dr Reddy's,DRREDDY.NS
2023-11-02,1048.0787353515625,1067.699951171875,1083.0,1064.6800537109375,1076.0,2365835,Dr Reddy's,DRREDDY.NS
2023-11-03,1033.26611328125,1052.6099853515625,1075.4000244140625,1049.4200439453125,1075.4000244140625,2921805,Dr Reddy's,DRREDDY.NS
2023-11-06,1048.000244140625,1067.6199951171875,1071.4300537109375,1056.6400146484375,1060.0,2847485,Dr Reddy's,DRREDDY.NS
2023-11-07,1061.0068359375,1080.8699951171875,1094.6099853515625,1063.9599609375,1074.800048828125,3498735,Dr Reddy's,DRREDDY.NS
2023-11-08,1070.6658935546875,1090.7099609375,1100.0699462890625,1081.3199462890625,1085.780029296875,2096955,Dr Reddy's,DRREDDY.NS
2023-11-09,1071.5296630859375,1091.5899658203125,1099.7900390625,1088.0,1095.780029296875,1642660,Dr Reddy's,DRREDDY.NS
2023-11-10,1065.0411376953125,1084.97998046875,1090.1400146484375,1074.4000244140625,1087.989990234375,1144920,Dr Reddy's,DRREDDY.NS
2023-11-13,1064.0496826171875,1083.969970703125,1096.3599853515625,1076.4200439453125,1086.0,855910,Dr Reddy's,DRREDDY.NS
2023-11-15,1064.0693359375,1083.989990234375,1091.030029296875,1081.0,1086.18994140625,1422405,Dr Reddy's,DRREDDY.NS
2023-11-16,1088.4725341796875,1108.8499755859375,1115.0,1084.1700439453125,1085.0,1695060,Dr Reddy's,DRREDDY.NS
2023-11-17,1101.6851806640625,1122.31005859375,1127.9000244140625,1109.0,1113.0,2120630,Dr Reddy's,DRREDDY.NS
2023-11-20,1100.232421875,1120.8299560546875,1131.219970703125,1117.1800537109375,1122.989990234375,2001625,Dr Reddy's,DRREDDY.NS
2023-11-21,1108.5369873046875,1129.2900390625,1135.7900390625,1121.0999755859375,1122.0,1903465,Dr Reddy's,DRREDDY.NS
2023-11-22,1112.09033203125,1132.9100341796875,1146.0,1131.02001953125,1131.02001953125,2124580,Dr Reddy's,DRREDDY.NS
2023-11-23,1108.18359375,1128.9300537109375,1136.8900146484375,1121.77001953125,1135.0,1511300,Dr Reddy's,DRREDDY.NS
2023-11-24,1108.4779052734375,1129.22998046875,1151.3699951171875,1123.0,1129.989990234375,2305405,Dr Reddy's,DRREDDY.NS
2023-11-28,1114.299072265625,1135.1600341796875,1142.8900146484375,1129.4000244140625,1129.4000244140625,1555790,Dr Reddy's,DRREDDY.NS
2023-11-29,1122.0635986328125,1143.0699462890625,1148.800048828125,1130.800048828125,1139.5799560546875,1602385,Dr Reddy's,DRREDDY.NS
2023-11-30,1136.3560791015625,1157.6300048828125,1160.0,1143.199951171875,1145.0,4267760,Dr Reddy's,DRREDDY.NS
2023-12-01,1128.74853515625,1149.8800048828125,1171.31005859375,1147.8900146484375,1160.0,1391500,Dr Reddy's,DRREDDY.NS
2023-12-04,1130.0443115234375,1151.199951171875,1160.0,1145.6800537109375,1160.0,1121300,Dr Reddy's,DRREDDY.NS
2023-12-05,1134.0592041015625,1155.2900390625,1163.800048828125,1148.4000244140625,1153.0,1121875,Dr Reddy's,DRREDDY.NS
2023-12-06,1125.0084228515625,1146.0699462890625,1164.0,1141.6099853515625,1159.199951171875,2659705,Dr Reddy's,DRREDDY.NS
2023-12-07,1135.7574462890625,1157.02001953125,1169.97998046875,1150.0699462890625,1154.0699462890625,3791150,Dr Reddy's,DRREDDY.NS
2023-12-08,1131.59521484375,1152.780029296875,1156.969970703125,1142.4000244140625,1156.969970703125,1142525,Dr Reddy's,DRREDDY.NS
2023-12-11,1074.58251953125,1094.699951171875,1115.5999755859375,1074.0,1100.0,9493150,Dr Reddy's,DRREDDY.NS
2023-12-12,1087.706787109375,1108.0699462890625,1126.9599609375,1095.47998046875,1100.0,4281525,Dr Reddy's,DRREDDY.NS
2023-12-13,1099.1527099609375,1119.72998046875,1122.0,1106.0699462890625,1112.8900146484375,3111975,Dr Reddy's,DRREDDY.NS
2023-12-14,1094.1856689453125,1114.6700439453125,1125.3199462890625,1113.5799560546875,1122.3699951171875,3164560,Dr Reddy's,DRREDDY.NS
2023-12-15,1097.3465576171875,1117.8900146484375,1123.0,1108.4000244140625,1120.0,3636220,Dr Reddy's,DRREDDY.NS
2023-12-18,1097.660400390625,1118.2099609375,1137.800048828125,1114.989990234375,1117.0,3279260,Dr Reddy's,DRREDDY.NS
2023-12-19,1106.77001953125,1127.489990234375,1129.199951171875,1118.5999755859375,1124.0,1123370,Dr Reddy's,DRREDDY.NS
2023-12-20,1095.3243408203125,1115.8299560546875,1134.219970703125,1110.4100341796875,1130.0,1307230,Dr Reddy's,DRREDDY.NS
2023-12-21,1090.48486328125,1110.9000244140625,1118.800048828125,1094.239990234375,1108.0,1681900,Dr Reddy's,DRREDDY.NS
2023-12-22,1104.8558349609375,1125.5400390625,1131.199951171875,1112.0,1115.5999755859375,1315040,Dr Reddy's,DRREDDY.NS
2023-12-26,1105.7296142578125,1126.4300537109375,1139.0,1120.510009765625,1125.5,1658265,Dr Reddy's,DRREDDY.NS
2023-12-27,1121.896728515625,1142.9000244140625,1144.4000244140625,1120.260009765625,1126.9599609375,1473880,Dr Reddy's,DRREDDY.NS
2023-12-28,1150.1773681640625,1171.7099609375,1178.1600341796875,1134.1800537109375,1143.77001953125,4888545,Dr Reddy's,DRREDDY.NS
2023-12-29,1138.2701416015625,1159.5799560546875,1168.9000244140625,1152.199951171875,1166.02001953125,1452615,Dr Reddy's,DRREDDY.NS
2024-01-01,1142.932861328125,1164.3299560546875,1172.0,1160.0,1160.0,978400,Dr Reddy's,DRREDDY.NS
2024-01-02,1163.57666015625,1185.3599853515625,1189.800048828125,1161.1300048828125,1161.4100341796875,2869280,Dr Reddy's,DRREDDY.NS
2024-01-03,1164.577880859375,1186.3800048828125,1194.0,1177.6400146484375,1185.3599853515625,1412035,Dr Reddy's,DRREDDY.NS
2024-01-04,1146.96728515625,1168.43994140625,1184.4300537109375,1165.0,1184.4300537109375,2048300,Dr Reddy's,DRREDDY.NS
2024-01-05,1145.6815185546875,1167.1300048828125,1174.9100341796875,1161.300048828125,1174.0,1037255,Dr Reddy's,DRREDDY.NS
2024-01-08,1131.0946044921875,1152.27001953125,1176.199951171875,1146.52001953125,1176.1800537109375,1205700,Dr Reddy's,DRREDDY.NS
2024-01-09,1128.8270263671875,1149.9599609375,1167.72998046875,1148.8199462890625,1163.800048828125,1292220,Dr Reddy's,DRREDDY.NS
2024-01-10,1136.1695556640625,1157.43994140625,1160.0,1138.0400390625,1149.81005859375,1273855,Dr Reddy's,DRREDDY.NS
2024-01-11,1117.56787109375,1138.489990234375,1155.5999755859375,1129.02001953125,1155.5999755859375,2964925,Dr Reddy's,DRREDDY.NS
2024-01-12,1116.861083984375,1137.77001953125,1146.969970703125,1129.2099609375,1146.969970703125,1385710,Dr Reddy's,DRREDDY.NS
2024-01-15,1135.3941650390625,1156.6500244140625,1159.800048828125,1140.4000244140625,1147.5899658203125,1665610,Dr Reddy's,DRREDDY.NS
2024-01-16,1130.4664306640625,1151.6300048828125,1158.0,1141.2099609375,1158.0,1142145,Dr Reddy's,DRREDDY.NS
2024-01-17,1109.2239990234375,1129.989990234375,1148.0,1125.4000244140625,1148.0,1778960,Dr Reddy's,DRREDDY.NS
2024-01-18,1109.2239990234375,1129.989990234375,1133.6600341796875,1104.1300048828125,1129.489990234375,1727635,Dr Reddy's,DRREDDY.NS
2024-01-19,1112.806884765625,1133.6400146484375,1142.989990234375,1122.3699951171875,1135.02001953125,1641460,Dr Reddy's,DRREDDY.NS
2024-01-23,1114.024169921875,1134.8800048828125,1150.800048828125,1128.18994140625,1130.3800048828125,2329945,Dr Reddy's,DRREDDY.NS
2024-01-24,1158.727294921875,1180.4200439453125,1183.0,1138.5999755859375,1141.5899658203125,5244260,Dr Reddy's,DRREDDY.NS
2024-01-25,1149.57861328125,1171.0999755859375,1185.0,1164.4000244140625,1180.4200439453125,2677510,Dr Reddy's,DRREDDY.NS
2024-01-29,1147.261962890625,1168.739990234375,1178.52001953125,1148.0400390625,1160.0,1509570,Dr Reddy's,DRREDDY.NS
2024-01-30,1146.721923828125,1168.18994140625,1189.800048828125,1166.199951171875,1179.7900390625,1576585,Dr Reddy's,DRREDDY.NS
2024-01-31,1201.732177734375,1224.22998046875,1227.5,1161.4100341796875,1165.010009765625,7857425,Dr Reddy's,DRREDDY.NS
2024-02-01,1176.6026611328125,1198.6300048828125,1229.8800048828125,1190.02001953125,1217.8900146484375,3112555,Dr Reddy's,DRREDDY.NS
2024-02-02,1185.7022705078125,1207.9000244140625,1214.93994140625,1199.2099609375,1203.18994140625,1686230,Dr Reddy's,DRREDDY.NS
2024-02-05,1196.4903564453125,1218.8900146484375,1227.5999755859375,1198.219970703125,1207.800048828125,2126485,Dr Reddy's,DRREDDY.NS
2024-02-06,1210.6551513671875,1233.3199462890625,1238.0,1216.75,1217.0,2587065,Dr Reddy's,DRREDDY.NS
2024-02-07,1213.2366943359375,1235.949951171875,1238.0,1226.1199951171875,1233.199951171875,2953275,Dr Reddy's,DRREDDY.NS
2024-02-08,1209.369140625,1232.010009765625,1243.989990234375,1225.0,1243.5999755859375,1791205,Dr Reddy's,DRREDDY.NS
2024-02-09,1208.544677734375,1231.1700439453125,1241.0400390625,1220.8399658203125,1228.0,1238970,Dr Reddy's,DRREDDY.NS
2024-02-12,1243.421630859375,1266.699951171875,1277.68994140625,1246.0,1246.8599853515625,4296460,Dr Reddy's,DRREDDY.NS
2024-02-13,1243.7847900390625,1267.0699462890625,1281.969970703125,1262.2099609375,1270.0,2086675,Dr Reddy's,DRREDDY.NS
2024-02-14,1228.66796875,1251.6700439453125,1267.989990234375,1234.02001953125,1266.010009765625,1724345,Dr Reddy's,DRREDDY.NS
2024-02-15,1227.548828125,1250.530029296875,1259.800048828125,1241.219970703125,1248.02001953125,1469095,Dr Reddy's,DRREDDY.NS
2024-02-16,1240.2117919921875,1263.4300537109375,1273.1400146484375,1249.469970703125,1254.3900146484375,1275915,Dr Reddy's,DRREDDY.NS
2024-02-19,1259.8443603515625,1283.4300537109375,1290.7900390625,1263.0,1263.4300537109375,1393520,Dr Reddy's,DRREDDY.NS
2024-02-20,1251.7655029296875,1275.199951171875,1293.0,1268.1099853515625,1284.4000244140625,1399485,Dr Reddy's,DRREDDY.NS
2024-02-21,1246.4942626953125,1269.8299560546875,1280.510009765625,1261.0,1277.4000244140625,995895,Dr Reddy's,DRREDDY.NS
2024-02-22,1249.39990234375,1272.7900390625,1275.9599609375,1246.27001953125,1275.0,1420120,Dr Reddy's,DRREDDY.NS
2024-02-23,1264.75244140625,1288.4300537109375,1298.81005859375,1272.5999755859375,1273.5400390625,1842255,Dr Reddy's,DRREDDY.NS
2024-02-26,1264.4775390625,1288.1500244140625,1298.0,1276.1300048828125,1289.010009765625,1089190,Dr Reddy's,DRREDDY.NS
2024-02-27,1266.215087890625,1289.9200439453125,1291.9200439453125,1277.050048828125,1283.199951171875,966475,Dr Reddy's,DRREDDY.NS
2024-02-28,1261.984130859375,1285.6099853515625,1301.1800537109375,1278.4200439453125,1288.68994140625,1560230,Dr Reddy's,DRREDDY.NS
2024-02-29,1261.23828125,1284.8499755859375,1294.5799560546875,1271.4200439453125,1276.4100341796875,5513940,Dr Reddy's,DRREDDY.NS
2024-03-01,1215.946044921875,1238.7099609375,1294.5999755859375,1234.4200439453125,1289.800048828125,2876430,Dr Reddy's,DRREDDY.NS
2024-03-04,1243.73583984375,1267.02001953125,1287.8699951171875,1247.800048828125,1248.0,2196055,Dr Reddy's,DRREDDY.NS
2024-03-05,1237.49267578125,1260.6600341796875,1268.4300537109375,1249.4000244140625,1266.97998046875,1040180,Dr Reddy's,DRREDDY.NS
2024-03-06,1239.720947265625,1262.9300537109375,1266.4000244140625,1238.0,1260.6600341796875,1207130,Dr Reddy's,DRREDDY.NS
2024-03-07,1241.5860595703125,1264.8299560546875,1273.93994140625,1261.0999755859375,1261.0999755859375,1174600,Dr Reddy's,DRREDDY.NS
2024-03-11,1254.013427734375,1277.489990234375,1284.719970703125,1262.0,1273.800048828125,1412365,Dr Reddy's,DRREDDY.NS
2024-03-12,1237.2669677734375,1260.4300537109375,1285.5999755859375,1253.25,1277.6300048828125,1647055,Dr Reddy's,DRREDDY.NS
2024-03-13,1237.5908203125,1260.760009765625,1270.0,1249.760009765625,1260.47998046875,1051325,Dr Reddy's,DRREDDY.NS
2024-03-14,1235.78466796875,1258.9200439453125,1264.030029296875,1241.780029296875,1256.4000244140625,2001060,Dr Reddy's,DRREDDY.NS
2024-03-15,1233.8802490234375,1256.97998046875,1261.7099609375,1242.9000244140625,1257.02001953125,2429735,Dr Reddy's,DRREDDY.NS
2024-03-18,1244.9039306640625,1268.2099609375,1270.97998046875,1253.6099853515625,1258.4200439453125,902465,Dr Reddy's,DRREDDY.NS
2024-03-19,1204.431640625,1226.97998046875,1267.0,1224.68994140625,1267.0,1581835,Dr Reddy's,DRREDDY.NS
2024-03-20,1198.227783203125,1220.6600341796875,1227.6199951171875,1204.6400146484375,1224.989990234375,1385185,Dr Reddy's,DRREDDY.NS
2024-03-21,1203.1162109375,1225.6400146484375,1231.199951171875,1212.0,1225.0,1626230,Dr Reddy's,DRREDDY.NS
2024-03-22,1217.840576171875,1240.6400146484375,1247.8800048828125,1221.010009765625,1225.800048828125,1528595,Dr Reddy's,DRREDDY.NS
2024-03-26,1204.4217529296875,1226.969970703125,1242.2900390625,1221.2099609375,1238.0,1361275,Dr Reddy's,DRREDDY.NS
2024-03-27,1186.605224609375,1208.8199462890625,1230.199951171875,1206.8199462890625,1230.199951171875,1452965,Dr Reddy's,DRREDDY.NS
2024-03-28,1208.947021484375,1231.5799560546875,1241.9599609375,1215.5999755859375,1215.5999755859375,2586915,Dr Reddy's,DRREDDY.NS
2024-04-01,1227.0972900390625,1250.0699462890625,1256.489990234375,1231.5799560546875,1243.0,772020,Dr Reddy's,DRREDDY.NS
2024-04-02,1224.5843505859375,1247.510009765625,1253.7900390625,1241.199951171875,1253.7900390625,1191030,Dr Reddy's,DRREDDY.NS
2024-04-03,1202.3702392578125,1224.8800048828125,1253.5999755859375,1222.4000244140625,1247.510009765625,1346125,Dr Reddy's,DRREDDY.NS
2024-04-04,1205.923583984375,1228.5,1235.0,1209.5,1231.0,1995095,Dr Reddy's,DRREDDY.NS
2024-04-05,1213.1485595703125,1235.8599853515625,1261.1700439453125,1228.0,1228.5,2705055,Dr Reddy's,DRREDDY.NS
2024-04-08,1212.2159423828125,1234.9100341796875,1245.3499755859375,1227.010009765625,1243.489990234375,1420525,Dr Reddy's,DRREDDY.NS
2024-04-09,1210.9102783203125,1233.5799560546875,1246.0400390625,1231.0,1240.43994140625,643620,Dr Reddy's,DRREDDY.NS
2024-04-10,1208.947021484375,1231.5799560546875,1239.97998046875,1229.0,1239.97998046875,980420,Dr Reddy's,DRREDDY.NS
2024-04-12,1194.4093017578125,1216.77001953125,1237.800048828125,1215.0,1233.780029296875,1974255,Dr Reddy's,DRREDDY.NS
2024-04-15,1180.07763671875,1202.1700439453125,1214.6400146484375,1196.449951171875,1214.6400146484375,1349665,Dr Reddy's,DRREDDY.NS
2024-04-16,1187.832275390625,1210.0699462890625,1214.77001953125,1197.010009765625,1201.1700439453125,2041490,Dr Reddy's,DRREDDY.NS
2024-04-18,1169.5350341796875,1191.4300537109375,1225.5,1187.530029296875,1219.989990234375,2988680,Dr Reddy's,DRREDDY.NS
2024-04-19,1166.7275390625,1188.5699462890625,1200.0,1176.1600341796875,1200.0,1713255,Dr Reddy's,DRREDDY.NS
2024-04-22,1181.1083984375,1203.219970703125,1212.800048828125,1190.699951171875,1195.0,1667285,Dr Reddy's,DRREDDY.NS
2024-04-23,1168.54345703125,1190.4200439453125,1213.0,1186.780029296875,1210.0,1494175,Dr Reddy's,DRREDDY.NS
2024-04-24,1168.2884521484375,1190.1600341796875,1198.969970703125,1184.2099609375,1192.010009765625,1334935,Dr Reddy's,DRREDDY.NS
2024-04-25,1220.8934326171875,1243.75,1252.4000244140625,1185.5999755859375,1195.010009765625,4634925,Dr Reddy's,DRREDDY.NS
2024-04-26,1227.44091796875,1250.4200439453125,1261.77001953125,1235.77001953125,1244.97998046875,2063090,Dr Reddy's,DRREDDY.NS
2024-04-29,1236.275390625,1259.4200439453125,1265.0,1240.469970703125,1254.0,1485530,Dr Reddy's,DRREDDY.NS
2024-04-30,1218.0565185546875,1240.8599853515625,1262.5999755859375,1237.0,1259.97998046875,1906520,Dr Reddy's,DRREDDY.NS
2024-05-02,1234.390625,1257.5,1259.9599609375,1239.050048828125,1239.050048828125,3134765,Dr Reddy's,DRREDDY.NS
2024-05-03,1246.57275390625,1269.9100341796875,1283.97998046875,1251.5999755859375,1259.97998046875,2906840,Dr Reddy's,DRREDDY.NS
2024-05-06,1235.558837890625,1258.68994140625,1276.0,1249.27001953125,1275.93994140625,2263770,Dr Reddy's,DRREDDY.NS
2024-05-07,1228.5206298828125,1251.52001953125,1270.0,1240.0,1265.97998046875,1586770,Dr Reddy's,DRREDDY.NS
2024-05-08,1189.0103759765625,1211.27001953125,1222.989990234375,1190.5400390625,1220.0,4940700,Dr Reddy's,DRREDDY.NS
2024-05-09,1153.8682861328125,1175.469970703125,1214.9000244140625,1174.0,1214.9000244140625,2534535,Dr Reddy's,DRREDDY.NS
2024-05-10,1162.437744140625,1184.199951171875,1187.0,1163.6199951171875,1175.0,1480900,Dr Reddy's,DRREDDY.NS
2024-05-13,1159.9935302734375,1181.7099609375,1189.800048828125,1170.0999755859375,1184.199951171875,852820,Dr Reddy's,DRREDDY.NS
2024-05-14,1152.1895751953125,1173.760009765625,1189.0799560546875,1171.0,1187.780029296875,1186650,Dr Reddy's,DRREDDY.NS
2024-05-15,1153.4068603515625,1175.0,1193.3900146484375,1172.0,1177.0,1458405,Dr Reddy's,DRREDDY.NS
2024-05-16,1148.5772705078125,1170.0799560546875,1185.5999755859375,1141.800048828125,1185.5999755859375,3660485,Dr Reddy's,DRREDDY.NS
2024-05-17,1138.5941162109375,1159.9100341796875,1171.2900390625,1158.199951171875,1170.0799560546875,3006695,Dr Reddy's,DRREDDY.NS
2024-05-21,1134.7166748046875,1155.9599609375,1166.6600341796875,1154.5999755859375,1162.18994140625,2456865,Dr Reddy's,DRREDDY.NS
2024-05-22,1152.96533203125,1174.550048828125,1181.0,1158.0799560546875,1170.0,2605110,Dr Reddy's,DRREDDY.NS
2024-05-23,1157.8634033203125,1179.5400390625,1186.5999755859375,1167.0,1180.489990234375,2827915,Dr Reddy's,DRREDDY.NS
2024-05-24,1151.5909423828125,1173.1500244140625,1181.8199462890625,1167.699951171875,1179.280029296875,2122215,Dr Reddy's,DRREDDY.NS
2024-05-27,1152.955322265625,1174.5400390625,1177.989990234375,1159.219970703125,1173.1500244140625,3366290,Dr Reddy's,DRREDDY.NS
2024-05-28,1171.1351318359375,1193.06005859375,1201.02001953125,1174.4300537109375,1174.4300537109375,3966010,Dr Reddy's,DRREDDY.NS
2024-05-29,1178.0947265625,1200.1500244140625,1203.5899658203125,1182.9200439453125,1197.0,2533990,Dr Reddy's,DRREDDY.NS
2024-05-30,1153.1614990234375,1174.75,1195.0,1166.5999755859375,1195.0,3005220,Dr Reddy's,DRREDDY.NS
2024-05-31,1137.08251953125,1158.3699951171875,1180.9300537109375,1150.5699462890625,1179.989990234375,5146590,Dr Reddy's,DRREDDY.NS
2024-06-03,1135.4039306640625,1156.6600341796875,1187.5799560546875,1155.4300537109375,1187.5799560546875,2087555,Dr Reddy's,DRREDDY.NS
2024-06-04,1125.096923828125,1146.1600341796875,1165.469970703125,1120.0,1161.4000244140625,3287175,Dr Reddy's,DRREDDY.NS
2024-06-05,1143.4237060546875,1164.8299560546875,1176.3399658203125,1145.1600341796875,1147.5799560546875,2542820,Dr Reddy's,DRREDDY.NS
2024-06-06,1156.5382080078125,1178.18994140625,1185.199951171875,1156.3199462890625,1167.0,3598380,Dr Reddy's,DRREDDY.NS
2024-06-07,1189.982177734375,1212.260009765625,1216.8199462890625,1175.25,1178.18994140625,3747525,Dr Reddy's,DRREDDY.NS
2024-06-10,1198.787353515625,1221.22998046875,1231.530029296875,1200.81005859375,1212.260009765625,3148275,Dr Reddy's,DRREDDY.NS
2024-06-11,1185.6533203125,1207.8499755859375,1220.050048828125,1205.5999755859375,1217.0,2581810,Dr Reddy's,DRREDDY.NS
2024-06-12,1189.7366943359375,1212.010009765625,1217.0,1198.199951171875,1212.0,1932925,Dr Reddy's,DRREDDY.NS
2024-06-13,1196.76513671875,1219.1700439453125,1223.97998046875,1206.300048828125,1223.97998046875,2191150,Dr Reddy's,DRREDDY.NS
2024-06-14,1194.6842041015625,1217.050048828125,1223.699951171875,1207.02001953125,1219.199951171875,1985020,Dr Reddy's,DRREDDY.NS
2024-06-18,1176.2296142578125,1198.25,1212.4000244140625,1196.0,1209.5999755859375,3076985,Dr Reddy's,DRREDDY.NS
2024-06-19,1169.3485107421875,1191.239990234375,1199.9300537109375,1184.0,1198.3900146484375,3056645,Dr Reddy's,DRREDDY.NS
2024-06-20,1172.21484375,1194.1600341796875,1199.199951171875,1177.5999755859375,1185.0,2489735,Dr Reddy's,DRREDDY.NS
2024-06-21,1180.1954345703125,1202.2900390625,1211.0,1191.030029296875,1194.199951171875,2150475,Dr Reddy's,DRREDDY.NS
2024-06-24,1188.7353515625,1210.989990234375,1220.0,1194.5999755859375,1199.5999755859375,1624525,Dr Reddy's,DRREDDY.NS
2024-06-25,1193.33935546875,1215.6800537109375,1219.0400390625,1203.2099609375,1218.0,1977490,Dr Reddy's,DRREDDY.NS
2024-06-26,1191.7000732421875,1214.010009765625,1218.9300537109375,1205.06005859375,1212.699951171875,1958240,Dr Reddy's,DRREDDY.NS
2024-06-27,1224.260498046875,1247.1800537109375,1249.8900146484375,1199.0,1200.0,12168270,Dr Reddy's,DRREDDY.NS
2024-06-28,1256.938720703125,1280.469970703125,1284.0,1250.2099609375,1251.0899658203125,5118295,Dr Reddy's,DRREDDY.NS
2024-07-01,1247.387451171875,1270.739990234375,1296.0,1267.4300537109375,1286.0,2251925,Dr Reddy's,DRREDDY.NS
2024-07-02,1250.6365966796875,1274.050048828125,1276.18994140625,1256.8499755859375,1269.0,1819075,Dr Reddy's,DRREDDY.NS
2024-07-03,1261.5621337890625,1285.1800537109375,1305.1600341796875,1273.030029296875,1274.800048828125,2913200,Dr Reddy's,DRREDDY.NS
2024-07-04,1272.0557861328125,1295.8699951171875,1308.4000244140625,1274.02001953125,1286.0,1744245,Dr Reddy's,DRREDDY.NS
2024-07-05,1280.0362548828125,1304.0,1309.4300537109375,1291.2099609375,1295.8699951171875,1139175,Dr Reddy's,DRREDDY.NS
2024-07-08,1282.8143310546875,1306.8299560546875,1315.0,1297.199951171875,1304.0,807380,Dr Reddy's,DRREDDY.NS
2024-07-09,1292.375244140625,1316.5699462890625,1319.0,1286.18994140625,1308.0,1734640,Dr Reddy's,DRREDDY.NS
2024-07-10,1294.2796630859375,1318.510009765625,1320.8900146484375,1296.5999755859375,1314.9000244140625,1287550,Dr Reddy's,DRREDDY.NS
2024-07-11,1294.71142578125,1318.949951171875,1324.3900146484375,1306.969970703125,1318.6300048828125,1581340,Dr Reddy's,DRREDDY.NS
2024-07-12,1319.1932373046875,1343.8900146484375,1349.0,1312.93994140625,1318.050048828125,2944400,Dr Reddy's,DRREDDY.NS
2024-07-15,1333.976318359375,1358.949951171875,1376.989990234375,1340.510009765625,1350.0,3023975,Dr Reddy's,DRREDDY.NS
2024-07-16,1312.509521484375,1329.2099609375,1356.5899658203125,1327.3299560546875,1351.989990234375,1556420,Dr Reddy's,DRREDDY.NS
2024-07-18,1316.7457275390625,1333.5,1341.77001953125,1318.0799560546875,1329.199951171875,1928535,Dr Reddy's,DRREDDY.NS
2024-07-19,1310.5247802734375,1327.199951171875,1343.6800537109375,1325.260009765625,1332.0,900340,Dr Reddy's,DRREDDY.NS
2024-07-22,1337.1658935546875,1354.1800537109375,1356.0,1316.0,1316.0,2061455,Dr Reddy's,DRREDDY.NS
2024-07-23,1355.7493896484375,1373.0,1376.800048828125,1343.4000244140625,1354.0,4330455,Dr Reddy's,DRREDDY.NS
2024-07-24,1346.89208984375,1364.030029296875,1387.780029296875,1358.6500244140625,1387.780029296875,3019385,Dr Reddy's,DRREDDY.NS
2024-07-25,1353.4190673828125,1370.6400146484375,1374.989990234375,1351.4100341796875,1359.0,1315525,Dr Reddy's,DRREDDY.NS
2024-07-26,1358.445068359375,1375.72998046875,1393.199951171875,1358.3199462890625,1377.7900390625,2051955,Dr Reddy's,DRREDDY.NS
2024-07-29,1350.822021484375,1368.010009765625,1389.6199951171875,1347.0,1384.0,3271945,Dr Reddy's,DRREDDY.NS
2024-07-30,1343.7322998046875,1360.8299560546875,1378.199951171875,1358.5799560546875,1369.010009765625,1458475,Dr Reddy's,DRREDDY.NS
2024-07-31,1333.1370849609375,1350.0999755859375,1365.9000244140625,1347.0,1360.780029296875,1730870,Dr Reddy's,DRREDDY.NS
2024-08-01,1360.28173828125,1377.5899658203125,1380.0999755859375,1357.3299560546875,1359.0999755859375,2320480,Dr Reddy's,DRREDDY.NS
2024-08-02,1375.3302001953125,1392.8299560546875,1396.199951171875,1374.8900146484375,1376.199951171875,2209945,Dr Reddy's,DRREDDY.NS
2024-08-05,1345.2926025390625,1362.4100341796875,1392.199951171875,1358.800048828125,1386.02001953125,2186945,Dr Reddy's,DRREDDY.NS
2024-08-06,1344.3741455078125,1361.47998046875,1383.06005859375,1359.06005859375,1367.780029296875,1227135,Dr Reddy's,DRREDDY.NS
2024-08-07,1367.865234375,1385.27001953125,1387.0,1368.0,1376.0,968865,Dr Reddy's,DRREDDY.NS
2024-08-08,1370.2252197265625,1387.6600341796875,1407.0,1382.8900146484375,1385.0,2705840,Dr Reddy's,DRREDDY.NS
2024-08-09,1385.0762939453125,1402.699951171875,1405.0,1392.6700439453125,1396.0,656255,Dr Reddy's,DRREDDY.NS
2024-08-12,1360.0052490234375,1377.31005859375,1406.0,1374.6600341796875,1402.7900390625,1853275,Dr Reddy's,DRREDDY.NS
2024-08-13,1372.2198486328125,1389.6800537109375,1392.449951171875,1370.25,1380.4000244140625,1217325,Dr Reddy's,DRREDDY.NS
2024-08-14,1343.1199951171875,1360.2099609375,1392.4000244140625,1358.5,1391.0,1727965,Dr Reddy's,DRREDDY.NS
2024-08-16,1341.6488037109375,1358.719970703125,1369.7900390625,1351.6300048828125,1366.2099609375,2565660,Dr Reddy's,DRREDDY.NS
2024-08-19,1364.9029541015625,1382.27001953125,1384.800048828125,1363.52001953125,1367.5899658203125,809235,Dr Reddy's,DRREDDY.NS
2024-08-20,1375.5672607421875,1393.0699462890625,1394.8399658203125,1380.0,1386.0,747970,Dr Reddy's,DRREDDY.NS
2024-08-21,1394.7431640625,1412.489990234375,1421.489990234375,1393.0699462890625,1399.97998046875,1905585,Dr Reddy's,DRREDDY.NS
2024-08-22,1376.298095703125,1393.81005859375,1412.469970703125,1384.6400146484375,1412.469970703125,1683410,Dr Reddy's,DRREDDY.NS
2024-08-23,1373.424560546875,1390.9000244140625,1398.0,1386.010009765625,1395.969970703125,711440,Dr Reddy's,DRREDDY.NS
2024-08-26,1371.212646484375,1388.6600341796875,1391.989990234375,1379.8399658203125,1384.989990234375,1018915,Dr Reddy's,DRREDDY.NS
2024-08-27,1375.09326171875,1392.5899658203125,1401.31005859375,1380.4100341796875,1389.0,2277085,Dr Reddy's,DRREDDY.NS
2024-08-28,1382.2718505859375,1399.8599853515625,1409.6500244140625,1384.5999755859375,1392.5899658203125,1632585,Dr Reddy's,DRREDDY.NS
2024-08-29,1368.8131103515625,1386.22998046875,1403.989990234375,1377.8199462890625,1379.6600341796875,1784160,Dr Reddy's,DRREDDY.NS
2024-08-30,1388.601318359375,1406.27001953125,1409.0,1387.5999755859375,1387.5999755859375,3415210,Dr Reddy's,DRREDDY.NS
2024-09-02,1357.1614990234375,1374.4300537109375,1414.989990234375,1366.0,1409.93994140625,2354285,Dr Reddy's,DRREDDY.NS
2024-09-03,1353.5474853515625,1370.77001953125,1382.800048828125,1369.5999755859375,1380.0,1246805,Dr Reddy's,DRREDDY.NS
2024-09-04,1340.384765625,1357.43994140625,1369.56005859375,1353.4000244140625,1369.56005859375,2177470,Dr Reddy's,DRREDDY.NS
2024-09-05,1322.32470703125,1339.1500244140625,1369.760009765625,1337.199951171875,1359.5,2001265,Dr Reddy's,DRREDDY.NS
2024-09-06,1316.6766357421875,1333.4300537109375,1344.02001953125,1330.5999755859375,1339.780029296875,2074285,Dr Reddy's,DRREDDY.NS
2024-09-09,1314.4549560546875,1331.1800537109375,1343.18994140625,1320.5400390625,1335.989990234375,1466880,Dr Reddy's,DRREDDY.NS
2024-09-10,1313.36865234375,1330.0799560546875,1339.56005859375,1322.6300048828125,1338.800048828125,2328120,Dr Reddy's,DRREDDY.NS
2024-09-11,1305.8839111328125,1322.5,1349.8699951171875,1319.1800537109375,1332.1800537109375,1833720,Dr Reddy's,DRREDDY.NS
2024-09-12,1319.974609375,1336.77001953125,1342.43994140625,1316.06005859375,1340.0,2663355,Dr Reddy's,DRREDDY.NS
2024-09-13,1315.4027099609375,1332.1400146484375,1339.81005859375,1329.4000244140625,1337.280029296875,1197575,Dr Reddy's,DRREDDY.NS
2024-09-16,1312.717041015625,1329.4200439453125,1337.97998046875,1326.300048828125,1337.97998046875,691625,Dr Reddy's,DRREDDY.NS
2024-09-17,1309.6656494140625,1326.3299560546875,1333.1500244140625,1320.5999755859375,1328.02001953125,911735,Dr Reddy's,DRREDDY.NS
2024-09-18,1297.0562744140625,1313.56005859375,1329.5999755859375,1306.199951171875,1329.4000244140625,1239415,Dr Reddy's,DRREDDY.NS
2024-09-19,1284.170166015625,1300.510009765625,1322.5,1296.5,1316.800048828125,4661780,Dr Reddy's,DRREDDY.NS
2024-09-20,1293.7679443359375,1310.22998046875,1319.5899658203125,1297.1400146484375,1306.9599609375,2823650,Dr Reddy's,DRREDDY.NS
2024-09-23,1314.1685791015625,1330.8900146484375,1332.4000244140625,1316.0,1320.0,1326620,Dr Reddy's,DRREDDY.NS
2024-09-24,1313.3587646484375,1330.0699462890625,1337.97998046875,1316.0400390625,1330.8900146484375,1962100,Dr Reddy's,DRREDDY.NS
2024-09-25,1321.4755859375,1338.2900390625,1341.52001953125,1319.1099853515625,1331.25,2388280,Dr Reddy's,DRREDDY.NS
2024-09-26,1331.9324951171875,1348.8800048828125,1351.4000244140625,1332.8599853515625,1342.9599609375,2842130,Dr Reddy's,DRREDDY.NS
2024-09-27,1333.0185546875,1349.97998046875,1354.47998046875,1333.300048828125,1342.199951171875,2794555,Dr Reddy's,DRREDDY.NS
2024-09-30,1333.3543701171875,1350.3199462890625,1358.199951171875,1342.0,1351.0,1827470,Dr Reddy's,DRREDDY.NS
2024-10-01,1332.860595703125,1349.8199462890625,1357.0799560546875,1335.6099853515625,1350.3199462890625,1738090,Dr Reddy's,DRREDDY.NS
2024-10-03,1330.204345703125,1347.1300048828125,1359.0,1338.4200439453125,1356.0,2277090,Dr Reddy's,DRREDDY.NS
2024-10-04,1309.9818115234375,1326.6500244140625,1346.5799560546875,1322.199951171875,1342.5999755859375,1742335,Dr Reddy's,DRREDDY.NS
2024-10-07,1305.3704833984375,1321.97998046875,1342.4100341796875,1316.219970703125,1336.7099609375,2224190,Dr Reddy's,DRREDDY.NS
2024-10-08,1314.484375,1331.2099609375,1333.5999755859375,1315.0,1321.989990234375,1395550,Dr Reddy's,DRREDDY.NS
2024-10-09,1316.2222900390625,1332.969970703125,1350.97998046875,1329.4200439453125,1339.199951171875,1680365,Dr Reddy's,DRREDDY.NS
2024-10-10,1300.0777587890625,1316.6199951171875,1339.5999755859375,1310.739990234375,1339.5999755859375,1582735,Dr Reddy's,DRREDDY.NS
2024-10-11,1303.2572021484375,1319.8399658203125,1324.93994140625,1309.010009765625,1317.0,1130225,Dr Reddy's,DRREDDY.NS
2024-10-14,1315.2447509765625,1331.97998046875,1338.18994140625,1320.0,1327.199951171875,1117595,Dr Reddy's,DRREDDY.NS
2024-10-15,1305.716064453125,1322.3299560546875,1339.97998046875,1321.0400390625,1336.800048828125,1423265,Dr Reddy's,DRREDDY.NS
2024-10-16,1325.316650390625,1342.1800537109375,1349.18994140625,1325.81005859375,1328.0,1849620,Dr Reddy's,DRREDDY.NS
2024-10-17,1323.9639892578125,1340.81005859375,1355.0,1330.0899658203125,1348.9599609375,1819115,Dr Reddy's,DRREDDY.NS
2024-10-18,1331.2806396484375,1348.219970703125,1354.800048828125,1332.47998046875,1340.81005859375,1143115,Dr Reddy's,DRREDDY.NS
2024-10-21,1322.6505126953125,1339.47998046875,1354.0,1337.2099609375,1354.0,1175275,Dr Reddy's,DRREDDY.NS
2024-10-22,1315.738525390625,1332.47998046875,1351.0,1326.4599609375,1345.4000244140625,1904985,Dr Reddy's,DRREDDY.NS
2024-10-23,1304.975341796875,1321.5799560546875,1337.6199951171875,1318.0,1331.8699951171875,1548860,Dr Reddy's,DRREDDY.NS
2024-10-24,1299.9989013671875,1316.5400390625,1328.800048828125,1313.8399658203125,1328.800048828125,1587305,Dr Reddy's,DRREDDY.NS
2024-10-25,1286.569580078125,1302.93994140625,1316.4000244140625,1290.02001953125,1314.0,1285830,Dr Reddy's,DRREDDY.NS
2024-10-28,1295.0220947265625,1311.5,1325.9000244140625,1290.25,1320.0,829374,Dr Reddy's,DRREDDY.NS
2024-10-29,1258.684326171875,1274.699951171875,1335.4000244140625,1263.5,1327.0,1443741,Dr Reddy's,DRREDDY.NS
2024-10-30,1234.1466064453125,1249.8499755859375,1273.0,1228.800048828125,1273.0,2065575,Dr Reddy's,DRREDDY.NS
2024-10-31,1258.190673828125,1274.199951171875,1283.6500244140625,1248.0,1258.5999755859375,1902206,Dr Reddy's,DRREDDY.NS
2024-11-01,1243.774169921875,1259.5999755859375,1289.0,1201.800048828125,1280.0,540201,Dr Reddy's,DRREDDY.NS
2024-11-04,1252.364990234375,1268.300048828125,1276.9000244140625,1250.550048828125,1259.5999755859375,1771490,Dr Reddy's,DRREDDY.NS
2024-11-05,1256.2158203125,1272.199951171875,1279.0,1241.25,1265.0999755859375,1603920,Dr Reddy's,DRREDDY.NS
2024-11-06,1285.740234375,1302.0999755859375,1321.9000244140625,1251.5999755859375,1274.0,3908554,Dr Reddy's,DRREDDY.NS
2024-11-07,1271.1754150390625,1287.3499755859375,1309.0,1280.550048828125,1304.949951171875,1479152,Dr Reddy's,DRREDDY.NS
2024-11-08,1267.52197265625,1283.6500244140625,1293.0,1259.1500244140625,1292.800048828125,1328199,Dr Reddy's,DRREDDY.NS
2024-11-11,1271.7186279296875,1287.9000244140625,1295.25,1262.1500244140625,1284.0,1175591,Dr Reddy's,DRREDDY.NS
2024-11-12,1248.0201416015625,1263.9000244140625,1288.4000244140625,1258.300048828125,1287.8499755859375,1110785,Dr Reddy's,DRREDDY.NS
2024-11-13,1229.357666015625,1245.0,1265.050048828125,1238.300048828125,1258.0,995217,Dr Reddy's,DRREDDY.NS
2024-11-14,1211.2874755859375,1226.699951171875,1253.0,1222.199951171875,1249.9000244140625,1346891,Dr Reddy's,DRREDDY.NS
2024-11-18,1178.5540771484375,1193.550048828125,1219.800048828125,1170.199951171875,1206.0999755859375,3367815,Dr Reddy's,DRREDDY.NS
2024-11-19,1198.203857421875,1213.449951171875,1232.0,1186.25,1193.0,1509716,Dr Reddy's,DRREDDY.NS
2024-11-21,1180.3314208984375,1195.3499755859375,1206.699951171875,1172.5,1174.9000244140625,2121476,Dr Reddy's,DRREDDY.NS
2024-11-22,1199.19140625,1214.449951171875,1223.199951171875,1193.5999755859375,1199.0,763755,Dr Reddy's,DRREDDY.NS
2024-11-25,1194.106201171875,1209.300048828125,1247.0,1205.75,1233.949951171875,3280431,Dr Reddy's,DRREDDY.NS
2024-11-26,1193.46435546875,1208.6500244140625,1218.3499755859375,1203.199951171875,1209.0,1190121,Dr Reddy's,DRREDDY.NS
2024-11-27,1184.8243408203125,1199.9000244140625,1215.5999755859375,1198.050048828125,1212.0,1402977,Dr Reddy's,DRREDDY.NS
2024-11-28,1176.9739990234375,1191.949951171875,1209.9000244140625,1188.449951171875,1209.050048828125,2819269,Dr Reddy's,DRREDDY.NS
2024-11-29,1187.194091796875,1202.300048828125,1219.3499755859375,1198.6500244140625,1206.0,2535820,Dr Reddy's,DRREDDY.NS
2024-12-02,1206.3997802734375,1221.75,1225.25,1202.300048828125,1214.25,1826479,Dr Reddy's,DRREDDY.NS
2024-12-03,1209.115234375,1224.5,1229.0,1217.550048828125,1229.0,2237453,Dr Reddy's,DRREDDY.NS
2024-12-04,1200.2777099609375,1215.550048828125,1229.0999755859375,1209.5999755859375,1224.5,1435443,Dr Reddy's,DRREDDY.NS
2024-12-05,1224.2723388671875,1239.8499755859375,1249.5,1210.0999755859375,1216.550048828125,3324867,Dr Reddy's,DRREDDY.NS
2024-12-06,1237.9483642578125,1253.699951171875,1255.1500244140625,1236.3499755859375,1246.0,1717216,Dr Reddy's,DRREDDY.NS
2024-12-09,1239.380126953125,1255.1500244140625,1261.800048828125,1243.25,1254.6500244140625,1269332,Dr Reddy's,DRREDDY.NS
2024-12-10,1224.7659912109375,1240.3499755859375,1253.5999755859375,1233.0,1250.0,2025890,Dr Reddy's,DRREDDY.NS
2024-12-11,1222.98876953125,1238.550048828125,1243.4000244140625,1226.699951171875,1240.300048828125,1178864,Dr Reddy's,DRREDDY.NS
2024-12-12,1229.7525634765625,1245.4000244140625,1250.199951171875,1226.3499755859375,1244.800048828125,1648944,Dr Reddy's,DRREDDY.NS
2024-12-13,1230.690673828125,1246.3499755859375,1250.199951171875,1226.449951171875,1240.300048828125,1258819,Dr Reddy's,DRREDDY.NS
2024-12-16,1253.994140625,1269.949951171875,1274.1500244140625,1245.199951171875,1246.3499755859375,1920945,Dr Reddy's,DRREDDY.NS
2024-12-17,1231.974365234375,1247.6500244140625,1270.949951171875,1243.25,1269.0,2706166,Dr Reddy's,DRREDDY.NS
2024-12-18,1259.3756103515625,1275.4000244140625,1281.0,1249.550048828125,1251.9000244140625,2823838,Dr Reddy's,DRREDDY.NS
2024-12-19,1308.9449462890625,1325.5999755859375,1331.3499755859375,1271.6500244140625,1275.0,7185903,Dr Reddy's,DRREDDY.NS
2024-12-20,1326.7681884765625,1343.6500244140625,1368.699951171875,1317.4000244140625,1326.0,7499087,Dr Reddy's,DRREDDY.NS
2024-12-23,1324.4970703125,1341.3499755859375,1367.0,1330.300048828125,1362.0,3740109,Dr Reddy's,DRREDDY.NS
2024-12-24,1333.9271240234375,1350.9000244140625,1365.0,1336.199951171875,1347.0,2587142,Dr Reddy's,DRREDDY.NS
2024-12-26,1338.1236572265625,1355.1500244140625,1360.199951171875,1342.75,1350.9000244140625,1531359,Dr Reddy's,DRREDDY.NS
2024-12-27,1371.99267578125,1389.449951171875,1398.25,1345.5,1363.050048828125,3656253,Dr Reddy's,DRREDDY.NS
2024-12-30,1359.6004638671875,1376.9000244140625,1392.0,1372.0999755859375,1389.5999755859375,2462657,Dr Reddy's,DRREDDY.NS
2024-12-31,1371.0546875,1388.5,1395.0,1366.550048828125,1370.300048828125,1892083,Dr Reddy's,DRREDDY.NS
2025-01-01,1351.799560546875,1369.0,1389.050048828125,1355.3499755859375,1388.449951171875,1658723,Dr Reddy's,DRREDDY.NS
2025-01-02,1357.773681640625,1375.050048828125,1387.949951171875,1370.050048828125,1371.449951171875,1726305,Dr Reddy's,DRREDDY.NS
2025-01-03,1335.655029296875,1352.6500244140625,1378.1500244140625,1347.199951171875,1375.050048828125,1573592,Dr Reddy's,DRREDDY.NS
2025-01-06,1333.3839111328125,1350.3499755859375,1361.300048828125,1333.800048828125,1360.4000244140625,1539970,Dr Reddy's,DRREDDY.NS
2025-01-07,1334.5689697265625,1351.550048828125,1373.050048828125,1347.5,1352.0,1723188,Dr Reddy's,DRREDDY.NS
2025-01-08,1353.5277099609375,1370.75,1405.9000244140625,1358.0,1369.5,3456684,Dr Reddy's,DRREDDY.NS
2025-01-09,1354.366943359375,1371.5999755859375,1382.949951171875,1364.0999755859375,1380.0,1607980,Dr Reddy's,DRREDDY.NS
2025-01-10,1337.383056640625,1354.4000244140625,1386.0,1352.5999755859375,1366.0999755859375,1582776,Dr Reddy's,DRREDDY.NS
2025-01-13,1318.3255615234375,1335.0999755859375,1354.1500244140625,1330.199951171875,1354.050048828125,2822318,Dr Reddy's,DRREDDY.NS
2025-01-14,1320.744873046875,1337.550048828125,1348.8499755859375,1323.6500244140625,1335.1500244140625,1370223,Dr Reddy's,DRREDDY.NS
2025-01-15,1320.399169921875,1337.199951171875,1345.0,1313.949951171875,1345.0,1940371,Dr Reddy's,DRREDDY.NS
2025-01-16,1286.3819580078125,1302.75,1347.0,1297.0,1340.9000244140625,1195731,Dr Reddy's,DRREDDY.NS
2025-01-17,1292.948486328125,1309.4000244140625,1320.699951171875,1288.0,1298.0,1432206,Dr Reddy's,DRREDDY.NS
2025-01-20,1285.987060546875,1302.3499755859375,1309.0,1293.6500244140625,1308.3499755859375,561642,Dr Reddy's,DRREDDY.NS
2025-01-21,1271.9654541015625,1288.1500244140625,1312.949951171875,1285.6500244140625,1302.3499755859375,738787,Dr Reddy's,DRREDDY.NS
2025-01-22,1279.9637451171875,1296.25,1308.0,1288.0,1291.0,1301422,Dr Reddy's,DRREDDY.NS
2025-01-23,1273.1998291015625,1289.4000244140625,1303.949951171875,1274.550048828125,1289.0,1448659,Dr Reddy's,DRREDDY.NS
2025-01-24,1209.0164794921875,1224.4000244140625,1252.6500244140625,1203.5,1229.949951171875,7082467,Dr Reddy's,DRREDDY.NS
2025-01-27,1182.6025390625,1197.6500244140625,1234.3499755859375,1191.5,1224.4000244140625,2184847,Dr Reddy's,DRREDDY.NS
2025-01-28,1166.4085693359375,1181.25,1197.6500244140625,1164.6500244140625,1197.6500244140625,3142189,Dr Reddy's,DRREDDY.NS
2025-01-29,1166.359130859375,1181.199951171875,1192.449951171875,1173.5,1187.4000244140625,3458251,Dr Reddy's,DRREDDY.NS
2025-01-30,1179.4921875,1194.5,1204.800048828125,1184.0,1188.0,3290757,Dr Reddy's,DRREDDY.NS
2025-01-31,1202.054931640625,1217.3499755859375,1221.0,1196.0,1202.0,1505147,Dr Reddy's,DRREDDY.NS
2025-02-01,1189.810791015625,1204.949951171875,1220.4000244140625,1200.0999755859375,1220.4000244140625,1067956,Dr Reddy's,DRREDDY.NS
2025-02-03,1188.724609375,1203.8499755859375,1220.0,1196.800048828125,1200.0,1407877,Dr Reddy's,DRREDDY.NS
2025-02-04,1204.622314453125,1219.949951171875,1233.0,1201.449951171875,1207.0,2239920,Dr Reddy's,DRREDDY.NS
2025-02-05,1212.126953125,1227.550048828125,1233.0999755859375,1215.8499755859375,1227.0,1460238,Dr Reddy's,DRREDDY.NS
2025-02-06,1221.112548828125,1236.6500244140625,1254.0,1230.199951171875,1234.9000244140625,2990483,Dr Reddy's,DRREDDY.NS
2025-02-07,1224.8154296875,1240.4000244140625,1243.75,1226.0,1240.0,1236992,Dr Reddy's,DRREDDY.NS
2025-02-10,1205.6097412109375,1220.949951171875,1239.699951171875,1211.050048828125,1239.699951171875,1565579,Dr Reddy's,DRREDDY.NS
2025-02-11,1194.5999755859375,1209.800048828125,1222.9000244140625,1201.25,1220.0,1819297,Dr Reddy's,DRREDDY.NS
2025-02-12,1200.5738525390625,1215.8499755859375,1220.4000244140625,1202.8499755859375,1218.0,1306601,Dr Reddy's,DRREDDY.NS
2025-02-13,1208.2264404296875,1223.5999755859375,1243.0,1216.9000244140625,1216.9000244140625,4447231,Dr Reddy's,DRREDDY.NS
2025-02-14,1182.0101318359375,1197.050048828125,1230.0,1186.25,1223.5,1211843,Dr Reddy's,DRREDDY.NS
2025-02-17,1183.8861083984375,1198.949951171875,1202.0,1183.1500244140625,1196.8499755859375,613030,Dr Reddy's,DRREDDY.NS
2025-02-18,1182.355712890625,1197.4000244140625,1204.949951171875,1182.0,1198.949951171875,1713796,Dr Reddy's,DRREDDY.NS
2025-02-19,1151.2020263671875,1165.8499755859375,1176.949951171875,1127.5,1166.0,3062142,Dr Reddy's,DRREDDY.NS
2025-02-20,1156.2379150390625,1170.949951171875,1174.1500244140625,1156.25,1164.5,1579890,Dr Reddy's,DRREDDY.NS
2025-02-21,1137.32861328125,1151.800048828125,1170.75,1145.25,1170.699951171875,6828902,Dr Reddy's,DRREDDY.NS
2025-02-24,1149.91845703125,1164.550048828125,1173.9000244140625,1151.0,1151.800048828125,2017521,Dr Reddy's,DRREDDY.NS
2025-02-25,1113.975830078125,1128.1500244140625,1169.550048828125,1122.5,1167.1500244140625,6463238,Dr Reddy's,DRREDDY.NS
2025-02-27,1111.408447265625,1125.550048828125,1136.3499755859375,1115.0,1128.5,3435069,Dr Reddy's,DRREDDY.NS
2025-02-28,1102.4720458984375,1116.5,1132.0,1104.550048828125,1128.699951171875,3895033,Dr Reddy's,DRREDDY.NS
2025-03-03,1105.5330810546875,1119.5999755859375,1130.25,1103.9000244140625,1118.3499755859375,1810605,Dr Reddy's,DRREDDY.NS
2025-03-04,1106.0762939453125,1120.1500244140625,1124.1500244140625,1105.050048828125,1111.0999755859375,1074133,Dr Reddy's,DRREDDY.NS
2025-03-05,1112.2476806640625,1126.4000244140625,1129.0,1110.550048828125,1120.5,1260157,Dr Reddy's,DRREDDY.NS
2025-03-06,1125.7755126953125,1140.0999755859375,1145.699951171875,1118.6500244140625,1135.0,1648697,Dr Reddy's,DRREDDY.NS
2025-03-07,1119.01171875,1133.25,1145.199951171875,1130.0,1140.0999755859375,790599,Dr Reddy's,DRREDDY.NS
2025-03-10,1106.12548828125,1120.199951171875,1137.1500244140625,1115.4000244140625,1134.949951171875,950503,Dr Reddy's,DRREDDY.NS
2025-03-11,1102.620361328125,1116.6500244140625,1126.949951171875,1110.6500244140625,1117.0,884438,Dr Reddy's,DRREDDY.NS
2025-03-12,1091.2646484375,1105.1500244140625,1116.6500244140625,1092.449951171875,1116.5999755859375,1914579,Dr Reddy's,DRREDDY.NS
2025-03-13,1094.029541015625,1107.949951171875,1110.25,1095.050048828125,1105.1500244140625,1299174,Dr Reddy's,DRREDDY.NS
2025-03-17,1136.242431640625,1150.699951171875,1154.0999755859375,1101.5,1107.9000244140625,2714559,Dr Reddy's,DRREDDY.NS
2025-03-18,1136.242431640625,1150.699951171875,1150.699951171875,1150.699951171875,1150.699951171875,0,Dr Reddy's,DRREDDY.NS
2025-03-19,1157.37353515625,1172.0999755859375,1177.699951171875,1158.0999755859375,1174.0,1507415,Dr Reddy's,DRREDDY.NS
2025-03-20,1172.2838134765625,1187.199951171875,1190.75,1165.300048828125,1178.949951171875,1521677,Dr Reddy's,DRREDDY.NS
2025-03-21,1185.0711669921875,1200.1500244140625,1204.6500244140625,1177.050048828125,1190.199951171875,2313824,Dr Reddy's,DRREDDY.NS
2025-03-24,1195.0936279296875,1210.300048828125,1216.3499755859375,1190.25,1205.0,1660669,Dr Reddy's,DRREDDY.NS
2025-03-25,1163.1007080078125,1177.9000244140625,1215.949951171875,1167.949951171875,1210.300048828125,2860907,Dr Reddy's,DRREDDY.NS
2025-03-26,1149.9677734375,1164.5999755859375,1179.800048828125,1152.6500244140625,1177.9000244140625,2864505,Dr Reddy's,DRREDDY.NS
2025-03-27,1147.597900390625,1162.199951171875,1172.4000244140625,1144.0,1160.0,4460409,Dr Reddy's,DRREDDY.NS
2025-03-28,1129.823974609375,1144.199951171875,1159.25,1140.75,1159.25,2762934,Dr Reddy's,DRREDDY.NS
2025-04-01,1137.7235107421875,1152.199951171875,1164.4000244140625,1136.050048828125,1144.199951171875,4158012,Dr Reddy's,DRREDDY.NS
2025-04-02,1135.55126953125,1150.0,1152.699951171875,1135.0,1150.0,2071245,Dr Reddy's,DRREDDY.NS
2025-04-03,1136.98291015625,1151.449951171875,1226.9000244140625,1149.050048828125,1190.5,6324685,Dr Reddy's,DRREDDY.NS
2025-04-04,1096.0042724609375,1109.949951171875,1157.449951171875,1076.199951171875,1151.800048828125,5423861,Dr Reddy's,DRREDDY.NS
2025-04-07,1074.2314453125,1087.9000244140625,1098.8499755859375,1020.0,1020.0,3888037,Dr Reddy's,DRREDDY.NS
2025-04-08,1094.029541015625,1107.949951171875,1113.6500244140625,1088.699951171875,1100.0,1577632,Dr Reddy's,DRREDDY.NS
2025-04-09,1080.30419921875,1094.050048828125,1103.25,1061.6500244140625,1094.5,5511474,Dr Reddy's,DRREDDY.NS
2025-04-11,1095.56005859375,1109.5,1139.9000244140625,1102.25,1139.9000244140625,2740831,Dr Reddy's,DRREDDY.NS
2025-04-15,1140.3896484375,1154.9000244140625,1158.0999755859375,1129.0,1140.9000244140625,2683350,Dr Reddy's,DRREDDY.NS
2025-04-16,1143.845703125,1158.4000244140625,1161.4000244140625,1143.699951171875,1150.199951171875,1451875,Dr Reddy's,DRREDDY.NS
2025-04-17,1148.9803466796875,1163.5999755859375,1173.5999755859375,1150.0999755859375,1150.0999755859375,2788024,Dr Reddy's,DRREDDY.NS
2025-04-21,1162.60693359375,1177.4000244140625,1179.699951171875,1155.0,1163.4000244140625,1938756,Dr Reddy's,DRREDDY.NS
2025-04-22,1160.237060546875,1175.0,1180.5,1162.300048828125,1173.9000244140625,1313400,Dr Reddy's,DRREDDY.NS
2025-04-23,1171.098876953125,1186.0,1191.800048828125,1175.9000244140625,1185.0999755859375,3192132,Dr Reddy's,DRREDDY.NS
2025-04-24,1185.416748046875,1200.5,1210.0,1176.300048828125,1179.0,4819678,Dr Reddy's,DRREDDY.NS
2025-04-25,1160.0396728515625,1174.800048828125,1210.5,1159.699951171875,1203.9000244140625,1286573,Dr Reddy's,DRREDDY.NS
2025-04-28,1183.6392822265625,1198.699951171875,1205.0,1176.300048828125,1176.300048828125,1236678,Dr Reddy's,DRREDDY.NS
2025-04-29,1161.224609375,1176.0,1204.4000244140625,1169.0,1204.4000244140625,1663018,Dr Reddy's,DRREDDY.NS
2025-04-30,1169.0252685546875,1183.9000244140625,1196.5999755859375,1175.9000244140625,1176.199951171875,1604442,Dr Reddy's,DRREDDY.NS
2025-05-02,1163.1007080078125,1177.9000244140625,1194.800048828125,1171.4000244140625,1176.0999755859375,910973,Dr Reddy's,DRREDDY.NS
2025-05-05,1156.5836181640625,1171.300048828125,1193.9000244140625,1154.5,1188.699951171875,1893680,Dr Reddy's,DRREDDY.NS
2025-05-06,1145.820556640625,1160.4000244140625,1175.0,1129.4000244140625,1172.199951171875,1990745,Dr Reddy's,DRREDDY.NS
2025-05-07,1146.1168212890625,1160.699951171875,1164.5999755859375,1143.4000244140625,1143.4000244140625,1421366,Dr Reddy's,DRREDDY.NS
2025-05-08,1133.5762939453125,1148.0,1161.4000244140625,1142.0,1152.699951171875,2616533,Dr Reddy's,DRREDDY.NS
2025-05-09,1141.3770751953125,1155.9000244140625,1167.0,1138.5,1142.5,1248574,Dr Reddy's,DRREDDY.NS
2025-05-12,1180.5782470703125,1195.5999755859375,1204.0,1143.9000244140625,1155.9000244140625,5065176,Dr Reddy's,DRREDDY.NS
2025-05-13,1191.9337158203125,1207.0999755859375,1241.0,1196.0,1196.0,3134295,Dr Reddy's,DRREDDY.NS
2025-05-14,1204.671630859375,1220.0,1223.300048828125,1193.199951171875,1213.300048828125,1197152,Dr Reddy's,DRREDDY.NS
2025-05-15,1220.7669677734375,1236.300048828125,1239.800048828125,1200.199951171875,1214.0,2053553,Dr Reddy's,DRREDDY.NS
2025-05-16,1215.2373046875,1230.699951171875,1238.9000244140625,1221.0,1238.9000244140625,882873,Dr Reddy's,DRREDDY.NS
2025-05-19,1203.684326171875,1219.0,1241.800048828125,1214.199951171875,1228.300048828125,2235758,Dr Reddy's,DRREDDY.NS
2025-05-20,1208.81884765625,1224.199951171875,1234.4000244140625,1216.5999755859375,1222.0,1385750,Dr Reddy's,DRREDDY.NS
2025-05-21,1209.3126220703125,1224.699951171875,1256.5999755859375,1220.0999755859375,1225.0999755859375,2615092,Dr Reddy's,DRREDDY.NS
2025-05-22,1206.8441162109375,1222.199951171875,1229.800048828125,1211.4000244140625,1224.699951171875,2260610,Dr Reddy's,DRREDDY.NS
2025-05-23,1214.644775390625,1230.0999755859375,1234.9000244140625,1216.0,1228.0,734297,Dr Reddy's,DRREDDY.NS
2025-05-26,1225.30908203125,1240.9000244140625,1247.9000244140625,1228.699951171875,1229.9000244140625,985434,Dr Reddy's,DRREDDY.NS
2025-05-27,1227.5802001953125,1243.199951171875,1249.0,1237.300048828125,1243.9000244140625,1145000,Dr Reddy's,DRREDDY.NS
2025-05-28,1226.98779296875,1242.5999755859375,1252.199951171875,1237.0,1247.800048828125,766968,Dr Reddy's,DRREDDY.NS
2025-05-29,1232.5174560546875,1248.199951171875,1253.4000244140625,1240.4000244140625,1245.4000244140625,1791885,Dr Reddy's,DRREDDY.NS
2025-05-30,1235.479736328125,1251.199951171875,1257.5999755859375,1241.0,1248.199951171875,3161983,Dr Reddy's,DRREDDY.NS
2025-06-02,1232.0235595703125,1247.699951171875,1251.5,1232.5,1251.0,1139977,Dr Reddy's,DRREDDY.NS
2025-06-03,1232.6162109375,1248.300048828125,1253.4000244140625,1240.800048828125,1250.0,811620,Dr Reddy's,DRREDDY.NS
2025-06-04,1236.1708984375,1251.9000244140625,1266.0,1246.300048828125,1248.300048828125,1387633,Dr Reddy's,DRREDDY.NS
2025-06-05,1274.384765625,1290.5999755859375,1303.4000244140625,1264.199951171875,1264.199951171875,3834672,Dr Reddy's,DRREDDY.NS
2025-06-06,1304.303955078125,1320.9000244140625,1322.9000244140625,1295.0,1295.0999755859375,2158757,Dr Reddy's,DRREDDY.NS
2025-06-09,1302.5264892578125,1319.0999755859375,1329.0,1308.5999755859375,1327.4000244140625,1227356,Dr Reddy's,DRREDDY.NS
2025-06-10,1331.853515625,1348.800048828125,1362.5999755859375,1321.0,1321.0,3022355,Dr Reddy's,DRREDDY.NS
2025-06-11,1334.12451171875,1351.0999755859375,1355.4000244140625,1340.199951171875,1350.0,1094247,Dr Reddy's,DRREDDY.NS
2025-06-12,1345.578857421875,1362.699951171875,1379.699951171875,1343.5,1360.0,2625058,Dr Reddy's,DRREDDY.NS
2025-06-13,1345.38134765625,1362.5,1366.800048828125,1345.0,1355.0,1419556,Dr Reddy's,DRREDDY.NS
2025-06-16,1329.8785400390625,1346.800048828125,1359.800048828125,1342.199951171875,1359.800048828125,1294663,Dr Reddy's,DRREDDY.NS
2025-06-17,1302.23046875,1318.800048828125,1349.699951171875,1302.5999755859375,1348.300048828125,1649457,Dr Reddy's,DRREDDY.NS
2025-06-18,1296.799560546875,1313.300048828125,1324.800048828125,1308.800048828125,1311.0999755859375,728945,Dr Reddy's,DRREDDY.NS
2025-06-19,1309.4385986328125,1326.0999755859375,1332.0,1304.300048828125,1305.0,1654212,Dr Reddy's,DRREDDY.NS
2025-06-20,1308.648681640625,1325.300048828125,1335.0,1318.199951171875,1332.4000244140625,1843895,Dr Reddy's,DRREDDY.NS
2025-06-23,1301.3416748046875,1317.9000244140625,1323.0,1302.0999755859375,1318.9000244140625,843945,Dr Reddy's,DRREDDY.NS
2025-06-24,1320.498046875,1337.300048828125,1353.699951171875,1309.0999755859375,1317.9000244140625,1011128,Dr Reddy's,DRREDDY.NS
2025-06-25,1324.743896484375,1341.5999755859375,1348.300048828125,1336.0,1348.300048828125,833145,Dr Reddy's,DRREDDY.NS
2025-06-26,1304.8963623046875,1321.5,1333.699951171875,1314.5999755859375,1326.0,2373431,Dr Reddy's,DRREDDY.NS
2025-06-27,1284.654052734375,1301.0,1331.5999755859375,1298.4000244140625,1328.9000244140625,1770595,Dr Reddy's,DRREDDY.NS
2025-06-30,1267.176513671875,1283.300048828125,1305.0,1272.5,1302.9000244140625,2224279,Dr Reddy's,DRREDDY.NS
2025-07-01,1260.758056640625,1276.800048828125,1294.9000244140625,1273.300048828125,1286.300048828125,1851442,Dr Reddy's,DRREDDY.NS
2025-07-02,1254.83349609375,1270.800048828125,1280.9000244140625,1263.699951171875,1276.0,2027306,Dr Reddy's,DRREDDY.NS
2025-07-03,1275.0760498046875,1291.300048828125,1297.5999755859375,1270.0,1274.9000244140625,1918977,Dr Reddy's,DRREDDY.NS
2025-07-04,1290.9736328125,1307.4000244140625,1313.0,1287.199951171875,1303.0,1466009,Dr Reddy's,DRREDDY.NS
2025-07-07,1294.03466796875,1310.5,1313.4000244140625,1298.0999755859375,1307.9000244140625,569025,Dr Reddy's,DRREDDY.NS
2025-07-08,1267.670166015625,1283.800048828125,1310.300048828125,1273.5999755859375,1310.300048828125,1602620,Dr Reddy's,DRREDDY.NS
2025-07-09,1253.4510498046875,1269.4000244140625,1285.699951171875,1266.9000244140625,1280.0,1494337,Dr Reddy's,DRREDDY.NS
2025-07-10,1254.6434326171875,1262.5999755859375,1269.9000244140625,1252.0999755859375,1262.9000244140625,1246082,Dr Reddy's,DRREDDY.NS
2025-07-11,1246.793212890625,1254.699951171875,1272.0,1251.300048828125,1263.0,895466,Dr Reddy's,DRREDDY.NS
2025-07-14,1242.7191162109375,1250.5999755859375,1261.4000244140625,1245.300048828125,1254.699951171875,1035555,Dr Reddy's,DRREDDY.NS
2025-07-15,1252.9542236328125,1260.9000244140625,1264.5,1241.0,1254.800048828125,1183659,Dr Reddy's,DRREDDY.NS
2025-07-16,1251.463623046875,1259.4000244140625,1262.0,1250.0,1260.9000244140625,1159859,Dr Reddy's,DRREDDY.NS
2025-07-17,1255.1402587890625,1263.0999755859375,1274.800048828125,1255.5,1259.4000244140625,709420,Dr Reddy's,DRREDDY.NS
2025-07-18,1249.5755615234375,1257.5,1270.5999755859375,1251.0999755859375,1265.0,690731,Dr Reddy's,DRREDDY.NS
2025-07-21,1251.3642578125,1259.300048828125,1262.4000244140625,1245.199951171875,1250.199951171875,1065189,Dr Reddy's,DRREDDY.NS
2025-07-22,1232.1859130859375,1240.0,1263.5999755859375,1236.0,1261.0,1304352,Dr Reddy's,DRREDDY.NS
2025-07-23,1239.539306640625,1247.4000244140625,1252.0999755859375,1231.0,1240.199951171875,1088262,Dr Reddy's,DRREDDY.NS
2025-07-24,1257.525146484375,1265.5,1287.9000244140625,1256.0999755859375,1261.0999755859375,3809212,Dr Reddy's,DRREDDY.NS
2025-07-25,1269.8470458984375,1277.9000244140625,1288.5,1261.199951171875,1266.0,1621138,Dr Reddy's,DRREDDY.NS
2025-07-28,1279.2872314453125,1287.4000244140625,1290.0,1271.5999755859375,1280.0,1553778,Dr Reddy's,DRREDDY.NS
2025-07-29,1291.609130859375,1299.800048828125,1302.0,1282.800048828125,1287.0,1943466,Dr Reddy's,DRREDDY.NS
2025-07-30,1283.95751953125,1292.0999755859375,1298.0999755859375,1277.699951171875,1298.0999755859375,1387013,Dr Reddy's,DRREDDY.NS
2025-07-31,1262.2950439453125,1270.300048828125,1285.0,1257.0,1274.5,1968821,Dr Reddy's,DRREDDY.NS
2025-08-01,1212.9080810546875,1220.5999755859375,1259.0,1213.699951171875,1258.0,2525210,Dr Reddy's,DRREDDY.NS
2025-08-04,1217.2803955078125,1225.0,1232.199951171875,1219.199951171875,1225.0999755859375,767310,Dr Reddy's,DRREDDY.NS
2025-08-05,1207.144775390625,1214.800048828125,1232.0,1205.0,1225.0,956582,Dr Reddy's,DRREDDY.NS
2025-08-06,1189.15869140625,1196.699951171875,1217.800048828125,1187.5,1214.800048828125,1701845,Dr Reddy's,DRREDDY.NS
2025-08-07,1193.23291015625,1200.800048828125,1210.0,1183.4000244140625,1184.0,1246560,Dr Reddy's,DRREDDY.NS
2025-08-08,1203.76611328125,1211.4000244140625,1215.0,1195.4000244140625,1200.800048828125,2389106,Dr Reddy's,DRREDDY.NS
2025-08-11,1211.8150634765625,1219.5,1237.0,1208.5999755859375,1212.5,1246374,Dr Reddy's,DRREDDY.NS
2025-08-12,1212.610107421875,1220.300048828125,1227.199951171875,1204.0999755859375,1210.0,922461,Dr Reddy's,DRREDDY.NS
2025-08-13,1245.50146484375,1253.4000244140625,1255.5,1219.800048828125,1220.300048828125,1192506,Dr Reddy's,DRREDDY.NS
2025-08-14,1252.4573974609375,1260.4000244140625,1266.0,1250.199951171875,1255.0999755859375,1603933,Dr Reddy's,DRREDDY.NS
2025-08-18,1254.7427978515625,1262.699951171875,1270.5999755859375,1241.0999755859375,1270.0,1648543,Dr Reddy's,DRREDDY.NS
2025-08-19,1236.359375,1244.199951171875,1263.800048828125,1241.9000244140625,1263.0,1061816,Dr Reddy's,DRREDDY.NS
2025-08-20,1237.5518798828125,1245.4000244140625,1250.699951171875,1238.0,1244.0,685379,Dr Reddy's,DRREDDY.NS
2025-08-21,1268.55517578125,1276.5999755859375,1281.800048828125,1240.300048828125,1245.4000244140625,2008295,Dr Reddy's,DRREDDY.NS
2025-08-22,1269.5489501953125,1277.5999755859375,1284.0999755859375,1265.5999755859375,1274.0999755859375,1229920,Dr Reddy's,DRREDDY.NS
2025-08-25,1275.809326171875,1283.9000244140625,1288.9000244140625,1275.300048828125,1277.699951171875,967056,Dr Reddy's,DRREDDY.NS
2025-08-26,1255.2396240234375,1263.199951171875,1279.5999755859375,1259.0,1276.0,2798216,Dr Reddy's,DRREDDY.NS
2025-08-28,1251.8612060546875,1259.800048828125,1267.4000244140625,1248.5,1263.199951171875,1827890,Dr Reddy's,DRREDDY.NS
2025-08-29,1252.1591796875,1260.0999755859375,1266.4000244140625,1240.800048828125,1259.0,2422956,Dr Reddy's,DRREDDY.NS
2025-09-01,1271.83447265625,1279.9000244140625,1285.0,1260.0999755859375,1260.0999755859375,1273903,Dr Reddy's,DRREDDY.NS
2025-09-02,1245.799560546875,1253.699951171875,1283.4000244140625,1248.0,1279.9000244140625,1632660,Dr Reddy's,DRREDDY.NS
2025-09-03,1254.2459716796875,1262.199951171875,1265.9000244140625,1247.5999755859375,1250.0,1294925,Dr Reddy's,DRREDDY.NS
2025-09-04,1245.10400390625,1253.0,1274.699951171875,1249.0,1268.0,1230934,Dr Reddy's,DRREDDY.NS
2025-09-05,1260.1087646484375,1268.0999755859375,1271.699951171875,1253.5999755859375,1254.300048828125,769861,Dr Reddy's,DRREDDY.NS
2025-09-08,1242.7191162109375,1250.5999755859375,1277.0,1248.699951171875,1269.0,969297,Dr Reddy's,DRREDDY.NS
2025-09-09,1283.1627197265625,1291.300048828125,1295.800048828125,1256.800048828125,1257.5,1643726,Dr Reddy's,DRREDDY.NS
2025-09-10,1295.9813232421875,1304.199951171875,1310.0,1293.699951171875,1294.4000244140625,1232984,Dr Reddy's,DRREDDY.NS
2025-09-11,1294.88818359375,1303.0999755859375,1311.0,1283.0,1304.0,1349391,Dr Reddy's,DRREDDY.NS
2025-09-12,1308.4024658203125,1316.699951171875,1321.0,1302.800048828125,1303.0999755859375,1042942,Dr Reddy's,DRREDDY.NS
2025-09-15,1292.602783203125,1300.800048828125,1311.800048828125,1292.5,1308.9000244140625,1331182,Dr Reddy's,DRREDDY.NS
2025-09-16,1302.142333984375,1310.4000244140625,1312.5,1296.4000244140625,1300.0,1034369,Dr Reddy's,DRREDDY.NS
2025-09-17,1303.135986328125,1311.4000244140625,1318.199951171875,1305.199951171875,1317.0,716840,Dr Reddy's,DRREDDY.NS
2025-09-18,1314.36474609375,1322.699951171875,1325.800048828125,1305.699951171875,1312.0999755859375,822010,Dr Reddy's,DRREDDY.NS
2025-09-19,1313.3709716796875,1321.699951171875,1326.800048828125,1312.0,1324.699951171875,1409571,Dr Reddy's,DRREDDY.NS
2025-09-22,1293.198974609375,1301.4000244140625,1320.9000244140625,1293.5,1320.9000244140625,1399531,Dr Reddy's,DRREDDY.NS
2025-09-23,1300.1549072265625,1308.4000244140625,1311.9000244140625,1295.199951171875,1300.0,1271238,Dr Reddy's,DRREDDY.NS
2025-09-24,1289.919677734375,1298.0999755859375,1308.300048828125,1294.4000244140625,1303.300048828125,750456,Dr Reddy's,DRREDDY.NS
2025-09-25,1267.1640625,1275.199951171875,1307.300048828125,1268.0,1298.300048828125,1241492,Dr Reddy's,DRREDDY.NS
2025-09-26,1245.203369140625,1253.0999755859375,1278.5,1246.199951171875,1250.0,2284377,Dr Reddy's,DRREDDY.NS
2025-09-29,1226.8199462890625,1234.5999755859375,1270.0,1231.0,1265.0,3899164,Dr Reddy's,DRREDDY.NS
2025-09-30,1215.988525390625,1223.699951171875,1240.300048828125,1217.5,1235.0999755859375,2635047,Dr Reddy's,DRREDDY.NS
2025-10-01,1236.856201171875,1244.699951171875,1250.699951171875,1226.0,1227.9000244140625,4083180,Dr Reddy's,DRREDDY.NS
2025-10-03,1240.23486328125,1248.0999755859375,1265.4000244140625,1240.0,1243.9000244140625,2742600,Dr Reddy's,DRREDDY.NS
2025-10-06,1240.731689453125,1248.5999755859375,1251.300048828125,1234.199951171875,1248.199951171875,1880910,Dr Reddy's,DRREDDY.NS
2025-10-07,1240.63232421875,1248.5,1256.0999755859375,1244.4000244140625,1250.300048828125,1380941,Dr Reddy's,DRREDDY.NS
2025-10-08,1226.7205810546875,1234.5,1251.0,1231.4000244140625,1248.300048828125,1496744,Dr Reddy's,DRREDDY.NS
2025-10-09,1238.2474365234375,1246.0999755859375,1264.9000244140625,1240.300048828125,1245.0,2699135,Dr Reddy's,DRREDDY.NS
2025-10-10,1256.43212890625,1264.4000244140625,1267.699951171875,1244.699951171875,1249.5999755859375,1680920,Dr Reddy's,DRREDDY.NS
2025-10-13,1254.4447021484375,1262.4000244140625,1265.0999755859375,1248.300048828125,1257.0,1188201,Dr Reddy's,DRREDDY.NS
2025-10-14,1229.5029296875,1237.300048828125,1262.4000244140625,1232.300048828125,1262.4000244140625,1944911,Dr Reddy's,DRREDDY.NS
2025-10-15,1224.6337890625,1232.4000244140625,1242.300048828125,1231.0,1233.0,2150067,Dr Reddy's,DRREDDY.NS
2025-10-16,1232.384521484375,1240.199951171875,1242.5999755859375,1230.300048828125,1235.9000244140625,1308931,Dr Reddy's,DRREDDY.NS
2025-10-17,1247.9857177734375,1255.9000244140625,1262.0,1238.0999755859375,1245.0,1473018,Dr Reddy's,DRREDDY.NS
2025-10-20,1273.9212646484375,1282.0,1287.699951171875,1259.800048828125,1264.800048828125,1368192,Dr Reddy's,DRREDDY.NS
2025-10-21,1280.5789794921875,1288.699951171875,1294.0,1283.0999755859375,1288.0,226788,Dr Reddy's,DRREDDY.NS
2025-10-23,1271.337646484375,1279.4000244140625,1303.5999755859375,1271.5999755859375,1303.5999755859375,1991213,Dr Reddy's,DRREDDY.NS
2025-10-24,1275.5111083984375,1283.5999755859375,1288.0,1265.5,1280.0,1167634,Dr Reddy's,DRREDDY.NS
2025-10-27,1276.206787109375,1284.300048828125,1293.4000244140625,1264.5999755859375,1283.0,1927956,Dr Reddy's,DRREDDY.NS
2025-10-28,1281.274658203125,1289.4000244140625,1294.9000244140625,1275.300048828125,1283.9000244140625,1828290,Dr Reddy's,DRREDDY.NS
2025-10-29,1243.0172119140625,1250.9000244140625,1301.5,1235.0,1299.0,2574921,Dr Reddy's,DRREDDY.NS
2025-10-30,1194.6240234375,1202.199951171875,1207.199951171875,1180.9000244140625,1196.0,8883497,Dr Reddy's,DRREDDY.NS
2025-10-31,1190.0531005859375,1197.5999755859375,1205.5,1191.0,1202.5,4250157,Dr Reddy's,DRREDDY.NS
2025-11-03,1188.463134765625,1196.0,1200.800048828125,1187.9000244140625,1196.9000244140625,1547000,Dr Reddy's,DRREDDY.NS
2025-11-04,1192.43798828125,1200.0,1204.300048828125,1193.300048828125,1198.0,1015516,Dr Reddy's,DRREDDY.NS
2025-11-06,1197.6051025390625,1205.199951171875,1213.9000244140625,1193.199951171875,1202.0,1560897,Dr Reddy's,DRREDDY.NS
2025-11-07,1197.803955078125,1205.4000244140625,1211.9000244140625,1198.0,1208.0,1076140,Dr Reddy's,DRREDDY.NS
2025-11-10,1191.1461181640625,1198.699951171875,1209.5,1195.0,1199.4000244140625,3483082,Dr Reddy's,DRREDDY.NS
2025-11-11,1203.865478515625,1211.5,1214.800048828125,1198.5999755859375,1203.5999755859375,1048552,Dr Reddy's,DRREDDY.NS
2025-11-12,1221.8514404296875,1229.5999755859375,1235.0,1215.0,1220.0999755859375,1222295,Dr Reddy's,DRREDDY.NS
2025-11-13,1227.1180419921875,1234.9000244140625,1242.4000244140625,1227.300048828125,1235.800048828125,1426984,Dr Reddy's,DRREDDY.NS
2025-11-14,1238.1480712890625,1246.0,1249.0,1231.800048828125,1235.199951171875,827643,Dr Reddy's,DRREDDY.NS
2025-11-17,1236.5582275390625,1244.4000244140625,1253.0,1240.5,1253.0,1423044,Dr Reddy's,DRREDDY.NS
2025-11-18,1235.9620361328125,1243.800048828125,1247.0,1232.699951171875,1244.5,971685,Dr Reddy's,DRREDDY.NS
2025-11-19,1242.321533203125,1250.199951171875,1252.699951171875,1237.0,1248.699951171875,830105,Dr Reddy's,DRREDDY.NS
2025-11-20,1240.731689453125,1248.5999755859375,1255.0,1237.699951171875,1255.0,854999,Dr Reddy's,DRREDDY.NS
2025-11-21,1236.061279296875,1243.9000244140625,1250.699951171875,1237.0999755859375,1244.800048828125,941902,Dr Reddy's,DRREDDY.NS
2025-11-24,1218.4727783203125,1226.199951171875,1262.4000244140625,1219.0,1248.0,7611988,Dr Reddy's,DRREDDY.NS
2025-11-25,1228.3104248046875,1236.0999755859375,1251.199951171875,1230.300048828125,1236.300048828125,1983817,Dr Reddy's,DRREDDY.NS
2025-11-26,1240.135498046875,1248.0,1251.0,1234.5999755859375,1236.0999755859375,809816,Dr Reddy's,DRREDDY.NS
2025-11-27,1241.4273681640625,1249.300048828125,1256.0,1241.0,1248.0,1060956,Dr Reddy's,DRREDDY.NS
2025-11-28,1250.867431640625,1258.800048828125,1260.300048828125,1245.0,1250.0,809748,Dr Reddy's,DRREDDY.NS
2025-12-01,1252.1591796875,1260.0999755859375,1268.800048828125,1248.4000244140625,1263.9000244140625,1457856,Dr Reddy's,DRREDDY.NS
2025-12-02,1267.1640625,1275.199951171875,1278.300048828125,1260.5,1260.5,2361183,Dr Reddy's,DRREDDY.NS
2025-12-03,1272.62939453125,1280.699951171875,1293.0,1269.199951171875,1283.5999755859375,4969448,Dr Reddy's,DRREDDY.NS
2025-12-04,1269.5489501953125,1277.5999755859375,1284.199951171875,1266.5,1280.5999755859375,1971130,Dr Reddy's,DRREDDY.NS
2025-12-05,1267.1640625,1275.199951171875,1282.800048828125,1271.5999755859375,1277.5999755859375,1036082,Dr Reddy's,DRREDDY.NS
2025-12-08,1258.5189208984375,1266.5,1279.0,1263.699951171875,1275.0,1435892,Dr Reddy's,DRREDDY.NS
2025-12-09,1238.3468017578125,1246.199951171875,1267.4000244140625,1241.300048828125,1266.5,2118272,Dr Reddy's,DRREDDY.NS
2025-12-10,1242.9178466796875,1250.800048828125,1262.0999755859375,1246.800048828125,1249.300048828125,1669910,Dr Reddy's,DRREDDY.NS
2025-12-11,1265.4747314453125,1273.5,1275.9000244140625,1248.0,1250.800048828125,1717539,Dr Reddy's,DRREDDY.NS
2025-12-12,1271.23828125,1279.300048828125,1280.4000244140625,1267.300048828125,1275.0,981548,Dr Reddy's,DRREDDY.NS
2025-12-15,1272.530029296875,1280.5999755859375,1282.800048828125,1264.0999755859375,1274.9000244140625,1078613,Dr Reddy's,DRREDDY.NS
2025-12-16,1268.8533935546875,1276.9000244140625,1285.9000244140625,1272.0,1285.9000244140625,928506,Dr Reddy's,DRREDDY.NS
2025-12-17,1263.9842529296875,1272.0,1281.0,1267.300048828125,1270.0,894068,Dr Reddy's,DRREDDY.NS
2025-12-18,1271.933837890625,1280.0,1283.9000244140625,1262.0,1277.0,889699,Dr Reddy's,DRREDDY.NS
2025-12-19,1270.1451416015625,1278.199951171875,1292.9000244140625,1268.9000244140625,1277.0,1209487,Dr Reddy's,DRREDDY.NS
2025-12-22,1275.3123779296875,1283.4000244140625,1286.300048828125,1276.699951171875,1278.199951171875,614138,Dr Reddy's,DRREDDY.NS
2025-12-23,1275.4117431640625,1283.5,1288.5999755859375,1277.800048828125,1288.5999755859375,408490,Dr Reddy's,DRREDDY.NS
2025-12-24,1257.8233642578125,1265.800048828125,1285.0999755859375,1252.4000244140625,1281.0999755859375,1265233,Dr Reddy's,DRREDDY.NS
2025-12-26,1261.30126953125,1269.300048828125,1275.0,1261.0999755859375,1265.0,594744,Dr Reddy's,DRREDDY.NS
2025-12-29,1260.6055908203125,1268.5999755859375,1275.9000244140625,1260.0,1269.300048828125,811488,Dr Reddy's,DRREDDY.NS
2025-12-30,1257.8233642578125,1265.800048828125,1272.9000244140625,1256.4000244140625,1268.0,1123996,Dr Reddy's,DRREDDY.NS
2025-12-31,1263.3880615234375,1271.4000244140625,1273.9000244140625,1260.0,1270.0,658106,Dr Reddy's,DRREDDY.NS
2026-01-01,1245.50146484375,1253.4000244140625,1270.0,1248.0,1270.0,553856,Dr Reddy's,DRREDDY.NS
2026-01-02,1248.1844482421875,1256.0999755859375,1257.5999755859375,1236.0,1249.0,1591218,Dr Reddy's,DRREDDY.NS
2026-01-05,1242.1229248046875,1250.0,1262.300048828125,1245.0,1256.0,1184386,Dr Reddy's,DRREDDY.NS
2026-01-06,1248.2838134765625,1256.199951171875,1258.800048828125,1245.5,1250.0,540944,Dr Reddy's,DRREDDY.NS
2026-01-07,1234.96826171875,1242.800048828125,1265.0,1240.0,1252.5999755859375,1215477,Dr Reddy's,DRREDDY.NS
2026-01-08,1199.2945556640625,1206.9000244140625,1241.5999755859375,1202.199951171875,1241.5999755859375,2000942,Dr Reddy's,DRREDDY.NS
2026-01-09,1202.4742431640625,1210.0999755859375,1216.4000244140625,1203.5999755859375,1207.0,1390935,Dr Reddy's,DRREDDY.NS
2026-01-12,1207.84033203125,1215.5,1218.699951171875,1199.9000244140625,1210.0,707317,Dr Reddy's,DRREDDY.NS
2026-01-13,1183.7928466796875,1191.300048828125,1215.9000244140625,1185.5,1215.5999755859375,2071117,Dr Reddy's,DRREDDY.NS
2026-01-14,1179.0230712890625,1186.5,1195.0,1176.0999755859375,1191.0999755859375,2834908,Dr Reddy's,DRREDDY.NS
2026-01-15,1179.0230712890625,1186.5,1186.5,1186.5,1186.5,0,Dr Reddy's,DRREDDY.NS
2026-01-16,1168.0924072265625,1175.5,1197.0,1171.5,1184.0,2214792,Dr Reddy's,DRREDDY.NS
2026-01-19,1159.8446044921875,1167.199951171875,1177.5,1164.699951171875,1170.0,1253443,Dr Reddy's,DRREDDY.NS
2026-01-20,1159.3477783203125,1166.699951171875,1192.800048828125,1161.4000244140625,1168.4000244140625,2790934,Dr Reddy's,DRREDDY.NS
2026-01-21,1149.9075927734375,1157.199951171875,1193.800048828125,1148.4000244140625,1170.0,2322066,Dr Reddy's,DRREDDY.NS
2026-01-22,1209.82763671875,1217.5,1225.0,1187.699951171875,1195.0,6464461,Dr Reddy's,DRREDDY.NS
2026-01-23,1227.8135986328125,1235.5999755859375,1250.800048828125,1225.0,1230.0,3888860,Dr Reddy's,DRREDDY.NS
2026-01-27,1231.9871826171875,1239.800048828125,1252.300048828125,1233.5,1251.0,2159137,Dr Reddy's,DRREDDY.NS
2026-01-28,1214.796142578125,1222.5,1243.199951171875,1219.0,1241.9000244140625,1740662,Dr Reddy's,DRREDDY.NS
2026-01-29,1201.2818603515625,1208.9000244140625,1218.0,1191.199951171875,1215.300048828125,1626394,Dr Reddy's,DRREDDY.NS
2026-01-30,1210.423828125,1218.0999755859375,1224.800048828125,1200.0,1200.0,1672460,Dr Reddy's,DRREDDY.NS
2026-02-02,1175.0482177734375,1182.5,1195.0,1167.0999755859375,1189.5,1207638,Dr Reddy's,DRREDDY.NS
2026-02-03,1227.6148681640625,1235.4000244140625,1265.9000244140625,1218.0999755859375,1265.0,1521425,Dr Reddy's,DRREDDY.NS
2026-02-04,1232.384521484375,1240.199951171875,1248.300048828125,1230.0999755859375,1235.5,947684,Dr Reddy's,DRREDDY.NS
2026-02-05,1237.0550537109375,1244.9000244140625,1253.5999755859375,1237.0,1242.0,953241,Dr Reddy's,DRREDDY.NS
2026-02-06,1233.3782958984375,1241.199951171875,1248.9000244140625,1225.0,1244.9000244140625,1324651,Dr Reddy's,DRREDDY.NS
2026-02-09,1267.462158203125,1275.5,1278.800048828125,1243.5,1260.0,2111316,Dr Reddy's,DRREDDY.NS
2026-02-10,1248.0850830078125,1256.0,1283.5,1253.0,1279.0,1412804,Dr Reddy's,DRREDDY.NS
2026-02-11,1262.2950439453125,1270.300048828125,1273.5,1253.199951171875,1263.9000244140625,855888,Dr Reddy's,DRREDDY.NS
2026-02-12,1266.865966796875,1274.9000244140625,1277.5999755859375,1261.5,1268.9000244140625,981247,Dr Reddy's,DRREDDY.NS
2026-02-13,1260.1087646484375,1268.0999755859375,1279.300048828125,1263.5999755859375,1274.0,838946,Dr Reddy's,DRREDDY.NS
2026-02-16,1261.400634765625,1269.4000244140625,1275.199951171875,1257.0999755859375,1257.0999755859375,469592,Dr Reddy's,DRREDDY.NS
2026-02-17,1276.70361328125,1284.800048828125,1286.800048828125,1258.199951171875,1266.0,687326,Dr Reddy's,DRREDDY.NS
2026-02-18,1272.23193359375,1280.300048828125,1291.5,1276.5999755859375,1289.0,689997,Dr Reddy's,DRREDDY.NS
2026-02-19,1274.2193603515625,1282.300048828125,1295.699951171875,1276.5,1290.0,1333838,Dr Reddy's,DRREDDY.NS
2026-02-20,1272.331298828125,1280.4000244140625,1292.4000244140625,1275.0,1281.9000244140625,1753200,Dr Reddy's,DRREDDY.NS
2026-02-23,1299.1611328125,1307.4000244140625,1313.5,1282.0999755859375,1290.0,1849756,Dr Reddy's,DRREDDY.NS
2026-02-24,1292.0064697265625,1300.199951171875,1315.0,1297.0999755859375,1307.5,1803242,Dr Reddy's,DRREDDY.NS
2026-02-25,1298.266845703125,1306.5,1324.0,1266.9000244140625,1281.0,2296240,Dr Reddy's,DRREDDY.NS
2026-02-26,1310.9862060546875,1319.300048828125,1327.0,1305.0,1311.199951171875,1511598,Dr Reddy's,DRREDDY.NS
2026-02-27,1278.1942138671875,1286.300048828125,1317.199951171875,1278.199951171875,1313.800048828125,3510396,Dr Reddy's,DRREDDY.NS
2026-03-02,1286.2430419921875,1294.4000244140625,1300.0,1221.199951171875,1252.5999755859375,1052234,Dr Reddy's,DRREDDY.NS
2026-03-04,1283.063232421875,1291.199951171875,1299.199951171875,1272.0999755859375,1274.4000244140625,1890939,Dr Reddy's,DRREDDY.NS
2026-03-05,1305.22265625,1313.5,1322.0999755859375,1292.5,1292.5,1060509,Dr Reddy's,DRREDDY.NS
2026-03-06,1295.5838623046875,1303.800048828125,1316.4000244140625,1290.800048828125,1313.5,963701,Dr Reddy's,DRREDDY.NS
2026-03-09,1278.8897705078125,1287.0,1294.9000244140625,1273.5999755859375,1285.5,1597730,Dr Reddy's,DRREDDY.NS
2026-03-10,1306.3157958984375,1314.5999755859375,1329.5999755859375,1288.0,1288.0,2329349,Dr Reddy's,DRREDDY.NS
2026-03-11,1317.1470947265625,1325.5,1336.0,1311.0999755859375,1311.0999755859375,2454389,Dr Reddy's,DRREDDY.NS
2026-03-12,1310.6881103515625,1319.0,1337.300048828125,1303.5999755859375,1321.0,1969692,Dr Reddy's,DRREDDY.NS
2026-03-13,1284.1563720703125,1292.300048828125,1319.9000244140625,1280.9000244140625,1310.0,1574522,Dr Reddy's,DRREDDY.NS
2026-03-16,1268.8533935546875,1276.9000244140625,1297.0,1264.0,1292.0999755859375,1294975,Dr Reddy's,DRREDDY.NS
2026-03-17,1275.7099609375,1283.800048828125,1291.4000244140625,1265.0,1279.9000244140625,1003677,Dr Reddy's,DRREDDY.NS
2026-03-18,1286.640625,1294.800048828125,1299.300048828125,1280.0999755859375,1283.800048828125,849938,Dr Reddy's,DRREDDY.NS
2026-03-19,1266.468505859375,1274.5,1286.4000244140625,1266.699951171875,1278.699951171875,1035491,Dr Reddy's,DRREDDY.NS
2026-03-20,1290.7147216796875,1298.9000244140625,1307.5,1288.199951171875,1289.0,3359706,Dr Reddy's,DRREDDY.NS
2026-03-23,1245.402099609375,1253.300048828125,1293.0,1244.199951171875,1293.0,2112613,Dr Reddy's,DRREDDY.NS
2026-03-24,1251.662353515625,1259.5999755859375,1279.800048828125,1248.4000244140625,1267.199951171875,3166135,Dr Reddy's,DRREDDY.NS
2026-03-25,1292.5032958984375,1300.699951171875,1309.0,1260.0999755859375,1268.9000244140625,1577150,Dr Reddy's,DRREDDY.NS
2026-03-27,1273.623046875,1281.699951171875,1302.9000244140625,1278.199951171875,1297.0,2165113,Dr Reddy's,DRREDDY.NS
2026-03-30,1246.9920654296875,1254.9000244140625,1276.199951171875,1251.0999755859375,1265.0,1991442,Dr Reddy's,DRREDDY.NS
2026-04-01,1201.9774169921875,1209.5999755859375,1284.800048828125,1206.0999755859375,1280.0,2240507,Dr Reddy's,DRREDDY.NS
2026-04-02,1209.6290283203125,1217.300048828125,1222.5999755859375,1167.5,1187.5,3560727,Dr Reddy's,DRREDDY.NS
2026-04-06,1210.1258544921875,1217.800048828125,1223.199951171875,1196.300048828125,1220.0999755859375,1099471,Dr Reddy's,DRREDDY.NS
2026-04-07,1188.5625,1196.0999755859375,1211.0,1179.0,1208.0,2330512,Dr Reddy's,DRREDDY.NS
2026-04-08,1183.8922119140625,1191.4000244140625,1219.9000244140625,1185.4000244140625,1210.0,2063229,Dr Reddy's,DRREDDY.NS
2026-04-09,1204.262939453125,1211.9000244140625,1214.699951171875,1189.0,1189.0,2746602,Dr Reddy's,DRREDDY.NS
2026-04-10,1224.4349365234375,1232.199951171875,1236.800048828125,1208.800048828125,1212.800048828125,1931448,Dr Reddy's,DRREDDY.NS
2026-04-13,1228.1116943359375,1235.9000244140625,1239.0999755859375,1204.0,1218.0,1463269,Dr Reddy's,DRREDDY.NS
2026-04-15,1210.1258544921875,1217.800048828125,1222.0,1195.4000244140625,1220.0,4693413,Dr Reddy's,DRREDDY.NS
2026-04-16,1213.703125,1221.4000244140625,1227.5999755859375,1214.0999755859375,1222.0,2014236,Dr Reddy's,DRREDDY.NS
2026-04-17,1227.9129638671875,1235.699951171875,1242.0,1212.4000244140625,1215.199951171875,2564061,Dr Reddy's,DRREDDY.NS
2026-04-20,1224.83251953125,1232.5999755859375,1243.0,1223.0,1235.0,1605279,Dr Reddy's,DRREDDY.NS
2026-04-21,1212.9080810546875,1220.5999755859375,1234.9000244140625,1218.4000244140625,1232.5999755859375,1230733,Dr Reddy's,DRREDDY.NS
2026-04-22,1209.330810546875,1217.0,1226.0,1208.0999755859375,1214.0999755859375,1573272,Dr Reddy's,DRREDDY.NS
2026-04-23,1322.6124267578125,1331.0,1357.0,1217.5,1230.0,16407707,Dr Reddy's,DRREDDY.NS
2026-04-24,1308.800048828125,1317.0999755859375,1348.800048828125,1293.0,1293.0,5638719,Dr Reddy's,DRREDDY.NS
2026-04-27,1326.09033203125,1334.5,1350.0,1309.0,1320.4000244140625,1940454,Dr Reddy's,DRREDDY.NS
2026-04-28,1346.063720703125,1354.5999755859375,1367.9000244140625,1327.4000244140625,1342.4000244140625,2336352,Dr Reddy's,DRREDDY.NS
2026-04-29,1321.4200439453125,1329.800048828125,1375.9000244140625,1321.5,1367.0,4545837,Dr Reddy's,DRREDDY.NS
2026-04-30,1314.5634765625,1322.9000244140625,1340.300048828125,1313.5999755859375,1327.0,1227007,Dr Reddy's,DRREDDY.NS
2026-05-01,1314.5634765625,1322.9000244140625,1322.9000244140625,1322.9000244140625,1322.9000244140625,0,Dr Reddy's,DRREDDY.NS
2026-05-04,1279.08837890625,1287.199951171875,1320.0,1280.5999755859375,1320.0,2285506,Dr Reddy's,DRREDDY.NS
2026-05-05,1263.189208984375,1271.199951171875,1292.4000244140625,1268.5,1287.5999755859375,986348,Dr Reddy's,DRREDDY.NS
2026-05-06,1302.738525390625,1311.0,1328.5999755859375,1277.0999755859375,1282.0,3340410,Dr Reddy's,DRREDDY.NS
2026-05-07,1299.35986328125,1307.5999755859375,1315.699951171875,1297.300048828125,1309.0999755859375,2530096,Dr Reddy's,DRREDDY.NS
2026-05-08,1285.7462158203125,1293.9000244140625,1310.199951171875,1290.0,1303.5,964903,Dr Reddy's,DRREDDY.NS
2026-05-11,1271.83447265625,1279.9000244140625,1299.9000244140625,1272.5,1288.0,1506740,Dr Reddy's,DRREDDY.NS
2026-05-12,1261.996826171875,1270.0,1288.300048828125,1264.5,1278.9000244140625,1946195,Dr Reddy's,DRREDDY.NS
2026-05-13,1257.3265380859375,1265.300048828125,1303.800048828125,1230.0,1245.5999755859375,9276074,Dr Reddy's,DRREDDY.NS
2026-05-14,1295.3851318359375,1303.5999755859375,1307.699951171875,1255.0,1265.300048828125,2362951,Dr Reddy's,DRREDDY.NS
2026-05-15,1328.2764892578125,1336.699951171875,1344.9000244140625,1303.5999755859375,1303.5999755859375,3982549,Dr Reddy's,DRREDDY.NS
2026-05-18,1322.8111572265625,1331.199951171875,1341.9000244140625,1322.0,1336.5,1926791,Dr Reddy's,DRREDDY.NS
2026-05-19,1326.785888671875,1335.199951171875,1345.0,1318.9000244140625,1332.0,2488019,Dr Reddy's,DRREDDY.NS
2026-05-20,1313.56982421875,1321.9000244140625,1336.0,1319.5999755859375,1323.5999755859375,1277182,Dr Reddy's,DRREDDY.NS
2026-05-21,1310.191162109375,1318.5,1331.5999755859375,1314.199951171875,1325.0,2183121,Dr Reddy's,DRREDDY.NS
2026-05-22,1298.96240234375,1307.199951171875,1329.5999755859375,1305.0999755859375,1319.0,2002451,Dr Reddy's,DRREDDY.NS
2026-05-25,1323.0098876953125,1331.4000244140625,1340.5,1298.699951171875,1320.0,4659781,Dr Reddy's,DRREDDY.NS
2026-05-26,1319.531982421875,1327.9000244140625,1341.0,1321.5999755859375,1333.0,1909354,Dr Reddy's,DRREDDY.NS
2026-05-27,1310.6881103515625,1319.0,1346.800048828125,1316.699951171875,1329.5999755859375,959327,Dr Reddy's,DRREDDY.NS
2026-05-28,1310.6881103515625,1319.0,1319.0,1319.0,1319.0,0,Dr Reddy's,DRREDDY.NS
2026-05-29,1295.2857666015625,1303.5,1328.5999755859375,1297.5,1318.800048828125,5424483,Dr Reddy's,DRREDDY.NS
2026-06-01,1282.268310546875,1290.4000244140625,1319.5999755859375,1284.800048828125,1310.0999755859375,1379034,Dr Reddy's,DRREDDY.NS
2026-06-02,1265.9716796875,1274.0,1284.699951171875,1264.0999755859375,1280.199951171875,2021793,Dr Reddy's,DRREDDY.NS
2026-06-03,1255.339111328125,1263.300048828125,1275.199951171875,1256.9000244140625,1269.5,1226407,Dr Reddy's,DRREDDY.NS
2026-06-04,1259.5125732421875,1267.5,1274.9000244140625,1248.4000244140625,1257.300048828125,944045,Dr Reddy's,DRREDDY.NS
2026-06-05,1270.1451416015625,1278.199951171875,1289.4000244140625,1268.5,1273.0,774687,Dr Reddy's,DRREDDY.NS
2026-06-08,1267.5615234375,1275.5999755859375,1293.699951171875,1270.0,1270.0,862999,Dr Reddy's,DRREDDY.NS
2026-06-09,1260.50634765625,1268.5,1287.5999755859375,1261.4000244140625,1277.0,871896,Dr Reddy's,DRREDDY.NS
2026-06-10,1263.68603515625,1271.699951171875,1283.699951171875,1266.699951171875,1268.5999755859375,1172155,Dr Reddy's,DRREDDY.NS
2026-06-11,1267.958984375,1276.0,1285.699951171875,1266.4000244140625,1271.0999755859375,1057772,Dr Reddy's,DRREDDY.NS
2026-06-12,1267.36279296875,1275.4000244140625,1291.0,1266.0,1291.0,1645027,Dr Reddy's,DRREDDY.NS
2026-06-15,1271.43701171875,1279.5,1296.199951171875,1275.300048828125,1296.199951171875,1178640,Dr Reddy's,DRREDDY.NS
2026-06-16,1268.8533935546875,1276.9000244140625,1286.0,1269.0999755859375,1279.0,430918,Dr Reddy's,DRREDDY.NS
2026-06-17,1261.003173828125,1269.0,1277.4000244140625,1260.9000244140625,1276.0,683616,Dr Reddy's,DRREDDY.NS
2026-06-18,1259.5125732421875,1267.5,1279.9000244140625,1261.699951171875,1269.0,774093,Dr Reddy's,DRREDDY.NS
2026-06-19,1264.0836181640625,1272.0999755859375,1275.0,1261.0,1267.0,1312877,Dr Reddy's,DRREDDY.NS
2026-06-22,1282.56640625,1290.699951171875,1306.0,1271.199951171875,1278.0999755859375,1618251,Dr Reddy's,DRREDDY.NS
2026-06-23,1293.099609375,1301.300048828125,1329.5,1294.9000244140625,1297.199951171875,2878800,Dr Reddy's,DRREDDY.NS
2026-06-24,1320.02880859375,1328.4000244140625,1343.0,1306.199951171875,1310.0,3346371,Dr Reddy's,DRREDDY.NS
2026-06-25,1341.989501953125,1350.5,1363.0,1331.9000244140625,1331.9000244140625,1699744,Dr Reddy's,DRREDDY.NS
2026-06-26,1341.989501953125,1350.5,1350.5,1350.5,1350.5,0,Dr Reddy's,DRREDDY.NS
2026-06-29,1367.03076171875,1375.699951171875,1414.9000244140625,1355.800048828125,1388.4000244140625,8857211,Dr Reddy's,DRREDDY.NS
2026-06-30,1348.5479736328125,1357.0999755859375,1375.0,1347.0999755859375,1375.0,2446438,Dr Reddy's,DRREDDY.NS
2026-07-01,1331.4564208984375,1339.9000244140625,1362.699951171875,1330.0,1351.0,1423120,Dr Reddy's,DRREDDY.NS
2026-07-02,1337.2197265625,1345.699951171875,1360.800048828125,1329.0,1339.9000244140625,808598,Dr Reddy's,DRREDDY.NS
2026-07-03,1365.4407958984375,1374.0999755859375,1390.4000244140625,1350.300048828125,1356.0,1296170,Dr Reddy's,DRREDDY.NS
2026-07-06,1359.2799072265625,1367.9000244140625,1380.699951171875,1357.4000244140625,1375.9000244140625,810266,Dr Reddy's,DRREDDY.NS
2026-07-07,1346.063720703125,1354.5999755859375,1380.199951171875,1351.5,1362.0,1043736,Dr Reddy's,DRREDDY.NS
2026-07-08,1340.4990234375,1349.0,1383.0,1338.5999755859375,1357.0,1561612,Dr Reddy's,DRREDDY.NS
2026-07-09,1261.5,1269.5,1349.0,1261.0999755859375,1340.0,8410883,Dr Reddy's,DRREDDY.NS
2026-07-10,1244.300048828125,1244.300048828125,1251.800048828125,1222.0,1244.9000244140625,8106606,Dr Reddy's,DRREDDY.NS
2026-07-13,1234.5,1234.5,1249.0999755859375,1226.300048828125,1244.300048828125,2437935,Dr Reddy's,DRREDDY.NS
2026-07-14,1246.199951171875,1246.199951171875,1248.0,1231.199951171875,1234.5,1984818,Dr Reddy's,DRREDDY.NS
2026-07-15,1229.5,1229.5,1249.0999755859375,1226.4000244140625,1249.0999755859375,1685660,Dr Reddy's,DRREDDY.NS
2026-07-16,1224.4000244140625,1224.4000244140625,1235.0,1221.800048828125,1227.5,1935887,Dr Reddy's,DRREDDY.NS
2026-07-17,1211.199951171875,1211.199951171875,1229.9000244140625,1201.199951171875,1227.5,2075149,Dr Reddy's,DRREDDY.NS
2026-07-20,1223.0999755859375,1223.0999755859375,1231.300048828125,1209.5999755859375,1213.300048828125,2212191,Dr Reddy's,DRREDDY.NS
2026-07-21,1206.0,1206.0,1230.0,1203.0,1224.699951171875,2182513,Dr Reddy's,DRREDDY.NS
2026-07-22,1182.800048828125,1182.800048828125,1202.300048828125,1169.0,1191.0,2528082,Dr Reddy's,DRREDDY.NS
2026-07-23,1166.300048828125,1166.300048828125,1171.5999755859375,1101.0,1101.0,6693935,Dr Reddy's,DRREDDY.NS
2026-07-24,1151.699951171875,1151.699951171875,1166.300048828125,1131.4000244140625,1147.0,4750512,Dr Reddy's,DRREDDY.NS
2026-07-27,1150.800048828125,1150.800048828125,1159.300048828125,1147.199951171875,1154.699951171875,1053461,Dr Reddy's,DRREDDY.NS
2026-07-28,1135.5999755859375,1135.5999755859375,1149.0,1130.199951171875,1145.0,2157306,Dr Reddy's,DRREDDY.NS
2026-07-29,1142.300048828125,1142.300048828125,1147.800048828125,1131.0999755859375,1144.0,1280586,Dr Reddy's,DRREDDY.NS
2026-07-30,1144.800048828125,1144.800048828125,1151.0,1139.0,1143.0,1350714,Dr Reddy's,DRREDDY.NS
2026-07-31,1148.0999755859375,1148.0999755859375,1154.300048828125,1141.699951171875,1152.0,1085841,Dr Reddy's,DRREDDY.NS
2026-08-03,1180.0,1180.0,1182.0,1160.300048828125,1166.199951171875,2150927,Dr Reddy's,DRREDDY.NS
2026-08-04,1172.5999755859375,1172.5999755859375,1174.0,1154.4000244140625,1174.0,2165315,Dr Reddy's,DRREDDY.NS
2026-08-05,1176.0,1176.0,1178.4000244140625,1157.699951171875,1171.800048828125,1883679,Dr Reddy's,DRREDDY.NS
2026-08-06,1171.0,1171.0,1174.4000244140625,1163.0,1174.0,1329196,Dr Reddy's,DRREDDY.NS
2026-08-07,1172.0,1172.0,1172.0,1162.0999755859375,1166.0,1072438,Dr Reddy's,DRREDDY.NS
2026-08-10,1158.800048828125,1158.800048828125,1178.800048828125,1156.0,1172.0,1770609,Dr Reddy's,DRREDDY.NS
2026-08-11,1205.0,1205.0,1206.5999755859375,1155.0999755859375,1159.0999755859375,3936813,Dr Reddy's,DRREDDY.NS
2026-08-12,1200.0,1200.0,1206.800048828125,1190.0,1206.800048828125,2366909,Dr Reddy's,DRREDDY.NS
2026-08-13,1206.0,1206.0,1208.0999755859375,1182.0999755859375,1194.0,1799813,Dr Reddy's,DRREDDY.NS
2026-08-14,1200.0,1200.0,1205.9000244140625,1192.4000244140625,1205.9000244140625,2136998,Dr Reddy's,DRREDDY.NS
2026-08-17,1192.0,1192.0,1204.4000244140625,1178.199951171875,1204.4000244140625,2183094,Dr Reddy's,DRREDDY.NS
2026-08-18,1178.800048828125,1178.800048828125,1189.300048828125,1176.0999755859375,1185.0,805633,Dr Reddy's,DRREDDY.NS
2026-08-19,1170.0,1170.0,1187.199951171875,1168.0,1171.9000244140625,1150424,Dr Reddy's,DRREDDY.NS
2026-08-20,1180.0,1180.0,1183.800048828125,1171.199951171875,1171.199951171875,1031107,Dr Reddy's,DRREDDY.NS
2026-08-21,1174.699951171875,1174.699951171875,1185.0999755859375,1174.0,1179.0,1246756,Dr Reddy's,DRREDDY.NS
2026-08-24,1190.0,1190.0,1195.9000244140625,1168.5999755859375,1179.4000244140625,2248634,Dr Reddy's,DRREDDY.NS
2026-08-25,1193.5,1193.5,1193.5,1175.0,1189.0,1569853,Dr Reddy's,DRREDDY.NS
2026-08-26,1182.0,1182.0,1197.199951171875,1180.0999755859375,1189.9000244140625,1993156,Dr Reddy's,DRREDDY.NS
2026-08-27,1177.0,1177.0,1191.9000244140625,1169.4000244140625,1182.0,1044405,Dr Reddy's,DRREDDY.NS
2026-08-28,1178.0,1178.0,1186.5999755859375,1172.5,1175.0,682712,Dr Reddy's,DRREDDY.NS
2026-08-31,1154.4000244140625,1154.4000244140625,1178.0999755859375,1154.4000244140625,1178.0,2001757,Dr Reddy's,DRREDDY.NS
2026-09-01,1171.0,1171.0,1179.9000244140625,1166.5,1166.5,556259,Dr Reddy's,DRREDDY.NS
2026-09-02,1156.5,1156.5,1170.9000244140625,1156.5,1165.0,486542,Dr Reddy's,DRREDDY.NS
2026-09-03,1155.0,1155.0,1164.300048828125,1155.0,1162.0,337886,Dr Reddy's,DRREDDY.NS
