Date,Adj Close,Close,High,Low,Open,Volume,Company,Ticker
2021-09-03,954.9828491210938,1174.75,1180.5999755859375,1158.25,1173.5,4533364,HCLTech,HCLTECH.NS
2021-09-06,975.6307983398438,1200.1500244140625,1210.0999755859375,1174.0,1175.0,4331916,HCLTech,HCLTECH.NS
2021-09-07,961.0390014648438,1182.199951171875,1214.949951171875,1180.0999755859375,1214.0,3721585,HCLTech,HCLTECH.NS
2021-09-08,966.4042358398438,1188.800048828125,1191.1500244140625,1167.050048828125,1185.0,3118518,HCLTech,HCLTECH.NS
2021-09-09,974.3304443359375,1198.550048828125,1204.949951171875,1183.0,1192.0,3388292,HCLTech,HCLTECH.NS
2021-09-13,982.3375244140625,1208.4000244140625,1215.0,1176.449951171875,1192.0,3723138,HCLTech,HCLTECH.NS
2021-09-14,1006.9284057617188,1238.6500244140625,1240.5999755859375,1207.0,1216.0,5593286,HCLTech,HCLTECH.NS
2021-09-15,1035.0556640625,1273.25,1288.949951171875,1230.25,1238.6500244140625,6063895,HCLTech,HCLTECH.NS
2021-09-16,1026.804443359375,1263.0999755859375,1295.300048828125,1255.199951171875,1287.199951171875,3616292,HCLTech,HCLTECH.NS
2021-09-17,1026.9671630859375,1263.300048828125,1281.0,1258.5,1265.0,4817180,HCLTech,HCLTECH.NS
2021-09-20,1037.4130859375,1276.1500244140625,1298.800048828125,1250.0,1258.0,5453683,HCLTech,HCLTECH.NS
2021-09-21,1056.39501953125,1299.5,1315.0,1277.0,1289.0,4645597,HCLTech,HCLTECH.NS
2021-09-22,1069.4017333984375,1315.5,1328.6500244140625,1299.5999755859375,1300.0,5367303,HCLTech,HCLTECH.NS
2021-09-23,1079.8072509765625,1328.300048828125,1336.449951171875,1313.9000244140625,1326.8499755859375,3037295,HCLTech,HCLTECH.NS
2021-09-24,1104.11376953125,1358.199951171875,1377.75,1337.0,1340.0,7951730,HCLTech,HCLTECH.NS
2021-09-27,1052.899169921875,1295.199951171875,1367.949951171875,1290.050048828125,1366.0,7653504,HCLTech,HCLTECH.NS
2021-09-28,1031.6009521484375,1269.0,1304.949951171875,1254.0,1304.949951171875,8572321,HCLTech,HCLTECH.NS
2021-09-29,1041.5185546875,1281.199951171875,1301.449951171875,1258.800048828125,1270.0,4639821,HCLTech,HCLTECH.NS
2021-09-30,1040.17724609375,1279.550048828125,1291.449951171875,1268.8499755859375,1291.449951171875,3589722,HCLTech,HCLTECH.NS
2021-10-01,1035.462158203125,1273.75,1284.0,1260.6500244140625,1274.0,3372796,HCLTech,HCLTECH.NS
2021-10-04,1039.445556640625,1278.6500244140625,1293.5999755859375,1273.75,1281.5,2706626,HCLTech,HCLTECH.NS
2021-10-05,1060.988037109375,1305.1500244140625,1313.5999755859375,1262.199951171875,1270.0,3710314,HCLTech,HCLTECH.NS
2021-10-06,1036.8441162109375,1275.449951171875,1319.8499755859375,1271.800048828125,1312.0,2861608,HCLTech,HCLTECH.NS
2021-10-07,1061.923095703125,1306.300048828125,1317.8499755859375,1284.050048828125,1284.050048828125,2421641,HCLTech,HCLTECH.NS
2021-10-08,1074.8077392578125,1322.1500244140625,1338.0,1294.050048828125,1306.300048828125,5197831,HCLTech,HCLTECH.NS
2021-10-11,1059.1591796875,1302.9000244140625,1324.9000244140625,1235.6500244140625,1300.0,5264998,HCLTech,HCLTECH.NS
2021-10-12,1016.4397583007812,1250.3499755859375,1309.0,1236.300048828125,1306.949951171875,12811641,HCLTech,HCLTECH.NS
2021-10-13,1028.6336669921875,1265.3499755859375,1270.800048828125,1243.449951171875,1263.0,5705730,HCLTech,HCLTECH.NS
2021-10-14,1017.0901489257812,1251.1500244140625,1293.25,1244.050048828125,1289.4000244140625,10360519,HCLTech,HCLTECH.NS
2021-10-18,992.9058227539062,1221.4000244140625,1272.5,1215.0,1240.0,23861603,HCLTech,HCLTECH.NS
2021-10-19,1001.6038208007812,1232.0999755859375,1253.0,1225.0,1230.0,10189780,HCLTech,HCLTECH.NS
2021-10-20,1002.2543334960938,1232.9000244140625,1263.4000244140625,1220.4000244140625,1239.0,8222562,HCLTech,HCLTECH.NS
2021-10-21,992.25537109375,1210.699951171875,1238.9000244140625,1189.0,1238.9000244140625,5998795,HCLTech,HCLTECH.NS
2021-10-22,978.5684204101562,1194.0,1223.3499755859375,1186.0,1203.25,3812305,HCLTech,HCLTECH.NS
2021-10-25,955.128662109375,1165.4000244140625,1190.0,1157.1500244140625,1184.050048828125,6690819,HCLTech,HCLTECH.NS
2021-10-26,956.276123046875,1166.800048828125,1182.0,1153.25,1170.0,5126660,HCLTech,HCLTECH.NS
2021-10-27,964.7587280273438,1177.1500244140625,1181.3499755859375,1161.5,1170.0,3536653,HCLTech,HCLTECH.NS
2021-10-28,944.1465454101562,1152.0,1185.0,1146.800048828125,1183.300048828125,4096585,HCLTech,HCLTECH.NS
2021-10-29,937.385009765625,1143.75,1173.0,1138.0,1152.0,3558520,HCLTech,HCLTECH.NS
2021-11-01,974.6344604492188,1189.199951171875,1191.449951171875,1143.5,1143.5,4511112,HCLTech,HCLTECH.NS
2021-11-02,959.4315185546875,1170.6500244140625,1195.0999755859375,1168.8499755859375,1191.0,3016082,HCLTech,HCLTECH.NS
2021-11-03,964.103271484375,1176.3499755859375,1187.699951171875,1171.699951171875,1175.0,2063067,HCLTech,HCLTECH.NS
2021-11-04,969.6350708007812,1183.0999755859375,1187.1500244140625,1178.0,1185.0,256369,HCLTech,HCLTECH.NS
2021-11-08,969.4302368164062,1182.8499755859375,1192.800048828125,1168.550048828125,1187.449951171875,3808317,HCLTech,HCLTECH.NS
2021-11-09,961.19384765625,1172.800048828125,1191.0,1170.449951171875,1188.0,3565461,HCLTech,HCLTECH.NS
2021-11-10,958.2023315429688,1169.1500244140625,1175.0,1162.0999755859375,1164.0,2401325,HCLTech,HCLTECH.NS
2021-11-11,951.27685546875,1160.699951171875,1167.800048828125,1152.25,1166.0,2861259,HCLTech,HCLTECH.NS
2021-11-12,960.824951171875,1172.3499755859375,1178.1500244140625,1163.0,1168.9000244140625,3812518,HCLTech,HCLTECH.NS
2021-11-15,959.5951538085938,1170.8499755859375,1181.5999755859375,1163.5,1171.0,3619915,HCLTech,HCLTECH.NS
2021-11-16,953.4898681640625,1163.4000244140625,1175.5,1160.449951171875,1170.9000244140625,3141207,HCLTech,HCLTECH.NS
2021-11-17,944.5153198242188,1152.449951171875,1164.75,1150.0,1160.5,3172985,HCLTech,HCLTECH.NS
2021-11-18,918.0841064453125,1120.199951171875,1155.0,1113.5,1148.0,5384530,HCLTech,HCLTECH.NS
2021-11-22,909.806396484375,1110.0999755859375,1125.8499755859375,1102.0,1120.199951171875,3961223,HCLTech,HCLTECH.NS
2021-11-23,911.8554077148438,1112.5999755859375,1120.0,1090.0,1105.0,4545069,HCLTech,HCLTECH.NS
2021-11-24,917.4696044921875,1119.449951171875,1132.6500244140625,1112.949951171875,1120.0,2675632,HCLTech,HCLTECH.NS
2021-11-25,921.8541870117188,1124.800048828125,1131.0,1111.0,1116.5,3106454,HCLTech,HCLTECH.NS
2021-11-26,909.765625,1110.050048828125,1126.0,1103.300048828125,1120.0,2207274,HCLTech,HCLTECH.NS
2021-11-29,928.6978149414062,1133.1500244140625,1145.0,1100.0999755859375,1101.0999755859375,3661152,HCLTech,HCLTECH.NS
2021-11-30,933.2054443359375,1138.6500244140625,1157.9000244140625,1133.0,1133.0,7421904,HCLTech,HCLTECH.NS
2021-12-01,947.9984130859375,1156.699951171875,1163.0,1145.199951171875,1146.0,2918586,HCLTech,HCLTECH.NS
2021-12-02,970.9464721679688,1184.699951171875,1186.4000244140625,1153.0,1161.9000244140625,4011279,HCLTech,HCLTECH.NS
2021-12-03,960.0463256835938,1171.4000244140625,1189.699951171875,1169.6500244140625,1188.0,2571036,HCLTech,HCLTECH.NS
2021-12-06,931.4841918945312,1136.550048828125,1172.6500244140625,1134.8499755859375,1169.9000244140625,2493755,HCLTech,HCLTECH.NS
2021-12-07,942.2205200195312,1149.6500244140625,1155.0,1131.4000244140625,1150.0,2299958,HCLTech,HCLTECH.NS
2021-12-08,960.2099609375,1171.5999755859375,1181.5999755859375,1157.050048828125,1157.4000244140625,2525711,HCLTech,HCLTECH.NS
2021-12-09,957.71044921875,1168.550048828125,1179.800048828125,1155.0,1179.800048828125,1734844,HCLTech,HCLTECH.NS
2021-12-10,952.5060424804688,1162.199951171875,1167.0,1155.199951171875,1155.199951171875,957733,HCLTech,HCLTECH.NS
2021-12-13,949.9655151367188,1159.0999755859375,1173.449951171875,1153.25,1166.0,2225682,HCLTech,HCLTECH.NS
2021-12-14,952.6289672851562,1162.3499755859375,1165.9000244140625,1145.5,1156.0,1972685,HCLTech,HCLTECH.NS
2021-12-15,941.6058959960938,1148.9000244140625,1161.949951171875,1142.300048828125,1158.25,1604301,HCLTech,HCLTECH.NS
2021-12-16,950.498046875,1159.75,1167.9000244140625,1149.550048828125,1156.0,2121810,HCLTech,HCLTECH.NS
2021-12-17,960.0463256835938,1171.4000244140625,1182.9000244140625,1165.0,1172.0,6373455,HCLTech,HCLTECH.NS
2021-12-20,950.62109375,1159.9000244140625,1172.3499755859375,1145.5,1160.0,3091768,HCLTech,HCLTECH.NS
2021-12-21,987.5839233398438,1205.0,1214.949951171875,1165.050048828125,1168.9000244140625,6217986,HCLTech,HCLTECH.NS
2021-12-22,1002.1723022460938,1222.800048828125,1226.0,1210.0999755859375,1218.0,3809814,HCLTech,HCLTECH.NS
2021-12-23,1005.9830932617188,1227.449951171875,1230.699951171875,1215.5999755859375,1229.9000244140625,2814281,HCLTech,HCLTECH.NS
2021-12-24,1036.9222412109375,1265.199951171875,1283.800048828125,1246.1500244140625,1262.1500244140625,15952929,HCLTech,HCLTECH.NS
2021-12-27,1038.5614013671875,1267.199951171875,1277.0,1254.050048828125,1268.0,3372907,HCLTech,HCLTECH.NS
2021-12-28,1052.248046875,1283.9000244140625,1289.0,1270.0,1270.0,3446067,HCLTech,HCLTECH.NS
2021-12-29,1058.804443359375,1291.9000244140625,1299.0,1277.0999755859375,1283.0,2254162,HCLTech,HCLTECH.NS
2021-12-30,1079.4169921875,1317.050048828125,1326.449951171875,1282.699951171875,1291.9000244140625,4518139,HCLTech,HCLTECH.NS
2021-12-31,1081.096923828125,1319.0999755859375,1329.449951171875,1308.949951171875,1320.0,2231508,HCLTech,HCLTECH.NS
2022-01-03,1086.875,1326.1500244140625,1339.9000244140625,1314.0999755859375,1316.3499755859375,2661272,HCLTech,HCLTECH.NS
2022-01-04,1092.857666015625,1333.449951171875,1336.699951171875,1307.25,1329.5,3367100,HCLTech,HCLTECH.NS
2022-01-05,1074.253662109375,1310.75,1330.0,1302.0,1329.0,3510253,HCLTech,HCLTECH.NS
2022-01-06,1053.067626953125,1284.9000244140625,1297.800048828125,1277.0,1290.0,4409632,HCLTech,HCLTECH.NS
2022-01-07,1057.6982421875,1290.550048828125,1298.5,1282.199951171875,1297.550048828125,3898684,HCLTech,HCLTECH.NS
2022-01-10,1055.690185546875,1288.0999755859375,1304.8499755859375,1280.0,1304.8499755859375,2529949,HCLTech,HCLTECH.NS
2022-01-11,1101.2174072265625,1343.6500244140625,1348.0,1280.0,1288.6500244140625,6772189,HCLTech,HCLTECH.NS
2022-01-12,1108.1839599609375,1352.1500244140625,1357.0999755859375,1331.4000244140625,1354.0,3162044,HCLTech,HCLTECH.NS
2022-01-13,1093.5135498046875,1334.25,1359.4000244140625,1321.1500244140625,1340.0,4598005,HCLTech,HCLTECH.NS
2022-01-14,1095.93115234375,1337.199951171875,1342.949951171875,1293.0,1320.0,5636243,HCLTech,HCLTECH.NS
2022-01-17,1031.6358642578125,1258.75,1273.0,1243.4000244140625,1273.0,11973283,HCLTech,HCLTECH.NS
2022-01-18,999.6727294921875,1219.75,1269.949951171875,1217.0,1269.949951171875,7799487,HCLTech,HCLTECH.NS
2022-01-19,982.8303833007812,1199.199951171875,1220.5,1191.0,1220.0,8464215,HCLTech,HCLTECH.NS
2022-01-20,971.3839721679688,1175.3499755859375,1201.4000244140625,1170.0,1200.0,6172404,HCLTech,HCLTECH.NS
2022-01-21,965.2679443359375,1167.949951171875,1179.8499755859375,1155.0,1175.3499755859375,5514748,HCLTech,HCLTECH.NS
2022-01-24,929.6888427734375,1124.9000244140625,1164.5,1111.0,1162.5,5878438,HCLTech,HCLTECH.NS
2022-01-25,928.6971435546875,1123.699951171875,1139.6500244140625,1088.4000244140625,1115.0,4725254,HCLTech,HCLTECH.NS
2022-01-27,890.720947265625,1077.75,1115.949951171875,1070.199951171875,1115.0,8304735,HCLTech,HCLTECH.NS
2022-01-28,892.952392578125,1080.449951171875,1102.199951171875,1077.25,1079.0,7654724,HCLTech,HCLTECH.NS
2022-01-31,908.6138305664062,1099.4000244140625,1113.949951171875,1092.8499755859375,1100.6500244140625,7572995,HCLTech,HCLTECH.NS
2022-02-01,936.2178344726562,1132.800048828125,1136.5,1101.25,1116.699951171875,6783774,HCLTech,HCLTECH.NS
2022-02-02,967.7473754882812,1170.949951171875,1173.8499755859375,1133.300048828125,1142.9000244140625,6982539,HCLTech,HCLTECH.NS
2022-02-03,956.01171875,1156.75,1170.8499755859375,1151.0,1162.0,4169794,HCLTech,HCLTECH.NS
2022-02-04,961.83837890625,1163.800048828125,1167.0999755859375,1137.3499755859375,1160.0,3625482,HCLTech,HCLTECH.NS
2022-02-07,956.5074462890625,1157.3499755859375,1171.3499755859375,1146.0,1157.0,3824483,HCLTech,HCLTECH.NS
2022-02-08,960.30908203125,1161.949951171875,1169.8499755859375,1148.550048828125,1158.949951171875,3267641,HCLTech,HCLTECH.NS
2022-02-09,975.9707641601562,1180.9000244140625,1189.0,1166.0,1172.0,3772972,HCLTech,HCLTECH.NS
2022-02-10,983.78076171875,1190.3499755859375,1191.9000244140625,1174.0999755859375,1184.949951171875,2053245,HCLTech,HCLTECH.NS
2022-02-11,961.7554321289062,1163.699951171875,1179.0,1158.050048828125,1179.0,3912397,HCLTech,HCLTECH.NS
2022-02-14,947.4989013671875,1146.449951171875,1164.3499755859375,1133.5999755859375,1135.3499755859375,3243813,HCLTech,HCLTECH.NS
2022-02-15,965.763916015625,1168.550048828125,1174.0,1148.0999755859375,1153.5,3000492,HCLTech,HCLTECH.NS
2022-02-16,965.14404296875,1167.800048828125,1182.6500244140625,1160.0,1178.0,1885868,HCLTech,HCLTECH.NS
2022-02-17,961.2183837890625,1163.050048828125,1174.0,1160.0,1174.0,1644055,HCLTech,HCLTECH.NS
2022-02-18,962.8297729492188,1165.0,1170.0999755859375,1150.0999755859375,1152.8499755859375,2166690,HCLTech,HCLTECH.NS
2022-02-21,962.6231079101562,1164.75,1169.5,1150.199951171875,1153.0999755859375,1706058,HCLTech,HCLTECH.NS
2022-02-22,950.0610961914062,1149.550048828125,1154.1500244140625,1132.0,1132.0,3254855,HCLTech,HCLTECH.NS
2022-02-23,952.912353515625,1153.0,1159.0,1148.050048828125,1156.0,1937649,HCLTech,HCLTECH.NS
2022-02-24,907.9113159179688,1098.550048828125,1134.949951171875,1092.0,1106.0,5469084,HCLTech,HCLTECH.NS
2022-02-25,933.6556396484375,1129.699951171875,1141.0,1115.0,1115.5999755859375,3213276,HCLTech,HCLTECH.NS
2022-02-28,931.3828125,1126.949951171875,1133.300048828125,1107.0,1119.5999755859375,4571884,HCLTech,HCLTECH.NS
2022-03-02,921.9613647460938,1115.550048828125,1124.6500244140625,1109.0,1124.6500244140625,3867328,HCLTech,HCLTECH.NS
2022-03-03,941.9202880859375,1139.699951171875,1152.0,1120.5,1125.0,3969380,HCLTech,HCLTECH.NS
2022-03-04,940.8872680664062,1138.449951171875,1154.8499755859375,1122.6500244140625,1128.0,3522375,HCLTech,HCLTECH.NS
2022-03-07,953.9041137695312,1154.199951171875,1161.4000244140625,1110.5,1111.0,5249845,HCLTech,HCLTECH.NS
2022-03-08,971.3427124023438,1175.300048828125,1179.5999755859375,1155.0,1156.0,3805165,HCLTech,HCLTECH.NS
2022-03-09,977.458251953125,1182.699951171875,1195.0,1161.0999755859375,1180.0,3781326,HCLTech,HCLTECH.NS
2022-03-10,985.2684326171875,1192.1500244140625,1198.199951171875,1175.0,1198.199951171875,3834327,HCLTech,HCLTECH.NS
2022-03-11,986.3429565429688,1193.449951171875,1207.1500244140625,1176.300048828125,1180.0,2770879,HCLTech,HCLTECH.NS
2022-03-14,994.1116333007812,1202.8499755859375,1214.800048828125,1177.6500244140625,1193.449951171875,5740660,HCLTech,HCLTECH.NS
2022-03-15,972.623291015625,1176.8499755859375,1214.300048828125,1168.0999755859375,1207.0,3003066,HCLTech,HCLTECH.NS
2022-03-16,991.3428344726562,1199.5,1202.949951171875,1185.0,1190.1500244140625,1894018,HCLTech,HCLTECH.NS
2022-03-17,989.1944580078125,1196.9000244140625,1215.0,1190.800048828125,1215.0,6987787,HCLTech,HCLTECH.NS
2022-03-21,965.3507690429688,1168.050048828125,1209.9000244140625,1165.0999755859375,1199.9000244140625,4046440,HCLTech,HCLTECH.NS
2022-03-22,972.2514038085938,1176.4000244140625,1181.75,1162.300048828125,1170.0,4516870,HCLTech,HCLTECH.NS
2022-03-23,975.8053588867188,1180.699951171875,1190.8499755859375,1170.0,1190.0,2338886,HCLTech,HCLTECH.NS
2022-03-24,985.22705078125,1192.0999755859375,1194.0,1169.0,1169.0,2351703,HCLTech,HCLTECH.NS
2022-03-25,974.6895141601562,1179.3499755859375,1199.0,1175.4000244140625,1199.0,2489854,HCLTech,HCLTECH.NS
2022-03-28,961.9618530273438,1163.949951171875,1187.5999755859375,1158.199951171875,1184.9000244140625,3406258,HCLTech,HCLTECH.NS
2022-03-29,965.061279296875,1167.699951171875,1175.0,1163.6500244140625,1167.0,2443230,HCLTech,HCLTECH.NS
2022-03-30,962.9949951171875,1165.199951171875,1181.949951171875,1162.0999755859375,1177.3499755859375,3073672,HCLTech,HCLTECH.NS
2022-03-31,961.7968139648438,1163.75,1174.800048828125,1161.0,1174.800048828125,3006639,HCLTech,HCLTECH.NS
2022-04-01,966.6729125976562,1169.6500244140625,1174.0,1152.050048828125,1161.0,2479745,HCLTech,HCLTECH.NS
2022-04-04,981.0535888671875,1187.050048828125,1188.949951171875,1168.0,1173.199951171875,2282137,HCLTech,HCLTECH.NS
2022-04-05,987.9955444335938,1195.449951171875,1203.0,1184.0999755859375,1190.0,2634464,HCLTech,HCLTECH.NS
2022-04-06,967.3755493164062,1170.5,1194.9000244140625,1167.5,1190.0,2838968,HCLTech,HCLTECH.NS
2022-04-07,969.6896362304688,1173.300048828125,1180.75,1163.0,1165.5999755859375,3391918,HCLTech,HCLTECH.NS
2022-04-08,963.1190185546875,1165.3499755859375,1180.0,1162.550048828125,1179.0,2656091,HCLTech,HCLTECH.NS
2022-04-11,936.79638671875,1133.5,1164.0,1131.75,1164.0,5679058,HCLTech,HCLTECH.NS
2022-04-12,934.8540649414062,1131.1500244140625,1141.699951171875,1119.550048828125,1129.800048828125,2906617,HCLTech,HCLTECH.NS
2022-04-13,929.8540649414062,1125.0999755859375,1143.0999755859375,1123.0,1135.0,1971580,HCLTech,HCLTECH.NS
2022-04-18,910.55615234375,1101.75,1112.75,1084.5999755859375,1110.0,4391701,HCLTech,HCLTECH.NS
2022-04-19,884.5223999023438,1070.25,1115.949951171875,1058.75,1115.9000244140625,3422431,HCLTech,HCLTECH.NS
2022-04-20,900.3493041992188,1089.4000244140625,1094.800048828125,1064.699951171875,1075.0,2573318,HCLTech,HCLTECH.NS
2022-04-21,908.4486083984375,1099.199951171875,1105.050048828125,1081.0999755859375,1095.0,2547848,HCLTech,HCLTECH.NS
2022-04-22,910.80419921875,1102.050048828125,1134.949951171875,1081.0999755859375,1086.5999755859375,9567571,HCLTech,HCLTECH.NS
2022-04-25,900.7210693359375,1089.8499755859375,1098.0,1077.300048828125,1096.9000244140625,3565801,HCLTech,HCLTECH.NS
2022-04-26,904.3989868164062,1094.300048828125,1107.0,1085.050048828125,1104.0,3213714,HCLTech,HCLTECH.NS
2022-04-27,905.4733276367188,1095.5999755859375,1099.9000244140625,1074.5999755859375,1087.0,3288792,HCLTech,HCLTECH.NS
2022-04-28,917.9934692382812,1092.5,1102.300048828125,1073.300048828125,1092.0,5202061,HCLTech,HCLTECH.NS
2022-04-29,906.8597412109375,1079.25,1100.5,1074.3499755859375,1094.0,2988180,HCLTech,HCLTECH.NS
2022-05-02,896.4827270507812,1066.9000244140625,1082.0,1062.0,1073.0,2584604,HCLTech,HCLTECH.NS
2022-05-04,878.03857421875,1044.949951171875,1076.0,1035.800048828125,1075.9000244140625,3385725,HCLTech,HCLTECH.NS
2022-05-05,900.8101196289062,1072.050048828125,1075.199951171875,1047.0999755859375,1059.0,2982126,HCLTech,HCLTECH.NS
2022-05-06,882.4498901367188,1050.199951171875,1056.6500244140625,1028.949951171875,1049.9000244140625,4075606,HCLTech,HCLTECH.NS
2022-05-09,904.212890625,1076.0999755859375,1082.9000244140625,1034.0999755859375,1044.0,4207192,HCLTech,HCLTECH.NS
2022-05-10,901.2300415039062,1072.550048828125,1085.0,1066.5999755859375,1073.0,2473518,HCLTech,HCLTECH.NS
2022-05-11,891.44091796875,1060.9000244140625,1079.300048828125,1054.050048828125,1069.0,2895668,HCLTech,HCLTECH.NS
2022-05-12,890.1804809570312,1059.4000244140625,1070.949951171875,1043.75,1050.0999755859375,3195189,HCLTech,HCLTECH.NS
2022-05-13,884.0885009765625,1052.1500244140625,1078.0,1045.0999755859375,1070.0,2496626,HCLTech,HCLTECH.NS
2022-05-16,877.702392578125,1044.550048828125,1066.949951171875,1040.199951171875,1054.0,1415370,HCLTech,HCLTECH.NS
2022-05-17,909.9268188476562,1082.9000244140625,1086.0,1045.3499755859375,1058.199951171875,2620776,HCLTech,HCLTECH.NS
2022-05-18,902.1961669921875,1073.699951171875,1097.3499755859375,1070.800048828125,1083.550048828125,2865869,HCLTech,HCLTECH.NS
2022-05-19,848.1669921875,1009.4000244140625,1058.300048828125,1004.5999755859375,1055.0999755859375,4729354,HCLTech,HCLTECH.NS
2022-05-20,864.51025390625,1028.8499755859375,1034.5,1016.7999877929688,1029.0,2005622,HCLTech,HCLTECH.NS
2022-05-23,855.6453247070312,1018.2999877929688,1037.0,1014.75,1023.0,2285466,HCLTech,HCLTECH.NS
2022-05-24,833.3363037109375,991.75,1022.4000244140625,987.0,1022.0499877929688,3418456,HCLTech,HCLTECH.NS
2022-05-25,818.799560546875,974.4500122070312,992.7999877929688,963.0,992.0,3904551,HCLTech,HCLTECH.NS
2022-05-26,824.0513916015625,980.7000122070312,986.0,969.0499877929688,977.0,4278059,HCLTech,HCLTECH.NS
2022-05-27,843.54541015625,1003.9000244140625,1010.4500122070312,989.0,989.0,2795530,HCLTech,HCLTECH.NS
2022-05-30,873.795166015625,1039.9000244140625,1053.3499755859375,1015.6500244140625,1019.0,3562969,HCLTech,HCLTECH.NS
2022-05-31,874.5094604492188,1040.75,1045.800048828125,1020.4500122070312,1045.0,5185485,HCLTech,HCLTECH.NS
2022-06-01,855.309326171875,1017.9000244140625,1045.449951171875,1011.5499877929688,1040.75,2554081,HCLTech,HCLTECH.NS
2022-06-02,873.6270751953125,1039.699951171875,1048.9000244140625,1007.2999877929688,1011.4000244140625,3560227,HCLTech,HCLTECH.NS
2022-06-03,876.4000244140625,1043.0,1069.6500244140625,1040.199951171875,1053.949951171875,3556955,HCLTech,HCLTECH.NS
2022-06-06,871.610595703125,1037.300048828125,1047.3499755859375,1021.1500244140625,1038.0,1997494,HCLTech,HCLTECH.NS
2022-06-07,859.5108032226562,1022.9000244140625,1033.75,1013.1500244140625,1030.0,1839248,HCLTech,HCLTECH.NS
2022-06-08,865.64453125,1030.199951171875,1033.800048828125,1016.0,1023.0999755859375,1665512,HCLTech,HCLTECH.NS
2022-06-09,864.3421630859375,1028.6500244140625,1031.699951171875,1011.7000122070312,1024.949951171875,1654005,HCLTech,HCLTECH.NS
2022-06-10,853.1664428710938,1015.3499755859375,1023.75,1008.2000122070312,1012.0,2260855,HCLTech,HCLTECH.NS
2022-06-13,833.3782958984375,991.7999877929688,1002.0,982.5,996.0,1738804,HCLTech,HCLTECH.NS
2022-06-14,837.6637573242188,996.9000244140625,1000.9500122070312,978.1500244140625,988.0,2461791,HCLTech,HCLTECH.NS
2022-06-15,831.78173828125,989.9000244140625,1007.0,988.0,989.0,2408630,HCLTech,HCLTECH.NS
2022-06-16,810.8170166015625,964.9500122070312,1007.0,961.6500244140625,1007.0,3198618,HCLTech,HCLTECH.NS
2022-06-17,805.6075439453125,958.75,963.1500244140625,944.0499877929688,952.4000244140625,4302066,HCLTech,HCLTECH.NS
2022-06-20,806.6997680664062,960.0499877929688,966.0,952.0999755859375,965.0,1305407,HCLTech,HCLTECH.NS
2022-06-21,829.0089721679688,986.5999755859375,999.9000244140625,963.6500244140625,971.7000122070312,2128325,HCLTech,HCLTECH.NS
2022-06-22,807.7501220703125,961.2999877929688,979.0,959.1500244140625,977.9500122070312,2575065,HCLTech,HCLTECH.NS
2022-06-23,816.1107788085938,971.25,977.5,958.5999755859375,962.0999755859375,2169033,HCLTech,HCLTECH.NS
2022-06-24,812.28759765625,966.7000122070312,984.5499877929688,960.0,984.0,1922313,HCLTech,HCLTECH.NS
2022-06-27,833.8405151367188,992.3499755859375,1006.7999877929688,984.2000122070312,986.1500244140625,3626024,HCLTech,HCLTECH.NS
2022-06-28,841.906982421875,1001.9500122070312,1007.0,983.25,989.9000244140625,2702471,HCLTech,HCLTECH.NS
2022-06-29,829.8070678710938,987.5499877929688,1000.25,985.0,985.0999755859375,3150015,HCLTech,HCLTECH.NS
2022-06-30,817.791259765625,973.25,996.5499877929688,969.9500122070312,990.0,3741119,HCLTech,HCLTECH.NS
2022-07-01,819.5557861328125,975.3499755859375,981.4500122070312,964.2000122070312,964.5,2827579,HCLTech,HCLTECH.NS
2022-07-04,827.3283081054688,984.5999755859375,989.5,973.4500122070312,975.3499755859375,2738846,HCLTech,HCLTECH.NS
2022-07-05,825.269775390625,982.1500244140625,1002.6500244140625,978.4500122070312,987.4000244140625,2476050,HCLTech,HCLTECH.NS
2022-07-06,829.0089721679688,986.5999755859375,999.0,980.0499877929688,982.0,2998254,HCLTech,HCLTECH.NS
2022-07-07,831.73974609375,989.8499755859375,1000.9000244140625,984.9500122070312,997.0,2985141,HCLTech,HCLTECH.NS
2022-07-08,826.446044921875,983.5499877929688,999.0,979.1500244140625,999.0,3141642,HCLTech,HCLTECH.NS
2022-07-11,792.8353881835938,943.5499877929688,979.1500244140625,940.0,975.0,5787815,HCLTech,HCLTECH.NS
2022-07-12,779.60107421875,927.7999877929688,948.5499877929688,924.4000244140625,935.0,5305354,HCLTech,HCLTECH.NS
2022-07-13,771.1563720703125,917.75,936.0,905.0,930.0,12874342,HCLTech,HCLTECH.NS
2022-07-14,758.7625122070312,903.0,927.5499877929688,892.2999877929688,926.1500244140625,4916497,HCLTech,HCLTECH.NS
2022-07-15,742.0831298828125,883.1500244140625,905.0,877.3499755859375,896.0,5591590,HCLTech,HCLTECH.NS
2022-07-18,756.4938354492188,900.2999877929688,907.5,888.8499755859375,895.0,5156225,HCLTech,HCLTECH.NS
2022-07-19,755.98388671875,889.7000122070312,897.5,885.0,890.0,4636293,HCLTech,HCLTECH.NS
2022-07-20,779.5208129882812,917.4000244140625,918.7999877929688,895.0999755859375,904.5999755859375,4827089,HCLTech,HCLTECH.NS
2022-07-21,785.51123046875,924.4500122070312,926.9500122070312,913.5499877929688,921.0,3498709,HCLTech,HCLTECH.NS
2022-07-22,781.9423828125,920.25,931.9000244140625,909.0,929.4000244140625,3514659,HCLTech,HCLTECH.NS
2022-07-25,790.7794189453125,930.6500244140625,932.0,914.0,920.25,2120224,HCLTech,HCLTECH.NS
2022-07-26,776.2068481445312,913.5,929.6500244140625,911.0999755859375,928.5,2780103,HCLTech,HCLTECH.NS
2022-07-27,788.9100952148438,928.4500122070312,929.3499755859375,911.0999755859375,912.0999755859375,1742497,HCLTech,HCLTECH.NS
2022-07-28,803.9073486328125,946.0999755859375,949.0,932.7000122070312,935.9000244140625,2843497,HCLTech,HCLTECH.NS
2022-07-29,805.8616943359375,948.4000244140625,965.7000122070312,947.1500244140625,957.0,3617725,HCLTech,HCLTECH.NS
2022-08-01,809.0479736328125,952.1500244140625,956.5,945.2000122070312,954.0,2489519,HCLTech,HCLTECH.NS
2022-08-02,808.1133422851562,951.0499877929688,953.8499755859375,941.0499877929688,952.1500244140625,2545241,HCLTech,HCLTECH.NS
2022-08-03,813.339111328125,957.2000122070312,961.7999877929688,950.0499877929688,951.0,4119614,HCLTech,HCLTECH.NS
2022-08-04,814.1038208007812,958.0999755859375,969.9500122070312,945.7999877929688,965.0,3513266,HCLTech,HCLTECH.NS
2022-08-05,813.8064575195312,957.75,964.9500122070312,955.0,962.9000244140625,2565683,HCLTech,HCLTECH.NS
2022-08-08,820.8589477539062,966.0499877929688,968.0,950.0499877929688,957.75,1746911,HCLTech,HCLTECH.NS
2022-08-10,808.9630737304688,952.0499877929688,967.0,948.0999755859375,966.0499877929688,3271939,HCLTech,HCLTECH.NS
2022-08-11,817.7149658203125,962.3499755859375,968.5,958.75,965.0,3594584,HCLTech,HCLTECH.NS
2022-08-12,812.6592407226562,956.4000244140625,964.0,954.0,964.0,3022304,HCLTech,HCLTECH.NS
2022-08-16,814.188720703125,958.2000122070312,969.0,952.6500244140625,969.0,2784861,HCLTech,HCLTECH.NS
2022-08-17,833.22216796875,980.5999755859375,982.9000244140625,955.0,963.0,4649125,HCLTech,HCLTECH.NS
2022-08-18,827.1892700195312,973.5,983.4500122070312,968.0999755859375,983.4500122070312,2829269,HCLTech,HCLTECH.NS
2022-08-19,824.2578735351562,970.0499877929688,987.0499877929688,966.7999877929688,974.5,2880969,HCLTech,HCLTECH.NS
2022-08-22,815.2509155273438,959.4500122070312,970.0,955.2000122070312,965.0,3616799,HCLTech,HCLTECH.NS
2022-08-23,804.5870971679688,946.9000244140625,951.0,939.0,949.9500122070312,3753715,HCLTech,HCLTECH.NS
2022-08-24,806.4989624023438,949.1500244140625,953.7999877929688,944.1500244140625,949.9000244140625,1494361,HCLTech,HCLTECH.NS
2022-08-25,801.9530639648438,943.7999877929688,953.9000244140625,942.6500244140625,953.9000244140625,3316314,HCLTech,HCLTECH.NS
2022-08-26,803.5250854492188,945.6500244140625,956.0,943.75,948.5499877929688,2195046,HCLTech,HCLTECH.NS
2022-08-29,779.6057739257812,917.5,922.0,900.0999755859375,912.5999755859375,4974880,HCLTech,HCLTECH.NS
2022-08-30,797.831787109375,938.9500122070312,945.25,923.7000122070312,926.9000244140625,2998417,HCLTech,HCLTECH.NS
2022-09-01,786.870849609375,926.0499877929688,931.0,916.25,917.2999877929688,2953921,HCLTech,HCLTECH.NS
2022-09-02,785.51123046875,924.4500122070312,937.0,919.0,931.2000122070312,1750283,HCLTech,HCLTECH.NS
2022-09-05,795.3253784179688,936.0,942.2999877929688,922.5,926.0,2279812,HCLTech,HCLTECH.NS
2022-09-06,796.8547973632812,937.7999877929688,942.9000244140625,927.0499877929688,936.0,2108615,HCLTech,HCLTECH.NS
2022-09-07,791.6715087890625,931.7000122070312,932.5499877929688,923.0999755859375,927.0,2709547,HCLTech,HCLTECH.NS
2022-09-08,791.1192016601562,931.0499877929688,940.9000244140625,928.0,936.4000244140625,3214686,HCLTech,HCLTECH.NS
2022-09-09,805.9466552734375,948.5,953.0,934.2999877929688,939.0,2206526,HCLTech,HCLTECH.NS
2022-09-12,811.9370727539062,955.5499877929688,963.5,953.5,955.1500244140625,2517615,HCLTech,HCLTECH.NS
2022-09-13,811.8096923828125,955.4000244140625,959.7999877929688,950.4500122070312,955.0,2442828,HCLTech,HCLTECH.NS
2022-09-14,791.926513671875,932.0,938.4500122070312,926.5499877929688,933.2999877929688,6761712,HCLTech,HCLTECH.NS
2022-09-15,781.6450805664062,919.9000244140625,936.7000122070312,916.2999877929688,936.5,2995215,HCLTech,HCLTECH.NS
2022-09-16,762.1018676757812,896.9000244140625,918.0,893.4000244140625,915.0999755859375,5095937,HCLTech,HCLTECH.NS
2022-09-19,762.8663940429688,897.7999877929688,907.1500244140625,887.5,897.9500122070312,2686561,HCLTech,HCLTECH.NS
2022-09-20,776.6317138671875,914.0,920.8499755859375,902.0,902.2999877929688,1836721,HCLTech,HCLTECH.NS
2022-09-21,765.5431518554688,900.9500122070312,913.75,898.8499755859375,909.0,1819649,HCLTech,HCLTECH.NS
2022-09-22,762.7390747070312,897.6500244140625,904.9000244140625,889.75,897.5999755859375,2315711,HCLTech,HCLTECH.NS
2022-09-23,761.2095947265625,895.8499755859375,912.5999755859375,892.0,896.5,2569608,HCLTech,HCLTECH.NS
2022-09-26,770.4288330078125,906.7000122070312,917.4000244140625,882.0,891.25,4182702,HCLTech,HCLTECH.NS
2022-09-27,780.6678466796875,918.75,921.4500122070312,907.5999755859375,911.25,3545337,HCLTech,HCLTECH.NS
2022-09-28,782.4097290039062,920.7999877929688,926.9500122070312,911.8499755859375,913.0,4154139,HCLTech,HCLTECH.NS
2022-09-29,784.321533203125,923.0499877929688,931.0,916.5999755859375,927.0,2928360,HCLTech,HCLTECH.NS
2022-09-30,792.2239379882812,932.3499755859375,935.5499877929688,910.0499877929688,921.9000244140625,3229901,HCLTech,HCLTECH.NS
2022-10-03,790.4393920898438,930.25,932.8499755859375,916.0,932.3499755859375,1598950,HCLTech,HCLTECH.NS
2022-10-04,803.8223876953125,946.0,951.0,937.0499877929688,942.5,2331351,HCLTech,HCLTECH.NS
2022-10-06,819.5844116210938,964.5499877929688,967.9500122070312,955.5,955.5,3713623,HCLTech,HCLTECH.NS
2022-10-07,813.7639770507812,957.7000122070312,972.9500122070312,955.0,965.0,2174327,HCLTech,HCLTECH.NS
2022-10-10,818.4798583984375,963.25,967.1500244140625,942.2000122070312,942.2000122070312,2758812,HCLTech,HCLTECH.NS
2022-10-11,797.5344848632812,938.5999755859375,972.0,936.0,968.0999755859375,3134969,HCLTech,HCLTECH.NS
2022-10-12,808.920654296875,952.0,963.9000244140625,943.2999877929688,943.2999877929688,3502390,HCLTech,HCLTECH.NS
2022-10-13,834.4967041015625,982.0999755859375,989.0499877929688,969.2999877929688,972.0499877929688,9698562,HCLTech,HCLTECH.NS
2022-10-14,851.8732299804688,1002.5499877929688,1023.0,994.0,1005.0,7424383,HCLTech,HCLTECH.NS
2022-10-17,845.1181640625,994.5999755859375,1006.7999877929688,991.0999755859375,1005.7000122070312,2136170,HCLTech,HCLTECH.NS
2022-10-18,857.5238037109375,1009.2000122070312,1013.6500244140625,999.0999755859375,1000.0,2487826,HCLTech,HCLTECH.NS
2022-10-19,854.4771728515625,995.6500244140625,1006.5,994.0,1006.5,2517099,HCLTech,HCLTECH.NS
2022-10-20,873.1432495117188,1017.4000244140625,1019.2999877929688,988.0,990.0,3931399,HCLTech,HCLTECH.NS
2022-10-21,881.5535888671875,1027.199951171875,1029.9000244140625,1011.5999755859375,1022.5,2071897,HCLTech,HCLTECH.NS
2022-10-24,885.3298950195312,1031.5999755859375,1038.8499755859375,1030.0,1035.0,398105,HCLTech,HCLTECH.NS
2022-10-25,880.9530029296875,1026.5,1037.25,1020.9000244140625,1036.0,3068136,HCLTech,HCLTECH.NS
2022-10-27,885.716064453125,1032.050048828125,1037.449951171875,1019.5999755859375,1031.0,3313674,HCLTech,HCLTECH.NS
2022-10-28,883.9566650390625,1030.0,1039.75,1025.5,1031.949951171875,2423629,HCLTech,HCLTECH.NS
2022-10-31,893.5256958007812,1041.1500244140625,1052.5,1036.4000244140625,1039.0,2418565,HCLTech,HCLTECH.NS
2022-11-01,909.745849609375,1060.050048828125,1061.8499755859375,1045.0,1049.0,2275488,HCLTech,HCLTECH.NS
2022-11-02,897.00146484375,1045.199951171875,1066.3499755859375,1042.5,1064.949951171875,2799322,HCLTech,HCLTECH.NS
2022-11-03,896.9586181640625,1045.1500244140625,1049.199951171875,1033.0999755859375,1034.0,2396164,HCLTech,HCLTECH.NS
2022-11-04,897.1301879882812,1045.3499755859375,1049.0,1033.449951171875,1045.1500244140625,1709158,HCLTech,HCLTECH.NS
2022-11-07,898.675048828125,1047.1500244140625,1055.699951171875,1038.6500244140625,1048.0999755859375,2213508,HCLTech,HCLTECH.NS
2022-11-09,904.0816650390625,1053.449951171875,1061.449951171875,1049.199951171875,1060.9000244140625,2307691,HCLTech,HCLTECH.NS
2022-11-10,903.2235107421875,1052.449951171875,1062.4000244140625,1047.050048828125,1050.0,2321667,HCLTech,HCLTECH.NS
2022-11-11,936.0072021484375,1090.6500244140625,1098.699951171875,1069.0999755859375,1071.0,3923101,HCLTech,HCLTECH.NS
2022-11-14,943.1734008789062,1099.0,1102.949951171875,1090.050048828125,1095.0,2170007,HCLTech,HCLTECH.NS
2022-11-15,947.3786010742188,1103.9000244140625,1106.0999755859375,1088.9000244140625,1093.5,2172420,HCLTech,HCLTECH.NS
2022-11-16,948.4940185546875,1105.199951171875,1112.449951171875,1099.3499755859375,1107.5,2213697,HCLTech,HCLTECH.NS
2022-11-17,937.6378173828125,1092.550048828125,1100.5999755859375,1089.0999755859375,1095.0999755859375,2460883,HCLTech,HCLTECH.NS
2022-11-18,946.7348022460938,1103.1500244140625,1106.0,1084.0,1098.050048828125,2623894,HCLTech,HCLTECH.NS
2022-11-21,940.1692504882812,1095.5,1106.3499755859375,1092.5999755859375,1098.9000244140625,1733741,HCLTech,HCLTECH.NS
2022-11-22,946.949462890625,1103.4000244140625,1105.9000244140625,1088.0,1091.0999755859375,2529146,HCLTech,HCLTECH.NS
2022-11-23,946.949462890625,1103.4000244140625,1111.5,1099.75,1108.949951171875,2217599,HCLTech,HCLTECH.NS
2022-11-24,969.434326171875,1129.5999755859375,1135.0,1103.5,1106.0,3295202,HCLTech,HCLTECH.NS
2022-11-25,968.2329711914062,1128.199951171875,1137.550048828125,1120.6500244140625,1135.199951171875,1977441,HCLTech,HCLTECH.NS
2022-11-28,960.1658325195312,1118.800048828125,1132.75,1117.0,1125.0,2368293,HCLTech,HCLTECH.NS
2022-11-29,968.8762817382812,1128.949951171875,1138.75,1118.050048828125,1118.800048828125,1785948,HCLTech,HCLTECH.NS
2022-11-30,961.8822631835938,1120.800048828125,1129.9000244140625,1117.0,1127.0,6053488,HCLTech,HCLTECH.NS
2022-12-01,975.270263671875,1136.4000244140625,1150.6500244140625,1128.4000244140625,1130.0,3919684,HCLTech,HCLTECH.NS
2022-12-02,974.5404663085938,1135.550048828125,1140.4000244140625,1123.8499755859375,1136.4000244140625,2944923,HCLTech,HCLTECH.NS
2022-12-05,970.5072021484375,1130.8499755859375,1141.949951171875,1127.199951171875,1133.25,2646466,HCLTech,HCLTECH.NS
2022-12-06,962.010986328125,1120.949951171875,1125.0,1107.0,1121.5999755859375,2807894,HCLTech,HCLTECH.NS
2022-12-07,949.0948486328125,1105.9000244140625,1116.5999755859375,1102.0,1114.0,2399879,HCLTech,HCLTECH.NS
2022-12-08,945.18994140625,1101.3499755859375,1113.75,1098.800048828125,1113.75,1752350,HCLTech,HCLTECH.NS
2022-12-09,881.8110961914062,1027.5,1075.0,1020.7000122070312,1075.0,12415478,HCLTech,HCLTECH.NS
2022-12-12,882.5836791992188,1028.4000244140625,1039.1500244140625,1012.4500122070312,1025.0,4275785,HCLTech,HCLTECH.NS
2022-12-13,896.5723876953125,1044.699951171875,1046.9000244140625,1031.0999755859375,1032.0999755859375,2284909,HCLTech,HCLTECH.NS
2022-12-14,906.4417724609375,1056.199951171875,1057.300048828125,1045.0,1045.0,2425507,HCLTech,HCLTECH.NS
2022-12-15,894.5555419921875,1042.3499755859375,1051.800048828125,1037.0999755859375,1051.550048828125,1906369,HCLTech,HCLTECH.NS
2022-12-16,883.6563110351562,1029.6500244140625,1046.449951171875,1022.3499755859375,1030.0,5159215,HCLTech,HCLTECH.NS
2022-12-19,886.7457275390625,1033.25,1037.5,1023.3499755859375,1029.6500244140625,3328172,HCLTech,HCLTECH.NS
2022-12-20,883.6991577148438,1029.699951171875,1033.3499755859375,1011.5,1027.0,2629849,HCLTech,HCLTECH.NS
2022-12-21,892.839111328125,1040.3499755859375,1053.25,1035.0,1035.0,2878658,HCLTech,HCLTECH.NS
2022-12-22,891.7665405273438,1039.0999755859375,1054.6500244140625,1033.5999755859375,1046.0,2623451,HCLTech,HCLTECH.NS
2022-12-23,884.4716186523438,1030.5999755859375,1044.0999755859375,1027.0999755859375,1029.5,2177675,HCLTech,HCLTECH.NS
2022-12-26,885.4157104492188,1031.699951171875,1041.75,1029.0,1031.0,1680715,HCLTech,HCLTECH.NS
2022-12-27,889.4063720703125,1036.3499755859375,1040.75,1030.3499755859375,1039.0,554319,HCLTech,HCLTECH.NS
2022-12-28,888.6339721679688,1035.449951171875,1038.300048828125,1026.5,1030.0,1397806,HCLTech,HCLTECH.NS
2022-12-29,896.3577880859375,1044.449951171875,1046.0,1028.0999755859375,1030.0,1277244,HCLTech,HCLTECH.NS
2022-12-30,891.9380493164062,1039.300048828125,1055.25,1034.300048828125,1050.0,1860560,HCLTech,HCLTECH.NS
2023-01-02,892.0667724609375,1039.449951171875,1042.5,1031.5,1039.0999755859375,701880,HCLTech,HCLTECH.NS
2023-01-03,893.6973876953125,1041.3499755859375,1045.800048828125,1033.5,1039.0,2484372,HCLTech,HCLTECH.NS
2023-01-04,889.6207885742188,1036.5999755859375,1042.0,1031.5,1036.199951171875,1219170,HCLTech,HCLTECH.NS
2023-01-05,896.057373046875,1044.0999755859375,1049.800048828125,1033.0999755859375,1041.800048828125,2294943,HCLTech,HCLTECH.NS
2023-01-06,886.35986328125,1032.800048828125,1047.9000244140625,1025.25,1044.0,1887689,HCLTech,HCLTECH.NS
2023-01-09,916.0966796875,1067.449951171875,1071.0,1040.050048828125,1044.949951171875,4562242,HCLTech,HCLTECH.NS
2023-01-10,913.0071411132812,1063.8499755859375,1072.5999755859375,1056.300048828125,1061.0,2297082,HCLTech,HCLTECH.NS
2023-01-11,905.2403564453125,1054.800048828125,1079.5999755859375,1050.550048828125,1069.0,3594167,HCLTech,HCLTECH.NS
2023-01-12,919.701416015625,1071.6500244140625,1074.5,1061.0,1061.0,4748542,HCLTech,HCLTECH.NS
2023-01-13,924.9791259765625,1077.800048828125,1084.0,1041.0,1043.9000244140625,8253765,HCLTech,HCLTECH.NS
2023-01-16,938.624755859375,1093.699951171875,1100.449951171875,1078.550048828125,1087.0,4508538,HCLTech,HCLTECH.NS
2023-01-17,953.5144653320312,1111.050048828125,1113.949951171875,1095.0,1097.9000244140625,4390338,HCLTech,HCLTECH.NS
2023-01-18,957.033203125,1115.1500244140625,1125.8499755859375,1114.0999755859375,1118.949951171875,6905092,HCLTech,HCLTECH.NS
2023-01-19,962.4457397460938,1111.4000244140625,1113.3499755859375,1098.75,1102.3499755859375,2298287,HCLTech,HCLTECH.NS
2023-01-20,959.3281860351562,1107.800048828125,1121.4000244140625,1107.050048828125,1111.050048828125,4747128,HCLTech,HCLTECH.NS
2023-01-23,970.93212890625,1121.199951171875,1122.9000244140625,1108.1500244140625,1111.0,1696834,HCLTech,HCLTECH.NS
2023-01-24,985.3508911132812,1137.8499755859375,1143.699951171875,1121.199951171875,1125.9000244140625,4861107,HCLTech,HCLTECH.NS
2023-01-25,972.2744750976562,1122.75,1134.8499755859375,1116.75,1134.8499755859375,2692236,HCLTech,HCLTECH.NS
2023-01-27,966.0828857421875,1115.5999755859375,1134.300048828125,1105.0,1122.75,3864525,HCLTech,HCLTECH.NS
2023-01-30,982.666259765625,1134.75,1139.949951171875,1105.800048828125,1115.5999755859375,3508427,HCLTech,HCLTECH.NS
2023-01-31,971.7981567382812,1122.199951171875,1137.699951171875,1113.0,1136.0,4582858,HCLTech,HCLTECH.NS
2023-02-01,980.371337890625,1132.0999755859375,1137.0,1114.449951171875,1137.0,2393911,HCLTech,HCLTECH.NS
2023-02-02,995.5260620117188,1149.5999755859375,1155.5,1135.0,1137.800048828125,3048359,HCLTech,HCLTECH.NS
2023-02-03,992.5383911132812,1146.1500244140625,1156.6500244140625,1138.5999755859375,1154.0,1814055,HCLTech,HCLTECH.NS
2023-02-06,992.1484985351562,1145.699951171875,1149.8499755859375,1128.0,1135.199951171875,2070175,HCLTech,HCLTECH.NS
2023-02-07,977.0374145507812,1128.25,1153.0,1125.9000244140625,1147.8499755859375,1931191,HCLTech,HCLTECH.NS
2023-02-08,991.54248046875,1145.0,1149.0,1132.699951171875,1133.9000244140625,2848255,HCLTech,HCLTECH.NS
2023-02-09,992.7114868164062,1146.3499755859375,1152.0,1138.0,1144.0,1501083,HCLTech,HCLTECH.NS
2023-02-10,966.1260986328125,1115.6500244140625,1130.0,1100.0,1125.800048828125,3185163,HCLTech,HCLTECH.NS
2023-02-13,963.8310546875,1113.0,1121.25,1105.0,1121.25,2009185,HCLTech,HCLTECH.NS
2023-02-14,974.6124877929688,1125.449951171875,1142.4000244140625,1118.0,1121.0,3938046,HCLTech,HCLTECH.NS
2023-02-15,981.0642700195312,1132.9000244140625,1134.5999755859375,1119.5999755859375,1125.0,1648954,HCLTech,HCLTECH.NS
2023-02-16,976.9508666992188,1128.1500244140625,1152.1500244140625,1124.0,1138.5999755859375,2369355,HCLTech,HCLTECH.NS
2023-02-17,960.84375,1109.550048828125,1121.699951171875,1107.550048828125,1121.699951171875,1958807,HCLTech,HCLTECH.NS
2023-02-20,966.1693725585938,1115.699951171875,1134.699951171875,1107.5999755859375,1109.550048828125,1706036,HCLTech,HCLTECH.NS
2023-02-21,957.07666015625,1105.199951171875,1122.050048828125,1103.0999755859375,1121.0,1313278,HCLTech,HCLTECH.NS
2023-02-22,946.165283203125,1092.5999755859375,1105.550048828125,1090.050048828125,1095.0,2212194,HCLTech,HCLTECH.NS
2023-02-23,947.6806640625,1094.3499755859375,1111.949951171875,1092.5,1104.800048828125,2139983,HCLTech,HCLTECH.NS
2023-02-24,948.1137084960938,1094.8499755859375,1104.5,1082.0,1097.0,1684570,HCLTech,HCLTECH.NS
2023-02-27,938.674560546875,1083.949951171875,1090.0,1076.0,1090.0,1834553,HCLTech,HCLTECH.NS
2023-02-28,933.1757202148438,1077.5999755859375,1096.9000244140625,1068.0999755859375,1083.5,20793703,HCLTech,HCLTECH.NS
2023-03-01,953.5261840820312,1101.0999755859375,1104.0,1077.3499755859375,1077.3499755859375,1655100,HCLTech,HCLTECH.NS
2023-03-02,957.7260131835938,1105.949951171875,1117.0,1090.300048828125,1090.300048828125,4074162,HCLTech,HCLTECH.NS
2023-03-03,969.0269775390625,1119.0,1129.699951171875,1111.050048828125,1115.0,3253621,HCLTech,HCLTECH.NS
2023-03-06,975.695068359375,1126.699951171875,1148.0,1123.300048828125,1129.0,4091674,HCLTech,HCLTECH.NS
2023-03-08,970.4559326171875,1120.6500244140625,1124.0,1107.300048828125,1112.0,3209393,HCLTech,HCLTECH.NS
2023-03-09,966.9920043945312,1116.6500244140625,1126.699951171875,1114.050048828125,1121.949951171875,1834324,HCLTech,HCLTECH.NS
2023-03-10,966.6888427734375,1116.300048828125,1118.1500244140625,1105.0,1105.0,1193681,HCLTech,HCLTECH.NS
2023-03-13,951.3612670898438,1098.5999755859375,1133.5999755859375,1095.0,1120.949951171875,3028387,HCLTech,HCLTECH.NS
2023-03-14,938.76123046875,1084.050048828125,1103.4000244140625,1066.0,1098.550048828125,3683544,HCLTech,HCLTECH.NS
2023-03-15,934.9511108398438,1079.6500244140625,1097.9000244140625,1075.5,1095.050048828125,1528510,HCLTech,HCLTECH.NS
2023-03-16,928.672607421875,1072.4000244140625,1087.550048828125,1069.6500244140625,1083.949951171875,1812907,HCLTech,HCLTECH.NS
2023-03-17,959.8909301757812,1108.449951171875,1117.0999755859375,1084.050048828125,1088.199951171875,5350523,HCLTech,HCLTECH.NS
2023-03-20,944.64990234375,1090.8499755859375,1108.300048828125,1086.25,1105.0,2066169,HCLTech,HCLTECH.NS
2023-03-21,938.6312255859375,1083.9000244140625,1102.4000244140625,1077.0999755859375,1099.0,2421127,HCLTech,HCLTECH.NS
2023-03-22,936.5097045898438,1081.449951171875,1105.75,1079.050048828125,1091.949951171875,1382329,HCLTech,HCLTECH.NS
2023-03-23,923.0438232421875,1065.9000244140625,1080.4000244140625,1061.0,1077.0,2178855,HCLTech,HCLTECH.NS
2023-03-24,910.790283203125,1051.75,1090.0,1047.050048828125,1073.0,2688253,HCLTech,HCLTECH.NS
2023-03-27,910.5736694335938,1051.5,1065.5,1044.800048828125,1053.300048828125,1459887,HCLTech,HCLTECH.NS
2023-03-28,901.5676879882812,1041.0999755859375,1063.800048828125,1039.3499755859375,1056.800048828125,2965015,HCLTech,HCLTECH.NS
2023-03-29,924.4293212890625,1067.5,1070.0,1042.0999755859375,1046.0,2478745,HCLTech,HCLTECH.NS
2023-03-31,939.8004150390625,1085.25,1096.9000244140625,1069.4000244140625,1083.4000244140625,3131614,HCLTech,HCLTECH.NS
2023-04-03,950.971435546875,1098.1500244140625,1099.25,1088.0,1089.949951171875,1540702,HCLTech,HCLTECH.NS
2023-04-05,962.2725830078125,1111.199951171875,1113.0,1066.1500244140625,1085.3499755859375,3342291,HCLTech,HCLTECH.NS
2023-04-06,945.515625,1091.8499755859375,1109.050048828125,1085.449951171875,1109.050048828125,2378264,HCLTech,HCLTECH.NS
2023-04-10,955.2581176757812,1103.0999755859375,1105.0,1091.5,1091.8499755859375,711625,HCLTech,HCLTECH.NS
2023-04-11,941.31591796875,1087.0,1109.9000244140625,1085.0,1104.0,2318905,HCLTech,HCLTECH.NS
2023-04-12,947.8107299804688,1094.5,1097.449951171875,1080.0999755859375,1092.0,2715967,HCLTech,HCLTECH.NS
2023-04-13,928.1962280273438,1071.8499755859375,1089.0,1063.0,1089.0,3071057,HCLTech,HCLTECH.NS
2023-04-17,902.5200805664062,1042.199951171875,1055.0,1016.25,1055.0,9509446,HCLTech,HCLTECH.NS
2023-04-18,921.2686767578125,1063.8499755859375,1066.4000244140625,1045.199951171875,1049.550048828125,3686404,HCLTech,HCLTECH.NS
2023-04-19,899.489013671875,1038.699951171875,1073.949951171875,1036.449951171875,1073.949951171875,4322881,HCLTech,HCLTECH.NS
2023-04-20,898.449951171875,1037.5,1047.199951171875,1031.8499755859375,1040.0,3057560,HCLTech,HCLTECH.NS
2023-04-21,908.3655395507812,1048.949951171875,1074.0,1037.75,1054.0,7708194,HCLTech,HCLTECH.NS
2023-04-24,912.7819213867188,1054.050048828125,1058.9000244140625,1046.0,1057.0,2033625,HCLTech,HCLTECH.NS
2023-04-25,912.262451171875,1053.449951171875,1058.800048828125,1044.4000244140625,1050.449951171875,1237595,HCLTech,HCLTECH.NS
2023-04-26,922.7407836914062,1065.550048828125,1067.0,1048.0,1055.0,1647101,HCLTech,HCLTECH.NS
2023-04-27,927.6767578125,1071.25,1075.0,1061.0,1065.550048828125,1654910,HCLTech,HCLTECH.NS
2023-04-28,937.2330322265625,1064.0999755859375,1068.75,1053.75,1059.949951171875,2629188,HCLTech,HCLTECH.NS
2023-05-02,940.2719116210938,1067.550048828125,1074.800048828125,1064.0,1064.0999755859375,1905168,HCLTech,HCLTECH.NS
2023-05-03,932.6971435546875,1058.949951171875,1064.0,1055.0,1062.0,1649820,HCLTech,HCLTECH.NS
2023-05-04,939.6112670898438,1066.800048828125,1067.949951171875,1048.300048828125,1056.050048828125,1403672,HCLTech,HCLTECH.NS
2023-05-05,929.7024536132812,1055.550048828125,1069.949951171875,1052.0999755859375,1066.800048828125,1641673,HCLTech,HCLTECH.NS
2023-05-08,947.494384765625,1075.75,1077.5,1055.0,1058.0,1389075,HCLTech,HCLTECH.NS
2023-05-09,950.3566284179688,1079.0,1082.5999755859375,1066.050048828125,1071.0,2981949,HCLTech,HCLTECH.NS
2023-05-10,949.7402954101562,1078.300048828125,1088.800048828125,1072.0999755859375,1084.1500244140625,2091411,HCLTech,HCLTECH.NS
2023-05-11,958.3717651367188,1088.0999755859375,1092.5999755859375,1080.050048828125,1082.1500244140625,2653108,HCLTech,HCLTECH.NS
2023-05-12,964.889404296875,1095.5,1103.4000244140625,1077.449951171875,1086.0,1585037,HCLTech,HCLTECH.NS
2023-05-15,968.6326904296875,1099.75,1105.949951171875,1092.800048828125,1098.949951171875,1523466,HCLTech,HCLTECH.NS
2023-05-16,960.6616821289062,1090.699951171875,1105.300048828125,1088.0999755859375,1100.199951171875,1166324,HCLTech,HCLTECH.NS
2023-05-17,946.437255859375,1074.550048828125,1093.949951171875,1062.699951171875,1090.5,3602382,HCLTech,HCLTECH.NS
2023-05-18,951.1494140625,1079.9000244140625,1085.0,1073.0,1081.949951171875,1515743,HCLTech,HCLTECH.NS
2023-05-19,964.75732421875,1095.3499755859375,1104.0,1082.449951171875,1088.5999755859375,1984436,HCLTech,HCLTECH.NS
2023-05-22,986.3363647460938,1119.8499755859375,1121.9000244140625,1088.949951171875,1095.3499755859375,1864932,HCLTech,HCLTECH.NS
2023-05-23,975.3267211914062,1107.3499755859375,1131.3499755859375,1104.0,1120.0,2138096,HCLTech,HCLTECH.NS
2023-05-24,979.3780517578125,1111.949951171875,1115.0,1098.0,1099.050048828125,1302744,HCLTech,HCLTECH.NS
2023-05-25,982.9454956054688,1116.0,1118.25,1103.050048828125,1109.199951171875,1124803,HCLTech,HCLTECH.NS
2023-05-26,1003.3793334960938,1139.199951171875,1140.3499755859375,1114.0,1115.0,1635167,HCLTech,HCLTECH.NS
2023-05-29,991.929443359375,1126.199951171875,1147.949951171875,1124.4000244140625,1146.0,1288914,HCLTech,HCLTECH.NS
2023-05-30,1000.4288330078125,1135.8499755859375,1144.0,1128.050048828125,1129.0,1983735,HCLTech,HCLTECH.NS
2023-05-31,1008.5761108398438,1145.0999755859375,1153.3499755859375,1132.0999755859375,1134.800048828125,5967930,HCLTech,HCLTECH.NS
2023-06-01,1005.7576293945312,1141.9000244140625,1155.1500244140625,1137.6500244140625,1148.0,1445692,HCLTech,HCLTECH.NS
2023-06-02,1001.4856567382812,1137.050048828125,1151.0999755859375,1131.5999755859375,1148.0,1336554,HCLTech,HCLTECH.NS
2023-06-05,1002.586669921875,1138.300048828125,1148.5,1136.0,1144.0,1435758,HCLTech,HCLTECH.NS
2023-06-06,994.0430297851562,1128.5999755859375,1132.300048828125,1113.75,1130.0,1943605,HCLTech,HCLTECH.NS
2023-06-07,994.439453125,1129.050048828125,1133.800048828125,1116.199951171875,1133.800048828125,2459039,HCLTech,HCLTECH.NS
2023-06-08,992.413818359375,1126.75,1131.25,1118.300048828125,1129.050048828125,1385218,HCLTech,HCLTECH.NS
2023-06-09,977.4404296875,1109.75,1131.0,1105.949951171875,1129.0999755859375,1824218,HCLTech,HCLTECH.NS
2023-06-12,1003.7756958007812,1139.6500244140625,1140.949951171875,1111.5,1112.949951171875,1670970,HCLTech,HCLTECH.NS
2023-06-13,996.421142578125,1131.300048828125,1144.949951171875,1129.300048828125,1144.949951171875,2014656,HCLTech,HCLTECH.NS
2023-06-14,1000.4288330078125,1135.8499755859375,1138.4000244140625,1126.050048828125,1138.0,836964,HCLTech,HCLTECH.NS
2023-06-15,1007.2548217773438,1143.5999755859375,1147.0,1136.550048828125,1140.0,2109652,HCLTech,HCLTECH.NS
2023-06-16,1011.3062744140625,1148.199951171875,1154.25,1132.449951171875,1150.0,2909817,HCLTech,HCLTECH.NS
2023-06-19,1001.9259643554688,1137.550048828125,1153.9000244140625,1135.449951171875,1148.199951171875,1278608,HCLTech,HCLTECH.NS
2023-06-20,1029.318359375,1168.6500244140625,1170.75,1132.5,1133.0,3504867,HCLTech,HCLTECH.NS
2023-06-21,1030.9036865234375,1170.449951171875,1175.699951171875,1161.6500244140625,1175.0,2019683,HCLTech,HCLTECH.NS
2023-06-22,1024.6942138671875,1163.4000244140625,1170.449951171875,1158.8499755859375,1170.1500244140625,972005,HCLTech,HCLTECH.NS
2023-06-23,1026.235595703125,1165.1500244140625,1170.550048828125,1151.0,1161.9000244140625,1699790,HCLTech,HCLTECH.NS
2023-06-26,1028.3052978515625,1167.5,1175.949951171875,1163.050048828125,1167.25,1190307,HCLTech,HCLTECH.NS
2023-06-27,1030.5074462890625,1170.0,1174.449951171875,1160.199951171875,1167.0,1504039,HCLTech,HCLTECH.NS
2023-06-28,1030.7274169921875,1170.25,1173.949951171875,1166.5,1173.449951171875,1424076,HCLTech,HCLTECH.NS
2023-06-30,1046.3172607421875,1187.949951171875,1194.0,1165.0,1170.3499755859375,3036648,HCLTech,HCLTECH.NS
2023-07-03,1040.724365234375,1181.5999755859375,1195.0,1174.5,1190.0,1749952,HCLTech,HCLTECH.NS
2023-07-04,1048.6513671875,1190.5999755859375,1193.0,1178.550048828125,1182.0,1094468,HCLTech,HCLTECH.NS
2023-07-05,1052.3502197265625,1194.800048828125,1202.5999755859375,1187.5999755859375,1194.0,1653610,HCLTech,HCLTECH.NS
2023-07-06,1039.8876953125,1180.6500244140625,1198.0,1174.949951171875,1194.800048828125,2334220,HCLTech,HCLTECH.NS
2023-07-07,1019.58544921875,1157.5999755859375,1182.949951171875,1153.800048828125,1178.1500244140625,2159585,HCLTech,HCLTECH.NS
2023-07-10,990.4318237304688,1124.5,1161.9000244140625,1120.0,1160.0,3960400,HCLTech,HCLTECH.NS
2023-07-11,981.9765625,1114.9000244140625,1131.75,1112.0,1131.75,4982603,HCLTech,HCLTECH.NS
2023-07-12,978.145263671875,1110.550048828125,1124.5,1102.449951171875,1119.699951171875,3824027,HCLTech,HCLTECH.NS
2023-07-13,976.6038208007812,1108.800048828125,1124.4000244140625,1087.050048828125,1100.0,12294227,HCLTech,HCLTECH.NS
2023-07-14,1013.7283935546875,1150.949951171875,1157.0999755859375,1111.550048828125,1114.199951171875,6605038,HCLTech,HCLTECH.NS
2023-07-17,1016.1945190429688,1153.75,1172.0,1143.6500244140625,1151.949951171875,3159479,HCLTech,HCLTECH.NS
2023-07-18,1028.041259765625,1167.199951171875,1170.0,1146.4000244140625,1158.949951171875,2431478,HCLTech,HCLTECH.NS
2023-07-19,1029.670654296875,1169.050048828125,1174.9000244140625,1157.0,1165.0,2242397,HCLTech,HCLTECH.NS
2023-07-20,1026.7835693359375,1155.800048828125,1162.800048828125,1148.0,1160.0,1990001,HCLTech,HCLTECH.NS
2023-07-21,990.9373779296875,1115.449951171875,1139.9000244140625,1095.0,1110.0,5259150,HCLTech,HCLTECH.NS
2023-07-24,988.6720581054688,1112.9000244140625,1127.699951171875,1111.0,1120.0,2672505,HCLTech,HCLTECH.NS
2023-07-25,987.4727783203125,1111.550048828125,1119.0,1105.0999755859375,1118.5,2506726,HCLTech,HCLTECH.NS
2023-07-26,990.5375366210938,1115.0,1120.8499755859375,1110.0999755859375,1110.199951171875,1969964,HCLTech,HCLTECH.NS
2023-07-27,992.625244140625,1117.3499755859375,1122.699951171875,1108.949951171875,1115.0,1769815,HCLTech,HCLTECH.NS
2023-07-28,980.3659057617188,1103.550048828125,1118.5,1097.449951171875,1114.050048828125,2031899,HCLTech,HCLTECH.NS
2023-07-31,992.0477905273438,1116.699951171875,1119.5,1096.0,1108.0,2526624,HCLTech,HCLTECH.NS
2023-08-01,1011.4144287109375,1138.5,1142.0,1111.9000244140625,1120.0,2710536,HCLTech,HCLTECH.NS
2023-08-02,1004.66259765625,1130.9000244140625,1137.0,1121.5,1137.0,2701150,HCLTech,HCLTECH.NS
2023-08-03,999.86572265625,1125.5,1135.550048828125,1115.050048828125,1126.0,1608187,HCLTech,HCLTECH.NS
2023-08-04,1016.611328125,1144.3499755859375,1152.3499755859375,1126.0,1130.449951171875,3315303,HCLTech,HCLTECH.NS
2023-08-07,1022.341552734375,1150.800048828125,1155.75,1143.1500244140625,1154.550048828125,1655404,HCLTech,HCLTECH.NS
2023-08-08,1013.9463500976562,1141.3499755859375,1156.9000244140625,1137.0,1154.9000244140625,1667697,HCLTech,HCLTECH.NS
2023-08-09,1016.4340209960938,1144.1500244140625,1146.0,1125.0,1140.949951171875,1559337,HCLTech,HCLTECH.NS
2023-08-10,1007.6832275390625,1134.300048828125,1144.800048828125,1128.6500244140625,1140.0,1676669,HCLTech,HCLTECH.NS
2023-08-11,1040.686279296875,1171.449951171875,1186.949951171875,1154.300048828125,1160.0,7391806,HCLTech,HCLTECH.NS
2023-08-14,1040.2864990234375,1171.0,1177.0,1154.0,1170.6500244140625,1720940,HCLTech,HCLTECH.NS
2023-08-16,1045.750244140625,1177.1500244140625,1186.25,1170.0999755859375,1175.75,2567226,HCLTech,HCLTECH.NS
2023-08-17,1045.350341796875,1176.699951171875,1180.949951171875,1163.949951171875,1176.8499755859375,2331256,HCLTech,HCLTECH.NS
2023-08-18,1042.685302734375,1173.699951171875,1177.8499755859375,1158.6500244140625,1173.0,3406088,HCLTech,HCLTECH.NS
2023-08-21,1047.61572265625,1179.25,1188.9000244140625,1168.949951171875,1172.949951171875,1661946,HCLTech,HCLTECH.NS
2023-08-22,1047.8377685546875,1179.5,1187.0,1176.1500244140625,1182.0,1805887,HCLTech,HCLTECH.NS
2023-08-23,1050.503173828125,1182.5,1195.0,1178.6500244140625,1192.949951171875,2347850,HCLTech,HCLTECH.NS
2023-08-24,1040.5087890625,1171.25,1189.0,1169.0,1188.949951171875,2464221,HCLTech,HCLTECH.NS
2023-08-25,1025.139892578125,1153.949951171875,1170.800048828125,1150.0,1165.0,2105159,HCLTech,HCLTECH.NS
2023-08-28,1018.4769287109375,1146.449951171875,1159.699951171875,1139.300048828125,1155.0,2571967,HCLTech,HCLTECH.NS
2023-08-29,1028.338134765625,1157.550048828125,1163.300048828125,1148.300048828125,1153.9000244140625,1794652,HCLTech,HCLTECH.NS
2023-08-30,1039.8421630859375,1170.5,1175.1500244140625,1161.6500244140625,1166.0,1497356,HCLTech,HCLTECH.NS
2023-08-31,1041.3082275390625,1172.1500244140625,1188.0999755859375,1165.9000244140625,1179.5,4483967,HCLTech,HCLTECH.NS
2023-09-01,1053.434814453125,1185.800048828125,1188.0,1171.0999755859375,1173.0,1669640,HCLTech,HCLTECH.NS
2023-09-04,1094.921630859375,1232.5,1235.0,1185.0,1186.0,4517935,HCLTech,HCLTECH.NS
2023-09-05,1097.63134765625,1235.550048828125,1241.699951171875,1225.199951171875,1236.75,2842400,HCLTech,HCLTECH.NS
2023-09-06,1097.897705078125,1235.8499755859375,1242.4000244140625,1222.699951171875,1239.8499755859375,1767709,HCLTech,HCLTECH.NS
2023-09-07,1114.0216064453125,1254.0,1257.0,1230.300048828125,1238.0,2582004,HCLTech,HCLTECH.NS
2023-09-08,1121.173095703125,1262.050048828125,1269.550048828125,1254.300048828125,1259.0,2280777,HCLTech,HCLTECH.NS
2023-09-11,1138.496337890625,1281.550048828125,1284.300048828125,1270.4000244140625,1276.550048828125,2691836,HCLTech,HCLTECH.NS
2023-09-12,1139.25146484375,1282.4000244140625,1291.75,1265.5,1285.0,2140769,HCLTech,HCLTECH.NS
2023-09-13,1132.8997802734375,1275.25,1282.4000244140625,1266.0999755859375,1282.0,2275523,HCLTech,HCLTECH.NS
2023-09-14,1140.3175048828125,1283.5999755859375,1290.699951171875,1275.5999755859375,1280.8499755859375,2655172,HCLTech,HCLTECH.NS
2023-09-15,1158.9735107421875,1304.5999755859375,1310.0,1291.050048828125,1294.0,4286280,HCLTech,HCLTECH.NS
2023-09-18,1159.3287353515625,1305.0,1311.300048828125,1289.699951171875,1302.0,2761885,HCLTech,HCLTECH.NS
2023-09-20,1149.023681640625,1293.4000244140625,1304.0,1281.5,1281.5,2220756,HCLTech,HCLTECH.NS
2023-09-21,1135.342529296875,1278.0,1285.0,1259.300048828125,1284.0,3112700,HCLTech,HCLTECH.NS
2023-09-22,1131.522705078125,1273.699951171875,1283.5999755859375,1265.0999755859375,1272.449951171875,1321467,HCLTech,HCLTECH.NS
2023-09-25,1122.4168701171875,1263.449951171875,1280.0,1256.5999755859375,1270.0,1246703,HCLTech,HCLTECH.NS
2023-09-26,1120.6400146484375,1261.449951171875,1268.949951171875,1257.0999755859375,1264.0,903152,HCLTech,HCLTECH.NS
2023-09-27,1120.3289794921875,1261.0999755859375,1267.6500244140625,1253.300048828125,1258.5,1670373,HCLTech,HCLTECH.NS
2023-09-28,1103.272216796875,1241.9000244140625,1266.0,1238.550048828125,1261.0999755859375,1807072,HCLTech,HCLTECH.NS
2023-09-29,1096.9649658203125,1234.800048828125,1249.699951171875,1227.25,1235.0999755859375,2338327,HCLTech,HCLTECH.NS
2023-10-03,1100.4295654296875,1238.699951171875,1256.699951171875,1222.699951171875,1232.5,2162636,HCLTech,HCLTECH.NS
2023-10-04,1101.1846923828125,1239.550048828125,1244.800048828125,1225.0,1234.0,2253785,HCLTech,HCLTECH.NS
2023-10-05,1097.542236328125,1235.449951171875,1253.949951171875,1227.800048828125,1249.0,2995200,HCLTech,HCLTECH.NS
2023-10-06,1099.5411376953125,1237.699951171875,1256.0,1230.0999755859375,1252.0,2497711,HCLTech,HCLTECH.NS
2023-10-09,1110.11279296875,1249.5999755859375,1266.6500244140625,1231.1500244140625,1236.0,3430211,HCLTech,HCLTECH.NS
2023-10-10,1120.9510498046875,1261.800048828125,1264.75,1248.199951171875,1255.550048828125,1532394,HCLTech,HCLTECH.NS
2023-10-11,1106.5594482421875,1245.5999755859375,1274.449951171875,1241.0,1266.0,2186131,HCLTech,HCLTECH.NS
2023-10-12,1087.1484375,1223.75,1248.550048828125,1215.1500244140625,1245.0,3921609,HCLTech,HCLTECH.NS
2023-10-13,1115.70947265625,1255.9000244140625,1266.5,1208.550048828125,1211.0,5740821,HCLTech,HCLTECH.NS
2023-10-16,1128.813232421875,1270.6500244140625,1279.300048828125,1260.300048828125,1263.0,2527113,HCLTech,HCLTECH.NS
2023-10-17,1134.587646484375,1277.1500244140625,1279.0,1271.0,1278.9000244140625,1687345,HCLTech,HCLTECH.NS
2023-10-18,1127.7471923828125,1269.449951171875,1281.5,1267.4000244140625,1278.0,1743126,HCLTech,HCLTECH.NS
2023-10-19,1125.8814697265625,1267.3499755859375,1274.75,1264.9000244140625,1266.800048828125,2279726,HCLTech,HCLTECH.NS
2023-10-20,1128.796142578125,1258.5999755859375,1261.3499755859375,1245.449951171875,1252.0,1625449,HCLTech,HCLTECH.NS
2023-10-23,1109.1099853515625,1236.6500244140625,1260.5,1232.300048828125,1248.0,1646367,HCLTech,HCLTECH.NS
2023-10-25,1102.249267578125,1229.0,1252.9000244140625,1225.300048828125,1231.199951171875,1420065,HCLTech,HCLTECH.NS
2023-10-26,1104.7603759765625,1231.800048828125,1238.199951171875,1212.050048828125,1215.0,4617424,HCLTech,HCLTECH.NS
2023-10-27,1137.8544921875,1268.699951171875,1270.0,1233.449951171875,1237.0,2675348,HCLTech,HCLTECH.NS
2023-10-30,1134.31201171875,1264.75,1274.800048828125,1256.0,1270.0,1158770,HCLTech,HCLTECH.NS
2023-10-31,1144.40185546875,1276.0,1279.8499755859375,1256.699951171875,1272.0,2525870,HCLTech,HCLTECH.NS
2023-11-01,1129.1102294921875,1258.949951171875,1285.949951171875,1255.300048828125,1280.0,1572719,HCLTech,HCLTECH.NS
2023-11-02,1142.0699462890625,1273.4000244140625,1275.0,1265.0,1266.0,1368604,HCLTech,HCLTECH.NS
2023-11-03,1135.6573486328125,1266.25,1287.300048828125,1263.0,1282.5999755859375,2052536,HCLTech,HCLTECH.NS
2023-11-06,1138.7515869140625,1269.699951171875,1279.5,1265.1500244140625,1276.25,1175823,HCLTech,HCLTECH.NS
2023-11-07,1142.5633544921875,1273.949951171875,1277.699951171875,1267.0999755859375,1269.0,1385282,HCLTech,HCLTECH.NS
2023-11-08,1136.9130859375,1267.6500244140625,1280.800048828125,1265.9000244140625,1280.0,937671,HCLTech,HCLTECH.NS
2023-11-09,1136.778564453125,1267.5,1275.800048828125,1261.800048828125,1267.6500244140625,1483749,HCLTech,HCLTECH.NS
2023-11-10,1125.9713134765625,1255.449951171875,1271.0,1250.6500244140625,1262.300048828125,1469902,HCLTech,HCLTECH.NS
2023-11-13,1130.9488525390625,1261.0,1263.5999755859375,1253.300048828125,1260.0,730991,HCLTech,HCLTECH.NS
2023-11-15,1144.98486328125,1276.6500244140625,1283.0,1268.4000244140625,1275.0,2410620,HCLTech,HCLTECH.NS
2023-11-16,1175.8367919921875,1311.050048828125,1317.949951171875,1278.0,1283.800048828125,3936945,HCLTech,HCLTECH.NS
2023-11-17,1174.133056640625,1309.1500244140625,1325.75,1306.4000244140625,1313.4000244140625,2882039,HCLTech,HCLTECH.NS
2023-11-20,1188.70703125,1325.4000244140625,1331.699951171875,1314.0,1314.949951171875,2831858,HCLTech,HCLTECH.NS
2023-11-21,1189.783203125,1326.5999755859375,1336.0,1321.800048828125,1335.5999755859375,1514256,HCLTech,HCLTECH.NS
2023-11-22,1192.5633544921875,1329.699951171875,1335.75,1320.4000244140625,1326.5999755859375,1535630,HCLTech,HCLTECH.NS
2023-11-23,1191.9356689453125,1329.0,1335.25,1325.699951171875,1333.949951171875,1307344,HCLTech,HCLTECH.NS
2023-11-24,1174.133056640625,1309.1500244140625,1332.6500244140625,1305.6500244140625,1328.9000244140625,1795933,HCLTech,HCLTECH.NS
2023-11-28,1180.859375,1316.6500244140625,1319.9000244140625,1295.300048828125,1309.1500244140625,2152951,HCLTech,HCLTECH.NS
2023-11-29,1196.3751220703125,1333.949951171875,1338.800048828125,1321.5,1324.0,1835524,HCLTech,HCLTECH.NS
2023-11-30,1202.6085205078125,1340.9000244140625,1346.800048828125,1329.699951171875,1337.0,4104385,HCLTech,HCLTECH.NS
2023-12-01,1198.8414306640625,1336.699951171875,1349.0,1328.0,1346.0,1854324,HCLTech,HCLTECH.NS
2023-12-04,1199.9627685546875,1337.949951171875,1350.0,1331.0,1350.0,1547057,HCLTech,HCLTECH.NS
2023-12-05,1181.6666259765625,1317.550048828125,1347.0,1308.300048828125,1347.0,3932040,HCLTech,HCLTECH.NS
2023-12-06,1192.428955078125,1329.550048828125,1339.949951171875,1319.550048828125,1325.0,2077245,HCLTech,HCLTECH.NS
2023-12-07,1191.0389404296875,1328.0,1337.0,1325.3499755859375,1331.0,1985003,HCLTech,HCLTECH.NS
2023-12-08,1223.4156494140625,1364.0999755859375,1369.949951171875,1329.0,1333.0,4509751,HCLTech,HCLTECH.NS
2023-12-11,1233.460693359375,1375.300048828125,1383.0,1366.050048828125,1370.0999755859375,2824656,HCLTech,HCLTECH.NS
2023-12-12,1233.460693359375,1375.300048828125,1387.0,1370.0,1377.0,2730422,HCLTech,HCLTECH.NS
2023-12-13,1227.989990234375,1369.199951171875,1382.800048828125,1357.050048828125,1379.3499755859375,1896931,HCLTech,HCLTECH.NS
2023-12-14,1268.70751953125,1414.5999755859375,1419.25,1382.0,1391.0,5145574,HCLTech,HCLTECH.NS
2023-12-15,1337.4971923828125,1491.300048828125,1497.0,1422.0,1422.0,7374290,HCLTech,HCLTECH.NS
2023-12-18,1349.156494140625,1504.300048828125,1509.9000244140625,1481.0,1489.8499755859375,3075527,HCLTech,HCLTECH.NS
2023-12-19,1334.8065185546875,1488.300048828125,1504.6500244140625,1477.699951171875,1501.5,2590417,HCLTech,HCLTECH.NS
2023-12-20,1291.4429931640625,1439.949951171875,1503.050048828125,1435.0,1485.0,4368383,HCLTech,HCLTECH.NS
2023-12-21,1275.38916015625,1422.050048828125,1447.050048828125,1420.0999755859375,1421.1500244140625,2841508,HCLTech,HCLTECH.NS
2023-12-22,1311.8468017578125,1462.699951171875,1467.3499755859375,1423.0,1431.0,2303438,HCLTech,HCLTECH.NS
2023-12-26,1307.766357421875,1458.1500244140625,1467.3499755859375,1442.1500244140625,1462.699951171875,1363265,HCLTech,HCLTECH.NS
2023-12-27,1320.232666015625,1472.050048828125,1476.0,1457.550048828125,1465.449951171875,1402329,HCLTech,HCLTECH.NS
2023-12-28,1320.591064453125,1472.449951171875,1482.699951171875,1468.449951171875,1470.5999755859375,1928616,HCLTech,HCLTECH.NS
2023-12-29,1314.89599609375,1466.0999755859375,1481.8499755859375,1457.550048828125,1473.949951171875,1481617,HCLTech,HCLTECH.NS
2024-01-01,1330.7259521484375,1483.75,1495.75,1455.050048828125,1460.0,1222315,HCLTech,HCLTECH.NS
2024-01-02,1317.9903564453125,1469.550048828125,1488.800048828125,1461.3499755859375,1484.050048828125,1440888,HCLTech,HCLTECH.NS
2024-01-03,1289.469970703125,1437.75,1465.0,1435.5,1460.0,1651716,HCLTech,HCLTECH.NS
2024-01-04,1273.505615234375,1419.949951171875,1444.800048828125,1417.1500244140625,1437.0,3392241,HCLTech,HCLTECH.NS
2024-01-05,1285.0306396484375,1432.800048828125,1438.8499755859375,1421.9000244140625,1425.0,1776925,HCLTech,HCLTECH.NS
2024-01-08,1298.5731201171875,1447.9000244140625,1452.5999755859375,1430.550048828125,1435.0,2025264,HCLTech,HCLTECH.NS
2024-01-09,1309.7840576171875,1460.4000244140625,1480.949951171875,1452.3499755859375,1460.5999755859375,3119270,HCLTech,HCLTECH.NS
2024-01-10,1338.2147216796875,1492.0999755859375,1508.0,1466.050048828125,1474.9000244140625,4368914,HCLTech,HCLTECH.NS
2024-01-11,1331.6676025390625,1484.800048828125,1500.0,1474.0,1500.0,2271368,HCLTech,HCLTECH.NS
2024-01-12,1381.8922119140625,1540.800048828125,1555.0,1498.5,1505.0,5862043,HCLTech,HCLTECH.NS
2024-01-15,1424.4036865234375,1588.199951171875,1619.5999755859375,1575.5,1610.0,9712071,HCLTech,HCLTECH.NS
2024-01-16,1395.03125,1555.449951171875,1587.0,1538.0,1587.0,4459799,HCLTech,HCLTECH.NS
2024-01-17,1413.3720703125,1575.9000244140625,1585.0,1516.550048828125,1520.0,3846289,HCLTech,HCLTECH.NS
2024-01-18,1405.88330078125,1567.550048828125,1584.199951171875,1537.050048828125,1577.0,3205598,HCLTech,HCLTECH.NS
2024-01-19,1417.090087890625,1567.949951171875,1590.0,1558.050048828125,1570.0,2374099,HCLTech,HCLTECH.NS
2024-01-23,1377.052734375,1523.6500244140625,1567.9000244140625,1517.050048828125,1558.9000244140625,3196630,HCLTech,HCLTECH.NS
2024-01-24,1424.7271728515625,1576.4000244140625,1581.199951171875,1523.699951171875,1530.0999755859375,2136023,HCLTech,HCLTECH.NS
2024-01-25,1401.0931396484375,1550.25,1570.0,1536.75,1570.0,2641656,HCLTech,HCLTECH.NS
2024-01-29,1423.0552978515625,1574.550048828125,1588.5999755859375,1550.25,1565.0,2521598,HCLTech,HCLTECH.NS
2024-01-30,1409.2724609375,1559.300048828125,1592.449951171875,1555.0,1580.0,1939386,HCLTech,HCLTECH.NS
2024-01-31,1424.3658447265625,1576.0,1581.300048828125,1546.3499755859375,1559.300048828125,7025931,HCLTech,HCLTECH.NS
2024-02-01,1425.6309814453125,1577.4000244140625,1597.0,1566.3499755859375,1576.0,2845408,HCLTech,HCLTECH.NS
2024-02-02,1431.3699951171875,1583.75,1613.9000244140625,1575.0,1584.800048828125,2337374,HCLTech,HCLTECH.NS
2024-02-05,1405.702392578125,1555.3499755859375,1588.5,1551.449951171875,1584.949951171875,1452864,HCLTech,HCLTECH.NS
2024-02-06,1467.521484375,1623.75,1627.0,1558.050048828125,1566.0,4988311,HCLTech,HCLTECH.NS
2024-02-07,1459.9295654296875,1615.3499755859375,1629.9000244140625,1598.949951171875,1628.0,3320199,HCLTech,HCLTECH.NS
2024-02-08,1476.6046142578125,1633.800048828125,1647.699951171875,1617.300048828125,1626.0,3496692,HCLTech,HCLTECH.NS
2024-02-09,1473.71240234375,1630.5999755859375,1646.75,1614.6500244140625,1640.0,3341297,HCLTech,HCLTECH.NS
2024-02-12,1506.56494140625,1666.949951171875,1685.0,1639.0,1639.0,4885445,HCLTech,HCLTECH.NS
2024-02-13,1505.344970703125,1665.5999755859375,1675.0,1648.5999755859375,1675.0,3129897,HCLTech,HCLTECH.NS
2024-02-14,1510.677001953125,1671.5,1676.9000244140625,1625.449951171875,1649.75,1386643,HCLTech,HCLTECH.NS
2024-02-15,1502.5882568359375,1662.550048828125,1696.5,1650.0999755859375,1678.0,2555162,HCLTech,HCLTECH.NS
2024-02-16,1507.0167236328125,1667.449951171875,1677.0,1650.050048828125,1675.0,1776881,HCLTech,HCLTECH.NS
2024-02-19,1514.06640625,1675.25,1682.949951171875,1659.6500244140625,1670.0,762624,HCLTech,HCLTECH.NS
2024-02-20,1503.040283203125,1663.050048828125,1672.75,1645.0,1661.0,2240414,HCLTech,HCLTECH.NS
2024-02-21,1478.8638916015625,1636.300048828125,1664.800048828125,1632.050048828125,1655.550048828125,2890991,HCLTech,HCLTECH.NS
2024-02-22,1524.1436767578125,1686.4000244140625,1691.4000244140625,1639.0,1644.0,3820901,HCLTech,HCLTECH.NS
2024-02-23,1505.48046875,1665.75,1697.3499755859375,1663.449951171875,1697.0,2191549,HCLTech,HCLTECH.NS
2024-02-26,1491.0650634765625,1649.800048828125,1668.8499755859375,1639.5,1665.75,1844253,HCLTech,HCLTECH.NS
2024-02-27,1499.19921875,1658.800048828125,1673.4000244140625,1648.0,1649.0,2049420,HCLTech,HCLTECH.NS
2024-02-28,1492.9630126953125,1651.9000244140625,1672.0,1644.199951171875,1664.699951171875,936575,HCLTech,HCLTECH.NS
2024-02-29,1503.76318359375,1663.8499755859375,1677.75,1636.6500244140625,1642.1500244140625,3532888,HCLTech,HCLTECH.NS
2024-03-01,1485.913330078125,1644.0999755859375,1679.199951171875,1639.0999755859375,1675.449951171875,2371138,HCLTech,HCLTECH.NS
2024-03-04,1480.35498046875,1637.949951171875,1654.0,1635.0,1649.0,1788071,HCLTech,HCLTECH.NS
2024-03-05,1463.544677734375,1619.3499755859375,1629.949951171875,1607.050048828125,1624.0,3339546,HCLTech,HCLTECH.NS
2024-03-06,1486.0037841796875,1644.199951171875,1650.0,1603.8499755859375,1613.0,2366177,HCLTech,HCLTECH.NS
2024-03-07,1480.083984375,1637.6500244140625,1654.550048828125,1630.0999755859375,1650.0,3181239,HCLTech,HCLTECH.NS
2024-03-11,1480.98779296875,1638.6500244140625,1659.800048828125,1632.050048828125,1655.0,2970902,HCLTech,HCLTECH.NS
2024-03-12,1478.231201171875,1635.5999755859375,1665.0,1633.050048828125,1635.9000244140625,2414182,HCLTech,HCLTECH.NS
2024-03-13,1474.525634765625,1631.5,1651.25,1610.3499755859375,1638.75,2564135,HCLTech,HCLTECH.NS
2024-03-14,1517.681396484375,1679.25,1683.0,1610.0,1634.0,3513306,HCLTech,HCLTECH.NS
2024-03-15,1488.8056640625,1647.300048828125,1677.0,1642.8499755859375,1677.0,3931561,HCLTech,HCLTECH.NS
2024-03-18,1485.281005859375,1643.4000244140625,1663.300048828125,1634.25,1649.9000244140625,1183544,HCLTech,HCLTECH.NS
2024-03-19,1445.288330078125,1599.1500244140625,1641.550048828125,1594.0999755859375,1641.550048828125,1915379,HCLTech,HCLTECH.NS
2024-03-20,1434.3975830078125,1587.0999755859375,1619.0999755859375,1578.0999755859375,1604.75,1815178,HCLTech,HCLTECH.NS
2024-03-21,1442.2606201171875,1595.800048828125,1619.949951171875,1583.3499755859375,1608.0,2684744,HCLTech,HCLTECH.NS
2024-03-22,1407.9619140625,1557.8499755859375,1571.449951171875,1508.199951171875,1560.0,7468824,HCLTech,HCLTECH.NS
2024-03-26,1411.938720703125,1562.25,1592.550048828125,1555.550048828125,1562.25,4496344,HCLTech,HCLTECH.NS
2024-03-27,1397.432861328125,1546.199951171875,1576.8499755859375,1540.0,1569.0,2589697,HCLTech,HCLTECH.NS
2024-03-28,1395.03759765625,1543.550048828125,1561.050048828125,1531.0,1549.0,5301493,HCLTech,HCLTECH.NS
2024-04-01,1406.9224853515625,1556.699951171875,1569.0,1548.0,1549.0,1014857,HCLTech,HCLTECH.NS
2024-04-02,1381.2548828125,1528.300048828125,1565.0,1525.0999755859375,1559.0,2031775,HCLTech,HCLTECH.NS
2024-04-03,1388.07861328125,1535.8499755859375,1558.449951171875,1518.0,1525.3499755859375,3343884,HCLTech,HCLTECH.NS
2024-04-04,1391.51318359375,1539.6500244140625,1552.5,1518.699951171875,1540.800048828125,3388449,HCLTech,HCLTECH.NS
2024-04-05,1396.57421875,1545.25,1547.699951171875,1523.800048828125,1542.449951171875,2773570,HCLTech,HCLTECH.NS
2024-04-08,1391.8746337890625,1540.050048828125,1554.0,1537.6500244140625,1554.0,1820136,HCLTech,HCLTECH.NS
2024-04-09,1392.28125,1540.5,1561.800048828125,1534.550048828125,1540.0,2432095,HCLTech,HCLTECH.NS
2024-04-10,1391.0611572265625,1539.1500244140625,1552.1500244140625,1536.199951171875,1541.050048828125,1829986,HCLTech,HCLTECH.NS
2024-04-12,1375.109375,1521.5,1542.949951171875,1516.199951171875,1537.0,4319991,HCLTech,HCLTECH.NS
2024-04-15,1360.2421875,1505.050048828125,1530.5,1494.0,1507.0999755859375,3295684,HCLTech,HCLTECH.NS
2024-04-16,1335.1622314453125,1477.300048828125,1501.5999755859375,1467.300048828125,1486.3499755859375,2446933,HCLTech,HCLTECH.NS
2024-04-18,1325.71728515625,1466.8499755859375,1480.9000244140625,1452.0999755859375,1477.050048828125,5180223,HCLTech,HCLTECH.NS
2024-04-19,1308.2293701171875,1447.5,1455.5,1435.0,1442.0,5219506,HCLTech,HCLTECH.NS
2024-04-22,1324.85888671875,1465.9000244140625,1473.300048828125,1450.5,1452.199951171875,1939632,HCLTech,HCLTECH.NS
2024-04-23,1343.6123046875,1486.6500244140625,1501.449951171875,1471.0999755859375,1474.9000244140625,2783858,HCLTech,HCLTECH.NS
2024-04-24,1336.924560546875,1479.25,1496.949951171875,1476.300048828125,1490.0,1321471,HCLTech,HCLTECH.NS
2024-04-25,1359.4287109375,1504.1500244140625,1515.050048828125,1479.949951171875,1479.949951171875,4558032,HCLTech,HCLTECH.NS
2024-04-26,1332.0439453125,1473.8499755859375,1531.449951171875,1464.949951171875,1516.8499755859375,4328477,HCLTech,HCLTECH.NS
2024-04-29,1253.911865234375,1387.4000244140625,1436.0,1381.0,1415.0,11493223,HCLTech,HCLTECH.NS
2024-04-30,1235.113037109375,1366.5999755859375,1397.9000244140625,1362.449951171875,1376.4000244140625,7606726,HCLTech,HCLTECH.NS
2024-05-02,1229.7806396484375,1360.699951171875,1377.9000244140625,1358.0,1358.0,6555505,HCLTech,HCLTECH.NS
2024-05-03,1218.3477783203125,1348.050048828125,1370.0,1333.550048828125,1370.0,5964228,HCLTech,HCLTECH.NS
2024-05-06,1228.0634765625,1358.800048828125,1365.0,1348.5,1358.0,2504082,HCLTech,HCLTECH.NS
2024-05-07,1219.04150390625,1330.949951171875,1348.9000244140625,1326.1500244140625,1347.949951171875,5096525,HCLTech,HCLTECH.NS
2024-05-08,1203.1964111328125,1313.6500244140625,1334.0,1307.300048828125,1330.949951171875,6832455,HCLTech,HCLTECH.NS
2024-05-09,1209.0582275390625,1320.050048828125,1339.0,1314.5,1315.0,5653762,HCLTech,HCLTECH.NS
2024-05-10,1205.5318603515625,1316.199951171875,1322.9000244140625,1303.5999755859375,1320.0999755859375,3357203,HCLTech,HCLTECH.NS
2024-05-13,1202.5093994140625,1312.9000244140625,1321.9000244140625,1301.6500244140625,1316.199951171875,2316566,HCLTech,HCLTECH.NS
2024-05-14,1209.97412109375,1321.050048828125,1326.949951171875,1308.699951171875,1322.0,3200462,HCLTech,HCLTECH.NS
2024-05-15,1220.8277587890625,1332.9000244140625,1340.300048828125,1318.25,1319.25,2975965,HCLTech,HCLTECH.NS
2024-05-16,1234.795654296875,1348.1500244140625,1357.800048828125,1328.5,1345.0,5055915,HCLTech,HCLTECH.NS
2024-05-17,1221.102294921875,1333.199951171875,1351.0,1330.199951171875,1351.0,2487831,HCLTech,HCLTECH.NS
2024-05-21,1229.071044921875,1341.9000244140625,1349.8499755859375,1314.0,1314.0,4966721,HCLTech,HCLTECH.NS
2024-05-22,1230.124267578125,1343.050048828125,1352.9000244140625,1340.0,1348.949951171875,2390777,HCLTech,HCLTECH.NS
2024-05-23,1239.741455078125,1353.550048828125,1358.449951171875,1338.0,1346.6500244140625,3326149,HCLTech,HCLTECH.NS
2024-05-24,1232.093505859375,1345.199951171875,1360.0,1340.8499755859375,1360.0,1769966,HCLTech,HCLTECH.NS
2024-05-27,1239.512451171875,1353.300048828125,1359.5999755859375,1338.0,1351.0,1942325,HCLTech,HCLTECH.NS
2024-05-28,1244.18359375,1358.4000244140625,1363.300048828125,1345.5999755859375,1357.8499755859375,2147233,HCLTech,HCLTECH.NS
2024-05-29,1239.3292236328125,1353.0999755859375,1366.5999755859375,1346.949951171875,1366.0,3845920,HCLTech,HCLTECH.NS
2024-05-30,1219.865966796875,1331.8499755859375,1351.550048828125,1325.0999755859375,1346.0,4150461,HCLTech,HCLTECH.NS
2024-05-31,1212.7677001953125,1324.0999755859375,1340.9000244140625,1315.75,1331.8499755859375,10319045,HCLTech,HCLTECH.NS
2024-06-03,1203.928955078125,1314.449951171875,1354.75,1309.8499755859375,1350.550048828125,5384064,HCLTech,HCLTECH.NS
2024-06-04,1193.945556640625,1303.550048828125,1325.0,1235.0,1325.0,5447244,HCLTech,HCLTECH.NS
2024-06-05,1230.7196044921875,1343.699951171875,1356.9000244140625,1316.0999755859375,1320.0,3005139,HCLTech,HCLTECH.NS
2024-06-06,1279.99609375,1397.5,1399.800048828125,1350.9000244140625,1354.0,5936709,HCLTech,HCLTECH.NS
2024-06-07,1311.1370849609375,1431.5,1438.6500244140625,1398.0,1407.0,5884025,HCLTech,HCLTECH.NS
2024-06-10,1299.459228515625,1418.75,1442.0,1397.5,1440.0,3293739,HCLTech,HCLTECH.NS
2024-06-11,1308.6644287109375,1428.800048828125,1437.949951171875,1415.4000244140625,1425.0,2269082,HCLTech,HCLTECH.NS
2024-06-12,1317.777587890625,1438.75,1472.0,1434.5,1472.0,5990861,HCLTech,HCLTECH.NS
2024-06-13,1322.7235107421875,1444.1500244140625,1457.699951171875,1437.0999755859375,1447.75,4232861,HCLTech,HCLTECH.NS
2024-06-14,1310.7252197265625,1431.050048828125,1446.0,1424.4000244140625,1444.1500244140625,3065114,HCLTech,HCLTECH.NS
2024-06-18,1316.3577880859375,1437.199951171875,1439.75,1427.050048828125,1431.050048828125,2223029,HCLTech,HCLTECH.NS
2024-06-19,1324.280517578125,1445.8499755859375,1451.9000244140625,1430.300048828125,1440.050048828125,3117522,HCLTech,HCLTECH.NS
2024-06-20,1322.0823974609375,1443.449951171875,1448.949951171875,1429.550048828125,1448.949951171875,3163919,HCLTech,HCLTECH.NS
2024-06-21,1326.1124267578125,1447.8499755859375,1481.949951171875,1439.199951171875,1462.0,6489262,HCLTech,HCLTECH.NS
2024-06-24,1319.7010498046875,1440.8499755859375,1443.949951171875,1426.5999755859375,1437.8499755859375,1988692,HCLTech,HCLTECH.NS
2024-06-25,1326.2039794921875,1447.949951171875,1450.0999755859375,1426.449951171875,1440.949951171875,2079037,HCLTech,HCLTECH.NS
2024-06-26,1322.3114013671875,1443.699951171875,1453.300048828125,1438.199951171875,1447.949951171875,1917424,HCLTech,HCLTECH.NS
2024-06-27,1332.5697021484375,1454.9000244140625,1460.550048828125,1423.5,1435.0,6613193,HCLTech,HCLTECH.NS
2024-06-28,1336.8743896484375,1459.5999755859375,1468.699951171875,1442.0,1468.0,4943575,HCLTech,HCLTECH.NS
2024-07-01,1345.3468017578125,1468.8499755859375,1478.5999755859375,1455.0,1465.0,3723295,HCLTech,HCLTECH.NS
2024-07-02,1356.292236328125,1480.800048828125,1492.449951171875,1473.0,1475.0,3811366,HCLTech,HCLTECH.NS
2024-07-03,1356.47509765625,1481.0,1489.0,1471.199951171875,1489.0,2070876,HCLTech,HCLTECH.NS
2024-07-04,1394.348388671875,1522.3499755859375,1534.550048828125,1485.0,1485.0,6822557,HCLTech,HCLTECH.NS
2024-07-05,1391.6466064453125,1519.4000244140625,1529.25,1505.550048828125,1523.0,3061687,HCLTech,HCLTECH.NS
2024-07-08,1404.469482421875,1533.4000244140625,1540.0,1506.199951171875,1528.0,2939620,HCLTech,HCLTECH.NS
2024-07-09,1402.3626708984375,1531.0999755859375,1546.300048828125,1525.0,1533.4000244140625,2658608,HCLTech,HCLTECH.NS
2024-07-10,1382.9908447265625,1509.949951171875,1532.5999755859375,1487.8499755859375,1531.0999755859375,3507096,HCLTech,HCLTECH.NS
2024-07-11,1384.7769775390625,1511.9000244140625,1534.0,1508.050048828125,1515.0,3304053,HCLTech,HCLTECH.NS
2024-07-12,1429.0159912109375,1560.199951171875,1566.0,1510.5,1530.0,6430647,HCLTech,HCLTECH.NS
2024-07-15,1437.62548828125,1569.5999755859375,1636.4000244140625,1567.4000244140625,1580.0,10337489,HCLTech,HCLTECH.NS
2024-07-16,1437.5799560546875,1569.550048828125,1583.0,1555.0,1565.0,3540650,HCLTech,HCLTECH.NS
2024-07-18,1460.4779052734375,1594.550048828125,1599.25,1557.0,1558.050048828125,4399468,HCLTech,HCLTECH.NS
2024-07-19,1460.4779052734375,1594.550048828125,1616.449951171875,1588.5999755859375,1610.5,5633838,HCLTech,HCLTECH.NS
2024-07-22,1444.494873046875,1577.0999755859375,1594.5,1570.9000244140625,1588.5999755859375,2704495,HCLTech,HCLTECH.NS
2024-07-23,1475.1827392578125,1598.3499755859375,1600.800048828125,1551.0999755859375,1574.0,2907674,HCLTech,HCLTECH.NS
2024-07-24,1461.6614990234375,1583.699951171875,1598.0,1576.8499755859375,1594.0,2484299,HCLTech,HCLTECH.NS
2024-07-25,1465.260986328125,1587.5999755859375,1594.0,1562.8499755859375,1570.0,2934731,HCLTech,HCLTECH.NS
2024-07-26,1509.3316650390625,1635.3499755859375,1640.0,1594.0,1602.800048828125,2814159,HCLTech,HCLTECH.NS
2024-07-29,1506.562744140625,1632.3499755859375,1645.0,1620.0,1640.199951171875,1639491,HCLTech,HCLTECH.NS
2024-07-30,1504.62451171875,1630.25,1633.0,1618.0,1629.0,1783877,HCLTech,HCLTECH.NS
2024-07-31,1516.0230712890625,1642.5999755859375,1645.0,1619.199951171875,1621.0,1984986,HCLTech,HCLTECH.NS
2024-08-01,1514.130859375,1640.550048828125,1655.5,1636.0999755859375,1640.050048828125,1785188,HCLTech,HCLTECH.NS
2024-08-02,1485.2890625,1609.300048828125,1639.0,1601.1500244140625,1620.050048828125,1692851,HCLTech,HCLTECH.NS
2024-08-05,1442.0030517578125,1562.4000244140625,1595.699951171875,1537.0,1575.0,3279717,HCLTech,HCLTECH.NS
2024-08-06,1460.7850341796875,1582.75,1605.0,1563.0,1563.0,2138704,HCLTech,HCLTECH.NS
2024-08-07,1471.7216796875,1594.5999755859375,1615.0,1590.0,1605.0,1897787,HCLTech,HCLTECH.NS
2024-08-08,1437.8037109375,1557.8499755859375,1602.0,1554.550048828125,1597.0,2373805,HCLTech,HCLTECH.NS
2024-08-09,1467.429931640625,1589.949951171875,1602.0,1575.8499755859375,1584.9000244140625,2021762,HCLTech,HCLTECH.NS
2024-08-12,1463.09228515625,1585.25,1600.5,1573.8499755859375,1590.0,1273739,HCLTech,HCLTECH.NS
2024-08-13,1469.922119140625,1592.6500244140625,1608.4000244140625,1577.6500244140625,1578.0,1973825,HCLTech,HCLTECH.NS
2024-08-14,1500.8404541015625,1626.1500244140625,1629.75,1598.25,1600.0999755859375,3932148,HCLTech,HCLTECH.NS
2024-08-16,1539.6964111328125,1668.25,1674.0,1632.699951171875,1635.0,3101056,HCLTech,HCLTECH.NS
2024-08-19,1549.156494140625,1678.5,1685.0,1659.050048828125,1665.0,1631947,HCLTech,HCLTECH.NS
2024-08-20,1556.770751953125,1686.75,1695.050048828125,1669.199951171875,1680.0,2786109,HCLTech,HCLTECH.NS
2024-08-21,1548.0029296875,1677.25,1688.8499755859375,1673.75,1686.0,1410370,HCLTech,HCLTECH.NS
2024-08-22,1546.9874267578125,1676.1500244140625,1687.0,1673.0,1687.0,1749127,HCLTech,HCLTECH.NS
2024-08-23,1533.4202880859375,1661.449951171875,1685.949951171875,1657.1500244140625,1676.050048828125,2158185,HCLTech,HCLTECH.NS
2024-08-26,1586.950927734375,1719.449951171875,1734.0,1667.0999755859375,1671.0,2672708,HCLTech,HCLTECH.NS
2024-08-27,1579.705810546875,1711.5999755859375,1756.8499755859375,1705.0999755859375,1725.8499755859375,3556487,HCLTech,HCLTECH.NS
2024-08-28,1586.950927734375,1719.449951171875,1737.75,1693.050048828125,1712.550048828125,2516461,HCLTech,HCLTECH.NS
2024-08-29,1616.854248046875,1751.8499755859375,1756.0,1697.25,1714.0,5112407,HCLTech,HCLTECH.NS
2024-08-30,1618.1461181640625,1753.25,1766.300048828125,1742.199951171875,1751.8499755859375,4792561,HCLTech,HCLTECH.NS
2024-09-02,1667.4315185546875,1806.6500244140625,1812.0,1760.0,1764.199951171875,4445349,HCLTech,HCLTECH.NS
2024-09-03,1652.479736328125,1790.449951171875,1817.1500244140625,1787.050048828125,1806.0,2553290,HCLTech,HCLTECH.NS
2024-09-04,1647.6805419921875,1785.25,1795.6500244140625,1765.0,1765.0999755859375,2644961,HCLTech,HCLTECH.NS
2024-09-05,1652.5721435546875,1790.550048828125,1797.699951171875,1767.300048828125,1792.0,2878565,HCLTech,HCLTECH.NS
2024-09-06,1620.776611328125,1756.0999755859375,1795.75,1740.050048828125,1788.0,3351716,HCLTech,HCLTECH.NS
2024-09-09,1612.147216796875,1746.75,1766.300048828125,1741.1500244140625,1758.3499755859375,1418238,HCLTech,HCLTECH.NS
2024-09-10,1642.0042724609375,1779.0999755859375,1789.300048828125,1747.1500244140625,1749.449951171875,2307528,HCLTech,HCLTECH.NS
2024-09-11,1641.681396484375,1778.75,1796.8499755859375,1773.699951171875,1778.199951171875,2303930,HCLTech,HCLTECH.NS
2024-09-12,1668.30810546875,1807.5999755859375,1814.199951171875,1777.0999755859375,1800.0,3349489,HCLTech,HCLTECH.NS
2024-09-13,1673.1075439453125,1812.800048828125,1820.0,1795.6500244140625,1805.0,1599349,HCLTech,HCLTECH.NS
2024-09-16,1672.230712890625,1811.8499755859375,1824.25,1808.199951171875,1819.0,836199,HCLTech,HCLTECH.NS
2024-09-17,1673.9842529296875,1813.75,1828.0,1807.199951171875,1811.949951171875,830317,HCLTech,HCLTECH.NS
2024-09-18,1621.145751953125,1756.5,1808.0999755859375,1740.0999755859375,1808.0999755859375,2629136,HCLTech,HCLTECH.NS
2024-09-19,1602.6871337890625,1736.5,1776.0,1721.5,1776.0,4167373,HCLTech,HCLTECH.NS
2024-09-20,1624.4224853515625,1760.050048828125,1766.0999755859375,1721.4000244140625,1748.0,4644317,HCLTech,HCLTECH.NS
2024-09-23,1617.731201171875,1752.800048828125,1764.0,1732.5,1764.0,1541597,HCLTech,HCLTECH.NS
2024-09-24,1638.7740478515625,1775.5999755859375,1783.5,1738.3499755859375,1750.0,1907389,HCLTech,HCLTECH.NS
2024-09-25,1645.050048828125,1782.4000244140625,1784.050048828125,1755.0,1778.800048828125,2240579,HCLTech,HCLTECH.NS
2024-09-26,1646.3883056640625,1783.8499755859375,1808.4000244140625,1778.9000244140625,1782.25,4303250,HCLTech,HCLTECH.NS
2024-09-27,1669.0465087890625,1808.4000244140625,1828.550048828125,1796.550048828125,1810.0,4099016,HCLTech,HCLTECH.NS
2024-09-30,1657.6943359375,1796.0999755859375,1820.699951171875,1789.1500244140625,1808.0,2117894,HCLTech,HCLTECH.NS
2024-10-01,1676.522216796875,1816.5,1822.449951171875,1790.0,1790.0,1642542,HCLTech,HCLTECH.NS
2024-10-03,1641.4969482421875,1778.550048828125,1809.300048828125,1770.0,1778.0,3552386,HCLTech,HCLTECH.NS
2024-10-04,1639.697021484375,1776.5999755859375,1807.9000244140625,1767.25,1778.0,2982759,HCLTech,HCLTECH.NS
2024-10-07,1640.02001953125,1776.949951171875,1804.199951171875,1767.9000244140625,1784.949951171875,3419048,HCLTech,HCLTECH.NS
2024-10-08,1651.5567626953125,1789.449951171875,1794.0,1743.0,1774.0,2353030,HCLTech,HCLTECH.NS
2024-10-09,1670.246337890625,1809.699951171875,1825.0,1790.1500244140625,1793.050048828125,2499596,HCLTech,HCLTECH.NS
2024-10-10,1669.2774658203125,1808.6500244140625,1839.949951171875,1797.0,1820.0,3753869,HCLTech,HCLTECH.NS
2024-10-11,1697.888427734375,1839.6500244140625,1852.800048828125,1800.6500244140625,1804.0,2977110,HCLTech,HCLTECH.NS
2024-10-14,1712.8863525390625,1855.9000244140625,1865.5,1832.4000244140625,1846.050048828125,1751092,HCLTech,HCLTECH.NS
2024-10-15,1725.9918212890625,1870.0999755859375,1882.75,1829.949951171875,1830.0,5696544,HCLTech,HCLTECH.NS
2024-10-16,1721.5157470703125,1865.25,1885.0,1854.050048828125,1869.0,2144442,HCLTech,HCLTECH.NS
2024-10-17,1723.869384765625,1867.800048828125,1877.050048828125,1851.449951171875,1869.9000244140625,2399099,HCLTech,HCLTECH.NS
2024-10-18,1714.54736328125,1857.699951171875,1873.9000244140625,1843.0,1867.0,2366406,HCLTech,HCLTECH.NS
2024-10-21,1701.5340576171875,1843.5999755859375,1888.5,1840.0,1875.300048828125,1284980,HCLTech,HCLTECH.NS
2024-10-22,1693.3126220703125,1822.75,1852.0,1819.5,1829.800048828125,2089660,HCLTech,HCLTECH.NS
2024-10-23,1714.679443359375,1845.75,1865.0,1793.5,1793.5,2522186,HCLTech,HCLTECH.NS
2024-10-24,1713.889404296875,1844.9000244140625,1862.949951171875,1837.699951171875,1845.0,1621637,HCLTech,HCLTECH.NS
2024-10-25,1720.8104248046875,1852.3499755859375,1871.550048828125,1840.199951171875,1860.0,4078295,HCLTech,HCLTECH.NS
2024-10-28,1738.8330078125,1871.75,1876.800048828125,1845.0999755859375,1845.0999755859375,2418907,HCLTech,HCLTECH.NS
2024-10-29,1738.8330078125,1871.75,1875.9000244140625,1851.199951171875,1871.75,1719955,HCLTech,HCLTECH.NS
2024-10-30,1708.222900390625,1838.800048828125,1869.449951171875,1835.300048828125,1861.0,1732047,HCLTech,HCLTECH.NS
2024-10-31,1640.6387939453125,1766.050048828125,1843.9000244140625,1756.550048828125,1840.0,3616088,HCLTech,HCLTECH.NS
2024-11-01,1632.6031494140625,1757.4000244140625,1781.300048828125,1751.0,1777.0,242223,HCLTech,HCLTECH.NS
2024-11-04,1637.7589111328125,1762.949951171875,1782.0999755859375,1745.0,1763.0,2843690,HCLTech,HCLTECH.NS
2024-11-05,1647.6063232421875,1773.550048828125,1783.3499755859375,1761.5,1769.0,1818350,HCLTech,HCLTECH.NS
2024-11-06,1707.851318359375,1838.4000244140625,1853.0,1783.0,1791.0999755859375,3477029,HCLTech,HCLTECH.NS
2024-11-07,1701.8590087890625,1831.949951171875,1862.550048828125,1814.199951171875,1850.050048828125,2173869,HCLTech,HCLTECH.NS
2024-11-08,1707.01513671875,1837.5,1854.1500244140625,1828.050048828125,1838.949951171875,1521324,HCLTech,HCLTECH.NS
2024-11-11,1734.698974609375,1867.300048828125,1874.0,1834.0,1846.699951171875,1679869,HCLTech,HCLTECH.NS
2024-11-12,1739.854736328125,1872.8499755859375,1892.949951171875,1864.449951171875,1891.0,2711052,HCLTech,HCLTECH.NS
2024-11-13,1732.330078125,1864.75,1879.5999755859375,1859.0999755859375,1866.0,1254074,HCLTech,HCLTECH.NS
2024-11-14,1726.94189453125,1858.949951171875,1897.0,1846.3499755859375,1872.0,2462563,HCLTech,HCLTECH.NS
2024-11-18,1704.692626953125,1835.0,1865.050048828125,1815.0,1858.949951171875,2483933,HCLTech,HCLTECH.NS
2024-11-19,1691.268798828125,1820.550048828125,1865.0,1817.300048828125,1837.0,2354204,HCLTech,HCLTECH.NS
2024-11-21,1705.9466552734375,1836.3499755859375,1839.550048828125,1820.199951171875,1835.0,1841245,HCLTech,HCLTECH.NS
2024-11-22,1763.5904541015625,1898.4000244140625,1902.0,1836.5,1846.3499755859375,2765950,HCLTech,HCLTECH.NS
2024-11-25,1757.365966796875,1891.699951171875,1919.949951171875,1878.5,1919.0,6531524,HCLTech,HCLTECH.NS
2024-11-26,1764.658935546875,1899.550048828125,1914.949951171875,1889.1500244140625,1890.0999755859375,2079873,HCLTech,HCLTECH.NS
2024-11-27,1756.762451171875,1891.050048828125,1917.0,1887.0999755859375,1896.75,1631975,HCLTech,HCLTECH.NS
2024-11-28,1710.1737060546875,1840.9000244140625,1900.5,1835.0,1885.0999755859375,3631255,HCLTech,HCLTECH.NS
2024-11-29,1716.81591796875,1848.050048828125,1872.300048828125,1833.949951171875,1842.0,2482280,HCLTech,HCLTECH.NS
2024-12-02,1738.6007080078125,1871.5,1878.550048828125,1835.449951171875,1848.050048828125,2014744,HCLTech,HCLTECH.NS
2024-12-03,1756.483642578125,1890.75,1896.300048828125,1872.050048828125,1884.0,2954648,HCLTech,HCLTECH.NS
2024-12-04,1762.8936767578125,1897.6500244140625,1911.0,1877.5999755859375,1882.0,3730643,HCLTech,HCLTECH.NS
2024-12-05,1787.3724365234375,1924.0,1938.0999755859375,1884.0,1885.0,3881814,HCLTech,HCLTECH.NS
2024-12-06,1786.1646728515625,1922.699951171875,1939.3499755859375,1915.300048828125,1926.0,2250408,HCLTech,HCLTECH.NS
2024-12-09,1774.2738037109375,1909.9000244140625,1926.050048828125,1901.0,1915.0,1379520,HCLTech,HCLTECH.NS
2024-12-10,1798.8455810546875,1936.3499755859375,1942.800048828125,1912.199951171875,1916.449951171875,2695207,HCLTech,HCLTECH.NS
2024-12-11,1793.782470703125,1930.9000244140625,1934.800048828125,1916.0,1926.25,1387117,HCLTech,HCLTECH.NS
2024-12-12,1798.706298828125,1936.199951171875,1949.0,1921.5,1924.949951171875,2306173,HCLTech,HCLTECH.NS
2024-12-13,1828.9912109375,1968.800048828125,1975.0,1912.3499755859375,1939.0,2569918,HCLTech,HCLTECH.NS
2024-12-16,1815.6138916015625,1954.4000244140625,1980.0,1950.25,1970.8499755859375,1371189,HCLTech,HCLTECH.NS
2024-12-17,1812.0836181640625,1950.5999755859375,1963.199951171875,1938.0,1945.300048828125,1987909,HCLTech,HCLTECH.NS
2024-12-18,1821.1412353515625,1960.3499755859375,1971.949951171875,1946.75,1949.0,3460812,HCLTech,HCLTECH.NS
2024-12-19,1796.8946533203125,1934.25,1946.199951171875,1910.0,1910.0,1916115,HCLTech,HCLTECH.NS
2024-12-20,1775.620849609375,1911.3499755859375,1957.6500244140625,1896.4000244140625,1954.5999755859375,3786921,HCLTech,HCLTECH.NS
2024-12-23,1767.8636474609375,1903.0,1939.4000244140625,1899.1500244140625,1918.5,2058339,HCLTech,HCLTECH.NS
2024-12-24,1762.243408203125,1896.949951171875,1923.6500244140625,1889.25,1908.5999755859375,1310301,HCLTech,HCLTECH.NS
2024-12-26,1765.7735595703125,1900.75,1908.9000244140625,1886.300048828125,1905.5999755859375,1065107,HCLTech,HCLTECH.NS
2024-12-27,1757.6451416015625,1892.0,1902.9000244140625,1882.699951171875,1900.0,1328546,HCLTech,HCLTECH.NS
2024-12-30,1791.9710693359375,1928.949951171875,1968.949951171875,1865.6500244140625,1888.0,6262203,HCLTech,HCLTECH.NS
2024-12-31,1781.2413330078125,1917.4000244140625,1927.800048828125,1878.550048828125,1915.199951171875,1968650,HCLTech,HCLTECH.NS
2025-01-01,1776.1781005859375,1911.949951171875,1936.949951171875,1907.9000244140625,1917.4000244140625,880695,HCLTech,HCLTECH.NS
2025-01-02,1832.1495361328125,1972.199951171875,1976.300048828125,1910.050048828125,1911.949951171875,3487645,HCLTech,HCLTECH.NS
2025-01-03,1808.4140625,1946.6500244140625,1992.0999755859375,1941.0,1980.0,2853344,HCLTech,HCLTECH.NS
2025-01-06,1814.3597412109375,1953.050048828125,1973.4000244140625,1930.0,1951.25,1789037,HCLTech,HCLTECH.NS
2025-01-07,1779.84765625,1915.9000244140625,1981.0,1908.9000244140625,1960.0,2494547,HCLTech,HCLTECH.NS
2025-01-08,1795.03662109375,1932.25,1938.5,1894.550048828125,1906.300048828125,2372138,HCLTech,HCLTECH.NS
2025-01-09,1797.405517578125,1934.800048828125,1944.449951171875,1920.0,1926.800048828125,2742139,HCLTech,HCLTECH.NS
2025-01-10,1853.423583984375,1995.0999755859375,2002.3499755859375,1935.25,1936.0,4802079,HCLTech,HCLTECH.NS
2025-01-13,1848.128173828125,1989.4000244140625,2012.199951171875,1965.4000244140625,1994.9000244140625,5694121,HCLTech,HCLTECH.NS
2025-01-14,1684.7659912109375,1813.550048828125,1939.0,1797.75,1936.0999755859375,15819311,HCLTech,HCLTECH.NS
2025-01-15,1696.0528564453125,1825.699951171875,1843.550048828125,1812.550048828125,1836.0,3350594,HCLTech,HCLTECH.NS
2025-01-16,1664.978271484375,1792.25,1837.949951171875,1785.300048828125,1833.0,5362008,HCLTech,HCLTECH.NS
2025-01-17,1678.72607421875,1788.9000244140625,1793.0999755859375,1750.050048828125,1773.0,2424374,HCLTech,HCLTECH.NS
2025-01-20,1685.57666015625,1796.199951171875,1799.0,1762.5999755859375,1790.0999755859375,3401004,HCLTech,HCLTECH.NS
2025-01-21,1691.3946533203125,1802.4000244140625,1820.75,1791.4000244140625,1791.4000244140625,4005357,HCLTech,HCLTECH.NS
2025-01-22,1715.136474609375,1827.699951171875,1831.449951171875,1804.050048828125,1808.199951171875,3009261,HCLTech,HCLTECH.NS
2025-01-23,1695.7115478515625,1807.0,1828.949951171875,1804.199951171875,1817.050048828125,3750930,HCLTech,HCLTECH.NS
2025-01-24,1682.432861328125,1792.8499755859375,1829.4000244140625,1791.0999755859375,1800.0,3171259,HCLTech,HCLTECH.NS
2025-01-27,1606.5152587890625,1711.949951171875,1779.75,1707.300048828125,1775.0,4174844,HCLTech,HCLTECH.NS
2025-01-28,1588.967041015625,1693.25,1730.5,1691.0,1711.949951171875,5079829,HCLTech,HCLTECH.NS
2025-01-29,1613.131103515625,1719.0,1724.0999755859375,1696.0,1696.0,3733620,HCLTech,HCLTECH.NS
2025-01-30,1607.594482421875,1713.0999755859375,1732.949951171875,1697.8499755859375,1722.0,2543744,HCLTech,HCLTECH.NS
2025-01-31,1619.1839599609375,1725.449951171875,1738.199951171875,1709.050048828125,1709.050048828125,2033832,HCLTech,HCLTECH.NS
2025-02-01,1589.6707763671875,1694.0,1731.949951171875,1688.0,1726.0,569018,HCLTech,HCLTECH.NS
2025-02-03,1587.7939453125,1692.0,1700.5999755859375,1661.5,1665.0,2659929,HCLTech,HCLTECH.NS
2025-02-04,1625.846435546875,1732.550048828125,1735.9000244140625,1692.050048828125,1695.0999755859375,3647768,HCLTech,HCLTECH.NS
2025-02-05,1607.35986328125,1712.8499755859375,1746.800048828125,1710.0,1730.0,2681942,HCLTech,HCLTECH.NS
2025-02-06,1617.35400390625,1723.5,1728.449951171875,1712.8499755859375,1723.8499755859375,2057798,HCLTech,HCLTECH.NS
2025-02-07,1619.3717041015625,1725.6500244140625,1731.0,1700.6500244140625,1723.1500244140625,2428098,HCLTech,HCLTECH.NS
2025-02-10,1627.0665283203125,1733.8499755859375,1740.0,1712.0999755859375,1723.949951171875,1823071,HCLTech,HCLTECH.NS
2025-02-11,1617.072509765625,1723.199951171875,1749.0,1715.0,1742.800048828125,1702553,HCLTech,HCLTECH.NS
2025-02-12,1611.535888671875,1717.300048828125,1742.4000244140625,1699.1500244140625,1723.9000244140625,2214307,HCLTech,HCLTECH.NS
2025-02-13,1598.210205078125,1703.0999755859375,1729.949951171875,1700.25,1712.0,1838463,HCLTech,HCLTECH.NS
2025-02-14,1605.8583984375,1711.25,1723.4000244140625,1699.949951171875,1711.0,1460459,HCLTech,HCLTECH.NS
2025-02-17,1604.591796875,1709.9000244140625,1720.1500244140625,1694.0999755859375,1711.25,1127023,HCLTech,HCLTECH.NS
2025-02-18,1619.230712890625,1725.5,1728.5,1701.25,1706.0,1511900,HCLTech,HCLTECH.NS
2025-02-19,1606.84375,1712.300048828125,1731.5999755859375,1703.449951171875,1723.199951171875,1294110,HCLTech,HCLTECH.NS
2025-02-20,1583.6181640625,1687.550048828125,1714.550048828125,1683.550048828125,1705.199951171875,1681532,HCLTech,HCLTECH.NS
2025-02-21,1595.9581298828125,1700.699951171875,1704.1500244140625,1685.1500244140625,1690.0,1222563,HCLTech,HCLTECH.NS
2025-02-24,1542.797119140625,1644.050048828125,1690.0,1637.5999755859375,1685.0,4455420,HCLTech,HCLTECH.NS
2025-02-25,1535.3369140625,1636.0999755859375,1651.949951171875,1631.25,1636.0,1951519,HCLTech,HCLTECH.NS
2025-02-27,1528.8616943359375,1629.199951171875,1660.0,1615.199951171875,1620.0,2266866,HCLTech,HCLTECH.NS
2025-02-28,1478.0467529296875,1575.050048828125,1614.949951171875,1562.449951171875,1612.0,4910121,HCLTech,HCLTECH.NS
2025-03-03,1475.5599365234375,1572.4000244140625,1603.4000244140625,1568.449951171875,1575.050048828125,1784684,HCLTech,HCLTECH.NS
2025-03-04,1440.932373046875,1535.5,1560.0,1523.0,1560.0,3246644,HCLTech,HCLTECH.NS
2025-03-05,1476.075927734375,1572.949951171875,1581.4000244140625,1531.050048828125,1532.0,3112003,HCLTech,HCLTECH.NS
2025-03-06,1487.80615234375,1585.449951171875,1594.699951171875,1575.1500244140625,1580.0,2011489,HCLTech,HCLTECH.NS
2025-03-07,1461.9998779296875,1557.949951171875,1587.0,1555.5999755859375,1582.6500244140625,2091986,HCLTech,HCLTECH.NS
2025-03-10,1453.8824462890625,1549.300048828125,1572.449951171875,1547.0,1557.0,1855766,HCLTech,HCLTECH.NS
2025-03-11,1471.2900390625,1567.8499755859375,1573.949951171875,1522.5999755859375,1529.949951171875,1846190,HCLTech,HCLTECH.NS
2025-03-12,1445.71826171875,1540.5999755859375,1565.0,1507.0999755859375,1556.0,3113860,HCLTech,HCLTECH.NS
2025-03-13,1440.2286376953125,1534.75,1547.949951171875,1529.1500244140625,1540.5999755859375,1983351,HCLTech,HCLTECH.NS
2025-03-17,1449.9881591796875,1545.1500244140625,1547.550048828125,1519.050048828125,1528.0,2029100,HCLTech,HCLTECH.NS
2025-03-18,1449.9881591796875,1545.1500244140625,1545.1500244140625,1545.1500244140625,1545.1500244140625,0,HCLTech,HCLTECH.NS
2025-03-19,1449.3311767578125,1544.449951171875,1561.3499755859375,1525.0999755859375,1558.5,4522829,HCLTech,HCLTECH.NS
2025-03-20,1465.80029296875,1562.0,1582.0999755859375,1547.050048828125,1547.8499755859375,4608677,HCLTech,HCLTECH.NS
2025-03-21,1470.2108154296875,1566.699951171875,1592.050048828125,1521.5,1535.0999755859375,8109210,HCLTech,HCLTECH.NS
2025-03-24,1505.3544921875,1604.1500244140625,1610.9000244140625,1560.0,1591.0,2487843,HCLTech,HCLTECH.NS
2025-03-25,1524.826416015625,1624.9000244140625,1658.949951171875,1618.949951171875,1622.0,4906013,HCLTech,HCLTECH.NS
2025-03-26,1532.80322265625,1633.4000244140625,1644.949951171875,1622.0,1624.9000244140625,3096513,HCLTech,HCLTECH.NS
2025-03-27,1529.753173828125,1630.1500244140625,1645.0,1613.550048828125,1625.6500244140625,3383080,HCLTech,HCLTECH.NS
2025-03-28,1494.421875,1592.5,1625.550048828125,1581.5999755859375,1616.0999755859375,2211077,HCLTech,HCLTECH.NS
2025-04-01,1436.099609375,1530.3499755859375,1585.0,1526.0999755859375,1577.0,4126827,HCLTech,HCLTECH.NS
2025-04-02,1433.4720458984375,1527.550048828125,1538.550048828125,1506.4000244140625,1515.0,3167863,HCLTech,HCLTECH.NS
2025-04-03,1379.560302734375,1470.0999755859375,1500.0,1465.0,1500.0,3966161,HCLTech,HCLTECH.NS
2025-04-04,1334.5164794921875,1422.0999755859375,1456.199951171875,1419.0999755859375,1449.0,4421312,HCLTech,HCLTECH.NS
2025-04-07,1289.4725341796875,1374.0999755859375,1383.75,1302.75,1345.0,6484139,HCLTech,HCLTECH.NS
2025-04-08,1316.921142578125,1403.3499755859375,1424.25,1372.0,1380.0,3938359,HCLTech,HCLTECH.NS
2025-04-09,1295.0093994140625,1380.0,1388.699951171875,1357.050048828125,1380.6500244140625,3306801,HCLTech,HCLTECH.NS
2025-04-11,1304.909423828125,1390.550048828125,1425.0,1360.0,1360.0,4859622,HCLTech,HCLTECH.NS
2025-04-15,1338.6453857421875,1426.5,1428.800048828125,1406.0,1420.0,3265147,HCLTech,HCLTECH.NS
2025-04-16,1343.525146484375,1431.699951171875,1436.0999755859375,1405.5,1415.0,2553111,HCLTech,HCLTECH.NS
2025-04-17,1349.437255859375,1438.0,1442.0999755859375,1384.0,1420.0,3549969,HCLTech,HCLTECH.NS
2025-04-21,1390.7274169921875,1482.0,1499.0,1430.0,1435.0,2840104,HCLTech,HCLTECH.NS
2025-04-22,1388.756591796875,1479.9000244140625,1499.9000244140625,1464.5,1490.0,2608145,HCLTech,HCLTECH.NS
2025-04-23,1495.8294677734375,1594.0,1600.0,1543.699951171875,1555.0,13293318,HCLTech,HCLTECH.NS
2025-04-24,1488.979248046875,1586.699951171875,1603.300048828125,1576.0999755859375,1595.0,3193118,HCLTech,HCLTECH.NS
2025-04-25,1481.002685546875,1578.199951171875,1618.0,1568.0999755859375,1590.0,3800415,HCLTech,HCLTECH.NS
2025-04-28,1470.6558837890625,1549.300048828125,1569.4000244140625,1537.0999755859375,1565.0,2618810,HCLTech,HCLTECH.NS
2025-04-29,1489.3558349609375,1569.0,1580.800048828125,1548.0999755859375,1555.0,2231069,HCLTech,HCLTECH.NS
2025-04-30,1487.93212890625,1567.5,1587.9000244140625,1554.0,1571.0,3682256,HCLTech,HCLTECH.NS
2025-05-02,1492.58349609375,1572.4000244140625,1581.0,1557.0999755859375,1567.0,1370848,HCLTech,HCLTECH.NS
2025-05-05,1488.9761962890625,1568.5999755859375,1597.699951171875,1563.300048828125,1580.0,1012225,HCLTech,HCLTECH.NS
2025-05-06,1498.9432373046875,1579.0999755859375,1583.800048828125,1565.0999755859375,1576.800048828125,2055057,HCLTech,HCLTECH.NS
2025-05-07,1483.9453125,1563.300048828125,1578.4000244140625,1545.0,1552.0,5469936,HCLTech,HCLTECH.NS
2025-05-08,1500.4620361328125,1580.699951171875,1598.0,1555.800048828125,1561.9000244140625,2789018,HCLTech,HCLTECH.NS
2025-05-09,1489.7357177734375,1569.4000244140625,1577.699951171875,1557.300048828125,1566.0,2035161,HCLTech,HCLTECH.NS
2025-05-12,1585.513916015625,1670.300048828125,1675.0,1594.0,1598.800048828125,4028207,HCLTech,HCLTECH.NS
2025-05-13,1537.3873291015625,1619.5999755859375,1688.0999755859375,1615.199951171875,1685.0,3118470,HCLTech,HCLTECH.NS
2025-05-14,1554.568603515625,1637.699951171875,1642.300048828125,1617.0,1630.0,1569126,HCLTech,HCLTECH.NS
2025-05-15,1609.9093017578125,1696.0,1702.5999755859375,1625.0,1650.0,4961582,HCLTech,HCLTECH.NS
2025-05-16,1575.641845703125,1659.9000244140625,1693.5,1658.0,1691.9000244140625,2586263,HCLTech,HCLTECH.NS
2025-05-19,1565.864501953125,1649.5999755859375,1664.0,1638.0999755859375,1661.0,1642018,HCLTech,HCLTECH.NS
2025-05-20,1555.1383056640625,1638.300048828125,1666.0,1636.4000244140625,1660.800048828125,2421580,HCLTech,HCLTECH.NS
2025-05-21,1568.142822265625,1652.0,1657.5,1628.4000244140625,1645.0,1420835,HCLTech,HCLTECH.NS
2025-05-22,1550.1072998046875,1633.0,1640.699951171875,1614.0,1638.4000244140625,2202093,HCLTech,HCLTECH.NS
2025-05-23,1564.53564453125,1648.199951171875,1670.800048828125,1622.5,1633.0,1459454,HCLTech,HCLTECH.NS
2025-05-26,1588.6463623046875,1673.5999755859375,1675.800048828125,1645.5999755859375,1652.4000244140625,1078813,HCLTech,HCLTECH.NS
2025-05-27,1568.2376708984375,1652.0999755859375,1675.5,1641.5,1673.800048828125,2740015,HCLTech,HCLTECH.NS
2025-05-28,1573.1739501953125,1657.300048828125,1666.800048828125,1647.0,1664.0,1775441,HCLTech,HCLTECH.NS
2025-05-29,1580.1981201171875,1664.699951171875,1675.5,1655.5999755859375,1670.0,2374051,HCLTech,HCLTECH.NS
2025-05-30,1553.5244140625,1636.5999755859375,1664.699951171875,1627.300048828125,1664.699951171875,4408910,HCLTech,HCLTECH.NS
2025-06-02,1548.6834716796875,1631.5,1635.199951171875,1605.699951171875,1625.0999755859375,1883100,HCLTech,HCLTECH.NS
2025-06-03,1547.6392822265625,1630.4000244140625,1651.699951171875,1617.0,1646.9000244140625,2380133,HCLTech,HCLTECH.NS
2025-06-04,1543.5574951171875,1626.0999755859375,1644.5999755859375,1622.199951171875,1631.0,1659720,HCLTech,HCLTECH.NS
2025-06-05,1549.537841796875,1632.4000244140625,1653.9000244140625,1624.5999755859375,1634.9000244140625,1409322,HCLTech,HCLTECH.NS
2025-06-06,1554.568603515625,1637.699951171875,1639.800048828125,1622.0,1631.199951171875,1261281,HCLTech,HCLTECH.NS
2025-06-09,1564.630615234375,1648.300048828125,1658.0,1639.0,1648.0,1299786,HCLTech,HCLTECH.NS
2025-06-10,1583.425537109375,1668.0999755859375,1684.9000244140625,1649.0,1653.300048828125,3055223,HCLTech,HCLTECH.NS
2025-06-11,1634.4947509765625,1721.9000244140625,1725.4000244140625,1666.0,1676.0,5085821,HCLTech,HCLTECH.NS
2025-06-12,1614.84521484375,1701.199951171875,1726.0,1695.0,1725.0,3607962,HCLTech,HCLTECH.NS
2025-06-13,1609.244873046875,1695.300048828125,1711.0,1664.5999755859375,1666.0,1988422,HCLTech,HCLTECH.NS
2025-06-16,1635.538818359375,1723.0,1729.4000244140625,1683.4000244140625,1692.0,2116100,HCLTech,HCLTECH.NS
2025-06-17,1641.8035888671875,1729.5999755859375,1738.800048828125,1720.0,1728.0,1777245,HCLTech,HCLTECH.NS
2025-06-18,1628.79931640625,1715.9000244140625,1745.0,1710.0,1727.9000244140625,1794428,HCLTech,HCLTECH.NS
2025-06-19,1626.9007568359375,1713.9000244140625,1719.699951171875,1697.199951171875,1719.699951171875,2514527,HCLTech,HCLTECH.NS
2025-06-20,1651.5809326171875,1739.9000244140625,1742.5999755859375,1709.0999755859375,1713.9000244140625,2719770,HCLTech,HCLTECH.NS
2025-06-23,1616.74365234375,1703.199951171875,1729.800048828125,1699.199951171875,1729.199951171875,2221446,HCLTech,HCLTECH.NS
2025-06-24,1605.922607421875,1691.800048828125,1732.5999755859375,1689.199951171875,1719.9000244140625,3601071,HCLTech,HCLTECH.NS
2025-06-25,1629.938232421875,1717.0999755859375,1720.699951171875,1701.0,1702.0,1307518,HCLTech,HCLTECH.NS
2025-06-26,1636.5828857421875,1724.0999755859375,1726.9000244140625,1702.699951171875,1710.0,2971055,HCLTech,HCLTECH.NS
2025-06-27,1635.823486328125,1723.300048828125,1752.5,1710.800048828125,1735.0,6478283,HCLTech,HCLTECH.NS
2025-06-30,1640.8544921875,1728.5999755859375,1734.800048828125,1713.300048828125,1725.0,1855229,HCLTech,HCLTECH.NS
2025-07-01,1631.077392578125,1718.300048828125,1745.0,1714.0,1728.5999755859375,1639826,HCLTech,HCLTECH.NS
2025-07-02,1631.3621826171875,1718.5999755859375,1738.5,1711.0,1722.0,2069447,HCLTech,HCLTECH.NS
2025-07-03,1625.002197265625,1711.9000244140625,1730.5,1706.5,1716.0,1839063,HCLTech,HCLTECH.NS
2025-07-04,1638.2916259765625,1725.9000244140625,1729.0,1706.199951171875,1715.0,768500,HCLTech,HCLTECH.NS
2025-07-07,1623.5784912109375,1710.4000244140625,1725.5,1703.300048828125,1725.5,1366412,HCLTech,HCLTECH.NS
2025-07-08,1621.3948974609375,1708.0999755859375,1718.9000244140625,1687.5,1700.0,2139193,HCLTech,HCLTECH.NS
2025-07-09,1589.0260009765625,1674.0,1714.300048828125,1671.0,1710.0,2894808,HCLTech,HCLTECH.NS
2025-07-10,1579.248779296875,1663.699951171875,1679.9000244140625,1649.0,1675.0,2740853,HCLTech,HCLTECH.NS
2025-07-11,1555.1383056640625,1638.300048828125,1655.5,1630.0,1643.199951171875,2548153,HCLTech,HCLTECH.NS
2025-07-14,1537.5775146484375,1619.800048828125,1642.4000244140625,1607.0,1640.0,3334703,HCLTech,HCLTECH.NS
2025-07-15,1486.887939453125,1566.4000244140625,1621.4000244140625,1550.0,1590.0,14685607,HCLTech,HCLTECH.NS
2025-07-16,1483.470703125,1562.800048828125,1574.0,1560.0,1566.4000244140625,5218099,HCLTech,HCLTECH.NS
2025-07-17,1465.5301513671875,1543.9000244140625,1566.800048828125,1542.4000244140625,1563.5999755859375,4966082,HCLTech,HCLTECH.NS
2025-07-18,1481.697998046875,1548.800048828125,1550.0,1530.0,1544.0,3902458,HCLTech,HCLTECH.NS
2025-07-21,1464.094970703125,1530.4000244140625,1550.699951171875,1526.0,1548.800048828125,3368842,HCLTech,HCLTECH.NS
2025-07-22,1454.2413330078125,1520.0999755859375,1539.800048828125,1518.300048828125,1533.0999755859375,3218227,HCLTech,HCLTECH.NS
2025-07-23,1463.52099609375,1529.800048828125,1536.0,1518.0,1524.0999755859375,3471536,HCLTech,HCLTECH.NS
2025-07-24,1441.9000244140625,1507.199951171875,1537.9000244140625,1501.5999755859375,1530.0,4654421,HCLTech,HCLTECH.NS
2025-07-25,1425.5408935546875,1490.0999755859375,1512.199951171875,1486.5999755859375,1501.0999755859375,2733655,HCLTech,HCLTECH.NS
2025-07-28,1402.580810546875,1466.0999755859375,1494.199951171875,1463.5,1490.0999755859375,4404841,HCLTech,HCLTECH.NS
2025-07-29,1408.60791015625,1472.4000244140625,1477.5,1461.0,1466.0999755859375,6223556,HCLTech,HCLTECH.NS
2025-07-30,1412.5301513671875,1476.5,1484.300048828125,1468.800048828125,1480.5,1642426,HCLTech,HCLTECH.NS
2025-07-31,1404.3028564453125,1467.9000244140625,1482.699951171875,1459.5,1465.0,2306285,HCLTech,HCLTECH.NS
2025-08-01,1389.1873779296875,1452.0999755859375,1466.9000244140625,1450.0,1465.0,2152783,HCLTech,HCLTECH.NS
2025-08-04,1410.521240234375,1474.4000244140625,1475.4000244140625,1440.5999755859375,1452.0999755859375,2384774,HCLTech,HCLTECH.NS
2025-08-05,1418.4615478515625,1482.699951171875,1485.4000244140625,1471.199951171875,1479.9000244140625,2614394,HCLTech,HCLTECH.NS
2025-08-06,1399.806396484375,1463.199951171875,1483.699951171875,1456.4000244140625,1480.9000244140625,1735697,HCLTech,HCLTECH.NS
2025-08-07,1411.573486328125,1475.5,1479.199951171875,1451.0,1458.0,1495363,HCLTech,HCLTECH.NS
2025-08-08,1411.764892578125,1475.699951171875,1482.199951171875,1459.0,1474.800048828125,2815614,HCLTech,HCLTECH.NS
2025-08-11,1423.5321044921875,1488.0,1531.0,1465.5999755859375,1475.0,2374556,HCLTech,HCLTECH.NS
2025-08-12,1434.1510009765625,1499.0999755859375,1509.9000244140625,1489.0,1490.0,3422656,HCLTech,HCLTECH.NS
2025-08-13,1436.0645751953125,1501.0999755859375,1507.5,1489.0,1500.0,2916128,HCLTech,HCLTECH.NS
2025-08-14,1425.2540283203125,1489.800048828125,1516.199951171875,1485.800048828125,1501.0,4227538,HCLTech,HCLTECH.NS
2025-08-18,1420.6619873046875,1485.0,1501.9000244140625,1475.9000244140625,1498.0999755859375,2795155,HCLTech,HCLTECH.NS
2025-08-19,1412.1474609375,1476.0999755859375,1482.5999755859375,1469.199951171875,1476.300048828125,2515817,HCLTech,HCLTECH.NS
2025-08-20,1431.1854248046875,1496.0,1500.300048828125,1458.0,1468.0,10219330,HCLTech,HCLTECH.NS
2025-08-21,1428.7935791015625,1493.5,1505.0,1486.0999755859375,1500.0,2157601,HCLTech,HCLTECH.NS
2025-08-22,1402.7720947265625,1466.300048828125,1491.5,1464.0,1489.5999755859375,2802805,HCLTech,HCLTECH.NS
2025-08-25,1439.0301513671875,1504.199951171875,1509.699951171875,1476.199951171875,1480.0,2764914,HCLTech,HCLTECH.NS
2025-08-26,1428.1241455078125,1492.800048828125,1506.5,1485.0,1501.9000244140625,4092265,HCLTech,HCLTECH.NS
2025-08-28,1386.987060546875,1449.800048828125,1488.0,1446.0,1488.0,4367902,HCLTech,HCLTECH.NS
2025-08-29,1391.7703857421875,1454.800048828125,1462.5999755859375,1439.199951171875,1449.800048828125,3404604,HCLTech,HCLTECH.NS
2025-09-01,1404.7811279296875,1468.4000244140625,1472.5,1446.0,1446.0,2105254,HCLTech,HCLTECH.NS
2025-09-02,1402.1981201171875,1465.699951171875,1477.4000244140625,1459.699951171875,1469.0,1295198,HCLTech,HCLTECH.NS
2025-09-03,1402.580810546875,1466.0999755859375,1475.0,1452.5999755859375,1475.0,1800307,HCLTech,HCLTECH.NS
2025-09-04,1380.7686767578125,1443.300048828125,1465.9000244140625,1440.9000244140625,1465.0999755859375,2192155,HCLTech,HCLTECH.NS
2025-09-05,1357.521484375,1419.0,1452.300048828125,1402.800048828125,1448.0,3895199,HCLTech,HCLTECH.NS
2025-09-08,1342.214599609375,1403.0,1428.5999755859375,1401.0,1423.9000244140625,2929976,HCLTech,HCLTECH.NS
2025-09-09,1365.2703857421875,1427.0999755859375,1431.800048828125,1409.0999755859375,1410.199951171875,2906889,HCLTech,HCLTECH.NS
2025-09-10,1400.4761962890625,1463.9000244140625,1471.9000244140625,1432.0999755859375,1434.9000244140625,3205017,HCLTech,HCLTECH.NS
2025-09-11,1404.1114501953125,1467.699951171875,1470.4000244140625,1458.300048828125,1463.9000244140625,1982922,HCLTech,HCLTECH.NS
2025-09-12,1403.6331787109375,1467.199951171875,1480.0,1463.0,1475.0,2110883,HCLTech,HCLTECH.NS
2025-09-15,1402.96337890625,1466.5,1468.300048828125,1452.0,1467.199951171875,1725617,HCLTech,HCLTECH.NS
2025-09-16,1418.8443603515625,1483.0999755859375,1485.199951171875,1461.0999755859375,1463.9000244140625,1724524,HCLTech,HCLTECH.NS
2025-09-17,1417.3135986328125,1481.5,1499.0,1475.300048828125,1490.800048828125,2656774,HCLTech,HCLTECH.NS
2025-09-18,1429.0806884765625,1493.800048828125,1502.9000244140625,1486.0999755859375,1492.5999755859375,2792406,HCLTech,HCLTECH.NS
2025-09-19,1403.8245849609375,1467.4000244140625,1493.800048828125,1464.0,1493.800048828125,3197957,HCLTech,HCLTECH.NS
2025-09-22,1377.5159912109375,1439.9000244140625,1449.199951171875,1415.0,1423.0,4457129,HCLTech,HCLTECH.NS
2025-09-23,1367.8536376953125,1429.800048828125,1444.199951171875,1420.4000244140625,1444.199951171875,3106480,HCLTech,HCLTECH.NS
2025-09-24,1379.8118896484375,1442.300048828125,1444.699951171875,1420.0,1425.0999755859375,2894044,HCLTech,HCLTECH.NS
2025-09-25,1362.1134033203125,1423.800048828125,1442.5,1416.0,1440.199951171875,2713246,HCLTech,HCLTECH.NS
2025-09-26,1334.8482666015625,1395.300048828125,1426.5,1392.0,1420.0,2568054,HCLTech,HCLTECH.NS
2025-09-29,1327.2906494140625,1387.4000244140625,1402.5999755859375,1383.0,1397.0999755859375,2990852,HCLTech,HCLTECH.NS
2025-09-30,1325.090087890625,1385.0999755859375,1405.0,1381.9000244140625,1392.0999755859375,2782077,HCLTech,HCLTECH.NS
2025-10-01,1329.2996826171875,1389.5,1396.800048828125,1382.0,1386.0999755859375,2253527,HCLTech,HCLTECH.NS
2025-10-03,1333.126220703125,1393.5,1399.800048828125,1380.4000244140625,1396.5,2793839,HCLTech,HCLTECH.NS
2025-10-06,1356.2777099609375,1417.699951171875,1421.0,1390.800048828125,1393.5,1970901,HCLTech,HCLTECH.NS
2025-10-07,1371.297607421875,1433.4000244140625,1441.9000244140625,1417.199951171875,1422.0,1592836,HCLTech,HCLTECH.NS
2025-10-08,1390.2396240234375,1453.199951171875,1458.699951171875,1427.199951171875,1433.199951171875,1735807,HCLTech,HCLTECH.NS
2025-10-09,1422.096923828125,1486.5,1491.0999755859375,1452.5,1453.199951171875,2681316,HCLTech,HCLTECH.NS
2025-10-10,1430.70703125,1495.5,1498.5,1473.9000244140625,1491.0,2129445,HCLTech,HCLTECH.NS
2025-10-13,1429.9417724609375,1494.699951171875,1502.199951171875,1476.5,1490.0,1820492,HCLTech,HCLTECH.NS
2025-10-14,1430.611328125,1495.4000244140625,1535.0,1490.199951171875,1515.4000244140625,5802489,HCLTech,HCLTECH.NS
2025-10-15,1430.8983154296875,1495.699951171875,1509.4000244140625,1486.0999755859375,1497.9000244140625,1710696,HCLTech,HCLTECH.NS
2025-10-16,1449.3624267578125,1515.0,1519.9000244140625,1498.0,1499.9000244140625,2021043,HCLTech,HCLTECH.NS
2025-10-17,1433.1617431640625,1486.199951171875,1501.300048828125,1479.199951171875,1499.0,3210161,HCLTech,HCLTECH.NS
2025-10-20,1442.0335693359375,1495.4000244140625,1509.9000244140625,1489.0999755859375,1489.9000244140625,2354881,HCLTech,HCLTECH.NS
2025-10-21,1432.9688720703125,1486.0,1503.0,1481.0,1502.699951171875,274400,HCLTech,HCLTECH.NS
2025-10-23,1469.5164794921875,1523.9000244140625,1547.5,1505.5,1510.0,5011470,HCLTech,HCLTECH.NS
2025-10-24,1469.419921875,1523.800048828125,1532.5999755859375,1516.4000244140625,1525.0,1491451,HCLTech,HCLTECH.NS
2025-10-27,1478.7738037109375,1533.5,1549.5,1526.800048828125,1531.4000244140625,1394846,HCLTech,HCLTECH.NS
2025-10-28,1467.7806396484375,1522.0999755859375,1542.0,1512.0,1535.0,1936466,HCLTech,HCLTECH.NS
2025-10-29,1501.7244873046875,1557.300048828125,1559.0,1522.0,1530.0,2596355,HCLTech,HCLTECH.NS
2025-10-30,1494.4920654296875,1549.800048828125,1559.9000244140625,1538.0999755859375,1557.699951171875,2183395,HCLTech,HCLTECH.NS
2025-10-31,1486.48828125,1541.5,1558.199951171875,1537.5999755859375,1549.800048828125,1723467,HCLTech,HCLTECH.NS
2025-11-03,1488.4169921875,1543.5,1549.699951171875,1528.199951171875,1540.0999755859375,2252136,HCLTech,HCLTECH.NS
2025-11-04,1474.53076171875,1529.0999755859375,1541.9000244140625,1525.0,1536.4000244140625,1666863,HCLTech,HCLTECH.NS
2025-11-06,1471.92724609375,1526.4000244140625,1531.9000244140625,1514.300048828125,1529.0999755859375,2474769,HCLTech,HCLTECH.NS
2025-11-07,1458.4268798828125,1512.4000244140625,1518.800048828125,1490.5,1515.0999755859375,2238714,HCLTech,HCLTECH.NS
2025-11-10,1485.5240478515625,1540.5,1544.9000244140625,1511.4000244140625,1518.0,1558896,HCLTech,HCLTECH.NS
2025-11-11,1513.97119140625,1570.0,1572.5,1541.199951171875,1547.800048828125,2270763,HCLTech,HCLTECH.NS
2025-11-12,1537.1146240234375,1594.0,1600.0,1573.5,1575.0,2331564,HCLTech,HCLTECH.NS
2025-11-13,1541.4541015625,1598.5,1605.0,1580.0,1599.4000244140625,1944022,HCLTech,HCLTECH.NS
2025-11-14,1537.693359375,1594.5999755859375,1598.0,1574.0999755859375,1590.0,2543918,HCLTech,HCLTECH.NS
2025-11-17,1549.0721435546875,1606.4000244140625,1607.699951171875,1585.5,1594.0,2000978,HCLTech,HCLTECH.NS
2025-11-18,1538.2718505859375,1595.199951171875,1604.0,1590.0999755859375,1604.0,1640123,HCLTech,HCLTECH.NS
2025-11-19,1603.2666015625,1662.5999755859375,1669.5,1588.5999755859375,1595.300048828125,6342672,HCLTech,HCLTECH.NS
2025-11-20,1586.6805419921875,1645.4000244140625,1668.4000244140625,1642.5999755859375,1662.5999755859375,2724035,HCLTech,HCLTECH.NS
2025-11-21,1550.6151123046875,1608.0,1643.5,1606.0,1636.0,2958835,HCLTech,HCLTECH.NS
2025-11-24,1552.9295654296875,1610.4000244140625,1640.0,1602.9000244140625,1614.300048828125,6392688,HCLTech,HCLTECH.NS
2025-11-25,1543.9613037109375,1601.0999755859375,1618.9000244140625,1592.5999755859375,1618.300048828125,2285950,HCLTech,HCLTECH.NS
2025-11-26,1560.161865234375,1617.9000244140625,1627.5,1601.0999755859375,1601.0999755859375,1243303,HCLTech,HCLTECH.NS
2025-11-27,1570.8656005859375,1629.0,1633.199951171875,1614.0,1619.0999755859375,2106176,HCLTech,HCLTECH.NS
2025-11-28,1566.2369384765625,1624.199951171875,1636.9000244140625,1619.0,1629.0,1841289,HCLTech,HCLTECH.NS
2025-12-01,1584.2696533203125,1642.9000244140625,1646.5,1628.0,1630.0,2034350,HCLTech,HCLTECH.NS
2025-12-02,1577.1336669921875,1635.5,1652.9000244140625,1624.0,1651.0,2326220,HCLTech,HCLTECH.NS
2025-12-03,1581.955322265625,1640.5,1654.5999755859375,1628.800048828125,1635.5,2371611,HCLTech,HCLTECH.NS
2025-12-04,1595.552001953125,1654.5999755859375,1672.0,1645.0999755859375,1650.0,3935708,HCLTech,HCLTECH.NS
2025-12-05,1622.9384765625,1683.0,1691.0,1651.0,1662.699951171875,3391204,HCLTech,HCLTECH.NS
2025-12-08,1628.3387451171875,1688.5999755859375,1695.4000244140625,1676.9000244140625,1683.0,2702407,HCLTech,HCLTECH.NS
2025-12-09,1598.4449462890625,1657.5999755859375,1687.0,1656.4000244140625,1687.0,2817704,HCLTech,HCLTECH.NS
2025-12-10,1606.545166015625,1666.0,1671.0,1657.0,1663.300048828125,1482249,HCLTech,HCLTECH.NS
2025-12-11,1612.7169189453125,1672.4000244140625,1677.4000244140625,1649.0,1667.5,1408684,HCLTech,HCLTECH.NS
2025-12-12,1613.48828125,1673.199951171875,1677.9000244140625,1660.0,1677.4000244140625,1284337,HCLTech,HCLTECH.NS
2025-12-15,1623.90283203125,1684.0,1688.0,1660.0,1673.199951171875,1689723,HCLTech,HCLTECH.NS
2025-12-16,1592.7554931640625,1651.699951171875,1682.0,1645.4000244140625,1681.0,1929309,HCLTech,HCLTECH.NS
2025-12-17,1595.937744140625,1655.0,1664.5,1646.300048828125,1651.0,1394918,HCLTech,HCLTECH.NS
2025-12-18,1602.109375,1661.4000244140625,1673.9000244140625,1651.199951171875,1657.0,1822056,HCLTech,HCLTECH.NS
2025-12-19,1583.7874755859375,1642.4000244140625,1681.0,1632.5,1675.0,3487150,HCLTech,HCLTECH.NS
2025-12-22,1610.69189453125,1670.300048828125,1673.5,1644.0,1651.9000244140625,1339691,HCLTech,HCLTECH.NS
2025-12-23,1619.9490966796875,1679.9000244140625,1686.9000244140625,1656.199951171875,1675.0999755859375,1614314,HCLTech,HCLTECH.NS
2025-12-24,1614.934814453125,1674.699951171875,1680.0,1665.0999755859375,1676.0,989858,HCLTech,HCLTECH.NS
2025-12-26,1601.6273193359375,1660.9000244140625,1676.4000244140625,1650.5,1668.0,921138,HCLTech,HCLTECH.NS
2025-12-29,1572.6014404296875,1630.800048828125,1660.800048828125,1625.4000244140625,1659.699951171875,1516288,HCLTech,HCLTECH.NS
2025-12-30,1557.55810546875,1615.199951171875,1635.699951171875,1611.0999755859375,1630.800048828125,3323273,HCLTech,HCLTECH.NS
2025-12-31,1565.369140625,1623.300048828125,1631.699951171875,1616.800048828125,1624.5,1359963,HCLTech,HCLTECH.NS
2026-01-01,1576.1693115234375,1634.5,1645.699951171875,1618.4000244140625,1622.9000244140625,773806,HCLTech,HCLTECH.NS
2026-01-02,1581.6658935546875,1640.199951171875,1643.0,1625.0999755859375,1632.0,950573,HCLTech,HCLTECH.NS
2026-01-05,1550.2293701171875,1607.5999755859375,1633.5,1580.0999755859375,1625.0,3245802,HCLTech,HCLTECH.NS
2026-01-06,1558.6190185546875,1616.300048828125,1626.0,1597.300048828125,1600.300048828125,2112043,HCLTech,HCLTECH.NS
2026-01-07,1588.8983154296875,1647.699951171875,1654.5,1616.699951171875,1620.800048828125,3816569,HCLTech,HCLTECH.NS
2026-01-08,1587.9339599609375,1646.699951171875,1660.5999755859375,1635.4000244140625,1653.300048828125,3266398,HCLTech,HCLTECH.NS
2026-01-09,1602.109375,1661.4000244140625,1675.0,1647.0999755859375,1647.0999755859375,3281306,HCLTech,HCLTECH.NS
2026-01-12,1608.0880126953125,1667.5999755859375,1677.199951171875,1641.5,1659.199951171875,4175707,HCLTech,HCLTECH.NS
2026-01-13,1605.5809326171875,1665.0,1697.5999755859375,1626.0,1685.0,7149266,HCLTech,HCLTECH.NS
2026-01-14,1608.9560546875,1668.5,1677.9000244140625,1649.199951171875,1665.0,2470615,HCLTech,HCLTECH.NS
2026-01-15,1608.9560546875,1668.5,1668.5,1668.5,1668.5,0,HCLTech,HCLTECH.NS
2026-01-16,1649.264892578125,1698.0,1700.9000244140625,1664.800048828125,1670.0,3098089,HCLTech,HCLTECH.NS
2026-01-19,1667.525390625,1716.800048828125,1719.0,1685.0999755859375,1698.0,2087629,HCLTech,HCLTECH.NS
2026-01-20,1638.8720703125,1687.300048828125,1720.0,1681.800048828125,1720.0,1739341,HCLTech,HCLTECH.NS
2026-01-21,1634.209716796875,1682.5,1694.9000244140625,1668.9000244140625,1687.5999755859375,1728435,HCLTech,HCLTECH.NS
2026-01-22,1654.218505859375,1703.0999755859375,1709.0,1681.5,1690.5999755859375,1853439,HCLTech,HCLTECH.NS
2026-01-23,1658.006591796875,1707.0,1721.0,1698.800048828125,1712.699951171875,1874357,HCLTech,HCLTECH.NS
2026-01-27,1670.8277587890625,1720.199951171875,1725.5,1700.5,1720.0,2671530,HCLTech,HCLTECH.NS
2026-01-28,1679.9578857421875,1729.5999755859375,1734.4000244140625,1691.0,1705.0999755859375,2713867,HCLTech,HCLTECH.NS
2026-01-29,1672.1875,1721.5999755859375,1725.0,1696.0999755859375,1722.800048828125,2235602,HCLTech,HCLTECH.NS
2026-01-30,1646.9337158203125,1695.5999755859375,1713.199951171875,1683.0,1713.199951171875,4448681,HCLTech,HCLTECH.NS
2026-02-02,1628.67333984375,1676.800048828125,1688.5,1653.5999755859375,1670.0,1916380,HCLTech,HCLTECH.NS
2026-02-03,1646.6424560546875,1695.300048828125,1780.0999755859375,1689.0999755859375,1780.0,3200948,HCLTech,HCLTECH.NS
2026-02-04,1575.251953125,1621.800048828125,1645.0,1586.0,1642.0,5834470,HCLTech,HCLTECH.NS
2026-02-05,1563.7906494140625,1610.0,1631.800048828125,1600.199951171875,1613.699951171875,3184531,HCLTech,HCLTECH.NS
2026-02-06,1547.95849609375,1593.699951171875,1612.0,1574.0999755859375,1612.0,3342992,HCLTech,HCLTECH.NS
2026-02-09,1556.0201416015625,1602.0,1619.9000244140625,1594.4000244140625,1600.4000244140625,1863558,HCLTech,HCLTECH.NS
2026-02-10,1527.94970703125,1573.0999755859375,1602.4000244140625,1567.800048828125,1595.0,3234785,HCLTech,HCLTECH.NS
2026-02-11,1507.0667724609375,1551.5999755859375,1578.0999755859375,1546.0999755859375,1574.0,2944646,HCLTech,HCLTECH.NS
2026-02-12,1433.7337646484375,1476.0999755859375,1535.0,1469.5,1529.0,5397659,HCLTech,HCLTECH.NS
2026-02-13,1413.43359375,1455.199951171875,1476.800048828125,1396.0,1423.0,7214938,HCLTech,HCLTECH.NS
2026-02-16,1419.84423828125,1461.800048828125,1467.0,1446.800048828125,1451.0999755859375,2388700,HCLTech,HCLTECH.NS
2026-02-17,1440.0472412109375,1482.5999755859375,1510.699951171875,1458.0,1464.0,2840341,HCLTech,HCLTECH.NS
2026-02-18,1425.0892333984375,1467.199951171875,1483.199951171875,1443.4000244140625,1483.199951171875,2036245,HCLTech,HCLTECH.NS
2026-02-19,1408.7713623046875,1450.4000244140625,1501.800048828125,1443.0,1470.0,2397127,HCLTech,HCLTECH.NS
2026-02-20,1395.2703857421875,1436.5,1455.0,1431.0,1443.0,2392491,HCLTech,HCLTECH.NS
2026-02-23,1385.265869140625,1426.199951171875,1441.5999755859375,1415.5,1438.199951171875,2629763,HCLTech,HCLTECH.NS
2026-02-24,1300.762939453125,1339.199951171875,1406.699951171875,1322.5,1402.300048828125,10004684,HCLTech,HCLTECH.NS
2026-02-25,1338.6436767578125,1378.199951171875,1391.4000244140625,1354.0,1355.0,5703505,HCLTech,HCLTECH.NS
2026-02-26,1334.0784912109375,1373.5,1405.0,1368.0,1391.0,2329520,HCLTech,HCLTECH.NS
2026-02-27,1349.230712890625,1389.0999755859375,1404.800048828125,1382.0,1398.0,8651443,HCLTech,HCLTECH.NS
2026-03-02,1331.6502685546875,1371.0,1386.0,1350.0,1351.0,2088938,HCLTech,HCLTECH.NS
2026-03-04,1324.8511962890625,1364.0,1382.0,1356.0,1356.0,3161598,HCLTech,HCLTECH.NS
2026-03-05,1315.2352294921875,1354.0999755859375,1378.199951171875,1332.5,1378.199951171875,2217963,HCLTech,HCLTECH.NS
2026-03-06,1317.7606201171875,1356.699951171875,1380.800048828125,1354.199951171875,1356.0,1871596,HCLTech,HCLTECH.NS
2026-03-09,1319.606201171875,1358.5999755859375,1372.699951171875,1328.0,1330.0,2256550,HCLTech,HCLTECH.NS
2026-03-10,1322.4229736328125,1361.5,1364.4000244140625,1345.0,1361.0,1671877,HCLTech,HCLTECH.NS
2026-03-11,1311.54443359375,1350.300048828125,1376.0,1346.9000244140625,1367.199951171875,1837000,HCLTech,HCLTECH.NS
2026-03-12,1319.1204833984375,1358.0999755859375,1363.4000244140625,1341.0,1350.0,2616965,HCLTech,HCLTECH.NS
2026-03-13,1287.359130859375,1325.4000244140625,1356.699951171875,1321.0,1350.0,2190786,HCLTech,HCLTECH.NS
2026-03-16,1290.46728515625,1328.5999755859375,1337.699951171875,1302.4000244140625,1312.800048828125,3618375,HCLTech,HCLTECH.NS
2026-03-17,1283.1824951171875,1321.0999755859375,1328.5999755859375,1297.699951171875,1328.5999755859375,2285672,HCLTech,HCLTECH.NS
2026-03-18,1318.2462158203125,1357.199951171875,1378.4000244140625,1326.5,1326.5,2564106,HCLTech,HCLTECH.NS
2026-03-19,1274.1494140625,1311.800048828125,1354.199951171875,1309.199951171875,1341.4000244140625,1663249,HCLTech,HCLTECH.NS
2026-03-20,1295.4207763671875,1333.699951171875,1352.5,1328.9000244140625,1334.9000244140625,5050431,HCLTech,HCLTECH.NS
2026-03-23,1319.606201171875,1358.5999755859375,1365.0,1310.0,1314.800048828125,5166409,HCLTech,HCLTECH.NS
2026-03-24,1333.8843994140625,1373.300048828125,1394.0,1360.0,1380.0,3555664,HCLTech,HCLTECH.NS
2026-03-25,1341.65478515625,1381.300048828125,1411.4000244140625,1348.0,1348.0,4167275,HCLTech,HCLTECH.NS
2026-03-27,1325.23974609375,1364.4000244140625,1407.4000244140625,1359.800048828125,1377.0,8956139,HCLTech,HCLTECH.NS
2026-03-30,1303.0941162109375,1341.5999755859375,1359.199951171875,1336.199951171875,1350.0,5541018,HCLTech,HCLTECH.NS
2026-04-01,1315.5267333984375,1354.4000244140625,1399.699951171875,1349.0,1399.699951171875,2469237,HCLTech,HCLTECH.NS
2026-04-02,1361.9547119140625,1402.199951171875,1412.800048828125,1341.199951171875,1347.0,6509389,HCLTech,HCLTECH.NS
2026-04-06,1363.0233154296875,1403.300048828125,1422.300048828125,1394.0999755859375,1397.0,2134581,HCLTech,HCLTECH.NS
2026-04-07,1400.223876953125,1441.5999755859375,1446.5,1388.0999755859375,1391.0,3459049,HCLTech,HCLTECH.NS
2026-04-08,1419.067138671875,1461.0,1466.0,1431.9000244140625,1449.9000244140625,4239052,HCLTech,HCLTECH.NS
2026-04-09,1422.855224609375,1464.9000244140625,1469.0,1436.0,1458.9000244140625,3101205,HCLTech,HCLTECH.NS
2026-04-10,1409.54833984375,1451.199951171875,1457.5999755859375,1421.0999755859375,1452.0,3450066,HCLTech,HCLTECH.NS
2026-04-13,1388.3741455078125,1429.4000244140625,1447.800048828125,1417.5,1441.0,2252652,HCLTech,HCLTECH.NS
2026-04-15,1409.6455078125,1451.300048828125,1474.9000244140625,1437.0999755859375,1445.0,3993858,HCLTech,HCLTECH.NS
2026-04-16,1408.5771484375,1450.199951171875,1468.699951171875,1435.0999755859375,1460.0,5229848,HCLTech,HCLTECH.NS
2026-04-17,1400.90380859375,1442.300048828125,1458.0,1430.0,1443.300048828125,3319268,HCLTech,HCLTECH.NS
2026-04-20,1387.3057861328125,1428.300048828125,1451.9000244140625,1424.0,1445.9000244140625,2352656,HCLTech,HCLTECH.NS
2026-04-21,1399.83544921875,1441.199951171875,1455.0,1422.4000244140625,1430.0,3091487,HCLTech,HCLTECH.NS
2026-04-22,1248.4100341796875,1285.300048828125,1358.0,1281.0,1345.0,33066256,HCLTech,HCLTECH.NS
2026-04-23,1240.9310302734375,1277.5999755859375,1294.300048828125,1272.0,1290.0,8304759,HCLTech,HCLTECH.NS
2026-04-24,1191.040283203125,1203.199951171875,1264.800048828125,1198.0999755859375,1264.4000244140625,10903519,HCLTech,HCLTECH.NS
2026-04-27,1215.78759765625,1228.199951171875,1232.0,1201.0,1209.0,6066942,HCLTech,HCLTECH.NS
2026-04-28,1183.9130859375,1196.0,1232.699951171875,1192.300048828125,1227.9000244140625,6643295,HCLTech,HCLTECH.NS
2026-04-29,1188.0706787109375,1200.199951171875,1210.800048828125,1192.0999755859375,1200.0,4777201,HCLTech,HCLTECH.NS
2026-04-30,1186.9818115234375,1199.0999755859375,1213.699951171875,1184.0,1200.0,5070033,HCLTech,HCLTECH.NS
2026-05-01,1186.9818115234375,1199.0999755859375,1199.0999755859375,1199.0999755859375,1199.0999755859375,0,HCLTech,HCLTECH.NS
2026-05-04,1188.36767578125,1200.5,1213.5,1191.4000244140625,1208.0,3318673,HCLTech,HCLTECH.NS
2026-05-05,1188.0706787109375,1200.199951171875,1205.4000244140625,1190.0,1200.0,2459953,HCLTech,HCLTECH.NS
2026-05-06,1177.0828857421875,1189.0999755859375,1212.0,1186.4000244140625,1208.0,3541520,HCLTech,HCLTECH.NS
2026-05-07,1171.4404296875,1183.4000244140625,1196.0,1181.0999755859375,1195.0,3725309,HCLTech,HCLTECH.NS
2026-05-08,1186.2889404296875,1198.4000244140625,1202.800048828125,1176.800048828125,1179.800048828125,2813749,HCLTech,HCLTECH.NS
2026-05-11,1182.82421875,1194.9000244140625,1206.300048828125,1191.0999755859375,1196.9000244140625,2505962,HCLTech,HCLTECH.NS
2026-05-12,1134.220458984375,1145.800048828125,1184.0,1142.5999755859375,1183.0,3959561,HCLTech,HCLTECH.NS
2026-05-13,1131.646728515625,1143.199951171875,1154.5999755859375,1137.0999755859375,1146.300048828125,2635034,HCLTech,HCLTECH.NS
2026-05-14,1112.6407470703125,1124.0,1143.199951171875,1103.4000244140625,1139.0,5837032,HCLTech,HCLTECH.NS
2026-05-15,1121.15380859375,1132.5999755859375,1152.0,1121.800048828125,1121.9000244140625,3729249,HCLTech,HCLTECH.NS
2026-05-18,1135.0123291015625,1146.5999755859375,1149.5,1121.4000244140625,1129.0,2588569,HCLTech,HCLTECH.NS
2026-05-19,1167.48095703125,1179.4000244140625,1198.300048828125,1152.300048828125,1156.0,5756760,HCLTech,HCLTECH.NS
2026-05-20,1157.9779052734375,1169.800048828125,1181.0,1162.4000244140625,1166.199951171875,1415960,HCLTech,HCLTECH.NS
2026-05-21,1156.39404296875,1168.199951171875,1180.5999755859375,1163.199951171875,1173.699951171875,2245247,HCLTech,HCLTECH.NS
2026-05-22,1152.236572265625,1164.0,1176.0,1159.9000244140625,1169.9000244140625,2044782,HCLTech,HCLTECH.NS
2026-05-25,1153.9193115234375,1165.699951171875,1178.0,1162.0999755859375,1168.0,1419803,HCLTech,HCLTECH.NS
2026-05-26,1150.15771484375,1161.9000244140625,1173.699951171875,1160.0,1165.699951171875,1196820,HCLTech,HCLTECH.NS
2026-05-27,1153.42431640625,1165.199951171875,1169.800048828125,1153.699951171875,1155.300048828125,1004168,HCLTech,HCLTECH.NS
2026-05-28,1153.42431640625,1165.199951171875,1165.199951171875,1165.199951171875,1165.199951171875,0,HCLTech,HCLTECH.NS
2026-05-29,1171.83642578125,1183.800048828125,1191.699951171875,1177.0,1180.0,12446602,HCLTech,HCLTECH.NS
2026-06-01,1183.022216796875,1195.0999755859375,1212.800048828125,1190.0999755859375,1190.0999755859375,5970435,HCLTech,HCLTECH.NS
2026-06-02,1230.93310546875,1243.5,1257.0,1202.199951171875,1210.0,7663067,HCLTech,HCLTECH.NS
2026-06-03,1167.0849609375,1179.0,1230.0,1176.800048828125,1228.800048828125,4800922,HCLTech,HCLTECH.NS
2026-06-04,1156.4931640625,1168.300048828125,1176.5,1158.199951171875,1166.4000244140625,2025595,HCLTech,HCLTECH.NS
2026-06-05,1143.0303955078125,1154.699951171875,1182.5,1147.0,1179.0,1971395,HCLTech,HCLTECH.NS
2026-06-08,1139.6649169921875,1151.300048828125,1159.0,1132.300048828125,1141.9000244140625,1546444,HCLTech,HCLTECH.NS
2026-06-09,1134.7154541015625,1146.300048828125,1159.0,1136.4000244140625,1158.699951171875,2225582,HCLTech,HCLTECH.NS
2026-06-10,1120.658935546875,1132.0999755859375,1152.0,1130.0,1140.800048828125,1600595,HCLTech,HCLTECH.NS
2026-06-11,1098.980224609375,1110.199951171875,1114.0,1089.5,1112.9000244140625,3435236,HCLTech,HCLTECH.NS
2026-06-12,1098.38623046875,1109.5999755859375,1122.5,1100.5,1120.0,2203987,HCLTech,HCLTECH.NS
2026-06-15,1107.98828125,1119.300048828125,1128.0,1113.0,1123.5,2361006,HCLTech,HCLTECH.NS
2026-06-16,1147.2869873046875,1159.0,1161.9000244140625,1137.5,1141.0,8343470,HCLTech,HCLTECH.NS
2026-06-17,1155.00830078125,1166.800048828125,1173.5999755859375,1159.300048828125,1169.0,2263670,HCLTech,HCLTECH.NS
2026-06-18,1150.058837890625,1161.800048828125,1168.800048828125,1136.0999755859375,1152.0,3368037,HCLTech,HCLTECH.NS
2026-06-19,1120.262939453125,1131.699951171875,1136.0,1091.4000244140625,1110.0,10014063,HCLTech,HCLTECH.NS
2026-06-22,1119.0750732421875,1130.5,1148.699951171875,1127.0,1136.0,2312385,HCLTech,HCLTECH.NS
2026-06-23,1098.287353515625,1109.5,1125.800048828125,1105.5,1121.5999755859375,3235632,HCLTech,HCLTECH.NS
2026-06-24,1102.642822265625,1113.9000244140625,1121.5,1093.199951171875,1097.5999755859375,3503015,HCLTech,HCLTECH.NS
2026-06-25,1089.576171875,1100.699951171875,1133.5,1097.5,1133.0,5877425,HCLTech,HCLTECH.NS
2026-06-26,1089.576171875,1100.699951171875,1100.699951171875,1100.699951171875,1100.699951171875,0,HCLTech,HCLTECH.NS
2026-06-29,1091.259033203125,1102.4000244140625,1108.300048828125,1086.0,1095.5999755859375,5186504,HCLTech,HCLTECH.NS
2026-06-30,1060.9683837890625,1071.800048828125,1105.699951171875,1068.5999755859375,1102.5,3794233,HCLTech,HCLTECH.NS
2026-07-01,1023.7482299804688,1034.199951171875,1076.5,1030.0,1070.0,3819777,HCLTech,HCLTECH.NS
2026-07-02,1067.20458984375,1078.0999755859375,1082.9000244140625,1048.0,1049.0,3726609,HCLTech,HCLTECH.NS
2026-07-03,1127.4891357421875,1139.0,1159.0,1115.0999755859375,1127.0999755859375,12768463,HCLTech,HCLTECH.NS
2026-07-06,1122.7376708984375,1134.199951171875,1147.9000244140625,1126.0,1145.0,2747815,HCLTech,HCLTECH.NS
2026-07-07,1156.39404296875,1168.199951171875,1175.0,1134.0,1135.0,5179529,HCLTech,HCLTECH.NS
2026-07-08,1134.0224609375,1145.5999755859375,1176.5,1141.699951171875,1165.0,3091794,HCLTech,HCLTECH.NS
2026-07-09,1138.77392578125,1150.4000244140625,1161.9000244140625,1121.0,1144.0999755859375,2033525,HCLTech,HCLTECH.NS
2026-07-10,1152.33544921875,1164.0999755859375,1191.5,1153.5,1173.0,3979475,HCLTech,HCLTECH.NS
2026-07-13,1208.8583984375,1221.199951171875,1237.0,1162.0,1162.0,9028077,HCLTech,HCLTECH.NS
2026-07-14,1154.9091796875,1166.699951171875,1209.0999755859375,1164.0,1200.0,9754723,HCLTech,HCLTECH.NS
2026-07-15,1156.196044921875,1168.0,1181.5999755859375,1144.5,1157.0,3253196,HCLTech,HCLTECH.NS
2026-07-16,1175.4000244140625,1187.4000244140625,1204.0,1174.699951171875,1175.4000244140625,5147444,HCLTech,HCLTECH.NS
2026-07-17,1203.9000244140625,1203.9000244140625,1223.5,1195.800048828125,1197.800048828125,5037972,HCLTech,HCLTECH.NS
2026-07-20,1221.300048828125,1221.300048828125,1224.699951171875,1200.0999755859375,1205.0,3612829,HCLTech,HCLTECH.NS
2026-07-21,1239.5,1239.5,1240.699951171875,1217.199951171875,1219.0,4642320,HCLTech,HCLTECH.NS
2026-07-22,1237.300048828125,1237.300048828125,1243.800048828125,1227.699951171875,1243.800048828125,2377718,HCLTech,HCLTECH.NS
2026-07-23,1244.699951171875,1244.699951171875,1248.800048828125,1228.800048828125,1236.0,1878476,HCLTech,HCLTECH.NS
2026-07-24,1271.0,1271.0,1276.0,1236.5999755859375,1237.0,3674904,HCLTech,HCLTECH.NS
2026-07-27,1295.9000244140625,1295.9000244140625,1303.0,1277.300048828125,1284.5999755859375,3847049,HCLTech,HCLTECH.NS
2026-07-28,1318.5999755859375,1318.5999755859375,1342.0,1301.0,1301.0,5187064,HCLTech,HCLTECH.NS
2026-07-29,1344.300048828125,1344.300048828125,1352.699951171875,1323.199951171875,1344.0,3061520,HCLTech,HCLTECH.NS
2026-07-30,1352.699951171875,1352.699951171875,1369.9000244140625,1345.5999755859375,1349.0,3747919,HCLTech,HCLTECH.NS
2026-07-31,1346.9000244140625,1346.9000244140625,1356.5,1294.300048828125,1317.699951171875,3369019,HCLTech,HCLTECH.NS
2026-08-03,1377.0,1377.0,1377.0,1343.5,1352.0,2314332,HCLTech,HCLTECH.NS
2026-08-04,1369.9000244140625,1369.9000244140625,1375.9000244140625,1347.4000244140625,1375.699951171875,3013543,HCLTech,HCLTECH.NS
2026-08-05,1350.0,1350.0,1375.0,1337.0999755859375,1370.0,3215211,HCLTech,HCLTECH.NS
2026-08-06,1335.0,1335.0,1363.199951171875,1332.5,1349.9000244140625,3821560,HCLTech,HCLTECH.NS
2026-08-07,1356.5999755859375,1356.5999755859375,1369.0,1328.0,1329.0,1725616,HCLTech,HCLTECH.NS
2026-08-10,1357.199951171875,1357.199951171875,1367.5,1351.5999755859375,1356.5999755859375,1321698,HCLTech,HCLTECH.NS
2026-08-11,1365.4000244140625,1365.4000244140625,1379.800048828125,1358.0,1360.0999755859375,1828636,HCLTech,HCLTECH.NS
2026-08-12,1365.4000244140625,1365.4000244140625,1370.0,1340.4000244140625,1370.0,1418468,HCLTech,HCLTECH.NS
2026-08-13,1370.0,1370.0,1372.9000244140625,1354.0,1362.9000244140625,778760,HCLTech,HCLTECH.NS
2026-08-14,1360.0,1360.0,1374.9000244140625,1346.5,1372.800048828125,1033374,HCLTech,HCLTECH.NS
2026-08-17,1325.0,1325.0,1362.800048828125,1325.0,1355.0999755859375,970745,HCLTech,HCLTECH.NS
2026-08-18,1298.0,1298.0,1320.0,1292.5,1318.0,3056990,HCLTech,HCLTECH.NS
2026-08-19,1324.800048828125,1324.800048828125,1324.800048828125,1301.4000244140625,1309.0,1693632,HCLTech,HCLTECH.NS
2026-08-20,1318.4000244140625,1318.4000244140625,1345.300048828125,1318.4000244140625,1339.699951171875,1510868,HCLTech,HCLTECH.NS
2026-08-21,1302.5,1302.5,1321.699951171875,1302.5,1319.9000244140625,1484443,HCLTech,HCLTECH.NS
2026-08-24,1322.0,1322.0,1325.800048828125,1301.0,1302.5,1091648,HCLTech,HCLTECH.NS
2026-08-25,1315.800048828125,1315.800048828125,1322.9000244140625,1294.4000244140625,1322.0,1314934,HCLTech,HCLTECH.NS
2026-08-26,1298.5,1298.5,1323.0,1296.5999755859375,1319.5,834925,HCLTech,HCLTECH.NS
2026-08-27,1282.0,1282.0,1304.699951171875,1280.0,1295.0,1936771,HCLTech,HCLTECH.NS
2026-08-28,1316.0999755859375,1316.0999755859375,1334.199951171875,1290.0,1290.0,3459476,HCLTech,HCLTECH.NS
2026-08-31,1312.199951171875,1312.199951171875,1322.5999755859375,1297.699951171875,1316.5999755859375,3125051,HCLTech,HCLTECH.NS
2026-09-01,1351.4000244140625,1351.4000244140625,1368.0,1313.0999755859375,1316.0999755859375,4031856,HCLTech,HCLTECH.NS
2026-09-02,1331.5,1331.5,1349.300048828125,1317.4000244140625,1340.0999755859375,2739386,HCLTech,HCLTECH.NS
2026-09-03,1319.0,1319.0,1345.0,1308.0,1345.0,1514516,HCLTech,HCLTECH.NS
