Date,Adj Close,Close,High,Low,Open,Volume,Company,Ticker
2021-09-03,737.431884765625,788.0250244140625,799.0,784.1500244140625,793.0499877929688,10735334,HDFC Bank,HDFCBANK.NS
2021-09-06,732.5890502929688,782.8499755859375,790.4749755859375,780.9749755859375,789.9749755859375,7876896,HDFC Bank,HDFCBANK.NS
2021-09-07,734.2500610351562,784.625,791.0,777.5999755859375,781.25,7245496,HDFC Bank,HDFCBANK.NS
2021-09-08,737.5955810546875,788.2000122070312,790.25,782.7999877929688,785.9749755859375,6724080,HDFC Bank,HDFCBANK.NS
2021-09-09,733.9459228515625,784.2999877929688,789.7249755859375,780.5,787.0,8250948,HDFC Bank,HDFCBANK.NS
2021-09-13,727.8399047851562,777.7750244140625,792.0,776.8250122070312,781.0,8959164,HDFC Bank,HDFCBANK.NS
2021-09-14,724.5645751953125,774.2750244140625,782.25,773.2999877929688,780.0,9758506,HDFC Bank,HDFCBANK.NS
2021-09-15,723.7456665039062,773.4000244140625,777.4000244140625,767.5,767.5,14822998,HDFC Bank,HDFCBANK.NS
2021-09-16,729.8984985351562,779.9749755859375,782.1500244140625,768.1500244140625,768.875,10260550,HDFC Bank,HDFCBANK.NS
2021-09-17,740.2859497070312,791.0750122070312,794.5,779.5999755859375,784.5,20498102,HDFC Bank,HDFCBANK.NS
2021-09-20,729.8517456054688,779.9249877929688,790.8499755859375,779.0,782.0,8781610,HDFC Bank,HDFCBANK.NS
2021-09-21,726.1553955078125,775.9749755859375,784.3250122070312,764.4749755859375,781.0,14774996,HDFC Bank,HDFCBANK.NS
2021-09-22,717.6162109375,766.8499755859375,775.0750122070312,765.0,774.5,10582202,HDFC Bank,HDFCBANK.NS
2021-09-23,734.60107421875,785.0,786.0,771.0,771.0,13664304,HDFC Bank,HDFCBANK.NS
2021-09-24,749.3632202148438,800.7750244140625,803.9749755859375,787.5,789.5,20806702,HDFC Bank,HDFCBANK.NS
2021-09-27,760.3822021484375,812.5499877929688,817.75,804.0,807.8499755859375,16415462,HDFC Bank,HDFCBANK.NS
2021-09-28,755.6798095703125,807.5250244140625,816.0,791.0,816.0,12773790,HDFC Bank,HDFCBANK.NS
2021-09-29,745.7603759765625,796.9249877929688,803.2999877929688,792.5750122070312,798.5,16263036,HDFC Bank,HDFCBANK.NS
2021-09-30,746.2750244140625,797.4749755859375,803.1749877929688,791.5499877929688,793.0,15975348,HDFC Bank,HDFCBANK.NS
2021-10-01,740.5432739257812,791.3499755859375,794.5,782.625,791.5,11128596,HDFC Bank,HDFCBANK.NS
2021-10-04,741.970458984375,792.875,800.6749877929688,791.7999877929688,794.5,7051028,HDFC Bank,HDFCBANK.NS
2021-10-05,746.5089721679688,797.7249755859375,798.75,788.125,796.0,10257178,HDFC Bank,HDFCBANK.NS
2021-10-06,755.6096801757812,807.4500122070312,813.4249877929688,793.5,798.0,18600830,HDFC Bank,HDFCBANK.NS
2021-10-07,753.5508422851562,805.25,813.8499755859375,803.5,813.2999877929688,11265724,HDFC Bank,HDFCBANK.NS
2021-10-08,749.8778686523438,801.3250122070312,811.0,800.0750122070312,806.0,7245562,HDFC Bank,HDFCBANK.NS
2021-10-11,764.4529418945312,816.9000244140625,822.5,799.5,799.9500122070312,13080848,HDFC Bank,HDFCBANK.NS
2021-10-12,762.4877319335938,814.7999877929688,820.7750244140625,812.5,812.5,8176946,HDFC Bank,HDFCBANK.NS
2021-10-13,767.0732421875,819.7000122070312,824.0,815.0,818.5,6225644,HDFC Bank,HDFCBANK.NS
2021-10-14,789.5322265625,843.7000122070312,845.0,819.0,819.0,14757288,HDFC Bank,HDFCBANK.NS
2021-10-18,781.53125,835.1500244140625,862.5,833.5250244140625,852.5,28856456,HDFC Bank,HDFCBANK.NS
2021-10-19,790.1405639648438,844.3499755859375,846.2249755859375,835.5,837.7249755859375,8987540,HDFC Bank,HDFCBANK.NS
2021-10-20,783.1922607421875,836.9249877929688,849.375,832.2249755859375,844.5499877929688,10908568,HDFC Bank,HDFCBANK.NS
2021-10-21,784.3386840820312,838.1500244140625,840.9749755859375,830.4249877929688,835.9000244140625,9738190,HDFC Bank,HDFCBANK.NS
2021-10-22,786.4207763671875,840.375,854.0,835.375,840.0499877929688,12175554,HDFC Bank,HDFCBANK.NS
2021-10-25,775.3081665039062,828.5,845.0,806.9000244140625,845.0,16426766,HDFC Bank,HDFCBANK.NS
2021-10-26,773.3196411132812,826.375,836.9249877929688,823.1749877929688,825.0,12090656,HDFC Bank,HDFCBANK.NS
2021-10-27,768.6640014648438,821.4000244140625,832.5250244140625,818.6500244140625,826.375,13249642,HDFC Bank,HDFCBANK.NS
2021-10-28,745.6434326171875,796.7999877929688,825.0,793.5750122070312,825.0,17797750,HDFC Bank,HDFCBANK.NS
2021-10-29,740.6134643554688,791.4249877929688,801.0,780.0,795.0,12406874,HDFC Bank,HDFCBANK.NS
2021-11-01,751.1178588867188,802.6500244140625,805.5,791.7750244140625,792.5,8122320,HDFC Bank,HDFCBANK.NS
2021-11-02,751.7963256835938,803.375,811.0,800.0250244140625,803.0,13237722,HDFC Bank,HDFCBANK.NS
2021-11-03,739.9583740234375,790.7249755859375,804.9500122070312,787.7750244140625,802.5499877929688,10207338,HDFC Bank,HDFCBANK.NS
2021-11-04,745.8071899414062,796.9749755859375,798.9249877929688,795.0499877929688,797.5,1096808,HDFC Bank,HDFCBANK.NS
2021-11-08,748.7549438476562,800.125,802.3499755859375,785.2249755859375,796.0499877929688,18943580,HDFC Bank,HDFCBANK.NS
2021-11-09,735.65380859375,786.125,797.2999877929688,784.5250244140625,797.2999877929688,12695476,HDFC Bank,HDFCBANK.NS
2021-11-10,727.6995849609375,777.625,784.5,775.0,784.0,13714126,HDFC Bank,HDFCBANK.NS
2021-11-11,724.4476318359375,774.1500244140625,777.4500122070312,767.7999877929688,775.0250244140625,7999404,HDFC Bank,HDFCBANK.NS
2021-11-12,726.646728515625,776.5,779.5250244140625,772.5250244140625,775.0,14914092,HDFC Bank,HDFCBANK.NS
2021-11-15,728.63525390625,778.625,785.9249877929688,777.2000122070312,781.0499877929688,9533594,HDFC Bank,HDFCBANK.NS
2021-11-16,724.3071899414062,774.0,778.5999755859375,770.7999877929688,777.5,8245406,HDFC Bank,HDFCBANK.NS
2021-11-17,716.2593383789062,765.4000244140625,772.0,764.25,768.4500122070312,7598878,HDFC Bank,HDFCBANK.NS
2021-11-18,720.2833251953125,769.7000122070312,771.75,762.625,763.0250244140625,9152874,HDFC Bank,HDFCBANK.NS
2021-11-22,709.0302734375,757.6749877929688,776.3499755859375,749.5250244140625,773.0,15261272,HDFC Bank,HDFCBANK.NS
2021-11-23,709.1239624023438,757.7750244140625,763.9000244140625,748.1749877929688,751.0,11235214,HDFC Bank,HDFCBANK.NS
2021-11-24,710.293701171875,759.0250244140625,768.1749877929688,757.0250244140625,762.0,30802286,HDFC Bank,HDFCBANK.NS
2021-11-25,713.9900512695312,762.9749755859375,766.6500244140625,753.5,757.4000244140625,10251652,HDFC Bank,HDFCBANK.NS
2021-11-26,697.122314453125,744.9500122070312,753.3499755859375,742.5,750.0,18624936,HDFC Bank,HDFCBANK.NS
2021-11-29,702.4329223632812,750.625,753.8250122070312,731.0,747.4000244140625,12990996,HDFC Bank,HDFCBANK.NS
2021-11-30,698.830078125,746.7750244140625,764.5,743.2750244140625,747.5,25221542,HDFC Bank,HDFCBANK.NS
2021-12-01,704.0237426757812,752.3250122070312,753.5250244140625,744.5499877929688,747.5,8677634,HDFC Bank,HDFCBANK.NS
2021-12-02,713.896484375,762.875,764.4000244140625,750.0,752.25,11203110,HDFC Bank,HDFCBANK.NS
2021-12-03,708.188232421875,756.7750244140625,767.9749755859375,753.5250244140625,762.9000244140625,8124694,HDFC Bank,HDFCBANK.NS
2021-12-06,703.6260986328125,751.9000244140625,759.4000244140625,748.6749877929688,756.5,7029532,HDFC Bank,HDFCBANK.NS
2021-12-07,713.8731079101562,762.8499755859375,766.0,754.9500122070312,756.9749755859375,12427534,HDFC Bank,HDFCBANK.NS
2021-12-08,727.0210571289062,776.9000244140625,777.5250244140625,767.0,768.0,15295534,HDFC Bank,HDFCBANK.NS
2021-12-09,714.4111938476562,763.4249877929688,777.3499755859375,761.0,772.5999755859375,11747744,HDFC Bank,HDFCBANK.NS
2021-12-10,712.3992309570312,761.2750244140625,764.0,754.2249755859375,762.4500122070312,7779384,HDFC Bank,HDFCBANK.NS
2021-12-13,707.065185546875,755.5750122070312,768.8250122070312,753.5999755859375,763.0,10322142,HDFC Bank,HDFCBANK.NS
2021-12-14,702.9944458007812,751.2249755859375,758.0,748.5250244140625,751.25,9191100,HDFC Bank,HDFCBANK.NS
2021-12-15,701.8480224609375,750.0,761.6749877929688,747.8250122070312,751.5,10115148,HDFC Bank,HDFCBANK.NS
2021-12-16,701.8948364257812,750.0499877929688,758.5,747.0,756.4000244140625,13210432,HDFC Bank,HDFCBANK.NS
2021-12-17,689.2382202148438,736.5250244140625,753.0,733.8499755859375,748.5,14994768,HDFC Bank,HDFCBANK.NS
2021-12-20,667.0598754882812,712.8250122070312,729.0,707.0499877929688,726.0,21156668,HDFC Bank,HDFCBANK.NS
2021-12-21,674.6163940429688,720.9000244140625,725.375,715.0,719.75,9118750,HDFC Bank,HDFCBANK.NS
2021-12-22,676.2072143554688,722.5999755859375,728.0,717.8499755859375,726.1500244140625,8577484,HDFC Bank,HDFCBANK.NS
2021-12-23,675.6925659179688,722.0499877929688,728.9000244140625,718.4249877929688,726.625,9779166,HDFC Bank,HDFCBANK.NS
2021-12-24,673.2594604492188,719.4500122070312,726.0,714.0,722.75,5561024,HDFC Bank,HDFCBANK.NS
2021-12-27,678.8275146484375,725.4000244140625,727.0,711.0750122070312,714.4500122070312,4705098,HDFC Bank,HDFCBANK.NS
2021-12-28,683.5064697265625,730.4000244140625,733.4500122070312,726.7000122070312,730.3499755859375,5450678,HDFC Bank,HDFCBANK.NS
2021-12-29,680.2545776367188,726.9249877929688,730.5,723.7000122070312,728.0250244140625,7668702,HDFC Bank,HDFCBANK.NS
2021-12-30,683.8340454101562,730.75,733.4249877929688,722.5,729.25,7215918,HDFC Bank,HDFCBANK.NS
2021-12-31,692.2093505859375,739.7000122070312,742.4000244140625,730.75,730.75,6325736,HDFC Bank,HDFCBANK.NS
2022-01-03,711.0422973632812,759.8250122070312,761.5,740.25,742.5,9069184,HDFC Bank,HDFCBANK.NS
2022-01-04,715.2066040039062,764.2750244140625,766.4500122070312,753.9000244140625,760.0,8857352,HDFC Bank,HDFCBANK.NS
2022-01-05,732.1912841796875,782.4249877929688,786.0,764.0499877929688,768.4000244140625,14332638,HDFC Bank,HDFCBANK.NS
2022-01-06,720.4470825195312,769.875,777.375,765.0250244140625,771.5,9628930,HDFC Bank,HDFCBANK.NS
2022-01-07,725.5004272460938,775.2750244140625,783.375,767.9500122070312,772.0,11179384,HDFC Bank,HDFCBANK.NS
2022-01-10,729.5243530273438,779.5750122070312,786.0,772.75,779.0,8856496,HDFC Bank,HDFCBANK.NS
2022-01-11,732.6826171875,782.9500122070312,784.3499755859375,773.9000244140625,780.7750244140625,8389198,HDFC Bank,HDFCBANK.NS
2022-01-12,728.3545532226562,778.3250122070312,788.3250122070312,776.0,784.0,21085530,HDFC Bank,HDFCBANK.NS
2022-01-13,714.94921875,764.0,777.5,760.2000122070312,777.5,41963896,HDFC Bank,HDFCBANK.NS
2022-01-14,722.9737548828125,772.5750122070312,774.3499755859375,759.5,765.0,11208968,HDFC Bank,HDFCBANK.NS
2022-01-17,711.907958984375,760.75,778.0,759.5750122070312,765.0,22989372,HDFC Bank,HDFCBANK.NS
2022-01-18,715.5340576171875,764.625,775.4500122070312,761.5,766.5,12341152,HDFC Bank,HDFCBANK.NS
2022-01-19,710.4808349609375,759.2249755859375,769.875,756.6749877929688,767.0,14317626,HDFC Bank,HDFCBANK.NS
2022-01-20,706.0591430664062,754.5,764.25,750.0499877929688,764.2249755859375,15197846,HDFC Bank,HDFCBANK.NS
2022-01-21,711.9546508789062,760.7999877929688,764.9000244140625,742.7999877929688,750.0,11537694,HDFC Bank,HDFCBANK.NS
2022-01-24,695.6016235351562,743.3250122070312,760.625,733.7750244140625,754.9749755859375,11868508,HDFC Bank,HDFCBANK.NS
2022-01-25,696.2567138671875,744.0250244140625,747.5,722.0,729.3250122070312,13594248,HDFC Bank,HDFCBANK.NS
2022-01-27,690.127197265625,737.4749755859375,742.5,717.5,725.0,28617838,HDFC Bank,HDFCBANK.NS
2022-01-28,684.6528930664062,731.625,743.3499755859375,730.0,738.75,24925208,HDFC Bank,HDFCBANK.NS
2022-01-31,695.1570434570312,742.8499755859375,745.7750244140625,733.4000244140625,736.375,12842546,HDFC Bank,HDFCBANK.NS
2022-02-01,700.4443969726562,748.5,758.5,736.7249755859375,754.25,14739484,HDFC Bank,HDFCBANK.NS
2022-02-02,716.4464721679688,765.5999755859375,767.5,752.7999877929688,755.9749755859375,13969290,HDFC Bank,HDFCBANK.NS
2022-02-03,709.0302734375,757.6749877929688,769.9749755859375,754.5,764.375,10564762,HDFC Bank,HDFCBANK.NS
2022-02-04,713.07763671875,762.0,766.4249877929688,757.0499877929688,764.2000122070312,11579958,HDFC Bank,HDFCBANK.NS
2022-02-07,686.9454956054688,734.0750122070312,759.5,730.0,756.0499877929688,12268042,HDFC Bank,HDFCBANK.NS
2022-02-08,683.997802734375,730.9249877929688,739.2249755859375,722.2750244140625,738.2000122070312,13981130,HDFC Bank,HDFCBANK.NS
2022-02-09,700.7250366210938,748.7999877929688,749.8499755859375,733.5,737.0,11308342,HDFC Bank,HDFCBANK.NS
2022-02-10,713.5923461914062,762.5499877929688,767.75,750.8250122070312,757.0,14314530,HDFC Bank,HDFCBANK.NS
2022-02-11,710.66796875,759.4249877929688,762.5,749.75,750.125,10711104,HDFC Bank,HDFCBANK.NS
2022-02-14,689.5422973632812,736.8499755859375,749.7249755859375,734.6500244140625,745.0,14656620,HDFC Bank,HDFCBANK.NS
2022-02-15,710.1767578125,758.9000244140625,762.4500122070312,736.5250244140625,738.0,13135066,HDFC Bank,HDFCBANK.NS
2022-02-16,709.2174682617188,757.875,767.375,753.5,767.1749877929688,10032264,HDFC Bank,HDFCBANK.NS
2022-02-17,704.889404296875,753.25,761.0,751.0,756.5499877929688,7351208,HDFC Bank,HDFCBANK.NS
2022-02-18,707.6266479492188,756.1749877929688,758.5,745.2249755859375,749.1500244140625,7796128,HDFC Bank,HDFCBANK.NS
2022-02-21,712.1886596679688,761.0499877929688,765.3499755859375,747.7750244140625,752.0,7468066,HDFC Bank,HDFCBANK.NS
2022-02-22,706.8545532226562,755.3499755859375,761.0499877929688,743.9749755859375,744.9000244140625,9536196,HDFC Bank,HDFCBANK.NS
2022-02-23,702.2692260742188,750.4500122070312,762.8499755859375,747.8250122070312,762.5499877929688,9029562,HDFC Bank,HDFCBANK.NS
2022-02-24,664.1354370117188,709.7000122070312,737.4749755859375,703.5750122070312,724.9500122070312,23630766,HDFC Bank,HDFCBANK.NS
2022-02-25,681.307373046875,728.0499877929688,732.9500122070312,716.4249877929688,719.9749755859375,18318654,HDFC Bank,HDFCBANK.NS
2022-02-28,667.3405151367188,713.125,719.2750244140625,707.0250244140625,713.0,24880832,HDFC Bank,HDFCBANK.NS
2022-03-02,643.0098266601562,687.125,699.2000122070312,677.2000122070312,693.25,38505560,HDFC Bank,HDFCBANK.NS
2022-03-03,641.4891357421875,685.5,696.0,681.4500122070312,690.5,17527922,HDFC Bank,HDFCBANK.NS
2022-03-04,639.3836059570312,683.25,693.0,668.4500122070312,680.0,21219364,HDFC Bank,HDFCBANK.NS
2022-03-07,619.8722534179688,662.4000244140625,666.1749877929688,648.5250244140625,659.25,27054458,HDFC Bank,HDFCBANK.NS
2022-03-08,621.2759399414062,663.9000244140625,667.0,646.0,651.0999755859375,39212492,HDFC Bank,HDFCBANK.NS
2022-03-09,641.559326171875,685.5750122070312,687.3499755859375,659.4249877929688,665.0,23134694,HDFC Bank,HDFCBANK.NS
2022-03-10,651.6425170898438,696.3499755859375,713.5,690.125,713.5,22273206,HDFC Bank,HDFCBANK.NS
2022-03-11,653.5609130859375,698.4000244140625,704.4749755859375,686.3499755859375,694.0,15150780,HDFC Bank,HDFCBANK.NS
2022-03-14,674.9673461914062,721.2750244140625,725.0,707.5,707.5,25018126,HDFC Bank,HDFCBANK.NS
2022-03-15,666.287841796875,712.0,724.75,705.875,721.75,18867928,HDFC Bank,HDFCBANK.NS
2022-03-16,677.5875244140625,724.0750122070312,727.5,718.0999755859375,723.5,13364108,HDFC Bank,HDFCBANK.NS
2022-03-17,692.5135498046875,740.0250244140625,744.9000244140625,735.2750244140625,736.0,14823954,HDFC Bank,HDFCBANK.NS
2022-03-21,695.531494140625,743.25,746.8250122070312,736.4000244140625,743.5,12257876,HDFC Bank,HDFCBANK.NS
2022-03-22,699.1109008789062,747.0750122070312,749.0,728.5999755859375,740.6500244140625,10461814,HDFC Bank,HDFCBANK.NS
2022-03-23,692.1390991210938,739.625,759.4000244140625,736.7999877929688,753.5,31188256,HDFC Bank,HDFCBANK.NS
2022-03-24,675.0140991210938,721.3250122070312,734.8250122070312,717.2750244140625,733.0,20160044,HDFC Bank,HDFCBANK.NS
2022-03-25,669.5162963867188,715.4500122070312,726.0,709.5,725.5,16366462,HDFC Bank,HDFCBANK.NS
2022-03-28,670.4052734375,716.4000244140625,719.0,700.7999877929688,715.4500122070312,15754886,HDFC Bank,HDFCBANK.NS
2022-03-29,679.2954711914062,725.9000244140625,730.125,715.0,720.5,12377448,HDFC Bank,HDFCBANK.NS
2022-03-30,691.06298828125,738.4749755859375,741.375,727.0250244140625,736.0,20109742,HDFC Bank,HDFCBANK.NS
2022-03-31,687.9749145507812,735.1749877929688,742.3499755859375,732.9500122070312,735.5,14295714,HDFC Bank,HDFCBANK.NS
2022-04-01,704.655517578125,753.0,755.0,735.1500244140625,738.2000122070312,14568556,HDFC Bank,HDFCBANK.NS
2022-04-04,775.2146606445312,828.4000244140625,861.0499877929688,781.2750244140625,790.0,97450970,HDFC Bank,HDFCBANK.NS
2022-04-05,752.4981689453125,804.125,833.3499755859375,801.0,833.3499755859375,30922582,HDFC Bank,HDFCBANK.NS
2022-04-06,725.6406860351562,775.4249877929688,794.9000244140625,773.6749877929688,793.8499755859375,27027860,HDFC Bank,HDFCBANK.NS
2022-04-07,709.6853637695312,758.375,770.6749877929688,756.8499755859375,770.6500244140625,40781732,HDFC Bank,HDFCBANK.NS
2022-04-08,708.7028198242188,757.3250122070312,762.875,748.6500244140625,756.0499877929688,41256322,HDFC Bank,HDFCBANK.NS
2022-04-11,700.0467529296875,748.0750122070312,755.0,746.625,753.0,20799066,HDFC Bank,HDFCBANK.NS
2022-04-12,698.8068237304688,746.75,753.4249877929688,740.0750122070312,742.0,27435402,HDFC Bank,HDFCBANK.NS
2022-04-13,685.4482421875,732.4749755859375,751.1500244140625,731.3250122070312,745.0,28892520,HDFC Bank,HDFCBANK.NS
2022-04-18,652.9292602539062,697.7249755859375,715.8250122070312,695.0250244140625,709.4249877929688,45620376,HDFC Bank,HDFCBANK.NS
2022-04-19,628.0137329101562,671.0999755859375,694.7750244140625,663.5,690.4500122070312,74096022,HDFC Bank,HDFCBANK.NS
2022-04-20,633.67529296875,677.1500244140625,679.9500122070312,667.6749877929688,677.2249755859375,49325736,HDFC Bank,HDFCBANK.NS
2022-04-21,643.0565795898438,687.1749877929688,689.9000244140625,676.6500244140625,682.5,52446270,HDFC Bank,HDFCBANK.NS
2022-04-22,634.2835693359375,677.7999877929688,687.6749877929688,674.5750122070312,680.0,20659148,HDFC Bank,HDFCBANK.NS
2022-04-25,639.0326538085938,682.875,685.3250122070312,661.125,675.0,20935488,HDFC Bank,HDFCBANK.NS
2022-04-26,641.98046875,686.0250244140625,690.9749755859375,678.5750122070312,686.0,17016842,HDFC Bank,HDFCBANK.NS
2022-04-27,642.2144165039062,686.2750244140625,689.5,678.0499877929688,680.0,18054334,HDFC Bank,HDFCBANK.NS
2022-04-28,641.6528930664062,685.6749877929688,689.5,681.0499877929688,686.0,20773722,HDFC Bank,HDFCBANK.NS
2022-04-29,647.8526611328125,692.2999877929688,702.375,685.7750244140625,690.1749877929688,28401476,HDFC Bank,HDFCBANK.NS
2022-05-02,656.7894897460938,701.8499755859375,703.2249755859375,681.0250244140625,681.0250244140625,19494316,HDFC Bank,HDFCBANK.NS
2022-05-04,634.4706420898438,678.0,701.7999877929688,675.0,700.0,29055916,HDFC Bank,HDFCBANK.NS
2022-05-05,633.0435180664062,676.4749755859375,687.5,673.25,687.5,17862912,HDFC Bank,HDFCBANK.NS
2022-05-06,616.5033569335938,658.7999877929688,667.5,656.5,665.0,26731268,HDFC Bank,HDFCBANK.NS
2022-05-09,617.5560913085938,659.9249877929688,663.25,647.75,650.0,32762434,HDFC Bank,HDFCBANK.NS
2022-05-10,627.4755249023438,670.5250244140625,676.5,657.5250244140625,657.5250244140625,20113812,HDFC Bank,HDFCBANK.NS
2022-05-11,631.0081787109375,674.2999877929688,677.5,664.3250122070312,676.5,17102924,HDFC Bank,HDFCBANK.NS
2022-05-12,616.7843627929688,651.5250244140625,663.4000244140625,646.5,660.5499877929688,22382290,HDFC Bank,HDFCBANK.NS
2022-05-13,611.246337890625,645.6749877929688,659.0,643.5,655.0250244140625,16768238,HDFC Bank,HDFCBANK.NS
2022-05-16,617.7546997070312,652.5499877929688,656.0,642.6500244140625,649.5,9804356,HDFC Bank,HDFCBANK.NS
2022-05-17,621.9674072265625,657.0,658.5,649.0999755859375,656.2999877929688,16641444,HDFC Bank,HDFCBANK.NS
2022-05-18,621.9201049804688,656.9500122070312,666.6500244140625,655.0,662.0250244140625,15732384,HDFC Bank,HDFCBANK.NS
2022-05-19,609.2109985351562,643.5250244140625,648.2000122070312,639.1500244140625,643.0999755859375,20537506,HDFC Bank,HDFCBANK.NS
2022-05-20,625.257080078125,660.4749755859375,662.0999755859375,646.1749877929688,651.5,13919350,HDFC Bank,HDFCBANK.NS
2022-05-23,617.2340087890625,652.0,664.9749755859375,649.5499877929688,657.0,19486320,HDFC Bank,HDFCBANK.NS
2022-05-24,624.3104858398438,659.4749755859375,662.5,648.4500122070312,650.0,12870796,HDFC Bank,HDFCBANK.NS
2022-05-25,628.9728393554688,664.4000244140625,667.9749755859375,661.5999755859375,665.0,12887112,HDFC Bank,HDFCBANK.NS
2022-05-26,646.912353515625,683.3499755859375,685.5,670.0,671.0750122070312,26992428,HDFC Bank,HDFCBANK.NS
2022-05-27,658.9115600585938,696.0250244140625,697.3499755859375,685.375,685.9000244140625,24031718,HDFC Bank,HDFCBANK.NS
2022-05-30,663.4082641601562,700.7750244140625,710.25,699.2249755859375,705.125,12624674,HDFC Bank,HDFCBANK.NS
2022-05-31,657.4442138671875,694.4749755859375,702.4000244140625,690.0,697.9500122070312,13485388,HDFC Bank,HDFCBANK.NS
2022-06-01,660.2368774414062,697.4249877929688,700.2249755859375,689.5750122070312,690.0,12091896,HDFC Bank,HDFCBANK.NS
2022-06-02,655.621826171875,692.5499877929688,694.0,689.2999877929688,693.625,11475020,HDFC Bank,HDFCBANK.NS
2022-06-03,653.349853515625,690.1500244140625,700.375,688.1500244140625,699.1500244140625,6957244,HDFC Bank,HDFCBANK.NS
2022-06-06,652.47412109375,689.2249755859375,693.5,680.3250122070312,688.1500244140625,6173266,HDFC Bank,HDFCBANK.NS
2022-06-07,644.9716796875,681.2999877929688,687.1500244140625,677.0499877929688,681.0,10253966,HDFC Bank,HDFCBANK.NS
2022-06-08,647.2437744140625,683.7000122070312,690.5,678.5,686.6500244140625,5986588,HDFC Bank,HDFCBANK.NS
2022-06-09,652.119140625,688.8499755859375,691.0250244140625,678.5750122070312,681.125,7311816,HDFC Bank,HDFCBANK.NS
2022-06-10,639.5282592773438,675.5499877929688,683.9749755859375,671.7999877929688,680.0499877929688,9155430,HDFC Bank,HDFCBANK.NS
2022-06-13,627.9314575195312,663.2999877929688,665.0,654.1500244140625,661.7999877929688,10892572,HDFC Bank,HDFCBANK.NS
2022-06-14,621.0208129882812,656.0,663.0,652.5,655.625,11870356,HDFC Bank,HDFCBANK.NS
2022-06-15,618.8670043945312,653.7249755859375,657.9000244140625,649.2000122070312,650.8250122070312,11810470,HDFC Bank,HDFCBANK.NS
2022-06-16,606.4892578125,640.6500244140625,660.2750244140625,639.0,655.0,12169192,HDFC Bank,HDFCBANK.NS
2022-06-17,610.4889526367188,644.875,649.5,635.7999877929688,637.5,14723922,HDFC Bank,HDFCBANK.NS
2022-06-20,625.8251953125,661.0750122070312,662.5,647.0750122070312,652.3499755859375,15936840,HDFC Bank,HDFCBANK.NS
2022-06-21,632.6412963867188,668.2750244140625,677.0,662.0250244140625,668.4500122070312,13220684,HDFC Bank,HDFCBANK.NS
2022-06-22,629.6591796875,665.125,668.4749755859375,661.5999755859375,666.125,8159698,HDFC Bank,HDFCBANK.NS
2022-06-23,631.9785766601562,667.5750122070312,674.0,659.25,665.25,15372244,HDFC Bank,HDFCBANK.NS
2022-06-24,640.8063354492188,676.9000244140625,680.8250122070312,669.2750244140625,669.2750244140625,8013432,HDFC Bank,HDFCBANK.NS
2022-06-27,641.966064453125,678.125,688.0,676.0,685.0,9804164,HDFC Bank,HDFCBANK.NS
2022-06-28,637.0670166015625,672.9500122070312,675.5,669.2000122070312,672.0,9770574,HDFC Bank,HDFCBANK.NS
2022-06-29,636.1438598632812,671.9749755859375,675.375,665.625,665.625,9994046,HDFC Bank,HDFCBANK.NS
2022-06-30,638.0609741210938,674.0,677.0,668.0,668.0,12475822,HDFC Bank,HDFCBANK.NS
2022-07-01,640.7826538085938,676.875,680.0,665.0250244140625,671.9749755859375,11472452,HDFC Bank,HDFCBANK.NS
2022-07-04,641.6819458007812,677.8250122070312,680.0999755859375,671.125,676.8499755859375,8487480,HDFC Bank,HDFCBANK.NS
2022-07-05,640.23828125,676.2999877929688,689.6749877929688,674.1500244140625,682.0,14325718,HDFC Bank,HDFCBANK.NS
2022-07-06,649.0660400390625,685.625,686.7000122070312,673.5499877929688,674.0,15049078,HDFC Bank,HDFCBANK.NS
2022-07-07,660.6865234375,697.9000244140625,699.0,687.2249755859375,690.0,17743142,HDFC Bank,HDFCBANK.NS
2022-07-08,661.3018798828125,698.5499877929688,705.0,697.375,705.0,12474030,HDFC Bank,HDFCBANK.NS
2022-07-11,665.5856323242188,703.0750122070312,704.9500122070312,696.625,697.0,7462880,HDFC Bank,HDFCBANK.NS
2022-07-12,658.793212890625,695.9000244140625,702.625,694.7000122070312,702.625,9876974,HDFC Bank,HDFCBANK.NS
2022-07-13,642.7233276367188,678.9249877929688,697.0999755859375,677.125,695.0,15945610,HDFC Bank,HDFCBANK.NS
2022-07-14,639.5046997070312,675.5250244140625,686.3250122070312,674.625,681.0,10372410,HDFC Bank,HDFCBANK.NS
2022-07-15,644.71142578125,681.0250244140625,682.4500122070312,673.4000244140625,676.5,13595646,HDFC Bank,HDFCBANK.NS
2022-07-18,637.8479614257812,673.7750244140625,683.0499877929688,671.0250244140625,674.0,20332220,HDFC Bank,HDFCBANK.NS
2022-07-19,638.0846557617188,674.0250244140625,679.2750244140625,668.5,668.5,15792538,HDFC Bank,HDFCBANK.NS
2022-07-20,646.1314086914062,682.5250244140625,685.5499877929688,677.625,679.9500122070312,20347862,HDFC Bank,HDFCBANK.NS
2022-07-21,644.0960693359375,680.375,684.75,679.0499877929688,680.2750244140625,12640278,HDFC Bank,HDFCBANK.NS
2022-07-22,659.12451171875,696.25,698.5,681.2000122070312,683.0,12729592,HDFC Bank,HDFCBANK.NS
2022-07-25,661.065185546875,698.2999877929688,702.2999877929688,691.6500244140625,697.5,10143126,HDFC Bank,HDFCBANK.NS
2022-07-26,659.71630859375,696.875,701.0,693.1500244140625,698.0,8527964,HDFC Bank,HDFCBANK.NS
2022-07-27,664.7572021484375,702.2000122070312,703.0,692.125,694.4500122070312,9212778,HDFC Bank,HDFCBANK.NS
2022-07-28,670.6503295898438,708.4249877929688,712.0,705.5,707.5250244140625,17420406,HDFC Bank,HDFCBANK.NS
2022-07-29,678.8627319335938,717.0999755859375,719.2999877929688,707.6500244140625,719.0,20019736,HDFC Bank,HDFCBANK.NS
2022-08-01,684.519287109375,723.0750122070312,724.2249755859375,715.0250244140625,719.5,13193036,HDFC Bank,HDFCBANK.NS
2022-08-02,676.9931640625,715.125,722.2999877929688,711.5250244140625,721.0,15036510,HDFC Bank,HDFCBANK.NS
2022-08-03,678.5787963867188,716.7999877929688,717.875,708.5,712.4749755859375,10975498,HDFC Bank,HDFCBANK.NS
2022-08-04,677.7740478515625,715.9500122070312,723.3499755859375,706.4749755859375,720.0,12012206,HDFC Bank,HDFCBANK.NS
2022-08-05,675.4784545898438,713.5250244140625,718.4749755859375,710.5750122070312,716.5,9268982,HDFC Bank,HDFCBANK.NS
2022-08-08,692.0452880859375,731.0250244140625,732.25,713.5499877929688,714.0,15357736,HDFC Bank,HDFCBANK.NS
2022-08-10,694.0570068359375,733.1500244140625,735.75,724.5250244140625,730.6749877929688,17353102,HDFC Bank,HDFCBANK.NS
2022-08-11,703.2396240234375,742.8499755859375,745.5,737.2750244140625,743.25,18301766,HDFC Bank,HDFCBANK.NS
2022-08-12,702.9794311523438,742.5750122070312,744.6500244140625,737.9749755859375,742.5,8850370,HDFC Bank,HDFCBANK.NS
2022-08-16,711.026123046875,751.0750122070312,754.25,744.0250244140625,747.4000244140625,12563756,HDFC Bank,HDFCBANK.NS
2022-08-17,714.694580078125,754.9500122070312,756.375,742.875,750.0,12384350,HDFC Bank,HDFCBANK.NS
2022-08-18,715.5465087890625,755.8499755859375,756.9500122070312,749.8250122070312,750.0,8342138,HDFC Bank,HDFCBANK.NS
2022-08-19,706.7188110351562,746.5250244140625,756.0,745.0,755.0,8063702,HDFC Bank,HDFCBANK.NS
2022-08-22,695.9739990234375,735.1749877929688,744.1749877929688,733.8499755859375,742.4000244140625,8234066,HDFC Bank,HDFCBANK.NS
2022-08-23,693.8203125,732.9000244140625,737.9749755859375,725.2000122070312,726.6500244140625,14966884,HDFC Bank,HDFCBANK.NS
2022-08-24,697.1573486328125,736.4249877929688,737.75,729.5999755859375,730.9500122070312,13455520,HDFC Bank,HDFCBANK.NS
2022-08-25,693.37060546875,732.4249877929688,743.4000244140625,728.5,739.9500122070312,11823040,HDFC Bank,HDFCBANK.NS
2022-08-26,693.4889526367188,732.5499877929688,740.9000244140625,730.5999755859375,736.0250244140625,7706176,HDFC Bank,HDFCBANK.NS
2022-08-29,681.3241577148438,719.7000122070312,723.0,714.2999877929688,718.5,8653178,HDFC Bank,HDFCBANK.NS
2022-08-30,703.4290771484375,743.0499877929688,744.9749755859375,721.5499877929688,723.2249755859375,10135400,HDFC Bank,HDFCBANK.NS
2022-09-01,696.8260498046875,736.0750122070312,744.7249755859375,729.5,732.375,22403136,HDFC Bank,HDFCBANK.NS
2022-09-02,703.1450805664062,742.75,745.25,732.5999755859375,736.0750122070312,12038086,HDFC Bank,HDFCBANK.NS
2022-09-05,707.6654663085938,747.5250244140625,749.5,742.0499877929688,743.0499877929688,12131932,HDFC Bank,HDFCBANK.NS
2022-09-06,704.9673461914062,744.6749877929688,753.3250122070312,743.2249755859375,749.4500122070312,12238696,HDFC Bank,HDFCBANK.NS
2022-09-07,701.63037109375,741.1500244140625,745.0,735.6500244140625,735.6500244140625,9776206,HDFC Bank,HDFCBANK.NS
2022-09-08,708.8724365234375,748.7999877929688,750.0,741.0750122070312,745.0499877929688,11164690,HDFC Bank,HDFCBANK.NS
2022-09-09,709.3457641601562,749.2999877929688,754.5,747.0250244140625,748.0999755859375,15128888,HDFC Bank,HDFCBANK.NS
2022-09-12,706.9554443359375,746.7750244140625,752.0,745.0,750.0,11080492,HDFC Bank,HDFCBANK.NS
2022-09-13,716.2091674804688,756.5499877929688,757.9500122070312,749.2750244140625,749.4500122070312,13001966,HDFC Bank,HDFCBANK.NS
2022-09-14,723.5697021484375,764.3250122070312,769.4500122070312,746.1749877929688,747.0250244140625,20219760,HDFC Bank,HDFCBANK.NS
2022-09-15,719.806640625,760.3499755859375,770.4749755859375,756.0,765.0,13539372,HDFC Bank,HDFCBANK.NS
2022-09-16,706.5768432617188,746.375,757.3499755859375,741.5,751.5499877929688,20560046,HDFC Bank,HDFCBANK.NS
2022-09-19,711.2391967773438,751.2999877929688,757.0,740.0,744.5,12076038,HDFC Bank,HDFCBANK.NS
2022-09-20,719.806640625,760.3499755859375,762.0,754.9500122070312,757.0,10781668,HDFC Bank,HDFCBANK.NS
2022-09-21,718.6942749023438,759.1749877929688,760.75,752.5,754.0,9072304,HDFC Bank,HDFCBANK.NS
2022-09-22,703.3817749023438,743.0,755.0750122070312,741.375,751.0,12048144,HDFC Bank,HDFCBANK.NS
2022-09-23,684.519287109375,723.0750122070312,737.5,718.5,736.1749877929688,15806252,HDFC Bank,HDFCBANK.NS
2022-09-26,675.2890625,713.3250122070312,718.2249755859375,709.0,712.6749877929688,8923486,HDFC Bank,HDFCBANK.NS
2022-09-27,669.2302856445312,706.9249877929688,720.0,703.5,716.2000122070312,12639700,HDFC Bank,HDFCBANK.NS
2022-09-28,657.728271484375,694.7750244140625,705.2999877929688,692.9500122070312,703.0,11816132,HDFC Bank,HDFCBANK.NS
2022-09-29,654.3201293945312,691.1749877929688,701.0999755859375,689.4000244140625,698.1500244140625,14410388,HDFC Bank,HDFCBANK.NS
2022-09-30,672.7803344726562,710.6749877929688,715.7249755859375,682.5,689.4000244140625,15781756,HDFC Bank,HDFCBANK.NS
2022-10-03,668.9226684570312,706.5999755859375,708.9249877929688,700.5499877929688,704.9749755859375,11541112,HDFC Bank,HDFCBANK.NS
2022-10-04,687.7615966796875,726.5,729.0,713.0750122070312,714.75,11538526,HDFC Bank,HDFCBANK.NS
2022-10-06,680.1881103515625,718.5,731.2999877929688,717.0999755859375,729.9749755859375,12549198,HDFC Bank,HDFCBANK.NS
2022-10-07,677.25341796875,715.4000244140625,717.4749755859375,710.1749877929688,715.125,13297994,HDFC Bank,HDFCBANK.NS
2022-10-10,669.774658203125,707.5,713.0,699.0999755859375,704.0,13109302,HDFC Bank,HDFCBANK.NS
2022-10-11,662.9822998046875,700.3250122070312,708.5,699.7249755859375,700.5499877929688,14521620,HDFC Bank,HDFCBANK.NS
2022-10-12,667.3132934570312,704.9000244140625,707.4249877929688,698.6500244140625,701.5999755859375,9225050,HDFC Bank,HDFCBANK.NS
2022-10-13,659.645263671875,696.7999877929688,703.125,692.0,701.0250244140625,14714234,HDFC Bank,HDFCBANK.NS
2022-10-14,681.1348266601562,719.5,723.5,707.625,708.5,12849920,HDFC Bank,HDFCBANK.NS
2022-10-17,684.70849609375,723.2750244140625,728.7999877929688,713.5,717.5,18410500,HDFC Bank,HDFCBANK.NS
2022-10-18,683.4304809570312,721.9249877929688,731.4500122070312,720.0,729.0250244140625,10561108,HDFC Bank,HDFCBANK.NS
2022-10-19,690.4359741210938,729.3250122070312,738.7000122070312,726.7000122070312,732.0,12967040,HDFC Bank,HDFCBANK.NS
2022-10-20,685.7736206054688,724.4000244140625,726.4500122070312,721.25,722.0,7898078,HDFC Bank,HDFCBANK.NS
2022-10-21,680.9454345703125,719.2999877929688,728.8250122070312,717.0,726.0,10492606,HDFC Bank,HDFCBANK.NS
2022-10-24,691.5719604492188,730.5250244140625,731.5,727.1500244140625,727.1500244140625,2167794,HDFC Bank,HDFCBANK.NS
2022-10-25,686.767578125,725.4500122070312,733.9000244140625,722.5,730.5499877929688,13773394,HDFC Bank,HDFCBANK.NS
2022-10-27,688.4241333007812,727.2000122070312,733.6749877929688,725.625,732.25,15937276,HDFC Bank,HDFCBANK.NS
2022-10-28,690.4595947265625,729.3499755859375,733.5,723.7000122070312,725.0,10474278,HDFC Bank,HDFCBANK.NS
2022-10-31,708.4464721679688,748.3499755859375,749.0,733.625,736.0,12830528,HDFC Bank,HDFCBANK.NS
2022-11-01,716.2802734375,756.625,764.5,749.4500122070312,751.75,19073756,HDFC Bank,HDFCBANK.NS
2022-11-02,716.7298583984375,757.0999755859375,764.125,755.7999877929688,758.5,12720406,HDFC Bank,HDFCBANK.NS
2022-11-03,713.5822143554688,753.7750244140625,760.125,748.5,748.8499755859375,10332352,HDFC Bank,HDFCBANK.NS
2022-11-04,708.6594848632812,748.5750122070312,758.0499877929688,744.7999877929688,751.5999755859375,10818060,HDFC Bank,HDFCBANK.NS
2022-11-07,714.1738891601562,754.4000244140625,756.0,746.0499877929688,755.0,9835834,HDFC Bank,HDFCBANK.NS
2022-11-09,713.9608764648438,754.1749877929688,758.9749755859375,752.0,757.5250244140625,9269790,HDFC Bank,HDFCBANK.NS
2022-11-10,721.7236328125,762.375,763.5,747.5250244140625,748.5499877929688,12774182,HDFC Bank,HDFCBANK.NS
2022-11-11,762.6201171875,805.5750122070312,818.5,769.0,772.5,56722338,HDFC Bank,HDFCBANK.NS
2022-11-14,764.4661254882812,807.5250244140625,814.0,799.0,806.0,19195390,HDFC Bank,HDFCBANK.NS
2022-11-15,766.3358154296875,809.5,811.5750122070312,802.625,811.5750122070312,11030202,HDFC Bank,HDFCBANK.NS
2022-11-16,772.915283203125,816.4500122070312,821.0,806.0,809.3250122070312,13578150,HDFC Bank,HDFCBANK.NS
2022-11-17,765.9334106445312,809.0750122070312,815.7750244140625,806.9500122070312,809.0499877929688,12100930,HDFC Bank,HDFCBANK.NS
2022-11-18,763.9218139648438,806.9500122070312,811.5,802.625,810.5,10459232,HDFC Bank,HDFCBANK.NS
2022-11-21,756.0880126953125,798.6749877929688,806.0,795.0999755859375,803.8250122070312,8344816,HDFC Bank,HDFCBANK.NS
2022-11-22,754.9757080078125,797.5,802.1749877929688,795.5,800.0,8546314,HDFC Bank,HDFCBANK.NS
2022-11-23,756.9400634765625,799.5750122070312,802.5,797.0,802.5,10185738,HDFC Bank,HDFCBANK.NS
2022-11-24,769.246826171875,812.5750122070312,816.0,799.5750122070312,802.9749755859375,17197960,HDFC Bank,HDFCBANK.NS
2022-11-25,765.69677734375,808.8250122070312,815.8499755859375,807.0499877929688,814.8499755859375,8410496,HDFC Bank,HDFCBANK.NS
2022-11-28,757.4607543945312,800.125,803.7249755859375,797.0250244140625,801.4500122070312,16105980,HDFC Bank,HDFCBANK.NS
2022-11-29,756.3246459960938,798.9249877929688,806.1749877929688,796.4249877929688,798.625,12638236,HDFC Bank,HDFCBANK.NS
2022-11-30,761.3419799804688,804.2249755859375,806.4500122070312,798.5499877929688,798.5499877929688,15184806,HDFC Bank,HDFCBANK.NS
2022-12-01,766.572509765625,809.75,818.5,807.5,811.0,20446366,HDFC Bank,HDFCBANK.NS
2022-12-02,760.703125,803.5499877929688,809.2999877929688,802.5750122070312,805.0,7811078,HDFC Bank,HDFCBANK.NS
2022-12-05,763.47216796875,806.4749755859375,807.2999877929688,798.0999755859375,804.9749755859375,11592622,HDFC Bank,HDFCBANK.NS
2022-12-06,762.6201171875,805.5750122070312,806.8499755859375,800.0,800.5,12353092,HDFC Bank,HDFCBANK.NS
2022-12-07,762.2887573242188,805.2249755859375,809.2999877929688,802.2249755859375,807.0750122070312,11674720,HDFC Bank,HDFCBANK.NS
2022-12-08,766.572509765625,809.75,813.0,802.5,805.0,14803634,HDFC Bank,HDFCBANK.NS
2022-12-09,772.0394897460938,815.5250244140625,817.4249877929688,810.0,813.0,11963384,HDFC Bank,HDFCBANK.NS
2022-12-12,778.0509643554688,821.875,826.7999877929688,810.7000122070312,812.5,14434808,HDFC Bank,HDFCBANK.NS
2022-12-13,780.2046508789062,824.1500244140625,828.5,822.5,825.0,17031702,HDFC Bank,HDFCBANK.NS
2022-12-14,786.8077392578125,831.125,832.75,825.0,826.5,14227640,HDFC Bank,HDFCBANK.NS
2022-12-15,772.3945922851562,815.9000244140625,834.7000122070312,813.5250244140625,828.5250244140625,18182648,HDFC Bank,HDFCBANK.NS
2022-12-16,776.1102905273438,819.8250122070312,822.5499877929688,804.5,810.0250244140625,14647958,HDFC Bank,HDFCBANK.NS
2022-12-19,778.5243530273438,822.375,823.3250122070312,813.0999755859375,822.0,9604542,HDFC Bank,HDFCBANK.NS
2022-12-20,773.1519165039062,816.7000122070312,818.2000122070312,810.0999755859375,810.0999755859375,7174698,HDFC Bank,HDFCBANK.NS
2022-12-21,765.6732177734375,808.7999877929688,822.4000244140625,803.2750244140625,820.5,9269198,HDFC Bank,HDFCBANK.NS
2022-12-22,763.046142578125,806.0250244140625,813.75,804.5,811.0999755859375,9747096,HDFC Bank,HDFCBANK.NS
2022-12-23,756.2300415039062,798.8250122070312,802.0750122070312,792.7249755859375,793.5,10693152,HDFC Bank,HDFCBANK.NS
2022-12-26,771.2821655273438,814.7249755859375,819.5,795.0,799.75,9907322,HDFC Bank,HDFCBANK.NS
2022-12-27,772.063232421875,815.5499877929688,817.9749755859375,806.75,816.5,7926772,HDFC Bank,HDFCBANK.NS
2022-12-28,771.4478759765625,814.9000244140625,816.5,811.5499877929688,811.5499877929688,8691870,HDFC Bank,HDFCBANK.NS
2022-12-29,776.8912963867188,820.6500244140625,821.75,805.5,810.0499877929688,11012896,HDFC Bank,HDFCBANK.NS
2022-12-30,770.6668701171875,814.0750122070312,822.5,810.0,822.5,7122640,HDFC Bank,HDFCBANK.NS
2023-01-02,770.9273071289062,814.3499755859375,819.875,809.2750244140625,813.5,4381378,HDFC Bank,HDFCBANK.NS
2023-01-03,775.9682006835938,819.6749877929688,821.5,811.0999755859375,811.0999755859375,8378030,HDFC Bank,HDFCBANK.NS
2023-01-04,762.0995483398438,805.0250244140625,822.875,803.5,817.5,10351600,HDFC Bank,HDFCBANK.NS
2023-01-05,757.2003173828125,799.8499755859375,809.0250244140625,794.7000122070312,807.5,10941436,HDFC Bank,HDFCBANK.NS
2023-01-06,754.691650390625,797.2000122070312,804.5499877929688,789.0999755859375,801.0,9092462,HDFC Bank,HDFCBANK.NS
2023-01-09,756.1589965820312,798.75,805.7750244140625,795.0,798.0,10729340,HDFC Bank,HDFCBANK.NS
2023-01-10,742.3375244140625,784.1500244140625,800.0,782.5,800.0,16371766,HDFC Bank,HDFCBANK.NS
2023-01-11,753.0349731445312,795.4500122070312,799.0,780.0,783.9749755859375,15195798,HDFC Bank,HDFCBANK.NS
2023-01-12,757.0584106445312,799.7000122070312,801.9500122070312,792.0750122070312,793.9000244140625,9250070,HDFC Bank,HDFCBANK.NS
2023-01-13,757.6500854492188,800.3250122070312,804.9500122070312,793.0,799.375,9244546,HDFC Bank,HDFCBANK.NS
2023-01-16,750.3843383789062,792.6500244140625,810.6500244140625,790.1500244140625,807.5,14748094,HDFC Bank,HDFCBANK.NS
2023-01-17,761.55517578125,804.4500122070312,805.5,788.75,794.9000244140625,10786354,HDFC Bank,HDFCBANK.NS
2023-01-18,774.998046875,818.6500244140625,820.7999877929688,799.8499755859375,802.5,19090642,HDFC Bank,HDFCBANK.NS
2023-01-19,778.216552734375,822.0499877929688,825.0,816.5,818.5,11172162,HDFC Bank,HDFCBANK.NS
2023-01-20,786.1923217773438,830.4749755859375,834.5,821.7000122070312,822.0499877929688,18843404,HDFC Bank,HDFCBANK.NS
2023-01-23,791.9434814453125,836.5499877929688,841.2999877929688,830.7000122070312,833.125,15444400,HDFC Bank,HDFCBANK.NS
2023-01-24,802.5462036132812,847.75,851.2000122070312,837.5,837.5250244140625,24983940,HDFC Bank,HDFCBANK.NS
2023-01-25,780.370361328125,824.3250122070312,846.4749755859375,822.6500244140625,845.7000122070312,14704142,HDFC Bank,HDFCBANK.NS
2023-01-27,764.8211669921875,807.9000244140625,818.5,794.9749755859375,816.0,35179948,HDFC Bank,HDFCBANK.NS
2023-01-30,764.0401000976562,807.0750122070312,812.6500244140625,791.0,797.5,18512822,HDFC Bank,HDFCBANK.NS
2023-01-31,758.9990234375,801.75,811.3499755859375,797.5,809.8499755859375,18596244,HDFC Bank,HDFCBANK.NS
2023-02-01,770.3828735351562,813.7750244140625,832.5,803.0,812.0,17302790,HDFC Bank,HDFCBANK.NS
2023-02-02,758.9281005859375,801.6749877929688,812.25,794.375,804.0499877929688,17497106,HDFC Bank,HDFCBANK.NS
2023-02-03,785.1747436523438,829.4000244140625,830.25,803.5,805.5,14411100,HDFC Bank,HDFCBANK.NS
2023-02-06,781.8377075195312,825.875,834.7000122070312,823.0999755859375,830.0,11167672,HDFC Bank,HDFCBANK.NS
2023-02-07,782.9973754882812,827.0999755859375,832.4500122070312,816.2999877929688,829.7000122070312,10264588,HDFC Bank,HDFCBANK.NS
2023-02-08,782.9026489257812,827.0,834.0999755859375,825.0,827.125,8444826,HDFC Bank,HDFCBANK.NS
2023-02-09,781.2697143554688,825.2750244140625,830.8250122070312,817.7750244140625,830.0,11777336,HDFC Bank,HDFCBANK.NS
2023-02-10,784.3701171875,828.5499877929688,829.25,821.0999755859375,824.4000244140625,8172116,HDFC Bank,HDFCBANK.NS
2023-02-13,784.961669921875,829.1749877929688,830.875,822.2750244140625,827.5,5736944,HDFC Bank,HDFCBANK.NS
2023-02-14,792.2274169921875,836.8499755859375,838.75,828.9749755859375,832.5,10908592,HDFC Bank,HDFCBANK.NS
2023-02-15,790.6181030273438,835.1500244140625,839.0,828.375,839.0,11438712,HDFC Bank,HDFCBANK.NS
2023-02-16,787.7544555664062,832.125,840.9500122070312,830.5,836.5999755859375,8062500,HDFC Bank,HDFCBANK.NS
2023-02-17,783.802001953125,827.9500122070312,834.0750122070312,821.4749755859375,830.5,8956270,HDFC Bank,HDFCBANK.NS
2023-02-20,776.441650390625,820.1749877929688,834.7249755859375,817.4000244140625,830.0,8086706,HDFC Bank,HDFCBANK.NS
2023-02-21,779.3526611328125,823.25,831.1749877929688,817.0,820.0,12389296,HDFC Bank,HDFCBANK.NS
2023-02-22,764.0637817382812,807.0999755859375,820.9749755859375,804.5250244140625,819.5,10359102,HDFC Bank,HDFCBANK.NS
2023-02-23,758.8806762695312,801.625,809.4249877929688,796.0499877929688,806.5,27882010,HDFC Bank,HDFCBANK.NS
2023-02-24,752.112060546875,794.4749755859375,808.9500122070312,792.5999755859375,808.9500122070312,17061740,HDFC Bank,HDFCBANK.NS
2023-02-27,753.9817504882812,796.4500122070312,799.5,788.6500244140625,792.9500122070312,14312972,HDFC Bank,HDFCBANK.NS
2023-02-28,757.1529541015625,799.7999877929688,802.6500244140625,794.3499755859375,796.0,18993992,HDFC Bank,HDFCBANK.NS
2023-03-01,756.41943359375,799.0250244140625,806.5,797.875,806.0,14137256,HDFC Bank,HDFCBANK.NS
2023-03-02,749.9818725585938,792.2249755859375,802.9749755859375,791.0,797.0,17391814,HDFC Bank,HDFCBANK.NS
2023-03-03,764.8684692382812,807.9500122070312,810.0,794.0,798.0,14986234,HDFC Bank,HDFCBANK.NS
2023-03-06,770.2646484375,813.6500244140625,819.7249755859375,809.0250244140625,810.0,27004710,HDFC Bank,HDFCBANK.NS
2023-03-08,771.8029174804688,815.2750244140625,819.75,810.0,810.0,20099774,HDFC Bank,HDFCBANK.NS
2023-03-09,771.8738403320312,815.3499755859375,822.9749755859375,813.5,814.9749755859375,20700166,HDFC Bank,HDFCBANK.NS
2023-03-10,751.969970703125,794.3250122070312,806.875,792.5,805.2249755859375,27387000,HDFC Bank,HDFCBANK.NS
2023-03-13,742.4559326171875,784.2750244140625,801.9000244140625,782.4749755859375,793.9500122070312,26443550,HDFC Bank,HDFCBANK.NS
2023-03-14,740.4678344726562,782.1749877929688,791.7999877929688,779.6500244140625,785.125,33185612,HDFC Bank,HDFCBANK.NS
2023-03-15,729.8414306640625,770.9500122070312,791.4500122070312,768.2999877929688,789.0,37264754,HDFC Bank,HDFCBANK.NS
2023-03-16,734.5748291015625,775.9500122070312,779.5499877929688,766.0250244140625,769.5,21753342,HDFC Bank,HDFCBANK.NS
2023-03-17,744.3965454101562,786.3250122070312,789.5999755859375,770.0,778.75,22950876,HDFC Bank,HDFCBANK.NS
2023-03-20,739.2371826171875,780.875,784.0499877929688,772.7000122070312,783.9749755859375,26503114,HDFC Bank,HDFCBANK.NS
2023-03-21,747.615234375,789.7249755859375,791.25,778.0999755859375,785.9749755859375,33050494,HDFC Bank,HDFCBANK.NS
2023-03-22,745.8876953125,787.9000244140625,793.0250244140625,782.6500244140625,792.0,14177324,HDFC Bank,HDFCBANK.NS
2023-03-23,739.8998413085938,781.5750122070312,795.1749877929688,779.2750244140625,783.875,28364178,HDFC Bank,HDFCBANK.NS
2023-03-24,738.716552734375,780.3250122070312,786.9500122070312,777.4749755859375,780.0,31477748,HDFC Bank,HDFCBANK.NS
2023-03-27,741.9351196289062,783.7249755859375,789.7249755859375,779.4500122070312,781.0999755859375,31872006,HDFC Bank,HDFCBANK.NS
2023-03-28,747.9702758789062,790.0999755859375,791.4500122070312,782.0499877929688,782.8499755859375,39276302,HDFC Bank,HDFCBANK.NS
2023-03-29,751.5676879882812,793.9000244140625,801.0,790.9500122070312,792.0,39763612,HDFC Bank,HDFCBANK.NS
2023-03-31,761.8627319335938,804.7750244140625,806.4749755859375,796.2000122070312,797.7999877929688,34711228,HDFC Bank,HDFCBANK.NS
2023-04-03,762.3361206054688,805.2750244140625,807.8499755859375,801.375,803.7750244140625,40025398,HDFC Bank,HDFCBANK.NS
2023-04-05,782.7843017578125,826.875,828.0,808.0,809.2999877929688,43365392,HDFC Bank,HDFCBANK.NS
2023-04-06,788.7484130859375,833.1749877929688,834.5999755859375,823.5499877929688,824.2750244140625,44637344,HDFC Bank,HDFCBANK.NS
2023-04-10,785.009033203125,829.2249755859375,835.5,827.0,831.625,31813286,HDFC Bank,HDFCBANK.NS
2023-04-11,787.3047485351562,831.6500244140625,834.7000122070312,825.5499877929688,829.5,42361542,HDFC Bank,HDFCBANK.NS
2023-04-12,797.5289306640625,842.4500122070312,844.0999755859375,833.9000244140625,834.0,26955504,HDFC Bank,HDFCBANK.NS
2023-04-13,801.1024780273438,846.2249755859375,848.5250244140625,839.0750122070312,844.1500244140625,35330086,HDFC Bank,HDFCBANK.NS
2023-04-17,788.8904418945312,833.3250122070312,860.0,826.6500244140625,860.0,32405148,HDFC Bank,HDFCBANK.NS
2023-04-18,785.5533447265625,829.7999877929688,838.625,828.2000122070312,835.0,29637226,HDFC Bank,HDFCBANK.NS
2023-04-19,788.4407958984375,832.8499755859375,835.1500244140625,828.5750122070312,832.5,24741168,HDFC Bank,HDFCBANK.NS
2023-04-20,791.37548828125,835.9500122070312,838.7249755859375,833.2000122070312,835.8499755859375,32922716,HDFC Bank,HDFCBANK.NS
2023-04-21,792.6534423828125,837.2999877929688,838.4749755859375,831.625,834.5,20128618,HDFC Bank,HDFCBANK.NS
2023-04-24,799.0671997070312,844.0750122070312,845.7249755859375,837.0499877929688,843.5,35675852,HDFC Bank,HDFCBANK.NS
2023-04-25,787.7070922851562,832.0750122070312,843.8499755859375,830.9500122070312,843.8499755859375,50353068,HDFC Bank,HDFCBANK.NS
2023-04-26,791.328125,835.9000244140625,837.5,827.5,830.0,27392750,HDFC Bank,HDFCBANK.NS
2023-04-27,795.682861328125,840.5,842.625,832.9249877929688,835.25,47790392,HDFC Bank,HDFCBANK.NS
2023-04-28,798.806884765625,843.7999877929688,845.5,835.0,842.3499755859375,27916272,HDFC Bank,HDFCBANK.NS
2023-05-02,798.6412353515625,843.625,849.5,841.0,844.3499755859375,32221184,HDFC Bank,HDFCBANK.NS
2023-05-03,801.4338989257812,846.5750122070312,848.0,839.8250122070312,842.4749755859375,29407270,HDFC Bank,HDFCBANK.NS
2023-05-04,817.8351440429688,863.9000244140625,867.2249755859375,843.5499877929688,843.5499877929688,56854638,HDFC Bank,HDFCBANK.NS
2023-05-05,769.4835815429688,812.8250122070312,830.4749755859375,811.0499877929688,819.5,62770416,HDFC Bank,HDFCBANK.NS
2023-05-08,778.3822631835938,822.2249755859375,825.1749877929688,815.0,817.5,37244524,HDFC Bank,HDFCBANK.NS
2023-05-09,778.406005859375,822.25,828.0,819.9749755859375,824.9500122070312,43688938,HDFC Bank,HDFCBANK.NS
2023-05-10,782.0032958984375,826.0499877929688,827.3250122070312,816.5499877929688,822.25,46340550,HDFC Bank,HDFCBANK.NS
2023-05-11,782.5239868164062,826.5999755859375,844.0,824.625,832.5750122070312,35734618,HDFC Bank,HDFCBANK.NS
2023-05-12,789.434814453125,833.9000244140625,836.4000244140625,822.125,823.5,22478760,HDFC Bank,HDFCBANK.NS
2023-05-15,793.2215576171875,837.9000244140625,840.375,832.5499877929688,836.0,18512260,HDFC Bank,HDFCBANK.NS
2023-05-16,788.6732177734375,823.6500244140625,835.9000244140625,822.0,835.9000244140625,32722086,HDFC Bank,HDFCBANK.NS
2023-05-17,784.4360961914062,819.2249755859375,825.0,812.6749877929688,825.0,30466868,HDFC Bank,HDFCBANK.NS
2023-05-18,787.572021484375,822.5,826.9749755859375,820.0,824.0,49646942,HDFC Bank,HDFCBANK.NS
2023-05-19,788.481689453125,823.4500122070312,825.0,815.7750244140625,824.0,30460332,HDFC Bank,HDFCBANK.NS
2023-05-22,785.6809692382812,820.5250244140625,826.4500122070312,816.3499755859375,822.5,28334032,HDFC Bank,HDFCBANK.NS
2023-05-23,783.8375854492188,818.5999755859375,824.7999877929688,816.7249755859375,824.5,22470074,HDFC Bank,HDFCBANK.NS
2023-05-24,773.592041015625,807.9000244140625,817.375,806.7999877929688,813.7750244140625,33588112,HDFC Bank,HDFCBANK.NS
2023-05-25,770.6236572265625,804.7999877929688,810.0250244140625,798.6749877929688,807.8499755859375,29776930,HDFC Bank,HDFCBANK.NS
2023-05-26,773.592041015625,807.9000244140625,809.5,801.125,809.5,26635066,HDFC Bank,HDFCBANK.NS
2023-05-29,783.023681640625,817.75,820.5,812.4249877929688,814.25,21816292,HDFC Bank,HDFCBANK.NS
2023-05-30,783.6221923828125,818.375,821.3250122070312,814.2750244140625,816.7999877929688,37125928,HDFC Bank,HDFCBANK.NS
2023-05-31,771.22216796875,805.4249877929688,817.4749755859375,802.3250122070312,814.9500122070312,43334270,HDFC Bank,HDFCBANK.NS
2023-06-01,767.9425048828125,802.0,809.9500122070312,800.0,809.9500122070312,50366938,HDFC Bank,HDFCBANK.NS
2023-06-02,769.1394653320312,803.25,807.4000244140625,800.5,806.2249755859375,17859710,HDFC Bank,HDFCBANK.NS
2023-06-05,768.1341552734375,802.2000122070312,808.25,801.2249755859375,807.25,18697242,HDFC Bank,HDFCBANK.NS
2023-06-06,765.740234375,799.7000122070312,804.9249877929688,796.125,803.8250122070312,32182852,HDFC Bank,HDFCBANK.NS
2023-06-07,769.7139282226562,803.8499755859375,806.2750244140625,798.0,801.7249755859375,24949026,HDFC Bank,HDFCBANK.NS
2023-06-08,770.1927490234375,804.3499755859375,813.0,801.625,801.625,37395522,HDFC Bank,HDFCBANK.NS
2023-06-09,771.1024780273438,805.2999877929688,809.25,803.5,807.9500122070312,18212578,HDFC Bank,HDFCBANK.NS
2023-06-12,766.4105834960938,800.4000244140625,807.9000244140625,799.7249755859375,806.2750244140625,13408292,HDFC Bank,HDFCBANK.NS
2023-06-13,767.7031860351562,801.75,804.5,795.0499877929688,795.0499877929688,27926108,HDFC Bank,HDFCBANK.NS
2023-06-14,766.8653564453125,800.875,806.0,800.0999755859375,805.2249755859375,20113968,HDFC Bank,HDFCBANK.NS
2023-06-15,757.4336547851562,791.0250244140625,802.9749755859375,789.5,802.0,35377476,HDFC Bank,HDFCBANK.NS
2023-06-16,767.3441772460938,801.375,804.5999755859375,792.0,793.5750122070312,15779272,HDFC Bank,HDFCBANK.NS
2023-06-19,768.014404296875,802.0750122070312,807.125,799.1749877929688,805.5,24829146,HDFC Bank,HDFCBANK.NS
2023-06-20,769.6182250976562,803.75,805.5,795.3250122070312,802.0750122070312,20005626,HDFC Bank,HDFCBANK.NS
2023-06-21,783.0715942382812,817.7999877929688,818.625,805.5,808.0,24308946,HDFC Bank,HDFCBANK.NS
2023-06-22,786.9017333984375,821.7999877929688,828.7750244140625,819.5250244140625,820.0,56596140,HDFC Bank,HDFCBANK.NS
2023-06-23,786.8538818359375,821.75,829.9500122070312,817.0250244140625,818.7750244140625,21339218,HDFC Bank,HDFCBANK.NS
2023-06-26,783.0476684570312,817.7750244140625,825.375,814.3499755859375,822.5,16130314,HDFC Bank,HDFCBANK.NS
2023-06-27,794.083251953125,829.2999877929688,836.4500122070312,819.2750244140625,821.4749755859375,33831864,HDFC Bank,HDFCBANK.NS
2023-06-28,802.4856567382812,838.0750122070312,839.9500122070312,830.25,835.0,59562950,HDFC Bank,HDFCBANK.NS
2023-06-30,814.574462890625,850.7000122070312,854.4000244140625,841.625,852.0,40699016,HDFC Bank,HDFCBANK.NS
2023-07-03,823.3838500976562,859.9000244140625,878.75,855.0,856.25,44104116,HDFC Bank,HDFCBANK.NS
2023-07-04,827.4054565429688,864.0999755859375,873.5,856.9000244140625,861.7249755859375,38795188,HDFC Bank,HDFCBANK.NS
2023-07-05,801.1212158203125,836.6500244140625,860.0,834.2750244140625,858.125,37165754,HDFC Bank,HDFCBANK.NS
2023-07-06,801.9349975585938,837.5,843.9249877929688,830.2000122070312,836.5,52156544,HDFC Bank,HDFCBANK.NS
2023-07-07,794.945068359375,830.2000122070312,837.5,828.1500244140625,832.5,19926336,HDFC Bank,HDFCBANK.NS
2023-07-10,793.053955078125,828.2249755859375,838.375,824.8499755859375,830.5,38398442,HDFC Bank,HDFCBANK.NS
2023-07-11,789.1998901367188,824.2000122070312,838.0,822.75,831.5,50670426,HDFC Bank,HDFCBANK.NS
2023-07-12,781.8028564453125,816.4749755859375,833.1500244140625,813.5750122070312,827.6749877929688,70958358,HDFC Bank,HDFCBANK.NS
2023-07-13,785.704833984375,820.5499877929688,828.7249755859375,819.0250244140625,828.3499755859375,41913546,HDFC Bank,HDFCBANK.NS
2023-07-14,787.3326416015625,822.25,826.7999877929688,817.5,826.7999877929688,24727214,HDFC Bank,HDFCBANK.NS
2023-07-17,803.80224609375,839.4500122070312,841.0,816.5,825.0,49252928,HDFC Bank,HDFCBANK.NS
2023-07-18,803.1319580078125,838.75,852.0,835.0,849.0,81076818,HDFC Bank,HDFCBANK.NS
2023-07-19,806.7705688476562,842.5499877929688,844.375,837.5,840.5499877929688,32935134,HDFC Bank,HDFCBANK.NS
2023-07-20,808.5181274414062,844.375,846.0,840.0,840.5750122070312,56210948,HDFC Bank,HDFCBANK.NS
2023-07-21,802.2941284179688,837.875,844.9000244140625,836.625,840.0,42154248,HDFC Bank,HDFCBANK.NS
2023-07-24,803.5628662109375,839.2000122070312,842.3250122070312,835.0499877929688,839.25,32179444,HDFC Bank,HDFCBANK.NS
2023-07-25,812.2764282226562,848.2999877929688,849.5,839.2000122070312,842.3250122070312,55992596,HDFC Bank,HDFCBANK.NS
2023-07-26,809.45166015625,845.3499755859375,849.7999877929688,844.0,849.7999877929688,24794358,HDFC Bank,HDFCBANK.NS
2023-07-27,801.0493774414062,836.5750122070312,851.5,833.7249755859375,849.9500122070312,59741302,HDFC Bank,HDFCBANK.NS
2023-07-28,786.8538818359375,821.75,834.4500122070312,820.5499877929688,830.75,41015684,HDFC Bank,HDFCBANK.NS
2023-07-31,790.5404052734375,825.5999755859375,828.4000244140625,819.3499755859375,825.0250244140625,34565006,HDFC Bank,HDFCBANK.NS
2023-08-01,795.8307495117188,831.125,833.7249755859375,825.0,827.2249755859375,35394188,HDFC Bank,HDFCBANK.NS
2023-08-02,785.4176025390625,820.25,825.75,816.5750122070312,821.0,28116322,HDFC Bank,HDFCBANK.NS
2023-08-03,779.7442016601562,814.3250122070312,825.6749877929688,811.5,820.0,57673946,HDFC Bank,HDFCBANK.NS
2023-08-04,791.0191040039062,826.0999755859375,828.25,814.625,817.5750122070312,37388304,HDFC Bank,HDFCBANK.NS
2023-08-07,790.5643310546875,825.625,831.5499877929688,823.7750244140625,831.5499877929688,28300918,HDFC Bank,HDFCBANK.NS
2023-08-08,789.9180297851562,824.9500122070312,827.7999877929688,821.0250244140625,825.8499755859375,43773828,HDFC Bank,HDFCBANK.NS
2023-08-09,790.2052612304688,825.25,827.25,815.5499877929688,826.5,33361236,HDFC Bank,HDFCBANK.NS
2023-08-10,783.1913452148438,817.9249877929688,827.125,815.5,823.5250244140625,50781118,HDFC Bank,HDFCBANK.NS
2023-08-11,775.0283203125,809.4000244140625,819.2000122070312,808.0999755859375,819.2000122070312,28225822,HDFC Bank,HDFCBANK.NS
2023-08-14,771.24609375,805.4500122070312,807.5,800.125,805.5,31304410,HDFC Bank,HDFCBANK.NS
2023-08-16,768.9957885742188,803.0999755859375,804.8250122070312,790.6500244140625,791.5499877929688,34137542,HDFC Bank,HDFCBANK.NS
2023-08-17,764.73486328125,798.6500244140625,804.9500122070312,797.0,798.7999877929688,52884040,HDFC Bank,HDFCBANK.NS
2023-08-18,761.5989379882812,795.375,798.1500244140625,792.75,793.7750244140625,25633366,HDFC Bank,HDFCBANK.NS
2023-08-21,761.0004272460938,794.75,800.25,793.5,800.25,21837270,HDFC Bank,HDFCBANK.NS
2023-08-22,757.7448120117188,791.3499755859375,799.0,790.0,798.1749877929688,32273570,HDFC Bank,HDFCBANK.NS
2023-08-23,759.6119995117188,793.2999877929688,795.2750244140625,786.625,790.0,36498588,HDFC Bank,HDFCBANK.NS
2023-08-24,756.1170654296875,789.6500244140625,798.0999755859375,788.0750122070312,796.6500244140625,43145792,HDFC Bank,HDFCBANK.NS
2023-08-25,747.594970703125,780.75,788.75,779.2000122070312,787.2750244140625,30069756,HDFC Bank,HDFCBANK.NS
2023-08-28,755.3749389648438,788.875,791.3250122070312,780.75,780.75,28867238,HDFC Bank,HDFCBANK.NS
2023-08-29,761.3834838867188,795.1500244140625,796.3250122070312,790.7249755859375,794.8499755859375,35538932,HDFC Bank,HDFCBANK.NS
2023-08-30,755.8297119140625,789.3499755859375,801.9749755859375,786.8499755859375,801.9749755859375,28084204,HDFC Bank,HDFCBANK.NS
2023-08-31,752.3587036132812,785.7249755859375,791.5750122070312,781.5499877929688,789.5,100075772,HDFC Bank,HDFCBANK.NS
2023-09-01,753.9146728515625,787.3499755859375,789.5,779.6749877929688,785.5,43226776,HDFC Bank,HDFCBANK.NS
2023-09-04,758.6305541992188,792.2750244140625,795.7249755859375,787.4500122070312,795.0,25073638,HDFC Bank,HDFCBANK.NS
2023-09-05,754.0104370117188,787.4500122070312,794.2000122070312,785.2999877929688,794.2000122070312,38712082,HDFC Bank,HDFCBANK.NS
2023-09-06,763.873046875,797.75,800.0,787.4500122070312,788.4000244140625,56320910,HDFC Bank,HDFCBANK.NS
2023-09-07,771.22216796875,805.4249877929688,807.0,793.5750122070312,797.75,34208342,HDFC Bank,HDFCBANK.NS
2023-09-08,777.230712890625,811.7000122070312,816.4500122070312,803.7999877929688,804.1500244140625,34502210,HDFC Bank,HDFCBANK.NS
2023-09-11,781.2523803710938,815.9000244140625,818.25,812.0,814.4500122070312,31573022,HDFC Bank,HDFCBANK.NS
2023-09-12,783.6940307617188,818.4500122070312,821.4500122070312,812.5250244140625,820.0,39033340,HDFC Bank,HDFCBANK.NS
2023-09-13,787.04541015625,821.9500122070312,825.7999877929688,814.2999877929688,815.6500244140625,46420094,HDFC Bank,HDFCBANK.NS
2023-09-14,786.566650390625,821.4500122070312,825.0,817.5499877929688,822.125,23538848,HDFC Bank,HDFCBANK.NS
2023-09-15,795.59130859375,830.875,835.0,825.0,825.0,173411202,HDFC Bank,HDFCBANK.NS
2023-09-18,779.9356689453125,814.5250244140625,827.5,813.0499877929688,826.875,37056288,HDFC Bank,HDFCBANK.NS
2023-09-20,748.6482543945312,781.8499755859375,799.5,780.2000122070312,799.5,115474648,HDFC Bank,HDFCBANK.NS
2023-09-21,743.6929931640625,776.6749877929688,784.4749755859375,768.5250244140625,776.5,72841442,HDFC Bank,HDFCBANK.NS
2023-09-22,732.3462524414062,764.8250122070312,782.2000122070312,761.875,779.5,61704250,HDFC Bank,HDFCBANK.NS
2023-09-25,732.9925537109375,765.5,770.3499755859375,762.5,762.5,40208754,HDFC Bank,HDFCBANK.NS
2023-09-26,736.1764526367188,768.8250122070312,770.0,762.5,762.5,27575308,HDFC Bank,HDFCBANK.NS
2023-09-27,731.0056762695312,763.4249877929688,766.25,757.5,761.5,39338538,HDFC Bank,HDFCBANK.NS
2023-09-28,729.49755859375,761.8499755859375,768.7999877929688,759.1749877929688,767.0,55354188,HDFC Bank,HDFCBANK.NS
2023-09-29,730.7423706054688,763.1500244140625,767.7249755859375,761.1500244140625,761.8499755859375,32053782,HDFC Bank,HDFCBANK.NS
2023-10-03,722.0048828125,754.0250244140625,763.5,753.0,763.5,38971694,HDFC Bank,HDFCBANK.NS
2023-10-04,732.2984008789062,764.7750244140625,767.5,744.625,747.5,54649430,HDFC Bank,HDFCBANK.NS
2023-10-05,735.2667236328125,767.875,775.7750244140625,766.2999877929688,767.5250244140625,48512674,HDFC Bank,HDFCBANK.NS
2023-10-06,734.452880859375,767.0250244140625,772.5,764.9249877929688,772.0,17759356,HDFC Bank,HDFCBANK.NS
2023-10-09,725.9307250976562,758.125,765.0,756.0,764.0,16454972,HDFC Bank,HDFCBANK.NS
2023-10-10,730.0481567382812,762.4249877929688,764.5,757.5999755859375,760.2750244140625,33266292,HDFC Bank,HDFCBANK.NS
2023-10-11,737.1099243164062,769.7999877929688,771.0750122070312,764.25,765.0499877929688,31333360,HDFC Bank,HDFCBANK.NS
2023-10-12,742.0172729492188,774.9249877929688,776.0,765.7999877929688,768.0499877929688,22025336,HDFC Bank,HDFCBANK.NS
2023-10-13,735.2667236328125,767.875,774.4000244140625,764.9749755859375,770.0,39745300,HDFC Bank,HDFCBANK.NS
2023-10-16,732.3223266601562,764.7999877929688,767.2249755859375,760.25,765.75,17856084,HDFC Bank,HDFCBANK.NS
2023-10-17,737.8759155273438,770.5999755859375,777.875,767.5,777.875,32902558,HDFC Bank,HDFCBANK.NS
2023-10-18,727.6064453125,759.875,770.5999755859375,759.0499877929688,770.5999755859375,31216200,HDFC Bank,HDFCBANK.NS
2023-10-19,725.308349609375,757.4749755859375,763.125,751.5999755859375,752.7000122070312,30252364,HDFC Bank,HDFCBANK.NS
2023-10-20,729.066650390625,761.4000244140625,763.5,752.5,752.5,21094010,HDFC Bank,HDFCBANK.NS
2023-10-23,721.0473022460938,753.0250244140625,764.375,750.0499877929688,761.75,22376136,HDFC Bank,HDFCBANK.NS
2023-10-25,716.4751586914062,748.25,761.4000244140625,745.7249755859375,760.5,28311996,HDFC Bank,HDFCBANK.NS
2023-10-26,700.6279296875,731.7000122070312,746.0,730.125,745.625,55561798,HDFC Bank,HDFCBANK.NS
2023-10-27,703.380859375,734.5750122070312,739.0,733.4500122070312,734.75,31940532,HDFC Bank,HDFCBANK.NS
2023-10-30,711.0171508789062,742.5499877929688,744.9749755859375,730.9500122070312,731.625,23310982,HDFC Bank,HDFCBANK.NS
2023-10-31,706.8997802734375,738.25,752.0,737.0,752.0,32634824,HDFC Bank,HDFCBANK.NS
2023-11-01,705.9421997070312,737.25,738.7249755859375,731.125,731.125,33877466,HDFC Bank,HDFCBANK.NS
2023-11-02,707.0194702148438,738.375,745.25,733.5750122070312,742.5,45225154,HDFC Bank,HDFCBANK.NS
2023-11-03,710.3707885742188,741.875,745.7000122070312,740.8250122070312,744.0,18095340,HDFC Bank,HDFCBANK.NS
2023-11-06,715.517578125,747.25,749.0,741.5,749.0,25593730,HDFC Bank,HDFCBANK.NS
2023-11-07,712.0464477539062,743.625,747.0,738.5999755859375,747.0,41952848,HDFC Bank,HDFCBANK.NS
2023-11-08,714.105224609375,745.7750244140625,746.7249755859375,740.5,741.9749755859375,31399546,HDFC Bank,HDFCBANK.NS
2023-11-09,711.280517578125,742.8250122070312,746.2999877929688,741.75,743.0,22116740,HDFC Bank,HDFCBANK.NS
2023-11-10,714.0812377929688,745.75,748.0,740.0250244140625,740.0499877929688,14015186,HDFC Bank,HDFCBANK.NS
2023-11-13,712.78857421875,744.4000244140625,747.9749755859375,742.9500122070312,746.0499877929688,20605914,HDFC Bank,HDFCBANK.NS
2023-11-15,720.2573852539062,752.2000122070312,755.4749755859375,750.2750244140625,752.0499877929688,41245460,HDFC Bank,HDFCBANK.NS
2023-11-16,722.1484375,754.1749877929688,759.5,751.875,754.8499755859375,29713838,HDFC Bank,HDFCBANK.NS
2023-11-17,720.5924682617188,752.5499877929688,753.75,744.5,745.0,23701874,HDFC Bank,HDFCBANK.NS
2023-11-20,720.6403198242188,752.5999755859375,756.5,750.7750244140625,756.5,19331452,HDFC Bank,HDFCBANK.NS
2023-11-21,726.74462890625,758.9749755859375,761.0,756.0499877929688,759.5,24959972,HDFC Bank,HDFCBANK.NS
2023-11-22,724.1593017578125,756.2750244140625,760.0,751.7750244140625,760.0,29123650,HDFC Bank,HDFCBANK.NS
2023-11-23,728.3485717773438,760.6500244140625,761.9249877929688,754.25,754.25,13046220,HDFC Bank,HDFCBANK.NS
2023-11-24,733.5192260742188,766.0499877929688,766.5750122070312,759.9249877929688,760.5999755859375,16469192,HDFC Bank,HDFCBANK.NS
2023-11-28,731.867431640625,764.3250122070312,768.625,762.9000244140625,767.5999755859375,28489338,HDFC Bank,HDFCBANK.NS
2023-11-29,746.4699096679688,779.5750122070312,781.5,766.5,766.9500122070312,34042488,HDFC Bank,HDFCBANK.NS
2023-11-30,746.3023071289062,779.4000244140625,786.2249755859375,771.0750122070312,784.5750122070312,69491440,HDFC Bank,HDFCBANK.NS
2023-12-01,744.6744384765625,777.7000122070312,782.875,776.0499877929688,778.9500122070312,22153536,HDFC Bank,HDFCBANK.NS
2023-12-04,770.5279541015625,804.7000122070312,806.0,786.8250122070312,794.0,50662456,HDFC Bank,HDFCBANK.NS
2023-12-05,777.374267578125,811.8499755859375,819.5,808.25,818.25,52230820,HDFC Bank,HDFCBANK.NS
2023-12-06,779.3372802734375,813.9000244140625,819.2249755859375,808.3250122070312,819.2249755859375,38613060,HDFC Bank,HDFCBANK.NS
2023-12-07,780.6058959960938,815.2249755859375,817.0,808.0999755859375,812.5,20450386,HDFC Bank,HDFCBANK.NS
2023-12-08,791.4979248046875,826.5999755859375,827.5,815.2249755859375,815.2249755859375,33728038,HDFC Bank,HDFCBANK.NS
2023-12-11,790.4447021484375,825.5,831.8499755859375,823.5,825.0250244140625,23187620,HDFC Bank,HDFCBANK.NS
2023-12-12,782.5928955078125,817.2999877929688,828.125,815.9249877929688,827.0999755859375,36581476,HDFC Bank,HDFCBANK.NS
2023-12-13,780.8214111328125,815.4500122070312,818.0,807.5499877929688,816.2249755859375,29346914,HDFC Bank,HDFCBANK.NS
2023-12-14,790.0376586914062,825.0750122070312,829.4749755859375,822.5,823.0,35172366,HDFC Bank,HDFCBANK.NS
2023-12-15,793.1018676757812,828.2750244140625,834.0,823.2999877929688,825.0,138837130,HDFC Bank,HDFCBANK.NS
2023-12-18,792.69482421875,827.8499755859375,832.3499755859375,825.4749755859375,830.3499755859375,18014754,HDFC Bank,HDFCBANK.NS
2023-12-19,791.354248046875,826.4500122070312,829.3250122070312,822.0250244140625,825.0,24008446,HDFC Bank,HDFCBANK.NS
2023-12-20,793.3172607421875,828.5,834.4749755859375,822.2249755859375,829.0,34232520,HDFC Bank,HDFCBANK.NS
2023-12-21,807.5365600585938,843.3499755859375,844.875,825.125,828.5,36589240,HDFC Bank,HDFCBANK.NS
2023-12-22,799.9481201171875,835.4249877929688,842.9500122070312,833.5499877929688,841.7999877929688,48578850,HDFC Bank,HDFCBANK.NS
2023-12-26,805.5018310546875,841.2249755859375,842.9749755859375,834.2750244140625,836.625,18045856,HDFC Bank,HDFCBANK.NS
2023-12-27,815.4841918945312,851.6500244140625,853.25,839.2999877929688,840.75,27009078,HDFC Bank,HDFCBANK.NS
2023-12-28,816.4177856445312,852.625,860.7000122070312,851.0,854.6500244140625,44076470,HDFC Bank,HDFCBANK.NS
2023-12-29,818.3328247070312,854.625,857.4500122070312,848.0,848.5,25011426,HDFC Bank,HDFCBANK.NS
2024-01-01,812.9945678710938,849.0499877929688,854.5750122070312,846.0,853.0,14239686,HDFC Bank,HDFCBANK.NS
2024-01-02,813.4733276367188,849.5499877929688,851.4000244140625,844.3499755859375,849.4000244140625,29242092,HDFC Bank,HDFCBANK.NS
2024-01-03,800.9295654296875,836.4500122070312,852.3499755859375,834.4749755859375,851.0,28389762,HDFC Bank,HDFCBANK.NS
2024-01-04,809.5234985351562,845.4249877929688,847.4749755859375,835.3499755859375,839.0,26734056,HDFC Bank,HDFCBANK.NS
2024-01-05,805.3821411132812,841.0999755859375,852.4500122070312,834.0499877929688,843.5750122070312,31889470,HDFC Bank,HDFCBANK.NS
2024-01-08,796.4052734375,831.7249755859375,841.1749877929688,830.0,839.25,17998470,HDFC Bank,HDFCBANK.NS
2024-01-09,790.2052612304688,825.25,838.9000244140625,823.375,833.5750122070312,25326888,HDFC Bank,HDFCBANK.NS
2024-01-10,792.8145141601562,827.9749755859375,829.9749755859375,820.7000122070312,821.5,16115824,HDFC Bank,HDFCBANK.NS
2024-01-11,789.4871215820312,824.5,831.4500122070312,821.5,830.0,18314010,HDFC Bank,HDFCBANK.NS
2024-01-12,785.752685546875,820.5999755859375,828.0,816.7999877929688,826.0,19773552,HDFC Bank,HDFCBANK.NS
2024-01-15,800.8817138671875,836.4000244140625,840.4500122070312,821.7999877929688,823.8499755859375,28320356,HDFC Bank,HDFCBANK.NS
2024-01-16,803.921875,839.5750122070312,841.8250122070312,829.0499877929688,836.5,25322500,HDFC Bank,HDFCBANK.NS
2024-01-17,736.1044921875,768.75,798.4000244140625,764.2000122070312,785.0,170145236,HDFC Bank,HDFCBANK.NS
2024-01-18,711.5198974609375,743.0750122070312,757.5,740.0250244140625,747.0,161070930,HDFC Bank,HDFCBANK.NS
2024-01-19,704.0989379882812,735.3250122070312,755.125,734.2000122070312,752.9749755859375,109600538,HDFC Bank,HDFCBANK.NS
2024-01-23,683.368408203125,713.6749877929688,737.3499755859375,712.5,732.5,115469402,HDFC Bank,HDFCBANK.NS
2024-01-24,697.0371704101562,727.9500122070312,729.2249755859375,690.125,690.125,86004404,HDFC Bank,HDFCBANK.NS
2024-01-25,686.9830932617188,717.4500122070312,728.6749877929688,709.7000122070312,726.25,98941852,HDFC Bank,HDFCBANK.NS
2024-01-29,696.438720703125,727.3250122070312,731.4000244140625,722.9000244140625,724.0250244140625,65645498,HDFC Bank,HDFCBANK.NS
2024-01-30,691.4835205078125,722.1500244140625,731.5999755859375,720.4500122070312,727.2750244140625,41728768,HDFC Bank,HDFCBANK.NS
2024-01-31,700.2210083007812,731.2750244140625,737.4749755859375,718.4000244140625,719.75,65761040,HDFC Bank,HDFCBANK.NS
2024-02-01,702.0402221679688,733.1749877929688,736.7999877929688,728.0250244140625,732.5250244140625,32690740,HDFC Bank,HDFCBANK.NS
2024-02-02,692.3692016601562,723.0750122070312,740.4249877929688,721.0250244140625,737.5,44867754,HDFC Bank,HDFCBANK.NS
2024-02-05,691.7467651367188,722.4249877929688,725.9500122070312,717.0250244140625,723.0,38605046,HDFC Bank,HDFCBANK.NS
2024-02-06,691.3877563476562,722.0499877929688,724.8499755859375,716.2999877929688,722.7750244140625,41075740,HDFC Bank,HDFCBANK.NS
2024-02-07,684.6130981445312,714.9749755859375,726.9000244140625,713.3250122070312,726.5,54837086,HDFC Bank,HDFCBANK.NS
2024-02-08,671.7343139648438,701.5250244140625,719.4749755859375,700.25,714.9249877929688,69106124,HDFC Bank,HDFCBANK.NS
2024-02-09,671.99755859375,701.7999877929688,707.0999755859375,693.5,696.0750122070312,56642124,HDFC Bank,HDFCBANK.NS
2024-02-12,665.4863891601562,695.0,706.8250122070312,691.6749877929688,699.8250122070312,34447812,HDFC Bank,HDFCBANK.NS
2024-02-13,667.6168823242188,697.2249755859375,702.1749877929688,692.1749877929688,695.9749755859375,57580994,HDFC Bank,HDFCBANK.NS
2024-02-14,662.6377563476562,692.0250244140625,695.75,681.7750244140625,688.0,91320810,HDFC Bank,HDFCBANK.NS
2024-02-15,677.000732421875,707.0250244140625,707.75,692.1749877929688,692.5,41584944,HDFC Bank,HDFCBANK.NS
2024-02-16,679.801513671875,709.9500122070312,713.8499755859375,704.2249755859375,711.9500122070312,32175742,HDFC Bank,HDFCBANK.NS
2024-02-19,678.4610595703125,708.5499877929688,714.5,707.5999755859375,714.5,34451756,HDFC Bank,HDFCBANK.NS
2024-02-20,696.2711181640625,727.1500244140625,728.625,705.9000244140625,707.5,56133508,HDFC Bank,HDFCBANK.NS
2024-02-21,689.017822265625,719.5750122070312,732.0,717.5,732.0,45893136,HDFC Bank,HDFCBANK.NS
2024-02-22,679.6339721679688,709.7750244140625,714.4000244140625,706.0999755859375,708.875,50560882,HDFC Bank,HDFCBANK.NS
2024-02-23,680.1366577148438,710.2999877929688,716.9500122070312,709.0,711.2750244140625,29833452,HDFC Bank,HDFCBANK.NS
2024-02-26,680.9505615234375,711.1500244140625,717.4249877929688,706.7750244140625,706.7750244140625,23506870,HDFC Bank,HDFCBANK.NS
2024-02-27,679.9212646484375,710.0750122070312,713.3499755859375,706.5250244140625,706.7750244140625,32087150,HDFC Bank,HDFCBANK.NS
2024-02-28,674.7744750976562,704.7000122070312,712.0999755859375,702.0,710.0750122070312,25321986,HDFC Bank,HDFCBANK.NS
2024-02-29,671.90185546875,701.7000122070312,705.2000122070312,698.6500244140625,701.0499877929688,53295700,HDFC Bank,HDFCBANK.NS
2024-03-01,684.9961547851562,715.375,716.375,700.0,700.0,34738898,HDFC Bank,HDFCBANK.NS
2024-03-04,685.9297485351562,716.3499755859375,718.5,712.1500244140625,715.4749755859375,35616474,HDFC Bank,HDFCBANK.NS
2024-03-05,689.8316650390625,720.4249877929688,721.5,710.8250122070312,711.0,37991672,HDFC Bank,HDFCBANK.NS
2024-03-06,690.6694946289062,721.2999877929688,726.4249877929688,716.7750244140625,716.7750244140625,42409530,HDFC Bank,HDFCBANK.NS
2024-03-07,692.34521484375,723.0499877929688,725.5250244140625,720.7000122070312,722.75,49348046,HDFC Bank,HDFCBANK.NS
2024-03-11,683.5838623046875,713.9000244140625,722.9749755859375,711.5,715.0,50531094,HDFC Bank,HDFCBANK.NS
2024-03-12,698.7847290039062,729.7750244140625,732.0,714.625,717.0,65418454,HDFC Bank,HDFCBANK.NS
2024-03-13,699.1915893554688,730.2000122070312,735.7999877929688,725.0499877929688,732.75,63067454,HDFC Bank,HDFCBANK.NS
2024-03-14,696.8217163085938,727.7249755859375,733.0,722.1500244140625,731.0499877929688,52432158,HDFC Bank,HDFCBANK.NS
2024-03-15,695.481201171875,726.3250122070312,729.6500244140625,721.125,725.0,143613804,HDFC Bank,HDFCBANK.NS
2024-03-18,692.3213500976562,723.0250244140625,728.0,717.9000244140625,723.5,21437856,HDFC Bank,HDFCBANK.NS
2024-03-19,693.9012451171875,724.6749877929688,726.2000122070312,717.75,717.75,36183594,HDFC Bank,HDFCBANK.NS
2024-03-20,685.1397705078125,715.5250244140625,725.8250122070312,712.3250122070312,724.5250244140625,43606094,HDFC Bank,HDFCBANK.NS
2024-03-21,692.1776123046875,722.875,725.625,719.1500244140625,721.2999877929688,28922860,HDFC Bank,HDFCBANK.NS
2024-03-22,690.7892456054688,721.4249877929688,725.375,718.875,720.5,45980326,HDFC Bank,HDFCBANK.NS
2024-03-26,682.434814453125,712.7000122070312,718.9749755859375,711.0750122070312,713.5999755859375,56844290,HDFC Bank,HDFCBANK.NS
2024-03-27,689.7598876953125,720.3499755859375,723.9749755859375,710.625,711.7750244140625,62168668,HDFC Bank,HDFCBANK.NS
2024-03-28,693.20703125,723.9500122070312,730.25,720.3499755859375,720.3499755859375,55592142,HDFC Bank,HDFCBANK.NS
2024-04-01,704.027099609375,735.25,736.9000244140625,727.7999877929688,729.0,25199570,HDFC Bank,HDFCBANK.NS
2024-04-02,708.647216796875,740.0750122070312,747.4249877929688,731.625,732.5750122070312,41225446,HDFC Bank,HDFCBANK.NS
2024-04-03,709.6766967773438,741.1500244140625,747.8250122070312,735.7000122070312,736.0499877929688,45584386,HDFC Bank,HDFCBANK.NS
2024-04-04,731.3648071289062,763.7999877929688,765.0,752.0,752.0,88935066,HDFC Bank,HDFCBANK.NS
2024-04-05,741.8737182617188,774.7750244140625,777.25,765.0750122070312,769.5,59055902,HDFC Bank,HDFCBANK.NS
2024-04-08,740.4613647460938,773.2999877929688,778.625,770.7750244140625,777.4749755859375,20482940,HDFC Bank,HDFCBANK.NS
2024-04-09,741.3949584960938,774.2750244140625,777.4249877929688,770.1500244140625,777.4249877929688,21884494,HDFC Bank,HDFCBANK.NS
2024-04-10,735.5540161132812,768.1749877929688,774.9500122070312,766.4749755859375,774.9500122070312,27807400,HDFC Bank,HDFCBANK.NS
2024-04-12,727.2234497070312,759.4749755859375,764.9249877929688,756.7249755859375,760.5,41084208,HDFC Bank,HDFCBANK.NS
2024-04-15,715.61328125,747.3499755859375,755.0,746.0250244140625,748.7750244140625,23415248,HDFC Bank,HDFCBANK.NS
2024-04-16,722.5794067382812,754.625,756.4500122070312,741.125,743.5,20744886,HDFC Bank,HDFCBANK.NS
2024-04-18,715.61328125,747.3499755859375,759.4249877929688,745.5250244140625,754.9000244140625,34234884,HDFC Bank,HDFCBANK.NS
2024-04-19,733.13623046875,765.6500244140625,767.4749755859375,740.125,743.2750244140625,34576434,HDFC Bank,HDFCBANK.NS
2024-04-22,723.99169921875,756.0999755859375,778.7000122070312,754.1500244140625,778.7000122070312,42298438,HDFC Bank,HDFCBANK.NS
2024-04-23,721.7893676757812,753.7999877929688,763.25,751.625,763.1500244140625,26827060,HDFC Bank,HDFCBANK.NS
2024-04-24,723.7523803710938,755.8499755859375,760.875,754.5250244140625,757.5,22441580,HDFC Bank,HDFCBANK.NS
2024-04-25,723.2975463867188,755.375,759.8499755859375,753.125,753.125,35445204,HDFC Bank,HDFCBANK.NS
2024-04-26,722.8427124023438,754.9000244140625,764.0,752.7750244140625,759.9000244140625,24854694,HDFC Bank,HDFCBANK.NS
2024-04-29,732.2744750976562,764.75,767.2249755859375,753.2750244140625,757.5,36093350,HDFC Bank,HDFCBANK.NS
2024-04-30,727.7739868164062,760.0499877929688,769.75,757.4500122070312,764.5999755859375,52307382,HDFC Bank,HDFCBANK.NS
2024-05-02,733.5910034179688,766.125,768.5,760.1749877929688,761.0,33475006,HDFC Bank,HDFCBANK.NS
2024-05-03,727.5346069335938,759.7999877929688,770.2999877929688,753.5999755859375,766.625,31865242,HDFC Bank,HDFCBANK.NS
2024-05-06,728.994873046875,761.3250122070312,767.25,758.5750122070312,761.0,28793396,HDFC Bank,HDFCBANK.NS
2024-05-07,721.09521484375,753.0750122070312,762.0250244140625,752.0750122070312,760.9749755859375,28480602,HDFC Bank,HDFCBANK.NS
2024-05-08,709.8441772460938,741.3250122070312,748.4749755859375,740.1749877929688,747.9749755859375,41687862,HDFC Bank,HDFCBANK.NS
2024-05-09,693.0155029296875,723.75,743.375,722.6500244140625,737.4749755859375,46281278,HDFC Bank,HDFCBANK.NS
2024-05-10,697.8200073242188,718.9500122070312,725.9749755859375,713.4000244140625,719.5,27276608,HDFC Bank,HDFCBANK.NS
2024-05-13,706.2400512695312,727.625,729.9000244140625,715.1500244140625,716.0,27047202,HDFC Bank,HDFCBANK.NS
2024-05-14,709.0062866210938,730.4749755859375,732.75,725.1500244140625,726.125,25665142,HDFC Bank,HDFCBANK.NS
2024-05-15,698.1112670898438,719.25,729.8499755859375,717.9000244140625,729.8499755859375,38931996,HDFC Bank,HDFCBANK.NS
2024-05-16,708.6665649414062,730.125,731.2750244140625,717.75,723.0250244140625,34945236,HDFC Bank,HDFCBANK.NS
2024-05-17,710.5350341796875,732.0499877929688,734.0,723.0999755859375,723.0999755859375,20920190,HDFC Bank,HDFCBANK.NS
2024-05-21,707.962890625,729.4000244140625,734.8499755859375,725.0499877929688,725.0499877929688,43769978,HDFC Bank,HDFCBANK.NS
2024-05-22,708.1570434570312,729.5999755859375,732.7999877929688,724.0750122070312,728.9249877929688,39996278,HDFC Bank,HDFCBANK.NS
2024-05-23,724.3661499023438,746.2999877929688,747.8250122070312,728.5250244140625,729.3250122070312,40861920,HDFC Bank,HDFCBANK.NS
2024-05-24,736.3046875,758.5999755859375,759.9500122070312,743.0,743.75,31060206,HDFC Bank,HDFCBANK.NS
2024-05-27,741.4004516601562,763.8499755859375,772.5,759.5250244140625,761.6749877929688,29385440,HDFC Bank,HDFCBANK.NS
2024-05-28,742.75927734375,765.25,768.0250244140625,762.4000244140625,765.0499877929688,27908904,HDFC Bank,HDFCBANK.NS
2024-05-29,731.9854736328125,754.1500244140625,761.9249877929688,750.625,759.0,35147706,HDFC Bank,HDFCBANK.NS
2024-05-30,735.1642456054688,757.4249877929688,761.7999877929688,748.8250122070312,749.5999755859375,33755350,HDFC Bank,HDFCBANK.NS
2024-05-31,743.268798828125,765.7750244140625,768.0,757.0,759.5,74079588,HDFC Bank,HDFCBANK.NS
2024-06-03,762.9964599609375,786.0999755859375,799.5,775.0,799.5,72637256,HDFC Bank,HDFCBANK.NS
2024-06-04,719.7800903320312,741.5750122070312,779.5,727.0,778.5,89531240,HDFC Bank,HDFCBANK.NS
2024-06-05,753.0962524414062,775.9000244140625,779.7999877929688,741.1749877929688,747.0250244140625,81631650,HDFC Bank,HDFCBANK.NS
2024-06-06,756.9301147460938,779.8499755859375,782.7249755859375,773.2999877929688,782.4500122070312,46422870,HDFC Bank,HDFCBANK.NS
2024-06-07,763.5545043945312,786.6749877929688,792.1749877929688,776.0250244140625,780.5250244140625,36712216,HDFC Bank,HDFCBANK.NS
2024-06-10,757.7067260742188,780.6500244140625,790.3250122070312,778.7999877929688,787.0,22454058,HDFC Bank,HDFCBANK.NS
2024-06-11,759.4052734375,782.4000244140625,785.5,776.0999755859375,778.0,29545326,HDFC Bank,HDFCBANK.NS
2024-06-12,763.9428100585938,787.0750122070312,794.1500244140625,783.2000122070312,787.5,39280436,HDFC Bank,HDFCBANK.NS
2024-06-13,767.1458740234375,790.375,792.8499755859375,787.0,790.875,24120192,HDFC Bank,HDFCBANK.NS
2024-06-14,774.9835205078125,798.4500122070312,799.5,788.8499755859375,792.0,25540554,HDFC Bank,HDFCBANK.NS
2024-06-18,780.2733764648438,803.9000244140625,805.25,794.7249755859375,798.4500122070312,32415714,HDFC Bank,HDFCBANK.NS
2024-06-19,804.5628051757812,828.9249877929688,834.9500122070312,802.0,806.7000122070312,90131196,HDFC Bank,HDFCBANK.NS
2024-06-20,810.1438598632812,834.6749877929688,840.7249755859375,826.0,834.9000244140625,41408742,HDFC Bank,HDFCBANK.NS
2024-06-21,808.3967895507812,832.875,836.4249877929688,821.5750122070312,836.4249877929688,51630776,HDFC Bank,HDFCBANK.NS
2024-06-24,811.6240234375,836.2000122070312,837.5499877929688,822.875,823.5,28544994,HDFC Bank,HDFCBANK.NS
2024-06-25,830.5266723632812,855.6749877929688,858.4749755859375,835.5499877929688,835.5499877929688,74521548,HDFC Bank,HDFCBANK.NS
2024-06-26,825.7464599609375,850.75,855.4500122070312,845.5499877929688,853.9749755859375,47596666,HDFC Bank,HDFCBANK.NS
2024-06-27,823.1500244140625,848.0750122070312,856.5,843.2999877929688,848.0499877929688,55074650,HDFC Bank,HDFCBANK.NS
2024-06-28,817.1565551757812,841.9000244140625,853.2999877929688,839.5,848.7999877929688,26476046,HDFC Bank,HDFCBANK.NS
2024-07-01,827.5419921875,852.5999755859375,853.6500244140625,840.0,840.0,21187024,HDFC Bank,HDFCBANK.NS
2024-07-02,839.8687744140625,865.2999877929688,867.4500122070312,851.375,857.5,45921690,HDFC Bank,HDFCBANK.NS
2024-07-03,858.3346557617188,884.3250122070312,897.0,882.3250122070312,895.5,123217802,HDFC Bank,HDFCBANK.NS
2024-07-04,838.1945190429688,863.5750122070312,879.875,862.4249877929688,879.875,45848658,HDFC Bank,HDFCBANK.NS
2024-07-05,799.8311157226562,824.0499877929688,842.5,821.0999755859375,842.5,82242548,HDFC Bank,HDFCBANK.NS
2024-07-08,793.6434936523438,817.6749877929688,827.4749755859375,813.5750122070312,822.6500244140625,39087800,HDFC Bank,HDFCBANK.NS
2024-07-09,794.2015991210938,818.25,823.3499755859375,810.1749877929688,812.5,48550878,HDFC Bank,HDFCBANK.NS
2024-07-10,789.1544189453125,813.0499877929688,820.0,810.375,814.9749755859375,45507182,HDFC Bank,HDFCBANK.NS
2024-07-11,787.1162109375,810.9500122070312,812.9249877929688,800.5,811.9749755859375,44177074,HDFC Bank,HDFCBANK.NS
2024-07-12,787.5043334960938,811.3499755859375,819.2000122070312,805.5750122070312,811.0,56049960,HDFC Bank,HDFCBANK.NS
2024-07-15,787.2131958007812,811.0499877929688,814.9000244140625,807.5999755859375,811.75,33375694,HDFC Bank,HDFCBANK.NS
2024-07-16,786.0726928710938,809.875,813.5,808.4000244140625,810.375,28950324,HDFC Bank,HDFCBANK.NS
2024-07-18,783.6705322265625,807.4000244140625,811.9749755859375,799.5750122070312,804.0,33717064,HDFC Bank,HDFCBANK.NS
2024-07-19,780.03076171875,803.6500244140625,811.5,801.75,808.0,26002152,HDFC Bank,HDFCBANK.NS
2024-07-22,797.1376953125,821.2750244140625,825.5,806.3250122070312,808.5,53744822,HDFC Bank,HDFCBANK.NS
2024-07-23,785.4176025390625,809.2000122070312,823.9000244140625,802.5,823.7750244140625,52002152,HDFC Bank,HDFCBANK.NS
2024-07-24,778.4534912109375,802.0250244140625,810.5,794.0250244140625,804.0750122070312,61728206,HDFC Bank,HDFCBANK.NS
2024-07-25,784.5439453125,808.2999877929688,812.5,796.5,796.5,25535732,HDFC Bank,HDFCBANK.NS
2024-07-26,785.2962646484375,809.0750122070312,810.875,798.2249755859375,802.5,43810540,HDFC Bank,HDFCBANK.NS
2024-07-29,778.9387817382812,802.5250244140625,815.9249877929688,799.1500244140625,807.5,51001148,HDFC Bank,HDFCBANK.NS
2024-07-30,784.0344848632812,807.7750244140625,817.375,799.5,801.0,54595834,HDFC Bank,HDFCBANK.NS
2024-07-31,784.1315307617188,807.875,813.9500122070312,804.5999755859375,807.0,37820484,HDFC Bank,HDFCBANK.NS
2024-08-01,795.3178100585938,819.4000244140625,825.0250244140625,808.9749755859375,811.4500122070312,26215174,HDFC Bank,HDFCBANK.NS
2024-08-02,805.1937866210938,829.5750122070312,835.25,815.5,815.5,44119238,HDFC Bank,HDFCBANK.NS
2024-08-05,784.1315307617188,807.875,823.0,800.5,820.0499877929688,41333634,HDFC Bank,HDFCBANK.NS
2024-08-06,777.0703125,800.5999755859375,816.4749755859375,796.6500244140625,815.0,45116050,HDFC Bank,HDFCBANK.NS
2024-08-07,787.8926391601562,811.75,815.0,801.0999755859375,808.5,42346264,HDFC Bank,HDFCBANK.NS
2024-08-08,797.2105102539062,821.3499755859375,826.6500244140625,809.625,812.0,33976950,HDFC Bank,HDFCBANK.NS
2024-08-09,800.8502807617188,825.0999755859375,831.2750244140625,822.9000244140625,826.0,26644618,HDFC Bank,HDFCBANK.NS
2024-08-12,805.65478515625,830.0499877929688,837.9749755859375,823.6749877929688,826.0,39316196,HDFC Bank,HDFCBANK.NS
2024-08-13,778.0409545898438,801.5999755859375,816.2000122070312,800.5750122070312,814.0,54055042,HDFC Bank,HDFCBANK.NS
2024-08-14,780.2733764648438,803.9000244140625,806.8499755859375,801.5999755859375,803.25,32334428,HDFC Bank,HDFCBANK.NS
2024-08-16,792.0662231445312,816.0499877929688,817.0750122070312,805.5,814.25,27849246,HDFC Bank,HDFCBANK.NS
2024-08-19,791.7993774414062,815.7750244140625,818.8250122070312,811.8499755859375,818.8250122070312,19502164,HDFC Bank,HDFCBANK.NS
2024-08-20,794.783935546875,818.8499755859375,823.0,813.7249755859375,813.7249755859375,31134494,HDFC Bank,HDFCBANK.NS
2024-08-21,789.0088500976562,812.9000244140625,817.2750244140625,808.9000244140625,814.0499877929688,47630904,HDFC Bank,HDFCBANK.NS
2024-08-22,791.6780395507812,815.6500244140625,819.1500244140625,814.0,816.0,21300638,HDFC Bank,HDFCBANK.NS
2024-08-23,788.6448364257812,812.5250244140625,817.0,811.5,817.0,20333422,HDFC Bank,HDFCBANK.NS
2024-08-26,795.8758544921875,819.9749755859375,823.9749755859375,816.0999755859375,816.0999755859375,22364266,HDFC Bank,HDFCBANK.NS
2024-08-27,794.8082275390625,818.875,823.7000122070312,816.0999755859375,821.7000122070312,35773244,HDFC Bank,HDFCBANK.NS
2024-08-28,794.4927978515625,818.5499877929688,819.875,815.0999755859375,818.875,26921188,HDFC Bank,HDFCBANK.NS
2024-08-29,795.1964721679688,819.2750244140625,822.2000122070312,815.5750122070312,821.0,49052604,HDFC Bank,HDFCBANK.NS
2024-08-30,794.395751953125,818.4500122070312,831.0,810.5750122070312,828.0,445342100,HDFC Bank,HDFCBANK.NS
2024-09-02,789.56689453125,813.4749755859375,823.4000244140625,811.5999755859375,823.4000244140625,34049680,HDFC Bank,HDFCBANK.NS
2024-09-03,794.6140747070312,818.6749877929688,819.9749755859375,812.2999877929688,817.0,37282860,HDFC Bank,HDFCBANK.NS
2024-09-04,796.7737426757812,820.9000244140625,822.4000244140625,816.0,819.5,24682744,HDFC Bank,HDFCBANK.NS
2024-09-05,798.5450439453125,822.7249755859375,824.9500122070312,821.0,823.0,22876318,HDFC Bank,HDFCBANK.NS
2024-09-06,794.4199829101562,818.4749755859375,823.875,817.0499877929688,819.1500244140625,26029602,HDFC Bank,HDFCBANK.NS
2024-09-09,799.0546875,823.25,824.25,815.0499877929688,819.0,23792914,HDFC Bank,HDFCBANK.NS
2024-09-10,800.923095703125,825.1749877929688,827.0,819.0,827.0,26606646,HDFC Bank,HDFCBANK.NS
2024-09-11,797.7928466796875,821.9500122070312,826.25,819.5999755859375,825.2000122070312,22226684,HDFC Bank,HDFCBANK.NS
2024-09-12,808.8092651367188,833.2999877929688,835.0,823.5250244140625,827.0,32424046,HDFC Bank,HDFCBANK.NS
2024-09-13,808.4937744140625,832.9749755859375,837.0,828.5250244140625,837.0,23860532,HDFC Bank,HDFCBANK.NS
2024-09-16,810.9202880859375,835.4749755859375,838.9000244140625,832.0250244140625,833.5,15172820,HDFC Bank,HDFCBANK.NS
2024-09-17,809.8770141601562,834.4000244140625,839.0,832.0750122070312,839.0,20127122,HDFC Bank,HDFCBANK.NS
2024-09-18,822.494873046875,847.4000244140625,849.4500122070312,835.5499877929688,835.9249877929688,40917342,HDFC Bank,HDFCBANK.NS
2024-09-19,829.1435546875,854.25,859.5,849.5750122070312,849.5999755859375,30651776,HDFC Bank,HDFCBANK.NS
2024-09-20,845.0130004882812,870.5999755859375,872.4749755859375,853.7750244140625,858.25,60623386,HDFC Bank,HDFCBANK.NS
2024-09-23,854.0397338867188,879.9000244140625,883.1749877929688,870.125,874.5,26965350,HDFC Bank,HDFCBANK.NS
2024-09-24,858.0435180664062,884.0250244140625,890.8250122070312,877.125,882.5,33039036,HDFC Bank,HDFCBANK.NS
2024-09-25,863.4060668945312,889.5499877929688,894.0,880.0750122070312,880.0750122070312,31965312,HDFC Bank,HDFCBANK.NS
2024-09-26,865.5171508789062,891.7249755859375,894.0,884.0250244140625,886.5250244140625,31899644,HDFC Bank,HDFCBANK.NS
2024-09-27,850.5697631835938,876.3250122070312,889.0999755859375,875.0,888.5,35613502,HDFC Bank,HDFCBANK.NS
2024-09-30,840.572509765625,866.0250244140625,875.7249755859375,862.2000122070312,874.4000244140625,26383534,HDFC Bank,HDFCBANK.NS
2024-10-01,837.7333984375,863.0999755859375,871.0,860.0499877929688,862.0,24572284,HDFC Bank,HDFCBANK.NS
2024-10-03,816.2828979492188,841.0,863.0750122070312,836.6749877929688,857.8250122070312,48473398,HDFC Bank,HDFCBANK.NS
2024-10-04,804.4658203125,828.8250122070312,845.3250122070312,826.5,837.25,48683232,HDFC Bank,HDFCBANK.NS
2024-10-07,785.1264038085938,808.9000244140625,829.5,806.5,826.0999755859375,94458296,HDFC Bank,HDFCBANK.NS
2024-10-08,801.2628173828125,825.5250244140625,828.4000244140625,811.0,815.0,29734406,HDFC Bank,HDFCBANK.NS
2024-10-09,792.5758666992188,816.5750122070312,828.375,814.3499755859375,824.75,41125642,HDFC Bank,HDFCBANK.NS
2024-10-10,806.7709350585938,831.2000122070312,832.7249755859375,816.25,819.5,21754766,HDFC Bank,HDFCBANK.NS
2024-10-11,801.238525390625,825.5,832.2249755859375,821.625,832.2249755859375,23672594,HDFC Bank,HDFCBANK.NS
2024-10-14,819.2433471679688,844.0499877929688,846.0250244140625,827.0,828.0250244140625,18527508,HDFC Bank,HDFCBANK.NS
2024-10-15,817.3021240234375,842.0499877929688,849.0,837.75,847.0,19651130,HDFC Bank,HDFCBANK.NS
2024-10-16,824.9214477539062,849.9000244140625,853.9749755859375,840.0499877929688,840.0499877929688,20470682,HDFC Bank,HDFCBANK.NS
2024-10-17,811.988037109375,836.5750122070312,848.8250122070312,832.5999755859375,847.4749755859375,14695732,HDFC Bank,HDFCBANK.NS
2024-10-18,816.2101440429688,840.9249877929688,845.5,827.0499877929688,831.5499877929688,24809724,HDFC Bank,HDFCBANK.NS
2024-10-21,838.9466552734375,864.3499755859375,874.0750122070312,855.5250244140625,857.5,46548354,HDFC Bank,HDFCBANK.NS
2024-10-22,832.0796508789062,857.2750244140625,870.0,855.3499755859375,865.0250244140625,38875280,HDFC Bank,HDFCBANK.NS
2024-10-23,842.3924560546875,867.9000244140625,873.25,852.5250244140625,852.5250244140625,38036090,HDFC Bank,HDFCBANK.NS
2024-10-24,849.1138916015625,874.8250122070312,884.3250122070312,869.0499877929688,869.0499877929688,30832258,HDFC Bank,HDFCBANK.NS
2024-10-25,846.0807495117188,871.7000122070312,878.9249877929688,864.3499755859375,877.5,26130478,HDFC Bank,HDFCBANK.NS
2024-10-28,841.6159057617188,867.0999755859375,875.5,864.4500122070312,871.0,22012142,HDFC Bank,HDFCBANK.NS
2024-10-29,850.1815185546875,875.9249877929688,882.0,862.5499877929688,863.0750122070312,35794926,HDFC Bank,HDFCBANK.NS
2024-10-30,841.81005859375,867.2999877929688,877.375,862.0999755859375,871.0,32715724,HDFC Bank,HDFCBANK.NS
2024-10-31,842.3438110351562,867.8499755859375,869.4500122070312,859.7000122070312,864.0,22895912,HDFC Bank,HDFCBANK.NS
2024-11-01,843.120361328125,868.6500244140625,872.0499877929688,863.0499877929688,866.5,1759692,HDFC Bank,HDFCBANK.NS
2024-11-04,831.8612060546875,857.0499877929688,872.5,855.4500122070312,872.5,28089248,HDFC Bank,HDFCBANK.NS
2024-11-05,853.0933837890625,878.9249877929688,881.3499755859375,848.9500122070312,851.5,44232406,HDFC Bank,HDFCBANK.NS
2024-11-06,851.83154296875,877.625,885.75,872.6749877929688,885.75,27787910,HDFC Bank,HDFCBANK.NS
2024-11-07,847.609375,873.2750244140625,880.4749755859375,869.0,872.1500244140625,18895456,HDFC Bank,HDFCBANK.NS
2024-11-08,851.4432983398438,877.2249755859375,880.9000244140625,872.9249877929688,876.0,19902986,HDFC Bank,HDFCBANK.NS
2024-11-11,857.1942138671875,883.1500244140625,891.4000244140625,875.5999755859375,877.2750244140625,24565362,HDFC Bank,HDFCBANK.NS
2024-11-12,833.8509521484375,859.0999755859375,887.5,854.3250122070312,886.0,31395406,HDFC Bank,HDFCBANK.NS
2024-11-13,815.9674682617188,840.6749877929688,864.7000122070312,836.5,858.375,35728500,HDFC Bank,HDFCBANK.NS
2024-11-14,821.5,846.375,852.4249877929688,836.0499877929688,836.5499877929688,27146470,HDFC Bank,HDFCBANK.NS
2024-11-18,827.4934692382812,852.5499877929688,859.4500122070312,847.5,850.0,27081968,HDFC Bank,HDFCBANK.NS
2024-11-19,845.5225830078125,871.125,876.875,851.3499755859375,857.0,50981272,HDFC Bank,HDFCBANK.NS
2024-11-21,845.0130004882812,870.5999755859375,879.5,867.0999755859375,874.7000122070312,35716512,HDFC Bank,HDFCBANK.NS
2024-11-22,847.1483764648438,872.7999877929688,877.1500244140625,864.7750244140625,871.7750244140625,24773612,HDFC Bank,HDFCBANK.NS
2024-11-25,866.5604858398438,892.7999877929688,901.7750244140625,882.4500122070312,892.5250244140625,427737274,HDFC Bank,HDFCBANK.NS
2024-11-26,866.5363159179688,892.7750244140625,905.0,884.9000244140625,905.0,30935566,HDFC Bank,HDFCBANK.NS
2024-11-27,879.5181884765625,906.1500244140625,908.6749877929688,892.5750122070312,894.9500122070312,32714976,HDFC Bank,HDFCBANK.NS
2024-11-28,870.224609375,896.5750122070312,918.0499877929688,894.0,909.5,35722392,HDFC Bank,HDFCBANK.NS
2024-11-29,871.6320190429688,898.0250244140625,902.2999877929688,891.4500122070312,900.6500244140625,27669536,HDFC Bank,HDFCBANK.NS
2024-12-02,875.8298950195312,902.3499755859375,904.0750122070312,887.5,901.75,15110876,HDFC Bank,HDFCBANK.NS
2024-12-03,886.3124389648438,913.1500244140625,918.7000122070312,908.0499877929688,911.3499755859375,43410242,HDFC Bank,HDFCBANK.NS
2024-12-04,902.7156982421875,930.0499877929688,932.5,915.5750122070312,919.0,44669084,HDFC Bank,HDFCBANK.NS
2024-12-05,905.457763671875,932.875,939.9749755859375,917.5999755859375,930.0,39682714,HDFC Bank,HDFCBANK.NS
2024-12-06,900.6531982421875,927.9249877929688,932.0999755859375,922.0,928.5,17783156,HDFC Bank,HDFCBANK.NS
2024-12-09,907.520263671875,935.0,940.0,924.5,926.8250122070312,26947912,HDFC Bank,HDFCBANK.NS
2024-12-10,906.5982055664062,934.0499877929688,938.8499755859375,929.2750244140625,938.8499755859375,13325480,HDFC Bank,HDFCBANK.NS
2024-12-11,904.1716918945312,931.5499877929688,935.9500122070312,928.375,930.8499755859375,14045426,HDFC Bank,HDFCBANK.NS
2024-12-12,902.30322265625,929.625,934.3250122070312,924.3499755859375,925.5,17293790,HDFC Bank,HDFCBANK.NS
2024-12-13,908.3695678710938,935.875,937.5,914.625,931.25,19009002,HDFC Bank,HDFCBANK.NS
2024-12-16,905.1907958984375,932.5999755859375,934.9749755859375,927.625,932.5499877929688,13107082,HDFC Bank,HDFCBANK.NS
2024-12-17,889.6853637695312,916.625,931.1749877929688,913.25,928.1749877929688,21079532,HDFC Bank,HDFCBANK.NS
2024-12-18,878.74169921875,905.3499755859375,918.0,903.5750122070312,914.9249877929688,23422312,HDFC Bank,HDFCBANK.NS
2024-12-19,870.3944702148438,896.75,900.5499877929688,889.5,899.7999877929688,25380770,HDFC Bank,HDFCBANK.NS
2024-12-20,859.7177124023438,885.75,898.7750244140625,883.5250244140625,891.0999755859375,25692348,HDFC Bank,HDFCBANK.NS
2024-12-23,874.0343017578125,900.5,903.0,890.6500244140625,891.0,11044592,HDFC Bank,HDFCBANK.NS
2024-12-24,872.6268310546875,899.0499877929688,904.3499755859375,894.7750244140625,901.0250244140625,14485834,HDFC Bank,HDFCBANK.NS
2024-12-26,869.0598754882812,895.375,906.0,890.375,899.2750244140625,10481678,HDFC Bank,HDFCBANK.NS
2024-12-27,872.6996459960938,899.125,902.9749755859375,894.5499877929688,897.4000244140625,7259330,HDFC Bank,HDFCBANK.NS
2024-12-30,862.82373046875,888.9500122070312,907.5,885.5,896.0999755859375,22222218,HDFC Bank,HDFCBANK.NS
2024-12-31,860.3729248046875,886.4249877929688,890.9000244140625,882.7999877929688,885.1500244140625,14117236,HDFC Bank,HDFCBANK.NS
2025-01-01,865.1774291992188,891.375,897.0,880.5499877929688,886.7249755859375,7313806,HDFC Bank,HDFCBANK.NS
2025-01-02,870.5158081054688,896.875,901.7249755859375,886.5,888.5499877929688,18558576,HDFC Bank,HDFCBANK.NS
2025-01-03,848.8954467773438,874.5999755859375,897.625,873.1500244140625,895.5,24426194,HDFC Bank,HDFCBANK.NS
2025-01-06,830.1141357421875,855.25,878.5999755859375,852.9000244140625,870.0499877929688,18816348,HDFC Bank,HDFCBANK.NS
2025-01-07,831.5215454101562,856.7000122070312,860.5,850.0,857.5,13527906,HDFC Bank,HDFCBANK.NS
2025-01-08,822.2522583007812,847.1500244140625,855.8250122070312,841.6749877929688,854.125,19738190,HDFC Bank,HDFCBANK.NS
2025-01-09,809.3916015625,833.9000244140625,844.5,829.0499877929688,842.0750122070312,40420222,HDFC Bank,HDFCBANK.NS
2025-01-10,804.0289916992188,828.375,837.4500122070312,827.0,835.5,17453280,HDFC Bank,HDFCBANK.NS
2025-01-13,791.4596557617188,815.4249877929688,823.375,812.1500244140625,820.0,21669066,HDFC Bank,HDFCBANK.NS
2025-01-14,799.1031494140625,823.2999877929688,828.0999755859375,818.5,819.9500122070312,26661432,HDFC Bank,HDFCBANK.NS
2025-01-15,797.3803100585938,821.5250244140625,831.3499755859375,818.1500244140625,828.25,14022892,HDFC Bank,HDFCBANK.NS
2025-01-16,801.7481079101562,826.0250244140625,830.2750244140625,821.4249877929688,826.4249877929688,21212454,HDFC Bank,HDFCBANK.NS
2025-01-17,794.3229370117188,818.375,825.25,814.25,821.75,23112076,HDFC Bank,HDFCBANK.NS
2025-01-20,801.3598022460938,825.625,830.4749755859375,813.0,813.0,17557618,HDFC Bank,HDFCBANK.NS
2025-01-21,797.0648803710938,821.2000122070312,830.5250244140625,816.5250244140625,829.125,31158144,HDFC Bank,HDFCBANK.NS
2025-01-22,808.5423583984375,833.0250244140625,835.9500122070312,812.7249755859375,821.2000122070312,30619306,HDFC Bank,HDFCBANK.NS
2025-01-23,807.9843139648438,832.4500122070312,843.5,825.625,843.5,34909158,HDFC Bank,HDFCBANK.NS
2025-01-24,800.6561889648438,824.9000244140625,835.1500244140625,822.25,830.0,24236200,HDFC Bank,HDFCBANK.NS
2025-01-27,790.9500122070312,814.9000244140625,821.7999877929688,813.0,820.5499877929688,22804166,HDFC Bank,HDFCBANK.NS
2025-01-28,810.6534423828125,835.2000122070312,842.1500244140625,823.5,823.5,30179312,HDFC Bank,HDFCBANK.NS
2025-01-29,814.0020141601562,838.6500244140625,840.5750122070312,834.4249877929688,837.5,12619890,HDFC Bank,HDFCBANK.NS
2025-01-30,820.893310546875,845.75,848.9500122070312,836.2750244140625,840.5,25744846,HDFC Bank,HDFCBANK.NS
2025-01-31,824.4118041992188,849.375,852.3499755859375,841.9749755859375,843.625,15821686,HDFC Bank,HDFCBANK.NS
2025-02-01,820.6263427734375,845.4749755859375,856.5,838.0250244140625,848.75,5587528,HDFC Bank,HDFCBANK.NS
2025-02-03,814.341796875,839.0,843.4000244140625,831.7249755859375,835.0,20276540,HDFC Bank,HDFCBANK.NS
2025-02-04,835.161376953125,860.4500122070312,862.9000244140625,840.0250244140625,844.3499755859375,28616502,HDFC Bank,HDFCBANK.NS
2025-02-05,843.3629760742188,868.9000244140625,872.0999755859375,859.4500122070312,866.5,23675506,HDFC Bank,HDFCBANK.NS
2025-02-06,846.299072265625,871.9249877929688,874.5,862.0,867.75,26760716,HDFC Bank,HDFCBANK.NS
2025-02-07,840.9121704101562,866.375,883.5,862.5,875.0,23509600,HDFC Bank,HDFCBANK.NS
2025-02-10,832.6620483398438,857.875,861.7249755859375,854.25,858.6500244140625,17195950,HDFC Bank,HDFCBANK.NS
2025-02-11,825.6979370117188,850.7000122070312,855.5,844.3499755859375,851.5,22724704,HDFC Bank,HDFCBANK.NS
2025-02-12,828.318603515625,853.4000244140625,856.0,840.5999755859375,846.5,22809570,HDFC Bank,HDFCBANK.NS
2025-02-13,823.9022827148438,848.8499755859375,857.125,846.7750244140625,849.5,12602434,HDFC Bank,HDFCBANK.NS
2025-02-14,822.5191040039062,847.4249877929688,850.9500122070312,840.0,850.9500122070312,19959892,HDFC Bank,HDFCBANK.NS
2025-02-17,833.4384765625,858.6749877929688,860.0,840.625,842.5999755859375,12938946,HDFC Bank,HDFCBANK.NS
2025-02-18,836.2047119140625,861.5250244140625,865.7750244140625,853.0750122070312,856.5250244140625,16350910,HDFC Bank,HDFCBANK.NS
2025-02-19,838.2186889648438,863.5999755859375,868.9500122070312,856.2249755859375,858.5,11884112,HDFC Bank,HDFCBANK.NS
2025-02-20,818.758056640625,843.5499877929688,857.3499755859375,842.6500244140625,855.5,26390510,HDFC Bank,HDFCBANK.NS
2025-02-21,821.378662109375,846.25,847.4749755859375,838.625,840.4500122070312,15680940,HDFC Bank,HDFCBANK.NS
2025-02-24,813.9049072265625,838.5499877929688,842.0999755859375,830.5499877929688,840.5499877929688,20693646,HDFC Bank,HDFCBANK.NS
2025-02-25,816.4527587890625,841.1749877929688,844.0,835.5499877929688,835.5499877929688,24138708,HDFC Bank,HDFCBANK.NS
2025-02-27,825.3580932617188,850.3499755859375,855.375,841.2750244140625,841.2750244140625,35786800,HDFC Bank,HDFCBANK.NS
2025-02-28,840.7423706054688,866.2000122070312,868.625,842.5,842.5,54516728,HDFC Bank,HDFCBANK.NS
2025-03-03,825.770751953125,850.7750244140625,871.5250244140625,847.0499877929688,869.9000244140625,21205364,HDFC Bank,HDFCBANK.NS
2025-03-04,829.8714599609375,855.0,857.1500244140625,846.625,849.0,19920958,HDFC Bank,HDFCBANK.NS
2025-03-05,820.1654052734375,845.0,855.4000244140625,844.125,850.9749755859375,21583872,HDFC Bank,HDFCBANK.NS
2025-03-06,820.7476806640625,845.5999755859375,849.9500122070312,836.125,843.5,32966088,HDFC Bank,HDFCBANK.NS
2025-03-07,819.8014526367188,844.625,850.5750122070312,838.7999877929688,841.0,13372914,HDFC Bank,HDFCBANK.NS
2025-03-10,818.9521484375,843.75,849.9500122070312,841.5250244140625,844.5,15604050,HDFC Bank,HDFCBANK.NS
2025-03-11,817.9815063476562,842.75,847.0,835.0250244140625,841.2000122070312,19898430,HDFC Bank,HDFCBANK.NS
2025-03-12,830.4296264648438,855.5750122070312,859.25,845.7750244140625,845.7750244140625,18784106,HDFC Bank,HDFCBANK.NS
2025-03-13,828.221435546875,853.2999877929688,860.4000244140625,850.0250244140625,858.0250244140625,15736264,HDFC Bank,HDFCBANK.NS
2025-03-17,830.0656127929688,855.2000122070312,862.0,852.5,852.5,18950652,HDFC Bank,HDFCBANK.NS
2025-03-18,830.0656127929688,855.2000122070312,855.2000122070312,855.2000122070312,855.2000122070312,0,HDFC Bank,HDFCBANK.NS
2025-03-19,846.42041015625,872.0499877929688,875.5,866.0999755859375,867.5,15221406,HDFC Bank,HDFCBANK.NS
2025-03-20,858.3831787109375,884.375,887.0,874.6500244140625,877.0,17833978,HDFC Bank,HDFCBANK.NS
2025-03-21,859.15966796875,885.1749877929688,887.0499877929688,877.7750244140625,877.7750244140625,33508264,HDFC Bank,HDFCBANK.NS
2025-03-24,873.5490112304688,900.0,902.2000122070312,886.8250122070312,889.5,17393736,HDFC Bank,HDFCBANK.NS
2025-03-25,883.958740234375,910.7249755859375,921.8499755859375,900.75,902.4500122070312,39101416,HDFC Bank,HDFCBANK.NS
2025-03-26,876.7277221679688,903.2750244140625,913.75,901.0,912.5,24478442,HDFC Bank,HDFCBANK.NS
2025-03-27,885.8514404296875,912.6749877929688,920.5,899.0499877929688,900.0,41658100,HDFC Bank,HDFCBANK.NS
2025-03-28,887.2345581054688,914.0999755859375,918.0,902.9249877929688,914.5,28773648,HDFC Bank,HDFCBANK.NS
2025-04-01,857.9464111328125,883.9249877929688,904.9500122070312,882.6749877929688,901.0,28511006,HDFC Bank,HDFCBANK.NS
2025-04-02,872.0444946289062,898.4500122070312,899.5999755859375,885.3499755859375,885.3499755859375,11573564,HDFC Bank,HDFCBANK.NS
2025-04-03,871.0496215820312,897.4249877929688,902.0,888.5,890.5499877929688,11250038,HDFC Bank,HDFCBANK.NS
2025-04-04,881.9447631835938,908.6500244140625,920.9749755859375,905.5499877929688,906.5,33540454,HDFC Bank,HDFCBANK.NS
2025-04-07,853.0205078125,878.8499755859375,889.9249877929688,869.0999755859375,881.4000244140625,37995450,HDFC Bank,HDFCBANK.NS
2025-04-08,858.5773315429688,884.5750122070312,891.0,875.1500244140625,882.5,35563872,HDFC Bank,HDFCBANK.NS
2025-04-09,856.5632934570312,882.5,887.5,876.75,882.5,22454608,HDFC Bank,HDFCBANK.NS
2025-04-11,876.8247680664062,903.375,909.7000122070312,887.375,887.375,32775766,HDFC Bank,HDFCBANK.NS
2025-04-15,905.0452880859375,932.4500122070312,938.4000244140625,927.5,932.5,49298344,HDFC Bank,HDFCBANK.NS
2025-04-16,911.4027099609375,939.0,941.9000244140625,930.25,941.9000244140625,19136820,HDFC Bank,HDFCBANK.NS
2025-04-17,925.3309936523438,953.3499755859375,959.8499755859375,938.3499755859375,941.0,35703084,HDFC Bank,HDFCBANK.NS
2025-04-21,935.231201171875,963.5499877929688,975.3499755859375,955.0,962.0,34247298,HDFC Bank,HDFCBANK.NS
2025-04-22,952.0227661132812,980.8499755859375,985.2999877929688,967.5,967.5,45961750,HDFC Bank,HDFCBANK.NS
2025-04-23,933.67822265625,961.9500122070312,989.4500122070312,960.25,989.4500122070312,30570642,HDFC Bank,HDFCBANK.NS
2025-04-24,930.2325439453125,958.4000244140625,961.9500122070312,952.5499877929688,955.0,25931754,HDFC Bank,HDFCBANK.NS
2025-04-25,927.5148315429688,955.5999755859375,966.5,945.9000244140625,962.4000244140625,18500878,HDFC Bank,HDFCBANK.NS
2025-04-28,931.882568359375,960.0999755859375,964.8499755859375,954.2000122070312,955.5999755859375,13920492,HDFC Bank,HDFCBANK.NS
2025-04-29,926.3501586914062,954.4000244140625,964.4000244140625,950.0999755859375,959.4000244140625,18918308,HDFC Bank,HDFCBANK.NS
2025-04-30,934.2120361328125,962.5,968.4500122070312,955.1500244140625,956.5,31936870,HDFC Bank,HDFCBANK.NS
2025-05-02,932.7077026367188,960.9500122070312,970.9500122070312,960.0,964.9000244140625,17840404,HDFC Bank,HDFCBANK.NS
2025-05-05,939.9386596679688,968.4000244140625,976.0,966.1500244140625,969.5,15068024,HDFC Bank,HDFCBANK.NS
2025-05-06,937.463623046875,965.8499755859375,970.0499877929688,962.1500244140625,965.0,17490156,HDFC Bank,HDFCBANK.NS
2025-05-07,944.2093505859375,972.7999877929688,974.3499755859375,961.2000122070312,967.0,21420778,HDFC Bank,HDFCBANK.NS
2025-05-08,935.91064453125,964.25,977.4000244140625,959.5499877929688,977.4000244140625,34803430,HDFC Bank,HDFCBANK.NS
2025-05-09,917.080810546875,944.8499755859375,959.5,943.4000244140625,955.0499877929688,17188796,HDFC Bank,HDFCBANK.NS
2025-05-12,949.8388671875,978.5999755859375,979.9500122070312,956.1500244140625,958.7999877929688,18618972,HDFC Bank,HDFCBANK.NS
2025-05-13,933.04736328125,961.2999877929688,980.8499755859375,960.0,975.0,24242102,HDFC Bank,HDFCBANK.NS
2025-05-14,927.2236938476562,955.2999877929688,965.0999755859375,951.5,961.0499877929688,15445308,HDFC Bank,HDFCBANK.NS
2025-05-15,938.4827880859375,966.9000244140625,972.4000244140625,948.5,956.75,32241458,HDFC Bank,HDFCBANK.NS
2025-05-16,938.9194946289062,967.3499755859375,971.9000244140625,964.2000122070312,966.9000244140625,15868010,HDFC Bank,HDFCBANK.NS
2025-05-19,940.8607177734375,969.3499755859375,972.5,965.5,968.5,10202964,HDFC Bank,HDFCBANK.NS
2025-05-20,929.310546875,957.4500122070312,967.2999877929688,956.5,964.0499877929688,23879090,HDFC Bank,HDFCBANK.NS
2025-05-21,935.085693359375,963.4000244140625,973.4500122070312,960.5499877929688,963.5,15132040,HDFC Bank,HDFCBANK.NS
2025-05-22,931.737060546875,959.9500122070312,962.0999755859375,952.5999755859375,957.5999755859375,21306670,HDFC Bank,HDFCBANK.NS
2025-05-23,938.3856811523438,966.7999877929688,968.5,957.25,960.0499877929688,9566072,HDFC Bank,HDFCBANK.NS
2025-05-26,941.588623046875,970.0999755859375,974.9500122070312,963.4500122070312,967.5,10802860,HDFC Bank,HDFCBANK.NS
2025-05-27,934.8429565429688,963.1500244140625,974.0,958.1500244140625,965.7999877929688,26162148,HDFC Bank,HDFCBANK.NS
2025-05-28,933.484130859375,961.75,967.25,958.8499755859375,960.0999755859375,18157594,HDFC Bank,HDFCBANK.NS
2025-05-29,935.4253540039062,963.75,970.4000244140625,953.6500244140625,964.0,28917794,HDFC Bank,HDFCBANK.NS
2025-05-30,943.86962890625,972.4500122070312,974.4000244140625,962.7000122070312,965.9500122070312,28748078,HDFC Bank,HDFCBANK.NS
2025-06-02,937.65771484375,966.0499877929688,968.0,954.0,965.0499877929688,14668822,HDFC Bank,HDFCBANK.NS
2025-06-03,934.0179443359375,962.2999877929688,976.0,960.0,969.0,24377584,HDFC Bank,HDFCBANK.NS
2025-06-04,942.073974609375,970.5999755859375,971.6500244140625,960.4500122070312,960.5,12961542,HDFC Bank,HDFCBANK.NS
2025-06-05,946.1505126953125,974.7999877929688,979.4500122070312,970.0999755859375,974.0,22255418,HDFC Bank,HDFCBANK.NS
2025-06-06,960.27294921875,989.3499755859375,998.1500244140625,971.3499755859375,972.0,30127008,HDFC Bank,HDFCBANK.NS
2025-06-09,960.3700561523438,989.4500122070312,997.5,987.9500122070312,997.5,13202588,HDFC Bank,HDFCBANK.NS
2025-06-10,953.7698974609375,982.6500244140625,991.4000244140625,980.5499877929688,991.4000244140625,15533126,HDFC Bank,HDFCBANK.NS
2025-06-11,946.5388793945312,975.2000122070312,983.7999877929688,973.5,983.7999877929688,11096394,HDFC Bank,HDFCBANK.NS
2025-06-12,943.1416625976562,971.7000122070312,980.5,967.6500244140625,975.0,16349130,HDFC Bank,HDFCBANK.NS
2025-06-13,930.620849609375,958.7999877929688,966.5,956.5,960.0,12117762,HDFC Bank,HDFCBANK.NS
2025-06-16,939.2592163085938,967.7000122070312,969.4500122070312,960.0499877929688,962.0,16513746,HDFC Bank,HDFCBANK.NS
2025-06-17,936.4444580078125,964.7999877929688,970.7999877929688,959.5499877929688,968.5,16978736,HDFC Bank,HDFCBANK.NS
2025-06-18,938.5313110351562,966.9500122070312,968.1500244140625,958.5,958.5,18433816,HDFC Bank,HDFCBANK.NS
2025-06-19,939.210693359375,967.6500244140625,973.4000244140625,962.7999877929688,966.9500122070312,16876220,HDFC Bank,HDFCBANK.NS
2025-06-20,953.4786376953125,982.3499755859375,984.9500122070312,965.7999877929688,965.7999877929688,32900408,HDFC Bank,HDFCBANK.NS
2025-06-23,945.5681762695312,974.2000122070312,978.9500122070312,970.9000244140625,974.2000122070312,11739518,HDFC Bank,HDFCBANK.NS
2025-06-24,951.634521484375,980.4500122070312,989.5,977.7999877929688,982.5,22625322,HDFC Bank,HDFCBANK.NS
2025-06-25,961.0009155273438,990.0999755859375,991.0,981.9500122070312,983.0,18405932,HDFC Bank,HDFCBANK.NS
2025-06-26,981.1895751953125,1010.9000244140625,1013.5499877929688,990.0,990.7000122070312,50084830,HDFC Bank,HDFCBANK.NS
2025-06-27,988.5983276367188,1007.4500122070312,1009.9000244140625,996.7000122070312,1006.5,28213384,HDFC Bank,HDFCBANK.NS
2025-06-30,982.023681640625,1000.75,1006.9000244140625,997.75,1005.75,13649020,HDFC Bank,HDFCBANK.NS
2025-07-01,987.2244873046875,1006.0499877929688,1008.0,1002.0,1002.5,14389386,HDFC Bank,HDFCBANK.NS
2025-07-02,974.418701171875,993.0,1009.9500122070312,988.9500122070312,1009.9500122070312,18878250,HDFC Bank,HDFCBANK.NS
2025-07-03,974.9583740234375,993.5499877929688,1004.0,992.1500244140625,997.4500122070312,16860506,HDFC Bank,HDFCBANK.NS
2025-07-04,976.037841796875,994.6500244140625,1001.75,990.0,993.5499877929688,7863944,HDFC Bank,HDFCBANK.NS
2025-07-07,975.1055908203125,993.7000122070312,999.2000122070312,991.9000244140625,994.5,11349426,HDFC Bank,HDFCBANK.NS
2025-07-08,981.974609375,1000.7000122070312,1002.5,988.5,988.5,15224316,HDFC Bank,HDFCBANK.NS
2025-07-09,986.7828979492188,1005.5999755859375,1006.9000244140625,999.0499877929688,1003.5,13861428,HDFC Bank,HDFCBANK.NS
2025-07-10,984.3296508789062,1003.0999755859375,1008.5,1000.0,1008.0,17030310,HDFC Bank,HDFCBANK.NS
2025-07-11,973.2901611328125,991.8499755859375,1002.4000244140625,990.4500122070312,999.0,12516922,HDFC Bank,HDFCBANK.NS
2025-07-14,972.94677734375,991.5,994.3499755859375,985.2999877929688,991.5,13088850,HDFC Bank,HDFCBANK.NS
2025-07-15,979.079833984375,997.75,1001.7999877929688,986.5,986.5,14498168,HDFC Bank,HDFCBANK.NS
2025-07-16,979.4723510742188,998.1500244140625,1011.3499755859375,996.2999877929688,1009.0,17994612,HDFC Bank,HDFCBANK.NS
2025-07-17,974.8602905273438,993.4500122070312,1002.4000244140625,991.3499755859375,1002.0,22529158,HDFC Bank,HDFCBANK.NS
2025-07-18,960.3862915039062,978.7000122070312,998.5,976.5,993.4500122070312,16129446,HDFC Bank,HDFCBANK.NS
2025-07-21,981.5330200195312,1000.25,1001.0,988.25,989.0999755859375,22309078,HDFC Bank,HDFCBANK.NS
2025-07-22,984.771240234375,1003.5499877929688,1009.0,1001.5,1006.5499877929688,14836814,HDFC Bank,HDFCBANK.NS
2025-07-23,993.2103881835938,1012.1500244140625,1014.9000244140625,1001.5,1005.5,13634916,HDFC Bank,HDFCBANK.NS
2025-07-24,988.2548217773438,1007.0999755859375,1018.8499755859375,1004.2000122070312,1018.8499755859375,19107176,HDFC Bank,HDFCBANK.NS
2025-07-25,985.9922485351562,1002.2999877929688,1007.5,999.5,1007.5,9306598,HDFC Bank,HDFCBANK.NS
2025-07-28,987.9105224609375,1004.25,1010.7000122070312,1000.25,1001.5,12059580,HDFC Bank,HDFCBANK.NS
2025-07-29,994.3539428710938,1010.7999877929688,1013.25,998.1500244140625,999.9500122070312,19895696,HDFC Bank,HDFCBANK.NS
2025-07-30,996.4197998046875,1012.9000244140625,1016.2999877929688,1008.5,1014.0,15154036,HDFC Bank,HDFCBANK.NS
2025-07-31,992.6815795898438,1009.0999755859375,1015.7000122070312,1004.0,1007.2999877929688,22183032,HDFC Bank,HDFCBANK.NS
2025-08-01,989.7304077148438,1006.0999755859375,1014.1500244140625,1004.6500244140625,1007.0,11317258,HDFC Bank,HDFCBANK.NS
2025-08-04,979.7947387695312,996.0,1009.25,994.0499877929688,1005.0499877929688,13933946,HDFC Bank,HDFCBANK.NS
2025-08-05,972.7118530273438,988.7999877929688,997.2000122070312,982.75,993.25,23978058,HDFC Bank,HDFCBANK.NS
2025-08-06,976.499267578125,992.6500244140625,994.0,985.0,985.5499877929688,14080204,HDFC Bank,HDFCBANK.NS
2025-08-07,981.4671020507812,997.7000122070312,1000.7999877929688,988.4000244140625,990.0499877929688,13081186,HDFC Bank,HDFCBANK.NS
2025-08-08,970.8920288085938,986.9500122070312,996.4000244140625,985.0,993.5499877929688,13895264,HDFC Bank,HDFCBANK.NS
2025-08-11,981.5654296875,997.7999877929688,998.7999877929688,986.5499877929688,987.9500122070312,9105854,HDFC Bank,HDFCBANK.NS
2025-08-12,968.924560546875,984.9500122070312,998.0,983.75,995.9500122070312,12937802,HDFC Bank,HDFCBANK.NS
2025-08-13,974.0399169921875,990.1500244140625,997.0,984.5499877929688,997.0,13577396,HDFC Bank,HDFCBANK.NS
2025-08-14,979.35205078125,995.5499877929688,998.0,985.5999755859375,989.0,17511716,HDFC Bank,HDFCBANK.NS
2025-08-18,985.5003662109375,1001.7999877929688,1013.2999877929688,997.7999877929688,1005.0,19284796,HDFC Bank,HDFCBANK.NS
2025-08-19,979.35205078125,995.5499877929688,1003.0499877929688,993.3499755859375,999.1500244140625,12352438,HDFC Bank,HDFCBANK.NS
2025-08-20,977.9256591796875,994.0999755859375,996.0,989.5,993.5,9950228,HDFC Bank,HDFCBANK.NS
2025-08-21,979.4012451171875,995.5999755859375,998.75,991.5999755859375,998.75,12439850,HDFC Bank,HDFCBANK.NS
2025-08-22,966.317626953125,982.2999877929688,998.0,978.5499877929688,994.9500122070312,19833502,HDFC Bank,HDFCBANK.NS
2025-08-25,966.0717163085938,982.0499877929688,988.7000122070312,978.5,980.0999755859375,17518044,HDFC Bank,HDFCBANK.NS
2025-08-26,957.5625,973.4000244140625,985.7000122070312,968.0,979.5,16917731,HDFC Bank,HDFCBANK.NS
2025-08-28,942.2162475585938,957.7999877929688,972.2000122070312,955.0,967.0,25438255,HDFC Bank,HDFCBANK.NS
2025-08-29,936.1171264648438,951.5999755859375,963.2999877929688,950.0999755859375,954.0,14823813,HDFC Bank,HDFCBANK.NS
2025-09-01,935.1333618164062,950.5999755859375,957.4500122070312,946.3499755859375,949.5999755859375,20178344,HDFC Bank,HDFCBANK.NS
2025-09-02,929.1326904296875,944.5,954.7999877929688,944.0,951.0,14196320,HDFC Bank,HDFCBANK.NS
2025-09-03,938.9207763671875,954.4500122070312,956.2999877929688,940.0,945.0,16083481,HDFC Bank,HDFCBANK.NS
2025-09-04,945.610107421875,961.25,965.7000122070312,956.25,960.2000122070312,17597657,HDFC Bank,HDFCBANK.NS
2025-09-05,947.7251586914062,963.4000244140625,967.5,954.0499877929688,967.5,11602111,HDFC Bank,HDFCBANK.NS
2025-09-08,950.2828369140625,966.0,973.1500244140625,960.4500122070312,969.0,11711307,HDFC Bank,HDFCBANK.NS
2025-09-09,949.4467163085938,965.1500244140625,974.4000244140625,962.7000122070312,974.0,13985539,HDFC Bank,HDFCBANK.NS
2025-09-10,950.1845092773438,965.9000244140625,973.9000244140625,961.7000122070312,973.9000244140625,18091100,HDFC Bank,HDFCBANK.NS
2025-09-11,952.0535278320312,967.7999877929688,969.25,959.9000244140625,960.2999877929688,15113633,HDFC Bank,HDFCBANK.NS
2025-09-12,951.5617065429688,967.2999877929688,970.75,962.25,969.9000244140625,14363519,HDFC Bank,HDFCBANK.NS
2025-09-15,951.3157348632812,967.0499877929688,972.3499755859375,965.0,969.5999755859375,14486377,HDFC Bank,HDFCBANK.NS
2025-09-16,951.1190185546875,966.8499755859375,969.3499755859375,961.2000122070312,961.2000122070312,18661794,HDFC Bank,HDFCBANK.NS
2025-09-17,950.7747192382812,966.5,974.4000244140625,964.3499755859375,965.1500244140625,17361476,HDFC Bank,HDFCBANK.NS
2025-09-18,961.0055541992188,976.9000244140625,979.6500244140625,969.25,973.2999877929688,17791598,HDFC Bank,HDFCBANK.NS
2025-09-19,951.168212890625,966.9000244140625,976.7000122070312,962.0999755859375,974.9000244140625,31243267,HDFC Bank,HDFCBANK.NS
2025-09-22,948.5121459960938,964.2000122070312,971.2000122070312,961.9500122070312,964.0,10854415,HDFC Bank,HDFCBANK.NS
2025-09-23,941.6260375976562,957.2000122070312,968.2000122070312,955.5,967.0,21022298,HDFC Bank,HDFCBANK.NS
2025-09-24,935.5761108398438,951.0499877929688,956.4500122070312,943.0,952.2000122070312,15117220,HDFC Bank,HDFCBANK.NS
2025-09-25,934.3955688476562,949.8499755859375,958.0,947.4000244140625,952.5,31413279,HDFC Bank,HDFCBANK.NS
2025-09-26,929.6737060546875,945.0499877929688,951.4500122070312,941.2999877929688,945.0999755859375,14874656,HDFC Bank,HDFCBANK.NS
2025-09-29,934.8382568359375,950.2999877929688,956.7999877929688,939.0999755859375,946.0499877929688,32398179,HDFC Bank,HDFCBANK.NS
2025-09-30,935.5269165039062,951.0,960.0,946.2999877929688,958.0499877929688,28296687,HDFC Bank,HDFCBANK.NS
2025-10-01,949.5450439453125,965.25,969.5999755859375,946.0,952.7000122070312,25350832,HDFC Bank,HDFCBANK.NS
2025-10-03,949.4467163085938,965.1500244140625,966.75,952.0,952.0,26658296,HDFC Bank,HDFCBANK.NS
2025-10-06,957.6116333007812,973.4500122070312,977.4000244140625,962.0,971.9000244140625,18542683,HDFC Bank,HDFCBANK.NS
2025-10-07,966.514404296875,982.5,989.8499755859375,971.0,974.0,25535736,HDFC Bank,HDFCBANK.NS
2025-10-08,962.7762451171875,978.7000122070312,985.9000244140625,974.5499877929688,976.0,15939710,HDFC Bank,HDFCBANK.NS
2025-10-09,961.2022094726562,977.0999755859375,979.0,970.1500244140625,974.5,15370950,HDFC Bank,HDFCBANK.NS
2025-10-10,964.9404296875,980.9000244140625,986.2000122070312,978.0999755859375,979.0,13757080,HDFC Bank,HDFCBANK.NS
2025-10-13,961.1038818359375,977.0,981.0,972.0,974.2999877929688,18634254,HDFC Bank,HDFCBANK.NS
2025-10-14,961.25146484375,977.1500244140625,980.4500122070312,967.0,970.0,22934382,HDFC Bank,HDFCBANK.NS
2025-10-15,962.3335571289062,978.25,984.9000244140625,973.3499755859375,975.0,23310447,HDFC Bank,HDFCBANK.NS
2025-10-16,978.1715698242188,994.3499755859375,996.5999755859375,981.5,982.6500244140625,22936566,HDFC Bank,HDFCBANK.NS
2025-10-17,986.2381591796875,1002.5499877929688,1009.0,986.0,993.9500122070312,25210511,HDFC Bank,HDFCBANK.NS
2025-10-20,986.6316528320312,1002.9500122070312,1020.0,997.0,997.0,22195202,HDFC Bank,HDFCBANK.NS
2025-10-21,991.3043823242188,1007.7000122070312,1010.0,1004.0,1006.0,3471600,HDFC Bank,HDFCBANK.NS
2025-10-23,992.386474609375,1008.7999877929688,1020.5,1006.0,1016.0,43526526,HDFC Bank,HDFCBANK.NS
2025-10-24,978.5650634765625,994.75,1011.9500122070312,991.2999877929688,1011.0,17707768,HDFC Bank,HDFCBANK.NS
2025-10-27,986.6316528320312,1002.9500122070312,1009.0499877929688,996.2000122070312,996.5,15700796,HDFC Bank,HDFCBANK.NS
2025-10-28,987.2218627929688,1003.5499877929688,1008.0,995.0,997.6500244140625,33904289,HDFC Bank,HDFCBANK.NS
2025-10-29,991.451904296875,1007.8499755859375,1012.5,1000.0,1004.9000244140625,17769445,HDFC Bank,HDFCBANK.NS
2025-10-30,981.9097900390625,998.1500244140625,1009.5,997.0999755859375,1000.0,19962917,HDFC Bank,HDFCBANK.NS
2025-10-31,971.2362670898438,987.2999877929688,1004.4500122070312,981.1500244140625,994.0,23221330,HDFC Bank,HDFCBANK.NS
2025-11-03,976.499267578125,992.6500244140625,994.5499877929688,983.2999877929688,985.0,16607180,HDFC Bank,HDFCBANK.NS
2025-11-04,969.2196655273438,985.25,997.0,983.7000122070312,987.0,20024544,HDFC Bank,HDFCBANK.NS
2025-11-06,968.6294555664062,984.6500244140625,991.0499877929688,974.0,981.0,22279516,HDFC Bank,HDFCBANK.NS
2025-11-07,966.317626953125,982.2999877929688,984.9000244140625,974.75,980.0,15004568,HDFC Bank,HDFCBANK.NS
2025-11-10,968.4818725585938,984.5,990.9500122070312,980.2000122070312,982.2999877929688,15988262,HDFC Bank,HDFCBANK.NS
2025-11-11,975.564697265625,991.7000122070312,993.5,978.0,983.5,10200530,HDFC Bank,HDFCBANK.NS
2025-11-12,973.4005126953125,989.5,999.0,987.7000122070312,998.7999877929688,13137263,HDFC Bank,HDFCBANK.NS
2025-11-13,970.596923828125,986.6500244140625,990.0999755859375,982.5999755859375,984.0,14124839,HDFC Bank,HDFCBANK.NS
2025-11-14,973.4988403320312,989.5999755859375,991.6500244140625,976.0499877929688,976.0499877929688,21386965,HDFC Bank,HDFCBANK.NS
2025-11-17,980.3357543945312,996.5499877929688,997.9500122070312,985.5999755859375,991.25,18396408,HDFC Bank,HDFCBANK.NS
2025-11-18,976.302490234375,992.4500122070312,999.0,990.0,997.6500244140625,20002640,HDFC Bank,HDFCBANK.NS
2025-11-19,978.41748046875,994.5999755859375,996.5499877929688,984.0,990.0,19813847,HDFC Bank,HDFCBANK.NS
2025-11-20,992.4356689453125,1008.8499755859375,1011.5999755859375,992.4500122070312,995.2999877929688,19850865,HDFC Bank,HDFCBANK.NS
2025-11-21,981.8114013671875,998.0499877929688,1008.2999877929688,996.5499877929688,1003.0999755859375,17499897,HDFC Bank,HDFCBANK.NS
2025-11-24,982.8934936523438,999.1500244140625,1011.4500122070312,993.5999755859375,1000.0,32204053,HDFC Bank,HDFCBANK.NS
2025-11-25,973.6956176757812,989.7999877929688,1006.0999755859375,988.4000244140625,1004.0,24989383,HDFC Bank,HDFCBANK.NS
2025-11-26,987.5662231445312,1003.9000244140625,1006.9500122070312,981.2999877929688,981.2999877929688,19494356,HDFC Bank,HDFCBANK.NS
2025-11-27,993.0750732421875,1009.5,1016.7999877929688,1001.0,1002.0999755859375,25536848,HDFC Bank,HDFCBANK.NS
2025-11-28,991.2059936523438,1007.5999755859375,1012.0499877929688,1004.2000122070312,1007.0,15988807,HDFC Bank,HDFCBANK.NS
2025-12-01,985.7954711914062,1002.0999755859375,1017.5,999.2999877929688,1017.5,16746566,HDFC Bank,HDFCBANK.NS
2025-12-02,973.6956176757812,989.7999877929688,994.4000244140625,985.0,988.0,27316662,HDFC Bank,HDFCBANK.NS
2025-12-03,984.2214965820312,1000.5,1002.2999877929688,986.0,986.0,15448777,HDFC Bank,HDFCBANK.NS
2025-12-04,980.9752197265625,997.2000122070312,1004.7000122070312,993.0,1000.0,14528169,HDFC Bank,HDFCBANK.NS
2025-12-05,986.9759521484375,1003.2999877929688,1008.0,990.2000122070312,992.0,12843366,HDFC Bank,HDFCBANK.NS
2025-12-08,986.7791748046875,1003.0999755859375,1006.5,997.5,1000.0,12901022,HDFC Bank,HDFCBANK.NS
2025-12-09,980.8768310546875,997.0999755859375,1002.7999877929688,994.0,994.9000244140625,15294322,HDFC Bank,HDFCBANK.NS
2025-12-10,973.6956176757812,989.7999877929688,998.5,985.2999877929688,997.5,15322830,HDFC Bank,HDFCBANK.NS
2025-12-11,984.0247802734375,1000.2999877929688,1002.7000122070312,988.5,990.0,11844809,HDFC Bank,HDFCBANK.NS
2025-12-12,985.2052612304688,1001.5,1004.7000122070312,998.2000122070312,1003.0,11988618,HDFC Bank,HDFCBANK.NS
2025-12-15,979.89306640625,996.0999755859375,1001.7999877929688,992.0,992.0,9790060,HDFC Bank,HDFCBANK.NS
2025-12-16,978.1223754882812,994.2999877929688,998.7000122070312,990.0999755859375,990.0999755859375,20049088,HDFC Bank,HDFCBANK.NS
2025-12-17,967.989990234375,984.0,996.0,980.7999877929688,996.0,19080922,HDFC Bank,HDFCBANK.NS
2025-12-18,963.7599487304688,979.7000122070312,987.4000244140625,973.2999877929688,973.2999877929688,14912404,HDFC Bank,HDFCBANK.NS
2025-12-19,969.465576171875,985.5,988.0,978.7000122070312,987.0,25952384,HDFC Bank,HDFCBANK.NS
2025-12-22,971.6298217773438,987.7000122070312,992.9000244140625,983.9000244140625,988.0,13540411,HDFC Bank,HDFCBANK.NS
2025-12-23,980.3849487304688,996.5999755859375,998.9000244140625,987.7000122070312,990.5,17927849,HDFC Bank,HDFCBANK.NS
2025-12-24,980.9752197265625,997.2000122070312,999.4000244140625,993.0,993.0,13699996,HDFC Bank,HDFCBANK.NS
2025-12-26,975.9581909179688,992.0999755859375,997.2000122070312,987.7000122070312,996.0,9360853,HDFC Bank,HDFCBANK.NS
2025-12-29,975.564697265625,991.7000122070312,997.4000244140625,987.2000122070312,993.0999755859375,13545749,HDFC Bank,HDFCBANK.NS
2025-12-30,974.7777709960938,990.9000244140625,995.0,982.2000122070312,990.2000122070312,33155849,HDFC Bank,HDFCBANK.NS
2025-12-31,975.0728759765625,991.2000122070312,997.5999755859375,987.5999755859375,991.0,10963454,HDFC Bank,HDFCBANK.NS
2026-01-01,975.023681640625,991.1500244140625,997.5499877929688,989.5,993.5,7132074,HDFC Bank,HDFCBANK.NS
2026-01-02,985.3035888671875,1001.5999755859375,1003.2000122070312,988.7999877929688,991.1500244140625,11751459,HDFC Bank,HDFCBANK.NS
2026-01-05,961.5957641601562,977.5,1006.4000244140625,976.2999877929688,1005.75,27647379,HDFC Bank,HDFCBANK.NS
2026-01-06,946.544677734375,962.2000122070312,966.7000122070312,956.0,962.7000122070312,31988783,HDFC Bank,HDFCBANK.NS
2026-01-07,933.608642578125,949.0499877929688,956.4500122070312,946.0,956.0,52884712,HDFC Bank,HDFCBANK.NS
2026-01-08,931.296875,946.7000122070312,953.0,941.4000244140625,944.7000122070312,21928849,HDFC Bank,HDFCBANK.NS
2026-01-09,923.72216796875,939.0,950.5999755859375,933.2999877929688,945.0,38183839,HDFC Bank,HDFCBANK.NS
2026-01-12,921.7055053710938,936.9500122070312,942.0,929.5999755859375,937.5,21071666,HDFC Bank,HDFCBANK.NS
2026-01-13,922.0989990234375,937.3499755859375,947.7000122070312,932.5999755859375,947.7000122070312,32042827,HDFC Bank,HDFCBANK.NS
2026-01-14,910.3926391601562,925.4500122070312,940.0499877929688,920.2000122070312,930.0,36688248,HDFC Bank,HDFCBANK.NS
2026-01-15,910.3926391601562,925.4500122070312,925.4500122070312,925.4500122070312,925.4500122070312,0,HDFC Bank,HDFCBANK.NS
2026-01-16,915.95068359375,931.0999755859375,935.9500122070312,919.2000122070312,922.0,37780235,HDFC Bank,HDFCBANK.NS
2026-01-19,912.8027954101562,927.9000244140625,936.1500244140625,919.5,935.9000244140625,38191942,HDFC Bank,HDFCBANK.NS
2026-01-20,916.049072265625,931.2000122070312,934.5,919.5999755859375,929.2999877929688,36022727,HDFC Bank,HDFCBANK.NS
2026-01-21,905.3755493164062,920.3499755859375,932.1500244140625,915.5,925.0,32766854,HDFC Bank,HDFCBANK.NS
2026-01-22,903.75244140625,918.7000122070312,928.2999877929688,913.2000122070312,928.0,44444755,HDFC Bank,HDFCBANK.NS
2026-01-23,901.1947021484375,916.0999755859375,926.0999755859375,909.25,920.0,30985247,HDFC Bank,HDFCBANK.NS
2026-01-27,911.3272094726562,926.4000244140625,931.2000122070312,905.0,906.0,44753093,HDFC Bank,HDFCBANK.NS
2026-01-28,917.524658203125,932.7000122070312,941.4500122070312,928.4000244140625,932.5,35347138,HDFC Bank,HDFCBANK.NS
2026-01-29,920.2791137695312,935.5,939.2999877929688,924.3499755859375,930.0999755859375,37175628,HDFC Bank,HDFCBANK.NS
2026-01-30,914.1307983398438,929.25,938.9000244140625,927.75,930.0,29691233,HDFC Bank,HDFCBANK.NS
2026-02-02,912.9994506835938,928.0999755859375,929.7999877929688,909.2999877929688,915.0,28032106,HDFC Bank,HDFCBANK.NS
2026-02-03,933.2643432617188,948.7000122070312,994.0,945.0,983.75,50336968,HDFC Bank,HDFCBANK.NS
2026-02-04,937.5927124023438,953.0999755859375,957.2000122070312,947.9500122070312,952.5,24366770,HDFC Bank,HDFCBANK.NS
2026-02-05,934.248046875,949.7000122070312,956.0499877929688,946.7000122070312,956.0,28103169,HDFC Bank,HDFCBANK.NS
2026-02-06,925.7879638671875,941.0999755859375,948.0999755859375,937.5999755859375,945.0,18120272,HDFC Bank,HDFCBANK.NS
2026-02-09,922.0006103515625,937.25,950.0,935.3499755859375,945.0,23947829,HDFC Bank,HDFCBANK.NS
2026-02-10,917.2295532226562,932.4000244140625,940.9000244140625,929.9500122070312,930.0,31525385,HDFC Bank,HDFCBANK.NS
2026-02-11,912.0157470703125,927.0999755859375,936.0,925.2999877929688,931.25,24869804,HDFC Bank,HDFCBANK.NS
2026-02-12,905.6215209960938,920.5999755859375,928.5999755859375,918.5,927.0,33872203,HDFC Bank,HDFCBANK.NS
2026-02-13,889.1932373046875,903.9000244140625,928.2000122070312,901.0,913.0,50188359,HDFC Bank,HDFCBANK.NS
2026-02-16,910.7368774414062,925.7999877929688,929.5,902.0999755859375,903.9000244140625,18806989,HDFC Bank,HDFCBANK.NS
2026-02-17,910.6385498046875,925.7000122070312,928.0999755859375,918.5999755859375,923.0,22599629,HDFC Bank,HDFCBANK.NS
2026-02-18,909.6548461914062,924.7000122070312,925.5,919.5499877929688,923.2000122070312,12738702,HDFC Bank,HDFCBANK.NS
2026-02-19,900.702880859375,915.5999755859375,929.2000122070312,912.4500122070312,929.0,21209234,HDFC Bank,HDFCBANK.NS
2026-02-20,897.0138549804688,911.8499755859375,917.8499755859375,908.4000244140625,911.0,22654907,HDFC Bank,HDFCBANK.NS
2026-02-23,908.5726928710938,923.5999755859375,925.6500244140625,915.25,916.5,23270122,HDFC Bank,HDFCBANK.NS
2026-02-24,895.6858520507812,910.5,927.9500122070312,909.1500244140625,927.9500122070312,31313985,HDFC Bank,HDFCBANK.NS
2026-02-25,892.8330078125,907.5999755859375,916.0,903.0999755859375,910.5499877929688,27884303,HDFC Bank,HDFCBANK.NS
2026-02-26,883.9794311523438,898.5999755859375,912.0,895.0,912.0,41165937,HDFC Bank,HDFCBANK.NS
2026-02-27,873.3060302734375,887.75,898.9500122070312,885.0,898.5999755859375,34620755,HDFC Bank,HDFCBANK.NS
2026-03-02,865.0918579101562,879.4000244140625,887.75,871.5499877929688,876.2000122070312,38378924,HDFC Bank,HDFCBANK.NS
2026-03-04,854.5167846679688,868.6500244140625,879.2999877929688,848.0,848.0,39862322,HDFC Bank,HDFCBANK.NS
2026-03-05,863.4686889648438,877.75,881.4000244140625,863.5,873.8499755859375,31324582,HDFC Bank,HDFCBANK.NS
2026-03-06,843.10546875,857.0499877929688,871.7000122070312,855.0999755859375,868.0499877929688,34439647,HDFC Bank,HDFCBANK.NS
2026-03-09,827.0215454101562,840.7000122070312,842.4500122070312,821.5,825.0,35592613,HDFC Bank,HDFCBANK.NS
2026-03-10,835.629150390625,849.4500122070312,856.7999877929688,840.5999755859375,850.0499877929688,52866024,HDFC Bank,HDFCBANK.NS
2026-03-11,820.38134765625,833.9500122070312,848.8499755859375,827.5999755859375,845.0,42261076,HDFC Bank,HDFCBANK.NS
2026-03-12,819.2008666992188,832.75,836.4000244140625,820.0999755859375,820.0999755859375,46107561,HDFC Bank,HDFCBANK.NS
2026-03-13,803.7071533203125,817.0,823.7999877929688,812.0,820.0,41700464,HDFC Bank,HDFCBANK.NS
2026-03-16,826.9231567382812,840.5999755859375,844.5,815.6500244140625,817.0,52182605,HDFC Bank,HDFCBANK.NS
2026-03-17,831.5958251953125,845.3499755859375,848.9000244140625,835.0999755859375,847.7000122070312,38826979,HDFC Bank,HDFCBANK.NS
2026-03-18,829.333251953125,843.0499877929688,846.7999877929688,831.5999755859375,845.3499755859375,23507063,HDFC Bank,HDFCBANK.NS
2026-03-19,785.2130126953125,798.2000122070312,815.6500244140625,770.0,770.0,171637393,HDFC Bank,HDFCBANK.NS
2026-03-20,767.7518310546875,780.4500122070312,793.75,778.2000122070312,785.0,103129469,HDFC Bank,HDFCBANK.NS
2026-03-23,732.04248046875,744.1500244140625,768.7000122070312,741.0499877929688,763.1500244140625,72341738,HDFC Bank,HDFCBANK.NS
2026-03-24,752.454833984375,764.9000244140625,772.75,747.7000122070312,755.0,61269986,HDFC Bank,HDFCBANK.NS
2026-03-25,769.5717163085938,782.2999877929688,794.7999877929688,768.2000122070312,768.2000122070312,59230640,HDFC Bank,HDFCBANK.NS
2026-03-27,743.8963623046875,756.2000122070312,774.9000244140625,754.5499877929688,773.2000122070312,65485199,HDFC Bank,HDFCBANK.NS
2026-03-30,719.6473999023438,731.5499877929688,751.0,726.6500244140625,745.2000122070312,103500135,HDFC Bank,HDFCBANK.NS
2026-04-01,730.17333984375,742.25,755.9000244140625,739.0999755859375,743.0,78862761,HDFC Bank,HDFCBANK.NS
2026-04-02,738.6826171875,750.9000244140625,755.0,726.6500244140625,730.0,49310300,HDFC Bank,HDFCBANK.NS
2026-04-06,758.45556640625,771.0,772.75,745.0,759.0,42976659,HDFC Bank,HDFCBANK.NS
2026-04-07,759.4392700195312,772.0,774.0,761.0,766.0,51309793,HDFC Bank,HDFCBANK.NS
2026-04-08,802.82177734375,816.0999755859375,817.7999877929688,796.0,800.0,70269512,HDFC Bank,HDFCBANK.NS
2026-04-09,784.72119140625,797.7000122070312,819.0,793.0999755859375,815.0,48879392,HDFC Bank,HDFCBANK.NS
2026-04-10,797.1161499023438,810.2999877929688,812.25,801.0,804.0,38156026,HDFC Bank,HDFCBANK.NS
2026-04-13,781.7699584960938,794.7000122070312,798.5,787.3499755859375,791.5,47549328,HDFC Bank,HDFCBANK.NS
2026-04-15,796.72265625,809.9000244140625,814.7999877929688,804.0,804.9500122070312,39769515,HDFC Bank,HDFCBANK.NS
2026-04-16,782.5077514648438,795.4500122070312,820.0499877929688,792.2000122070312,818.0,62861293,HDFC Bank,HDFCBANK.NS
2026-04-17,786.8853759765625,799.9000244140625,803.9500122070312,788.2000122070312,790.0999755859375,37282544,HDFC Bank,HDFCBANK.NS
2026-04-20,782.5077514648438,795.4500122070312,809.9500122070312,790.0,797.0999755859375,52148044,HDFC Bank,HDFCBANK.NS
2026-04-21,798.5425415039062,811.75,814.9000244140625,795.2000122070312,795.2000122070312,49135752,HDFC Bank,HDFCBANK.NS
2026-04-22,786.8853759765625,799.9000244140625,813.0499877929688,798.0,810.0,23876412,HDFC Bank,HDFCBANK.NS
2026-04-23,771.5883178710938,784.3499755859375,796.6500244140625,782.5,792.0,37677616,HDFC Bank,HDFCBANK.NS
2026-04-24,772.0802001953125,784.8499755859375,787.5999755859375,777.0,777.2999877929688,27720358,HDFC Bank,HDFCBANK.NS
2026-04-27,776.9496459960938,789.7999877929688,793.0,785.0,787.5,18115375,HDFC Bank,HDFCBANK.NS
2026-04-28,769.817626953125,782.5499877929688,794.5,778.2999877929688,785.0,35366803,HDFC Bank,HDFCBANK.NS
2026-04-29,766.3253784179688,779.0,790.0,777.3499755859375,785.5,25799963,HDFC Bank,HDFCBANK.NS
2026-04-30,759.1441650390625,771.7000122070312,778.7999877929688,762.25,770.0,47998755,HDFC Bank,HDFCBANK.NS
2026-05-01,759.1441650390625,771.7000122070312,771.7000122070312,771.7000122070312,771.7000122070312,0,HDFC Bank,HDFCBANK.NS
2026-05-04,766.7189331054688,779.4000244140625,786.5999755859375,772.5999755859375,772.5999755859375,29028060,HDFC Bank,HDFCBANK.NS
2026-05-05,759.734375,772.2999877929688,776.9000244140625,763.7000122070312,774.4000244140625,38887657,HDFC Bank,HDFCBANK.NS
2026-05-06,783.58984375,796.5499877929688,798.9500122070312,773.5,775.1500244140625,35530831,HDFC Bank,HDFCBANK.NS
2026-05-07,783.0979614257812,796.0499877929688,801.5499877929688,788.5499877929688,794.0,46137553,HDFC Bank,HDFCBANK.NS
2026-05-08,768.145263671875,780.8499755859375,788.75,777.2000122070312,784.0,38016841,HDFC Bank,HDFCBANK.NS
2026-05-11,751.2251586914062,763.6500244140625,774.8499755859375,761.9000244140625,771.9500122070312,41123422,HDFC Bank,HDFCBANK.NS
2026-05-12,738.2399291992188,750.4500122070312,759.7000122070312,747.7999877929688,756.5999755859375,43937132,HDFC Bank,HDFCBANK.NS
2026-05-13,737.4037475585938,749.5999755859375,759.9500122070312,747.3499755859375,752.0,28960919,HDFC Bank,HDFCBANK.NS
2026-05-14,757.0291748046875,769.5499877929688,778.2999877929688,747.0,751.0,50992358,HDFC Bank,HDFCBANK.NS
2026-05-15,755.0125122070312,767.5,781.9000244140625,765.4000244140625,773.0,24347873,HDFC Bank,HDFCBANK.NS
2026-05-18,756.143798828125,768.6500244140625,774.0999755859375,751.3499755859375,759.0,29812079,HDFC Bank,HDFCBANK.NS
2026-05-19,750.044677734375,762.4500122070312,770.7999877929688,760.25,766.7000122070312,40307830,HDFC Bank,HDFCBANK.NS
2026-05-20,747.1427001953125,759.5,762.25,755.1500244140625,759.5999755859375,24013451,HDFC Bank,HDFCBANK.NS
2026-05-21,746.7984008789062,759.1500244140625,768.25,755.1500244140625,767.0,34664725,HDFC Bank,HDFCBANK.NS
2026-05-22,754.3239135742188,766.7999877929688,775.0,759.1500244140625,759.1500244140625,25604071,HDFC Bank,HDFCBANK.NS
2026-05-25,774.0476684570312,786.8499755859375,787.8499755859375,775.2000122070312,776.0,26043952,HDFC Bank,HDFCBANK.NS
2026-05-26,766.22705078125,778.9000244140625,790.8499755859375,776.75,784.0499877929688,31528062,HDFC Bank,HDFCBANK.NS
2026-05-27,746.3065185546875,758.6500244140625,773.9000244140625,756.9000244140625,769.5,63680153,HDFC Bank,HDFCBANK.NS
2026-05-28,746.3065185546875,758.6500244140625,758.6500244140625,758.6500244140625,758.6500244140625,0,HDFC Bank,HDFCBANK.NS
2026-05-29,732.4359130859375,744.5499877929688,760.5,737.75,746.0499877929688,101299431,HDFC Bank,HDFCBANK.NS
2026-06-01,730.6160278320312,742.7000122070312,752.3499755859375,739.2000122070312,749.0,47996441,HDFC Bank,HDFCBANK.NS
2026-06-02,736.0757446289062,748.25,753.5999755859375,733.1500244140625,737.0,47314447,HDFC Bank,HDFCBANK.NS
2026-06-03,741.3878784179688,753.6500244140625,756.9000244140625,742.5999755859375,744.4500122070312,36109480,HDFC Bank,HDFCBANK.NS
2026-06-04,741.9288940429688,754.2000122070312,757.2999877929688,745.0,749.1500244140625,42673538,HDFC Bank,HDFCBANK.NS
2026-06-05,734.8952026367188,747.0499877929688,758.7000122070312,744.6500244140625,753.9500122070312,22116568,HDFC Bank,HDFCBANK.NS
2026-06-08,726.6319580078125,738.6500244140625,741.5,734.5,738.0,21550700,HDFC Bank,HDFCBANK.NS
2026-06-09,726.3367919921875,738.3499755859375,743.9500122070312,732.2999877929688,739.4500122070312,38539563,HDFC Bank,HDFCBANK.NS
2026-06-10,734.698486328125,746.8499755859375,755.9500122070312,736.4000244140625,736.5,44458159,HDFC Bank,HDFCBANK.NS
2026-06-11,732.485107421875,744.5999755859375,756.0,740.0999755859375,743.0,32632007,HDFC Bank,HDFCBANK.NS
2026-06-12,759.8819580078125,772.4500122070312,774.4500122070312,753.0999755859375,754.7000122070312,36088159,HDFC Bank,HDFCBANK.NS
2026-06-15,764.7022094726562,777.3499755859375,793.5,775.5999755859375,790.0,39990334,HDFC Bank,HDFCBANK.NS
2026-06-16,772.1294555664062,784.9000244140625,787.7000122070312,779.4500122070312,780.5,27820970,HDFC Bank,HDFCBANK.NS
2026-06-17,774.2935791015625,787.0999755859375,794.2999877929688,783.0999755859375,787.6500244140625,32405604,HDFC Bank,HDFCBANK.NS
2026-06-18,786.0,799.0,802.9500122070312,786.2000122070312,786.5,41492071,HDFC Bank,HDFCBANK.NS
2026-06-19,779.7999877929688,779.7999877929688,789.0499877929688,776.2000122070312,788.7000122070312,33798761,HDFC Bank,HDFCBANK.NS
2026-06-22,786.4000244140625,786.4000244140625,789.9000244140625,783.0999755859375,789.9000244140625,25194765,HDFC Bank,HDFCBANK.NS
2026-06-23,774.6500244140625,774.6500244140625,790.9000244140625,772.5499877929688,783.0499877929688,28289062,HDFC Bank,HDFCBANK.NS
2026-06-24,793.2000122070312,793.2000122070312,794.9000244140625,772.6500244140625,773.0,34701292,HDFC Bank,HDFCBANK.NS
2026-06-25,796.2999877929688,796.2999877929688,804.4500122070312,794.75,798.5,46707966,HDFC Bank,HDFCBANK.NS
2026-06-26,796.2999877929688,796.2999877929688,796.2999877929688,796.2999877929688,796.2999877929688,0,HDFC Bank,HDFCBANK.NS
2026-06-29,798.9000244140625,798.9000244140625,805.9000244140625,793.2999877929688,800.0,46695977,HDFC Bank,HDFCBANK.NS
2026-06-30,797.9500122070312,797.9500122070312,806.0999755859375,792.75,806.0999755859375,45778356,HDFC Bank,HDFCBANK.NS
2026-07-01,796.1500244140625,796.1500244140625,802.25,793.5,793.5,26094378,HDFC Bank,HDFCBANK.NS
2026-07-02,795.9000244140625,795.9000244140625,805.4500122070312,794.0,795.0,34143823,HDFC Bank,HDFCBANK.NS
2026-07-03,801.0499877929688,801.0499877929688,807.0,798.5499877929688,803.0,25871958,HDFC Bank,HDFCBANK.NS
2026-07-06,829.8499755859375,829.8499755859375,831.5,805.0,805.0,63203327,HDFC Bank,HDFCBANK.NS
2026-07-07,829.2999877929688,829.2999877929688,843.0,826.0999755859375,843.0,57611729,HDFC Bank,HDFCBANK.NS
2026-07-08,810.2999877929688,810.2999877929688,834.3499755859375,806.9500122070312,825.9000244140625,38754632,HDFC Bank,HDFCBANK.NS
2026-07-09,817.5499877929688,817.5499877929688,822.8499755859375,812.2999877929688,813.0,39891798,HDFC Bank,HDFCBANK.NS
2026-07-10,824.9500122070312,824.9500122070312,827.7000122070312,820.2999877929688,824.0,23595785,HDFC Bank,HDFCBANK.NS
2026-07-13,817.9500122070312,817.9500122070312,821.9500122070312,811.0,817.0,21741736,HDFC Bank,HDFCBANK.NS
2026-07-14,809.4000244140625,809.4000244140625,818.4000244140625,807.0,811.4000244140625,25605395,HDFC Bank,HDFCBANK.NS
2026-07-15,815.4500122070312,815.4500122070312,819.7000122070312,809.7000122070312,811.0,21488739,HDFC Bank,HDFCBANK.NS
2026-07-16,808.2999877929688,808.2999877929688,818.0,806.5,814.5,18698186,HDFC Bank,HDFCBANK.NS
2026-07-17,819.5999755859375,819.5999755859375,823.7000122070312,808.5,810.0,17415322,HDFC Bank,HDFCBANK.NS
2026-07-20,777.5999755859375,777.5999755859375,790.0,774.5499877929688,790.0,56061789,HDFC Bank,HDFCBANK.NS
2026-07-21,761.4500122070312,761.4500122070312,772.5,760.0999755859375,769.1500244140625,42246009,HDFC Bank,HDFCBANK.NS
2026-07-22,753.1500244140625,753.1500244140625,761.3499755859375,750.3499755859375,760.25,23385446,HDFC Bank,HDFCBANK.NS
2026-07-23,747.25,747.25,751.0,743.25,749.4000244140625,32532090,HDFC Bank,HDFCBANK.NS
2026-07-24,742.7999877929688,742.7999877929688,748.25,737.25,738.5,23837859,HDFC Bank,HDFCBANK.NS
2026-07-27,739.5499877929688,739.5499877929688,747.9500122070312,738.0999755859375,746.0999755859375,29678752,HDFC Bank,HDFCBANK.NS
2026-07-28,735.4000244140625,735.4000244140625,740.25,732.0,732.0,33886037,HDFC Bank,HDFCBANK.NS
2026-07-29,748.2000122070312,748.2000122070312,751.25,740.7999877929688,743.0,20460659,HDFC Bank,HDFCBANK.NS
2026-07-30,753.9500122070312,753.9500122070312,757.9000244140625,745.5,752.7999877929688,35844392,HDFC Bank,HDFCBANK.NS
2026-07-31,748.1500244140625,748.1500244140625,757.5499877929688,747.2000122070312,753.9500122070312,25522483,HDFC Bank,HDFCBANK.NS
2026-08-03,753.0,753.0,756.8499755859375,750.0499877929688,753.0499877929688,14827841,HDFC Bank,HDFCBANK.NS
2026-08-04,742.0,742.0,753.2000122070312,738.0,753.2000122070312,31559802,HDFC Bank,HDFCBANK.NS
2026-08-05,735.0,735.0,741.9500122070312,732.5999755859375,733.7999877929688,60050538,HDFC Bank,HDFCBANK.NS
2026-08-06,734.2999877929688,734.2999877929688,740.5,733.5499877929688,739.0,44772122,HDFC Bank,HDFCBANK.NS
2026-08-07,731.0,731.0,736.0,728.2000122070312,733.0,19382042,HDFC Bank,HDFCBANK.NS
2026-08-10,731.0,731.0,737.5499877929688,728.5,731.5,23660590,HDFC Bank,HDFCBANK.NS
2026-08-11,729.0,729.0,730.8499755859375,726.5499877929688,730.5,29154365,HDFC Bank,HDFCBANK.NS
2026-08-12,729.0,729.0,730.6500244140625,722.0,729.0,26993177,HDFC Bank,HDFCBANK.NS
2026-08-13,725.0,725.0,729.0,724.5,726.9000244140625,22129893,HDFC Bank,HDFCBANK.NS
2026-08-14,727.0,727.0,729.5999755859375,723.5,725.0,20364131,HDFC Bank,HDFCBANK.NS
2026-08-17,729.0,729.0,732.0999755859375,724.5,727.0499877929688,14823722,HDFC Bank,HDFCBANK.NS
2026-08-18,723.0,723.0,729.0,723.0,726.2999877929688,17916507,HDFC Bank,HDFCBANK.NS
2026-08-19,720.0,720.0,725.4000244140625,715.0999755859375,724.0,21342651,HDFC Bank,HDFCBANK.NS
2026-08-20,725.0499877929688,725.0499877929688,728.2999877929688,724.2999877929688,725.5,17603805,HDFC Bank,HDFCBANK.NS
2026-08-21,726.9500122070312,726.9500122070312,732.7999877929688,726.5999755859375,728.2999877929688,26029811,HDFC Bank,HDFCBANK.NS
2026-08-24,729.0,729.0,734.4000244140625,724.0999755859375,732.5,11408345,HDFC Bank,HDFCBANK.NS
2026-08-25,727.5,727.5,728.7000122070312,722.0,726.5999755859375,17511874,HDFC Bank,HDFCBANK.NS
2026-08-26,727.2000122070312,727.2000122070312,731.0,724.1500244140625,728.0,21156463,HDFC Bank,HDFCBANK.NS
2026-08-27,711.0,711.0,728.1500244140625,710.0,728.1500244140625,46515020,HDFC Bank,HDFCBANK.NS
2026-08-28,720.2999877929688,720.2999877929688,720.2999877929688,707.0,710.8499755859375,16494301,HDFC Bank,HDFCBANK.NS
2026-08-31,709.0,709.0,739.75,704.1500244140625,723.0499877929688,78157067,HDFC Bank,HDFCBANK.NS
2026-09-01,711.9000244140625,711.9000244140625,715.4500122070312,698.5,705.0499877929688,44417092,HDFC Bank,HDFCBANK.NS
2026-09-02,700.7999877929688,700.7999877929688,705.6500244140625,700.0,702.2999877929688,36950338,HDFC Bank,HDFCBANK.NS
2026-09-03,706.6500244140625,706.6500244140625,712.5999755859375,705.0,705.0,27714728,HDFC Bank,HDFCBANK.NS
