Date,Adj Close,Close,High,Low,Open,Volume,Company,Ticker
2021-09-03,696.7114868164062,724.2999877929688,731.7999877929688,721.0999755859375,724.75,8993813,ICICI Bank,ICICIBANK.NS
2021-09-06,693.6815185546875,721.1500244140625,728.0,720.0,725.4000244140625,5329995,ICICI Bank,ICICIBANK.NS
2021-09-07,689.5934448242188,716.9000244140625,722.4500122070312,711.6500244140625,720.9000244140625,6242711,ICICI Bank,ICICIBANK.NS
2021-09-08,693.4891357421875,720.9500122070312,722.75,715.0,716.5,7118011,ICICI Bank,ICICIBANK.NS
2021-09-09,692.8158569335938,720.25,723.9000244140625,717.5999755859375,720.7999877929688,6243422,ICICI Bank,ICICIBANK.NS
2021-09-13,680.4552001953125,707.4000244140625,717.9000244140625,705.2000122070312,717.9000244140625,6967906,ICICI Bank,ICICIBANK.NS
2021-09-14,680.5032958984375,707.4500122070312,714.0,706.5,713.25,5241865,ICICI Bank,ICICIBANK.NS
2021-09-15,687.1404418945312,714.3499755859375,716.0,706.2999877929688,707.0999755859375,5936741,ICICI Bank,ICICIBANK.NS
2021-09-16,699.5010375976562,727.2000122070312,729.4000244140625,712.8499755859375,720.0,13557169,ICICI Bank,ICICIBANK.NS
2021-09-17,692.7196044921875,720.1500244140625,734.4000244140625,714.0,732.9000244140625,17075003,ICICI Bank,ICICIBANK.NS
2021-09-20,682.9561767578125,710.0,720.4000244140625,706.5,710.0,7943459,ICICI Bank,ICICIBANK.NS
2021-09-21,684.7356567382812,711.8499755859375,714.5,694.4000244140625,711.1500244140625,10009615,ICICI Bank,ICICIBANK.NS
2021-09-22,676.5594482421875,703.3499755859375,715.0,702.25,715.0,9740470,ICICI Bank,ICICIBANK.NS
2021-09-23,689.6895751953125,717.0,720.0,707.1500244140625,711.0,10412491,ICICI Bank,ICICIBANK.NS
2021-09-24,695.4129638671875,722.9500122070312,724.5999755859375,716.5499877929688,722.5999755859375,11780868,ICICI Bank,ICICIBANK.NS
2021-09-27,702.1944580078125,730.0,731.75,722.2999877929688,724.5,7712240,ICICI Bank,ICICIBANK.NS
2021-09-28,689.8338623046875,717.1500244140625,735.4000244140625,706.5999755859375,734.0999755859375,13491800,ICICI Bank,ICICIBANK.NS
2021-09-29,682.4752197265625,709.5,711.9500122070312,701.2999877929688,707.3499755859375,11453404,ICICI Bank,ICICIBANK.NS
2021-09-30,674.1547241210938,700.8499755859375,713.9000244140625,698.7999877929688,709.5999755859375,18487517,ICICI Bank,ICICIBANK.NS
2021-10-01,665.9783935546875,692.3499755859375,694.8499755859375,687.9000244140625,693.0,10935810,ICICI Bank,ICICIBANK.NS
2021-10-04,673.529541015625,700.2000122070312,703.3499755859375,694.0499877929688,697.0499877929688,8976533,ICICI Bank,ICICIBANK.NS
2021-10-05,670.5475463867188,697.0999755859375,699.0,691.8499755859375,693.0,7497208,ICICI Bank,ICICIBANK.NS
2021-10-06,663.2371215820312,689.5,705.0,688.3499755859375,696.5999755859375,13200810,ICICI Bank,ICICIBANK.NS
2021-10-07,675.4533081054688,702.2000122070312,704.9500122070312,693.4500122070312,697.5499877929688,10041549,ICICI Bank,ICICIBANK.NS
2021-10-08,676.6076049804688,703.4000244140625,710.0,698.2999877929688,706.0,9383924,ICICI Bank,ICICIBANK.NS
2021-10-11,686.1304931640625,713.2999877929688,719.4000244140625,700.2999877929688,702.0,9337637,ICICI Bank,ICICIBANK.NS
2021-10-12,681.6094970703125,708.5999755859375,713.0,704.4000244140625,706.5,7376091,ICICI Bank,ICICIBANK.NS
2021-10-13,682.9081420898438,709.9500122070312,715.9000244140625,707.9500122070312,713.8499755859375,6357766,ICICI Bank,ICICIBANK.NS
2021-10-14,699.5972290039062,727.2999877929688,729.7999877929688,709.0499877929688,710.25,8950350,ICICI Bank,ICICIBANK.NS
2021-10-18,717.0559692382812,745.4500122070312,748.9000244140625,732.0499877929688,739.0,15345601,ICICI Bank,ICICIBANK.NS
2021-10-19,718.979736328125,747.4500122070312,755.0,738.75,755.0,11349799,ICICI Bank,ICICIBANK.NS
2021-10-20,717.440673828125,745.8499755859375,757.4500122070312,741.9000244140625,746.75,12762996,ICICI Bank,ICICIBANK.NS
2021-10-21,726.7230834960938,755.5,759.8499755859375,737.4000244140625,748.9000244140625,12166996,ICICI Bank,ICICIBANK.NS
2021-10-22,730.37841796875,759.2999877929688,765.8499755859375,753.3499755859375,758.5,13248928,ICICI Bank,ICICIBANK.NS
2021-10-25,809.6398315429688,841.7000122070312,867.0,798.4000244140625,800.0,96124084,ICICI Bank,ICICIBANK.NS
2021-10-26,797.8082275390625,829.4000244140625,841.7000122070312,822.3499755859375,828.7000122070312,16925115,ICICI Bank,ICICIBANK.NS
2021-10-27,803.1950073242188,835.0,849.0,824.2000122070312,828.75,22898400,ICICI Bank,ICICIBANK.NS
2021-10-28,768.2776489257812,798.7000122070312,831.9500122070312,796.25,830.0999755859375,18750423,ICICI Bank,ICICIBANK.NS
2021-10-29,771.5,802.0499877929688,808.75,783.9000244140625,798.0,15701200,ICICI Bank,ICICIBANK.NS
2021-11-01,773.279541015625,803.9000244140625,809.7000122070312,793.0,807.7000122070312,11406421,ICICI Bank,ICICIBANK.NS
2021-11-02,770.44189453125,800.9500122070312,810.0,798.0,809.0,9452457,ICICI Bank,ICICIBANK.NS
2021-11-03,756.0133056640625,785.9500122070312,806.0,780.4500122070312,806.0,11839149,ICICI Bank,ICICIBANK.NS
2021-11-04,752.3099365234375,782.0999755859375,789.0,779.0,788.5,3149310,ICICI Bank,ICICIBANK.NS
2021-11-08,750.4342041015625,780.1500244140625,793.0,773.1500244140625,793.0,13967995,ICICI Bank,ICICIBANK.NS
2021-11-09,756.5903930664062,786.5499877929688,788.5999755859375,779.2000122070312,784.0,10084357,ICICI Bank,ICICIBANK.NS
2021-11-10,751.1556396484375,780.9000244140625,784.2999877929688,773.0999755859375,782.5499877929688,9507347,ICICI Bank,ICICIBANK.NS
2021-11-11,742.0656127929688,771.4500122070312,777.0,766.0999755859375,776.7000122070312,9221059,ICICI Bank,ICICIBANK.NS
2021-11-12,747.0194091796875,776.5999755859375,779.9000244140625,771.2000122070312,772.7000122070312,15380106,ICICI Bank,ICICIBANK.NS
2021-11-15,743.8451538085938,773.2999877929688,784.5499877929688,771.5499877929688,777.0,10934583,ICICI Bank,ICICIBANK.NS
2021-11-16,734.9473876953125,764.0499877929688,775.75,762.0,773.2999877929688,12785837,ICICI Bank,ICICIBANK.NS
2021-11-17,732.3021850585938,761.2999877929688,771.9500122070312,756.2999877929688,760.9000244140625,11657214,ICICI Bank,ICICIBANK.NS
2021-11-18,733.8412475585938,762.9000244140625,767.5,756.4000244140625,764.9000244140625,20644385,ICICI Bank,ICICIBANK.NS
2021-11-22,723.3564453125,752.0,770.4500122070312,740.25,768.2999877929688,20403786,ICICI Bank,ICICIBANK.NS
2021-11-23,723.2120971679688,751.8499755859375,757.9500122070312,731.2000122070312,740.9500122070312,24913042,ICICI Bank,ICICIBANK.NS
2021-11-24,731.2440795898438,760.2000122070312,772.25,746.7000122070312,750.25,23186419,ICICI Bank,ICICIBANK.NS
2021-11-25,722.442626953125,751.0499877929688,754.9500122070312,745.2999877929688,754.9000244140625,17749726,ICICI Bank,ICICIBANK.NS
2021-11-26,694.6915893554688,722.2000122070312,742.0499877929688,718.5999755859375,739.0,18987552,ICICI Bank,ICICIBANK.NS
2021-11-29,691.0362548828125,718.4000244140625,727.75,710.5,726.75,15878074,ICICI Bank,ICICIBANK.NS
2021-11-30,687.1404418945312,714.3499755859375,732.2999877929688,711.0999755859375,716.75,23965914,ICICI Bank,ICICIBANK.NS
2021-12-01,699.9819946289062,727.7000122070312,732.75,715.0,716.4000244140625,15214913,ICICI Bank,ICICIBANK.NS
2021-12-02,694.8839111328125,722.4000244140625,727.0999755859375,715.2000122070312,724.5999755859375,21924640,ICICI Bank,ICICIBANK.NS
2021-12-03,689.0162353515625,716.2999877929688,729.5,715.0999755859375,720.5,20130259,ICICI Bank,ICICIBANK.NS
2021-12-06,682.5233154296875,709.5499877929688,726.7999877929688,707.5,719.0,20129080,ICICI Bank,ICICIBANK.NS
2021-12-07,706.6672973632812,734.6500244140625,740.9500122070312,712.0,717.0,30513303,ICICI Bank,ICICIBANK.NS
2021-12-08,724.703125,753.4000244140625,758.7999877929688,744.0999755859375,747.9000244140625,33432411,ICICI Bank,ICICIBANK.NS
2021-12-09,726.2421875,755.0,763.0,748.4000244140625,759.0499877929688,16007459,ICICI Bank,ICICIBANK.NS
2021-12-10,729.1278686523438,758.0,759.7999877929688,751.0499877929688,756.5,7627774,ICICI Bank,ICICIBANK.NS
2021-12-13,725.2802734375,754.0,769.7000122070312,752.5,763.0,16855546,ICICI Bank,ICICIBANK.NS
2021-12-14,729.753173828125,758.6500244140625,764.3499755859375,746.2999877929688,751.0499877929688,17488089,ICICI Bank,ICICIBANK.NS
2021-12-15,723.5968627929688,752.25,759.5,750.9000244140625,757.5999755859375,7358740,ICICI Bank,ICICIBANK.NS
2021-12-16,712.9197387695312,741.1500244140625,757.9000244140625,738.9500122070312,757.9000244140625,14123215,ICICI Bank,ICICIBANK.NS
2021-12-17,700.55908203125,728.2999877929688,742.0,726.0499877929688,742.0,13227787,ICICI Bank,ICICIBANK.NS
2021-12-20,682.9081420898438,709.9500122070312,720.2000122070312,698.2000122070312,718.0999755859375,16900016,ICICI Bank,ICICIBANK.NS
2021-12-21,692.9119262695312,720.3499755859375,728.9500122070312,716.1500244140625,720.0,14563335,ICICI Bank,ICICIBANK.NS
2021-12-22,704.8878173828125,732.7999877929688,734.9500122070312,720.0499877929688,726.25,9843359,ICICI Bank,ICICIBANK.NS
2021-12-23,703.4448852539062,731.2999877929688,739.5,727.9500122070312,739.0499877929688,9994049,ICICI Bank,ICICIBANK.NS
2021-12-24,699.4048461914062,727.0999755859375,733.9000244140625,719.5999755859375,733.9000244140625,8800690,ICICI Bank,ICICIBANK.NS
2021-12-27,707.9658203125,736.0,738.75,716.0999755859375,724.0,7955163,ICICI Bank,ICICIBANK.NS
2021-12-28,707.7734375,735.7999877929688,742.4500122070312,732.5,740.4000244140625,17833655,ICICI Bank,ICICIBANK.NS
2021-12-29,707.67724609375,735.7000122070312,744.9500122070312,731.9000244140625,738.0,7143073,ICICI Bank,ICICIBANK.NS
2021-12-30,707.67724609375,735.7000122070312,740.5,729.0,733.2999877929688,14326182,ICICI Bank,ICICIBANK.NS
2021-12-31,711.9578247070312,740.1500244140625,746.25,736.5499877929688,736.5499877929688,6973055,ICICI Bank,ICICIBANK.NS
2022-01-03,735.5726318359375,764.7000122070312,766.0,743.0,743.0499877929688,9653095,ICICI Bank,ICICIBANK.NS
2022-01-04,743.4122314453125,772.8499755859375,778.0,763.5999755859375,767.9500122070312,12114437,ICICI Bank,ICICIBANK.NS
2022-01-05,758.033203125,788.0499877929688,795.8499755859375,771.2000122070312,773.0,19741360,ICICI Bank,ICICIBANK.NS
2022-01-06,755.1474609375,785.0499877929688,792.5,774.0,775.0499877929688,13018067,ICICI Bank,ICICIBANK.NS
2022-01-07,763.0352172851562,793.25,802.2999877929688,786.25,792.2000122070312,12250210,ICICI Bank,ICICIBANK.NS
2022-01-10,779.8687133789062,810.75,812.7999877929688,799.0,800.25,10905080,ICICI Bank,ICICIBANK.NS
2022-01-11,779.7725219726562,810.6500244140625,814.7000122070312,801.9000244140625,809.75,9982061,ICICI Bank,ICICIBANK.NS
2022-01-12,792.3734741210938,823.75,825.4500122070312,812.0499877929688,818.5999755859375,13034848,ICICI Bank,ICICIBANK.NS
2022-01-13,793.287353515625,824.7000122070312,828.0,817.4000244140625,821.0,9372244,ICICI Bank,ICICIBANK.NS
2022-01-14,788.7664184570312,820.0,822.0,811.5999755859375,821.0,7552844,ICICI Bank,ICICIBANK.NS
2022-01-17,788.0928955078125,819.2999877929688,828.9000244140625,814.5499877929688,820.0,6722700,ICICI Bank,ICICIBANK.NS
2022-01-18,791.7481689453125,823.0999755859375,836.0,818.2000122070312,821.0,10835146,ICICI Bank,ICICIBANK.NS
2022-01-19,777.800537109375,808.5999755859375,821.0,803.25,816.0,16416144,ICICI Bank,ICICIBANK.NS
2022-01-20,779.3876953125,810.25,812.9500122070312,795.4000244140625,803.0,13567654,ICICI Bank,ICICIBANK.NS
2022-01-21,773.856689453125,804.5,811.3499755859375,795.5,803.0,12078277,ICICI Bank,ICICIBANK.NS
2022-01-24,768.0371704101562,798.4500122070312,816.7000122070312,783.2999877929688,813.0,29612316,ICICI Bank,ICICIBANK.NS
2022-01-25,771.1152954101562,801.6500244140625,804.2999877929688,786.0499877929688,789.0,19513184,ICICI Bank,ICICIBANK.NS
2022-01-27,764.3818969726562,794.6500244140625,801.5,781.0499877929688,786.9000244140625,23984679,ICICI Bank,ICICIBANK.NS
2022-01-28,751.3961181640625,781.1500244140625,805.8499755859375,778.5,803.75,14072314,ICICI Bank,ICICIBANK.NS
2022-01-31,758.7546997070312,788.7999877929688,798.7000122070312,784.0,788.9500122070312,14824509,ICICI Bank,ICICIBANK.NS
2022-02-01,779.435791015625,810.2999877929688,812.8499755859375,789.2999877929688,802.0499877929688,20031583,ICICI Bank,ICICIBANK.NS
2022-02-02,782.7543334960938,813.75,818.7000122070312,808.8499755859375,815.0,11214375,ICICI Bank,ICICIBANK.NS
2022-02-03,778.1372680664062,808.9500122070312,818.4000244140625,806.0,814.0499877929688,9755335,ICICI Bank,ICICIBANK.NS
2022-02-04,774.3857421875,805.0499877929688,812.0,795.7999877929688,809.7999877929688,10314067,ICICI Bank,ICICIBANK.NS
2022-02-07,756.4461669921875,786.4000244140625,805.0,781.4500122070312,798.0499877929688,14659368,ICICI Bank,ICICIBANK.NS
2022-02-08,762.3137817382812,792.5,795.7000122070312,774.2999877929688,790.0,14642455,ICICI Bank,ICICIBANK.NS
2022-02-09,772.2214965820312,802.7999877929688,804.25,794.2000122070312,797.25,8855292,ICICI Bank,ICICIBANK.NS
2022-02-10,774.8186645507812,805.5,808.7999877929688,796.2999877929688,805.9500122070312,13159771,ICICI Bank,ICICIBANK.NS
2022-02-11,760.6785278320312,790.7999877929688,797.4000244140625,787.9000244140625,796.8499755859375,13138408,ICICI Bank,ICICIBANK.NS
2022-02-14,724.9916381835938,753.7000122070312,773.9500122070312,751.1500244140625,772.0,16170656,ICICI Bank,ICICIBANK.NS
2022-02-15,746.4903564453125,776.0499877929688,778.0,743.2000122070312,752.9500122070312,18880659,ICICI Bank,ICICIBANK.NS
2022-02-16,734.9473876953125,764.0499877929688,777.5499877929688,760.4000244140625,775.7000122070312,10549784,ICICI Bank,ICICIBANK.NS
2022-02-17,721.769287109375,750.3499755859375,767.25,746.2999877929688,766.5,16683808,ICICI Bank,ICICIBANK.NS
2022-02-18,720.3744506835938,748.9000244140625,756.7999877929688,745.5499877929688,746.8499755859375,8945567,ICICI Bank,ICICIBANK.NS
2022-02-21,725.7130737304688,754.4500122070312,762.9000244140625,740.0,746.25,10967164,ICICI Bank,ICICIBANK.NS
2022-02-22,722.68310546875,751.2999877929688,759.75,737.75,738.4000244140625,13156371,ICICI Bank,ICICIBANK.NS
2022-02-23,716.23828125,744.5999755859375,756.4000244140625,742.7000122070312,754.5999755859375,11624282,ICICI Bank,ICICIBANK.NS
2022-02-24,680.4552001953125,707.4000244140625,727.0999755859375,702.2999877929688,712.9000244140625,28023104,ICICI Bank,ICICIBANK.NS
2022-02-25,702.2424926757812,730.0499877929688,739.2999877929688,720.25,724.9500122070312,16935750,ICICI Bank,ICICIBANK.NS
2022-02-28,714.4105834960938,742.7000122070312,744.75,715.4000244140625,722.9500122070312,20547432,ICICI Bank,ICICIBANK.NS
2022-03-02,687.6213989257812,714.8499755859375,724.9500122070312,707.75,717.0,25252492,ICICI Bank,ICICIBANK.NS
2022-03-03,671.7018432617188,698.2999877929688,721.9500122070312,693.4500122070312,717.5999755859375,23190595,ICICI Bank,ICICIBANK.NS
2022-03-04,661.84228515625,688.0499877929688,706.5499877929688,685.0,691.0,18697223,ICICI Bank,ICICIBANK.NS
2022-03-07,628.8487548828125,653.75,667.0,642.1500244140625,663.5,27799873,ICICI Bank,ICICIBANK.NS
2022-03-08,639.6702270507812,665.0,669.4500122070312,643.0,643.2999877929688,26716975,ICICI Bank,ICICIBANK.NS
2022-03-09,642.0269775390625,667.4500122070312,674.5,658.0,664.7000122070312,33728639,ICICI Bank,ICICIBANK.NS
2022-03-10,650.8284301757812,676.5999755859375,701.0,673.6500244140625,693.9500122070312,35959638,ICICI Bank,ICICIBANK.NS
2022-03-11,652.0789184570312,677.9000244140625,684.7000122070312,670.5999755859375,674.6500244140625,20546724,ICICI Bank,ICICIBANK.NS
2022-03-14,669.6337280273438,696.1500244140625,698.4500122070312,677.25,678.0999755859375,24648981,ICICI Bank,ICICIBANK.NS
2022-03-15,670.7879638671875,697.3499755859375,708.0999755859375,688.0,701.5,27714580,ICICI Bank,ICICIBANK.NS
2022-03-16,681.0324096679688,708.0,711.4000244140625,701.25,706.9000244140625,14621688,ICICI Bank,ICICIBANK.NS
2022-03-17,692.6714477539062,720.0999755859375,725.0,716.2000122070312,717.7999877929688,18329844,ICICI Bank,ICICIBANK.NS
2022-03-21,683.6776123046875,710.75,722.9000244140625,705.5,721.0,12866839,ICICI Bank,ICICIBANK.NS
2022-03-22,690.8438720703125,718.2000122070312,721.0,699.5,708.6500244140625,11761758,ICICI Bank,ICICIBANK.NS
2022-03-23,690.9400634765625,718.2999877929688,726.7999877929688,714.25,725.0,7140403,ICICI Bank,ICICIBANK.NS
2022-03-24,677.3771362304688,704.2000122070312,712.7000122070312,698.0,702.4500122070312,17727969,ICICI Bank,ICICIBANK.NS
2022-03-25,672.6156616210938,699.25,706.0999755859375,696.6500244140625,705.0,15263007,ICICI Bank,ICICIBANK.NS
2022-03-28,683.2928466796875,710.3499755859375,713.4000244140625,695.6500244140625,702.0,13806166,ICICI Bank,ICICIBANK.NS
2022-03-29,688.0543212890625,715.2999877929688,716.9500122070312,705.8499755859375,714.2999877929688,11489374,ICICI Bank,ICICIBANK.NS
2022-03-30,703.0601806640625,730.9000244140625,731.75,719.0999755859375,721.0499877929688,20154520,ICICI Bank,ICICIBANK.NS
2022-03-31,702.4829711914062,730.2999877929688,739.9000244140625,727.7999877929688,739.9000244140625,16046383,ICICI Bank,ICICIBANK.NS
2022-04-01,708.206298828125,736.25,738.2999877929688,723.0999755859375,725.0,12658848,ICICI Bank,ICICIBANK.NS
2022-04-04,718.1620483398438,746.5999755859375,749.7999877929688,725.0,742.0,17192197,ICICI Bank,ICICIBANK.NS
2022-04-05,713.5448608398438,741.7999877929688,755.4500122070312,738.0,746.7999877929688,12290391,ICICI Bank,ICICIBANK.NS
2022-04-06,713.3525390625,741.5999755859375,744.9000244140625,732.0999755859375,732.2999877929688,13518142,ICICI Bank,ICICIBANK.NS
2022-04-07,720.037841796875,748.5499877929688,757.7999877929688,737.0999755859375,737.0999755859375,15087175,ICICI Bank,ICICIBANK.NS
2022-04-08,725.56884765625,754.2999877929688,756.0,743.5999755859375,749.8499755859375,15480705,ICICI Bank,ICICIBANK.NS
2022-04-11,730.6669921875,759.5999755859375,765.4500122070312,751.6500244140625,752.2999877929688,13216391,ICICI Bank,ICICIBANK.NS
2022-04-12,734.7550048828125,763.8499755859375,768.9000244140625,750.25,757.0,14020000,ICICI Bank,ICICIBANK.NS
2022-04-13,733.216064453125,762.25,772.5499877929688,760.7000122070312,769.5999755859375,16119956,ICICI Bank,ICICIBANK.NS
2022-04-18,728.9354858398438,757.7999877929688,762.9000244140625,749.2000122070312,751.0,17651530,ICICI Bank,ICICIBANK.NS
2022-04-19,737.1117553710938,766.2999877929688,777.9000244140625,757.0,761.7999877929688,31088359,ICICI Bank,ICICIBANK.NS
2022-04-20,726.7711791992188,755.5499877929688,770.0,753.7999877929688,766.7999877929688,15984202,ICICI Bank,ICICIBANK.NS
2022-04-21,733.3121337890625,762.3499755859375,764.2000122070312,751.2000122070312,759.0499877929688,8953098,ICICI Bank,ICICIBANK.NS
2022-04-22,719.172119140625,747.6500244140625,758.8499755859375,745.9000244140625,757.0,14411607,ICICI Bank,ICICIBANK.NS
2022-04-25,723.548828125,752.2000122070312,762.2000122070312,744.0,747.6500244140625,35417460,ICICI Bank,ICICIBANK.NS
2022-04-26,725.0397338867188,753.75,768.5499877929688,751.6500244140625,768.0,18727514,ICICI Bank,ICICIBANK.NS
2022-04-27,708.6392211914062,736.7000122070312,750.0,732.5499877929688,749.0,21441480,ICICI Bank,ICICIBANK.NS
2022-04-28,718.691162109375,747.1500244140625,751.9000244140625,734.6500244140625,739.0999755859375,18649559,ICICI Bank,ICICIBANK.NS
2022-04-29,714.98779296875,743.2999877929688,759.9500122070312,740.0999755859375,750.0999755859375,19560317,ICICI Bank,ICICIBANK.NS
2022-05-02,712.7754516601562,741.0,743.7999877929688,731.0999755859375,732.0,10903446,ICICI Bank,ICICIBANK.NS
2022-05-04,696.6634521484375,724.25,747.0,721.1500244140625,746.2000122070312,12212165,ICICI Bank,ICICIBANK.NS
2022-05-05,701.0401000976562,728.7999877929688,743.0,726.5,730.7999877929688,9121547,ICICI Bank,ICICIBANK.NS
2022-05-06,691.8538208007812,719.25,723.0,710.2999877929688,716.25,12455025,ICICI Bank,ICICIBANK.NS
2022-05-09,683.2928466796875,710.3499755859375,720.0,704.4500122070312,705.2999877929688,13055889,ICICI Bank,ICICIBANK.NS
2022-05-10,684.2066650390625,711.2999877929688,720.0,705.0,705.0,12797419,ICICI Bank,ICICIBANK.NS
2022-05-11,686.9962158203125,714.2000122070312,719.7999877929688,707.1500244140625,718.0,13516852,ICICI Bank,ICICIBANK.NS
2022-05-12,669.2970581054688,695.7999877929688,710.7000122070312,693.2999877929688,707.5499877929688,16685166,ICICI Bank,ICICIBANK.NS
2022-05-13,651.5498657226562,677.3499755859375,702.4000244140625,675.0,702.4000244140625,15717043,ICICI Bank,ICICIBANK.NS
2022-05-16,656.984619140625,683.0,690.9500122070312,675.75,676.7000122070312,9025623,ICICI Bank,ICICIBANK.NS
2022-05-17,682.9561767578125,710.0,712.0,685.1500244140625,686.0999755859375,12765052,ICICI Bank,ICICIBANK.NS
2022-05-18,680.4071044921875,707.3499755859375,717.0,706.0999755859375,712.3499755859375,11835013,ICICI Bank,ICICIBANK.NS
2022-05-19,664.006591796875,690.2999877929688,698.7000122070312,685.5999755859375,693.0999755859375,16661023,ICICI Bank,ICICIBANK.NS
2022-05-20,682.5233154296875,709.5499877929688,711.9000244140625,693.7000122070312,694.7999877929688,11695528,ICICI Bank,ICICIBANK.NS
2022-05-23,683.9661865234375,711.0499877929688,725.9500122070312,707.4500122070312,709.5499877929688,17438451,ICICI Bank,ICICIBANK.NS
2022-05-24,681.1766967773438,708.1500244140625,717.3499755859375,706.0499877929688,711.0499877929688,13779981,ICICI Bank,ICICIBANK.NS
2022-05-25,686.1785888671875,713.3499755859375,720.8499755859375,711.5999755859375,712.0499877929688,10457589,ICICI Bank,ICICIBANK.NS
2022-05-26,700.7515258789062,728.5,733.0,715.4500122070312,723.0,14028733,ICICI Bank,ICICIBANK.NS
2022-05-27,711.6211547851562,739.7999877929688,741.2000122070312,731.25,733.5499877929688,8110620,ICICI Bank,ICICIBANK.NS
2022-05-30,719.9898071289062,748.5,751.9500122070312,744.2999877929688,748.75,7628515,ICICI Bank,ICICIBANK.NS
2022-05-31,724.1740112304688,752.8499755859375,756.7000122070312,740.5,741.0,20272212,ICICI Bank,ICICIBANK.NS
2022-06-01,723.9817504882812,752.6500244140625,755.5999755859375,744.2000122070312,748.0,10102092,ICICI Bank,ICICIBANK.NS
2022-06-02,721.1920776367188,749.75,751.75,743.2000122070312,751.0499877929688,10949759,ICICI Bank,ICICIBANK.NS
2022-06-03,715.94970703125,744.2999877929688,757.0,741.2000122070312,756.1500244140625,8563791,ICICI Bank,ICICIBANK.NS
2022-06-06,718.306396484375,746.75,750.9500122070312,739.5999755859375,740.2000122070312,9107831,ICICI Bank,ICICIBANK.NS
2022-06-07,707.2444458007812,735.25,742.9500122070312,732.3499755859375,741.0,9938912,ICICI Bank,ICICIBANK.NS
2022-06-08,701.7134399414062,729.5,741.0,726.4500122070312,736.5999755859375,9369224,ICICI Bank,ICICIBANK.NS
2022-06-09,704.839599609375,732.75,734.0999755859375,722.1500244140625,725.0,7444368,ICICI Bank,ICICIBANK.NS
2022-06-10,692.5753173828125,720.0,728.2999877929688,718.0,724.75,7990818,ICICI Bank,ICICIBANK.NS
2022-06-13,661.7941284179688,688.0,702.2999877929688,682.0999755859375,702.25,16622521,ICICI Bank,ICICIBANK.NS
2022-06-14,659.3894653320312,685.5,694.6500244140625,680.6500244140625,682.4000244140625,13348598,ICICI Bank,ICICIBANK.NS
2022-06-15,661.07275390625,687.25,696.3499755859375,686.0999755859375,687.5,9199591,ICICI Bank,ICICIBANK.NS
2022-06-16,652.6561279296875,678.5,700.0499877929688,676.2999877929688,700.0,13237239,ICICI Bank,ICICIBANK.NS
2022-06-17,660.6879272460938,686.8499755859375,692.6500244140625,669.9500122070312,671.25,16335613,ICICI Bank,ICICIBANK.NS
2022-06-20,659.8223266601562,685.9500122070312,687.7999877929688,677.5999755859375,686.0,10981042,ICICI Bank,ICICIBANK.NS
2022-06-21,669.5856323242188,696.0999755859375,708.0,688.5999755859375,690.5499877929688,13319648,ICICI Bank,ICICIBANK.NS
2022-06-22,660.447509765625,686.5999755859375,698.9000244140625,685.0999755859375,694.25,6838249,ICICI Bank,ICICIBANK.NS
2022-06-23,672.5194702148438,699.1500244140625,706.0,687.0,690.2000122070312,14960412,ICICI Bank,ICICIBANK.NS
2022-06-24,686.2747802734375,713.4500122070312,715.25,706.5499877929688,710.9000244140625,10856736,ICICI Bank,ICICIBANK.NS
2022-06-27,690.0261840820312,717.3499755859375,728.8499755859375,716.0999755859375,728.8499755859375,8285225,ICICI Bank,ICICIBANK.NS
2022-06-28,683.2447509765625,710.2999877929688,717.2999877929688,707.0,711.0499877929688,8339931,ICICI Bank,ICICIBANK.NS
2022-06-29,675.9823608398438,702.75,706.7000122070312,700.9500122070312,704.9500122070312,9570557,ICICI Bank,ICICIBANK.NS
2022-06-30,680.2628784179688,707.2000122070312,711.9000244140625,701.2000122070312,702.75,11970404,ICICI Bank,ICICIBANK.NS
2022-07-01,677.0885620117188,703.9000244140625,706.75,694.0999755859375,703.4500122070312,9884899,ICICI Bank,ICICIBANK.NS
2022-07-04,692.6714477539062,720.0999755859375,721.0999755859375,704.8499755859375,704.8499755859375,8303732,ICICI Bank,ICICIBANK.NS
2022-07-05,692.0462646484375,719.4500122070312,732.1500244140625,718.0999755859375,723.0499877929688,11460367,ICICI Bank,ICICIBANK.NS
2022-07-06,698.2986450195312,725.9500122070312,731.9000244140625,722.0,723.0,12163533,ICICI Bank,ICICIBANK.NS
2022-07-07,713.7373657226562,742.0,744.0,733.0,735.9500122070312,10374018,ICICI Bank,ICICIBANK.NS
2022-07-08,726.91552734375,755.7000122070312,757.5,744.5499877929688,751.2999877929688,9797700,ICICI Bank,ICICIBANK.NS
2022-07-11,740.1898193359375,769.5,771.5499877929688,755.0,755.0,12440573,ICICI Bank,ICICIBANK.NS
2022-07-12,730.9554443359375,759.9000244140625,767.4500122070312,757.7000122070312,765.3499755859375,10219829,ICICI Bank,ICICIBANK.NS
2022-07-13,724.5107421875,753.2000122070312,764.75,749.9000244140625,764.75,8674121,ICICI Bank,ICICIBANK.NS
2022-07-14,723.7412109375,752.4000244140625,759.5,748.7999877929688,750.0,7044542,ICICI Bank,ICICIBANK.NS
2022-07-15,722.5869750976562,751.2000122070312,759.0,744.2000122070312,753.25,6358018,ICICI Bank,ICICIBANK.NS
2022-07-18,742.5946044921875,772.0,773.1500244140625,757.8499755859375,759.25,8045363,ICICI Bank,ICICIBANK.NS
2022-07-19,750.9151611328125,780.6500244140625,782.0,767.1500244140625,767.7999877929688,12825591,ICICI Bank,ICICIBANK.NS
2022-07-20,753.2717895507812,783.0999755859375,789.5499877929688,780.2999877929688,789.5,8152179,ICICI Bank,ICICIBANK.NS
2022-07-21,756.0613403320312,786.0,788.9500122070312,780.0999755859375,784.9000244140625,8312338,ICICI Bank,ICICIBANK.NS
2022-07-22,769.576171875,800.0499877929688,803.9000244140625,789.0999755859375,789.0999755859375,12267898,ICICI Bank,ICICIBANK.NS
2022-07-25,770.393798828125,800.9000244140625,817.7999877929688,797.0999755859375,803.0,21034148,ICICI Bank,ICICIBANK.NS
2022-07-26,765.968994140625,796.2999877929688,802.7999877929688,791.6500244140625,801.5999755859375,7374145,ICICI Bank,ICICIBANK.NS
2022-07-27,770.0090942382812,800.5,803.7999877929688,794.6500244140625,795.0,9536564,ICICI Bank,ICICIBANK.NS
2022-07-28,783.5719604492188,814.5999755859375,815.5,805.2999877929688,806.9500122070312,11124518,ICICI Bank,ICICIBANK.NS
2022-07-29,787.4196166992188,818.5999755859375,823.4000244140625,808.0,820.6500244140625,11095993,ICICI Bank,ICICIBANK.NS
2022-08-01,792.0368041992188,823.4000244140625,825.0,817.2999877929688,820.7000122070312,7974903,ICICI Bank,ICICIBANK.NS
2022-08-02,786.60205078125,817.75,822.0,812.2000122070312,820.0,11106772,ICICI Bank,ICICIBANK.NS
2022-08-03,793.3834838867188,824.7999877929688,828.0,811.5499877929688,817.75,11073975,ICICI Bank,ICICIBANK.NS
2022-08-04,789.0067749023438,820.25,829.9500122070312,808.3499755859375,824.0,11113742,ICICI Bank,ICICIBANK.NS
2022-08-05,806.2730712890625,838.2000122070312,840.9000244140625,823.0999755859375,823.0999755859375,16056522,ICICI Bank,ICICIBANK.NS
2022-08-08,809.9019165039062,836.9500122070312,842.2999877929688,831.1500244140625,836.5999755859375,12142951,ICICI Bank,ICICIBANK.NS
2022-08-10,821.3204956054688,848.75,853.0,842.1500244140625,842.1500244140625,23658553,ICICI Bank,ICICIBANK.NS
2022-08-11,831.9166259765625,859.7000122070312,866.5,858.0999755859375,860.0499877929688,22787391,ICICI Bank,ICICIBANK.NS
2022-08-12,846.1416015625,874.4000244140625,877.25,858.5,863.9500122070312,10792853,ICICI Bank,ICICIBANK.NS
2022-08-16,850.8348999023438,879.25,884.5,876.4000244140625,881.4500122070312,13804836,ICICI Bank,ICICIBANK.NS
2022-08-17,854.7056274414062,883.25,885.5,878.4000244140625,881.7999877929688,9058040,ICICI Bank,ICICIBANK.NS
2022-08-18,856.4957275390625,885.0999755859375,887.6500244140625,875.0499877929688,880.5499877929688,13137856,ICICI Bank,ICICIBANK.NS
2022-08-19,842.2708740234375,870.4000244140625,886.9000244140625,864.2999877929688,885.0,10787199,ICICI Bank,ICICIBANK.NS
2022-08-22,824.7073974609375,852.25,867.4000244140625,849.5999755859375,865.5499877929688,13848023,ICICI Bank,ICICIBANK.NS
2022-08-23,835.98095703125,863.9000244140625,868.0,842.7999877929688,845.3499755859375,13254855,ICICI Bank,ICICIBANK.NS
2022-08-24,845.0771484375,873.2999877929688,875.3499755859375,857.0499877929688,857.0499877929688,10494109,ICICI Bank,ICICIBANK.NS
2022-08-25,844.1578369140625,872.3499755859375,881.4500122070312,866.7000122070312,873.2999877929688,9827829,ICICI Bank,ICICIBANK.NS
2022-08-26,842.706298828125,870.8499755859375,877.5,867.2999877929688,874.1500244140625,5976725,ICICI Bank,ICICIBANK.NS
2022-08-29,828.1911010742188,855.8499755859375,861.0,847.0,850.0499877929688,7755134,ICICI Bank,ICICIBANK.NS
2022-08-30,858.6246948242188,887.2999877929688,890.75,859.0999755859375,860.5,12544701,ICICI Bank,ICICIBANK.NS
2022-09-01,846.0931396484375,874.3499755859375,885.7000122070312,863.0,863.0,15877583,ICICI Bank,ICICIBANK.NS
2022-09-02,844.206298828125,872.4000244140625,881.2999877929688,867.0,874.0999755859375,8401284,ICICI Bank,ICICIBANK.NS
2022-09-05,853.9314575195312,882.4500122070312,885.9000244140625,871.5499877929688,871.5499877929688,8744999,ICICI Bank,ICICIBANK.NS
2022-09-06,855.0927124023438,883.6500244140625,889.9500122070312,878.0999755859375,882.5,9879326,ICICI Bank,ICICIBANK.NS
2022-09-07,847.8834838867188,876.2000122070312,882.6500244140625,872.5,878.5499877929688,8814960,ICICI Bank,ICICIBANK.NS
2022-09-08,869.7530517578125,898.7999877929688,900.7999877929688,885.5,885.5,12163106,ICICI Bank,ICICIBANK.NS
2022-09-09,872.1239013671875,901.25,911.9500122070312,897.7000122070312,910.1500244140625,9936230,ICICI Bank,ICICIBANK.NS
2022-09-12,877.881591796875,907.2000122070312,908.9000244140625,902.7999877929688,905.0499877929688,6016978,ICICI Bank,ICICIBANK.NS
2022-09-13,880.5911254882812,910.0,913.9500122070312,905.2999877929688,913.9500122070312,10400475,ICICI Bank,ICICIBANK.NS
2022-09-14,888.4292602539062,918.0999755859375,922.25,898.0499877929688,898.25,14712947,ICICI Bank,ICICIBANK.NS
2022-09-15,887.9454956054688,917.5999755859375,936.6500244140625,915.75,920.0,16253099,ICICI Bank,ICICIBANK.NS
2022-09-16,879.7201538085938,909.0999755859375,917.5999755859375,905.2000122070312,914.9000244140625,11966860,ICICI Bank,ICICIBANK.NS
2022-09-19,870.1400756835938,899.2000122070312,912.5,895.3499755859375,904.9500122070312,11235656,ICICI Bank,ICICIBANK.NS
2022-09-20,887.1229248046875,916.75,922.5,907.3499755859375,909.2000122070312,12090663,ICICI Bank,ICICIBANK.NS
2022-09-21,885.6714477539062,915.25,917.0,905.6500244140625,912.0,8917640,ICICI Bank,ICICIBANK.NS
2022-09-22,874.2044067382812,903.4000244140625,911.7000122070312,895.2999877929688,906.0,11125669,ICICI Bank,ICICIBANK.NS
2022-09-23,853.7379150390625,882.25,904.9000244140625,878.75,901.7000122070312,15927517,ICICI Bank,ICICIBANK.NS
2022-09-26,833.2229614257812,861.0499877929688,877.9000244140625,859.2000122070312,870.0,14208640,ICICI Bank,ICICIBANK.NS
2022-09-27,824.9977416992188,852.5499877929688,874.8499755859375,848.5999755859375,864.9500122070312,12493809,ICICI Bank,ICICIBANK.NS
2022-09-28,822.0463256835938,849.5,863.25,844.0,844.0,11411458,ICICI Bank,ICICIBANK.NS
2022-09-29,816.6273803710938,843.9000244140625,861.5999755859375,841.0999755859375,858.0,13803629,ICICI Bank,ICICIBANK.NS
2022-09-30,834.142333984375,862.0,867.0499877929688,837.5,843.9000244140625,13175031,ICICI Bank,ICICIBANK.NS
2022-10-03,820.9334106445312,848.3499755859375,860.9500122070312,845.7000122070312,859.7000122070312,8232026,ICICI Bank,ICICIBANK.NS
2022-10-04,839.6098022460938,867.6500244140625,872.6500244140625,860.0999755859375,865.0,8975095,ICICI Bank,ICICIBANK.NS
2022-10-06,856.8345336914062,885.4500122070312,891.7000122070312,873.0499877929688,873.0499877929688,12116698,ICICI Bank,ICICIBANK.NS
2022-10-07,854.0281982421875,882.5499877929688,884.5,872.7999877929688,877.2000122070312,9705750,ICICI Bank,ICICIBANK.NS
2022-10-10,853.254150390625,881.75,889.7999877929688,870.7000122070312,872.0,7357588,ICICI Bank,ICICIBANK.NS
2022-10-11,842.4644165039062,870.5999755859375,883.25,865.4500122070312,883.25,11130051,ICICI Bank,ICICIBANK.NS
2022-10-12,840.287109375,868.3499755859375,871.7000122070312,861.5,867.9500122070312,14557532,ICICI Bank,ICICIBANK.NS
2022-10-13,826.0137329101562,853.5999755859375,865.4500122070312,850.5,862.3499755859375,11563124,ICICI Bank,ICICIBANK.NS
2022-10-14,842.125732421875,870.25,883.7999877929688,868.5499877929688,883.7999877929688,8199540,ICICI Bank,ICICIBANK.NS
2022-10-17,856.5925903320312,885.2000122070312,887.5,868.5499877929688,872.0,8936947,ICICI Bank,ICICIBANK.NS
2022-10-18,867.9144897460938,896.9000244140625,900.7000122070312,891.1500244140625,896.0499877929688,8097552,ICICI Bank,ICICIBANK.NS
2022-10-19,863.26953125,892.0999755859375,900.6500244140625,885.5499877929688,900.0499877929688,5529462,ICICI Bank,ICICIBANK.NS
2022-10-20,859.9310913085938,888.6500244140625,893.2999877929688,880.0999755859375,889.7000122070312,8107159,ICICI Bank,ICICIBANK.NS
2022-10-21,877.833251953125,907.1500244140625,910.0,885.7000122070312,888.0,17022807,ICICI Bank,ICICIBANK.NS
2022-10-24,896.3643798828125,926.2999877929688,933.5,917.5999755859375,925.0,4390050,ICICI Bank,ICICIBANK.NS
2022-10-25,895.1547241210938,925.0499877929688,943.25,922.9500122070312,942.0499877929688,15838120,ICICI Bank,ICICIBANK.NS
2022-10-27,894.5257568359375,924.4000244140625,933.7000122070312,920.25,926.0499877929688,16080842,ICICI Bank,ICICIBANK.NS
2022-10-28,878.5106201171875,907.8499755859375,927.5,901.0,918.0,9854094,ICICI Bank,ICICIBANK.NS
2022-10-31,879.3331909179688,908.7000122070312,917.0499877929688,904.5999755859375,912.5999755859375,9000840,ICICI Bank,ICICIBANK.NS
2022-11-01,879.236328125,908.5999755859375,921.0,899.5499877929688,921.0,9823761,ICICI Bank,ICICIBANK.NS
2022-11-02,875.46240234375,904.7000122070312,920.75,902.3499755859375,920.5999755859375,7690974,ICICI Bank,ICICIBANK.NS
2022-11-03,879.2847900390625,908.6500244140625,913.8499755859375,897.0499877929688,901.0499877929688,9022366,ICICI Bank,ICICIBANK.NS
2022-11-04,876.04296875,905.2999877929688,913.4000244140625,900.2000122070312,906.2999877929688,7099336,ICICI Bank,ICICIBANK.NS
2022-11-07,887.8486938476562,917.5,920.0999755859375,903.4500122070312,910.25,11100219,ICICI Bank,ICICIBANK.NS
2022-11-09,881.074951171875,910.5,921.9000244140625,905.75,920.0,11590409,ICICI Bank,ICICIBANK.NS
2022-11-10,881.2684936523438,910.7000122070312,912.9500122070312,903.9500122070312,907.5499877929688,10009741,ICICI Bank,ICICIBANK.NS
2022-11-11,877.2526245117188,906.5499877929688,928.0,903.5,925.9000244140625,17921457,ICICI Bank,ICICIBANK.NS
2022-11-14,866.0275268554688,894.9500122070312,906.5499877929688,891.25,905.0,12641308,ICICI Bank,ICICIBANK.NS
2022-11-15,882.2362060546875,911.7000122070312,913.6500244140625,898.7999877929688,900.5499877929688,15176911,ICICI Bank,ICICIBANK.NS
2022-11-16,884.0747680664062,913.5999755859375,918.0999755859375,908.0999755859375,912.5499877929688,13008311,ICICI Bank,ICICIBANK.NS
2022-11-17,890.0744018554688,919.7999877929688,922.2999877929688,910.3499755859375,913.0,12584194,ICICI Bank,ICICIBANK.NS
2022-11-18,890.6066284179688,920.3499755859375,922.0,910.5499877929688,919.7999877929688,10874061,ICICI Bank,ICICIBANK.NS
2022-11-21,891.6226806640625,921.4000244140625,924.7999877929688,914.0499877929688,914.0499877929688,9245704,ICICI Bank,ICICIBANK.NS
2022-11-22,893.848388671875,923.7000122070312,926.5,920.4000244140625,923.75,11256509,ICICI Bank,ICICIBANK.NS
2022-11-23,897.4771728515625,927.4500122070312,931.8499755859375,923.7000122070312,927.0,10959704,ICICI Bank,ICICIBANK.NS
2022-11-24,908.5087890625,938.8499755859375,940.6500244140625,927.5499877929688,927.5499877929688,10844395,ICICI Bank,ICICIBANK.NS
2022-11-25,900.2350463867188,930.2999877929688,942.9000244140625,927.5,940.2999877929688,9815055,ICICI Bank,ICICIBANK.NS
2022-11-28,907.1055908203125,937.4000244140625,943.7999877929688,923.9500122070312,924.0,9381474,ICICI Bank,ICICIBANK.NS
2022-11-29,916.1534423828125,946.75,949.9000244140625,933.5499877929688,933.5499877929688,13096845,ICICI Bank,ICICIBANK.NS
2022-11-30,922.1046752929688,952.9000244140625,958.2000122070312,941.0,948.0499877929688,20858573,ICICI Bank,ICICIBANK.NS
2022-12-01,909.815185546875,940.2000122070312,957.0,936.25,956.0,15920653,ICICI Bank,ICICIBANK.NS
2022-12-02,900.525390625,930.5999755859375,934.5,926.0999755859375,928.25,14228874,ICICI Bank,ICICIBANK.NS
2022-12-05,903.4284057617188,933.5999755859375,937.0,928.4000244140625,937.0,10984608,ICICI Bank,ICICIBANK.NS
2022-12-06,892.8323364257812,922.6500244140625,929.75,920.2000122070312,925.0,18220912,ICICI Bank,ICICIBANK.NS
2022-12-07,892.3484497070312,922.1500244140625,933.2000122070312,920.6500244140625,922.0,15675663,ICICI Bank,ICICIBANK.NS
2022-12-08,901.7833862304688,931.9000244140625,933.5499877929688,923.7999877929688,925.0,10136870,ICICI Bank,ICICIBANK.NS
2022-12-09,899.8480224609375,929.9000244140625,934.7999877929688,925.0499877929688,932.0,9575331,ICICI Bank,ICICIBANK.NS
2022-12-12,900.2350463867188,930.2999877929688,933.9000244140625,925.0499877929688,925.0499877929688,8493863,ICICI Bank,ICICIBANK.NS
2022-12-13,902.7994384765625,932.9500122070312,935.9000244140625,927.7999877929688,929.5,10415140,ICICI Bank,ICICIBANK.NS
2022-12-14,891.9613647460938,921.75,936.0499877929688,920.0,936.0,12319827,ICICI Bank,ICICIBANK.NS
2022-12-15,879.4298706054688,908.7999877929688,919.9000244140625,905.0,916.0,8929748,ICICI Bank,ICICIBANK.NS
2022-12-16,872.8496704101562,902.0,913.7000122070312,899.6500244140625,905.5,9157260,ICICI Bank,ICICIBANK.NS
2022-12-19,877.1558227539062,906.4500122070312,910.5999755859375,901.1500244140625,908.0,7015083,ICICI Bank,ICICIBANK.NS
2022-12-20,880.30078125,909.7000122070312,912.4500122070312,895.7000122070312,906.0,6384331,ICICI Bank,ICICIBANK.NS
2022-12-21,863.4147338867188,892.25,915.8499755859375,887.0,910.25,11341147,ICICI Bank,ICICIBANK.NS
2022-12-22,861.866455078125,890.6500244140625,903.8499755859375,886.3499755859375,900.5,9788367,ICICI Bank,ICICIBANK.NS
2022-12-23,850.4962158203125,878.9000244140625,889.6500244140625,875.2999877929688,883.0499877929688,11059215,ICICI Bank,ICICIBANK.NS
2022-12-26,864.3340454101562,893.2000122070312,897.0,875.25,881.0999755859375,6943159,ICICI Bank,ICICIBANK.NS
2022-12-27,871.5433349609375,900.6500244140625,902.75,888.2000122070312,897.7000122070312,4994381,ICICI Bank,ICICIBANK.NS
2022-12-28,869.898193359375,898.9500122070312,903.9500122070312,895.7999877929688,896.0,8980300,ICICI Bank,ICICIBANK.NS
2022-12-29,878.7041015625,908.0499877929688,923.3499755859375,889.3499755859375,897.9000244140625,11994220,ICICI Bank,ICICIBANK.NS
2022-12-30,862.0599365234375,890.8499755859375,908.5,888.5499877929688,908.5,9688527,ICICI Bank,ICICIBANK.NS
2023-01-02,873.2850952148438,902.4500122070312,907.0,894.0,894.0,4315403,ICICI Bank,ICICIBANK.NS
2023-01-03,872.2206420898438,901.3499755859375,905.9500122070312,896.75,898.5,5846855,ICICI Bank,ICICIBANK.NS
2023-01-04,870.0433349609375,899.0999755859375,907.9000244140625,894.7999877929688,899.0,12454582,ICICI Bank,ICICIBANK.NS
2023-01-05,850.7380981445312,879.1500244140625,903.0,872.0,900.9000244140625,16547196,ICICI Bank,ICICIBANK.NS
2023-01-06,841.9805908203125,870.0999755859375,878.9500122070312,860.5,878.9500122070312,14804613,ICICI Bank,ICICIBANK.NS
2023-01-09,845.1255493164062,873.3499755859375,878.75,862.2999877929688,874.25,16811853,ICICI Bank,ICICIBANK.NS
2023-01-10,833.5133056640625,861.3499755859375,878.4000244140625,856.5999755859375,875.4000244140625,13470142,ICICI Bank,ICICIBANK.NS
2023-01-11,838.3033447265625,866.2999877929688,870.8499755859375,854.8499755859375,862.9000244140625,15558460,ICICI Bank,ICICIBANK.NS
2023-01-12,832.8359375,860.6500244140625,869.3499755859375,854.9500122070312,865.5,16659001,ICICI Bank,ICICIBANK.NS
2023-01-13,845.2222900390625,873.4500122070312,874.9000244140625,858.2999877929688,864.7000122070312,11223103,ICICI Bank,ICICIBANK.NS
2023-01-16,837.2872924804688,865.25,877.4500122070312,861.0499877929688,877.25,8319812,ICICI Bank,ICICIBANK.NS
2023-01-17,837.1905517578125,865.1500244140625,867.9500122070312,858.0999755859375,866.9500122070312,12624859,ICICI Bank,ICICIBANK.NS
2023-01-18,841.3999633789062,869.5,872.0,858.6500244140625,864.4500122070312,11313898,ICICI Bank,ICICIBANK.NS
2023-01-19,838.158203125,866.1500244140625,870.5499877929688,862.0,868.0,6694679,ICICI Bank,ICICIBANK.NS
2023-01-20,842.2224731445312,870.3499755859375,876.5,865.5499877929688,873.5,8127162,ICICI Bank,ICICIBANK.NS
2023-01-23,843.5288696289062,871.7000122070312,883.2999877929688,864.5999755859375,882.0,16882379,ICICI Bank,ICICIBANK.NS
2023-01-24,842.6095581054688,870.75,881.7000122070312,868.0,879.0,11504090,ICICI Bank,ICICIBANK.NS
2023-01-25,827.6588134765625,855.2999877929688,876.7999877929688,848.0,873.2999877929688,14918485,ICICI Bank,ICICIBANK.NS
2023-01-27,790.7902221679688,817.2000122070312,843.0,813.0999755859375,839.1500244140625,39718683,ICICI Bank,ICICIBANK.NS
2023-01-30,796.8865356445312,823.5,826.25,796.0,800.0,36301441,ICICI Bank,ICICIBANK.NS
2023-01-31,805.01513671875,831.9000244140625,838.2999877929688,814.0999755859375,826.0,27291226,ICICI Bank,ICICIBANK.NS
2023-02-01,820.5464477539062,847.9500122070312,875.2000122070312,823.1500244140625,843.4500122070312,39237711,ICICI Bank,ICICIBANK.NS
2023-02-02,830.1748657226562,857.9000244140625,860.5999755859375,826.0999755859375,828.4000244140625,16798190,ICICI Bank,ICICIBANK.NS
2023-02-03,835.8841552734375,863.7999877929688,872.6500244140625,852.0999755859375,864.6500244140625,14914366,ICICI Bank,ICICIBANK.NS
2023-02-06,826.110595703125,853.7000122070312,867.7999877929688,849.6500244140625,861.5,8463833,ICICI Bank,ICICIBANK.NS
2023-02-07,825.1912841796875,852.75,856.0,847.2000122070312,855.0,9337066,ICICI Bank,ICICIBANK.NS
2023-02-08,831.3360595703125,859.0999755859375,860.7000122070312,851.9000244140625,852.5,8082983,ICICI Bank,ICICIBANK.NS
2023-02-09,832.9811401367188,860.7999877929688,864.9000244140625,851.5999755859375,858.5,6299265,ICICI Bank,ICICIBANK.NS
2023-02-10,826.2557373046875,853.8499755859375,861.9000244140625,852.0,855.5499877929688,8656405,ICICI Bank,ICICIBANK.NS
2023-02-13,823.1591796875,850.6500244140625,859.2999877929688,849.3499755859375,853.4000244140625,9394365,ICICI Bank,ICICIBANK.NS
2023-02-14,837.335693359375,865.2999877929688,867.2999877929688,852.0999755859375,853.9000244140625,13402934,ICICI Bank,ICICIBANK.NS
2023-02-15,842.657958984375,870.7999877929688,873.25,860.5999755859375,866.4000244140625,12070288,ICICI Bank,ICICIBANK.NS
2023-02-16,841.3516235351562,869.4500122070312,877.7999877929688,864.8499755859375,875.9500122070312,10715685,ICICI Bank,ICICIBANK.NS
2023-02-17,834.7713623046875,862.6500244140625,867.5499877929688,855.1500244140625,867.5499877929688,9990618,ICICI Bank,ICICIBANK.NS
2023-02-20,824.562255859375,852.0999755859375,866.5499877929688,850.25,862.6500244140625,9013430,ICICI Bank,ICICIBANK.NS
2023-02-21,826.5943603515625,854.2000122070312,859.4500122070312,846.8499755859375,854.4000244140625,11704445,ICICI Bank,ICICIBANK.NS
2023-02-22,812.1275634765625,839.25,854.0999755859375,834.75,851.25,13880984,ICICI Bank,ICICIBANK.NS
2023-02-23,812.6114501953125,839.75,844.4500122070312,833.5499877929688,836.5499877929688,11743574,ICICI Bank,ICICIBANK.NS
2023-02-24,812.5630493164062,839.7000122070312,845.5999755859375,835.5499877929688,843.9500122070312,8246139,ICICI Bank,ICICIBANK.NS
2023-02-27,828.723388671875,856.4000244140625,858.2999877929688,833.5499877929688,833.5499877929688,14422574,ICICI Bank,ICICIBANK.NS
2023-02-28,827.223388671875,854.8499755859375,858.0,850.0,854.9000244140625,19600146,ICICI Bank,ICICIBANK.NS
2023-03-01,828.6265258789062,856.2999877929688,864.0,851.8499755859375,864.0,11015843,ICICI Bank,ICICIBANK.NS
2023-03-02,826.4008178710938,854.0,861.8499755859375,851.0999755859375,853.0,12327141,ICICI Bank,ICICIBANK.NS
2023-03-03,840.480712890625,868.5499877929688,873.0,849.8499755859375,856.75,12823098,ICICI Bank,ICICIBANK.NS
2023-03-06,839.7064819335938,867.75,876.8499755859375,865.3499755859375,871.75,13904231,ICICI Bank,ICICIBANK.NS
2023-03-08,843.9158935546875,872.0999755859375,873.6500244140625,861.5,866.6500244140625,16144568,ICICI Bank,ICICIBANK.NS
2023-03-09,828.2879638671875,855.9500122070312,869.7999877929688,854.1500244140625,867.2000122070312,10624440,ICICI Bank,ICICIBANK.NS
2023-03-10,815.4176635742188,842.6500244140625,845.3499755859375,836.25,844.7000122070312,17273189,ICICI Bank,ICICIBANK.NS
2023-03-13,801.628173828125,828.4000244140625,855.2999877929688,823.9500122070312,841.4500122070312,16413159,ICICI Bank,ICICIBANK.NS
2023-03-14,803.5152587890625,830.3499755859375,834.4500122070312,818.25,827.0,15456802,ICICI Bank,ICICIBANK.NS
2023-03-15,799.208984375,825.9000244140625,843.9500122070312,822.2000122070312,836.4500122070312,12914488,ICICI Bank,ICICIBANK.NS
2023-03-16,797.273681640625,823.9000244140625,831.2999877929688,810.2999877929688,829.7000122070312,14987868,ICICI Bank,ICICIBANK.NS
2023-03-17,809.2244873046875,836.25,838.4000244140625,818.6500244140625,831.7999877929688,11104490,ICICI Bank,ICICIBANK.NS
2023-03-20,809.4180908203125,836.4500122070312,837.7999877929688,825.0,837.0,14838651,ICICI Bank,ICICIBANK.NS
2023-03-21,824.8526000976562,852.4000244140625,854.5,839.0499877929688,843.0,18755854,ICICI Bank,ICICIBANK.NS
2023-03-22,832.4005126953125,860.2000122070312,862.5499877929688,851.0,857.6500244140625,17431520,ICICI Bank,ICICIBANK.NS
2023-03-23,827.8040161132812,855.4500122070312,867.4500122070312,852.7999877929688,857.0,17920621,ICICI Bank,ICICIBANK.NS
2023-03-24,824.8526000976562,852.4000244140625,860.0,849.1500244140625,852.5,17295696,ICICI Bank,ICICIBANK.NS
2023-03-27,821.272216796875,848.7000122070312,856.4000244140625,844.0499877929688,854.9500122070312,17047675,ICICI Bank,ICICIBANK.NS
2023-03-28,827.1265869140625,854.75,858.9000244140625,848.2000122070312,855.5499877929688,24469018,ICICI Bank,ICICIBANK.NS
2023-03-29,823.4978637695312,851.0,862.0999755859375,848.0,857.0499877929688,34881515,ICICI Bank,ICICIBANK.NS
2023-03-31,848.8994750976562,877.25,881.0,858.5,861.9500122070312,25739021,ICICI Bank,ICICIBANK.NS
2023-04-03,855.2378540039062,883.7999877929688,887.0999755859375,868.8499755859375,880.2000122070312,26416933,ICICI Bank,ICICIBANK.NS
2023-04-05,856.011962890625,884.5999755859375,887.75,874.0,886.5999755859375,21068934,ICICI Bank,ICICIBANK.NS
2023-04-06,846.7222290039062,875.0,890.0999755859375,872.7000122070312,882.0,26042745,ICICI Bank,ICICIBANK.NS
2023-04-10,840.3839111328125,868.4500122070312,882.7999877929688,864.4000244140625,880.0499877929688,30906205,ICICI Bank,ICICIBANK.NS
2023-04-11,853.3992919921875,881.9000244140625,885.5999755859375,865.0,873.7000122070312,39504022,ICICI Bank,ICICIBANK.NS
2023-04-12,861.3826293945312,890.1500244140625,892.0,880.2999877929688,883.4500122070312,22686032,ICICI Bank,ICICIBANK.NS
2023-04-13,869.946533203125,899.0,901.6500244140625,886.5,891.0999755859375,34439635,ICICI Bank,ICICIBANK.NS
2023-04-17,872.1722412109375,901.2999877929688,917.2999877929688,893.1500244140625,917.2999877929688,29957514,ICICI Bank,ICICIBANK.NS
2023-04-18,867.8660888671875,896.8499755859375,907.9500122070312,894.0999755859375,907.9500122070312,26699379,ICICI Bank,ICICIBANK.NS
2023-04-19,863.0760498046875,891.9000244140625,896.9000244140625,887.25,895.9000244140625,24377956,ICICI Bank,ICICIBANK.NS
2023-04-20,865.4953002929688,894.4000244140625,899.2999877929688,889.2000122070312,892.25,16999919,ICICI Bank,ICICIBANK.NS
2023-04-21,857.028076171875,885.6500244140625,900.7000122070312,882.4000244140625,894.5499877929688,29578071,ICICI Bank,ICICIBANK.NS
2023-04-24,875.5107421875,904.75,906.5,895.0,905.0,30881665,ICICI Bank,ICICIBANK.NS
2023-04-25,883.9296875,913.4500122070312,916.0,903.0999755859375,906.2999877929688,41383839,ICICI Bank,ICICIBANK.NS
2023-04-26,885.3811645507812,914.9500122070312,916.9500122070312,905.75,911.4500122070312,30371555,ICICI Bank,ICICIBANK.NS
2023-04-27,888.6712036132812,918.3499755859375,919.9000244140625,908.5499877929688,909.5,25835108,ICICI Bank,ICICIBANK.NS
2023-04-28,887.993896484375,917.6500244140625,920.4500122070312,910.25,915.0999755859375,20381002,ICICI Bank,ICICIBANK.NS
2023-05-02,892.300048828125,922.0999755859375,925.7999877929688,918.7000122070312,924.0,17515017,ICICI Bank,ICICIBANK.NS
2023-05-03,893.0258178710938,922.8499755859375,923.8499755859375,911.5499877929688,919.5499877929688,18715142,ICICI Bank,ICICIBANK.NS
2023-05-04,891.9130249023438,921.7000122070312,923.9000244140625,911.7999877929688,920.0,20485002,ICICI Bank,ICICIBANK.NS
2023-05-05,896.993408203125,926.9500122070312,942.4500122070312,923.4500122070312,925.0,19002035,ICICI Bank,ICICIBANK.NS
2023-05-08,907.5894775390625,937.9000244140625,941.7000122070312,927.0,927.0,18623913,ICICI Bank,ICICIBANK.NS
2023-05-09,904.20263671875,934.4000244140625,945.0,931.7999877929688,941.0,21507610,ICICI Bank,ICICIBANK.NS
2023-05-10,905.7991943359375,936.0499877929688,941.0,928.25,934.5999755859375,25910923,ICICI Bank,ICICIBANK.NS
2023-05-11,908.8474731445312,939.2000122070312,947.0,933.8499755859375,940.0499877929688,20027372,ICICI Bank,ICICIBANK.NS
2023-05-12,913.3955078125,943.9000244140625,948.0,935.0999755859375,939.75,13873480,ICICI Bank,ICICIBANK.NS
2023-05-15,915.1857299804688,945.75,949.0,938.2000122070312,943.75,10453762,ICICI Bank,ICICIBANK.NS
2023-05-16,915.766357421875,946.3499755859375,952.2000122070312,943.0,950.0,19612293,ICICI Bank,ICICIBANK.NS
2023-05-17,908.9926147460938,939.3499755859375,948.4000244140625,935.7999877929688,947.2999877929688,19273344,ICICI Bank,ICICIBANK.NS
2023-05-18,915.9115600585938,946.5,952.25,942.0999755859375,947.9500122070312,21550141,ICICI Bank,ICICIBANK.NS
2023-05-19,923.45947265625,954.2999877929688,956.0,941.5999755859375,951.4500122070312,15427412,ICICI Bank,ICICIBANK.NS
2023-05-22,919.6370239257812,950.3499755859375,954.25,946.1500244140625,951.0499877929688,15509525,ICICI Bank,ICICIBANK.NS
2023-05-23,922.5885620117188,953.4000244140625,958.8499755859375,945.0,952.0,16579935,ICICI Bank,ICICIBANK.NS
2023-05-24,910.2506103515625,940.6500244140625,953.8499755859375,938.5,946.7000122070312,18049620,ICICI Bank,ICICIBANK.NS
2023-05-25,909.4763793945312,939.8499755859375,941.5999755859375,932.9500122070312,937.0,19328582,ICICI Bank,ICICIBANK.NS
2023-05-26,919.9757690429688,950.7000122070312,952.4500122070312,935.5499877929688,939.7999877929688,10957182,ICICI Bank,ICICIBANK.NS
2023-05-29,917.5082397460938,948.1500244140625,957.5999755859375,946.7999877929688,953.8499755859375,12108079,ICICI Bank,ICICIBANK.NS
2023-05-30,919.25,949.9500122070312,952.2999877929688,944.6500244140625,945.3499755859375,18483624,ICICI Bank,ICICIBANK.NS
2023-05-31,918.4758911132812,949.1500244140625,952.0,940.5,949.5,27254425,ICICI Bank,ICICIBANK.NS
2023-06-01,905.8475952148438,936.0999755859375,954.25,932.7999877929688,954.25,21650700,ICICI Bank,ICICIBANK.NS
2023-06-02,907.8313598632812,938.1500244140625,944.6500244140625,935.0499877929688,943.0,12494376,ICICI Bank,ICICIBANK.NS
2023-06-05,916.1534423828125,946.75,951.7999877929688,943.0,943.0,10751684,ICICI Bank,ICICIBANK.NS
2023-06-06,911.6536865234375,942.0999755859375,947.7999877929688,938.0999755859375,946.5,11894330,ICICI Bank,ICICIBANK.NS
2023-06-07,909.815185546875,940.2000122070312,945.8499755859375,933.7999877929688,944.3499755859375,16486469,ICICI Bank,ICICIBANK.NS
2023-06-08,907.5894775390625,937.9000244140625,950.5,935.2000122070312,936.5999755859375,17608140,ICICI Bank,ICICIBANK.NS
2023-06-09,907.7345581054688,938.0499877929688,944.0,936.2000122070312,941.4000244140625,12253128,ICICI Bank,ICICIBANK.NS
2023-06-12,905.7024536132812,935.9500122070312,943.5,933.2999877929688,938.0,10520125,ICICI Bank,ICICIBANK.NS
2023-06-13,913.056884765625,943.5499877929688,946.25,934.0999755859375,935.9000244140625,13528776,ICICI Bank,ICICIBANK.NS
2023-06-14,909.4280395507812,939.7999877929688,946.9500122070312,936.25,946.0499877929688,13489262,ICICI Bank,ICICIBANK.NS
2023-06-15,896.6546630859375,926.5999755859375,942.9500122070312,924.3499755859375,940.7000122070312,19366819,ICICI Bank,ICICIBANK.NS
2023-06-16,904.0090942382812,934.2000122070312,937.75,927.0,929.2999877929688,11249387,ICICI Bank,ICICIBANK.NS
2023-06-19,893.316162109375,923.1500244140625,933.9500122070312,918.7000122070312,933.5,19351375,ICICI Bank,ICICIBANK.NS
2023-06-20,895.6386108398438,925.5499877929688,928.5499877929688,914.7999877929688,920.9500122070312,15212286,ICICI Bank,ICICIBANK.NS
2023-06-21,894.8161010742188,924.7000122070312,928.4000244140625,920.0,928.0,9210553,ICICI Bank,ICICIBANK.NS
2023-06-22,895.8320922851562,925.75,935.5499877929688,920.7000122070312,924.4000244140625,27291569,ICICI Bank,ICICIBANK.NS
2023-06-23,893.65478515625,923.5,931.9000244140625,919.0,926.0499877929688,8767733,ICICI Bank,ICICIBANK.NS
2023-06-26,897.4771728515625,927.4500122070312,931.7999877929688,923.2000122070312,927.0999755859375,11749040,ICICI Bank,ICICIBANK.NS
2023-06-27,905.8475952148438,936.0999755859375,939.9500122070312,922.2000122070312,930.0,13422726,ICICI Bank,ICICIBANK.NS
2023-06-28,907.154052734375,937.4500122070312,944.0,934.2999877929688,944.0,25708001,ICICI Bank,ICICIBANK.NS
2023-06-30,904.3961181640625,934.5999755859375,942.2000122070312,930.6500244140625,940.5,13843218,ICICI Bank,ICICIBANK.NS
2023-07-03,912.089111328125,942.5499877929688,945.75,936.5,937.0,12350359,ICICI Bank,ICICIBANK.NS
2023-07-04,914.1697387695312,944.7000122070312,951.2999877929688,942.0,947.25,14041699,ICICI Bank,ICICIBANK.NS
2023-07-05,927.0399169921875,958.0,964.75,941.0,942.0499877929688,13817767,ICICI Bank,ICICIBANK.NS
2023-07-06,928.3947143554688,959.4000244140625,963.9000244140625,954.0,954.7000122070312,16334427,ICICI Bank,ICICIBANK.NS
2023-07-07,915.8147583007812,946.4000244140625,955.0499877929688,943.7999877929688,953.0,8593807,ICICI Bank,ICICIBANK.NS
2023-07-10,917.7501831054688,948.4000244140625,952.9000244140625,941.3499755859375,946.0,12069184,ICICI Bank,ICICIBANK.NS
2023-07-11,914.4116821289062,944.9500122070312,952.7000122070312,941.9000244140625,948.4000244140625,16977595,ICICI Bank,ICICIBANK.NS
2023-07-12,913.87939453125,944.4000244140625,951.1500244140625,941.25,948.4000244140625,21511161,ICICI Bank,ICICIBANK.NS
2023-07-13,924.814208984375,955.7000122070312,959.25,942.2000122070312,947.7000122070312,23222286,ICICI Bank,ICICIBANK.NS
2023-07-14,929.0236206054688,960.0499877929688,965.0,951.3499755859375,959.75,12871569,ICICI Bank,ICICIBANK.NS
2023-07-17,937.39404296875,968.7000122070312,973.7999877929688,952.8499755859375,962.9000244140625,16290763,ICICI Bank,ICICIBANK.NS
2023-07-18,943.9259033203125,975.4500122070312,987.9500122070312,971.1500244140625,978.0,29709508,ICICI Bank,ICICIBANK.NS
2023-07-19,941.9905395507812,973.4500122070312,980.0,967.5499877929688,980.0,15994261,ICICI Bank,ICICIBANK.NS
2023-07-20,963.4247436523438,995.5999755859375,998.1500244140625,972.0999755859375,976.0499877929688,26487838,ICICI Bank,ICICIBANK.NS
2023-07-21,964.7794799804688,997.0,1001.4500122070312,988.7999877929688,995.2999877929688,16903003,ICICI Bank,ICICIBANK.NS
2023-07-24,959.9411010742188,992.0,1008.7000122070312,990.0999755859375,1004.9500122070312,21687719,ICICI Bank,ICICIBANK.NS
2023-07-25,962.5537719726562,994.7000122070312,999.0,988.25,999.0,29325327,ICICI Bank,ICICIBANK.NS
2023-07-26,964.247314453125,996.4500122070312,997.75,990.0,993.0999755859375,12780537,ICICI Bank,ICICIBANK.NS
2023-07-27,958.2476196289062,990.25,1006.5,987.2000122070312,1002.5499877929688,25932395,ICICI Bank,ICICIBANK.NS
2023-07-28,964.00537109375,996.2000122070312,998.7000122070312,977.0499877929688,988.0,12584130,ICICI Bank,ICICIBANK.NS
2023-07-31,966.0374145507812,998.2999877929688,999.4000244140625,988.5999755859375,996.0,14303116,ICICI Bank,ICICIBANK.NS
2023-08-01,962.40869140625,994.5499877929688,1003.7000122070312,990.4500122070312,1001.6500244140625,15508569,ICICI Bank,ICICIBANK.NS
2023-08-02,955.0543212890625,986.9500122070312,994.0999755859375,977.5,985.25,15787996,ICICI Bank,ICICIBANK.NS
2023-08-03,933.8136596679688,965.0,983.0,960.0499877929688,976.5499877929688,30994707,ICICI Bank,ICICIBANK.NS
2023-08-04,939.1359252929688,970.5,976.0,961.25,968.6500244140625,20582882,ICICI Bank,ICICIBANK.NS
2023-08-07,944.1194458007812,975.6500244140625,981.5,968.2000122070312,970.9500122070312,16686062,ICICI Bank,ICICIBANK.NS
2023-08-08,948.232177734375,979.9000244140625,986.5999755859375,972.2999877929688,975.75,23784778,ICICI Bank,ICICIBANK.NS
2023-08-09,949.0126342773438,972.7000122070312,975.2999877929688,963.5999755859375,974.9500122070312,19317331,ICICI Bank,ICICIBANK.NS
2023-08-10,940.6220703125,964.0999755859375,973.6500244140625,959.4500122070312,971.5499877929688,24858441,ICICI Bank,ICICIBANK.NS
2023-08-11,929.64599609375,952.8499755859375,963.5,950.0,963.4000244140625,17162177,ICICI Bank,ICICIBANK.NS
2023-08-14,936.182861328125,959.5499877929688,962.9000244140625,946.0,949.0,19026691,ICICI Bank,ICICIBANK.NS
2023-08-16,933.2070922851562,956.5,959.7999877929688,946.5999755859375,954.4500122070312,17930805,ICICI Bank,ICICIBANK.NS
2023-08-17,928.4752807617188,951.6500244140625,957.7999877929688,946.4500122070312,956.9500122070312,27077611,ICICI Bank,ICICIBANK.NS
2023-08-18,927.4996337890625,950.6500244140625,955.0,946.0,947.9000244140625,13257508,ICICI Bank,ICICIBANK.NS
2023-08-21,931.9388427734375,955.2000122070312,959.2999877929688,948.4000244140625,950.7000122070312,13358017,ICICI Bank,ICICIBANK.NS
2023-08-22,928.8167724609375,952.0,956.9500122070312,949.2999877929688,956.4000244140625,16872719,ICICI Bank,ICICIBANK.NS
2023-08-23,943.3051147460938,966.8499755859375,968.0499877929688,949.8499755859375,954.0,14707331,ICICI Bank,ICICIBANK.NS
2023-08-24,945.35400390625,968.9500122070312,982.4000244140625,966.75,972.5,28389740,ICICI Bank,ICICIBANK.NS
2023-08-25,946.7686767578125,970.4000244140625,972.5999755859375,960.2000122070312,962.9500122070312,10275758,ICICI Bank,ICICIBANK.NS
2023-08-28,946.9150390625,970.5499877929688,975.0,965.0499877929688,969.9500122070312,10481574,ICICI Bank,ICICIBANK.NS
2023-08-29,944.1831665039062,967.75,977.25,965.6500244140625,973.2999877929688,13209913,ICICI Bank,ICICIBANK.NS
2023-08-30,935.5487670898438,958.9000244140625,975.9000244140625,955.4000244140625,970.4500122070312,13936165,ICICI Bank,ICICIBANK.NS
2023-08-31,935.40234375,958.75,966.2000122070312,954.0499877929688,960.0,36675400,ICICI Bank,ICICIBANK.NS
2023-09-01,945.1100463867188,968.7000122070312,973.0499877929688,952.7999877929688,956.9000244140625,16268147,ICICI Bank,ICICIBANK.NS
2023-09-04,943.7929077148438,967.3499755859375,969.0499877929688,960.5499877929688,968.7000122070312,9512956,ICICI Bank,ICICIBANK.NS
2023-09-05,944.8173828125,968.4000244140625,970.0,962.25,964.0999755859375,16623486,ICICI Bank,ICICIBANK.NS
2023-09-06,934.182861328125,957.5,969.5,950.7999877929688,962.5499877929688,30802100,ICICI Bank,ICICIBANK.NS
2023-09-07,942.1343383789062,965.6500244140625,969.5,954.7000122070312,957.4000244140625,13462347,ICICI Bank,ICICIBANK.NS
2023-09-08,946.9150390625,970.5499877929688,975.0,961.25,967.5,13086915,ICICI Bank,ICICIBANK.NS
2023-09-11,954.427490234375,978.25,982.0,969.3499755859375,974.9500122070312,7894110,ICICI Bank,ICICIBANK.NS
2023-09-12,966.379150390625,990.5,995.1500244140625,982.6500244140625,990.0999755859375,20959591,ICICI Bank,ICICIBANK.NS
2023-09-13,965.6962280273438,989.7999877929688,994.8499755859375,980.5499877929688,989.7999877929688,21997553,ICICI Bank,ICICIBANK.NS
2023-09-14,963.6473999023438,987.7000122070312,992.9000244140625,982.25,992.2999877929688,11464188,ICICI Bank,ICICIBANK.NS
2023-09-15,968.28173828125,992.4500122070312,997.5,988.5999755859375,990.3499755859375,13307980,ICICI Bank,ICICIBANK.NS
2023-09-18,966.0865478515625,990.2000122070312,996.25,987.2999877929688,990.0999755859375,16713222,ICICI Bank,ICICIBANK.NS
2023-09-20,963.1107788085938,987.1500244140625,996.0,980.6500244140625,981.5499877929688,25741856,ICICI Bank,ICICIBANK.NS
2023-09-21,935.93896484375,959.2999877929688,982.5,957.4500122070312,979.9500122070312,19742813,ICICI Bank,ICICIBANK.NS
2023-09-22,927.1580810546875,950.2999877929688,960.9000244140625,947.4000244140625,956.5,12701888,ICICI Bank,ICICIBANK.NS
2023-09-25,933.060791015625,956.3499755859375,961.2000122070312,941.5,950.2999877929688,8997098,ICICI Bank,ICICIBANK.NS
2023-09-26,925.5971069335938,948.7000122070312,958.9500122070312,947.0999755859375,958.9500122070312,10521409,ICICI Bank,ICICIBANK.NS
2023-09-27,920.1334228515625,943.0999755859375,946.5,934.4000244140625,946.2999877929688,15152973,ICICI Bank,ICICIBANK.NS
2023-09-28,919.6456298828125,942.5999755859375,947.25,934.75,945.5,25991282,ICICI Bank,ICICIBANK.NS
2023-09-29,928.7191772460938,951.9000244140625,956.0,943.7000122070312,946.7000122070312,10447334,ICICI Bank,ICICIBANK.NS
2023-10-03,917.401611328125,940.2999877929688,951.5999755859375,939.0,951.5999755859375,11131636,ICICI Bank,ICICIBANK.NS
2023-10-04,907.4012451171875,930.0499877929688,935.5,925.0,935.0,17334739,ICICI Bank,ICICIBANK.NS
2023-10-05,917.938232421875,940.8499755859375,943.9500122070312,934.5499877929688,935.2000122070312,10478856,ICICI Bank,ICICIBANK.NS
2023-10-06,922.182373046875,945.2000122070312,946.5499877929688,938.0,946.0,6355755,ICICI Bank,ICICIBANK.NS
2023-10-09,915.7431030273438,938.5999755859375,942.0499877929688,936.2999877929688,940.25,6725306,ICICI Bank,ICICIBANK.NS
2023-10-10,928.0362548828125,951.2000122070312,957.5,940.3499755859375,940.4000244140625,11452715,ICICI Bank,ICICIBANK.NS
2023-10-11,929.8899536132812,953.0999755859375,962.0499877929688,950.75,954.9000244140625,12233117,ICICI Bank,ICICIBANK.NS
2023-10-12,931.011962890625,954.25,960.0999755859375,948.4000244140625,952.8499755859375,7836818,ICICI Bank,ICICIBANK.NS
2023-10-13,928.1337890625,951.2999877929688,957.4000244140625,944.5499877929688,949.9500122070312,6650442,ICICI Bank,ICICIBANK.NS
2023-10-16,928.2314453125,951.4000244140625,954.8499755859375,946.1500244140625,948.5,5763024,ICICI Bank,ICICIBANK.NS
2023-10-17,930.6705322265625,953.9000244140625,960.9500122070312,951.5,955.4000244140625,7747527,ICICI Bank,ICICIBANK.NS
2023-10-18,920.7676391601562,943.75,950.6500244140625,939.0999755859375,949.2000122070312,12000153,ICICI Bank,ICICIBANK.NS
2023-10-19,912.9624633789062,935.75,945.0,934.0,936.0,8612676,ICICI Bank,ICICIBANK.NS
2023-10-20,910.0355224609375,932.75,940.0,930.0,932.0,6586576,ICICI Bank,ICICIBANK.NS
2023-10-23,907.3037109375,929.9500122070312,944.7999877929688,925.4000244140625,942.0,11856890,ICICI Bank,ICICIBANK.NS
2023-10-25,893.7909545898438,916.0999755859375,933.7999877929688,911.4000244140625,926.0499877929688,12593434,ICICI Bank,ICICIBANK.NS
2023-10-26,886.5224609375,908.6500244140625,916.5999755859375,899.0,914.2999877929688,21693345,ICICI Bank,ICICIBANK.NS
2023-10-27,890.5225830078125,912.75,918.1500244140625,911.2999877929688,916.0,8645505,ICICI Bank,ICICIBANK.NS
2023-10-30,902.376708984375,924.9000244140625,926.2999877929688,908.2000122070312,909.0999755859375,7687791,ICICI Bank,ICICIBANK.NS
2023-10-31,893.0592651367188,915.3499755859375,931.0,914.0999755859375,929.2999877929688,17211107,ICICI Bank,ICICIBANK.NS
2023-11-01,891.7908935546875,914.0499877929688,917.5999755859375,909.2999877929688,913.7999877929688,12927203,ICICI Bank,ICICIBANK.NS
2023-11-02,897.5472412109375,919.9500122070312,924.7999877929688,912.7999877929688,920.0499877929688,9747311,ICICI Bank,ICICIBANK.NS
2023-11-03,911.0599365234375,933.7999877929688,934.5,926.7999877929688,928.5499877929688,7146961,ICICI Bank,ICICIBANK.NS
2023-11-06,922.42626953125,945.4500122070312,947.75,937.4000244140625,941.0,10338367,ICICI Bank,ICICIBANK.NS
2023-11-07,925.0116577148438,948.0999755859375,950.4500122070312,930.4500122070312,943.5999755859375,15704942,ICICI Bank,ICICIBANK.NS
2023-11-08,912.9624633789062,935.75,948.4500122070312,934.0999755859375,948.4500122070312,17606074,ICICI Bank,ICICIBANK.NS
2023-11-09,914.5234375,937.3499755859375,942.3499755859375,933.0,934.0,9406117,ICICI Bank,ICICIBANK.NS
2023-11-10,915.7431030273438,938.5999755859375,941.4500122070312,932.4000244140625,934.9000244140625,9560455,ICICI Bank,ICICIBANK.NS
2023-11-13,911.6941528320312,934.4500122070312,940.9000244140625,932.0,940.9000244140625,11470096,ICICI Bank,ICICIBANK.NS
2023-11-15,918.1821899414062,941.0999755859375,944.4000244140625,938.75,944.4000244140625,19492138,ICICI Bank,ICICIBANK.NS
2023-11-16,913.2063598632812,936.0,946.2000122070312,934.0,939.0,19706373,ICICI Bank,ICICIBANK.NS
2023-11-17,899.4009399414062,921.8499755859375,938.4000244140625,920.1500244140625,926.5499877929688,10956653,ICICI Bank,ICICIBANK.NS
2023-11-20,899.0107421875,921.4500122070312,926.75,917.5,922.0,10562301,ICICI Bank,ICICIBANK.NS
2023-11-21,903.5474243164062,926.0999755859375,928.0499877929688,922.0,924.4000244140625,8989572,ICICI Bank,ICICIBANK.NS
2023-11-22,900.279052734375,922.75,925.2000122070312,914.75,923.25,12197979,ICICI Bank,ICICIBANK.NS
2023-11-23,900.52294921875,923.0,925.3499755859375,918.5,923.0,5534614,ICICI Bank,ICICIBANK.NS
2023-11-24,906.76708984375,929.4000244140625,930.4000244140625,920.2000122070312,921.5,7452002,ICICI Bank,ICICIBANK.NS
2023-11-28,902.9620971679688,925.5,931.0499877929688,921.7000122070312,928.9000244140625,14231987,ICICI Bank,ICICIBANK.NS
2023-11-29,916.7186889648438,939.5999755859375,941.0999755859375,926.0,930.9000244140625,11680078,ICICI Bank,ICICIBANK.NS
2023-11-30,912.1819458007812,934.9500122070312,940.8499755859375,928.2000122070312,938.9500122070312,23950292,ICICI Bank,ICICIBANK.NS
2023-12-01,923.6458129882812,946.7000122070312,952.0,933.0,935.9500122070312,16986046,ICICI Bank,ICICIBANK.NS
2023-12-04,967.0621337890625,991.2000122070312,994.8499755859375,961.4000244140625,963.7000122070312,33131257,ICICI Bank,ICICIBANK.NS
2023-12-05,988.7703247070312,1013.4500122070312,1015.75,995.0499877929688,1002.5,31378461,ICICI Bank,ICICIBANK.NS
2023-12-06,978.8186645507812,1003.25,1016.25,1000.25,1014.0,18786590,ICICI Bank,ICICIBANK.NS
2023-12-07,974.6721801757812,999.0,1002.2000122070312,988.1500244140625,996.3499755859375,11841945,ICICI Bank,ICICIBANK.NS
2023-12-08,986.2335815429688,1010.8499755859375,1012.8499755859375,993.25,994.5,16116363,ICICI Bank,ICICIBANK.NS
2023-12-11,992.3314208984375,1017.0999755859375,1020.0,1004.6500244140625,1007.0999755859375,11714606,ICICI Bank,ICICIBANK.NS
2023-12-12,990.9655151367188,1015.7000122070312,1021.0,1008.5999755859375,1017.0999755859375,12380856,ICICI Bank,ICICIBANK.NS
2023-12-13,989.2093505859375,1013.9000244140625,1020.7000122070312,1009.2000122070312,1014.7999877929688,15887040,ICICI Bank,ICICIBANK.NS
2023-12-14,1008.4783935546875,1033.6500244140625,1040.0,1021.25,1022.25,16317672,ICICI Bank,ICICIBANK.NS
2023-12-15,1012.1371459960938,1037.4000244140625,1043.699951171875,1025.699951171875,1043.6500244140625,14306067,ICICI Bank,ICICIBANK.NS
2023-12-18,996.5755615234375,1021.4500122070312,1029.949951171875,1018.0,1029.949951171875,8592711,ICICI Bank,ICICIBANK.NS
2023-12-19,990.7216186523438,1015.4500122070312,1025.5,1012.5999755859375,1025.5,10094256,ICICI Bank,ICICIBANK.NS
2023-12-20,982.1358642578125,1006.6500244140625,1022.0,1002.0,1022.0,16490281,ICICI Bank,ICICIBANK.NS
2023-12-21,979.940673828125,1004.4000244140625,1010.9000244140625,989.2000122070312,996.5499877929688,18064916,ICICI Bank,ICICIBANK.NS
2023-12-22,970.0866088867188,994.2999877929688,1009.5499877929688,991.5999755859375,1002.9500122070312,20881976,ICICI Bank,ICICIBANK.NS
2023-12-26,970.8671264648438,995.0999755859375,997.5,989.9000244140625,994.9000244140625,14339699,ICICI Bank,ICICIBANK.NS
2023-12-27,977.8430786132812,1002.25,1004.9000244140625,992.0,997.9500122070312,12996468,ICICI Bank,ICICIBANK.NS
2023-12-28,981.4041748046875,1005.9000244140625,1011.7000122070312,999.0999755859375,1008.0,24915990,ICICI Bank,ICICIBANK.NS
2023-12-29,972.3306274414062,996.5999755859375,1008.5499877929688,993.7000122070312,1004.0499877929688,12280140,ICICI Bank,ICICIBANK.NS
2024-01-01,975.0624389648438,999.4000244140625,1004.8499755859375,991.0,991.5499877929688,7683792,ICICI Bank,ICICIBANK.NS
2024-01-02,958.3300170898438,982.25,997.6500244140625,980.25,997.0,16263825,ICICI Bank,ICICIBANK.NS
2024-01-03,960.0863037109375,984.0499877929688,988.0,975.0999755859375,984.7000122070312,16826752,ICICI Bank,ICICIBANK.NS
2024-01-04,963.1107788085938,987.1500244140625,989.1500244140625,981.9000244140625,986.4000244140625,22789140,ICICI Bank,ICICIBANK.NS
2024-01-05,969.501220703125,993.7000122070312,998.2999877929688,983.7999877929688,988.0,14875499,ICICI Bank,ICICIBANK.NS
2024-01-08,958.0861206054688,982.0,998.2000122070312,980.2999877929688,994.0,8393164,ICICI Bank,ICICIBANK.NS
2024-01-09,955.8909301757812,979.75,995.0,975.4000244140625,986.25,14660414,ICICI Bank,ICICIBANK.NS
2024-01-10,968.8670654296875,993.0499877929688,994.9500122070312,974.2999877929688,974.2999877929688,9409181,ICICI Bank,ICICIBANK.NS
2024-01-11,967.0133666992188,991.1500244140625,998.5,986.8499755859375,995.2999877929688,6451345,ICICI Bank,ICICIBANK.NS
2024-01-12,979.0626220703125,1003.5,1008.7000122070312,991.75,994.7999877929688,12255743,ICICI Bank,ICICIBANK.NS
2024-01-15,985.2579345703125,1009.8499755859375,1011.6500244140625,999.25,1003.5,12388044,ICICI Bank,ICICIBANK.NS
2024-01-16,984.4774780273438,1009.0499877929688,1015.7999877929688,1004.5999755859375,1006.0999755859375,11505126,ICICI Bank,ICICIBANK.NS
2024-01-17,957.84228515625,981.75,1007.7999877929688,976.75,987.9000244140625,41914771,ICICI Bank,ICICIBANK.NS
2024-01-18,962.3302001953125,986.3499755859375,994.2999877929688,970.1500244140625,973.9500122070312,17902484,ICICI Bank,ICICIBANK.NS
2024-01-19,974.8673095703125,999.2000122070312,1010.9000244140625,987.5499877929688,991.2999877929688,23271148,ICICI Bank,ICICIBANK.NS
2024-01-23,1003.9904174804688,1029.050048828125,1059.4000244140625,1021.2000122070312,1059.0999755859375,50797448,ICICI Bank,ICICIBANK.NS
2024-01-24,974.8673095703125,999.2000122070312,1035.949951171875,996.6500244140625,1029.449951171875,34578943,ICICI Bank,ICICIBANK.NS
2024-01-25,985.3555297851562,1009.9500122070312,1015.0999755859375,988.1500244140625,998.4000244140625,28315035,ICICI Bank,ICICIBANK.NS
2024-01-29,991.6484985351562,1016.4000244140625,1032.0,1010.0,1020.0,14078922,ICICI Bank,ICICIBANK.NS
2024-01-30,992.1363525390625,1016.9000244140625,1023.8499755859375,1008.0,1014.9500122070312,16085742,ICICI Bank,ICICIBANK.NS
2024-01-31,1003.1123657226562,1028.1500244140625,1039.0,1003.25,1016.7999877929688,25627447,ICICI Bank,ICICIBANK.NS
2024-02-01,1000.1853637695312,1025.1500244140625,1033.949951171875,1017.4000244140625,1033.949951171875,13058880,ICICI Bank,ICICIBANK.NS
2024-02-02,999.0633544921875,1024.0,1050.0,1021.6500244140625,1037.0999755859375,14774650,ICICI Bank,ICICIBANK.NS
2024-02-05,998.5755615234375,1023.5,1026.449951171875,1012.0999755859375,1022.5,12948430,ICICI Bank,ICICIBANK.NS
2024-02-06,1001.4049682617188,1026.4000244140625,1034.9000244140625,1016.7000122070312,1023.5499877929688,12886927,ICICI Bank,ICICIBANK.NS
2024-02-07,997.2584838867188,1022.1500244140625,1031.550048828125,1013.0,1028.0,16410895,ICICI Bank,ICICIBANK.NS
2024-02-08,965.2084350585938,989.2999877929688,1028.25,985.25,1024.0999755859375,20565502,ICICI Bank,ICICIBANK.NS
2024-02-09,986.0872802734375,1010.7000122070312,1013.75,985.5,988.8499755859375,12799837,ICICI Bank,ICICIBANK.NS
2024-02-12,971.8428344726562,996.0999755859375,1012.2000122070312,985.25,1010.4000244140625,8050066,ICICI Bank,ICICIBANK.NS
2024-02-13,994.9656372070312,1019.7999877929688,1027.050048828125,1000.2999877929688,1006.0,18706292,ICICI Bank,ICICIBANK.NS
2024-02-14,997.7950439453125,1022.7000122070312,1035.699951171875,1007.5499877929688,1009.5499877929688,17878720,ICICI Bank,ICICIBANK.NS
2024-02-15,991.8923950195312,1016.6500244140625,1026.6500244140625,1006.5999755859375,1022.8499755859375,10069878,ICICI Bank,ICICIBANK.NS
2024-02-16,998.3316650390625,1023.25,1026.199951171875,1016.9000244140625,1023.2000122070312,7159395,ICICI Bank,ICICIBANK.NS
2024-02-19,1018.3323974609375,1043.75,1046.0,1023.3499755859375,1023.3499755859375,9388255,ICICI Bank,ICICIBANK.NS
2024-02-20,1023.2107543945312,1048.75,1052.6500244140625,1033.25,1041.050048828125,11293528,ICICI Bank,ICICIBANK.NS
2024-02-21,1026.332763671875,1051.949951171875,1064.0,1048.0,1056.800048828125,15946325,ICICI Bank,ICICIBANK.NS
2024-02-22,1036.8209228515625,1062.699951171875,1066.0,1040.300048828125,1056.0,13432573,ICICI Bank,ICICIBANK.NS
2024-02-23,1035.455078125,1061.300048828125,1070.0,1057.6500244140625,1070.0,13142759,ICICI Bank,ICICIBANK.NS
2024-02-26,1028.5279541015625,1054.199951171875,1062.300048828125,1050.5,1053.0999755859375,7875941,ICICI Bank,ICICIBANK.NS
2024-02-27,1034.3817138671875,1060.199951171875,1066.199951171875,1046.5,1050.75,10580973,ICICI Bank,ICICIBANK.NS
2024-02-28,1020.72265625,1046.199951171875,1064.8499755859375,1042.1500244140625,1063.0,7730332,ICICI Bank,ICICIBANK.NS
2024-02-29,1026.57666015625,1052.199951171875,1060.699951171875,1038.5,1043.050048828125,20944844,ICICI Bank,ICICIBANK.NS
2024-03-01,1060.431640625,1086.9000244140625,1089.949951171875,1054.0,1055.0,14909562,ICICI Bank,ICICIBANK.NS
2024-03-04,1065.748779296875,1092.3499755859375,1095.0,1080.0999755859375,1081.0,11424581,ICICI Bank,ICICIBANK.NS
2024-03-05,1061.5535888671875,1088.050048828125,1099.5,1076.5,1086.199951171875,9222544,ICICI Bank,ICICIBANK.NS
2024-03-06,1070.3831787109375,1097.0999755859375,1113.550048828125,1080.300048828125,1080.300048828125,21796484,ICICI Bank,ICICIBANK.NS
2024-03-07,1061.4560546875,1087.949951171875,1095.0,1082.699951171875,1094.949951171875,9963926,ICICI Bank,ICICIBANK.NS
2024-03-11,1052.4312744140625,1078.699951171875,1087.949951171875,1076.75,1087.949951171875,13310362,ICICI Bank,ICICIBANK.NS
2024-03-12,1050.6263427734375,1076.8499755859375,1094.800048828125,1055.6500244140625,1077.050048828125,21785435,ICICI Bank,ICICIBANK.NS
2024-03-13,1057.5533447265625,1083.949951171875,1089.6500244140625,1073.1500244140625,1077.1500244140625,24855870,ICICI Bank,ICICIBANK.NS
2024-03-14,1057.2119140625,1083.5999755859375,1097.0999755859375,1075.050048828125,1080.0,14231421,ICICI Bank,ICICIBANK.NS
2024-03-15,1054.041015625,1080.3499755859375,1086.25,1070.0,1072.0,66192734,ICICI Bank,ICICIBANK.NS
2024-03-18,1054.870361328125,1081.199951171875,1084.800048828125,1060.050048828125,1075.050048828125,8769440,ICICI Bank,ICICIBANK.NS
2024-03-19,1057.5533447265625,1083.949951171875,1088.75,1075.25,1078.449951171875,16708715,ICICI Bank,ICICIBANK.NS
2024-03-20,1058.0899658203125,1084.5,1090.0,1067.5,1080.0,18725251,ICICI Bank,ICICIBANK.NS
2024-03-21,1055.455810546875,1081.800048828125,1100.0,1079.1500244140625,1092.0,19992607,ICICI Bank,ICICIBANK.NS
2024-03-22,1063.7489013671875,1090.300048828125,1093.699951171875,1078.699951171875,1081.1500244140625,17214415,ICICI Bank,ICICIBANK.NS
2024-03-26,1057.3094482421875,1083.699951171875,1089.1500244140625,1076.949951171875,1081.0,13367635,ICICI Bank,ICICIBANK.NS
2024-03-27,1057.3583984375,1083.75,1092.5,1079.550048828125,1083.699951171875,26907245,ICICI Bank,ICICIBANK.NS
2024-03-28,1066.67578125,1093.300048828125,1105.050048828125,1085.0,1085.0,22070566,ICICI Bank,ICICIBANK.NS
2024-04-01,1072.8712158203125,1099.6500244140625,1102.949951171875,1094.449951171875,1096.050048828125,10848191,ICICI Bank,ICICIBANK.NS
2024-04-02,1054.870361328125,1081.199951171875,1094.449951171875,1079.25,1094.449951171875,14380396,ICICI Bank,ICICIBANK.NS
2024-04-03,1050.9677734375,1077.199951171875,1083.6500244140625,1072.25,1075.0,15477184,ICICI Bank,ICICIBANK.NS
2024-04-04,1052.57763671875,1078.8499755859375,1085.800048828125,1063.449951171875,1084.75,21419689,ICICI Bank,ICICIBANK.NS
2024-04-05,1057.0169677734375,1083.4000244140625,1086.0,1067.449951171875,1070.0,15340637,ICICI Bank,ICICIBANK.NS
2024-04-08,1060.675537109375,1087.1500244140625,1091.75,1076.300048828125,1078.3499755859375,8023461,ICICI Bank,ICICIBANK.NS
2024-04-09,1080.091064453125,1107.050048828125,1115.25,1088.300048828125,1091.949951171875,12298463,ICICI Bank,ICICIBANK.NS
2024-04-10,1082.3837890625,1109.4000244140625,1116.550048828125,1105.1500244140625,1110.949951171875,10598000,ICICI Bank,ICICIBANK.NS
2024-04-12,1077.505615234375,1104.4000244140625,1111.8499755859375,1095.800048828125,1103.5,12216657,ICICI Bank,ICICIBANK.NS
2024-04-15,1052.08984375,1078.3499755859375,1106.1500244140625,1076.5999755859375,1100.199951171875,10526597,ICICI Bank,ICICIBANK.NS
2024-04-16,1041.06494140625,1067.050048828125,1074.5999755859375,1062.699951171875,1070.550048828125,11278092,ICICI Bank,ICICIBANK.NS
2024-04-18,1029.7474365234375,1055.449951171875,1078.050048828125,1050.449951171875,1074.0,16564216,ICICI Bank,ICICIBANK.NS
2024-04-19,1041.2601318359375,1067.25,1072.0,1048.0999755859375,1052.949951171875,11284433,ICICI Bank,ICICIBANK.NS
2024-04-22,1060.187744140625,1086.6500244140625,1088.699951171875,1070.3499755859375,1078.800048828125,10346714,ICICI Bank,ICICIBANK.NS
2024-04-23,1063.7000732421875,1090.25,1100.0,1082.699951171875,1100.0,9848215,ICICI Bank,ICICIBANK.NS
2024-04-24,1070.041748046875,1096.75,1098.4000244140625,1089.0,1092.25,5461309,ICICI Bank,ICICIBANK.NS
2024-04-25,1086.6278076171875,1113.75,1125.6500244140625,1089.949951171875,1090.0,19905338,ICICI Bank,ICICIBANK.NS
2024-04-26,1080.9202880859375,1107.9000244140625,1120.0,1102.75,1112.1500244140625,14190059,ICICI Bank,ICICIBANK.NS
2024-04-29,1131.8978271484375,1160.1500244140625,1163.449951171875,1107.9000244140625,1108.0,28578063,ICICI Bank,ICICIBANK.NS
2024-04-30,1122.38525390625,1150.4000244140625,1169.550048828125,1146.75,1159.949951171875,29568491,ICICI Bank,ICICIBANK.NS
2024-05-02,1111.701904296875,1139.449951171875,1155.5,1133.25,1143.0,25118334,ICICI Bank,ICICIBANK.NS
2024-05-03,1114.2386474609375,1142.050048828125,1157.4000244140625,1135.449951171875,1141.300048828125,19933604,ICICI Bank,ICICIBANK.NS
2024-05-06,1118.3851318359375,1146.300048828125,1158.449951171875,1138.0999755859375,1141.550048828125,14970524,ICICI Bank,ICICIBANK.NS
2024-05-07,1104.3358154296875,1131.9000244140625,1152.75,1126.300048828125,1147.949951171875,15097728,ICICI Bank,ICICIBANK.NS
2024-05-08,1095.6524658203125,1123.0,1132.0,1116.050048828125,1126.550048828125,19913090,ICICI Bank,ICICIBANK.NS
2024-05-09,1088.5302734375,1115.699951171875,1128.8499755859375,1110.0,1120.550048828125,12229853,ICICI Bank,ICICIBANK.NS
2024-05-10,1089.847412109375,1117.050048828125,1128.9000244140625,1112.050048828125,1118.0,8573656,ICICI Bank,ICICIBANK.NS
2024-05-13,1100.53076171875,1128.0,1130.6500244140625,1106.699951171875,1112.4000244140625,9707983,ICICI Bank,ICICIBANK.NS
2024-05-14,1093.26220703125,1120.550048828125,1127.9000244140625,1118.550048828125,1125.9000244140625,8944262,ICICI Bank,ICICIBANK.NS
2024-05-15,1096.9696044921875,1124.3499755859375,1127.800048828125,1113.5,1122.0999755859375,10743423,ICICI Bank,ICICIBANK.NS
2024-05-16,1103.5064697265625,1131.050048828125,1136.550048828125,1112.800048828125,1133.0,14265565,ICICI Bank,ICICIBANK.NS
2024-05-17,1102.9698486328125,1130.5,1144.0,1120.5999755859375,1131.050048828125,8641784,ICICI Bank,ICICIBANK.NS
2024-05-21,1093.65234375,1120.949951171875,1133.800048828125,1116.25,1122.199951171875,10452900,ICICI Bank,ICICIBANK.NS
2024-05-22,1084.042236328125,1111.0999755859375,1125.9000244140625,1098.0999755859375,1125.0,17527411,ICICI Bank,ICICIBANK.NS
2024-05-23,1106.8724365234375,1134.5,1137.0,1111.4000244140625,1115.550048828125,13787687,ICICI Bank,ICICIBANK.NS
2024-05-24,1104.3843994140625,1131.949951171875,1135.0,1124.1500244140625,1130.0,6312670,ICICI Bank,ICICIBANK.NS
2024-05-27,1102.2869873046875,1129.800048828125,1147.800048828125,1121.550048828125,1131.9000244140625,11599857,ICICI Bank,ICICIBANK.NS
2024-05-28,1099.5062255859375,1126.949951171875,1135.199951171875,1125.0,1132.5,9311718,ICICI Bank,ICICIBANK.NS
2024-05-29,1075.1639404296875,1102.0,1123.550048828125,1098.5,1115.050048828125,19268547,ICICI Bank,ICICIBANK.NS
2024-05-30,1086.5789794921875,1113.699951171875,1121.0,1096.9000244140625,1097.0,15255387,ICICI Bank,ICICIBANK.NS
2024-05-31,1093.7501220703125,1121.050048828125,1130.5999755859375,1111.25,1118.0,26197718,ICICI Bank,ICICIBANK.NS
2024-06-03,1131.75146484375,1160.0,1173.0,1136.300048828125,1170.0,25699977,ICICI Bank,ICICIBANK.NS
2024-06-04,1045.35791015625,1071.449951171875,1159.4000244140625,1053.550048828125,1157.9000244140625,43476837,ICICI Bank,ICICIBANK.NS
2024-06-05,1081.6519775390625,1108.6500244140625,1123.25,1051.050048828125,1085.0,42172104,ICICI Bank,ICICIBANK.NS
2024-06-06,1083.3592529296875,1110.4000244140625,1118.0,1096.5999755859375,1118.0,18574162,ICICI Bank,ICICIBANK.NS
2024-06-07,1094.3841552734375,1121.699951171875,1128.300048828125,1103.5999755859375,1110.4000244140625,17197635,ICICI Bank,ICICIBANK.NS
2024-06-10,1096.4329833984375,1123.800048828125,1133.199951171875,1115.0999755859375,1116.0,10851455,ICICI Bank,ICICIBANK.NS
2024-06-11,1090.9693603515625,1118.199951171875,1129.050048828125,1111.0,1119.75,12250002,ICICI Bank,ICICIBANK.NS
2024-06-12,1092.28662109375,1119.550048828125,1133.4000244140625,1112.0,1121.0,16096514,ICICI Bank,ICICIBANK.NS
2024-06-13,1080.3836669921875,1107.3499755859375,1123.199951171875,1105.0,1122.199951171875,12494254,ICICI Bank,ICICIBANK.NS
2024-06-14,1078.7249755859375,1105.6500244140625,1114.0,1099.449951171875,1114.0,11377979,ICICI Bank,ICICIBANK.NS
2024-06-18,1095.506103515625,1122.8499755859375,1135.050048828125,1101.199951171875,1113.949951171875,18306176,ICICI Bank,ICICIBANK.NS
2024-06-19,1116.580078125,1144.449951171875,1165.550048828125,1126.1500244140625,1127.949951171875,34309514,ICICI Bank,ICICIBANK.NS
2024-06-20,1128.6295166015625,1156.800048828125,1160.0,1135.5,1154.050048828125,15475933,ICICI Bank,ICICIBANK.NS
2024-06-21,1130.4344482421875,1158.6500244140625,1169.9000244140625,1150.6500244140625,1163.550048828125,69259425,ICICI Bank,ICICIBANK.NS
2024-06-24,1141.6055908203125,1170.0999755859375,1175.6500244140625,1152.6500244140625,1154.6500244140625,12210295,ICICI Bank,ICICIBANK.NS
2024-06-25,1168.77734375,1197.949951171875,1206.0,1167.6500244140625,1170.25,27309845,ICICI Bank,ICICIBANK.NS
2024-06-26,1188.339111328125,1218.0,1222.8499755859375,1193.8499755859375,1202.0,25403461,ICICI Bank,ICICIBANK.NS
2024-06-27,1190.19287109375,1219.9000244140625,1235.0,1209.0999755859375,1228.3499755859375,20516632,ICICI Bank,ICICIBANK.NS
2024-06-28,1170.3870849609375,1199.5999755859375,1227.0,1196.3499755859375,1227.0,12507092,ICICI Bank,ICICIBANK.NS
2024-07-01,1182.3387451171875,1211.8499755859375,1215.3499755859375,1192.050048828125,1199.5999755859375,8636894,ICICI Bank,ICICIBANK.NS
2024-07-02,1161.6063232421875,1190.5999755859375,1217.0,1185.550048828125,1217.0,16153925,ICICI Bank,ICICIBANK.NS
2024-07-03,1172.33837890625,1201.5999755859375,1215.8499755859375,1179.449951171875,1196.8499755859375,22330897,ICICI Bank,ICICIBANK.NS
2024-07-04,1202.9737548828125,1233.0,1234.949951171875,1214.300048828125,1229.0,15275791,ICICI Bank,ICICIBANK.NS
2024-07-05,1203.364013671875,1233.4000244140625,1242.5999755859375,1220.8499755859375,1225.0,9535575,ICICI Bank,ICICIBANK.NS
2024-07-08,1204.973876953125,1235.050048828125,1239.5,1216.9000244140625,1228.9000244140625,6617190,ICICI Bank,ICICIBANK.NS
2024-07-09,1217.8524169921875,1248.25,1250.199951171875,1229.300048828125,1234.949951171875,13366874,ICICI Bank,ICICIBANK.NS
2024-07-10,1212.9254150390625,1243.199951171875,1252.75,1236.3499755859375,1252.75,18226503,ICICI Bank,ICICIBANK.NS
2024-07-11,1208.291015625,1238.449951171875,1257.800048828125,1225.050048828125,1246.3499755859375,11307116,ICICI Bank,ICICIBANK.NS
2024-07-12,1202.876220703125,1232.9000244140625,1252.9000244140625,1230.0999755859375,1235.9000244140625,12208290,ICICI Bank,ICICIBANK.NS
2024-07-15,1199.998046875,1229.949951171875,1238.449951171875,1224.050048828125,1233.0999755859375,15612671,ICICI Bank,ICICIBANK.NS
2024-07-16,1209.7056884765625,1239.9000244140625,1245.0,1229.0,1230.0,12320605,ICICI Bank,ICICIBANK.NS
2024-07-18,1219.8525390625,1250.300048828125,1256.449951171875,1231.699951171875,1234.9000244140625,10999632,ICICI Bank,ICICIBANK.NS
2024-07-19,1218.2427978515625,1248.6500244140625,1250.5,1240.25,1244.0,7958817,ICICI Bank,ICICIBANK.NS
2024-07-22,1210.92529296875,1241.1500244140625,1245.300048828125,1232.9000244140625,1240.0,9958965,ICICI Bank,ICICIBANK.NS
2024-07-23,1196.8759765625,1226.75,1248.6500244140625,1212.5,1241.1500244140625,19369832,ICICI Bank,ICICIBANK.NS
2024-07-24,1193.21728515625,1223.0,1233.6500244140625,1202.050048828125,1225.0,20122521,ICICI Bank,ICICIBANK.NS
2024-07-25,1168.728515625,1197.9000244140625,1218.25,1190.5999755859375,1205.5,14154461,ICICI Bank,ICICIBANK.NS
2024-07-26,1177.802001953125,1207.199951171875,1220.0,1185.949951171875,1190.0,19309265,ICICI Bank,ICICIBANK.NS
2024-07-29,1183.16796875,1212.699951171875,1242.75,1204.1500244140625,1215.1500244140625,28458261,ICICI Bank,ICICIBANK.NS
2024-07-30,1179.9971923828125,1209.449951171875,1230.8499755859375,1204.4000244140625,1213.0,23972277,ICICI Bank,ICICIBANK.NS
2024-07-31,1185.314697265625,1214.9000244140625,1224.6500244140625,1211.0,1219.0,22297629,ICICI Bank,ICICIBANK.NS
2024-08-01,1180.63134765625,1210.0999755859375,1222.6500244140625,1206.9000244140625,1212.5,8725046,ICICI Bank,ICICIBANK.NS
2024-08-02,1167.4114990234375,1196.550048828125,1201.6500244140625,1190.0999755859375,1197.0,10735395,ICICI Bank,ICICIBANK.NS
2024-08-05,1144.0445556640625,1172.5999755859375,1188.9000244140625,1167.0,1182.0,14306771,ICICI Bank,ICICIBANK.NS
2024-08-06,1138.4346923828125,1166.8499755859375,1187.699951171875,1161.5,1175.0,13575619,ICICI Bank,ICICIBANK.NS
2024-08-07,1143.8983154296875,1172.449951171875,1179.800048828125,1161.5999755859375,1178.949951171875,15753644,ICICI Bank,ICICIBANK.NS
2024-08-08,1136.239501953125,1164.5999755859375,1174.4000244140625,1158.9000244140625,1166.949951171875,10806438,ICICI Bank,ICICIBANK.NS
2024-08-09,1143.0689697265625,1171.5999755859375,1180.949951171875,1169.0,1176.550048828125,8687307,ICICI Bank,ICICIBANK.NS
2024-08-12,1154.09033203125,1172.800048828125,1178.25,1156.0,1171.0,10860455,ICICI Bank,ICICIBANK.NS
2024-08-13,1149.7113037109375,1168.3499755859375,1189.25,1163.5999755859375,1183.199951171875,13117927,ICICI Bank,ICICIBANK.NS
2024-08-14,1143.1181640625,1161.6500244140625,1170.050048828125,1153.0,1167.0,13431801,ICICI Bank,ICICIBANK.NS
2024-08-16,1168.3096923828125,1187.25,1193.0,1165.6500244140625,1170.0,10961370,ICICI Bank,ICICIBANK.NS
2024-08-19,1157.140869140625,1175.9000244140625,1195.75,1173.300048828125,1191.0,6686394,ICICI Bank,ICICIBANK.NS
2024-08-20,1160.6341552734375,1179.449951171875,1189.800048828125,1170.0,1174.199951171875,10427061,ICICI Bank,ICICIBANK.NS
2024-08-21,1156.1075439453125,1174.8499755859375,1178.6500244140625,1165.0999755859375,1177.0,17234142,ICICI Bank,ICICIBANK.NS
2024-08-22,1172.098388671875,1191.0999755859375,1192.5999755859375,1176.5999755859375,1182.0,8564142,ICICI Bank,ICICIBANK.NS
2024-08-23,1184.300537109375,1203.5,1205.0,1188.550048828125,1193.0,7518309,ICICI Bank,ICICIBANK.NS
2024-08-26,1193.9442138671875,1213.300048828125,1214.949951171875,1201.050048828125,1205.550048828125,10920226,ICICI Bank,ICICIBANK.NS
2024-08-27,1206.7860107421875,1226.3499755859375,1232.5,1208.9000244140625,1213.300048828125,16295325,ICICI Bank,ICICIBANK.NS
2024-08-28,1204.325927734375,1223.8499755859375,1226.4000244140625,1217.300048828125,1222.6500244140625,12291305,ICICI Bank,ICICIBANK.NS
2024-08-29,1202.4071044921875,1221.9000244140625,1235.0,1217.0,1218.949951171875,10806748,ICICI Bank,ICICIBANK.NS
2024-08-30,1209.5904541015625,1229.199951171875,1235.550048828125,1218.9000244140625,1230.0,21211148,ICICI Bank,ICICIBANK.NS
2024-09-02,1210.3284912109375,1229.949951171875,1239.199951171875,1222.5,1239.0,12516759,ICICI Bank,ICICIBANK.NS
2024-09-03,1227.79541015625,1247.699951171875,1250.949951171875,1220.4000244140625,1227.199951171875,19114907,ICICI Bank,ICICIBANK.NS
2024-09-04,1216.62646484375,1236.3499755859375,1243.699951171875,1232.800048828125,1239.8499755859375,13505843,ICICI Bank,ICICIBANK.NS
2024-09-05,1216.23291015625,1235.949951171875,1244.8499755859375,1231.300048828125,1238.0,9142811,ICICI Bank,ICICIBANK.NS
2024-09-06,1188.8763427734375,1208.1500244140625,1233.9000244140625,1205.0,1225.949951171875,10170479,ICICI Bank,ICICIBANK.NS
2024-09-09,1215.2979736328125,1235.0,1238.300048828125,1200.449951171875,1202.9000244140625,13863250,ICICI Bank,ICICIBANK.NS
2024-09-10,1217.5614013671875,1237.300048828125,1241.3499755859375,1227.0,1236.949951171875,15545130,ICICI Bank,ICICIBANK.NS
2024-09-11,1216.62646484375,1236.3499755859375,1239.300048828125,1226.4000244140625,1231.5,11993242,ICICI Bank,ICICIBANK.NS
2024-09-12,1232.174560546875,1252.1500244140625,1257.0,1226.3499755859375,1238.0,15376442,ICICI Bank,ICICIBANK.NS
2024-09-13,1230.403076171875,1250.3499755859375,1255.949951171875,1242.050048828125,1252.0,9877288,ICICI Bank,ICICIBANK.NS
2024-09-16,1242.7037353515625,1262.8499755859375,1265.5999755859375,1244.699951171875,1251.0,8973335,ICICI Bank,ICICIBANK.NS
2024-09-17,1247.8699951171875,1268.0999755859375,1272.25,1258.4000244140625,1259.949951171875,11513121,ICICI Bank,ICICIBANK.NS
2024-09-18,1267.796875,1288.3499755859375,1295.3499755859375,1262.0,1262.0,12466597,ICICI Bank,ICICIBANK.NS
2024-09-19,1271.388671875,1292.0,1300.0,1285.3499755859375,1288.3499755859375,13172268,ICICI Bank,ICICIBANK.NS
2024-09-20,1317.09765625,1338.449951171875,1362.3499755859375,1291.550048828125,1295.0,73257767,ICICI Bank,ICICIBANK.NS
2024-09-23,1300.8116455078125,1321.9000244140625,1331.800048828125,1308.5,1331.0,11380409,ICICI Bank,ICICIBANK.NS
2024-09-24,1297.5643310546875,1318.5999755859375,1331.4000244140625,1315.449951171875,1321.0,13886037,ICICI Bank,ICICIBANK.NS
2024-09-25,1302.7305908203125,1323.8499755859375,1327.75,1310.0999755859375,1310.75,8728019,ICICI Bank,ICICIBANK.NS
2024-09-26,1307.84765625,1329.050048828125,1333.3499755859375,1316.9000244140625,1320.0,11100869,ICICI Bank,ICICIBANK.NS
2024-09-27,1285.7557373046875,1306.5999755859375,1333.0,1303.8499755859375,1333.0,17117379,ICICI Bank,ICICIBANK.NS
2024-09-30,1252.69189453125,1273.0,1296.800048828125,1270.9000244140625,1292.0999755859375,12622212,ICICI Bank,ICICIBANK.NS
2024-10-01,1254.069580078125,1274.4000244140625,1280.25,1267.5999755859375,1269.800048828125,10972413,ICICI Bank,ICICIBANK.NS
2024-10-03,1236.307373046875,1256.3499755859375,1265.75,1248.1500244140625,1253.5999755859375,17648551,ICICI Bank,ICICIBANK.NS
2024-10-04,1219.97216796875,1239.75,1264.4000244140625,1236.199951171875,1247.0999755859375,13488887,ICICI Bank,ICICIBANK.NS
2024-10-07,1214.215576171875,1233.9000244140625,1262.949951171875,1225.0,1241.550048828125,20667247,ICICI Bank,ICICIBANK.NS
2024-10-08,1216.8724365234375,1236.5999755859375,1247.800048828125,1229.75,1241.0,12219259,ICICI Bank,ICICIBANK.NS
2024-10-09,1224.302001953125,1244.1500244140625,1265.0999755859375,1232.6500244140625,1243.050048828125,14765997,ICICI Bank,ICICIBANK.NS
2024-10-10,1223.6624755859375,1243.5,1254.699951171875,1238.0,1246.75,9118195,ICICI Bank,ICICIBANK.NS
2024-10-11,1203.489501953125,1223.0,1240.800048828125,1222.0,1237.0,8472512,ICICI Bank,ICICIBANK.NS
2024-10-14,1212.099853515625,1231.75,1237.9000244140625,1217.4000244140625,1221.0,11833929,ICICI Bank,ICICIBANK.NS
2024-10-15,1235.470947265625,1255.5,1258.300048828125,1235.4000244140625,1238.949951171875,11657338,ICICI Bank,ICICIBANK.NS
2024-10-16,1223.3179931640625,1243.1500244140625,1254.949951171875,1241.5999755859375,1248.5,7869727,ICICI Bank,ICICIBANK.NS
2024-10-17,1211.60791015625,1231.25,1256.949951171875,1224.4000244140625,1249.449951171875,8459497,ICICI Bank,ICICIBANK.NS
2024-10-18,1244.327392578125,1264.5,1268.9000244140625,1225.25,1227.949951171875,11018126,ICICI Bank,ICICIBANK.NS
2024-10-21,1238.9644775390625,1259.050048828125,1272.3499755859375,1250.550048828125,1264.5,7742775,ICICI Bank,ICICIBANK.NS
2024-10-22,1247.279541015625,1267.5,1284.9000244140625,1259.75,1266.5999755859375,20090801,ICICI Bank,ICICIBANK.NS
2024-10-23,1231.6331787109375,1251.5999755859375,1267.949951171875,1243.050048828125,1261.0,14055447,ICICI Bank,ICICIBANK.NS
2024-10-24,1232.764892578125,1252.75,1260.449951171875,1241.050048828125,1250.25,12223031,ICICI Bank,ICICIBANK.NS
2024-10-25,1235.4217529296875,1255.449951171875,1268.9000244140625,1234.199951171875,1247.25,13546055,ICICI Bank,ICICIBANK.NS
2024-10-28,1272.2252197265625,1292.8499755859375,1307.800048828125,1280.5999755859375,1285.5,24096412,ICICI Bank,ICICIBANK.NS
2024-10-29,1310.6029052734375,1331.8499755859375,1335.3499755859375,1299.25,1301.3499755859375,20656117,ICICI Bank,ICICIBANK.NS
2024-10-30,1291.21728515625,1312.1500244140625,1330.9000244140625,1305.5999755859375,1324.0,15055031,ICICI Bank,ICICIBANK.NS
2024-10-31,1271.6346435546875,1292.25,1318.949951171875,1288.550048828125,1307.25,23497314,ICICI Bank,ICICIBANK.NS
2024-11-01,1271.19189453125,1291.800048828125,1296.199951171875,1286.25,1289.949951171875,1007022,ICICI Bank,ICICIBANK.NS
2024-11-04,1256.82470703125,1277.199951171875,1291.800048828125,1270.050048828125,1290.0999755859375,14309121,ICICI Bank,ICICIBANK.NS
2024-11-05,1276.013671875,1296.699951171875,1301.300048828125,1263.0999755859375,1273.0,16431920,ICICI Bank,ICICIBANK.NS
2024-11-06,1281.5736083984375,1302.3499755859375,1315.0,1292.699951171875,1300.25,12037405,ICICI Bank,ICICIBANK.NS
2024-11-07,1258.30078125,1278.699951171875,1302.800048828125,1275.25,1297.1500244140625,9909035,ICICI Bank,ICICIBANK.NS
2024-11-08,1238.7674560546875,1258.8499755859375,1275.0,1252.699951171875,1270.0,11195808,ICICI Bank,ICICIBANK.NS
2024-11-11,1249.0509033203125,1269.300048828125,1275.9000244140625,1246.6500244140625,1262.0,8387780,ICICI Bank,ICICIBANK.NS
2024-11-12,1250.330078125,1270.5999755859375,1295.0,1264.5,1276.1500244140625,13486168,ICICI Bank,ICICIBANK.NS
2024-11-13,1233.6995849609375,1253.699951171875,1276.25,1250.0,1270.5999755859375,12260404,ICICI Bank,ICICIBANK.NS
2024-11-14,1236.897705078125,1256.949951171875,1267.699951171875,1243.050048828125,1253.75,9506892,ICICI Bank,ICICIBANK.NS
2024-11-18,1233.45361328125,1253.449951171875,1262.5999755859375,1249.4000244140625,1260.0,6195554,ICICI Bank,ICICIBANK.NS
2024-11-19,1229.173095703125,1249.0999755859375,1261.0,1240.8499755859375,1257.050048828125,11537317,ICICI Bank,ICICIBANK.NS
2024-11-21,1230.5999755859375,1250.550048828125,1256.9000244140625,1232.550048828125,1248.550048828125,9593870,ICICI Bank,ICICIBANK.NS
2024-11-22,1257.6612548828125,1278.050048828125,1281.4000244140625,1256.0,1258.0,11604338,ICICI Bank,ICICIBANK.NS
2024-11-25,1280.1959228515625,1300.949951171875,1311.199951171875,1290.0,1296.0,22717581,ICICI Bank,ICICIBANK.NS
2024-11-26,1284.132080078125,1304.949951171875,1314.25,1302.449951171875,1310.5999755859375,7646955,ICICI Bank,ICICIBANK.NS
2024-11-27,1279.9498291015625,1300.699951171875,1310.8499755859375,1297.8499755859375,1298.5,21938082,ICICI Bank,ICICIBANK.NS
2024-11-28,1265.8287353515625,1286.3499755859375,1310.5,1282.300048828125,1301.050048828125,22803745,ICICI Bank,ICICIBANK.NS
2024-11-29,1279.3594970703125,1300.0999755859375,1303.25,1283.0999755859375,1283.0999755859375,11397228,ICICI Bank,ICICIBANK.NS
2024-12-02,1283.8369140625,1304.6500244140625,1310.550048828125,1289.1500244140625,1299.9000244140625,9626400,ICICI Bank,ICICIBANK.NS
2024-12-03,1287.527099609375,1308.4000244140625,1312.800048828125,1296.0999755859375,1303.949951171875,11509276,ICICI Bank,ICICIBANK.NS
2024-12-04,1295.0550537109375,1316.050048828125,1320.0,1301.699951171875,1302.5999755859375,11570281,ICICI Bank,ICICIBANK.NS
2024-12-05,1315.1788330078125,1336.5,1342.9000244140625,1308.5999755859375,1316.25,19210697,ICICI Bank,ICICIBANK.NS
2024-12-06,1307.552490234375,1328.75,1347.0999755859375,1326.699951171875,1342.5,8942672,ICICI Bank,ICICIBANK.NS
2024-12-09,1301.205322265625,1322.300048828125,1329.050048828125,1320.25,1322.0999755859375,8000764,ICICI Bank,ICICIBANK.NS
2024-12-10,1309.2252197265625,1330.449951171875,1332.0,1315.25,1319.0,8218214,ICICI Bank,ICICIBANK.NS
2024-12-11,1306.3223876953125,1327.5,1331.25,1316.0,1324.699951171875,8138066,ICICI Bank,ICICIBANK.NS
2024-12-12,1308.04443359375,1329.25,1338.75,1321.550048828125,1321.550048828125,9076896,ICICI Bank,ICICIBANK.NS
2024-12-13,1323.44482421875,1344.9000244140625,1347.1500244140625,1313.5,1325.3499755859375,13536684,ICICI Bank,ICICIBANK.NS
2024-12-16,1324.6256103515625,1346.0999755859375,1350.449951171875,1340.050048828125,1344.9000244140625,9071006,ICICI Bank,ICICIBANK.NS
2024-12-17,1312.47265625,1333.75,1348.0999755859375,1326.050048828125,1342.0,9879257,ICICI Bank,ICICIBANK.NS
2024-12-18,1293.1854248046875,1314.1500244140625,1334.949951171875,1307.449951171875,1325.25,8510595,ICICI Bank,ICICIBANK.NS
2024-12-19,1266.3701171875,1286.9000244140625,1303.0,1284.449951171875,1286.0,11517304,ICICI Bank,ICICIBANK.NS
2024-12-20,1267.84619140625,1288.4000244140625,1297.75,1272.4000244140625,1283.949951171875,58491181,ICICI Bank,ICICIBANK.NS
2024-12-23,1276.1121826171875,1296.800048828125,1307.0,1287.050048828125,1294.6500244140625,6827512,ICICI Bank,ICICIBANK.NS
2024-12-24,1276.5550537109375,1297.25,1304.5,1290.25,1296.800048828125,7138516,ICICI Bank,ICICIBANK.NS
2024-12-26,1276.6533203125,1297.3499755859375,1312.75,1289.199951171875,1307.0,7338444,ICICI Bank,ICICIBANK.NS
2024-12-27,1286.6907958984375,1307.550048828125,1315.949951171875,1298.550048828125,1298.550048828125,4756066,ICICI Bank,ICICIBANK.NS
2024-12-30,1273.9964599609375,1294.6500244140625,1326.5,1289.449951171875,1304.949951171875,14207425,ICICI Bank,ICICIBANK.NS
2024-12-31,1261.203857421875,1281.6500244140625,1289.949951171875,1280.0999755859375,1286.9000244140625,8449607,ICICI Bank,ICICIBANK.NS
2025-01-01,1263.1719970703125,1283.6500244140625,1293.0,1267.0999755859375,1281.6500244140625,4705399,ICICI Bank,ICICIBANK.NS
2025-01-02,1270.0111083984375,1290.5999755859375,1293.4000244140625,1278.4000244140625,1285.0999755859375,7433222,ICICI Bank,ICICIBANK.NS
2025-01-03,1244.86865234375,1265.050048828125,1288.0,1262.25,1286.199951171875,11194997,ICICI Bank,ICICIBANK.NS
2025-01-06,1243.933837890625,1264.0999755859375,1277.75,1257.0,1268.050048828125,7504047,ICICI Bank,ICICIBANK.NS
2025-01-07,1258.8421630859375,1279.25,1288.949951171875,1266.5,1266.5,7539758,ICICI Bank,ICICIBANK.NS
2025-01-08,1243.58935546875,1263.75,1285.0,1252.3499755859375,1280.550048828125,7566309,ICICI Bank,ICICIBANK.NS
2025-01-09,1242.260986328125,1262.4000244140625,1264.75,1248.0999755859375,1258.0,8684920,ICICI Bank,ICICIBANK.NS
2025-01-10,1229.9111328125,1249.8499755859375,1264.949951171875,1243.0999755859375,1259.0,7854524,ICICI Bank,ICICIBANK.NS
2025-01-13,1210.1318359375,1229.75,1243.949951171875,1224.9000244140625,1234.9000244140625,9669336,ICICI Bank,ICICIBANK.NS
2025-01-14,1220.5135498046875,1240.300048828125,1244.8499755859375,1227.449951171875,1233.3499755859375,10342698,ICICI Bank,ICICIBANK.NS
2025-01-15,1218.49609375,1238.25,1244.4000244140625,1230.0,1234.0,5355382,ICICI Bank,ICICIBANK.NS
2025-01-16,1229.173095703125,1249.0999755859375,1255.5,1239.6500244140625,1245.0999755859375,11895924,ICICI Bank,ICICIBANK.NS
2025-01-17,1205.9002685546875,1225.449951171875,1249.0,1218.0,1243.3499755859375,9790533,ICICI Bank,ICICIBANK.NS
2025-01-20,1213.28076171875,1232.949951171875,1241.75,1215.25,1223.9000244140625,7676418,ICICI Bank,ICICIBANK.NS
2025-01-21,1177.0677490234375,1196.1500244140625,1238.949951171875,1192.699951171875,1236.949951171875,20520898,ICICI Bank,ICICIBANK.NS
2025-01-22,1181.299072265625,1200.449951171875,1207.5,1191.800048828125,1201.0,10377123,ICICI Bank,ICICIBANK.NS
2025-01-23,1182.5784912109375,1201.75,1207.9000244140625,1186.0,1197.25,8770650,ICICI Bank,ICICIBANK.NS
2025-01-24,1189.90966796875,1209.199951171875,1218.0,1202.0,1203.0999755859375,9216792,ICICI Bank,ICICIBANK.NS
2025-01-27,1208.3604736328125,1227.949951171875,1234.6500244140625,1193.0999755859375,1195.0,16164687,ICICI Bank,ICICIBANK.NS
2025-01-28,1227.0081787109375,1246.9000244140625,1264.0,1236.0,1247.3499755859375,18066499,ICICI Bank,ICICIBANK.NS
2025-01-29,1231.6824951171875,1251.6500244140625,1255.800048828125,1243.050048828125,1252.0,7666777,ICICI Bank,ICICIBANK.NS
2025-01-30,1235.5693359375,1255.5999755859375,1259.8499755859375,1239.5,1250.0,11921041,ICICI Bank,ICICIBANK.NS
2025-01-31,1232.814208984375,1252.800048828125,1256.0,1239.0999755859375,1254.5,10195417,ICICI Bank,ICICIBANK.NS
2025-02-01,1235.520263671875,1255.550048828125,1261.3499755859375,1233.800048828125,1251.1500244140625,3011914,ICICI Bank,ICICIBANK.NS
2025-02-03,1233.0108642578125,1253.0,1260.0,1237.800048828125,1246.8499755859375,6176831,ICICI Bank,ICICIBANK.NS
2025-02-04,1247.9683837890625,1268.199951171875,1280.5,1260.0,1262.800048828125,14839077,ICICI Bank,ICICIBANK.NS
2025-02-05,1247.476318359375,1267.699951171875,1277.75,1265.1500244140625,1270.199951171875,6840709,ICICI Bank,ICICIBANK.NS
2025-02-06,1252.101318359375,1272.4000244140625,1279.0,1263.199951171875,1275.0,8396554,ICICI Bank,ICICIBANK.NS
2025-02-07,1236.8487548828125,1256.9000244140625,1275.0,1249.550048828125,1272.0,7382039,ICICI Bank,ICICIBANK.NS
2025-02-10,1242.4576416015625,1262.5999755859375,1265.0,1249.3499755859375,1257.199951171875,5740361,ICICI Bank,ICICIBANK.NS
2025-02-11,1232.764892578125,1252.75,1261.8499755859375,1248.4000244140625,1255.8499755859375,6586627,ICICI Bank,ICICIBANK.NS
2025-02-12,1231.8299560546875,1251.800048828125,1269.75,1244.6500244140625,1257.199951171875,8809352,ICICI Bank,ICICIBANK.NS
2025-02-13,1228.976318359375,1248.9000244140625,1266.0,1245.9000244140625,1252.550048828125,7263785,ICICI Bank,ICICIBANK.NS
2025-02-14,1239.99755859375,1260.0999755859375,1263.5,1244.449951171875,1252.0999755859375,10368438,ICICI Bank,ICICIBANK.NS
2025-02-17,1231.1904296875,1251.1500244140625,1258.1500244140625,1233.25,1251.1500244140625,8386151,ICICI Bank,ICICIBANK.NS
2025-02-18,1223.2196044921875,1243.050048828125,1257.5999755859375,1237.050048828125,1252.9000244140625,8135042,ICICI Bank,ICICIBANK.NS
2025-02-19,1241.52294921875,1261.6500244140625,1264.449951171875,1230.25,1234.8499755859375,10683412,ICICI Bank,ICICIBANK.NS
2025-02-20,1230.009521484375,1249.949951171875,1264.0,1246.75,1255.3499755859375,8398849,ICICI Bank,ICICIBANK.NS
2025-02-21,1213.28076171875,1232.949951171875,1244.699951171875,1224.550048828125,1241.0999755859375,7786428,ICICI Bank,ICICIBANK.NS
2025-02-24,1198.9136962890625,1218.3499755859375,1231.9000244140625,1210.25,1226.699951171875,11522480,ICICI Bank,ICICIBANK.NS
2025-02-25,1204.6212158203125,1224.1500244140625,1231.6500244140625,1221.0,1226.5999755859375,11059417,ICICI Bank,ICICIBANK.NS
2025-02-27,1202.9482421875,1222.449951171875,1234.8499755859375,1218.449951171875,1225.1500244140625,12008162,ICICI Bank,ICICIBANK.NS
2025-02-28,1184.8909912109375,1204.0999755859375,1225.0,1200.0999755859375,1216.0,20215075,ICICI Bank,ICICIBANK.NS
2025-03-03,1186.9573974609375,1206.199951171875,1217.0,1204.1500244140625,1210.5,8158881,ICICI Bank,ICICIBANK.NS
2025-03-04,1191.0904541015625,1210.4000244140625,1216.6500244140625,1206.25,1207.1500244140625,9574490,ICICI Bank,ICICIBANK.NS
2025-03-05,1196.305908203125,1215.699951171875,1225.949951171875,1211.300048828125,1217.0,9052846,ICICI Bank,ICICIBANK.NS
2025-03-06,1198.6185302734375,1218.050048828125,1227.949951171875,1209.0,1227.949951171875,11949475,ICICI Bank,ICICIBANK.NS
2025-03-07,1195.17431640625,1214.550048828125,1217.8499755859375,1206.300048828125,1211.0999755859375,6620284,ICICI Bank,ICICIBANK.NS
2025-03-10,1195.469482421875,1214.8499755859375,1225.800048828125,1208.0,1208.0,7363437,ICICI Bank,ICICIBANK.NS
2025-03-11,1225.5321044921875,1245.4000244140625,1248.0,1217.199951171875,1217.199951171875,10927950,ICICI Bank,ICICIBANK.NS
2025-03-12,1224.105224609375,1243.949951171875,1251.949951171875,1235.300048828125,1246.949951171875,11548372,ICICI Bank,ICICIBANK.NS
2025-03-13,1230.10791015625,1250.050048828125,1255.5999755859375,1245.300048828125,1251.050048828125,8132940,ICICI Bank,ICICIBANK.NS
2025-03-17,1248.7557373046875,1269.0,1273.949951171875,1254.75,1257.050048828125,11164812,ICICI Bank,ICICIBANK.NS
2025-03-18,1248.7557373046875,1269.0,1269.0,1269.0,1269.0,0,ICICI Bank,ICICIBANK.NS
2025-03-19,1292.1519775390625,1313.0999755859375,1318.300048828125,1302.1500244140625,1305.5999755859375,11278014,ICICI Bank,ICICIBANK.NS
2025-03-20,1300.6148681640625,1321.699951171875,1324.25,1311.050048828125,1320.0,10886735,ICICI Bank,ICICIBANK.NS
2025-03-21,1321.673583984375,1343.0999755859375,1349.0,1311.5999755859375,1316.0,60494318,ICICI Bank,ICICIBANK.NS
2025-03-24,1336.4835205078125,1358.1500244140625,1373.0,1345.050048828125,1355.949951171875,9352280,ICICI Bank,ICICIBANK.NS
2025-03-25,1322.263916015625,1343.699951171875,1363.800048828125,1330.050048828125,1359.0,16419207,ICICI Bank,ICICIBANK.NS
2025-03-26,1314.58837890625,1335.9000244140625,1358.0,1331.5,1344.050048828125,10859639,ICICI Bank,ICICIBANK.NS
2025-03-27,1315.326416015625,1336.6500244140625,1351.5,1333.1500244140625,1333.1500244140625,15109614,ICICI Bank,ICICIBANK.NS
2025-03-28,1326.8397216796875,1348.3499755859375,1357.949951171875,1327.199951171875,1336.0,8266544,ICICI Bank,ICICIBANK.NS
2025-04-01,1297.416748046875,1318.449951171875,1352.3499755859375,1315.4000244140625,1340.0,14288024,ICICI Bank,ICICIBANK.NS
2025-04-02,1310.0125732421875,1331.25,1337.949951171875,1322.1500244140625,1322.1500244140625,8042214,ICICI Bank,ICICIBANK.NS
2025-04-03,1308.3397216796875,1329.550048828125,1333.0,1321.25,1321.949951171875,4591008,ICICI Bank,ICICIBANK.NS
2025-04-04,1313.998046875,1335.300048828125,1338.550048828125,1322.0999755859375,1329.550048828125,8648542,ICICI Bank,ICICIBANK.NS
2025-04-07,1267.009765625,1287.550048828125,1325.0,1265.0,1295.25,19185012,ICICI Bank,ICICIBANK.NS
2025-04-08,1279.1627197265625,1299.9000244140625,1310.050048828125,1287.3499755859375,1299.8499755859375,13085762,ICICI Bank,ICICIBANK.NS
2025-04-09,1280.04833984375,1300.800048828125,1305.0999755859375,1284.5,1304.949951171875,13005622,ICICI Bank,ICICIBANK.NS
2025-04-11,1290.7252197265625,1311.6500244140625,1325.0,1305.0999755859375,1305.0999755859375,13064247,ICICI Bank,ICICIBANK.NS
2025-04-15,1328.66015625,1350.199951171875,1354.300048828125,1336.199951171875,1351.0,15202603,ICICI Bank,ICICIBANK.NS
2025-04-16,1334.7613525390625,1356.4000244140625,1359.699951171875,1342.9000244140625,1357.0,14039073,ICICI Bank,ICICIBANK.NS
2025-04-17,1384.2587890625,1406.699951171875,1408.9000244140625,1360.0999755859375,1362.0,17490424,ICICI Bank,ICICIBANK.NS
2025-04-21,1387.3095703125,1409.800048828125,1436.0,1404.699951171875,1436.0,16882426,ICICI Bank,ICICIBANK.NS
2025-04-22,1393.902587890625,1416.5,1418.800048828125,1398.9000244140625,1412.800048828125,16135274,ICICI Bank,ICICIBANK.NS
2025-04-23,1401.676513671875,1424.4000244140625,1429.9000244140625,1411.300048828125,1429.0,13990764,ICICI Bank,ICICIBANK.NS
2025-04-24,1380.3226318359375,1402.699951171875,1421.199951171875,1398.800048828125,1416.300048828125,15678099,ICICI Bank,ICICIBANK.NS
2025-04-25,1382.38916015625,1404.800048828125,1414.800048828125,1388.4000244140625,1410.0,11705093,ICICI Bank,ICICIBANK.NS
2025-04-28,1406.00634765625,1428.800048828125,1435.0,1403.800048828125,1405.5999755859375,10948561,ICICI Bank,ICICIBANK.NS
2025-04-29,1406.9903564453125,1429.800048828125,1438.300048828125,1422.5999755859375,1428.800048828125,10786910,ICICI Bank,ICICIBANK.NS
2025-04-30,1404.235107421875,1427.0,1433.699951171875,1400.0,1433.0,14192027,ICICI Bank,ICICIBANK.NS
2025-05-02,1407.2855224609375,1430.0999755859375,1446.5999755859375,1424.5999755859375,1426.9000244140625,8842434,ICICI Bank,ICICIBANK.NS
2025-05-05,1406.5968017578125,1429.4000244140625,1446.800048828125,1426.0,1440.0,4565705,ICICI Bank,ICICIBANK.NS
2025-05-06,1408.7615966796875,1431.5999755859375,1433.699951171875,1420.4000244140625,1429.0,6301690,ICICI Bank,ICICIBANK.NS
2025-05-07,1412.5010986328125,1435.4000244140625,1442.0,1421.0,1425.0,10480453,ICICI Bank,ICICIBANK.NS
2025-05-08,1412.5994873046875,1435.5,1448.9000244140625,1426.0999755859375,1438.5999755859375,15306490,ICICI Bank,ICICIBANK.NS
2025-05-09,1366.742919921875,1388.9000244140625,1419.9000244140625,1387.0,1415.199951171875,13491197,ICICI Bank,ICICIBANK.NS
2025-05-12,1425.39208984375,1448.5,1453.0,1404.0,1409.4000244140625,9925445,ICICI Bank,ICICIBANK.NS
2025-05-13,1407.777587890625,1430.5999755859375,1447.9000244140625,1427.4000244140625,1440.0999755859375,12475424,ICICI Bank,ICICIBANK.NS
2025-05-14,1403.44775390625,1426.199951171875,1440.699951171875,1417.300048828125,1429.9000244140625,8026837,ICICI Bank,ICICIBANK.NS
2025-05-15,1427.6553955078125,1450.800048828125,1456.5,1415.5,1425.9000244140625,18209264,ICICI Bank,ICICIBANK.NS
2025-05-16,1430.8043212890625,1454.0,1458.699951171875,1447.0,1453.300048828125,6439208,ICICI Bank,ICICIBANK.NS
2025-05-19,1425.8841552734375,1449.0,1459.699951171875,1443.800048828125,1446.5,6005334,ICICI Bank,ICICIBANK.NS
2025-05-20,1415.25634765625,1438.199951171875,1459.0,1435.5,1450.199951171875,11352383,ICICI Bank,ICICIBANK.NS
2025-05-21,1421.6527099609375,1444.699951171875,1451.300048828125,1438.5,1442.9000244140625,5510460,ICICI Bank,ICICIBANK.NS
2025-05-22,1419.0941162109375,1442.0999755859375,1445.300048828125,1427.800048828125,1441.0999755859375,7245933,ICICI Bank,ICICIBANK.NS
2025-05-23,1426.67138671875,1449.800048828125,1451.800048828125,1434.4000244140625,1442.199951171875,5203706,ICICI Bank,ICICIBANK.NS
2025-05-26,1437.2989501953125,1460.5999755859375,1471.5999755859375,1455.0,1458.0,5608725,ICICI Bank,ICICIBANK.NS
2025-05-27,1423.3255615234375,1446.4000244140625,1463.0,1435.699951171875,1452.5,14842959,ICICI Bank,ICICIBANK.NS
2025-05-28,1430.6075439453125,1453.800048828125,1458.0,1442.5,1447.5999755859375,8618343,ICICI Bank,ICICIBANK.NS
2025-05-29,1433.264404296875,1456.5,1462.9000244140625,1445.0,1456.5999755859375,15545514,ICICI Bank,ICICIBANK.NS
2025-05-30,1422.7352294921875,1445.800048828125,1460.9000244140625,1444.300048828125,1459.9000244140625,11803975,ICICI Bank,ICICIBANK.NS
2025-06-02,1427.3602294921875,1450.5,1460.0,1432.800048828125,1442.0,9458990,ICICI Bank,ICICIBANK.NS
2025-06-03,1414.961181640625,1437.9000244140625,1455.0,1432.0,1454.9000244140625,11167345,ICICI Bank,ICICIBANK.NS
2025-06-04,1408.1712646484375,1431.0,1440.0999755859375,1426.4000244140625,1437.4000244140625,8025388,ICICI Bank,ICICIBANK.NS
2025-06-05,1431.591552734375,1454.800048828125,1459.0,1427.300048828125,1430.9000244140625,11385668,ICICI Bank,ICICIBANK.NS
2025-06-06,1436.413330078125,1459.699951171875,1461.4000244140625,1442.0999755859375,1448.5999755859375,11580994,ICICI Bank,ICICIBANK.NS
2025-06-09,1411.9107666015625,1434.800048828125,1466.800048828125,1433.4000244140625,1465.0,11022031,ICICI Bank,ICICIBANK.NS
2025-06-10,1400.200439453125,1422.9000244140625,1441.699951171875,1416.5,1439.0,12905272,ICICI Bank,ICICIBANK.NS
2025-06-11,1408.1712646484375,1431.0,1434.5,1418.5999755859375,1421.800048828125,7136877,ICICI Bank,ICICIBANK.NS
2025-06-12,1402.4637451171875,1425.199951171875,1436.5,1420.0,1430.5,7953247,ICICI Bank,ICICIBANK.NS
2025-06-13,1393.5089111328125,1416.0999755859375,1421.5,1403.5999755859375,1403.5999755859375,7573103,ICICI Bank,ICICIBANK.NS
2025-06-16,1404.13671875,1426.9000244140625,1429.0,1414.199951171875,1416.5999755859375,5451137,ICICI Bank,ICICIBANK.NS
2025-06-17,1400.49560546875,1423.199951171875,1429.800048828125,1417.800048828125,1426.9000244140625,6970098,ICICI Bank,ICICIBANK.NS
2025-06-18,1390.064697265625,1412.5999755859375,1432.0,1410.199951171875,1417.0,6751745,ICICI Bank,ICICIBANK.NS
2025-06-19,1388.78564453125,1411.300048828125,1414.699951171875,1404.699951171875,1408.0,8849883,ICICI Bank,ICICIBANK.NS
2025-06-20,1404.33349609375,1427.0999755859375,1433.300048828125,1410.199951171875,1411.300048828125,12408178,ICICI Bank,ICICIBANK.NS
2025-06-23,1397.4451904296875,1420.0999755859375,1423.199951171875,1411.9000244140625,1417.0,5514384,ICICI Bank,ICICIBANK.NS
2025-06-24,1401.38134765625,1424.0999755859375,1435.9000244140625,1416.5,1427.699951171875,11188438,ICICI Bank,ICICIBANK.NS
2025-06-25,1403.05419921875,1425.800048828125,1428.9000244140625,1415.300048828125,1422.0,7527388,ICICI Bank,ICICIBANK.NS
2025-06-26,1416.1419677734375,1439.0999755859375,1447.5,1421.699951171875,1424.800048828125,13617435,ICICI Bank,ICICIBANK.NS
2025-06-27,1438.8734130859375,1462.199951171875,1466.0,1437.0999755859375,1438.9000244140625,22532899,ICICI Bank,ICICIBANK.NS
2025-06-30,1422.7352294921875,1445.800048828125,1461.9000244140625,1442.300048828125,1461.800048828125,6325073,ICICI Bank,ICICIBANK.NS
2025-07-01,1409.1552734375,1432.0,1447.5999755859375,1429.5999755859375,1445.699951171875,7761449,ICICI Bank,ICICIBANK.NS
2025-07-02,1405.0223388671875,1427.800048828125,1451.0,1422.5999755859375,1432.199951171875,13372280,ICICI Bank,ICICIBANK.NS
2025-07-03,1403.152587890625,1425.9000244140625,1446.0999755859375,1423.699951171875,1432.0999755859375,10177738,ICICI Bank,ICICIBANK.NS
2025-07-04,1419.7830810546875,1442.800048828125,1444.4000244140625,1421.0999755859375,1427.0,5066503,ICICI Bank,ICICIBANK.NS
2025-07-07,1412.796142578125,1435.699951171875,1440.9000244140625,1429.5999755859375,1437.0,5177477,ICICI Bank,ICICIBANK.NS
2025-07-08,1418.9957275390625,1442.0,1445.0,1430.0,1432.0,5315847,ICICI Bank,ICICIBANK.NS
2025-07-09,1409.0570068359375,1431.9000244140625,1438.699951171875,1426.5999755859375,1436.199951171875,8827347,ICICI Bank,ICICIBANK.NS
2025-07-10,1401.38134765625,1424.0999755859375,1439.0,1422.0999755859375,1436.800048828125,7795964,ICICI Bank,ICICIBANK.NS
2025-07-11,1399.2164306640625,1421.9000244140625,1428.0,1414.5999755859375,1422.0,7158015,ICICI Bank,ICICIBANK.NS
2025-07-14,1400.2989501953125,1423.0,1424.9000244140625,1416.0999755859375,1424.9000244140625,5846154,ICICI Bank,ICICIBANK.NS
2025-07-15,1407.9744873046875,1430.800048828125,1433.800048828125,1419.0,1421.0999755859375,6041457,ICICI Bank,ICICIBANK.NS
2025-07-16,1403.6446533203125,1426.4000244140625,1429.199951171875,1419.0999755859375,1426.0,5649093,ICICI Bank,ICICIBANK.NS
2025-07-17,1396.0675048828125,1418.699951171875,1423.199951171875,1409.5,1421.0,12927394,ICICI Bank,ICICIBANK.NS
2025-07-18,1403.05419921875,1425.800048828125,1429.0,1408.5,1415.800048828125,11297246,ICICI Bank,ICICIBANK.NS
2025-07-21,1442.4161376953125,1465.800048828125,1467.699951171875,1437.0,1448.0,13867136,ICICI Bank,ICICIBANK.NS
2025-07-22,1450.0916748046875,1473.5999755859375,1482.0,1469.699951171875,1474.0999755859375,8930165,ICICI Bank,ICICIBANK.NS
2025-07-23,1464.852294921875,1488.5999755859375,1490.0,1472.5999755859375,1482.9000244140625,11974174,ICICI Bank,ICICIBANK.NS
2025-07-24,1459.7353515625,1483.4000244140625,1488.699951171875,1478.0999755859375,1487.699951171875,6700578,ICICI Bank,ICICIBANK.NS
2025-07-25,1453.5357666015625,1477.0999755859375,1500.0,1473.5999755859375,1500.0,8696077,ICICI Bank,ICICIBANK.NS
2025-07-28,1464.6556396484375,1488.4000244140625,1493.800048828125,1477.0999755859375,1477.0999755859375,7507479,ICICI Bank,ICICIBANK.NS
2025-07-29,1462.4906005859375,1486.199951171875,1489.800048828125,1475.4000244140625,1479.9000244140625,9776027,ICICI Bank,ICICIBANK.NS
2025-07-30,1458.7513427734375,1482.4000244140625,1488.5,1477.300048828125,1487.699951171875,7238625,ICICI Bank,ICICIBANK.NS
2025-07-31,1457.767333984375,1481.4000244140625,1494.5,1464.0,1469.9000244140625,12406146,ICICI Bank,ICICIBANK.NS
2025-08-01,1448.12353515625,1471.5999755859375,1485.0999755859375,1469.800048828125,1480.4000244140625,4416771,ICICI Bank,ICICIBANK.NS
2025-08-04,1439.8575439453125,1463.199951171875,1478.800048828125,1461.300048828125,1476.800048828125,6140054,ICICI Bank,ICICIBANK.NS
2025-08-05,1421.357421875,1444.4000244140625,1461.5,1441.0,1453.0,14799343,ICICI Bank,ICICIBANK.NS
2025-08-06,1420.5703125,1443.5999755859375,1454.0,1441.5999755859375,1442.300048828125,7805252,ICICI Bank,ICICIBANK.NS
2025-08-07,1417.322998046875,1440.300048828125,1447.9000244140625,1429.0999755859375,1441.0999755859375,7432535,ICICI Bank,ICICIBANK.NS
2025-08-08,1412.9931640625,1435.9000244140625,1447.5999755859375,1432.0,1445.9000244140625,5415511,ICICI Bank,ICICIBANK.NS
2025-08-11,1413.681884765625,1436.5999755859375,1438.4000244140625,1420.4000244140625,1427.9000244140625,8492484,ICICI Bank,ICICIBANK.NS
2025-08-12,1410.112060546875,1422.0,1433.800048828125,1420.0999755859375,1431.0,5913947,ICICI Bank,ICICIBANK.NS
2025-08-13,1408.922119140625,1420.800048828125,1427.699951171875,1415.199951171875,1424.5999755859375,9009465,ICICI Bank,ICICIBANK.NS
2025-08-14,1415.3677978515625,1427.300048828125,1431.0999755859375,1412.0,1412.0,7577793,ICICI Bank,ICICIBANK.NS
2025-08-18,1422.606689453125,1434.5999755859375,1452.4000244140625,1431.0,1450.0,6908844,ICICI Bank,ICICIBANK.NS
2025-08-19,1424.29248046875,1436.300048828125,1438.5,1426.300048828125,1431.0999755859375,6709554,ICICI Bank,ICICIBANK.NS
2025-08-20,1418.64013671875,1430.5999755859375,1435.9000244140625,1423.0,1432.5999755859375,5817858,ICICI Bank,ICICIBANK.NS
2025-08-21,1433.911376953125,1446.0,1447.800048828125,1436.4000244140625,1440.0999755859375,6238645,ICICI Bank,ICICIBANK.NS
2025-08-22,1424.3917236328125,1436.4000244140625,1446.0,1429.4000244140625,1444.300048828125,6657207,ICICI Bank,ICICIBANK.NS
2025-08-25,1421.2183837890625,1433.199951171875,1435.9000244140625,1424.0,1435.9000244140625,6738427,ICICI Bank,ICICIBANK.NS
2025-08-26,1404.7572021484375,1416.5999755859375,1427.9000244140625,1413.0999755859375,1427.9000244140625,8720155,ICICI Bank,ICICIBANK.NS
2025-08-28,1387.4034423828125,1399.0999755859375,1411.800048828125,1396.300048828125,1408.0,12990789,ICICI Bank,ICICIBANK.NS
2025-08-29,1386.1143798828125,1397.800048828125,1405.0,1392.0999755859375,1392.0999755859375,8519507,ICICI Bank,ICICIBANK.NS
2025-09-01,1399.2039794921875,1411.0,1412.4000244140625,1398.0999755859375,1398.0999755859375,4927348,ICICI Bank,ICICIBANK.NS
2025-09-02,1382.54443359375,1394.199951171875,1413.9000244140625,1390.0,1413.9000244140625,7163073,ICICI Bank,ICICIBANK.NS
2025-09-03,1385.321044921875,1397.0,1400.0,1384.199951171875,1389.0,9813382,ICICI Bank,ICICIBANK.NS
2025-09-04,1393.75,1405.5,1415.0999755859375,1401.9000244140625,1409.9000244140625,10564859,ICICI Bank,ICICIBANK.NS
2025-09-05,1391.0726318359375,1402.800048828125,1411.5,1387.699951171875,1411.0,6621077,ICICI Bank,ICICIBANK.NS
2025-09-08,1390.973388671875,1402.699951171875,1410.5999755859375,1397.5999755859375,1402.199951171875,5880943,ICICI Bank,ICICIBANK.NS
2025-09-09,1391.9649658203125,1403.699951171875,1407.5,1395.199951171875,1399.0,6470679,ICICI Bank,ICICIBANK.NS
2025-09-10,1392.163330078125,1403.9000244140625,1413.699951171875,1402.0999755859375,1410.0,7452347,ICICI Bank,ICICIBANK.NS
2025-09-11,1389.882568359375,1401.5999755859375,1408.0,1396.0,1398.0,10192026,ICICI Bank,ICICIBANK.NS
2025-09-12,1405.847900390625,1417.699951171875,1419.699951171875,1400.0999755859375,1405.0999755859375,7770038,ICICI Bank,ICICIBANK.NS
2025-09-15,1407.5338134765625,1419.4000244140625,1426.800048828125,1416.300048828125,1422.0,5845637,ICICI Bank,ICICIBANK.NS
2025-09-16,1409.71533203125,1421.5999755859375,1424.9000244140625,1413.699951171875,1414.0,8213151,ICICI Bank,ICICIBANK.NS
2025-09-17,1407.33544921875,1419.199951171875,1426.0999755859375,1416.4000244140625,1420.0999755859375,7484283,ICICI Bank,ICICIBANK.NS
2025-09-18,1409.814453125,1421.699951171875,1432.800048828125,1415.300048828125,1431.0999755859375,8130537,ICICI Bank,ICICIBANK.NS
2025-09-19,1390.4775390625,1402.199951171875,1418.0,1400.199951171875,1416.0999755859375,13457344,ICICI Bank,ICICIBANK.NS
2025-09-22,1389.783447265625,1401.5,1409.9000244140625,1397.199951171875,1403.9000244140625,8847948,ICICI Bank,ICICIBANK.NS
2025-09-23,1382.6436767578125,1394.300048828125,1403.300048828125,1391.0,1391.0,12827524,ICICI Bank,ICICIBANK.NS
2025-09-24,1371.1405029296875,1382.699951171875,1390.9000244140625,1376.5,1386.4000244140625,9735678,ICICI Bank,ICICIBANK.NS
2025-09-25,1364.29833984375,1375.800048828125,1391.5,1371.800048828125,1377.0,21613389,ICICI Bank,ICICIBANK.NS
2025-09-26,1348.233642578125,1359.5999755859375,1372.699951171875,1357.0,1368.0,18342280,ICICI Bank,ICICIBANK.NS
2025-09-29,1336.829833984375,1348.0999755859375,1366.5,1346.199951171875,1359.5999755859375,20563163,ICICI Bank,ICICIBANK.NS
2025-09-30,1336.730712890625,1348.0,1356.5999755859375,1342.5999755859375,1353.699951171875,20166871,ICICI Bank,ICICIBANK.NS
2025-10-01,1360.530029296875,1372.0,1379.4000244140625,1347.0999755859375,1348.0,20952632,ICICI Bank,ICICIBANK.NS
2025-10-03,1353.786865234375,1365.199951171875,1371.9000244140625,1361.300048828125,1371.9000244140625,12163695,ICICI Bank,ICICIBANK.NS
2025-10-06,1352.001953125,1363.4000244140625,1372.5999755859375,1359.0999755859375,1371.0,14314283,ICICI Bank,ICICIBANK.NS
2025-10-07,1364.3974609375,1375.9000244140625,1383.0999755859375,1363.5999755859375,1363.5999755859375,16126464,ICICI Bank,ICICIBANK.NS
2025-10-08,1358.8443603515625,1370.300048828125,1381.5999755859375,1364.300048828125,1372.300048828125,8100832,ICICI Bank,ICICIBANK.NS
2025-10-09,1364.69482421875,1376.199951171875,1378.699951171875,1365.0999755859375,1369.800048828125,7909575,ICICI Bank,ICICIBANK.NS
2025-10-10,1368.7607421875,1380.300048828125,1385.0,1370.300048828125,1370.300048828125,7673816,ICICI Bank,ICICIBANK.NS
2025-10-13,1367.8681640625,1379.4000244140625,1386.4000244140625,1373.0999755859375,1373.0999755859375,8923018,ICICI Bank,ICICIBANK.NS
2025-10-14,1372.52880859375,1384.0999755859375,1389.0,1375.0999755859375,1389.0,10610855,ICICI Bank,ICICIBANK.NS
2025-10-15,1386.7093505859375,1398.4000244140625,1400.4000244140625,1385.5,1386.5,8988550,ICICI Bank,ICICIBANK.NS
2025-10-16,1405.451416015625,1417.300048828125,1418.9000244140625,1399.4000244140625,1401.0,12185032,ICICI Bank,ICICIBANK.NS
2025-10-17,1424.5899658203125,1436.5999755859375,1439.5999755859375,1410.9000244140625,1412.0,17037215,ICICI Bank,ICICIBANK.NS
2025-10-20,1378.6771240234375,1390.300048828125,1445.0,1389.199951171875,1442.0,23330227,ICICI Bank,ICICIBANK.NS
2025-10-21,1370.4464111328125,1382.0,1387.5999755859375,1375.9000244140625,1384.5,3415560,ICICI Bank,ICICIBANK.NS
2025-10-23,1352.2994384765625,1363.699951171875,1389.800048828125,1360.0999755859375,1385.0,21124942,ICICI Bank,ICICIBANK.NS
2025-10-24,1366.182373046875,1377.699951171875,1381.5999755859375,1368.0999755859375,1368.0999755859375,10570263,ICICI Bank,ICICIBANK.NS
2025-10-27,1366.083251953125,1377.5999755859375,1386.800048828125,1374.0,1382.0999755859375,11499836,ICICI Bank,ICICIBANK.NS
2025-10-28,1351.7044677734375,1363.0999755859375,1375.800048828125,1356.199951171875,1373.0,26477914,ICICI Bank,ICICIBANK.NS
2025-10-29,1358.9434814453125,1370.4000244140625,1371.699951171875,1358.4000244140625,1364.5999755859375,16129382,ICICI Bank,ICICIBANK.NS
2025-10-30,1351.0103759765625,1362.4000244140625,1370.199951171875,1361.300048828125,1362.4000244140625,9324401,ICICI Bank,ICICIBANK.NS
2025-10-31,1334.0533447265625,1345.300048828125,1362.0,1343.300048828125,1357.0,15926798,ICICI Bank,ICICIBANK.NS
2025-11-03,1335.14404296875,1346.4000244140625,1351.5999755859375,1337.9000244140625,1340.5,11071450,ICICI Bank,ICICIBANK.NS
2025-11-04,1325.7235107421875,1336.9000244140625,1349.800048828125,1333.199951171875,1342.5999755859375,15211183,ICICI Bank,ICICIBANK.NS
2025-11-06,1309.3614501953125,1320.4000244140625,1342.199951171875,1317.4000244140625,1330.0,24221853,ICICI Bank,ICICIBANK.NS
2025-11-07,1331.7724609375,1343.0,1344.300048828125,1318.5999755859375,1320.4000244140625,7719245,ICICI Bank,ICICIBANK.NS
2025-11-10,1336.730712890625,1348.0,1349.5999755859375,1341.0,1342.9000244140625,8542340,ICICI Bank,ICICIBANK.NS
2025-11-11,1346.944580078125,1358.300048828125,1360.4000244140625,1346.199951171875,1349.0,8305184,ICICI Bank,ICICIBANK.NS
2025-11-12,1347.53955078125,1358.9000244140625,1370.0,1355.4000244140625,1370.0,9736761,ICICI Bank,ICICIBANK.NS
2025-11-13,1374.3138427734375,1385.9000244140625,1390.4000244140625,1358.5,1358.9000244140625,18296626,ICICI Bank,ICICIBANK.NS
2025-11-14,1361.521728515625,1373.0,1381.199951171875,1363.199951171875,1374.0,9694498,ICICI Bank,ICICIBANK.NS
2025-11-17,1367.4715576171875,1379.0,1382.5,1373.5999755859375,1375.0999755859375,7660717,ICICI Bank,ICICIBANK.NS
2025-11-18,1361.9183349609375,1373.4000244140625,1382.800048828125,1369.0999755859375,1380.199951171875,9529560,ICICI Bank,ICICIBANK.NS
2025-11-19,1371.5372314453125,1383.0999755859375,1384.0,1371.5999755859375,1373.5,10393918,ICICI Bank,ICICIBANK.NS
2025-11-20,1371.4381103515625,1383.0,1388.300048828125,1375.4000244140625,1380.0999755859375,10131863,ICICI Bank,ICICIBANK.NS
2025-11-21,1358.0509033203125,1369.5,1376.0,1364.5999755859375,1373.0,11483595,ICICI Bank,ICICIBANK.NS
2025-11-24,1356.960205078125,1368.4000244140625,1377.0,1361.5,1373.300048828125,15896003,ICICI Bank,ICICIBANK.NS
2025-11-25,1346.4488525390625,1357.800048828125,1376.9000244140625,1354.300048828125,1365.0,12235000,ICICI Bank,ICICIBANK.NS
2025-11-26,1363.5050048828125,1375.0,1377.0,1359.9000244140625,1360.0,9659004,ICICI Bank,ICICIBANK.NS
2025-11-27,1380.5611572265625,1392.199951171875,1394.0,1375.699951171875,1379.0,15158741,ICICI Bank,ICICIBANK.NS
2025-11-28,1377.189697265625,1388.800048828125,1398.5,1385.5999755859375,1392.0,7683986,ICICI Bank,ICICIBANK.NS
2025-12-01,1378.478759765625,1390.0999755859375,1400.0,1385.4000244140625,1394.0,8867593,ICICI Bank,ICICIBANK.NS
2025-12-02,1361.521728515625,1373.0,1381.800048828125,1370.5999755859375,1381.800048828125,12126396,ICICI Bank,ICICIBANK.NS
2025-12-03,1379.8670654296875,1391.5,1394.199951171875,1367.0,1367.0,7955933,ICICI Bank,ICICIBANK.NS
2025-12-04,1375.1070556640625,1386.699951171875,1391.5999755859375,1379.9000244140625,1387.0,7373909,ICICI Bank,ICICIBANK.NS
2025-12-05,1380.858642578125,1392.5,1395.300048828125,1381.0,1381.0,4942638,ICICI Bank,ICICIBANK.NS
2025-12-08,1377.98291015625,1389.5999755859375,1394.9000244140625,1383.300048828125,1387.0,7826227,ICICI Bank,ICICIBANK.NS
2025-12-09,1363.7032470703125,1375.199951171875,1384.300048828125,1373.4000244140625,1379.9000244140625,10492030,ICICI Bank,ICICIBANK.NS
2025-12-10,1352.2001953125,1363.5999755859375,1379.4000244140625,1357.9000244140625,1377.9000244140625,8725381,ICICI Bank,ICICIBANK.NS
2025-12-11,1348.63037109375,1360.0,1366.5999755859375,1352.800048828125,1363.699951171875,6734750,ICICI Bank,ICICIBANK.NS
2025-12-12,1354.5802001953125,1366.0,1370.699951171875,1363.300048828125,1368.0,3890885,ICICI Bank,ICICIBANK.NS
2025-12-15,1353.786865234375,1365.199951171875,1370.0,1356.0999755859375,1356.0999755859375,5342530,ICICI Bank,ICICIBANK.NS
2025-12-16,1354.5802001953125,1366.0,1368.699951171875,1355.5,1364.0,12359741,ICICI Bank,ICICIBANK.NS
2025-12-17,1341.0938720703125,1352.4000244140625,1365.0,1343.0999755859375,1365.0,9440391,ICICI Bank,ICICIBANK.NS
2025-12-18,1345.4571533203125,1356.800048828125,1369.5,1345.5,1346.300048828125,7314573,ICICI Bank,ICICIBANK.NS
2025-12-19,1342.7796630859375,1354.0999755859375,1360.4000244140625,1350.800048828125,1354.0,14318512,ICICI Bank,ICICIBANK.NS
2025-12-22,1357.059326171875,1368.5,1371.300048828125,1354.800048828125,1358.0,9375294,ICICI Bank,ICICIBANK.NS
2025-12-23,1351.605224609375,1363.0,1365.0,1357.0,1361.0999755859375,9105467,ICICI Bank,ICICIBANK.NS
2025-12-24,1348.43212890625,1359.800048828125,1368.199951171875,1357.5999755859375,1363.800048828125,8955140,ICICI Bank,ICICIBANK.NS
2025-12-26,1339.110595703125,1350.4000244140625,1362.0,1348.5,1356.5,2812144,ICICI Bank,ICICIBANK.NS
2025-12-29,1332.070068359375,1343.300048828125,1355.699951171875,1341.5,1352.0999755859375,6057201,ICICI Bank,ICICIBANK.NS
2025-12-30,1331.276611328125,1342.5,1347.0999755859375,1338.0999755859375,1343.300048828125,18621277,ICICI Bank,ICICIBANK.NS
2025-12-31,1331.67333984375,1342.9000244140625,1350.0,1339.5,1342.800048828125,6150634,ICICI Bank,ICICIBANK.NS
2026-01-01,1326.8143310546875,1338.0,1348.4000244140625,1336.0,1343.9000244140625,4179311,ICICI Bank,ICICIBANK.NS
2026-01-02,1344.06884765625,1355.4000244140625,1356.9000244140625,1336.300048828125,1338.0,8226205,ICICI Bank,ICICIBANK.NS
2026-01-05,1360.0341796875,1371.5,1375.5,1352.5999755859375,1354.199951171875,6920565,ICICI Bank,ICICIBANK.NS
2026-01-06,1399.4022216796875,1411.199951171875,1413.5999755859375,1366.0,1372.0,17260416,ICICI Bank,ICICIBANK.NS
2026-01-07,1415.7642822265625,1427.699951171875,1429.9000244140625,1404.199951171875,1408.0,15813795,ICICI Bank,ICICIBANK.NS
2026-01-08,1423.00341796875,1435.0,1442.199951171875,1423.300048828125,1429.0,14861699,ICICI Bank,ICICIBANK.NS
2026-01-09,1392.56005859375,1404.300048828125,1429.5,1401.5,1427.0999755859375,12555636,ICICI Bank,ICICIBANK.NS
2026-01-12,1401.286376953125,1413.0999755859375,1424.300048828125,1391.699951171875,1399.9000244140625,10923811,ICICI Bank,ICICIBANK.NS
2026-01-13,1424.9866943359375,1437.0,1441.800048828125,1411.0999755859375,1420.0,14295581,ICICI Bank,ICICIBANK.NS
2026-01-14,1406.5421142578125,1418.4000244140625,1443.9000244140625,1414.9000244140625,1425.5999755859375,13832255,ICICI Bank,ICICIBANK.NS
2026-01-15,1406.5421142578125,1418.4000244140625,1418.4000244140625,1418.4000244140625,1418.4000244140625,0,ICICI Bank,ICICIBANK.NS
2026-01-16,1399.0057373046875,1410.800048828125,1429.0,1400.199951171875,1417.9000244140625,12530886,ICICI Bank,ICICIBANK.NS
2026-01-19,1369.05810546875,1380.5999755859375,1400.0,1360.0,1399.9000244140625,23302883,ICICI Bank,ICICIBANK.NS
2026-01-20,1364.29833984375,1375.800048828125,1387.800048828125,1371.5,1374.699951171875,15012785,ICICI Bank,ICICIBANK.NS
2026-01-21,1337.7222900390625,1349.0,1371.5,1339.5,1367.5,21766068,ICICI Bank,ICICIBANK.NS
2026-01-22,1334.2515869140625,1345.5,1358.0,1338.0,1355.0999755859375,17179765,ICICI Bank,ICICIBANK.NS
2026-01-23,1332.169189453125,1343.4000244140625,1355.199951171875,1335.699951171875,1340.5,14056524,ICICI Bank,ICICIBANK.NS
2026-01-27,1350.0186767578125,1361.4000244140625,1369.0999755859375,1328.5999755859375,1340.0,25263634,ICICI Bank,ICICIBANK.NS
2026-01-28,1356.2659912109375,1367.699951171875,1380.4000244140625,1362.5999755859375,1362.5999755859375,13242696,ICICI Bank,ICICIBANK.NS
2026-01-29,1372.0330810546875,1383.5999755859375,1387.699951171875,1354.4000244140625,1359.0,23118234,ICICI Bank,ICICIBANK.NS
2026-01-30,1343.672119140625,1355.0,1381.9000244140625,1353.199951171875,1368.199951171875,24013717,ICICI Bank,ICICIBANK.NS
2026-02-02,1341.4906005859375,1352.800048828125,1354.4000244140625,1329.0999755859375,1329.9000244140625,12800245,ICICI Bank,ICICIBANK.NS
2026-02-03,1378.08203125,1389.699951171875,1417.0,1373.4000244140625,1412.0,24896698,ICICI Bank,ICICIBANK.NS
2026-02-04,1396.625732421875,1408.4000244140625,1414.0,1386.9000244140625,1387.0,11080683,ICICI Bank,ICICIBANK.NS
2026-02-05,1384.8251953125,1396.5,1414.0,1393.199951171875,1414.0,8982761,ICICI Bank,ICICIBANK.NS
2026-02-06,1394.344970703125,1406.0999755859375,1410.5,1394.699951171875,1396.699951171875,10851190,ICICI Bank,ICICIBANK.NS
2026-02-09,1384.626953125,1396.300048828125,1414.0,1388.800048828125,1413.5,7889742,ICICI Bank,ICICIBANK.NS
2026-02-10,1394.7415771484375,1406.5,1409.5,1395.5,1401.0,16497628,ICICI Bank,ICICIBANK.NS
2026-02-11,1394.344970703125,1406.0999755859375,1413.0,1400.4000244140625,1407.4000244140625,8551341,ICICI Bank,ICICIBANK.NS
2026-02-12,1418.045166015625,1430.0,1433.0,1405.300048828125,1406.0999755859375,19646265,ICICI Bank,ICICIBANK.NS
2026-02-13,1402.77392578125,1414.5999755859375,1434.4000244140625,1410.699951171875,1425.300048828125,12228083,ICICI Bank,ICICIBANK.NS
2026-02-16,1399.7989501953125,1411.5999755859375,1414.0,1400.5,1404.0,5000042,ICICI Bank,ICICIBANK.NS
2026-02-17,1395.7332763671875,1407.5,1413.5999755859375,1393.5999755859375,1406.199951171875,11756187,ICICI Bank,ICICIBANK.NS
2026-02-18,1396.4273681640625,1408.199951171875,1412.300048828125,1398.9000244140625,1410.0999755859375,4758071,ICICI Bank,ICICIBANK.NS
2026-02-19,1377.189697265625,1388.800048828125,1412.300048828125,1384.800048828125,1408.5,14323091,ICICI Bank,ICICIBANK.NS
2026-02-20,1382.8419189453125,1394.5,1403.699951171875,1384.0,1388.5,10337877,ICICI Bank,ICICIBANK.NS
2026-02-23,1387.7010498046875,1399.4000244140625,1408.300048828125,1395.300048828125,1400.0,10728445,ICICI Bank,ICICIBANK.NS
2026-02-24,1373.2230224609375,1384.800048828125,1400.9000244140625,1382.300048828125,1400.9000244140625,18274784,ICICI Bank,ICICIBANK.NS
2026-02-25,1388.791748046875,1400.5,1407.4000244140625,1388.199951171875,1391.800048828125,16297015,ICICI Bank,ICICIBANK.NS
2026-02-26,1393.155029296875,1404.9000244140625,1410.0,1392.0999755859375,1405.0999755859375,27288792,ICICI Bank,ICICIBANK.NS
2026-02-27,1367.3724365234375,1378.9000244140625,1402.199951171875,1376.699951171875,1400.0,15096898,ICICI Bank,ICICIBANK.NS
2026-03-02,1362.5133056640625,1374.0,1379.199951171875,1355.0,1355.0,16928683,ICICI Bank,ICICIBANK.NS
2026-03-04,1353.9852294921875,1365.4000244140625,1376.0,1326.0,1326.0,20009132,ICICI Bank,ICICIBANK.NS
2026-03-05,1346.2503662109375,1357.5999755859375,1370.800048828125,1347.5999755859375,1368.9000244140625,17590491,ICICI Bank,ICICIBANK.NS
2026-03-06,1302.419921875,1313.4000244140625,1357.5999755859375,1310.4000244140625,1339.0,22778852,ICICI Bank,ICICIBANK.NS
2026-03-09,1267.7125244140625,1278.4000244140625,1282.699951171875,1251.0999755859375,1272.699951171875,16116652,ICICI Bank,ICICIBANK.NS
2026-03-10,1300.9324951171875,1311.9000244140625,1315.0,1285.5999755859375,1287.5999755859375,19136143,ICICI Bank,ICICIBANK.NS
2026-03-11,1283.777099609375,1294.5999755859375,1306.5,1290.9000244140625,1300.0,13224259,ICICI Bank,ICICIBANK.NS
2026-03-12,1255.9119873046875,1266.5,1280.5,1258.300048828125,1275.699951171875,19676187,ICICI Bank,ICICIBANK.NS
2026-03-13,1244.3099365234375,1254.800048828125,1262.300048828125,1248.699951171875,1251.9000244140625,17344394,ICICI Bank,ICICIBANK.NS
2026-03-16,1262.258544921875,1272.9000244140625,1276.800048828125,1240.0999755859375,1255.0,22740688,ICICI Bank,ICICIBANK.NS
2026-03-17,1277.9263916015625,1288.699951171875,1294.4000244140625,1273.0,1278.9000244140625,22303102,ICICI Bank,ICICIBANK.NS
2026-03-18,1278.521484375,1289.300048828125,1297.0999755859375,1270.800048828125,1286.0,12961135,ICICI Bank,ICICIBANK.NS
2026-03-19,1239.6490478515625,1250.0999755859375,1285.9000244140625,1243.699951171875,1267.5999755859375,14422899,ICICI Bank,ICICIBANK.NS
2026-03-20,1234.9884033203125,1245.4000244140625,1274.0,1241.699951171875,1258.4000244140625,16421006,ICICI Bank,ICICIBANK.NS
2026-03-23,1212.4781494140625,1222.699951171875,1234.9000244140625,1218.0999755859375,1226.5999755859375,17049534,ICICI Bank,ICICIBANK.NS
2026-03-24,1240.7398681640625,1251.199951171875,1253.9000244140625,1223.699951171875,1237.0999755859375,20617782,ICICI Bank,ICICIBANK.NS
2026-03-25,1249.1688232421875,1259.699951171875,1272.9000244140625,1254.4000244140625,1258.9000244140625,17290030,ICICI Bank,ICICIBANK.NS
2026-03-27,1223.4854736328125,1233.800048828125,1260.9000244140625,1230.0999755859375,1256.0,23630905,ICICI Bank,ICICIBANK.NS
2026-03-30,1195.8187255859375,1205.9000244140625,1222.5999755859375,1200.4000244140625,1216.5,23952775,ICICI Bank,ICICIBANK.NS
2026-04-01,1202.561767578125,1212.699951171875,1234.0,1210.0,1228.0999755859375,25472333,ICICI Bank,ICICIBANK.NS
2026-04-02,1205.635986328125,1215.800048828125,1222.0999755859375,1187.5999755859375,1196.0,20851722,ICICI Bank,ICICIBANK.NS
2026-04-06,1221.10546875,1231.4000244140625,1234.4000244140625,1200.5,1213.0,10058414,ICICI Bank,ICICIBANK.NS
2026-04-07,1235.0875244140625,1245.5,1250.4000244140625,1216.5999755859375,1229.0,25600557,ICICI Bank,ICICIBANK.NS
2026-04-08,1298.2550048828125,1309.199951171875,1333.5,1292.4000244140625,1310.0,25148651,ICICI Bank,ICICIBANK.NS
2026-04-09,1270.58837890625,1281.300048828125,1308.0,1275.9000244140625,1299.9000244140625,22923062,ICICI Bank,ICICIBANK.NS
2026-04-10,1310.848876953125,1321.9000244140625,1324.0,1288.5,1289.0,18174755,ICICI Bank,ICICIBANK.NS
2026-04-13,1339.8046875,1351.0999755859375,1357.0,1296.699951171875,1304.9000244140625,30572141,ICICI Bank,ICICIBANK.NS
2026-04-15,1336.829833984375,1348.0999755859375,1364.800048828125,1338.0,1358.0,23827473,ICICI Bank,ICICIBANK.NS
2026-04-16,1334.2515869140625,1345.5,1366.9000244140625,1340.199951171875,1352.0,24017236,ICICI Bank,ICICIBANK.NS
2026-04-17,1335.540771484375,1346.800048828125,1352.9000244140625,1334.0,1347.0,18151993,ICICI Bank,ICICIBANK.NS
2026-04-20,1344.862060546875,1356.199951171875,1376.4000244140625,1353.0,1364.699951171875,21551520,ICICI Bank,ICICIBANK.NS
2026-04-21,1376.79296875,1388.4000244140625,1393.0999755859375,1360.0,1368.0,23312455,ICICI Bank,ICICIBANK.NS
2026-04-22,1356.166748046875,1367.5999755859375,1380.0999755859375,1365.0,1380.0,13613487,ICICI Bank,ICICIBANK.NS
2026-04-23,1336.730712890625,1348.0,1354.0,1343.5,1348.4000244140625,20111792,ICICI Bank,ICICIBANK.NS
2026-04-24,1315.1129150390625,1326.199951171875,1348.800048828125,1324.0,1336.300048828125,14056743,ICICI Bank,ICICIBANK.NS
2026-04-27,1303.114013671875,1314.0999755859375,1335.9000244140625,1310.9000244140625,1327.9000244140625,15385625,ICICI Bank,ICICIBANK.NS
2026-04-28,1281.1988525390625,1292.0,1317.699951171875,1286.699951171875,1314.300048828125,16774778,ICICI Bank,ICICIBANK.NS
2026-04-29,1270.290771484375,1281.0,1296.800048828125,1276.199951171875,1294.699951171875,11716030,ICICI Bank,ICICIBANK.NS
2026-04-30,1252.8380126953125,1263.4000244140625,1272.199951171875,1259.0,1261.0,17740110,ICICI Bank,ICICIBANK.NS
2026-05-01,1252.8380126953125,1263.4000244140625,1263.4000244140625,1263.4000244140625,1263.4000244140625,0,ICICI Bank,ICICIBANK.NS
2026-05-04,1260.1761474609375,1270.800048828125,1282.199951171875,1264.300048828125,1264.300048828125,14597051,ICICI Bank,ICICIBANK.NS
2026-05-05,1240.839111328125,1251.300048828125,1266.699951171875,1245.5,1264.0,24447935,ICICI Bank,ICICIBANK.NS
2026-05-06,1268.8033447265625,1279.5,1282.800048828125,1252.0999755859375,1262.0,22909586,ICICI Bank,ICICIBANK.NS
2026-05-07,1268.3074951171875,1279.0,1294.0,1273.199951171875,1284.699951171875,25028552,ICICI Bank,ICICIBANK.NS
2026-05-08,1254.226318359375,1264.800048828125,1279.5999755859375,1261.199951171875,1279.5999755859375,11137424,ICICI Bank,ICICIBANK.NS
2026-05-11,1255.8128662109375,1266.4000244140625,1275.699951171875,1252.0,1259.4000244140625,18980488,ICICI Bank,ICICIBANK.NS
2026-05-12,1229.93115234375,1240.300048828125,1259.9000244140625,1236.300048828125,1256.0,21110708,ICICI Bank,ICICIBANK.NS
2026-05-13,1225.2703857421875,1235.5999755859375,1249.199951171875,1227.199951171875,1238.300048828125,19490295,ICICI Bank,ICICIBANK.NS
2026-05-14,1235.5833740234375,1246.0,1256.699951171875,1236.0,1239.0999755859375,16535600,ICICI Bank,ICICIBANK.NS
2026-05-15,1234.095947265625,1244.5,1258.0,1242.0,1246.5999755859375,11745614,ICICI Bank,ICICIBANK.NS
2026-05-18,1240.6407470703125,1251.0999755859375,1253.699951171875,1232.0,1235.5,13918850,ICICI Bank,ICICIBANK.NS
2026-05-19,1230.4268798828125,1240.800048828125,1256.300048828125,1229.800048828125,1251.0999755859375,38929053,ICICI Bank,ICICIBANK.NS
2026-05-20,1226.9561767578125,1237.300048828125,1239.699951171875,1223.300048828125,1230.0,14953103,ICICI Bank,ICICIBANK.NS
2026-05-21,1232.41015625,1242.800048828125,1248.300048828125,1234.4000244140625,1245.300048828125,14394386,ICICI Bank,ICICIBANK.NS
2026-05-22,1253.73046875,1264.300048828125,1270.800048828125,1242.0,1242.0,11601085,ICICI Bank,ICICIBANK.NS
2026-05-25,1281.0006103515625,1291.800048828125,1293.5,1270.9000244140625,1271.0,13853923,ICICI Bank,ICICIBANK.NS
2026-05-26,1268.4066162109375,1279.0999755859375,1301.800048828125,1276.199951171875,1290.0,18400405,ICICI Bank,ICICIBANK.NS
2026-05-27,1262.0601806640625,1272.699951171875,1293.4000244140625,1266.699951171875,1286.0,18366272,ICICI Bank,ICICIBANK.NS
2026-05-28,1262.0601806640625,1272.699951171875,1272.699951171875,1272.699951171875,1272.699951171875,0,ICICI Bank,ICICIBANK.NS
2026-05-29,1245.896484375,1256.4000244140625,1287.800048828125,1247.9000244140625,1275.0999755859375,31007884,ICICI Bank,ICICIBANK.NS
2026-06-01,1229.3360595703125,1239.699951171875,1261.9000244140625,1235.9000244140625,1257.0999755859375,9911975,ICICI Bank,ICICIBANK.NS
2026-06-02,1216.3455810546875,1226.5999755859375,1237.699951171875,1220.699951171875,1233.0,17920892,ICICI Bank,ICICIBANK.NS
2026-06-03,1231.6168212890625,1242.0,1248.300048828125,1213.699951171875,1219.9000244140625,13934754,ICICI Bank,ICICIBANK.NS
2026-06-04,1241.2357177734375,1251.699951171875,1262.300048828125,1232.199951171875,1232.199951171875,19461560,ICICI Bank,ICICIBANK.NS
2026-06-05,1251.548828125,1262.0999755859375,1265.0,1250.0,1257.0,10166393,ICICI Bank,ICICIBANK.NS
2026-06-08,1239.748291015625,1250.199951171875,1254.0,1243.0999755859375,1246.4000244140625,10714196,ICICI Bank,ICICIBANK.NS
2026-06-09,1264.3409423828125,1275.0,1279.9000244140625,1252.699951171875,1255.0,22368579,ICICI Bank,ICICIBANK.NS
2026-06-10,1282.488037109375,1293.300048828125,1306.0,1271.300048828125,1271.300048828125,25951584,ICICI Bank,ICICIBANK.NS
2026-06-11,1305.9898681640625,1317.0,1333.0,1286.5,1286.5,35919374,ICICI Bank,ICICIBANK.NS
2026-06-12,1329.5909423828125,1340.800048828125,1344.300048828125,1318.699951171875,1330.0,18339846,ICICI Bank,ICICIBANK.NS
2026-06-15,1316.501220703125,1327.5999755859375,1362.699951171875,1325.300048828125,1354.5999755859375,16172921,ICICI Bank,ICICIBANK.NS
2026-06-16,1323.145263671875,1334.300048828125,1337.300048828125,1326.300048828125,1331.9000244140625,13069159,ICICI Bank,ICICIBANK.NS
2026-06-17,1325.6243896484375,1336.800048828125,1346.0,1333.4000244140625,1342.0,8026424,ICICI Bank,ICICIBANK.NS
2026-06-18,1331.078369140625,1342.300048828125,1346.9000244140625,1331.4000244140625,1333.5999755859375,13467985,ICICI Bank,ICICIBANK.NS
2026-06-19,1335.2431640625,1346.5,1352.300048828125,1332.0,1340.5,9057322,ICICI Bank,ICICIBANK.NS
2026-06-22,1341.0938720703125,1352.4000244140625,1362.699951171875,1348.4000244140625,1353.0,4814845,ICICI Bank,ICICIBANK.NS
2026-06-23,1327.11181640625,1338.300048828125,1369.0999755859375,1331.5,1358.0,11884879,ICICI Bank,ICICIBANK.NS
2026-06-24,1362.11669921875,1373.5999755859375,1377.5999755859375,1340.5999755859375,1340.5999755859375,16440708,ICICI Bank,ICICIBANK.NS
2026-06-25,1375.9005126953125,1387.5,1404.0,1380.0999755859375,1381.9000244140625,17173209,ICICI Bank,ICICIBANK.NS
2026-06-26,1375.9005126953125,1387.5,1387.5,1387.5,1387.5,0,ICICI Bank,ICICIBANK.NS
2026-06-29,1375.9996337890625,1387.5999755859375,1402.0,1383.199951171875,1390.0,13249405,ICICI Bank,ICICIBANK.NS
2026-06-30,1363.7032470703125,1375.199951171875,1402.0,1366.0999755859375,1402.0,18398057,ICICI Bank,ICICIBANK.NS
2026-07-01,1368.264892578125,1379.800048828125,1385.0999755859375,1367.699951171875,1371.4000244140625,11948034,ICICI Bank,ICICIBANK.NS
2026-07-02,1388.2960205078125,1400.0,1405.0,1376.800048828125,1381.9000244140625,15779429,ICICI Bank,ICICIBANK.NS
2026-07-03,1399.6007080078125,1411.4000244140625,1420.0,1405.9000244140625,1414.0,12901785,ICICI Bank,ICICIBANK.NS
2026-07-06,1414.9710693359375,1426.9000244140625,1431.5999755859375,1411.5999755859375,1412.0,12306949,ICICI Bank,ICICIBANK.NS
2026-07-07,1402.873046875,1414.699951171875,1433.0,1410.0,1431.5999755859375,15664178,ICICI Bank,ICICIBANK.NS
2026-07-08,1369.05810546875,1380.5999755859375,1418.300048828125,1375.9000244140625,1410.300048828125,10573142,ICICI Bank,ICICIBANK.NS
2026-07-09,1369.1572265625,1380.699951171875,1403.5999755859375,1377.300048828125,1382.9000244140625,13948838,ICICI Bank,ICICIBANK.NS
2026-07-10,1389.48583984375,1401.199951171875,1408.199951171875,1389.5999755859375,1389.699951171875,6409645,ICICI Bank,ICICIBANK.NS
2026-07-13,1397.716552734375,1409.5,1413.0,1386.300048828125,1393.5,10091437,ICICI Bank,ICICIBANK.NS
2026-07-14,1395.9315185546875,1407.699951171875,1411.800048828125,1392.0,1400.0,14133017,ICICI Bank,ICICIBANK.NS
2026-07-15,1404.3604736328125,1416.199951171875,1428.0,1409.199951171875,1412.9000244140625,12961648,ICICI Bank,ICICIBANK.NS
2026-07-16,1406.34375,1418.199951171875,1423.699951171875,1406.199951171875,1420.0999755859375,10165264,ICICI Bank,ICICIBANK.NS
2026-07-17,1432.2257080078125,1444.300048828125,1455.0999755859375,1419.699951171875,1422.0999755859375,11112550,ICICI Bank,ICICIBANK.NS
2026-07-20,1447.99267578125,1460.199951171875,1480.0,1439.5,1444.5,22236415,ICICI Bank,ICICIBANK.NS
2026-07-21,1450.868408203125,1463.0999755859375,1473.9000244140625,1456.5999755859375,1470.0,18269907,ICICI Bank,ICICIBANK.NS
2026-07-22,1428.6556396484375,1440.699951171875,1466.4000244140625,1438.4000244140625,1466.4000244140625,8345136,ICICI Bank,ICICIBANK.NS
2026-07-23,1422.606689453125,1434.5999755859375,1446.0,1426.5999755859375,1432.5,12409328,ICICI Bank,ICICIBANK.NS
2026-07-24,1420.9208984375,1432.9000244140625,1440.0,1415.4000244140625,1428.0,10870914,ICICI Bank,ICICIBANK.NS
2026-07-27,1433.6138916015625,1445.699951171875,1449.0,1428.800048828125,1435.699951171875,10608300,ICICI Bank,ICICIBANK.NS
2026-07-28,1418.8385009765625,1430.800048828125,1445.9000244140625,1417.5999755859375,1442.300048828125,19486209,ICICI Bank,ICICIBANK.NS
2026-07-29,1425.879150390625,1437.9000244140625,1448.5,1428.5,1442.5,10856166,ICICI Bank,ICICIBANK.NS
2026-07-30,1421.91259765625,1433.9000244140625,1442.199951171875,1422.5999755859375,1431.0999755859375,14141173,ICICI Bank,ICICIBANK.NS
2026-07-31,1423.4000244140625,1435.4000244140625,1441.9000244140625,1431.4000244140625,1434.300048828125,8752440,ICICI Bank,ICICIBANK.NS
2026-08-03,1460.0,1460.0,1460.0,1433.0,1442.0,7706747,ICICI Bank,ICICIBANK.NS
2026-08-04,1454.5999755859375,1454.5999755859375,1454.5999755859375,1430.800048828125,1452.0,11458963,ICICI Bank,ICICIBANK.NS
2026-08-05,1450.0999755859375,1450.0999755859375,1454.5999755859375,1431.199951171875,1454.5999755859375,11723296,ICICI Bank,ICICIBANK.NS
2026-08-06,1457.5,1457.5,1460.0,1448.300048828125,1460.0,14954726,ICICI Bank,ICICIBANK.NS
2026-08-07,1421.0,1421.0,1455.0,1418.199951171875,1451.0,14395789,ICICI Bank,ICICIBANK.NS
2026-08-10,1431.800048828125,1431.800048828125,1441.9000244140625,1415.5,1428.0999755859375,12749354,ICICI Bank,ICICIBANK.NS
2026-08-11,1429.5999755859375,1429.5999755859375,1434.0,1412.199951171875,1432.0999755859375,10471914,ICICI Bank,ICICIBANK.NS
2026-08-12,1431.699951171875,1431.699951171875,1435.0,1418.5999755859375,1429.4000244140625,8201733,ICICI Bank,ICICIBANK.NS
2026-08-13,1406.800048828125,1406.800048828125,1429.0,1406.4000244140625,1429.0,11408206,ICICI Bank,ICICIBANK.NS
2026-08-14,1417.0,1417.0,1417.800048828125,1401.0,1403.0,6097934,ICICI Bank,ICICIBANK.NS
2026-08-17,1415.300048828125,1415.300048828125,1423.5999755859375,1407.0,1418.0,5605603,ICICI Bank,ICICIBANK.NS
2026-08-18,1412.0,1412.0,1416.5999755859375,1406.300048828125,1410.0,8345198,ICICI Bank,ICICIBANK.NS
2026-08-19,1402.0,1402.0,1416.0,1391.5,1412.0,10304210,ICICI Bank,ICICIBANK.NS
2026-08-20,1411.9000244140625,1411.9000244140625,1413.0,1403.300048828125,1407.800048828125,8425049,ICICI Bank,ICICIBANK.NS
2026-08-21,1420.0,1420.0,1420.0,1411.199951171875,1417.0,4565280,ICICI Bank,ICICIBANK.NS
2026-08-24,1415.0,1415.0,1425.5,1408.699951171875,1420.5,5307113,ICICI Bank,ICICIBANK.NS
2026-08-25,1422.699951171875,1422.699951171875,1424.9000244140625,1408.0,1408.0,7983249,ICICI Bank,ICICIBANK.NS
2026-08-26,1430.0,1430.0,1446.0,1423.0999755859375,1423.0999755859375,4177066,ICICI Bank,ICICIBANK.NS
2026-08-27,1443.0,1443.0,1453.800048828125,1433.0999755859375,1445.0,11539716,ICICI Bank,ICICIBANK.NS
2026-08-28,1422.800048828125,1422.800048828125,1439.800048828125,1418.9000244140625,1435.0,8625738,ICICI Bank,ICICIBANK.NS
2026-08-31,1454.0,1454.0,1454.0,1419.0,1422.800048828125,15331697,ICICI Bank,ICICIBANK.NS
2026-09-01,1438.0,1438.0,1446.699951171875,1422.800048828125,1442.9000244140625,10627608,ICICI Bank,ICICIBANK.NS
2026-09-02,1426.5,1426.5,1436.0,1420.699951171875,1425.0999755859375,8515824,ICICI Bank,ICICIBANK.NS
2026-09-03,1430.0,1430.0,1452.0,1430.0,1438.300048828125,10442381,ICICI Bank,ICICIBANK.NS
