Date,Adj Close,Close,High,Low,Open,Volume,Company,Ticker
2021-09-03,715.9359130859375,749.9000244140625,757.0,745.0999755859375,756.0,4257842,M&M,M&M.NS
2021-09-06,720.5663452148438,754.75,759.7999877929688,747.0499877929688,753.0,3682183,M&M,M&M.NS
2021-09-07,718.990966796875,753.0999755859375,758.7000122070312,748.0999755859375,755.0999755859375,2273976,M&M,M&M.NS
2021-09-08,720.5663452148438,754.75,757.7999877929688,749.0,756.0,2380939,M&M,M&M.NS
2021-09-09,716.7474365234375,750.75,756.5,747.5499877929688,750.0,3313559,M&M,M&M.NS
2021-09-13,711.7828369140625,745.5499877929688,753.5,740.3499755859375,753.5,3139833,M&M,M&M.NS
2021-09-14,716.2223510742188,750.2000122070312,752.5499877929688,744.6500244140625,744.7999877929688,3089381,M&M,M&M.NS
2021-09-15,720.900390625,755.0999755859375,760.0,746.5,752.0,3336656,M&M,M&M.NS
2021-09-16,722.6666259765625,756.9500122070312,761.0,751.3499755859375,759.8499755859375,2686018,M&M,M&M.NS
2021-09-17,719.993408203125,754.1500244140625,766.0,749.1500244140625,758.2000122070312,5504398,M&M,M&M.NS
2021-09-20,704.6226196289062,738.0499877929688,756.5,732.2000122070312,749.4000244140625,2933375,M&M,M&M.NS
2021-09-21,705.0044555664062,738.4500122070312,740.9000244140625,729.5499877929688,740.0999755859375,2380834,M&M,M&M.NS
2021-09-22,718.4181518554688,752.5,759.0,738.4500122070312,738.9000244140625,2287017,M&M,M&M.NS
2021-09-23,724.0986938476562,758.4500122070312,762.0,752.75,756.5,1890322,M&M,M&M.NS
2021-09-24,744.1475830078125,779.4500122070312,782.0499877929688,752.5499877929688,759.5,4967824,M&M,M&M.NS
2021-09-27,774.6027221679688,811.3499755859375,813.75,783.0499877929688,789.5,9210666,M&M,M&M.NS
2021-09-28,769.5427856445312,806.0499877929688,822.0,796.25,820.0,3853344,M&M,M&M.NS
2021-09-29,775.3187255859375,812.0999755859375,815.7000122070312,799.0,800.0,2291977,M&M,M&M.NS
2021-09-30,766.6787109375,803.0499877929688,817.4000244140625,801.2999877929688,808.0499877929688,3264689,M&M,M&M.NS
2021-10-01,790.3553466796875,827.8499755859375,831.0,787.0,800.0,7704216,M&M,M&M.NS
2021-10-04,803.0531005859375,841.1500244140625,852.0,828.0999755859375,832.5,6544700,M&M,M&M.NS
2021-10-05,804.8670043945312,843.0499877929688,846.0,835.0499877929688,841.1500244140625,2647442,M&M,M&M.NS
2021-10-06,796.322265625,834.0999755859375,854.9000244140625,829.0,846.0,3288323,M&M,M&M.NS
2021-10-07,838.4727172851562,878.25,887.7999877929688,837.1500244140625,839.7000122070312,9515673,M&M,M&M.NS
2021-10-08,838.0431518554688,877.7999877929688,895.0,872.5499877929688,893.7000122070312,3938358,M&M,M&M.NS
2021-10-11,855.0369262695312,895.5999755859375,902.5,879.0,879.0,5493159,M&M,M&M.NS
2021-10-12,849.7860717773438,890.0999755859375,894.6500244140625,877.0,888.0,3433345,M&M,M&M.NS
2021-10-13,892.9866333007812,935.3499755859375,971.1500244140625,893.0,893.0,17519612,M&M,M&M.NS
2021-10-14,889.215576171875,931.4000244140625,946.25,922.2000122070312,938.5,3354982,M&M,M&M.NS
2021-10-18,869.6917724609375,910.9500122070312,958.0,908.2999877929688,958.0,2885649,M&M,M&M.NS
2021-10-19,875.945068359375,917.5,927.5999755859375,901.2000122070312,911.0,3476818,M&M,M&M.NS
2021-10-20,858.6170654296875,899.3499755859375,924.9000244140625,894.6500244140625,913.0,3551282,M&M,M&M.NS
2021-10-21,856.37353515625,897.0,911.0999755859375,893.4000244140625,908.2999877929688,2614538,M&M,M&M.NS
2021-10-22,847.637939453125,887.8499755859375,909.7999877929688,885.0999755859375,904.0,1999394,M&M,M&M.NS
2021-10-25,850.35888671875,890.7000122070312,905.9000244140625,883.0,883.0,2833933,M&M,M&M.NS
2021-10-26,854.0345458984375,894.5499877929688,900.0,884.0,893.4000244140625,3410657,M&M,M&M.NS
2021-10-27,846.6355590820312,886.7999877929688,903.7999877929688,883.5,900.0,3362019,M&M,M&M.NS
2021-10-28,843.819091796875,883.8499755859375,896.0,877.9000244140625,887.0,2171227,M&M,M&M.NS
2021-10-29,844.2010498046875,884.25,901.5,862.0,883.5,2482056,M&M,M&M.NS
2021-11-01,830.9306030273438,870.3499755859375,887.9000244140625,860.4000244140625,884.25,4146270,M&M,M&M.NS
2021-11-02,822.4813842773438,861.5,879.2999877929688,859.0,875.0,3704926,M&M,M&M.NS
2021-11-03,810.547607421875,849.0,869.9000244140625,843.0,864.0,3288759,M&M,M&M.NS
2021-11-04,833.3172607421875,872.8499755859375,875.0,853.0,855.75,973315,M&M,M&M.NS
2021-11-08,820.5719604492188,859.5,878.25,854.2999877929688,878.0,4481883,M&M,M&M.NS
2021-11-09,851.7432250976562,892.1500244140625,905.4000244140625,862.5999755859375,864.0,15376349,M&M,M&M.NS
2021-11-10,877.9977416992188,919.6500244140625,925.0,895.0,905.9000244140625,17083220,M&M,M&M.NS
2021-11-11,882.86669921875,924.75,928.7999877929688,911.0,918.9500122070312,4935551,M&M,M&M.NS
2021-11-12,895.32568359375,937.7999877929688,939.5,925.0,934.0,6239600,M&M,M&M.NS
2021-11-15,886.3513793945312,928.4000244140625,948.5499877929688,921.0999755859375,935.0,3757546,M&M,M&M.NS
2021-11-16,916.8065185546875,960.2999877929688,965.9500122070312,925.5499877929688,928.4000244140625,7368780,M&M,M&M.NS
2021-11-17,911.2215576171875,954.4500122070312,979.0,947.25,959.9500122070312,5416608,M&M,M&M.NS
2021-11-18,881.8641967773438,923.7000122070312,955.0,918.2000122070312,955.0,3463426,M&M,M&M.NS
2021-11-22,860.0491943359375,900.8499755859375,930.25,893.7000122070312,926.4000244140625,3731367,M&M,M&M.NS
2021-11-23,860.5265502929688,901.3499755859375,908.5,893.5999755859375,897.8499755859375,3195288,M&M,M&M.NS
2021-11-24,852.74560546875,893.2000122070312,907.7000122070312,890.0,907.7000122070312,2708554,M&M,M&M.NS
2021-11-25,850.8363037109375,891.2000122070312,898.9000244140625,883.5,890.9000244140625,2288825,M&M,M&M.NS
2021-11-26,815.0823974609375,853.75,885.0,843.0,885.0,3934155,M&M,M&M.NS
2021-11-29,812.2659912109375,850.7999877929688,867.7999877929688,828.3499755859375,845.2000122070312,3936245,M&M,M&M.NS
2021-11-30,797.658935546875,835.5,860.7999877929688,828.5499877929688,850.7999877929688,6067618,M&M,M&M.NS
2021-12-01,796.8952026367188,834.7000122070312,842.7000122070312,823.25,836.0,5121634,M&M,M&M.NS
2021-12-02,811.0726318359375,849.5499877929688,859.9500122070312,835.0499877929688,835.7999877929688,4677008,M&M,M&M.NS
2021-12-03,799.0432739257812,836.9500122070312,855.5999755859375,833.9500122070312,848.9500122070312,2933597,M&M,M&M.NS
2021-12-06,784.9136352539062,822.1500244140625,840.5999755859375,820.0499877929688,838.0,1552749,M&M,M&M.NS
2021-12-07,788.54150390625,825.9500122070312,833.6500244140625,822.5,826.5,1976433,M&M,M&M.NS
2021-12-08,802.6712036132812,840.75,843.7000122070312,826.9500122070312,834.5,2346456,M&M,M&M.NS
2021-12-09,812.5524291992188,851.0999755859375,857.4000244140625,836.0,857.4000244140625,4078098,M&M,M&M.NS
2021-12-10,820.7628784179688,859.7000122070312,868.5999755859375,850.0999755859375,850.0999755859375,3434165,M&M,M&M.NS
2021-12-13,804.9147338867188,843.0999755859375,868.9500122070312,839.7000122070312,868.9500122070312,2683048,M&M,M&M.NS
2021-12-14,798.9478149414062,836.8499755859375,841.9500122070312,826.0,840.0,1979863,M&M,M&M.NS
2021-12-15,807.8743896484375,846.2000122070312,853.7000122070312,838.2000122070312,844.0,3208613,M&M,M&M.NS
2021-12-16,814.6527709960938,853.2999877929688,862.25,846.2000122070312,852.9000244140625,3965285,M&M,M&M.NS
2021-12-17,796.7996826171875,834.5999755859375,852.25,830.0,848.0,2675800,M&M,M&M.NS
2021-12-20,777.419189453125,814.2999877929688,830.0,797.0,826.0,2907378,M&M,M&M.NS
2021-12-21,775.414306640625,812.2000122070312,827.0,807.5,822.4000244140625,1973119,M&M,M&M.NS
2021-12-22,781.6198120117188,818.7000122070312,827.2000122070312,811.0,818.7999877929688,1979912,M&M,M&M.NS
2021-12-23,789.400634765625,826.8499755859375,833.7999877929688,822.75,824.9000244140625,1495208,M&M,M&M.NS
2021-12-24,775.8439331054688,812.6500244140625,832.0499877929688,808.0,831.0,1071730,M&M,M&M.NS
2021-12-27,781.4767456054688,818.5499877929688,823.1500244140625,806.9500122070312,808.0,1492196,M&M,M&M.NS
2021-12-28,800.714111328125,838.7000122070312,840.0,819.0499877929688,824.0,1677680,M&M,M&M.NS
2021-12-29,794.9857177734375,832.7000122070312,843.4500122070312,830.8499755859375,843.4500122070312,1575343,M&M,M&M.NS
2021-12-30,791.7398071289062,829.2999877929688,843.0,827.1500244140625,843.0,1874659,M&M,M&M.NS
2021-12-31,799.2341918945312,837.1500244140625,845.0,830.2000122070312,834.7999877929688,1528983,M&M,M&M.NS
2022-01-03,792.2171630859375,829.7999877929688,840.0,826.2999877929688,835.0,1537088,M&M,M&M.NS
2022-01-04,794.17431640625,831.8499755859375,842.0,825.6500244140625,837.9500122070312,1886453,M&M,M&M.NS
2022-01-05,801.4777221679688,839.5,847.0,830.0,830.0,2634010,M&M,M&M.NS
2022-01-06,801.8119506835938,839.8499755859375,842.25,827.5,839.0,2962301,M&M,M&M.NS
2022-01-07,791.4533081054688,829.0,849.75,822.5,841.0,2531717,M&M,M&M.NS
2022-01-10,803.8168334960938,841.9500122070312,846.75,829.7000122070312,835.9500122070312,3403434,M&M,M&M.NS
2022-01-11,803.291748046875,841.4000244140625,848.75,835.5499877929688,842.0,2117911,M&M,M&M.NS
2022-01-12,840.6685791015625,880.5499877929688,884.2000122070312,842.5,846.7999877929688,9022415,M&M,M&M.NS
2022-01-13,855.4188842773438,896.0,909.5,868.0,880.5499877929688,5658001,M&M,M&M.NS
2022-01-14,841.2891845703125,881.2000122070312,895.9500122070312,879.6500244140625,889.7999877929688,2027852,M&M,M&M.NS
2022-01-17,860.00146484375,900.7999877929688,904.0,882.6500244140625,884.2000122070312,3617269,M&M,M&M.NS
2022-01-18,851.7432250976562,892.1500244140625,910.0999755859375,888.2999877929688,902.0,3468168,M&M,M&M.NS
2022-01-19,853.8912353515625,894.4000244140625,908.9500122070312,880.7999877929688,908.9500122070312,4215758,M&M,M&M.NS
2022-01-20,840.620849609375,880.5,897.5999755859375,872.8499755859375,896.0,2486026,M&M,M&M.NS
2022-01-21,835.5608520507812,875.2000122070312,884.9000244140625,865.2000122070312,875.7999877929688,1872843,M&M,M&M.NS
2022-01-24,815.9893798828125,854.7000122070312,878.3499755859375,848.0499877929688,871.2000122070312,3386669,M&M,M&M.NS
2022-01-25,815.7984008789062,854.5,858.25,845.25,846.0999755859375,4742388,M&M,M&M.NS
2022-01-27,819.1875610351562,858.0499877929688,862.8499755859375,841.2000122070312,845.5999755859375,2927566,M&M,M&M.NS
2022-01-28,830.2623291015625,869.6500244140625,896.0,860.4000244140625,864.4000244140625,4208702,M&M,M&M.NS
2022-01-31,845.6807861328125,885.7999877929688,888.8499755859375,872.0999755859375,878.9000244140625,2335040,M&M,M&M.NS
2022-02-01,830.31005859375,869.7000122070312,894.7000122070312,864.2000122070312,892.0,2921070,M&M,M&M.NS
2022-02-02,829.975830078125,869.3499755859375,880.2999877929688,865.1500244140625,875.7000122070312,1341479,M&M,M&M.NS
2022-02-03,817.42138671875,856.2000122070312,882.4000244140625,852.1500244140625,868.0,2630289,M&M,M&M.NS
2022-02-04,803.5781860351562,841.7000122070312,861.4000244140625,836.1500244140625,861.4000244140625,2080640,M&M,M&M.NS
2022-02-07,791.9307861328125,829.5,844.7000122070312,822.2000122070312,841.0,1801701,M&M,M&M.NS
2022-02-08,794.3651733398438,832.0499877929688,837.7000122070312,817.1500244140625,830.0,2729631,M&M,M&M.NS
2022-02-09,802.1460571289062,840.2000122070312,845.9500122070312,833.1500244140625,838.0,2165223,M&M,M&M.NS
2022-02-10,814.4141235351562,853.0499877929688,857.75,830.1500244140625,844.0,6949276,M&M,M&M.NS
2022-02-11,814.9869384765625,853.6500244140625,861.9500122070312,835.5999755859375,853.0,5146850,M&M,M&M.NS
2022-02-14,787.6823120117188,825.0499877929688,845.4000244140625,780.7000122070312,841.75,4202165,M&M,M&M.NS
2022-02-15,815.8938598632812,854.5999755859375,858.0,820.4000244140625,828.0,2728328,M&M,M&M.NS
2022-02-16,825.1068115234375,864.25,878.5,854.5999755859375,854.5999755859375,4401342,M&M,M&M.NS
2022-02-17,823.1973266601562,862.25,877.2999877929688,859.0,872.0,2041741,M&M,M&M.NS
2022-02-18,813.4116821289062,852.0,869.75,847.1500244140625,857.2000122070312,1616856,M&M,M&M.NS
2022-02-21,803.00537109375,841.0999755859375,850.5,832.0,845.2000122070312,2255753,M&M,M&M.NS
2022-02-22,814.6050415039062,853.25,856.0,823.3499755859375,827.0,2768989,M&M,M&M.NS
2022-02-23,811.7886352539062,850.2999877929688,869.7000122070312,845.7000122070312,856.0,2265060,M&M,M&M.NS
2022-02-24,759.757080078125,795.7999877929688,831.9000244140625,790.5,818.0999755859375,5677898,M&M,M&M.NS
2022-02-25,771.0225219726562,807.5999755859375,825.0,802.0,812.7000122070312,3470318,M&M,M&M.NS
2022-02-28,755.03125,790.8499755859375,807.0,786.75,807.0,5026913,M&M,M&M.NS
2022-03-02,743.0973510742188,778.3499755859375,810.75,769.0,785.5,5779175,M&M,M&M.NS
2022-03-03,727.53564453125,762.0499877929688,793.1500244140625,760.0499877929688,792.0,2763929,M&M,M&M.NS
2022-03-04,699.133056640625,732.2999877929688,756.0,730.0,750.0,4829850,M&M,M&M.NS
2022-03-07,659.2739868164062,690.5499877929688,719.8499755859375,681.75,719.8499755859375,7008637,M&M,M&M.NS
2022-03-08,668.91650390625,700.6500244140625,703.0499877929688,671.1500244140625,690.5499877929688,4000294,M&M,M&M.NS
2022-03-09,701.567626953125,734.8499755859375,739.9000244140625,700.0,705.0,5490287,M&M,M&M.NS
2022-03-10,705.3864135742188,738.8499755859375,762.5,735.0,761.9500122070312,4064470,M&M,M&M.NS
2022-03-11,701.5198974609375,734.7999877929688,741.7999877929688,728.7000122070312,734.0,2364792,M&M,M&M.NS
2022-03-14,709.5393676757812,743.2000122070312,746.0,725.4500122070312,734.7999877929688,3563695,M&M,M&M.NS
2022-03-15,726.7241821289062,761.2000122070312,769.2000122070312,745.0,745.0,4811450,M&M,M&M.NS
2022-03-16,738.6102294921875,773.6500244140625,776.0,765.0,768.8499755859375,2277631,M&M,M&M.NS
2022-03-17,758.4204711914062,794.4000244140625,799.9000244140625,777.0,785.0,3787641,M&M,M&M.NS
2022-03-21,748.01416015625,783.5,791.0999755859375,780.0999755859375,789.5999755859375,3008019,M&M,M&M.NS
2022-03-22,750.01904296875,785.5999755859375,789.0499877929688,769.0,783.0,5436875,M&M,M&M.NS
2022-03-23,739.039794921875,774.0999755859375,794.2000122070312,772.0999755859375,790.0,3277274,M&M,M&M.NS
2022-03-24,730.9725952148438,765.6500244140625,780.0,762.6500244140625,773.7000122070312,2248114,M&M,M&M.NS
2022-03-25,730.11328125,764.75,773.0,758.2000122070312,773.0,3148869,M&M,M&M.NS
2022-03-28,734.4096069335938,769.25,772.7000122070312,751.2999877929688,764.9000244140625,4719388,M&M,M&M.NS
2022-03-29,738.3237915039062,773.3499755859375,783.0,770.7000122070312,771.0,3519610,M&M,M&M.NS
2022-03-30,757.41796875,793.3499755859375,795.0,775.9000244140625,779.2999877929688,4407033,M&M,M&M.NS
2022-03-31,770.0202026367188,806.5499877929688,813.0,798.0,798.0,7059986,M&M,M&M.NS
2022-04-01,789.1143188476562,826.5499877929688,829.5,807.7000122070312,811.0,3406177,M&M,M&M.NS
2022-04-04,795.9404907226562,833.7000122070312,836.0,810.0,818.0,4163250,M&M,M&M.NS
2022-04-05,798.661376953125,836.5499877929688,852.0,833.7000122070312,837.0,2669967,M&M,M&M.NS
2022-04-06,790.3553466796875,827.8499755859375,838.7000122070312,822.9500122070312,838.7000122070312,2049292,M&M,M&M.NS
2022-04-07,796.5133666992188,834.2999877929688,840.2999877929688,822.2999877929688,826.0,2913537,M&M,M&M.NS
2022-04-08,818.567138671875,857.4000244140625,860.6500244140625,827.0499877929688,830.0,4145522,M&M,M&M.NS
2022-04-11,818.0419921875,856.8499755859375,861.3499755859375,846.2000122070312,854.9500122070312,2922901,M&M,M&M.NS
2022-04-12,821.8131103515625,860.7999877929688,867.4000244140625,843.2999877929688,850.0,2961076,M&M,M&M.NS
2022-04-13,826.873046875,866.0999755859375,875.0,862.3499755859375,862.5,3695363,M&M,M&M.NS
2022-04-18,834.5107421875,874.0999755859375,876.0,858.0999755859375,866.0999755859375,3076843,M&M,M&M.NS
2022-04-19,832.9832153320312,872.5,887.7999877929688,865.0999755859375,878.0999755859375,3301212,M&M,M&M.NS
2022-04-20,841.3368530273438,881.25,889.9000244140625,873.4500122070312,873.4500122070312,2208791,M&M,M&M.NS
2022-04-21,869.739501953125,911.0,914.0,880.75,881.25,3206906,M&M,M&M.NS
2022-04-22,878.952392578125,920.6500244140625,927.0499877929688,889.0499877929688,903.7999877929688,4924905,M&M,M&M.NS
2022-04-25,863.0564575195312,904.0,928.0,895.0999755859375,914.3499755859375,5476626,M&M,M&M.NS
2022-04-26,897.5692749023438,940.1500244140625,942.9000244140625,906.5999755859375,906.5999755859375,6384561,M&M,M&M.NS
2022-04-27,884.87158203125,926.8499755859375,940.7000122070312,922.9500122070312,930.0,3154605,M&M,M&M.NS
2022-04-28,881.1005249023438,922.9000244140625,945.0,918.5,945.0,2869224,M&M,M&M.NS
2022-04-29,880.3367309570312,922.0999755859375,939.25,918.0,928.9000244140625,3467791,M&M,M&M.NS
2022-05-02,879.6206665039062,921.3499755859375,933.7000122070312,909.7000122070312,915.0,2740823,M&M,M&M.NS
2022-05-04,855.5142822265625,896.0999755859375,923.9500122070312,891.0499877929688,917.9000244140625,2408261,M&M,M&M.NS
2022-05-05,858.3306884765625,899.0499877929688,921.0,895.6500244140625,910.0,2690817,M&M,M&M.NS
2022-05-06,853.3662109375,893.8499755859375,914.7999877929688,887.2999877929688,890.0,4247088,M&M,M&M.NS
2022-05-09,854.7505493164062,895.2999877929688,901.9000244140625,875.0,880.0,1790691,M&M,M&M.NS
2022-05-10,848.1152954101562,888.3499755859375,910.9500122070312,884.0999755859375,895.2999877929688,2436623,M&M,M&M.NS
2022-05-11,846.8742065429688,887.0499877929688,898.4000244140625,876.5,888.5999755859375,3048794,M&M,M&M.NS
2022-05-12,826.0615844726562,865.25,889.0,853.7000122070312,884.9000244140625,4908042,M&M,M&M.NS
2022-05-13,849.2131958007812,889.5,905.0,870.0999755859375,879.7999877929688,4956950,M&M,M&M.NS
2022-05-16,862.4359741210938,903.3499755859375,908.9000244140625,892.7000122070312,895.0,2856221,M&M,M&M.NS
2022-05-17,869.5485229492188,910.7999877929688,917.0,898.1500244140625,907.0,3469290,M&M,M&M.NS
2022-05-18,871.9352416992188,913.2999877929688,922.75,905.2000122070312,910.0,3203522,M&M,M&M.NS
2022-05-19,842.5780639648438,882.5499877929688,913.0,880.1500244140625,901.0,2658159,M&M,M&M.NS
2022-05-20,862.8655395507812,903.7999877929688,911.3499755859375,888.6500244140625,896.9000244140625,3426756,M&M,M&M.NS
2022-05-23,899.2400512695312,941.9000244140625,943.4500122070312,910.25,911.0,6613972,M&M,M&M.NS
2022-05-24,903.9657592773438,946.8499755859375,960.4000244140625,943.0999755859375,949.0,4546511,M&M,M&M.NS
2022-05-25,886.3513793945312,928.4000244140625,953.7999877929688,923.3499755859375,953.7999877929688,1363358,M&M,M&M.NS
2022-05-26,887.6879272460938,929.7999877929688,933.5,914.7999877929688,930.0999755859375,2384886,M&M,M&M.NS
2022-05-27,909.6940307617188,952.8499755859375,958.0,923.0,940.0,3269005,M&M,M&M.NS
2022-05-30,953.1331787109375,998.3499755859375,1011.75,957.0499877929688,972.25,11690785,M&M,M&M.NS
2022-05-31,987.5027465820312,1034.3499755859375,1043.0,992.0,997.9500122070312,13301109,M&M,M&M.NS
2022-06-01,999.9140014648438,1047.3499755859375,1057.25,1014.7999877929688,1035.0,7889745,M&M,M&M.NS
2022-06-02,997.2409057617188,1044.550048828125,1057.949951171875,1035.0,1044.949951171875,4081658,M&M,M&M.NS
2022-06-03,982.0609741210938,1028.6500244140625,1056.550048828125,1025.699951171875,1050.0999755859375,2660682,M&M,M&M.NS
2022-06-06,989.0302124023438,1035.949951171875,1048.5999755859375,1018.0,1028.0,3443406,M&M,M&M.NS
2022-06-07,995.3313598632812,1042.550048828125,1045.0,1018.0999755859375,1034.800048828125,2162861,M&M,M&M.NS
2022-06-08,997.6703491210938,1045.0,1056.949951171875,1034.25,1056.949951171875,4293398,M&M,M&M.NS
2022-06-09,997.7659301757812,1045.0999755859375,1049.300048828125,1032.0,1036.0,2757706,M&M,M&M.NS
2022-06-10,989.5553588867188,1036.5,1043.5,1026.5999755859375,1033.0,2425545,M&M,M&M.NS
2022-06-13,958.813720703125,1004.2999877929688,1029.0,998.5499877929688,1023.6500244140625,4047155,M&M,M&M.NS
2022-06-14,973.0866088867188,1019.25,1025.0,999.0499877929688,1000.0,3614327,M&M,M&M.NS
2022-06-15,979.0535888671875,1025.5,1039.300048828125,1020.0,1024.6500244140625,3333753,M&M,M&M.NS
2022-06-16,959.720703125,1005.25,1037.699951171875,997.0,1037.699951171875,3255301,M&M,M&M.NS
2022-06-17,952.4649658203125,997.6500244140625,1007.9500122070312,983.1500244140625,1000.0,5318310,M&M,M&M.NS
2022-06-20,938.1920776367188,982.7000122070312,1008.0,979.0999755859375,1005.0,3722583,M&M,M&M.NS
2022-06-21,952.75146484375,997.9500122070312,1004.75,981.7999877929688,982.7000122070312,6263423,M&M,M&M.NS
2022-06-22,939.2422485351562,983.7999877929688,1003.9500122070312,972.6500244140625,995.1500244140625,2629024,M&M,M&M.NS
2022-06-23,981.1539306640625,1027.699951171875,1031.5999755859375,985.2000122070312,986.0,7303072,M&M,M&M.NS
2022-06-24,1023.4953002929688,1072.050048828125,1074.5,1031.5999755859375,1036.9000244140625,7273273,M&M,M&M.NS
2022-06-27,1033.6629638671875,1082.699951171875,1095.0,1072.050048828125,1089.800048828125,6316257,M&M,M&M.NS
2022-06-28,1061.6358642578125,1112.0,1121.449951171875,1079.449951171875,1082.0,11020641,M&M,M&M.NS
2022-06-29,1061.3970947265625,1111.75,1115.449951171875,1090.699951171875,1106.0,5052023,M&M,M&M.NS
2022-06-30,1043.6396484375,1093.1500244140625,1117.5,1088.050048828125,1109.300048828125,4165189,M&M,M&M.NS
2022-07-01,1057.196533203125,1107.3499755859375,1113.3499755859375,1064.0,1092.4000244140625,2839545,M&M,M&M.NS
2022-07-04,1041.77783203125,1091.199951171875,1102.0,1079.4000244140625,1101.0,2784613,M&M,M&M.NS
2022-07-05,1032.9468994140625,1081.949951171875,1102.0,1078.0,1091.0,3675577,M&M,M&M.NS
2022-07-06,1054.5233154296875,1104.550048828125,1112.0,1080.5999755859375,1082.699951171875,4957228,M&M,M&M.NS
2022-07-07,1081.97119140625,1133.300048828125,1138.949951171875,1114.5999755859375,1119.0,4917004,M&M,M&M.NS
2022-07-08,1082.2576904296875,1133.5999755859375,1194.9000244140625,1126.1500244140625,1184.949951171875,10482265,M&M,M&M.NS
2022-07-11,1112.283203125,1165.050048828125,1167.9000244140625,1122.6500244140625,1128.949951171875,4520273,M&M,M&M.NS
2022-07-12,1094.716552734375,1146.6500244140625,1164.449951171875,1142.0,1164.0,2452632,M&M,M&M.NS
2022-07-13,1088.701904296875,1140.3499755859375,1156.5,1138.0999755859375,1153.199951171875,3379695,M&M,M&M.NS
2022-07-14,1102.06005859375,1142.6500244140625,1151.3499755859375,1131.199951171875,1134.800048828125,2423203,M&M,M&M.NS
2022-07-15,1130.849609375,1172.5,1175.9000244140625,1140.4000244140625,1143.0,3879759,M&M,M&M.NS
2022-07-18,1122.0728759765625,1163.4000244140625,1179.5,1159.25,1179.5,3480683,M&M,M&M.NS
2022-07-19,1144.111083984375,1186.25,1189.5,1161.0,1161.9000244140625,4056414,M&M,M&M.NS
2022-07-20,1124.242919921875,1165.6500244140625,1195.0,1162.5,1195.0,3028752,M&M,M&M.NS
2022-07-21,1133.405517578125,1175.1500244140625,1180.0,1164.800048828125,1167.0999755859375,2062279,M&M,M&M.NS
2022-07-22,1139.1439208984375,1181.0999755859375,1185.9000244140625,1170.300048828125,1180.0,1983433,M&M,M&M.NS
2022-07-25,1095.50146484375,1135.8499755859375,1185.0,1132.0,1185.0,4380502,M&M,M&M.NS
2022-07-26,1095.64599609375,1136.0,1146.0,1125.1500244140625,1134.0,2598868,M&M,M&M.NS
2022-07-27,1097.6715087890625,1138.0999755859375,1150.300048828125,1126.800048828125,1140.0,1647876,M&M,M&M.NS
2022-07-28,1108.3289794921875,1149.1500244140625,1152.0,1135.3499755859375,1142.0999755859375,1929675,M&M,M&M.NS
2022-07-29,1123.08544921875,1164.449951171875,1184.199951171875,1153.25,1158.800048828125,2230572,M&M,M&M.NS
2022-08-01,1193.78173828125,1237.75,1248.699951171875,1184.25,1189.4000244140625,12673841,M&M,M&M.NS
2022-08-02,1209.9366455078125,1254.5,1259.75,1226.199951171875,1237.699951171875,5626351,M&M,M&M.NS
2022-08-03,1209.1651611328125,1253.699951171875,1259.949951171875,1231.0,1259.949951171875,3820503,M&M,M&M.NS
2022-08-04,1216.977294921875,1261.800048828125,1265.0,1239.050048828125,1264.9000244140625,3075648,M&M,M&M.NS
2022-08-05,1191.997314453125,1235.9000244140625,1278.5,1231.25,1278.199951171875,5766297,M&M,M&M.NS
2022-08-08,1231.3480224609375,1276.699951171875,1280.0,1242.6500244140625,1245.0,5412651,M&M,M&M.NS
2022-08-10,1223.00537109375,1268.050048828125,1279.699951171875,1260.25,1277.0,2530492,M&M,M&M.NS
2022-08-11,1221.220947265625,1266.199951171875,1278.949951171875,1254.0,1277.0,3077633,M&M,M&M.NS
2022-08-12,1214.7108154296875,1259.449951171875,1268.9000244140625,1249.300048828125,1265.0,3355489,M&M,M&M.NS
2022-08-16,1242.5361328125,1288.300048828125,1298.699951171875,1274.6500244140625,1280.5999755859375,4085782,M&M,M&M.NS
2022-08-17,1228.985107421875,1274.25,1294.0,1270.050048828125,1294.0,2197165,M&M,M&M.NS
2022-08-18,1216.3504638671875,1261.1500244140625,1278.3499755859375,1254.699951171875,1274.0,2659857,M&M,M&M.NS
2022-08-19,1195.3731689453125,1239.4000244140625,1272.6500244140625,1235.5,1270.0,2513148,M&M,M&M.NS
2022-08-22,1183.1241455078125,1226.699951171875,1247.4000244140625,1219.050048828125,1239.4000244140625,2443323,M&M,M&M.NS
2022-08-23,1227.8760986328125,1273.0999755859375,1277.0,1218.0,1219.949951171875,4449168,M&M,M&M.NS
2022-08-24,1223.2464599609375,1268.300048828125,1283.5,1261.0,1274.949951171875,2570071,M&M,M&M.NS
2022-08-25,1214.90380859375,1259.6500244140625,1277.449951171875,1256.699951171875,1274.0,1769049,M&M,M&M.NS
2022-08-26,1229.370849609375,1274.6500244140625,1299.0,1268.800048828125,1279.9000244140625,4325600,M&M,M&M.NS
2022-08-29,1231.444580078125,1276.800048828125,1280.800048828125,1242.1500244140625,1249.0,2554692,M&M,M&M.NS
2022-08-30,1262.211181640625,1308.699951171875,1315.0,1284.0,1284.0,5078317,M&M,M&M.NS
2022-09-01,1265.4425048828125,1312.050048828125,1325.699951171875,1280.0,1280.0,4913035,M&M,M&M.NS
2022-09-02,1269.203857421875,1315.949951171875,1330.6500244140625,1311.199951171875,1318.6500244140625,2316436,M&M,M&M.NS
2022-09-05,1273.640625,1320.550048828125,1324.449951171875,1301.0999755859375,1319.0,2271837,M&M,M&M.NS
2022-09-06,1259.9930419921875,1306.4000244140625,1327.0,1300.5999755859375,1325.0,1930221,M&M,M&M.NS
2022-09-07,1243.8863525390625,1289.699951171875,1311.949951171875,1281.199951171875,1291.0,3162428,M&M,M&M.NS
2022-09-08,1274.9425048828125,1321.9000244140625,1331.949951171875,1302.0,1305.0,4026323,M&M,M&M.NS
2022-09-09,1255.0260009765625,1301.25,1338.0,1294.050048828125,1338.0,3415016,M&M,M&M.NS
2022-09-12,1250.975341796875,1297.050048828125,1315.5999755859375,1295.0,1308.0,3077887,M&M,M&M.NS
2022-09-13,1253.6756591796875,1299.8499755859375,1309.949951171875,1291.0,1309.949951171875,2460291,M&M,M&M.NS
2022-09-14,1251.9398193359375,1298.050048828125,1313.8499755859375,1280.0,1283.949951171875,2955136,M&M,M&M.NS
2022-09-15,1250.975341796875,1297.050048828125,1314.25,1289.050048828125,1305.0,2555055,M&M,M&M.NS
2022-09-16,1205.69287109375,1250.0999755859375,1297.0,1234.5,1291.25,9047956,M&M,M&M.NS
2022-09-19,1242.8736572265625,1288.6500244140625,1298.449951171875,1250.0999755859375,1259.9000244140625,4476773,M&M,M&M.NS
2022-09-20,1256.6656494140625,1302.949951171875,1312.0,1296.550048828125,1300.0,3780649,M&M,M&M.NS
2022-09-21,1260.234130859375,1306.6500244140625,1323.0,1293.5999755859375,1308.949951171875,2887754,M&M,M&M.NS
2022-09-22,1263.8509521484375,1310.4000244140625,1320.550048828125,1293.0,1297.0,2010645,M&M,M&M.NS
2022-09-23,1227.1043701171875,1272.300048828125,1318.0999755859375,1261.0,1305.0,4639618,M&M,M&M.NS
2022-09-26,1192.479736328125,1236.4000244140625,1258.949951171875,1216.300048828125,1250.0,3345338,M&M,M&M.NS
2022-09-27,1191.8526611328125,1235.75,1252.9000244140625,1221.199951171875,1242.5999755859375,3588217,M&M,M&M.NS
2022-09-28,1198.2664794921875,1242.4000244140625,1261.75,1211.25,1233.0999755859375,3361451,M&M,M&M.NS
2022-09-29,1213.6500244140625,1258.3499755859375,1267.949951171875,1245.699951171875,1255.0,3474302,M&M,M&M.NS
2022-09-30,1223.1500244140625,1268.199951171875,1282.699951171875,1233.050048828125,1256.949951171875,3320684,M&M,M&M.NS
2022-10-03,1206.898681640625,1251.3499755859375,1276.0999755859375,1242.050048828125,1269.949951171875,3150821,M&M,M&M.NS
2022-10-04,1215.578857421875,1260.3499755859375,1277.949951171875,1255.0,1265.0,3011962,M&M,M&M.NS
2022-10-06,1212.25146484375,1256.9000244140625,1277.0,1254.5,1268.0,3531469,M&M,M&M.NS
2022-10-07,1194.8426513671875,1238.8499755859375,1261.949951171875,1232.949951171875,1260.0,3501889,M&M,M&M.NS
2022-10-10,1198.8450927734375,1243.0,1246.550048828125,1218.0,1234.0,2230590,M&M,M&M.NS
2022-10-11,1185.873046875,1229.550048828125,1249.25,1225.5,1249.25,1569478,M&M,M&M.NS
2022-10-12,1203.5711669921875,1247.9000244140625,1259.3499755859375,1230.0999755859375,1235.6500244140625,2884899,M&M,M&M.NS
2022-10-13,1203.8603515625,1248.199951171875,1274.1500244140625,1240.5,1255.0,2137351,M&M,M&M.NS
2022-10-14,1186.596435546875,1230.300048828125,1272.0,1228.0,1267.75,1696759,M&M,M&M.NS
2022-10-17,1186.3070068359375,1230.0,1238.75,1196.5,1227.0,2158727,M&M,M&M.NS
2022-10-18,1209.2615966796875,1253.800048828125,1267.3499755859375,1233.5,1236.1500244140625,2722206,M&M,M&M.NS
2022-10-19,1204.0533447265625,1248.4000244140625,1264.800048828125,1244.0,1259.949951171875,1449579,M&M,M&M.NS
2022-10-20,1205.5965576171875,1250.0,1254.0,1223.550048828125,1241.199951171875,1831346,M&M,M&M.NS
2022-10-21,1212.106689453125,1256.75,1268.9000244140625,1244.1500244140625,1253.0999755859375,1750934,M&M,M&M.NS
2022-10-24,1225.80224609375,1270.949951171875,1278.0,1261.0,1261.0,318933,M&M,M&M.NS
2022-10-25,1235.881103515625,1281.4000244140625,1283.8499755859375,1259.5999755859375,1270.949951171875,2809493,M&M,M&M.NS
2022-10-27,1248.17822265625,1294.1500244140625,1299.8499755859375,1279.050048828125,1283.300048828125,3279938,M&M,M&M.NS
2022-10-28,1265.056640625,1311.6500244140625,1315.9000244140625,1290.0,1300.6500244140625,2111224,M&M,M&M.NS
2022-10-31,1300.69384765625,1348.5999755859375,1358.5,1316.5999755859375,1318.25,4306893,M&M,M&M.NS
2022-11-01,1305.9503173828125,1354.050048828125,1366.550048828125,1349.3499755859375,1361.0,3405472,M&M,M&M.NS
2022-11-02,1304.3106689453125,1352.3499755859375,1361.0,1338.5999755859375,1354.050048828125,2298917,M&M,M&M.NS
2022-11-03,1287.9630126953125,1335.4000244140625,1355.0,1328.550048828125,1340.0,1931917,M&M,M&M.NS
2022-11-04,1290.760009765625,1338.300048828125,1352.0,1331.0,1338.0,2204968,M&M,M&M.NS
2022-11-07,1303.298095703125,1351.300048828125,1355.5999755859375,1336.5999755859375,1345.0,2599224,M&M,M&M.NS
2022-11-09,1290.03662109375,1337.550048828125,1364.8499755859375,1331.0,1364.8499755859375,2459869,M&M,M&M.NS
2022-11-10,1252.084228515625,1298.199951171875,1339.0,1290.5999755859375,1339.0,2792546,M&M,M&M.NS
2022-11-11,1241.378662109375,1287.0999755859375,1318.75,1278.550048828125,1305.0999755859375,5308986,M&M,M&M.NS
2022-11-14,1232.74658203125,1278.1500244140625,1309.699951171875,1268.050048828125,1304.0,3794391,M&M,M&M.NS
2022-11-15,1245.815185546875,1291.699951171875,1296.300048828125,1275.25,1284.550048828125,3192070,M&M,M&M.NS
2022-11-16,1240.9927978515625,1286.699951171875,1295.0,1276.0,1288.949951171875,2478281,M&M,M&M.NS
2022-11-17,1214.6142578125,1259.3499755859375,1285.0,1254.1500244140625,1280.199951171875,2319979,M&M,M&M.NS
2022-11-18,1183.5582275390625,1227.1500244140625,1255.949951171875,1217.25,1250.050048828125,4525364,M&M,M&M.NS
2022-11-21,1174.974365234375,1218.25,1234.9000244140625,1202.0,1218.0,4120736,M&M,M&M.NS
2022-11-22,1184.8121337890625,1228.449951171875,1235.449951171875,1215.949951171875,1220.6500244140625,2469455,M&M,M&M.NS
2022-11-23,1191.804443359375,1235.699951171875,1240.3499755859375,1224.0,1234.5999755859375,2396267,M&M,M&M.NS
2022-11-24,1209.502685546875,1254.050048828125,1257.0,1238.6500244140625,1241.9000244140625,2133523,M&M,M&M.NS
2022-11-25,1216.012939453125,1260.800048828125,1267.699951171875,1246.0,1258.0,1370326,M&M,M&M.NS
2022-11-28,1206.2716064453125,1250.699951171875,1272.0,1246.0,1258.9000244140625,2126619,M&M,M&M.NS
2022-11-29,1212.4442138671875,1257.0999755859375,1265.0,1248.550048828125,1256.0,2435651,M&M,M&M.NS
2022-11-30,1259.2215576171875,1305.5999755859375,1316.0,1257.6500244140625,1262.0999755859375,7536690,M&M,M&M.NS
2022-12-01,1247.5030517578125,1293.449951171875,1316.949951171875,1288.0,1315.0,2613761,M&M,M&M.NS
2022-12-02,1219.677978515625,1264.5999755859375,1293.800048828125,1260.0,1286.449951171875,2892150,M&M,M&M.NS
2022-12-05,1215.0484619140625,1259.800048828125,1269.449951171875,1252.5999755859375,1269.449951171875,2764806,M&M,M&M.NS
2022-12-06,1218.18310546875,1263.050048828125,1265.449951171875,1248.5,1248.5,1686075,M&M,M&M.NS
2022-12-07,1221.6068115234375,1266.5999755859375,1268.9000244140625,1252.4000244140625,1262.0,1731982,M&M,M&M.NS
2022-12-08,1229.08154296875,1274.3499755859375,1282.0,1269.5,1272.949951171875,1906386,M&M,M&M.NS
2022-12-09,1220.4495849609375,1265.4000244140625,1284.6500244140625,1256.5,1281.5,1308941,M&M,M&M.NS
2022-12-12,1219.099365234375,1264.0,1277.300048828125,1256.5,1263.9000244140625,1723401,M&M,M&M.NS
2022-12-13,1237.76171875,1283.3499755859375,1285.949951171875,1267.0,1268.0,2164600,M&M,M&M.NS
2022-12-14,1240.7515869140625,1286.449951171875,1291.0,1276.449951171875,1287.0,1436837,M&M,M&M.NS
2022-12-15,1241.23388671875,1286.949951171875,1293.5,1281.75,1285.9000244140625,2417555,M&M,M&M.NS
2022-12-16,1207.1396484375,1251.5999755859375,1287.0,1250.0,1277.949951171875,2136354,M&M,M&M.NS
2022-12-19,1244.8026123046875,1290.6500244140625,1294.9000244140625,1245.050048828125,1250.9000244140625,2767603,M&M,M&M.NS
2022-12-20,1229.9495849609375,1275.25,1288.0,1263.0999755859375,1287.949951171875,1286604,M&M,M&M.NS
2022-12-21,1220.73876953125,1265.699951171875,1284.5,1258.5,1279.9000244140625,1251993,M&M,M&M.NS
2022-12-22,1190.1165771484375,1233.949951171875,1277.6500244140625,1229.300048828125,1265.699951171875,1557590,M&M,M&M.NS
2022-12-23,1181.0987548828125,1224.5999755859375,1230.0,1208.0,1220.0,1913648,M&M,M&M.NS
2022-12-26,1193.1065673828125,1237.050048828125,1247.4000244140625,1216.300048828125,1224.5999755859375,1677560,M&M,M&M.NS
2022-12-27,1190.406005859375,1234.25,1248.5,1223.949951171875,1243.25,1304940,M&M,M&M.NS
2022-12-28,1207.863037109375,1252.3499755859375,1255.0,1225.0,1229.8499755859375,1959508,M&M,M&M.NS
2022-12-29,1217.5079345703125,1262.3499755859375,1267.5999755859375,1238.550048828125,1247.699951171875,1289676,M&M,M&M.NS
2022-12-30,1204.824951171875,1249.199951171875,1265.3499755859375,1245.0,1265.3499755859375,1372710,M&M,M&M.NS
2023-01-02,1217.989990234375,1262.8499755859375,1271.0,1242.5999755859375,1251.0,1718385,M&M,M&M.NS
2023-01-03,1204.9215087890625,1249.300048828125,1265.0,1246.699951171875,1263.0,1510751,M&M,M&M.NS
2023-01-04,1192.286865234375,1236.199951171875,1255.800048828125,1231.0,1252.3499755859375,1344532,M&M,M&M.NS
2023-01-05,1208.1524658203125,1252.6500244140625,1255.0,1231.0,1240.0,2745160,M&M,M&M.NS
2023-01-06,1219.96728515625,1264.9000244140625,1274.949951171875,1248.1500244140625,1252.6500244140625,2214972,M&M,M&M.NS
2023-01-09,1263.802734375,1310.3499755859375,1313.9000244140625,1271.6500244140625,1272.949951171875,3634805,M&M,M&M.NS
2023-01-10,1268.191162109375,1314.9000244140625,1326.4000244140625,1305.75,1310.5,3139930,M&M,M&M.NS
2023-01-11,1265.9727783203125,1312.5999755859375,1320.0,1300.5,1315.5,2041750,M&M,M&M.NS
2023-01-12,1273.0135498046875,1319.9000244140625,1327.0,1310.0,1316.0,2448619,M&M,M&M.NS
2023-01-13,1280.9703369140625,1328.1500244140625,1337.0,1311.5999755859375,1325.0,2600139,M&M,M&M.NS
2023-01-16,1268.8663330078125,1315.5999755859375,1335.25,1302.949951171875,1333.0,1651972,M&M,M&M.NS
2023-01-17,1273.9296875,1320.8499755859375,1323.8499755859375,1304.0999755859375,1318.949951171875,1607137,M&M,M&M.NS
2023-01-18,1275.18359375,1322.1500244140625,1325.0,1308.0999755859375,1320.3499755859375,1179938,M&M,M&M.NS
2023-01-19,1272.676025390625,1319.550048828125,1328.699951171875,1312.300048828125,1317.5999755859375,2066881,M&M,M&M.NS
2023-01-20,1268.04638671875,1314.75,1325.0,1311.6500244140625,1324.050048828125,1332666,M&M,M&M.NS
2023-01-23,1281.259765625,1328.449951171875,1345.949951171875,1312.300048828125,1321.3499755859375,1681075,M&M,M&M.NS
2023-01-24,1276.8714599609375,1323.9000244140625,1335.0999755859375,1321.050048828125,1335.0999755859375,1408040,M&M,M&M.NS
2023-01-25,1264.911865234375,1311.5,1332.0,1306.050048828125,1324.9000244140625,1359090,M&M,M&M.NS
2023-01-27,1273.302734375,1320.199951171875,1339.800048828125,1286.6500244140625,1318.0999755859375,1914769,M&M,M&M.NS
2023-01-30,1284.2978515625,1331.5999755859375,1342.0,1305.0,1320.0999755859375,2402331,M&M,M&M.NS
2023-01-31,1329.77294921875,1378.75,1385.5,1335.300048828125,1350.300048828125,5265862,M&M,M&M.NS
2023-02-01,1304.021484375,1352.050048828125,1390.0,1322.0,1386.550048828125,3010838,M&M,M&M.NS
2023-02-02,1304.3590087890625,1352.4000244140625,1378.199951171875,1330.5,1348.050048828125,2029111,M&M,M&M.NS
2023-02-03,1338.6944580078125,1388.0,1391.949951171875,1350.550048828125,1359.199951171875,1803085,M&M,M&M.NS
2023-02-06,1327.12060546875,1376.0,1391.9000244140625,1360.0,1391.9000244140625,1504382,M&M,M&M.NS
2023-02-07,1318.1510009765625,1366.699951171875,1385.0,1361.0,1382.9000244140625,1413825,M&M,M&M.NS
2023-02-08,1324.275634765625,1373.050048828125,1380.0,1360.0,1373.550048828125,1241238,M&M,M&M.NS
2023-02-09,1323.4554443359375,1372.199951171875,1386.0,1363.0,1372.0,1866387,M&M,M&M.NS
2023-02-10,1316.9453125,1365.449951171875,1386.949951171875,1350.800048828125,1378.550048828125,3282665,M&M,M&M.NS
2023-02-13,1304.937744140625,1353.0,1384.0,1325.050048828125,1375.0,4401219,M&M,M&M.NS
2023-02-14,1314.72705078125,1363.1500244140625,1377.0,1350.0,1358.0,2373179,M&M,M&M.NS
2023-02-15,1330.3516845703125,1379.3499755859375,1383.1500244140625,1360.050048828125,1364.199951171875,2007214,M&M,M&M.NS
2023-02-16,1319.549560546875,1368.1500244140625,1397.0,1363.199951171875,1380.0999755859375,2646301,M&M,M&M.NS
2023-02-17,1293.8463134765625,1341.5,1372.550048828125,1332.300048828125,1359.949951171875,2150027,M&M,M&M.NS
2023-02-20,1298.427490234375,1346.25,1354.949951171875,1332.5999755859375,1342.0999755859375,1497314,M&M,M&M.NS
2023-02-21,1303.82861328125,1351.8499755859375,1362.4000244140625,1341.0,1354.5,2118816,M&M,M&M.NS
2023-02-22,1272.8687744140625,1319.75,1352.8499755859375,1311.1500244140625,1346.9000244140625,2196484,M&M,M&M.NS
2023-02-23,1267.27490234375,1313.949951171875,1326.25,1305.0,1325.25,1847879,M&M,M&M.NS
2023-02-24,1234.7237548828125,1280.199951171875,1320.550048828125,1278.199951171875,1320.199951171875,2824384,M&M,M&M.NS
2023-02-27,1212.7337646484375,1257.4000244140625,1285.4000244140625,1248.4000244140625,1270.050048828125,2019964,M&M,M&M.NS
2023-02-28,1224.500244140625,1269.5999755859375,1293.25,1260.0,1263.699951171875,3407211,M&M,M&M.NS
2023-03-01,1226.9598388671875,1272.1500244140625,1305.550048828125,1269.050048828125,1275.949951171875,2338935,M&M,M&M.NS
2023-03-02,1207.091552734375,1251.550048828125,1278.550048828125,1250.0,1278.550048828125,1563750,M&M,M&M.NS
2023-03-03,1223.5357666015625,1268.5999755859375,1276.949951171875,1253.25,1257.9000244140625,1493291,M&M,M&M.NS
2023-03-06,1225.3201904296875,1270.449951171875,1284.25,1268.0,1269.550048828125,1570410,M&M,M&M.NS
2023-03-08,1244.12744140625,1289.949951171875,1291.949951171875,1258.300048828125,1270.0,2370800,M&M,M&M.NS
2023-03-09,1203.812255859375,1248.1500244140625,1294.800048828125,1244.949951171875,1291.0,3596577,M&M,M&M.NS
2023-03-10,1183.1241455078125,1226.699951171875,1256.699951171875,1225.3499755859375,1249.0,2664696,M&M,M&M.NS
2023-03-13,1151.055419921875,1193.449951171875,1231.0,1182.449951171875,1222.699951171875,3842775,M&M,M&M.NS
2023-03-14,1119.5653076171875,1160.800048828125,1192.4000244140625,1156.8499755859375,1192.300048828125,5379592,M&M,M&M.NS
2023-03-15,1119.131103515625,1160.3499755859375,1174.4000244140625,1153.199951171875,1167.0,2226887,M&M,M&M.NS
2023-03-16,1125.59326171875,1167.050048828125,1175.25,1140.1500244140625,1160.0,3604480,M&M,M&M.NS
2023-03-17,1129.8851318359375,1171.5,1186.25,1152.0,1172.9000244140625,3683701,M&M,M&M.NS
2023-03-20,1126.171875,1167.6500244140625,1179.1500244140625,1145.0,1169.949951171875,2082268,M&M,M&M.NS
2023-03-21,1119.0828857421875,1160.300048828125,1175.0,1156.4000244140625,1170.5999755859375,2209422,M&M,M&M.NS
2023-03-22,1122.7479248046875,1164.0999755859375,1180.5,1159.1500244140625,1167.5,2211909,M&M,M&M.NS
2023-03-23,1123.5677490234375,1164.949951171875,1175.0,1153.800048828125,1161.0,2594282,M&M,M&M.NS
2023-03-24,1109.92041015625,1150.800048828125,1170.550048828125,1147.0999755859375,1160.550048828125,1839876,M&M,M&M.NS
2023-03-27,1097.4786376953125,1137.9000244140625,1150.5999755859375,1125.5,1141.5,2446528,M&M,M&M.NS
2023-03-28,1088.2197265625,1128.300048828125,1149.0,1123.4000244140625,1143.5999755859375,1903339,M&M,M&M.NS
2023-03-29,1103.6513671875,1144.300048828125,1152.449951171875,1132.0,1133.949951171875,4003003,M&M,M&M.NS
2023-03-31,1117.5396728515625,1158.699951171875,1163.0,1145.8499755859375,1147.5999755859375,2343070,M&M,M&M.NS
2023-04-03,1128.342041015625,1169.9000244140625,1180.0,1155.300048828125,1161.300048828125,2546562,M&M,M&M.NS
2023-04-05,1114.4051513671875,1155.449951171875,1173.300048828125,1151.949951171875,1172.0,2028469,M&M,M&M.NS
2023-04-06,1129.64404296875,1171.25,1175.0,1148.300048828125,1154.0,2029418,M&M,M&M.NS
2023-04-10,1146.3775634765625,1188.5999755859375,1191.0,1171.25,1171.25,2586918,M&M,M&M.NS
2023-04-11,1159.01220703125,1201.699951171875,1204.199951171875,1188.199951171875,1200.0,2443384,M&M,M&M.NS
2023-04-12,1164.46142578125,1207.3499755859375,1212.949951171875,1198.5999755859375,1203.5,2469405,M&M,M&M.NS
2023-04-13,1161.7611083984375,1204.550048828125,1222.199951171875,1199.550048828125,1213.449951171875,4470196,M&M,M&M.NS
2023-04-17,1169.8626708984375,1212.949951171875,1218.949951171875,1203.4000244140625,1218.949951171875,1956198,M&M,M&M.NS
2023-04-18,1161.9056396484375,1204.699951171875,1217.9000244140625,1202.5999755859375,1213.0,2075066,M&M,M&M.NS
2023-04-19,1172.322021484375,1215.5,1217.949951171875,1203.4000244140625,1204.6500244140625,1818732,M&M,M&M.NS
2023-04-20,1175.31201171875,1218.5999755859375,1224.9000244140625,1214.550048828125,1218.0,2172677,M&M,M&M.NS
2023-04-21,1169.6697998046875,1212.75,1221.949951171875,1209.050048828125,1221.949951171875,1015815,M&M,M&M.NS
2023-04-24,1164.8472900390625,1207.75,1217.0999755859375,1196.0,1210.4000244140625,1389756,M&M,M&M.NS
2023-04-25,1166.8726806640625,1209.8499755859375,1215.0,1199.4000244140625,1207.75,1360260,M&M,M&M.NS
2023-04-26,1170.4415283203125,1213.550048828125,1217.25,1205.300048828125,1212.0,1708865,M&M,M&M.NS
2023-04-27,1180.5201416015625,1224.0,1225.0,1210.050048828125,1210.050048828125,1340045,M&M,M&M.NS
2023-04-28,1183.3170166015625,1226.9000244140625,1228.75,1211.5,1225.0,2333102,M&M,M&M.NS
2023-05-02,1193.34765625,1237.300048828125,1240.800048828125,1217.5,1230.0,2607580,M&M,M&M.NS
2023-05-03,1191.5634765625,1235.449951171875,1242.0,1230.0999755859375,1237.300048828125,1307304,M&M,M&M.NS
2023-05-04,1187.9466552734375,1231.699951171875,1238.050048828125,1228.0,1235.0,1541188,M&M,M&M.NS
2023-05-05,1168.1748046875,1211.199951171875,1242.3499755859375,1208.050048828125,1232.800048828125,4753718,M&M,M&M.NS
2023-05-08,1188.0430908203125,1231.800048828125,1239.8499755859375,1213.699951171875,1216.949951171875,3513667,M&M,M&M.NS
2023-05-09,1201.2081298828125,1245.449951171875,1250.0,1234.050048828125,1239.0,1846359,M&M,M&M.NS
2023-05-10,1204.2945556640625,1248.6500244140625,1255.800048828125,1235.0,1250.0,2108081,M&M,M&M.NS
2023-05-11,1206.8504638671875,1251.300048828125,1260.8499755859375,1244.1500244140625,1250.0,4100467,M&M,M&M.NS
2023-05-12,1230.6246337890625,1275.949951171875,1278.800048828125,1251.300048828125,1256.4000244140625,2427624,M&M,M&M.NS
2023-05-15,1239.980224609375,1285.6500244140625,1287.75,1272.5999755859375,1279.9000244140625,2647630,M&M,M&M.NS
2023-05-16,1217.604248046875,1262.449951171875,1291.699951171875,1258.8499755859375,1287.0,1571371,M&M,M&M.NS
2023-05-17,1218.231201171875,1263.0999755859375,1271.699951171875,1260.699951171875,1265.0,1643851,M&M,M&M.NS
2023-05-18,1201.2564697265625,1245.5,1269.949951171875,1241.25,1269.949951171875,1900447,M&M,M&M.NS
2023-05-19,1215.627197265625,1260.4000244140625,1262.449951171875,1237.449951171875,1252.9000244140625,1588996,M&M,M&M.NS
2023-05-22,1220.59423828125,1265.550048828125,1269.449951171875,1251.300048828125,1259.25,917769,M&M,M&M.NS
2023-05-23,1223.4876708984375,1268.550048828125,1270.75,1256.550048828125,1265.550048828125,1803955,M&M,M&M.NS
2023-05-24,1230.383544921875,1275.699951171875,1278.0,1254.5,1260.0,1369297,M&M,M&M.NS
2023-05-25,1232.4090576171875,1277.800048828125,1280.800048828125,1257.550048828125,1280.0,2040166,M&M,M&M.NS
2023-05-26,1236.3150634765625,1281.8499755859375,1292.800048828125,1268.3499755859375,1290.0,3508112,M&M,M&M.NS
2023-05-29,1282.8994140625,1330.1500244140625,1350.0,1298.0,1321.5,6185862,M&M,M&M.NS
2023-05-30,1281.259765625,1328.449951171875,1335.300048828125,1320.0,1329.949951171875,2493657,M&M,M&M.NS
2023-05-31,1272.1453857421875,1319.0,1328.25,1303.25,1325.0,5629378,M&M,M&M.NS
2023-06-01,1272.049072265625,1318.9000244140625,1337.699951171875,1312.800048828125,1319.0,2364455,M&M,M&M.NS
2023-06-02,1293.749755859375,1341.4000244140625,1345.0,1320.300048828125,1324.8499755859375,2313841,M&M,M&M.NS
2023-06-05,1345.83154296875,1395.4000244140625,1401.0,1346.3499755859375,1349.800048828125,5105293,M&M,M&M.NS
2023-06-06,1361.070068359375,1411.199951171875,1414.9000244140625,1388.050048828125,1395.4000244140625,2335838,M&M,M&M.NS
2023-06-07,1356.4407958984375,1406.4000244140625,1422.800048828125,1395.0,1422.800048828125,2491079,M&M,M&M.NS
2023-06-08,1331.991455078125,1381.050048828125,1415.550048828125,1377.5,1412.699951171875,1776230,M&M,M&M.NS
2023-06-09,1321.9608154296875,1370.6500244140625,1387.0,1363.0,1380.75,1881329,M&M,M&M.NS
2023-06-12,1332.328857421875,1381.4000244140625,1384.800048828125,1369.300048828125,1377.9000244140625,1389300,M&M,M&M.NS
2023-06-13,1324.3719482421875,1373.1500244140625,1388.5,1368.199951171875,1383.1500244140625,2516583,M&M,M&M.NS
2023-06-14,1329.676513671875,1378.6500244140625,1381.0,1366.0,1374.0,905086,M&M,M&M.NS
2023-06-15,1343.275634765625,1392.75,1407.199951171875,1371.5,1381.800048828125,1720070,M&M,M&M.NS
2023-06-16,1353.9813232421875,1403.8499755859375,1409.800048828125,1393.4000244140625,1399.0,2132678,M&M,M&M.NS
2023-06-19,1352.7276611328125,1402.550048828125,1415.3499755859375,1396.0,1409.5,1476764,M&M,M&M.NS
2023-06-20,1346.84423828125,1396.449951171875,1409.9000244140625,1380.699951171875,1402.5999755859375,1042428,M&M,M&M.NS
2023-06-21,1325.4327392578125,1374.25,1403.4000244140625,1370.6500244140625,1394.050048828125,2008628,M&M,M&M.NS
2023-06-22,1329.7247314453125,1378.699951171875,1392.0,1374.6500244140625,1379.0,1296616,M&M,M&M.NS
2023-06-23,1324.4683837890625,1373.25,1379.5999755859375,1368.5,1376.9000244140625,1258590,M&M,M&M.NS
2023-06-26,1348.001708984375,1397.6500244140625,1404.9000244140625,1369.949951171875,1375.0,2281046,M&M,M&M.NS
2023-06-27,1352.5830078125,1402.4000244140625,1417.0,1393.5999755859375,1406.699951171875,2737379,M&M,M&M.NS
2023-06-28,1345.44580078125,1395.0,1413.75,1390.1500244140625,1408.949951171875,2611913,M&M,M&M.NS
2023-06-30,1401.964111328125,1453.5999755859375,1461.0,1400.0,1402.6500244140625,4114865,M&M,M&M.NS
2023-07-03,1415.804443359375,1467.949951171875,1498.050048828125,1459.300048828125,1470.0,3615176,M&M,M&M.NS
2023-07-04,1412.4285888671875,1464.449951171875,1487.0,1462.0999755859375,1487.0,1595700,M&M,M&M.NS
2023-07-05,1422.9415283203125,1475.3499755859375,1478.0,1457.0999755859375,1463.949951171875,1456527,M&M,M&M.NS
2023-07-06,1493.7823486328125,1548.800048828125,1552.9000244140625,1472.6500244140625,1477.8499755859375,5628945,M&M,M&M.NS
2023-07-07,1508.587158203125,1564.1500244140625,1591.949951171875,1539.300048828125,1546.9000244140625,6905845,M&M,M&M.NS
2023-07-10,1496.2899169921875,1551.4000244140625,1579.0,1545.949951171875,1567.0,2276342,M&M,M&M.NS
2023-07-11,1513.69873046875,1569.449951171875,1576.0,1550.4000244140625,1558.25,1563376,M&M,M&M.NS
2023-07-12,1515.0489501953125,1570.8499755859375,1579.6500244140625,1541.6500244140625,1569.0,2658457,M&M,M&M.NS
2023-07-13,1511.2393798828125,1566.9000244140625,1594.800048828125,1558.449951171875,1576.0,1859405,M&M,M&M.NS
2023-07-14,1507.24365234375,1546.550048828125,1566.9000244140625,1542.699951171875,1562.699951171875,2174792,M&M,M&M.NS
2023-07-17,1497.254150390625,1536.300048828125,1559.0,1529.5,1559.0,1520990,M&M,M&M.NS
2023-07-18,1495.69482421875,1534.699951171875,1542.1500244140625,1526.0,1536.0,1059058,M&M,M&M.NS
2023-07-19,1505.1968994140625,1544.449951171875,1549.5,1524.0,1530.199951171875,1081196,M&M,M&M.NS
2023-07-20,1506.073974609375,1545.3499755859375,1553.75,1530.550048828125,1550.050048828125,1538263,M&M,M&M.NS
2023-07-21,1484.7794189453125,1523.5,1552.5999755859375,1518.8499755859375,1548.949951171875,1668783,M&M,M&M.NS
2023-07-24,1507.535888671875,1546.8499755859375,1557.0,1514.949951171875,1522.0,2129706,M&M,M&M.NS
2023-07-25,1525.95556640625,1565.75,1569.5,1548.050048828125,1551.449951171875,1996604,M&M,M&M.NS
2023-07-26,1505.5867919921875,1544.8499755859375,1574.0,1532.0,1570.1500244140625,2100855,M&M,M&M.NS
2023-07-27,1410.6134033203125,1447.4000244140625,1500.0,1438.3499755859375,1499.0,11879512,M&M,M&M.NS
2023-07-28,1430.4951171875,1467.800048828125,1471.0,1450.0,1460.0,4714146,M&M,M&M.NS
2023-07-31,1437.7069091796875,1475.199951171875,1479.0,1457.5999755859375,1476.800048828125,2460789,M&M,M&M.NS
2023-08-01,1455.3956298828125,1493.3499755859375,1504.0,1470.199951171875,1475.199951171875,4184243,M&M,M&M.NS
2023-08-02,1447.5504150390625,1485.300048828125,1497.0,1465.25,1493.3499755859375,3188395,M&M,M&M.NS
2023-08-03,1431.810791015625,1469.1500244140625,1501.550048828125,1447.5999755859375,1485.0,2222395,M&M,M&M.NS
2023-08-04,1427.425048828125,1464.6500244140625,1502.449951171875,1415.75,1481.0,8066091,M&M,M&M.NS
2023-08-07,1488.093017578125,1526.9000244140625,1531.0,1480.75,1489.0,9257291,M&M,M&M.NS
2023-08-08,1461.584228515625,1499.699951171875,1534.0,1485.0,1530.0,3426948,M&M,M&M.NS
2023-08-09,1495.7435302734375,1534.75,1537.550048828125,1492.25,1505.0,3713003,M&M,M&M.NS
2023-08-10,1506.122802734375,1545.4000244140625,1556.050048828125,1531.800048828125,1534.5,3600607,M&M,M&M.NS
2023-08-11,1507.14599609375,1546.449951171875,1559.5999755859375,1533.050048828125,1548.550048828125,2402812,M&M,M&M.NS
2023-08-14,1507.535888671875,1546.8499755859375,1550.75,1524.0,1544.949951171875,1875450,M&M,M&M.NS
2023-08-16,1530.682373046875,1570.5999755859375,1573.0,1538.5999755859375,1559.050048828125,2361632,M&M,M&M.NS
2023-08-17,1533.5086669921875,1573.5,1579.050048828125,1560.1500244140625,1573.0,2377711,M&M,M&M.NS
2023-08-18,1513.1885986328125,1552.6500244140625,1582.550048828125,1544.5999755859375,1568.75,2202570,M&M,M&M.NS
2023-08-21,1499.4468994140625,1538.550048828125,1552.6500244140625,1531.75,1546.0,1487526,M&M,M&M.NS
2023-08-22,1511.0931396484375,1550.5,1555.0,1534.75,1538.0,975607,M&M,M&M.NS
2023-08-23,1503.247802734375,1542.449951171875,1554.8499755859375,1536.0999755859375,1546.050048828125,1405076,M&M,M&M.NS
2023-08-24,1503.0040283203125,1542.199951171875,1554.949951171875,1528.050048828125,1550.050048828125,2111147,M&M,M&M.NS
2023-08-25,1481.4171142578125,1520.050048828125,1547.25,1508.199951171875,1530.9000244140625,1455320,M&M,M&M.NS
2023-08-28,1509.875,1549.25,1553.0,1524.0999755859375,1528.0,2132512,M&M,M&M.NS
2023-08-29,1521.1800537109375,1560.8499755859375,1564.3499755859375,1540.0,1554.9000244140625,1325882,M&M,M&M.NS
2023-08-30,1542.962158203125,1583.199951171875,1589.0,1559.800048828125,1569.0,3140040,M&M,M&M.NS
2023-08-31,1535.3603515625,1575.4000244140625,1590.0,1567.1500244140625,1588.949951171875,3512885,M&M,M&M.NS
2023-09-01,1551.48974609375,1591.949951171875,1604.5,1575.0,1577.0,2147299,M&M,M&M.NS
2023-09-04,1536.3349609375,1576.4000244140625,1605.9000244140625,1564.199951171875,1605.9000244140625,2200142,M&M,M&M.NS
2023-09-05,1531.2183837890625,1571.1500244140625,1584.0999755859375,1565.25,1577.5999755859375,1078759,M&M,M&M.NS
2023-09-06,1536.919677734375,1577.0,1580.9000244140625,1558.699951171875,1577.0,1301466,M&M,M&M.NS
2023-09-07,1525.95556640625,1565.75,1577.9000244140625,1560.25,1572.199951171875,1514369,M&M,M&M.NS
2023-09-08,1527.7099609375,1567.550048828125,1578.0,1560.0,1565.0999755859375,1223910,M&M,M&M.NS
2023-09-11,1541.89013671875,1582.0999755859375,1589.0,1564.0,1567.6500244140625,1921950,M&M,M&M.NS
2023-09-12,1518.3538818359375,1557.949951171875,1589.449951171875,1513.050048828125,1582.199951171875,3770868,M&M,M&M.NS
2023-09-13,1497.8875732421875,1536.949951171875,1568.5999755859375,1530.0999755859375,1564.0,2382637,M&M,M&M.NS
2023-09-14,1526.1993408203125,1566.0,1575.4000244140625,1538.3499755859375,1545.0,2220196,M&M,M&M.NS
2023-09-15,1560.4071044921875,1601.0999755859375,1610.699951171875,1571.8499755859375,1579.6500244140625,5425897,M&M,M&M.NS
2023-09-18,1599.731689453125,1641.449951171875,1670.0,1602.0999755859375,1608.75,6887528,M&M,M&M.NS
2023-09-20,1592.470947265625,1634.0,1665.0,1620.0999755859375,1620.0999755859375,6116670,M&M,M&M.NS
2023-09-21,1543.0108642578125,1583.25,1656.199951171875,1575.0999755859375,1637.800048828125,2898266,M&M,M&M.NS
2023-09-22,1566.303466796875,1607.1500244140625,1617.949951171875,1566.0999755859375,1580.0,3827771,M&M,M&M.NS
2023-09-25,1549.05322265625,1589.449951171875,1620.0,1582.3499755859375,1612.949951171875,3231962,M&M,M&M.NS
2023-09-26,1554.6571044921875,1595.199951171875,1606.5999755859375,1582.0,1589.449951171875,1479841,M&M,M&M.NS
2023-09-27,1548.8095703125,1589.199951171875,1599.5999755859375,1583.25,1594.8499755859375,1991198,M&M,M&M.NS
2023-09-28,1516.502197265625,1556.050048828125,1596.9000244140625,1544.0,1595.949951171875,2369699,M&M,M&M.NS
2023-09-29,1514.7479248046875,1554.25,1576.5,1550.0999755859375,1574.0,1254881,M&M,M&M.NS
2023-10-03,1498.326171875,1537.4000244140625,1598.0,1533.050048828125,1597.199951171875,3436776,M&M,M&M.NS
2023-10-04,1483.4149169921875,1522.0999755859375,1537.9000244140625,1501.75,1531.800048828125,2580901,M&M,M&M.NS
2023-10-05,1498.862060546875,1537.949951171875,1550.800048828125,1513.050048828125,1533.0,1991367,M&M,M&M.NS
2023-10-06,1509.4852294921875,1548.8499755859375,1554.0,1540.3499755859375,1545.0,1743027,M&M,M&M.NS
2023-10-09,1476.6903076171875,1515.199951171875,1541.25,1514.0,1540.0,2123175,M&M,M&M.NS
2023-10-10,1498.7646484375,1537.8499755859375,1543.8499755859375,1519.199951171875,1521.449951171875,1956653,M&M,M&M.NS
2023-10-11,1516.745849609375,1556.300048828125,1559.1500244140625,1540.0,1540.0,1536986,M&M,M&M.NS
2023-10-12,1526.832763671875,1566.6500244140625,1570.050048828125,1555.5999755859375,1559.0,1731806,M&M,M&M.NS
2023-10-13,1522.7393798828125,1562.449951171875,1574.4000244140625,1550.300048828125,1560.5,1465554,M&M,M&M.NS
2023-10-16,1534.531982421875,1574.550048828125,1577.25,1558.5,1562.8499755859375,1089610,M&M,M&M.NS
2023-10-17,1536.52978515625,1576.5999755859375,1583.9000244140625,1568.5999755859375,1575.0,997962,M&M,M&M.NS
2023-10-18,1534.8243408203125,1574.8499755859375,1579.449951171875,1561.75,1576.5999755859375,1212994,M&M,M&M.NS
2023-10-19,1529.6590576171875,1569.550048828125,1578.9000244140625,1553.3499755859375,1553.3499755859375,1239578,M&M,M&M.NS
2023-10-20,1518.6461181640625,1558.25,1575.0,1545.0999755859375,1566.0,1435102,M&M,M&M.NS
2023-10-23,1525.3709716796875,1565.1500244140625,1574.9000244140625,1546.5,1548.25,4069167,M&M,M&M.NS
2023-10-25,1529.220458984375,1569.0999755859375,1576.5999755859375,1547.0,1574.0,2510769,M&M,M&M.NS
2023-10-26,1467.8216552734375,1506.0999755859375,1558.199951171875,1500.0,1554.0,3343802,M&M,M&M.NS
2023-10-27,1472.4022216796875,1510.800048828125,1533.949951171875,1507.300048828125,1508.3499755859375,3341111,M&M,M&M.NS
2023-10-30,1459.732666015625,1497.800048828125,1515.449951171875,1463.199951171875,1502.0999755859375,2637486,M&M,M&M.NS
2023-10-31,1421.52880859375,1458.5999755859375,1497.300048828125,1455.550048828125,1494.199951171875,2555737,M&M,M&M.NS
2023-11-01,1417.6304931640625,1454.5999755859375,1485.0,1450.0,1464.9000244140625,2627536,M&M,M&M.NS
2023-11-02,1432.3468017578125,1469.699951171875,1477.5,1452.5,1465.0,2091122,M&M,M&M.NS
2023-11-03,1431.66455078125,1469.0,1488.0999755859375,1460.449951171875,1480.0,2456723,M&M,M&M.NS
2023-11-06,1450.4739990234375,1488.300048828125,1492.199951171875,1473.550048828125,1481.800048828125,1271868,M&M,M&M.NS
2023-11-07,1442.141357421875,1479.75,1497.0,1475.0,1488.25,1940908,M&M,M&M.NS
2023-11-08,1449.5970458984375,1487.4000244140625,1489.4000244140625,1474.0,1485.050048828125,1342202,M&M,M&M.NS
2023-11-09,1512.6038818359375,1552.050048828125,1558.699951171875,1487.4000244140625,1487.4000244140625,4831782,M&M,M&M.NS
2023-11-10,1485.3642578125,1524.0999755859375,1551.0,1515.300048828125,1550.0,4872228,M&M,M&M.NS
2023-11-13,1501.103759765625,1540.25,1543.300048828125,1513.050048828125,1526.25,1968032,M&M,M&M.NS
2023-11-15,1504.9046630859375,1544.1500244140625,1550.800048828125,1533.550048828125,1549.0,2782942,M&M,M&M.NS
2023-11-16,1529.6103515625,1569.5,1583.949951171875,1538.5,1544.199951171875,3224223,M&M,M&M.NS
2023-11-17,1544.27783203125,1584.550048828125,1596.0,1572.6500244140625,1575.0,2035309,M&M,M&M.NS
2023-11-20,1512.75,1552.199951171875,1589.800048828125,1540.5999755859375,1589.800048828125,2918577,M&M,M&M.NS
2023-11-21,1520.108154296875,1559.75,1571.4000244140625,1549.1500244140625,1553.0,2213144,M&M,M&M.NS
2023-11-22,1504.2222900390625,1543.449951171875,1564.6500244140625,1535.0,1560.0,1269475,M&M,M&M.NS
2023-11-23,1506.5614013671875,1545.8499755859375,1560.949951171875,1535.0999755859375,1556.5999755859375,1552635,M&M,M&M.NS
2023-11-24,1513.724609375,1553.199951171875,1559.5,1547.5,1549.0,1239270,M&M,M&M.NS
2023-11-28,1526.248046875,1566.050048828125,1572.0,1542.1500244140625,1553.199951171875,2596766,M&M,M&M.NS
2023-11-29,1577.94970703125,1619.0999755859375,1623.4000244140625,1567.25,1576.0,3581220,M&M,M&M.NS
2023-11-30,1605.87158203125,1647.75,1660.0,1613.699951171875,1615.050048828125,5214960,M&M,M&M.NS
2023-12-01,1584.18701171875,1625.5,1666.0,1621.199951171875,1656.0,2489755,M&M,M&M.NS
2023-12-04,1614.740234375,1656.8499755859375,1675.0,1639.449951171875,1662.8499755859375,3001010,M&M,M&M.NS
2023-12-05,1643.1981201171875,1686.050048828125,1708.0,1640.5999755859375,1660.9000244140625,3423953,M&M,M&M.NS
2023-12-06,1659.132568359375,1702.4000244140625,1710.449951171875,1684.1500244140625,1688.0999755859375,2279220,M&M,M&M.NS
2023-12-07,1649.63037109375,1692.6500244140625,1706.0,1681.6500244140625,1703.0,2461051,M&M,M&M.NS
2023-12-08,1626.1429443359375,1668.550048828125,1708.1500244140625,1662.550048828125,1699.0,1942667,M&M,M&M.NS
2023-12-11,1610.2083740234375,1652.199951171875,1674.449951171875,1647.0999755859375,1674.0,2037178,M&M,M&M.NS
2023-12-12,1593.83544921875,1635.4000244140625,1670.0,1626.5,1663.0,2051527,M&M,M&M.NS
2023-12-13,1623.803955078125,1666.1500244140625,1670.5,1629.550048828125,1639.0,2247441,M&M,M&M.NS
2023-12-14,1660.2532958984375,1703.550048828125,1709.8499755859375,1671.050048828125,1676.0,3326228,M&M,M&M.NS
2023-12-15,1681.109375,1724.949951171875,1739.5999755859375,1698.0,1727.9000244140625,3858594,M&M,M&M.NS
2023-12-18,1667.319091796875,1710.800048828125,1731.8499755859375,1698.75,1720.0,1739425,M&M,M&M.NS
2023-12-19,1656.1600341796875,1699.3499755859375,1723.8499755859375,1691.300048828125,1720.0,1660221,M&M,M&M.NS
2023-12-20,1605.0919189453125,1646.949951171875,1711.949951171875,1640.5999755859375,1710.0,3047660,M&M,M&M.NS
2023-12-21,1592.3248291015625,1633.8499755859375,1653.1500244140625,1620.4000244140625,1635.0,3211338,M&M,M&M.NS
2023-12-22,1592.714599609375,1634.25,1652.0,1622.75,1630.0,2751274,M&M,M&M.NS
2023-12-26,1620.0030517578125,1662.25,1669.0,1634.5,1640.9000244140625,1203594,M&M,M&M.NS
2023-12-27,1645.0498046875,1687.949951171875,1691.800048828125,1660.25,1670.0,1793638,M&M,M&M.NS
2023-12-28,1690.367919921875,1734.449951171875,1739.949951171875,1688.4000244140625,1688.949951171875,2963938,M&M,M&M.NS
2023-12-29,1685.4464111328125,1729.4000244140625,1758.0,1715.0,1730.0,2273255,M&M,M&M.NS
2024-01-01,1660.009765625,1703.300048828125,1730.0,1699.0,1729.4000244140625,1307485,M&M,M&M.NS
2024-01-02,1614.106689453125,1656.199951171875,1705.0,1649.449951171875,1703.5999755859375,2857334,M&M,M&M.NS
2024-01-03,1613.180908203125,1655.25,1678.199951171875,1648.050048828125,1672.0,1927812,M&M,M&M.NS
2024-01-04,1599.975341796875,1641.699951171875,1674.449951171875,1638.199951171875,1666.9000244140625,2835768,M&M,M&M.NS
2024-01-05,1600.2677001953125,1642.0,1661.5,1636.5,1647.949951171875,1709313,M&M,M&M.NS
2024-01-08,1575.07470703125,1616.1500244140625,1653.4000244140625,1606.0999755859375,1648.1500244140625,1492195,M&M,M&M.NS
2024-01-09,1588.4752197265625,1629.9000244140625,1636.800048828125,1615.0,1625.0,2542484,M&M,M&M.NS
2024-01-10,1591.3016357421875,1632.800048828125,1647.449951171875,1621.3499755859375,1645.0,1954233,M&M,M&M.NS
2024-01-11,1587.257080078125,1628.6500244140625,1651.25,1625.8499755859375,1643.9000244140625,2228002,M&M,M&M.NS
2024-01-12,1583.1636962890625,1624.449951171875,1633.8499755859375,1601.5,1630.0,3061539,M&M,M&M.NS
2024-01-15,1593.9815673828125,1635.550048828125,1640.9000244140625,1616.0999755859375,1635.0,1405514,M&M,M&M.NS
2024-01-16,1579.1678466796875,1620.3499755859375,1640.0,1617.550048828125,1638.0,2236688,M&M,M&M.NS
2024-01-17,1557.093505859375,1597.699951171875,1615.0,1591.0,1612.0,2548169,M&M,M&M.NS
2024-01-18,1576.146728515625,1617.25,1623.300048828125,1580.6500244140625,1600.0,2328588,M&M,M&M.NS
2024-01-19,1613.473388671875,1655.550048828125,1659.0,1622.25,1624.949951171875,2836976,M&M,M&M.NS
2024-01-23,1554.6571044921875,1595.199951171875,1647.5999755859375,1588.25,1619.0,2772880,M&M,M&M.NS
2024-01-24,1586.7208251953125,1628.0999755859375,1632.300048828125,1575.0,1595.0,2543323,M&M,M&M.NS
2024-01-25,1593.932861328125,1635.5,1642.75,1603.9000244140625,1631.5999755859375,2038472,M&M,M&M.NS
2024-01-29,1598.3184814453125,1640.0,1645.0,1625.0,1635.5,3075670,M&M,M&M.NS
2024-01-30,1579.1678466796875,1620.3499755859375,1659.5,1614.449951171875,1649.949951171875,2569098,M&M,M&M.NS
2024-01-31,1609.574951171875,1651.550048828125,1658.300048828125,1609.050048828125,1615.050048828125,3154787,M&M,M&M.NS
2024-02-01,1609.185302734375,1651.1500244140625,1702.5999755859375,1645.550048828125,1659.25,4065784,M&M,M&M.NS
2024-02-02,1618.541259765625,1660.75,1687.050048828125,1650.0,1655.0,3304158,M&M,M&M.NS
2024-02-05,1660.2532958984375,1703.550048828125,1712.8499755859375,1665.0999755859375,1676.699951171875,3525423,M&M,M&M.NS
2024-02-06,1683.740966796875,1727.6500244140625,1730.0,1706.0,1710.949951171875,2219874,M&M,M&M.NS
2024-02-07,1677.259765625,1721.0,1752.0,1715.699951171875,1731.449951171875,1213661,M&M,M&M.NS
2024-02-08,1643.052001953125,1685.9000244140625,1743.9000244140625,1675.550048828125,1729.0,2550690,M&M,M&M.NS
2024-02-09,1604.555908203125,1646.4000244140625,1689.75,1628.0,1686.0,2033950,M&M,M&M.NS
2024-02-12,1618.2486572265625,1660.449951171875,1675.050048828125,1640.550048828125,1654.0,1197925,M&M,M&M.NS
2024-02-13,1604.89697265625,1646.75,1679.4000244140625,1623.449951171875,1670.0,2075130,M&M,M&M.NS
2024-02-14,1614.9351806640625,1657.050048828125,1679.6500244140625,1623.9000244140625,1631.0,4368695,M&M,M&M.NS
2024-02-15,1720.1903076171875,1765.050048828125,1784.9000244140625,1668.0999755859375,1681.050048828125,9887134,M&M,M&M.NS
2024-02-16,1788.8985595703125,1835.550048828125,1864.6500244140625,1776.8499755859375,1788.0,7188957,M&M,M&M.NS
2024-02-19,1801.568115234375,1848.550048828125,1856.449951171875,1820.0,1836.050048828125,2682236,M&M,M&M.NS
2024-02-20,1806.53857421875,1853.6500244140625,1860.0,1820.5,1837.4000244140625,1830562,M&M,M&M.NS
2024-02-21,1812.3858642578125,1859.6500244140625,1889.699951171875,1846.699951171875,1849.9000244140625,4466234,M&M,M&M.NS
2024-02-22,1861.79736328125,1910.3499755859375,1917.0,1853.0,1870.949951171875,3360123,M&M,M&M.NS
2024-02-23,1880.899169921875,1929.949951171875,1947.8499755859375,1901.0999755859375,1926.3499755859375,3323441,M&M,M&M.NS
2024-02-26,1880.7530517578125,1929.800048828125,1951.0,1925.199951171875,1935.0,2436063,M&M,M&M.NS
2024-02-27,1901.0244140625,1950.5999755859375,1956.949951171875,1915.050048828125,1926.0,2821465,M&M,M&M.NS
2024-02-28,1853.3184814453125,1901.6500244140625,1953.1500244140625,1897.050048828125,1951.949951171875,2010429,M&M,M&M.NS
2024-02-29,1883.287109375,1932.4000244140625,1950.9000244140625,1892.550048828125,1902.8499755859375,5539065,M&M,M&M.NS
2024-03-01,1922.8062744140625,1972.949951171875,1982.300048828125,1930.5,1933.5999755859375,3384932,M&M,M&M.NS
2024-03-04,1872.2255859375,1921.050048828125,1974.949951171875,1919.050048828125,1967.0,1645331,M&M,M&M.NS
2024-03-05,1889.962890625,1939.25,1968.0,1923.050048828125,1925.0,2208384,M&M,M&M.NS
2024-03-06,1920.5648193359375,1970.6500244140625,1979.9000244140625,1922.0,1945.0,1673183,M&M,M&M.NS
2024-03-07,1849.32275390625,1897.550048828125,1932.1500244140625,1884.300048828125,1930.1500244140625,18323831,M&M,M&M.NS
2024-03-11,1846.2039794921875,1894.3499755859375,1913.699951171875,1873.300048828125,1913.0,3250782,M&M,M&M.NS
2024-03-12,1846.9837646484375,1895.1500244140625,1898.3499755859375,1876.6500244140625,1892.0,3186510,M&M,M&M.NS
2024-03-13,1806.587158203125,1853.699951171875,1901.4000244140625,1844.25,1896.0,4270994,M&M,M&M.NS
2024-03-14,1842.500732421875,1890.550048828125,1895.5999755859375,1844.5999755859375,1853.699951171875,2388133,M&M,M&M.NS
2024-03-15,1753.7647705078125,1799.5,1882.0999755859375,1788.800048828125,1875.0,5504948,M&M,M&M.NS
2024-03-18,1808.8775634765625,1856.050048828125,1867.4000244140625,1801.050048828125,1807.949951171875,3404076,M&M,M&M.NS
2024-03-19,1797.036376953125,1843.9000244140625,1865.0,1826.800048828125,1856.050048828125,2189225,M&M,M&M.NS
2024-03-20,1797.5235595703125,1844.4000244140625,1859.050048828125,1820.550048828125,1851.949951171875,1550415,M&M,M&M.NS
2024-03-21,1818.428466796875,1865.8499755859375,1875.0,1845.0,1859.949951171875,2072960,M&M,M&M.NS
2024-03-22,1831.04931640625,1878.800048828125,1905.449951171875,1847.25,1865.8499755859375,3786990,M&M,M&M.NS
2024-03-26,1816.57666015625,1863.949951171875,1917.5,1861.0999755859375,1878.199951171875,4092744,M&M,M&M.NS
2024-03-27,1833.339599609375,1881.1500244140625,1899.9000244140625,1855.300048828125,1869.9000244140625,4196597,M&M,M&M.NS
2024-03-28,1872.5177001953125,1921.3499755859375,1962.949951171875,1870.3499755859375,1881.1500244140625,3790854,M&M,M&M.NS
2024-04-01,1867.2550048828125,1915.949951171875,1963.8499755859375,1891.800048828125,1938.0,2765845,M&M,M&M.NS
2024-04-02,1921.8316650390625,1971.949951171875,1977.5,1901.449951171875,1915.949951171875,3431715,M&M,M&M.NS
2024-04-03,1938.7408447265625,1989.300048828125,2003.300048828125,1956.199951171875,1967.0,3615370,M&M,M&M.NS
2024-04-04,1951.80029296875,2002.699951171875,2015.0,1963.199951171875,1999.0,3007920,M&M,M&M.NS
2024-04-05,1962.1309814453125,2013.300048828125,2027.449951171875,1992.25,1995.3499755859375,2767027,M&M,M&M.NS
2024-04-08,2025.2840576171875,2078.10009765625,2087.0,2016.9000244140625,2018.0,2781568,M&M,M&M.NS
2024-04-09,2037.7584228515625,2090.89990234375,2098.64990234375,2070.10009765625,2095.0,2853137,M&M,M&M.NS
2024-04-10,2023.4322509765625,2076.199951171875,2108.60009765625,2070.0,2098.449951171875,2280814,M&M,M&M.NS
2024-04-12,2018.3155517578125,2070.949951171875,2087.5,2051.64990234375,2084.0,4008660,M&M,M&M.NS
2024-04-15,2001.2603759765625,2053.449951171875,2083.89990234375,2035.0,2055.25,2024919,M&M,M&M.NS
2024-04-16,1979.67333984375,2031.300048828125,2073.75,2027.75,2047.050048828125,1981730,M&M,M&M.NS
2024-04-18,1973.4847412109375,2024.949951171875,2087.0,2016.5,2031.300048828125,3539862,M&M,M&M.NS
2024-04-19,2029.9619140625,2082.89990234375,2087.0,1998.199951171875,2034.0,3253248,M&M,M&M.NS
2024-04-22,2037.514892578125,2090.64990234375,2133.0,2065.0,2124.550048828125,2449171,M&M,M&M.NS
2024-04-23,2010.177978515625,2062.60009765625,2114.0,2056.85009765625,2096.0,2886136,M&M,M&M.NS
2024-04-24,2006.1334228515625,2058.449951171875,2090.85009765625,2052.949951171875,2055.0,1929834,M&M,M&M.NS
2024-04-25,2043.5576171875,2096.85009765625,2113.949951171875,2041.9000244140625,2060.0,3084498,M&M,M&M.NS
2024-04-26,1992.927734375,2044.9000244140625,2103.0,2038.800048828125,2099.550048828125,2952484,M&M,M&M.NS
2024-04-29,2009.6419677734375,2062.050048828125,2068.35009765625,2001.0,2045.5,2724604,M&M,M&M.NS
2024-04-30,2101.545166015625,2156.35009765625,2169.0,2073.050048828125,2073.050048828125,5745143,M&M,M&M.NS
2024-05-02,2129.613037109375,2185.14990234375,2204.0,2165.10009765625,2165.10009765625,3347541,M&M,M&M.NS
2024-05-03,2137.263671875,2193.0,2210.0,2172.35009765625,2210.0,3859227,M&M,M&M.NS
2024-05-06,2168.401611328125,2224.949951171875,2240.0,2190.0,2200.449951171875,2111447,M&M,M&M.NS
2024-05-07,2135.8017578125,2191.5,2236.89990234375,2164.85009765625,2236.0,1727823,M&M,M&M.NS
2024-05-08,2126.93310546875,2182.39990234375,2195.0,2160.0,2191.699951171875,1993202,M&M,M&M.NS
2024-05-09,2156.31689453125,2212.550048828125,2256.75,2185.0,2185.550048828125,3998822,M&M,M&M.NS
2024-05-10,2137.312255859375,2193.050048828125,2231.64990234375,2183.0,2211.85009765625,3045912,M&M,M&M.NS
2024-05-13,2128.736083984375,2184.25,2208.050048828125,2160.0,2208.0,2575573,M&M,M&M.NS
2024-05-14,2212.209228515625,2269.89990234375,2280.35009765625,2175.0,2175.0,3830189,M&M,M&M.NS
2024-05-15,2243.78564453125,2302.300048828125,2317.14990234375,2256.0,2281.300048828125,2569084,M&M,M&M.NS
2024-05-16,2311.470703125,2371.75,2393.89990234375,2286.199951171875,2319.449951171875,7444517,M&M,M&M.NS
2024-05-17,2450.690185546875,2514.60009765625,2557.949951171875,2425.35009765625,2425.35009765625,9796445,M&M,M&M.NS
2024-05-21,2458.53515625,2522.64990234375,2536.949951171875,2467.0,2503.0,3747292,M&M,M&M.NS
2024-05-22,2456.976318359375,2521.050048828125,2535.0,2490.0,2521.699951171875,2974921,M&M,M&M.NS
2024-05-23,2542.8857421875,2609.199951171875,2617.39990234375,2500.25,2520.0,4715263,M&M,M&M.NS
2024-05-24,2514.18408203125,2579.75,2605.0,2572.39990234375,2589.800048828125,2919241,M&M,M&M.NS
2024-05-27,2484.313232421875,2549.10009765625,2589.75,2541.0,2581.14990234375,3328559,M&M,M&M.NS
2024-05-28,2487.919189453125,2552.800048828125,2581.949951171875,2548.0,2550.0,1549203,M&M,M&M.NS
2024-05-29,2469.255615234375,2533.64990234375,2547.0,2500.60009765625,2510.25,2720451,M&M,M&M.NS
2024-05-30,2430.126220703125,2493.5,2531.449951171875,2478.0,2518.0,3367101,M&M,M&M.NS
2024-05-31,2442.552490234375,2506.25,2569.199951171875,2495.14990234375,2517.75,8769724,M&M,M&M.NS
2024-06-03,2567.05517578125,2634.0,2654.35009765625,2570.39990234375,2575.050048828125,2701157,M&M,M&M.NS
2024-06-04,2507.50830078125,2572.89990234375,2639.0,2448.199951171875,2634.25,6372249,M&M,M&M.NS
2024-06-05,2671.287353515625,2740.949951171875,2753.699951171875,2571.800048828125,2572.89990234375,4242881,M&M,M&M.NS
2024-06-06,2631.23193359375,2699.85009765625,2761.89990234375,2670.89990234375,2745.0,4992660,M&M,M&M.NS
2024-06-07,2784.826416015625,2857.449951171875,2867.60009765625,2668.35009765625,2668.35009765625,6447821,M&M,M&M.NS
2024-06-10,2736.194580078125,2807.550048828125,2886.0,2800.0,2861.0,2021106,M&M,M&M.NS
2024-06-11,2763.48291015625,2835.550048828125,2855.0,2813.39990234375,2821.0,2298974,M&M,M&M.NS
2024-06-12,2716.702880859375,2787.550048828125,2848.60009765625,2782.050048828125,2835.550048828125,2580846,M&M,M&M.NS
2024-06-13,2788.96826171875,2861.699951171875,2879.10009765625,2788.64990234375,2850.0,2492637,M&M,M&M.NS
2024-06-14,2854.16796875,2928.60009765625,2946.0,2865.0,2875.0,3515019,M&M,M&M.NS
2024-06-18,2886.62158203125,2961.89990234375,3013.5,2956.64990234375,2965.0,4887512,M&M,M&M.NS
2024-06-19,2859.28466796875,2933.85009765625,2977.0,2926.449951171875,2975.0,3512298,M&M,M&M.NS
2024-06-20,2798.22705078125,2871.199951171875,2954.75,2857.300048828125,2945.050048828125,4024418,M&M,M&M.NS
2024-06-21,2767.771240234375,2839.949951171875,2920.89990234375,2825.050048828125,2884.75,8400461,M&M,M&M.NS
2024-06-24,2841.693359375,2915.800048828125,2923.949951171875,2813.050048828125,2836.5,2699784,M&M,M&M.NS
2024-06-25,2835.455810546875,2909.39990234375,2947.0,2891.050048828125,2921.199951171875,1910886,M&M,M&M.NS
2024-06-26,2779.02734375,2851.5,2912.949951171875,2844.60009765625,2907.050048828125,3282318,M&M,M&M.NS
2024-06-27,2815.525634765625,2888.949951171875,2905.0,2793.050048828125,2842.0,6900180,M&M,M&M.NS
2024-06-28,2793.792236328125,2866.64990234375,2896.0,2855.0,2855.0,2548169,M&M,M&M.NS
2024-07-01,2802.7587890625,2875.85009765625,2894.050048828125,2838.25,2841.0,1718501,M&M,M&M.NS
2024-07-02,2792.330322265625,2865.14990234375,2891.0,2850.0,2890.199951171875,1507890,M&M,M&M.NS
2024-07-03,2804.805419921875,2877.949951171875,2895.0,2865.10009765625,2871.0,1019710,M&M,M&M.NS
2024-07-04,2829.023681640625,2902.800048828125,2922.0,2885.050048828125,2890.0,1502213,M&M,M&M.NS
2024-07-05,2827.94384765625,2880.60009765625,2886.0,2840.0,2886.0,1966103,M&M,M&M.NS
2024-07-08,2799.228759765625,2851.35009765625,2918.60009765625,2847.5,2880.60009765625,1631998,M&M,M&M.NS
2024-07-09,2872.02294921875,2925.5,2940.0,2837.25,2855.35009765625,2902129,M&M,M&M.NS
2024-07-10,2682.06005859375,2732.0,2930.0,2697.89990234375,2930.0,14481615,M&M,M&M.NS
2024-07-11,2648.730712890625,2698.050048828125,2757.949951171875,2691.0,2757.949951171875,4314565,M&M,M&M.NS
2024-07-12,2654.52294921875,2703.949951171875,2722.300048828125,2687.14990234375,2689.64990234375,3398732,M&M,M&M.NS
2024-07-15,2681.127685546875,2731.050048828125,2739.0,2708.10009765625,2722.85009765625,2017720,M&M,M&M.NS
2024-07-16,2706.357666015625,2756.75,2766.85009765625,2740.0,2754.949951171875,1925983,M&M,M&M.NS
2024-07-18,2767.91162109375,2819.449951171875,2825.949951171875,2736.5,2756.0,4122844,M&M,M&M.NS
2024-07-19,2699.0439453125,2749.300048828125,2819.949951171875,2743.0,2819.949951171875,2042568,M&M,M&M.NS
2024-07-22,2753.480224609375,2804.75,2819.0,2725.0,2751.050048828125,2208103,M&M,M&M.NS
2024-07-23,2769.77685546875,2821.35009765625,2854.5,2743.39990234375,2824.0,2572524,M&M,M&M.NS
2024-07-24,2754.216796875,2805.5,2830.39990234375,2763.64990234375,2823.0,2276082,M&M,M&M.NS
2024-07-25,2760.0087890625,2811.39990234375,2827.0,2781.800048828125,2799.800048828125,1857122,M&M,M&M.NS
2024-07-26,2835.01220703125,2887.800048828125,2897.39990234375,2790.0,2821.60009765625,2352661,M&M,M&M.NS
2024-07-29,2879.385986328125,2933.0,2945.0,2875.5,2900.0,2388937,M&M,M&M.NS
2024-07-30,2868.685302734375,2922.10009765625,2950.0,2904.60009765625,2945.0,2290006,M&M,M&M.NS
2024-07-31,2854.646728515625,2907.800048828125,2979.60009765625,2872.949951171875,2937.0,4238740,M&M,M&M.NS
2024-08-01,2776.697998046875,2828.39990234375,2926.5,2820.10009765625,2926.5,4971708,M&M,M&M.NS
2024-08-02,2699.387451171875,2749.64990234375,2810.300048828125,2733.85009765625,2810.300048828125,3041513,M&M,M&M.NS
2024-08-05,2629.97998046875,2678.949951171875,2729.199951171875,2635.800048828125,2679.64990234375,3731770,M&M,M&M.NS
2024-08-06,2584.82080078125,2632.949951171875,2748.75,2625.699951171875,2688.300048828125,3069277,M&M,M&M.NS
2024-08-07,2631.84521484375,2680.85009765625,2704.75,2661.0,2697.5,2479171,M&M,M&M.NS
2024-08-08,2633.90673828125,2682.949951171875,2716.5,2656.5,2660.5,2673182,M&M,M&M.NS
2024-08-09,2698.896484375,2749.14990234375,2765.0,2705.0,2734.0,2279076,M&M,M&M.NS
2024-08-12,2667.972412109375,2717.64990234375,2757.0,2708.699951171875,2749.14990234375,2321474,M&M,M&M.NS
2024-08-13,2668.365478515625,2718.050048828125,2738.64990234375,2704.10009765625,2718.10009765625,1292521,M&M,M&M.NS
2024-08-14,2695.068115234375,2745.25,2771.949951171875,2715.300048828125,2728.800048828125,2609359,M&M,M&M.NS
2024-08-16,2788.52783203125,2840.449951171875,2845.050048828125,2776.14990234375,2789.0,4376092,M&M,M&M.NS
2024-08-19,2714.604248046875,2765.14990234375,2859.89990234375,2760.0,2859.89990234375,2500718,M&M,M&M.NS
2024-08-20,2720.641845703125,2771.300048828125,2783.199951171875,2748.5,2779.75,1762399,M&M,M&M.NS
2024-08-21,2718.7763671875,2769.39990234375,2780.949951171875,2755.0,2774.0,1497501,M&M,M&M.NS
2024-08-22,2682.99267578125,2732.949951171875,2775.75,2724.050048828125,2771.10009765625,2346622,M&M,M&M.NS
2024-08-23,2708.566650390625,2759.0,2769.0,2725.300048828125,2732.949951171875,1943539,M&M,M&M.NS
2024-08-26,2742.04345703125,2793.10009765625,2799.0,2753.10009765625,2764.949951171875,2765969,M&M,M&M.NS
2024-08-27,2729.96826171875,2780.800048828125,2800.0,2773.949951171875,2797.949951171875,1604159,M&M,M&M.NS
2024-08-28,2746.853759765625,2798.0,2827.0,2780.800048828125,2781.89990234375,1851275,M&M,M&M.NS
2024-08-29,2707.192138671875,2757.60009765625,2801.64990234375,2741.64990234375,2789.35009765625,2237121,M&M,M&M.NS
2024-08-30,2754.118408203125,2805.39990234375,2821.550048828125,2765.0,2780.0,4895220,M&M,M&M.NS
2024-09-02,2726.237548828125,2777.0,2848.800048828125,2756.5,2848.800048828125,2270687,M&M,M&M.NS
2024-09-03,2733.9443359375,2784.85009765625,2798.10009765625,2772.60009765625,2780.0,1592710,M&M,M&M.NS
2024-09-04,2699.338623046875,2749.60009765625,2779.89990234375,2731.10009765625,2761.0,1697000,M&M,M&M.NS
2024-09-05,2673.322998046875,2723.10009765625,2760.0,2711.89990234375,2756.199951171875,2360312,M&M,M&M.NS
2024-09-06,2648.780029296875,2698.10009765625,2738.89990234375,2680.10009765625,2723.0,2835519,M&M,M&M.NS
2024-09-09,2659.33349609375,2708.85009765625,2714.300048828125,2660.050048828125,2688.14990234375,1269082,M&M,M&M.NS
2024-09-10,2640.827880859375,2690.0,2715.0,2677.0,2691.25,2034126,M&M,M&M.NS
2024-09-11,2605.7314453125,2654.25,2708.0,2644.10009765625,2681.5,2034245,M&M,M&M.NS
2024-09-12,2690.797607421875,2740.89990234375,2751.60009765625,2635.60009765625,2665.0,3730285,M&M,M&M.NS
2024-09-13,2689.030517578125,2739.10009765625,2758.550048828125,2711.75,2755.0,2102332,M&M,M&M.NS
2024-09-16,2706.995849609375,2757.39990234375,2784.300048828125,2732.050048828125,2740.199951171875,1234752,M&M,M&M.NS
2024-09-17,2736.692626953125,2787.64990234375,2793.5,2745.300048828125,2765.0,1387175,M&M,M&M.NS
2024-09-18,2756.867431640625,2808.199951171875,2848.0,2777.64990234375,2781.5,2526756,M&M,M&M.NS
2024-09-19,2746.363037109375,2797.5,2852.0,2792.199951171875,2812.0,2807727,M&M,M&M.NS
2024-09-20,2896.909912109375,2950.85009765625,2960.0,2798.5,2798.699951171875,12492909,M&M,M&M.NS
2024-09-23,2994.05078125,3049.800048828125,3056.89990234375,2956.14990234375,2962.75,3925490,M&M,M&M.NS
2024-09-24,3018.103271484375,3074.300048828125,3098.550048828125,3020.0,3020.0,3697722,M&M,M&M.NS
2024-09-25,3034.547119140625,3091.050048828125,3149.0,3034.550048828125,3045.0,4218815,M&M,M&M.NS
2024-09-26,3122.950927734375,3181.10009765625,3197.199951171875,3045.64990234375,3072.0,4753617,M&M,M&M.NS
2024-09-27,3125.4541015625,3183.64990234375,3222.10009765625,3152.550048828125,3171.0,6803795,M&M,M&M.NS
2024-09-30,3038.326416015625,3094.89990234375,3179.0,3087.0,3163.14990234375,3554400,M&M,M&M.NS
2024-10-01,3107.635986328125,3165.5,3185.449951171875,3095.800048828125,3105.5,4028211,M&M,M&M.NS
2024-10-03,3072.6376953125,3129.85009765625,3171.0,3072.449951171875,3085.0,3237011,M&M,M&M.NS
2024-10-04,2962.292236328125,3017.449951171875,3157.60009765625,3009.5,3127.050048828125,4281562,M&M,M&M.NS
2024-10-07,3004.2607421875,3060.199951171875,3066.949951171875,2982.89990234375,3028.0,2732276,M&M,M&M.NS
2024-10-08,3107.979736328125,3165.85009765625,3176.89990234375,3066.0,3074.0,6060165,M&M,M&M.NS
2024-10-09,3095.364501953125,3153.0,3204.300048828125,3145.0,3164.800048828125,2432656,M&M,M&M.NS
2024-10-10,3135.909423828125,3194.300048828125,3220.300048828125,3155.0,3156.0,2507231,M&M,M&M.NS
2024-10-11,3077.055419921875,3134.35009765625,3210.5,3121.0,3200.0,1652856,M&M,M&M.NS
2024-10-14,3097.2294921875,3154.89990234375,3174.0,3115.0,3151.0,2425178,M&M,M&M.NS
2024-10-15,3098.11328125,3155.800048828125,3192.949951171875,3086.550048828125,3177.0,2245701,M&M,M&M.NS
2024-10-16,3011.918212890625,3068.0,3147.89990234375,3052.14990234375,3138.0,1972106,M&M,M&M.NS
2024-10-17,2910.408447265625,2964.60009765625,3065.300048828125,2952.199951171875,3055.0,3622197,M&M,M&M.NS
2024-10-18,2910.064697265625,2964.25,2988.85009765625,2914.699951171875,2945.35009765625,3407751,M&M,M&M.NS
2024-10-21,2943.39404296875,2998.199951171875,3001.39990234375,2892.89990234375,2959.75,5059952,M&M,M&M.NS
2024-10-22,2834.42333984375,2887.199951171875,3008.949951171875,2878.199951171875,3005.0,4195638,M&M,M&M.NS
2024-10-23,2742.435791015625,2793.5,2924.89990234375,2781.25,2876.14990234375,7913897,M&M,M&M.NS
2024-10-24,2774.685546875,2826.35009765625,2842.199951171875,2763.0,2763.0,3992102,M&M,M&M.NS
2024-10-25,2671.114013671875,2720.85009765625,2825.050048828125,2679.300048828125,2825.0,4532596,M&M,M&M.NS
2024-10-28,2730.16455078125,2781.0,2834.89990234375,2713.89990234375,2730.0,2813985,M&M,M&M.NS
2024-10-29,2696.687744140625,2746.89990234375,2797.949951171875,2702.550048828125,2762.0,3156567,M&M,M&M.NS
2024-10-30,2658.204345703125,2707.699951171875,2755.85009765625,2669.050048828125,2689.25,5677865,M&M,M&M.NS
2024-10-31,2678.67333984375,2728.550048828125,2752.0,2671.60009765625,2707.699951171875,3833325,M&M,M&M.NS
2024-11-01,2766.14453125,2817.64990234375,2840.89990234375,2780.0,2780.0,1061709,M&M,M&M.NS
2024-11-04,2831.232666015625,2883.949951171875,2971.75,2804.5,2804.5,7559263,M&M,M&M.NS
2024-11-05,2846.44921875,2899.449951171875,2908.0,2822.10009765625,2875.5,3562624,M&M,M&M.NS
2024-11-06,2880.90771484375,2934.550048828125,2953.800048828125,2885.39990234375,2910.0,2902347,M&M,M&M.NS
2024-11-07,2838.497314453125,2891.35009765625,2972.550048828125,2857.949951171875,2971.75,4251557,M&M,M&M.NS
2024-11-08,2920.52001953125,2974.89990234375,2990.949951171875,2851.25,2910.0,4455563,M&M,M&M.NS
2024-11-11,2877.030029296875,2930.60009765625,3009.60009765625,2889.050048828125,2962.35009765625,2628672,M&M,M&M.NS
2024-11-12,2845.565673828125,2898.550048828125,2945.89990234375,2880.0,2931.199951171875,2414528,M&M,M&M.NS
2024-11-13,2747.786376953125,2798.949951171875,2895.0,2782.89990234375,2876.0,3949602,M&M,M&M.NS
2024-11-14,2755.885498046875,2807.199951171875,2842.39990234375,2736.25,2815.0,2478112,M&M,M&M.NS
2024-11-18,2794.859619140625,2846.89990234375,2874.699951171875,2800.050048828125,2844.0,2405351,M&M,M&M.NS
2024-11-19,2895.04443359375,2948.949951171875,2998.0,2845.0,2845.0,5230405,M&M,M&M.NS
2024-11-21,2882.576416015625,2936.25,2974.0,2918.0,2962.5,3821808,M&M,M&M.NS
2024-11-22,2957.87451171875,3012.949951171875,3063.5,2896.699951171875,2944.0,4827125,M&M,M&M.NS
2024-11-25,2989.927978515625,3045.60009765625,3149.64990234375,3022.39990234375,3075.0,6299837,M&M,M&M.NS
2024-11-26,2930.631591796875,2985.199951171875,3068.10009765625,2952.5,3053.5,2144702,M&M,M&M.NS
2024-11-27,2949.873779296875,3004.800048828125,3070.0,2986.050048828125,3025.949951171875,3593911,M&M,M&M.NS
2024-11-28,2845.712890625,2898.699951171875,2999.949951171875,2892.0,2995.0,4457143,M&M,M&M.NS
2024-11-29,2911.881103515625,2966.10009765625,2991.64990234375,2903.0,2903.0,3542836,M&M,M&M.NS
2024-12-02,2961.261474609375,3016.39990234375,3026.25,2961.89990234375,2984.0,2318823,M&M,M&M.NS
2024-12-03,2971.96240234375,3027.300048828125,3041.699951171875,2987.64990234375,3041.699951171875,2308865,M&M,M&M.NS
2024-12-04,2976.3310546875,3031.75,3051.85009765625,3003.0,3003.0,3364025,M&M,M&M.NS
2024-12-05,3015.45263671875,3071.60009765625,3099.0,3016.050048828125,3049.949951171875,3797063,M&M,M&M.NS
2024-12-06,3016.826904296875,3073.0,3099.0,3065.949951171875,3075.5,2688767,M&M,M&M.NS
2024-12-09,2995.474365234375,3051.25,3073.0,3040.0,3063.39990234375,1879542,M&M,M&M.NS
2024-12-10,3010.838134765625,3066.89990234375,3081.25,3005.300048828125,3047.949951171875,2061909,M&M,M&M.NS
2024-12-11,3015.894287109375,3072.050048828125,3115.0,3047.800048828125,3052.0,2409385,M&M,M&M.NS
2024-12-12,3011.378173828125,3067.449951171875,3086.0,3045.0,3084.800048828125,1958999,M&M,M&M.NS
2024-12-13,3025.0732421875,3081.39990234375,3093.10009765625,3000.0,3051.0,2467964,M&M,M&M.NS
2024-12-16,3028.460205078125,3084.85009765625,3092.14990234375,3040.0,3089.39990234375,2300493,M&M,M&M.NS
2024-12-17,2985.902587890625,3041.5,3093.75,3028.0,3055.10009765625,2564201,M&M,M&M.NS
2024-12-18,2995.42529296875,3051.199951171875,3062.0,3024.550048828125,3026.10009765625,2014105,M&M,M&M.NS
2024-12-19,2959.54345703125,3014.64990234375,3045.0,2970.5,3006.0,2372390,M&M,M&M.NS
2024-12-20,2853.22314453125,2906.35009765625,3025.0,2886.35009765625,3014.64990234375,8046336,M&M,M&M.NS
2024-12-23,2856.119140625,2909.300048828125,2942.39990234375,2891.10009765625,2918.0,2142508,M&M,M&M.NS
2024-12-24,2875.16455078125,2928.699951171875,2950.199951171875,2900.800048828125,2909.39990234375,1858546,M&M,M&M.NS
2024-12-26,2921.25634765625,2975.64990234375,2984.449951171875,2923.35009765625,2925.0,2162163,M&M,M&M.NS
2024-12-27,2993.707275390625,3049.449951171875,3064.0,2978.050048828125,2987.199951171875,2290315,M&M,M&M.NS
2024-12-30,2948.00830078125,3002.89990234375,3044.60009765625,2991.050048828125,3028.050048828125,2336275,M&M,M&M.NS
2024-12-31,2952.131591796875,3007.10009765625,3018.89990234375,2971.199951171875,2994.39990234375,1536411,M&M,M&M.NS
2025-01-01,3025.662353515625,3082.0,3086.949951171875,2995.199951171875,3007.10009765625,1686613,M&M,M&M.NS
2025-01-02,3152.402587890625,3211.10009765625,3228.10009765625,3085.050048828125,3100.0,4298090,M&M,M&M.NS
2025-01-03,3132.228271484375,3190.550048828125,3237.050048828125,3175.699951171875,3215.0,2257218,M&M,M&M.NS
2025-01-06,3048.92919921875,3105.699951171875,3235.0,3090.10009765625,3209.60009765625,2657204,M&M,M&M.NS
2025-01-07,3052.021728515625,3108.85009765625,3131.300048828125,3081.75,3110.0,1978328,M&M,M&M.NS
2025-01-08,3029.6875,3086.10009765625,3135.0,3057.0,3135.0,2715102,M&M,M&M.NS
2025-01-09,3069.34912109375,3126.5,3157.89990234375,3085.35009765625,3103.800048828125,2434207,M&M,M&M.NS
2025-01-10,3036.314208984375,3092.85009765625,3149.60009765625,3055.0,3110.0,2341303,M&M,M&M.NS
2025-01-13,2944.817626953125,2999.64990234375,3066.85009765625,2993.449951171875,3053.64990234375,2207294,M&M,M&M.NS
2025-01-14,2993.75634765625,3049.5,3078.449951171875,2999.64990234375,3000.0,2851530,M&M,M&M.NS
2025-01-15,2906.137939453125,2960.25,3063.949951171875,2951.0,3057.10009765625,2440803,M&M,M&M.NS
2025-01-16,2926.1162109375,2980.60009765625,2997.39990234375,2945.0,2978.14990234375,2598449,M&M,M&M.NS
2025-01-17,2864.022216796875,2917.35009765625,2970.35009765625,2903.10009765625,2969.949951171875,2002830,M&M,M&M.NS
2025-01-20,2835.306884765625,2888.10009765625,2935.949951171875,2877.300048828125,2910.0,2905527,M&M,M&M.NS
2025-01-21,2769.727783203125,2821.300048828125,2907.0,2808.89990234375,2900.10009765625,3381309,M&M,M&M.NS
2025-01-22,2774.78369140625,2826.449951171875,2851.89990234375,2805.85009765625,2848.0,3133157,M&M,M&M.NS
2025-01-23,2833.686767578125,2886.449951171875,2899.39990234375,2810.0,2826.449951171875,2650506,M&M,M&M.NS
2025-01-24,2750.191650390625,2801.39990234375,2896.0,2790.0,2875.0,2665366,M&M,M&M.NS
2025-01-27,2779.83984375,2831.60009765625,2846.89990234375,2754.14990234375,2772.300048828125,2022141,M&M,M&M.NS
2025-01-28,2818.126953125,2870.60009765625,2925.0,2784.0,2835.0,2432787,M&M,M&M.NS
2025-01-29,2870.894287109375,2924.35009765625,2933.5,2856.300048828125,2883.949951171875,1808565,M&M,M&M.NS
2025-01-30,2917.133056640625,2971.449951171875,3008.89990234375,2919.0,2924.35009765625,3055352,M&M,M&M.NS
2025-01-31,2935.197021484375,2989.85009765625,3049.85009765625,2955.10009765625,2970.0,2412370,M&M,M&M.NS
2025-02-01,3020.50830078125,3076.75,3098.949951171875,2990.0,2990.0,2674573,M&M,M&M.NS
2025-02-03,3115.29345703125,3173.300048828125,3187.949951171875,3044.75,3056.60009765625,3664084,M&M,M&M.NS
2025-02-04,3130.755615234375,3189.050048828125,3270.550048828125,3137.85009765625,3225.0,3862456,M&M,M&M.NS
2025-02-05,3120.643798828125,3178.75,3218.64990234375,3142.0,3189.050048828125,2264208,M&M,M&M.NS
2025-02-06,3082.55322265625,3139.949951171875,3180.85009765625,3121.25,3170.0,2341341,M&M,M&M.NS
2025-02-07,3139.983642578125,3198.449951171875,3219.949951171875,3110.0,3168.0,4790111,M&M,M&M.NS
2025-02-10,3079.902587890625,3137.25,3270.949951171875,3128.800048828125,3209.199951171875,3852783,M&M,M&M.NS
2025-02-11,3029.5400390625,3085.949951171875,3154.0,3071.10009765625,3146.85009765625,2470280,M&M,M&M.NS
2025-02-12,2932.59521484375,2987.199951171875,3075.0,2955.10009765625,3068.550048828125,4609887,M&M,M&M.NS
2025-02-13,2923.563232421875,2978.0,3047.0,2971.050048828125,3024.949951171875,2481783,M&M,M&M.NS
2025-02-14,2888.810546875,2942.60009765625,3020.0,2907.050048828125,2999.0,1959802,M&M,M&M.NS
2025-02-17,2780.18310546875,2831.949951171875,2955.0,2792.25,2940.800048828125,4773279,M&M,M&M.NS
2025-02-18,2739.049072265625,2790.050048828125,2845.0,2755.89990234375,2844.0,2301836,M&M,M&M.NS
2025-02-19,2706.995849609375,2757.39990234375,2782.64990234375,2728.0,2750.0,2671072,M&M,M&M.NS
2025-02-20,2787.5458984375,2839.449951171875,2844.5,2690.050048828125,2745.10009765625,3799854,M&M,M&M.NS
2025-02-21,2620.555419921875,2669.35009765625,2815.199951171875,2653.35009765625,2815.199951171875,8940621,M&M,M&M.NS
2025-02-24,2659.6767578125,2709.199951171875,2716.800048828125,2631.14990234375,2669.0,6167313,M&M,M&M.NS
2025-02-25,2727.072021484375,2777.85009765625,2803.949951171875,2728.14990234375,2740.0,4916248,M&M,M&M.NS
2025-02-27,2676.7099609375,2726.550048828125,2840.0,2703.5,2837.0,2669767,M&M,M&M.NS
2025-02-28,2537.845703125,2585.10009765625,2699.0,2572.199951171875,2695.10009765625,7549863,M&M,M&M.NS
2025-03-03,2564.155517578125,2611.89990234375,2695.949951171875,2595.0,2613.800048828125,4340806,M&M,M&M.NS
2025-03-04,2565.5791015625,2613.35009765625,2627.300048828125,2550.0,2561.0,1984876,M&M,M&M.NS
2025-03-05,2676.7587890625,2726.60009765625,2736.89990234375,2642.64990234375,2661.949951171875,3665710,M&M,M&M.NS
2025-03-06,2692.27001953125,2742.39990234375,2766.85009765625,2695.0,2748.0,3706264,M&M,M&M.NS
2025-03-07,2677.986328125,2727.85009765625,2765.949951171875,2708.10009765625,2721.300048828125,1886774,M&M,M&M.NS
2025-03-10,2653.19775390625,2702.60009765625,2734.64990234375,2665.10009765625,2695.0,2520931,M&M,M&M.NS
2025-03-11,2597.23974609375,2645.60009765625,2685.0,2613.14990234375,2684.75,3616140,M&M,M&M.NS
2025-03-12,2604.798828125,2653.300048828125,2678.0,2636.10009765625,2645.60009765625,3447155,M&M,M&M.NS
2025-03-13,2595.177978515625,2643.5,2686.35009765625,2618.300048828125,2677.10009765625,2446428,M&M,M&M.NS
2025-03-17,2655.700927734375,2705.14990234375,2727.050048828125,2635.0,2635.0,2527623,M&M,M&M.NS
2025-03-18,2655.700927734375,2705.14990234375,2705.14990234375,2705.14990234375,2705.14990234375,0,M&M,M&M.NS
2025-03-19,2738.116455078125,2789.10009765625,2831.89990234375,2779.550048828125,2795.0,2438912,M&M,M&M.NS
2025-03-20,2776.403564453125,2828.10009765625,2847.0,2801.0,2803.75,2354374,M&M,M&M.NS
2025-03-21,2750.633544921875,2801.85009765625,2893.0,2781.25,2839.10009765625,3824316,M&M,M&M.NS
2025-03-24,2723.9794921875,2774.699951171875,2822.14990234375,2709.39990234375,2815.300048828125,5395134,M&M,M&M.NS
2025-03-25,2685.9873046875,2736.0,2802.449951171875,2725.050048828125,2774.699951171875,3576766,M&M,M&M.NS
2025-03-26,2692.123046875,2742.25,2795.0,2737.050048828125,2751.300048828125,3111504,M&M,M&M.NS
2025-03-27,2683.041748046875,2733.0,2751.0,2695.550048828125,2735.0,4325599,M&M,M&M.NS
2025-03-28,2617.0703125,2665.800048828125,2739.699951171875,2635.0,2735.800048828125,6074446,M&M,M&M.NS
2025-04-01,2589.68017578125,2637.89990234375,2728.0,2623.14990234375,2652.800048828125,3300417,M&M,M&M.NS
2025-04-02,2589.336669921875,2637.550048828125,2660.0,2625.300048828125,2631.10009765625,2243574,M&M,M&M.NS
2025-04-03,2563.7138671875,2611.449951171875,2652.39990234375,2600.25,2607.75,2361203,M&M,M&M.NS
2025-04-04,2549.086181640625,2596.550048828125,2631.5,2557.050048828125,2614.949951171875,3598415,M&M,M&M.NS
2025-04-07,2445.7109375,2491.25,2524.64990234375,2425.0,2425.0,3937471,M&M,M&M.NS
2025-04-08,2477.518798828125,2523.64990234375,2550.0,2454.0,2510.0,4253527,M&M,M&M.NS
2025-04-09,2476.97900390625,2523.10009765625,2571.949951171875,2515.949951171875,2540.0,3347213,M&M,M&M.NS
2025-04-11,2533.182373046875,2580.35009765625,2604.0,2532.050048828125,2549.0,3600209,M&M,M&M.NS
2025-04-15,2597.63232421875,2646.0,2690.0,2606.0,2606.0,3287861,M&M,M&M.NS
2025-04-16,2586.440673828125,2634.60009765625,2665.0,2618.300048828125,2660.0,3070954,M&M,M&M.NS
2025-04-17,2630.421630859375,2679.39990234375,2682.800048828125,2602.39990234375,2632.0,2638979,M&M,M&M.NS
2025-04-21,2713.47509765625,2764.0,2774.0,2665.89990234375,2699.89990234375,3120955,M&M,M&M.NS
2025-04-22,2765.604736328125,2817.10009765625,2822.0,2756.0,2765.0,3193757,M&M,M&M.NS
2025-04-23,2864.4638671875,2917.800048828125,2923.0,2826.0,2830.0,3906215,M&M,M&M.NS
2025-04-24,2848.363525390625,2901.39990234375,2928.0,2865.0,2917.800048828125,2488496,M&M,M&M.NS
2025-04-25,2811.843505859375,2864.199951171875,2939.60009765625,2831.10009765625,2901.39990234375,2299310,M&M,M&M.NS
2025-04-28,2877.030029296875,2930.60009765625,2945.0,2882.300048828125,2918.89990234375,1864672,M&M,M&M.NS
2025-04-29,2856.413818359375,2909.60009765625,2969.5,2901.800048828125,2950.0,2051228,M&M,M&M.NS
2025-04-30,2875.262939453125,2928.800048828125,2948.89990234375,2887.0,2908.800048828125,2689753,M&M,M&M.NS
2025-05-02,2863.874755859375,2917.199951171875,3000.0,2910.199951171875,2950.0,2868096,M&M,M&M.NS
2025-05-05,2966.26806640625,3021.5,3044.0,2937.699951171875,2948.89990234375,4049197,M&M,M&M.NS
2025-05-06,3012.310791015625,3068.39990234375,3159.699951171875,3056.0,3150.60009765625,5683215,M&M,M&M.NS
2025-05-07,3062.869384765625,3119.89990234375,3125.0,3021.89990234375,3021.89990234375,2942902,M&M,M&M.NS
2025-05-08,2977.656494140625,3033.10009765625,3137.0,3008.5,3127.39990234375,3323894,M&M,M&M.NS
2025-05-09,2927.588623046875,2982.10009765625,3057.10009765625,2955.0,2961.60009765625,2308852,M&M,M&M.NS
2025-05-12,3047.947265625,3104.699951171875,3112.199951171875,3033.699951171875,3044.699951171875,2166730,M&M,M&M.NS
2025-05-13,2997.97802734375,3053.800048828125,3111.0,3035.0,3050.0,2681662,M&M,M&M.NS
2025-05-14,3045.1005859375,3101.800048828125,3110.0,3018.0,3037.5,2236302,M&M,M&M.NS
2025-05-15,3086.823486328125,3144.300048828125,3170.699951171875,3073.0,3085.0,3590003,M&M,M&M.NS
2025-05-16,3078.28271484375,3135.60009765625,3149.5,3115.0,3135.0,2269659,M&M,M&M.NS
2025-05-19,3070.821533203125,3128.0,3157.0,3103.60009765625,3115.0,2011149,M&M,M&M.NS
2025-05-20,3007.50048828125,3063.5,3135.300048828125,3049.10009765625,3128.199951171875,2667772,M&M,M&M.NS
2025-05-21,3034.203125,3090.699951171875,3132.0,3048.10009765625,3063.0,1395136,M&M,M&M.NS
2025-05-22,2951.34619140625,3006.300048828125,3089.800048828125,2980.5,3076.60009765625,3870830,M&M,M&M.NS
2025-05-23,2957.629150390625,3012.699951171875,3030.800048828125,2984.199951171875,3020.0,1828093,M&M,M&M.NS
2025-05-26,3023.895263671875,3080.199951171875,3101.0,3027.699951171875,3038.0,2164190,M&M,M&M.NS
2025-05-27,2984.23388671875,3039.800048828125,3085.0,3014.60009765625,3080.199951171875,2599143,M&M,M&M.NS
2025-05-28,2943.00146484375,2997.800048828125,3044.800048828125,2993.0,3039.699951171875,1491995,M&M,M&M.NS
2025-05-29,2953.99658203125,3009.0,3028.89990234375,2987.199951171875,2999.0,2093429,M&M,M&M.NS
2025-05-30,2922.385498046875,2976.800048828125,3017.39990234375,2957.0,3005.0,3700191,M&M,M&M.NS
2025-06-02,2970.587890625,3025.89990234375,3038.5,2962.300048828125,2976.800048828125,2967741,M&M,M&M.NS
2025-06-03,2990.811279296875,3046.5,3064.800048828125,3027.0,3042.0,3204094,M&M,M&M.NS
2025-06-04,2997.5849609375,3053.39990234375,3087.0,3040.10009765625,3045.10009765625,1584653,M&M,M&M.NS
2025-06-05,2986.0009765625,3041.60009765625,3095.0,2994.800048828125,3078.0,3504632,M&M,M&M.NS
2025-06-06,3049.71435546875,3106.5,3112.89990234375,3027.0,3041.60009765625,2028071,M&M,M&M.NS
2025-06-09,3030.963623046875,3087.39990234375,3141.0,3078.0,3130.0,1364639,M&M,M&M.NS
2025-06-10,3011.427490234375,3067.5,3106.89990234375,3059.800048828125,3102.0,1787253,M&M,M&M.NS
2025-06-11,3024.38623046875,3080.699951171875,3124.0,3076.0,3085.0,1749787,M&M,M&M.NS
2025-06-12,2964.01025390625,3019.199951171875,3094.0,3007.0,3088.0,2278398,M&M,M&M.NS
2025-06-13,2951.051513671875,3006.0,3018.5,2932.0,2932.0,2003184,M&M,M&M.NS
2025-06-16,2968.330078125,3023.60009765625,3045.0,2988.10009765625,3001.0,1673726,M&M,M&M.NS
2025-06-17,2952.2294921875,3007.199951171875,3043.0,2994.0,3043.0,1455355,M&M,M&M.NS
2025-06-18,2985.510009765625,3041.10009765625,3074.89990234375,2986.60009765625,3000.0,2161043,M&M,M&M.NS
2025-06-19,3038.228271484375,3094.800048828125,3106.89990234375,3034.199951171875,3038.0,2482920,M&M,M&M.NS
2025-06-20,3126.1904296875,3184.39990234375,3203.0,3090.300048828125,3100.0,8315834,M&M,M&M.NS
2025-06-23,3077.693603515625,3135.0,3184.39990234375,3122.699951171875,3163.60009765625,1731432,M&M,M&M.NS
2025-06-24,3092.517578125,3150.10009765625,3216.60009765625,3136.800048828125,3155.10009765625,2834887,M&M,M&M.NS
2025-06-25,3156.721923828125,3215.5,3225.5,3160.5,3180.0,2078771,M&M,M&M.NS
2025-06-26,3157.0166015625,3215.800048828125,3238.0,3183.5,3225.89990234375,2907261,M&M,M&M.NS
2025-06-27,3144.744873046875,3203.300048828125,3241.5,3187.10009765625,3205.0,5098406,M&M,M&M.NS
2025-06-30,3125.012451171875,3183.199951171875,3219.800048828125,3161.0,3205.39990234375,2083572,M&M,M&M.NS
2025-07-01,3118.042236328125,3176.10009765625,3218.0,3168.199951171875,3188.0,1407074,M&M,M&M.NS
2025-07-02,3107.34130859375,3165.199951171875,3202.699951171875,3153.699951171875,3168.0,1559309,M&M,M&M.NS
2025-07-03,3116.373291015625,3174.39990234375,3221.0,3164.800048828125,3165.199951171875,2102806,M&M,M&M.NS
2025-07-04,3129.634033203125,3162.5,3177.0,3134.10009765625,3161.10009765625,968006,M&M,M&M.NS
2025-07-07,3127.35791015625,3160.199951171875,3173.0,3152.10009765625,3162.5,853459,M&M,M&M.NS
2025-07-08,3125.081787109375,3157.89990234375,3168.0,3123.0,3150.0,1513129,M&M,M&M.NS
2025-07-09,3143.290771484375,3176.300048828125,3189.0,3141.0,3145.0,1245661,M&M,M&M.NS
2025-07-10,3129.53515625,3162.39990234375,3192.60009765625,3137.60009765625,3172.10009765625,1701384,M&M,M&M.NS
2025-07-11,3041.26220703125,3073.199951171875,3162.39990234375,3062.39990234375,3158.0,3041614,M&M,M&M.NS
2025-07-14,3059.9658203125,3092.10009765625,3104.800048828125,3053.60009765625,3072.800048828125,2958843,M&M,M&M.NS
2025-07-15,3096.08642578125,3128.60009765625,3148.300048828125,3082.89990234375,3086.10009765625,2826720,M&M,M&M.NS
2025-07-16,3163.28076171875,3196.5,3210.0,3082.39990234375,3128.60009765625,2892812,M&M,M&M.NS
2025-07-17,3161.79638671875,3195.0,3238.0,3171.0,3186.300048828125,3267180,M&M,M&M.NS
2025-07-18,3159.223388671875,3192.39990234375,3252.0,3176.699951171875,3208.0,2040381,M&M,M&M.NS
2025-07-21,3212.958984375,3246.699951171875,3253.60009765625,3152.800048828125,3177.0,2436535,M&M,M&M.NS
2025-07-22,3223.349853515625,3257.199951171875,3271.89990234375,3210.5,3246.699951171875,1854072,M&M,M&M.NS
2025-07-23,3234.82958984375,3268.800048828125,3303.0,3248.0,3260.0,2159800,M&M,M&M.NS
2025-07-24,3227.011474609375,3260.89990234375,3286.5,3243.699951171875,3255.0,1469406,M&M,M&M.NS
2025-07-25,3212.662109375,3246.39990234375,3259.0,3214.0,3256.0,1475856,M&M,M&M.NS
2025-07-28,3176.442626953125,3209.800048828125,3256.89990234375,3199.199951171875,3246.39990234375,1939520,M&M,M&M.NS
2025-07-29,3166.150634765625,3199.39990234375,3225.89990234375,3186.60009765625,3203.0,1824673,M&M,M&M.NS
2025-07-30,3175.5517578125,3208.89990234375,3241.60009765625,3151.89990234375,3195.0,2199654,M&M,M&M.NS
2025-07-31,3169.812255859375,3203.10009765625,3238.199951171875,3135.60009765625,3225.0,4465859,M&M,M&M.NS
2025-08-01,3126.467529296875,3159.300048828125,3205.0,3116.699951171875,3205.0,3781457,M&M,M&M.NS
2025-08-04,3166.9423828125,3200.199951171875,3223.0,3160.0,3170.0,2684012,M&M,M&M.NS
2025-08-05,3178.817626953125,3212.199951171875,3222.0,3170.10009765625,3195.0,1805644,M&M,M&M.NS
2025-08-06,3193.958740234375,3227.5,3240.10009765625,3178.60009765625,3212.199951171875,1866321,M&M,M&M.NS
2025-08-07,3177.729248046875,3211.10009765625,3229.60009765625,3161.10009765625,3198.0,2374621,M&M,M&M.NS
2025-08-08,3111.524169921875,3144.199951171875,3214.89990234375,3135.60009765625,3207.0,1721037,M&M,M&M.NS
2025-08-11,3153.087890625,3186.199951171875,3230.0,3130.300048828125,3150.89990234375,2046761,M&M,M&M.NS
2025-08-12,3202.864990234375,3236.5,3253.0,3185.10009765625,3186.10009765625,3315978,M&M,M&M.NS
2025-08-13,3248.090087890625,3282.199951171875,3300.0,3238.699951171875,3255.0,2436029,M&M,M&M.NS
2025-08-14,3231.464599609375,3265.39990234375,3313.5,3262.0,3273.199951171875,1508721,M&M,M&M.NS
2025-08-18,3347.941650390625,3383.10009765625,3432.0,3335.300048828125,3350.0,5787481,M&M,M&M.NS
2025-08-19,3319.14404296875,3354.0,3403.89990234375,3338.10009765625,3400.0,2596242,M&M,M&M.NS
2025-08-20,3360.311767578125,3395.60009765625,3404.199951171875,3335.0,3354.10009765625,2957816,M&M,M&M.NS
2025-08-21,3340.02490234375,3375.10009765625,3410.0,3370.0,3410.0,1964795,M&M,M&M.NS
2025-08-22,3367.634765625,3403.0,3420.0,3375.39990234375,3380.0,2509867,M&M,M&M.NS
2025-08-25,3363.577392578125,3398.89990234375,3429.0,3381.800048828125,3428.0,1859862,M&M,M&M.NS
2025-08-26,3296.18505859375,3330.800048828125,3414.0,3318.10009765625,3395.0,3122442,M&M,M&M.NS
2025-08-28,3261.05419921875,3295.300048828125,3375.0,3287.300048828125,3375.0,2936428,M&M,M&M.NS
2025-08-29,3166.24951171875,3199.5,3280.0,3187.0,3271.0,3017625,M&M,M&M.NS
2025-09-01,3280.945068359375,3315.39990234375,3324.89990234375,3191.10009765625,3191.10009765625,3525726,M&M,M&M.NS
2025-09-02,3200.885986328125,3234.5,3330.0,3223.0,3325.0,3073407,M&M,M&M.NS
2025-09-03,3251.8505859375,3286.0,3293.699951171875,3232.800048828125,3269.0,2672659,M&M,M&M.NS
2025-09-04,3445.319091796875,3481.5,3550.0,3463.39990234375,3527.0,7600320,M&M,M&M.NS
2025-09-05,3524.289794921875,3561.300048828125,3577.800048828125,3481.5,3511.0,3700943,M&M,M&M.NS
2025-09-08,3524.289794921875,3561.300048828125,3561.300048828125,3561.300048828125,3561.300048828125,0,M&M,M&M.NS
2025-09-09,3657.88671875,3696.300048828125,3723.800048828125,3673.10009765625,3702.199951171875,2879258,M&M,M&M.NS
2025-09-10,3566.941650390625,3604.39990234375,3708.89990234375,3591.39990234375,3702.0,2298202,M&M,M&M.NS
2025-09-11,3558.33203125,3595.699951171875,3647.89990234375,3580.0,3620.0,1949934,M&M,M&M.NS
2025-09-12,3552.59228515625,3589.89990234375,3641.0,3582.0,3594.89990234375,2839264,M&M,M&M.NS
2025-09-15,3493.61181640625,3530.300048828125,3603.39990234375,3526.60009765625,3590.0,2550444,M&M,M&M.NS
2025-09-16,3570.50439453125,3608.0,3619.89990234375,3528.89990234375,3545.0,2465043,M&M,M&M.NS
2025-09-17,3595.4423828125,3633.199951171875,3644.89990234375,3593.10009765625,3608.0,2237804,M&M,M&M.NS
2025-09-18,3604.348876953125,3642.199951171875,3650.0,3603.300048828125,3636.10009765625,2480472,M&M,M&M.NS
2025-09-19,3554.769775390625,3592.10009765625,3636.699951171875,3584.5,3601.0,4018342,M&M,M&M.NS
2025-09-22,3547.54541015625,3584.800048828125,3616.60009765625,3569.300048828125,3600.0,1664133,M&M,M&M.NS
2025-09-23,3577.035888671875,3614.60009765625,3679.199951171875,3606.800048828125,3610.0,2523224,M&M,M&M.NS
2025-09-24,3537.748291015625,3574.89990234375,3626.300048828125,3568.0,3614.5,1320014,M&M,M&M.NS
2025-09-25,3493.31494140625,3530.0,3584.10009765625,3521.800048828125,3579.89990234375,2106344,M&M,M&M.NS
2025-09-26,3361.202392578125,3396.5,3547.5,3391.60009765625,3510.0,3046760,M&M,M&M.NS
2025-09-29,3382.577880859375,3418.10009765625,3458.0,3405.0,3419.0,3175716,M&M,M&M.NS
2025-09-30,3391.38525390625,3427.0,3454.0,3393.10009765625,3420.0,2611078,M&M,M&M.NS
2025-10-01,3427.406982421875,3463.39990234375,3501.0,3415.5,3419.199951171875,2364844,M&M,M&M.NS
2025-10-03,3426.021728515625,3462.0,3492.39990234375,3404.199951171875,3462.10009765625,2357702,M&M,M&M.NS
2025-10-06,3435.917724609375,3472.0,3480.0,3425.10009765625,3462.0,1156082,M&M,M&M.NS
2025-10-07,3456.50146484375,3492.800048828125,3521.39990234375,3465.10009765625,3468.10009765625,1508939,M&M,M&M.NS
2025-10-08,3390.890625,3426.5,3509.699951171875,3422.60009765625,3500.0,1444911,M&M,M&M.NS
2025-10-09,3407.1201171875,3442.89990234375,3475.0,3424.0,3450.0,1997853,M&M,M&M.NS
2025-10-10,3418.995361328125,3454.89990234375,3473.89990234375,3395.699951171875,3425.0,1416272,M&M,M&M.NS
2025-10-13,3423.745361328125,3459.699951171875,3470.0,3432.0,3432.0,1090517,M&M,M&M.NS
2025-10-14,3423.844482421875,3459.800048828125,3487.10009765625,3428.0,3469.89990234375,1518505,M&M,M&M.NS
2025-10-15,3460.855712890625,3497.199951171875,3500.0,3460.0,3461.0,1319445,M&M,M&M.NS
2025-10-16,3523.794921875,3560.800048828125,3573.199951171875,3498.300048828125,3503.0,2125552,M&M,M&M.NS
2025-10-17,3609.296875,3647.199951171875,3656.0,3560.10009765625,3561.0,3339579,M&M,M&M.NS
2025-10-20,3561.697021484375,3599.10009765625,3676.0,3593.0,3674.0,2827250,M&M,M&M.NS
2025-10-21,3583.567138671875,3621.199951171875,3628.10009765625,3604.300048828125,3608.199951171875,286950,M&M,M&M.NS
2025-10-23,3585.9423828125,3623.60009765625,3650.0,3600.0,3632.10009765625,3724956,M&M,M&M.NS
2025-10-24,3587.32763671875,3625.0,3655.300048828125,3615.10009765625,3630.0,1654500,M&M,M&M.NS
2025-10-27,3574.067138671875,3611.60009765625,3635.300048828125,3593.0,3626.800048828125,1440893,M&M,M&M.NS
2025-10-28,3541.90478515625,3579.10009765625,3624.89990234375,3562.0,3605.0,2851093,M&M,M&M.NS
2025-10-29,3497.966064453125,3534.699951171875,3583.5,3522.10009765625,3580.0,2526473,M&M,M&M.NS
2025-10-30,3465.705078125,3502.10009765625,3550.0,3496.0,3540.0,2103351,M&M,M&M.NS
2025-10-31,3450.959716796875,3487.199951171875,3526.699951171875,3483.699951171875,3516.10009765625,1915577,M&M,M&M.NS
2025-11-03,3512.018310546875,3548.89990234375,3590.0,3511.0,3511.0,1776510,M&M,M&M.NS
2025-11-04,3543.98291015625,3581.199951171875,3632.800048828125,3537.199951171875,3548.60009765625,3494428,M&M,M&M.NS
2025-11-06,3580.895263671875,3618.5,3674.699951171875,3586.300048828125,3625.0,4535984,M&M,M&M.NS
2025-11-07,3651.85009765625,3690.199951171875,3718.0,3566.800048828125,3615.60009765625,2595934,M&M,M&M.NS
2025-11-10,3625.8232421875,3663.89990234375,3715.800048828125,3645.10009765625,3690.199951171875,1620889,M&M,M&M.NS
2025-11-11,3710.13818359375,3749.10009765625,3759.0,3670.0,3699.89990234375,3044040,M&M,M&M.NS
2025-11-12,3715.283935546875,3754.300048828125,3781.0,3740.0,3761.0,1984901,M&M,M&M.NS
2025-11-13,3661.053466796875,3699.5,3754.10009765625,3690.199951171875,3748.199951171875,1599079,M&M,M&M.NS
2025-11-14,3660.162841796875,3698.60009765625,3716.800048828125,3660.5,3700.0,1847028,M&M,M&M.NS
2025-11-17,3696.08544921875,3734.89990234375,3754.5,3682.300048828125,3710.0,2094008,M&M,M&M.NS
2025-11-18,3656.40234375,3694.800048828125,3732.699951171875,3688.0,3718.5,2613743,M&M,M&M.NS
2025-11-19,3683.814453125,3722.5,3746.5,3667.800048828125,3695.0,1626043,M&M,M&M.NS
2025-11-20,3678.07470703125,3716.699951171875,3759.0,3711.10009765625,3744.800048828125,1815617,M&M,M&M.NS
2025-11-21,3710.6328125,3749.60009765625,3779.0,3726.0,3730.0,3184145,M&M,M&M.NS
2025-11-24,3652.44384765625,3690.800048828125,3749.5,3677.199951171875,3745.10009765625,4059935,M&M,M&M.NS
2025-11-25,3631.167236328125,3669.300048828125,3695.800048828125,3653.0,3687.0,1714176,M&M,M&M.NS
2025-11-26,3648.089599609375,3686.39990234375,3708.0,3669.300048828125,3681.0,2116524,M&M,M&M.NS
2025-11-27,3642.943603515625,3681.199951171875,3717.60009765625,3665.0,3701.5,1993274,M&M,M&M.NS
2025-11-28,3718.252685546875,3757.300048828125,3768.89990234375,3690.10009765625,3692.0,2944457,M&M,M&M.NS
2025-12-01,3702.716064453125,3741.60009765625,3795.0,3730.0,3790.0,1830158,M&M,M&M.NS
2025-12-02,3677.876708984375,3716.5,3748.0,3705.5,3722.800048828125,2285922,M&M,M&M.NS
2025-12-03,3611.473876953125,3649.39990234375,3740.0,3640.0,3736.0,2002476,M&M,M&M.NS
2025-12-04,3633.443359375,3671.60009765625,3678.199951171875,3620.199951171875,3675.0,1984001,M&M,M&M.NS
2025-12-05,3678.470703125,3717.10009765625,3721.5,3642.5,3659.300048828125,2393280,M&M,M&M.NS
2025-12-08,3643.4384765625,3681.699951171875,3725.0,3671.60009765625,3720.0,1500195,M&M,M&M.NS
2025-12-09,3598.1142578125,3635.89990234375,3674.39990234375,3604.5,3658.0,3901255,M&M,M&M.NS
2025-12-10,3592.275634765625,3630.0,3694.89990234375,3626.199951171875,3660.0,1593915,M&M,M&M.NS
2025-12-11,3627.10986328125,3665.199951171875,3669.10009765625,3615.89990234375,3623.39990234375,981456,M&M,M&M.NS
2025-12-12,3641.3603515625,3679.60009765625,3695.0,3661.300048828125,3665.39990234375,1078982,M&M,M&M.NS
2025-12-15,3570.50439453125,3608.0,3665.39990234375,3603.60009765625,3632.0,1704069,M&M,M&M.NS
2025-12-16,3583.369140625,3621.0,3633.5,3577.89990234375,3581.0,1394406,M&M,M&M.NS
2025-12-17,3575.25439453125,3612.800048828125,3647.89990234375,3594.0,3647.89990234375,1209367,M&M,M&M.NS
2025-12-18,3549.326904296875,3586.60009765625,3611.89990234375,3540.10009765625,3600.0,2446168,M&M,M&M.NS
2025-12-19,3566.150146484375,3603.60009765625,3615.0,3560.0,3571.0,1647819,M&M,M&M.NS
2025-12-22,3579.11376953125,3616.699951171875,3625.0,3576.89990234375,3600.0,1400786,M&M,M&M.NS
2025-12-23,3587.4267578125,3625.10009765625,3637.5,3605.0,3619.199951171875,1413628,M&M,M&M.NS
2025-12-24,3598.906005859375,3636.699951171875,3658.0,3612.10009765625,3624.60009765625,842897,M&M,M&M.NS
2025-12-26,3585.447509765625,3623.10009765625,3647.0,3614.60009765625,3636.699951171875,829910,M&M,M&M.NS
2025-12-29,3554.769775390625,3592.10009765625,3640.199951171875,3588.10009765625,3622.699951171875,1034692,M&M,M&M.NS
2025-12-30,3622.260986328125,3660.300048828125,3666.0,3575.199951171875,3590.0,2063179,M&M,M&M.NS
2025-12-31,3670.652587890625,3709.199951171875,3723.60009765625,3640.39990234375,3653.0,1868363,M&M,M&M.NS
2026-01-01,3721.914306640625,3761.0,3774.0,3721.10009765625,3725.0,1498161,M&M,M&M.NS
2026-01-02,3762.884033203125,3802.39990234375,3812.0,3743.199951171875,3759.89990234375,1478292,M&M,M&M.NS
2026-01-05,3750.909912109375,3790.300048828125,3839.89990234375,3785.0,3805.89990234375,1574098,M&M,M&M.NS
2026-01-06,3746.2587890625,3785.60009765625,3819.10009765625,3758.10009765625,3788.0,1299489,M&M,M&M.NS
2026-01-07,3709.841064453125,3748.800048828125,3808.60009765625,3718.5,3800.0,1046776,M&M,M&M.NS
2026-01-08,3685.298828125,3724.0,3756.800048828125,3693.199951171875,3730.0,1261005,M&M,M&M.NS
2026-01-09,3639.084228515625,3677.300048828125,3748.5,3667.10009765625,3712.10009765625,1235928,M&M,M&M.NS
2026-01-12,3643.7353515625,3682.0,3717.0,3598.800048828125,3675.300048828125,1665237,M&M,M&M.NS
2026-01-13,3623.4482421875,3661.5,3717.0,3631.5,3717.0,1700985,M&M,M&M.NS
2026-01-14,3611.572998046875,3649.5,3682.0,3635.10009765625,3663.0,1573135,M&M,M&M.NS
2026-01-15,3611.572998046875,3649.5,3649.5,3649.5,3649.5,0,M&M,M&M.NS
2026-01-16,3620.1826171875,3658.199951171875,3729.89990234375,3650.10009765625,3650.10009765625,2089943,M&M,M&M.NS
2026-01-19,3619.390869140625,3657.39990234375,3689.0,3614.0,3689.0,1715818,M&M,M&M.NS
2026-01-20,3520.529052734375,3557.5,3677.5,3540.0,3646.0,1753439,M&M,M&M.NS
2026-01-21,3516.372802734375,3553.300048828125,3586.699951171875,3517.10009765625,3543.0,1587467,M&M,M&M.NS
2026-01-22,3536.560791015625,3573.699951171875,3620.0,3533.39990234375,3600.0,2107171,M&M,M&M.NS
2026-01-23,3506.57568359375,3543.39990234375,3596.0,3534.800048828125,3573.699951171875,1922549,M&M,M&M.NS
2026-01-27,3358.2333984375,3393.5,3497.699951171875,3344.10009765625,3437.199951171875,7139715,M&M,M&M.NS
2026-01-28,3413.3544921875,3449.199951171875,3456.89990234375,3376.0,3379.0,3964878,M&M,M&M.NS
2026-01-29,3349.22802734375,3384.39990234375,3479.60009765625,3321.0,3449.199951171875,5592638,M&M,M&M.NS
2026-01-30,3396.135498046875,3431.800048828125,3452.39990234375,3282.800048828125,3283.0,5291090,M&M,M&M.NS
2026-02-02,3427.208984375,3463.199951171875,3472.10009765625,3343.699951171875,3355.0,2950641,M&M,M&M.NS
2026-02-03,3491.236572265625,3527.89990234375,3643.800048828125,3513.0,3638.0,5492214,M&M,M&M.NS
2026-02-04,3536.857666015625,3574.0,3620.0,3519.10009765625,3549.0,2395062,M&M,M&M.NS
2026-02-05,3534.87841796875,3572.0,3598.800048828125,3528.10009765625,3592.0,1251428,M&M,M&M.NS
2026-02-06,3540.816162109375,3578.0,3590.0,3530.60009765625,3577.0,1462031,M&M,M&M.NS
2026-02-09,3572.087890625,3609.60009765625,3619.10009765625,3557.10009765625,3593.800048828125,1294690,M&M,M&M.NS
2026-02-10,3637.599853515625,3675.800048828125,3699.0,3601.0,3616.300048828125,1917432,M&M,M&M.NS
2026-02-11,3636.708984375,3674.89990234375,3787.0,3666.10009765625,3704.699951171875,4787745,M&M,M&M.NS
2026-02-12,3555.75927734375,3593.10009765625,3699.0,3582.199951171875,3698.199951171875,2554236,M&M,M&M.NS
2026-02-13,3496.679443359375,3533.39990234375,3596.5,3520.300048828125,3530.0,1632115,M&M,M&M.NS
2026-02-16,3473.225830078125,3509.699951171875,3549.5,3469.0,3535.0,1562001,M&M,M&M.NS
2026-02-17,3452.93896484375,3489.199951171875,3515.800048828125,3462.0,3509.699951171875,1991583,M&M,M&M.NS
2026-02-18,3493.809814453125,3530.5,3545.0,3483.199951171875,3491.10009765625,1682427,M&M,M&M.NS
2026-02-19,3396.135498046875,3431.800048828125,3546.5,3421.300048828125,3534.89990234375,2479531,M&M,M&M.NS
2026-02-20,3377.3330078125,3412.800048828125,3449.89990234375,3402.5,3443.0,2260853,M&M,M&M.NS
2026-02-23,3411.276611328125,3447.10009765625,3457.60009765625,3416.89990234375,3425.0,1789276,M&M,M&M.NS
2026-02-24,3397.52099609375,3433.199951171875,3441.0,3390.0,3415.0,1929400,M&M,M&M.NS
2026-02-25,3455.01708984375,3491.300048828125,3500.89990234375,3425.39990234375,3435.0,2273269,M&M,M&M.NS
2026-02-26,3448.386962890625,3484.60009765625,3507.0,3461.60009765625,3505.0,1998012,M&M,M&M.NS
2026-02-27,3362.0927734375,3397.39990234375,3488.10009765625,3381.10009765625,3460.0,3765500,M&M,M&M.NS
2026-03-02,3299.648681640625,3334.300048828125,3374.89990234375,3283.0,3299.89990234375,2997529,M&M,M&M.NS
2026-03-04,3230.376220703125,3264.300048828125,3278.10009765625,3207.89990234375,3240.0,4537215,M&M,M&M.NS
2026-03-05,3313.206298828125,3348.0,3360.60009765625,3276.199951171875,3277.300048828125,2304760,M&M,M&M.NS
2026-03-06,3297.867431640625,3332.5,3367.0,3315.0,3315.0,2084605,M&M,M&M.NS
2026-03-09,3154.473388671875,3187.60009765625,3250.0,3142.89990234375,3250.0,3961149,M&M,M&M.NS
2026-03-10,3259.470703125,3293.699951171875,3309.39990234375,3228.89990234375,3278.0,2672336,M&M,M&M.NS
2026-03-11,3135.27490234375,3168.199951171875,3292.89990234375,3156.0,3276.0,4574950,M&M,M&M.NS
2026-03-12,2999.698486328125,3031.199951171875,3142.800048828125,3020.0,3115.10009765625,6968585,M&M,M&M.NS
2026-03-13,2900.638916015625,2931.10009765625,3025.0,2922.60009765625,2965.0,7217643,M&M,M&M.NS
2026-03-16,3004.5478515625,3036.10009765625,3043.699951171875,2896.0,2902.0,5378638,M&M,M&M.NS
2026-03-17,3096.38330078125,3128.89990234375,3139.300048828125,3024.5,3052.0,3491894,M&M,M&M.NS
2026-03-18,3181.19287109375,3214.60009765625,3236.199951171875,3140.10009765625,3140.10009765625,3746758,M&M,M&M.NS
2026-03-19,3013.7509765625,3045.39990234375,3147.89990234375,3032.60009765625,3136.300048828125,3059501,M&M,M&M.NS
2026-03-20,3034.236083984375,3066.10009765625,3106.60009765625,3043.199951171875,3059.199951171875,4471960,M&M,M&M.NS
2026-03-23,2925.082275390625,2955.800048828125,3019.699951171875,2935.0,3015.10009765625,3978740,M&M,M&M.NS
2026-03-24,2999.797607421875,3031.300048828125,3057.300048828125,2965.89990234375,3030.0,3944279,M&M,M&M.NS
2026-03-25,3095.591796875,3128.10009765625,3157.89990234375,3082.89990234375,3099.89990234375,3328790,M&M,M&M.NS
2026-03-27,3009.69384765625,3041.300048828125,3105.199951171875,3030.0,3100.0,3155168,M&M,M&M.NS
2026-03-30,2923.99365234375,2954.699951171875,3023.699951171875,2945.0,2980.0,5416854,M&M,M&M.NS
2026-04-01,2999.99560546875,3031.5,3079.89990234375,3010.10009765625,3079.89990234375,3522875,M&M,M&M.NS
2026-04-02,2980.4013671875,3011.699951171875,3028.800048828125,2928.10009765625,2975.0,3297975,M&M,M&M.NS
2026-04-06,2990.198486328125,3021.60009765625,3030.0,2961.0,3006.10009765625,2554900,M&M,M&M.NS
2026-04-07,2975.3544921875,3006.60009765625,3017.0,2949.5,3001.60009765625,2292715,M&M,M&M.NS
2026-04-08,3176.739501953125,3210.10009765625,3231.0,3109.0,3125.0,4227961,M&M,M&M.NS
2026-04-09,3133.889404296875,3166.800048828125,3199.89990234375,3131.0,3179.89990234375,3039565,M&M,M&M.NS
2026-04-10,3225.923095703125,3259.800048828125,3270.0,3180.0,3180.0,2801451,M&M,M&M.NS
2026-04-13,3186.734375,3220.199951171875,3249.199951171875,3183.10009765625,3194.60009765625,3183080,M&M,M&M.NS
2026-04-15,3222.6572265625,3256.5,3301.89990234375,3225.0,3250.0,2591177,M&M,M&M.NS
2026-04-16,3188.812744140625,3222.300048828125,3288.0,3201.0,3273.0,2678634,M&M,M&M.NS
2026-04-17,3166.9423828125,3200.199951171875,3242.5,3185.0,3210.0,2180404,M&M,M&M.NS
2026-04-20,3188.1201171875,3221.60009765625,3235.5,3162.60009765625,3207.0,3201466,M&M,M&M.NS
2026-04-21,3213.552978515625,3247.300048828125,3262.300048828125,3212.0,3212.0,1972188,M&M,M&M.NS
2026-04-22,3116.967041015625,3149.699951171875,3249.89990234375,3143.0,3214.10009765625,3096787,M&M,M&M.NS
2026-04-23,3016.027099609375,3047.699951171875,3114.699951171875,3032.199951171875,3105.0,4540875,M&M,M&M.NS
2026-04-24,3006.82373046875,3038.39990234375,3089.0,3035.0,3047.699951171875,2300917,M&M,M&M.NS
2026-04-27,3070.15869140625,3102.39990234375,3114.0,3050.0,3050.0,1816150,M&M,M&M.NS
2026-04-28,3056.00732421875,3088.10009765625,3144.0,3075.0,3115.89990234375,2645344,M&M,M&M.NS
2026-04-29,3119.540283203125,3152.300048828125,3192.0,3092.0,3100.0,3917359,M&M,M&M.NS
2026-04-30,3065.3095703125,3097.5,3117.300048828125,3047.0,3105.39990234375,3331158,M&M,M&M.NS
2026-05-01,3065.3095703125,3097.5,3097.5,3097.5,3097.5,0,M&M,M&M.NS
2026-05-04,3074.216064453125,3106.5,3172.0,3081.5,3131.5,2873467,M&M,M&M.NS
2026-05-05,3177.43212890625,3210.800048828125,3222.0,3070.199951171875,3114.0,6454419,M&M,M&M.NS
2026-05-06,3266.496826171875,3300.800048828125,3315.699951171875,3243.5,3245.0,6007370,M&M,M&M.NS
2026-05-07,3335.67041015625,3370.699951171875,3399.0,3305.0,3311.89990234375,4916193,M&M,M&M.NS
2026-05-08,3295.7890625,3330.39990234375,3363.0,3317.60009765625,3357.800048828125,2071348,M&M,M&M.NS
2026-05-11,3212.167236328125,3245.89990234375,3292.0,3224.199951171875,3235.0,2320887,M&M,M&M.NS
2026-05-12,3142.993896484375,3176.0,3261.60009765625,3166.300048828125,3240.0,2638081,M&M,M&M.NS
2026-05-13,3079.461181640625,3111.800048828125,3189.60009765625,3103.60009765625,3176.0,2692484,M&M,M&M.NS
2026-05-14,3140.91552734375,3173.89990234375,3181.0,3101.10009765625,3137.0,2167959,M&M,M&M.NS
2026-05-15,3090.643798828125,3123.10009765625,3188.89990234375,3111.0,3170.0,2196383,M&M,M&M.NS
2026-05-18,3051.653076171875,3083.699951171875,3111.699951171875,3050.0,3100.0,1962357,M&M,M&M.NS
2026-05-19,3060.163818359375,3092.300048828125,3158.800048828125,3075.0,3099.10009765625,3151874,M&M,M&M.NS
2026-05-20,3089.7529296875,3122.199951171875,3142.800048828125,3033.0,3078.0,2330606,M&M,M&M.NS
2026-05-21,3066.7939453125,3099.0,3157.699951171875,3079.800048828125,3147.0,1877207,M&M,M&M.NS
2026-05-22,3049.278076171875,3081.300048828125,3131.699951171875,3072.60009765625,3095.0,2407171,M&M,M&M.NS
2026-05-25,3106.37841796875,3139.0,3173.699951171875,3111.39990234375,3134.699951171875,2423710,M&M,M&M.NS
2026-05-26,3075.0078125,3107.300048828125,3159.199951171875,3103.0,3122.0,1791919,M&M,M&M.NS
2026-05-27,3089.1591796875,3121.60009765625,3141.300048828125,3104.0,3110.89990234375,1408612,M&M,M&M.NS
2026-05-28,3089.1591796875,3121.60009765625,3121.60009765625,3121.60009765625,3121.60009765625,0,M&M,M&M.NS
2026-05-29,3013.94921875,3045.60009765625,3150.800048828125,3005.10009765625,3119.60009765625,11402867,M&M,M&M.NS
2026-06-01,2939.33251953125,2970.199951171875,3068.89990234375,2961.0,3050.0,5763247,M&M,M&M.NS
2026-06-02,2967.140625,2998.300048828125,3008.699951171875,2913.10009765625,2913.10009765625,4045354,M&M,M&M.NS
2026-06-03,2979.8076171875,3011.10009765625,3029.5,2965.0,2996.0,3110137,M&M,M&M.NS
2026-06-04,2984.755615234375,3016.10009765625,3067.10009765625,2974.199951171875,2985.0,2788572,M&M,M&M.NS
2026-06-05,3008.902099609375,3040.5,3059.0,3012.699951171875,3039.89990234375,1685633,M&M,M&M.NS
2026-06-08,2935.17626953125,2966.0,3006.0,2948.0,2985.0,2415904,M&M,M&M.NS
2026-06-09,2959.02587890625,2990.10009765625,3015.89990234375,2974.0,2995.89990234375,2527267,M&M,M&M.NS
2026-06-10,2921.816650390625,2952.5,3000.0,2943.199951171875,2980.0,2281551,M&M,M&M.NS
2026-06-11,2969.71337890625,3000.89990234375,3012.199951171875,2900.39990234375,2930.0,3177902,M&M,M&M.NS
2026-06-12,3011.27685546875,3042.89990234375,3050.0,2982.60009765625,3025.10009765625,3557496,M&M,M&M.NS
2026-06-15,3101.727294921875,3134.300048828125,3167.0,3078.0,3090.0,5286854,M&M,M&M.NS
2026-06-16,3105.289794921875,3137.89990234375,3163.0,3108.0,3163.0,3551761,M&M,M&M.NS
2026-06-17,3100.341552734375,3132.89990234375,3165.0,3090.0,3145.0,3186836,M&M,M&M.NS
2026-06-18,3103.904296875,3136.5,3151.0,3115.0,3137.0,2432013,M&M,M&M.NS
2026-06-19,3042.845703125,3074.800048828125,3130.0,3059.0,3110.0,3408840,M&M,M&M.NS
2026-06-22,3031.56396484375,3063.39990234375,3102.0,3053.800048828125,3085.0,2186778,M&M,M&M.NS
2026-06-23,3005.7353515625,3037.300048828125,3092.199951171875,3031.800048828125,3063.39990234375,2828392,M&M,M&M.NS
2026-06-24,3032.652587890625,3064.5,3097.89990234375,3025.0,3044.0,2179193,M&M,M&M.NS
2026-06-25,3149.12939453125,3182.199951171875,3208.5,3086.0,3090.0,5346892,M&M,M&M.NS
2026-06-26,3149.12939453125,3182.199951171875,3182.199951171875,3182.199951171875,3182.199951171875,0,M&M,M&M.NS
2026-06-29,3060.8564453125,3093.0,3174.300048828125,3085.5,3143.39990234375,3700623,M&M,M&M.NS
2026-06-30,3036.907958984375,3068.800048828125,3122.89990234375,3061.800048828125,3105.0,3882185,M&M,M&M.NS
2026-07-01,3097.471923828125,3130.0,3166.300048828125,3088.0,3088.0,2754707,M&M,M&M.NS
2026-07-02,3142.39990234375,3175.39990234375,3190.0,3111.5,3136.800048828125,2624368,M&M,M&M.NS
2026-07-03,3136.89990234375,3136.89990234375,3197.0,3127.300048828125,3194.0,2414988,M&M,M&M.NS
2026-07-06,3201.199951171875,3201.199951171875,3212.699951171875,3124.89990234375,3157.89990234375,2637740,M&M,M&M.NS
2026-07-07,3196.39990234375,3196.39990234375,3217.10009765625,3181.0,3210.800048828125,2426521,M&M,M&M.NS
2026-07-08,3102.5,3102.5,3200.89990234375,3088.199951171875,3175.0,2933765,M&M,M&M.NS
2026-07-09,3085.39990234375,3085.39990234375,3139.699951171875,3080.300048828125,3101.0,2922682,M&M,M&M.NS
2026-07-10,3129.39990234375,3129.39990234375,3135.0,3105.199951171875,3109.0,1814898,M&M,M&M.NS
2026-07-13,3160.39990234375,3160.39990234375,3169.0,3082.0,3088.800048828125,1770170,M&M,M&M.NS
2026-07-14,3093.300048828125,3093.300048828125,3130.0,3082.199951171875,3121.0,2376410,M&M,M&M.NS
2026-07-15,3082.89990234375,3082.89990234375,3119.89990234375,3079.39990234375,3088.800048828125,2377390,M&M,M&M.NS
2026-07-16,3117.800048828125,3117.800048828125,3146.0,3089.39990234375,3117.0,1978238,M&M,M&M.NS
2026-07-17,3179.199951171875,3179.199951171875,3183.199951171875,3119.0,3119.0,1627877,M&M,M&M.NS
2026-07-20,3165.5,3165.5,3183.5,3140.5,3179.199951171875,1768417,M&M,M&M.NS
2026-07-21,3201.699951171875,3201.699951171875,3212.0,3143.0,3153.800048828125,1776773,M&M,M&M.NS
2026-07-22,3175.300048828125,3175.300048828125,3219.89990234375,3166.89990234375,3198.0,1784375,M&M,M&M.NS
2026-07-23,3229.699951171875,3229.699951171875,3250.0,3156.0,3156.0,2705691,M&M,M&M.NS
2026-07-24,3161.39990234375,3161.39990234375,3217.0,3135.10009765625,3215.300048828125,2135688,M&M,M&M.NS
2026-07-27,3238.60009765625,3238.60009765625,3246.800048828125,3179.0,3183.0,2264570,M&M,M&M.NS
2026-07-28,3271.199951171875,3271.199951171875,3284.699951171875,3222.0,3225.0,2208579,M&M,M&M.NS
2026-07-29,3221.800048828125,3221.800048828125,3321.199951171875,3211.800048828125,3280.10009765625,3693381,M&M,M&M.NS
2026-07-30,3283.699951171875,3283.699951171875,3327.0,3197.5,3220.0,4851980,M&M,M&M.NS
2026-07-31,3398.5,3398.5,3457.0,3243.300048828125,3379.89990234375,6131873,M&M,M&M.NS
2026-08-03,3428.60009765625,3428.60009765625,3465.0,3386.199951171875,3465.0,2169303,M&M,M&M.NS
2026-08-04,3433.0,3433.0,3434.10009765625,3384.60009765625,3401.0,2450782,M&M,M&M.NS
2026-08-05,3455.39990234375,3455.39990234375,3485.800048828125,3435.0,3470.0,1970549,M&M,M&M.NS
2026-08-06,3406.0,3406.0,3449.0,3406.0,3449.0,1656879,M&M,M&M.NS
2026-08-07,3502.0,3502.0,3504.89990234375,3402.10009765625,3405.0,3299237,M&M,M&M.NS
2026-08-10,3517.0,3517.0,3534.60009765625,3491.10009765625,3509.0,2434928,M&M,M&M.NS
2026-08-11,3460.10009765625,3460.10009765625,3514.60009765625,3455.10009765625,3505.39990234375,2269936,M&M,M&M.NS
2026-08-12,3403.60009765625,3403.60009765625,3471.800048828125,3403.60009765625,3460.0,1834082,M&M,M&M.NS
2026-08-13,3428.199951171875,3428.199951171875,3440.0,3396.5,3405.0,2288322,M&M,M&M.NS
2026-08-14,3428.300048828125,3428.300048828125,3430.0,3378.300048828125,3425.0,1032969,M&M,M&M.NS
2026-08-17,3390.39990234375,3390.39990234375,3451.89990234375,3388.300048828125,3428.300048828125,1756791,M&M,M&M.NS
2026-08-18,3421.5,3421.5,3435.0,3390.199951171875,3390.39990234375,1371664,M&M,M&M.NS
2026-08-19,3415.0,3415.0,3425.60009765625,3371.10009765625,3396.199951171875,1601024,M&M,M&M.NS
2026-08-20,3424.800048828125,3424.800048828125,3456.39990234375,3401.0,3424.0,1279093,M&M,M&M.NS
2026-08-21,3412.199951171875,3412.199951171875,3453.89990234375,3412.199951171875,3431.199951171875,1730623,M&M,M&M.NS
2026-08-24,3414.10009765625,3414.10009765625,3444.699951171875,3400.0,3419.89990234375,1168624,M&M,M&M.NS
2026-08-25,3443.0,3443.0,3443.0,3396.800048828125,3414.10009765625,1078022,M&M,M&M.NS
2026-08-26,3398.199951171875,3398.199951171875,3447.89990234375,3398.199951171875,3435.0,687761,M&M,M&M.NS
2026-08-27,3330.0,3330.0,3420.0,3330.0,3410.0,1853016,M&M,M&M.NS
2026-08-28,3334.0,3334.0,3351.699951171875,3302.0,3331.0,1744074,M&M,M&M.NS
2026-08-31,3282.0,3282.0,3365.0,3282.0,3320.0,3613080,M&M,M&M.NS
2026-09-01,3259.0,3259.0,3368.0,3223.0,3367.0,1887247,M&M,M&M.NS
2026-09-02,3190.0,3190.0,3229.60009765625,3142.5,3223.5,2883166,M&M,M&M.NS
2026-09-03,3150.0,3150.0,3210.0,3150.0,3200.0,1825391,M&M,M&M.NS
