Date,Adj Close,Close,High,Low,Open,Volume,Company,Ticker
2021-09-03,6553.9716796875,6863.10009765625,6958.0,6751.60009765625,6770.0,1196077,Maruti Suzuki,MARUTI.NS
2021-09-06,6538.50048828125,6846.89990234375,6954.0,6838.0,6925.0,897444,Maruti Suzuki,MARUTI.NS
2021-09-07,6567.38818359375,6877.14990234375,6929.89990234375,6853.7001953125,6879.89990234375,743783,Maruti Suzuki,MARUTI.NS
2021-09-08,6475.80810546875,6781.25,6858.35009765625,6756.0,6852.10009765625,847767,Maruti Suzuki,MARUTI.NS
2021-09-09,6495.86181640625,6802.25,6818.4501953125,6740.0,6750.0,515702,Maruti Suzuki,MARUTI.NS
2021-09-13,6564.09375,6873.7001953125,6895.4501953125,6813.2998046875,6835.5,508397,Maruti Suzuki,MARUTI.NS
2021-09-14,6583.90966796875,6894.4501953125,6955.0,6851.10009765625,6910.0,817280,Maruti Suzuki,MARUTI.NS
2021-09-15,6597.80419921875,6909.0,6938.0,6880.0,6938.0,310138,Maruti Suzuki,MARUTI.NS
2021-09-16,6618.76513671875,6930.9501953125,6949.0,6870.0,6913.2998046875,556648,Maruti Suzuki,MARUTI.NS
2021-09-17,6698.50439453125,7014.4501953125,7064.75,6950.0,6955.0,980793,Maruti Suzuki,MARUTI.NS
2021-09-20,6637.3388671875,6950.39990234375,7015.4501953125,6906.2001953125,6979.89990234375,550405,Maruti Suzuki,MARUTI.NS
2021-09-21,6471.74951171875,6777.0,6939.7001953125,6741.0,6912.5,1085249,Maruti Suzuki,MARUTI.NS
2021-09-22,6523.31689453125,6831.0,6846.0,6785.0,6820.0,548623,Maruti Suzuki,MARUTI.NS
2021-09-23,6538.310546875,6846.7001953125,6879.89990234375,6821.0,6868.0,432740,Maruti Suzuki,MARUTI.NS
2021-09-24,6639.10595703125,6952.25,7037.7998046875,6848.0,6850.0,1649962,Maruti Suzuki,MARUTI.NS
2021-09-27,7069.9833984375,7403.4501953125,7448.0,6974.0,6974.0,2646138,Maruti Suzuki,MARUTI.NS
2021-09-28,7089.4638671875,7423.85009765625,7521.5498046875,7333.5,7448.0,1346961,Maruti Suzuki,MARUTI.NS
2021-09-29,7051.45654296875,7384.0498046875,7465.0,7291.0,7390.5,643556,Maruti Suzuki,MARUTI.NS
2021-09-30,7007.52783203125,7338.0498046875,7408.0498046875,7301.0498046875,7384.75,625717,Maruti Suzuki,MARUTI.NS
2021-10-01,6839.6943359375,7162.2998046875,7220.0,7090.0,7220.0,901588,Maruti Suzuki,MARUTI.NS
2021-10-04,6847.333984375,7170.2998046875,7214.9501953125,7131.7998046875,7180.0,466994,Maruti Suzuki,MARUTI.NS
2021-10-05,6931.322265625,7258.25,7300.0,7155.64990234375,7164.7998046875,546004,Maruti Suzuki,MARUTI.NS
2021-10-06,6874.97998046875,7199.25,7281.5,7164.25,7270.89990234375,726695,Maruti Suzuki,MARUTI.NS
2021-10-07,7155.021484375,7492.5,7555.0,7225.25,7234.9501953125,1646727,Maruti Suzuki,MARUTI.NS
2021-10-08,7095.3369140625,7430.0,7571.9501953125,7401.14990234375,7548.7001953125,630622,Maruti Suzuki,MARUTI.NS
2021-10-11,7353.93896484375,7700.7998046875,7814.7998046875,7419.7998046875,7420.2001953125,1069536,Maruti Suzuki,MARUTI.NS
2021-10-12,7347.2548828125,7693.7998046875,7750.0,7630.0498046875,7687.89990234375,406814,Maruti Suzuki,MARUTI.NS
2021-10-13,7145.1376953125,7482.14990234375,7749.9501953125,7436.5498046875,7740.0,1084436,Maruti Suzuki,MARUTI.NS
2021-10-14,7159.22314453125,7496.89990234375,7560.0,7445.0,7540.0,831546,Maruti Suzuki,MARUTI.NS
2021-10-18,7312.1123046875,7657.0,7705.2998046875,7405.0,7405.0,913963,Maruti Suzuki,MARUTI.NS
2021-10-19,7310.8232421875,7655.64990234375,7768.60009765625,7585.0,7670.2001953125,658869,Maruti Suzuki,MARUTI.NS
2021-10-20,7248.8466796875,7590.75,7667.35009765625,7515.0,7615.0,488082,Maruti Suzuki,MARUTI.NS
2021-10-21,7234.04443359375,7575.25,7650.0,7485.0,7650.0,563128,Maruti Suzuki,MARUTI.NS
2021-10-22,7075.18701171875,7408.89990234375,7625.0,7386.5498046875,7600.0,224520,Maruti Suzuki,MARUTI.NS
2021-10-25,6933.56689453125,7260.60009765625,7396.0498046875,7219.64990234375,7355.0,248058,Maruti Suzuki,MARUTI.NS
2021-10-26,6968.662109375,7297.35009765625,7337.9501953125,7210.2001953125,7265.0,292203,Maruti Suzuki,MARUTI.NS
2021-10-27,7024.908203125,7356.25,7461.25,7244.0,7285.0,1218064,Maruti Suzuki,MARUTI.NS
2021-10-28,7037.75244140625,7369.7001953125,7529.7001953125,7235.0498046875,7250.0,961511,Maruti Suzuki,MARUTI.NS
2021-10-29,7145.3759765625,7482.39990234375,7550.0,7294.85009765625,7350.0,819875,Maruti Suzuki,MARUTI.NS
2021-11-01,7272.529296875,7615.5498046875,7666.0,7401.0,7401.0,1005690,Maruti Suzuki,MARUTI.NS
2021-11-02,7440.79296875,7791.75,7910.0,7630.7998046875,7647.9501953125,1302733,Maruti Suzuki,MARUTI.NS
2021-11-03,7385.8828125,7734.25,7842.25,7711.60009765625,7791.75,656492,Maruti Suzuki,MARUTI.NS
2021-11-04,7398.4404296875,7747.39990234375,7819.9501953125,7735.5,7774.7001953125,53365,Maruti Suzuki,MARUTI.NS
2021-11-08,7338.46875,7684.60009765625,7882.60009765625,7672.0,7759.9501953125,428433,Maruti Suzuki,MARUTI.NS
2021-11-09,7236.2412109375,7577.5498046875,7764.5,7538.7001953125,7709.0,632879,Maruti Suzuki,MARUTI.NS
2021-11-10,7173.30908203125,7511.64990234375,7580.0,7460.0,7570.0,562432,Maruti Suzuki,MARUTI.NS
2021-11-11,7117.73046875,7453.4501953125,7567.5,7442.0,7512.0,486991,Maruti Suzuki,MARUTI.NS
2021-11-12,7142.94140625,7479.85009765625,7544.0,7442.0,7530.0,349666,Maruti Suzuki,MARUTI.NS
2021-11-15,7165.14453125,7503.10009765625,7579.85009765625,7452.0,7452.0,314414,Maruti Suzuki,MARUTI.NS
2021-11-16,7687.7451171875,8050.35009765625,8128.75,7535.0498046875,7545.0,2619355,Maruti Suzuki,MARUTI.NS
2021-11-17,7902.03759765625,8274.75,8350.0,8015.0498046875,8035.0,2377268,Maruti Suzuki,MARUTI.NS
2021-11-18,7751.5361328125,8117.14990234375,8368.0,8001.10009765625,8234.0,1337493,Maruti Suzuki,MARUTI.NS
2021-11-22,7510.17041015625,7864.39990234375,8187.85009765625,7806.5498046875,8158.0,672298,Maruti Suzuki,MARUTI.NS
2021-11-23,7500.23828125,7854.0,7953.9501953125,7805.0,7849.10009765625,567198,Maruti Suzuki,MARUTI.NS
2021-11-24,7324.001953125,7669.4501953125,7897.9501953125,7636.60009765625,7865.5,571078,Maruti Suzuki,MARUTI.NS
2021-11-25,7231.41796875,7572.5,7719.39990234375,7435.0,7640.0,1007618,Maruti Suzuki,MARUTI.NS
2021-11-26,6847.525390625,7170.5,7520.0,7130.0,7520.0,1154876,Maruti Suzuki,MARUTI.NS
2021-11-29,6827.47119140625,7149.5,7210.0,6990.7001953125,7166.0,733010,Maruti Suzuki,MARUTI.NS
2021-11-30,6749.45068359375,7067.7998046875,7250.0,7015.5498046875,7149.5,1287938,Maruti Suzuki,MARUTI.NS
2021-12-01,6945.64697265625,7273.25,7380.0,7130.0498046875,7191.0,1669583,Maruti Suzuki,MARUTI.NS
2021-12-02,6995.01904296875,7324.9501953125,7355.4501953125,7245.64990234375,7285.0,618573,Maruti Suzuki,MARUTI.NS
2021-12-03,6884.00439453125,7208.7001953125,7329.0,7148.75,7305.0,603798,Maruti Suzuki,MARUTI.NS
2021-12-06,6725.62451171875,7042.85009765625,7200.0,7021.0,7193.0,609507,Maruti Suzuki,MARUTI.NS
2021-12-07,6862.8994140625,7186.60009765625,7261.7998046875,7091.2001953125,7129.0,637151,Maruti Suzuki,MARUTI.NS
2021-12-08,7100.01611328125,7434.89990234375,7497.85009765625,7151.10009765625,7225.0,930339,Maruti Suzuki,MARUTI.NS
2021-12-09,7087.4580078125,7421.75,7469.0,7325.0,7469.0,615037,Maruti Suzuki,MARUTI.NS
2021-12-10,7091.1826171875,7425.64990234375,7475.0,7357.9501953125,7380.0,431682,Maruti Suzuki,MARUTI.NS
2021-12-13,7177.8447265625,7516.39990234375,7575.89990234375,7425.0,7485.0,883009,Maruti Suzuki,MARUTI.NS
2021-12-14,7155.642578125,7493.14990234375,7556.2998046875,7457.7998046875,7516.7998046875,749704,Maruti Suzuki,MARUTI.NS
2021-12-15,7227.07373046875,7567.9501953125,7640.0,7453.0498046875,7476.0,529018,Maruti Suzuki,MARUTI.NS
2021-12-16,7115.2001953125,7450.7998046875,7621.0,7406.0,7591.5,595582,Maruti Suzuki,MARUTI.NS
2021-12-17,6967.94580078125,7296.60009765625,7480.0,7241.0,7480.0,1081907,Maruti Suzuki,MARUTI.NS
2021-12-20,6958.3955078125,7286.60009765625,7321.5498046875,7035.85009765625,7200.0,867425,Maruti Suzuki,MARUTI.NS
2021-12-21,6985.66015625,7315.14990234375,7404.9501953125,7284.0,7306.5,415744,Maruti Suzuki,MARUTI.NS
2021-12-22,7089.3681640625,7423.75,7454.0,7305.5,7305.5,368978,Maruti Suzuki,MARUTI.NS
2021-12-23,7054.41650390625,7387.14990234375,7500.0,7355.0,7481.0,249919,Maruti Suzuki,MARUTI.NS
2021-12-24,6987.52197265625,7317.10009765625,7449.85009765625,7252.14990234375,7441.0,357447,Maruti Suzuki,MARUTI.NS
2021-12-27,6961.1650390625,7289.5,7330.0,7186.2001953125,7277.10009765625,190180,Maruti Suzuki,MARUTI.NS
2021-12-28,6968.7578125,7297.4501953125,7359.0,7255.10009765625,7320.0,214533,Maruti Suzuki,MARUTI.NS
2021-12-29,7018.9873046875,7350.0498046875,7365.0,7240.4501953125,7297.7001953125,287776,Maruti Suzuki,MARUTI.NS
2021-12-30,6954.24169921875,7282.25,7395.14990234375,7255.39990234375,7350.0,296041,Maruti Suzuki,MARUTI.NS
2021-12-31,7091.947265625,7426.4501953125,7449.5,7290.0498046875,7290.0498046875,313398,Maruti Suzuki,MARUTI.NS
2022-01-03,7185.00732421875,7523.89990234375,7605.9501953125,7420.0,7420.0,456599,Maruti Suzuki,MARUTI.NS
2022-01-04,7286.423828125,7630.10009765625,7649.0,7520.0,7600.0,495182,Maruti Suzuki,MARUTI.NS
2022-01-05,7425.13134765625,7775.35009765625,7808.0,7605.60009765625,7624.85009765625,710043,Maruti Suzuki,MARUTI.NS
2022-01-06,7527.0732421875,7882.10009765625,7899.4501953125,7683.9501953125,7782.0,739981,Maruti Suzuki,MARUTI.NS
2022-01-07,7549.89697265625,7906.0,7944.7998046875,7835.5,7882.10009765625,523116,Maruti Suzuki,MARUTI.NS
2022-01-10,7759.60546875,8125.60009765625,8232.0,7924.14990234375,7950.0,827930,Maruti Suzuki,MARUTI.NS
2022-01-11,7777.03369140625,8143.85009765625,8162.4501953125,8069.2998046875,8100.0,688923,Maruti Suzuki,MARUTI.NS
2022-01-12,7802.7216796875,8170.75,8200.0,8115.0,8200.0,288174,Maruti Suzuki,MARUTI.NS
2022-01-13,7713.2421875,8077.0498046875,8260.0,7952.0,8175.0,684931,Maruti Suzuki,MARUTI.NS
2022-01-14,7720.0703125,8084.2001953125,8145.0,7951.0,7951.0,299536,Maruti Suzuki,MARUTI.NS
2022-01-17,7893.20361328125,8265.5,8368.900390625,8100.10009765625,8124.7998046875,862249,Maruti Suzuki,MARUTI.NS
2022-01-18,7558.63427734375,7915.14990234375,8248.9501953125,7891.5,8248.9501953125,785199,Maruti Suzuki,MARUTI.NS
2022-01-19,7654.6552734375,8015.7001953125,8060.0,7860.0,7929.0,681632,Maruti Suzuki,MARUTI.NS
2022-01-20,7674.37548828125,8036.35009765625,8140.0,7997.5498046875,8000.0,522850,Maruti Suzuki,MARUTI.NS
2022-01-21,7820.72314453125,8189.60009765625,8244.0,7856.0498046875,7970.0,1041476,Maruti Suzuki,MARUTI.NS
2022-01-24,7689.607421875,8052.2998046875,8332.7998046875,7952.7998046875,8189.0,1153538,Maruti Suzuki,MARUTI.NS
2022-01-25,8215.1201171875,8602.599609375,8664.0,7887.89990234375,7990.0,2162832,Maruti Suzuki,MARUTI.NS
2022-01-27,8422.919921875,8820.2001953125,8971.650390625,8400.0498046875,8656.0,2899559,Maruti Suzuki,MARUTI.NS
2022-01-28,8165.79638671875,8550.9501953125,8930.0,8522.349609375,8795.0,1045088,Maruti Suzuki,MARUTI.NS
2022-01-31,8210.0595703125,8597.2998046875,8720.0,8552.7998046875,8625.0,561419,Maruti Suzuki,MARUTI.NS
2022-02-01,8173.8671875,8559.400390625,8790.7998046875,8351.0,8693.0,819689,Maruti Suzuki,MARUTI.NS
2022-02-02,8131.705078125,8515.25,8683.0,8440.25,8579.7001953125,580433,Maruti Suzuki,MARUTI.NS
2022-02-03,8206.5732421875,8593.650390625,8798.0,8522.7001953125,8550.0,810019,Maruti Suzuki,MARUTI.NS
2022-02-04,8165.4140625,8550.5498046875,8680.0,8492.099609375,8639.900390625,404421,Maruti Suzuki,MARUTI.NS
2022-02-07,8128.26708984375,8511.650390625,8615.0,8400.0,8545.0,446099,Maruti Suzuki,MARUTI.NS
2022-02-08,8212.1123046875,8599.4501953125,8789.099609375,8436.0498046875,8616.7001953125,998182,Maruti Suzuki,MARUTI.NS
2022-02-09,8546.34765625,8949.4501953125,8989.7998046875,8622.0,8622.0,1403525,Maruti Suzuki,MARUTI.NS
2022-02-10,8408.8349609375,8805.4501953125,9050.0,8789.900390625,9050.0,811887,Maruti Suzuki,MARUTI.NS
2022-02-11,8343.611328125,8737.150390625,8865.0,8673.2998046875,8738.0,671572,Maruti Suzuki,MARUTI.NS
2022-02-14,7989.5595703125,8366.400390625,8615.0498046875,8325.0,8500.0,995540,Maruti Suzuki,MARUTI.NS
2022-02-15,8234.3134765625,8622.7001953125,8664.25,8356.5,8410.0,682766,Maruti Suzuki,MARUTI.NS
2022-02-16,8196.35546875,8582.9501953125,8736.400390625,8544.0,8720.0,422704,Maruti Suzuki,MARUTI.NS
2022-02-17,8167.22900390625,8552.4501953125,8658.2998046875,8525.0,8575.0,305313,Maruti Suzuki,MARUTI.NS
2022-02-18,8183.12841796875,8569.099609375,8645.9501953125,8520.0498046875,8550.0,385273,Maruti Suzuki,MARUTI.NS
2022-02-21,8224.765625,8612.7001953125,8724.25,8443.599609375,8544.0498046875,626049,Maruti Suzuki,MARUTI.NS
2022-02-22,8234.41015625,8622.7998046875,8659.7998046875,8384.849609375,8495.0,620828,Maruti Suzuki,MARUTI.NS
2022-02-23,8307.0341796875,8698.849609375,8789.9501953125,8655.2001953125,8690.0,557954,Maruti Suzuki,MARUTI.NS
2022-02-24,7840.34716796875,8210.150390625,8587.25,8155.0,8402.0,947351,Maruti Suzuki,MARUTI.NS
2022-02-25,7979.72216796875,8356.099609375,8466.0,8209.5498046875,8260.0,1344343,Maruti Suzuki,MARUTI.NS
2022-02-28,7939.66357421875,8314.150390625,8339.9501953125,8114.10009765625,8300.0,961303,Maruti Suzuki,MARUTI.NS
2022-03-02,7462.23193359375,7814.2001953125,8199.0,7764.0,8197.7001953125,1783011,Maruti Suzuki,MARUTI.NS
2022-03-03,7253.4296875,7595.5498046875,7939.9501953125,7558.5,7924.0,1050154,Maruti Suzuki,MARUTI.NS
2022-03-04,6920.865234375,7247.2998046875,7519.2001953125,7130.0,7482.0,2511658,Maruti Suzuki,MARUTI.NS
2022-03-07,6464.1572265625,6769.0498046875,7029.85009765625,6730.0,6992.0,2469925,Maruti Suzuki,MARUTI.NS
2022-03-08,6499.72900390625,6806.2998046875,6855.0,6536.5498046875,6705.0,2840376,Maruti Suzuki,MARUTI.NS
2022-03-09,6710.34521484375,7026.85009765625,7078.10009765625,6777.0,6874.0,1827539,Maruti Suzuki,MARUTI.NS
2022-03-10,6886.96484375,7211.7998046875,7399.85009765625,7177.2998046875,7255.0,1535070,Maruti Suzuki,MARUTI.NS
2022-03-11,6782.63525390625,7102.5498046875,7200.0,7080.0,7200.0,1024452,Maruti Suzuki,MARUTI.NS
2022-03-14,6987.1875,7316.75,7335.0,7012.0,7050.0,1023874,Maruti Suzuki,MARUTI.NS
2022-03-15,7085.8828125,7420.10009765625,7620.0,7318.0,7321.0,1586111,Maruti Suzuki,MARUTI.NS
2022-03-16,7148.62255859375,7485.7998046875,7595.75,7440.0,7570.0,584457,Maruti Suzuki,MARUTI.NS
2022-03-17,7346.490234375,7693.0,7741.9501953125,7530.0,7574.0,1133271,Maruti Suzuki,MARUTI.NS
2022-03-21,7358.4755859375,7705.5498046875,7940.0,7650.0,7844.0,1354525,Maruti Suzuki,MARUTI.NS
2022-03-22,7416.8232421875,7766.64990234375,7809.0,7536.64990234375,7714.9501953125,1093502,Maruti Suzuki,MARUTI.NS
2022-03-23,7300.50927734375,7644.85009765625,7862.7998046875,7611.0,7800.0,808597,Maruti Suzuki,MARUTI.NS
2022-03-24,7216.56884765625,7556.9501953125,7655.0,7526.35009765625,7599.2998046875,565485,Maruti Suzuki,MARUTI.NS
2022-03-25,7081.4423828125,7415.4501953125,7542.2998046875,7385.0,7515.0,686637,Maruti Suzuki,MARUTI.NS
2022-03-28,7140.55419921875,7477.35009765625,7539.0,7413.0,7425.0,599515,Maruti Suzuki,MARUTI.NS
2022-03-29,7104.07421875,7439.14990234375,7563.10009765625,7401.0,7535.0,446257,Maruti Suzuki,MARUTI.NS
2022-03-30,7256.34326171875,7598.60009765625,7629.9501953125,7490.0,7521.0,589206,Maruti Suzuki,MARUTI.NS
2022-03-31,7220.72216796875,7561.2998046875,7652.75,7528.0,7598.5498046875,434317,Maruti Suzuki,MARUTI.NS
2022-04-01,7353.22314453125,7700.0498046875,7729.0,7517.35009765625,7574.0,449386,Maruti Suzuki,MARUTI.NS
2022-04-04,7424.6064453125,7774.7998046875,7794.0,7631.64990234375,7650.0,491029,Maruti Suzuki,MARUTI.NS
2022-04-05,7412.23974609375,7761.85009765625,7900.0,7730.0,7781.0,488132,Maruti Suzuki,MARUTI.NS
2022-04-06,7395.384765625,7744.2001953125,7849.0,7675.0,7739.0,393628,Maruti Suzuki,MARUTI.NS
2022-04-07,7296.35498046875,7640.5,7748.0,7621.0498046875,7659.75,458566,Maruti Suzuki,MARUTI.NS
2022-04-08,7217.52392578125,7557.9501953125,7730.5,7515.39990234375,7708.7998046875,849846,Maruti Suzuki,MARUTI.NS
2022-04-11,7224.6376953125,7565.39990234375,7616.5498046875,7485.0,7614.85009765625,496254,Maruti Suzuki,MARUTI.NS
2022-04-12,7275.20361328125,7618.35009765625,7711.5,7500.0,7540.0,598047,Maruti Suzuki,MARUTI.NS
2022-04-13,7133.0576171875,7469.5,7704.9501953125,7440.0,7618.35009765625,527991,Maruti Suzuki,MARUTI.NS
2022-04-18,7232.373046875,7573.5,7599.0,7355.0,7374.5,551783,Maruti Suzuki,MARUTI.NS
2022-04-19,7100.20703125,7435.10009765625,7678.0,7350.0,7580.0,425990,Maruti Suzuki,MARUTI.NS
2022-04-20,7321.37548828125,7666.7001953125,7699.0,7472.60009765625,7499.0,542622,Maruti Suzuki,MARUTI.NS
2022-04-21,7524.30419921875,7879.2001953125,7899.7998046875,7686.0498046875,7709.7998046875,772708,Maruti Suzuki,MARUTI.NS
2022-04-22,7548.46435546875,7904.5,8016.64990234375,7731.0,7789.0,960818,Maruti Suzuki,MARUTI.NS
2022-04-25,7555.9609375,7912.35009765625,7998.0,7810.0,7810.0,701521,Maruti Suzuki,MARUTI.NS
2022-04-26,7550.61279296875,7906.75,8067.5,7830.0,8000.0,801963,Maruti Suzuki,MARUTI.NS
2022-04-27,7437.59375,7788.39990234375,7865.0,7720.0,7851.0,570519,Maruti Suzuki,MARUTI.NS
2022-04-28,7532.85009765625,7888.14990234375,7940.0,7766.7001953125,7844.0,561932,Maruti Suzuki,MARUTI.NS
2022-04-29,7370.17333984375,7717.7998046875,7946.5,7626.0,7918.0,1162749,Maruti Suzuki,MARUTI.NS
2022-05-02,7290.86474609375,7634.75,7750.0,7544.2998046875,7665.0,544053,Maruti Suzuki,MARUTI.NS
2022-05-04,7064.6826171875,7397.89990234375,7747.0,7356.5,7650.0,599211,Maruti Suzuki,MARUTI.NS
2022-05-05,7073.99365234375,7407.64990234375,7538.0,7380.14990234375,7450.0,524174,Maruti Suzuki,MARUTI.NS
2022-05-06,6951.37744140625,7279.25,7359.89990234375,7156.64990234375,7314.0,650559,Maruti Suzuki,MARUTI.NS
2022-05-09,7028.77587890625,7360.2998046875,7424.5,7130.0,7201.5,570578,Maruti Suzuki,MARUTI.NS
2022-05-10,7177.3681640625,7515.89990234375,7575.0,7350.14990234375,7350.14990234375,663616,Maruti Suzuki,MARUTI.NS
2022-05-11,7063.2978515625,7396.4501953125,7559.5498046875,7346.60009765625,7519.0,605312,Maruti Suzuki,MARUTI.NS
2022-05-12,6926.93017578125,7253.64990234375,7323.9501953125,7210.7998046875,7221.5,571754,Maruti Suzuki,MARUTI.NS
2022-05-13,6782.06298828125,7101.9501953125,7340.0,7062.35009765625,7340.0,703097,Maruti Suzuki,MARUTI.NS
2022-05-16,6921.15234375,7247.60009765625,7305.35009765625,7150.0,7157.0,369545,Maruti Suzuki,MARUTI.NS
2022-05-17,7193.50634765625,7532.7998046875,7584.64990234375,7255.0498046875,7280.0,811448,Maruti Suzuki,MARUTI.NS
2022-05-18,7225.73583984375,7566.5498046875,7640.14990234375,7509.60009765625,7566.0,576970,Maruti Suzuki,MARUTI.NS
2022-05-19,7071.033203125,7404.5498046875,7525.0,7385.0498046875,7450.0,363255,Maruti Suzuki,MARUTI.NS
2022-05-20,7244.88330078125,7586.60009765625,7648.89990234375,7450.0,7520.5498046875,742204,Maruti Suzuki,MARUTI.NS
2022-05-23,7541.73193359375,7897.4501953125,7954.85009765625,7776.10009765625,7800.10009765625,1161175,Maruti Suzuki,MARUTI.NS
2022-05-24,7451.201171875,7802.64990234375,7941.9501953125,7791.2998046875,7919.0,581609,Maruti Suzuki,MARUTI.NS
2022-05-25,7436.49560546875,7787.25,7859.5,7696.0498046875,7840.0,454335,Maruti Suzuki,MARUTI.NS
2022-05-26,7453.4462890625,7805.0,7839.9501953125,7620.0,7800.0,476799,Maruti Suzuki,MARUTI.NS
2022-05-27,7585.18310546875,7942.9501953125,7965.89990234375,7833.0,7925.0,431411,Maruti Suzuki,MARUTI.NS
2022-05-30,7652.9365234375,8013.89990234375,8060.0,7951.0,7980.2001953125,389517,Maruti Suzuki,MARUTI.NS
2022-05-31,7607.52783203125,7966.35009765625,8100.0,7900.0,8013.89990234375,2494005,Maruti Suzuki,MARUTI.NS
2022-06-01,7581.7919921875,7939.39990234375,8068.89990234375,7880.10009765625,7975.0498046875,522004,Maruti Suzuki,MARUTI.NS
2022-06-02,7568.42333984375,7925.39990234375,7972.0,7855.60009765625,7925.0,352848,Maruti Suzuki,MARUTI.NS
2022-06-03,7357.99755859375,7705.0498046875,7995.0,7681.0,7950.0,591905,Maruti Suzuki,MARUTI.NS
2022-06-06,7363.24951171875,7710.5498046875,7776.89990234375,7591.4501953125,7690.0,606990,Maruti Suzuki,MARUTI.NS
2022-06-07,7457.6474609375,7809.39990234375,7820.0,7555.0,7615.0498046875,991192,Maruti Suzuki,MARUTI.NS
2022-06-08,7536.95703125,7892.4501953125,7921.0,7720.7001953125,7824.0,813596,Maruti Suzuki,MARUTI.NS
2022-06-09,7572.67236328125,7929.85009765625,8010.0,7830.10009765625,7848.0,687937,Maruti Suzuki,MARUTI.NS
2022-06-10,7577.6865234375,7935.10009765625,7988.2001953125,7826.0,7826.0,442921,Maruti Suzuki,MARUTI.NS
2022-06-13,7545.6953125,7901.60009765625,7967.35009765625,7793.75,7849.9501953125,565826,Maruti Suzuki,MARUTI.NS
2022-06-14,7459.79638671875,7811.64990234375,7901.39990234375,7750.0,7805.0,553462,Maruti Suzuki,MARUTI.NS
2022-06-15,7499.7138671875,7853.4501953125,7929.0,7816.0,7816.0,604566,Maruti Suzuki,MARUTI.NS
2022-06-16,7480.75830078125,7833.60009765625,8025.0,7805.0,7938.0,1319566,Maruti Suzuki,MARUTI.NS
2022-06-17,7341.85888671875,7688.14990234375,7849.7001953125,7646.14990234375,7805.0,1317656,Maruti Suzuki,MARUTI.NS
2022-06-20,7315.88427734375,7660.9501953125,7784.10009765625,7626.0,7699.7998046875,1043423,Maruti Suzuki,MARUTI.NS
2022-06-21,7430.14501953125,7780.60009765625,7840.0,7625.14990234375,7714.9501953125,954884,Maruti Suzuki,MARUTI.NS
2022-06-22,7432.19873046875,7782.75,7869.0,7716.60009765625,7750.0,796824,Maruti Suzuki,MARUTI.NS
2022-06-23,7898.45703125,8271.0,8317.7998046875,7803.0,7810.0,1676430,Maruti Suzuki,MARUTI.NS
2022-06-24,7986.50439453125,8363.2001953125,8390.0,8238.2998046875,8310.0,1156788,Maruti Suzuki,MARUTI.NS
2022-06-27,8068.2001953125,8448.75,8546.7001953125,8391.25,8444.0,921090,Maruti Suzuki,MARUTI.NS
2022-06-28,8107.30615234375,8489.7001953125,8539.900390625,8381.0498046875,8415.25,691242,Maruti Suzuki,MARUTI.NS
2022-06-29,8125.6416015625,8508.900390625,8530.0,8370.0,8389.9501953125,655413,Maruti Suzuki,MARUTI.NS
2022-06-30,8089.208984375,8470.75,8634.599609375,8435.599609375,8500.0,1130302,Maruti Suzuki,MARUTI.NS
2022-07-01,8024.12939453125,8402.599609375,8450.0,8305.599609375,8440.0,530569,Maruti Suzuki,MARUTI.NS
2022-07-04,8063.0419921875,8443.349609375,8467.599609375,8320.0,8402.599609375,625431,Maruti Suzuki,MARUTI.NS
2022-07-05,7972.65625,8348.7001953125,8508.5498046875,8335.0,8498.5,610290,Maruti Suzuki,MARUTI.NS
2022-07-06,8241.3330078125,8630.0498046875,8652.4501953125,8370.0,8377.0,976098,Maruti Suzuki,MARUTI.NS
2022-07-07,8218.7490234375,8606.400390625,8700.0,8576.2001953125,8695.0,547662,Maruti Suzuki,MARUTI.NS
2022-07-08,8094.17529296875,8475.9501953125,8656.9501953125,8445.0,8620.0,686327,Maruti Suzuki,MARUTI.NS
2022-07-11,8124.44775390625,8507.650390625,8525.0,8416.099609375,8451.7001953125,536114,Maruti Suzuki,MARUTI.NS
2022-07-12,8040.45849609375,8419.7001953125,8497.4501953125,8376.25,8495.0,424358,Maruti Suzuki,MARUTI.NS
2022-07-13,8060.03564453125,8440.2001953125,8488.150390625,8381.0,8454.0,413855,Maruti Suzuki,MARUTI.NS
2022-07-14,8181.83984375,8567.75,8587.349609375,8450.0,8464.9501953125,606496,Maruti Suzuki,MARUTI.NS
2022-07-15,8382.6669921875,8778.0498046875,8799.0,8576.2001953125,8596.0,631246,Maruti Suzuki,MARUTI.NS
2022-07-18,8312.716796875,8704.7998046875,8843.0,8684.0,8802.0,478682,Maruti Suzuki,MARUTI.NS
2022-07-19,8323.2685546875,8715.849609375,8798.900390625,8667.4501953125,8699.9501953125,478458,Maruti Suzuki,MARUTI.NS
2022-07-20,8354.9736328125,8749.0498046875,8865.4501953125,8720.2001953125,8775.5,398132,Maruti Suzuki,MARUTI.NS
2022-07-21,8400.763671875,8797.0,8831.900390625,8722.0498046875,8793.0,421090,Maruti Suzuki,MARUTI.NS
2022-07-22,8433.1845703125,8830.9501953125,8889.0,8791.0,8850.0,415294,Maruti Suzuki,MARUTI.NS
2022-07-25,8233.2646484375,8621.599609375,8858.599609375,8490.0,8828.5,623462,Maruti Suzuki,MARUTI.NS
2022-07-26,8141.828125,8525.849609375,8625.400390625,8471.349609375,8622.0,429454,Maruti Suzuki,MARUTI.NS
2022-07-27,8268.119140625,8658.099609375,8707.4501953125,8460.0,8555.5498046875,1298855,Maruti Suzuki,MARUTI.NS
2022-07-28,8328.234375,8721.0498046875,8770.150390625,8628.7998046875,8700.0,725196,Maruti Suzuki,MARUTI.NS
2022-07-29,8378.3701171875,8773.5498046875,8943.0,8730.0,8764.7001953125,821432,Maruti Suzuki,MARUTI.NS
2022-08-01,8597.8681640625,9003.400390625,9085.0,8822.599609375,8850.0,1009408,Maruti Suzuki,MARUTI.NS
2022-08-02,8759.875,9173.0498046875,9196.849609375,8954.0,8985.0,848311,Maruti Suzuki,MARUTI.NS
2022-08-03,8612.2294921875,8959.4501953125,9144.75,8855.599609375,9144.75,753729,Maruti Suzuki,MARUTI.NS
2022-08-04,8619.197265625,8966.7001953125,9048.0,8830.0,9024.0,643264,Maruti Suzuki,MARUTI.NS
2022-08-05,8498.560546875,8841.2001953125,8985.2001953125,8810.0,8966.7998046875,558385,Maruti Suzuki,MARUTI.NS
2022-08-08,8576.1826171875,8921.9501953125,8998.0,8841.0,8841.2001953125,520993,Maruti Suzuki,MARUTI.NS
2022-08-10,8535.5703125,8879.7001953125,8999.5,8826.0,8938.599609375,445375,Maruti Suzuki,MARUTI.NS
2022-08-11,8472.271484375,8813.849609375,8998.0,8724.0,8955.7001953125,508318,Maruti Suzuki,MARUTI.NS
2022-08-12,8362.064453125,8699.2001953125,8815.0,8675.0,8815.0,712782,Maruti Suzuki,MARUTI.NS
2022-08-16,8654.7646484375,9003.7001953125,9040.0,8705.0498046875,8737.150390625,963726,Maruti Suzuki,MARUTI.NS
2022-08-17,8597.712890625,8944.349609375,9070.0,8920.0,9010.0,623749,Maruti Suzuki,MARUTI.NS
2022-08-18,8600.93359375,8947.7001953125,9012.400390625,8877.0,8925.0,442229,Maruti Suzuki,MARUTI.NS
2022-08-19,8438.7236328125,8778.9501953125,8968.0,8715.0,8955.4501953125,572597,Maruti Suzuki,MARUTI.NS
2022-08-22,8293.6240234375,8628.0,8767.4501953125,8602.2001953125,8751.0,488485,Maruti Suzuki,MARUTI.NS
2022-08-23,8382.5390625,8720.5,8757.0,8564.0,8607.0,558231,Maruti Suzuki,MARUTI.NS
2022-08-24,8366.6787109375,8704.0,8772.0,8594.0,8660.0,442582,Maruti Suzuki,MARUTI.NS
2022-08-25,8397.3427734375,8735.900390625,8835.0,8680.0,8721.0,525721,Maruti Suzuki,MARUTI.NS
2022-08-26,8382.634765625,8720.599609375,8832.75,8706.2001953125,8800.0,398063,Maruti Suzuki,MARUTI.NS
2022-08-29,8491.8330078125,8834.2001953125,8859.900390625,8590.0,8602.599609375,459057,Maruti Suzuki,MARUTI.NS
2022-08-30,8730.2685546875,9082.25,9164.0,8870.0,8884.7998046875,1016312,Maruti Suzuki,MARUTI.NS
2022-09-01,8674.7578125,9024.5,9233.650390625,8941.0,8949.9501953125,888864,Maruti Suzuki,MARUTI.NS
2022-09-02,8573.9228515625,8919.599609375,9149.900390625,8902.099609375,9026.5,632909,Maruti Suzuki,MARUTI.NS
2022-09-05,8603.1923828125,8950.0498046875,9016.7998046875,8875.0,8900.0,386455,Maruti Suzuki,MARUTI.NS
2022-09-06,8544.2685546875,8888.75,9022.75,8870.0,8984.2998046875,397902,Maruti Suzuki,MARUTI.NS
2022-09-07,8444.4443359375,8784.900390625,8873.5498046875,8760.0,8864.0,496785,Maruti Suzuki,MARUTI.NS
2022-09-08,8449.970703125,8790.650390625,8885.099609375,8780.0,8829.0,428924,Maruti Suzuki,MARUTI.NS
2022-09-09,8599.2998046875,8946.0,8989.0,8730.0,8834.650390625,632296,Maruti Suzuki,MARUTI.NS
2022-09-12,8581.662109375,8927.650390625,9012.2998046875,8904.0,8969.900390625,383641,Maruti Suzuki,MARUTI.NS
2022-09-13,8580.5556640625,8926.5,8989.0498046875,8910.900390625,8972.2998046875,405093,Maruti Suzuki,MARUTI.NS
2022-09-14,8619.6787109375,8967.2001953125,9000.0,8825.7001953125,8859.849609375,509547,Maruti Suzuki,MARUTI.NS
2022-09-15,8852.828125,9209.75,9325.0,9030.0,9030.0498046875,1392132,Maruti Suzuki,MARUTI.NS
2022-09-16,8833.5078125,9189.650390625,9315.900390625,9020.0498046875,9209.5,1056382,Maruti Suzuki,MARUTI.NS
2022-09-19,8921.171875,9280.849609375,9343.4501953125,9070.0,9175.2998046875,727024,Maruti Suzuki,MARUTI.NS
2022-09-20,8940.396484375,9300.849609375,9430.0,9250.0,9339.0,747257,Maruti Suzuki,MARUTI.NS
2022-09-21,8889.5009765625,9247.900390625,9398.0,9211.4501953125,9300.0,440725,Maruti Suzuki,MARUTI.NS
2022-09-22,9037.4833984375,9401.849609375,9435.0,9186.0,9199.0,511112,Maruti Suzuki,MARUTI.NS
2022-09-23,8981.34765625,9343.4501953125,9451.0,9277.349609375,9397.9501953125,574213,Maruti Suzuki,MARUTI.NS
2022-09-26,8492.5537109375,8834.9501953125,9270.2998046875,8800.0,9270.2998046875,865432,Maruti Suzuki,MARUTI.NS
2022-09-27,8434.013671875,8774.0498046875,8908.9501953125,8670.5,8890.0,686285,Maruti Suzuki,MARUTI.NS
2022-09-28,8388.5478515625,8726.75,8850.0,8660.0498046875,8720.0,663740,Maruti Suzuki,MARUTI.NS
2022-09-29,8290.595703125,8624.849609375,8800.0,8604.099609375,8770.400390625,817007,Maruti Suzuki,MARUTI.NS
2022-09-30,8486.017578125,8828.150390625,8872.0,8558.2001953125,8668.0,658982,Maruti Suzuki,MARUTI.NS
2022-10-03,8215.7626953125,8547.0,8970.0,8510.0,8970.0,1123076,Maruti Suzuki,MARUTI.NS
2022-10-04,8353.7021484375,8690.5,8758.5498046875,8630.0,8699.0,503140,Maruti Suzuki,MARUTI.NS
2022-10-06,8365.716796875,8703.0,8825.0,8690.5,8734.0,474445,Maruti Suzuki,MARUTI.NS
2022-10-07,8438.8671875,8779.099609375,8845.599609375,8711.0,8750.0,428616,Maruti Suzuki,MARUTI.NS
2022-10-10,8518.9404296875,8862.400390625,8876.4501953125,8658.0,8675.0,411218,Maruti Suzuki,MARUTI.NS
2022-10-11,8347.5986328125,8684.150390625,8850.0,8665.0,8811.0,422610,Maruti Suzuki,MARUTI.NS
2022-10-12,8349.9521484375,8686.599609375,8720.0,8590.599609375,8698.0,380365,Maruti Suzuki,MARUTI.NS
2022-10-13,8314.3388671875,8649.5498046875,8785.4501953125,8592.0,8665.0,355605,Maruti Suzuki,MARUTI.NS
2022-10-14,8283.3388671875,8617.2998046875,8766.599609375,8606.2998046875,8760.0,274160,Maruti Suzuki,MARUTI.NS
2022-10-17,8385.7119140625,8723.7998046875,8749.7001953125,8567.0498046875,8610.0,304671,Maruti Suzuki,MARUTI.NS
2022-10-18,8466.0234375,8807.349609375,8888.25,8752.0498046875,8765.0498046875,369973,Maruti Suzuki,MARUTI.NS
2022-10-19,8381.43359375,8719.349609375,8855.0,8695.0,8851.400390625,385416,Maruti Suzuki,MARUTI.NS
2022-10-20,8369.947265625,8707.400390625,8739.2001953125,8611.0,8700.0,328270,Maruti Suzuki,MARUTI.NS
2022-10-21,8366.0048828125,8703.2998046875,8794.0,8641.0,8730.0,356203,Maruti Suzuki,MARUTI.NS
2022-10-24,8425.7470703125,8765.4501953125,8788.7998046875,8745.849609375,8788.7998046875,30052,Maruti Suzuki,MARUTI.NS
2022-10-25,8656.0146484375,9005.0,9017.0,8797.400390625,8820.0,727441,Maruti Suzuki,MARUTI.NS
2022-10-27,8691.5322265625,9041.9501953125,9076.9501953125,8902.0,9050.0,849108,Maruti Suzuki,MARUTI.NS
2022-10-28,9124.66796875,9492.5498046875,9549.9501953125,9051.0,9095.0,1873029,Maruti Suzuki,MARUTI.NS
2022-10-31,9158.3603515625,9527.599609375,9769.0,9451.099609375,9650.0,1932020,Maruti Suzuki,MARUTI.NS
2022-11-01,9088.189453125,9454.599609375,9636.900390625,9375.0,9635.0,805517,Maruti Suzuki,MARUTI.NS
2022-11-02,8871.7177734375,9229.400390625,9454.599609375,9210.0,9445.0,788679,Maruti Suzuki,MARUTI.NS
2022-11-03,8881.041015625,9239.099609375,9310.0,9164.400390625,9210.0,616860,Maruti Suzuki,MARUTI.NS
2022-11-04,8871.8134765625,9229.5,9324.0,9191.0498046875,9257.900390625,465775,Maruti Suzuki,MARUTI.NS
2022-11-07,8971.58984375,9333.2998046875,9352.7998046875,9254.2998046875,9277.0,469017,Maruti Suzuki,MARUTI.NS
2022-11-09,8894.8828125,9253.5,9480.849609375,9220.0,9480.349609375,617256,Maruti Suzuki,MARUTI.NS
2022-11-10,8744.6884765625,9097.25,9250.75,9071.0,9201.0,445700,Maruti Suzuki,MARUTI.NS
2022-11-11,8735.3642578125,9087.5498046875,9240.0,9050.0,9200.0,461074,Maruti Suzuki,MARUTI.NS
2022-11-14,8797.65234375,9152.349609375,9163.0498046875,8992.5498046875,9100.0,282822,Maruti Suzuki,MARUTI.NS
2022-11-15,8807.12109375,9162.2001953125,9203.5498046875,9130.0,9190.0,359888,Maruti Suzuki,MARUTI.NS
2022-11-16,8780.9267578125,9134.9501953125,9252.5,9099.849609375,9160.0,350737,Maruti Suzuki,MARUTI.NS
2022-11-17,8638.1826171875,8986.4501953125,9169.599609375,8970.0,9101.0,409572,Maruti Suzuki,MARUTI.NS
2022-11-18,8505.14453125,8848.0498046875,9023.9501953125,8836.0,9010.0,515615,Maruti Suzuki,MARUTI.NS
2022-11-21,8521.6318359375,8865.2001953125,8929.2001953125,8786.0,8825.0,520644,Maruti Suzuki,MARUTI.NS
2022-11-22,8529.849609375,8873.75,8934.9501953125,8859.0498046875,8875.0,455948,Maruti Suzuki,MARUTI.NS
2022-11-23,8588.24609375,8934.5,8989.0,8902.0,8940.0,621006,Maruti Suzuki,MARUTI.NS
2022-11-24,8619.58203125,8967.099609375,8994.900390625,8921.0,8968.900390625,455343,Maruti Suzuki,MARUTI.NS
2022-11-25,8669.9521484375,9019.5,9080.0,8947.5,9000.0,545439,Maruti Suzuki,MARUTI.NS
2022-11-28,8637.1748046875,8985.400390625,9104.099609375,8950.0,9028.0,439956,Maruti Suzuki,MARUTI.NS
2022-11-29,8564.8876953125,8910.2001953125,9024.75,8888.0,8985.0,606692,Maruti Suzuki,MARUTI.NS
2022-11-30,8626.359375,8974.150390625,9020.0,8870.0,8924.0,1087650,Maruti Suzuki,MARUTI.NS
2022-12-01,8610.9794921875,8958.150390625,9025.0,8930.0,9019.0498046875,694489,Maruti Suzuki,MARUTI.NS
2022-12-02,8474.193359375,8815.849609375,8928.900390625,8754.75,8820.0,971612,Maruti Suzuki,MARUTI.NS
2022-12-05,8451.31640625,8792.0498046875,8853.2001953125,8765.0,8844.0,519621,Maruti Suzuki,MARUTI.NS
2022-12-06,8379.5107421875,8717.349609375,8800.0,8694.9501953125,8777.2001953125,551379,Maruti Suzuki,MARUTI.NS
2022-12-07,8323.56640625,8659.150390625,8747.849609375,8641.0,8720.0,546450,Maruti Suzuki,MARUTI.NS
2022-12-08,8346.205078125,8682.7001953125,8711.0,8606.0498046875,8665.0,476001,Maruti Suzuki,MARUTI.NS
2022-12-09,8279.5419921875,8613.349609375,8763.75,8545.4501953125,8707.0,790406,Maruti Suzuki,MARUTI.NS
2022-12-12,8324.14453125,8659.75,8693.2998046875,8515.2998046875,8609.0,445039,Maruti Suzuki,MARUTI.NS
2022-12-13,8286.6064453125,8620.7001953125,8697.349609375,8610.0,8662.0,330236,Maruti Suzuki,MARUTI.NS
2022-12-14,8306.6962890625,8641.599609375,8677.7001953125,8596.0498046875,8650.0,343670,Maruti Suzuki,MARUTI.NS
2022-12-15,8251.47265625,8584.150390625,8673.599609375,8575.0,8641.0,472176,Maruti Suzuki,MARUTI.NS
2022-12-16,8156.93505859375,8485.7998046875,8588.0,8446.0,8559.5,624222,Maruti Suzuki,MARUTI.NS
2022-12-19,8270.408203125,8603.849609375,8621.4501953125,8451.0,8498.7998046875,464106,Maruti Suzuki,MARUTI.NS
2022-12-20,8193.990234375,8524.349609375,8584.400390625,8432.0498046875,8584.400390625,694906,Maruti Suzuki,MARUTI.NS
2022-12-21,8026.78271484375,8350.400390625,8566.9501953125,8288.2998046875,8524.349609375,800720,Maruti Suzuki,MARUTI.NS
2022-12-22,8011.353515625,8334.349609375,8384.0,8288.0,8356.650390625,580858,Maruti Suzuki,MARUTI.NS
2022-12-23,7826.07421875,8141.60009765625,8329.9501953125,8122.85009765625,8299.7001953125,503012,Maruti Suzuki,MARUTI.NS
2022-12-26,7936.80908203125,8256.7998046875,8346.0,8076.0498046875,8147.0,315102,Maruti Suzuki,MARUTI.NS
2022-12-27,7983.57470703125,8305.4501953125,8315.0,8230.7998046875,8298.9501953125,423308,Maruti Suzuki,MARUTI.NS
2022-12-28,8094.6943359375,8421.0498046875,8453.5,8287.599609375,8315.0,538632,Maruti Suzuki,MARUTI.NS
2022-12-29,8108.873046875,8435.7998046875,8449.0,8333.0,8370.0,452134,Maruti Suzuki,MARUTI.NS
2022-12-30,8069.26953125,8394.599609375,8490.0,8362.25,8470.0,433976,Maruti Suzuki,MARUTI.NS
2023-01-02,8077.63232421875,8403.2998046875,8454.0,8337.599609375,8365.0,398159,Maruti Suzuki,MARUTI.NS
2023-01-03,8057.87841796875,8382.75,8402.0,8304.150390625,8380.0,493207,Maruti Suzuki,MARUTI.NS
2023-01-04,8096.37646484375,8422.7998046875,8537.0498046875,8311.0498046875,8376.0,566744,Maruti Suzuki,MARUTI.NS
2023-01-05,8133.19091796875,8461.099609375,8475.0,8390.0498046875,8444.9501953125,417716,Maruti Suzuki,MARUTI.NS
2023-01-06,8058.166015625,8383.0498046875,8483.9501953125,8350.0,8460.0,368978,Maruti Suzuki,MARUTI.NS
2023-01-09,8052.35205078125,8377.0,8446.9501953125,8325.099609375,8424.849609375,613406,Maruti Suzuki,MARUTI.NS
2023-01-10,7971.7509765625,8293.150390625,8410.0,8262.900390625,8380.0,493677,Maruti Suzuki,MARUTI.NS
2023-01-11,7963.3876953125,8284.4501953125,8334.650390625,8249.150390625,8334.650390625,327536,Maruti Suzuki,MARUTI.NS
2023-01-12,8044.853515625,8369.2001953125,8377.0,8260.0,8315.0,283772,Maruti Suzuki,MARUTI.NS
2023-01-13,8125.79052734375,8453.400390625,8500.0498046875,8351.0,8397.0,705220,Maruti Suzuki,MARUTI.NS
2023-01-16,8055.33056640625,8380.099609375,8514.2998046875,8343.599609375,8480.0,500575,Maruti Suzuki,MARUTI.NS
2023-01-17,8150.734375,8479.349609375,8493.2998046875,8342.150390625,8409.849609375,409248,Maruti Suzuki,MARUTI.NS
2023-01-18,8164.865234375,8494.0498046875,8537.400390625,8464.2998046875,8473.0,402883,Maruti Suzuki,MARUTI.NS
2023-01-19,8172.17041015625,8501.650390625,8519.0,8456.5,8479.0,184776,Maruti Suzuki,MARUTI.NS
2023-01-20,8112.7177734375,8439.7998046875,8500.0,8412.0,8462.0498046875,346337,Maruti Suzuki,MARUTI.NS
2023-01-23,8090.89697265625,8417.099609375,8482.0,8377.900390625,8480.0,410827,Maruti Suzuki,MARUTI.NS
2023-01-24,8361.6806640625,8698.7998046875,8718.0,8417.0,8450.0,1039571,Maruti Suzuki,MARUTI.NS
2023-01-25,8443.6748046875,8784.099609375,8833.0,8680.2998046875,8747.900390625,1131883,Maruti Suzuki,MARUTI.NS
2023-01-27,8398.8798828125,8737.5,8889.0,8620.099609375,8828.4501953125,743546,Maruti Suzuki,MARUTI.NS
2023-01-30,8475.298828125,8817.0,8865.0,8718.0,8779.0,1036998,Maruti Suzuki,MARUTI.NS
2023-01-31,8550.564453125,8895.2998046875,8943.849609375,8830.2001953125,8856.900390625,643670,Maruti Suzuki,MARUTI.NS
2023-02-01,8429.0146484375,8768.849609375,9030.4501953125,8673.900390625,8937.0,707460,Maruti Suzuki,MARUTI.NS
2023-02-02,8526.390625,8870.150390625,8940.0,8751.099609375,8765.0,456995,Maruti Suzuki,MARUTI.NS
2023-02-03,8595.7431640625,8942.2998046875,8963.0,8845.150390625,8940.0,351157,Maruti Suzuki,MARUTI.NS
2023-02-06,8562.7724609375,8908.0,8936.0,8820.0,8926.9501953125,205161,Maruti Suzuki,MARUTI.NS
2023-02-07,8422.8642578125,8762.4501953125,8920.0,8752.5498046875,8908.0,318669,Maruti Suzuki,MARUTI.NS
2023-02-08,8492.3125,8834.7001953125,8854.5,8673.0498046875,8773.0,391645,Maruti Suzuki,MARUTI.NS
2023-02-09,8460.1123046875,8801.2001953125,8833.0,8700.0,8802.2998046875,392186,Maruti Suzuki,MARUTI.NS
2023-02-10,8469.8671875,8811.349609375,8875.0,8772.9501953125,8797.7998046875,276298,Maruti Suzuki,MARUTI.NS
2023-02-13,8468.04296875,8809.4501953125,8864.400390625,8755.7001953125,8787.0,253037,Maruti Suzuki,MARUTI.NS
2023-02-14,8434.3984375,8774.4501953125,8847.0,8765.0,8815.0,227030,Maruti Suzuki,MARUTI.NS
2023-02-15,8502.55078125,8845.349609375,8895.7001953125,8742.0,8774.4501953125,452568,Maruti Suzuki,MARUTI.NS
2023-02-16,8463.8603515625,8805.099609375,8880.0,8790.0,8880.0,247514,Maruti Suzuki,MARUTI.NS
2023-02-17,8466.408203125,8807.75,8874.0,8749.75,8787.0,214587,Maruti Suzuki,MARUTI.NS
2023-02-20,8356.73046875,8693.650390625,8849.0,8675.25,8807.75,298434,Maruti Suzuki,MARUTI.NS
2023-02-21,8333.8515625,8669.849609375,8720.0,8638.4501953125,8694.0,323478,Maruti Suzuki,MARUTI.NS
2023-02-22,8323.3740234375,8658.9501953125,8719.0,8585.0,8675.5,363931,Maruti Suzuki,MARUTI.NS
2023-02-23,8359.228515625,8696.25,8747.4501953125,8616.0,8693.4501953125,317544,Maruti Suzuki,MARUTI.NS
2023-02-24,8324.8642578125,8660.5,8740.0,8609.2998046875,8711.0,242982,Maruti Suzuki,MARUTI.NS
2023-02-27,8297.6611328125,8632.2001953125,8643.0498046875,8530.0,8630.0,220225,Maruti Suzuki,MARUTI.NS
2023-02-28,8290.1162109375,8624.349609375,8709.0,8605.2998046875,8650.0,370998,Maruti Suzuki,MARUTI.NS
2023-03-01,8424.498046875,8764.150390625,8776.25,8620.0,8620.0,333441,Maruti Suzuki,MARUTI.NS
2023-03-02,8217.4443359375,8548.75,8771.0,8509.099609375,8771.0,603893,Maruti Suzuki,MARUTI.NS
2023-03-03,8267.91015625,8601.25,8629.0,8550.0,8592.0498046875,437977,Maruti Suzuki,MARUTI.NS
2023-03-06,8296.9404296875,8631.4501953125,8663.0,8590.9501953125,8640.0,275417,Maruti Suzuki,MARUTI.NS
2023-03-08,8356.970703125,8693.900390625,8712.0498046875,8610.0498046875,8625.0,348171,Maruti Suzuki,MARUTI.NS
2023-03-09,8210.908203125,8541.9501953125,8737.0,8534.0498046875,8725.0,431466,Maruti Suzuki,MARUTI.NS
2023-03-10,8268.1982421875,8601.5498046875,8628.0,8480.099609375,8530.0,516128,Maruti Suzuki,MARUTI.NS
2023-03-13,8188.271484375,8518.400390625,8637.2998046875,8481.099609375,8601.5498046875,479314,Maruti Suzuki,MARUTI.NS
2023-03-14,8182.2646484375,8512.150390625,8544.9501953125,8445.0,8544.9501953125,349510,Maruti Suzuki,MARUTI.NS
2023-03-15,8146.50537109375,8474.9501953125,8704.9501953125,8440.0,8650.0,509229,Maruti Suzuki,MARUTI.NS
2023-03-16,8110.45947265625,8437.4501953125,8533.400390625,8411.0,8460.099609375,340261,Maruti Suzuki,MARUTI.NS
2023-03-17,7994.53173828125,8316.849609375,8510.9501953125,8293.5498046875,8503.0,471602,Maruti Suzuki,MARUTI.NS
2023-03-20,7901.05126953125,8219.599609375,8316.849609375,8130.0,8316.849609375,488199,Maruti Suzuki,MARUTI.NS
2023-03-21,7909.5107421875,8228.400390625,8275.0,8215.0,8245.0,287497,Maruti Suzuki,MARUTI.NS
2023-03-22,7932.58056640625,8252.400390625,8289.599609375,8217.0,8236.0,218120,Maruti Suzuki,MARUTI.NS
2023-03-23,8029.47412109375,8353.2001953125,8375.0,8232.599609375,8264.0,540553,Maruti Suzuki,MARUTI.NS
2023-03-24,7923.44873046875,8242.900390625,8386.5,8211.0,8353.2001953125,391840,Maruti Suzuki,MARUTI.NS
2023-03-27,7957.5244140625,8278.349609375,8316.7998046875,8229.5498046875,8250.0,364326,Maruti Suzuki,MARUTI.NS
2023-03-28,7890.66943359375,8208.7998046875,8355.599609375,8140.0,8305.900390625,360349,Maruti Suzuki,MARUTI.NS
2023-03-29,7973.8173828125,8295.2998046875,8319.099609375,8187.5,8249.849609375,339851,Maruti Suzuki,MARUTI.NS
2023-03-31,7970.79052734375,8292.150390625,8370.0,8257.0498046875,8325.9501953125,478757,Maruti Suzuki,MARUTI.NS
2023-04-03,8173.5166015625,8503.0498046875,8579.0,8390.349609375,8412.849609375,627265,Maruti Suzuki,MARUTI.NS
2023-04-05,8119.68701171875,8447.0498046875,8548.0,8430.0,8521.9501953125,272888,Maruti Suzuki,MARUTI.NS
2023-04-06,8186.59033203125,8516.650390625,8535.0,8377.099609375,8464.0,309551,Maruti Suzuki,MARUTI.NS
2023-04-10,8204.373046875,8535.150390625,8555.7998046875,8403.0498046875,8456.599609375,308275,Maruti Suzuki,MARUTI.NS
2023-04-11,8323.9521484375,8659.5498046875,8670.9501953125,8545.0,8580.0,409240,Maruti Suzuki,MARUTI.NS
2023-04-12,8286.9423828125,8621.0498046875,8709.9501953125,8591.0,8672.0,408458,Maruti Suzuki,MARUTI.NS
2023-04-13,8334.765625,8670.7998046875,8704.0,8620.0,8628.0498046875,480202,Maruti Suzuki,MARUTI.NS
2023-04-17,8338.4658203125,8674.650390625,8850.0,8650.0,8850.0,489356,Maruti Suzuki,MARUTI.NS
2023-04-18,8394.21875,8732.650390625,8748.7998046875,8690.0,8692.9501953125,276111,Maruti Suzuki,MARUTI.NS
2023-04-19,8343.560546875,8679.9501953125,8741.7998046875,8662.4501953125,8690.0498046875,280819,Maruti Suzuki,MARUTI.NS
2023-04-20,8376.9169921875,8714.650390625,8739.900390625,8665.150390625,8670.0,369060,Maruti Suzuki,MARUTI.NS
2023-04-21,8226.76953125,8558.4501953125,8704.0,8550.0,8679.400390625,424157,Maruti Suzuki,MARUTI.NS
2023-04-24,8138.04638671875,8466.150390625,8577.0,8444.75,8577.0,543745,Maruti Suzuki,MARUTI.NS
2023-04-25,8140.68994140625,8468.900390625,8525.0,8420.0,8510.0,906406,Maruti Suzuki,MARUTI.NS
2023-04-26,8177.2177734375,8506.900390625,8550.0,8434.900390625,8527.0,959058,Maruti Suzuki,MARUTI.NS
2023-04-27,8211.8701171875,8542.9501953125,8570.0,8471.25,8570.0,536521,Maruti Suzuki,MARUTI.NS
2023-04-28,8256.6640625,8589.5498046875,8612.4501953125,8535.099609375,8593.0,387567,Maruti Suzuki,MARUTI.NS
2023-05-02,8436.705078125,8776.849609375,8827.0,8606.0,8622.7001953125,865562,Maruti Suzuki,MARUTI.NS
2023-05-03,8456.36328125,8797.2998046875,8828.0,8715.0498046875,8770.0,537008,Maruti Suzuki,MARUTI.NS
2023-05-04,8459.5341796875,8800.599609375,8822.9501953125,8743.0,8796.650390625,271926,Maruti Suzuki,MARUTI.NS
2023-05-05,8601.84765625,8948.650390625,8988.0,8790.0,8800.599609375,951591,Maruti Suzuki,MARUTI.NS
2023-05-08,8724.501953125,9076.25,9120.9501953125,8960.0,9046.0,678780,Maruti Suzuki,MARUTI.NS
2023-05-09,8758.4345703125,9111.5498046875,9140.0,9051.849609375,9083.0,415394,Maruti Suzuki,MARUTI.NS
2023-05-10,8812.8408203125,9168.150390625,9180.0,9060.0,9128.7998046875,366827,Maruti Suzuki,MARUTI.NS
2023-05-11,8901.9970703125,9260.900390625,9315.0,9142.0498046875,9242.9501953125,644550,Maruti Suzuki,MARUTI.NS
2023-05-12,8935.1591796875,9295.400390625,9329.7998046875,9232.650390625,9260.9501953125,403028,Maruti Suzuki,MARUTI.NS
2023-05-15,8850.47265625,9207.2998046875,9307.5,9185.400390625,9242.0,259316,Maruti Suzuki,MARUTI.NS
2023-05-16,8719.7919921875,9071.349609375,9229.2998046875,9057.099609375,9219.099609375,448981,Maruti Suzuki,MARUTI.NS
2023-05-17,8765.9814453125,9119.400390625,9132.0,9032.0498046875,9080.349609375,290482,Maruti Suzuki,MARUTI.NS
2023-05-18,8702.44140625,9053.2998046875,9150.0,9044.099609375,9144.9501953125,272497,Maruti Suzuki,MARUTI.NS
2023-05-19,8753.05078125,9105.9501953125,9118.2001953125,8960.5498046875,9060.0,543472,Maruti Suzuki,MARUTI.NS
2023-05-22,8801.787109375,9156.650390625,9169.7001953125,9073.849609375,9090.0,182115,Maruti Suzuki,MARUTI.NS
2023-05-23,8844.12890625,9200.7001953125,9235.0,9156.75,9169.0,269008,Maruti Suzuki,MARUTI.NS
2023-05-24,8911.46484375,9270.75,9318.2001953125,9159.0,9168.0,470365,Maruti Suzuki,MARUTI.NS
2023-05-25,8922.134765625,9281.849609375,9293.400390625,9216.0498046875,9220.75,218979,Maruti Suzuki,MARUTI.NS
2023-05-26,9035.658203125,9399.9501953125,9415.0,9311.25,9333.0,346760,Maruti Suzuki,MARUTI.NS
2023-05-29,8971.7822265625,9333.5,9488.7998046875,9312.0498046875,9435.0,236834,Maruti Suzuki,MARUTI.NS
2023-05-30,9019.7001953125,9383.349609375,9402.900390625,9300.0,9380.0,372004,Maruti Suzuki,MARUTI.NS
2023-05-31,9004.6572265625,9367.7001953125,9449.9501953125,9267.599609375,9449.9501953125,1614766,Maruti Suzuki,MARUTI.NS
2023-06-01,8966.7841796875,9328.2998046875,9377.5498046875,9222.0,9337.5,378706,Maruti Suzuki,MARUTI.NS
2023-06-02,9117.7470703125,9485.349609375,9525.150390625,9312.7001953125,9389.0,445105,Maruti Suzuki,MARUTI.NS
2023-06-05,9210.748046875,9582.099609375,9640.0,9488.5498046875,9552.5,434649,Maruti Suzuki,MARUTI.NS
2023-06-06,9358.8759765625,9736.2001953125,9770.0,9611.0,9629.0,542318,Maruti Suzuki,MARUTI.NS
2023-06-07,9331.287109375,9707.5,9800.0,9650.5,9788.0,453747,Maruti Suzuki,MARUTI.NS
2023-06-08,9284.2822265625,9658.599609375,9765.0,9625.5,9733.0,273746,Maruti Suzuki,MARUTI.NS
2023-06-09,9254.6767578125,9627.7998046875,9713.900390625,9611.099609375,9675.5,161389,Maruti Suzuki,MARUTI.NS
2023-06-12,9180.3251953125,9550.4501953125,9700.0,9537.650390625,9625.0,316879,Maruti Suzuki,MARUTI.NS
2023-06-13,9148.65234375,9517.5,9618.0498046875,9505.650390625,9588.0,561014,Maruti Suzuki,MARUTI.NS
2023-06-14,9163.0693359375,9532.5,9599.0,9490.5,9520.0,328167,Maruti Suzuki,MARUTI.NS
2023-06-15,9223.00390625,9594.849609375,9697.7998046875,9543.0,9555.0,459978,Maruti Suzuki,MARUTI.NS
2023-06-16,9231.5107421875,9603.7001953125,9643.400390625,9552.0,9595.0498046875,682099,Maruti Suzuki,MARUTI.NS
2023-06-19,9162.58984375,9532.0,9642.150390625,9510.0,9638.0,395006,Maruti Suzuki,MARUTI.NS
2023-06-20,9124.236328125,9492.099609375,9538.900390625,9420.0,9530.0,612713,Maruti Suzuki,MARUTI.NS
2023-06-21,9074.9716796875,9440.849609375,9537.0,9396.0498046875,9502.0,356331,Maruti Suzuki,MARUTI.NS
2023-06-22,9038.63671875,9403.0498046875,9494.349609375,9373.7998046875,9439.0498046875,288487,Maruti Suzuki,MARUTI.NS
2023-06-23,8965.822265625,9327.2998046875,9427.0,9305.0,9420.0,309138,Maruti Suzuki,MARUTI.NS
2023-06-26,9103.185546875,9470.2001953125,9520.0,9300.0,9327.2998046875,405168,Maruti Suzuki,MARUTI.NS
2023-06-27,9094.3408203125,9461.0,9500.0,9395.0498046875,9490.0,339375,Maruti Suzuki,MARUTI.NS
2023-06-28,9170.9052734375,9540.650390625,9575.0,9432.5498046875,9475.4501953125,482586,Maruti Suzuki,MARUTI.NS
2023-06-30,9409.677734375,9789.0498046875,9853.5,9541.0,9569.0,845006,Maruti Suzuki,MARUTI.NS
2023-07-03,9298.1259765625,9673.0,9785.849609375,9656.5498046875,9742.0498046875,398066,Maruti Suzuki,MARUTI.NS
2023-07-04,9273.517578125,9647.400390625,9716.5,9620.0498046875,9700.0,247673,Maruti Suzuki,MARUTI.NS
2023-07-05,9605.05078125,9992.2998046875,10036.9501953125,9675.0,9697.0,815044,Maruti Suzuki,MARUTI.NS
2023-07-06,9477.3017578125,9859.400390625,10016.2998046875,9815.2001953125,9999.9501953125,652120,Maruti Suzuki,MARUTI.NS
2023-07-07,9468.505859375,9850.25,9945.0,9815.0,9854.0,457050,Maruti Suzuki,MARUTI.NS
2023-07-10,9358.9716796875,9736.2998046875,9933.349609375,9719.75,9854.0,272008,Maruti Suzuki,MARUTI.NS
2023-07-11,9516.47265625,9900.150390625,9956.849609375,9736.2998046875,9796.0,568772,Maruti Suzuki,MARUTI.NS
2023-07-12,9454.615234375,9835.7998046875,9950.0,9805.0,9895.0,552967,Maruti Suzuki,MARUTI.NS
2023-07-13,9273.6611328125,9647.5498046875,9898.9501953125,9612.0,9852.9501953125,519564,Maruti Suzuki,MARUTI.NS
2023-07-14,9231.4638671875,9603.650390625,9727.2998046875,9591.0,9701.9501953125,498441,Maruti Suzuki,MARUTI.NS
2023-07-17,9314.0341796875,9689.5498046875,9699.0,9555.0,9647.0,444583,Maruti Suzuki,MARUTI.NS
2023-07-18,9291.0615234375,9665.650390625,9766.2998046875,9601.7001953125,9710.2001953125,320985,Maruti Suzuki,MARUTI.NS
2023-07-19,9235.2109375,9607.5498046875,9666.0,9525.650390625,9651.0,450254,Maruti Suzuki,MARUTI.NS
2023-07-20,9393.76953125,9772.5,9785.0,9575.4501953125,9620.0,466813,Maruti Suzuki,MARUTI.NS
2023-07-21,9391.4140625,9770.0498046875,9845.0,9703.0,9720.0,328483,Maruti Suzuki,MARUTI.NS
2023-07-24,9319.0810546875,9694.7998046875,9815.0,9680.0,9770.0498046875,358506,Maruti Suzuki,MARUTI.NS
2023-07-25,9380.40625,9758.599609375,9774.9501953125,9616.7998046875,9624.0,240998,Maruti Suzuki,MARUTI.NS
2023-07-26,9378.2451171875,9756.349609375,9810.0,9725.25,9761.5,209861,Maruti Suzuki,MARUTI.NS
2023-07-27,9375.6015625,9753.599609375,9827.150390625,9691.650390625,9770.0,256672,Maruti Suzuki,MARUTI.NS
2023-07-28,9295.529296875,9670.2998046875,9750.0,9546.400390625,9739.0,381151,Maruti Suzuki,MARUTI.NS
2023-07-31,9440.1494140625,9820.75,9837.7001953125,9606.0,9670.2998046875,600060,Maruti Suzuki,MARUTI.NS
2023-08-01,9340.1806640625,9716.75,9892.0,9650.0498046875,9760.0,1394528,Maruti Suzuki,MARUTI.NS
2023-08-02,9279.6689453125,9653.7998046875,9793.4501953125,9520.349609375,9715.0,672815,Maruti Suzuki,MARUTI.NS
2023-08-03,9260.1669921875,9543.7001953125,9659.9501953125,9515.599609375,9598.849609375,614897,Maruti Suzuki,MARUTI.NS
2023-08-04,9189.044921875,9470.400390625,9616.0,9427.0,9560.0,540470,Maruti Suzuki,MARUTI.NS
2023-08-07,9240.857421875,9523.7998046875,9539.7998046875,9422.0,9490.0,366329,Maruti Suzuki,MARUTI.NS
2023-08-08,9259.05078125,9542.5498046875,9623.0,9505.0,9539.9501953125,430636,Maruti Suzuki,MARUTI.NS
2023-08-09,9181.9609375,9463.099609375,9540.0498046875,9417.5,9540.0,404602,Maruti Suzuki,MARUTI.NS
2023-08-10,9118.40625,9397.599609375,9500.0,9342.0498046875,9463.099609375,523490,Maruti Suzuki,MARUTI.NS
2023-08-11,9078.8671875,9356.849609375,9469.0,9344.0,9397.599609375,498504,Maruti Suzuki,MARUTI.NS
2023-08-14,9044.712890625,9321.650390625,9364.0,9257.900390625,9360.0,336864,Maruti Suzuki,MARUTI.NS
2023-08-16,9139.705078125,9419.5498046875,9437.75,9254.150390625,9334.0,336363,Maruti Suzuki,MARUTI.NS
2023-08-17,9096.76953125,9375.2998046875,9474.75,9350.0,9414.900390625,402798,Maruti Suzuki,MARUTI.NS
2023-08-18,9175.119140625,9456.0498046875,9470.0,9336.650390625,9350.0,400745,Maruti Suzuki,MARUTI.NS
2023-08-21,9158.3828125,9438.7998046875,9469.0,9413.25,9455.5498046875,375347,Maruti Suzuki,MARUTI.NS
2023-08-22,9209.90625,9491.900390625,9508.0498046875,9409.7001953125,9420.2001953125,435930,Maruti Suzuki,MARUTI.NS
2023-08-23,9315.7158203125,9600.9501953125,9640.0,9446.0,9519.0,546842,Maruti Suzuki,MARUTI.NS
2023-08-24,9289.275390625,9573.7001953125,9661.650390625,9555.0,9661.650390625,385559,Maruti Suzuki,MARUTI.NS
2023-08-25,9223.2958984375,9505.7001953125,9624.75,9485.0,9554.0,346449,Maruti Suzuki,MARUTI.NS
2023-08-28,9312.5625,9597.7001953125,9670.0,9510.0,9514.9501953125,325938,Maruti Suzuki,MARUTI.NS
2023-08-29,9335.4130859375,9621.25,9684.75,9506.0,9600.0,317224,Maruti Suzuki,MARUTI.NS
2023-08-30,9505.359375,9796.400390625,9817.9501953125,9610.0,9660.0,543634,Maruti Suzuki,MARUTI.NS
2023-08-31,9706.59765625,10003.7998046875,10065.0,9770.099609375,9770.099609375,1581818,Maruti Suzuki,MARUTI.NS
2023-09-01,10024.3193359375,10331.25,10397.9501953125,9951.349609375,9999.0,1193178,Maruti Suzuki,MARUTI.NS
2023-09-04,10054.5927734375,10362.4501953125,10467.9501953125,10286.2998046875,10401.0,819552,Maruti Suzuki,MARUTI.NS
2023-09-05,9957.22265625,10262.099609375,10412.7001953125,10245.7998046875,10350.0,507107,Maruti Suzuki,MARUTI.NS
2023-09-06,9876.447265625,10178.849609375,10260.0,10130.150390625,10260.0,663758,Maruti Suzuki,MARUTI.NS
2023-09-07,9975.3203125,10280.75,10300.900390625,10150.0,10150.0,445805,Maruti Suzuki,MARUTI.NS
2023-09-08,10025.046875,10332.0,10400.0,10300.0,10399.0,439721,Maruti Suzuki,MARUTI.NS
2023-09-11,10220.8994140625,10533.849609375,10550.0,10344.0,10345.0,598050,Maruti Suzuki,MARUTI.NS
2023-09-12,10191.5478515625,10503.599609375,10568.400390625,10405.0,10544.0,568773,Maruti Suzuki,MARUTI.NS
2023-09-13,10162.2470703125,10473.400390625,10536.400390625,10440.0,10500.0,301707,Maruti Suzuki,MARUTI.NS
2023-09-14,10176.5576171875,10488.150390625,10580.0,10431.0498046875,10465.0498046875,501196,Maruti Suzuki,MARUTI.NS
2023-09-15,10212.5556640625,10525.25,10550.0,10477.400390625,10489.2998046875,544616,Maruti Suzuki,MARUTI.NS
2023-09-18,10209.4990234375,10522.099609375,10623.650390625,10494.0498046875,10500.0498046875,430213,Maruti Suzuki,MARUTI.NS
2023-09-20,10039.3583984375,10346.75,10494.0498046875,10337.5498046875,10494.0498046875,545106,Maruti Suzuki,MARUTI.NS
2023-09-21,9978.7646484375,10284.2998046875,10345.0,10206.5,10343.0498046875,577252,Maruti Suzuki,MARUTI.NS
2023-09-22,10222.1611328125,10535.150390625,10566.75,10308.4501953125,10378.0,986206,Maruti Suzuki,MARUTI.NS
2023-09-25,10273.6357421875,10588.2001953125,10720.0,10530.0,10535.150390625,756801,Maruti Suzuki,MARUTI.NS
2023-09-26,10243.0234375,10556.650390625,10633.9501953125,10526.5498046875,10631.900390625,452503,Maruti Suzuki,MARUTI.NS
2023-09-27,10363.4365234375,10680.75,10706.0,10525.0,10550.0,458359,Maruti Suzuki,MARUTI.NS
2023-09-28,10251.4638671875,10565.349609375,10705.0,10532.0498046875,10650.5,598144,Maruti Suzuki,MARUTI.NS
2023-09-29,10295.3701171875,10610.599609375,10705.5,10510.5498046875,10541.0,481725,Maruti Suzuki,MARUTI.NS
2023-10-03,10039.5048828125,10346.900390625,10709.7998046875,10303.2998046875,10709.7998046875,623006,Maruti Suzuki,MARUTI.NS
2023-10-04,9828.90234375,10129.849609375,10283.900390625,10090.0,10283.900390625,407793,Maruti Suzuki,MARUTI.NS
2023-10-05,9906.8173828125,10210.150390625,10270.9501953125,10109.0,10181.9501953125,377196,Maruti Suzuki,MARUTI.NS
2023-10-06,9995.9853515625,10302.0498046875,10332.9501953125,10260.0,10283.0,335700,Maruti Suzuki,MARUTI.NS
2023-10-09,9940.4375,10244.7998046875,10334.400390625,10183.9501953125,10250.0,230083,Maruti Suzuki,MARUTI.NS
2023-10-10,10066.76953125,10375.0,10417.0,10270.099609375,10290.0,348342,Maruti Suzuki,MARUTI.NS
2023-10-11,10102.7666015625,10412.099609375,10440.0,10340.0498046875,10349.9501953125,193526,Maruti Suzuki,MARUTI.NS
2023-10-12,10266.552734375,10580.900390625,10624.5498046875,10420.2001953125,10460.0,569237,Maruti Suzuki,MARUTI.NS
2023-10-13,10408.8466796875,10727.5498046875,10745.0498046875,10529.7998046875,10534.0498046875,625954,Maruti Suzuki,MARUTI.NS
2023-10-16,10386.48046875,10704.5,10810.849609375,10665.0,10729.9501953125,304196,Maruti Suzuki,MARUTI.NS
2023-10-17,10431.4052734375,10750.7998046875,10797.849609375,10565.2998046875,10730.0,474718,Maruti Suzuki,MARUTI.NS
2023-10-18,10467.9365234375,10788.4501953125,10809.849609375,10711.0498046875,10755.0,267435,Maruti Suzuki,MARUTI.NS
2023-10-19,10451.68359375,10771.7001953125,10798.7001953125,10700.0,10700.0,286284,Maruti Suzuki,MARUTI.NS
2023-10-20,10407.0029296875,10725.650390625,10799.0,10695.7001953125,10763.099609375,232512,Maruti Suzuki,MARUTI.NS
2023-10-23,10240.1123046875,10553.650390625,10724.650390625,10530.4501953125,10681.0,227925,Maruti Suzuki,MARUTI.NS
2023-10-25,10274.265625,10588.849609375,10647.4501953125,10501.599609375,10520.0,401105,Maruti Suzuki,MARUTI.NS
2023-10-26,10114.4599609375,10424.150390625,10594.0,10392.5,10539.0,506129,Maruti Suzuki,MARUTI.NS
2023-10-27,10246.953125,10560.7001953125,10845.0,10440.0,10440.0498046875,1116713,Maruti Suzuki,MARUTI.NS
2023-10-30,10088.794921875,10397.7001953125,10700.0,10245.0,10700.0,991168,Maruti Suzuki,MARUTI.NS
2023-10-31,10083.5556640625,10392.2998046875,10490.0,10321.0,10490.0,439996,Maruti Suzuki,MARUTI.NS
2023-11-01,9923.8935546875,10227.75,10422.2001953125,10188.650390625,10390.099609375,699116,Maruti Suzuki,MARUTI.NS
2023-11-02,9997.4912109375,10303.599609375,10345.0,10201.0,10290.2998046875,569194,Maruti Suzuki,MARUTI.NS
2023-11-03,9971.0009765625,10276.2998046875,10370.0,10241.0,10318.0,517582,Maruti Suzuki,MARUTI.NS
2023-11-06,9979.296875,10284.849609375,10338.9501953125,10252.0,10338.9501953125,490459,Maruti Suzuki,MARUTI.NS
2023-11-07,9948.685546875,10253.2998046875,10326.0,10235.849609375,10300.0,264935,Maruti Suzuki,MARUTI.NS
2023-11-08,10015.6337890625,10322.2998046875,10340.4501953125,10260.599609375,10320.0,287006,Maruti Suzuki,MARUTI.NS
2023-11-09,10091.3671875,10400.349609375,10449.599609375,10316.75,10349.9501953125,310536,Maruti Suzuki,MARUTI.NS
2023-11-10,10080.1591796875,10388.7998046875,10416.400390625,10320.0,10375.0,206395,Maruti Suzuki,MARUTI.NS
2023-11-13,10089.474609375,10398.400390625,10429.0,10363.650390625,10429.0,261891,Maruti Suzuki,MARUTI.NS
2023-11-15,10145.412109375,10456.0498046875,10497.0,10375.0498046875,10497.0,436538,Maruti Suzuki,MARUTI.NS
2023-11-16,10173.0166015625,10484.5,10543.7001953125,10409.2001953125,10480.0,488715,Maruti Suzuki,MARUTI.NS
2023-11-17,10210.8583984375,10523.5,10606.7998046875,10499.150390625,10500.0,403772,Maruti Suzuki,MARUTI.NS
2023-11-20,10252.337890625,10566.25,10593.349609375,10500.0,10500.0,234246,Maruti Suzuki,MARUTI.NS
2023-11-21,10222.1611328125,10535.150390625,10619.0,10500.0,10619.0,312242,Maruti Suzuki,MARUTI.NS
2023-11-22,10182.767578125,10494.5498046875,10551.25,10420.0,10550.0,378891,Maruti Suzuki,MARUTI.NS
2023-11-23,10176.8974609375,10488.5,10525.0,10394.0498046875,10487.7998046875,453820,Maruti Suzuki,MARUTI.NS
2023-11-24,10203.2412109375,10515.650390625,10566.5,10462.0,10505.9501953125,380306,Maruti Suzuki,MARUTI.NS
2023-11-28,10224.490234375,10537.5498046875,10556.400390625,10506.0,10539.9501953125,268026,Maruti Suzuki,MARUTI.NS
2023-11-29,10284.357421875,10599.25,10634.5498046875,10525.7001953125,10570.0,343341,Maruti Suzuki,MARUTI.NS
2023-11-30,10293.52734375,10608.7001953125,10649.0,10546.099609375,10581.0,665660,Maruti Suzuki,MARUTI.NS
2023-12-01,10271.2099609375,10585.7001953125,10759.0,10533.0498046875,10608.0,591519,Maruti Suzuki,MARUTI.NS
2023-12-04,10284.5517578125,10599.4501953125,10695.099609375,10425.0,10695.0,625235,Maruti Suzuki,MARUTI.NS
2023-12-05,10403.3642578125,10721.900390625,10770.0,10563.400390625,10650.900390625,580996,Maruti Suzuki,MARUTI.NS
2023-12-06,10310.0693359375,10625.75,10748.9501953125,10590.0,10721.900390625,464163,Maruti Suzuki,MARUTI.NS
2023-12-07,10378.8642578125,10696.650390625,10932.849609375,10635.0,10790.0,704413,Maruti Suzuki,MARUTI.NS
2023-12-08,10303.083984375,10618.5498046875,10748.0,10551.0,10730.0,548373,Maruti Suzuki,MARUTI.NS
2023-12-11,10228.56640625,10541.75,10638.0,10500.0498046875,10630.0,579749,Maruti Suzuki,MARUTI.NS
2023-12-12,10031.2578125,10338.400390625,10624.0,10301.099609375,10620.0,1088687,Maruti Suzuki,MARUTI.NS
2023-12-13,10071.6689453125,10380.0498046875,10412.900390625,10260.0,10360.0,603469,Maruti Suzuki,MARUTI.NS
2023-12-14,10045.6171875,10353.2001953125,10495.0,10312.2998046875,10440.0,635475,Maruti Suzuki,MARUTI.NS
2023-12-15,9980.8017578125,10286.400390625,10476.75,9832.599609375,10459.0,1244681,Maruti Suzuki,MARUTI.NS
2023-12-18,10013.0146484375,10319.599609375,10350.900390625,10226.2001953125,10295.0,652498,Maruti Suzuki,MARUTI.NS
2023-12-19,9929.5703125,10233.599609375,10377.0,10206.2001953125,10319.599609375,585734,Maruti Suzuki,MARUTI.NS
2023-12-20,9781.7470703125,10081.25,10309.0498046875,9990.0,10240.0,964051,Maruti Suzuki,MARUTI.NS
2023-12-21,9715.3779296875,10012.849609375,10099.25,9900.0,10000.0,739806,Maruti Suzuki,MARUTI.NS
2023-12-22,9913.6103515625,10217.150390625,10318.2998046875,10030.0,10050.0,652545,Maruti Suzuki,MARUTI.NS
2023-12-26,9965.51953125,10270.650390625,10281.2001953125,10114.7001953125,10270.0,395273,Maruti Suzuki,MARUTI.NS
2023-12-27,9982.83984375,10288.5,10305.349609375,10230.0,10286.0,397675,Maruti Suzuki,MARUTI.NS
2023-12-28,9966.4404296875,10271.599609375,10310.9501953125,10187.0,10310.9501953125,584234,Maruti Suzuki,MARUTI.NS
2023-12-29,9996.27734375,10302.349609375,10396.650390625,10273.0,10280.4501953125,705227,Maruti Suzuki,MARUTI.NS
2024-01-01,9977.7939453125,10283.2998046875,10345.0,10214.650390625,10345.0,411724,Maruti Suzuki,MARUTI.NS
2024-01-02,9894.78515625,10197.75,10294.7001953125,10151.0498046875,10283.2998046875,776837,Maruti Suzuki,MARUTI.NS
2024-01-03,9778.2548828125,10077.650390625,10210.0,10065.0,10200.0,521046,Maruti Suzuki,MARUTI.NS
2024-01-04,9717.755859375,10015.2998046875,10120.0,9985.5498046875,10100.0,711733,Maruti Suzuki,MARUTI.NS
2024-01-05,9719.40625,10017.0,10075.0,9970.0,10010.650390625,673131,Maruti Suzuki,MARUTI.NS
2024-01-08,9651.193359375,9946.7001953125,10128.9501953125,9911.900390625,10005.0,600153,Maruti Suzuki,MARUTI.NS
2024-01-09,9726.2939453125,10024.099609375,10042.650390625,9890.0,9975.0,666469,Maruti Suzuki,MARUTI.NS
2024-01-10,9712.8076171875,10010.2001953125,10050.75,9950.0,10049.9501953125,481699,Maruti Suzuki,MARUTI.NS
2024-01-11,9713.6806640625,10011.099609375,10124.099609375,10000.0,10025.099609375,1024815,Maruti Suzuki,MARUTI.NS
2024-01-12,9669.5810546875,9965.650390625,10044.9501953125,9935.9501953125,10025.0,850190,Maruti Suzuki,MARUTI.NS
2024-01-15,9787.228515625,10086.900390625,10098.7998046875,9948.0,9985.099609375,463380,Maruti Suzuki,MARUTI.NS
2024-01-16,9881.0068359375,10183.5498046875,10240.0,10060.0,10086.849609375,536823,Maruti Suzuki,MARUTI.NS
2024-01-17,9753.0751953125,10051.7001953125,10161.7998046875,9996.4501953125,10124.0,610250,Maruti Suzuki,MARUTI.NS
2024-01-18,9629.6533203125,9924.5,10050.0,9737.650390625,9946.0498046875,614860,Maruti Suzuki,MARUTI.NS
2024-01-19,9739.490234375,10037.7001953125,10051.650390625,9949.0498046875,9960.0,377018,Maruti Suzuki,MARUTI.NS
2024-01-23,9567.5068359375,9860.4501953125,9973.0,9832.099609375,9862.0,956269,Maruti Suzuki,MARUTI.NS
2024-01-24,9691.4609375,9988.2001953125,10000.0,9755.0,9860.0,459092,Maruti Suzuki,MARUTI.NS
2024-01-25,9587.4462890625,9881.0,9999.7998046875,9816.5498046875,9988.2001953125,718817,Maruti Suzuki,MARUTI.NS
2024-01-29,9694.56640625,9991.400390625,10035.0,9875.0498046875,9931.150390625,446516,Maruti Suzuki,MARUTI.NS
2024-01-30,9655.9970703125,9951.650390625,10033.5,9931.5,10010.849609375,399869,Maruti Suzuki,MARUTI.NS
2024-01-31,9884.2578125,10186.900390625,10235.599609375,9913.0,9959.2998046875,997024,Maruti Suzuki,MARUTI.NS
2024-02-01,10321.908203125,10637.9501953125,10699.7998046875,10204.0,10210.0,1869594,Maruti Suzuki,MARUTI.NS
2024-02-02,10338.8876953125,10655.4501953125,10711.599609375,10540.400390625,10598.0,814940,Maruti Suzuki,MARUTI.NS
2024-02-05,10118.7275390625,10428.5498046875,10759.9501953125,10400.0,10602.0,365105,Maruti Suzuki,MARUTI.NS
2024-02-06,10522.6611328125,10844.849609375,10856.75,10458.0,10499.9501953125,829040,Maruti Suzuki,MARUTI.NS
2024-02-07,10610.8125,10935.7001953125,10973.5,10786.7998046875,10860.0,560808,Maruti Suzuki,MARUTI.NS
2024-02-08,10424.7099609375,10743.900390625,10951.0,10689.9501953125,10951.0,557082,Maruti Suzuki,MARUTI.NS
2024-02-09,10413.98828125,10732.849609375,10770.0,10611.099609375,10711.25,645489,Maruti Suzuki,MARUTI.NS
2024-02-12,10391.5263671875,10709.7001953125,10748.9501953125,10650.0498046875,10700.0,190655,Maruti Suzuki,MARUTI.NS
2024-02-13,10473.806640625,10794.5,10830.0,10640.150390625,10730.0,397979,Maruti Suzuki,MARUTI.NS
2024-02-14,10700.3212890625,11027.9501953125,11050.0,10703.400390625,10705.0,354676,Maruti Suzuki,MARUTI.NS
2024-02-15,10760.76953125,11090.25,11133.0,10980.0,11040.0,447248,Maruti Suzuki,MARUTI.NS
2024-02-16,11042.2998046875,11380.400390625,11480.0,11098.0,11120.0,716486,Maruti Suzuki,MARUTI.NS
2024-02-19,11142.19140625,11483.349609375,11613.0498046875,11333.0498046875,11380.400390625,581383,Maruti Suzuki,MARUTI.NS
2024-02-20,11106.3876953125,11446.4501953125,11479.9501953125,11315.849609375,11440.0,355044,Maruti Suzuki,MARUTI.NS
2024-02-21,11125.2099609375,11465.849609375,11521.0,11370.0,11456.0,348461,Maruti Suzuki,MARUTI.NS
2024-02-22,11311.4580078125,11657.7998046875,11695.0,11391.25,11500.0,584406,Maruti Suzuki,MARUTI.NS
2024-02-23,11192.888671875,11535.599609375,11720.0,11475.2001953125,11704.9501953125,472884,Maruti Suzuki,MARUTI.NS
2024-02-26,11126.3271484375,11467.0,11533.9501953125,11416.4501953125,11505.0,277700,Maruti Suzuki,MARUTI.NS
2024-02-27,11158.9775390625,11500.650390625,11562.900390625,11384.25,11415.0,307585,Maruti Suzuki,MARUTI.NS
2024-02-28,10821.4619140625,11152.7998046875,11498.9501953125,11130.0,11471.0,358812,Maruti Suzuki,MARUTI.NS
2024-02-29,10952.984375,11288.349609375,11349.0,11129.5,11155.0,943841,Maruti Suzuki,MARUTI.NS
2024-03-01,11275.7041015625,11620.9501953125,11675.0,11295.0,11295.0,487355,Maruti Suzuki,MARUTI.NS
2024-03-04,11249.7001953125,11594.150390625,11677.2998046875,11544.150390625,11600.0,369936,Maruti Suzuki,MARUTI.NS
2024-03-05,11323.8779296875,11670.599609375,11730.0,11561.7998046875,11596.0498046875,320702,Maruti Suzuki,MARUTI.NS
2024-03-06,11223.4052734375,11567.0498046875,11679.0,11518.400390625,11670.599609375,639542,Maruti Suzuki,MARUTI.NS
2024-03-07,11168.09765625,11510.0498046875,11633.5,11421.150390625,11571.0498046875,255325,Maruti Suzuki,MARUTI.NS
2024-03-11,11057.0,11395.5498046875,11555.900390625,11350.0498046875,11515.150390625,525344,Maruti Suzuki,MARUTI.NS
2024-03-12,11167.953125,11509.900390625,11575.900390625,11381.0,11400.0,283816,Maruti Suzuki,MARUTI.NS
2024-03-13,11051.76171875,11390.150390625,11554.849609375,11267.599609375,11510.0,385204,Maruti Suzuki,MARUTI.NS
2024-03-14,11065.78125,11404.599609375,11460.0,11302.0498046875,11401.75,523058,Maruti Suzuki,MARUTI.NS
2024-03-15,11135.69140625,11476.650390625,11521.0498046875,11314.0498046875,11380.0,972333,Maruti Suzuki,MARUTI.NS
2024-03-18,11290.59765625,11636.2998046875,11665.400390625,11366.2998046875,11436.650390625,311049,Maruti Suzuki,MARUTI.NS
2024-03-19,11252.5126953125,11597.0498046875,11679.9501953125,11456.150390625,11542.099609375,409259,Maruti Suzuki,MARUTI.NS
2024-03-20,11586.3916015625,11941.150390625,12025.0,11651.150390625,11651.150390625,1031037,Maruti Suzuki,MARUTI.NS
2024-03-21,11554.3720703125,11908.150390625,12000.0,11825.349609375,11999.0,544311,Maruti Suzuki,MARUTI.NS
2024-03-22,11971.16015625,12337.7001953125,12427.2998046875,11890.0498046875,11890.0498046875,1062263,Maruti Suzuki,MARUTI.NS
2024-03-26,11886.5986328125,12250.5498046875,12321.900390625,12141.2001953125,12285.5498046875,507568,Maruti Suzuki,MARUTI.NS
2024-03-27,12138.6806640625,12510.349609375,12722.7001953125,12285.7001953125,12290.0,878986,Maruti Suzuki,MARUTI.NS
2024-03-28,12226.005859375,12600.349609375,12726.7998046875,12385.5,12569.9501953125,860324,Maruti Suzuki,MARUTI.NS
2024-04-01,12196.169921875,12569.599609375,12689.0,12506.150390625,12613.349609375,314676,Maruti Suzuki,MARUTI.NS
2024-04-02,12179.5302734375,12552.4501953125,12648.0,12462.25,12624.9501953125,333508,Maruti Suzuki,MARUTI.NS
2024-04-03,12058.630859375,12427.849609375,12525.5,12412.5498046875,12450.0,271935,Maruti Suzuki,MARUTI.NS
2024-04-04,12193.8896484375,12567.25,12649.0,12318.0498046875,12490.0,491166,Maruti Suzuki,MARUTI.NS
2024-04-05,12052.56640625,12421.599609375,12557.900390625,12384.5,12492.0,231600,Maruti Suzuki,MARUTI.NS
2024-04-08,12482.890625,12865.099609375,12927.650390625,12450.0,12450.0,570422,Maruti Suzuki,MARUTI.NS
2024-04-09,12505.1103515625,12888.0,12985.7001953125,12780.0,12865.099609375,314466,Maruti Suzuki,MARUTI.NS
2024-04-10,12305.958984375,12682.75,12958.0,12600.900390625,12933.0,464239,Maruti Suzuki,MARUTI.NS
2024-04-12,11902.1240234375,12266.5498046875,12660.0,12225.0,12660.0,973366,Maruti Suzuki,MARUTI.NS
2024-04-15,12053.779296875,12422.849609375,12510.0,12032.9501953125,12199.5,831257,Maruti Suzuki,MARUTI.NS
2024-04-16,12131.2578125,12502.7001953125,12549.900390625,12275.349609375,12308.0,579183,Maruti Suzuki,MARUTI.NS
2024-04-18,12036.4599609375,12405.0,12602.0,12320.0498046875,12570.0,679117,Maruti Suzuki,MARUTI.NS
2024-04-19,12333.3203125,12710.9501953125,12759.400390625,12225.0,12399.900390625,635535,Maruti Suzuki,MARUTI.NS
2024-04-22,12405.6552734375,12785.5,12879.150390625,12659.0,12783.150390625,342212,Maruti Suzuki,MARUTI.NS
2024-04-23,12610.14453125,12996.25,13024.5,12776.2998046875,12845.0,397281,Maruti Suzuki,MARUTI.NS
2024-04-24,12559.4951171875,12944.0498046875,13073.9501953125,12900.0,13000.0,296364,Maruti Suzuki,MARUTI.NS
2024-04-25,12538.5859375,12922.5,12980.7001953125,12740.349609375,12964.0,640725,Maruti Suzuki,MARUTI.NS
2024-04-26,12325.9462890625,12703.349609375,13045.0,12660.0,12922.0,704626,Maruti Suzuki,MARUTI.NS
2024-04-29,12312.84765625,12689.849609375,12994.7998046875,12603.0,12800.0498046875,613937,Maruti Suzuki,MARUTI.NS
2024-04-30,12436.7060546875,12817.5,12996.0,12740.2001953125,12786.0,528776,Maruti Suzuki,MARUTI.NS
2024-05-02,12424.916015625,12805.349609375,12844.150390625,12514.7998046875,12750.0,814923,Maruti Suzuki,MARUTI.NS
2024-05-03,12121.021484375,12492.150390625,12830.0,12411.400390625,12817.9501953125,834990,Maruti Suzuki,MARUTI.NS
2024-05-06,12069.7412109375,12439.2998046875,12646.400390625,12372.5,12550.0,342231,Maruti Suzuki,MARUTI.NS
2024-05-07,11996.7265625,12364.0498046875,12508.5,12239.0,12472.400390625,604375,Maruti Suzuki,MARUTI.NS
2024-05-08,12170.8935546875,12543.5498046875,12559.9501953125,12325.0,12392.0,399669,Maruti Suzuki,MARUTI.NS
2024-05-09,12133.150390625,12504.650390625,12739.7998046875,12436.75,12540.0,504590,Maruti Suzuki,MARUTI.NS
2024-05-10,12298.923828125,12675.5,12696.9501953125,12501.0,12505.0,328670,Maruti Suzuki,MARUTI.NS
2024-05-13,12297.322265625,12673.849609375,12708.400390625,12477.5498046875,12660.0,281421,Maruti Suzuki,MARUTI.NS
2024-05-14,12433.50390625,12814.2001953125,12840.0,12651.400390625,12673.849609375,331037,Maruti Suzuki,MARUTI.NS
2024-05-15,12387.9970703125,12767.2998046875,12872.400390625,12700.0,12820.0,232030,Maruti Suzuki,MARUTI.NS
2024-05-16,12126.3583984375,12497.650390625,12848.0,12300.0,12848.0,914201,Maruti Suzuki,MARUTI.NS
2024-05-17,12265.9345703125,12641.5,12665.900390625,12322.2998046875,12515.150390625,809226,Maruti Suzuki,MARUTI.NS
2024-05-21,12102.7314453125,12473.2998046875,12678.900390625,12441.7998046875,12600.150390625,443136,Maruti Suzuki,MARUTI.NS
2024-05-22,12159.0556640625,12531.349609375,12563.0,12363.099609375,12427.7998046875,280015,Maruti Suzuki,MARUTI.NS
2024-05-23,12550.6181640625,12934.900390625,12975.099609375,12473.0498046875,12566.0498046875,768732,Maruti Suzuki,MARUTI.NS
2024-05-24,12614.220703125,13000.4501953125,13034.0,12811.0,12865.0,624801,Maruti Suzuki,MARUTI.NS
2024-05-27,12522.6728515625,12906.099609375,13058.5,12777.0,13023.4501953125,464953,Maruti Suzuki,MARUTI.NS
2024-05-28,12437.7724609375,12818.599609375,12985.9501953125,12800.25,12890.0,333806,Maruti Suzuki,MARUTI.NS
2024-05-29,12408.712890625,12788.650390625,12850.0498046875,12750.0,12818.0,353706,Maruti Suzuki,MARUTI.NS
2024-05-30,12223.7265625,12598.0,12810.0,12550.0,12721.0,524559,Maruti Suzuki,MARUTI.NS
2024-05-31,12030.9296875,12399.2998046875,12633.349609375,12330.0,12598.0,908304,Maruti Suzuki,MARUTI.NS
2024-06-03,12105.4970703125,12476.150390625,12825.0,12402.5498046875,12825.0,485936,Maruti Suzuki,MARUTI.NS
2024-06-04,11814.3125,12176.0498046875,12597.2001953125,11561.4501953125,12596.599609375,825928,Maruti Suzuki,MARUTI.NS
2024-06-05,12131.16015625,12502.599609375,12614.099609375,12125.099609375,12180.0,447581,Maruti Suzuki,MARUTI.NS
2024-06-06,12296.9833984375,12673.5,12690.0,12468.0,12511.5498046875,447536,Maruti Suzuki,MARUTI.NS
2024-06-07,12430.3017578125,12810.900390625,12828.0,12582.349609375,12582.349609375,532480,Maruti Suzuki,MARUTI.NS
2024-06-10,12339.7236328125,12717.5498046875,12920.0,12627.900390625,12765.150390625,293471,Maruti Suzuki,MARUTI.NS
2024-06-11,12481.484375,12863.650390625,12939.5498046875,12655.2001953125,12743.5,358807,Maruti Suzuki,MARUTI.NS
2024-06-12,12467.6083984375,12849.349609375,12951.599609375,12802.0,12863.650390625,302719,Maruti Suzuki,MARUTI.NS
2024-06-13,12465.1826171875,12846.849609375,12940.0,12739.599609375,12940.0,297240,Maruti Suzuki,MARUTI.NS
2024-06-14,12463.5830078125,12845.2001953125,12895.0,12778.7998046875,12831.5,216967,Maruti Suzuki,MARUTI.NS
2024-06-18,12187.77734375,12560.9501953125,12880.0,12542.0498046875,12878.400390625,823306,Maruti Suzuki,MARUTI.NS
2024-06-19,11878.400390625,12242.099609375,12625.0,12200.0,12610.0,694871,Maruti Suzuki,MARUTI.NS
2024-06-20,11788.5517578125,12149.5,12305.5,12135.0,12246.0,907751,Maruti Suzuki,MARUTI.NS
2024-06-21,11839.0068359375,12201.5,12366.25,12083.5,12220.0,947800,Maruti Suzuki,MARUTI.NS
2024-06-24,11821.443359375,12183.400390625,12289.0,12041.0,12181.0,550862,Maruti Suzuki,MARUTI.NS
2024-06-25,11756.6279296875,12116.599609375,12237.7998046875,12072.0498046875,12201.400390625,594272,Maruti Suzuki,MARUTI.NS
2024-06-26,11835.8525390625,12198.25,12323.849609375,12067.7001953125,12117.0,447931,Maruti Suzuki,MARUTI.NS
2024-06-27,11816.9326171875,12178.75,12227.2998046875,12010.0,12200.0,1230852,Maruti Suzuki,MARUTI.NS
2024-06-28,11676.3369140625,12033.849609375,12201.5,12004.150390625,12184.9501953125,1160395,Maruti Suzuki,MARUTI.NS
2024-07-01,11748.9140625,12108.650390625,12260.0,12005.5498046875,12045.0,1134926,Maruti Suzuki,MARUTI.NS
2024-07-02,11684.826171875,12042.599609375,12149.9501953125,11995.0,12149.9501953125,687181,Maruti Suzuki,MARUTI.NS
2024-07-03,11763.4697265625,12123.650390625,12150.0,11960.0,12115.0,467532,Maruti Suzuki,MARUTI.NS
2024-07-04,11730.4296875,12089.599609375,12210.0,12071.7998046875,12135.0,299684,Maruti Suzuki,MARUTI.NS
2024-07-05,11744.451171875,12104.0498046875,12137.4501953125,12021.900390625,12069.150390625,406926,Maruti Suzuki,MARUTI.NS
2024-07-08,11666.390625,12023.599609375,12112.0,11966.0,12104.0,496933,Maruti Suzuki,MARUTI.NS
2024-07-09,12446.6025390625,12827.7001953125,12959.9501953125,12264.0498046875,12325.0,2114130,Maruti Suzuki,MARUTI.NS
2024-07-10,12393.3330078125,12772.7998046875,13300.0,12732.650390625,12950.0498046875,2070520,Maruti Suzuki,MARUTI.NS
2024-07-11,12337.4453125,12715.2001953125,12923.7998046875,12695.0498046875,12800.0,608983,Maruti Suzuki,MARUTI.NS
2024-07-12,12189.28125,12562.5,12669.900390625,12475.0,12620.0,674746,Maruti Suzuki,MARUTI.NS
2024-07-15,12268.3115234375,12643.9501953125,12768.5,12590.0,12600.0,697186,Maruti Suzuki,MARUTI.NS
2024-07-16,12264.04296875,12639.5498046875,12798.0,12581.75,12643.0,347810,Maruti Suzuki,MARUTI.NS
2024-07-18,12268.408203125,12644.0498046875,12680.0,12463.0,12633.0,391216,Maruti Suzuki,MARUTI.NS
2024-07-19,12152.216796875,12524.2998046875,12710.0,12496.4501953125,12650.0,351955,Maruti Suzuki,MARUTI.NS
2024-07-22,12265.69140625,12641.25,12658.9501953125,12400.0498046875,12500.0,249631,Maruti Suzuki,MARUTI.NS
2024-07-23,12253.853515625,12629.0498046875,12734.9501953125,12360.0,12720.0,332258,Maruti Suzuki,MARUTI.NS
2024-07-24,12116.2666015625,12487.25,12663.2001953125,12458.2001953125,12634.0,285860,Maruti Suzuki,MARUTI.NS
2024-07-25,12137.5654296875,12509.2001953125,12525.0,12388.0498046875,12388.0498046875,396789,Maruti Suzuki,MARUTI.NS
2024-07-26,12287.474609375,12663.7001953125,12743.099609375,12389.2001953125,12470.0,537693,Maruti Suzuki,MARUTI.NS
2024-07-29,12372.7138671875,12751.5498046875,12773.7001953125,12603.0,12709.0,388263,Maruti Suzuki,MARUTI.NS
2024-07-30,12491.1884765625,12873.650390625,12968.7998046875,12709.900390625,12760.0,526539,Maruti Suzuki,MARUTI.NS
2024-07-31,12726.142578125,13115.7998046875,13375.0,12895.150390625,12980.0,836405,Maruti Suzuki,MARUTI.NS
2024-08-01,12962.1669921875,13359.0498046875,13680.0,13112.0,13393.0,2040384,Maruti Suzuki,MARUTI.NS
2024-08-02,12464.9462890625,12726.400390625,13174.900390625,12673.0498046875,13126.0,1333355,Maruti Suzuki,MARUTI.NS
2024-08-05,11950.1923828125,12200.849609375,12490.0,12027.650390625,12490.0,1131415,Maruti Suzuki,MARUTI.NS
2024-08-06,11881.8759765625,12131.099609375,12554.900390625,12110.0,12390.0,623565,Maruti Suzuki,MARUTI.NS
2024-08-07,12117.3369140625,12371.5,12450.0,12265.900390625,12399.0,433514,Maruti Suzuki,MARUTI.NS
2024-08-08,11967.8232421875,12218.849609375,12392.7001953125,12152.150390625,12371.0,358577,Maruti Suzuki,MARUTI.NS
2024-08-09,11973.0634765625,12224.2001953125,12390.0,12195.099609375,12390.0,320211,Maruti Suzuki,MARUTI.NS
2024-08-12,12021.10546875,12273.25,12370.0,12100.0,12200.0,291212,Maruti Suzuki,MARUTI.NS
2024-08-13,11926.0986328125,12176.25,12340.0498046875,12122.0,12337.0,464483,Maruti Suzuki,MARUTI.NS
2024-08-14,11954.89453125,12205.650390625,12239.0,12130.0,12239.0,449827,Maruti Suzuki,MARUTI.NS
2024-08-16,11962.3876953125,12213.2998046875,12343.9501953125,12111.0,12314.9501953125,552732,Maruti Suzuki,MARUTI.NS
2024-08-19,11900.19140625,12149.7998046875,12244.0498046875,12126.7998046875,12195.0,277319,Maruti Suzuki,MARUTI.NS
2024-08-20,11964.0029296875,12214.9501953125,12310.0,12150.099609375,12160.5,471927,Maruti Suzuki,MARUTI.NS
2024-08-21,11969.880859375,12220.9501953125,12248.9501953125,12177.0498046875,12214.9501953125,295984,Maruti Suzuki,MARUTI.NS
2024-08-22,12024.1416015625,12276.349609375,12325.0,12181.0,12280.0,501316,Maruti Suzuki,MARUTI.NS
2024-08-23,12049.55859375,12302.2998046875,12375.0498046875,12254.400390625,12300.0,440809,Maruti Suzuki,MARUTI.NS
2024-08-26,11992.2607421875,12243.7998046875,12334.5,12222.0,12325.0,232805,Maruti Suzuki,MARUTI.NS
2024-08-27,12240.1611328125,12496.900390625,12530.0,12225.099609375,12245.0,477609,Maruti Suzuki,MARUTI.NS
2024-08-28,12103.6240234375,12357.5,12519.9501953125,12330.0,12500.0,313227,Maruti Suzuki,MARUTI.NS
2024-08-29,12197.9462890625,12453.7998046875,12480.0,12250.0,12343.0,608598,Maruti Suzuki,MARUTI.NS
2024-08-30,12148.1904296875,12403.0,12570.0,12316.2001953125,12460.0,2271179,Maruti Suzuki,MARUTI.NS
2024-09-02,12172.0888671875,12427.400390625,12525.0,12350.400390625,12373.0,331514,Maruti Suzuki,MARUTI.NS
2024-09-03,12142.41015625,12397.099609375,12474.2998046875,12359.900390625,12474.0,445514,Maruti Suzuki,MARUTI.NS
2024-09-04,12082.810546875,12336.25,12398.0,12234.099609375,12325.0498046875,735076,Maruti Suzuki,MARUTI.NS
2024-09-05,12045.9345703125,12298.599609375,12370.0,12230.0,12337.0,595865,Maruti Suzuki,MARUTI.NS
2024-09-06,11935.794921875,12186.150390625,12304.849609375,12094.7001953125,12250.0,733354,Maruti Suzuki,MARUTI.NS
2024-09-09,11896.224609375,12145.75,12219.849609375,12102.0,12197.5,415790,Maruti Suzuki,MARUTI.NS
2024-09-10,12011.4580078125,12263.400390625,12288.0498046875,12098.0,12150.099609375,285122,Maruti Suzuki,MARUTI.NS
2024-09-11,11991.0849609375,12242.599609375,12334.0,12165.0,12260.0,349799,Maruti Suzuki,MARUTI.NS
2024-09-12,12146.083984375,12400.849609375,12427.0,12151.349609375,12262.099609375,547830,Maruti Suzuki,MARUTI.NS
2024-09-13,12063.0263671875,12316.0498046875,12395.0,12291.0498046875,12365.0,361093,Maruti Suzuki,MARUTI.NS
2024-09-16,12036.5322265625,12289.0,12364.0,12256.0,12321.9501953125,170114,Maruti Suzuki,MARUTI.NS
2024-09-17,11994.1708984375,12245.75,12285.0,12151.650390625,12285.0,568161,Maruti Suzuki,MARUTI.NS
2024-09-18,11953.3759765625,12204.099609375,12337.9501953125,12170.0,12240.0498046875,182282,Maruti Suzuki,MARUTI.NS
2024-09-19,12097.748046875,12351.5,12410.0,12206.400390625,12259.9501953125,465608,Maruti Suzuki,MARUTI.NS
2024-09-20,12355.345703125,12614.5,12705.150390625,12360.0498046875,12360.400390625,875654,Maruti Suzuki,MARUTI.NS
2024-09-23,12422.53515625,12683.099609375,12749.0,12625.0,12625.0,235586,Maruti Suzuki,MARUTI.NS
2024-09-24,12476.8955078125,12738.599609375,12778.9501953125,12583.099609375,12583.099609375,425916,Maruti Suzuki,MARUTI.NS
2024-09-25,12522.6357421875,12785.2998046875,12816.2001953125,12611.0,12727.25,341172,Maruti Suzuki,MARUTI.NS
2024-09-26,13108.8408203125,13383.7998046875,13411.0,12830.0,12835.0,1471069,Maruti Suzuki,MARUTI.NS
2024-09-27,13218.3427734375,13495.599609375,13541.650390625,13274.4501953125,13383.0,865698,Maruti Suzuki,MARUTI.NS
2024-09-30,12966.03515625,13238.0,13500.0,13208.7001953125,13343.5498046875,415743,Maruti Suzuki,MARUTI.NS
2024-10-01,12895.5146484375,13166.0,13300.4501953125,13000.0498046875,13238.0,388888,Maruti Suzuki,MARUTI.NS
2024-10-03,12387.51953125,12647.349609375,13148.0,12592.2998046875,12941.0498046875,863520,Maruti Suzuki,MARUTI.NS
2024-10-04,12346.775390625,12605.75,12877.849609375,12512.5,12689.900390625,679362,Maruti Suzuki,MARUTI.NS
2024-10-07,12270.1328125,12527.5,12648.0,12378.0,12626.0498046875,465500,Maruti Suzuki,MARUTI.NS
2024-10-08,12274.4912109375,12531.9501953125,12630.099609375,12462.0498046875,12502.25,387060,Maruti Suzuki,MARUTI.NS
2024-10-09,12498.5419921875,12760.7001953125,12850.0,12540.5,12554.9501953125,465231,Maruti Suzuki,MARUTI.NS
2024-10-10,12678.173828125,12944.099609375,12965.0,12711.5,12798.900390625,492698,Maruti Suzuki,MARUTI.NS
2024-10-11,12514.1640625,12776.650390625,12980.0,12725.0,12944.099609375,274243,Maruti Suzuki,MARUTI.NS
2024-10-14,12280.26953125,12537.849609375,12799.0,12462.2998046875,12775.0,488067,Maruti Suzuki,MARUTI.NS
2024-10-15,12191.041015625,12446.75,12709.0,12355.0,12709.0,532135,Maruti Suzuki,MARUTI.NS
2024-10-16,12129.482421875,12383.900390625,12454.9501953125,12231.0,12414.0498046875,418138,Maruti Suzuki,MARUTI.NS
2024-10-17,11894.265625,12143.75,12420.099609375,12070.0,12400.0,875937,Maruti Suzuki,MARUTI.NS
2024-10-18,11856.41015625,12105.099609375,12141.25,11844.4501953125,12070.0,506871,Maruti Suzuki,MARUTI.NS
2024-10-21,11925.7568359375,12175.900390625,12250.0,11944.5498046875,12145.5498046875,375275,Maruti Suzuki,MARUTI.NS
2024-10-22,11678.3447265625,11923.2998046875,12289.7998046875,11840.0,12215.9501953125,904901,Maruti Suzuki,MARUTI.NS
2024-10-23,11710.5703125,11956.2001953125,12119.900390625,11753.4501953125,11923.2998046875,412638,Maruti Suzuki,MARUTI.NS
2024-10-24,11522.0244140625,11763.7001953125,11998.9501953125,11636.900390625,11998.9501953125,552495,Maruti Suzuki,MARUTI.NS
2024-10-25,11266.5322265625,11502.849609375,11794.2998046875,11440.0,11763.599609375,624582,Maruti Suzuki,MARUTI.NS
2024-10-28,11247.3349609375,11483.25,11632.650390625,11440.0,11504.7998046875,613830,Maruti Suzuki,MARUTI.NS
2024-10-29,10819.068359375,11046.0,11483.0,10742.4501953125,11450.0,2268683,Maruti Suzuki,MARUTI.NS
2024-10-30,11025.1953125,11256.4501953125,11520.0,10945.0,10979.0,1672966,Maruti Suzuki,MARUTI.NS
2024-10-31,10848.8935546875,11076.4501953125,11247.5498046875,11050.0,11225.0,838211,Maruti Suzuki,MARUTI.NS
2024-11-01,10881.75390625,11110.0,11209.5498046875,11080.0,11150.0,65670,Maruti Suzuki,MARUTI.NS
2024-11-04,10825.38671875,11052.4501953125,11295.0,10860.0,11295.0,444462,Maruti Suzuki,MARUTI.NS
2024-11-05,10940.619140625,11170.099609375,11275.0,11011.900390625,11042.0,321159,Maruti Suzuki,MARUTI.NS
2024-11-06,11120.986328125,11354.25,11430.0,11172.599609375,11219.0,416027,Maruti Suzuki,MARUTI.NS
2024-11-07,11067.998046875,11300.150390625,11385.0,11186.599609375,11305.150390625,530194,Maruti Suzuki,MARUTI.NS
2024-11-08,11070.7890625,11303.0,11344.0,11125.599609375,11260.5,269993,Maruti Suzuki,MARUTI.NS
2024-11-11,11165.501953125,11399.7001953125,11518.150390625,11310.0,11331.5,450681,Maruti Suzuki,MARUTI.NS
2024-11-12,10914.173828125,11143.099609375,11516.900390625,11107.25,11392.0498046875,549747,Maruti Suzuki,MARUTI.NS
2024-11-13,10822.5947265625,11049.599609375,11142.849609375,10864.2998046875,11140.0,507710,Maruti Suzuki,MARUTI.NS
2024-11-14,10779.9384765625,11006.0498046875,11117.7001953125,10892.099609375,11055.0,431348,Maruti Suzuki,MARUTI.NS
2024-11-18,10866.0341796875,11093.9501953125,11182.9501953125,10915.0,10950.0,333440,Maruti Suzuki,MARUTI.NS
2024-11-19,10734.1494140625,10959.2998046875,11195.25,10896.400390625,11090.0,864067,Maruti Suzuki,MARUTI.NS
2024-11-21,10638.310546875,10861.4501953125,10958.2001953125,10770.0,10921.150390625,540201,Maruti Suzuki,MARUTI.NS
2024-11-22,10836.306640625,11063.599609375,11106.650390625,10827.25,10905.0,493678,Maruti Suzuki,MARUTI.NS
2024-11-25,10798.6474609375,11025.150390625,11247.9501953125,10990.0498046875,11202.0,635726,Maruti Suzuki,MARUTI.NS
2024-11-26,10719.115234375,10943.9501953125,11077.9501953125,10891.4501953125,11025.150390625,406586,Maruti Suzuki,MARUTI.NS
2024-11-27,10831.1640625,11058.349609375,11116.900390625,10870.0,10936.0,343332,Maruti Suzuki,MARUTI.NS
2024-11-28,10724.8935546875,10949.849609375,11080.599609375,10888.0,11060.400390625,607669,Maruti Suzuki,MARUTI.NS
2024-11-29,10846.689453125,11074.2001953125,11130.099609375,10920.0,10949.9501953125,338207,Maruti Suzuki,MARUTI.NS
2024-12-02,11008.3974609375,11239.2998046875,11330.0,11151.0,11151.0,446880,Maruti Suzuki,MARUTI.NS
2024-12-03,11047.5263671875,11279.25,11309.0,11203.0,11250.0,258644,Maruti Suzuki,MARUTI.NS
2024-12-04,10901.1953125,11129.849609375,11300.0,11106.0,11281.0,554674,Maruti Suzuki,MARUTI.NS
2024-12-05,10952.5185546875,11182.25,11270.0,11031.0,11134.9501953125,545501,Maruti Suzuki,MARUTI.NS
2024-12-06,11085.4326171875,11317.9501953125,11375.9501953125,11121.0,11200.0,417214,Maruti Suzuki,MARUTI.NS
2024-12-09,11048.0654296875,11279.7998046875,11368.900390625,11252.5498046875,11322.0,254485,Maruti Suzuki,MARUTI.NS
2024-12-10,10968.142578125,11198.2001953125,11314.349609375,11170.0,11275.0,410569,Maruti Suzuki,MARUTI.NS
2024-12-11,11046.056640625,11277.75,11320.849609375,11220.599609375,11229.900390625,226584,Maruti Suzuki,MARUTI.NS
2024-12-12,10937.974609375,11167.400390625,11299.349609375,11078.25,11299.349609375,396561,Maruti Suzuki,MARUTI.NS
2024-12-13,11040.9638671875,11272.5498046875,11290.0,11033.599609375,11137.400390625,263579,Maruti Suzuki,MARUTI.NS
2024-12-16,11045.3232421875,11277.0,11329.4501953125,11205.0,11255.5498046875,223389,Maruti Suzuki,MARUTI.NS
2024-12-17,10880.333984375,11108.5498046875,11272.4501953125,11059.7001953125,11263.0,295445,Maruti Suzuki,MARUTI.NS
2024-12-18,10776.4130859375,11002.4501953125,11098.0498046875,10970.099609375,11085.0,497103,Maruti Suzuki,MARUTI.NS
2024-12-19,10730.2802734375,10955.349609375,11035.400390625,10852.4501953125,10888.0,435360,Maruti Suzuki,MARUTI.NS
2024-12-20,10677.0966796875,10901.0498046875,11077.0,10865.9501953125,10940.0,404608,Maruti Suzuki,MARUTI.NS
2024-12-23,10599.669921875,10822.0,10989.7998046875,10755.400390625,10928.0,237165,Maruti Suzuki,MARUTI.NS
2024-12-24,10516.0244140625,10736.599609375,10887.4501953125,10725.0,10822.0,151149,Maruti Suzuki,MARUTI.NS
2024-12-26,10672.150390625,10896.0,10974.7998046875,10770.0,10770.5,349811,Maruti Suzuki,MARUTI.NS
2024-12-27,10716.2744140625,10941.0498046875,11133.0,10912.599609375,10929.5,257973,Maruti Suzuki,MARUTI.NS
2024-12-30,10577.09375,10798.9501953125,10950.0,10750.099609375,10941.0498046875,335481,Maruti Suzuki,MARUTI.NS
2024-12-31,10635.322265625,10858.400390625,10893.7001953125,10750.599609375,10765.0,198997,Maruti Suzuki,MARUTI.NS
2025-01-01,10978.0341796875,11208.2998046875,11273.9501953125,10800.2001953125,10858.0,383202,Maruti Suzuki,MARUTI.NS
2025-01-02,11598.029296875,11841.2998046875,11859.150390625,11226.0,11285.0,1417042,Maruti Suzuki,MARUTI.NS
2025-01-03,11689.0703125,11934.25,12049.7998046875,11787.9501953125,11849.9501953125,701315,Maruti Suzuki,MARUTI.NS
2025-01-06,11514.1396484375,11755.650390625,11979.900390625,11690.7001953125,11929.0,383268,Maruti Suzuki,MARUTI.NS
2025-01-07,11480.4951171875,11721.2998046875,11825.9501953125,11673.7001953125,11755.650390625,308104,Maruti Suzuki,MARUTI.NS
2025-01-08,11579.1259765625,11822.0,11859.9501953125,11725.2998046875,11726.0,303100,Maruti Suzuki,MARUTI.NS
2025-01-09,11499.349609375,11740.5498046875,11850.0,11659.650390625,11822.0,266413,Maruti Suzuki,MARUTI.NS
2025-01-10,11392.1474609375,11631.099609375,11760.0,11570.0,11690.0,218246,Maruti Suzuki,MARUTI.NS
2025-01-13,11261.4892578125,11497.7001953125,11654.4501953125,11468.0,11468.5,253524,Maruti Suzuki,MARUTI.NS
2025-01-14,11499.9375,11741.150390625,11785.5498046875,11531.0,11533.9501953125,627463,Maruti Suzuki,MARUTI.NS
2025-01-15,11701.9501953125,11947.400390625,12192.400390625,11861.0,11890.5498046875,692822,Maruti Suzuki,MARUTI.NS
2025-01-16,11843.873046875,12092.2998046875,12134.0,11956.2001953125,11981.4501953125,551211,Maruti Suzuki,MARUTI.NS
2025-01-17,11887.017578125,12136.349609375,12189.900390625,12004.2998046875,12101.900390625,285370,Maruti Suzuki,MARUTI.NS
2025-01-20,11773.1064453125,12020.0498046875,12147.0498046875,11984.0498046875,12147.0498046875,251731,Maruti Suzuki,MARUTI.NS
2025-01-21,11639.55859375,11883.7001953125,12139.7998046875,11862.0498046875,12017.0498046875,300038,Maruti Suzuki,MARUTI.NS
2025-01-22,11773.400390625,12020.349609375,12078.849609375,11900.0498046875,11900.0498046875,396590,Maruti Suzuki,MARUTI.NS
2025-01-23,11798.2802734375,12045.75,12106.2998046875,11961.2998046875,12005.0,480876,Maruti Suzuki,MARUTI.NS
2025-01-24,11722.029296875,11967.900390625,12093.0,11914.099609375,11930.0,310343,Maruti Suzuki,MARUTI.NS
2025-01-27,11747.4453125,11993.849609375,12046.900390625,11811.0498046875,11901.900390625,251783,Maruti Suzuki,MARUTI.NS
2025-01-28,11874.6767578125,12123.75,12164.7001953125,11884.9501953125,12018.349609375,533451,Maruti Suzuki,MARUTI.NS
2025-01-29,11731.82421875,11977.900390625,12320.7001953125,11885.0498046875,12120.0,817549,Maruti Suzuki,MARUTI.NS
2025-01-30,11753.46875,12000.0,12110.849609375,11923.099609375,12021.0,418442,Maruti Suzuki,MARUTI.NS
2025-01-31,12057.7373046875,12310.650390625,12390.0,12000.0,12000.0,709009,Maruti Suzuki,MARUTI.NS
2025-02-01,12651.140625,12916.5,13150.0,12228.650390625,12320.0,1101170,Maruti Suzuki,MARUTI.NS
2025-02-03,12870.0,13139.9501953125,13461.2001953125,12921.650390625,12990.0,926127,Maruti Suzuki,MARUTI.NS
2025-02-04,12840.6162109375,13109.9501953125,13259.9501953125,12971.5,13250.0,530749,Maruti Suzuki,MARUTI.NS
2025-02-05,12817.94140625,13086.7998046875,13150.0,13003.5,13110.0,271633,Maruti Suzuki,MARUTI.NS
2025-02-06,12805.404296875,13074.0,13130.0,13006.7998046875,13060.0,414134,Maruti Suzuki,MARUTI.NS
2025-02-07,12781.408203125,13049.5,13108.5,13012.0,13060.0,355223,Maruti Suzuki,MARUTI.NS
2025-02-10,12635.7138671875,12900.75,13060.0,12886.650390625,13050.0,294142,Maruti Suzuki,MARUTI.NS
2025-02-11,12462.9375,12724.349609375,13017.25,12699.4501953125,12899.9501953125,354195,Maruti Suzuki,MARUTI.NS
2025-02-12,12395.5517578125,12655.5498046875,12765.349609375,12608.0498046875,12700.0,425735,Maruti Suzuki,MARUTI.NS
2025-02-13,12410.978515625,12671.2998046875,12744.9501953125,12614.75,12675.0,186742,Maruti Suzuki,MARUTI.NS
2025-02-14,12419.744140625,12680.25,12780.0,12584.099609375,12700.0,233454,Maruti Suzuki,MARUTI.NS
2025-02-17,12500.6962890625,12762.900390625,12774.0,12578.099609375,12601.599609375,192210,Maruti Suzuki,MARUTI.NS
2025-02-18,12523.517578125,12786.2001953125,12884.9501953125,12735.150390625,12764.9501953125,267936,Maruti Suzuki,MARUTI.NS
2025-02-19,12425.5234375,12686.150390625,12769.150390625,12651.0,12727.0,288694,Maruti Suzuki,MARUTI.NS
2025-02-20,12185.0673828125,12440.650390625,12650.0,12380.0,12650.0,423739,Maruti Suzuki,MARUTI.NS
2025-02-21,12070.2744140625,12323.4501953125,12438.599609375,12245.0,12420.0,477013,Maruti Suzuki,MARUTI.NS
2025-02-24,12091.5771484375,12345.2001953125,12432.5,12220.099609375,12248.349609375,399571,Maruti Suzuki,MARUTI.NS
2025-02-25,12220.0322265625,12476.349609375,12507.400390625,12350.0,12388.75,363355,Maruti Suzuki,MARUTI.NS
2025-02-27,12126.25,12380.599609375,12550.0,12312.0,12531.7001953125,236805,Maruti Suzuki,MARUTI.NS
2025-02-28,11700.431640625,11945.849609375,12338.5,11811.7001953125,12338.5,605149,Maruti Suzuki,MARUTI.NS
2025-03-03,11533.6796875,11775.599609375,12059.4501953125,11757.75,11886.0,186884,Maruti Suzuki,MARUTI.NS
2025-03-04,11377.603515625,11616.25,11724.25,11591.0,11690.0,255726,Maruti Suzuki,MARUTI.NS
2025-03-05,11378.6806640625,11617.349609375,11830.0,11568.349609375,11605.0,349730,Maruti Suzuki,MARUTI.NS
2025-03-06,11426.7236328125,11666.400390625,11729.5,11480.0,11701.0,315309,Maruti Suzuki,MARUTI.NS
2025-03-07,11424.51953125,11664.150390625,11742.2998046875,11601.0,11650.0,259055,Maruti Suzuki,MARUTI.NS
2025-03-10,11348.0234375,11586.0498046875,11697.900390625,11533.650390625,11600.0,153894,Maruti Suzuki,MARUTI.NS
2025-03-11,11407.6728515625,11646.9501953125,11692.0,11510.0,11579.5,245822,Maruti Suzuki,MARUTI.NS
2025-03-12,11400.962890625,11640.099609375,11723.9501953125,11522.0,11620.7998046875,249361,Maruti Suzuki,MARUTI.NS
2025-03-13,11277.2578125,11513.7998046875,11685.0,11489.75,11634.7998046875,260736,Maruti Suzuki,MARUTI.NS
2025-03-17,11316.3388671875,11553.7001953125,11752.9501953125,11456.349609375,11513.7998046875,275569,Maruti Suzuki,MARUTI.NS
2025-03-18,11316.3388671875,11553.7001953125,11553.7001953125,11553.7001953125,11553.7001953125,0,Maruti Suzuki,MARUTI.NS
2025-03-19,11376.91796875,11615.5498046875,11714.4501953125,11547.0,11700.0,476555,Maruti Suzuki,MARUTI.NS
2025-03-20,11489.2119140625,11730.2001953125,11765.0,11588.0,11699.900390625,379421,Maruti Suzuki,MARUTI.NS
2025-03-21,11491.7587890625,11732.7998046875,11921.7001953125,11705.7998046875,11780.0,560565,Maruti Suzuki,MARUTI.NS
2025-03-24,11677.3173828125,11922.25,11990.0,11742.0498046875,11779.9501953125,359033,Maruti Suzuki,MARUTI.NS
2025-03-25,11625.0634765625,11868.900390625,12075.25,11800.0,11951.400390625,514283,Maruti Suzuki,MARUTI.NS
2025-03-26,11493.228515625,11734.2998046875,11868.900390625,11710.0,11807.0,478517,Maruti Suzuki,MARUTI.NS
2025-03-27,11481.1318359375,11721.9501953125,11898.0,11638.0,11773.150390625,645787,Maruti Suzuki,MARUTI.NS
2025-03-28,11285.4375,11522.150390625,11745.9501953125,11400.099609375,11699.0498046875,541795,Maruti Suzuki,MARUTI.NS
2025-04-01,11245.2294921875,11481.099609375,11545.7998046875,11290.0,11480.0,498244,Maruti Suzuki,MARUTI.NS
2025-04-02,11475.4013671875,11716.099609375,11732.0,11410.0498046875,11481.099609375,452994,Maruti Suzuki,MARUTI.NS
2025-04-03,11447.9765625,11688.099609375,11802.9501953125,11611.0498046875,11630.5,326624,Maruti Suzuki,MARUTI.NS
2025-04-04,11246.111328125,11482.0,11630.0,11330.0,11600.0,355785,Maruti Suzuki,MARUTI.NS
2025-04-07,11096.9892578125,11329.75,11358.5,11059.4501953125,11105.599609375,602353,Maruti Suzuki,MARUTI.NS
2025-04-08,11223.486328125,11458.900390625,11550.349609375,11290.0498046875,11530.0,629968,Maruti Suzuki,MARUTI.NS
2025-04-09,11222.017578125,11457.400390625,11538.7001953125,11425.0,11460.099609375,255114,Maruti Suzuki,MARUTI.NS
2025-04-11,11360.755859375,11599.0498046875,11678.75,11480.0,11480.349609375,231420,Maruti Suzuki,MARUTI.NS
2025-04-15,11611.4482421875,11855.0,11940.0,11680.0,11790.0,458593,Maruti Suzuki,MARUTI.NS
2025-04-16,11424.3720703125,11664.0,11768.0,11615.0,11768.0,470494,Maruti Suzuki,MARUTI.NS
2025-04-17,11454.7353515625,11695.0,11728.0,11525.0,11664.0,302146,Maruti Suzuki,MARUTI.NS
2025-04-21,11503.7080078125,11745.0,11769.0,11588.0,11695.0,318493,Maruti Suzuki,MARUTI.NS
2025-04-22,11492.9345703125,11734.0,11788.0,11615.0,11770.0,516753,Maruti Suzuki,MARUTI.NS
2025-04-23,11662.3798828125,11907.0,11971.0,11729.0,11799.0,493839,Maruti Suzuki,MARUTI.NS
2025-04-24,11649.6474609375,11894.0,12040.0,11858.0,11940.0,387863,Maruti Suzuki,MARUTI.NS
2025-04-25,11457.673828125,11698.0,12046.0,11598.0,11902.0,906266,Maruti Suzuki,MARUTI.NS
2025-04-28,11602.6337890625,11846.0,11896.0,11289.0,11428.0,457303,Maruti Suzuki,MARUTI.NS
2025-04-29,11597.736328125,11841.0,11940.0,11741.0,11812.0,455596,Maruti Suzuki,MARUTI.NS
2025-04-30,12005.189453125,12257.0,12325.0,11800.0,11825.0,967250,Maruti Suzuki,MARUTI.NS
2025-05-02,12150.1494140625,12405.0,12727.0,12250.0,12257.0,707908,Maruti Suzuki,MARUTI.NS
2025-05-05,12202.060546875,12458.0,12490.0,12362.0,12490.0,270014,Maruti Suzuki,MARUTI.NS
2025-05-06,12322.533203125,12581.0,12599.0,12371.0,12438.0,414921,Maruti Suzuki,MARUTI.NS
2025-05-07,12373.46484375,12633.0,12669.0,12355.0,12355.0,303619,Maruti Suzuki,MARUTI.NS
2025-05-08,12137.416015625,12392.0,12597.0,12330.0,12560.0,485326,Maruti Suzuki,MARUTI.NS
2025-05-09,11998.3330078125,12250.0,12360.0,12115.0,12135.0,278112,Maruti Suzuki,MARUTI.NS
2025-05-12,12356.814453125,12616.0,12630.0,12426.0,12426.0,185165,Maruti Suzuki,MARUTI.NS
2025-05-13,12225.56640625,12482.0,12700.0,12430.0,12600.0,378269,Maruti Suzuki,MARUTI.NS
2025-05-14,12409.705078125,12670.0,12718.0,12411.0,12485.0,306050,Maruti Suzuki,MARUTI.NS
2025-05-15,12685.9111328125,12952.0,13023.0,12548.0,12600.0,561496,Maruti Suzuki,MARUTI.NS
2025-05-16,12728.0283203125,12995.0,13086.0,12912.0,12950.0,425275,Maruti Suzuki,MARUTI.NS
2025-05-19,12722.150390625,12989.0,13046.0,12930.0,12990.0,244277,Maruti Suzuki,MARUTI.NS
2025-05-20,12378.3623046875,12638.0,13010.0,12610.0,13005.0,361111,Maruti Suzuki,MARUTI.NS
2025-05-21,12355.8349609375,12615.0,12808.0,12594.0,12675.0,209104,Maruti Suzuki,MARUTI.NS
2025-05-22,12189.3271484375,12445.0,12611.0,12395.0,12611.0,434848,Maruti Suzuki,MARUTI.NS
2025-05-23,12197.162109375,12453.0,12495.0,12423.0,12450.0,169465,Maruti Suzuki,MARUTI.NS
2025-05-26,12165.8203125,12421.0,12539.0,12391.0,12455.0,214703,Maruti Suzuki,MARUTI.NS
2025-05-27,12158.9638671875,12414.0,12479.0,12290.0,12421.0,344679,Maruti Suzuki,MARUTI.NS
2025-05-28,12077.6689453125,12331.0,12415.0,12305.0,12414.0,178181,Maruti Suzuki,MARUTI.NS
2025-05-29,12137.416015625,12392.0,12428.0,12266.0,12340.0,191097,Maruti Suzuki,MARUTI.NS
2025-05-30,12065.916015625,12319.0,12490.0,12251.0,12392.0,351353,Maruti Suzuki,MARUTI.NS
2025-06-02,12037.51171875,12290.0,12319.0,12132.0,12161.0,264972,Maruti Suzuki,MARUTI.NS
2025-06-03,11878.83984375,12128.0,12350.0,12060.0,12273.0,369114,Maruti Suzuki,MARUTI.NS
2025-06-04,11913.12109375,12163.0,12245.0,12128.0,12128.0,205846,Maruti Suzuki,MARUTI.NS
2025-06-05,11876.880859375,12126.0,12257.0,12016.0,12200.0,319783,Maruti Suzuki,MARUTI.NS
2025-06-06,12205.978515625,12462.0,12535.0,12100.0,12139.0,456129,Maruti Suzuki,MARUTI.NS
2025-06-09,12377.3828125,12637.0,12660.0,12466.0,12505.0,323443,Maruti Suzuki,MARUTI.NS
2025-06-10,12262.787109375,12520.0,12744.0,12461.0,12660.0,325292,Maruti Suzuki,MARUTI.NS
2025-06-11,12196.1826171875,12452.0,12560.0,12427.0,12470.0,306061,Maruti Suzuki,MARUTI.NS
2025-06-12,12135.45703125,12390.0,12490.0,12307.0,12459.0,347339,Maruti Suzuki,MARUTI.NS
2025-06-13,12153.087890625,12408.0,12425.0,12176.0,12200.0,385493,Maruti Suzuki,MARUTI.NS
2025-06-16,12272.5810546875,12530.0,12567.0,12336.0,12404.0,184242,Maruti Suzuki,MARUTI.NS
2025-06-17,12336.2451171875,12595.0,12615.0,12470.0,12529.0,226597,Maruti Suzuki,MARUTI.NS
2025-06-18,12486.1025390625,12748.0,12880.0,12550.0,12620.0,467738,Maruti Suzuki,MARUTI.NS
2025-06-19,12542.9111328125,12806.0,12825.0,12714.0,12750.0,339117,Maruti Suzuki,MARUTI.NS
2025-06-20,12528.21875,12791.0,12890.0,12728.0,12809.0,652128,Maruti Suzuki,MARUTI.NS
2025-06-23,12438.1083984375,12699.0,12786.0,12666.0,12771.0,192037,Maruti Suzuki,MARUTI.NS
2025-06-24,12351.9169921875,12611.0,12855.0,12553.0,12830.0,332717,Maruti Suzuki,MARUTI.NS
2025-06-25,12504.712890625,12767.0,12807.0,12617.0,12684.0,316536,Maruti Suzuki,MARUTI.NS
2025-06-26,12453.7802734375,12715.0,12848.0,12689.0,12780.0,354735,Maruti Suzuki,MARUTI.NS
2025-06-27,12382.2802734375,12642.0,12799.0,12621.0,12750.0,346403,Maruti Suzuki,MARUTI.NS
2025-06-30,12145.2509765625,12400.0,12675.0,12332.0,12667.0,448956,Maruti Suzuki,MARUTI.NS
2025-07-01,12186.388671875,12442.0,12459.0,12320.0,12450.0,283481,Maruti Suzuki,MARUTI.NS
2025-07-02,12362.6904296875,12622.0,12643.0,12359.0,12380.0,609735,Maruti Suzuki,MARUTI.NS
2025-07-03,12490.0205078125,12752.0,12820.0,12590.0,12630.0,606221,Maruti Suzuki,MARUTI.NS
2025-07-04,12386.197265625,12646.0,12748.0,12608.0,12715.0,225607,Maruti Suzuki,MARUTI.NS
2025-07-07,12262.787109375,12520.0,12670.0,12471.0,12647.0,220116,Maruti Suzuki,MARUTI.NS
2025-07-08,12158.9638671875,12414.0,12555.0,12359.0,12525.0,241050,Maruti Suzuki,MARUTI.NS
2025-07-09,12213.8134765625,12470.0,12540.0,12430.0,12435.0,174203,Maruti Suzuki,MARUTI.NS
2025-07-10,12390.115234375,12650.0,12670.0,12401.0,12500.0,277325,Maruti Suzuki,MARUTI.NS
2025-07-11,12315.677734375,12574.0,12685.0,12521.0,12640.0,194420,Maruti Suzuki,MARUTI.NS
2025-07-14,12256.91015625,12514.0,12616.0,12431.0,12590.0,246737,Maruti Suzuki,MARUTI.NS
2025-07-15,12278.45703125,12536.0,12598.0,12481.0,12481.0,147377,Maruti Suzuki,MARUTI.NS
2025-07-16,12305.8818359375,12564.0,12571.0,12439.0,12536.0,204480,Maruti Suzuki,MARUTI.NS
2025-07-17,12219.6904296875,12476.0,12627.0,12463.0,12569.0,189207,Maruti Suzuki,MARUTI.NS
2025-07-18,12163.861328125,12419.0,12527.0,12370.0,12525.0,124068,Maruti Suzuki,MARUTI.NS
2025-07-21,12150.1494140625,12405.0,12478.0,12342.0,12431.0,232066,Maruti Suzuki,MARUTI.NS
2025-07-22,12235.3623046875,12492.0,12530.0,12319.0,12449.0,169006,Maruti Suzuki,MARUTI.NS
2025-07-23,12367.5888671875,12627.0,12719.0,12540.0,12540.0,342005,Maruti Suzuki,MARUTI.NS
2025-07-24,12299.0263671875,12557.0,12661.0,12519.0,12648.0,157163,Maruti Suzuki,MARUTI.NS
2025-07-25,12149.169921875,12404.0,12557.0,12357.0,12545.0,260700,Maruti Suzuki,MARUTI.NS
2025-07-28,12086.484375,12340.0,12535.0,12302.0,12371.0,292879,Maruti Suzuki,MARUTI.NS
2025-07-29,12212.833984375,12469.0,12507.0,12268.0,12340.0,285115,Maruti Suzuki,MARUTI.NS
2025-07-30,12358.7724609375,12618.0,12643.0,12420.0,12431.0,203847,Maruti Suzuki,MARUTI.NS
2025-07-31,12348.978515625,12608.0,12760.0,12464.0,12506.0,709783,Maruti Suzuki,MARUTI.NS
2025-08-01,12179.6787109375,12302.0,12779.0,12273.0,12521.0,346024,Maruti Suzuki,MARUTI.NS
2025-08-04,12242.052734375,12365.0,12425.0,12225.0,12326.0,255693,Maruti Suzuki,MARUTI.NS
2025-08-05,12412.341796875,12537.0,12577.0,12370.0,12400.0,233560,Maruti Suzuki,MARUTI.NS
2025-08-06,12399.4716796875,12524.0,12619.0,12483.0,12570.0,151608,Maruti Suzuki,MARUTI.NS
2025-08-07,12506.3974609375,12632.0,12654.0,12429.0,12525.0,173393,Maruti Suzuki,MARUTI.NS
2025-08-08,12464.8154296875,12590.0,12725.0,12564.0,12630.0,247048,Maruti Suzuki,MARUTI.NS
2025-08-11,12471.74609375,12597.0,12734.0,12482.0,12585.0,187230,Maruti Suzuki,MARUTI.NS
2025-08-12,12712.3291015625,12840.0,12959.0,12606.0,12620.0,504476,Maruti Suzuki,MARUTI.NS
2025-08-13,12706.388671875,12834.0,12925.0,12752.0,12840.0,252065,Maruti Suzuki,MARUTI.NS
2025-08-14,12807.375,12936.0,12956.0,12825.0,12864.0,318580,Maruti Suzuki,MARUTI.NS
2025-08-18,13928.119140625,14068.0,14125.0,13664.0,13703.0,2154781,Maruti Suzuki,MARUTI.NS
2025-08-19,14108.3095703125,14250.0,14270.0,13979.0,14070.0,906623,Maruti Suzuki,MARUTI.NS
2025-08-20,14079.59765625,14221.0,14362.0,14200.0,14362.0,391425,Maruti Suzuki,MARUTI.NS
2025-08-21,14138.01171875,14280.0,14401.0,14156.0,14219.0,513460,Maruti Suzuki,MARUTI.NS
2025-08-22,14206.3251953125,14349.0,14370.0,14230.0,14349.0,458935,Maruti Suzuki,MARUTI.NS
2025-08-25,14308.30078125,14452.0,14478.0,14280.0,14401.0,357110,Maruti Suzuki,MARUTI.NS
2025-08-26,14567.6962890625,14714.0,14825.0,14391.0,14452.0,962974,Maruti Suzuki,MARUTI.NS
2025-08-28,14605.318359375,14752.0,14895.0,14625.0,14895.0,666635,Maruti Suzuki,MARUTI.NS
2025-08-29,14643.9306640625,14791.0,14850.0,14692.0,14750.0,621560,Maruti Suzuki,MARUTI.NS
2025-09-01,14738.9755859375,14887.0,14938.0,14654.0,14790.0,572927,Maruti Suzuki,MARUTI.NS
2025-09-02,14694.4228515625,14842.0,14934.0,14783.0,14859.0,379167,Maruti Suzuki,MARUTI.NS
2025-09-03,14778.578125,14927.0,14991.0,14750.0,14875.0,561656,Maruti Suzuki,MARUTI.NS
2025-09-04,14516.212890625,14662.0,15240.0,14630.0,15240.0,784369,Maruti Suzuki,MARUTI.NS
2025-09-05,14746.896484375,14895.0,14957.0,14701.0,14740.0,473806,Maruti Suzuki,MARUTI.NS
2025-09-08,15106.287109375,15258.0,15319.0,14850.0,14921.0,691077,Maruti Suzuki,MARUTI.NS
2025-09-09,15212.22265625,15365.0,15384.0,15201.0,15249.0,605860,Maruti Suzuki,MARUTI.NS
2025-09-10,14957.7783203125,15108.0,15384.0,15072.0,15366.0,489062,Maruti Suzuki,MARUTI.NS
2025-09-11,14944.9072265625,15095.0,15191.0,15038.0,15111.0,657161,Maruti Suzuki,MARUTI.NS
2025-09-12,15172.62109375,15325.0,15373.0,15153.0,15160.0,420101,Maruti Suzuki,MARUTI.NS
2025-09-15,15113.216796875,15265.0,15378.0,15249.0,15350.0,170587,Maruti Suzuki,MARUTI.NS
2025-09-16,15418.154296875,15573.0,15594.0,15284.0,15300.0,381944,Maruti Suzuki,MARUTI.NS
2025-09-17,15643.8876953125,15801.0,15818.0,15570.0,15592.0,624986,Maruti Suzuki,MARUTI.NS
2025-09-18,15659.728515625,15817.0,15939.0,15703.0,15916.0,642175,Maruti Suzuki,MARUTI.NS
2025-09-19,15706.26171875,15864.0,16060.0,15811.0,16000.0,652443,Maruti Suzuki,MARUTI.NS
2025-09-22,15658.73828125,15816.0,16000.0,15779.0,15879.0,302234,Maruti Suzuki,MARUTI.NS
2025-09-23,15936.9443359375,16097.0,16325.0,16031.0,16120.0,873114,Maruti Suzuki,MARUTI.NS
2025-09-24,16087.43359375,16249.0,16375.0,16063.0,16188.0,663647,Maruti Suzuki,MARUTI.NS
2025-09-25,16107.234375,16269.0,16370.0,16067.0,16249.0,490262,Maruti Suzuki,MARUTI.NS
2025-09-26,16124.0654296875,16286.0,16435.0,16202.0,16235.0,490957,Maruti Suzuki,MARUTI.NS
2025-09-29,15825.068359375,15984.0,16340.0,15950.0,16300.0,627326,Maruti Suzuki,MARUTI.NS
2025-09-30,15869.62109375,16029.0,16054.0,15921.0,15985.0,390006,Maruti Suzuki,MARUTI.NS
2025-10-01,15806.2568359375,15965.0,16109.0,15850.0,16026.0,426075,Maruti Suzuki,MARUTI.NS
2025-10-03,15648.837890625,15806.0,16025.0,15736.0,15949.0,470216,Maruti Suzuki,MARUTI.NS
2025-10-06,15838.9287109375,15998.0,16057.0,15708.0,15840.0,268497,Maruti Suzuki,MARUTI.NS
2025-10-07,15947.8349609375,16108.0,16159.0,15977.0,16014.0,330326,Maruti Suzuki,MARUTI.NS
2025-10-08,15852.7900390625,16012.0,16236.0,15979.0,16108.0,306518,Maruti Suzuki,MARUTI.NS
2025-10-09,15826.05859375,15985.0,16075.0,15853.0,16070.0,300499,Maruti Suzuki,MARUTI.NS
2025-10-10,16103.2744140625,16265.0,16315.0,15911.0,15980.0,423031,Maruti Suzuki,MARUTI.NS
2025-10-13,16160.697265625,16323.0,16432.0,16218.0,16264.0,337617,Maruti Suzuki,MARUTI.NS
2025-10-14,16099.3134765625,16261.0,16350.0,16121.0,16350.0,307925,Maruti Suzuki,MARUTI.NS
2025-10-15,16050.80078125,16212.0,16380.0,16200.0,16300.0,266435,Maruti Suzuki,MARUTI.NS
2025-10-16,16135.9462890625,16298.0,16332.0,16200.0,16246.0,265727,Maruti Suzuki,MARUTI.NS
2025-10-17,16237.921875,16401.0,16549.0,16298.0,16298.0,411608,Maruti Suzuki,MARUTI.NS
2025-10-20,16260.693359375,16424.0,16518.0,16380.0,16500.0,374246,Maruti Suzuki,MARUTI.NS
2025-10-21,16232.9716796875,16396.0,16476.0,16330.0,16453.0,28990,Maruti Suzuki,MARUTI.NS
2025-10-23,16230.0009765625,16393.0,16660.0,16340.0,16660.0,481753,Maruti Suzuki,MARUTI.NS
2025-10-24,16112.1845703125,16274.0,16423.0,16200.0,16392.0,208520,Maruti Suzuki,MARUTI.NS
2025-10-27,16225.05078125,16388.0,16410.0,16275.0,16350.0,209829,Maruti Suzuki,MARUTI.NS
2025-10-28,16148.81640625,16311.0,16495.0,16261.0,16399.0,383383,Maruti Suzuki,MARUTI.NS
2025-10-29,15977.537109375,16138.0,16428.0,16046.0,16360.0,232815,Maruti Suzuki,MARUTI.NS
2025-10-30,16044.8603515625,16206.0,16275.0,16077.0,16190.0,230383,Maruti Suzuki,MARUTI.NS
2025-10-31,16025.0595703125,16186.0,16516.0,15949.0,16204.0,719402,Maruti Suzuki,MARUTI.NS
2025-11-03,15495.37890625,15651.0,16100.0,15530.0,16016.0,942850,Maruti Suzuki,MARUTI.NS
2025-11-04,15221.1337890625,15374.0,15633.0,15355.0,15607.0,748848,Maruti Suzuki,MARUTI.NS
2025-11-06,15298.357421875,15452.0,15534.0,15309.0,15534.0,429800,Maruti Suzuki,MARUTI.NS
2025-11-07,15325.08984375,15479.0,15499.0,15260.0,15459.0,227247,Maruti Suzuki,MARUTI.NS
2025-11-10,15428.0556640625,15583.0,15647.0,15380.0,15380.0,274191,Maruti Suzuki,MARUTI.NS
2025-11-11,15489.4384765625,15645.0,15680.0,15512.0,15640.0,181524,Maruti Suzuki,MARUTI.NS
2025-11-12,15539.931640625,15696.0,15731.0,15555.0,15674.0,244015,Maruti Suzuki,MARUTI.NS
2025-11-13,15592.404296875,15749.0,15800.0,15660.0,15661.0,250711,Maruti Suzuki,MARUTI.NS
2025-11-14,15528.05078125,15684.0,15735.0,15572.0,15725.0,253698,Maruti Suzuki,MARUTI.NS
2025-11-17,15720.1220703125,15878.0,15892.0,15655.0,15689.0,301069,Maruti Suzuki,MARUTI.NS
2025-11-18,15771.60546875,15930.0,15999.0,15750.0,15878.0,392903,Maruti Suzuki,MARUTI.NS
2025-11-19,15611.2158203125,15768.0,15950.0,15715.0,15950.0,286434,Maruti Suzuki,MARUTI.NS
2025-11-20,15643.8876953125,15801.0,15823.0,15618.0,15810.0,249492,Maruti Suzuki,MARUTI.NS
2025-11-21,15818.1376953125,15977.0,16150.0,15737.0,15790.0,586351,Maruti Suzuki,MARUTI.NS
2025-11-24,15799.326171875,15958.0,16085.0,15911.0,16005.0,525788,Maruti Suzuki,MARUTI.NS
2025-11-25,15731.0126953125,15889.0,16050.0,15842.0,15958.0,214525,Maruti Suzuki,MARUTI.NS
2025-11-26,15995.357421875,16156.0,16210.0,15950.0,15950.0,314946,Maruti Suzuki,MARUTI.NS
2025-11-27,15744.873046875,15903.0,16171.0,15875.0,16166.0,339986,Maruti Suzuki,MARUTI.NS
2025-11-28,15741.9033203125,15900.0,16049.0,15850.0,15906.0,352340,Maruti Suzuki,MARUTI.NS
2025-12-01,15936.9443359375,16097.0,16177.0,15851.0,15975.0,434052,Maruti Suzuki,MARUTI.NS
2025-12-02,16077.5322265625,16239.0,16261.0,16095.0,16127.0,383165,Maruti Suzuki,MARUTI.NS
2025-12-03,15922.09375,16082.0,16248.0,16010.0,16219.0,264397,Maruti Suzuki,MARUTI.NS
2025-12-04,15834.96875,15994.0,16135.0,15887.0,16058.0,248812,Maruti Suzuki,MARUTI.NS
2025-12-05,16120.10546875,16282.0,16338.0,15979.0,16000.0,332032,Maruti Suzuki,MARUTI.NS
2025-12-08,16026.0498046875,16187.0,16256.0,16094.0,16200.0,220513,Maruti Suzuki,MARUTI.NS
2025-12-09,15860.7099609375,16020.0,16226.0,15985.0,16051.0,276388,Maruti Suzuki,MARUTI.NS
2025-12-10,15859.7197265625,16019.0,16125.0,15925.0,16090.0,293374,Maruti Suzuki,MARUTI.NS
2025-12-11,16086.443359375,16248.0,16296.0,15983.0,16049.0,268701,Maruti Suzuki,MARUTI.NS
2025-12-12,16357.71875,16522.0,16536.0,16247.0,16248.0,404711,Maruti Suzuki,MARUTI.NS
2025-12-15,16251.7822265625,16415.0,16500.0,16360.0,16500.0,225221,Maruti Suzuki,MARUTI.NS
2025-12-16,16191.388671875,16354.0,16451.0,16320.0,16400.0,156134,Maruti Suzuki,MARUTI.NS
2025-12-17,16234.951171875,16398.0,16490.0,16357.0,16389.0,257406,Maruti Suzuki,MARUTI.NS
2025-12-18,16166.6376953125,16329.0,16486.0,16221.0,16440.0,213981,Maruti Suzuki,MARUTI.NS
2025-12-19,16250.79296875,16414.0,16475.0,16329.0,16329.0,360190,Maruti Suzuki,MARUTI.NS
2025-12-22,16483.455078125,16649.0,16693.0,16414.0,16464.0,271590,Maruti Suzuki,MARUTI.NS
2025-12-23,16420.091796875,16585.0,16720.0,16558.0,16709.0,215650,Maruti Suzuki,MARUTI.NS
2025-12-24,16536.91796875,16703.0,16720.0,16542.0,16640.0,258486,Maruti Suzuki,MARUTI.NS
2025-12-26,16430.982421875,16596.0,16703.0,16516.0,16703.0,212925,Maruti Suzuki,MARUTI.NS
2025-12-29,16377.51953125,16542.0,16682.0,16499.0,16600.0,251796,Maruti Suzuki,MARUTI.NS
2025-12-30,16481.4765625,16647.0,16818.0,16482.0,16575.0,1055843,Maruti Suzuki,MARUTI.NS
2025-12-31,16530.978515625,16697.0,16776.0,16581.0,16581.0,314427,Maruti Suzuki,MARUTI.NS
2026-01-01,16541.869140625,16708.0,16798.0,16602.0,16700.0,171293,Maruti Suzuki,MARUTI.NS
2026-01-02,16791.36328125,16960.0,16999.0,16723.0,16750.0,388562,Maruti Suzuki,MARUTI.NS
2026-01-05,16984.423828125,17155.0,17370.0,16980.0,17025.0,305668,Maruti Suzuki,MARUTI.NS
2026-01-06,17120.0625,17292.0,17306.0,17142.0,17170.0,192182,Maruti Suzuki,MARUTI.NS
2026-01-07,16641.865234375,16809.0,17249.0,16524.0,17230.0,427979,Maruti Suzuki,MARUTI.NS
2026-01-08,16498.306640625,16664.0,16808.0,16541.0,16808.0,238421,Maruti Suzuki,MARUTI.NS
2026-01-09,16336.927734375,16501.0,16704.0,16417.0,16663.0,286302,Maruti Suzuki,MARUTI.NS
2026-01-12,16417.12109375,16582.0,16615.0,16271.0,16456.0,288686,Maruti Suzuki,MARUTI.NS
2026-01-13,16262.6728515625,16426.0,16726.0,16293.0,16662.0,312205,Maruti Suzuki,MARUTI.NS
2026-01-14,15991.3974609375,16152.0,16412.0,16090.0,16390.0,240043,Maruti Suzuki,MARUTI.NS
2026-01-15,15991.3974609375,16152.0,16152.0,16152.0,16152.0,0,Maruti Suzuki,MARUTI.NS
2026-01-16,15701.310546875,15859.0,16197.0,15770.0,16000.0,703056,Maruti Suzuki,MARUTI.NS
2026-01-19,16015.1591796875,16176.0,16242.0,15813.0,15859.0,385141,Maruti Suzuki,MARUTI.NS
2026-01-20,15721.1123046875,15879.0,16233.0,15850.0,16200.0,289609,Maruti Suzuki,MARUTI.NS
2026-01-21,15613.1962890625,15770.0,15973.0,15675.0,15675.0,345738,Maruti Suzuki,MARUTI.NS
2026-01-22,15608.24609375,15765.0,15971.0,15714.0,15950.0,352320,Maruti Suzuki,MARUTI.NS
2026-01-23,15315.1884765625,15469.0,15846.0,15439.0,15819.0,338669,Maruti Suzuki,MARUTI.NS
2026-01-27,15093.416015625,15245.0,15387.0,15013.0,15300.0,565768,Maruti Suzuki,MARUTI.NS
2026-01-28,14729.0751953125,14877.0,15294.0,14431.0,15161.0,1584483,Maruti Suzuki,MARUTI.NS
2026-01-29,14357.8037109375,14502.0,14870.0,14353.0,14870.0,716545,Maruti Suzuki,MARUTI.NS
2026-01-30,14453.83984375,14599.0,14679.0,14300.0,14502.0,946509,Maruti Suzuki,MARUTI.NS
2026-02-02,14240.9775390625,14384.0,14446.0,14058.0,14251.0,621514,Maruti Suzuki,MARUTI.NS
2026-02-03,14635.01953125,14782.0,15281.0,14482.0,15200.0,638870,Maruti Suzuki,MARUTI.NS
2026-02-04,14921.146484375,15071.0,15170.0,14723.0,14800.0,451065,Maruti Suzuki,MARUTI.NS
2026-02-05,14909.265625,15059.0,15150.0,14900.0,15090.0,374759,Maruti Suzuki,MARUTI.NS
2026-02-06,14847.8818359375,14997.0,15118.0,14871.0,15084.0,276529,Maruti Suzuki,MARUTI.NS
2026-02-09,14829.0712890625,14978.0,15126.0,14905.0,15125.0,200034,Maruti Suzuki,MARUTI.NS
2026-02-10,14995.400390625,15146.0,15349.0,14983.0,14999.0,360240,Maruti Suzuki,MARUTI.NS
2026-02-11,15258.755859375,15412.0,15432.0,15174.0,15180.0,360742,Maruti Suzuki,MARUTI.NS
2026-02-12,15173.6103515625,15326.0,15459.0,15265.0,15459.0,201895,Maruti Suzuki,MARUTI.NS
2026-02-13,15085.49609375,15237.0,15434.0,15190.0,15309.0,208645,Maruti Suzuki,MARUTI.NS
2026-02-16,14901.3447265625,15051.0,15299.0,14960.0,15237.0,210175,Maruti Suzuki,MARUTI.NS
2026-02-17,15028.072265625,15179.0,15211.0,14960.0,15031.0,166765,Maruti Suzuki,MARUTI.NS
2026-02-18,15013.2216796875,15164.0,15239.0,15074.0,15208.0,280772,Maruti Suzuki,MARUTI.NS
2026-02-19,14754.81640625,14903.0,15279.0,14853.0,15163.0,152788,Maruti Suzuki,MARUTI.NS
2026-02-20,14828.0810546875,14977.0,15077.0,14848.0,14903.0,515847,Maruti Suzuki,MARUTI.NS
2026-02-23,14922.13671875,15072.0,15118.0,14984.0,15050.0,242968,Maruti Suzuki,MARUTI.NS
2026-02-24,14777.587890625,14926.0,15062.0,14904.0,15001.0,300991,Maruti Suzuki,MARUTI.NS
2026-02-25,14920.15625,15070.0,15133.0,14837.0,14860.0,356495,Maruti Suzuki,MARUTI.NS
2026-02-26,15061.734375,15213.0,15224.0,15046.0,15145.0,308213,Maruti Suzuki,MARUTI.NS
2026-02-27,14709.2744140625,14857.0,15192.0,14804.0,15110.0,478164,Maruti Suzuki,MARUTI.NS
2026-03-02,14244.9375,14388.0,14684.0,14204.0,14407.0,603744,Maruti Suzuki,MARUTI.NS
2026-03-04,14017.224609375,14158.0,14184.0,13794.0,14150.0,710366,Maruti Suzuki,MARUTI.NS
2026-03-05,14271.6689453125,14415.0,14570.0,14081.0,14300.0,448650,Maruti Suzuki,MARUTI.NS
2026-03-06,14018.21484375,14159.0,14466.0,14115.0,14339.0,390629,Maruti Suzuki,MARUTI.NS
2026-03-09,13373.6875,13508.0,13800.0,13365.0,13800.0,676224,Maruti Suzuki,MARUTI.NS
2026-03-10,13729.1181640625,13867.0,13909.0,13505.0,13721.0,353715,Maruti Suzuki,MARUTI.NS
2026-03-11,13362.796875,13497.0,13948.0,13441.0,13850.0,392182,Maruti Suzuki,MARUTI.NS
2026-03-12,12881.62890625,13011.0,13430.0,12966.0,13430.0,544683,Maruti Suzuki,MARUTI.NS
2026-03-13,12465.8056640625,12591.0,12962.0,12483.0,12899.0,939594,Maruti Suzuki,MARUTI.NS
2026-03-16,12630.154296875,12757.0,12874.0,12400.0,12532.0,1416170,Maruti Suzuki,MARUTI.NS
2026-03-17,12843.0166015625,12972.0,13100.0,12686.0,12790.0,1178941,Maruti Suzuki,MARUTI.NS
2026-03-18,12918.26171875,13048.0,13176.0,13015.0,13100.0,458827,Maruti Suzuki,MARUTI.NS
2026-03-19,12473.7255859375,12599.0,12838.0,12505.0,12768.0,569346,Maruti Suzuki,MARUTI.NS
2026-03-20,12475.7060546875,12601.0,12756.0,12556.0,12605.0,725481,Maruti Suzuki,MARUTI.NS
2026-03-23,12232.15234375,12355.0,12501.0,12278.0,12501.0,517985,Maruti Suzuki,MARUTI.NS
2026-03-24,12340.068359375,12464.0,12650.0,12332.0,12600.0,583568,Maruti Suzuki,MARUTI.NS
2026-03-25,12584.6123046875,12711.0,12780.0,12506.0,12549.0,540649,Maruti Suzuki,MARUTI.NS
2026-03-27,12265.8134765625,12389.0,12646.0,12342.0,12626.0,775339,Maruti Suzuki,MARUTI.NS
2026-03-30,12183.638671875,12306.0,12424.0,12201.0,12300.0,635675,Maruti Suzuki,MARUTI.NS
2026-04-01,12384.62109375,12509.0,12900.0,12333.0,12900.0,501882,Maruti Suzuki,MARUTI.NS
2026-04-02,12505.4072265625,12631.0,12673.0,12239.0,12389.0,438227,Maruti Suzuki,MARUTI.NS
2026-04-06,12561.8408203125,12688.0,12720.0,12420.0,12631.0,382650,Maruti Suzuki,MARUTI.NS
2026-04-07,12670.7470703125,12798.0,12835.0,12496.0,12640.0,359542,Maruti Suzuki,MARUTI.NS
2026-04-08,13466.7529296875,13602.0,13745.0,13210.0,13350.0,1026292,Maruti Suzuki,MARUTI.NS
2026-04-09,13453.8818359375,13589.0,13773.0,13330.0,13570.0,549914,Maruti Suzuki,MARUTI.NS
2026-04-10,13572.6884765625,13709.0,13797.0,13590.0,13650.0,471921,Maruti Suzuki,MARUTI.NS
2026-04-13,12945.982421875,13076.0,13420.0,12966.0,13402.0,1347910,Maruti Suzuki,MARUTI.NS
2026-04-15,13156.865234375,13289.0,13473.0,13200.0,13250.0,699458,Maruti Suzuki,MARUTI.NS
2026-04-16,13202.4072265625,13335.0,13435.0,13237.0,13380.0,527309,Maruti Suzuki,MARUTI.NS
2026-04-17,13319.234375,13453.0,13647.0,13256.0,13300.0,549308,Maruti Suzuki,MARUTI.NS
2026-04-20,13316.263671875,13450.0,13533.0,13329.0,13474.0,348629,Maruti Suzuki,MARUTI.NS
2026-04-21,13327.154296875,13461.0,13543.0,13421.0,13456.0,292879,Maruti Suzuki,MARUTI.NS
2026-04-22,13204.3876953125,13337.0,13530.0,13300.0,13452.0,434640,Maruti Suzuki,MARUTI.NS
2026-04-23,13029.1474609375,13160.0,13358.0,13125.0,13250.0,541086,Maruti Suzuki,MARUTI.NS
2026-04-24,12918.26171875,13048.0,13253.0,12978.0,13200.0,464098,Maruti Suzuki,MARUTI.NS
2026-04-27,13090.53125,13222.0,13270.0,13043.0,13153.0,312786,Maruti Suzuki,MARUTI.NS
2026-04-28,12763.8125,12892.0,13307.0,12828.0,13222.0,836679,Maruti Suzuki,MARUTI.NS
2026-04-29,13125.18359375,13257.0,13548.0,13090.0,13090.0,754798,Maruti Suzuki,MARUTI.NS
2026-04-30,13181.6162109375,13314.0,13360.0,12970.0,13134.0,612975,Maruti Suzuki,MARUTI.NS
2026-05-01,13181.6162109375,13314.0,13314.0,13314.0,13314.0,0,Maruti Suzuki,MARUTI.NS
2026-05-04,13444.9716796875,13580.0,13976.0,13435.0,13559.0,722127,Maruti Suzuki,MARUTI.NS
2026-05-05,13292.5029296875,13426.0,13568.0,13360.0,13560.0,419490,Maruti Suzuki,MARUTI.NS
2026-05-06,13585.5595703125,13722.0,13762.0,13379.0,13555.0,435208,Maruti Suzuki,MARUTI.NS
2026-05-07,13633.08203125,13770.0,13870.0,13672.0,13722.0,726199,Maruti Suzuki,MARUTI.NS
2026-05-08,13589.51953125,13726.0,13789.0,13626.0,13672.0,270505,Maruti Suzuki,MARUTI.NS
2026-05-11,13348.935546875,13483.0,13657.0,13231.0,13547.0,634354,Maruti Suzuki,MARUTI.NS
2026-05-12,13041.0283203125,13172.0,13455.0,13150.0,13442.0,302512,Maruti Suzuki,MARUTI.NS
2026-05-13,12972.71484375,13103.0,13285.0,12986.0,13187.0,307027,Maruti Suzuki,MARUTI.NS
2026-05-14,12944.9931640625,13075.0,13234.0,12926.0,13234.0,286648,Maruti Suzuki,MARUTI.NS
2026-05-15,13089.541015625,13221.0,13325.0,13079.0,13079.0,268206,Maruti Suzuki,MARUTI.NS
2026-05-18,12886.5791015625,13016.0,13139.0,12850.0,13127.0,373184,Maruti Suzuki,MARUTI.NS
2026-05-19,12827.17578125,12956.0,13104.0,12900.0,13034.0,342737,Maruti Suzuki,MARUTI.NS
2026-05-20,12873.708984375,13003.0,13072.0,12753.0,12850.0,300695,Maruti Suzuki,MARUTI.NS
2026-05-21,12880.638671875,13010.0,13150.0,12933.0,13103.0,213095,Maruti Suzuki,MARUTI.NS
2026-05-22,12857.8681640625,12987.0,13152.0,12974.0,13100.0,387975,Maruti Suzuki,MARUTI.NS
2026-05-25,13039.0478515625,13170.0,13236.0,13101.0,13145.0,276553,Maruti Suzuki,MARUTI.NS
2026-05-26,13076.669921875,13208.0,13329.0,13134.0,13188.0,256901,Maruti Suzuki,MARUTI.NS
2026-05-27,13231.119140625,13364.0,13417.0,13102.0,13208.0,322020,Maruti Suzuki,MARUTI.NS
2026-05-28,13231.119140625,13364.0,13364.0,13364.0,13364.0,0,Maruti Suzuki,MARUTI.NS
2026-05-29,12996.4755859375,13127.0,13508.0,13050.0,13456.0,963291,Maruti Suzuki,MARUTI.NS
2026-06-01,12817.275390625,12946.0,13267.0,12913.0,13200.0,295359,Maruti Suzuki,MARUTI.NS
2026-06-02,12892.51953125,13022.0,13051.0,12700.0,12700.0,586599,Maruti Suzuki,MARUTI.NS
2026-06-03,12914.30078125,13044.0,13206.0,12911.0,13014.0,607808,Maruti Suzuki,MARUTI.NS
2026-06-04,12934.1025390625,13064.0,13264.0,12949.0,12990.0,465070,Maruti Suzuki,MARUTI.NS
2026-06-05,12920.2412109375,13050.0,13175.0,12915.0,13151.0,295703,Maruti Suzuki,MARUTI.NS
2026-06-08,12783.61328125,12912.0,13029.0,12841.0,12900.0,372902,Maruti Suzuki,MARUTI.NS
2026-06-09,12989.544921875,13120.0,13157.0,12851.0,13079.0,428323,Maruti Suzuki,MARUTI.NS
2026-06-10,12943.0126953125,13073.0,13205.0,13050.0,13118.0,203885,Maruti Suzuki,MARUTI.NS
2026-06-11,12967.763671875,13098.0,13217.0,12968.0,13070.0,308710,Maruti Suzuki,MARUTI.NS
2026-06-12,13233.099609375,13366.0,13418.0,13130.0,13232.0,559038,Maruti Suzuki,MARUTI.NS
2026-06-15,13667.734375,13805.0,13961.0,13520.0,13550.0,613280,Maruti Suzuki,MARUTI.NS
2026-06-16,13554.8681640625,13691.0,13874.0,13661.0,13861.0,280511,Maruti Suzuki,MARUTI.NS
2026-06-17,13494.474609375,13630.0,13740.0,13560.0,13700.0,241534,Maruti Suzuki,MARUTI.NS
2026-06-18,13349.92578125,13484.0,13714.0,13433.0,13646.0,373512,Maruti Suzuki,MARUTI.NS
2026-06-19,13261.810546875,13395.0,13507.0,13353.0,13484.0,719756,Maruti Suzuki,MARUTI.NS
2026-06-22,13287.552734375,13421.0,13495.0,13380.0,13450.0,254533,Maruti Suzuki,MARUTI.NS
2026-06-23,13317.25390625,13451.0,13549.0,13236.0,13420.0,398558,Maruti Suzuki,MARUTI.NS
2026-06-24,13116.2724609375,13248.0,13440.0,13201.0,13440.0,327495,Maruti Suzuki,MARUTI.NS
2026-06-25,13608.3310546875,13745.0,13917.0,13326.0,13358.0,981556,Maruti Suzuki,MARUTI.NS
2026-06-26,13608.3310546875,13745.0,13745.0,13745.0,13745.0,0,Maruti Suzuki,MARUTI.NS
2026-06-29,13278.6416015625,13412.0,13840.0,13371.0,13740.0,1358592,Maruti Suzuki,MARUTI.NS
2026-06-30,13974.65234375,14115.0,14201.0,13510.0,13744.0,1511415,Maruti Suzuki,MARUTI.NS
2026-07-01,14251.8681640625,14395.0,14549.0,14070.0,14151.0,1397790,Maruti Suzuki,MARUTI.NS
2026-07-02,14205.3349609375,14348.0,14490.0,14275.0,14431.0,327088,Maruti Suzuki,MARUTI.NS
2026-07-03,14223.15625,14366.0,14520.0,14333.0,14450.0,384188,Maruti Suzuki,MARUTI.NS
2026-07-06,14312.26171875,14456.0,14526.0,14291.0,14348.0,214686,Maruti Suzuki,MARUTI.NS
2026-07-07,14393.4462890625,14538.0,14598.0,14414.0,14463.0,524759,Maruti Suzuki,MARUTI.NS
2026-07-08,13812.2822265625,13951.0,14500.0,13880.0,14475.0,481076,Maruti Suzuki,MARUTI.NS
2026-07-09,13591.5,13728.0,14037.0,13700.0,14000.0,576451,Maruti Suzuki,MARUTI.NS
2026-07-10,13716.2470703125,13854.0,13987.0,13776.0,13800.0,430154,Maruti Suzuki,MARUTI.NS
2026-07-13,13558.828125,13695.0,13841.0,13536.0,13682.0,458633,Maruti Suzuki,MARUTI.NS
2026-07-14,13354.8759765625,13489.0,13690.0,13470.0,13619.0,368645,Maruti Suzuki,MARUTI.NS
2026-07-15,13447.94140625,13583.0,13606.0,13435.0,13503.0,456369,Maruti Suzuki,MARUTI.NS
2026-07-16,13645.953125,13783.0,13845.0,13584.0,13605.0,356847,Maruti Suzuki,MARUTI.NS
2026-07-17,13665.75390625,13803.0,13885.0,13700.0,13750.0,237330,Maruti Suzuki,MARUTI.NS
2026-07-20,13379.6279296875,13514.0,13832.0,13377.0,13824.0,517730,Maruti Suzuki,MARUTI.NS
2026-07-21,13461.802734375,13597.0,13655.0,13348.0,13520.0,341101,Maruti Suzuki,MARUTI.NS
2026-07-22,13410.3193359375,13545.0,13719.0,13491.0,13596.0,299404,Maruti Suzuki,MARUTI.NS
2026-07-23,13269.7314453125,13403.0,13568.0,13372.0,13541.0,327912,Maruti Suzuki,MARUTI.NS
2026-07-24,13308.34375,13442.0,13495.0,13197.0,13340.0,223369,Maruti Suzuki,MARUTI.NS
2026-07-27,13593.48046875,13730.0,13760.0,13501.0,13579.0,333477,Maruti Suzuki,MARUTI.NS
2026-07-28,13664.763671875,13802.0,13848.0,13669.0,13729.0,481068,Maruti Suzuki,MARUTI.NS
2026-07-29,13809.3125,13948.0,13980.0,13720.0,13780.0,515674,Maruti Suzuki,MARUTI.NS
2026-07-30,14046.92578125,14188.0,14250.0,13825.0,13939.0,626000,Maruti Suzuki,MARUTI.NS
2026-07-31,14092.46875,14234.0,14348.0,14124.0,14250.0,535417,Maruti Suzuki,MARUTI.NS
2026-08-03,14009.3037109375,14150.0,14440.0,13901.0,14300.0,961183,Maruti Suzuki,MARUTI.NS
2026-08-04,14027.125,14168.0,14254.0,14015.0,14124.0,619717,Maruti Suzuki,MARUTI.NS
2026-08-05,14048.90625,14190.0,14249.0,14089.0,14240.0,312540,Maruti Suzuki,MARUTI.NS
2026-08-06,13940.0,14080.0,14181.0,13985.0,14181.0,333510,Maruti Suzuki,MARUTI.NS
2026-08-07,14037.0,14037.0,14038.0,13811.0,13811.0,324104,Maruti Suzuki,MARUTI.NS
2026-08-10,14097.0,14097.0,14119.0,13954.0,14039.0,299446,Maruti Suzuki,MARUTI.NS
2026-08-11,13990.0,13990.0,14175.0,13980.0,14120.0,334931,Maruti Suzuki,MARUTI.NS
2026-08-12,13875.0,13875.0,14067.0,13875.0,13990.0,354408,Maruti Suzuki,MARUTI.NS
2026-08-13,13905.0,13905.0,13938.0,13825.0,13884.0,220061,Maruti Suzuki,MARUTI.NS
2026-08-14,13834.0,13834.0,13943.0,13760.0,13905.0,216810,Maruti Suzuki,MARUTI.NS
2026-08-17,13760.0,13760.0,13920.0,13760.0,13834.0,177071,Maruti Suzuki,MARUTI.NS
2026-08-18,13691.0,13691.0,13890.0,13691.0,13762.0,267433,Maruti Suzuki,MARUTI.NS
2026-08-19,13690.0,13690.0,13745.0,13628.0,13744.0,175646,Maruti Suzuki,MARUTI.NS
2026-08-20,13809.0,13809.0,13826.0,13681.0,13758.0,186272,Maruti Suzuki,MARUTI.NS
2026-08-21,13565.0,13565.0,13809.0,13565.0,13809.0,224951,Maruti Suzuki,MARUTI.NS
2026-08-24,13620.0,13620.0,13694.0,13505.0,13623.0,230499,Maruti Suzuki,MARUTI.NS
2026-08-25,13678.0,13678.0,13678.0,13450.0,13609.0,296429,Maruti Suzuki,MARUTI.NS
2026-08-26,13520.0,13520.0,13750.0,13514.0,13750.0,197113,Maruti Suzuki,MARUTI.NS
2026-08-27,13440.0,13440.0,13580.0,13404.0,13520.0,315555,Maruti Suzuki,MARUTI.NS
2026-08-28,13376.0,13376.0,13525.0,13318.0,13500.0,277509,Maruti Suzuki,MARUTI.NS
2026-08-31,13547.0,13547.0,13547.0,13268.0,13375.0,443131,Maruti Suzuki,MARUTI.NS
2026-09-01,12950.0,12950.0,13540.0,12851.0,13540.0,915975,Maruti Suzuki,MARUTI.NS
2026-09-02,12849.0,12849.0,12888.0,12640.0,12763.0,614156,Maruti Suzuki,MARUTI.NS
2026-09-03,12857.0,12857.0,12927.0,12780.0,12853.0,362963,Maruti Suzuki,MARUTI.NS
