Date,Adj Close,Close,High,Low,Open,Volume,Company,Ticker
2021-09-03,96.47443389892578,117.0,117.9000015258789,116.5,117.0,9364904,NTPC,NTPC.NS
2021-09-06,96.02091979980469,116.44999694824219,117.6500015258789,115.9000015258789,117.6500015258789,7005043,NTPC,NTPC.NS
2021-09-07,95.52616882324219,115.8499984741211,116.9000015258789,115.25,116.69999694824219,7723357,NTPC,NTPC.NS
2021-09-08,96.67045593261719,114.05000305175781,114.5999984741211,112.4000015258789,113.8499984741211,10508654,NTPC,NTPC.NS
2021-09-09,97.09426879882812,114.55000305175781,114.75,113.5,113.94999694824219,5757417,NTPC,NTPC.NS
2021-09-13,97.47570037841797,115.0,115.5,114.1500015258789,114.6500015258789,6322443,NTPC,NTPC.NS
2021-09-14,98.23853302001953,115.9000015258789,116.1500015258789,114.80000305175781,115.25,7369292,NTPC,NTPC.NS
2021-09-15,105.27373504638672,124.19999694824219,124.8499984741211,116.0,116.0,48721413,NTPC,NTPC.NS
2021-09-16,105.1042251586914,124.0,125.69999694824219,123.0,124.5,17684303,NTPC,NTPC.NS
2021-09-17,104.89232635498047,123.75,124.69999694824219,121.55000305175781,124.1500015258789,15763396,NTPC,NTPC.NS
2021-09-20,104.0023193359375,122.69999694824219,123.94999694824219,121.80000305175781,122.5,7431359,NTPC,NTPC.NS
2021-09-21,105.18899536132812,124.0999984741211,125.4000015258789,122.0999984741211,122.30000305175781,8629222,NTPC,NTPC.NS
2021-09-22,105.44327545166016,124.4000015258789,127.0,124.0,124.5999984741211,11698183,NTPC,NTPC.NS
2021-09-23,106.9689712524414,126.19999694824219,127.0,124.6500015258789,124.80000305175781,11053966,NTPC,NTPC.NS
2021-09-24,105.31612396240234,124.25,126.69999694824219,123.94999694824219,126.5,8598140,NTPC,NTPC.NS
2021-09-27,107.5199203491211,126.8499984741211,127.80000305175781,124.5,125.30000305175781,8490460,NTPC,NTPC.NS
2021-09-28,111.84276580810547,131.9499969482422,133.64999389648438,127.3499984741211,127.5,35900138,NTPC,NTPC.NS
2021-09-29,119.21701049804688,140.64999389648438,144.25,130.60000610351562,131.39999389648438,75859390,NTPC,NTPC.NS
2021-09-30,120.23416137695312,141.85000610351562,143.1999969482422,139.10000610351562,141.75,34614825,NTPC,NTPC.NS
2021-10-01,118.58129119873047,139.89999389648438,144.35000610351562,137.6999969482422,140.9499969482422,22452069,NTPC,NTPC.NS
2021-10-04,123.37031555175781,145.5500030517578,149.35000610351562,140.5,143.4499969482422,58612212,NTPC,NTPC.NS
2021-10-05,123.24317169189453,145.39999389648438,147.85000610351562,144.1999969482422,145.5500030517578,24390676,NTPC,NTPC.NS
2021-10-06,121.46318817138672,143.3000030517578,147.3000030517578,142.8000030517578,146.4499969482422,14421296,NTPC,NTPC.NS
2021-10-07,121.03935241699219,142.8000030517578,145.64999389648438,142.25,144.1999969482422,10035682,NTPC,NTPC.NS
2021-10-08,119.59842681884766,141.10000610351562,143.89999389648438,140.3000030517578,143.5500030517578,10686586,NTPC,NTPC.NS
2021-10-11,122.73458862304688,144.8000030517578,146.75,141.4499969482422,142.0,17449923,NTPC,NTPC.NS
2021-10-12,122.522705078125,144.5500030517578,146.25,143.8000030517578,146.0,16030831,NTPC,NTPC.NS
2021-10-13,124.04841613769531,146.35000610351562,147.25,144.6999969482422,145.5,19100941,NTPC,NTPC.NS
2021-10-14,126.63362884521484,149.39999389648438,150.60000610351562,146.85000610351562,147.5,29263867,NTPC,NTPC.NS
2021-10-18,126.7607650756836,149.5500030517578,151.6999969482422,148.6999969482422,151.25,25346029,NTPC,NTPC.NS
2021-10-19,126.84556579589844,149.64999389648438,152.10000610351562,148.10000610351562,150.9499969482422,20234486,NTPC,NTPC.NS
2021-10-20,123.9636459350586,146.25,150.64999389648438,145.3000030517578,150.64999389648438,16129487,NTPC,NTPC.NS
2021-10-21,125.36219787597656,147.89999389648438,148.5500030517578,145.89999389648438,147.6999969482422,20818539,NTPC,NTPC.NS
2021-10-22,122.81936645507812,144.89999389648438,148.10000610351562,144.0,147.85000610351562,11379569,NTPC,NTPC.NS
2021-10-25,121.97175598144531,143.89999389648438,146.25,143.14999389648438,144.6999969482422,14079380,NTPC,NTPC.NS
2021-10-26,121.37842559814453,143.1999969482422,145.64999389648438,142.4499969482422,145.3000030517578,16224116,NTPC,NTPC.NS
2021-10-27,119.76798248291016,141.3000030517578,144.5500030517578,140.85000610351562,144.0,15072448,NTPC,NTPC.NS
2021-10-28,116.41988372802734,137.35000610351562,141.85000610351562,136.3000030517578,141.3000030517578,19999659,NTPC,NTPC.NS
2021-10-29,112.43608856201172,132.64999389648438,136.89999389648438,128.5500030517578,131.0,29217522,NTPC,NTPC.NS
2021-11-01,113.83465576171875,134.3000030517578,135.3000030517578,130.89999389648438,133.1999969482422,10043407,NTPC,NTPC.NS
2021-11-02,115.8265380859375,136.64999389648438,140.8000030517578,135.0,135.0,21525811,NTPC,NTPC.NS
2021-11-03,115.91128540039062,136.75,138.9499969482422,135.5500030517578,137.9499969482422,9808728,NTPC,NTPC.NS
2021-11-04,116.2503433227539,137.14999389648438,138.3000030517578,136.9499969482422,138.3000030517578,1026849,NTPC,NTPC.NS
2021-11-08,118.92033386230469,140.3000030517578,140.60000610351562,136.5500030517578,138.6999969482422,12765483,NTPC,NTPC.NS
2021-11-09,117.39462280273438,138.5,141.39999389648438,138.0500030517578,140.75,9556650,NTPC,NTPC.NS
2021-11-10,116.4622573852539,137.39999389648438,138.25,136.75,138.1999969482422,5479056,NTPC,NTPC.NS
2021-11-11,115.8265380859375,136.64999389648438,137.75,134.35000610351562,137.5,11418813,NTPC,NTPC.NS
2021-11-12,115.65702056884766,136.4499969482422,138.1999969482422,134.64999389648438,138.1999969482422,9306659,NTPC,NTPC.NS
2021-11-15,116.2503433227539,137.14999389648438,137.64999389648438,136.0,137.3000030517578,3991733,NTPC,NTPC.NS
2021-11-16,113.83465576171875,134.3000030517578,137.8000030517578,134.0,137.6999969482422,5762128,NTPC,NTPC.NS
2021-11-17,115.65702056884766,136.4499969482422,138.0,134.0,134.0,15264066,NTPC,NTPC.NS
2021-11-18,114.6822738647461,135.3000030517578,137.60000610351562,134.75,136.60000610351562,9942974,NTPC,NTPC.NS
2021-11-22,110.31705474853516,130.14999389648438,136.89999389648438,129.6999969482422,135.0,15990636,NTPC,NTPC.NS
2021-11-23,113.15655517578125,133.5,133.75,128.14999389648438,130.0500030517578,11510010,NTPC,NTPC.NS
2021-11-24,114.72464752197266,135.35000610351562,137.3000030517578,133.5500030517578,134.5,7570759,NTPC,NTPC.NS
2021-11-25,114.59750366210938,135.1999969482422,136.6999969482422,132.3000030517578,135.5,13919886,NTPC,NTPC.NS
2021-11-26,109.21516418457031,128.85000610351562,134.0500030517578,128.0,133.1999969482422,13323593,NTPC,NTPC.NS
2021-11-29,107.22327423095703,126.5,129.35000610351562,125.05000305175781,127.80000305175781,16077669,NTPC,NTPC.NS
2021-11-30,107.85897064208984,127.25,129.4499969482422,124.69999694824219,127.80000305175781,22883512,NTPC,NTPC.NS
2021-12-01,108.24040222167969,127.69999694824219,132.9499969482422,125.8499984741211,130.0,17010938,NTPC,NTPC.NS
2021-12-02,109.0880126953125,128.6999969482422,130.3000030517578,126.5999984741211,127.69999694824219,12916313,NTPC,NTPC.NS
2021-12-03,107.6470718383789,127.0,130.25,126.4000015258789,128.6999969482422,12827354,NTPC,NTPC.NS
2021-12-06,105.40089416503906,124.3499984741211,127.5999984741211,124.0,127.0,8158812,NTPC,NTPC.NS
2021-12-07,106.24849700927734,125.3499984741211,126.4000015258789,124.0,125.0999984741211,8701301,NTPC,NTPC.NS
2021-12-08,107.85897064208984,127.25,127.6500015258789,124.8499984741211,124.8499984741211,12093435,NTPC,NTPC.NS
2021-12-09,106.84183502197266,126.05000305175781,127.6500015258789,125.6500015258789,127.25,11518172,NTPC,NTPC.NS
2021-12-10,106.92659759521484,126.1500015258789,126.69999694824219,124.4000015258789,126.0999984741211,8389566,NTPC,NTPC.NS
2021-12-13,106.62992858886719,125.80000305175781,128.60000610351562,125.5,127.5999984741211,13223189,NTPC,NTPC.NS
2021-12-14,107.09612274169922,126.3499984741211,127.44999694824219,125.0,125.0,11649242,NTPC,NTPC.NS
2021-12-15,107.39276885986328,126.69999694824219,128.4499969482422,125.9000015258789,126.1500015258789,11916145,NTPC,NTPC.NS
2021-12-16,107.98611450195312,127.4000015258789,128.1999969482422,126.25,127.55000305175781,10758513,NTPC,NTPC.NS
2021-12-17,106.41802978515625,125.55000305175781,127.69999694824219,124.0999984741211,127.4000015258789,13041775,NTPC,NTPC.NS
2021-12-20,103.19709014892578,121.75,125.44999694824219,119.0999984741211,124.5,14185935,NTPC,NTPC.NS
2021-12-21,103.57852172851562,122.19999694824219,124.69999694824219,120.8499984741211,123.55000305175781,10168470,NTPC,NTPC.NS
2021-12-22,103.87519073486328,122.55000305175781,123.9000015258789,121.6500015258789,123.05000305175781,7885198,NTPC,NTPC.NS
2021-12-23,105.57041931152344,124.55000305175781,125.4000015258789,122.80000305175781,123.0999984741211,9836979,NTPC,NTPC.NS
2021-12-24,102.77328491210938,121.25,125.0,120.9000015258789,124.80000305175781,8509575,NTPC,NTPC.NS
2021-12-27,103.28185272216797,121.8499984741211,122.1500015258789,120.5999984741211,121.25,5097217,NTPC,NTPC.NS
2021-12-28,105.18899536132812,124.0999984741211,124.5999984741211,121.94999694824219,122.0,6511374,NTPC,NTPC.NS
2021-12-29,104.38375091552734,123.1500015258789,124.75,122.19999694824219,124.5999984741211,8960770,NTPC,NTPC.NS
2021-12-30,107.56231689453125,126.9000015258789,127.8499984741211,122.25,123.25,32394253,NTPC,NTPC.NS
2021-12-31,105.44327545166016,124.4000015258789,126.80000305175781,124.0,126.80000305175781,9155163,NTPC,NTPC.NS
2022-01-03,106.7994384765625,126.0,126.55000305175781,124.69999694824219,125.4000015258789,9034081,NTPC,NTPC.NS
2022-01-04,112.64797973632812,132.89999389648438,133.3000030517578,126.75,127.0,33986738,NTPC,NTPC.NS
2022-01-05,111.88514709472656,132.0,132.85000610351562,130.6999969482422,132.60000610351562,16122852,NTPC,NTPC.NS
2022-01-06,110.95275115966797,130.89999389648438,132.35000610351562,129.3000030517578,132.35000610351562,8037648,NTPC,NTPC.NS
2022-01-07,111.33419799804688,131.35000610351562,132.1999969482422,129.4499969482422,131.3000030517578,8820039,NTPC,NTPC.NS
2022-01-10,111.75800323486328,131.85000610351562,132.3000030517578,130.75,131.9499969482422,7324926,NTPC,NTPC.NS
2022-01-11,112.13943481445312,132.3000030517578,134.0,131.0,132.14999389648438,11971883,NTPC,NTPC.NS
2022-01-12,113.45323944091797,133.85000610351562,134.1999969482422,132.35000610351562,133.35000610351562,10439580,NTPC,NTPC.NS
2022-01-13,114.3855972290039,134.9499969482422,136.64999389648438,133.5,134.39999389648438,15114699,NTPC,NTPC.NS
2022-01-14,114.72464752197266,135.35000610351562,136.14999389648438,133.3000030517578,134.39999389648438,9344382,NTPC,NTPC.NS
2022-01-17,115.78418731689453,136.60000610351562,137.35000610351562,134.4499969482422,134.64999389648438,9803141,NTPC,NTPC.NS
2022-01-18,114.42799377441406,135.0,137.75,134.39999389648438,136.60000610351562,6473378,NTPC,NTPC.NS
2022-01-19,114.25846862792969,134.8000030517578,135.3000030517578,132.9499969482422,134.10000610351562,21136414,NTPC,NTPC.NS
2022-01-20,114.34321594238281,134.89999389648438,136.35000610351562,134.14999389648438,134.5,8466412,NTPC,NTPC.NS
2022-01-21,113.66515350341797,134.10000610351562,136.10000610351562,132.5500030517578,134.0500030517578,12437749,NTPC,NTPC.NS
2022-01-24,112.39371490478516,132.60000610351562,135.25,131.0,133.0,14284658,NTPC,NTPC.NS
2022-01-25,114.6822738647461,135.3000030517578,135.64999389648438,131.0500030517578,131.1999969482422,10007486,NTPC,NTPC.NS
2022-01-27,114.42799377441406,135.0,136.0,133.14999389648438,134.1999969482422,18760325,NTPC,NTPC.NS
2022-01-28,118.79319763183594,140.14999389648438,144.0,138.0,140.0,34009553,NTPC,NTPC.NS
2022-01-31,120.40365600585938,142.0500030517578,143.39999389648438,138.5500030517578,142.0,27928927,NTPC,NTPC.NS
2022-02-01,119.64081573486328,141.14999389648438,144.14999389648438,140.4499969482422,144.0,17413984,NTPC,NTPC.NS
2022-02-02,119.64081573486328,141.14999389648438,142.75,140.75,142.0,10783943,NTPC,NTPC.NS
2022-02-03,119.20464324951172,136.64999389648438,138.60000610351562,136.3000030517578,137.5,9571728,NTPC,NTPC.NS
2022-02-04,117.06742858886719,134.1999969482422,137.4499969482422,133.89999389648438,137.0,7213085,NTPC,NTPC.NS
2022-02-07,117.89613342285156,135.14999389648438,136.35000610351562,134.1999969482422,134.1999969482422,10562489,NTPC,NTPC.NS
2022-02-08,117.76530456542969,135.0,135.64999389648438,132.8000030517578,135.4499969482422,8721631,NTPC,NTPC.NS
2022-02-09,117.80890655517578,135.0500030517578,135.60000610351562,133.85000610351562,135.3000030517578,5144026,NTPC,NTPC.NS
2022-02-10,119.0301742553711,136.4499969482422,136.85000610351562,134.3000030517578,135.14999389648438,6081460,NTPC,NTPC.NS
2022-02-11,119.64081573486328,137.14999389648438,137.6999969482422,134.4499969482422,134.4499969482422,8426925,NTPC,NTPC.NS
2022-02-14,115.58444213867188,132.5,136.4499969482422,131.8000030517578,134.6999969482422,7705072,NTPC,NTPC.NS
2022-02-15,118.07061004638672,135.35000610351562,135.8000030517578,130.64999389648438,132.10000610351562,12674466,NTPC,NTPC.NS
2022-02-16,116.19508361816406,133.1999969482422,136.6999969482422,132.85000610351562,134.89999389648438,12946623,NTPC,NTPC.NS
2022-02-17,115.80254364013672,132.75,134.89999389648438,132.4499969482422,134.5,5811964,NTPC,NTPC.NS
2022-02-18,115.45362091064453,132.35000610351562,134.10000610351562,131.89999389648438,132.75,6760078,NTPC,NTPC.NS
2022-02-21,115.10467529296875,131.9499969482422,134.14999389648438,131.14999389648438,132.39999389648438,12212740,NTPC,NTPC.NS
2022-02-22,115.23554229736328,132.10000610351562,132.5,127.9000015258789,131.0500030517578,13578566,NTPC,NTPC.NS
2022-02-23,113.57808685302734,130.1999969482422,133.4499969482422,129.85000610351562,132.0,9263264,NTPC,NTPC.NS
2022-02-24,108.51853942871094,124.4000015258789,129.0,123.6500015258789,127.0,18045779,NTPC,NTPC.NS
2022-02-25,113.70894622802734,130.35000610351562,131.0,125.0,125.0,10424521,NTPC,NTPC.NS
2022-02-28,116.456787109375,133.5,133.9499969482422,128.8000030517578,128.9499969482422,13262687,NTPC,NTPC.NS
2022-03-02,114.23233032226562,130.9499969482422,135.0,130.4499969482422,132.8000030517578,12587947,NTPC,NTPC.NS
2022-03-03,115.23554229736328,132.10000610351562,133.4499969482422,130.25,132.10000610351562,15628119,NTPC,NTPC.NS
2022-03-04,113.57808685302734,130.1999969482422,133.35000610351562,129.75,132.0,15883138,NTPC,NTPC.NS
2022-03-07,113.44723510742188,130.0500030517578,130.5,126.9000015258789,129.0,14985637,NTPC,NTPC.NS
2022-03-08,116.67488098144531,133.75,135.8000030517578,130.5,130.5,28572640,NTPC,NTPC.NS
2022-03-09,114.71211242675781,131.5,133.9499969482422,131.10000610351562,133.9499969482422,14286413,NTPC,NTPC.NS
2022-03-10,115.97698974609375,132.9499969482422,135.0,131.9499969482422,132.89999389648438,13101323,NTPC,NTPC.NS
2022-03-11,115.10467529296875,131.9499969482422,133.39999389648438,131.5,132.89999389648438,8669803,NTPC,NTPC.NS
2022-03-14,115.27912902832031,132.14999389648438,132.89999389648438,130.75,131.9499969482422,5670284,NTPC,NTPC.NS
2022-03-15,114.319580078125,131.0500030517578,132.9499969482422,130.64999389648438,131.3000030517578,6895190,NTPC,NTPC.NS
2022-03-16,115.80254364013672,132.75,133.0,131.5500030517578,132.39999389648438,5561866,NTPC,NTPC.NS
2022-03-17,115.93336486816406,132.89999389648438,134.3000030517578,131.89999389648438,133.5,13995384,NTPC,NTPC.NS
2022-03-21,115.93336486816406,132.89999389648438,133.39999389648438,131.6999969482422,132.89999389648438,9172207,NTPC,NTPC.NS
2022-03-22,115.8897933959961,132.85000610351562,134.14999389648438,131.75,133.3000030517578,10343712,NTPC,NTPC.NS
2022-03-23,116.4131851196289,133.4499969482422,133.75,132.1999969482422,132.89999389648438,11892811,NTPC,NTPC.NS
2022-03-24,118.11422729492188,135.39999389648438,135.6999969482422,133.35000610351562,133.5,11276181,NTPC,NTPC.NS
2022-03-25,117.54722595214844,134.75,136.14999389648438,134.1999969482422,136.0,7266868,NTPC,NTPC.NS
2022-03-28,117.5908432006836,134.8000030517578,135.5,133.8000030517578,135.5,7778682,NTPC,NTPC.NS
2022-03-29,117.19828796386719,134.35000610351562,135.3000030517578,133.89999389648438,135.0,5116935,NTPC,NTPC.NS
2022-03-30,118.0270004272461,135.3000030517578,135.9499969482422,133.4499969482422,135.0,24047012,NTPC,NTPC.NS
2022-03-31,117.76530456542969,135.0,135.60000610351562,134.3000030517578,134.3000030517578,11615450,NTPC,NTPC.NS
2022-04-01,124.70037078857422,142.9499969482422,143.4499969482422,136.8000030517578,138.0,32589741,NTPC,NTPC.NS
2022-04-04,125.87801361083984,144.3000030517578,146.0,141.5,141.85000610351562,15437496,NTPC,NTPC.NS
2022-04-05,130.06521606445312,149.10000610351562,150.60000610351562,144.75,145.39999389648438,23958626,NTPC,NTPC.NS
2022-04-06,133.46731567382812,153.0,155.3000030517578,148.3000030517578,150.35000610351562,52737388,NTPC,NTPC.NS
2022-04-07,133.90350341796875,153.5,158.0,152.1999969482422,152.9499969482422,37738903,NTPC,NTPC.NS
2022-04-08,132.6386260986328,152.0500030517578,154.89999389648438,151.1999969482422,154.89999389648438,17585569,NTPC,NTPC.NS
2022-04-11,133.5545654296875,153.10000610351562,154.60000610351562,151.85000610351562,152.4499969482422,15583159,NTPC,NTPC.NS
2022-04-12,133.11842346191406,152.60000610351562,153.60000610351562,150.85000610351562,152.6999969482422,11306524,NTPC,NTPC.NS
2022-04-13,134.29608154296875,153.9499969482422,156.1999969482422,152.75,153.0500030517578,19454061,NTPC,NTPC.NS
2022-04-18,142.3651885986328,163.1999969482422,163.75,154.5,154.89999389648438,82098517,NTPC,NTPC.NS
2022-04-19,140.14071655273438,160.64999389648438,166.35000610351562,159.5,164.89999389648438,38522118,NTPC,NTPC.NS
2022-04-20,140.0098419189453,160.5,163.1999969482422,159.0,162.14999389648438,20047692,NTPC,NTPC.NS
2022-04-21,141.9290008544922,162.6999969482422,163.39999389648438,160.35000610351562,161.60000610351562,21966151,NTPC,NTPC.NS
2022-04-22,139.9662322998047,160.4499969482422,163.0,159.85000610351562,161.25,9922564,NTPC,NTPC.NS
2022-04-25,136.17160034179688,156.10000610351562,160.89999389648438,155.39999389648438,158.60000610351562,12008027,NTPC,NTPC.NS
2022-04-26,136.9567108154297,157.0,158.4499969482422,156.0,157.60000610351562,11735823,NTPC,NTPC.NS
2022-04-27,135.77902221679688,155.64999389648438,159.60000610351562,155.1999969482422,156.8000030517578,17873048,NTPC,NTPC.NS
2022-04-28,139.31199645996094,159.6999969482422,160.10000610351562,155.25,158.0,29123808,NTPC,NTPC.NS
2022-04-29,136.25881958007812,156.1999969482422,161.0,155.6999969482422,160.39999389648438,28941216,NTPC,NTPC.NS
2022-05-02,137.39285278320312,157.5,158.35000610351562,153.0,154.60000610351562,13368198,NTPC,NTPC.NS
2022-05-04,138.39599609375,158.64999389648438,161.89999389648438,157.3000030517578,158.0,24511385,NTPC,NTPC.NS
2022-05-05,138.1779327392578,158.39999389648438,160.75,157.0,159.60000610351562,33396072,NTPC,NTPC.NS
2022-05-06,138.70138549804688,159.0,160.35000610351562,156.0500030517578,156.4499969482422,22604305,NTPC,NTPC.NS
2022-05-09,138.70138549804688,159.0,159.8000030517578,155.9499969482422,158.9499969482422,22958742,NTPC,NTPC.NS
2022-05-10,135.6045379638672,155.4499969482422,161.25,154.5,158.9499969482422,20322427,NTPC,NTPC.NS
2022-05-11,133.07481384277344,152.5500030517578,156.9499969482422,150.0500030517578,154.0500030517578,13794764,NTPC,NTPC.NS
2022-05-12,129.58543395996094,148.5500030517578,153.0,148.0,151.10000610351562,11818556,NTPC,NTPC.NS
2022-05-13,125.7471694946289,144.14999389648438,150.0,143.5,150.0,22913410,NTPC,NTPC.NS
2022-05-16,129.32376098632812,148.25,148.89999389648438,141.64999389648438,143.39999389648438,16286682,NTPC,NTPC.NS
2022-05-17,131.2864990234375,150.5,150.75,146.3000030517578,147.5,13925542,NTPC,NTPC.NS
2022-05-18,129.54180908203125,148.5,150.89999389648438,147.1999969482422,150.5,17611218,NTPC,NTPC.NS
2022-05-19,129.10568237304688,148.0,148.5500030517578,145.75,147.5,11701170,NTPC,NTPC.NS
2022-05-20,130.50140380859375,149.60000610351562,150.9499969482422,147.64999389648438,150.9499969482422,17841739,NTPC,NTPC.NS
2022-05-23,130.98117065429688,150.14999389648438,155.35000610351562,148.39999389648438,154.39999389648438,26055890,NTPC,NTPC.NS
2022-05-24,128.1461181640625,146.89999389648438,151.85000610351562,146.3000030517578,150.14999389648438,16581141,NTPC,NTPC.NS
2022-05-25,133.1619873046875,152.64999389648438,153.14999389648438,147.39999389648438,148.39999389648438,19926619,NTPC,NTPC.NS
2022-05-26,134.4705047607422,154.14999389648438,155.10000610351562,150.60000610351562,153.14999389648438,22698086,NTPC,NTPC.NS
2022-05-27,131.24285888671875,150.4499969482422,155.0,149.5,155.0,10245727,NTPC,NTPC.NS
2022-05-30,131.6354522705078,150.89999389648438,152.5,148.8000030517578,150.0500030517578,12513990,NTPC,NTPC.NS
2022-05-31,136.08436584472656,156.0,158.0,150.35000610351562,151.10000610351562,124665699,NTPC,NTPC.NS
2022-06-01,136.78219604492188,156.8000030517578,160.1999969482422,156.25,156.4499969482422,16084988,NTPC,NTPC.NS
2022-06-02,138.74497985839844,159.0500030517578,159.3000030517578,154.25,155.5,17646975,NTPC,NTPC.NS
2022-06-03,135.21200561523438,155.0,159.4499969482422,154.6999969482422,159.0,14063328,NTPC,NTPC.NS
2022-06-06,135.386474609375,155.1999969482422,158.64999389648438,154.60000610351562,155.8000030517578,18485464,NTPC,NTPC.NS
2022-06-07,137.1747589111328,157.25,157.6999969482422,153.5,155.1999969482422,14911957,NTPC,NTPC.NS
2022-06-08,137.0003204345703,157.0500030517578,159.75,156.10000610351562,156.10000610351562,16416591,NTPC,NTPC.NS
2022-06-09,135.34283447265625,155.14999389648438,158.0,154.6999969482422,155.3000030517578,13821409,NTPC,NTPC.NS
2022-06-10,135.4300994873047,155.25,156.60000610351562,154.0,154.10000610351562,7908849,NTPC,NTPC.NS
2022-06-13,129.8907928466797,148.89999389648438,154.89999389648438,147.75,154.0,19208167,NTPC,NTPC.NS
2022-06-14,132.07159423828125,151.39999389648438,152.4499969482422,148.89999389648438,148.89999389648438,17034328,NTPC,NTPC.NS
2022-06-15,129.23651123046875,148.14999389648438,153.6999969482422,147.5500030517578,152.5500030517578,15172295,NTPC,NTPC.NS
2022-06-16,124.70037078857422,142.9499969482422,150.14999389648438,142.0,150.10000610351562,18494040,NTPC,NTPC.NS
2022-06-17,122.51953887939453,140.4499969482422,144.4499969482422,139.5500030517578,141.10000610351562,21387729,NTPC,NTPC.NS
2022-06-20,119.72804260253906,137.25,141.39999389648438,135.0,140.4499969482422,16578770,NTPC,NTPC.NS
2022-06-21,122.08338165283203,139.9499969482422,141.25,137.75,138.1999969482422,51398446,NTPC,NTPC.NS
2022-06-22,120.07698822021484,137.64999389648438,139.9499969482422,136.5500030517578,139.9499969482422,8317317,NTPC,NTPC.NS
2022-06-23,119.07379150390625,136.5,139.14999389648438,135.64999389648438,137.89999389648438,11257409,NTPC,NTPC.NS
2022-06-24,119.16105651855469,136.60000610351562,137.89999389648438,134.9499969482422,137.89999389648438,21879039,NTPC,NTPC.NS
2022-06-27,120.81846618652344,138.5,139.0500030517578,136.75,137.25,12872030,NTPC,NTPC.NS
2022-06-28,120.90572357177734,138.60000610351562,139.3000030517578,137.14999389648438,138.5,14272044,NTPC,NTPC.NS
2022-06-29,123.653564453125,141.75,143.10000610351562,136.8000030517578,137.8000030517578,53487394,NTPC,NTPC.NS
2022-06-30,124.65673065185547,142.89999389648438,143.9499969482422,141.14999389648438,142.3000030517578,19270932,NTPC,NTPC.NS
2022-07-01,122.6939926147461,140.64999389648438,143.1999969482422,139.75,142.0,9592229,NTPC,NTPC.NS
2022-07-04,123.34823608398438,141.39999389648438,142.1999969482422,139.35000610351562,139.35000610351562,17526429,NTPC,NTPC.NS
2022-07-05,122.86847686767578,140.85000610351562,144.25,140.1999969482422,141.39999389648438,11370649,NTPC,NTPC.NS
2022-07-06,121.21099090576172,138.9499969482422,142.0,136.10000610351562,141.5,15929985,NTPC,NTPC.NS
2022-07-07,122.51953887939453,140.4499969482422,142.75,139.5,140.0,18144208,NTPC,NTPC.NS
2022-07-08,125.35462188720703,143.6999969482422,144.1999969482422,141.0,141.0,15375888,NTPC,NTPC.NS
2022-07-11,126.31417083740234,144.8000030517578,147.0,143.60000610351562,144.0,16779135,NTPC,NTPC.NS
2022-07-12,128.320556640625,147.10000610351562,148.10000610351562,144.0500030517578,144.0500030517578,19138561,NTPC,NTPC.NS
2022-07-13,129.62904357910156,148.60000610351562,149.35000610351562,147.5,147.75,13644449,NTPC,NTPC.NS
2022-07-14,129.3673553466797,148.3000030517578,149.3000030517578,147.0,149.0,9775869,NTPC,NTPC.NS
2022-07-15,130.6322479248047,149.75,150.14999389648438,148.14999389648438,148.4499969482422,11518139,NTPC,NTPC.NS
2022-07-18,130.67588806152344,149.8000030517578,151.5500030517578,149.3000030517578,151.39999389648438,8286352,NTPC,NTPC.NS
2022-07-19,131.50457763671875,150.75,151.1999969482422,149.25,149.8000030517578,6798359,NTPC,NTPC.NS
2022-07-20,131.33013916015625,150.5500030517578,152.25,150.14999389648438,152.10000610351562,7271345,NTPC,NTPC.NS
2022-07-21,131.59181213378906,150.85000610351562,151.25,150.0,151.0,7521568,NTPC,NTPC.NS
2022-07-22,129.93438720703125,148.9499969482422,151.39999389648438,148.14999389648438,151.0,6800124,NTPC,NTPC.NS
2022-07-25,130.9375457763672,150.10000610351562,150.4499969482422,147.35000610351562,149.1999969482422,7996687,NTPC,NTPC.NS
2022-07-26,130.85031127929688,150.0,150.9499969482422,149.14999389648438,150.0,5774871,NTPC,NTPC.NS
2022-07-27,130.58863830566406,149.6999969482422,150.5500030517578,149.0500030517578,149.5500030517578,5403197,NTPC,NTPC.NS
2022-07-28,131.1556396484375,150.35000610351562,150.9499969482422,149.0500030517578,150.0500030517578,6030744,NTPC,NTPC.NS
2022-07-29,133.42372131347656,152.9499969482422,154.4499969482422,150.4499969482422,150.9499969482422,11771461,NTPC,NTPC.NS
2022-08-01,136.5205078125,156.5,157.6999969482422,151.0,152.89999389648438,14221965,NTPC,NTPC.NS
2022-08-02,139.18112182617188,159.5500030517578,160.10000610351562,156.5500030517578,157.10000610351562,18278835,NTPC,NTPC.NS
2022-08-03,139.26837158203125,159.64999389648438,160.9499969482422,157.1999969482422,160.0500030517578,10147608,NTPC,NTPC.NS
2022-08-04,134.9503173828125,154.6999969482422,160.5,153.0500030517578,159.6999969482422,15754128,NTPC,NTPC.NS
2022-08-05,135.7354278564453,155.60000610351562,157.14999389648438,153.0,154.39999389648438,33864055,NTPC,NTPC.NS
2022-08-08,139.0502471923828,159.39999389648438,160.0,154.9499969482422,155.5,16964235,NTPC,NTPC.NS
2022-08-10,138.47239685058594,155.75,157.14999389648438,155.0,156.89999389648438,14055597,NTPC,NTPC.NS
2022-08-11,136.60536193847656,153.64999389648438,156.85000610351562,152.85000610351562,156.1999969482422,15810624,NTPC,NTPC.NS
2022-08-12,140.91732788085938,158.5,159.0,152.60000610351562,153.6999969482422,17998843,NTPC,NTPC.NS
2022-08-16,141.1396026611328,158.75,159.8000030517578,156.9499969482422,159.0,8309725,NTPC,NTPC.NS
2022-08-17,143.5400848388672,161.4499969482422,163.64999389648438,159.0,159.0,19674110,NTPC,NTPC.NS
2022-08-18,142.96218872070312,160.8000030517578,162.64999389648438,159.89999389648438,161.4499969482422,9585888,NTPC,NTPC.NS
2022-08-19,140.25050354003906,157.75,161.64999389648438,157.14999389648438,161.0500030517578,9599472,NTPC,NTPC.NS
2022-08-22,139.13917541503906,156.5,158.9499969482422,156.0,157.3000030517578,11400211,NTPC,NTPC.NS
2022-08-23,141.0506591796875,158.64999389648438,159.1999969482422,155.64999389648438,156.4499969482422,14362373,NTPC,NTPC.NS
2022-08-24,142.96218872070312,160.8000030517578,163.0,158.0,158.89999389648438,20602844,NTPC,NTPC.NS
2022-08-25,141.27294921875,158.89999389648438,161.9499969482422,158.4499969482422,161.35000610351562,12889454,NTPC,NTPC.NS
2022-08-26,145.2737579345703,163.39999389648438,164.6999969482422,158.89999389648438,159.0,30724938,NTPC,NTPC.NS
2022-08-29,143.0955352783203,160.9499969482422,163.39999389648438,160.6999969482422,161.8000030517578,10928330,NTPC,NTPC.NS
2022-08-30,145.8072052001953,164.0,165.4499969482422,161.5500030517578,161.8000030517578,24663153,NTPC,NTPC.NS
2022-09-01,142.87327575683594,160.6999969482422,164.25,160.3000030517578,161.5,14554158,NTPC,NTPC.NS
2022-09-02,143.85128784179688,161.8000030517578,166.39999389648438,161.25,163.0,25106698,NTPC,NTPC.NS
2022-09-05,146.25173950195312,164.5,165.10000610351562,162.1999969482422,162.60000610351562,15226001,NTPC,NTPC.NS
2022-09-06,149.76356506347656,168.4499969482422,168.85000610351562,164.8000030517578,165.8000030517578,27866331,NTPC,NTPC.NS
2022-09-07,148.7411346435547,167.3000030517578,170.14999389648438,166.64999389648438,168.5,19415892,NTPC,NTPC.NS
2022-09-08,148.2965850830078,166.8000030517578,169.1999969482422,165.9499969482422,168.0,11595205,NTPC,NTPC.NS
2022-09-09,148.11878967285156,166.60000610351562,169.35000610351562,165.9499969482422,167.64999389648438,16415150,NTPC,NTPC.NS
2022-09-12,147.94097900390625,166.39999389648438,168.10000610351562,165.5,167.4499969482422,15469466,NTPC,NTPC.NS
2022-09-13,148.83001708984375,167.39999389648438,168.9499969482422,165.64999389648438,166.9499969482422,15644741,NTPC,NTPC.NS
2022-09-14,153.23092651367188,172.35000610351562,173.0500030517578,165.0,165.0,38751148,NTPC,NTPC.NS
2022-09-15,155.67587280273438,175.10000610351562,176.14999389648438,172.64999389648438,174.39999389648438,29483891,NTPC,NTPC.NS
2022-09-16,153.63101196289062,172.8000030517578,174.6999969482422,171.3000030517578,173.9499969482422,26126152,NTPC,NTPC.NS
2022-09-19,152.0306854248047,171.0,174.10000610351562,170.5500030517578,173.5,13304030,NTPC,NTPC.NS
2022-09-20,152.83084106445312,171.89999389648438,173.14999389648438,170.89999389648438,171.89999389648438,15395199,NTPC,NTPC.NS
2022-09-21,149.89691162109375,168.60000610351562,172.0500030517578,168.14999389648438,171.0,7370283,NTPC,NTPC.NS
2022-09-22,149.9413604736328,168.64999389648438,169.64999389648438,166.85000610351562,167.0,7447846,NTPC,NTPC.NS
2022-09-23,145.76275634765625,163.9499969482422,168.5,162.64999389648438,167.14999389648438,12264388,NTPC,NTPC.NS
2022-09-26,141.0062713623047,158.60000610351562,163.85000610351562,156.60000610351562,162.4499969482422,21951865,NTPC,NTPC.NS
2022-09-27,141.36187744140625,159.0,161.64999389648438,157.5,159.39999389648438,8367800,NTPC,NTPC.NS
2022-09-28,140.42832946777344,157.9499969482422,159.4499969482422,155.0,157.8000030517578,14261815,NTPC,NTPC.NS
2022-09-29,141.85084533691406,159.5500030517578,161.6999969482422,158.0,158.75,17623352,NTPC,NTPC.NS
2022-09-30,141.9397430419922,159.64999389648438,161.5500030517578,157.39999389648438,160.0,12015533,NTPC,NTPC.NS
2022-10-03,142.56210327148438,160.35000610351562,164.10000610351562,158.9499969482422,159.85000610351562,10528629,NTPC,NTPC.NS
2022-10-04,144.51806640625,162.5500030517578,164.0,161.35000610351562,161.9499969482422,9013773,NTPC,NTPC.NS
2022-10-06,144.8292236328125,162.89999389648438,165.10000610351562,162.39999389648438,164.25,6456408,NTPC,NTPC.NS
2022-10-07,146.0739288330078,164.3000030517578,164.85000610351562,161.35000610351562,163.10000610351562,8825983,NTPC,NTPC.NS
2022-10-10,145.76275634765625,163.9499969482422,165.60000610351562,161.85000610351562,162.6999969482422,10484521,NTPC,NTPC.NS
2022-10-11,143.18446350097656,161.0500030517578,164.39999389648438,160.3000030517578,164.39999389648438,13805741,NTPC,NTPC.NS
2022-10-12,146.69627380371094,165.0,165.3000030517578,161.14999389648438,161.89999389648438,12496248,NTPC,NTPC.NS
2022-10-13,146.47401428222656,164.75,166.8000030517578,164.25,164.85000610351562,9447511,NTPC,NTPC.NS
2022-10-14,146.78518676757812,165.10000610351562,167.5,164.85000610351562,166.25,9588164,NTPC,NTPC.NS
2022-10-17,149.76356506347656,168.4499969482422,169.0500030517578,164.0,165.10000610351562,13426449,NTPC,NTPC.NS
2022-10-18,148.42996215820312,166.9499969482422,169.4499969482422,166.39999389648438,168.9499969482422,20635735,NTPC,NTPC.NS
2022-10-19,145.85166931152344,164.0500030517578,168.10000610351562,163.85000610351562,166.5,6947654,NTPC,NTPC.NS
2022-10-20,148.42996215820312,166.9499969482422,167.89999389648438,161.5,164.0,12020720,NTPC,NTPC.NS
2022-10-21,146.74070739746094,165.0500030517578,168.4499969482422,164.5,167.5,7414335,NTPC,NTPC.NS
2022-10-24,148.42996215820312,166.9499969482422,167.9499969482422,166.25,166.9499969482422,685185,NTPC,NTPC.NS
2022-10-25,150.56373596191406,169.35000610351562,169.6999969482422,165.4499969482422,167.4499969482422,8131380,NTPC,NTPC.NS
2022-10-27,151.71951293945312,170.64999389648438,171.5,167.5500030517578,169.89999389648438,16225577,NTPC,NTPC.NS
2022-10-28,154.74232482910156,174.0500030517578,174.6999969482422,169.89999389648438,170.64999389648438,16185760,NTPC,NTPC.NS
2022-10-31,153.897705078125,173.10000610351562,174.0,169.0500030517578,169.89999389648438,24233760,NTPC,NTPC.NS
2022-11-01,161.6326141357422,181.8000030517578,182.9499969482422,173.5,174.0,41101936,NTPC,NTPC.NS
2022-11-02,160.87692260742188,180.9499969482422,182.6999969482422,180.0,181.89999389648438,22146420,NTPC,NTPC.NS
2022-11-03,158.38751220703125,178.14999389648438,181.85000610351562,177.25,179.35000610351562,16719953,NTPC,NTPC.NS
2022-11-04,157.32064819335938,176.9499969482422,179.5,176.35000610351562,179.0500030517578,14881752,NTPC,NTPC.NS
2022-11-07,156.34266662597656,175.85000610351562,179.5,174.85000610351562,177.85000610351562,12799401,NTPC,NTPC.NS
2022-11-09,154.16444396972656,173.39999389648438,177.75,172.25,177.75,14929008,NTPC,NTPC.NS
2022-11-10,153.00868225097656,172.10000610351562,174.1999969482422,170.5500030517578,173.5,10668583,NTPC,NTPC.NS
2022-11-11,152.43077087402344,171.4499969482422,173.60000610351562,169.64999389648438,173.0,16963169,NTPC,NTPC.NS
2022-11-14,152.43077087402344,171.4499969482422,173.39999389648438,171.10000610351562,172.35000610351562,10224241,NTPC,NTPC.NS
2022-11-15,153.00868225097656,172.10000610351562,174.14999389648438,171.39999389648438,172.3000030517578,13899999,NTPC,NTPC.NS
2022-11-16,151.09716796875,169.9499969482422,172.9499969482422,169.14999389648438,172.10000610351562,9781274,NTPC,NTPC.NS
2022-11-17,149.63021850585938,168.3000030517578,170.8000030517578,167.5,169.9499969482422,12778124,NTPC,NTPC.NS
2022-11-18,147.45196533203125,165.85000610351562,169.0500030517578,165.10000610351562,168.5500030517578,11134908,NTPC,NTPC.NS
2022-11-21,146.162841796875,164.39999389648438,166.1999969482422,164.14999389648438,165.0,12788632,NTPC,NTPC.NS
2022-11-22,148.5188751220703,167.0500030517578,167.5,164.85000610351562,165.25,15198091,NTPC,NTPC.NS
2022-11-23,149.40794372558594,168.0500030517578,168.25,166.25,167.85000610351562,12004998,NTPC,NTPC.NS
2022-11-24,150.6970672607422,169.5,170.0,167.60000610351562,168.6999969482422,10986350,NTPC,NTPC.NS
2022-11-25,150.9193572998047,169.75,171.25,168.60000610351562,170.25,12358833,NTPC,NTPC.NS
2022-11-28,151.4972381591797,170.39999389648438,171.89999389648438,169.39999389648438,170.0,5471921,NTPC,NTPC.NS
2022-11-29,151.27496337890625,170.14999389648438,171.60000610351562,169.0500030517578,171.0,7693168,NTPC,NTPC.NS
2022-11-30,153.09754943847656,172.1999969482422,172.85000610351562,169.75,170.10000610351562,9133076,NTPC,NTPC.NS
2022-12-01,153.09754943847656,172.1999969482422,173.64999389648438,170.85000610351562,173.5,9214914,NTPC,NTPC.NS
2022-12-02,153.05311584472656,172.14999389648438,172.85000610351562,171.14999389648438,172.39999389648438,6376672,NTPC,NTPC.NS
2022-12-05,155.72032165527344,175.14999389648438,175.64999389648438,171.39999389648438,173.0500030517578,9861212,NTPC,NTPC.NS
2022-12-06,155.76478576660156,175.1999969482422,176.0,173.85000610351562,175.60000610351562,7008295,NTPC,NTPC.NS
2022-12-07,152.7864227294922,171.85000610351562,175.0,171.3000030517578,174.10000610351562,7718718,NTPC,NTPC.NS
2022-12-08,151.45277404785156,170.35000610351562,172.4499969482422,170.0,171.85000610351562,4225180,NTPC,NTPC.NS
2022-12-09,150.6970672607422,169.5,171.75,168.0,171.1999969482422,6174919,NTPC,NTPC.NS
2022-12-12,150.1636505126953,168.89999389648438,170.0,167.5500030517578,170.0,7153044,NTPC,NTPC.NS
2022-12-13,150.43035888671875,169.1999969482422,170.0,168.0500030517578,169.75,5166993,NTPC,NTPC.NS
2022-12-14,152.5641632080078,171.60000610351562,173.6999969482422,169.4499969482422,169.9499969482422,8562333,NTPC,NTPC.NS
2022-12-15,153.00868225097656,172.10000610351562,174.0500030517578,171.6999969482422,172.0,10644546,NTPC,NTPC.NS
2022-12-16,150.96380615234375,169.8000030517578,173.10000610351562,169.0500030517578,171.89999389648438,9433166,NTPC,NTPC.NS
2022-12-19,152.74195861816406,171.8000030517578,172.25,169.5,169.8000030517578,7706855,NTPC,NTPC.NS
2022-12-20,150.9193572998047,169.75,171.4499969482422,168.5500030517578,171.14999389648438,7387632,NTPC,NTPC.NS
2022-12-21,149.31903076171875,167.9499969482422,171.0500030517578,166.60000610351562,170.0,8454254,NTPC,NTPC.NS
2022-12-22,147.49642944335938,165.89999389648438,168.64999389648438,164.5500030517578,168.5,6979001,NTPC,NTPC.NS
2022-12-23,144.91810607910156,163.0,166.35000610351562,162.35000610351562,164.3000030517578,5313321,NTPC,NTPC.NS
2022-12-26,147.27415466308594,165.64999389648438,167.75,161.89999389648438,162.0,8321609,NTPC,NTPC.NS
2022-12-27,146.87411499023438,165.1999969482422,168.1999969482422,164.5500030517578,167.0,9244387,NTPC,NTPC.NS
2022-12-28,147.45196533203125,165.85000610351562,167.60000610351562,164.8000030517578,165.0,9652984,NTPC,NTPC.NS
2022-12-29,148.2521514892578,166.75,167.39999389648438,164.0,165.0,19571340,NTPC,NTPC.NS
2022-12-30,147.98541259765625,166.4499969482422,167.8000030517578,166.0,166.75,8626291,NTPC,NTPC.NS
2023-01-02,149.36351013183594,168.0,168.5500030517578,166.39999389648438,167.0500030517578,7322962,NTPC,NTPC.NS
2023-01-03,149.0078582763672,167.60000610351562,169.1999969482422,166.8000030517578,168.0,9629995,NTPC,NTPC.NS
2023-01-04,148.11878967285156,166.60000610351562,168.5,164.6999969482422,167.85000610351562,11995082,NTPC,NTPC.NS
2023-01-05,151.0526885986328,169.89999389648438,170.35000610351562,167.14999389648438,168.0,18887530,NTPC,NTPC.NS
2023-01-06,150.25254821777344,169.0,172.14999389648438,168.5500030517578,170.4499969482422,13216749,NTPC,NTPC.NS
2023-01-09,151.4972381591797,170.39999389648438,171.0,169.4499969482422,170.25,6012344,NTPC,NTPC.NS
2023-01-10,149.31903076171875,167.9499969482422,170.6999969482422,167.14999389648438,170.39999389648438,7557693,NTPC,NTPC.NS
2023-01-11,147.6298065185547,166.0500030517578,168.8000030517578,165.5,168.4499969482422,8463293,NTPC,NTPC.NS
2023-01-12,147.54087829589844,165.9499969482422,167.1999969482422,165.5500030517578,166.89999389648438,7628932,NTPC,NTPC.NS
2023-01-13,149.18568420410156,167.8000030517578,168.14999389648438,165.5,166.1999969482422,5090393,NTPC,NTPC.NS
2023-01-16,147.54087829589844,165.9499969482422,168.64999389648438,164.64999389648438,168.64999389648438,10321015,NTPC,NTPC.NS
2023-01-17,149.09674072265625,167.6999969482422,168.1999969482422,165.8000030517578,166.60000610351562,13015434,NTPC,NTPC.NS
2023-01-18,150.65260314941406,169.4499969482422,169.6999969482422,167.10000610351562,167.5,5536057,NTPC,NTPC.NS
2023-01-19,149.98582458496094,168.6999969482422,170.39999389648438,167.3000030517578,170.39999389648438,6812613,NTPC,NTPC.NS
2023-01-20,149.98582458496094,168.6999969482422,169.89999389648438,167.64999389648438,169.89999389648438,8545359,NTPC,NTPC.NS
2023-01-23,148.341064453125,166.85000610351562,169.5,166.0,169.39999389648438,7787735,NTPC,NTPC.NS
2023-01-24,147.6298065185547,166.0500030517578,167.5500030517578,165.39999389648438,167.1999969482422,7033092,NTPC,NTPC.NS
2023-01-25,147.49642944335938,165.89999389648438,166.60000610351562,164.39999389648438,166.0,9257370,NTPC,NTPC.NS
2023-01-27,147.85208129882812,166.3000030517578,167.0500030517578,164.0,166.25,13756671,NTPC,NTPC.NS
2023-01-30,150.1191864013672,168.85000610351562,172.25,167.10000610351562,167.60000610351562,30768122,NTPC,NTPC.NS
2023-01-31,152.16403198242188,171.14999389648438,172.64999389648438,167.35000610351562,169.85000610351562,24990701,NTPC,NTPC.NS
2023-02-01,151.14163208007812,170.0,173.8000030517578,167.1999969482422,172.25,13878016,NTPC,NTPC.NS
2023-02-02,148.38548278808594,166.89999389648438,170.85000610351562,165.5,170.0,19898080,NTPC,NTPC.NS
2023-02-03,151.03115844726562,165.5500030517578,166.4499969482422,162.5500030517578,164.5,11730514,NTPC,NTPC.NS
2023-02-06,151.48731994628906,166.0500030517578,166.85000610351562,164.0500030517578,164.5,7588936,NTPC,NTPC.NS
2023-02-07,150.75747680664062,165.25,167.6999969482422,164.3000030517578,166.5,8699758,NTPC,NTPC.NS
2023-02-08,150.98558044433594,165.5,165.75,164.10000610351562,165.60000610351562,8839686,NTPC,NTPC.NS
2023-02-09,151.4417266845703,166.0,166.64999389648438,164.64999389648438,165.9499969482422,5507650,NTPC,NTPC.NS
2023-02-10,150.52938842773438,165.0,165.8000030517578,164.10000610351562,165.10000610351562,9468345,NTPC,NTPC.NS
2023-02-13,153.1294708251953,167.85000610351562,168.1999969482422,164.8000030517578,165.10000610351562,9829152,NTPC,NTPC.NS
2023-02-14,151.48731994628906,166.0500030517578,168.5,164.85000610351562,168.5,12916373,NTPC,NTPC.NS
2023-02-15,151.25924682617188,165.8000030517578,166.5,164.1999969482422,166.0,11855678,NTPC,NTPC.NS
2023-02-16,152.7189178466797,167.39999389648438,167.6999969482422,165.60000610351562,166.0,7923121,NTPC,NTPC.NS
2023-02-17,153.31192016601562,168.0500030517578,169.64999389648438,166.4499969482422,167.0,10182025,NTPC,NTPC.NS
2023-02-20,153.175048828125,167.89999389648438,170.0,167.25,167.6999969482422,6679716,NTPC,NTPC.NS
2023-02-21,158.0558624267578,173.25,174.25,169.0500030517578,169.0500030517578,26883881,NTPC,NTPC.NS
2023-02-22,155.54705810546875,170.5,173.1999969482422,168.5,172.9499969482422,12225021,NTPC,NTPC.NS
2023-02-23,154.7259979248047,169.60000610351562,171.64999389648438,169.0,170.9499969482422,11184381,NTPC,NTPC.NS
2023-02-24,156.00320434570312,171.0,171.1999969482422,169.39999389648438,170.25,8338893,NTPC,NTPC.NS
2023-02-27,157.2803955078125,172.39999389648438,173.5,170.5,171.14999389648438,17669762,NTPC,NTPC.NS
2023-02-28,155.54705810546875,170.5,173.0,169.85000610351562,172.8000030517578,19044910,NTPC,NTPC.NS
2023-03-01,157.14358520507812,172.25,173.0500030517578,169.9499969482422,170.9499969482422,9318790,NTPC,NTPC.NS
2023-03-02,155.82073974609375,170.8000030517578,172.1999969482422,170.25,172.1999969482422,7725981,NTPC,NTPC.NS
2023-03-03,157.462890625,172.60000610351562,175.0,171.5,172.0,12962719,NTPC,NTPC.NS
2023-03-06,161.2945556640625,176.8000030517578,177.5,172.6999969482422,172.89999389648438,12402804,NTPC,NTPC.NS
2023-03-08,163.16473388671875,178.85000610351562,179.14999389648438,175.4499969482422,175.6999969482422,22099710,NTPC,NTPC.NS
2023-03-09,163.712158203125,179.4499969482422,182.1999969482422,178.0,178.39999389648438,18874546,NTPC,NTPC.NS
2023-03-10,164.8981475830078,180.75,181.0,177.8000030517578,178.0,12399692,NTPC,NTPC.NS
2023-03-13,163.9402313232422,179.6999969482422,181.5500030517578,179.4499969482422,181.3000030517578,13669178,NTPC,NTPC.NS
2023-03-14,162.2980499267578,177.89999389648438,181.0,177.1999969482422,178.64999389648438,9217542,NTPC,NTPC.NS
2023-03-15,162.57176208496094,178.1999969482422,179.5500030517578,177.75,179.4499969482422,8548173,NTPC,NTPC.NS
2023-03-16,163.84896850585938,179.60000610351562,180.0,176.9499969482422,178.1999969482422,9405016,NTPC,NTPC.NS
2023-03-17,161.43138122558594,176.9499969482422,181.6999969482422,175.89999389648438,181.6999969482422,47276890,NTPC,NTPC.NS
2023-03-20,160.564697265625,176.0,177.5500030517578,174.9499969482422,177.5500030517578,5627841,NTPC,NTPC.NS
2023-03-21,161.56820678710938,177.10000610351562,177.5500030517578,175.3000030517578,176.85000610351562,12894327,NTPC,NTPC.NS
2023-03-22,159.0594024658203,174.35000610351562,177.8000030517578,173.8000030517578,177.8000030517578,7893205,NTPC,NTPC.NS
2023-03-23,159.28749084472656,174.60000610351562,175.85000610351562,173.6999969482422,174.0500030517578,5759884,NTPC,NTPC.NS
2023-03-24,157.5541229248047,172.6999969482422,175.1999969482422,172.35000610351562,175.1999969482422,4977283,NTPC,NTPC.NS
2023-03-27,156.23126220703125,171.25,173.9499969482422,170.6999969482422,172.64999389648438,12077986,NTPC,NTPC.NS
2023-03-28,156.91551208496094,172.0,173.0,170.5,171.35000610351562,8750986,NTPC,NTPC.NS
2023-03-29,158.74009704589844,174.0,175.39999389648438,171.6999969482422,172.64999389648438,20272070,NTPC,NTPC.NS
2023-03-31,159.74363708496094,175.10000610351562,177.25,174.60000610351562,174.8000030517578,8125121,NTPC,NTPC.NS
2023-04-03,162.2068634033203,177.8000030517578,178.10000610351562,175.4499969482422,175.60000610351562,9098662,NTPC,NTPC.NS
2023-04-05,160.4734344482422,175.89999389648438,178.3000030517578,175.14999389648438,178.3000030517578,10829323,NTPC,NTPC.NS
2023-04-06,159.83485412597656,175.1999969482422,176.60000610351562,174.85000610351562,176.39999389648438,7159274,NTPC,NTPC.NS
2023-04-10,162.02438354492188,177.60000610351562,178.0,175.1999969482422,175.85000610351562,10968456,NTPC,NTPC.NS
2023-04-11,162.48052978515625,178.10000610351562,179.75,176.5500030517578,178.10000610351562,9208605,NTPC,NTPC.NS
2023-04-12,160.38223266601562,175.8000030517578,178.3000030517578,175.3000030517578,178.0,7591360,NTPC,NTPC.NS
2023-04-13,157.87342834472656,173.0500030517578,176.10000610351562,172.3000030517578,176.0,9944382,NTPC,NTPC.NS
2023-04-17,154.7259979248047,169.60000610351562,173.9499969482422,169.25,172.35000610351562,17401126,NTPC,NTPC.NS
2023-04-18,155.18211364746094,170.10000610351562,170.75,169.0,170.0,16199789,NTPC,NTPC.NS
2023-04-19,152.44525146484375,167.10000610351562,169.9499969482422,166.8000030517578,168.75,16314641,NTPC,NTPC.NS
2023-04-20,154.8172149658203,169.6999969482422,170.1999969482422,166.8000030517578,167.10000610351562,15498083,NTPC,NTPC.NS
2023-04-21,154.8172149658203,169.6999969482422,169.9499969482422,168.39999389648438,169.64999389648438,6672391,NTPC,NTPC.NS
2023-04-24,155.9575958251953,170.9499969482422,171.25,168.1999969482422,168.5,8088991,NTPC,NTPC.NS
2023-04-25,156.0944366455078,171.10000610351562,172.4499969482422,170.35000610351562,171.3000030517578,9175412,NTPC,NTPC.NS
2023-04-26,154.95407104492188,169.85000610351562,171.6999969482422,169.5,171.10000610351562,9032416,NTPC,NTPC.NS
2023-04-27,155.9575958251953,170.9499969482422,171.35000610351562,168.8000030517578,170.0,9054900,NTPC,NTPC.NS
2023-04-28,156.91551208496094,172.0,172.5,169.60000610351562,171.89999389648438,21552892,NTPC,NTPC.NS
2023-05-02,160.19979858398438,175.60000610351562,176.0,172.5500030517578,172.64999389648438,8893428,NTPC,NTPC.NS
2023-05-03,160.8839874267578,176.35000610351562,178.64999389648438,175.10000610351562,175.60000610351562,11194149,NTPC,NTPC.NS
2023-05-04,160.8839874267578,176.35000610351562,177.4499969482422,174.8000030517578,176.4499969482422,4671155,NTPC,NTPC.NS
2023-05-05,158.9681854248047,174.25,176.39999389648438,173.0,176.35000610351562,5958697,NTPC,NTPC.NS
2023-05-08,161.52261352539062,177.0500030517578,177.5500030517578,174.5,174.8000030517578,6287186,NTPC,NTPC.NS
2023-05-09,160.564697265625,176.0,178.64999389648438,175.1999969482422,177.1999969482422,7918748,NTPC,NTPC.NS
2023-05-10,161.52261352539062,177.0500030517578,177.35000610351562,174.9499969482422,176.0,6231734,NTPC,NTPC.NS
2023-05-11,163.8033905029297,179.5500030517578,180.0,176.9499969482422,177.60000610351562,12125975,NTPC,NTPC.NS
2023-05-12,159.60678100585938,174.9499969482422,179.25,174.5,179.10000610351562,8920297,NTPC,NTPC.NS
2023-05-15,160.5190887451172,175.9499969482422,176.75,173.85000610351562,174.0,7980565,NTPC,NTPC.NS
2023-05-16,161.88751220703125,177.4499969482422,178.0,175.5,176.89999389648438,7874923,NTPC,NTPC.NS
2023-05-17,160.564697265625,176.0,177.85000610351562,175.0500030517578,177.4499969482422,6639494,NTPC,NTPC.NS
2023-05-18,159.74363708496094,175.10000610351562,177.6999969482422,174.64999389648438,177.0,6921939,NTPC,NTPC.NS
2023-05-19,158.10150146484375,173.3000030517578,175.35000610351562,172.9499969482422,175.0,6657753,NTPC,NTPC.NS
2023-05-22,158.8313446044922,174.10000610351562,177.0500030517578,173.14999389648438,173.3000030517578,13339834,NTPC,NTPC.NS
2023-05-23,158.87693786621094,174.14999389648438,175.64999389648438,172.8000030517578,174.9499969482422,8359389,NTPC,NTPC.NS
2023-05-24,159.60678100585938,174.9499969482422,175.3000030517578,173.4499969482422,174.0,8507023,NTPC,NTPC.NS
2023-05-25,159.19625854492188,174.5,175.5500030517578,173.39999389648438,174.9499969482422,7986243,NTPC,NTPC.NS
2023-05-26,159.19625854492188,174.5,177.25,174.10000610351562,175.0,6926193,NTPC,NTPC.NS
2023-05-29,160.83839416503906,176.3000030517578,177.8000030517578,174.8000030517578,174.9499969482422,9943211,NTPC,NTPC.NS
2023-05-30,161.2945556640625,176.8000030517578,178.0,175.60000610351562,177.0,9727639,NTPC,NTPC.NS
2023-05-31,158.60330200195312,173.85000610351562,177.0,171.9499969482422,177.0,41785992,NTPC,NTPC.NS
2023-06-01,159.1050262451172,174.39999389648438,174.6999969482422,171.85000610351562,173.60000610351562,11602551,NTPC,NTPC.NS
2023-06-02,159.24188232421875,174.5500030517578,175.89999389648438,173.39999389648438,175.89999389648438,7262018,NTPC,NTPC.NS
2023-06-05,158.8313446044922,174.10000610351562,176.1999969482422,173.5500030517578,175.8000030517578,12239684,NTPC,NTPC.NS
2023-06-06,160.01731872558594,175.39999389648438,175.75,173.5500030517578,174.5,4889564,NTPC,NTPC.NS
2023-06-07,161.79632568359375,177.35000610351562,178.0,175.39999389648438,175.9499969482422,6270083,NTPC,NTPC.NS
2023-06-08,166.0841064453125,182.0500030517578,184.35000610351562,178.10000610351562,178.75,27382635,NTPC,NTPC.NS
2023-06-09,166.768310546875,182.8000030517578,184.25,180.5500030517578,184.0,10235269,NTPC,NTPC.NS
2023-06-12,169.41400146484375,185.6999969482422,186.4499969482422,182.64999389648438,182.8000030517578,17450400,NTPC,NTPC.NS
2023-06-13,169.09471130371094,185.35000610351562,186.64999389648438,185.0,186.0,8332566,NTPC,NTPC.NS
2023-06-14,170.78244018554688,187.1999969482422,188.39999389648438,185.35000610351562,185.35000610351562,15061573,NTPC,NTPC.NS
2023-06-15,170.3262939453125,186.6999969482422,187.3000030517578,185.35000610351562,187.0,9840499,NTPC,NTPC.NS
2023-06-16,171.69476318359375,188.1999969482422,188.6999969482422,186.0500030517578,186.89999389648438,8562558,NTPC,NTPC.NS
2023-06-19,169.55084228515625,185.85000610351562,188.1999969482422,185.1999969482422,188.1999969482422,5363723,NTPC,NTPC.NS
2023-06-20,171.05616760253906,187.5,188.0,184.5500030517578,186.0,6035600,NTPC,NTPC.NS
2023-06-21,171.05616760253906,187.5,188.6999969482422,186.5,187.5,5906854,NTPC,NTPC.NS
2023-06-22,168.31922912597656,184.5,187.9499969482422,183.35000610351562,187.5,6683123,NTPC,NTPC.NS
2023-06-23,170.3262939453125,186.6999969482422,187.5,183.75,184.5500030517578,15255365,NTPC,NTPC.NS
2023-06-26,168.6841583251953,184.89999389648438,187.39999389648438,184.4499969482422,187.39999389648438,7231775,NTPC,NTPC.NS
2023-06-27,169.7333221435547,186.0500030517578,186.9499969482422,184.8000030517578,184.89999389648438,6787438,NTPC,NTPC.NS
2023-06-28,172.51585388183594,189.10000610351562,190.60000610351562,185.3000030517578,186.0500030517578,32476741,NTPC,NTPC.NS
2023-06-30,172.5614013671875,189.14999389648438,191.64999389648438,188.0,188.10000610351562,9579059,NTPC,NTPC.NS
2023-07-03,174.47726440429688,191.25,192.60000610351562,188.6999969482422,190.0,7352149,NTPC,NTPC.NS
2023-07-04,177.03170776367188,194.0500030517578,194.8000030517578,189.0,191.10000610351562,13258826,NTPC,NTPC.NS
2023-07-05,176.438720703125,193.39999389648438,194.75,192.35000610351562,194.0,6558910,NTPC,NTPC.NS
2023-07-06,179.49490356445312,196.75,197.14999389648438,192.75,193.5,16276609,NTPC,NTPC.NS
2023-07-07,175.7088623046875,192.60000610351562,197.75,192.14999389648438,196.75,12652336,NTPC,NTPC.NS
2023-07-10,174.7509765625,191.5500030517578,193.35000610351562,189.8000030517578,192.64999389648438,10238356,NTPC,NTPC.NS
2023-07-11,175.5264129638672,192.39999389648438,192.9499969482422,190.8000030517578,192.64999389648438,11236383,NTPC,NTPC.NS
2023-07-12,174.06674194335938,190.8000030517578,194.75,190.25,193.75,9191559,NTPC,NTPC.NS
2023-07-13,171.42105102539062,187.89999389648438,191.8000030517578,186.9499969482422,191.8000030517578,10612659,NTPC,NTPC.NS
2023-07-14,171.01051330566406,187.4499969482422,188.35000610351562,184.75,187.9499969482422,12369394,NTPC,NTPC.NS
2023-07-17,170.14382934570312,186.5,188.9499969482422,185.8000030517578,188.4499969482422,9058800,NTPC,NTPC.NS
2023-07-18,170.9193115234375,187.35000610351562,189.14999389648438,186.3000030517578,187.0,7177677,NTPC,NTPC.NS
2023-07-19,175.6632537841797,192.5500030517578,196.60000610351562,190.1999969482422,191.0,31761232,NTPC,NTPC.NS
2023-07-20,175.98255920410156,192.89999389648438,194.25,191.85000610351562,192.6999969482422,8936996,NTPC,NTPC.NS
2023-07-21,177.98963928222656,195.10000610351562,196.35000610351562,192.10000610351562,192.8000030517578,11031250,NTPC,NTPC.NS
2023-07-24,178.71945190429688,195.89999389648438,197.0,192.9499969482422,195.5,9981788,NTPC,NTPC.NS
2023-07-25,183.05287170410156,200.64999389648438,201.35000610351562,195.89999389648438,196.5,18028061,NTPC,NTPC.NS
2023-07-26,183.9195556640625,201.60000610351562,202.14999389648438,200.0,201.5,13857423,NTPC,NTPC.NS
2023-07-27,184.2388916015625,201.9499969482422,203.0,200.60000610351562,201.75,16013422,NTPC,NTPC.NS
2023-07-28,191.58291625976562,210.0,210.4499969482422,199.5,201.85000610351562,39630520,NTPC,NTPC.NS
2023-07-31,199.20059204101562,218.35000610351562,218.9499969482422,209.64999389648438,212.1999969482422,43494779,NTPC,NTPC.NS
2023-08-01,205.4042205810547,225.14999389648438,226.64999389648438,218.85000610351562,219.5500030517578,63510580,NTPC,NTPC.NS
2023-08-02,199.88482666015625,219.10000610351562,225.14999389648438,216.85000610351562,225.0500030517578,22647784,NTPC,NTPC.NS
2023-08-03,200.79710388183594,220.10000610351562,223.60000610351562,217.9499969482422,219.10000610351562,29868065,NTPC,NTPC.NS
2023-08-04,198.8356475830078,217.9499969482422,222.1999969482422,217.60000610351562,221.6999969482422,12879897,NTPC,NTPC.NS
2023-08-07,198.8356475830078,217.9499969482422,221.35000610351562,217.64999389648438,219.6999969482422,12929354,NTPC,NTPC.NS
2023-08-08,198.4707489013672,217.5500030517578,220.39999389648438,214.0,220.3000030517578,15314866,NTPC,NTPC.NS
2023-08-09,199.51988220214844,218.6999969482422,219.6999969482422,216.4499969482422,218.4499969482422,12554174,NTPC,NTPC.NS
2023-08-10,198.3339080810547,217.39999389648438,220.85000610351562,216.5,219.1999969482422,10970619,NTPC,NTPC.NS
2023-08-11,197.03880310058594,213.0,216.5,212.64999389648438,214.89999389648438,7970536,NTPC,NTPC.NS
2023-08-14,197.03880310058594,213.0,214.0,211.8000030517578,213.3000030517578,9283695,NTPC,NTPC.NS
2023-08-16,201.1553497314453,217.4499969482422,217.9499969482422,212.0500030517578,212.9499969482422,9687712,NTPC,NTPC.NS
2023-08-17,199.5827178955078,215.75,219.8000030517578,215.14999389648438,219.4499969482422,11865239,NTPC,NTPC.NS
2023-08-18,199.02769470214844,215.14999389648438,216.64999389648438,213.3000030517578,215.8000030517578,14101163,NTPC,NTPC.NS
2023-08-21,202.4041748046875,218.8000030517578,219.5500030517578,215.6999969482422,217.1999969482422,13336739,NTPC,NTPC.NS
2023-08-22,205.0868682861328,221.6999969482422,222.3000030517578,218.85000610351562,219.25,16930149,NTPC,NTPC.NS
2023-08-23,205.0868682861328,221.6999969482422,222.89999389648438,221.0500030517578,222.89999389648438,13507905,NTPC,NTPC.NS
2023-08-24,204.30056762695312,220.85000610351562,222.39999389648438,219.64999389648438,222.0,11182959,NTPC,NTPC.NS
2023-08-25,201.57162475585938,217.89999389648438,221.85000610351562,217.1999969482422,221.85000610351562,7413549,NTPC,NTPC.NS
2023-08-28,202.3116912841797,218.6999969482422,219.3000030517578,217.1999969482422,217.89999389648438,4851793,NTPC,NTPC.NS
2023-08-29,204.53184509277344,221.10000610351562,221.75,218.25,219.1999969482422,8799235,NTPC,NTPC.NS
2023-08-30,203.88426208496094,220.39999389648438,222.0,219.75,222.0,5490930,NTPC,NTPC.NS
2023-08-31,203.79176330566406,220.3000030517578,221.64999389648438,218.75,221.64999389648438,18532999,NTPC,NTPC.NS
2023-09-01,213.4124298095703,230.6999969482422,231.64999389648438,216.14999389648438,217.85000610351562,29859815,NTPC,NTPC.NS
2023-09-04,218.13027954101562,235.8000030517578,236.5,230.5,233.6999969482422,21895573,NTPC,NTPC.NS
2023-09-05,217.0202178955078,234.60000610351562,236.89999389648438,231.6999969482422,236.89999389648438,13952922,NTPC,NTPC.NS
2023-09-06,214.52252197265625,231.89999389648438,235.85000610351562,228.39999389648438,235.5,14623019,NTPC,NTPC.NS
2023-09-07,216.55767822265625,234.10000610351562,238.0,229.35000610351562,233.0,30334731,NTPC,NTPC.NS
2023-09-08,222.246826171875,240.25,243.60000610351562,235.0,236.0,28856420,NTPC,NTPC.NS
2023-09-11,224.88327026367188,243.10000610351562,243.89999389648438,238.14999389648438,243.60000610351562,22493483,NTPC,NTPC.NS
2023-09-12,217.4827423095703,235.10000610351562,244.9499969482422,234.10000610351562,244.1999969482422,21174310,NTPC,NTPC.NS
2023-09-13,219.3791046142578,237.14999389648438,238.4499969482422,233.14999389648438,236.10000610351562,9151928,NTPC,NTPC.NS
2023-09-14,220.11915588378906,237.9499969482422,239.1999969482422,235.9499969482422,237.9499969482422,7568464,NTPC,NTPC.NS
2023-09-15,218.50027465820312,236.1999969482422,239.3000030517578,235.60000610351562,235.60000610351562,14098284,NTPC,NTPC.NS
2023-09-18,223.12562561035156,241.1999969482422,242.14999389648438,236.0500030517578,237.0,11163399,NTPC,NTPC.NS
2023-09-20,223.6343994140625,241.75,246.0,240.35000610351562,241.5,18936709,NTPC,NTPC.NS
2023-09-21,221.04421997070312,238.9499969482422,242.89999389648438,237.10000610351562,240.0500030517578,10134737,NTPC,NTPC.NS
2023-09-22,220.11915588378906,237.9499969482422,239.3000030517578,236.0,238.60000610351562,7209300,NTPC,NTPC.NS
2023-09-25,221.69178771972656,239.64999389648438,240.25,237.14999389648438,239.14999389648438,8027642,NTPC,NTPC.NS
2023-09-26,222.20057678222656,240.1999969482422,243.1999969482422,239.0500030517578,239.75,10681642,NTPC,NTPC.NS
2023-09-27,221.3679962158203,239.3000030517578,240.5,237.85000610351562,239.89999389648438,9679279,NTPC,NTPC.NS
2023-09-28,219.28663635253906,237.0500030517578,241.1999969482422,235.64999389648438,239.60000610351562,32887087,NTPC,NTPC.NS
2023-09-29,227.14967346191406,245.5500030517578,251.5,239.5,239.5500030517578,35038887,NTPC,NTPC.NS
2023-10-03,223.12562561035156,241.1999969482422,246.6999969482422,240.5500030517578,244.35000610351562,14885044,NTPC,NTPC.NS
2023-10-04,217.5289764404297,235.14999389648438,241.0,231.5,241.0,25424437,NTPC,NTPC.NS
2023-10-05,216.32640075683594,233.85000610351562,237.39999389648438,232.0500030517578,237.25,22472389,NTPC,NTPC.NS
2023-10-06,217.89901733398438,235.5500030517578,237.5,233.64999389648438,234.25,8825123,NTPC,NTPC.NS
2023-10-09,217.11273193359375,234.6999969482422,236.3000030517578,230.5,233.85000610351562,10659145,NTPC,NTPC.NS
2023-10-10,218.22279357910156,235.89999389648438,236.85000610351562,233.75,234.89999389648438,11665907,NTPC,NTPC.NS
2023-10-11,220.81298828125,238.6999969482422,239.6999969482422,236.0,236.25,14313043,NTPC,NTPC.NS
2023-10-12,223.4956512451172,241.60000610351562,242.75,238.60000610351562,238.9499969482422,13170027,NTPC,NTPC.NS
2023-10-13,223.9119415283203,242.0500030517578,243.8000030517578,239.60000610351562,240.5500030517578,11880728,NTPC,NTPC.NS
2023-10-16,225.20704650878906,243.4499969482422,245.0,241.0,242.85000610351562,6936948,NTPC,NTPC.NS
2023-10-17,227.51966857910156,245.9499969482422,247.1999969482422,243.3000030517578,244.85000610351562,10084205,NTPC,NTPC.NS
2023-10-18,223.86569213867188,242.0,246.8000030517578,241.60000610351562,245.89999389648438,6987265,NTPC,NTPC.NS
2023-10-19,221.5530242919922,239.5,241.8000030517578,238.5,240.1999969482422,11485237,NTPC,NTPC.NS
2023-10-20,222.9406280517578,241.0,242.14999389648438,237.5500030517578,238.9499969482422,9040953,NTPC,NTPC.NS
2023-10-23,218.8240966796875,236.5500030517578,240.89999389648438,235.0,240.8000030517578,7058625,NTPC,NTPC.NS
2023-10-25,214.6613006591797,232.0500030517578,236.3000030517578,228.35000610351562,236.0,23949207,NTPC,NTPC.NS
2023-10-26,214.291259765625,231.64999389648438,233.3000030517578,227.75,230.85000610351562,17410264,NTPC,NTPC.NS
2023-10-27,218.870361328125,236.60000610351562,238.4499969482422,232.0,232.0,10519462,NTPC,NTPC.NS
2023-10-30,217.0202178955078,234.60000610351562,238.39999389648438,230.64999389648438,237.4499969482422,8812268,NTPC,NTPC.NS
2023-10-31,218.13027954101562,235.8000030517578,237.1999969482422,233.5500030517578,234.5,6583581,NTPC,NTPC.NS
2023-11-01,215.17007446289062,232.60000610351562,236.6999969482422,232.10000610351562,236.6999969482422,6718059,NTPC,NTPC.NS
2023-11-02,217.62149047851562,235.25,235.6999969482422,233.75,234.1999969482422,6057787,NTPC,NTPC.NS
2023-11-03,218.8824005126953,234.35000610351562,235.25,233.3000030517578,233.3000030517578,6825146,NTPC,NTPC.NS
2023-11-06,220.28341674804688,235.85000610351562,237.1999969482422,234.5500030517578,235.35000610351562,5338605,NTPC,NTPC.NS
2023-11-07,223.36558532714844,239.14999389648438,239.5500030517578,235.1999969482422,236.3000030517578,7002346,NTPC,NTPC.NS
2023-11-08,221.07728576660156,236.6999969482422,240.89999389648438,235.9499969482422,239.85000610351562,9777991,NTPC,NTPC.NS
2023-11-09,222.24476623535156,237.9499969482422,239.6999969482422,236.0,237.1999969482422,13987058,NTPC,NTPC.NS
2023-11-10,226.72796630859375,242.75,243.25,235.8000030517578,237.85000610351562,9589671,NTPC,NTPC.NS
2023-11-13,229.48324584960938,245.6999969482422,250.60000610351562,243.3000030517578,244.9499969482422,18792969,NTPC,NTPC.NS
2023-11-15,230.9776611328125,247.3000030517578,248.9499969482422,245.9499969482422,248.9499969482422,10965645,NTPC,NTPC.NS
2023-11-16,235.69435119628906,252.35000610351562,254.25,247.64999389648438,248.8000030517578,22145147,NTPC,NTPC.NS
2023-11-17,234.99386596679688,251.60000610351562,253.10000610351562,251.0,253.0,5618928,NTPC,NTPC.NS
2023-11-20,234.4801483154297,251.0500030517578,255.39999389648438,250.3000030517578,251.0,6283832,NTPC,NTPC.NS
2023-11-21,233.4994354248047,250.0,252.8000030517578,247.3000030517578,252.60000610351562,6851869,NTPC,NTPC.NS
2023-11-22,236.90855407714844,253.64999389648438,254.0,249.35000610351562,250.8000030517578,5275418,NTPC,NTPC.NS
2023-11-23,236.06796264648438,252.75,255.6999969482422,251.6999969482422,254.0,8200025,NTPC,NTPC.NS
2023-11-24,237.14202880859375,253.89999389648438,256.8500061035156,253.0,253.3000030517578,7149443,NTPC,NTPC.NS
2023-11-28,240.55111694335938,257.54998779296875,258.29998779296875,253.64999389648438,254.85000610351562,6151585,NTPC,NTPC.NS
2023-11-29,241.3450469970703,258.3999938964844,259.54998779296875,256.1000061035156,259.54998779296875,8637363,NTPC,NTPC.NS
2023-11-30,244.05361938476562,261.29998779296875,261.6499938964844,256.0,257.95001220703125,21687673,NTPC,NTPC.NS
2023-12-01,251.19871520996094,268.95001220703125,275.45001220703125,261.75,262.3500061035156,29121320,NTPC,NTPC.NS
2023-12-04,256.66259765625,274.79998779296875,279.0,273.25,276.0,20464526,NTPC,NTPC.NS
2023-12-05,266.6097106933594,285.45001220703125,286.54998779296875,272.79998779296875,275.20001220703125,18883076,NTPC,NTPC.NS
2023-12-06,262.5467834472656,281.1000061035156,288.25,278.95001220703125,288.0,13415314,NTPC,NTPC.NS
2023-12-07,265.0685729980469,283.79998779296875,288.25,281.29998779296875,281.8500061035156,25133786,NTPC,NTPC.NS
2023-12-08,266.236083984375,285.04998779296875,291.8999938964844,281.0,286.45001220703125,20815064,NTPC,NTPC.NS
2023-12-11,268.3375549316406,287.29998779296875,288.5,284.3999938964844,286.04998779296875,8071675,NTPC,NTPC.NS
2023-12-12,264.69500732421875,283.3999938964844,288.6000061035156,280.8500061035156,287.45001220703125,8640883,NTPC,NTPC.NS
2023-12-13,274.6419982910156,294.04998779296875,294.8999938964844,284.5,284.75,23629670,NTPC,NTPC.NS
2023-12-14,275.9029541015625,295.3999938964844,298.5,293.6000061035156,297.75,24900443,NTPC,NTPC.NS
2023-12-15,284.9627380371094,305.1000061035156,307.0,295.0,298.0,28843558,NTPC,NTPC.NS
2023-12-18,283.18817138671875,303.20001220703125,306.54998779296875,301.75,306.0,13307504,NTPC,NTPC.NS
2023-12-19,289.2124328613281,309.6499938964844,312.5,302.5,305.0,15650536,NTPC,NTPC.NS
2023-12-20,278.00445556640625,297.6499938964844,313.3500061035156,295.1499938964844,312.5,23497233,NTPC,NTPC.NS
2023-12-21,282.0206604003906,301.95001220703125,303.1499938964844,293.20001220703125,295.79998779296875,17868637,NTPC,NTPC.NS
2023-12-22,282.8145446777344,302.79998779296875,308.95001220703125,299.6000061035156,304.0,15207726,NTPC,NTPC.NS
2023-12-26,289.1657409667969,309.6000061035156,310.70001220703125,304.6000061035156,306.45001220703125,9917180,NTPC,NTPC.NS
2023-12-27,285.8500061035156,306.04998779296875,312.25,303.54998779296875,311.6000061035156,12630732,NTPC,NTPC.NS
2023-12-28,293.18194580078125,313.8999938964844,315.5,307.75,309.1000061035156,37591916,NTPC,NTPC.NS
2023-12-29,290.6134033203125,311.1499938964844,314.3500061035156,308.1499938964844,314.3500061035156,12682889,NTPC,NTPC.NS
2024-01-01,289.30584716796875,309.75,313.29998779296875,307.79998779296875,312.0,8024960,NTPC,NTPC.NS
2024-01-02,285.8033142089844,306.0,310.79998779296875,302.04998779296875,310.79998779296875,13506040,NTPC,NTPC.NS
2024-01-03,285.9901428222656,306.20001220703125,308.0,303.29998779296875,307.20001220703125,14259987,NTPC,NTPC.NS
2024-01-04,296.17071533203125,317.1000061035156,321.75,308.6000061035156,310.8999938964844,40057506,NTPC,NTPC.NS
2024-01-05,294.16259765625,314.95001220703125,325.6499938964844,312.70001220703125,322.8999938964844,27456415,NTPC,NTPC.NS
2024-01-08,295.5636291503906,316.45001220703125,318.3500061035156,312.6000061035156,316.45001220703125,10136462,NTPC,NTPC.NS
2024-01-09,298.64581298828125,319.75,321.45001220703125,316.04998779296875,317.8500061035156,12229517,NTPC,NTPC.NS
2024-01-10,292.668212890625,313.3500061035156,319.75,308.0,319.6499938964844,14455000,NTPC,NTPC.NS
2024-01-11,292.2478942871094,312.8999938964844,317.29998779296875,312.3500061035156,314.95001220703125,10316319,NTPC,NTPC.NS
2024-01-12,292.014404296875,312.6499938964844,315.29998779296875,309.70001220703125,315.20001220703125,12341629,NTPC,NTPC.NS
2024-01-15,296.35748291015625,317.29998779296875,318.0,309.6000061035156,314.8999938964844,9706124,NTPC,NTPC.NS
2024-01-16,290.9403076171875,311.5,317.25,310.1499938964844,317.25,10162832,NTPC,NTPC.NS
2024-01-17,288.885498046875,309.29998779296875,314.1000061035156,307.1000061035156,309.75,13502940,NTPC,NTPC.NS
2024-01-18,279.5455627441406,299.29998779296875,311.29998779296875,296.54998779296875,308.95001220703125,32481018,NTPC,NTPC.NS
2024-01-19,288.0916748046875,308.45001220703125,309.45001220703125,301.70001220703125,303.79998779296875,28651237,NTPC,NTPC.NS
2024-01-23,282.62774658203125,302.6000061035156,315.29998779296875,300.29998779296875,313.45001220703125,21652362,NTPC,NTPC.NS
2024-01-24,288.4652404785156,308.8500061035156,310.70001220703125,298.25,302.95001220703125,23922028,NTPC,NTPC.NS
2024-01-25,293.9757995605469,314.75,317.20001220703125,309.20001220703125,310.0,32525422,NTPC,NTPC.NS
2024-01-29,303.12896728515625,324.54998779296875,325.75,316.1499938964844,317.79998779296875,24694773,NTPC,NTPC.NS
2024-01-30,294.6296081542969,315.45001220703125,323.95001220703125,314.5,321.8500061035156,20918448,NTPC,NTPC.NS
2024-01-31,296.5443115234375,317.5,320.0,312.6000061035156,318.54998779296875,20931224,NTPC,NTPC.NS
2024-02-01,300.7472839355469,322.0,326.95001220703125,317.1000061035156,320.04998779296875,24020951,NTPC,NTPC.NS
2024-02-02,310.55426025390625,332.5,333.70001220703125,323.1000061035156,324.0,32346639,NTPC,NTPC.NS
2024-02-05,313.91668701171875,336.1000061035156,341.04998779296875,333.04998779296875,338.0,19651482,NTPC,NTPC.NS
2024-02-06,315.18988037109375,334.20001220703125,336.0,329.0,336.0,12024661,NTPC,NTPC.NS
2024-02-07,311.88897705078125,330.70001220703125,337.8999938964844,329.6499938964844,337.8999938964844,8080437,NTPC,NTPC.NS
2024-02-08,312.07763671875,330.8999938964844,335.25,328.0,333.95001220703125,17754869,NTPC,NTPC.NS
2024-02-09,306.41888427734375,324.8999938964844,335.0,319.6000061035156,332.95001220703125,18304439,NTPC,NTPC.NS
2024-02-12,298.1666259765625,316.1499938964844,326.70001220703125,314.5,326.1499938964844,11714289,NTPC,NTPC.NS
2024-02-13,303.2593994140625,321.54998779296875,323.95001220703125,315.8999938964844,318.54998779296875,15426888,NTPC,NTPC.NS
2024-02-14,309.3425598144531,328.0,329.3500061035156,318.3500061035156,320.8999938964844,14085723,NTPC,NTPC.NS
2024-02-15,319.95263671875,339.25,340.8999938964844,330.1499938964844,331.0,21973316,NTPC,NTPC.NS
2024-02-16,318.5379638671875,337.75,342.95001220703125,336.79998779296875,341.8999938964844,20307449,NTPC,NTPC.NS
2024-02-19,319.48101806640625,338.75,341.8999938964844,337.5,340.3999938964844,8496898,NTPC,NTPC.NS
2024-02-20,326.0357666015625,345.70001220703125,346.5,337.79998779296875,340.6000061035156,19340526,NTPC,NTPC.NS
2024-02-21,316.9818115234375,336.1000061035156,348.04998779296875,334.70001220703125,347.0,17751633,NTPC,NTPC.NS
2024-02-22,320.23553466796875,339.54998779296875,340.25,330.6000061035156,339.0,16083122,NTPC,NTPC.NS
2024-02-23,318.5379638671875,337.75,340.0,334.8500061035156,340.0,9665454,NTPC,NTPC.NS
2024-02-26,318.3964538574219,337.6000061035156,338.5,334.54998779296875,338.0,7711995,NTPC,NTPC.NS
2024-02-27,316.9818115234375,336.1000061035156,338.0,334.1000061035156,336.1000061035156,8882923,NTPC,NTPC.NS
2024-02-28,314.341064453125,333.29998779296875,336.5,331.79998779296875,335.70001220703125,12977628,NTPC,NTPC.NS
2024-02-29,316.5102844238281,335.6000061035156,336.0,330.6000061035156,333.29998779296875,13149469,NTPC,NTPC.NS
2024-03-01,323.9608459472656,343.5,344.3500061035156,335.0,335.6000061035156,13027254,NTPC,NTPC.NS
2024-03-04,333.72210693359375,353.8500061035156,358.29998779296875,345.75,348.0,38075510,NTPC,NTPC.NS
2024-03-05,337.8718566894531,358.25,359.95001220703125,353.54998779296875,354.8999938964844,15918221,NTPC,NTPC.NS
2024-03-06,331.93017578125,351.95001220703125,359.45001220703125,345.0,359.45001220703125,13120921,NTPC,NTPC.NS
2024-03-07,332.166015625,352.20001220703125,353.8999938964844,349.70001220703125,352.0,9172926,NTPC,NTPC.NS
2024-03-11,328.1577453613281,347.95001220703125,353.1499938964844,346.70001220703125,352.25,10664917,NTPC,NTPC.NS
2024-03-12,325.1397399902344,344.75,349.45001220703125,342.54998779296875,348.0,9637912,NTPC,NTPC.NS
2024-03-13,304.1553649902344,322.5,344.5,319.5,343.8500061035156,23722232,NTPC,NTPC.NS
2024-03-14,303.5423583984375,321.8500061035156,326.95001220703125,316.5,321.04998779296875,20859127,NTPC,NTPC.NS
2024-03-15,298.30804443359375,316.29998779296875,326.04998779296875,305.75,322.6499938964844,43285007,NTPC,NTPC.NS
2024-03-18,299.1097106933594,317.1499938964844,322.8999938964844,314.95001220703125,317.1000061035156,13690352,NTPC,NTPC.NS
2024-03-19,295.6202087402344,313.45001220703125,317.8999938964844,310.1000061035156,314.29998779296875,13388060,NTPC,NTPC.NS
2024-03-20,295.8088684082031,313.6499938964844,317.45001220703125,308.29998779296875,316.0,10026655,NTPC,NTPC.NS
2024-03-21,306.5132141113281,325.0,326.3500061035156,317.0,317.25,23370426,NTPC,NTPC.NS
2024-03-22,306.2774353027344,324.75,327.25,321.1499938964844,324.5,14709219,NTPC,NTPC.NS
2024-03-26,310.3799743652344,329.1000061035156,330.29998779296875,320.1000061035156,320.1000061035156,11208959,NTPC,NTPC.NS
2024-03-27,312.7377624511719,331.6000061035156,334.1000061035156,326.29998779296875,332.0,45209520,NTPC,NTPC.NS
2024-03-28,316.6988525390625,335.79998779296875,340.0,330.29998779296875,331.8999938964844,19868037,NTPC,NTPC.NS
2024-04-01,322.87628173828125,342.3500061035156,344.3999938964844,336.1499938964844,339.0,8580656,NTPC,NTPC.NS
2024-04-02,325.1869201660156,344.79998779296875,345.6000061035156,340.75,343.0,9745257,NTPC,NTPC.NS
2024-04-03,331.27001953125,351.25,354.1000061035156,342.0,344.3500061035156,21679943,NTPC,NTPC.NS
2024-04-04,334.47662353515625,354.6499938964844,362.70001220703125,352.6499938964844,355.0,28962927,NTPC,NTPC.NS
2024-04-05,334.3822937011719,354.54998779296875,358.20001220703125,351.54998779296875,356.3999938964844,11208130,NTPC,NTPC.NS
2024-04-08,342.82318115234375,363.5,366.0,353.25,355.6000061035156,11447140,NTPC,NTPC.NS
2024-04-09,342.2573547363281,362.8999938964844,366.8999938964844,360.3500061035156,365.0,10010148,NTPC,NTPC.NS
2024-04-10,341.880126953125,362.5,368.3500061035156,361.3500061035156,364.1000061035156,12886638,NTPC,NTPC.NS
2024-04-12,341.17279052734375,361.75,374.5,361.0,362.5,30924494,NTPC,NTPC.NS
2024-04-15,340.6068420410156,361.1499938964844,366.0,352.79998779296875,355.5,18126999,NTPC,NTPC.NS
2024-04-16,338.81494140625,359.25,361.95001220703125,354.6000061035156,361.0,15328939,NTPC,NTPC.NS
2024-04-18,331.17572021484375,351.1499938964844,361.25,349.20001220703125,359.54998779296875,22966560,NTPC,NTPC.NS
2024-04-19,330.60986328125,350.54998779296875,352.3999938964844,343.0,343.1000061035156,12867942,NTPC,NTPC.NS
2024-04-22,323.3949890136719,342.8999938964844,355.0,341.8999938964844,355.0,37382916,NTPC,NTPC.NS
2024-04-23,327.4032287597656,347.1499938964844,348.6499938964844,344.0,346.0,14651106,NTPC,NTPC.NS
2024-04-24,331.6472473144531,351.6499938964844,353.1499938964844,347.29998779296875,349.79998779296875,11132307,NTPC,NTPC.NS
2024-04-25,338.7677917480469,359.20001220703125,360.6000061035156,349.1000061035156,351.0,19865014,NTPC,NTPC.NS
2024-04-26,335.7498474121094,356.0,361.3999938964844,355.0,360.70001220703125,10986589,NTPC,NTPC.NS
2024-04-29,342.35162353515625,363.0,363.6499938964844,356.95001220703125,359.70001220703125,13652173,NTPC,NTPC.NS
2024-04-30,342.540283203125,363.20001220703125,365.45001220703125,359.29998779296875,364.95001220703125,14566548,NTPC,NTPC.NS
2024-05-02,348.0574951171875,369.04998779296875,372.6000061035156,363.20001220703125,363.20001220703125,27892188,NTPC,NTPC.NS
2024-05-03,344.1907043457031,364.95001220703125,380.3999938964844,360.3500061035156,372.29998779296875,26844664,NTPC,NTPC.NS
2024-05-06,336.50433349609375,356.79998779296875,368.8500061035156,354.3999938964844,367.79998779296875,15319437,NTPC,NTPC.NS
2024-05-07,329.2894592285156,349.1499938964844,358.45001220703125,346.8500061035156,358.25,10028071,NTPC,NTPC.NS
2024-05-08,335.2311096191406,355.45001220703125,358.5,345.20001220703125,345.20001220703125,9595776,NTPC,NTPC.NS
2024-05-09,326.36578369140625,346.04998779296875,358.0,344.8500061035156,356.5,9043486,NTPC,NTPC.NS
2024-05-10,335.27825927734375,355.5,356.3500061035156,347.54998779296875,347.6499938964844,11699095,NTPC,NTPC.NS
2024-05-13,330.93994140625,350.8999938964844,356.0,346.5,355.5,10691781,NTPC,NTPC.NS
2024-05-14,335.5611572265625,355.79998779296875,357.25,350.29998779296875,350.54998779296875,10891985,NTPC,NTPC.NS
2024-05-15,340.7955322265625,361.3500061035156,363.5,356.6499938964844,357.5,8538183,NTPC,NTPC.NS
2024-05-16,340.8898620605469,361.45001220703125,363.8500061035156,353.04998779296875,363.8500061035156,13114162,NTPC,NTPC.NS
2024-05-17,344.6623229980469,365.45001220703125,366.5,360.3500061035156,362.45001220703125,8509179,NTPC,NTPC.NS
2024-05-21,350.8397216796875,372.0,374.1000061035156,365.3500061035156,367.0,10939593,NTPC,NTPC.NS
2024-05-22,352.5845031738281,373.8500061035156,377.3500061035156,370.6000061035156,375.0,14001806,NTPC,NTPC.NS
2024-05-23,351.1226806640625,372.29998779296875,375.6000061035156,369.5,375.04998779296875,15370357,NTPC,NTPC.NS
2024-05-24,353.6219177246094,374.95001220703125,378.1499938964844,368.70001220703125,373.0,13317821,NTPC,NTPC.NS
2024-05-27,348.6234130859375,369.6499938964844,380.5,368.0,379.95001220703125,21891930,NTPC,NTPC.NS
2024-05-28,344.6151428222656,365.3999938964844,373.25,364.1000061035156,372.6000061035156,10200096,NTPC,NTPC.NS
2024-05-29,343.86065673828125,364.6000061035156,366.3500061035156,360.0,361.5,18146672,NTPC,NTPC.NS
2024-05-30,339.2393798828125,359.70001220703125,364.79998779296875,357.1499938964844,364.0,14425073,NTPC,NTPC.NS
2024-05-31,338.5791931152344,359.0,366.6499938964844,355.5,363.45001220703125,30515612,NTPC,NTPC.NS
2024-06-03,369.5134582519531,391.79998779296875,393.20001220703125,373.45001220703125,385.0,39261174,NTPC,NTPC.NS
2024-06-04,312.4076843261719,331.25,391.8999938964844,313.95001220703125,391.8999938964844,84042244,NTPC,NTPC.NS
2024-06-05,321.60308837890625,341.0,342.25,315.29998779296875,340.0,46418629,NTPC,NTPC.NS
2024-06-06,329.8553466796875,349.75,359.75,345.0,347.79998779296875,33171039,NTPC,NTPC.NS
2024-06-07,340.08819580078125,360.6000061035156,362.0,347.70001220703125,352.0,23930193,NTPC,NTPC.NS
2024-06-10,344.1435241699219,364.8999938964844,370.1000061035156,361.79998779296875,365.0,16072588,NTPC,NTPC.NS
2024-06-11,346.50140380859375,367.3999938964844,371.95001220703125,364.8999938964844,368.75,11235777,NTPC,NTPC.NS
2024-06-12,350.1795349121094,371.29998779296875,374.0,365.3999938964844,369.54998779296875,12134524,NTPC,NTPC.NS
2024-06-13,348.9063720703125,369.95001220703125,376.3999938964844,367.95001220703125,376.3999938964844,11243702,NTPC,NTPC.NS
2024-06-14,347.4916687011719,368.45001220703125,370.8500061035156,366.1000061035156,370.0,10298434,NTPC,NTPC.NS
2024-06-18,348.6234130859375,369.6499938964844,372.25,368.70001220703125,371.79998779296875,10228382,NTPC,NTPC.NS
2024-06-19,341.880126953125,362.5,370.8999938964844,361.54998779296875,369.79998779296875,8337334,NTPC,NTPC.NS
2024-06-20,337.30596923828125,357.6499938964844,364.8999938964844,357.04998779296875,362.5,14338604,NTPC,NTPC.NS
2024-06-21,339.33367919921875,359.79998779296875,362.95001220703125,356.75,359.95001220703125,17931844,NTPC,NTPC.NS
2024-06-24,342.11590576171875,362.75,364.6499938964844,355.54998779296875,357.6000061035156,9335598,NTPC,NTPC.NS
2024-06-25,340.323974609375,360.8500061035156,364.70001220703125,357.75,364.25,14983828,NTPC,NTPC.NS
2024-06-26,344.2850036621094,365.04998779296875,366.8999938964844,359.6499938964844,363.0,15918394,NTPC,NTPC.NS
2024-06-27,355.6967468261719,377.1499938964844,381.1000061035156,364.1000061035156,365.04998779296875,55378829,NTPC,NTPC.NS
2024-06-28,356.8285217285156,378.3500061035156,389.5,376.70001220703125,377.95001220703125,25141039,NTPC,NTPC.NS
2024-07-01,348.71771240234375,369.75,382.0,367.79998779296875,381.75,23389211,NTPC,NTPC.NS
2024-07-02,349.3307189941406,370.3999938964844,372.6000061035156,365.1499938964844,372.6000061035156,13702830,NTPC,NTPC.NS
2024-07-03,351.4527282714844,372.6499938964844,374.25,368.6499938964844,370.54998779296875,9207317,NTPC,NTPC.NS
2024-07-04,351.7356872558594,372.95001220703125,380.8500061035156,371.75,373.8999938964844,14916930,NTPC,NTPC.NS
2024-07-05,358.19598388671875,379.79998779296875,381.25,371.0,374.3500061035156,15946104,NTPC,NTPC.NS
2024-07-08,355.9797058105469,377.45001220703125,381.25,376.1499938964844,380.8500061035156,8898299,NTPC,NTPC.NS
2024-07-09,355.6024475097656,377.04998779296875,380.25,375.04998779296875,379.20001220703125,8355819,NTPC,NTPC.NS
2024-07-10,359.7049865722656,381.3999938964844,383.79998779296875,370.0,378.79998779296875,17715196,NTPC,NTPC.NS
2024-07-11,355.6496276855469,377.1000061035156,383.29998779296875,374.6000061035156,382.3999938964844,19873143,NTPC,NTPC.NS
2024-07-12,355.6967468261719,377.1499938964844,379.3999938964844,372.0,378.95001220703125,16151583,NTPC,NTPC.NS
2024-07-15,363.7132263183594,385.6499938964844,388.95001220703125,376.8999938964844,378.6000061035156,22951140,NTPC,NTPC.NS
2024-07-16,358.80908203125,380.45001220703125,388.75,380.0,386.6499938964844,11893034,NTPC,NTPC.NS
2024-07-18,356.26263427734375,377.75,382.8999938964844,374.20001220703125,382.8999938964844,15709153,NTPC,NTPC.NS
2024-07-19,343.90777587890625,364.6499938964844,378.0,362.8999938964844,377.75,13330099,NTPC,NTPC.NS
2024-07-22,352.2543640136719,373.5,377.25,362.3500061035156,364.75,18715538,NTPC,NTPC.NS
2024-07-23,360.6953430175781,382.45001220703125,385.6499938964844,361.54998779296875,376.70001220703125,49882257,NTPC,NTPC.NS
2024-07-24,370.2679138183594,392.6000061035156,395.0,381.70001220703125,384.1000061035156,36868466,NTPC,NTPC.NS
2024-07-25,369.8435363769531,392.1499938964844,396.29998779296875,386.25,390.95001220703125,25973101,NTPC,NTPC.NS
2024-07-26,373.7574157714844,396.29998779296875,399.5,389.70001220703125,394.95001220703125,20381410,NTPC,NTPC.NS
2024-07-29,371.4940185546875,393.8999938964844,408.29998779296875,392.6499938964844,404.0,27751449,NTPC,NTPC.NS
2024-07-30,383.80169677734375,406.95001220703125,412.70001220703125,397.0,397.0,34447139,NTPC,NTPC.NS
2024-07-31,392.3368835449219,416.0,417.3999938964844,408.54998779296875,409.5,29727771,NTPC,NTPC.NS
2024-08-01,399.3631286621094,423.45001220703125,424.3500061035156,415.6000061035156,419.8999938964844,28803487,NTPC,NTPC.NS
2024-08-02,395.8264465332031,419.70001220703125,426.29998779296875,413.3500061035156,416.25,24233263,NTPC,NTPC.NS
2024-08-05,389.7433166503906,413.25,415.6499938964844,404.6499938964844,407.6499938964844,42489503,NTPC,NTPC.NS
2024-08-06,391.3937683105469,415.0,424.95001220703125,413.25,413.25,18230579,NTPC,NTPC.NS
2024-08-07,395.7188415527344,416.29998779296875,421.0,415.0,421.0,15556736,NTPC,NTPC.NS
2024-08-08,387.54400634765625,407.70001220703125,417.0,405.79998779296875,416.3500061035156,16447385,NTPC,NTPC.NS
2024-08-09,390.3481140136719,410.6499938964844,416.3500061035156,408.20001220703125,413.79998779296875,10954753,NTPC,NTPC.NS
2024-08-12,381.0326843261719,400.8500061035156,410.0,400.1000061035156,410.0,26254763,NTPC,NTPC.NS
2024-08-13,376.612548828125,396.20001220703125,404.5,395.0,403.0,11355664,NTPC,NTPC.NS
2024-08-14,376.755126953125,396.3500061035156,400.0,393.6499938964844,398.8999938964844,9424614,NTPC,NTPC.NS
2024-08-16,378.37103271484375,398.04998779296875,400.95001220703125,393.29998779296875,398.04998779296875,13844122,NTPC,NTPC.NS
2024-08-19,383.17144775390625,403.1000061035156,407.5,401.45001220703125,402.29998779296875,10677045,NTPC,NTPC.NS
2024-08-20,386.16571044921875,406.25,408.20001220703125,403.1000061035156,404.54998779296875,10126083,NTPC,NTPC.NS
2024-08-21,388.73223876953125,408.95001220703125,409.70001220703125,405.20001220703125,407.5,9726854,NTPC,NTPC.NS
2024-08-22,383.4090881347656,403.3500061035156,410.04998779296875,402.25,409.79998779296875,10445288,NTPC,NTPC.NS
2024-08-23,382.0782775878906,401.95001220703125,405.8999938964844,399.54998779296875,403.3500061035156,11513586,NTPC,NTPC.NS
2024-08-26,394.34051513671875,414.8500061035156,415.95001220703125,401.95001220703125,402.45001220703125,13772637,NTPC,NTPC.NS
2024-08-27,389.3975830078125,409.6499938964844,416.20001220703125,409.1000061035156,415.5,8441188,NTPC,NTPC.NS
2024-08-28,388.8272399902344,409.04998779296875,414.3999938964844,407.3500061035156,410.04998779296875,15884745,NTPC,NTPC.NS
2024-08-29,389.6352233886719,409.8999938964844,412.6000061035156,403.75,409.04998779296875,19014705,NTPC,NTPC.NS
2024-08-30,395.623779296875,416.20001220703125,419.20001220703125,411.5,412.70001220703125,22633988,NTPC,NTPC.NS
2024-09-02,389.7302551269531,410.0,419.1000061035156,407.70001220703125,417.79998779296875,11107165,NTPC,NTPC.NS
2024-09-03,386.3082580566406,406.3999938964844,411.54998779296875,405.6000061035156,410.5,7538160,NTPC,NTPC.NS
2024-09-04,385.07257080078125,405.1000061035156,408.25,399.8999938964844,400.0,11052003,NTPC,NTPC.NS
2024-09-05,383.31402587890625,403.25,408.3999938964844,401.8500061035156,405.3500061035156,14246871,NTPC,NTPC.NS
2024-09-06,375.28173828125,394.79998779296875,404.6499938964844,392.70001220703125,403.25,17956121,NTPC,NTPC.NS
2024-09-09,370.57647705078125,389.8500061035156,392.75,385.29998779296875,391.20001220703125,12293356,NTPC,NTPC.NS
2024-09-10,376.70758056640625,396.29998779296875,399.3999938964844,389.75,390.1000061035156,15852309,NTPC,NTPC.NS
2024-09-11,370.3863525390625,389.6499938964844,399.29998779296875,387.5,399.0,11492592,NTPC,NTPC.NS
2024-09-12,384.8349609375,404.8500061035156,406.25,390.6499938964844,391.0,24028069,NTPC,NTPC.NS
2024-09-13,381.5554504394531,401.3999938964844,407.29998779296875,399.3500061035156,404.8500061035156,12017217,NTPC,NTPC.NS
2024-09-16,390.77587890625,411.1000061035156,412.0,402.0,402.45001220703125,11479712,NTPC,NTPC.NS
2024-09-17,395.7188415527344,416.29998779296875,417.6499938964844,410.1000061035156,411.8500061035156,14432501,NTPC,NTPC.NS
2024-09-18,393.67510986328125,414.1499938964844,419.75,413.0,418.5,10303840,NTPC,NTPC.NS
2024-09-19,402.9906311035156,423.95001220703125,431.8500061035156,420.54998779296875,424.0,59601773,NTPC,NTPC.NS
2024-09-20,402.9906311035156,423.95001220703125,429.8500061035156,416.54998779296875,428.04998779296875,36084164,NTPC,NTPC.NS
2024-09-23,407.173095703125,428.3500061035156,430.5,425.0,427.5,14139629,NTPC,NTPC.NS
2024-09-24,406.93548583984375,428.1000061035156,431.45001220703125,427.0,431.45001220703125,12539885,NTPC,NTPC.NS
2024-09-25,414.5399475097656,436.1000061035156,437.0,425.6499938964844,428.1000061035156,19443168,NTPC,NTPC.NS
2024-09-26,413.1141052246094,434.6000061035156,437.95001220703125,430.54998779296875,437.95001220703125,20041825,NTPC,NTPC.NS
2024-09-27,415.3003845214844,436.8999938964844,442.5,433.5,436.0,53885913,NTPC,NTPC.NS
2024-09-30,421.2889404296875,443.20001220703125,448.45001220703125,433.6000061035156,436.8999938964844,20903229,NTPC,NTPC.NS
2024-10-01,418.3421936035156,440.1000061035156,447.75,438.79998779296875,446.0,15984996,NTPC,NTPC.NS
2024-10-03,413.8270263671875,435.3500061035156,442.5,432.0,432.0,13563784,NTPC,NTPC.NS
2024-10-04,409.1693115234375,430.45001220703125,439.3500061035156,426.29998779296875,432.8999938964844,18347292,NTPC,NTPC.NS
2024-10-07,394.91082763671875,415.45001220703125,433.0,409.04998779296875,430.6000061035156,23431004,NTPC,NTPC.NS
2024-10-08,400.1389465332031,420.95001220703125,427.70001220703125,411.29998779296875,414.0,18706355,NTPC,NTPC.NS
2024-10-09,397.76251220703125,418.45001220703125,424.75,417.0,424.45001220703125,13916492,NTPC,NTPC.NS
2024-10-10,401.80242919921875,422.70001220703125,429.8999938964844,420.5,420.70001220703125,15866037,NTPC,NTPC.NS
2024-10-11,401.6123046875,422.5,426.6499938964844,419.6000061035156,423.95001220703125,8639087,NTPC,NTPC.NS
2024-10-14,403.513427734375,424.5,426.0,420.0,424.6000061035156,8483177,NTPC,NTPC.NS
2024-10-15,405.5096130371094,426.6000061035156,427.20001220703125,423.54998779296875,426.6499938964844,9365964,NTPC,NTPC.NS
2024-10-16,403.2757873535156,424.25,429.3999938964844,421.25,425.29998779296875,6219440,NTPC,NTPC.NS
2024-10-17,397.0971374511719,417.75,425.6000061035156,416.6000061035156,423.6499938964844,11968387,NTPC,NTPC.NS
2024-10-18,403.94122314453125,424.95001220703125,425.95001220703125,414.45001220703125,417.70001220703125,8828971,NTPC,NTPC.NS
2024-10-21,403.98870849609375,425.0,428.75,419.1000061035156,426.04998779296875,9139781,NTPC,NTPC.NS
2024-10-22,395.1960144042969,415.75,426.29998779296875,413.45001220703125,422.8500061035156,14242323,NTPC,NTPC.NS
2024-10-23,388.11431884765625,408.29998779296875,414.75,401.70001220703125,414.0,22522821,NTPC,NTPC.NS
2024-10-24,391.5363464355469,411.8999938964844,415.25,406.79998779296875,409.25,9400171,NTPC,NTPC.NS
2024-10-25,379.1790771484375,398.8999938964844,407.5,391.6000061035156,402.5,19642277,NTPC,NTPC.NS
2024-10-28,383.9318542480469,403.8999938964844,406.5,397.79998779296875,398.8999938964844,11716022,NTPC,NTPC.NS
2024-10-29,391.7740173339844,412.1499938964844,414.29998779296875,404.45001220703125,409.0,20284308,NTPC,NTPC.NS
2024-10-30,388.304443359375,408.5,414.79998779296875,405.79998779296875,414.1499938964844,12264297,NTPC,NTPC.NS
2024-10-31,390.3607177734375,408.1499938964844,410.6499938964844,403.5,409.0,12204072,NTPC,NTPC.NS
2024-11-01,393.4212951660156,411.3500061035156,415.45001220703125,410.3500061035156,412.0,2145479,NTPC,NTPC.NS
2024-11-04,383.47454833984375,400.95001220703125,414.29998779296875,393.70001220703125,413.8500061035156,13866505,NTPC,NTPC.NS
2024-11-05,385.5308837890625,403.1000061035156,404.1000061035156,397.1499938964844,400.0,6665326,NTPC,NTPC.NS
2024-11-06,391.07806396484375,408.8999938964844,410.79998779296875,403.1499938964844,406.70001220703125,9700643,NTPC,NTPC.NS
2024-11-07,386.2003479003906,403.79998779296875,410.8999938964844,402.0,410.8999938964844,7589295,NTPC,NTPC.NS
2024-11-08,380.3183898925781,397.6499938964844,404.20001220703125,395.54998779296875,403.1499938964844,7536509,NTPC,NTPC.NS
2024-11-11,375.44061279296875,392.54998779296875,400.8999938964844,391.79998779296875,398.1499938964844,12243693,NTPC,NTPC.NS
2024-11-12,363.72454833984375,380.29998779296875,394.79998779296875,379.04998779296875,393.1499938964844,10549517,NTPC,NTPC.NS
2024-11-13,364.7288513183594,381.3500061035156,387.6000061035156,379.3500061035156,384.0,20602407,NTPC,NTPC.NS
2024-11-14,356.2645568847656,372.5,385.20001220703125,371.3500061035156,380.04998779296875,15086601,NTPC,NTPC.NS
2024-11-18,350.7173767089844,366.70001220703125,380.0,362.6499938964844,380.0,16383636,NTPC,NTPC.NS
2024-11-19,350.7173767089844,366.70001220703125,378.5,365.04998779296875,368.0,17055094,NTPC,NTPC.NS
2024-11-21,340.6271667480469,356.1499938964844,364.3500061035156,354.79998779296875,363.70001220703125,21276150,NTPC,NTPC.NS
2024-11-22,349.5218505859375,365.45001220703125,367.1000061035156,355.70001220703125,357.04998779296875,15949254,NTPC,NTPC.NS
2024-11-25,352.34326171875,368.3999938964844,377.20001220703125,367.5,374.0,18388844,NTPC,NTPC.NS
2024-11-26,345.8874206542969,361.6499938964844,370.3999938964844,360.25,370.0,11222231,NTPC,NTPC.NS
2024-11-27,353.2040100097656,369.29998779296875,371.6000061035156,361.3500061035156,363.79998779296875,14225274,NTPC,NTPC.NS
2024-11-28,346.2699890136719,362.04998779296875,371.8500061035156,359.6000061035156,369.70001220703125,16837860,NTPC,NTPC.NS
2024-11-29,347.80029296875,363.6499938964844,365.3999938964844,360.20001220703125,363.25,14280017,NTPC,NTPC.NS
2024-12-02,342.58782958984375,358.20001220703125,363.8999938964844,357.0,363.6499938964844,12510350,NTPC,NTPC.NS
2024-12-03,351.4346618652344,367.45001220703125,370.0,358.20001220703125,359.0,14205760,NTPC,NTPC.NS
2024-12-04,356.503662109375,372.75,375.1499938964844,368.0,368.95001220703125,22035954,NTPC,NTPC.NS
2024-12-05,353.0605773925781,369.1499938964844,373.95001220703125,364.3999938964844,372.75,18758283,NTPC,NTPC.NS
2024-12-06,353.39532470703125,369.5,371.20001220703125,368.04998779296875,369.45001220703125,9736086,NTPC,NTPC.NS
2024-12-09,353.7300720214844,369.8500061035156,373.29998779296875,367.75,370.8999938964844,10878679,NTPC,NTPC.NS
2024-12-10,353.0605773925781,369.1499938964844,371.20001220703125,366.3999938964844,369.0,7913822,NTPC,NTPC.NS
2024-12-11,349.5696716308594,365.5,370.75,364.70001220703125,369.25,9998662,NTPC,NTPC.NS
2024-12-12,340.10113525390625,355.6000061035156,367.0,353.0,366.0,22538216,NTPC,NTPC.NS
2024-12-13,341.5835876464844,357.1499938964844,358.29998779296875,348.04998779296875,355.75,14269143,NTPC,NTPC.NS
2024-12-16,337.5188293457031,352.8999938964844,358.8999938964844,351.70001220703125,357.1499938964844,12168143,NTPC,NTPC.NS
2024-12-17,333.83660888671875,349.04998779296875,353.8500061035156,347.25,352.0,15646176,NTPC,NTPC.NS
2024-12-18,326.8547668457031,341.75,351.0,340.0,349.54998779296875,14672392,NTPC,NTPC.NS
2024-12-19,322.6943664550781,337.3999938964844,340.6000061035156,335.04998779296875,337.0,14513129,NTPC,NTPC.NS
2024-12-20,318.7252502441406,333.25,343.8999938964844,331.0,337.79998779296875,20375797,NTPC,NTPC.NS
2024-12-23,319.10784912109375,333.6499938964844,338.25,330.5,335.8999938964844,8884187,NTPC,NTPC.NS
2024-12-24,320.6859130859375,335.29998779296875,336.8500061035156,331.75,335.1000061035156,7755462,NTPC,NTPC.NS
2024-12-26,320.064208984375,334.6499938964844,337.3999938964844,332.25,335.29998779296875,9030212,NTPC,NTPC.NS
2024-12-27,320.39898681640625,335.0,340.0,334.20001220703125,336.6499938964844,9090597,NTPC,NTPC.NS
2024-12-30,316.9559326171875,331.3999938964844,336.79998779296875,327.3999938964844,335.0,36657549,NTPC,NTPC.NS
2024-12-31,318.8209228515625,333.3500061035156,334.6000061035156,326.20001220703125,330.1000061035156,8580998,NTPC,NTPC.NS
2025-01-01,319.10784912109375,333.6499938964844,334.6499938964844,328.79998779296875,333.0,7843971,NTPC,NTPC.NS
2025-01-02,323.2682189941406,338.0,338.6000061035156,330.0,333.6499938964844,16543382,NTPC,NTPC.NS
2025-01-03,325.03759765625,339.8500061035156,344.5,337.04998779296875,338.04998779296875,8689629,NTPC,NTPC.NS
2025-01-06,313.22589111328125,327.5,341.70001220703125,326.45001220703125,341.70001220703125,10538077,NTPC,NTPC.NS
2025-01-07,314.2779541015625,328.6000061035156,330.3500061035156,325.1000061035156,327.0,13891401,NTPC,NTPC.NS
2025-01-08,311.2174072265625,325.3999938964844,330.5,321.8500061035156,330.5,8993608,NTPC,NTPC.NS
2025-01-09,306.3875427246094,320.3500061035156,325.95001220703125,319.79998779296875,324.04998779296875,12403467,NTPC,NTPC.NS
2025-01-10,294.81488037109375,308.25,321.0,307.6000061035156,320.3500061035156,15941143,NTPC,NTPC.NS
2025-01-13,285.20294189453125,298.20001220703125,309.95001220703125,296.8500061035156,301.1000061035156,29630336,NTPC,NTPC.NS
2025-01-14,296.8711853027344,310.3999938964844,312.70001220703125,300.20001220703125,300.45001220703125,22732888,NTPC,NTPC.NS
2025-01-15,307.34393310546875,321.3500061035156,324.29998779296875,312.54998779296875,312.54998779296875,21894626,NTPC,NTPC.NS
2025-01-16,311.3130798339844,325.5,327.29998779296875,321.6499938964844,324.70001220703125,14865186,NTPC,NTPC.NS
2025-01-17,311.9346923828125,326.1499938964844,329.0,323.3500061035156,325.29998779296875,7129232,NTPC,NTPC.NS
2025-01-20,321.4032287597656,336.04998779296875,337.0,324.54998779296875,326.20001220703125,17991880,NTPC,NTPC.NS
2025-01-21,310.16534423828125,324.29998779296875,338.25,323.79998779296875,337.79998779296875,12774630,NTPC,NTPC.NS
2025-01-22,308.34814453125,322.3999938964844,327.0,317.3500061035156,327.0,11068145,NTPC,NTPC.NS
2025-01-23,309.543701171875,323.6499938964844,325.1000061035156,319.54998779296875,321.0,6477347,NTPC,NTPC.NS
2025-01-24,309.543701171875,323.6499938964844,329.8999938964844,322.1000061035156,324.79998779296875,7492600,NTPC,NTPC.NS
2025-01-27,308.1568603515625,322.20001220703125,325.04998779296875,315.0,323.6499938964844,13803855,NTPC,NTPC.NS
2025-01-28,304.3790283203125,318.25,323.8500061035156,308.1499938964844,322.5,22008929,NTPC,NTPC.NS
2025-01-29,307.248291015625,321.25,322.8999938964844,313.29998779296875,320.0,16056888,NTPC,NTPC.NS
2025-01-30,308.9220275878906,323.0,326.79998779296875,321.1499938964844,322.25,10375720,NTPC,NTPC.NS
2025-01-31,312.29559326171875,324.0,326.25,317.54998779296875,322.45001220703125,13195557,NTPC,NTPC.NS
2025-02-01,306.2231750488281,317.70001220703125,330.79998779296875,316.75,326.04998779296875,10097627,NTPC,NTPC.NS
2025-02-03,300.00616455078125,311.25,314.04998779296875,304.0,310.1000061035156,15881217,NTPC,NTPC.NS
2025-02-04,307.5726013183594,319.1000061035156,320.45001220703125,310.29998779296875,314.8500061035156,12141064,NTPC,NTPC.NS
2025-02-05,308.0545654296875,319.6000061035156,323.04998779296875,318.3999938964844,321.0,12226722,NTPC,NTPC.NS
2025-02-06,301.50018310546875,312.79998779296875,322.70001220703125,311.3999938964844,322.6000061035156,13384442,NTPC,NTPC.NS
2025-02-07,305.5002746582031,316.95001220703125,319.25,312.1000061035156,313.5,8937447,NTPC,NTPC.NS
2025-02-10,299.2832946777344,310.5,316.8500061035156,309.0,316.5,6806132,NTPC,NTPC.NS
2025-02-11,294.560302734375,305.6000061035156,312.3500061035156,304.1499938964844,312.3500061035156,13241830,NTPC,NTPC.NS
2025-02-12,295.1867980957031,306.25,307.5,300.0,306.20001220703125,7616083,NTPC,NTPC.NS
2025-02-13,295.6205749511719,306.70001220703125,308.6000061035156,303.1000061035156,306.1499938964844,9086906,NTPC,NTPC.NS
2025-02-14,289.49993896484375,300.3500061035156,308.25,298.3500061035156,306.8500061035156,7446248,NTPC,NTPC.NS
2025-02-17,291.4277038574219,302.3500061035156,303.20001220703125,292.79998779296875,297.5,6464173,NTPC,NTPC.NS
2025-02-18,299.9579772949219,311.20001220703125,312.3999938964844,297.5,301.1499938964844,15793327,NTPC,NTPC.NS
2025-02-19,303.4279479980469,314.79998779296875,316.3500061035156,310.6000061035156,311.20001220703125,13079903,NTPC,NTPC.NS
2025-02-20,313.4040222167969,325.1499938964844,327.1499938964844,311.5,312.54998779296875,22888146,NTPC,NTPC.NS
2025-02-21,314.46429443359375,326.25,329.75,321.54998779296875,323.29998779296875,10809296,NTPC,NTPC.NS
2025-02-24,308.5364990234375,320.1000061035156,325.3999938964844,319.45001220703125,322.1000061035156,6034113,NTPC,NTPC.NS
2025-02-25,307.1870422363281,318.70001220703125,321.5,315.75,320.1000061035156,10686112,NTPC,NTPC.NS
2025-02-27,304.2954406738281,315.70001220703125,319.29998779296875,314.5,315.3500061035156,7302366,NTPC,NTPC.NS
2025-02-28,300.198974609375,311.45001220703125,315.6499938964844,306.54998779296875,314.0,21127180,NTPC,NTPC.NS
2025-03-03,303.0423583984375,314.3999938964844,317.79998779296875,307.70001220703125,311.29998779296875,9779703,NTPC,NTPC.NS
2025-03-04,302.41583251953125,313.75,314.8999938964844,308.0,311.29998779296875,8734999,NTPC,NTPC.NS
2025-03-05,314.4161376953125,326.20001220703125,327.29998779296875,313.5,313.54998779296875,10493615,NTPC,NTPC.NS
2025-03-06,325.6934509277344,337.8999938964844,338.79998779296875,323.20001220703125,329.0,26294903,NTPC,NTPC.NS
2025-03-07,317.6450500488281,329.54998779296875,338.75,328.70001220703125,335.8500061035156,8992315,NTPC,NTPC.NS
2025-03-10,317.50048828125,329.3999938964844,334.95001220703125,326.29998779296875,329.45001220703125,11383132,NTPC,NTPC.NS
2025-03-11,318.36798095703125,330.29998779296875,333.25,323.70001220703125,327.0,10299324,NTPC,NTPC.NS
2025-03-12,318.223388671875,330.1499938964844,334.79998779296875,326.3999938964844,331.0,6984859,NTPC,NTPC.NS
2025-03-13,319.9101867675781,331.8999938964844,334.54998779296875,328.45001220703125,332.0,8965150,NTPC,NTPC.NS
2025-03-17,319.66925048828125,331.6499938964844,334.5,330.5,332.95001220703125,4353561,NTPC,NTPC.NS
2025-03-18,319.66925048828125,331.6499938964844,331.6499938964844,331.6499938964844,331.6499938964844,0,NTPC,NTPC.NS
2025-03-19,328.97064208984375,341.29998779296875,343.8999938964844,336.3500061035156,339.0,30582397,NTPC,NTPC.NS
2025-03-20,329.40435791015625,341.75,344.70001220703125,340.29998779296875,344.70001220703125,15002119,NTPC,NTPC.NS
2025-03-21,338.609375,351.29998779296875,353.8500061035156,341.75,342.0,36406837,NTPC,NTPC.NS
2025-03-24,353.69403076171875,366.95001220703125,368.0,353.6499938964844,357.0,24588471,NTPC,NTPC.NS
2025-03-25,353.69403076171875,366.95001220703125,371.45001220703125,364.1499938964844,369.0,23189083,NTPC,NTPC.NS
2025-03-26,341.83837890625,354.6499938964844,369.0,353.29998779296875,366.95001220703125,18668095,NTPC,NTPC.NS
2025-03-27,347.62158203125,360.6499938964844,364.45001220703125,351.0,353.8999938964844,37930538,NTPC,NTPC.NS
2025-03-28,344.6817932128906,357.6000061035156,364.29998779296875,356.45001220703125,362.0,11327077,NTPC,NTPC.NS
2025-04-01,339.4286804199219,352.1499938964844,362.8999938964844,350.8500061035156,352.3500061035156,18736320,NTPC,NTPC.NS
2025-04-02,339.0431213378906,351.75,353.45001220703125,347.04998779296875,352.1499938964844,13593404,NTPC,NTPC.NS
2025-04-03,345.934814453125,358.8999938964844,361.3500061035156,351.75,351.75,10317410,NTPC,NTPC.NS
2025-04-04,337.74188232421875,350.3999938964844,358.8500061035156,348.54998779296875,358.8500061035156,10872963,NTPC,NTPC.NS
2025-04-07,337.1635437011719,349.79998779296875,351.3999938964844,324.0,328.0,18025165,NTPC,NTPC.NS
2025-04-08,340.1997985839844,352.95001220703125,358.25,350.0,356.8500061035156,17506712,NTPC,NTPC.NS
2025-04-09,336.7298278808594,349.3500061035156,354.79998779296875,348.20001220703125,354.0,7462119,NTPC,NTPC.NS
2025-04-11,347.09149169921875,360.1000061035156,361.5,351.0,351.0,11246077,NTPC,NTPC.NS
2025-04-15,349.40478515625,362.5,368.45001220703125,361.54998779296875,367.0,17497327,NTPC,NTPC.NS
2025-04-16,346.3203430175781,359.29998779296875,363.0,357.8999938964844,362.5,11541484,NTPC,NTPC.NS
2025-04-17,350.8506164550781,364.0,365.45001220703125,357.25,359.25,12288196,NTPC,NTPC.NS
2025-04-21,351.3807373046875,364.54998779296875,368.20001220703125,361.79998779296875,365.79998779296875,7375594,NTPC,NTPC.NS
2025-04-22,347.2361145019531,360.25,367.04998779296875,359.70001220703125,367.04998779296875,12077119,NTPC,NTPC.NS
2025-04-23,350.65777587890625,363.79998779296875,364.25,357.8999938964844,362.95001220703125,9719205,NTPC,NTPC.NS
2025-04-24,350.0794982910156,363.20001220703125,366.45001220703125,361.6000061035156,363.75,7491123,NTPC,NTPC.NS
2025-04-25,343.5733642578125,356.45001220703125,365.79998779296875,351.1000061035156,363.20001220703125,9785640,NTPC,NTPC.NS
2025-04-28,348.44091796875,361.5,362.8999938964844,353.70001220703125,353.70001220703125,5315840,NTPC,NTPC.NS
2025-04-29,344.0552978515625,356.95001220703125,364.3500061035156,354.1000061035156,364.0,9472828,NTPC,NTPC.NS
2025-04-30,341.7419738769531,354.54998779296875,361.0,352.0,357.0,16739088,NTPC,NTPC.NS
2025-05-02,336.1033020019531,348.70001220703125,358.0,347.6000061035156,354.54998779296875,8221620,NTPC,NTPC.NS
2025-05-05,336.0069274902344,348.6000061035156,352.0,345.54998779296875,351.0,9492646,NTPC,NTPC.NS
2025-05-06,329.4525451660156,341.79998779296875,349.5,340.0,349.0,8904223,NTPC,NTPC.NS
2025-05-07,329.69354248046875,342.04998779296875,343.70001220703125,337.0,338.0,8465490,NTPC,NTPC.NS
2025-05-08,327.7176208496094,340.0,343.1000061035156,338.3999938964844,341.04998779296875,14286109,NTPC,NTPC.NS
2025-05-09,322.6572265625,334.75,338.75,330.6000061035156,334.20001220703125,11322011,NTPC,NTPC.NS
2025-05-12,335.958740234375,348.54998779296875,349.20001220703125,338.1000061035156,340.3999938964844,7978210,NTPC,NTPC.NS
2025-05-13,329.1634216308594,341.5,349.79998779296875,340.5,348.6000061035156,14738980,NTPC,NTPC.NS
2025-05-14,326.3199768066406,338.54998779296875,343.8500061035156,337.75,342.45001220703125,22485535,NTPC,NTPC.NS
2025-05-15,329.59716796875,341.95001220703125,343.75,332.6499938964844,339.5,43307763,NTPC,NTPC.NS
2025-05-16,330.7055969238281,343.1000061035156,347.6000061035156,342.0,343.0,6920351,NTPC,NTPC.NS
2025-05-19,332.6815490722656,345.1499938964844,347.70001220703125,342.3999938964844,343.1000061035156,6218209,NTPC,NTPC.NS
2025-05-20,330.2236633300781,342.6000061035156,349.70001220703125,341.54998779296875,346.8999938964844,9986143,NTPC,NTPC.NS
2025-05-21,333.6454162597656,346.1499938964844,347.3999938964844,339.8500061035156,342.54998779296875,5930972,NTPC,NTPC.NS
2025-05-22,329.0670166015625,341.3999938964844,347.0,338.25,346.1499938964844,8717514,NTPC,NTPC.NS
2025-05-23,332.15142822265625,344.6000061035156,344.95001220703125,340.1499938964844,342.0,4045937,NTPC,NTPC.NS
2025-05-26,331.0911560058594,343.5,351.20001220703125,342.54998779296875,351.0,16655082,NTPC,NTPC.NS
2025-05-27,326.3199768066406,338.54998779296875,344.5,336.79998779296875,344.0,24937330,NTPC,NTPC.NS
2025-05-28,327.7657470703125,340.04998779296875,340.70001220703125,337.1000061035156,338.6000061035156,10985957,NTPC,NTPC.NS
2025-05-29,327.0910949707031,339.3500061035156,342.25,338.04998779296875,341.0,15884093,NTPC,NTPC.NS
2025-05-30,321.8379211425781,333.8999938964844,340.75,332.8500061035156,337.5,19143010,NTPC,NTPC.NS
2025-06-02,320.5367126464844,332.54998779296875,334.79998779296875,330.29998779296875,333.8999938964844,29479727,NTPC,NTPC.NS
2025-06-03,316.39208984375,328.25,334.75,327.0,333.0,14081719,NTPC,NTPC.NS
2025-06-04,317.3559265136719,329.25,329.95001220703125,324.8500061035156,329.0,15654279,NTPC,NTPC.NS
2025-06-05,316.7776184082031,328.6499938964844,331.6000061035156,327.6000061035156,329.20001220703125,16270360,NTPC,NTPC.NS
2025-06-06,320.8258972167969,332.8500061035156,333.5,329.04998779296875,329.6499938964844,11402511,NTPC,NTPC.NS
2025-06-09,324.9223327636719,337.1000061035156,337.54998779296875,332.75,333.8999938964844,19416373,NTPC,NTPC.NS
2025-06-10,326.9465026855469,339.20001220703125,340.8999938964844,336.79998779296875,338.79998779296875,12061248,NTPC,NTPC.NS
2025-06-11,325.88623046875,338.1000061035156,342.6000061035156,337.45001220703125,341.0,10807496,NTPC,NTPC.NS
2025-06-12,321.6451721191406,333.70001220703125,341.6499938964844,332.6499938964844,338.1499938964844,11881618,NTPC,NTPC.NS
2025-06-13,319.9584045410156,331.95001220703125,332.8999938964844,326.6000061035156,326.79998779296875,11711773,NTPC,NTPC.NS
2025-06-16,321.6451721191406,333.70001220703125,334.6499938964844,330.6000061035156,332.0,8065112,NTPC,NTPC.NS
2025-06-17,323.0910339355469,335.20001220703125,336.8999938964844,333.1000061035156,334.0,6796992,NTPC,NTPC.NS
2025-06-18,320.3921203613281,332.3999938964844,335.8999938964844,330.75,335.20001220703125,17835507,NTPC,NTPC.NS
2025-06-19,318.12701416015625,330.04998779296875,333.1499938964844,328.54998779296875,332.3999938964844,11610604,NTPC,NTPC.NS
2025-06-20,323.0910339355469,335.20001220703125,336.0,329.70001220703125,330.0,16592862,NTPC,NTPC.NS
2025-06-23,320.58489990234375,332.6000061035156,335.70001220703125,330.3500061035156,333.70001220703125,8277787,NTPC,NTPC.NS
2025-06-24,318.0306396484375,329.95001220703125,331.70001220703125,321.3500061035156,331.0,100814893,NTPC,NTPC.NS
2025-06-25,318.8981018066406,330.8500061035156,333.70001220703125,329.3999938964844,331.5,17963666,NTPC,NTPC.NS
2025-06-26,324.9705505371094,337.1499938964844,337.79998779296875,331.29998779296875,332.3999938964844,13754087,NTPC,NTPC.NS
2025-06-27,326.0789794921875,338.29998779296875,341.29998779296875,334.45001220703125,338.95001220703125,50845169,NTPC,NTPC.NS
2025-06-30,322.8017883300781,334.8999938964844,337.25,333.6499938964844,335.75,11858890,NTPC,NTPC.NS
2025-07-01,320.58489990234375,332.6000061035156,335.25,332.1499938964844,335.25,8903292,NTPC,NTPC.NS
2025-07-02,321.6933898925781,333.75,335.6499938964844,331.29998779296875,332.6499938964844,11326880,NTPC,NTPC.NS
2025-07-03,322.5126647949219,334.6000061035156,336.3500061035156,331.0,334.6000061035156,15786429,NTPC,NTPC.NS
2025-07-04,323.38018798828125,335.5,336.0,332.25,335.70001220703125,5899185,NTPC,NTPC.NS
2025-07-07,325.2597351074219,337.45001220703125,339.0,333.75,335.5,9454556,NTPC,NTPC.NS
2025-07-08,330.8019714355469,343.20001220703125,343.8999938964844,337.0,338.20001220703125,12092302,NTPC,NTPC.NS
2025-07-09,331.5730895996094,344.0,345.6000061035156,342.79998779296875,343.25,9079872,NTPC,NTPC.NS
2025-07-10,329.1152038574219,341.45001220703125,345.0,341.20001220703125,344.0,6426072,NTPC,NTPC.NS
2025-07-11,330.3200378417969,342.70001220703125,344.0,339.5,340.5,17234194,NTPC,NTPC.NS
2025-07-14,329.7417297363281,342.1000061035156,345.0,339.95001220703125,343.04998779296875,11516965,NTPC,NTPC.NS
2025-07-15,329.6453552246094,342.0,344.1000061035156,340.95001220703125,343.1499938964844,8450777,NTPC,NTPC.NS
2025-07-16,330.0790710449219,342.45001220703125,343.79998779296875,340.79998779296875,342.0,6001484,NTPC,NTPC.NS
2025-07-17,330.2718505859375,342.6499938964844,344.5,342.0,344.20001220703125,7562006,NTPC,NTPC.NS
2025-07-18,329.7417297363281,342.1000061035156,343.8999938964844,340.6499938964844,343.0,6370338,NTPC,NTPC.NS
2025-07-21,329.2115783691406,341.54998779296875,342.79998779296875,339.29998779296875,342.1000061035156,4463318,NTPC,NTPC.NS
2025-07-22,328.5368957519531,340.8500061035156,342.6000061035156,340.04998779296875,341.54998779296875,4728372,NTPC,NTPC.NS
2025-07-23,330.65740966796875,343.04998779296875,344.0,340.95001220703125,341.79998779296875,5058422,NTPC,NTPC.NS
2025-07-24,326.6573181152344,338.8999938964844,343.6000061035156,336.5,343.6000061035156,9098453,NTPC,NTPC.NS
2025-07-25,321.1632385253906,333.20001220703125,339.8999938964844,332.54998779296875,338.8999938964844,7790739,NTPC,NTPC.NS
2025-07-28,320.92230224609375,332.95001220703125,336.6000061035156,330.3500061035156,333.45001220703125,4605823,NTPC,NTPC.NS
2025-07-29,322.5126647949219,334.6000061035156,335.5,328.5,332.0,7551356,NTPC,NTPC.NS
2025-07-30,326.5609130859375,338.79998779296875,342.29998779296875,332.5,335.0,12537358,NTPC,NTPC.NS
2025-07-31,322.17529296875,334.25,340.1000061035156,333.0,336.04998779296875,8935384,NTPC,NTPC.NS
2025-08-01,318.9463195800781,330.8999938964844,334.75,330.20001220703125,333.0,7107542,NTPC,NTPC.NS
2025-08-04,320.006591796875,332.0,333.29998779296875,327.20001220703125,330.8999938964844,8193399,NTPC,NTPC.NS
2025-08-05,321.54876708984375,333.6000061035156,334.3500061035156,331.29998779296875,332.45001220703125,9855535,NTPC,NTPC.NS
2025-08-06,320.1029968261719,332.1000061035156,335.3999938964844,331.6000061035156,333.6000061035156,13872826,NTPC,NTPC.NS
2025-08-07,317.83782958984375,329.75,332.45001220703125,328.6499938964844,332.1000061035156,8731389,NTPC,NTPC.NS
2025-08-08,322.6572265625,334.75,337.5,329.6499938964844,330.0,11247218,NTPC,NTPC.NS
2025-08-11,324.0066833496094,336.1499938964844,339.1000061035156,333.95001220703125,335.0,11993280,NTPC,NTPC.NS
2025-08-12,327.8139953613281,340.1000061035156,341.8500061035156,335.75,336.25,7221182,NTPC,NTPC.NS
2025-08-13,327.6694030761719,339.95001220703125,343.0,339.1499938964844,340.29998779296875,5417151,NTPC,NTPC.NS
2025-08-14,327.0910949707031,339.3500061035156,340.45001220703125,336.29998779296875,339.95001220703125,5689423,NTPC,NTPC.NS
2025-08-18,323.9102783203125,336.04998779296875,341.79998779296875,335.45001220703125,341.45001220703125,6511340,NTPC,NTPC.NS
2025-08-19,322.9463806152344,335.04998779296875,340.6499938964844,334.1499938964844,338.8999938964844,10316115,NTPC,NTPC.NS
2025-08-20,329.6453552246094,342.0,343.3999938964844,336.5,337.79998779296875,10824544,NTPC,NTPC.NS
2025-08-21,326.5609130859375,338.79998779296875,344.3500061035156,336.8999938964844,342.3500061035156,11135121,NTPC,NTPC.NS
2025-08-22,324.825927734375,337.0,338.8999938964844,335.5,338.5,8534844,NTPC,NTPC.NS
2025-08-25,325.645263671875,337.8500061035156,341.3999938964844,337.04998779296875,337.04998779296875,7142387,NTPC,NTPC.NS
2025-08-26,321.1632385253906,333.20001220703125,337.3999938964844,331.75,336.1499938964844,13113388,NTPC,NTPC.NS
2025-08-28,318.84991455078125,330.79998779296875,332.8999938964844,328.70001220703125,331.25,10486948,NTPC,NTPC.NS
2025-08-29,315.71734619140625,327.54998779296875,331.5,327.0,331.0,11813425,NTPC,NTPC.NS
2025-09-01,318.7535705566406,330.70001220703125,331.6000061035156,328.0,328.0,6897558,NTPC,NTPC.NS
2025-09-02,324.1512451171875,336.29998779296875,338.25,331.1000061035156,331.1000061035156,9224639,NTPC,NTPC.NS
2025-09-03,322.17529296875,334.25,338.0,333.5,336.5,10778333,NTPC,NTPC.NS
2025-09-04,321.34771728515625,330.04998779296875,334.8999938964844,329.29998779296875,333.5,7934237,NTPC,NTPC.NS
2025-09-05,320.0333251953125,328.70001220703125,331.79998779296875,325.95001220703125,330.04998779296875,5678244,NTPC,NTPC.NS
2025-09-08,318.0860290527344,326.70001220703125,330.95001220703125,326.3500061035156,328.75,5239184,NTPC,NTPC.NS
2025-09-09,315.55462646484375,324.1000061035156,328.1499938964844,323.6499938964844,327.6000061035156,9735495,NTPC,NTPC.NS
2025-09-10,317.063720703125,325.6499938964844,328.04998779296875,325.1499938964844,325.5,6509477,NTPC,NTPC.NS
2025-09-11,322.32135009765625,331.04998779296875,333.5,326.0,326.45001220703125,10309925,NTPC,NTPC.NS
2025-09-12,322.9542541503906,331.70001220703125,333.5,328.3999938964844,332.0,5257048,NTPC,NTPC.NS
2025-09-15,322.37005615234375,331.1000061035156,333.79998779296875,330.6499938964844,331.0,6566824,NTPC,NTPC.NS
2025-09-16,326.21588134765625,335.04998779296875,335.79998779296875,331.20001220703125,331.20001220703125,8784889,NTPC,NTPC.NS
2025-09-17,327.5303039550781,336.3999938964844,337.45001220703125,334.54998779296875,335.5,7936518,NTPC,NTPC.NS
2025-09-18,328.0657958984375,336.95001220703125,337.6000061035156,334.1000061035156,337.0,6497322,NTPC,NTPC.NS
2025-09-19,329.7209777832031,338.6499938964844,339.5,336.45001220703125,336.95001220703125,10646331,NTPC,NTPC.NS
2025-09-22,330.2565002441406,339.20001220703125,340.3500061035156,336.8500061035156,339.1499938964844,6966213,NTPC,NTPC.NS
2025-09-23,333.9562683105469,343.0,344.1000061035156,338.1000061035156,339.45001220703125,10738268,NTPC,NTPC.NS
2025-09-24,338.4349670410156,347.6000061035156,350.3999938964844,342.25,343.29998779296875,14653575,NTPC,NTPC.NS
2025-09-25,331.5221862792969,340.5,350.79998779296875,340.0,349.29998779296875,13228081,NTPC,NTPC.NS
2025-09-26,328.9907531738281,337.8999938964844,340.75,336.45001220703125,340.5,6337702,NTPC,NTPC.NS
2025-09-29,331.9603576660156,340.95001220703125,343.75,338.0,339.1000061035156,16922231,NTPC,NTPC.NS
2025-09-30,331.4735107421875,340.45001220703125,343.04998779296875,339.1499938964844,341.1000061035156,8308029,NTPC,NTPC.NS
2025-10-01,331.2787780761719,340.25,343.04998779296875,338.04998779296875,340.29998779296875,6022078,NTPC,NTPC.NS
2025-10-03,332.982666015625,342.0,343.5,338.75,340.25,8506827,NTPC,NTPC.NS
2025-10-06,330.15911865234375,339.1000061035156,341.79998779296875,335.6499938964844,340.6000061035156,8436245,NTPC,NTPC.NS
2025-10-07,329.0881042480469,338.0,341.3999938964844,336.8500061035156,339.1000061035156,16130172,NTPC,NTPC.NS
2025-10-08,324.99884033203125,333.79998779296875,339.25,332.29998779296875,339.25,13223442,NTPC,NTPC.NS
2025-10-09,326.99481201171875,335.8500061035156,336.3999938964844,331.20001220703125,333.79998779296875,6824759,NTPC,NTPC.NS
2025-10-10,330.7432861328125,339.70001220703125,341.95001220703125,335.95001220703125,336.0,8970962,NTPC,NTPC.NS
2025-10-13,332.6905822753906,341.70001220703125,342.1000061035156,336.20001220703125,337.95001220703125,6663149,NTPC,NTPC.NS
2025-10-14,327.773681640625,336.6499938964844,343.0,335.20001220703125,342.0,7545848,NTPC,NTPC.NS
2025-10-15,330.30517578125,339.25,341.75,336.75,336.95001220703125,8121744,NTPC,NTPC.NS
2025-10-16,332.495849609375,341.5,342.6000061035156,339.6499938964844,340.20001220703125,6788416,NTPC,NTPC.NS
2025-10-17,332.009033203125,341.0,344.20001220703125,340.1499938964844,341.5,7032129,NTPC,NTPC.NS
2025-10-20,332.9339904785156,341.95001220703125,344.45001220703125,340.29998779296875,341.3999938964844,6896835,NTPC,NTPC.NS
2025-10-21,332.982666015625,342.0,343.5,341.04998779296875,342.95001220703125,346988,NTPC,NTPC.NS
2025-10-23,333.6155090332031,342.6499938964844,345.20001220703125,341.04998779296875,343.79998779296875,8710859,NTPC,NTPC.NS
2025-10-24,330.64593505859375,339.6000061035156,343.25,338.1499938964844,342.45001220703125,7584711,NTPC,NTPC.NS
2025-10-27,332.7392272949219,341.75,342.8999938964844,340.45001220703125,340.70001220703125,6752390,NTPC,NTPC.NS
2025-10-28,330.2077941894531,339.1499938964844,342.8999938964844,337.29998779296875,342.3999938964844,13186584,NTPC,NTPC.NS
2025-10-29,338.3376159667969,347.5,350.0,339.1499938964844,339.25,15423201,NTPC,NTPC.NS
2025-10-30,336.0495910644531,345.1499938964844,349.0,343.45001220703125,349.0,6721032,NTPC,NTPC.NS
2025-10-31,328.0657958984375,336.95001220703125,345.0,335.6000061035156,345.0,18651312,NTPC,NTPC.NS
2025-11-03,326.3619689941406,335.20001220703125,337.5,333.3999938964844,336.8500061035156,10242245,NTPC,NTPC.NS
2025-11-04,321.88323974609375,330.6000061035156,336.0,329.70001220703125,335.3999938964844,11887651,NTPC,NTPC.NS
2025-11-06,318.037353515625,326.6499938964844,332.95001220703125,324.6000061035156,332.04998779296875,11587302,NTPC,NTPC.NS
2025-11-07,320.19757080078125,326.1000061035156,327.1000061035156,320.8500061035156,324.3999938964844,8578167,NTPC,NTPC.NS
2025-11-10,319.559326171875,325.45001220703125,328.25,324.0,326.1000061035156,5246998,NTPC,NTPC.NS
2025-11-11,320.7375793457031,326.6499938964844,327.45001220703125,322.8500061035156,325.95001220703125,6103758,NTPC,NTPC.NS
2025-11-12,321.2285461425781,327.1499938964844,328.25,325.54998779296875,327.5,6850550,NTPC,NTPC.NS
2025-11-13,321.0321960449219,326.95001220703125,329.95001220703125,325.54998779296875,327.1499938964844,7276001,NTPC,NTPC.NS
2025-11-14,322.5050354003906,328.45001220703125,329.8999938964844,326.20001220703125,327.0,9169855,NTPC,NTPC.NS
2025-11-17,324.2233581542969,330.20001220703125,331.45001220703125,328.54998779296875,329.0,6283156,NTPC,NTPC.NS
2025-11-18,322.5050354003906,328.45001220703125,329.75,327.1499938964844,329.04998779296875,6776200,NTPC,NTPC.NS
2025-11-19,320.6885070800781,326.6000061035156,328.95001220703125,325.04998779296875,328.95001220703125,6935056,NTPC,NTPC.NS
2025-11-20,320.6885070800781,326.6000061035156,330.0,326.20001220703125,328.0,5155775,NTPC,NTPC.NS
2025-11-21,320.7375793457031,326.6499938964844,328.3999938964844,325.0,326.8500061035156,6142545,NTPC,NTPC.NS
2025-11-24,317.5955505371094,323.45001220703125,327.1000061035156,322.04998779296875,326.70001220703125,13719726,NTPC,NTPC.NS
2025-11-25,317.84100341796875,323.70001220703125,325.6000061035156,322.5,323.45001220703125,8074651,NTPC,NTPC.NS
2025-11-26,320.19757080078125,326.1000061035156,327.79998779296875,324.0,324.29998779296875,7101095,NTPC,NTPC.NS
2025-11-27,321.4249267578125,327.3500061035156,328.75,325.0,327.1499938964844,6755179,NTPC,NTPC.NS
2025-11-28,320.5412292480469,326.45001220703125,328.1499938964844,324.25,328.0,8930988,NTPC,NTPC.NS
2025-12-01,321.179443359375,327.1000061035156,328.25,325.45001220703125,327.1000061035156,6936186,NTPC,NTPC.NS
2025-12-02,322.6523132324219,328.6000061035156,329.95001220703125,326.75,327.45001220703125,5806943,NTPC,NTPC.NS
2025-12-03,317.1045837402344,322.95001220703125,329.0,321.29998779296875,329.0,8546132,NTPC,NTPC.NS
2025-12-04,317.1045837402344,322.95001220703125,324.29998779296875,321.1000061035156,322.8999938964844,5965357,NTPC,NTPC.NS
2025-12-05,317.4482116699219,323.29998779296875,324.1499938964844,320.95001220703125,322.25,6574010,NTPC,NTPC.NS
2025-12-08,313.7170104980469,319.5,323.20001220703125,317.8500061035156,323.20001220703125,7906928,NTPC,NTPC.NS
2025-12-09,314.0606689453125,319.8500061035156,321.3999938964844,315.54998779296875,317.45001220703125,7152584,NTPC,NTPC.NS
2025-12-10,315.77899169921875,321.6000061035156,323.70001220703125,319.5,319.8500061035156,5484712,NTPC,NTPC.NS
2025-12-11,316.7608947753906,322.6000061035156,323.45001220703125,319.1499938964844,321.6499938964844,6317942,NTPC,NTPC.NS
2025-12-12,319.1665344238281,325.04998779296875,325.95001220703125,322.8999938964844,322.8999938964844,4261023,NTPC,NTPC.NS
2025-12-15,318.0864562988281,323.95001220703125,325.29998779296875,321.54998779296875,323.04998779296875,10219819,NTPC,NTPC.NS
2025-12-16,315.18988037109375,321.0,323.79998779296875,319.04998779296875,322.04998779296875,5241263,NTPC,NTPC.NS
2025-12-17,315.4353332519531,321.25,322.3999938964844,319.54998779296875,320.0,5043027,NTPC,NTPC.NS
2025-12-18,312.735107421875,318.5,322.1499938964844,317.0,322.0,5554193,NTPC,NTPC.NS
2025-12-19,314.1097717285156,319.8999938964844,320.6000061035156,317.5,318.95001220703125,10833662,NTPC,NTPC.NS
2025-12-22,314.89532470703125,320.70001220703125,323.6499938964844,319.5,319.95001220703125,8925871,NTPC,NTPC.NS
2025-12-23,317.3991394042969,323.25,324.75,320.25,321.04998779296875,6024641,NTPC,NTPC.NS
2025-12-24,316.7117919921875,322.54998779296875,326.6499938964844,322.25,323.8999938964844,5678004,NTPC,NTPC.NS
2025-12-26,318.2337646484375,324.1000061035156,325.75,322.29998779296875,322.54998779296875,4174183,NTPC,NTPC.NS
2025-12-29,319.6084289550781,325.5,325.79998779296875,323.04998779296875,324.1000061035156,14043845,NTPC,NTPC.NS
2025-12-30,319.019287109375,324.8999938964844,325.54998779296875,323.3500061035156,325.0,8035909,NTPC,NTPC.NS
2025-12-31,323.5850830078125,329.54998779296875,330.6499938964844,324.70001220703125,324.75,8497983,NTPC,NTPC.NS
2026-01-01,330.2129211425781,336.29998779296875,336.8999938964844,329.6000061035156,329.79998779296875,10357315,NTPC,NTPC.NS
2026-01-02,345.7269592285156,352.1000061035156,353.0,335.95001220703125,336.79998779296875,23128940,NTPC,NTPC.NS
2026-01-05,344.2541198730469,350.6000061035156,354.79998779296875,348.3999938964844,350.3500061035156,18248271,NTPC,NTPC.NS
2026-01-06,344.4504699707031,350.79998779296875,354.1000061035156,346.1499938964844,349.8999938964844,8641743,NTPC,NTPC.NS
2026-01-07,342.5357971191406,348.8500061035156,351.3500061035156,346.29998779296875,349.54998779296875,7165806,NTPC,NTPC.NS
2026-01-08,338.16632080078125,344.3999938964844,349.79998779296875,342.20001220703125,346.75,8805975,NTPC,NTPC.NS
2026-01-09,329.9183654785156,336.0,344.3999938964844,334.3999938964844,344.3999938964844,10161744,NTPC,NTPC.NS
2026-01-12,331.3421325683594,337.45001220703125,340.6499938964844,333.70001220703125,336.75,9406174,NTPC,NTPC.NS
2026-01-13,331.7839660644531,337.8999938964844,339.25,335.04998779296875,337.45001220703125,5583379,NTPC,NTPC.NS
2026-01-14,342.78125,349.1000061035156,350.5,337.45001220703125,338.8999938964844,20389924,NTPC,NTPC.NS
2026-01-15,342.78125,349.1000061035156,349.1000061035156,349.1000061035156,349.1000061035156,0,NTPC,NTPC.NS
2026-01-16,340.0810241699219,346.3500061035156,354.04998779296875,345.3999938964844,352.6499938964844,14275582,NTPC,NTPC.NS
2026-01-19,337.1353454589844,343.3500061035156,347.95001220703125,342.04998779296875,343.5,9974363,NTPC,NTPC.NS
2026-01-20,332.61859130859375,338.75,348.29998779296875,337.70001220703125,343.0,7718407,NTPC,NTPC.NS
2026-01-21,332.5694885253906,338.70001220703125,341.6000061035156,336.79998779296875,338.79998779296875,6948955,NTPC,NTPC.NS
2026-01-22,336.2516174316406,342.45001220703125,343.20001220703125,337.1000061035156,338.70001220703125,5885972,NTPC,NTPC.NS
2026-01-23,330.605712890625,336.70001220703125,345.45001220703125,336.1000061035156,343.95001220703125,10084314,NTPC,NTPC.NS
2026-01-27,338.4609069824219,344.70001220703125,346.5,337.04998779296875,340.5,12203590,NTPC,NTPC.NS
2026-01-28,341.750244140625,348.04998779296875,353.25,344.70001220703125,344.70001220703125,13566973,NTPC,NTPC.NS
2026-01-29,351.6674499511719,358.1499938964844,360.5,347.29998779296875,350.0,20624409,NTPC,NTPC.NS
2026-01-30,349.5563659667969,356.0,359.3500061035156,351.1000061035156,359.0,22641103,NTPC,NTPC.NS
2026-02-02,344.00860595703125,350.3500061035156,352.75,337.75,344.95001220703125,12622760,NTPC,NTPC.NS
2026-02-03,352.0602111816406,358.54998779296875,365.95001220703125,353.79998779296875,365.95001220703125,11559806,NTPC,NTPC.NS
2026-02-04,360.60272216796875,367.25,368.54998779296875,357.6000061035156,359.45001220703125,15515053,NTPC,NTPC.NS
2026-02-05,360.3572692871094,367.0,370.70001220703125,365.0,369.75,18789794,NTPC,NTPC.NS
2026-02-06,361.1487121582031,365.04998779296875,365.95001220703125,361.0,361.79998779296875,7328789,NTPC,NTPC.NS
2026-02-09,358.0323791503906,361.8999938964844,368.6000061035156,361.0,366.54998779296875,7983235,NTPC,NTPC.NS
2026-02-10,362.97894287109375,366.8999938964844,368.1499938964844,361.25,361.8999938964844,8319282,NTPC,NTPC.NS
2026-02-11,364.51239013671875,368.45001220703125,369.0,366.0,369.0,5782448,NTPC,NTPC.NS
2026-02-12,364.31451416015625,368.25,372.0,366.8500061035156,370.0,6763353,NTPC,NTPC.NS
2026-02-13,359.1206359863281,363.0,368.0,362.3999938964844,367.54998779296875,7111972,NTPC,NTPC.NS
2026-02-16,365.1554260253906,369.1000061035156,369.6499938964844,362.5,362.6000061035156,6292850,NTPC,NTPC.NS
2026-02-17,364.462890625,368.3999938964844,369.5,366.04998779296875,368.75,4442793,NTPC,NTPC.NS
2026-02-18,364.462890625,368.3999938964844,370.70001220703125,367.3999938964844,368.45001220703125,4871319,NTPC,NTPC.NS
2026-02-19,359.3184814453125,363.20001220703125,370.8999938964844,362.20001220703125,367.0,5375352,NTPC,NTPC.NS
2026-02-20,368.96429443359375,372.95001220703125,373.6499938964844,362.70001220703125,362.79998779296875,16736731,NTPC,NTPC.NS
2026-02-23,371.4375915527344,375.45001220703125,376.5,372.1499938964844,374.0,16135451,NTPC,NTPC.NS
2026-02-24,378.6595458984375,382.75,385.0,373.54998779296875,374.95001220703125,20774629,NTPC,NTPC.NS
2026-02-25,380.78656005859375,384.8999938964844,388.54998779296875,382.70001220703125,382.75,12750016,NTPC,NTPC.NS
2026-02-26,377.8186340332031,381.8999938964844,385.8500061035156,378.3999938964844,385.0,10721570,NTPC,NTPC.NS
2026-02-27,377.8186340332031,381.8999938964844,385.20001220703125,380.1499938964844,381.0,11548959,NTPC,NTPC.NS
2026-03-02,373.5151062011719,377.54998779296875,378.95001220703125,365.0,365.0,14732253,NTPC,NTPC.NS
2026-03-04,361.89068603515625,365.79998779296875,373.8500061035156,364.1000061035156,370.75,11433169,NTPC,NTPC.NS
2026-03-05,374.009765625,378.04998779296875,379.8999938964844,366.6000061035156,366.95001220703125,16158714,NTPC,NTPC.NS
2026-03-06,376.53253173828125,380.6000061035156,385.54998779296875,374.6499938964844,377.0,14940896,NTPC,NTPC.NS
2026-03-09,372.22900390625,376.25,379.0,371.3999938964844,373.0,11286578,NTPC,NTPC.NS
2026-03-10,373.2677917480469,377.29998779296875,385.45001220703125,374.8500061035156,385.0,10875834,NTPC,NTPC.NS
2026-03-11,375.8399963378906,379.8999938964844,383.8999938964844,376.45001220703125,377.5,9963701,NTPC,NTPC.NS
2026-03-12,386.3761901855469,390.54998779296875,392.3999938964844,375.6499938964844,379.0,23847146,NTPC,NTPC.NS
2026-03-13,380.3414001464844,384.45001220703125,394.5,383.20001220703125,391.8500061035156,27107369,NTPC,NTPC.NS
2026-03-16,378.31329345703125,382.3999938964844,388.25,375.45001220703125,384.5,16793109,NTPC,NTPC.NS
2026-03-17,379.2531433105469,383.3500061035156,385.8999938964844,378.29998779296875,382.8999938964844,9720902,NTPC,NTPC.NS
2026-03-18,374.4549865722656,378.5,386.3500061035156,377.6000061035156,385.0,10681498,NTPC,NTPC.NS
2026-03-19,370.0525207519531,374.04998779296875,380.75,373.1000061035156,373.5,10568326,NTPC,NTPC.NS
2026-03-20,376.8788146972656,380.95001220703125,383.29998779296875,375.5,375.8500061035156,20930288,NTPC,NTPC.NS
2026-03-23,368.420166015625,372.3999938964844,379.5,369.29998779296875,377.1000061035156,13148432,NTPC,NTPC.NS
2026-03-24,371.5364990234375,375.54998779296875,378.1499938964844,371.0,378.0,9339144,NTPC,NTPC.NS
2026-03-25,374.3560485839844,378.3999938964844,380.95001220703125,375.6000061035156,376.0,9266292,NTPC,NTPC.NS
2026-03-27,371.63543701171875,375.6499938964844,379.8999938964844,374.6499938964844,379.8999938964844,20263654,NTPC,NTPC.NS
2026-03-30,366.6888732910156,370.6499938964844,377.95001220703125,369.6499938964844,374.0,17974103,NTPC,NTPC.NS
2026-04-01,360.75299072265625,364.6499938964844,381.8999938964844,361.45001220703125,381.29998779296875,15449629,NTPC,NTPC.NS
2026-04-02,355.8064270019531,359.6499938964844,361.29998779296875,352.0,359.95001220703125,16551512,NTPC,NTPC.NS
2026-04-06,362.1875,366.1000061035156,366.75,355.70001220703125,358.79998779296875,11534034,NTPC,NTPC.NS
2026-04-07,364.9081115722656,368.8500061035156,369.79998779296875,362.25,364.8500061035156,12603971,NTPC,NTPC.NS
2026-04-08,370.1514587402344,374.1499938964844,375.54998779296875,368.25,373.5,19491331,NTPC,NTPC.NS
2026-04-09,374.6033630371094,378.6499938964844,384.20001220703125,376.5,376.95001220703125,18503665,NTPC,NTPC.NS
2026-04-10,376.08734130859375,380.1499938964844,384.45001220703125,372.04998779296875,381.20001220703125,14953758,NTPC,NTPC.NS
2026-04-13,382.1221618652344,386.25,388.0,374.3500061035156,374.3500061035156,15240045,NTPC,NTPC.NS
2026-04-15,388.404296875,392.6000061035156,393.95001220703125,387.1000061035156,390.25,7722460,NTPC,NTPC.NS
2026-04-16,386.6235046386719,390.79998779296875,397.25,387.79998779296875,397.0,9896906,NTPC,NTPC.NS
2026-04-17,389.39361572265625,393.6000061035156,396.25,388.45001220703125,393.0,15320653,NTPC,NTPC.NS
2026-04-20,393.74658203125,398.0,400.8500061035156,390.6499938964844,393.0,9895187,NTPC,NTPC.NS
2026-04-21,391.9658203125,396.20001220703125,402.70001220703125,395.70001220703125,398.6000061035156,9493644,NTPC,NTPC.NS
2026-04-22,401.0674743652344,405.3999938964844,407.25,393.20001220703125,398.0,16411131,NTPC,NTPC.NS
2026-04-23,397.951171875,402.25,405.8999938964844,400.3999938964844,404.0,9144699,NTPC,NTPC.NS
2026-04-24,397.5554504394531,401.8500061035156,405.25,399.20001220703125,404.75,6266676,NTPC,NTPC.NS
2026-04-27,405.8161926269531,410.20001220703125,414.3999938964844,402.6000061035156,403.8999938964844,13001752,NTPC,NTPC.NS
2026-04-28,402.50201416015625,406.8500061035156,414.20001220703125,405.95001220703125,414.0,7726655,NTPC,NTPC.NS
2026-04-29,397.01129150390625,401.29998779296875,410.0,399.6499938964844,409.5,11920835,NTPC,NTPC.NS
2026-04-30,394.88427734375,399.1499938964844,400.29998779296875,393.1499938964844,400.0,7706357,NTPC,NTPC.NS
2026-05-01,394.88427734375,399.1499938964844,399.1499938964844,399.1499938964844,399.1499938964844,0,NTPC,NTPC.NS
2026-05-04,395.774658203125,400.04998779296875,404.79998779296875,397.25,400.0,6333200,NTPC,NTPC.NS
2026-05-05,394.3896179199219,398.6499938964844,400.5,394.54998779296875,398.29998779296875,6791514,NTPC,NTPC.NS
2026-05-06,390.6302490234375,394.8500061035156,403.0,391.6499938964844,400.0,11120409,NTPC,NTPC.NS
2026-05-07,396.07147216796875,400.3500061035156,403.5,393.1499938964844,396.75,9700378,NTPC,NTPC.NS
2026-05-08,397.85223388671875,402.1499938964844,405.1000061035156,397.1499938964844,398.0,4740939,NTPC,NTPC.NS
2026-05-11,388.75054931640625,392.95001220703125,405.0,391.0,401.8999938964844,10088836,NTPC,NTPC.NS
2026-05-12,388.50323486328125,392.70001220703125,399.8500061035156,391.25,392.20001220703125,10247516,NTPC,NTPC.NS
2026-05-13,386.27728271484375,390.45001220703125,394.04998779296875,385.79998779296875,392.0,12322076,NTPC,NTPC.NS
2026-05-14,392.0647277832031,396.29998779296875,398.54998779296875,391.20001220703125,393.70001220703125,7363948,NTPC,NTPC.NS
2026-05-15,391.0259704589844,395.25,398.0,392.5,396.0,7107857,NTPC,NTPC.NS
2026-05-18,384.1502380371094,388.29998779296875,393.8500061035156,384.8999938964844,393.0,7632596,NTPC,NTPC.NS
2026-05-19,385.23846435546875,389.3999938964844,392.75,386.04998779296875,386.70001220703125,6693518,NTPC,NTPC.NS
2026-05-20,388.2558898925781,392.45001220703125,393.3500061035156,384.0,386.1000061035156,5386249,NTPC,NTPC.NS
2026-05-21,384.6448974609375,388.79998779296875,395.54998779296875,387.8500061035156,393.5,10596954,NTPC,NTPC.NS
2026-05-22,384.4964904785156,388.6499938964844,391.5,387.45001220703125,389.95001220703125,11755213,NTPC,NTPC.NS
2026-05-25,385.88153076171875,390.04998779296875,392.79998779296875,386.45001220703125,391.95001220703125,10489850,NTPC,NTPC.NS
2026-05-26,385.5352783203125,389.70001220703125,392.25,389.0,390.75,9062218,NTPC,NTPC.NS
2026-05-27,393.89495849609375,398.1499938964844,403.1000061035156,390.3500061035156,390.3500061035156,14418621,NTPC,NTPC.NS
2026-05-28,393.89495849609375,398.1499938964844,398.1499938964844,398.1499938964844,398.1499938964844,0,NTPC,NTPC.NS
2026-05-29,382.76519775390625,386.8999938964844,401.6499938964844,385.1000061035156,400.0,17003143,NTPC,NTPC.NS
2026-06-01,374.6528625488281,378.70001220703125,389.0,376.5,386.8999938964844,18408900,NTPC,NTPC.NS
2026-06-02,363.4736022949219,367.3999938964844,377.5,363.04998779296875,375.95001220703125,17496468,NTPC,NTPC.NS
2026-06-03,362.8800048828125,366.79998779296875,371.5,363.70001220703125,368.04998779296875,10825715,NTPC,NTPC.NS
2026-06-04,362.4842834472656,366.3999938964844,368.79998779296875,364.3500061035156,366.79998779296875,14363519,NTPC,NTPC.NS
2026-06-05,357.7850341796875,361.6499938964844,368.5,358.6499938964844,365.95001220703125,10277061,NTPC,NTPC.NS
2026-06-08,358.52703857421875,362.3999938964844,365.3500061035156,355.1499938964844,358.95001220703125,14933986,NTPC,NTPC.NS
2026-06-09,351.8491516113281,355.6499938964844,363.70001220703125,355.0,362.79998779296875,14246656,NTPC,NTPC.NS
2026-06-10,347.89190673828125,351.6499938964844,359.0,351.1000061035156,359.0,14939921,NTPC,NTPC.NS
2026-06-11,348.08978271484375,351.8500061035156,353.3500061035156,348.79998779296875,352.0,15079402,NTPC,NTPC.NS
2026-06-12,350.11785888671875,353.8999938964844,357.0,349.70001220703125,357.0,8740239,NTPC,NTPC.NS
2026-06-15,344.3798522949219,348.1000061035156,358.0,346.95001220703125,357.3999938964844,17190759,NTPC,NTPC.NS
2026-06-16,351.7502136230469,355.54998779296875,356.20001220703125,348.5,349.75,14555184,NTPC,NTPC.NS
2026-06-17,351.7502136230469,355.54998779296875,356.04998779296875,352.04998779296875,355.54998779296875,9299676,NTPC,NTPC.NS
2026-06-18,358.08184814453125,361.95001220703125,363.54998779296875,354.04998779296875,357.0,12260776,NTPC,NTPC.NS
2026-06-19,361.89068603515625,365.79998779296875,368.0,359.95001220703125,361.95001220703125,17465450,NTPC,NTPC.NS
2026-06-22,363.1273193359375,367.04998779296875,368.5,364.04998779296875,365.79998779296875,11946682,NTPC,NTPC.NS
2026-06-23,360.7035217285156,364.6000061035156,369.25,361.8999938964844,367.8500061035156,11696171,NTPC,NTPC.NS
2026-06-24,353.23419189453125,357.04998779296875,364.04998779296875,355.5,362.8500061035156,12770898,NTPC,NTPC.NS
2026-06-25,348.2876281738281,352.04998779296875,359.0,351.45001220703125,356.45001220703125,19767157,NTPC,NTPC.NS
2026-06-26,348.2876281738281,352.04998779296875,352.04998779296875,352.04998779296875,352.04998779296875,0,NTPC,NTPC.NS
2026-06-29,352.29437255859375,356.1000061035156,357.8999938964844,351.54998779296875,352.0,49895302,NTPC,NTPC.NS
2026-06-30,352.8384704589844,356.6499938964844,358.3500061035156,352.8999938964844,354.75,10291360,NTPC,NTPC.NS
2026-07-01,354.0751037597656,357.8999938964844,360.8500061035156,354.25,358.0,6915166,NTPC,NTPC.NS
2026-07-02,354.42138671875,358.25,359.95001220703125,352.29998779296875,359.95001220703125,6513560,NTPC,NTPC.NS
2026-07-03,352.640625,356.45001220703125,360.1499938964844,355.45001220703125,358.25,6588714,NTPC,NTPC.NS
2026-07-06,352.4427490234375,356.25,359.3999938964844,354.6499938964844,356.0,6204261,NTPC,NTPC.NS
2026-07-07,350.4146728515625,354.20001220703125,357.1499938964844,352.54998779296875,355.79998779296875,8149003,NTPC,NTPC.NS
2026-07-08,344.97344970703125,348.70001220703125,353.0,347.54998779296875,351.95001220703125,9572223,NTPC,NTPC.NS
2026-07-09,340.0268859863281,343.70001220703125,351.0,343.1000061035156,349.0,17821421,NTPC,NTPC.NS
2026-07-10,340.8677978515625,344.54998779296875,348.79998779296875,343.20001220703125,344.5,13016441,NTPC,NTPC.NS
2026-07-13,347.9908447265625,351.75,355.0,343.70001220703125,345.04998779296875,8226337,NTPC,NTPC.NS
2026-07-14,344.4293212890625,348.1499938964844,353.95001220703125,347.5,348.5,8579646,NTPC,NTPC.NS
2026-07-15,340.6699523925781,344.3500061035156,348.45001220703125,343.04998779296875,347.5,11352533,NTPC,NTPC.NS
2026-07-16,338.7902526855469,342.45001220703125,346.04998779296875,342.1000061035156,344.20001220703125,10347549,NTPC,NTPC.NS
2026-07-17,338.1966552734375,341.8500061035156,343.8999938964844,340.25,342.5,7612446,NTPC,NTPC.NS
2026-07-20,343.5389404296875,347.25,349.29998779296875,341.1000061035156,343.0,14463484,NTPC,NTPC.NS
2026-07-21,344.8250427246094,348.54998779296875,349.1499938964844,344.1499938964844,347.20001220703125,8575793,NTPC,NTPC.NS
2026-07-22,346.75421142578125,350.5,350.8500061035156,345.6499938964844,347.3999938964844,7035952,NTPC,NTPC.NS
2026-07-23,344.87451171875,348.6000061035156,350.70001220703125,347.1000061035156,348.54998779296875,6863144,NTPC,NTPC.NS
2026-07-24,343.489501953125,347.20001220703125,350.0,345.1000061035156,347.95001220703125,6300466,NTPC,NTPC.NS
2026-07-27,347.0509948730469,350.79998779296875,353.0,347.79998779296875,353.0,12350753,NTPC,NTPC.NS
2026-07-28,340.07635498046875,343.75,350.0,342.1000061035156,349.95001220703125,12409670,NTPC,NTPC.NS
2026-07-29,339.8290100097656,343.5,345.3500061035156,341.1499938964844,343.70001220703125,8471125,NTPC,NTPC.NS
2026-07-30,341.1645812988281,344.8500061035156,347.6499938964844,341.8500061035156,343.5,9943764,NTPC,NTPC.NS
2026-07-31,343.5389404296875,347.25,348.25,343.54998779296875,344.1000061035156,8519119,NTPC,NTPC.NS
2026-08-03,347.1499328613281,350.8999938964844,350.8999938964844,345.29998779296875,347.25,5460220,NTPC,NTPC.NS
2026-08-04,339.9774169921875,343.6499938964844,348.95001220703125,341.6000061035156,348.0,7201524,NTPC,NTPC.NS
2026-08-05,346.1606140136719,349.8999938964844,349.8999938964844,342.75,343.45001220703125,18554536,NTPC,NTPC.NS
2026-08-06,341.31298828125,345.0,349.25,343.1000061035156,347.5,10079779,NTPC,NTPC.NS
2026-08-07,338.8396911621094,342.5,347.0,342.5,345.0,7012048,NTPC,NTPC.NS
2026-08-10,336.8116149902344,340.45001220703125,343.70001220703125,337.1499938964844,342.5,8818488,NTPC,NTPC.NS
2026-08-11,334.8330078125,338.45001220703125,340.3999938964844,336.04998779296875,339.6000061035156,10043994,NTPC,NTPC.NS
2026-08-12,335.82232666015625,339.45001220703125,341.3500061035156,335.3500061035156,338.45001220703125,10152704,NTPC,NTPC.NS
2026-08-13,340.5710144042969,344.25,344.25,338.0,338.04998779296875,9672695,NTPC,NTPC.NS
2026-08-14,336.3664245605469,340.0,343.6499938964844,337.5,343.6499938964844,7507624,NTPC,NTPC.NS
2026-08-17,333.3984680175781,337.0,340.29998779296875,335.70001220703125,340.0,7839848,NTPC,NTPC.NS
2026-08-18,333.4974060058594,337.1000061035156,339.29998779296875,333.8999938964844,337.0,9943991,NTPC,NTPC.NS
2026-08-19,332.9532775878906,336.54998779296875,338.8500061035156,333.6000061035156,336.29998779296875,7502595,NTPC,NTPC.NS
2026-08-20,333.89312744140625,337.5,339.54998779296875,334.3999938964844,337.1000061035156,4185077,NTPC,NTPC.NS
2026-08-21,336.3664245605469,340.0,342.8500061035156,337.0,337.0,6534716,NTPC,NTPC.NS
2026-08-24,335.87176513671875,339.5,342.04998779296875,337.45001220703125,340.70001220703125,5401943,NTPC,NTPC.NS
2026-08-25,336.218017578125,339.8500061035156,340.79998779296875,335.6499938964844,339.0,5260835,NTPC,NTPC.NS
2026-08-26,331.0241394042969,334.6000061035156,344.45001220703125,334.6000061035156,341.54998779296875,5903358,NTPC,NTPC.NS
2026-08-27,327.3636779785156,330.8999938964844,335.95001220703125,328.3999938964844,335.0,12911842,NTPC,NTPC.NS
2026-08-28,326.5227355957031,330.04998779296875,333.1000061035156,328.79998779296875,329.5,7332490,NTPC,NTPC.NS
2026-08-31,323.90106201171875,327.3999938964844,330.45001220703125,323.5,330.1000061035156,18400774,NTPC,NTPC.NS
2026-09-01,324.0,327.5,328.25,325.04998779296875,327.3999938964844,7377499,NTPC,NTPC.NS
2026-09-02,330.0,330.0,331.1000061035156,321.0,324.0,11993091,NTPC,NTPC.NS
2026-09-03,330.8999938964844,330.8999938964844,332.70001220703125,329.1000061035156,330.45001220703125,8100588,NTPC,NTPC.NS
