Date,Adj Close,Close,High,Low,Open,Volume,Company,Ticker
2021-09-03,90.09888458251953,123.0999984741211,123.5,118.80000305175781,119.94999694824219,21326802,ONGC,ONGC.NS
2021-09-06,89.03760528564453,121.6500015258789,124.3499984741211,121.1500015258789,123.80000305175781,12505630,ONGC,ONGC.NS
2021-09-07,87.7933349609375,119.94999694824219,122.75,119.55000305175781,122.5,8530847,ONGC,ONGC.NS
2021-09-08,88.42521667480469,118.94999694824219,119.5,117.5,119.0,7801721,ONGC,ONGC.NS
2021-09-09,90.80403900146484,122.1500015258789,123.80000305175781,118.19999694824219,119.0999984741211,27242637,ONGC,ONGC.NS
2021-09-13,91.47309112548828,123.05000305175781,123.4000015258789,121.0999984741211,122.19999694824219,9921031,ONGC,ONGC.NS
2021-09-14,92.14212799072266,123.94999694824219,125.4000015258789,122.80000305175781,123.30000305175781,16593684,ONGC,ONGC.NS
2021-09-15,95.48734283447266,128.4499969482422,130.6999969482422,124.25,124.25,42437332,ONGC,ONGC.NS
2021-09-16,95.6731948852539,128.6999969482422,131.25,127.4000015258789,129.64999389648438,22431820,ONGC,ONGC.NS
2021-09-17,94.96697235107422,127.75,129.6999969482422,124.75,128.6999969482422,25968166,ONGC,ONGC.NS
2021-09-20,95.5245132446289,128.5,129.39999389648438,125.05000305175781,125.05000305175781,29857432,ONGC,ONGC.NS
2021-09-21,100.50518035888672,135.1999969482422,136.0,129.10000610351562,129.60000610351562,51537119,ONGC,ONGC.NS
2021-09-22,99.3529281616211,133.64999389648438,135.25,132.4499969482422,134.5,16424387,ONGC,ONGC.NS
2021-09-23,102.40080261230469,137.75,138.35000610351562,134.39999389648438,134.8000030517578,18688982,ONGC,ONGC.NS
2021-09-24,101.1742172241211,136.10000610351562,139.89999389648438,134.5,138.89999389648438,33667173,ONGC,ONGC.NS
2021-09-27,104.07339477539062,140.0,140.75,137.5,138.0500030517578,34196564,ONGC,ONGC.NS
2021-09-28,105.70884704589844,142.1999969482422,143.60000610351562,141.0,141.8000030517578,46109879,ONGC,ONGC.NS
2021-09-29,107.60446166992188,144.75,148.8000030517578,139.35000610351562,140.85000610351562,68003697,ONGC,ONGC.NS
2021-09-30,107.41860961914062,144.5,146.0500030517578,141.35000610351562,144.75,26714630,ONGC,ONGC.NS
2021-10-01,108.71955108642578,146.25,149.64999389648438,144.10000610351562,145.1999969482422,42893182,ONGC,ONGC.NS
2021-10-04,109.72311401367188,147.60000610351562,148.5,147.0,147.8000030517578,16099471,ONGC,ONGC.NS
2021-10-05,121.65436553955078,163.64999389648438,164.60000610351562,149.0,150.0,131238378,ONGC,ONGC.NS
2021-10-06,124.96243286132812,168.10000610351562,172.75,165.8000030517578,166.0,101221817,ONGC,ONGC.NS
2021-10-07,119.2383804321289,160.39999389648438,170.14999389648438,159.5,170.14999389648438,59769140,ONGC,ONGC.NS
2021-10-08,119.64722442626953,160.9499969482422,166.60000610351562,160.5,163.89999389648438,30561341,ONGC,ONGC.NS
2021-10-11,122.65795135498047,165.0,166.1999969482422,162.6999969482422,163.75,18143592,ONGC,ONGC.NS
2021-10-12,121.58003997802734,163.5500030517578,165.85000610351562,162.75,165.10000610351562,11619888,ONGC,ONGC.NS
2021-10-13,118.94102478027344,160.0,163.8000030517578,159.6999969482422,163.64999389648438,16690451,ONGC,ONGC.NS
2021-10-14,118.23483276367188,159.0500030517578,161.75,158.64999389648438,161.0,14821875,ONGC,ONGC.NS
2021-10-18,120.50213623046875,162.10000610351562,165.5,161.1999969482422,163.75,22899876,ONGC,ONGC.NS
2021-10-19,117.90029907226562,158.60000610351562,163.5,158.0,163.5,10331930,ONGC,ONGC.NS
2021-10-20,115.1497802734375,154.89999389648438,159.35000610351562,153.64999389648438,159.25,17118996,ONGC,ONGC.NS
2021-10-21,115.22412109375,155.0,160.3000030517578,154.5500030517578,157.60000610351562,31555789,ONGC,ONGC.NS
2021-10-22,116.74806213378906,157.0500030517578,158.35000610351562,154.5,157.0,27317028,ONGC,ONGC.NS
2021-10-25,119.98175048828125,161.39999389648438,162.9499969482422,158.89999389648438,159.0,34568006,ONGC,ONGC.NS
2021-10-26,121.24552154541016,163.10000610351562,163.9499969482422,160.3000030517578,163.5500030517578,33022684,ONGC,ONGC.NS
2021-10-27,117.37995147705078,157.89999389648438,163.60000610351562,157.0,163.10000610351562,21652522,ONGC,ONGC.NS
2021-10-28,111.65589141845703,150.1999969482422,156.85000610351562,148.6999969482422,150.0,24815027,ONGC,ONGC.NS
2021-10-29,110.80101013183594,149.0500030517578,151.85000610351562,146.0,149.89999389648438,18736450,ONGC,ONGC.NS
2021-11-01,113.8488540649414,153.14999389648438,153.60000610351562,148.39999389648438,150.0,11444653,ONGC,ONGC.NS
2021-11-02,113.70020294189453,152.9499969482422,154.8000030517578,151.35000610351562,153.9499969482422,20609479,ONGC,ONGC.NS
2021-11-03,112.9939956665039,152.0,154.1999969482422,149.8000030517578,151.1999969482422,11591857,ONGC,ONGC.NS
2021-11-04,113.03113555908203,152.0500030517578,152.85000610351562,151.25,152.0,1114216,ONGC,ONGC.NS
2021-11-08,115.1497802734375,154.89999389648438,155.5500030517578,151.6999969482422,152.9499969482422,16568525,ONGC,ONGC.NS
2021-11-09,116.4507064819336,156.64999389648438,158.14999389648438,155.0,156.5,13601954,ONGC,ONGC.NS
2021-11-10,117.23123931884766,157.6999969482422,158.6999969482422,156.4499969482422,156.6999969482422,13900618,ONGC,ONGC.NS
2021-11-11,114.10906982421875,153.5,156.85000610351562,153.0500030517578,156.60000610351562,14158749,ONGC,ONGC.NS
2021-11-12,114.96395111083984,154.64999389648438,155.60000610351562,153.3000030517578,154.0,10552485,ONGC,ONGC.NS
2021-11-15,117.30559539794922,157.8000030517578,162.25,156.0,156.4499969482422,45750584,ONGC,ONGC.NS
2021-11-16,116.82238006591797,157.14999389648438,159.6999969482422,156.8000030517578,159.39999389648438,12956283,ONGC,ONGC.NS
2021-11-17,117.00821685791016,157.39999389648438,159.25,156.60000610351562,157.0,11420415,ONGC,ONGC.NS
2021-11-18,114.7037582397461,154.3000030517578,157.0,153.6999969482422,157.0,18351511,ONGC,ONGC.NS
2021-11-22,112.96932220458984,146.5500030517578,153.6999969482422,146.0,151.25,21558590,ONGC,ONGC.NS
2021-11-23,113.08494567871094,146.6999969482422,147.6999969482422,143.39999389648438,145.8000030517578,21216047,ONGC,ONGC.NS
2021-11-24,118.28825378417969,153.4499969482422,155.85000610351562,149.0,149.0,36294271,ONGC,ONGC.NS
2021-11-25,119.56019592285156,155.10000610351562,156.0,152.5500030517578,154.0,11554142,ONGC,ONGC.NS
2021-11-26,113.39329528808594,147.10000610351562,152.25,146.25,152.25,23135841,ONGC,ONGC.NS
2021-11-29,111.0807113647461,144.10000610351562,146.0500030517578,141.89999389648438,145.0,18736522,ONGC,ONGC.NS
2021-11-30,109.53900146484375,142.10000610351562,147.75,141.10000610351562,143.35000610351562,22980651,ONGC,ONGC.NS
2021-12-01,109.65464782714844,142.25,143.64999389648438,139.64999389648438,142.39999389648438,14278744,ONGC,ONGC.NS
2021-12-02,111.00362396240234,144.0,144.64999389648438,140.39999389648438,140.5,8561767,ONGC,ONGC.NS
2021-12-03,112.46826934814453,145.89999389648438,146.85000610351562,143.14999389648438,144.0,10690334,ONGC,ONGC.NS
2021-12-06,110.5025634765625,143.35000610351562,145.85000610351562,142.75,145.8000030517578,7749262,ONGC,ONGC.NS
2021-12-07,112.46826934814453,145.89999389648438,146.25,144.5,145.0,10253663,ONGC,ONGC.NS
2021-12-08,114.39540100097656,148.39999389648438,150.35000610351562,146.8000030517578,147.0,12266948,ONGC,ONGC.NS
2021-12-09,113.58602142333984,147.35000610351562,149.89999389648438,146.35000610351562,149.5,7989291,ONGC,ONGC.NS
2021-12-10,113.74018859863281,147.5500030517578,148.0,145.5500030517578,146.25,10324085,ONGC,ONGC.NS
2021-12-13,112.50679779052734,145.9499969482422,150.5,145.35000610351562,148.9499969482422,13595587,ONGC,ONGC.NS
2021-12-14,113.23912048339844,146.89999389648438,147.4499969482422,143.9499969482422,144.25,12331999,ONGC,ONGC.NS
2021-12-15,110.96508026123047,143.9499969482422,147.6999969482422,143.60000610351562,146.3000030517578,10361033,ONGC,ONGC.NS
2021-12-16,112.04427337646484,145.35000610351562,146.25,144.5500030517578,145.3000030517578,12156709,ONGC,ONGC.NS
2021-12-17,107.45767974853516,139.39999389648438,145.10000610351562,138.5,144.1999969482422,17667617,ONGC,ONGC.NS
2021-12-20,103.29505157470703,134.0,137.64999389648438,131.64999389648438,137.5,17238729,ONGC,ONGC.NS
2021-12-21,104.87531280517578,136.0500030517578,136.85000610351562,133.8000030517578,135.0500030517578,8615570,ONGC,ONGC.NS
2021-12-22,105.45346069335938,136.8000030517578,137.9499969482422,135.3000030517578,137.39999389648438,4968143,ONGC,ONGC.NS
2021-12-23,108.3056411743164,140.5,141.0,137.14999389648438,138.5,6324169,ONGC,ONGC.NS
2021-12-24,106.76392364501953,138.5,141.60000610351562,137.1999969482422,141.5500030517578,5657495,ONGC,ONGC.NS
2021-12-27,105.8774185180664,137.35000610351562,138.0500030517578,136.0,136.5500030517578,4404298,ONGC,ONGC.NS
2021-12-28,107.5347671508789,139.5,140.5,138.5,139.14999389648438,8738089,ONGC,ONGC.NS
2021-12-29,107.0722427368164,138.89999389648438,140.85000610351562,137.4499969482422,140.1999969482422,6571286,ONGC,ONGC.NS
2021-12-30,108.3056411743164,140.5,141.1999969482422,138.5,138.75,11556524,ONGC,ONGC.NS
2021-12-31,109.77025604248047,142.39999389648438,142.9499969482422,139.4499969482422,140.4499969482422,6393760,ONGC,ONGC.NS
2022-01-03,110.27133178710938,143.0500030517578,143.4499969482422,141.1999969482422,142.35000610351562,3765911,ONGC,ONGC.NS
2022-01-04,113.93289184570312,147.8000030517578,148.60000610351562,143.10000610351562,143.10000610351562,16351836,ONGC,ONGC.NS
2022-01-05,115.89856719970703,150.35000610351562,151.10000610351562,147.39999389648438,148.5,12977680,ONGC,ONGC.NS
2022-01-06,116.24549102783203,150.8000030517578,151.39999389648438,148.35000610351562,150.60000610351562,9012777,ONGC,ONGC.NS
2022-01-07,121.06333923339844,157.0500030517578,157.5,151.35000610351562,151.5,30889365,ONGC,ONGC.NS
2022-01-10,122.06544494628906,158.35000610351562,159.39999389648438,156.39999389648438,158.25,16418985,ONGC,ONGC.NS
2022-01-11,124.06967163085938,160.9499969482422,161.64999389648438,157.60000610351562,158.8000030517578,14457548,ONGC,ONGC.NS
2022-01-12,127.15312194824219,164.9499969482422,165.6999969482422,161.39999389648438,162.6999969482422,21220614,ONGC,ONGC.NS
2022-01-13,126.38226318359375,163.9499969482422,165.5,163.0500030517578,164.9499969482422,7445346,ONGC,ONGC.NS
2022-01-14,124.14675903320312,161.0500030517578,163.3000030517578,160.1999969482422,162.9499969482422,11646259,ONGC,ONGC.NS
2022-01-17,127.84693145751953,165.85000610351562,168.1999969482422,162.3000030517578,162.5,32577835,ONGC,ONGC.NS
2022-01-18,126.30519104003906,163.85000610351562,168.39999389648438,163.39999389648438,168.3000030517578,11175409,ONGC,ONGC.NS
2022-01-19,131.23867797851562,170.25,171.0,164.89999389648438,165.3000030517578,36648534,ONGC,ONGC.NS
2022-01-20,128.61776733398438,166.85000610351562,170.89999389648438,166.5,170.89999389648438,14474454,ONGC,ONGC.NS
2022-01-21,126.15099334716797,163.64999389648438,166.39999389648438,162.3000030517578,165.3000030517578,8625926,ONGC,ONGC.NS
2022-01-24,127.73128509521484,165.6999969482422,168.3000030517578,163.75,165.1999969482422,28783449,ONGC,ONGC.NS
2022-01-25,127.30728912353516,165.14999389648438,166.6999969482422,163.0,163.0,14249846,ONGC,ONGC.NS
2022-01-27,127.73128509521484,165.6999969482422,168.75,164.5,165.10000610351562,25936832,ONGC,ONGC.NS
2022-01-28,130.1209259033203,168.8000030517578,174.6999969482422,166.25,167.5500030517578,32790065,ONGC,ONGC.NS
2022-01-31,133.05020141601562,172.60000610351562,174.85000610351562,169.5500030517578,171.60000610351562,24031034,ONGC,ONGC.NS
2022-02-01,131.77830505371094,170.9499969482422,174.89999389648438,168.5,174.0,14220953,ONGC,ONGC.NS
2022-02-02,132.04808044433594,171.3000030517578,174.0500030517578,170.5,170.5500030517578,12478192,ONGC,ONGC.NS
2022-02-03,129.11880493164062,167.5,171.25,166.0,170.0,12529302,ONGC,ONGC.NS
2022-02-04,130.73760986328125,169.60000610351562,172.6999969482422,169.0500030517578,170.0,17434362,ONGC,ONGC.NS
2022-02-07,132.66476440429688,172.10000610351562,173.3000030517578,169.1999969482422,170.6999969482422,11723574,ONGC,ONGC.NS
2022-02-08,128.69485473632812,166.9499969482422,173.0,166.5,172.0,13231599,ONGC,ONGC.NS
2022-02-09,126.38226318359375,163.9499969482422,169.60000610351562,163.10000610351562,167.89999389648438,17938632,ONGC,ONGC.NS
2022-02-10,130.35218811035156,169.10000610351562,170.39999389648438,165.14999389648438,165.85000610351562,26763203,ONGC,ONGC.NS
2022-02-11,129.61985778808594,168.14999389648438,170.5,167.10000610351562,167.9499969482422,12884995,ONGC,ONGC.NS
2022-02-14,128.11666870117188,166.1999969482422,176.35000610351562,165.1999969482422,168.89999389648438,44604164,ONGC,ONGC.NS
2022-02-15,126.53643035888672,164.14999389648438,170.0,156.39999389648438,170.0,31146458,ONGC,ONGC.NS
2022-02-16,129.92823791503906,168.5500030517578,168.89999389648438,164.5,164.5,15960268,ONGC,ONGC.NS
2022-02-17,132.3949432373047,171.75,172.39999389648438,168.5,168.5500030517578,24640791,ONGC,ONGC.NS
2022-02-18,129.4271240234375,167.89999389648438,171.75,166.6999969482422,171.1999969482422,11829998,ONGC,ONGC.NS
2022-02-21,127.28497314453125,163.39999389648438,167.5500030517578,163.0500030517578,167.39999389648438,14222260,ONGC,ONGC.NS
2022-02-22,128.4923858642578,164.9499969482422,166.5,163.25,166.5,29399172,ONGC,ONGC.NS
2022-02-23,125.22069549560547,160.75,166.39999389648438,159.64999389648438,166.25,21301826,ONGC,ONGC.NS
2022-02-24,122.02687072753906,156.64999389648438,162.39999389648438,156.0,160.75,28766189,ONGC,ONGC.NS
2022-02-25,124.24695587158203,159.5,160.39999389648438,156.8000030517578,159.39999389648438,20225258,ONGC,ONGC.NS
2022-02-28,125.14278411865234,160.64999389648438,161.85000610351562,155.8000030517578,160.5,20210070,ONGC,ONGC.NS
2022-03-02,126.9344253540039,162.9499969482422,168.35000610351562,161.89999389648438,165.64999389648438,41103406,ONGC,ONGC.NS
2022-03-03,132.65992736816406,170.3000030517578,171.8000030517578,162.89999389648438,168.3000030517578,42345653,ONGC,ONGC.NS
2022-03-04,128.72605895996094,165.25,171.0,163.85000610351562,170.10000610351562,32658756,ONGC,ONGC.NS
2022-03-07,145.62991333007812,186.9499969482422,189.8000030517578,167.10000610351562,167.10000610351562,132538155,ONGC,ONGC.NS
2022-03-08,139.51495361328125,179.10000610351562,194.9499969482422,177.8000030517578,190.0,73127816,ONGC,ONGC.NS
2022-03-09,136.6326904296875,175.39999389648438,183.8000030517578,173.85000610351562,183.0,51977091,ONGC,ONGC.NS
2022-03-10,135.8147735595703,174.35000610351562,176.89999389648438,165.0,168.25,62112814,ONGC,ONGC.NS
2022-03-11,136.86639404296875,175.6999969482422,176.39999389648438,171.6999969482422,172.5,26187452,ONGC,ONGC.NS
2022-03-14,133.82838439941406,171.8000030517578,175.5,170.60000610351562,174.0,20214021,ONGC,ONGC.NS
2022-03-15,127.55757904052734,163.75,169.5,161.64999389648438,168.3000030517578,42333127,ONGC,ONGC.NS
2022-03-16,130.32298278808594,167.3000030517578,167.85000610351562,161.85000610351562,166.0,25545119,ONGC,ONGC.NS
2022-03-17,132.65992736816406,170.3000030517578,171.5,164.60000610351562,166.60000610351562,66314748,ONGC,ONGC.NS
2022-03-21,134.41262817382812,172.5500030517578,175.0,170.3000030517578,171.6999969482422,20614652,ONGC,ONGC.NS
2022-03-22,136.67164611816406,175.4499969482422,181.25,173.8000030517578,176.1999969482422,39742745,ONGC,ONGC.NS
2022-03-23,136.7884979248047,175.60000610351562,177.6999969482422,174.85000610351562,176.5,10994784,ONGC,ONGC.NS
2022-03-24,138.22959899902344,177.4499969482422,180.39999389648438,176.5,178.89999389648438,20332589,ONGC,ONGC.NS
2022-03-25,136.94430541992188,175.8000030517578,179.25,175.10000610351562,178.5,13608989,ONGC,ONGC.NS
2022-03-28,137.37274169921875,176.35000610351562,177.89999389648438,174.64999389648438,175.5,15253027,ONGC,ONGC.NS
2022-03-29,133.20518493652344,171.0,175.1999969482422,170.5500030517578,174.9499969482422,14210783,ONGC,ONGC.NS
2022-03-30,126.19439697265625,162.0,164.85000610351562,161.14999389648438,163.0,95239532,ONGC,ONGC.NS
2022-03-31,127.67443084716797,163.89999389648438,165.25,161.14999389648438,161.85000610351562,33523683,ONGC,ONGC.NS
2022-04-01,130.8292999267578,167.9499969482422,168.25,163.5500030517578,163.89999389648438,28335224,ONGC,ONGC.NS
2022-04-04,130.90721130371094,168.0500030517578,169.0500030517578,165.35000610351562,166.9499969482422,17745513,ONGC,ONGC.NS
2022-04-05,133.86732482910156,171.85000610351562,172.75,169.3000030517578,170.25,20054934,ONGC,ONGC.NS
2022-04-06,134.60736083984375,172.8000030517578,173.5,170.3000030517578,170.60000610351562,12969222,ONGC,ONGC.NS
2022-04-07,131.5303955078125,168.85000610351562,173.8000030517578,168.1999969482422,170.60000610351562,24550313,ONGC,ONGC.NS
2022-04-08,133.12730407714844,170.89999389648438,171.3000030517578,168.6999969482422,169.0,9529874,ONGC,ONGC.NS
2022-04-11,133.3610076904297,171.1999969482422,172.75,169.5500030517578,171.0,9724979,ONGC,ONGC.NS
2022-04-12,131.56935119628906,168.89999389648438,172.1999969482422,168.1999969482422,171.0,13184429,ONGC,ONGC.NS
2022-04-13,135.7368621826172,174.25,174.85000610351562,170.6999969482422,171.39999389648438,23458303,ONGC,ONGC.NS
2022-04-18,136.94430541992188,175.8000030517578,179.0,175.10000610351562,176.0,23916912,ONGC,ONGC.NS
2022-04-19,137.99591064453125,177.14999389648438,179.8000030517578,176.0,177.3000030517578,17880666,ONGC,ONGC.NS
2022-04-20,136.71060180664062,175.5,177.35000610351562,174.8000030517578,176.89999389648438,10076403,ONGC,ONGC.NS
2022-04-21,135.65896606445312,174.14999389648438,176.6999969482422,173.89999389648438,175.6999969482422,12246720,ONGC,ONGC.NS
2022-04-22,135.54212951660156,174.0,176.3000030517578,173.6999969482422,174.14999389648438,10267952,ONGC,ONGC.NS
2022-04-25,132.15359497070312,169.64999389648438,173.0,168.3000030517578,171.0,12583497,ONGC,ONGC.NS
2022-04-26,130.0503387451172,166.9499969482422,171.6999969482422,165.6999969482422,171.10000610351562,20086229,ONGC,ONGC.NS
2022-04-27,128.4145050048828,164.85000610351562,168.89999389648438,163.35000610351562,167.9499969482422,13981957,ONGC,ONGC.NS
2022-04-28,128.37550354003906,164.8000030517578,166.0,162.4499969482422,166.0,13030499,ONGC,ONGC.NS
2022-04-29,124.98700714111328,160.4499969482422,167.4499969482422,159.5,166.5,15964743,ONGC,ONGC.NS
2022-05-02,121.79315948486328,156.35000610351562,159.25,155.89999389648438,158.14999389648438,23405519,ONGC,ONGC.NS
2022-05-04,126.3891372680664,162.25,162.8000030517578,157.9499969482422,159.0,23661920,ONGC,ONGC.NS
2022-05-05,128.4145050048828,164.85000610351562,168.39999389648438,163.39999389648438,164.1999969482422,26878516,ONGC,ONGC.NS
2022-05-06,130.0503387451172,166.9499969482422,167.39999389648438,161.10000610351562,163.89999389648438,16768573,ONGC,ONGC.NS
2022-05-09,128.3365936279297,164.75,167.3000030517578,162.75,165.25,9952775,ONGC,ONGC.NS
2022-05-10,120.3131103515625,154.4499969482422,161.64999389648438,152.89999389648438,160.4499969482422,22602956,ONGC,ONGC.NS
2022-05-11,123.54586791992188,158.60000610351562,160.0,153.75,154.0,15084514,ONGC,ONGC.NS
2022-05-12,121.91002655029297,156.5,161.0,154.0,159.0,21459069,ONGC,ONGC.NS
2022-05-13,119.61203002929688,153.5500030517578,160.3000030517578,152.9499969482422,160.0,12934346,ONGC,ONGC.NS
2022-05-16,119.5730972290039,153.5,156.25,151.8000030517578,154.1999969482422,13205775,ONGC,ONGC.NS
2022-05-17,127.0902099609375,163.14999389648438,163.6999969482422,155.5500030517578,156.0,17843200,ONGC,ONGC.NS
2022-05-18,127.129150390625,163.1999969482422,164.5,160.1999969482422,162.0,12616832,ONGC,ONGC.NS
2022-05-19,124.63643646240234,160.0,162.0500030517578,157.8000030517578,158.5500030517578,8932407,ONGC,ONGC.NS
2022-05-20,126.11648559570312,161.89999389648438,163.8000030517578,160.10000610351562,161.64999389648438,7235654,ONGC,ONGC.NS
2022-05-23,120.8194808959961,155.10000610351562,164.1999969482422,154.64999389648438,161.75,18029557,ONGC,ONGC.NS
2022-05-24,117.3530044555664,150.64999389648438,157.75,150.14999389648438,157.39999389648438,19141394,ONGC,ONGC.NS
2022-05-25,118.87201690673828,152.60000610351562,153.25,147.60000610351562,152.89999389648438,19366472,ONGC,ONGC.NS
2022-05-26,118.32671356201172,151.89999389648438,153.3000030517578,148.10000610351562,152.8000030517578,12824105,ONGC,ONGC.NS
2022-05-27,112.01699829101562,143.8000030517578,155.5,141.10000610351562,155.0,52469252,ONGC,ONGC.NS
2022-05-30,112.21176147460938,144.0500030517578,147.3000030517578,141.14999389648438,145.64999389648438,40261336,ONGC,ONGC.NS
2022-05-31,117.82039642333984,151.25,153.0,145.39999389648438,145.39999389648438,57675204,ONGC,ONGC.NS
2022-06-01,116.65190887451172,149.75,152.89999389648438,148.75,151.1999969482422,22780094,ONGC,ONGC.NS
2022-06-02,118.75514221191406,152.4499969482422,152.89999389648438,146.0,147.8000030517578,25429955,ONGC,ONGC.NS
2022-06-03,118.09305572509766,151.60000610351562,154.1999969482422,151.14999389648438,153.9499969482422,16747177,ONGC,ONGC.NS
2022-06-06,119.92362976074219,153.9499969482422,156.0,152.8000030517578,153.10000610351562,30327268,ONGC,ONGC.NS
2022-06-07,126.07756042480469,161.85000610351562,162.9499969482422,154.1999969482422,154.8000030517578,61411715,ONGC,ONGC.NS
2022-06-08,127.28497314453125,163.39999389648438,166.39999389648438,162.10000610351562,163.5,45994327,ONGC,ONGC.NS
2022-06-09,128.95977783203125,165.5500030517578,167.35000610351562,164.5,166.0,31122996,ONGC,ONGC.NS
2022-06-10,128.25869750976562,164.64999389648438,166.64999389648438,163.35000610351562,164.0,17812698,ONGC,ONGC.NS
2022-06-13,124.28589630126953,159.5500030517578,163.9499969482422,158.4499969482422,162.0,12237777,ONGC,ONGC.NS
2022-06-14,121.4815673828125,155.9499969482422,160.5500030517578,155.3000030517578,159.5500030517578,12844437,ONGC,ONGC.NS
2022-06-15,117.93722534179688,151.39999389648438,157.25,150.8000030517578,156.9499969482422,16223385,ONGC,ONGC.NS
2022-06-16,111.82225799560547,143.5500030517578,151.5500030517578,142.60000610351562,149.14999389648438,25130676,ONGC,ONGC.NS
2022-06-17,110.18640899658203,141.4499969482422,145.14999389648438,140.64999389648438,142.4499969482422,22922034,ONGC,ONGC.NS
2022-06-20,104.6946029663086,134.39999389648438,138.89999389648438,130.0,138.60000610351562,28656582,ONGC,ONGC.NS
2022-06-21,108.3558120727539,139.10000610351562,140.1999969482422,135.0,136.10000610351562,20581784,ONGC,ONGC.NS
2022-06-22,105.0451431274414,134.85000610351562,136.9499969482422,131.0,136.9499969482422,31824106,ONGC,ONGC.NS
2022-06-23,105.00621032714844,134.8000030517578,136.39999389648438,132.1999969482422,134.0,26829020,ONGC,ONGC.NS
2022-06-24,106.99258422851562,137.35000610351562,141.0,135.1999969482422,137.0,25461812,ONGC,ONGC.NS
2022-06-27,110.22534942626953,141.5,142.60000610351562,137.25,140.0,24188349,ONGC,ONGC.NS
2022-06-28,116.34031677246094,149.35000610351562,151.75,142.14999389648438,142.8000030517578,54387675,ONGC,ONGC.NS
2022-06-29,120.07942199707031,154.14999389648438,157.39999389648438,146.1999969482422,149.35000610351562,165860322,ONGC,ONGC.NS
2022-06-30,118.05408477783203,151.5500030517578,154.4499969482422,149.25,153.0,38725546,ONGC,ONGC.NS
2022-07-01,102.08503723144531,131.0500030517578,151.14999389648438,130.0,148.9499969482422,125788305,ONGC,ONGC.NS
2022-07-04,98.15119171142578,126.0,129.9499969482422,124.0999984741211,129.9499969482422,85993413,ONGC,ONGC.NS
2022-07-05,99.24178314208984,127.4000015258789,128.60000610351562,126.0,127.0,44595740,ONGC,ONGC.NS
2022-07-06,94.21737670898438,120.94999694824219,123.5,119.8499984741211,123.0,59092334,ONGC,ONGC.NS
2022-07-07,96.20376586914062,123.5,124.1500015258789,121.25,121.25,36229792,ONGC,ONGC.NS
2022-07-08,94.64579772949219,121.5,126.3499984741211,121.0,126.3499984741211,42778692,ONGC,ONGC.NS
2022-07-11,97.76172637939453,125.5,125.9000015258789,121.05000305175781,121.5,31521678,ONGC,ONGC.NS
2022-07-12,96.67113494873047,124.0999984741211,126.75,123.5,124.9000015258789,25216226,ONGC,ONGC.NS
2022-07-13,96.94375610351562,124.44999694824219,124.9000015258789,121.4000015258789,122.44999694824219,27166975,ONGC,ONGC.NS
2022-07-14,99.04700469970703,127.1500015258789,132.60000610351562,123.80000305175781,124.4000015258789,38464081,ONGC,ONGC.NS
2022-07-15,98.57964324951172,126.55000305175781,128.39999389648438,124.5999984741211,127.5999984741211,18088858,ONGC,ONGC.NS
2022-07-18,101.18920135498047,129.89999389648438,130.6999969482422,126.94999694824219,127.05000305175781,21010247,ONGC,ONGC.NS
2022-07-19,99.63125610351562,127.9000015258789,133.1999969482422,124.44999694824219,130.5,33778758,ONGC,ONGC.NS
2022-07-20,103.25350189208984,132.5500030517578,136.60000610351562,132.1999969482422,135.0,60317150,ONGC,ONGC.NS
2022-07-21,103.68195343017578,133.10000610351562,133.5,131.8000030517578,133.0,20853780,ONGC,ONGC.NS
2022-07-22,103.17559814453125,132.4499969482422,133.8000030517578,131.5500030517578,133.8000030517578,11630255,ONGC,ONGC.NS
2022-07-25,101.11131286621094,129.8000030517578,132.4499969482422,128.39999389648438,132.0,21705935,ONGC,ONGC.NS
2022-07-26,99.86494445800781,128.1999969482422,131.60000610351562,127.75,130.85000610351562,22172845,ONGC,ONGC.NS
2022-07-27,100.17655944824219,128.60000610351562,130.1999969482422,127.80000305175781,129.10000610351562,20187969,ONGC,ONGC.NS
2022-07-28,101.46186065673828,130.25,130.5,128.25,130.39999389648438,25736737,ONGC,ONGC.NS
2022-07-29,104.49987030029297,134.14999389648438,134.5,129.89999389648438,130.4499969482422,19738642,ONGC,ONGC.NS
2022-08-01,107.81053924560547,138.39999389648438,139.0,133.1999969482422,134.10000610351562,20592826,ONGC,ONGC.NS
2022-08-02,106.48626708984375,136.6999969482422,137.0500030517578,134.60000610351562,136.6999969482422,15037928,ONGC,ONGC.NS
2022-08-03,105.6683349609375,135.64999389648438,138.4499969482422,133.8000030517578,136.0,15853543,ONGC,ONGC.NS
2022-08-04,106.13570404052734,136.25,137.14999389648438,134.0,134.35000610351562,14311959,ONGC,ONGC.NS
2022-08-05,106.33047485351562,136.5,138.5,133.60000610351562,135.10000610351562,66480753,ONGC,ONGC.NS
2022-08-08,106.33047485351562,136.5,137.5,135.0500030517578,136.3000030517578,12451233,ONGC,ONGC.NS
2022-08-10,104.22723388671875,133.8000030517578,136.75,133.4499969482422,136.39999389648438,15829467,ONGC,ONGC.NS
2022-08-11,103.44825744628906,132.8000030517578,136.0,132.0500030517578,134.5,19479706,ONGC,ONGC.NS
2022-08-12,108.43370819091797,139.1999969482422,139.6999969482422,133.5,133.89999389648438,40876891,ONGC,ONGC.NS
2022-08-16,109.0179443359375,139.9499969482422,141.89999389648438,136.10000610351562,139.5,31230003,ONGC,ONGC.NS
2022-08-17,108.78424072265625,139.64999389648438,140.8000030517578,138.6999969482422,139.9499969482422,15694770,ONGC,ONGC.NS
2022-08-18,108.10633850097656,135.5500030517578,138.3000030517578,134.6999969482422,138.25,42597708,ONGC,ONGC.NS
2022-08-19,107.34867095947266,134.60000610351562,138.5,134.0500030517578,137.5,35382493,ONGC,ONGC.NS
2022-08-22,105.19532012939453,131.89999389648438,134.5,129.8000030517578,134.5,31231393,ONGC,ONGC.NS
2022-08-23,106.67076110839844,133.75,134.1999969482422,130.10000610351562,131.89999389648438,24268146,ONGC,ONGC.NS
2022-08-24,108.46521759033203,136.0,137.39999389648438,134.5,134.6999969482422,22730039,ONGC,ONGC.NS
2022-08-25,108.90387725830078,136.5500030517578,138.14999389648438,136.14999389648438,137.0,14620592,ONGC,ONGC.NS
2022-08-26,108.98361206054688,136.64999389648438,138.25,136.10000610351562,136.5,12105053,ONGC,ONGC.NS
2022-08-29,108.3854751586914,135.89999389648438,136.60000610351562,133.75,134.1999969482422,9198908,ONGC,ONGC.NS
2022-08-30,110.53882598876953,138.60000610351562,139.85000610351562,137.5500030517578,137.89999389648438,21720398,ONGC,ONGC.NS
2022-09-01,107.42842864990234,134.6999969482422,136.25,134.14999389648438,135.0,20349294,ONGC,ONGC.NS
2022-09-02,105.87322998046875,132.75,135.75,132.3000030517578,134.6999969482422,17495310,ONGC,ONGC.NS
2022-09-05,106.39163208007812,133.39999389648438,133.89999389648438,132.64999389648438,132.89999389648438,14865879,ONGC,ONGC.NS
2022-09-06,105.35484313964844,132.10000610351562,134.14999389648438,131.6999969482422,134.10000610351562,10870488,ONGC,ONGC.NS
2022-09-07,105.6738510131836,132.5,132.9499969482422,130.0500030517578,131.0,12042788,ONGC,ONGC.NS
2022-09-08,105.15544128417969,131.85000610351562,134.14999389648438,131.5,131.64999389648438,14629497,ONGC,ONGC.NS
2022-09-09,106.87014770507812,134.0,134.1999969482422,131.9499969482422,132.5,12327341,ONGC,ONGC.NS
2022-09-12,106.87014770507812,134.0,135.39999389648438,133.60000610351562,135.0,13500202,ONGC,ONGC.NS
2022-09-13,106.79039764404297,133.89999389648438,135.14999389648438,133.5,134.1999969482422,10846178,ONGC,ONGC.NS
2022-09-14,106.23211669921875,133.1999969482422,134.10000610351562,132.0,132.4499969482422,8597956,ONGC,ONGC.NS
2022-09-15,105.75360870361328,132.60000610351562,134.39999389648438,132.0,133.60000610351562,10810473,ONGC,ONGC.NS
2022-09-16,104.67691802978516,131.25,132.0,130.0,131.10000610351562,20909579,ONGC,ONGC.NS
2022-09-19,104.11865234375,130.5500030517578,134.35000610351562,129.6999969482422,132.10000610351562,19411428,ONGC,ONGC.NS
2022-09-20,106.23211669921875,133.1999969482422,133.60000610351562,131.3000030517578,131.39999389648438,13080582,ONGC,ONGC.NS
2022-09-21,104.39778137207031,130.89999389648438,133.1999969482422,130.0500030517578,132.1999969482422,11156865,ONGC,ONGC.NS
2022-09-22,102.60331726074219,128.64999389648438,130.85000610351562,128.10000610351562,130.39999389648438,11366882,ONGC,ONGC.NS
2022-09-23,102.56346130371094,128.60000610351562,129.10000610351562,127.5,128.25,10407849,ONGC,ONGC.NS
2022-09-26,98.45611572265625,123.44999694824219,128.8000030517578,122.6500015258789,127.30000305175781,12848954,ONGC,ONGC.NS
2022-09-27,99.25364685058594,124.44999694824219,127.9000015258789,123.8499984741211,124.3499984741211,14465123,ONGC,ONGC.NS
2022-09-28,97.73834228515625,122.55000305175781,123.94999694824219,121.5,123.94999694824219,15267018,ONGC,ONGC.NS
2022-09-29,101.00824737548828,126.6500015258789,128.1999969482422,123.5,123.5,20597761,ONGC,ONGC.NS
2022-09-30,101.12787628173828,126.80000305175781,132.39999389648438,125.5,125.5,33530494,ONGC,ONGC.NS
2022-10-03,105.59408569335938,132.39999389648438,135.0,130.60000610351562,131.6999969482422,50966493,ONGC,ONGC.NS
2022-10-04,106.79039764404297,133.89999389648438,135.0,131.8000030517578,134.89999389648438,14137567,ONGC,ONGC.NS
2022-10-06,105.79345703125,132.64999389648438,136.5500030517578,132.39999389648438,136.5,14570735,ONGC,ONGC.NS
2022-10-07,106.91004180908203,134.0500030517578,134.25,131.1999969482422,132.0500030517578,13532236,ONGC,ONGC.NS
2022-10-10,106.2719955444336,133.25,134.0,132.1999969482422,133.0,10183057,ONGC,ONGC.NS
2022-10-11,104.55729675292969,131.10000610351562,133.5,130.25,133.25,13176461,ONGC,ONGC.NS
2022-10-12,104.75668334960938,131.35000610351562,132.0,129.10000610351562,131.10000610351562,9401804,ONGC,ONGC.NS
2022-10-13,103.56037902832031,129.85000610351562,131.85000610351562,127.6500015258789,131.1999969482422,13320136,ONGC,ONGC.NS
2022-10-14,101.76592254638672,127.5999984741211,132.8000030517578,127.05000305175781,132.0,13205955,ONGC,ONGC.NS
2022-10-17,101.9254150390625,127.80000305175781,128.1999969482422,126.0,127.0,9320940,ONGC,ONGC.NS
2022-10-18,102.6431884765625,128.6999969482422,129.10000610351562,127.5999984741211,128.4499969482422,6490293,ONGC,ONGC.NS
2022-10-19,101.9254150390625,127.80000305175781,128.6999969482422,127.4000015258789,128.6999969482422,7381712,ONGC,ONGC.NS
2022-10-20,103.3609848022461,129.60000610351562,131.0,125.80000305175781,127.0,18748363,ONGC,ONGC.NS
2022-10-21,104.91619110107422,131.5500030517578,133.39999389648438,128.75,129.35000610351562,11945173,ONGC,ONGC.NS
2022-10-24,105.91311645507812,132.8000030517578,134.0,132.39999389648438,133.0,2154912,ONGC,ONGC.NS
2022-10-25,104.27815246582031,130.75,132.89999389648438,129.85000610351562,132.4499969482422,10232002,ONGC,ONGC.NS
2022-10-27,105.11557006835938,131.8000030517578,132.1999969482422,130.3000030517578,130.75,13865026,ONGC,ONGC.NS
2022-10-28,106.6308822631836,133.6999969482422,135.60000610351562,131.8000030517578,132.10000610351562,22918037,ONGC,ONGC.NS
2022-10-31,106.91004180908203,134.0500030517578,135.1999969482422,132.8000030517578,134.39999389648438,8753855,ONGC,ONGC.NS
2022-11-01,107.78730773925781,135.14999389648438,135.6999969482422,134.10000610351562,134.10000610351562,11630848,ONGC,ONGC.NS
2022-11-02,108.8241195678711,136.4499969482422,139.1999969482422,135.35000610351562,135.85000610351562,21117499,ONGC,ONGC.NS
2022-11-03,108.78424072265625,136.39999389648438,136.6999969482422,135.25,136.39999389648438,7561534,ONGC,ONGC.NS
2022-11-04,109.940673828125,137.85000610351562,138.39999389648438,136.0500030517578,136.39999389648438,7498344,ONGC,ONGC.NS
2022-11-07,110.49894714355469,138.5500030517578,139.0,136.75,138.5500030517578,9987481,ONGC,ONGC.NS
2022-11-09,110.57870483398438,138.64999389648438,139.0,137.0,138.9499969482422,12033732,ONGC,ONGC.NS
2022-11-10,111.5357437133789,139.85000610351562,140.85000610351562,137.39999389648438,137.5,15908521,ONGC,ONGC.NS
2022-11-11,112.01427459716797,140.4499969482422,141.3000030517578,139.1999969482422,140.60000610351562,18492513,ONGC,ONGC.NS
2022-11-14,111.0572280883789,139.25,141.0,138.60000610351562,140.60000610351562,12743505,ONGC,ONGC.NS
2022-11-15,113.52960205078125,142.35000610351562,143.35000610351562,140.0,140.0,24636519,ONGC,ONGC.NS
2022-11-16,113.96823120117188,142.89999389648438,143.3000030517578,141.1999969482422,142.8000030517578,11460200,ONGC,ONGC.NS
2022-11-17,114.2074966430664,143.1999969482422,143.8000030517578,141.6999969482422,141.9499969482422,13368536,ONGC,ONGC.NS
2022-11-18,113.05107879638672,141.75,143.25,140.1999969482422,143.14999389648438,19958908,ONGC,ONGC.NS
2022-11-21,113.42790222167969,135.4499969482422,136.35000610351562,134.39999389648438,136.0,16348881,ONGC,ONGC.NS
2022-11-22,113.21855926513672,135.1999969482422,135.89999389648438,132.89999389648438,134.9499969482422,11198874,ONGC,ONGC.NS
2022-11-23,114.30719757080078,136.5,136.64999389648438,134.5500030517578,135.5500030517578,9010911,ONGC,ONGC.NS
2022-11-24,116.7775650024414,139.4499969482422,140.0,135.5,136.5,11803087,ONGC,ONGC.NS
2022-11-25,117.69874572753906,140.5500030517578,141.3000030517578,137.75,139.0,9789098,ONGC,ONGC.NS
2022-11-28,116.90319061279297,139.60000610351562,141.1999969482422,139.0500030517578,139.5,8925344,ONGC,ONGC.NS
2022-11-29,117.44749450683594,140.25,141.10000610351562,139.5,140.0500030517578,13558920,ONGC,ONGC.NS
2022-11-30,118.15929412841797,141.10000610351562,141.8000030517578,139.60000610351562,139.60000610351562,17720938,ONGC,ONGC.NS
2022-12-01,117.28002166748047,140.0500030517578,142.0,139.8000030517578,141.4499969482422,27727625,ONGC,ONGC.NS
2022-12-02,117.99182891845703,140.89999389648438,144.8000030517578,140.5500030517578,141.85000610351562,24518337,ONGC,ONGC.NS
2022-12-05,120.37845611572266,143.75,143.9499969482422,140.60000610351562,141.5,18440387,ONGC,ONGC.NS
2022-12-06,119.2898178100586,142.4499969482422,143.14999389648438,141.14999389648438,142.85000610351562,10977472,ONGC,ONGC.NS
2022-12-07,117.78245544433594,140.64999389648438,141.75,140.10000610351562,140.8000030517578,9731670,ONGC,ONGC.NS
2022-12-08,119.4572982788086,142.64999389648438,143.0,140.35000610351562,141.25,10150945,ONGC,ONGC.NS
2022-12-09,117.8243408203125,140.6999969482422,142.9499969482422,140.3000030517578,142.5,9438307,ONGC,ONGC.NS
2022-12-12,119.20609283447266,142.35000610351562,142.5,139.1999969482422,140.0,8946335,ONGC,ONGC.NS
2022-12-13,120.88089752197266,144.35000610351562,144.64999389648438,142.5500030517578,143.0500030517578,12593054,ONGC,ONGC.NS
2022-12-14,123.6025390625,147.60000610351562,148.60000610351562,144.10000610351562,144.35000610351562,17692988,ONGC,ONGC.NS
2022-12-15,123.47689819335938,147.4499969482422,148.85000610351562,146.64999389648438,147.64999389648438,11426194,ONGC,ONGC.NS
2022-12-16,123.26752471923828,147.1999969482422,150.5,147.0,148.35000610351562,20540447,ONGC,ONGC.NS
2022-12-19,122.09516906738281,145.8000030517578,147.5500030517578,145.0,147.0500030517578,10635055,ONGC,ONGC.NS
2022-12-20,122.13704681396484,145.85000610351562,146.1999969482422,143.10000610351562,145.5,6714207,ONGC,ONGC.NS
2022-12-21,120.16910552978516,143.5,146.8000030517578,142.6999969482422,146.5,10011408,ONGC,ONGC.NS
2022-12-22,119.1223373413086,142.25,145.14999389648438,141.5500030517578,145.0,9123323,ONGC,ONGC.NS
2022-12-23,117.07066345214844,139.8000030517578,143.5,139.3000030517578,140.60000610351562,8007752,ONGC,ONGC.NS
2022-12-26,118.32678985595703,141.3000030517578,142.85000610351562,139.5,140.5,7150680,ONGC,ONGC.NS
2022-12-27,121.25772857666016,144.8000030517578,145.39999389648438,142.10000610351562,142.10000610351562,8765357,ONGC,ONGC.NS
2022-12-28,120.50403594970703,143.89999389648438,144.64999389648438,142.6999969482422,143.4499969482422,9534858,ONGC,ONGC.NS
2022-12-29,121.13213348388672,144.64999389648438,146.0,142.5,142.75,36752195,ONGC,ONGC.NS
2022-12-30,122.8907241821289,146.75,148.75,144.5500030517578,145.4499969482422,9644998,ONGC,ONGC.NS
2023-01-02,125.98914337158203,150.4499969482422,150.8000030517578,147.25,147.3000030517578,9631496,ONGC,ONGC.NS
2023-01-03,125.23546600341797,149.5500030517578,150.60000610351562,148.0,149.6999969482422,14991139,ONGC,ONGC.NS
2023-01-04,122.47200012207031,146.25,148.85000610351562,145.0,148.8000030517578,13535874,ONGC,ONGC.NS
2023-01-05,122.68133544921875,146.5,147.0,144.14999389648438,145.85000610351562,16320559,ONGC,ONGC.NS
2023-01-06,123.39315795898438,147.35000610351562,148.10000610351562,146.3000030517578,146.6999969482422,16804116,ONGC,ONGC.NS
2023-01-09,124.0630874633789,148.14999389648438,150.1999969482422,147.8000030517578,149.3000030517578,18660445,ONGC,ONGC.NS
2023-01-10,125.0679931640625,149.35000610351562,150.3000030517578,148.60000610351562,148.60000610351562,18490715,ONGC,ONGC.NS
2023-01-11,122.93258666992188,146.8000030517578,150.0,146.25,149.5,12538238,ONGC,ONGC.NS
2023-01-12,122.38822937011719,146.14999389648438,148.25,145.75,147.6999969482422,13270422,ONGC,ONGC.NS
2023-01-13,123.05816650390625,146.9499969482422,147.5,145.89999389648438,146.39999389648438,8854484,ONGC,ONGC.NS
2023-01-16,123.6025390625,147.60000610351562,147.8000030517578,146.0,147.6999969482422,9696320,ONGC,ONGC.NS
2023-01-17,123.8118667602539,147.85000610351562,149.0,146.64999389648438,148.3000030517578,18484595,ONGC,ONGC.NS
2023-01-18,124.98423767089844,149.25,149.75,148.1999969482422,148.25,12139643,ONGC,ONGC.NS
2023-01-19,127.07781219482422,151.75,152.10000610351562,148.0500030517578,148.0500030517578,18437610,ONGC,ONGC.NS
2023-01-20,126.95216369628906,151.60000610351562,152.5,150.5500030517578,152.0,17512691,ONGC,ONGC.NS
2023-01-23,127.5802230834961,152.35000610351562,153.10000610351562,151.35000610351562,152.5500030517578,16742252,ONGC,ONGC.NS
2023-01-24,127.41275024414062,152.14999389648438,153.1999969482422,151.60000610351562,152.35000610351562,8276792,ONGC,ONGC.NS
2023-01-25,127.6639633178711,152.4499969482422,153.39999389648438,151.14999389648438,151.25,9827342,ONGC,ONGC.NS
2023-01-27,123.64435577392578,147.64999389648438,154.14999389648438,146.60000610351562,152.4499969482422,13052535,ONGC,ONGC.NS
2023-01-30,121.34149169921875,144.89999389648438,148.85000610351562,143.25,147.5,12688399,ONGC,ONGC.NS
2023-01-31,121.34149169921875,144.89999389648438,147.89999389648438,144.25,145.14999389648438,19050398,ONGC,ONGC.NS
2023-02-01,120.79716491699219,144.25,146.0,142.35000610351562,145.8000030517578,11526089,ONGC,ONGC.NS
2023-02-02,120.12720489501953,143.4499969482422,145.0,140.64999389648438,143.0,11886667,ONGC,ONGC.NS
2023-02-03,120.83901977539062,144.3000030517578,145.35000610351562,140.10000610351562,143.5,9250428,ONGC,ONGC.NS
2023-02-06,120.16910552978516,143.5,144.1999969482422,141.60000610351562,141.6999969482422,6436143,ONGC,ONGC.NS
2023-02-07,121.13213348388672,144.64999389648438,144.9499969482422,142.1999969482422,143.89999389648438,8681511,ONGC,ONGC.NS
2023-02-08,120.50403594970703,143.89999389648438,145.89999389648438,143.14999389648438,145.39999389648438,10325869,ONGC,ONGC.NS
2023-02-09,122.43012237548828,146.1999969482422,146.39999389648438,143.1999969482422,144.64999389648438,8078404,ONGC,ONGC.NS
2023-02-10,122.84882354736328,146.6999969482422,147.0,144.8000030517578,146.14999389648438,6396208,ONGC,ONGC.NS
2023-02-13,124.0630874633789,148.14999389648438,148.8000030517578,146.60000610351562,147.4499969482422,6563018,ONGC,ONGC.NS
2023-02-14,124.31430053710938,148.4499969482422,149.1999969482422,147.0,148.64999389648438,6991500,ONGC,ONGC.NS
2023-02-15,123.51874542236328,147.5,149.39999389648438,145.5,149.0,12631259,ONGC,ONGC.NS
2023-02-16,130.55303955078125,155.89999389648438,156.4499969482422,148.39999389648438,150.0,30949761,ONGC,ONGC.NS
2023-02-17,131.13922119140625,156.60000610351562,158.8000030517578,154.39999389648438,155.5,19874561,ONGC,ONGC.NS
2023-02-20,129.6737823486328,154.85000610351562,157.8000030517578,154.39999389648438,157.1999969482422,8348393,ONGC,ONGC.NS
2023-02-21,129.04571533203125,154.10000610351562,155.89999389648438,153.4499969482422,154.89999389648438,7599927,ONGC,ONGC.NS
2023-02-22,128.62698364257812,153.60000610351562,154.5,151.6999969482422,154.25,9599697,ONGC,ONGC.NS
2023-02-23,129.50628662109375,154.64999389648438,156.1999969482422,153.25,153.6999969482422,18675946,ONGC,ONGC.NS
2023-02-24,133.2457733154297,155.0,155.35000610351562,149.75,151.75,14648507,ONGC,ONGC.NS
2023-02-27,133.46067810058594,155.25,156.0500030517578,153.0,154.0,11904749,ONGC,ONGC.NS
2023-02-28,130.70980834960938,152.0500030517578,155.4499969482422,151.1999969482422,154.14999389648438,17607584,ONGC,ONGC.NS
2023-03-01,133.0738525390625,154.8000030517578,155.10000610351562,151.85000610351562,152.0,7707977,ONGC,ONGC.NS
2023-03-02,132.42909240722656,154.0500030517578,155.0500030517578,152.64999389648438,154.5,8219892,ONGC,ONGC.NS
2023-03-03,132.6010284423828,154.25,155.6999969482422,153.4499969482422,154.0,8260104,ONGC,ONGC.NS
2023-03-06,135.99664306640625,158.1999969482422,159.6999969482422,153.5500030517578,154.6999969482422,14491522,ONGC,ONGC.NS
2023-03-08,136.0396270751953,158.25,158.85000610351562,156.39999389648438,156.5500030517578,7339476,ONGC,ONGC.NS
2023-03-09,134.36331176757812,156.3000030517578,159.14999389648438,156.0500030517578,159.0500030517578,5314022,ONGC,ONGC.NS
2023-03-10,133.93348693847656,155.8000030517578,156.6999969482422,154.1999969482422,155.60000610351562,4689681,ONGC,ONGC.NS
2023-03-13,133.93348693847656,155.8000030517578,158.0,155.1999969482422,156.1999969482422,8785721,ONGC,ONGC.NS
2023-03-14,131.7843780517578,153.3000030517578,156.85000610351562,153.0500030517578,155.8000030517578,7177342,ONGC,ONGC.NS
2023-03-15,131.13961791992188,152.5500030517578,154.4499969482422,151.8000030517578,154.0,9832270,ONGC,ONGC.NS
2023-03-16,130.8387451171875,152.1999969482422,153.39999389648438,148.0,151.1999969482422,18551936,ONGC,ONGC.NS
2023-03-17,131.6553955078125,153.14999389648438,154.89999389648438,151.9499969482422,153.5,16593429,ONGC,ONGC.NS
2023-03-20,130.92469787597656,152.3000030517578,154.14999389648438,151.60000610351562,153.0,8749355,ONGC,ONGC.NS
2023-03-21,130.27996826171875,151.5500030517578,153.75,150.9499969482422,153.14999389648438,6148489,ONGC,ONGC.NS
2023-03-22,130.27996826171875,151.5500030517578,152.8000030517578,150.85000610351562,152.39999389648438,4329409,ONGC,ONGC.NS
2023-03-23,131.3545379638672,152.8000030517578,153.14999389648438,150.3000030517578,151.10000610351562,4484564,ONGC,ONGC.NS
2023-03-24,128.4317169189453,149.39999389648438,153.1999969482422,148.8000030517578,152.6999969482422,8301726,ONGC,ONGC.NS
2023-03-27,129.1624298095703,150.25,152.4499969482422,149.25,149.5500030517578,7437261,ONGC,ONGC.NS
2023-03-28,126.54049682617188,147.1999969482422,150.25,146.64999389648438,150.25,8964539,ONGC,ONGC.NS
2023-03-29,128.38873291015625,149.35000610351562,150.85000610351562,146.5,147.25,24012834,ONGC,ONGC.NS
2023-03-31,129.8501434326172,151.0500030517578,153.0,150.0500030517578,150.10000610351562,7998472,ONGC,ONGC.NS
2023-04-03,132.08522033691406,153.64999389648438,157.85000610351562,153.10000610351562,154.5,20016785,ONGC,ONGC.NS
2023-04-05,131.44049072265625,152.89999389648438,157.35000610351562,152.5500030517578,156.75,15880397,ONGC,ONGC.NS
2023-04-06,129.46331787109375,150.60000610351562,153.4499969482422,150.39999389648438,153.1999969482422,10670936,ONGC,ONGC.NS
2023-04-10,135.093994140625,157.14999389648438,157.5,150.0,150.6999969482422,17431401,ONGC,ONGC.NS
2023-04-11,136.7273406982422,159.0500030517578,159.3000030517578,156.39999389648438,157.10000610351562,13305621,ONGC,ONGC.NS
2023-04-12,135.5238037109375,157.64999389648438,159.0500030517578,156.60000610351562,159.0,7333339,ONGC,ONGC.NS
2023-04-13,136.46946716308594,158.75,160.5,158.0,158.14999389648438,11610851,ONGC,ONGC.NS
2023-04-17,137.6729736328125,160.14999389648438,160.4499969482422,158.0,159.10000610351562,9358885,ONGC,ONGC.NS
2023-04-18,137.62998962402344,160.10000610351562,160.5500030517578,159.39999389648438,160.14999389648438,8008560,ONGC,ONGC.NS
2023-04-19,137.62998962402344,160.10000610351562,160.4499969482422,158.0500030517578,158.3000030517578,11374283,ONGC,ONGC.NS
2023-04-20,136.81329345703125,159.14999389648438,160.10000610351562,158.5,159.60000610351562,5733670,ONGC,ONGC.NS
2023-04-21,137.2001495361328,159.60000610351562,159.85000610351562,158.6999969482422,158.89999389648438,3512214,ONGC,ONGC.NS
2023-04-24,137.75892639160156,160.25,160.75,159.3000030517578,159.60000610351562,7028440,ONGC,ONGC.NS
2023-04-25,138.102783203125,160.64999389648438,161.8000030517578,160.0,160.1999969482422,10169778,ONGC,ONGC.NS
2023-04-26,138.53262329101562,161.14999389648438,161.60000610351562,159.75,160.0,9177783,ONGC,ONGC.NS
2023-04-27,137.58697509765625,160.0500030517578,160.89999389648438,159.60000610351562,160.1999969482422,6456825,ONGC,ONGC.NS
2023-04-28,136.64138793945312,158.9499969482422,159.8000030517578,154.85000610351562,159.8000030517578,12656744,ONGC,ONGC.NS
2023-05-02,141.19752502441406,164.25,164.8000030517578,159.35000610351562,159.5,16612560,ONGC,ONGC.NS
2023-05-03,138.53262329101562,161.14999389648438,163.35000610351562,160.85000610351562,162.89999389648438,8029435,ONGC,ONGC.NS
2023-05-04,138.40367126464844,161.0,161.1999969482422,159.1999969482422,160.8000030517578,9929482,ONGC,ONGC.NS
2023-05-05,137.80191040039062,160.3000030517578,161.9499969482422,159.6999969482422,161.0500030517578,5488707,ONGC,ONGC.NS
2023-05-08,141.84225463867188,165.0,165.35000610351562,160.0,160.3000030517578,9699470,ONGC,ONGC.NS
2023-05-09,142.0571746826172,165.25,166.5,164.39999389648438,165.0,7600834,ONGC,ONGC.NS
2023-05-10,143.51856994628906,166.9499969482422,167.64999389648438,165.0,165.25,10901429,ONGC,ONGC.NS
2023-05-11,143.60455322265625,167.0500030517578,168.64999389648438,166.10000610351562,166.10000610351562,7877677,ONGC,ONGC.NS
2023-05-12,142.27207946777344,165.5,169.0,165.0,168.14999389648438,16373574,ONGC,ONGC.NS
2023-05-15,142.35806274414062,165.60000610351562,166.60000610351562,164.39999389648438,165.5,8559162,ONGC,ONGC.NS
2023-05-16,144.42120361328125,168.0,168.5,166.75,168.3000030517578,12249266,ONGC,ONGC.NS
2023-05-17,143.77647399902344,167.25,168.0,166.10000610351562,168.0,7360259,ONGC,ONGC.NS
2023-05-18,143.00277709960938,166.35000610351562,168.4499969482422,166.0,167.5,7433090,ONGC,ONGC.NS
2023-05-19,141.75628662109375,164.89999389648438,166.75,164.0,166.1999969482422,5969632,ONGC,ONGC.NS
2023-05-22,142.35806274414062,165.60000610351562,166.39999389648438,164.10000610351562,164.10000610351562,7331865,ONGC,ONGC.NS
2023-05-23,141.84225463867188,165.0,167.0500030517578,164.4499969482422,165.60000610351562,10119254,ONGC,ONGC.NS
2023-05-24,142.9168243408203,166.25,166.4499969482422,164.64999389648438,165.0,6107980,ONGC,ONGC.NS
2023-05-25,142.70191955566406,166.0,167.39999389648438,165.25,166.25,8077606,ONGC,ONGC.NS
2023-05-26,140.7677001953125,163.75,167.39999389648438,162.3000030517578,166.0500030517578,14873707,ONGC,ONGC.NS
2023-05-29,136.68434143066406,159.0,160.25,156.5,160.0,43253971,ONGC,ONGC.NS
2023-05-30,136.55540466308594,158.85000610351562,161.6999969482422,157.25,159.6999969482422,16117505,ONGC,ONGC.NS
2023-05-31,133.1597900390625,154.89999389648438,159.39999389648438,150.0500030517578,159.0,83741017,ONGC,ONGC.NS
2023-06-01,132.08522033691406,153.64999389648438,156.0,153.1999969482422,154.6999969482422,13982606,ONGC,ONGC.NS
2023-06-02,132.9878692626953,154.6999969482422,155.0,153.39999389648438,155.0,9851058,ONGC,ONGC.NS
2023-06-05,133.58961486816406,155.39999389648438,156.0,154.4499969482422,155.5,11850547,ONGC,ONGC.NS
2023-06-06,132.08522033691406,153.64999389648438,155.89999389648438,153.1999969482422,155.5,8118800,ONGC,ONGC.NS
2023-06-07,132.2571563720703,153.85000610351562,154.5,152.5500030517578,153.60000610351562,12180164,ONGC,ONGC.NS
2023-06-08,134.19137573242188,156.10000610351562,156.64999389648438,154.1999969482422,154.5,13850599,ONGC,ONGC.NS
2023-06-09,132.6010284423828,154.25,156.89999389648438,153.8000030517578,156.6999969482422,11764248,ONGC,ONGC.NS
2023-06-12,133.2887420654297,155.0500030517578,155.25,152.60000610351562,154.85000610351562,11017643,ONGC,ONGC.NS
2023-06-13,133.80455017089844,155.64999389648438,156.1999969482422,154.25,155.1999969482422,10073644,ONGC,ONGC.NS
2023-06-14,135.69577026367188,157.85000610351562,158.39999389648438,155.85000610351562,156.10000610351562,9695952,ONGC,ONGC.NS
2023-06-15,135.5238037109375,157.64999389648438,157.89999389648438,156.1999969482422,157.5,7426254,ONGC,ONGC.NS
2023-06-16,134.96505737304688,157.0,158.64999389648438,156.35000610351562,158.25,11466647,ONGC,ONGC.NS
2023-06-19,135.6527862548828,157.8000030517578,158.4499969482422,156.5,157.89999389648438,4718221,ONGC,ONGC.NS
2023-06-20,135.17996215820312,157.25,157.8000030517578,156.5500030517578,157.5500030517578,6059738,ONGC,ONGC.NS
2023-06-21,137.7159423828125,160.1999969482422,160.5500030517578,156.60000610351562,157.0,8284206,ONGC,ONGC.NS
2023-06-22,136.64138793945312,158.9499969482422,160.9499969482422,157.5,160.1999969482422,10629027,ONGC,ONGC.NS
2023-06-23,134.8790740966797,156.89999389648438,159.0,155.39999389648438,159.0,8722650,ONGC,ONGC.NS
2023-06-26,134.8790740966797,156.89999389648438,158.25,155.85000610351562,157.0,4273205,ONGC,ONGC.NS
2023-06-27,135.69577026367188,157.85000610351562,158.85000610351562,157.35000610351562,158.85000610351562,9730174,ONGC,ONGC.NS
2023-06-28,136.29751586914062,158.5500030517578,160.14999389648438,156.5500030517578,157.85000610351562,40243993,ONGC,ONGC.NS
2023-06-30,137.80191040039062,160.3000030517578,161.0,158.9499969482422,161.0,7840112,ONGC,ONGC.NS
2023-07-03,140.0369873046875,162.89999389648438,163.25,160.0,160.3000030517578,9548822,ONGC,ONGC.NS
2023-07-04,138.57559204101562,161.1999969482422,162.89999389648438,160.0,162.5,5394282,ONGC,ONGC.NS
2023-07-05,139.95103454589844,162.8000030517578,164.39999389648438,161.35000610351562,162.0,8795342,ONGC,ONGC.NS
2023-07-06,142.1861114501953,165.39999389648438,165.8000030517578,162.5500030517578,162.8000030517578,9845699,ONGC,ONGC.NS
2023-07-07,140.5527801513672,163.5,166.0,162.8000030517578,165.5,7597171,ONGC,ONGC.NS
2023-07-10,139.90805053710938,162.75,165.39999389648438,162.5,163.89999389648438,5437687,ONGC,ONGC.NS
2023-07-11,141.4984130859375,164.60000610351562,165.10000610351562,162.89999389648438,163.25,6343183,ONGC,ONGC.NS
2023-07-12,144.12033081054688,167.64999389648438,169.0,165.25,165.9499969482422,15614026,ONGC,ONGC.NS
2023-07-13,144.24928283691406,167.8000030517578,169.3000030517578,167.1999969482422,168.64999389648438,11350009,ONGC,ONGC.NS
2023-07-14,145.49578857421875,169.25,169.75,168.1999969482422,169.0,9448062,ONGC,ONGC.NS
2023-07-17,143.04579162597656,166.39999389648438,168.39999389648438,166.14999389648438,167.8000030517578,4968847,ONGC,ONGC.NS
2023-07-18,143.4755859375,166.89999389648438,168.14999389648438,166.0500030517578,166.39999389648438,4322257,ONGC,ONGC.NS
2023-07-19,143.3466339111328,166.75,167.9499969482422,166.10000610351562,167.1999969482422,5968174,ONGC,ONGC.NS
2023-07-20,143.73348999023438,167.1999969482422,168.10000610351562,166.0,167.0,5217131,ONGC,ONGC.NS
2023-07-21,146.61329650878906,170.5500030517578,171.0,166.5,167.35000610351562,7842863,ONGC,ONGC.NS
2023-07-24,147.0001678466797,171.0,172.25,170.25,171.64999389648438,8451631,ONGC,ONGC.NS
2023-07-25,148.71945190429688,173.0,173.35000610351562,171.3000030517578,172.0,10480578,ONGC,ONGC.NS
2023-07-26,148.67648315429688,172.9499969482422,174.3000030517578,172.0,173.85000610351562,9103949,ONGC,ONGC.NS
2023-07-27,147.0001678466797,171.0,173.64999389648438,170.6999969482422,173.4499969482422,7731146,ONGC,ONGC.NS
2023-07-28,147.6878662109375,171.8000030517578,174.9499969482422,168.89999389648438,170.6999969482422,9004252,ONGC,ONGC.NS
2023-07-31,152.2010498046875,177.0500030517578,177.5,171.39999389648438,172.8000030517578,9277749,ONGC,ONGC.NS
2023-08-01,151.90017700195312,176.6999969482422,177.0,174.3000030517578,175.3000030517578,5584773,ONGC,ONGC.NS
2023-08-02,151.25543212890625,175.9499969482422,178.64999389648438,174.0,177.0,8975495,ONGC,ONGC.NS
2023-08-03,147.94577026367188,172.10000610351562,175.8000030517578,171.5,175.25,6152393,ONGC,ONGC.NS
2023-08-04,149.0203399658203,173.35000610351562,174.4499969482422,172.10000610351562,173.35000610351562,4605271,ONGC,ONGC.NS
2023-08-07,148.67648315429688,172.9499969482422,174.5,172.10000610351562,174.3000030517578,2240015,ONGC,ONGC.NS
2023-08-08,149.0203399658203,173.35000610351562,173.8000030517578,172.60000610351562,172.89999389648438,3631238,ONGC,ONGC.NS
2023-08-09,152.0720977783203,176.89999389648438,177.25,173.3000030517578,173.35000610351562,4852294,ONGC,ONGC.NS
2023-08-10,153.5764617919922,178.64999389648438,179.75,176.89999389648438,178.10000610351562,10430692,ONGC,ONGC.NS
2023-08-11,152.32998657226562,177.1999969482422,179.6999969482422,176.6999969482422,178.89999389648438,4112277,ONGC,ONGC.NS
2023-08-14,153.01771545410156,178.0,180.4499969482422,177.35000610351562,180.0,12876956,ONGC,ONGC.NS
2023-08-16,153.9203338623047,179.0500030517578,179.4499969482422,175.8000030517578,176.3000030517578,8371665,ONGC,ONGC.NS
2023-08-17,152.8028106689453,177.75,179.10000610351562,177.10000610351562,178.6999969482422,5199363,ONGC,ONGC.NS
2023-08-18,151.12176513671875,175.3000030517578,177.64999389648438,174.14999389648438,177.64999389648438,6734650,ONGC,ONGC.NS
2023-08-21,151.768310546875,176.0500030517578,176.3000030517578,174.3000030517578,175.3000030517578,3599820,ONGC,ONGC.NS
2023-08-22,151.8544921875,176.14999389648438,177.89999389648438,175.60000610351562,176.0500030517578,5348036,ONGC,ONGC.NS
2023-08-23,151.29417419433594,175.5,177.1999969482422,175.0,177.0,6379611,ONGC,ONGC.NS
2023-08-24,149.22518920898438,173.10000610351562,176.6999969482422,172.8000030517578,175.5,7976333,ONGC,ONGC.NS
2023-08-25,150.60450744628906,174.6999969482422,175.25,172.85000610351562,173.10000610351562,4757915,ONGC,ONGC.NS
2023-08-28,151.0355224609375,175.1999969482422,175.8000030517578,174.5500030517578,175.10000610351562,4354221,ONGC,ONGC.NS
2023-08-29,151.46658325195312,175.6999969482422,176.10000610351562,174.9499969482422,175.60000610351562,4596468,ONGC,ONGC.NS
2023-08-30,151.50967407226562,175.75,176.89999389648438,175.0,175.6999969482422,5937955,ONGC,ONGC.NS
2023-08-31,150.13034057617188,174.14999389648438,176.0,173.0500030517578,175.8000030517578,15823452,ONGC,ONGC.NS
2023-09-01,156.68211364746094,181.75,184.75,174.39999389648438,174.39999389648438,22460960,ONGC,ONGC.NS
2023-09-04,157.71661376953125,182.9499969482422,184.4499969482422,181.8000030517578,183.85000610351562,10998180,ONGC,ONGC.NS
2023-09-05,157.845947265625,183.10000610351562,186.0,182.39999389648438,183.5,13506519,ONGC,ONGC.NS
2023-09-06,157.80282592773438,183.0500030517578,186.75,182.35000610351562,184.89999389648438,11954407,ONGC,ONGC.NS
2023-09-07,156.68211364746094,181.75,185.1999969482422,181.0,185.0,11137801,ONGC,ONGC.NS
2023-09-08,159.00973510742188,184.4499969482422,184.9499969482422,182.0,182.5,9737214,ONGC,ONGC.NS
2023-09-11,158.10455322265625,183.39999389648438,185.9499969482422,182.3000030517578,185.4499969482422,10845871,ONGC,ONGC.NS
2023-09-12,155.94937133789062,180.89999389648438,184.89999389648438,180.1999969482422,184.85000610351562,15524470,ONGC,ONGC.NS
2023-09-13,158.53558349609375,183.89999389648438,184.6999969482422,180.89999389648438,181.89999389648438,10578786,ONGC,ONGC.NS
2023-09-14,161.98388671875,187.89999389648438,188.89999389648438,184.1999969482422,184.75,17746404,ONGC,ONGC.NS
2023-09-15,160.9062957763672,186.64999389648438,191.6999969482422,185.60000610351562,191.6999969482422,19924829,ONGC,ONGC.NS
2023-09-18,160.99249267578125,186.75,187.5,185.10000610351562,185.8000030517578,5022956,ONGC,ONGC.NS
2023-09-20,162.2425079345703,188.1999969482422,189.5,186.1999969482422,186.4499969482422,12687099,ONGC,ONGC.NS
2023-09-21,160.9494171142578,186.6999969482422,188.4499969482422,186.0500030517578,188.39999389648438,7814108,ONGC,ONGC.NS
2023-09-22,159.57008361816406,185.10000610351562,187.6999969482422,185.0,186.60000610351562,7814821,ONGC,ONGC.NS
2023-09-25,159.9149169921875,185.5,186.6999969482422,185.25,186.0,5540062,ONGC,ONGC.NS
2023-09-26,161.85458374023438,187.75,188.14999389648438,185.25,186.0,12446655,ONGC,ONGC.NS
2023-09-27,161.42355346679688,187.25,189.3000030517578,186.3000030517578,189.3000030517578,5630907,ONGC,ONGC.NS
2023-09-28,161.59596252441406,187.4499969482422,189.5,186.5,188.89999389648438,14890642,ONGC,ONGC.NS
2023-09-29,165.3891143798828,191.85000610351562,192.25,188.14999389648438,188.5,10085766,ONGC,ONGC.NS
2023-10-03,159.1390380859375,184.60000610351562,189.3000030517578,183.64999389648438,189.3000030517578,22118500,ONGC,ONGC.NS
2023-10-04,157.54420471191406,182.75,184.60000610351562,182.10000610351562,184.4499969482422,9360058,ONGC,ONGC.NS
2023-10-05,157.07008361816406,182.1999969482422,184.0,181.0,181.25,11128340,ONGC,ONGC.NS
2023-10-06,156.4235076904297,181.4499969482422,183.5,180.60000610351562,183.5,5759904,ONGC,ONGC.NS
2023-10-09,156.6390380859375,181.6999969482422,184.6999969482422,181.25,182.89999389648438,14622727,ONGC,ONGC.NS
2023-10-10,158.19076538085938,183.5,184.5,182.0500030517578,182.3000030517578,11819690,ONGC,ONGC.NS
2023-10-11,157.97525024414062,183.25,184.6999969482422,182.75,184.39999389648438,8499601,ONGC,ONGC.NS
2023-10-12,159.00973510742188,184.4499969482422,184.85000610351562,183.0,183.1999969482422,8677885,ONGC,ONGC.NS
2023-10-13,159.3976593017578,184.89999389648438,186.25,184.0500030517578,184.5,7435899,ONGC,ONGC.NS
2023-10-16,160.82009887695312,186.5500030517578,188.1999969482422,186.25,187.9499969482422,12376549,ONGC,ONGC.NS
2023-10-17,160.56146240234375,186.25,187.0500030517578,185.5500030517578,187.0,4381065,ONGC,ONGC.NS
2023-10-18,161.16493225097656,186.9499969482422,188.0500030517578,186.0500030517578,188.0,10181113,ONGC,ONGC.NS
2023-10-19,160.6045684814453,186.3000030517578,186.64999389648438,185.0500030517578,186.0,9148124,ONGC,ONGC.NS
2023-10-20,160.5183563232422,186.1999969482422,187.3000030517578,185.14999389648438,187.0,7912216,ONGC,ONGC.NS
2023-10-23,159.35459899902344,184.85000610351562,185.9499969482422,184.1999969482422,185.9499969482422,4723090,ONGC,ONGC.NS
2023-10-25,158.92352294921875,184.35000610351562,185.85000610351562,183.0,184.85000610351562,6812004,ONGC,ONGC.NS
2023-10-26,155.94937133789062,180.89999389648438,184.14999389648438,179.89999389648438,183.5,8474867,ONGC,ONGC.NS
2023-10-27,159.2683563232422,184.75,185.8000030517578,180.3000030517578,181.0,6422123,ONGC,ONGC.NS
2023-10-30,162.75978088378906,188.8000030517578,189.1999969482422,184.60000610351562,185.0,7352638,ONGC,ONGC.NS
2023-10-31,160.47525024414062,186.14999389648438,189.8000030517578,184.1999969482422,189.1999969482422,9404675,ONGC,ONGC.NS
2023-11-01,160.9494171142578,186.6999969482422,188.8000030517578,185.0500030517578,186.14999389648438,9167869,ONGC,ONGC.NS
2023-11-02,160.5183563232422,186.1999969482422,187.64999389648438,185.75,187.0,11471209,ONGC,ONGC.NS
2023-11-03,163.7942352294922,190.0,190.64999389648438,185.8000030517578,186.64999389648438,7464912,ONGC,ONGC.NS
2023-11-06,166.63909912109375,193.3000030517578,194.1999969482422,189.5500030517578,190.1999969482422,8962124,ONGC,ONGC.NS
2023-11-07,166.55288696289062,193.1999969482422,198.0,192.35000610351562,193.39999389648438,13921916,ONGC,ONGC.NS
2023-11-08,168.40635681152344,195.35000610351562,196.5500030517578,192.3000030517578,193.6999969482422,10186886,ONGC,ONGC.NS
2023-11-09,166.12184143066406,192.6999969482422,196.6999969482422,192.1999969482422,196.5,5303833,ONGC,ONGC.NS
2023-11-10,168.88047790527344,195.89999389648438,196.5,192.6999969482422,192.6999969482422,6025889,ONGC,ONGC.NS
2023-11-13,168.79428100585938,195.8000030517578,197.3000030517578,194.10000610351562,195.89999389648438,11181086,ONGC,ONGC.NS
2023-11-15,171.98397827148438,199.5,203.0,197.64999389648438,198.5,19769385,ONGC,ONGC.NS
2023-11-16,173.9667510986328,201.8000030517578,203.39999389648438,201.0,202.5,18629240,ONGC,ONGC.NS
2023-11-17,169.2684326171875,196.35000610351562,201.25,195.5500030517578,200.85000610351562,13199928,ONGC,ONGC.NS
2023-11-20,170.5615234375,197.85000610351562,198.5,197.0,198.0,6423265,ONGC,ONGC.NS
2023-11-21,169.76243591308594,191.1999969482422,193.9499969482422,191.0,193.0,10720353,ONGC,ONGC.NS
2023-11-22,169.58486938476562,191.0,191.85000610351562,189.75,191.1999969482422,7538825,ONGC,ONGC.NS
2023-11-23,169.2740936279297,190.64999389648438,191.75,189.60000610351562,191.0,6541617,ONGC,ONGC.NS
2023-11-24,167.6759490966797,188.85000610351562,191.85000610351562,188.14999389648438,190.85000610351562,5751331,ONGC,ONGC.NS
2023-11-28,172.2041015625,193.9499969482422,194.4499969482422,188.39999389648438,188.85000610351562,9277764,ONGC,ONGC.NS
2023-11-29,170.47276306152344,192.0,195.5,191.6999969482422,195.5,8791333,ONGC,ONGC.NS
2023-11-30,173.0919952392578,194.9499969482422,195.64999389648438,192.0500030517578,192.64999389648438,14965403,ONGC,ONGC.NS
2023-12-01,172.73683166503906,194.5500030517578,198.25,194.25,195.25,9935740,ONGC,ONGC.NS
2023-12-04,179.39593505859375,202.0500030517578,205.89999389648438,196.0500030517578,196.5,28615290,ONGC,ONGC.NS
2023-12-05,179.39593505859375,202.0500030517578,203.9499969482422,199.14999389648438,202.1999969482422,14557746,ONGC,ONGC.NS
2023-12-06,179.30712890625,201.9499969482422,203.75,199.10000610351562,203.75,12662213,ONGC,ONGC.NS
2023-12-07,176.59909057617188,198.89999389648438,200.89999389648438,196.0500030517578,200.89999389648438,16425880,ONGC,ONGC.NS
2023-12-08,173.9798583984375,195.9499969482422,200.3000030517578,194.10000610351562,199.85000610351562,10414387,ONGC,ONGC.NS
2023-12-11,175.6224365234375,197.8000030517578,200.85000610351562,194.25,197.0500030517578,10108266,ONGC,ONGC.NS
2023-12-12,173.49151611328125,195.39999389648438,197.8000030517578,194.5500030517578,196.9499969482422,10719911,ONGC,ONGC.NS
2023-12-13,171.49380493164062,193.14999389648438,195.39999389648438,192.0500030517578,195.39999389648438,10892122,ONGC,ONGC.NS
2023-12-14,173.9798583984375,195.9499969482422,196.3000030517578,193.25,195.89999389648438,15257294,ONGC,ONGC.NS
2023-12-15,178.508056640625,201.0500030517578,201.9499969482422,196.85000610351562,197.25,22863981,ONGC,ONGC.NS
2023-12-18,176.68789672851562,199.0,201.64999389648438,197.35000610351562,201.0500030517578,8061011,ONGC,ONGC.NS
2023-12-19,177.84214782714844,200.3000030517578,203.5500030517578,199.3000030517578,202.0,16739742,ONGC,ONGC.NS
2023-12-20,180.4169921875,203.1999969482422,212.0,200.9499969482422,201.75,57762576,ONGC,ONGC.NS
2023-12-21,179.92864990234375,202.64999389648438,206.75,201.1999969482422,203.9499969482422,22823936,ONGC,ONGC.NS
2023-12-22,181.0828857421875,203.9499969482422,204.5,201.8000030517578,204.0,9910694,ONGC,ONGC.NS
2023-12-26,184.10171508789062,207.35000610351562,208.5,203.64999389648438,204.5,17052969,ONGC,ONGC.NS
2023-12-27,182.50350952148438,205.5500030517578,209.89999389648438,204.5,209.5,20361303,ONGC,ONGC.NS
2023-12-28,184.9451904296875,208.3000030517578,208.89999389648438,205.35000610351562,206.5,22010872,ONGC,ONGC.NS
2023-12-29,182.05955505371094,205.0500030517578,208.0,204.25,208.0,12171663,ONGC,ONGC.NS
2024-01-01,182.325927734375,205.35000610351562,207.10000610351562,204.75,206.0,4820168,ONGC,ONGC.NS
2024-01-02,183.83531188964844,207.0500030517578,210.75,203.64999389648438,205.35000610351562,21141219,ONGC,ONGC.NS
2024-01-03,184.90078735351562,208.25,210.4499969482422,204.5,205.5,11650902,ONGC,ONGC.NS
2024-01-04,190.58319091796875,214.64999389648438,215.39999389648438,209.3000030517578,210.5,31054419,ONGC,ONGC.NS
2024-01-05,192.18138122558594,216.4499969482422,217.5,213.0500030517578,215.4499969482422,20743811,ONGC,ONGC.NS
2024-01-08,193.51319885253906,217.9499969482422,220.8000030517578,217.10000610351562,218.0,19310595,ONGC,ONGC.NS
2024-01-09,192.3589630126953,216.64999389648438,221.4499969482422,215.9499969482422,221.0,11951525,ONGC,ONGC.NS
2024-01-10,188.31910705566406,212.10000610351562,215.0,209.6999969482422,215.0,16500666,ONGC,ONGC.NS
2024-01-11,188.09715270996094,211.85000610351562,214.0,210.85000610351562,214.0,12586419,ONGC,ONGC.NS
2024-01-12,198.35214233398438,223.39999389648438,224.75,212.35000610351562,213.8000030517578,39228118,ONGC,ONGC.NS
2024-01-15,207.31971740722656,233.5,235.4499969482422,224.64999389648438,228.5,57884916,ONGC,ONGC.NS
2024-01-16,208.74034118652344,235.10000610351562,238.9499969482422,231.10000610351562,234.9499969482422,34505065,ONGC,ONGC.NS
2024-01-17,206.0323028564453,232.0500030517578,237.25,230.6999969482422,232.1999969482422,26010955,ONGC,ONGC.NS
2024-01-18,207.36410522460938,233.5500030517578,234.5,224.64999389648438,230.0500030517578,19232183,ONGC,ONGC.NS
2024-01-19,214.9110870361328,242.0500030517578,242.5500030517578,235.0,236.0,26391844,ONGC,ONGC.NS
2024-01-23,204.1233673095703,229.89999389648438,245.64999389648438,228.0,245.0,20282617,ONGC,ONGC.NS
2024-01-24,208.07444763183594,234.35000610351562,235.0,228.10000610351562,231.0,14458601,ONGC,ONGC.NS
2024-01-25,207.80807495117188,234.0500030517578,237.5,232.8000030517578,235.0,18291957,ONGC,ONGC.NS
2024-01-29,224.18942260742188,252.5,254.9499969482422,239.10000610351562,241.0,54127939,ONGC,ONGC.NS
2024-01-30,221.2593994140625,249.1999969482422,263.29998779296875,248.64999389648438,256.5,51491099,ONGC,ONGC.NS
2024-01-31,223.96743774414062,252.25,254.35000610351562,246.3000030517578,250.4499969482422,33293192,ONGC,ONGC.NS
2024-02-01,219.88320922851562,247.64999389648438,254.64999389648438,245.4499969482422,254.64999389648438,29758133,ONGC,ONGC.NS
2024-02-02,228.4068603515625,257.25,260.0,249.0,250.0,30482663,ONGC,ONGC.NS
2024-02-05,233.46780395507812,262.95001220703125,268.04998779296875,255.10000610351562,260.04998779296875,34001868,ONGC,ONGC.NS
2024-02-06,241.7694091796875,272.29998779296875,273.3999938964844,260.20001220703125,265.3500061035156,36708949,ONGC,ONGC.NS
2024-02-07,241.4142608642578,271.8999938964844,275.6499938964844,267.54998779296875,275.0,23756939,ONGC,ONGC.NS
2024-02-08,242.5240936279297,273.1499938964844,275.6499938964844,269.1000061035156,273.04998779296875,25252940,ONGC,ONGC.NS
2024-02-09,237.55198669433594,267.54998779296875,275.6499938964844,259.1499938964844,275.0,26743792,ONGC,ONGC.NS
2024-02-12,228.9839630126953,257.8999938964844,266.6000061035156,256.79998779296875,261.95001220703125,30906374,ONGC,ONGC.NS
2024-02-13,230.4045867919922,259.5,262.3999938964844,254.6999969482422,258.0,20711842,ONGC,ONGC.NS
2024-02-14,238.7062530517578,268.8500061035156,269.6499938964844,256.0,258.0,36168962,ONGC,ONGC.NS
2024-02-15,246.2087860107422,277.29998779296875,279.8500061035156,269.0,271.6499938964844,32831246,ONGC,ONGC.NS
2024-02-16,247.47007751464844,274.70001220703125,278.0,270.3500061035156,275.1499938964844,27044984,ONGC,ONGC.NS
2024-02-19,247.4250030517578,274.6499938964844,279.04998779296875,272.3999938964844,274.70001220703125,15322964,ONGC,ONGC.NS
2024-02-20,249.1816864013672,276.6000061035156,281.1499938964844,274.04998779296875,274.79998779296875,18968785,ONGC,ONGC.NS
2024-02-21,245.89353942871094,272.95001220703125,281.1000061035156,271.6000061035156,276.0,16340579,ONGC,ONGC.NS
2024-02-22,247.47007751464844,274.70001220703125,276.0,268.5,273.8500061035156,16791453,ONGC,ONGC.NS
2024-02-23,245.2178497314453,272.20001220703125,276.0,271.1000061035156,274.8999938964844,9464646,ONGC,ONGC.NS
2024-02-26,243.10079956054688,269.8500061035156,271.8999938964844,267.79998779296875,271.8999938964844,8661999,ONGC,ONGC.NS
2024-02-27,242.65036010742188,269.3500061035156,270.20001220703125,264.95001220703125,268.04998779296875,19582774,ONGC,ONGC.NS
2024-02-28,239.40719604492188,265.75,270.29998779296875,264.6000061035156,270.0,9118196,ONGC,ONGC.NS
2024-02-29,238.37123107910156,264.6000061035156,266.3500061035156,261.5,265.0,17179832,ONGC,ONGC.NS
2024-03-01,243.73141479492188,270.54998779296875,272.95001220703125,266.5,266.5,12930057,ONGC,ONGC.NS
2024-03-04,251.5239715576172,279.20001220703125,280.54998779296875,272.5,272.75,22280353,ONGC,ONGC.NS
2024-03-05,255.62295532226562,283.75,284.95001220703125,276.6499938964844,280.0,18544484,ONGC,ONGC.NS
2024-03-06,252.4698486328125,280.25,284.29998779296875,273.54998779296875,284.29998779296875,16807149,ONGC,ONGC.NS
2024-03-07,250.53297424316406,278.1000061035156,284.3500061035156,277.25,280.25,11386963,ONGC,ONGC.NS
2024-03-11,246.8394317626953,274.0,280.5,273.20001220703125,278.1000061035156,10684598,ONGC,ONGC.NS
2024-03-12,243.5962677001953,270.3999938964844,275.6000061035156,269.04998779296875,274.0,13780189,ONGC,ONGC.NS
2024-03-13,230.0381317138672,255.35000610351562,271.0,252.75,270.79998779296875,20079496,ONGC,ONGC.NS
2024-03-14,237.15504455566406,263.25,264.3500061035156,251.1999969482422,252.5,21404057,ONGC,ONGC.NS
2024-03-15,233.10110473632812,258.75,266.3999938964844,248.89999389648438,263.95001220703125,34961065,ONGC,ONGC.NS
2024-03-18,235.66859436035156,261.6000061035156,263.04998779296875,257.54998779296875,258.95001220703125,9246173,ONGC,ONGC.NS
2024-03-19,233.55154418945312,259.25,263.95001220703125,256.6499938964844,262.0,8758348,ONGC,ONGC.NS
2024-03-20,237.69557189941406,263.8500061035156,264.6000061035156,257.20001220703125,259.45001220703125,10484778,ONGC,ONGC.NS
2024-03-21,236.88479614257812,262.95001220703125,266.95001220703125,262.3500061035156,264.70001220703125,12163200,ONGC,ONGC.NS
2024-03-22,237.15504455566406,263.25,265.25,258.45001220703125,262.95001220703125,13025089,ONGC,ONGC.NS
2024-03-26,239.18202209472656,265.5,267.8999938964844,259.29998779296875,261.6499938964844,10830926,ONGC,ONGC.NS
2024-03-27,235.80372619628906,261.75,268.20001220703125,259.6499938964844,265.0,28563001,ONGC,ONGC.NS
2024-03-28,241.47921752929688,268.04998779296875,271.0,261.95001220703125,262.45001220703125,18888942,ONGC,ONGC.NS
2024-04-01,243.1458282470703,269.8999938964844,271.5,267.79998779296875,268.04998779296875,6440401,ONGC,ONGC.NS
2024-04-02,245.48812866210938,272.5,274.04998779296875,269.45001220703125,270.1000061035156,14439120,ONGC,ONGC.NS
2024-04-03,248.05560302734375,275.3500061035156,279.0,273.8500061035156,275.04998779296875,22600929,ONGC,ONGC.NS
2024-04-04,242.3350830078125,269.0,278.6499938964844,265.3500061035156,278.6499938964844,24624383,ONGC,ONGC.NS
2024-04-05,241.38914489746094,267.95001220703125,271.8999938964844,266.5,267.8500061035156,13029904,ONGC,ONGC.NS
2024-04-08,243.5962677001953,270.3999938964844,272.0,266.6000061035156,267.54998779296875,13011300,ONGC,ONGC.NS
2024-04-09,242.29000854492188,268.95001220703125,272.6499938964844,268.0,270.0,13173933,ONGC,ONGC.NS
2024-04-10,245.0376739501953,272.0,273.20001220703125,269.1499938964844,269.95001220703125,11137195,ONGC,ONGC.NS
2024-04-12,239.3621826171875,265.70001220703125,272.5,265.0,271.8999938964844,21894584,ONGC,ONGC.NS
2024-04-15,252.10952758789062,279.8500061035156,282.95001220703125,267.1000061035156,269.1000061035156,75063828,ONGC,ONGC.NS
2024-04-16,255.08241271972656,283.1499938964844,292.54998779296875,275.25,277.0,79082544,ONGC,ONGC.NS
2024-04-18,246.97454833984375,274.1499938964844,287.70001220703125,273.3500061035156,286.0,34136482,ONGC,ONGC.NS
2024-04-19,247.96554565429688,275.25,280.79998779296875,274.1000061035156,276.75,32658724,ONGC,ONGC.NS
2024-04-22,249.3618927001953,276.79998779296875,278.0,273.75,277.29998779296875,14184019,ONGC,ONGC.NS
2024-04-23,249.3618927001953,276.79998779296875,278.75,275.54998779296875,276.8500061035156,8799147,ONGC,ONGC.NS
2024-04-24,251.6591339111328,279.3500061035156,280.3999938964844,276.29998779296875,277.6000061035156,9253985,ONGC,ONGC.NS
2024-04-25,254.0014190673828,281.95001220703125,282.6000061035156,278.0,279.3500061035156,17050557,ONGC,ONGC.NS
2024-04-26,254.8572235107422,282.8999938964844,286.1499938964844,282.20001220703125,283.0,11070290,ONGC,ONGC.NS
2024-04-29,255.12747192382812,283.20001220703125,285.25,282.1499938964844,283.95001220703125,8952420,ONGC,ONGC.NS
2024-04-30,254.81216430664062,282.8500061035156,286.3500061035156,281.45001220703125,284.5,10658906,ONGC,ONGC.NS
2024-05-02,254.76708984375,282.79998779296875,284.6000061035156,279.04998779296875,281.0,15677336,ONGC,ONGC.NS
2024-05-03,257.739990234375,286.1000061035156,292.95001220703125,284.0,284.0,28913016,ONGC,ONGC.NS
2024-05-06,254.18150329589844,282.1499938964844,288.75,275.25,288.70001220703125,15491865,ONGC,ONGC.NS
2024-05-07,246.4790802001953,273.6000061035156,285.0,272.0,283.8999938964844,13179001,ONGC,ONGC.NS
2024-05-08,249.4069061279297,276.8500061035156,280.25,272.3500061035156,273.5,12797721,ONGC,ONGC.NS
2024-05-09,238.95680236816406,265.25,278.54998779296875,263.20001220703125,277.25,14869187,ONGC,ONGC.NS
2024-05-10,243.4611358642578,270.25,271.20001220703125,264.45001220703125,267.0,9530738,ONGC,ONGC.NS
2024-05-13,240.44322204589844,266.8999938964844,271.8999938964844,262.04998779296875,271.8999938964844,7163239,ONGC,ONGC.NS
2024-05-14,245.8484649658203,272.8999938964844,274.6499938964844,266.45001220703125,267.95001220703125,9123849,ONGC,ONGC.NS
2024-05-15,246.343994140625,273.45001220703125,276.0,272.5,274.5,6368662,ONGC,ONGC.NS
2024-05-16,250.1276092529297,277.6499938964844,279.3500061035156,273.79998779296875,276.0,23757779,ONGC,ONGC.NS
2024-05-17,249.94744873046875,277.45001220703125,283.3999938964844,276.6000061035156,278.79998779296875,11529157,ONGC,ONGC.NS
2024-05-21,252.3347625732422,280.1000061035156,284.0,278.3500061035156,281.1000061035156,17559555,ONGC,ONGC.NS
2024-05-22,250.44293212890625,278.0,284.0,276.8999938964844,284.0,17935064,ONGC,ONGC.NS
2024-05-23,255.3527069091797,283.45001220703125,284.54998779296875,279.1000061035156,279.95001220703125,17719819,ONGC,ONGC.NS
2024-05-24,255.1725311279297,283.25,285.95001220703125,281.8500061035156,284.0,11041667,ONGC,ONGC.NS
2024-05-27,250.1276092529297,277.6499938964844,284.20001220703125,275.70001220703125,284.0,13719808,ONGC,ONGC.NS
2024-05-28,247.10968017578125,274.29998779296875,279.29998779296875,273.04998779296875,279.29998779296875,6927361,ONGC,ONGC.NS
2024-05-29,244.90257263183594,271.8500061035156,273.79998779296875,270.25,273.79998779296875,8327205,ONGC,ONGC.NS
2024-05-30,240.2630615234375,266.70001220703125,275.1000061035156,265.0,273.0,15390964,ONGC,ONGC.NS
2024-05-31,238.14599609375,264.3500061035156,268.45001220703125,263.0,268.45001220703125,24167379,ONGC,ONGC.NS
2024-06-03,255.93826293945312,284.1000061035156,286.54998779296875,273.20001220703125,277.95001220703125,30195397,ONGC,ONGC.NS
2024-06-04,212.87648010253906,236.3000030517578,285.0,223.0,285.0,72779900,ONGC,ONGC.NS
2024-06-05,222.96627807617188,247.5,249.75,230.4499969482422,247.0,37078551,ONGC,ONGC.NS
2024-06-06,227.29046630859375,252.3000030517578,259.5,249.25,254.0,30881233,ONGC,ONGC.NS
2024-06-07,234.58755493164062,260.3999938964844,260.79998779296875,251.8000030517578,253.5,22010688,ONGC,ONGC.NS
2024-06-10,233.46144104003906,259.1499938964844,264.0,258.04998779296875,264.0,14138524,ONGC,ONGC.NS
2024-06-11,246.4340057373047,273.54998779296875,275.0,265.25,266.8500061035156,47270206,ONGC,ONGC.NS
2024-06-12,248.19073486328125,275.5,279.1000061035156,274.6000061035156,278.0,20560662,ONGC,ONGC.NS
2024-06-13,249.1366424560547,276.54998779296875,278.0,272.5,278.0,16013386,ONGC,ONGC.NS
2024-06-14,248.1006317138672,275.3999938964844,278.20001220703125,274.6000061035156,277.0,10642648,ONGC,ONGC.NS
2024-06-18,248.4609832763672,275.79998779296875,279.0,274.0,278.95001220703125,17044769,ONGC,ONGC.NS
2024-06-19,244.6322784423828,271.54998779296875,276.6000061035156,271.1000061035156,275.8999938964844,13361607,ONGC,ONGC.NS
2024-06-20,244.90257263183594,271.8500061035156,274.0,269.1000061035156,271.79998779296875,12826509,ONGC,ONGC.NS
2024-06-21,242.9206085205078,269.6499938964844,274.75,268.8999938964844,271.45001220703125,17406416,ONGC,ONGC.NS
2024-06-24,243.1458282470703,269.8999938964844,271.25,266.6000061035156,269.6499938964844,7282347,ONGC,ONGC.NS
2024-06-25,240.5333251953125,267.0,270.79998779296875,265.0,270.1000061035156,14425434,ONGC,ONGC.NS
2024-06-26,241.20896911621094,267.75,269.1499938964844,264.1000061035156,266.8999938964844,10650910,ONGC,ONGC.NS
2024-06-27,240.9837188720703,267.5,268.1000061035156,263.5,267.3999938964844,22830930,ONGC,ONGC.NS
2024-06-28,247.0196075439453,274.20001220703125,275.45001220703125,268.3500061035156,269.0,19532912,ONGC,ONGC.NS
2024-07-01,245.89353942871094,272.95001220703125,275.79998779296875,271.6000061035156,275.0,11750972,ONGC,ONGC.NS
2024-07-02,247.60519409179688,274.8500061035156,279.79998779296875,271.5,273.20001220703125,24470518,ONGC,ONGC.NS
2024-07-03,247.47007751464844,274.70001220703125,277.70001220703125,274.0,276.0,9125400,ONGC,ONGC.NS
2024-07-04,249.5870819091797,277.04998779296875,278.8999938964844,273.04998779296875,275.0,13444669,ONGC,ONGC.NS
2024-07-05,259.6318359375,288.20001220703125,289.29998779296875,276.5,277.25,39781962,ONGC,ONGC.NS
2024-07-08,269.4963684082031,299.1499938964844,303.0,287.3500061035156,290.0,53136198,ONGC,ONGC.NS
2024-07-09,267.9649353027344,297.45001220703125,301.8500061035156,293.3500061035156,300.79998779296875,18686252,ONGC,ONGC.NS
2024-07-10,268.59552001953125,298.1499938964844,299.79998779296875,288.8500061035156,299.70001220703125,19278800,ONGC,ONGC.NS
2024-07-11,274.5412902832031,304.75,307.20001220703125,295.1499938964844,300.0,36020507,ONGC,ONGC.NS
2024-07-12,276.6583557128906,307.1000061035156,311.75,304.20001220703125,306.79998779296875,31788101,ONGC,ONGC.NS
2024-07-15,290.53179931640625,322.5,323.6499938964844,308.6499938964844,311.79998779296875,51435537,ONGC,ONGC.NS
2024-07-16,290.6669616699219,322.6499938964844,327.6000061035156,319.75,323.6000061035156,37468292,ONGC,ONGC.NS
2024-07-18,298.8198547363281,331.70001220703125,333.29998779296875,321.6499938964844,325.1000061035156,48189915,ONGC,ONGC.NS
2024-07-19,287.9643249511719,319.6499938964844,333.20001220703125,318.04998779296875,333.0,26579496,ONGC,ONGC.NS
2024-07-22,289.0003356933594,320.79998779296875,323.3500061035156,314.5,320.0,22234557,ONGC,ONGC.NS
2024-07-23,283.009521484375,314.1499938964844,321.3999938964844,297.3999938964844,320.04998779296875,37871058,ONGC,ONGC.NS
2024-07-24,287.87420654296875,319.54998779296875,325.75,312.1000061035156,313.04998779296875,28259305,ONGC,ONGC.NS
2024-07-25,302.5133972167969,335.79998779296875,337.54998779296875,316.1000061035156,318.04998779296875,42054664,ONGC,ONGC.NS
2024-07-26,298.7297668457031,331.6000061035156,338.5,330.1000061035156,336.5,25703985,ONGC,ONGC.NS
2024-07-29,299.9009094238281,332.8999938964844,339.54998779296875,330.75,333.79998779296875,26721790,ONGC,ONGC.NS
2024-07-30,299.0000305175781,331.8999938964844,338.25,331.0,332.0,19792253,ONGC,ONGC.NS
2024-07-31,301.072021484375,334.20001220703125,337.45001220703125,329.75,332.04998779296875,21393361,ONGC,ONGC.NS
2024-08-01,307.8736267089844,341.75,344.70001220703125,337.1499938964844,337.79998779296875,36044960,ONGC,ONGC.NS
2024-08-02,297.37841796875,330.1000061035156,338.0,328.6499938964844,338.0,22939377,ONGC,ONGC.NS
2024-08-05,279.49609375,310.25,323.29998779296875,306.0,320.3500061035156,37986023,ONGC,ONGC.NS
2024-08-06,275.7574768066406,306.1000061035156,322.45001220703125,305.1499938964844,314.79998779296875,28386636,ONGC,ONGC.NS
2024-08-07,296.4775695800781,329.1000061035156,330.95001220703125,312.0,312.3999938964844,66110716,ONGC,ONGC.NS
2024-08-08,290.7120056152344,322.70001220703125,329.0,321.70001220703125,329.0,23478224,ONGC,ONGC.NS
2024-08-09,299.5856018066406,332.54998779296875,335.8500061035156,328.20001220703125,333.95001220703125,29814474,ONGC,ONGC.NS
2024-08-12,307.4682312011719,341.29998779296875,344.70001220703125,329.8999938964844,332.75,34754596,ONGC,ONGC.NS
2024-08-13,302.603515625,335.8999938964844,345.0,332.95001220703125,344.1000061035156,28943385,ONGC,ONGC.NS
2024-08-14,295.6217346191406,328.1499938964844,336.5,326.79998779296875,335.8500061035156,17812763,ONGC,ONGC.NS
2024-08-16,296.9280090332031,329.6000061035156,335.75,328.6499938964844,332.54998779296875,16584396,ONGC,ONGC.NS
2024-08-19,302.0629577636719,335.29998779296875,338.75,333.54998779296875,335.0,19636518,ONGC,ONGC.NS
2024-08-20,297.37841796875,330.1000061035156,336.0,328.04998779296875,335.8500061035156,14972714,ONGC,ONGC.NS
2024-08-21,295.21636962890625,327.70001220703125,331.5,326.5,330.6499938964844,11835143,ONGC,ONGC.NS
2024-08-22,292.19842529296875,324.3500061035156,330.5,323.6000061035156,328.54998779296875,13387819,ONGC,ONGC.NS
2024-08-23,289.52020263671875,318.8999938964844,324.79998779296875,317.54998779296875,324.3999938964844,13229612,ONGC,ONGC.NS
2024-08-26,297.6456604003906,327.8500061035156,329.1000061035156,322.79998779296875,323.5,21346682,ONGC,ONGC.NS
2024-08-27,298.55352783203125,328.8500061035156,332.54998779296875,326.0,329.3999938964844,20165503,ONGC,ONGC.NS
2024-08-28,297.6002502441406,327.79998779296875,330.29998779296875,324.6499938964844,328.6499938964844,12446738,ONGC,ONGC.NS
2024-08-29,299.23443603515625,329.6000061035156,330.1499938964844,324.95001220703125,326.1000061035156,13799961,ONGC,ONGC.NS
2024-08-30,300.27850341796875,330.75,334.3999938964844,329.54998779296875,330.45001220703125,19666466,ONGC,ONGC.NS
2024-09-02,296.147705078125,326.20001220703125,331.95001220703125,325.79998779296875,330.0,8975511,ONGC,ONGC.NS
2024-09-03,292.5162048339844,322.20001220703125,328.0,321.6499938964844,327.0,10321111,ONGC,ONGC.NS
2024-09-04,285.43475341796875,314.3999938964844,316.20001220703125,308.3999938964844,315.0,25397204,ONGC,ONGC.NS
2024-09-05,282.711181640625,311.3999938964844,316.95001220703125,310.1499938964844,316.95001220703125,15571640,ONGC,ONGC.NS
2024-09-06,280.3507080078125,308.79998779296875,313.1499938964844,303.70001220703125,311.5,27946491,ONGC,ONGC.NS
2024-09-09,271.3627624511719,298.8999938964844,308.70001220703125,294.6499938964844,308.70001220703125,30369085,ONGC,ONGC.NS
2024-09-10,268.36676025390625,295.6000061035156,301.5,295.0,300.1000061035156,15618589,ONGC,ONGC.NS
2024-09-11,259.0157165527344,285.29998779296875,292.3999938964844,283.25,292.3999938964844,44826300,ONGC,ONGC.NS
2024-09-12,266.9595642089844,294.04998779296875,294.75,286.5,288.0,21964895,ONGC,ONGC.NS
2024-09-13,264.59918212890625,291.45001220703125,297.25,291.04998779296875,295.70001220703125,13672371,ONGC,ONGC.NS
2024-09-16,265.5523681640625,292.5,295.3999938964844,291.3500061035156,294.79998779296875,10971110,ONGC,ONGC.NS
2024-09-17,267.5043029785156,294.6499938964844,296.6000061035156,292.1499938964844,293.70001220703125,11873436,ONGC,ONGC.NS
2024-09-18,263.6459045410156,290.3999938964844,297.79998779296875,287.8999938964844,297.6000061035156,13421760,ONGC,ONGC.NS
2024-09-19,258.9703063964844,285.25,289.20001220703125,282.5,287.3999938964844,17067311,ONGC,ONGC.NS
2024-09-20,259.87823486328125,286.25,289.04998779296875,285.20001220703125,287.0,16585530,ONGC,ONGC.NS
2024-09-23,268.2306213378906,295.45001220703125,296.3999938964844,287.54998779296875,288.3999938964844,14621229,ONGC,ONGC.NS
2024-09-24,271.86212158203125,299.45001220703125,302.0,294.70001220703125,296.29998779296875,16986759,ONGC,ONGC.NS
2024-09-25,271.18121337890625,298.70001220703125,301.20001220703125,296.70001220703125,299.45001220703125,10609614,ONGC,ONGC.NS
2024-09-26,268.003662109375,295.20001220703125,298.70001220703125,291.5,297.04998779296875,27812412,ONGC,ONGC.NS
2024-09-27,269.81939697265625,297.20001220703125,298.45001220703125,289.70001220703125,292.70001220703125,35706130,ONGC,ONGC.NS
2024-09-30,270.18255615234375,297.6000061035156,301.79998779296875,293.75,297.0,16294341,ONGC,ONGC.NS
2024-10-01,265.0530700683594,291.95001220703125,299.1499938964844,290.70001220703125,297.0,10919818,ONGC,ONGC.NS
2024-10-03,265.14385986328125,292.04998779296875,298.0,290.54998779296875,295.0,28124665,ONGC,ONGC.NS
2024-10-04,268.049072265625,295.25,299.70001220703125,293.20001220703125,297.0,23104209,ONGC,ONGC.NS
2024-10-07,262.7834167480469,289.45001220703125,296.29998779296875,281.5,296.0,20917962,ONGC,ONGC.NS
2024-10-08,266.4148864746094,293.45001220703125,293.8999938964844,280.54998779296875,288.1499938964844,10572360,ONGC,ONGC.NS
2024-10-09,261.9208984375,288.5,291.8999938964844,286.8500061035156,291.25,13147475,ONGC,ONGC.NS
2024-10-10,262.14788818359375,288.75,292.1499938964844,287.54998779296875,288.70001220703125,7237212,ONGC,ONGC.NS
2024-10-11,265.5977783203125,292.54998779296875,293.6499938964844,289.5,291.29998779296875,7011704,ONGC,ONGC.NS
2024-10-14,260.1051940917969,286.5,292.8999938964844,285.1499938964844,292.70001220703125,12690951,ONGC,ONGC.NS
2024-10-15,257.5631408691406,283.70001220703125,286.3999938964844,280.8500061035156,286.3999938964844,15087155,ONGC,ONGC.NS
2024-10-16,259.10650634765625,285.3999938964844,287.25,280.6499938964844,283.0,18188885,ONGC,ONGC.NS
2024-10-17,255.6566162109375,281.6000061035156,287.6000061035156,280.95001220703125,285.0,13343303,ONGC,ONGC.NS
2024-10-18,257.1999816894531,283.29998779296875,284.5,279.20001220703125,282.0,14028398,ONGC,ONGC.NS
2024-10-21,251.11724853515625,276.6000061035156,284.0,274.54998779296875,281.1499938964844,10299773,ONGC,ONGC.NS
2024-10-22,245.8516082763672,270.79998779296875,278.1499938964844,270.0,278.0,10028511,ONGC,ONGC.NS
2024-10-23,245.89698791503906,270.8500061035156,274.3999938964844,265.04998779296875,270.0,18823321,ONGC,ONGC.NS
2024-10-24,244.30819702148438,269.1000061035156,272.45001220703125,268.3500061035156,271.8999938964844,7488521,ONGC,ONGC.NS
2024-10-25,239.72344970703125,264.04998779296875,270.29998779296875,261.6000061035156,270.0,12961181,ONGC,ONGC.NS
2024-10-28,239.08795166015625,263.3500061035156,265.04998779296875,255.3000030517578,260.6499938964844,13835091,ONGC,ONGC.NS
2024-10-29,240.5859375,265.0,265.54998779296875,259.3999938964844,263.3500061035156,9122757,ONGC,ONGC.NS
2024-10-30,237.5445556640625,261.6499938964844,266.20001220703125,261.04998779296875,265.0,11166643,ONGC,ONGC.NS
2024-10-31,241.6299591064453,266.1499938964844,268.29998779296875,261.1499938964844,263.3999938964844,16173656,ONGC,ONGC.NS
2024-11-01,246.71405029296875,271.75,274.0,268.6499938964844,269.79998779296875,2955757,ONGC,ONGC.NS
2024-11-04,240.85829162597656,265.29998779296875,274.3500061035156,260.1499938964844,274.0,14355959,ONGC,ONGC.NS
2024-11-05,242.7648162841797,267.3999938964844,268.6000061035156,263.6000061035156,265.20001220703125,11676017,ONGC,ONGC.NS
2024-11-06,244.2627716064453,269.04998779296875,270.6000061035156,264.3999938964844,267.70001220703125,19244545,ONGC,ONGC.NS
2024-11-07,240.76751708984375,265.20001220703125,270.5,264.79998779296875,270.5,6766663,ONGC,ONGC.NS
2024-11-08,238.3616485595703,262.54998779296875,266.5,259.6499938964844,265.95001220703125,7836093,ONGC,ONGC.NS
2024-11-11,233.23214721679688,256.8999938964844,262.3500061035156,256.0,262.3500061035156,8450657,ONGC,ONGC.NS
2024-11-12,232.55125427246094,256.1499938964844,263.20001220703125,255.39999389648438,260.8500061035156,22445400,ONGC,ONGC.NS
2024-11-13,229.28294372558594,252.5500030517578,256.95001220703125,249.0,256.1499938964844,17483332,ONGC,ONGC.NS
2024-11-14,227.6941680908203,250.8000030517578,254.3000030517578,249.0,252.5500030517578,12454540,ONGC,ONGC.NS
2024-11-18,227.55796813964844,250.64999389648438,252.10000610351562,247.10000610351562,251.10000610351562,14636541,ONGC,ONGC.NS
2024-11-19,230.67393493652344,248.0,255.39999389648438,247.10000610351562,250.0,17397559,ONGC,ONGC.NS
2024-11-21,225.2326202392578,242.14999389648438,248.0,240.8000030517578,248.0,16189440,ONGC,ONGC.NS
2024-11-22,228.4416046142578,245.60000610351562,246.9499969482422,243.5,244.8000030517578,9637581,ONGC,ONGC.NS
2024-11-25,239.88229370117188,257.8999938964844,260.5,247.9499969482422,248.5,31973671,ONGC,ONGC.NS
2024-11-26,236.48727416992188,254.25,258.25,252.5500030517578,256.95001220703125,9242451,ONGC,ONGC.NS
2024-11-27,236.5338134765625,254.3000030517578,255.5,250.5500030517578,255.0,11689970,ONGC,ONGC.NS
2024-11-28,234.5805206298828,252.1999969482422,257.3999938964844,251.1999969482422,255.0,14202863,ONGC,ONGC.NS
2024-11-29,238.76614379882812,256.70001220703125,258.6499938964844,252.25,253.8000030517578,11476347,ONGC,ONGC.NS
2024-12-02,239.55673217773438,257.54998779296875,258.29998779296875,252.6999969482422,255.5,13677959,ONGC,ONGC.NS
2024-12-03,244.0214080810547,262.3500061035156,264.70001220703125,258.8500061035156,260.3999938964844,15345326,ONGC,ONGC.NS
2024-12-04,242.48667907714844,260.70001220703125,264.29998779296875,260.0,263.8500061035156,10713838,ONGC,ONGC.NS
2024-12-05,243.04473876953125,261.29998779296875,263.25,256.8999938964844,260.70001220703125,12896743,ONGC,ONGC.NS
2024-12-06,241.882080078125,260.04998779296875,263.0,259.54998779296875,260.79998779296875,8783386,ONGC,ONGC.NS
2024-12-09,240.8124237060547,258.8999938964844,261.3500061035156,257.70001220703125,260.04998779296875,6800856,ONGC,ONGC.NS
2024-12-10,238.95213317871094,256.8999938964844,258.75,254.5,257.6499938964844,11318782,ONGC,ONGC.NS
2024-12-11,238.67311096191406,256.6000061035156,258.70001220703125,255.64999389648438,257.5,5353032,ONGC,ONGC.NS
2024-12-12,236.30126953125,254.0500030517578,258.6000061035156,253.60000610351562,258.0,7123877,ONGC,ONGC.NS
2024-12-13,236.48727416992188,254.25,256.79998779296875,249.5,253.0,11143128,ONGC,ONGC.NS
2024-12-16,234.20846557617188,251.8000030517578,256.29998779296875,251.1999969482422,254.0,7283872,ONGC,ONGC.NS
2024-12-17,230.1158447265625,247.39999389648438,252.4499969482422,246.5,251.75,10066884,ONGC,ONGC.NS
2024-12-18,227.09291076660156,244.14999389648438,247.5,243.39999389648438,247.39999389648438,8430930,ONGC,ONGC.NS
2024-12-19,224.95359802246094,241.85000610351562,243.9499969482422,238.5500030517578,240.0,9518542,ONGC,ONGC.NS
2024-12-20,220.5354461669922,237.10000610351562,244.14999389648438,235.3000030517578,241.5,15556528,ONGC,ONGC.NS
2024-12-23,224.02346801757812,240.85000610351562,242.3000030517578,236.85000610351562,238.25,7722901,ONGC,ONGC.NS
2024-12-24,222.25619506835938,238.9499969482422,243.25,238.60000610351562,241.0,3577400,ONGC,ONGC.NS
2024-12-26,223.46536254882812,240.25,242.0,239.0,240.0,6330006,ONGC,ONGC.NS
2024-12-27,220.3494110107422,236.89999389648438,241.0,236.3000030517578,240.0,6487888,ONGC,ONGC.NS
2024-12-30,216.39633178710938,232.64999389648438,237.0,231.14999389648438,236.0500030517578,19401112,ONGC,ONGC.NS
2024-12-31,222.5352325439453,239.25,239.89999389648438,232.35000610351562,232.64999389648438,12004845,ONGC,ONGC.NS
2025-01-01,220.39593505859375,236.9499969482422,239.24000549316406,236.35000610351562,237.80999755859375,9418453,ONGC,ONGC.NS
2025-01-02,228.8787841796875,246.07000732421875,246.77999877929688,237.0,237.0500030517578,19745810,ONGC,ONGC.NS
2025-01-03,240.8031463623047,258.8900146484375,262.75,247.99000549316406,248.4499969482422,49760410,ONGC,ONGC.NS
2025-01-06,236.58961486816406,254.36000061035156,259.5,251.4499969482422,259.1099853515625,19265884,ONGC,ONGC.NS
2025-01-07,245.0817413330078,263.489990234375,267.3999938964844,258.04998779296875,259.1499938964844,52956766,ONGC,ONGC.NS
2025-01-08,252.3740234375,271.3299865722656,273.5,265.75,266.45001220703125,42237794,ONGC,ONGC.NS
2025-01-09,244.7934112548828,263.17999267578125,272.5899963378906,261.7099914550781,272.0299987792969,14706472,ONGC,ONGC.NS
2025-01-10,244.64456176757812,263.0199890136719,266.5,258.4700012207031,264.0,13053552,ONGC,ONGC.NS
2025-01-13,237.86387634277344,255.72999572753906,268.6000061035156,254.61000061035156,266.0299987792969,20416370,ONGC,ONGC.NS
2025-01-14,242.17971801757812,260.3699951171875,262.0,256.82000732421875,257.5199890136719,8470150,ONGC,ONGC.NS
2025-01-15,240.14273071289062,258.17999267578125,264.4700012207031,257.69000244140625,260.8999938964844,9344731,ONGC,ONGC.NS
2025-01-16,244.7934112548828,263.17999267578125,265.6300048828125,260.0,260.0,14195450,ONGC,ONGC.NS
2025-01-17,247.9465789794922,266.57000732421875,267.0,261.29998779296875,262.0,12148143,ONGC,ONGC.NS
2025-01-20,250.54165649414062,269.3599853515625,270.4700012207031,265.010009765625,268.1000061035156,9676264,ONGC,ONGC.NS
2025-01-21,247.23037719726562,265.79998779296875,269.3500061035156,264.80999755859375,268.04998779296875,8989218,ONGC,ONGC.NS
2025-01-22,245.6026153564453,264.04998779296875,266.3900146484375,261.7099914550781,266.0,7919682,ONGC,ONGC.NS
2025-01-23,244.6724853515625,263.04998779296875,263.8299865722656,261.1700134277344,263.0,5026675,ONGC,ONGC.NS
2025-01-24,238.5894012451172,256.510009765625,265.6400146484375,255.75,262.989990234375,6306281,ONGC,ONGC.NS
2025-01-27,233.2597198486328,250.77999877929688,256.44000244140625,249.50999450683594,255.0,6944911,ONGC,ONGC.NS
2025-01-28,231.30641174316406,248.67999267578125,252.39999389648438,246.7100067138672,250.0,8029472,ONGC,ONGC.NS
2025-01-29,233.83639526367188,251.39999389648438,252.0,247.0,248.89999389648438,5651586,ONGC,ONGC.NS
2025-01-30,238.7847137451172,256.7200012207031,259.3999938964844,250.94000244140625,252.0,12588155,ONGC,ONGC.NS
2025-01-31,244.2632293701172,262.6099853515625,263.489990234375,255.2100067138672,257.010009765625,8850307,ONGC,ONGC.NS
2025-02-01,239.55673217773438,257.54998779296875,262.5,253.75,259.54998779296875,10921673,ONGC,ONGC.NS
2025-02-03,231.6040802001953,249.0,256.3500061035156,244.85000610351562,255.60000610351562,25719512,ONGC,ONGC.NS
2025-02-04,236.3477783203125,254.10000610351562,257.5,252.0,252.39999389648438,8402532,ONGC,ONGC.NS
2025-02-05,243.37030029296875,261.6499938964844,263.0,257.75,259.0,11590755,ONGC,ONGC.NS
2025-02-06,238.25454711914062,256.1499938964844,262.95001220703125,254.3000030517578,262.6499938964844,12327998,ONGC,ONGC.NS
2025-02-07,236.12008666992188,248.89999389648438,253.85000610351562,247.5,252.9499969482422,10098454,ONGC,ONGC.NS
2025-02-10,230.00125122070312,242.4499969482422,249.60000610351562,241.8000030517578,248.9499969482422,7582536,ONGC,ONGC.NS
2025-02-11,226.6809539794922,238.9499969482422,242.4499969482422,236.8000030517578,242.4499969482422,6711630,ONGC,ONGC.NS
2025-02-12,225.21054077148438,237.39999389648438,241.25,234.14999389648438,239.0,5985956,ONGC,ONGC.NS
2025-02-13,222.8863525390625,234.9499969482422,239.4499969482422,234.1999969482422,238.5,10079210,ONGC,ONGC.NS
2025-02-14,218.6648406982422,230.5,237.9499969482422,226.75,235.0,8065352,ONGC,ONGC.NS
2025-02-17,221.653076171875,233.64999389648438,234.3000030517578,225.0500030517578,230.1999969482422,6692422,ONGC,ONGC.NS
2025-02-18,224.45162963867188,236.60000610351562,237.14999389648438,229.5500030517578,232.1999969482422,6170974,ONGC,ONGC.NS
2025-02-19,226.0643310546875,238.3000030517578,238.8000030517578,234.5,236.0,6168581,ONGC,ONGC.NS
2025-02-20,229.4794921875,241.89999389648438,242.64999389648438,236.5,236.8000030517578,8929816,ONGC,ONGC.NS
2025-02-21,227.58218383789062,239.89999389648438,243.0500030517578,238.10000610351562,241.89999389648438,5697387,ONGC,ONGC.NS
2025-02-24,222.31715393066406,234.35000610351562,237.9499969482422,234.0,236.3000030517578,6883143,ONGC,ONGC.NS
2025-02-25,221.03646850585938,233.0,236.6999969482422,232.5500030517578,235.0,5519036,ONGC,ONGC.NS
2025-02-27,219.13916015625,231.0,233.85000610351562,228.5,233.5,9664032,ONGC,ONGC.NS
2025-02-28,213.6844024658203,225.25,230.5,223.14999389648438,230.0,17237276,ONGC,ONGC.NS
2025-03-03,213.57057189941406,225.1300048828125,226.0,218.36000061035156,224.75,11928529,ONGC,ONGC.NS
2025-03-04,215.1168670654297,226.75999450683594,227.75,215.47999572753906,220.10000610351562,12428265,ONGC,ONGC.NS
2025-03-05,217.1849365234375,228.94000244140625,231.25,226.75999450683594,227.1199951171875,7466729,ONGC,ONGC.NS
2025-03-06,220.65701293945312,232.60000610351562,233.57000732421875,226.7100067138672,231.49000549316406,10439208,ONGC,ONGC.NS
2025-03-07,220.93212890625,232.88999938964844,236.47000122070312,231.1699981689453,232.60000610351562,9079049,ONGC,ONGC.NS
2025-03-10,211.7301788330078,223.19000244140625,235.0,222.47999572753906,232.88999938964844,16489167,ONGC,ONGC.NS
2025-03-11,215.07891845703125,226.72000122070312,227.25999450683594,220.10000610351562,220.89999389648438,10941588,ONGC,ONGC.NS
2025-03-12,212.87803649902344,224.39999389648438,228.83999633789062,222.36000061035156,227.10000610351562,6994310,ONGC,ONGC.NS
2025-03-13,213.85516357421875,225.42999267578125,230.39999389648438,224.8699951171875,228.14999389648438,16105085,ONGC,ONGC.NS
2025-03-17,217.94384765625,229.74000549316406,230.4499969482422,226.24000549316406,226.52000427246094,8788971,ONGC,ONGC.NS
2025-03-18,217.94384765625,229.74000549316406,229.74000549316406,229.74000549316406,229.74000549316406,0,ONGC,ONGC.NS
2025-03-19,220.62855529785156,232.57000732421875,235.13999938964844,231.60000610351562,232.5,8626593,ONGC,ONGC.NS
2025-03-20,223.4934844970703,235.58999633789062,237.0399932861328,232.00999450683594,233.47999572753906,18955995,ONGC,ONGC.NS
2025-03-21,229.97279357910156,242.4199981689453,248.0,235.8000030517578,235.8000030517578,29285333,ONGC,ONGC.NS
2025-03-24,231.31040954589844,243.8300018310547,246.39999389648438,242.75,244.19000244140625,10566066,ONGC,ONGC.NS
2025-03-25,229.8115234375,242.25,245.3699951171875,240.5500030517578,244.00999450683594,8915800,ONGC,ONGC.NS
2025-03-26,227.4114227294922,239.72000122070312,244.5,239.3699951171875,243.35000610351562,7543985,ONGC,ONGC.NS
2025-03-27,229.7356414794922,242.1699981689453,243.39999389648438,238.64999389648438,238.8699951171875,9935664,ONGC,ONGC.NS
2025-03-28,233.72947692871094,246.3800048828125,254.89999389648438,243.25999450683594,243.44000244140625,32905564,ONGC,ONGC.NS
2025-04-01,235.33270263671875,248.07000732421875,252.1999969482422,246.6999969482422,247.0,11258957,ONGC,ONGC.NS
2025-04-02,237.77073669433594,250.63999938964844,251.5,248.0,250.0500030517578,15337906,ONGC,ONGC.NS
2025-04-03,230.81710815429688,243.30999755859375,249.6199951171875,242.50999450683594,248.0,11141370,ONGC,ONGC.NS
2025-04-04,214.40536499023438,226.00999450683594,241.2100067138672,224.1999969482422,240.55999755859375,38336194,ONGC,ONGC.NS
2025-04-07,208.5521697998047,219.83999633789062,220.8000030517578,205.0,208.0,27024128,ONGC,ONGC.NS
2025-04-08,215.02198791503906,226.66000366210938,227.24000549316406,219.17999267578125,223.0,11309092,ONGC,ONGC.NS
2025-04-09,210.5443572998047,221.94000244140625,224.05999755859375,220.25999450683594,222.0,16889575,ONGC,ONGC.NS
2025-04-11,218.54150390625,230.3699951171875,231.39999389648438,225.25,228.3000030517578,13886447,ONGC,ONGC.NS
2025-04-15,220.74240112304688,232.69000244140625,234.0,230.10000610351562,234.0,12102239,ONGC,ONGC.NS
2025-04-16,228.83441162109375,241.22000122070312,242.0,231.72000122070312,232.69000244140625,18748952,ONGC,ONGC.NS
2025-04-17,230.98785400390625,243.49000549316406,244.61000061035156,239.25999450683594,241.0,12891813,ONGC,ONGC.NS
2025-04-21,236.95489501953125,249.77999877929688,250.5500030517578,241.75,244.00999450683594,11698653,ONGC,ONGC.NS
2025-04-22,235.0575714111328,247.77999877929688,250.60000610351562,247.25999450683594,248.97000122070312,9896443,ONGC,ONGC.NS
2025-04-23,239.22218322753906,252.1699981689453,252.75,244.9199981689453,248.74000549316406,16555874,ONGC,ONGC.NS
2025-04-24,236.56594848632812,249.3699951171875,251.3699951171875,248.0,250.0,6538518,ONGC,ONGC.NS
2025-04-25,233.68203735351562,246.3300018310547,250.67999267578125,244.39999389648438,249.0,15616265,ONGC,ONGC.NS
2025-04-28,237.73280334472656,250.60000610351562,251.9499969482422,244.3800048828125,246.0,7669983,ONGC,ONGC.NS
2025-04-29,233.06539916992188,245.67999267578125,252.10000610351562,245.10000610351562,251.24000549316406,8030552,ONGC,ONGC.NS
2025-04-30,231.8985595703125,244.4499969482422,247.44000244140625,242.22000122070312,245.5,9822483,ONGC,ONGC.NS
2025-05-02,230.27638244628906,242.74000549316406,246.27000427246094,239.0,241.0,10203190,ONGC,ONGC.NS
2025-05-05,226.9181365966797,239.1999969482422,241.14999389648438,234.5,240.0,20086323,ONGC,ONGC.NS
2025-05-06,224.83108520507812,237.0,242.99000549316406,236.0,241.1300048828125,11350559,ONGC,ONGC.NS
2025-05-07,226.4153289794922,238.6699981689453,240.08999633789062,232.07000732421875,232.3000030517578,16689539,ONGC,ONGC.NS
2025-05-08,221.2451629638672,233.22000122070312,239.33999633789062,231.39999389648438,237.66000366210938,15026122,ONGC,ONGC.NS
2025-05-09,222.89584350585938,234.9600067138672,235.3000030517578,228.4499969482422,229.10000610351562,11184507,ONGC,ONGC.NS
2025-05-12,231.4906463623047,244.02000427246094,244.60000610351562,238.11000061035156,239.0,11374237,ONGC,ONGC.NS
2025-05-13,228.77749633789062,241.16000366210938,245.2899932861328,240.2899932861328,244.14999389648438,9336026,ONGC,ONGC.NS
2025-05-14,233.3784637451172,246.00999450683594,246.89999389648438,241.16000366210938,241.16000366210938,8234859,ONGC,ONGC.NS
2025-05-15,234.8963165283203,247.61000061035156,248.9199981689453,242.3000030517578,244.9499969482422,16812750,ONGC,ONGC.NS
2025-05-16,234.5737762451172,247.27000427246094,249.38999938964844,246.1999969482422,247.05999755859375,8030229,ONGC,ONGC.NS
2025-05-19,233.91920471191406,246.5800018310547,249.4499969482422,244.91000366210938,248.0,8043270,ONGC,ONGC.NS
2025-05-20,236.46157836914062,249.25999450683594,252.6999969482422,246.7899932861328,246.7899932861328,13183059,ONGC,ONGC.NS
2025-05-21,235.91136169433594,248.67999267578125,251.9499969482422,247.75999450683594,251.5,7158307,ONGC,ONGC.NS
2025-05-22,229.2613067626953,241.6699981689453,250.47999572753906,239.61000061035156,248.67999267578125,18502235,ONGC,ONGC.NS
2025-05-23,231.6993408203125,244.24000549316406,244.67999267578125,240.14999389648438,242.5,8725218,ONGC,ONGC.NS
2025-05-26,233.3120574951172,245.94000244140625,247.1300048828125,244.80999755859375,245.3000030517578,7159571,ONGC,ONGC.NS
2025-05-27,231.9839324951172,244.5399932861328,246.85000610351562,242.9199981689453,246.85000610351562,9712093,ONGC,ONGC.NS
2025-05-28,230.2099609375,242.6699981689453,245.33999633789062,241.3000030517578,244.63999938964844,7385958,ONGC,ONGC.NS
2025-05-29,230.5609588623047,243.0399932861328,244.60000610351562,241.35000610351562,243.60000610351562,12938112,ONGC,ONGC.NS
2025-05-30,227.10784912109375,239.39999389648438,245.19000244140625,238.88999938964844,243.0399932861328,10108840,ONGC,ONGC.NS
2025-06-02,226.07383728027344,238.30999755859375,240.08999633789062,237.66000366210938,239.0,6278145,ONGC,ONGC.NS
2025-06-03,225.0872344970703,237.27000427246094,241.0500030517578,236.60000610351562,240.5,9515918,ONGC,ONGC.NS
2025-06-04,225.82717895507812,238.0500030517578,238.5,235.5,238.0,6733580,ONGC,ONGC.NS
2025-06-05,225.56155395507812,237.77000427246094,239.6199951171875,236.22000122070312,238.0500030517578,8941808,ONGC,ONGC.NS
2025-06-06,227.73397827148438,240.05999755859375,240.47000122070312,237.50999450683594,237.7899932861328,5985346,ONGC,ONGC.NS
2025-06-09,230.33328247070312,242.8000030517578,244.1199951171875,240.5,241.77999877929688,7719525,ONGC,ONGC.NS
2025-06-10,232.1167449951172,244.67999267578125,245.0,242.58999633789062,244.25,7659657,ONGC,ONGC.NS
2025-06-11,234.62120056152344,247.32000732421875,250.39999389648438,243.5500030517578,244.5,20842417,ONGC,ONGC.NS
2025-06-12,235.15245056152344,247.8800048828125,255.1999969482422,246.75,251.5,35613271,ONGC,ONGC.NS
2025-06-13,238.59605407714844,251.50999450683594,255.9499969482422,249.1199951171875,255.5500030517578,39320377,ONGC,ONGC.NS
2025-06-16,243.60498046875,256.7900085449219,257.5,252.19000244140625,253.99000549316406,41444122,ONGC,ONGC.NS
2025-06-17,239.35498046875,252.30999755859375,257.0899963378906,251.5500030517578,256.94000244140625,18781097,ONGC,ONGC.NS
2025-06-18,237.505126953125,250.36000061035156,255.88999938964844,249.77000427246094,254.02999877929688,12691905,ONGC,ONGC.NS
2025-06-19,238.64349365234375,251.55999755859375,253.0,248.1999969482422,250.5,10790997,ONGC,ONGC.NS
2025-06-20,238.95655822753906,251.88999938964844,253.25,249.35000610351562,252.25999450683594,15907673,ONGC,ONGC.NS
2025-06-23,238.4727325439453,251.3800048828125,255.49000549316406,250.3300018310547,253.00999450683594,16776881,ONGC,ONGC.NS
2025-06-24,231.39576721191406,243.9199981689453,248.0,243.49000549316406,247.5,22215004,ONGC,ONGC.NS
2025-06-25,229.48899841308594,241.91000366210938,245.3000030517578,241.5,244.0,13056178,ONGC,ONGC.NS
2025-06-26,232.1641845703125,244.72999572753906,245.3699951171875,241.5399932861328,242.0,15769123,ONGC,ONGC.NS
2025-06-27,230.3617401123047,242.8300018310547,246.22000122070312,242.0,245.00999450683594,21691960,ONGC,ONGC.NS
2025-06-30,231.6708984375,244.2100067138672,245.6999969482422,243.0,244.0,8783448,ONGC,ONGC.NS
2025-07-01,230.87400817871094,243.3699951171875,245.3000030517578,241.3000030517578,245.3000030517578,8470489,ONGC,ONGC.NS
2025-07-02,228.69212341308594,241.07000732421875,243.75,240.1999969482422,242.89999389648438,10419419,ONGC,ONGC.NS
2025-07-03,231.51910400390625,244.0500030517578,246.1999969482422,241.8000030517578,242.0,13891239,ONGC,ONGC.NS
2025-07-04,232.64801025390625,245.24000549316406,245.4499969482422,242.50999450683594,245.1999969482422,7717259,ONGC,ONGC.NS
2025-07-07,229.11900329589844,241.52000427246094,245.5,240.8300018310547,245.5,9222263,ONGC,ONGC.NS
2025-07-08,230.75070190429688,243.24000549316406,243.6999969482422,240.64999389648438,242.41000366210938,7537067,ONGC,ONGC.NS
2025-07-09,230.85504150390625,243.35000610351562,244.58999633789062,242.27000427246094,243.35000610351562,9590680,ONGC,ONGC.NS
2025-07-10,230.6083984375,243.08999633789062,244.69000244140625,242.3300018310547,243.50999450683594,8012201,ONGC,ONGC.NS
2025-07-11,229.3466796875,241.75999450683594,243.08999633789062,240.8000030517578,243.0500030517578,5608382,ONGC,ONGC.NS
2025-07-14,231.6803741455078,244.22000122070312,244.88999938964844,241.13999938964844,242.89999389648438,7568906,ONGC,ONGC.NS
2025-07-15,231.1586151123047,243.6699981689453,245.3699951171875,242.6999969482422,244.47999572753906,7843083,ONGC,ONGC.NS
2025-07-16,230.38072204589844,242.85000610351562,244.14999389648438,242.3000030517578,244.0,5656962,ONGC,ONGC.NS
2025-07-17,231.34832763671875,243.8699951171875,244.55999755859375,242.82000732421875,243.0,7006298,ONGC,ONGC.NS
2025-07-18,233.66305541992188,246.30999755859375,247.35000610351562,243.4600067138672,244.74000549316406,10293817,ONGC,ONGC.NS
2025-07-21,232.45826721191406,245.0399932861328,246.3000030517578,244.42999267578125,246.0,5424455,ONGC,ONGC.NS
2025-07-22,233.7579345703125,246.41000366210938,246.8699951171875,244.07000732421875,245.0399932861328,5869862,ONGC,ONGC.NS
2025-07-23,232.9420928955078,245.5500030517578,247.1999969482422,244.25999450683594,246.0,7357753,ONGC,ONGC.NS
2025-07-24,232.25904846191406,244.8300018310547,246.1999969482422,243.75999450683594,245.55999755859375,4590999,ONGC,ONGC.NS
2025-07-25,227.95216369628906,240.2899932861328,244.8000030517578,239.25,244.0,7427827,ONGC,ONGC.NS
2025-07-28,227.69602966308594,240.02000427246094,241.55999755859375,237.8000030517578,240.2899932861328,6865890,ONGC,ONGC.NS
2025-07-29,229.04312133789062,241.44000244140625,242.50999450683594,239.82000732421875,240.02000427246094,6157824,ONGC,ONGC.NS
2025-07-30,229.39410400390625,241.80999755859375,243.7100067138672,240.10000610351562,242.5399932861328,8767763,ONGC,ONGC.NS
2025-07-31,228.62570190429688,241.0,242.80999755859375,239.66000366210938,240.1999969482422,10254214,ONGC,ONGC.NS
2025-08-01,224.63185119628906,236.7899932861328,240.7100067138672,234.0500030517578,240.10000610351562,12629251,ONGC,ONGC.NS
2025-08-04,222.77252197265625,234.8300018310547,238.38999938964844,234.0,236.5,16174972,ONGC,ONGC.NS
2025-08-05,222.4404754638672,234.47999572753906,236.0,233.0500030517578,235.5,9562689,ONGC,ONGC.NS
2025-08-06,221.76693725585938,233.77000427246094,235.3699951171875,232.91000366210938,234.5500030517578,7568954,ONGC,ONGC.NS
2025-08-07,221.91873168945312,233.92999267578125,234.1999969482422,231.30999755859375,233.14999389648438,5560413,ONGC,ONGC.NS
2025-08-08,221.45388793945312,233.44000244140625,235.1199951171875,232.67999267578125,233.89999389648438,5249568,ONGC,ONGC.NS
2025-08-11,221.78590393066406,233.7899932861328,235.0,231.5800018310547,233.44000244140625,4699743,ONGC,ONGC.NS
2025-08-12,223.4270782470703,235.52000427246094,236.36000061035156,233.61000061035156,233.8000030517578,7036778,ONGC,ONGC.NS
2025-08-13,226.4153289794922,238.6699981689453,239.9499969482422,236.3000030517578,237.74000549316406,8501906,ONGC,ONGC.NS
2025-08-14,224.774169921875,236.94000244140625,238.6699981689453,234.42999267578125,238.50999450683594,7258450,ONGC,ONGC.NS
2025-08-18,225.93153381347656,238.16000366210938,238.58999633789062,235.5,237.25,8501972,ONGC,ONGC.NS
2025-08-19,225.72283935546875,237.94000244140625,238.5399932861328,236.67999267578125,237.5,5538059,ONGC,ONGC.NS
2025-08-20,225.7133331298828,237.92999267578125,239.08999633789062,237.0,237.0,7438061,ONGC,ONGC.NS
2025-08-21,226.0548553466797,238.2899932861328,240.99000549316406,237.22999572753906,238.0,8111371,ONGC,ONGC.NS
2025-08-22,224.15753173828125,236.2899932861328,238.6300048828125,235.88999938964844,238.0,5423818,ONGC,ONGC.NS
2025-08-25,224.6033935546875,236.75999450683594,237.49000549316406,235.64999389648438,236.3000030517578,8854258,ONGC,ONGC.NS
2025-08-26,222.16537475585938,234.19000244140625,237.3000030517578,233.8000030517578,236.66000366210938,14671897,ONGC,ONGC.NS
2025-08-28,221.4064483642578,233.38999938964844,235.27999877929688,232.3800048828125,234.3000030517578,13870643,ONGC,ONGC.NS
2025-08-29,221.7100067138672,233.7100067138672,235.3699951171875,231.3300018310547,233.38999938964844,9928988,ONGC,ONGC.NS
2025-09-01,226.46278381347656,238.72000122070312,239.19000244140625,233.07000732421875,234.0,4366396,ONGC,ONGC.NS
2025-09-02,227.1932373046875,239.49000549316406,242.5,237.39999389648438,238.75,5921193,ONGC,ONGC.NS
2025-09-03,226.79481506347656,239.07000732421875,241.94000244140625,238.4600067138672,239.5,4364007,ONGC,ONGC.NS
2025-09-04,224.7921600341797,235.72000122070312,239.35000610351562,235.42999267578125,239.07000732421875,8778730,ONGC,ONGC.NS
2025-09-05,223.27587890625,234.1300048828125,237.16000366210938,233.00999450683594,235.75,7210683,ONGC,ONGC.NS
2025-09-08,221.7500457763672,232.52999877929688,234.97999572753906,232.05999755859375,234.1300048828125,8418326,ONGC,ONGC.NS
2025-09-09,220.6056671142578,231.3300018310547,234.58999633789062,230.75999450683594,232.52999877929688,11665314,ONGC,ONGC.NS
2025-09-10,220.9966583251953,231.74000549316406,233.0399932861328,231.0,233.0,11775053,ONGC,ONGC.NS
2025-09-11,222.9230194091797,233.75999450683594,235.22000122070312,232.10000610351562,232.10000610351562,11047708,ONGC,ONGC.NS
2025-09-12,222.43666076660156,233.25,235.41000366210938,232.6999969482422,234.50999450683594,6073522,ONGC,ONGC.NS
2025-09-15,221.4925537109375,232.25999450683594,234.19000244140625,232.0,233.14999389648438,6153784,ONGC,ONGC.NS
2025-09-16,224.1913604736328,235.08999633789062,235.27000427246094,232.4199981689453,232.47999572753906,7319921,ONGC,ONGC.NS
2025-09-17,225.89837646484375,236.8800048828125,237.9600067138672,235.17999267578125,236.0,7628371,ONGC,ONGC.NS
2025-09-18,224.6681671142578,235.58999633789062,237.6999969482422,234.5,237.6999969482422,6497852,ONGC,ONGC.NS
2025-09-19,225.71719360351562,236.69000244140625,237.39999389648438,234.75,235.11000061035156,16484017,ONGC,ONGC.NS
2025-09-22,226.46102905273438,237.47000122070312,238.4499969482422,235.64999389648438,236.0,9962796,ONGC,ONGC.NS
2025-09-23,225.68858337402344,236.66000366210938,237.58999633789062,235.14999389648438,237.25,7014239,ONGC,ONGC.NS
2025-09-24,227.4623565673828,238.52000427246094,240.1300048828125,236.25999450683594,236.66000366210938,8299331,ONGC,ONGC.NS
2025-09-25,228.5590362548828,239.6699981689453,242.13999938964844,238.52000427246094,238.9199981689453,10150654,ONGC,ONGC.NS
2025-09-26,226.98553466796875,238.02000427246094,240.25999450683594,236.83999633789062,240.0,6349466,ONGC,ONGC.NS
2025-09-29,228.8546600341797,239.97999572753906,241.16000366210938,238.1699981689453,239.0,10631271,ONGC,ONGC.NS
2025-09-30,228.39691162109375,239.5,240.88999938964844,238.5,240.0,7167687,ONGC,ONGC.NS
2025-10-01,231.77279663085938,243.0399932861328,246.2899932861328,238.47000122070312,238.60000610351562,10375310,ONGC,ONGC.NS
2025-10-03,232.3640594482422,243.66000366210938,244.1999969482422,239.6999969482422,242.5,10702610,ONGC,ONGC.NS
2025-10-06,234.4620819091797,245.86000061035156,247.5,242.72999572753906,242.72999572753906,9465503,ONGC,ONGC.NS
2025-10-07,233.94711303710938,245.32000732421875,249.5,244.66000366210938,245.86000061035156,12498420,ONGC,ONGC.NS
2025-10-08,230.59982299804688,241.80999755859375,246.8000030517578,241.13999938964844,246.5500030517578,5073558,ONGC,ONGC.NS
2025-10-09,232.10658264160156,243.38999938964844,244.5,240.55999755859375,241.83999633789062,9292031,ONGC,ONGC.NS
2025-10-10,234.91981506347656,246.33999633789062,247.0800018310547,243.60000610351562,244.0500030517578,9050771,ONGC,ONGC.NS
2025-10-13,232.7741241455078,244.08999633789062,245.67999267578125,241.3800048828125,245.0,12607116,ONGC,ONGC.NS
2025-10-14,233.3463134765625,244.69000244140625,248.74000549316406,243.89999389648438,245.3000030517578,13865005,ONGC,ONGC.NS
2025-10-15,236.23583984375,247.72000122070312,248.19000244140625,244.2899932861328,244.69000244140625,8520238,ONGC,ONGC.NS
2025-10-16,236.83665466308594,248.35000610351562,248.6999969482422,246.0,248.0,6083826,ONGC,ONGC.NS
2025-10-17,236.2072296142578,247.69000244140625,248.5500030517578,244.77000427246094,248.5500030517578,14250215,ONGC,ONGC.NS
2025-10-20,237.20855712890625,248.74000549316406,249.1999969482422,244.99000549316406,247.69000244140625,10920554,ONGC,ONGC.NS
2025-10-21,236.61729431152344,248.1199951171875,249.3000030517578,247.38999938964844,248.74000549316406,569979,ONGC,ONGC.NS
2025-10-23,240.61305236816406,252.30999755859375,253.24000549316406,249.0800018310547,250.0,13879042,ONGC,ONGC.NS
2025-10-24,243.14019775390625,254.9600067138672,257.3999938964844,252.85000610351562,254.0,17882209,ONGC,ONGC.NS
2025-10-27,241.52854919433594,253.27000427246094,256.0899963378906,251.91000366210938,255.4199981689453,7889080,ONGC,ONGC.NS
2025-10-28,238.92510986328125,250.5399932861328,253.7899932861328,249.86000061035156,253.10000610351562,8529692,ONGC,ONGC.NS
2025-10-29,243.78866577148438,255.63999938964844,257.3399963378906,250.5500030517578,250.9499969482422,8806213,ONGC,ONGC.NS
2025-10-30,242.73013305664062,254.52999877929688,256.5,253.41000366210938,256.5,5266883,ONGC,ONGC.NS
2025-10-31,243.53118896484375,255.3699951171875,257.8999938964844,253.32000732421875,254.6999969482422,7199008,ONGC,ONGC.NS
2025-11-03,245.610107421875,257.54998779296875,258.5,254.3000030517578,255.0,5450040,ONGC,ONGC.NS
2025-11-04,240.6511993408203,252.35000610351562,257.5,252.0,256.1000061035156,6006851,ONGC,ONGC.NS
2025-11-06,239.84060668945312,251.5,255.5,250.4499969482422,253.5500030517578,6987258,ONGC,ONGC.NS
2025-11-07,240.50814819335938,252.1999969482422,253.60000610351562,250.0,250.0,4449104,ONGC,ONGC.NS
2025-11-10,239.7452392578125,251.39999389648438,255.5,249.5,252.0,7418162,ONGC,ONGC.NS
2025-11-11,237.88563537597656,249.4499969482422,254.1999969482422,246.0,254.1999969482422,16183880,ONGC,ONGC.NS
2025-11-12,242.0816650390625,253.85000610351562,255.60000610351562,249.89999389648438,252.60000610351562,11917811,ONGC,ONGC.NS
2025-11-13,239.2207489013672,250.85000610351562,253.6999969482422,247.3000030517578,253.6999969482422,13057927,ONGC,ONGC.NS
2025-11-14,241.9075164794922,247.60000610351562,249.64999389648438,245.10000610351562,245.5,9185042,ONGC,ONGC.NS
2025-11-17,242.34716796875,248.0500030517578,249.6999969482422,247.4499969482422,247.60000610351562,6281588,ONGC,ONGC.NS
2025-11-18,241.2724609375,246.9499969482422,249.4499969482422,246.3000030517578,247.0,7708871,ONGC,ONGC.NS
2025-11-19,243.27532958984375,249.0,250.3000030517578,245.39999389648438,246.9499969482422,7075882,ONGC,ONGC.NS
2025-11-20,242.34716796875,248.0500030517578,251.10000610351562,247.60000610351562,249.0,6918642,ONGC,ONGC.NS
2025-11-21,241.2724609375,246.9499969482422,248.3000030517578,246.1999969482422,247.0500030517578,7589240,ONGC,ONGC.NS
2025-11-24,240.1000518798828,245.75,247.4499969482422,244.3000030517578,246.9499969482422,15875282,ONGC,ONGC.NS
2025-11-25,239.70925903320312,245.35000610351562,247.5,244.60000610351562,245.75,8983620,ONGC,ONGC.NS
2025-11-26,242.00521850585938,247.6999969482422,248.0,245.0500030517578,245.35000610351562,7232643,ONGC,ONGC.NS
2025-11-27,238.39028930664062,244.0,248.8000030517578,242.8000030517578,248.0,5600832,ONGC,ONGC.NS
2025-11-28,237.65753173828125,243.25,245.35000610351562,242.5500030517578,245.0,3804191,ONGC,ONGC.NS
2025-12-01,239.20120239257812,244.8300018310547,245.85000610351562,243.00999450683594,244.0500030517578,6307936,ONGC,ONGC.NS
2025-12-02,237.94085693359375,243.5399932861328,246.25999450683594,242.5,243.5,5413988,ONGC,ONGC.NS
2025-12-03,234.5017852783203,240.02000427246094,244.36000061035156,239.55999755859375,244.0500030517578,11829802,ONGC,ONGC.NS
2025-12-04,236.6609649658203,242.22999572753906,242.6999969482422,239.69000244140625,240.5,10825420,ONGC,ONGC.NS
2025-12-05,235.6839599609375,241.22999572753906,243.1999969482422,240.91000366210938,242.6999969482422,7645591,ONGC,ONGC.NS
2025-12-08,233.03627014160156,238.52000427246094,242.0,237.6999969482422,241.22999572753906,5285903,ONGC,ONGC.NS
2025-12-09,234.325927734375,239.83999633789062,240.1999969482422,236.8300018310547,237.6999969482422,9026401,ONGC,ONGC.NS
2025-12-10,233.78855895996094,239.2899932861328,240.35000610351562,238.4199981689453,239.32000732421875,3492031,ONGC,ONGC.NS
2025-12-11,232.92880249023438,238.41000366210938,241.3000030517578,238.13999938964844,239.2899932861328,8868641,ONGC,ONGC.NS
2025-12-12,232.5477752685547,238.02000427246094,239.39999389648438,237.02000427246094,238.5,4252781,ONGC,ONGC.NS
2025-12-15,229.9391632080078,235.35000610351562,238.7899932861328,229.94000244140625,238.0,12334408,ONGC,ONGC.NS
2025-12-16,226.87135314941406,232.2100067138672,235.3000030517578,230.75,234.1699981689453,7238404,ONGC,ONGC.NS
2025-12-17,227.5552520751953,232.91000366210938,233.4199981689453,228.61000061035156,231.75,5848233,ONGC,ONGC.NS
2025-12-18,226.66616821289062,232.0,234.1300048828125,231.2100067138672,233.0,3964839,ONGC,ONGC.NS
2025-12-19,227.53570556640625,232.88999938964844,233.5,231.5,232.0,5070902,ONGC,ONGC.NS
2025-12-22,228.79605102539062,234.17999267578125,235.27999877929688,232.77000427246094,233.7899932861328,4614185,ONGC,ONGC.NS
2025-12-23,230.07594299316406,235.49000549316406,237.89999389648438,234.60000610351562,234.60000610351562,5810236,ONGC,ONGC.NS
2025-12-24,228.39547729492188,233.77000427246094,236.57000732421875,233.13999938964844,235.5399932861328,4114036,ONGC,ONGC.NS
2025-12-26,229.13800048828125,234.52999877929688,235.27999877929688,233.0500030517578,233.83999633789062,3710774,ONGC,ONGC.NS
2025-12-29,229.4213409423828,234.82000732421875,239.02000427246094,234.0,234.52999877929688,12621499,ONGC,ONGC.NS
2025-12-30,229.2845458984375,234.67999267578125,235.60000610351562,233.30999755859375,234.9499969482422,6236729,ONGC,ONGC.NS
2025-12-31,234.853515625,240.3800048828125,241.0,234.61000061035156,234.69000244140625,11514802,ONGC,ONGC.NS
2026-01-01,232.4696044921875,237.94000244140625,241.11000061035156,237.41000366210938,240.89999389648438,5840586,ONGC,ONGC.NS
2026-01-02,235.90869140625,241.4600067138672,242.5500030517578,237.94000244140625,237.94000244140625,5925943,ONGC,ONGC.NS
2026-01-05,232.61614990234375,238.08999633789062,246.8000030517578,235.6999969482422,246.8000030517578,21201434,ONGC,ONGC.NS
2026-01-06,236.32879638671875,241.88999938964844,242.36000061035156,238.08999633789062,238.08999633789062,10840459,ONGC,ONGC.NS
2026-01-07,233.56385803222656,239.05999755859375,241.67999267578125,238.16000366210938,240.2100067138672,8253161,ONGC,ONGC.NS
2026-01-08,226.09950256347656,231.4199981689453,238.88999938964844,231.0,238.1999969482422,9218488,ONGC,ONGC.NS
2026-01-09,228.70811462402344,234.08999633789062,238.25,232.0,232.2899932861328,12706408,ONGC,ONGC.NS
2026-01-12,230.29087829589844,235.7100067138672,236.16000366210938,231.66000366210938,234.08999633789062,9807980,ONGC,ONGC.NS
2026-01-13,238.1753387451172,243.77999877929688,244.14999389648438,235.8000030517578,238.0,22527192,ONGC,ONGC.NS
2026-01-14,242.5230255126953,248.22999572753906,251.0,243.5800018310547,243.99000549316406,33094088,ONGC,ONGC.NS
2026-01-15,242.5230255126953,248.22999572753906,248.22999572753906,248.22999572753906,248.22999572753906,0,ONGC,ONGC.NS
2026-01-16,241.48739624023438,247.1699981689453,247.77999877929688,242.39999389648438,246.89999389648438,12287680,ONGC,ONGC.NS
2026-01-19,237.520751953125,243.11000061035156,248.0,242.3000030517578,245.0,6459249,ONGC,ONGC.NS
2026-01-20,234.86328125,240.38999938964844,245.33999633789062,239.7100067138672,243.11000061035156,6496057,ONGC,ONGC.NS
2026-01-21,236.79776000976562,242.3699951171875,244.49000549316406,239.50999450683594,240.0,9610477,ONGC,ONGC.NS
2026-01-22,238.40005493164062,244.00999450683594,246.47000122070312,242.57000732421875,244.60000610351562,10746306,ONGC,ONGC.NS
2026-01-23,239.8264923095703,245.47000122070312,246.3000030517578,241.5500030517578,245.3000030517578,8080247,ONGC,ONGC.NS
2026-01-27,242.2494659423828,247.9499969482422,248.99000549316406,245.88999938964844,246.60000610351562,15915509,ONGC,ONGC.NS
2026-01-28,262.4051513671875,268.5799865722656,269.6499938964844,249.1999969482422,249.1999969482422,73427983,ONGC,ONGC.NS
2026-01-29,269.0586242675781,275.3900146484375,277.7699890136719,269.010009765625,270.0,48267023,ONGC,ONGC.NS
2026-01-30,262.77642822265625,268.9599914550781,276.5,268.010009765625,273.8900146484375,24420043,ONGC,ONGC.NS
2026-02-02,248.1115264892578,253.9499969482422,257.0,247.60000610351562,251.60000610351562,17015974,ONGC,ONGC.NS
2026-02-03,251.09140014648438,257.0,262.0,249.35000610351562,259.70001220703125,19213406,ONGC,ONGC.NS
2026-02-04,260.8126525878906,266.95001220703125,270.0,258.04998779296875,258.04998779296875,26628393,ONGC,ONGC.NS
2026-02-05,263.01092529296875,269.20001220703125,270.45001220703125,266.0,268.0,15268335,ONGC,ONGC.NS
2026-02-06,262.7666931152344,268.95001220703125,269.95001220703125,264.70001220703125,268.0,10013728,ONGC,ONGC.NS
2026-02-09,260.470703125,266.6000061035156,270.8999938964844,265.75,269.45001220703125,10824044,ONGC,ONGC.NS
2026-02-10,265.8930969238281,272.1499938964844,273.04998779296875,267.0,267.25,13459684,ONGC,ONGC.NS
2026-02-11,268.2867736816406,274.6000061035156,275.1000061035156,266.3500061035156,272.29998779296875,18388416,ONGC,ONGC.NS
2026-02-12,269.9965515136719,276.3500061035156,280.29998779296875,273.45001220703125,276.0,22753270,ONGC,ONGC.NS
2026-02-13,261.2522888183594,267.3999938964844,271.3500061035156,266.0,270.0,20748628,ONGC,ONGC.NS
2026-02-16,265.306884765625,271.54998779296875,272.20001220703125,265.6499938964844,267.6499938964844,13247757,ONGC,ONGC.NS
2026-02-17,265.6000061035156,271.8500061035156,273.0,268.1000061035156,273.0,21292868,ONGC,ONGC.NS
2026-02-18,264.6000061035156,264.6000061035156,266.1000061035156,262.54998779296875,265.0,11621040,ONGC,ONGC.NS
2026-02-19,274.6499938964844,274.6499938964844,276.45001220703125,267.8500061035156,270.29998779296875,37728943,ONGC,ONGC.NS
2026-02-20,278.6499938964844,278.6499938964844,280.79998779296875,274.3500061035156,277.3999938964844,31971956,ONGC,ONGC.NS
2026-02-23,275.6499938964844,275.6499938964844,279.8999938964844,272.20001220703125,279.8999938964844,13113050,ONGC,ONGC.NS
2026-02-24,276.5,276.5,278.1499938964844,273.29998779296875,275.6499938964844,16311581,ONGC,ONGC.NS
2026-02-25,277.45001220703125,277.45001220703125,278.95001220703125,274.0,276.5,7573116,ONGC,ONGC.NS
2026-02-26,280.1000061035156,280.1000061035156,281.04998779296875,275.6000061035156,277.3999938964844,13301761,ONGC,ONGC.NS
2026-02-27,279.70001220703125,279.70001220703125,282.5,277.0,278.5,18554482,ONGC,ONGC.NS
2026-03-02,282.20001220703125,282.20001220703125,293.0,277.6499938964844,288.0,65843426,ONGC,ONGC.NS
2026-03-04,276.95001220703125,276.95001220703125,288.3500061035156,275.1000061035156,287.0,53722773,ONGC,ONGC.NS
2026-03-05,276.3500061035156,276.3500061035156,287.6499938964844,275.3500061035156,278.0,40569479,ONGC,ONGC.NS
2026-03-06,278.95001220703125,278.95001220703125,280.95001220703125,271.1499938964844,279.95001220703125,30725344,ONGC,ONGC.NS
2026-03-09,270.79998779296875,270.79998779296875,289.0,267.6000061035156,289.0,56512457,ONGC,ONGC.NS
2026-03-10,269.20001220703125,269.20001220703125,270.8999938964844,265.3500061035156,270.8500061035156,18476370,ONGC,ONGC.NS
2026-03-11,270.75,270.75,272.3999938964844,268.0,268.0,16130216,ONGC,ONGC.NS
2026-03-12,270.54998779296875,270.54998779296875,273.0,267.75,271.6000061035156,20059801,ONGC,ONGC.NS
2026-03-13,264.1000061035156,264.1000061035156,271.29998779296875,263.45001220703125,270.54998779296875,18411729,ONGC,ONGC.NS
2026-03-16,260.45001220703125,260.45001220703125,266.0,258.3500061035156,264.04998779296875,21725887,ONGC,ONGC.NS
2026-03-17,264.75,264.75,265.3999938964844,259.1499938964844,260.6499938964844,15662659,ONGC,ONGC.NS
2026-03-18,265.0,265.0,266.6499938964844,263.0,265.1499938964844,8780857,ONGC,ONGC.NS
2026-03-19,269.1000061035156,269.1000061035156,271.5,262.5,265.0,28685305,ONGC,ONGC.NS
2026-03-20,265.3999938964844,265.3999938964844,273.04998779296875,264.0,269.0,19436124,ONGC,ONGC.NS
2026-03-23,265.45001220703125,265.45001220703125,269.70001220703125,263.8999938964844,267.29998779296875,23991581,ONGC,ONGC.NS
2026-03-24,268.04998779296875,268.04998779296875,273.29998779296875,266.8500061035156,268.54998779296875,18567283,ONGC,ONGC.NS
2026-03-25,270.20001220703125,270.20001220703125,271.5,266.3999938964844,267.3500061035156,13380625,ONGC,ONGC.NS
2026-03-27,281.95001220703125,281.95001220703125,285.0,269.70001220703125,270.5,60048871,ONGC,ONGC.NS
2026-03-30,284.6499938964844,284.6499938964844,288.3500061035156,281.95001220703125,282.75,44866906,ONGC,ONGC.NS
2026-04-01,288.04998779296875,288.04998779296875,293.0,282.79998779296875,290.0,31626297,ONGC,ONGC.NS
2026-04-02,287.20001220703125,287.20001220703125,288.79998779296875,283.5,288.5,20935809,ONGC,ONGC.NS
2026-04-06,281.8500061035156,281.8500061035156,288.5,280.45001220703125,287.29998779296875,24449779,ONGC,ONGC.NS
2026-04-07,286.6499938964844,286.6499938964844,287.54998779296875,280.0,281.8500061035156,22891122,ONGC,ONGC.NS
2026-04-08,285.5,285.5,287.8500061035156,274.75,280.0,42071040,ONGC,ONGC.NS
2026-04-09,288.6000061035156,288.6000061035156,289.79998779296875,284.8999938964844,284.8999938964844,13585661,ONGC,ONGC.NS
2026-04-10,286.5,286.5,291.8500061035156,284.54998779296875,288.6000061035156,12889209,ONGC,ONGC.NS
2026-04-13,287.54998779296875,287.54998779296875,290.29998779296875,281.0,287.20001220703125,23986567,ONGC,ONGC.NS
2026-04-15,287.6000061035156,287.6000061035156,289.79998779296875,283.3500061035156,284.04998779296875,16529148,ONGC,ONGC.NS
2026-04-16,282.75,282.75,288.1000061035156,282.0,288.0,13626398,ONGC,ONGC.NS
2026-04-17,284.04998779296875,284.04998779296875,285.5,282.20001220703125,283.3999938964844,17846605,ONGC,ONGC.NS
2026-04-20,283.3500061035156,283.3500061035156,285.20001220703125,282.5,284.0,11057036,ONGC,ONGC.NS
2026-04-21,283.1000061035156,283.1000061035156,284.8500061035156,282.3999938964844,283.1499938964844,13645673,ONGC,ONGC.NS
2026-04-22,283.6499938964844,283.6499938964844,285.04998779296875,282.6000061035156,283.1000061035156,7395183,ONGC,ONGC.NS
2026-04-23,286.25,286.25,289.79998779296875,284.04998779296875,284.8500061035156,13525025,ONGC,ONGC.NS
2026-04-24,284.79998779296875,284.79998779296875,288.79998779296875,283.8999938964844,288.79998779296875,11789941,ONGC,ONGC.NS
2026-04-27,285.8999938964844,285.8999938964844,286.70001220703125,284.20001220703125,286.0,6497916,ONGC,ONGC.NS
2026-04-28,301.29998779296875,301.29998779296875,302.3999938964844,286.0,286.25,51575179,ONGC,ONGC.NS
2026-04-29,301.3999938964844,301.3999938964844,307.5,299.75,303.8999938964844,27267649,ONGC,ONGC.NS
2026-04-30,299.54998779296875,299.54998779296875,307.45001220703125,296.8999938964844,304.8999938964844,17490096,ONGC,ONGC.NS
2026-05-01,299.54998779296875,299.54998779296875,299.54998779296875,299.54998779296875,299.54998779296875,0,ONGC,ONGC.NS
2026-05-04,292.8999938964844,292.8999938964844,299.8999938964844,292.3500061035156,298.3999938964844,15468437,ONGC,ONGC.NS
2026-05-05,289.95001220703125,289.95001220703125,295.8999938964844,287.0,294.3500061035156,10750753,ONGC,ONGC.NS
2026-05-06,280.79998779296875,280.79998779296875,290.25,280.0,289.95001220703125,22858013,ONGC,ONGC.NS
2026-05-07,283.8999938964844,283.8999938964844,285.20001220703125,279.70001220703125,282.0,15608370,ONGC,ONGC.NS
2026-05-08,279.20001220703125,279.20001220703125,284.0,278.6000061035156,283.6000061035156,9290168,ONGC,ONGC.NS
2026-05-11,281.0,281.0,281.79998779296875,277.6499938964844,280.70001220703125,6948202,ONGC,ONGC.NS
2026-05-12,294.5,294.5,299.8999938964844,286.8500061035156,286.8999938964844,52080828,ONGC,ONGC.NS
2026-05-13,297.1499938964844,297.1499938964844,300.20001220703125,294.1000061035156,297.0,24381295,ONGC,ONGC.NS
2026-05-14,300.8999938964844,300.8999938964844,303.70001220703125,298.70001220703125,300.0,22660293,ONGC,ONGC.NS
2026-05-15,299.3500061035156,299.3500061035156,304.95001220703125,298.54998779296875,303.0,13695307,ONGC,ONGC.NS
2026-05-18,297.20001220703125,297.20001220703125,300.70001220703125,295.1000061035156,299.3500061035156,10521642,ONGC,ONGC.NS
2026-05-19,296.5,296.5,298.5,293.6499938964844,295.1000061035156,9565497,ONGC,ONGC.NS
2026-05-20,298.29998779296875,298.29998779296875,301.75,293.8500061035156,294.79998779296875,12258794,ONGC,ONGC.NS
2026-05-21,295.8500061035156,295.8500061035156,299.6000061035156,294.1499938964844,296.6499938964844,14084672,ONGC,ONGC.NS
2026-05-22,290.0,290.0,296.79998779296875,289.3999938964844,295.79998779296875,11563330,ONGC,ONGC.NS
2026-05-25,284.95001220703125,284.95001220703125,289.95001220703125,284.29998779296875,289.95001220703125,12837047,ONGC,ONGC.NS
2026-05-26,287.5,287.5,289.6499938964844,284.0,285.1000061035156,10629491,ONGC,ONGC.NS
2026-05-27,274.04998779296875,274.04998779296875,284.20001220703125,272.45001220703125,284.20001220703125,29178516,ONGC,ONGC.NS
2026-05-28,274.04998779296875,274.04998779296875,274.04998779296875,274.04998779296875,274.04998779296875,0,ONGC,ONGC.NS
2026-05-29,265.3999938964844,265.3999938964844,276.04998779296875,261.54998779296875,275.95001220703125,74403401,ONGC,ONGC.NS
2026-06-01,264.29998779296875,264.29998779296875,268.29998779296875,263.25,266.54998779296875,9095622,ONGC,ONGC.NS
2026-06-02,265.04998779296875,265.04998779296875,266.20001220703125,261.04998779296875,263.1499938964844,16831714,ONGC,ONGC.NS
2026-06-03,267.75,267.75,268.70001220703125,264.29998779296875,265.1499938964844,14618721,ONGC,ONGC.NS
2026-06-04,267.54998779296875,267.54998779296875,271.1499938964844,265.8999938964844,266.70001220703125,15217360,ONGC,ONGC.NS
2026-06-05,264.75,264.75,268.45001220703125,263.70001220703125,267.79998779296875,7493239,ONGC,ONGC.NS
2026-06-08,264.6499938964844,264.6499938964844,266.25,262.70001220703125,264.1499938964844,6974540,ONGC,ONGC.NS
2026-06-09,259.0,259.0,265.5,258.29998779296875,264.1499938964844,10796349,ONGC,ONGC.NS
2026-06-10,251.89999389648438,251.89999389648438,261.8500061035156,251.35000610351562,259.0,10176332,ONGC,ONGC.NS
2026-06-11,252.60000610351562,252.60000610351562,256.5,250.0500030517578,252.9499969482422,13516341,ONGC,ONGC.NS
2026-06-12,246.1999969482422,246.1999969482422,250.85000610351562,243.35000610351562,250.3000030517578,31112657,ONGC,ONGC.NS
2026-06-15,243.64999389648438,243.64999389648438,248.3000030517578,242.8000030517578,248.0500030517578,25211118,ONGC,ONGC.NS
2026-06-16,248.1999969482422,248.1999969482422,248.8000030517578,243.5,244.14999389648438,17468010,ONGC,ONGC.NS
2026-06-17,245.0,245.0,247.75,244.0,246.0,12816262,ONGC,ONGC.NS
2026-06-18,245.3000030517578,245.3000030517578,246.85000610351562,243.0,245.9499969482422,13816485,ONGC,ONGC.NS
2026-06-19,246.25,246.25,246.6999969482422,243.3000030517578,245.3000030517578,7609532,ONGC,ONGC.NS
2026-06-22,245.4499969482422,245.4499969482422,247.75,243.8000030517578,244.9499969482422,7334095,ONGC,ONGC.NS
2026-06-23,244.35000610351562,244.35000610351562,246.1999969482422,243.5500030517578,245.39999389648438,7400255,ONGC,ONGC.NS
2026-06-24,240.0,240.0,245.8000030517578,239.5,244.35000610351562,10278033,ONGC,ONGC.NS
2026-06-25,233.10000610351562,233.10000610351562,240.8000030517578,232.10000610351562,240.8000030517578,36085563,ONGC,ONGC.NS
2026-06-26,233.10000610351562,233.10000610351562,233.10000610351562,233.10000610351562,233.10000610351562,0,ONGC,ONGC.NS
2026-06-29,234.0500030517578,234.0500030517578,237.14999389648438,229.6999969482422,234.0,38227413,ONGC,ONGC.NS
2026-06-30,234.89999389648438,234.89999389648438,236.0,227.64999389648438,233.9499969482422,24134402,ONGC,ONGC.NS
2026-07-01,234.99000549316406,234.99000549316406,236.10000610351562,233.52000427246094,235.6999969482422,11835312,ONGC,ONGC.NS
2026-07-02,235.9600067138672,235.9600067138672,236.3300018310547,230.8000030517578,234.0,14033169,ONGC,ONGC.NS
2026-07-03,237.83999633789062,237.83999633789062,239.6999969482422,236.3300018310547,237.1999969482422,11086950,ONGC,ONGC.NS
2026-07-06,243.89999389648438,243.89999389648438,244.38999938964844,236.83999633789062,239.60000610351562,22386040,ONGC,ONGC.NS
2026-07-07,244.17999267578125,244.17999267578125,245.27000427246094,242.67999267578125,244.0500030517578,15287101,ONGC,ONGC.NS
2026-07-08,247.0,247.0,248.35000610351562,241.47999572753906,246.82000732421875,24753835,ONGC,ONGC.NS
2026-07-09,243.64999389648438,243.64999389648438,249.58999633789062,242.91000366210938,249.58999633789062,14066120,ONGC,ONGC.NS
2026-07-10,244.9600067138672,244.9600067138672,245.38999938964844,243.41000366210938,243.64999389648438,8237303,ONGC,ONGC.NS
2026-07-13,248.4499969482422,248.4499969482422,249.25,245.5500030517578,246.3000030517578,12453319,ONGC,ONGC.NS
2026-07-14,248.89999389648438,248.89999389648438,252.0,247.3000030517578,252.0,16299949,ONGC,ONGC.NS
2026-07-15,247.17999267578125,247.17999267578125,249.4499969482422,246.3000030517578,249.4199981689453,13302251,ONGC,ONGC.NS
2026-07-16,246.75,246.75,247.9600067138672,245.61000061035156,247.9199981689453,6243845,ONGC,ONGC.NS
2026-07-17,247.2899932861328,247.2899932861328,247.7899932861328,245.60000610351562,246.1999969482422,6214332,ONGC,ONGC.NS
2026-07-20,249.5800018310547,249.5800018310547,252.39999389648438,248.10000610351562,248.42999267578125,10627783,ONGC,ONGC.NS
2026-07-21,249.88999938964844,249.88999938964844,251.69000244140625,248.4600067138672,250.00999450683594,12240171,ONGC,ONGC.NS
2026-07-22,251.89999389648438,251.89999389648438,252.77999877929688,250.1300048828125,251.0,10909821,ONGC,ONGC.NS
2026-07-23,252.3699951171875,252.3699951171875,254.1999969482422,252.00999450683594,253.94000244140625,9104521,ONGC,ONGC.NS
2026-07-24,248.75999450683594,248.75999450683594,253.55999755859375,248.27000427246094,252.5,7645869,ONGC,ONGC.NS
2026-07-27,238.55999755859375,238.55999755859375,248.1699981689453,238.13999938964844,248.0,19910285,ONGC,ONGC.NS
2026-07-28,238.91000366210938,238.91000366210938,239.97999572753906,236.08999633789062,238.0,13362577,ONGC,ONGC.NS
2026-07-29,238.30999755859375,238.30999755859375,240.02000427246094,237.92999267578125,240.0,9139712,ONGC,ONGC.NS
2026-07-30,241.58999633789062,241.58999633789062,244.38999938964844,239.05999755859375,239.5,11419363,ONGC,ONGC.NS
2026-07-31,242.52999877929688,242.52999877929688,242.9600067138672,238.1699981689453,241.5800018310547,10070729,ONGC,ONGC.NS
2026-08-03,242.0,242.0,242.6199951171875,240.05999755859375,241.4499969482422,8277525,ONGC,ONGC.NS
2026-08-04,242.0,242.0,243.1999969482422,240.60000610351562,242.0,10470809,ONGC,ONGC.NS
2026-08-05,240.1999969482422,240.1999969482422,245.0,239.11000061035156,245.0,19409088,ONGC,ONGC.NS
2026-08-06,237.8000030517578,237.8000030517578,241.39999389648438,236.5,241.39999389648438,13959109,ONGC,ONGC.NS
2026-08-07,238.85000610351562,238.85000610351562,241.69000244140625,237.0500030517578,238.5,10078070,ONGC,ONGC.NS
2026-08-10,239.83999633789062,239.83999633789062,241.3000030517578,238.19000244140625,240.0,10611162,ONGC,ONGC.NS
2026-08-11,239.4499969482422,239.4499969482422,243.64999389648438,239.4499969482422,241.0,16004168,ONGC,ONGC.NS
2026-08-12,239.0500030517578,239.0500030517578,241.3300018310547,238.64999389648438,240.0,10695237,ONGC,ONGC.NS
2026-08-13,239.89999389648438,239.89999389648438,240.5500030517578,238.11000061035156,239.0,7266320,ONGC,ONGC.NS
2026-08-14,236.39999389648438,236.39999389648438,239.60000610351562,235.25,239.49000549316406,12128656,ONGC,ONGC.NS
2026-08-17,238.49000549316406,238.49000549316406,239.5,236.14999389648438,237.99000549316406,25342938,ONGC,ONGC.NS
2026-08-18,239.5,239.5,241.3000030517578,238.02000427246094,239.5,14903605,ONGC,ONGC.NS
2026-08-19,238.0,238.0,242.19000244140625,237.52000427246094,241.10000610351562,17345994,ONGC,ONGC.NS
2026-08-20,238.5,238.5,239.24000549316406,233.63999938964844,239.24000549316406,11886277,ONGC,ONGC.NS
2026-08-21,236.39999389648438,236.39999389648438,239.22000122070312,236.39999389648438,238.6999969482422,13313403,ONGC,ONGC.NS
2026-08-24,236.5500030517578,236.5500030517578,237.94000244140625,235.6300048828125,237.0,7122883,ONGC,ONGC.NS
2026-08-25,234.0,234.0,236.5500030517578,233.35000610351562,236.0,12124076,ONGC,ONGC.NS
2026-08-26,232.2100067138672,232.2100067138672,234.2100067138672,230.7899932861328,233.50999450683594,6500323,ONGC,ONGC.NS
2026-08-27,232.0,232.0,234.44000244140625,231.10000610351562,232.2100067138672,11219541,ONGC,ONGC.NS
2026-08-28,232.25,232.25,233.38999938964844,231.25,233.35000610351562,7638954,ONGC,ONGC.NS
2026-08-31,231.8000030517578,231.8000030517578,234.9499969482422,231.6999969482422,233.8000030517578,11732655,ONGC,ONGC.NS
2026-09-01,236.4499969482422,236.4499969482422,236.60000610351562,232.5,233.8000030517578,11985775,ONGC,ONGC.NS
2026-09-02,237.5,237.5,239.2100067138672,235.63999938964844,237.60000610351562,13073915,ONGC,ONGC.NS
2026-09-03,236.0,236.0,237.8000030517578,235.0,237.5,5171434,ONGC,ONGC.NS
