Date,Adj Close,Close,High,Low,Open,Volume,Company,Ticker
2021-09-03,751.3616943359375,789.4000244140625,797.2000122070312,784.0,793.0,2860730,Sun Pharma,SUNPHARMA.NS
2021-09-06,746.459716796875,784.25,793.0999755859375,779.75,789.4000244140625,4613445,Sun Pharma,SUNPHARMA.NS
2021-09-07,732.8013305664062,769.9000244140625,783.0,766.5999755859375,782.0,3851664,Sun Pharma,SUNPHARMA.NS
2021-09-08,739.9874877929688,777.4500122070312,778.9500122070312,763.5499877929688,767.2999877929688,2548562,Sun Pharma,SUNPHARMA.NS
2021-09-09,738.892822265625,776.2999877929688,782.25,771.4500122070312,772.2000122070312,2008287,Sun Pharma,SUNPHARMA.NS
2021-09-13,742.7001953125,780.2999877929688,783.0,771.6500244140625,776.2999877929688,1935832,Sun Pharma,SUNPHARMA.NS
2021-09-14,743.7470703125,781.4000244140625,788.0,777.2999877929688,784.7000122070312,1996844,Sun Pharma,SUNPHARMA.NS
2021-09-15,743.0333251953125,780.6500244140625,785.75,778.7999877929688,784.7000122070312,1393824,Sun Pharma,SUNPHARMA.NS
2021-09-16,743.4140014648438,781.0499877929688,784.5499877929688,778.2999877929688,780.0,1353677,Sun Pharma,SUNPHARMA.NS
2021-09-17,732.8013305664062,769.9000244140625,787.9000244140625,766.6500244140625,785.0,4052622,Sun Pharma,SUNPHARMA.NS
2021-09-20,720.0469970703125,756.5,774.75,751.5999755859375,766.7000122070312,2206369,Sun Pharma,SUNPHARMA.NS
2021-09-21,727.6614990234375,764.5,766.3499755859375,751.0499877929688,756.5,2123997,Sun Pharma,SUNPHARMA.NS
2021-09-22,732.9915771484375,770.0999755859375,774.0,764.5,765.0,1817865,Sun Pharma,SUNPHARMA.NS
2021-09-23,732.753662109375,769.8499755859375,777.2000122070312,766.0999755859375,771.0999755859375,2109768,Sun Pharma,SUNPHARMA.NS
2021-09-24,733.3247680664062,770.4500122070312,776.6500244140625,762.0,769.0,1777859,Sun Pharma,SUNPHARMA.NS
2021-09-27,726.2813110351562,763.0499877929688,774.5,760.0999755859375,771.4500122070312,2862731,Sun Pharma,SUNPHARMA.NS
2021-09-28,737.7506713867188,775.0999755859375,791.0,754.9500122070312,766.7000122070312,4938824,Sun Pharma,SUNPHARMA.NS
2021-09-29,772.2064208984375,811.2999877929688,819.75,771.3499755859375,784.0,18565413,Sun Pharma,SUNPHARMA.NS
2021-09-30,778.8213500976562,818.25,832.9500122070312,806.5999755859375,814.7999877929688,10478553,Sun Pharma,SUNPHARMA.NS
2021-10-01,786.76904296875,826.5999755859375,830.7000122070312,805.2999877929688,812.0,5730355,Sun Pharma,SUNPHARMA.NS
2021-10-04,791.9088134765625,832.0,838.9000244140625,826.4500122070312,830.0,4007435,Sun Pharma,SUNPHARMA.NS
2021-10-05,780.9630737304688,820.5,834.4000244140625,814.9500122070312,828.0,2987134,Sun Pharma,SUNPHARMA.NS
2021-10-06,762.0218505859375,800.5999755859375,824.0,797.2999877929688,820.4500122070312,2910453,Sun Pharma,SUNPHARMA.NS
2021-10-07,783.58056640625,823.25,826.3499755859375,804.0999755859375,808.0499877929688,4089061,Sun Pharma,SUNPHARMA.NS
2021-10-08,781.8196411132812,821.4000244140625,833.7999877929688,818.5999755859375,825.0999755859375,2753935,Sun Pharma,SUNPHARMA.NS
2021-10-11,792.432373046875,832.5499877929688,836.2000122070312,817.7999877929688,826.0,2988841,Sun Pharma,SUNPHARMA.NS
2021-10-12,789.7196655273438,829.7000122070312,842.75,823.7000122070312,833.5,2407031,Sun Pharma,SUNPHARMA.NS
2021-10-13,801.950439453125,842.5499877929688,846.7999877929688,827.25,827.9500122070312,4113083,Sun Pharma,SUNPHARMA.NS
2021-10-14,800.7606811523438,841.2999877929688,850.0,838.25,843.9000244140625,2300231,Sun Pharma,SUNPHARMA.NS
2021-10-18,795.62109375,835.9000244140625,851.0,832.1500244140625,850.0,2632795,Sun Pharma,SUNPHARMA.NS
2021-10-19,787.4829711914062,827.3499755859375,842.2000122070312,825.6500244140625,837.0,2029762,Sun Pharma,SUNPHARMA.NS
2021-10-20,775.6329345703125,814.9000244140625,834.7999877929688,807.5,825.0499877929688,2089252,Sun Pharma,SUNPHARMA.NS
2021-10-21,778.9642944335938,818.4000244140625,829.0,810.0499877929688,823.0499877929688,3155655,Sun Pharma,SUNPHARMA.NS
2021-10-22,773.3961181640625,812.5499877929688,826.8499755859375,800.1500244140625,825.0999755859375,1709523,Sun Pharma,SUNPHARMA.NS
2021-10-25,774.0147705078125,813.2000122070312,821.25,795.5499877929688,810.0,2129988,Sun Pharma,SUNPHARMA.NS
2021-10-26,774.3003540039062,813.5,823.9000244140625,806.2999877929688,817.0,1628608,Sun Pharma,SUNPHARMA.NS
2021-10-27,785.34130859375,825.0999755859375,838.4500122070312,815.7999877929688,815.7999877929688,3569869,Sun Pharma,SUNPHARMA.NS
2021-10-28,768.6846313476562,807.5999755859375,829.1500244140625,803.0499877929688,823.9500122070312,1647229,Sun Pharma,SUNPHARMA.NS
2021-10-29,756.6918334960938,795.0,816.5499877929688,779.3499755859375,800.0,4321416,Sun Pharma,SUNPHARMA.NS
2021-11-01,772.6822509765625,811.7999877929688,813.8499755859375,787.0,798.9500122070312,1935341,Sun Pharma,SUNPHARMA.NS
2021-11-02,776.1087036132812,815.4000244140625,836.0,782.75,814.6500244140625,17608860,Sun Pharma,SUNPHARMA.NS
2021-11-03,749.9815063476562,787.9500122070312,822.0,781.3499755859375,820.0,9452138,Sun Pharma,SUNPHARMA.NS
2021-11-04,757.1201171875,795.4500122070312,797.0,788.5,797.0,485870,Sun Pharma,SUNPHARMA.NS
2021-11-08,761.4508666992188,800.0,803.0,783.0,798.0,4280584,Sun Pharma,SUNPHARMA.NS
2021-11-09,762.7357788085938,801.3499755859375,812.0,797.0,800.0,3232291,Sun Pharma,SUNPHARMA.NS
2021-11-10,772.0159301757812,811.0999755859375,815.0,797.0,799.75,2900645,Sun Pharma,SUNPHARMA.NS
2021-11-11,756.5489501953125,794.8499755859375,810.4500122070312,792.0999755859375,808.9500122070312,2107377,Sun Pharma,SUNPHARMA.NS
2021-11-12,767.6375732421875,806.5,808.5499877929688,796.0999755859375,803.9500122070312,2076523,Sun Pharma,SUNPHARMA.NS
2021-11-15,771.6353149414062,810.7000122070312,819.6500244140625,806.6500244140625,808.2999877929688,2109222,Sun Pharma,SUNPHARMA.NS
2021-11-16,759.9755859375,798.4500122070312,817.4500122070312,795.6500244140625,812.2999877929688,1512946,Sun Pharma,SUNPHARMA.NS
2021-11-17,753.2177124023438,791.3499755859375,805.0,787.4000244140625,800.0,1662900,Sun Pharma,SUNPHARMA.NS
2021-11-18,752.5513916015625,790.6500244140625,794.3499755859375,780.0999755859375,790.0,3177648,Sun Pharma,SUNPHARMA.NS
2021-11-22,733.6102905273438,770.75,794.0,765.0499877929688,791.8499755859375,2894426,Sun Pharma,SUNPHARMA.NS
2021-11-23,747.364013671875,785.2000122070312,791.75,761.5499877929688,770.0,2739763,Sun Pharma,SUNPHARMA.NS
2021-11-24,741.415283203125,778.9500122070312,796.9500122070312,775.5499877929688,783.5,2404041,Sun Pharma,SUNPHARMA.NS
2021-11-25,745.1748046875,782.9000244140625,787.25,774.3499755859375,775.5999755859375,1861259,Sun Pharma,SUNPHARMA.NS
2021-11-26,730.32666015625,767.2999877929688,798.9000244140625,762.0,775.0,5432649,Sun Pharma,SUNPHARMA.NS
2021-11-29,714.8595581054688,751.0499877929688,775.0,749.0499877929688,773.0,4664270,Sun Pharma,SUNPHARMA.NS
2021-11-30,717.28662109375,753.5999755859375,761.6500244140625,746.0499877929688,751.0,5505266,Sun Pharma,SUNPHARMA.NS
2021-12-01,709.4342651367188,745.3499755859375,763.25,740.3499755859375,756.75,3687799,Sun Pharma,SUNPHARMA.NS
2021-12-02,729.3271484375,766.25,770.75,746.0999755859375,753.0,4896650,Sun Pharma,SUNPHARMA.NS
2021-12-03,715.5733642578125,751.7999877929688,771.9000244140625,748.9000244140625,771.9000244140625,3135454,Sun Pharma,SUNPHARMA.NS
2021-12-06,701.6293334960938,737.1500244140625,752.5499877929688,733.7000122070312,751.2000122070312,2577704,Sun Pharma,SUNPHARMA.NS
2021-12-07,707.8638305664062,743.7000122070312,751.0,735.0,741.0999755859375,2583462,Sun Pharma,SUNPHARMA.NS
2021-12-08,721.04638671875,757.5499877929688,763.5,747.3499755859375,750.2000122070312,2530785,Sun Pharma,SUNPHARMA.NS
2021-12-09,723.1403198242188,759.75,766.7999877929688,756.1500244140625,758.2000122070312,2604449,Sun Pharma,SUNPHARMA.NS
2021-12-10,724.6631469726562,761.3499755859375,775.0,754.2000122070312,754.2000122070312,2950388,Sun Pharma,SUNPHARMA.NS
2021-12-13,725.85302734375,762.5999755859375,773.3499755859375,759.0,763.8499755859375,2491218,Sun Pharma,SUNPHARMA.NS
2021-12-14,719.61865234375,756.0499877929688,768.75,753.5999755859375,757.25,3224172,Sun Pharma,SUNPHARMA.NS
2021-12-15,737.7506713867188,775.0999755859375,778.8499755859375,745.2999877929688,752.5,6231786,Sun Pharma,SUNPHARMA.NS
2021-12-16,727.6139526367188,764.4500122070312,786.5,760.0,786.5,6186549,Sun Pharma,SUNPHARMA.NS
2021-12-17,731.8970947265625,768.9500122070312,772.3499755859375,753.5,762.0,7171030,Sun Pharma,SUNPHARMA.NS
2021-12-20,727.137939453125,763.9500122070312,774.7000122070312,753.0499877929688,768.0,7474026,Sun Pharma,SUNPHARMA.NS
2021-12-21,741.0343627929688,778.5499877929688,783.9500122070312,764.0499877929688,764.0499877929688,5599344,Sun Pharma,SUNPHARMA.NS
2021-12-22,759.0712890625,797.5,801.0,777.5,785.0,5871235,Sun Pharma,SUNPHARMA.NS
2021-12-23,754.2646484375,792.4500122070312,803.9500122070312,790.0,801.8499755859375,4277384,Sun Pharma,SUNPHARMA.NS
2021-12-24,747.5545654296875,785.4000244140625,794.7999877929688,777.5999755859375,793.4000244140625,3076272,Sun Pharma,SUNPHARMA.NS
2021-12-27,755.8350830078125,794.0999755859375,796.5999755859375,781.1500244140625,784.0,3598487,Sun Pharma,SUNPHARMA.NS
2021-12-28,775.8233032226562,815.0999755859375,819.9000244140625,794.2000122070312,796.0,5477769,Sun Pharma,SUNPHARMA.NS
2021-12-29,798.3812255859375,838.7999877929688,843.6500244140625,816.5,822.5,8748856,Sun Pharma,SUNPHARMA.NS
2021-12-30,794.2409057617188,834.4500122070312,841.9500122070312,827.3499755859375,836.6500244140625,5179861,Sun Pharma,SUNPHARMA.NS
2021-12-31,804.9486694335938,845.7000122070312,850.9500122070312,834.0,834.4500122070312,3346523,Sun Pharma,SUNPHARMA.NS
2022-01-03,808.0421142578125,848.9500122070312,860.0499877929688,840.9000244140625,845.0,3726756,Sun Pharma,SUNPHARMA.NS
2022-01-04,797.334228515625,837.7000122070312,854.0,832.4000244140625,852.5,3027262,Sun Pharma,SUNPHARMA.NS
2022-01-05,794.859619140625,835.0999755859375,844.5499877929688,830.6500244140625,840.0,2436343,Sun Pharma,SUNPHARMA.NS
2022-01-06,789.62451171875,829.5999755859375,844.9000244140625,822.0,837.7999877929688,2423850,Sun Pharma,SUNPHARMA.NS
2022-01-07,789.0059814453125,828.9500122070312,836.0,825.2000122070312,829.5999755859375,1475374,Sun Pharma,SUNPHARMA.NS
2022-01-10,786.8643188476562,826.7000122070312,835.0,817.5499877929688,832.0999755859375,4837873,Sun Pharma,SUNPHARMA.NS
2022-01-11,792.2896118164062,832.4000244140625,841.5,828.2999877929688,830.9000244140625,4950526,Sun Pharma,SUNPHARMA.NS
2022-01-12,795.9065551757812,836.2000122070312,845.0,827.5,845.0,3953446,Sun Pharma,SUNPHARMA.NS
2022-01-13,823.7946166992188,865.5,871.0,834.25,836.2000122070312,7395140,Sun Pharma,SUNPHARMA.NS
2022-01-14,818.32177734375,859.75,868.9000244140625,856.7999877929688,865.5,2351963,Sun Pharma,SUNPHARMA.NS
2022-01-17,812.0873413085938,853.2000122070312,863.4000244140625,850.5,859.75,1750754,Sun Pharma,SUNPHARMA.NS
2022-01-18,805.900634765625,846.7000122070312,867.2000122070312,845.0,855.0,3354708,Sun Pharma,SUNPHARMA.NS
2022-01-19,798.095703125,838.5,848.0,834.0,848.0,1677779,Sun Pharma,SUNPHARMA.NS
2022-01-20,780.4871826171875,820.0,842.75,815.6500244140625,839.2999877929688,2886894,Sun Pharma,SUNPHARMA.NS
2022-01-21,769.7792358398438,808.75,819.7000122070312,801.0999755859375,816.5,3218477,Sun Pharma,SUNPHARMA.NS
2022-01-24,762.2599487304688,800.8499755859375,825.0,791.5999755859375,804.0,5300160,Sun Pharma,SUNPHARMA.NS
2022-01-25,769.113037109375,808.0499877929688,811.7000122070312,784.7999877929688,791.0,3779497,Sun Pharma,SUNPHARMA.NS
2022-01-27,772.9677124023438,812.0999755859375,817.4000244140625,791.2999877929688,802.0,3593525,Sun Pharma,SUNPHARMA.NS
2022-01-28,787.4829711914062,827.3499755859375,842.9000244140625,812.0999755859375,816.0,5073701,Sun Pharma,SUNPHARMA.NS
2022-01-31,794.2885131835938,834.5,849.75,820.0499877929688,830.0999755859375,8041517,Sun Pharma,SUNPHARMA.NS
2022-02-01,848.7796630859375,891.75,895.0,839.8499755859375,847.4000244140625,12337459,Sun Pharma,SUNPHARMA.NS
2022-02-02,847.7327880859375,890.6500244140625,898.4500122070312,882.0,890.0,4404741,Sun Pharma,SUNPHARMA.NS
2022-02-03,840.9749145507812,883.5499877929688,891.2000122070312,880.4500122070312,889.3499755859375,2292825,Sun Pharma,SUNPHARMA.NS
2022-02-04,850.8738403320312,893.9500122070312,902.8499755859375,881.3499755859375,882.9000244140625,4222492,Sun Pharma,SUNPHARMA.NS
2022-02-07,844.30615234375,887.0499877929688,901.4500122070312,879.7000122070312,901.4500122070312,3494623,Sun Pharma,SUNPHARMA.NS
2022-02-08,851.0164794921875,894.0999755859375,895.9500122070312,882.0,886.0,4766558,Sun Pharma,SUNPHARMA.NS
2022-02-09,850.3930053710938,886.4500122070312,894.5499877929688,885.3499755859375,893.9000244140625,2874380,Sun Pharma,SUNPHARMA.NS
2022-02-10,857.9237060546875,894.2999877929688,896.25,880.0,891.4000244140625,3159839,Sun Pharma,SUNPHARMA.NS
2022-02-11,844.3013305664062,880.0999755859375,895.7999877929688,874.6500244140625,894.5999755859375,2682532,Sun Pharma,SUNPHARMA.NS
2022-02-14,829.6715087890625,864.8499755859375,886.6500244140625,862.2000122070312,870.0,5163415,Sun Pharma,SUNPHARMA.NS
2022-02-15,841.135498046875,876.7999877929688,880.0,859.0499877929688,862.5,3219287,Sun Pharma,SUNPHARMA.NS
2022-02-16,833.5088500976562,868.8499755859375,881.1500244140625,867.0999755859375,876.0,2136415,Sun Pharma,SUNPHARMA.NS
2022-02-17,827.4651489257812,862.5499877929688,872.3499755859375,861.2999877929688,872.3499755859375,2275289,Sun Pharma,SUNPHARMA.NS
2022-02-18,827.8009033203125,862.9000244140625,867.9000244140625,856.4000244140625,862.5499877929688,1797851,Sun Pharma,SUNPHARMA.NS
2022-02-21,809.5257568359375,843.8499755859375,864.0,839.5,855.5,2305713,Sun Pharma,SUNPHARMA.NS
2022-02-22,811.3965454101562,845.7999877929688,849.0,824.5999755859375,836.0,3171552,Sun Pharma,SUNPHARMA.NS
2022-02-23,806.0722045898438,840.25,853.0,838.0499877929688,849.8499755859375,1979574,Sun Pharma,SUNPHARMA.NS
2022-02-24,784.9671020507812,818.25,836.9500122070312,815.0,830.5999755859375,3679222,Sun Pharma,SUNPHARMA.NS
2022-02-25,797.72607421875,831.5499877929688,835.0,817.0499877929688,820.5,2098988,Sun Pharma,SUNPHARMA.NS
2022-02-28,809.57373046875,843.9000244140625,847.0,821.0,821.0,4123139,Sun Pharma,SUNPHARMA.NS
2022-03-02,787.5093383789062,820.9000244140625,844.9500122070312,815.7000122070312,844.3499755859375,3807036,Sun Pharma,SUNPHARMA.NS
2022-03-03,787.5093383789062,820.9000244140625,832.7999877929688,817.0,832.7999877929688,2657776,Sun Pharma,SUNPHARMA.NS
2022-03-04,795.9033813476562,829.6500244140625,839.5999755859375,809.3499755859375,816.2999877929688,4082674,Sun Pharma,SUNPHARMA.NS
2022-03-07,789.1881713867188,822.6500244140625,829.0,809.0999755859375,818.0,3065234,Sun Pharma,SUNPHARMA.NS
2022-03-08,820.2222900390625,855.0,861.7000122070312,826.2000122070312,826.2000122070312,4864275,Sun Pharma,SUNPHARMA.NS
2022-03-09,832.933349609375,868.25,885.7999877929688,860.0,863.4000244140625,7276355,Sun Pharma,SUNPHARMA.NS
2022-03-10,834.180419921875,869.5499877929688,881.9000244140625,866.5999755859375,869.9000244140625,2899758,Sun Pharma,SUNPHARMA.NS
2022-03-11,865.3104858398438,902.0,907.0,869.0499877929688,872.0,7194497,Sun Pharma,SUNPHARMA.NS
2022-03-14,855.9570922851562,892.25,911.7999877929688,889.9500122070312,901.9500122070312,3861194,Sun Pharma,SUNPHARMA.NS
2022-03-15,855.3814697265625,891.6500244140625,908.0,881.3499755859375,893.7000122070312,4039746,Sun Pharma,SUNPHARMA.NS
2022-03-16,853.0311279296875,889.2000122070312,900.0,880.4500122070312,900.0,3134307,Sun Pharma,SUNPHARMA.NS
2022-03-17,874.5198974609375,911.5999755859375,915.0,892.2000122070312,892.2000122070312,5484100,Sun Pharma,SUNPHARMA.NS
2022-03-21,876.6304321289062,913.7999877929688,931.0,911.2999877929688,912.5,3878744,Sun Pharma,SUNPHARMA.NS
2022-03-22,876.9182739257812,914.0999755859375,922.0,902.5,913.7999877929688,2174495,Sun Pharma,SUNPHARMA.NS
2022-03-23,864.1592407226562,900.7999877929688,926.0,895.7999877929688,918.0,2578669,Sun Pharma,SUNPHARMA.NS
2022-03-24,871.8817749023438,908.8499755859375,914.7000122070312,885.5,886.0,3141478,Sun Pharma,SUNPHARMA.NS
2022-03-25,865.6461181640625,902.3499755859375,914.9500122070312,896.2999877929688,911.8499755859375,1571676,Sun Pharma,SUNPHARMA.NS
2022-03-28,869.0518798828125,905.9000244140625,910.9000244140625,899.2999877929688,908.9000244140625,1545077,Sun Pharma,SUNPHARMA.NS
2022-03-29,881.9547729492188,919.3499755859375,922.0,901.0999755859375,908.0499877929688,3177777,Sun Pharma,SUNPHARMA.NS
2022-03-30,883.1539306640625,920.5999755859375,922.0,908.4000244140625,922.0,2084073,Sun Pharma,SUNPHARMA.NS
2022-03-31,877.5418701171875,914.75,927.0,910.7999877929688,920.5999755859375,1901705,Sun Pharma,SUNPHARMA.NS
2022-04-01,871.7379760742188,908.7000122070312,919.0,904.0999755859375,914.0,1184766,Sun Pharma,SUNPHARMA.NS
2022-04-04,888.3821411132812,926.0499877929688,928.7999877929688,902.5999755859375,908.0,1876408,Sun Pharma,SUNPHARMA.NS
2022-04-05,891.30810546875,929.0999755859375,940.7000122070312,924.1500244140625,928.0,2911697,Sun Pharma,SUNPHARMA.NS
2022-04-06,890.3487548828125,928.0999755859375,938.7999877929688,925.0,927.7999877929688,1881754,Sun Pharma,SUNPHARMA.NS
2022-04-07,893.0829467773438,930.9500122070312,948.0,926.8499755859375,928.0999755859375,2728625,Sun Pharma,SUNPHARMA.NS
2022-04-08,886.9911499023438,924.5999755859375,937.2999877929688,919.2999877929688,937.0,1453271,Sun Pharma,SUNPHARMA.NS
2022-04-11,887.7587280273438,925.4000244140625,933.5499877929688,918.5999755859375,920.0,1102625,Sun Pharma,SUNPHARMA.NS
2022-04-12,883.825439453125,921.2999877929688,928.1500244140625,911.4000244140625,920.0,1420380,Sun Pharma,SUNPHARMA.NS
2022-04-13,898.6470336914062,936.75,943.0,921.2999877929688,921.2999877929688,1825531,Sun Pharma,SUNPHARMA.NS
2022-04-18,889.7732543945312,927.5,941.0499877929688,919.25,927.5999755859375,1287320,Sun Pharma,SUNPHARMA.NS
2022-04-19,884.4969482421875,922.0,937.75,915.0499877929688,930.9500122070312,2001066,Sun Pharma,SUNPHARMA.NS
2022-04-20,885.9359130859375,923.5,931.0,916.0499877929688,918.0,1455897,Sun Pharma,SUNPHARMA.NS
2022-04-21,905.6980590820312,944.0999755859375,946.0,920.5999755859375,931.0,2410164,Sun Pharma,SUNPHARMA.NS
2022-04-22,887.1829833984375,924.7999877929688,942.25,918.3499755859375,941.0,1745381,Sun Pharma,SUNPHARMA.NS
2022-04-25,863.3917846679688,900.0,922.3499755859375,896.5999755859375,915.5499877929688,1146270,Sun Pharma,SUNPHARMA.NS
2022-04-26,880.7076416015625,918.0499877929688,924.75,904.0499877929688,905.0,3142879,Sun Pharma,SUNPHARMA.NS
2022-04-27,869.24365234375,906.0999755859375,921.7000122070312,903.5999755859375,910.0499877929688,1586283,Sun Pharma,SUNPHARMA.NS
2022-04-28,883.5376586914062,921.0,927.3499755859375,909.2999877929688,920.0,3150038,Sun Pharma,SUNPHARMA.NS
2022-04-29,890.8764038085938,928.6500244140625,967.0499877929688,919.5499877929688,924.0,4290688,Sun Pharma,SUNPHARMA.NS
2022-05-02,885.8399658203125,923.4000244140625,925.0,902.5499877929688,922.4500122070312,2119174,Sun Pharma,SUNPHARMA.NS
2022-05-04,864.2551879882812,900.9000244140625,920.9000244140625,895.0,920.0999755859375,3925917,Sun Pharma,SUNPHARMA.NS
2022-05-05,842.4304809570312,878.1500244140625,919.2000122070312,872.5999755859375,905.0,4462293,Sun Pharma,SUNPHARMA.NS
2022-05-06,847.3711547851562,883.2999877929688,885.7000122070312,861.5,862.0,2350532,Sun Pharma,SUNPHARMA.NS
2022-05-09,849.3857421875,885.4000244140625,891.4000244140625,868.0499877929688,868.0499877929688,2522123,Sun Pharma,SUNPHARMA.NS
2022-05-10,826.7936401367188,861.8499755859375,890.8499755859375,846.5,885.0,6975331,Sun Pharma,SUNPHARMA.NS
2022-05-11,820.0303955078125,854.7999877929688,867.0,851.0,853.0,2768829,Sun Pharma,SUNPHARMA.NS
2022-05-12,815.425537109375,850.0,855.8499755859375,835.2000122070312,852.9000244140625,2700591,Sun Pharma,SUNPHARMA.NS
2022-05-13,846.6035766601562,882.5,889.0,860.1500244140625,862.9500122070312,4870689,Sun Pharma,SUNPHARMA.NS
2022-05-16,849.5775756835938,885.5999755859375,894.75,875.0499877929688,881.9500122070312,2739020,Sun Pharma,SUNPHARMA.NS
2022-05-17,855.4773559570312,891.75,895.5999755859375,878.7000122070312,880.1500244140625,2317400,Sun Pharma,SUNPHARMA.NS
2022-05-18,862.5764770507812,899.1500244140625,909.0,888.0,891.0,2878378,Sun Pharma,SUNPHARMA.NS
2022-05-19,848.6182250976562,884.5999755859375,900.0,878.3499755859375,885.0,2715634,Sun Pharma,SUNPHARMA.NS
2022-05-20,878.4051513671875,915.6500244140625,917.7000122070312,889.0499877929688,893.0,2877917,Sun Pharma,SUNPHARMA.NS
2022-05-23,884.5447998046875,922.0499877929688,931.2999877929688,916.5999755859375,920.0,2195036,Sun Pharma,SUNPHARMA.NS
2022-05-24,872.8890991210938,909.9000244140625,930.8499755859375,907.0,928.0,2911410,Sun Pharma,SUNPHARMA.NS
2022-05-25,874.1361694335938,911.2000122070312,922.6500244140625,907.25,915.0,2405811,Sun Pharma,SUNPHARMA.NS
2022-05-26,863.3439331054688,899.9500122070312,922.4500122070312,893.5,918.7999877929688,4113170,Sun Pharma,SUNPHARMA.NS
2022-05-27,867.1331787109375,903.9000244140625,912.7999877929688,896.0,901.9500122070312,2374509,Sun Pharma,SUNPHARMA.NS
2022-05-30,852.1677856445312,888.2999877929688,915.5,886.5,905.0,3541617,Sun Pharma,SUNPHARMA.NS
2022-05-31,825.5944213867188,860.5999755859375,882.7999877929688,851.2000122070312,867.25,24360628,Sun Pharma,SUNPHARMA.NS
2022-06-01,805.1129150390625,839.25,875.0,832.5999755859375,875.0,5999099,Sun Pharma,SUNPHARMA.NS
2022-06-02,824.587158203125,859.5499877929688,862.9000244140625,832.7999877929688,836.75,3553217,Sun Pharma,SUNPHARMA.NS
2022-06-03,829.911376953125,865.0999755859375,875.0,854.8499755859375,862.1500244140625,2618353,Sun Pharma,SUNPHARMA.NS
2022-06-06,824.8269653320312,859.7999877929688,873.9500122070312,858.0,865.0,2095566,Sun Pharma,SUNPHARMA.NS
2022-06-07,813.7467651367188,848.25,857.4000244140625,838.5999755859375,855.0,3031449,Sun Pharma,SUNPHARMA.NS
2022-06-08,812.7875366210938,847.25,854.0,837.5999755859375,845.0999755859375,3208941,Sun Pharma,SUNPHARMA.NS
2022-06-09,823.9155883789062,858.8499755859375,862.0999755859375,835.4500122070312,846.0,2297715,Sun Pharma,SUNPHARMA.NS
2022-06-10,811.300537109375,845.7000122070312,853.9500122070312,842.0,850.0,2124778,Sun Pharma,SUNPHARMA.NS
2022-06-13,795.7594604492188,829.5,851.0,819.75,840.0,2191412,Sun Pharma,SUNPHARMA.NS
2022-06-14,791.490478515625,825.0499877929688,835.6500244140625,821.8499755859375,826.0,2461692,Sun Pharma,SUNPHARMA.NS
2022-06-15,788.8523559570312,822.2999877929688,830.0499877929688,819.1500244140625,825.25,2008725,Sun Pharma,SUNPHARMA.NS
2022-06-16,781.4655151367188,814.5999755859375,826.0,806.5499877929688,822.5999755859375,2327414,Sun Pharma,SUNPHARMA.NS
2022-06-17,761.1278076171875,793.4000244140625,810.2999877929688,789.9000244140625,805.2000122070312,5719089,Sun Pharma,SUNPHARMA.NS
2022-06-20,772.5437622070312,805.2999877929688,813.5,794.5,801.0,2745302,Sun Pharma,SUNPHARMA.NS
2022-06-21,784.1997680664062,817.4500122070312,820.2999877929688,805.3499755859375,806.5999755859375,1342717,Sun Pharma,SUNPHARMA.NS
2022-06-22,776.3810424804688,809.2999877929688,821.0,803.25,814.0,2032073,Sun Pharma,SUNPHARMA.NS
2022-06-23,791.3465576171875,824.9000244140625,826.5,808.5,809.5,1778752,Sun Pharma,SUNPHARMA.NS
2022-06-24,791.0587768554688,824.5999755859375,833.7999877929688,821.5,827.9000244140625,1404748,Sun Pharma,SUNPHARMA.NS
2022-06-27,801.6593627929688,835.6500244140625,848.0,828.0,828.0,2980249,Sun Pharma,SUNPHARMA.NS
2022-06-28,794.8961181640625,828.5999755859375,837.5,825.0499877929688,837.0,2823691,Sun Pharma,SUNPHARMA.NS
2022-06-29,804.585205078125,838.7000122070312,843.7000122070312,823.8499755859375,824.0,2975927,Sun Pharma,SUNPHARMA.NS
2022-06-30,796.8145751953125,830.5999755859375,848.1500244140625,823.6500244140625,836.0,3809670,Sun Pharma,SUNPHARMA.NS
2022-07-01,795.5196533203125,829.25,836.9500122070312,825.0,829.9000244140625,2316527,Sun Pharma,SUNPHARMA.NS
2022-07-04,795.6634521484375,829.4000244140625,839.6500244140625,821.9000244140625,825.2999877929688,2097164,Sun Pharma,SUNPHARMA.NS
2022-07-05,801.8031616210938,835.7999877929688,846.7999877929688,826.6500244140625,829.4000244140625,2682730,Sun Pharma,SUNPHARMA.NS
2022-07-06,803.6259155273438,837.7000122070312,842.6500244140625,831.25,840.0,2364840,Sun Pharma,SUNPHARMA.NS
2022-07-07,814.8980102539062,849.4500122070312,852.9000244140625,842.1500244140625,843.0499877929688,2327906,Sun Pharma,SUNPHARMA.NS
2022-07-08,822.8125610351562,857.7000122070312,859.5,849.75,853.5,2927832,Sun Pharma,SUNPHARMA.NS
2022-07-11,822.3806762695312,857.25,863.0,851.0999755859375,856.7999877929688,1768048,Sun Pharma,SUNPHARMA.NS
2022-07-12,816.9605712890625,851.5999755859375,860.0,849.0,853.0,1695338,Sun Pharma,SUNPHARMA.NS
2022-07-13,825.1627197265625,860.1500244140625,863.25,849.3499755859375,854.5999755859375,2663538,Sun Pharma,SUNPHARMA.NS
2022-07-14,844.1094360351562,879.9000244140625,882.9500122070312,864.2000122070312,867.4000244140625,4934156,Sun Pharma,SUNPHARMA.NS
2022-07-15,842.6705322265625,878.4000244140625,884.9500122070312,872.8499755859375,884.9000244140625,1413559,Sun Pharma,SUNPHARMA.NS
2022-07-18,846.8914794921875,882.7999877929688,895.5999755859375,878.5499877929688,888.5999755859375,2866600,Sun Pharma,SUNPHARMA.NS
2022-07-19,839.6964721679688,875.2999877929688,891.2999877929688,873.5,880.0,1604458,Sun Pharma,SUNPHARMA.NS
2022-07-20,832.2137451171875,867.5,884.7000122070312,862.0499877929688,884.7000122070312,2885666,Sun Pharma,SUNPHARMA.NS
2022-07-21,834.2763671875,869.6500244140625,877.9000244140625,863.7000122070312,872.0,2321107,Sun Pharma,SUNPHARMA.NS
2022-07-22,838.9290161132812,874.5,876.1500244140625,866.5,871.0,1939758,Sun Pharma,SUNPHARMA.NS
2022-07-25,833.0291748046875,868.3499755859375,878.0,856.4000244140625,870.0,2419358,Sun Pharma,SUNPHARMA.NS
2022-07-26,832.3577270507812,867.6500244140625,877.4000244140625,862.0,869.2000122070312,1560211,Sun Pharma,SUNPHARMA.NS
2022-07-27,857.6358642578125,894.0,897.0,866.0499877929688,867.5,2797789,Sun Pharma,SUNPHARMA.NS
2022-07-28,858.4512329101562,894.8499755859375,896.8499755859375,878.75,896.0,3183169,Sun Pharma,SUNPHARMA.NS
2022-07-29,904.8346557617188,943.2000122070312,951.9500122070312,879.0,897.0,11315800,Sun Pharma,SUNPHARMA.NS
2022-08-01,881.3311157226562,918.7000122070312,939.9500122070312,910.0,939.9500122070312,4219890,Sun Pharma,SUNPHARMA.NS
2022-08-02,879.9401245117188,917.25,926.5999755859375,912.0499877929688,918.7000122070312,2043767,Sun Pharma,SUNPHARMA.NS
2022-08-03,860.5138549804688,897.0,917.7999877929688,893.5499877929688,915.0,2863168,Sun Pharma,SUNPHARMA.NS
2022-08-04,881.1393432617188,918.5,920.0,895.5999755859375,901.0,3151481,Sun Pharma,SUNPHARMA.NS
2022-08-05,878.6929931640625,915.9500122070312,929.0,911.9000244140625,919.5,3317738,Sun Pharma,SUNPHARMA.NS
2022-08-08,873.3687744140625,910.4000244140625,919.7999877929688,908.4000244140625,919.7999877929688,2677742,Sun Pharma,SUNPHARMA.NS
2022-08-10,882.2904663085938,919.7000122070312,927.0,913.2000122070312,913.2000122070312,3077870,Sun Pharma,SUNPHARMA.NS
2022-08-11,883.5855712890625,921.0499877929688,926.9000244140625,917.4500122070312,923.0,1526395,Sun Pharma,SUNPHARMA.NS
2022-08-12,876.2947998046875,913.4500122070312,922.7999877929688,907.1500244140625,921.0499877929688,1384417,Sun Pharma,SUNPHARMA.NS
2022-08-16,877.3980102539062,914.5999755859375,919.4500122070312,906.2999877929688,907.0,1635836,Sun Pharma,SUNPHARMA.NS
2022-08-17,883.3457641601562,920.7999877929688,926.0,915.0,919.0,1828327,Sun Pharma,SUNPHARMA.NS
2022-08-18,879.46044921875,916.75,919.0,895.2000122070312,910.0,2989998,Sun Pharma,SUNPHARMA.NS
2022-08-19,867.5257568359375,901.3499755859375,920.7999877929688,898.0,916.0,1708425,Sun Pharma,SUNPHARMA.NS
2022-08-22,847.5062866210938,880.5499877929688,903.4500122070312,878.1500244140625,900.5,2860170,Sun Pharma,SUNPHARMA.NS
2022-08-23,855.061767578125,888.4000244140625,892.0,872.5999755859375,874.1500244140625,2314528,Sun Pharma,SUNPHARMA.NS
2022-08-24,847.9393920898438,881.0,899.9500122070312,878.0499877929688,892.0,3223687,Sun Pharma,SUNPHARMA.NS
2022-08-25,844.3782348632812,877.2999877929688,890.6500244140625,875.0,888.0,5016244,Sun Pharma,SUNPHARMA.NS
2022-08-26,847.1214599609375,880.1500244140625,890.5,878.0999755859375,882.2999877929688,1542618,Sun Pharma,SUNPHARMA.NS
2022-08-29,846.255126953125,879.25,881.0,865.0,872.0,2068888,Sun Pharma,SUNPHARMA.NS
2022-08-30,859.5372924804688,893.0499877929688,895.5,882.0,883.0,3672052,Sun Pharma,SUNPHARMA.NS
2022-09-01,839.1328735351562,871.8499755859375,901.9000244140625,870.4000244140625,893.0,2939235,Sun Pharma,SUNPHARMA.NS
2022-09-02,836.9192504882812,869.5499877929688,878.0,866.0,872.9000244140625,1963435,Sun Pharma,SUNPHARMA.NS
2022-09-05,851.4043579101562,884.5999755859375,886.1500244140625,864.4500122070312,869.0,2808538,Sun Pharma,SUNPHARMA.NS
2022-09-06,854.4362182617188,887.75,890.7000122070312,882.5499877929688,887.0,2252661,Sun Pharma,SUNPHARMA.NS
2022-09-07,860.2111206054688,893.75,896.4000244140625,879.5,879.5,1698682,Sun Pharma,SUNPHARMA.NS
2022-09-08,860.7403564453125,894.2999877929688,900.75,887.0,898.25,1772605,Sun Pharma,SUNPHARMA.NS
2022-09-09,856.6017456054688,890.0,901.9000244140625,886.7000122070312,894.5,1405210,Sun Pharma,SUNPHARMA.NS
2022-09-12,854.3880615234375,887.7000122070312,895.1500244140625,885.0999755859375,891.2000122070312,1571387,Sun Pharma,SUNPHARMA.NS
2022-09-13,856.7461547851562,890.1500244140625,893.2999877929688,883.5,889.8499755859375,2216354,Sun Pharma,SUNPHARMA.NS
2022-09-14,850.5863037109375,883.75,897.7000122070312,880.0499877929688,884.5999755859375,1889322,Sun Pharma,SUNPHARMA.NS
2022-09-15,841.4908447265625,874.2999877929688,888.1500244140625,871.0999755859375,883.0,1780723,Sun Pharma,SUNPHARMA.NS
2022-09-16,835.4754028320312,868.0499877929688,890.5,865.7999877929688,878.7000122070312,5625488,Sun Pharma,SUNPHARMA.NS
2022-09-19,842.0201416015625,874.8499755859375,876.9500122070312,856.7999877929688,872.4000244140625,1920725,Sun Pharma,SUNPHARMA.NS
2022-09-20,877.7280883789062,911.9500122070312,914.75,876.7999877929688,877.5499877929688,4408042,Sun Pharma,SUNPHARMA.NS
2022-09-21,871.3275756835938,905.2999877929688,922.5,902.6500244140625,918.5499877929688,4153228,Sun Pharma,SUNPHARMA.NS
2022-09-22,873.92626953125,908.0,911.25,895.2999877929688,899.9000244140625,2317690,Sun Pharma,SUNPHARMA.NS
2022-09-23,886.53466796875,921.0999755859375,926.7000122070312,902.5999755859375,902.5999755859375,4802181,Sun Pharma,SUNPHARMA.NS
2022-09-26,866.9002075195312,900.7000122070312,926.3499755859375,899.0499877929688,917.9500122070312,3760536,Sun Pharma,SUNPHARMA.NS
2022-09-27,863.4834594726562,897.1500244140625,909.8499755859375,894.4000244140625,905.25,3096645,Sun Pharma,SUNPHARMA.NS
2022-09-28,883.4065551757812,917.8499755859375,926.0,892.0499877929688,894.0,5559336,Sun Pharma,SUNPHARMA.NS
2022-09-29,895.7745361328125,930.7000122070312,955.5,925.0999755859375,925.0999755859375,8519098,Sun Pharma,SUNPHARMA.NS
2022-09-30,913.0508422851562,948.6500244140625,950.9500122070312,930.0,933.9500122070312,4182345,Sun Pharma,SUNPHARMA.NS
2022-10-03,909.0565185546875,944.5,967.8499755859375,942.75,952.9500122070312,4444578,Sun Pharma,SUNPHARMA.NS
2022-10-04,909.1046752929688,944.5499877929688,956.2999877929688,943.0499877929688,955.7000122070312,1856830,Sun Pharma,SUNPHARMA.NS
2022-10-06,918.1038818359375,953.9000244140625,962.0,947.5499877929688,954.7000122070312,3449485,Sun Pharma,SUNPHARMA.NS
2022-10-07,919.3069458007812,955.1500244140625,961.5499877929688,946.2000122070312,953.0,1762328,Sun Pharma,SUNPHARMA.NS
2022-10-10,910.54833984375,946.0499877929688,954.25,935.25,945.9500122070312,1683827,Sun Pharma,SUNPHARMA.NS
2022-10-11,909.2971801757812,944.75,951.9000244140625,940.0,950.7999877929688,2426935,Sun Pharma,SUNPHARMA.NS
2022-10-12,919.69189453125,955.5499877929688,960.0,941.0499877929688,946.0,2875040,Sun Pharma,SUNPHARMA.NS
2022-10-13,932.0597534179688,968.4000244140625,973.75,951.5,956.8499755859375,4498223,Sun Pharma,SUNPHARMA.NS
2022-10-14,939.6631469726562,976.2999877929688,979.9000244140625,964.0,976.0,3307000,Sun Pharma,SUNPHARMA.NS
2022-10-17,943.224365234375,980.0,985.0,973.2999877929688,976.2999877929688,2647369,Sun Pharma,SUNPHARMA.NS
2022-10-18,941.63623046875,978.3499755859375,985.0,972.75,983.75,2065146,Sun Pharma,SUNPHARMA.NS
2022-10-19,940.24072265625,976.9000244140625,980.7000122070312,965.0499877929688,975.5999755859375,2424533,Sun Pharma,SUNPHARMA.NS
2022-10-20,943.5612182617188,980.3499755859375,982.8499755859375,966.5499877929688,970.0,1669666,Sun Pharma,SUNPHARMA.NS
2022-10-21,941.0107421875,977.7000122070312,991.9000244140625,975.75,981.0,1791608,Sun Pharma,SUNPHARMA.NS
2022-10-24,949.9617309570312,987.0,989.9500122070312,982.0999755859375,986.0,191840,Sun Pharma,SUNPHARMA.NS
2022-10-25,954.3409423828125,991.5499877929688,997.3499755859375,985.5,991.9500122070312,2119595,Sun Pharma,SUNPHARMA.NS
2022-10-27,973.686767578125,1011.6500244140625,1013.4000244140625,992.5,999.0,4379157,Sun Pharma,SUNPHARMA.NS
2022-10-28,952.8490600585938,990.0,1003.5,987.5499877929688,1002.0,3934980,Sun Pharma,SUNPHARMA.NS
2022-10-31,978.7396850585938,1016.9000244140625,1027.300048828125,991.2000122070312,994.9500122070312,3546309,Sun Pharma,SUNPHARMA.NS
2022-11-01,997.700439453125,1036.5999755859375,1049.0,1019.1500244140625,1021.9500122070312,5264069,Sun Pharma,SUNPHARMA.NS
2022-11-02,1012.4743041992188,1051.949951171875,1070.949951171875,1032.6500244140625,1038.800048828125,5923662,Sun Pharma,SUNPHARMA.NS
2022-11-03,1005.01513671875,1044.199951171875,1055.5999755859375,1039.550048828125,1045.0,2386317,Sun Pharma,SUNPHARMA.NS
2022-11-04,1000.8765869140625,1039.9000244140625,1046.4000244140625,1031.449951171875,1045.300048828125,1576349,Sun Pharma,SUNPHARMA.NS
2022-11-07,989.7599487304688,1028.3499755859375,1049.949951171875,1021.0,1045.0,2853521,Sun Pharma,SUNPHARMA.NS
2022-11-09,975.5154418945312,1013.5499877929688,1036.6500244140625,1010.0,1020.0499877929688,2268760,Sun Pharma,SUNPHARMA.NS
2022-11-10,972.7241821289062,1010.6500244140625,1022.2999877929688,1006.75,1010.0,2419991,Sun Pharma,SUNPHARMA.NS
2022-11-11,975.5154418945312,1013.5499877929688,1031.449951171875,1009.8499755859375,1015.75,2390487,Sun Pharma,SUNPHARMA.NS
2022-11-14,978.7396850585938,1016.9000244140625,1021.4000244140625,1002.0,1018.6500244140625,1764788,Sun Pharma,SUNPHARMA.NS
2022-11-15,977.9215698242188,1016.0499877929688,1022.0,1004.4500122070312,1022.0,1703050,Sun Pharma,SUNPHARMA.NS
2022-11-16,980.4240112304688,1018.6500244140625,1022.7999877929688,1007.0999755859375,1007.0999755859375,1485506,Sun Pharma,SUNPHARMA.NS
2022-11-17,975.3228149414062,1013.3499755859375,1030.5,1010.4500122070312,1023.2999877929688,1758031,Sun Pharma,SUNPHARMA.NS
2022-11-18,971.7135620117188,1009.5999755859375,1017.8499755859375,1006.0,1015.25,1130682,Sun Pharma,SUNPHARMA.NS
2022-11-21,965.5057373046875,1003.1500244140625,1012.7999877929688,993.5,1003.0,1108922,Sun Pharma,SUNPHARMA.NS
2022-11-22,972.19482421875,1010.0999755859375,1012.4000244140625,996.25,1006.1500244140625,1723123,Sun Pharma,SUNPHARMA.NS
2022-11-23,979.4615478515625,1017.6500244140625,1019.0999755859375,1009.4500122070312,1015.2000122070312,1311376,Sun Pharma,SUNPHARMA.NS
2022-11-24,996.256591796875,1035.0999755859375,1037.4000244140625,1013.7999877929688,1020.6500244140625,1994268,Sun Pharma,SUNPHARMA.NS
2022-11-25,995.0535278320312,1033.8499755859375,1037.949951171875,1026.949951171875,1037.949951171875,1948596,Sun Pharma,SUNPHARMA.NS
2022-11-28,995.9197998046875,1034.75,1041.5,1027.949951171875,1033.0,1427648,Sun Pharma,SUNPHARMA.NS
2022-11-29,1010.4530639648438,1049.8499755859375,1051.199951171875,1034.0,1035.0,1179559,Sun Pharma,SUNPHARMA.NS
2022-11-30,1006.7958984375,1046.050048828125,1058.300048828125,1039.3499755859375,1053.0,3060171,Sun Pharma,SUNPHARMA.NS
2022-12-01,1007.1807250976562,1046.449951171875,1057.8499755859375,1039.5999755859375,1055.0,1878374,Sun Pharma,SUNPHARMA.NS
2022-12-02,1000.9727783203125,1040.0,1049.8499755859375,1034.800048828125,1048.300048828125,2284133,Sun Pharma,SUNPHARMA.NS
2022-12-05,1000.3953247070312,1039.4000244140625,1045.949951171875,1030.75,1042.1500244140625,2294634,Sun Pharma,SUNPHARMA.NS
2022-12-06,994.764892578125,1033.550048828125,1040.0,1023.25,1039.4000244140625,1321211,Sun Pharma,SUNPHARMA.NS
2022-12-07,979.5578002929688,1017.75,1037.1500244140625,1015.3499755859375,1036.550048828125,2954262,Sun Pharma,SUNPHARMA.NS
2022-12-08,943.994384765625,980.7999877929688,1018.0,975.0,1015.0,10021644,Sun Pharma,SUNPHARMA.NS
2022-12-09,955.5921020507812,992.8499755859375,997.0,980.0,980.7999877929688,4231753,Sun Pharma,SUNPHARMA.NS
2022-12-12,950.3466796875,987.4000244140625,995.0,980.1500244140625,994.9000244140625,1875104,Sun Pharma,SUNPHARMA.NS
2022-12-13,957.3246459960938,994.6500244140625,996.3499755859375,979.7999877929688,980.0,1863361,Sun Pharma,SUNPHARMA.NS
2022-12-14,962.7144775390625,1000.25,1003.0,994.5499877929688,999.0,1570685,Sun Pharma,SUNPHARMA.NS
2022-12-15,964.5912475585938,1002.2000122070312,1007.0,998.0999755859375,1001.0,1304660,Sun Pharma,SUNPHARMA.NS
2022-12-16,956.3621215820312,993.6500244140625,1005.0999755859375,987.5999755859375,998.1500244140625,2618988,Sun Pharma,SUNPHARMA.NS
2022-12-19,950.8760375976562,987.9500122070312,993.1500244140625,973.7000122070312,987.5999755859375,1547342,Sun Pharma,SUNPHARMA.NS
2022-12-20,951.2610473632812,988.3499755859375,990.6500244140625,979.4000244140625,987.9500122070312,1352408,Sun Pharma,SUNPHARMA.NS
2022-12-21,967.8637084960938,1005.5999755859375,1009.5,988.4000244140625,992.0,2043630,Sun Pharma,SUNPHARMA.NS
2022-12-22,972.7241821289062,1010.6500244140625,1034.050048828125,1007.0499877929688,1019.9500122070312,5163443,Sun Pharma,SUNPHARMA.NS
2022-12-23,963.9657592773438,1001.5499877929688,1027.8499755859375,998.4500122070312,1012.0,3612433,Sun Pharma,SUNPHARMA.NS
2022-12-26,962.5218505859375,1000.0499877929688,1011.7999877929688,988.7000122070312,1010.0,2307374,Sun Pharma,SUNPHARMA.NS
2022-12-27,962.6182250976562,1000.1500244140625,1015.75,993.0,1000.25,1870105,Sun Pharma,SUNPHARMA.NS
2022-12-28,957.6614990234375,995.0,1010.5999755859375,993.0,998.9000244140625,1686511,Sun Pharma,SUNPHARMA.NS
2022-12-29,963.0032348632812,1000.5499877929688,1004.7000122070312,989.0999755859375,998.5499877929688,2162872,Sun Pharma,SUNPHARMA.NS
2022-12-30,963.8214111328125,1001.4000244140625,1006.7999877929688,993.75,1004.0,1629162,Sun Pharma,SUNPHARMA.NS
2023-01-02,959.58642578125,997.0,1001.4000244140625,987.2000122070312,1001.4000244140625,1616012,Sun Pharma,SUNPHARMA.NS
2023-01-03,971.2323608398438,1009.0999755859375,1012.7999877929688,988.0,993.0,1810117,Sun Pharma,SUNPHARMA.NS
2023-01-04,966.419921875,1004.0999755859375,1025.9000244140625,1000.75,1012.0,2573870,Sun Pharma,SUNPHARMA.NS
2023-01-05,978.06591796875,1016.2000122070312,1021.9000244140625,1008.25,1009.0999755859375,2246533,Sun Pharma,SUNPHARMA.NS
2023-01-06,970.847412109375,1008.7000122070312,1021.7999877929688,1004.0999755859375,1015.0,1773153,Sun Pharma,SUNPHARMA.NS
2023-01-09,978.6915283203125,1016.8499755859375,1023.3499755859375,1010.5,1015.0,1567316,Sun Pharma,SUNPHARMA.NS
2023-01-10,973.879150390625,1011.8499755859375,1024.0,1010.0499877929688,1016.0,1607654,Sun Pharma,SUNPHARMA.NS
2023-01-11,989.4231567382812,1028.0,1033.050048828125,1008.3499755859375,1012.0,3258157,Sun Pharma,SUNPHARMA.NS
2023-01-12,994.0911254882812,1032.8499755859375,1035.449951171875,1021.1500244140625,1031.949951171875,1641398,Sun Pharma,SUNPHARMA.NS
2023-01-13,992.8880004882812,1031.5999755859375,1035.0,1020.1500244140625,1031.1500244140625,1491367,Sun Pharma,SUNPHARMA.NS
2023-01-16,996.593505859375,1035.449951171875,1039.5,1026.0999755859375,1031.5999755859375,1437532,Sun Pharma,SUNPHARMA.NS
2023-01-17,993.9467163085938,1032.699951171875,1036.0,1026.800048828125,1035.449951171875,1245848,Sun Pharma,SUNPHARMA.NS
2023-01-18,1001.069091796875,1040.0999755859375,1041.5,1030.1500244140625,1032.699951171875,1238451,Sun Pharma,SUNPHARMA.NS
2023-01-19,1001.5023193359375,1040.550048828125,1044.0,1036.0,1038.0999755859375,824263,Sun Pharma,SUNPHARMA.NS
2023-01-20,991.6849365234375,1030.3499755859375,1047.5,1016.8499755859375,1044.050048828125,2963571,Sun Pharma,SUNPHARMA.NS
2023-01-23,1009.9237670898438,1049.300048828125,1054.9000244140625,1022.5,1035.0,2106604,Sun Pharma,SUNPHARMA.NS
2023-01-24,1001.6465454101562,1040.699951171875,1050.949951171875,1034.550048828125,1050.0,2088556,Sun Pharma,SUNPHARMA.NS
2023-01-25,1001.02099609375,1040.050048828125,1045.6500244140625,1030.300048828125,1030.300048828125,1753333,Sun Pharma,SUNPHARMA.NS
2023-01-27,1004.2451782226562,1043.4000244140625,1051.0,1034.0,1044.949951171875,3448013,Sun Pharma,SUNPHARMA.NS
2023-01-30,1012.2337646484375,1051.699951171875,1072.1500244140625,1040.199951171875,1041.949951171875,3320916,Sun Pharma,SUNPHARMA.NS
2023-01-31,995.67919921875,1034.5,1060.300048828125,1026.050048828125,1055.0,5265462,Sun Pharma,SUNPHARMA.NS
2023-02-01,976.814697265625,1014.9000244140625,1043.949951171875,1005.0999755859375,1036.449951171875,4717887,Sun Pharma,SUNPHARMA.NS
2023-02-02,969.7886352539062,1007.5999755859375,1015.7000122070312,993.0,1009.9500122070312,2117181,Sun Pharma,SUNPHARMA.NS
2023-02-03,989.5675659179688,1028.1500244140625,1032.449951171875,1001.6500244140625,1007.0,2332076,Sun Pharma,SUNPHARMA.NS
2023-02-06,984.9476318359375,1023.3499755859375,1025.949951171875,1012.75,1020.0,1215157,Sun Pharma,SUNPHARMA.NS
2023-02-07,968.6336669921875,1006.4000244140625,1028.5,1002.0,1026.25,2360600,Sun Pharma,SUNPHARMA.NS
2023-02-08,982.306396484375,1013.0,1016.9000244140625,997.4000244140625,1004.7999877929688,1815142,Sun Pharma,SUNPHARMA.NS
2023-02-09,976.2943115234375,1006.7999877929688,1021.2000122070312,1001.4000244140625,1003.0,1474402,Sun Pharma,SUNPHARMA.NS
2023-02-10,976.1002807617188,1006.5999755859375,1014.3499755859375,996.7000122070312,1006.7999877929688,1530150,Sun Pharma,SUNPHARMA.NS
2023-02-13,984.4883422851562,1015.25,1017.3499755859375,1002.0,1008.25,1355766,Sun Pharma,SUNPHARMA.NS
2023-02-14,976.2459106445312,1006.75,1018.0499877929688,1003.25,1018.0,1832842,Sun Pharma,SUNPHARMA.NS
2023-02-15,965.2398071289062,995.4000244140625,1006.4000244140625,990.5499877929688,1002.0,2251350,Sun Pharma,SUNPHARMA.NS
2023-02-16,964.9973754882812,995.1500244140625,1010.0,991.2000122070312,998.9000244140625,1678410,Sun Pharma,SUNPHARMA.NS
2023-02-17,954.6701049804688,984.5,996.5,982.0,992.2000122070312,1847026,Sun Pharma,SUNPHARMA.NS
2023-02-20,954.5730590820312,984.4000244140625,991.6500244140625,974.9500122070312,990.1500244140625,2157871,Sun Pharma,SUNPHARMA.NS
2023-02-21,942.1608276367188,971.5999755859375,990.7999877929688,969.1500244140625,990.0,1771813,Sun Pharma,SUNPHARMA.NS
2023-02-22,939.2032470703125,968.5499877929688,978.0,966.0,971.5499877929688,2605147,Sun Pharma,SUNPHARMA.NS
2023-02-23,943.0336303710938,972.5,977.25,964.0499877929688,973.0,2835983,Sun Pharma,SUNPHARMA.NS
2023-02-24,941.0941772460938,970.5,983.3499755859375,963.7000122070312,970.5999755859375,1823835,Sun Pharma,SUNPHARMA.NS
2023-02-27,935.809326171875,965.0499877929688,972.5499877929688,960.0499877929688,970.5,1548675,Sun Pharma,SUNPHARMA.NS
2023-02-28,927.6153564453125,956.5999755859375,976.0,954.0,969.0,3819644,Sun Pharma,SUNPHARMA.NS
2023-03-01,930.2334594726562,959.2999877929688,966.0499877929688,951.0,951.0,1862513,Sun Pharma,SUNPHARMA.NS
2023-03-02,936.0516967773438,965.2999877929688,967.0,951.0999755859375,960.0,1510195,Sun Pharma,SUNPHARMA.NS
2023-03-03,937.6033325195312,966.9000244140625,969.75,958.1500244140625,967.0499877929688,2215832,Sun Pharma,SUNPHARMA.NS
2023-03-06,936.0032958984375,965.25,979.5,963.7999877929688,970.0,1989152,Sun Pharma,SUNPHARMA.NS
2023-03-08,928.488037109375,957.5,965.0,947.0,960.0,4734482,Sun Pharma,SUNPHARMA.NS
2023-03-09,923.8335571289062,952.7000122070312,959.4000244140625,947.1500244140625,957.5,2994556,Sun Pharma,SUNPHARMA.NS
2023-03-10,926.59716796875,955.5499877929688,957.5,946.0999755859375,946.5,2001392,Sun Pharma,SUNPHARMA.NS
2023-03-13,925.1911010742188,954.0999755859375,959.9000244140625,947.5499877929688,955.0999755859375,1412106,Sun Pharma,SUNPHARMA.NS
2023-03-14,928.1971435546875,957.2000122070312,963.75,950.2999877929688,953.5,1879695,Sun Pharma,SUNPHARMA.NS
2023-03-15,922.5729370117188,951.4000244140625,964.9000244140625,949.3499755859375,952.0,2189113,Sun Pharma,SUNPHARMA.NS
2023-03-16,938.088134765625,967.4000244140625,970.0,951.7000122070312,955.25,2228093,Sun Pharma,SUNPHARMA.NS
2023-03-17,928.68212890625,957.7000122070312,968.7000122070312,952.75,968.5499877929688,2218687,Sun Pharma,SUNPHARMA.NS
2023-03-20,932.0759887695312,961.2000122070312,962.6500244140625,947.3499755859375,950.0,1955757,Sun Pharma,SUNPHARMA.NS
2023-03-21,927.2274780273438,956.2000122070312,965.0,953.25,965.0,1687239,Sun Pharma,SUNPHARMA.NS
2023-03-22,942.5972290039062,972.0499877929688,974.4000244140625,956.5999755859375,957.0,1626129,Sun Pharma,SUNPHARMA.NS
2023-03-23,948.0276489257812,977.6500244140625,982.9500122070312,972.0,975.0,1857923,Sun Pharma,SUNPHARMA.NS
2023-03-24,943.373046875,972.8499755859375,979.0,968.0,977.5999755859375,1534322,Sun Pharma,SUNPHARMA.NS
2023-03-27,953.6519165039062,983.4500122070312,990.9500122070312,963.0,980.0,2473222,Sun Pharma,SUNPHARMA.NS
2023-03-28,954.3790893554688,984.2000122070312,987.7999877929688,976.2999877929688,987.0,1394675,Sun Pharma,SUNPHARMA.NS
2023-03-29,961.8457641601562,991.9000244140625,996.5,979.0,985.6500244140625,3045795,Sun Pharma,SUNPHARMA.NS
2023-03-31,953.3123779296875,983.0999755859375,995.2000122070312,981.4000244140625,995.2000122070312,1822710,Sun Pharma,SUNPHARMA.NS
2023-04-03,949.3850708007812,979.0499877929688,988.0,976.2000122070312,981.0,1671570,Sun Pharma,SUNPHARMA.NS
2023-04-05,966.9367065429688,997.1500244140625,999.0,975.2999877929688,985.0,1544121,Sun Pharma,SUNPHARMA.NS
2023-04-06,981.4337158203125,1012.0999755859375,1014.0,993.4000244140625,997.1500244140625,1423990,Sun Pharma,SUNPHARMA.NS
2023-04-10,978.0396728515625,1008.5999755859375,1016.9500122070312,1006.6500244140625,1015.0,1110974,Sun Pharma,SUNPHARMA.NS
2023-04-11,978.6701049804688,1009.25,1022.25,1007.5499877929688,1008.5999755859375,1786844,Sun Pharma,SUNPHARMA.NS
2023-04-12,985.8944091796875,1016.7000122070312,1020.2000122070312,1005.25,1015.5,3246327,Sun Pharma,SUNPHARMA.NS
2023-04-13,973.0943603515625,1003.5,1023.8499755859375,1002.0,1022.2999877929688,1445693,Sun Pharma,SUNPHARMA.NS
2023-04-17,968.439697265625,998.7000122070312,1009.9000244140625,995.0499877929688,999.4500122070312,1768817,Sun Pharma,SUNPHARMA.NS
2023-04-18,974.3549194335938,1004.7999877929688,1006.25,988.2999877929688,999.0,1217390,Sun Pharma,SUNPHARMA.NS
2023-04-19,965.3367919921875,995.5,1009.4000244140625,993.0,1003.5,2174563,Sun Pharma,SUNPHARMA.NS
2023-04-20,957.821533203125,987.75,1002.0999755859375,983.75,999.0999755859375,1638094,Sun Pharma,SUNPHARMA.NS
2023-04-21,959.469970703125,989.4500122070312,994.2999877929688,984.9500122070312,994.2999877929688,1216575,Sun Pharma,SUNPHARMA.NS
2023-04-24,949.4821166992188,979.1500244140625,982.5,959.25,975.0,3485350,Sun Pharma,SUNPHARMA.NS
2023-04-25,943.0336303710938,972.5,982.9000244140625,967.0,980.0,2377746,Sun Pharma,SUNPHARMA.NS
2023-04-26,941.8214721679688,971.25,976.7999877929688,963.2000122070312,975.7999877929688,2911028,Sun Pharma,SUNPHARMA.NS
2023-04-27,949.0457763671875,978.7000122070312,981.5999755859375,963.5499877929688,968.0,2777173,Sun Pharma,SUNPHARMA.NS
2023-04-28,957.724609375,987.6500244140625,992.5,979.1500244140625,984.9500122070312,2009995,Sun Pharma,SUNPHARMA.NS
2023-05-02,943.56689453125,973.0499877929688,988.9000244140625,970.2999877929688,987.6500244140625,3152556,Sun Pharma,SUNPHARMA.NS
2023-05-03,934.4033203125,963.5999755859375,972.4000244140625,959.5,970.5,3087472,Sun Pharma,SUNPHARMA.NS
2023-05-04,944.4881591796875,974.0,975.9000244140625,965.1500244140625,967.6500244140625,1197830,Sun Pharma,SUNPHARMA.NS
2023-05-05,941.0457763671875,970.4500122070312,977.25,967.8499755859375,974.0,1062645,Sun Pharma,SUNPHARMA.NS
2023-05-08,932.7062377929688,961.8499755859375,969.0,961.0,962.0,2676958,Sun Pharma,SUNPHARMA.NS
2023-05-09,928.4396362304688,957.4500122070312,966.8499755859375,949.5,961.9000244140625,6902170,Sun Pharma,SUNPHARMA.NS
2023-05-10,924.9002075195312,953.7999877929688,959.9500122070312,951.5999755859375,957.0,2180917,Sun Pharma,SUNPHARMA.NS
2023-05-11,931.9304809570312,961.0499877929688,963.9000244140625,952.0,953.7999877929688,1296607,Sun Pharma,SUNPHARMA.NS
2023-05-12,927.0335083007812,956.0,963.0999755859375,952.0,961.0,2014927,Sun Pharma,SUNPHARMA.NS
2023-05-15,924.1244506835938,953.0,955.75,948.0499877929688,953.0,1814239,Sun Pharma,SUNPHARMA.NS
2023-05-16,912.4395751953125,940.9500122070312,962.5499877929688,938.0,953.0,2625163,Sun Pharma,SUNPHARMA.NS
2023-05-17,907.591064453125,935.9500122070312,945.2999877929688,928.8499755859375,941.25,2956985,Sun Pharma,SUNPHARMA.NS
2023-05-18,901.4819946289062,929.6500244140625,943.0,922.4500122070312,943.0,3014019,Sun Pharma,SUNPHARMA.NS
2023-05-19,897.7970581054688,925.8499755859375,934.4000244140625,924.2999877929688,932.0,1309343,Sun Pharma,SUNPHARMA.NS
2023-05-22,909.045654296875,937.4500122070312,942.75,922.8499755859375,925.8499755859375,1382485,Sun Pharma,SUNPHARMA.NS
2023-05-23,903.372802734375,931.5999755859375,956.2000122070312,929.0999755859375,937.5,3057684,Sun Pharma,SUNPHARMA.NS
2023-05-24,923.3001708984375,952.1500244140625,954.7999877929688,932.5999755859375,935.5,2953574,Sun Pharma,SUNPHARMA.NS
2023-05-25,916.3668212890625,945.0,951.7000122070312,942.7000122070312,949.7000122070312,2331464,Sun Pharma,SUNPHARMA.NS
2023-05-26,940.5123901367188,969.9000244140625,976.7000122070312,937.0,943.9500122070312,4137189,Sun Pharma,SUNPHARMA.NS
2023-05-29,939.1063232421875,968.4500122070312,973.25,946.4000244140625,969.9500122070312,5344765,Sun Pharma,SUNPHARMA.NS
2023-05-30,930.5244750976562,959.5999755859375,967.4500122070312,956.2999877929688,965.0,2624815,Sun Pharma,SUNPHARMA.NS
2023-05-31,945.7972412109375,975.3499755859375,979.2999877929688,960.75,965.0,5595631,Sun Pharma,SUNPHARMA.NS
2023-06-01,957.7730102539062,987.7000122070312,990.4500122070312,975.0,979.7999877929688,3261906,Sun Pharma,SUNPHARMA.NS
2023-06-02,969.3124389648438,999.5999755859375,1003.7000122070312,981.0,986.5499877929688,3734815,Sun Pharma,SUNPHARMA.NS
2023-06-05,978.185302734375,1008.75,1017.7000122070312,998.5,1005.3499755859375,3629780,Sun Pharma,SUNPHARMA.NS
2023-06-06,983.0821533203125,1013.7999877929688,1015.9500122070312,1004.0,1008.9000244140625,1632644,Sun Pharma,SUNPHARMA.NS
2023-06-07,983.85791015625,1014.5999755859375,1017.5,1010.0,1015.0,1608613,Sun Pharma,SUNPHARMA.NS
2023-06-08,957.09423828125,987.0,1016.0,983.25,1015.0,3395935,Sun Pharma,SUNPHARMA.NS
2023-06-09,954.13671875,983.9500122070312,990.7000122070312,981.0,984.0,2306206,Sun Pharma,SUNPHARMA.NS
2023-06-12,955.5912475585938,985.4500122070312,989.9000244140625,981.0499877929688,987.9000244140625,593319,Sun Pharma,SUNPHARMA.NS
2023-06-13,958.1609497070312,988.0999755859375,996.0,985.5499877929688,990.0,2413311,Sun Pharma,SUNPHARMA.NS
2023-06-14,956.8033447265625,986.7000122070312,995.0,984.25,991.5999755859375,2139387,Sun Pharma,SUNPHARMA.NS
2023-06-15,958.4517822265625,988.4000244140625,994.7999877929688,985.7000122070312,988.5,2731724,Sun Pharma,SUNPHARMA.NS
2023-06-16,961.9427490234375,992.0,994.6500244140625,987.2000122070312,990.0,3611214,Sun Pharma,SUNPHARMA.NS
2023-06-19,971.4457397460938,1001.7999877929688,1006.7000122070312,993.75,995.1500244140625,1327862,Sun Pharma,SUNPHARMA.NS
2023-06-20,961.894287109375,991.9500122070312,1007.75,989.5999755859375,1007.6500244140625,1445688,Sun Pharma,SUNPHARMA.NS
2023-06-21,961.8457641601562,991.9000244140625,993.8499755859375,983.5999755859375,991.9500122070312,1396686,Sun Pharma,SUNPHARMA.NS
2023-06-22,960.2942504882812,990.2999877929688,996.2000122070312,987.0999755859375,987.0999755859375,5384143,Sun Pharma,SUNPHARMA.NS
2023-06-23,961.409423828125,991.4500122070312,995.9500122070312,977.2999877929688,994.0,1218237,Sun Pharma,SUNPHARMA.NS
2023-06-26,964.8033447265625,994.9500122070312,1003.7999877929688,991.4500122070312,994.0,2066932,Sun Pharma,SUNPHARMA.NS
2023-06-27,971.4457397460938,1001.7999877929688,1003.3499755859375,986.0,999.9500122070312,4647465,Sun Pharma,SUNPHARMA.NS
2023-06-28,990.83984375,1021.7999877929688,1025.550048828125,995.0,995.0,5296330,Sun Pharma,SUNPHARMA.NS
2023-06-30,1019.7367553710938,1051.5999755859375,1055.0,1020.0499877929688,1021.75,4765060,Sun Pharma,SUNPHARMA.NS
2023-07-03,1001.4095458984375,1032.699951171875,1053.6500244140625,1030.0,1053.0,2338356,Sun Pharma,SUNPHARMA.NS
2023-07-04,1017.0217895507812,1048.800048828125,1053.9000244140625,1029.9000244140625,1040.0,1549174,Sun Pharma,SUNPHARMA.NS
2023-07-05,1013.0459594726562,1044.699951171875,1057.699951171875,1042.6500244140625,1055.0,1840716,Sun Pharma,SUNPHARMA.NS
2023-07-06,1010.9126586914062,1042.5,1056.5999755859375,1040.0,1040.0,2551103,Sun Pharma,SUNPHARMA.NS
2023-07-07,1004.3185424804688,1035.699951171875,1051.199951171875,1028.75,1033.5,1721224,Sun Pharma,SUNPHARMA.NS
2023-07-10,1013.3370361328125,1045.0,1051.0,1031.0999755859375,1036.0,1221769,Sun Pharma,SUNPHARMA.NS
2023-07-11,1039.76123046875,1072.25,1074.75,1049.050048828125,1052.0,4369937,Sun Pharma,SUNPHARMA.NS
2023-07-12,1046.064208984375,1078.75,1083.75,1070.0,1075.0,5088473,Sun Pharma,SUNPHARMA.NS
2023-07-13,1043.05810546875,1075.6500244140625,1081.9000244140625,1071.699951171875,1081.9000244140625,1541690,Sun Pharma,SUNPHARMA.NS
2023-07-14,1040.4400634765625,1072.949951171875,1080.0,1065.0,1079.949951171875,2641580,Sun Pharma,SUNPHARMA.NS
2023-07-17,1044.9490966796875,1077.5999755859375,1081.050048828125,1070.5,1073.699951171875,1254025,Sun Pharma,SUNPHARMA.NS
2023-07-18,1034.81591796875,1067.1500244140625,1078.9000244140625,1064.3499755859375,1078.449951171875,2238739,Sun Pharma,SUNPHARMA.NS
2023-07-19,1049.0701904296875,1081.8499755859375,1086.0,1063.8499755859375,1067.1500244140625,2311282,Sun Pharma,SUNPHARMA.NS
2023-07-20,1064.3917236328125,1097.6500244140625,1104.5,1082.300048828125,1086.050048828125,5218991,Sun Pharma,SUNPHARMA.NS
2023-07-21,1063.90673828125,1097.1500244140625,1104.199951171875,1090.3499755859375,1103.4000244140625,1879610,Sun Pharma,SUNPHARMA.NS
2023-07-24,1067.058349609375,1100.4000244140625,1107.3499755859375,1092.5,1094.0,2130036,Sun Pharma,SUNPHARMA.NS
2023-07-25,1061.8704833984375,1095.050048828125,1110.0,1090.800048828125,1110.0,1702900,Sun Pharma,SUNPHARMA.NS
2023-07-26,1078.3067626953125,1112.0,1114.4000244140625,1094.0999755859375,1097.050048828125,1321572,Sun Pharma,SUNPHARMA.NS
2023-07-27,1100.5615234375,1134.949951171875,1155.3499755859375,1116.300048828125,1128.0,6366612,Sun Pharma,SUNPHARMA.NS
2023-07-28,1107.957275390625,1138.550048828125,1143.9000244140625,1121.6500244140625,1129.949951171875,2677679,Sun Pharma,SUNPHARMA.NS
2023-07-31,1112.6767578125,1143.4000244140625,1145.0,1127.0,1140.0,1718336,Sun Pharma,SUNPHARMA.NS
2023-08-01,1112.7254638671875,1143.449951171875,1152.6500244140625,1136.0,1143.4000244140625,1448567,Sun Pharma,SUNPHARMA.NS
2023-08-02,1104.7457275390625,1135.25,1144.300048828125,1126.449951171875,1143.949951171875,1731918,Sun Pharma,SUNPHARMA.NS
2023-08-03,1110.34130859375,1141.0,1169.699951171875,1122.3499755859375,1130.25,8460399,Sun Pharma,SUNPHARMA.NS
2023-08-04,1108.3465576171875,1138.949951171875,1145.0,1121.050048828125,1129.0,3527805,Sun Pharma,SUNPHARMA.NS
2023-08-07,1129.609375,1160.800048828125,1166.75,1133.5,1138.949951171875,3353219,Sun Pharma,SUNPHARMA.NS
2023-08-08,1117.785888671875,1148.6500244140625,1164.5999755859375,1139.949951171875,1162.199951171875,3073468,Sun Pharma,SUNPHARMA.NS
2023-08-09,1121.8243408203125,1152.800048828125,1159.300048828125,1140.300048828125,1151.1500244140625,1306791,Sun Pharma,SUNPHARMA.NS
2023-08-10,1119.3916015625,1150.300048828125,1157.9000244140625,1143.5999755859375,1150.5999755859375,1443067,Sun Pharma,SUNPHARMA.NS
2023-08-11,1101.9239501953125,1132.3499755859375,1151.0,1130.5,1150.050048828125,1756630,Sun Pharma,SUNPHARMA.NS
2023-08-14,1103.772705078125,1134.25,1142.0,1120.5,1131.0,1824622,Sun Pharma,SUNPHARMA.NS
2023-08-16,1112.920166015625,1143.6500244140625,1145.5,1121.8499755859375,1134.949951171875,1224080,Sun Pharma,SUNPHARMA.NS
2023-08-17,1114.039306640625,1144.800048828125,1148.949951171875,1137.5,1143.6500244140625,1964341,Sun Pharma,SUNPHARMA.NS
2023-08-18,1104.4053955078125,1134.9000244140625,1149.300048828125,1129.0,1141.0,1473774,Sun Pharma,SUNPHARMA.NS
2023-08-21,1106.8382568359375,1137.4000244140625,1143.9000244140625,1127.1500244140625,1129.949951171875,941384,Sun Pharma,SUNPHARMA.NS
2023-08-22,1106.984130859375,1137.550048828125,1147.0,1130.0,1135.0,1438879,Sun Pharma,SUNPHARMA.NS
2023-08-23,1093.506103515625,1123.699951171875,1130.449951171875,1110.5999755859375,1128.0,3050418,Sun Pharma,SUNPHARMA.NS
2023-08-24,1088.2513427734375,1118.300048828125,1133.0999755859375,1113.199951171875,1123.5999755859375,1575291,Sun Pharma,SUNPHARMA.NS
2023-08-25,1076.57373046875,1106.300048828125,1123.300048828125,1100.25,1118.0,1515282,Sun Pharma,SUNPHARMA.NS
2023-08-28,1086.9862060546875,1117.0,1124.1500244140625,1105.1500244140625,1110.050048828125,1959645,Sun Pharma,SUNPHARMA.NS
2023-08-29,1081.7314453125,1111.5999755859375,1125.050048828125,1106.449951171875,1125.050048828125,1749707,Sun Pharma,SUNPHARMA.NS
2023-08-30,1084.9427490234375,1114.9000244140625,1119.1500244140625,1110.5,1117.5,1543173,Sun Pharma,SUNPHARMA.NS
2023-08-31,1081.7314453125,1111.5999755859375,1118.8499755859375,1101.699951171875,1118.8499755859375,4782404,Sun Pharma,SUNPHARMA.NS
2023-09-01,1079.201171875,1109.0,1117.5,1105.75,1112.0,2715249,Sun Pharma,SUNPHARMA.NS
2023-09-04,1079.103759765625,1108.9000244140625,1114.0,1102.0,1114.0,1205294,Sun Pharma,SUNPHARMA.NS
2023-09-05,1101.48583984375,1131.9000244140625,1136.0,1107.199951171875,1110.0,1698118,Sun Pharma,SUNPHARMA.NS
2023-09-06,1111.655029296875,1142.3499755859375,1149.0,1129.050048828125,1137.0,2960249,Sun Pharma,SUNPHARMA.NS
2023-09-07,1102.6051025390625,1133.050048828125,1141.449951171875,1128.5999755859375,1140.0,1863837,Sun Pharma,SUNPHARMA.NS
2023-09-08,1100.0748291015625,1130.449951171875,1138.050048828125,1128.5,1133.0,1789037,Sun Pharma,SUNPHARMA.NS
2023-09-11,1106.3516845703125,1136.9000244140625,1140.0,1125.699951171875,1130.449951171875,2032253,Sun Pharma,SUNPHARMA.NS
2023-09-12,1114.4771728515625,1145.25,1153.800048828125,1137.0999755859375,1142.050048828125,3989578,Sun Pharma,SUNPHARMA.NS
2023-09-13,1117.8829345703125,1148.75,1156.699951171875,1142.300048828125,1149.0,2115524,Sun Pharma,SUNPHARMA.NS
2023-09-14,1113.066162109375,1143.800048828125,1150.9000244140625,1138.75,1148.75,2065163,Sun Pharma,SUNPHARMA.NS
2023-09-15,1118.905029296875,1149.800048828125,1153.800048828125,1144.0,1144.0,2404169,Sun Pharma,SUNPHARMA.NS
2023-09-18,1116.812744140625,1147.6500244140625,1157.0,1142.550048828125,1149.0,962842,Sun Pharma,SUNPHARMA.NS
2023-09-20,1122.1650390625,1153.1500244140625,1156.0,1139.0,1148.0,2303191,Sun Pharma,SUNPHARMA.NS
2023-09-21,1115.35302734375,1146.1500244140625,1156.949951171875,1141.1500244140625,1149.0,2088934,Sun Pharma,SUNPHARMA.NS
2023-09-22,1101.9239501953125,1132.3499755859375,1148.0,1128.300048828125,1142.5,1585418,Sun Pharma,SUNPHARMA.NS
2023-09-25,1093.8468017578125,1124.050048828125,1136.800048828125,1121.6500244140625,1126.199951171875,1009279,Sun Pharma,SUNPHARMA.NS
2023-09-26,1095.598388671875,1125.8499755859375,1130.0,1118.5,1125.0,1966198,Sun Pharma,SUNPHARMA.NS
2023-09-27,1109.319580078125,1139.949951171875,1145.9000244140625,1123.199951171875,1126.1500244140625,2332018,Sun Pharma,SUNPHARMA.NS
2023-09-28,1101.8751220703125,1132.300048828125,1152.0,1128.8499755859375,1142.949951171875,2685663,Sun Pharma,SUNPHARMA.NS
2023-09-29,1127.5172119140625,1158.6500244140625,1167.4000244140625,1134.300048828125,1134.300048828125,2288577,Sun Pharma,SUNPHARMA.NS
2023-10-03,1110.7791748046875,1141.449951171875,1161.949951171875,1139.25,1159.550048828125,1946966,Sun Pharma,SUNPHARMA.NS
2023-10-04,1093.6036376953125,1123.800048828125,1139.0,1113.0,1138.0999755859375,1803871,Sun Pharma,SUNPHARMA.NS
2023-10-05,1089.0299072265625,1119.0999755859375,1128.6500244140625,1111.800048828125,1124.6500244140625,2348562,Sun Pharma,SUNPHARMA.NS
2023-10-06,1097.009521484375,1127.300048828125,1132.1500244140625,1123.0999755859375,1128.0,1056281,Sun Pharma,SUNPHARMA.NS
2023-10-09,1092.873779296875,1123.050048828125,1133.800048828125,1109.0,1111.0,1080276,Sun Pharma,SUNPHARMA.NS
2023-10-10,1096.2310791015625,1126.5,1130.4000244140625,1119.800048828125,1122.0,1092093,Sun Pharma,SUNPHARMA.NS
2023-10-11,1098.42041015625,1128.75,1134.449951171875,1122.3499755859375,1128.0,1456045,Sun Pharma,SUNPHARMA.NS
2023-10-12,1100.0263671875,1130.4000244140625,1132.550048828125,1121.199951171875,1129.0,1221965,Sun Pharma,SUNPHARMA.NS
2023-10-13,1114.52587890625,1145.300048828125,1147.199951171875,1122.0,1126.0999755859375,1934884,Sun Pharma,SUNPHARMA.NS
2023-10-16,1104.7945556640625,1135.300048828125,1147.25,1133.050048828125,1141.5,1144308,Sun Pharma,SUNPHARMA.NS
2023-10-17,1106.2542724609375,1136.800048828125,1144.0,1134.0,1138.6500244140625,798807,Sun Pharma,SUNPHARMA.NS
2023-10-18,1122.408203125,1153.4000244140625,1161.800048828125,1134.050048828125,1137.0,2178517,Sun Pharma,SUNPHARMA.NS
2023-10-19,1110.827880859375,1141.5,1150.0,1135.0,1147.4000244140625,1765065,Sun Pharma,SUNPHARMA.NS
2023-10-20,1111.5091552734375,1142.199951171875,1145.0,1133.0999755859375,1138.0,957910,Sun Pharma,SUNPHARMA.NS
2023-10-23,1092.2899169921875,1122.449951171875,1149.199951171875,1118.0,1135.0,702730,Sun Pharma,SUNPHARMA.NS
2023-10-25,1090.1976318359375,1120.300048828125,1129.699951171875,1112.800048828125,1125.0,1800673,Sun Pharma,SUNPHARMA.NS
2023-10-26,1074.04345703125,1103.699951171875,1117.949951171875,1097.5,1115.949951171875,2223975,Sun Pharma,SUNPHARMA.NS
2023-10-27,1081.439453125,1111.300048828125,1119.800048828125,1107.6500244140625,1112.0,1250965,Sun Pharma,SUNPHARMA.NS
2023-10-30,1085.234375,1115.199951171875,1119.949951171875,1103.8499755859375,1115.699951171875,1078813,Sun Pharma,SUNPHARMA.NS
2023-10-31,1059.349365234375,1088.5999755859375,1119.5999755859375,1068.3499755859375,1119.449951171875,6475786,Sun Pharma,SUNPHARMA.NS
2023-11-01,1086.207763671875,1116.199951171875,1132.550048828125,1082.5999755859375,1092.0,3973264,Sun Pharma,SUNPHARMA.NS
2023-11-02,1102.4105224609375,1132.8499755859375,1137.550048828125,1110.5999755859375,1127.8499755859375,3454692,Sun Pharma,SUNPHARMA.NS
2023-11-03,1110.438720703125,1141.0999755859375,1145.699951171875,1131.5,1138.5,1741756,Sun Pharma,SUNPHARMA.NS
2023-11-06,1119.099365234375,1150.0,1151.0,1140.0,1140.0999755859375,1428537,Sun Pharma,SUNPHARMA.NS
2023-11-07,1139.486572265625,1170.949951171875,1173.550048828125,1146.550048828125,1149.0,1811831,Sun Pharma,SUNPHARMA.NS
2023-11-08,1145.0819091796875,1176.699951171875,1182.9000244140625,1171.0,1175.0,1702301,Sun Pharma,SUNPHARMA.NS
2023-11-09,1144.595458984375,1176.199951171875,1183.25,1166.8499755859375,1181.0,1849169,Sun Pharma,SUNPHARMA.NS
2023-11-10,1147.6607666015625,1179.3499755859375,1181.5,1170.0999755859375,1174.050048828125,957539,Sun Pharma,SUNPHARMA.NS
2023-11-13,1146.152587890625,1177.800048828125,1187.550048828125,1173.75,1180.0999755859375,816825,Sun Pharma,SUNPHARMA.NS
2023-11-15,1149.169189453125,1180.9000244140625,1184.4000244140625,1171.0,1179.5,2246320,Sun Pharma,SUNPHARMA.NS
2023-11-16,1157.5867919921875,1189.550048828125,1194.9000244140625,1179.5999755859375,1182.0,2205723,Sun Pharma,SUNPHARMA.NS
2023-11-17,1162.5009765625,1194.5999755859375,1198.4000244140625,1187.949951171875,1189.800048828125,891965,Sun Pharma,SUNPHARMA.NS
2023-11-20,1156.07861328125,1188.0,1198.25,1185.25,1196.0,1054810,Sun Pharma,SUNPHARMA.NS
2023-11-21,1169.1185302734375,1201.4000244140625,1205.0,1186.25,1189.0,999135,Sun Pharma,SUNPHARMA.NS
2023-11-22,1171.745849609375,1204.0999755859375,1214.800048828125,1199.0,1205.0,1401782,Sun Pharma,SUNPHARMA.NS
2023-11-23,1166.5882568359375,1198.800048828125,1209.9000244140625,1194.75,1203.550048828125,1177434,Sun Pharma,SUNPHARMA.NS
2023-11-24,1163.3280029296875,1195.449951171875,1209.5999755859375,1192.800048828125,1200.0,1376695,Sun Pharma,SUNPHARMA.NS
2023-11-28,1159.33837890625,1191.3499755859375,1200.3499755859375,1189.75,1197.1500244140625,886708,Sun Pharma,SUNPHARMA.NS
2023-11-29,1169.89697265625,1202.199951171875,1209.5,1184.5,1191.949951171875,1813462,Sun Pharma,SUNPHARMA.NS
2023-11-30,1192.911376953125,1225.8499755859375,1231.1500244140625,1192.3499755859375,1192.3499755859375,4672807,Sun Pharma,SUNPHARMA.NS
2023-12-01,1198.1663818359375,1231.25,1241.8499755859375,1225.0,1233.050048828125,1749751,Sun Pharma,SUNPHARMA.NS
2023-12-04,1198.069091796875,1231.1500244140625,1240.0,1220.5,1237.25,1615837,Sun Pharma,SUNPHARMA.NS
2023-12-05,1206.243408203125,1239.550048828125,1243.5999755859375,1220.550048828125,1225.9000244140625,930042,Sun Pharma,SUNPHARMA.NS
2023-12-06,1207.021728515625,1240.3499755859375,1258.0,1233.300048828125,1248.550048828125,1704590,Sun Pharma,SUNPHARMA.NS
2023-12-07,1206.0,1239.300048828125,1241.9000244140625,1228.9000244140625,1231.0,1478355,Sun Pharma,SUNPHARMA.NS
2023-12-08,1202.5941162109375,1235.800048828125,1247.5999755859375,1230.6500244140625,1236.050048828125,1612113,Sun Pharma,SUNPHARMA.NS
2023-12-11,1208.0435791015625,1241.4000244140625,1246.3499755859375,1215.0999755859375,1236.0,1172972,Sun Pharma,SUNPHARMA.NS
2023-12-12,1185.2723388671875,1218.0,1250.0,1212.6500244140625,1249.0,2832873,Sun Pharma,SUNPHARMA.NS
2023-12-13,1199.9666748046875,1233.0999755859375,1239.5999755859375,1212.6500244140625,1218.300048828125,2448178,Sun Pharma,SUNPHARMA.NS
2023-12-14,1198.2149658203125,1231.300048828125,1239.9000244140625,1224.25,1239.0,2341190,Sun Pharma,SUNPHARMA.NS
2023-12-15,1202.54541015625,1235.75,1246.5,1233.0,1241.0,3474624,Sun Pharma,SUNPHARMA.NS
2023-12-18,1219.088623046875,1252.75,1267.9000244140625,1234.0,1235.75,2135393,Sun Pharma,SUNPHARMA.NS
2023-12-19,1211.4981689453125,1244.949951171875,1267.949951171875,1236.5,1264.800048828125,2187458,Sun Pharma,SUNPHARMA.NS
2023-12-20,1199.042236328125,1232.1500244140625,1255.0,1228.449951171875,1255.0,1837031,Sun Pharma,SUNPHARMA.NS
2023-12-21,1200.35595703125,1233.5,1237.949951171875,1208.550048828125,1224.0999755859375,1916222,Sun Pharma,SUNPHARMA.NS
2023-12-22,1210.2330322265625,1243.6500244140625,1251.0,1236.050048828125,1240.0,2058127,Sun Pharma,SUNPHARMA.NS
2023-12-26,1213.979736328125,1247.5,1250.0,1239.300048828125,1243.6500244140625,1796483,Sun Pharma,SUNPHARMA.NS
2023-12-27,1218.7967529296875,1252.449951171875,1255.4000244140625,1241.25,1250.0,2005268,Sun Pharma,SUNPHARMA.NS
2023-12-28,1228.236083984375,1262.1500244140625,1264.6500244140625,1249.550048828125,1254.949951171875,2043365,Sun Pharma,SUNPHARMA.NS
2023-12-29,1225.608642578125,1259.449951171875,1271.949951171875,1252.550048828125,1262.0999755859375,1840160,Sun Pharma,SUNPHARMA.NS
2024-01-01,1226.3870849609375,1260.25,1263.949951171875,1252.5,1261.0,733452,Sun Pharma,SUNPHARMA.NS
2024-01-02,1261.37109375,1296.199951171875,1299.0,1257.1500244140625,1261.0,3174447,Sun Pharma,SUNPHARMA.NS
2024-01-03,1263.706787109375,1298.5999755859375,1304.6500244140625,1291.1500244140625,1296.199951171875,1699057,Sun Pharma,SUNPHARMA.NS
2024-01-04,1277.6710205078125,1312.949951171875,1328.5,1297.050048828125,1304.0,2851729,Sun Pharma,SUNPHARMA.NS
2024-01-05,1265.2635498046875,1300.199951171875,1318.0,1287.0,1318.0,2960339,Sun Pharma,SUNPHARMA.NS
2024-01-08,1270.226806640625,1305.300048828125,1309.949951171875,1299.300048828125,1305.4000244140625,1678133,Sun Pharma,SUNPHARMA.NS
2024-01-09,1288.424072265625,1324.0,1333.449951171875,1306.8499755859375,1314.949951171875,1712486,Sun Pharma,SUNPHARMA.NS
2024-01-10,1289.251220703125,1324.8499755859375,1333.5,1313.1500244140625,1330.050048828125,1278475,Sun Pharma,SUNPHARMA.NS
2024-01-11,1280.8824462890625,1316.25,1331.9000244140625,1310.199951171875,1328.0,1320281,Sun Pharma,SUNPHARMA.NS
2024-01-12,1290.32177734375,1325.949951171875,1330.0,1305.550048828125,1319.0,1538242,Sun Pharma,SUNPHARMA.NS
2024-01-15,1293.63037109375,1329.3499755859375,1340.0,1321.5999755859375,1329.199951171875,1475983,Sun Pharma,SUNPHARMA.NS
2024-01-16,1278.1575927734375,1313.449951171875,1331.550048828125,1307.550048828125,1330.050048828125,824502,Sun Pharma,SUNPHARMA.NS
2024-01-17,1264.0958251953125,1299.0,1320.449951171875,1294.3499755859375,1312.0,2544642,Sun Pharma,SUNPHARMA.NS
2024-01-18,1299.858642578125,1335.75,1343.4000244140625,1290.0,1298.949951171875,2842572,Sun Pharma,SUNPHARMA.NS
2024-01-19,1299.712646484375,1335.5999755859375,1344.4000244140625,1329.1500244140625,1340.0,1605745,Sun Pharma,SUNPHARMA.NS
2024-01-23,1341.26513671875,1378.300048828125,1394.5999755859375,1316.0,1316.0,4129729,Sun Pharma,SUNPHARMA.NS
2024-01-24,1344.962890625,1382.0999755859375,1390.0,1360.3499755859375,1380.0,1719845,Sun Pharma,SUNPHARMA.NS
2024-01-25,1331.533935546875,1368.300048828125,1390.0999755859375,1348.5,1383.550048828125,1870910,Sun Pharma,SUNPHARMA.NS
2024-01-29,1363.2091064453125,1400.8499755859375,1420.8499755859375,1355.199951171875,1365.0,3413149,Sun Pharma,SUNPHARMA.NS
2024-01-30,1334.8909912109375,1371.75,1409.199951171875,1369.1500244140625,1401.9000244140625,1935332,Sun Pharma,SUNPHARMA.NS
2024-01-31,1380.336181640625,1418.449951171875,1438.9000244140625,1366.9000244140625,1371.699951171875,5796356,Sun Pharma,SUNPHARMA.NS
2024-02-01,1370.1185302734375,1407.949951171875,1430.449951171875,1398.9000244140625,1427.0,2442481,Sun Pharma,SUNPHARMA.NS
2024-02-02,1378.584716796875,1416.6500244140625,1433.8499755859375,1405.1500244140625,1409.0,1775449,Sun Pharma,SUNPHARMA.NS
2024-02-05,1424.4677734375,1463.800048828125,1466.0,1423.5999755859375,1426.800048828125,3481964,Sun Pharma,SUNPHARMA.NS
2024-02-06,1435.4639892578125,1475.0999755859375,1478.0,1446.550048828125,1450.0,1893995,Sun Pharma,SUNPHARMA.NS
2024-02-07,1455.9970703125,1496.199951171875,1500.449951171875,1480.4000244140625,1483.0,2259235,Sun Pharma,SUNPHARMA.NS
2024-02-08,1459.305908203125,1499.5999755859375,1507.5,1485.3499755859375,1501.050048828125,2213750,Sun Pharma,SUNPHARMA.NS
2024-02-09,1502.0740966796875,1534.800048828125,1539.0,1492.25,1500.9000244140625,6343881,Sun Pharma,SUNPHARMA.NS
2024-02-12,1501.7313232421875,1534.449951171875,1555.0999755859375,1521.0999755859375,1539.8499755859375,4059288,Sun Pharma,SUNPHARMA.NS
2024-02-13,1509.316162109375,1542.199951171875,1551.0,1525.449951171875,1537.5,4687838,Sun Pharma,SUNPHARMA.NS
2024-02-14,1487.98095703125,1520.4000244140625,1545.800048828125,1508.050048828125,1545.800048828125,2105672,Sun Pharma,SUNPHARMA.NS
2024-02-15,1477.7049560546875,1509.9000244140625,1529.050048828125,1505.550048828125,1529.050048828125,2161691,Sun Pharma,SUNPHARMA.NS
2024-02-16,1477.753662109375,1509.949951171875,1522.0,1504.8499755859375,1515.0,3480879,Sun Pharma,SUNPHARMA.NS
2024-02-19,1497.47412109375,1530.0999755859375,1532.75,1507.4000244140625,1514.8499755859375,777823,Sun Pharma,SUNPHARMA.NS
2024-02-20,1505.8907470703125,1538.699951171875,1542.0,1512.25,1532.0,2230669,Sun Pharma,SUNPHARMA.NS
2024-02-21,1510.490478515625,1543.4000244140625,1549.5,1533.0,1540.050048828125,1993748,Sun Pharma,SUNPHARMA.NS
2024-02-22,1524.8284912109375,1558.050048828125,1561.0,1535.0,1549.5999755859375,1981678,Sun Pharma,SUNPHARMA.NS
2024-02-23,1527.9600830078125,1561.25,1568.449951171875,1550.4000244140625,1558.0,1340283,Sun Pharma,SUNPHARMA.NS
2024-02-26,1523.751708984375,1556.949951171875,1566.9000244140625,1548.699951171875,1562.0,974892,Sun Pharma,SUNPHARMA.NS
2024-02-27,1549.0015869140625,1582.75,1585.449951171875,1549.050048828125,1556.75,2140963,Sun Pharma,SUNPHARMA.NS
2024-02-28,1540.291259765625,1573.8499755859375,1587.449951171875,1562.6500244140625,1586.5,578316,Sun Pharma,SUNPHARMA.NS
2024-02-29,1544.3038330078125,1577.949951171875,1587.800048828125,1556.5,1575.0,2350244,Sun Pharma,SUNPHARMA.NS
2024-03-01,1526.0025634765625,1559.25,1581.9000244140625,1548.050048828125,1580.0,4069161,Sun Pharma,SUNPHARMA.NS
2024-03-04,1519.005126953125,1552.0999755859375,1569.0999755859375,1548.9000244140625,1550.550048828125,2298105,Sun Pharma,SUNPHARMA.NS
2024-03-05,1540.6337890625,1574.199951171875,1576.4000244140625,1535.4000244140625,1553.800048828125,1408172,Sun Pharma,SUNPHARMA.NS
2024-03-06,1569.79833984375,1604.0,1606.75,1566.4000244140625,1575.0,1761032,Sun Pharma,SUNPHARMA.NS
2024-03-07,1571.4620361328125,1605.699951171875,1619.949951171875,1600.4000244140625,1610.75,2440999,Sun Pharma,SUNPHARMA.NS
2024-03-11,1559.6201171875,1593.5999755859375,1627.0,1586.4000244140625,1615.1500244140625,2994345,Sun Pharma,SUNPHARMA.NS
2024-03-12,1550.5185546875,1584.300048828125,1603.800048828125,1580.1500244140625,1592.199951171875,1294598,Sun Pharma,SUNPHARMA.NS
2024-03-13,1525.3665771484375,1558.5999755859375,1592.199951171875,1544.0,1581.199951171875,2881503,Sun Pharma,SUNPHARMA.NS
2024-03-14,1536.718994140625,1570.199951171875,1574.300048828125,1546.25,1567.25,3062556,Sun Pharma,SUNPHARMA.NS
2024-03-15,1515.1881103515625,1548.199951171875,1573.5,1541.199951171875,1568.75,3421374,Sun Pharma,SUNPHARMA.NS
2024-03-18,1537.7467041015625,1571.25,1576.25,1543.449951171875,1548.25,2281873,Sun Pharma,SUNPHARMA.NS
2024-03-19,1515.432861328125,1548.449951171875,1579.75,1540.4000244140625,1574.0,3692624,Sun Pharma,SUNPHARMA.NS
2024-03-20,1516.3138427734375,1549.3499755859375,1559.949951171875,1520.5,1559.949951171875,3412218,Sun Pharma,SUNPHARMA.NS
2024-03-21,1531.8258056640625,1565.199951171875,1570.8499755859375,1542.550048828125,1564.800048828125,2567975,Sun Pharma,SUNPHARMA.NS
2024-03-22,1574.593994140625,1608.9000244140625,1621.0,1566.0999755859375,1568.9000244140625,4941447,Sun Pharma,SUNPHARMA.NS
2024-03-26,1564.0240478515625,1598.0999755859375,1614.699951171875,1593.0999755859375,1595.050048828125,3649049,Sun Pharma,SUNPHARMA.NS
2024-03-27,1569.9453125,1604.1500244140625,1626.1500244140625,1592.0999755859375,1602.0,2530169,Sun Pharma,SUNPHARMA.NS
2024-03-28,1585.99560546875,1620.550048828125,1634.0,1607.949951171875,1609.949951171875,4427587,Sun Pharma,SUNPHARMA.NS
2024-04-01,1594.510009765625,1629.25,1633.75,1618.5,1631.5999755859375,1148498,Sun Pharma,SUNPHARMA.NS
2024-04-02,1587.6590576171875,1622.25,1633.0,1609.9000244140625,1629.25,1921533,Sun Pharma,SUNPHARMA.NS
2024-04-03,1585.310302734375,1619.8499755859375,1628.949951171875,1594.199951171875,1609.0,2098379,Sun Pharma,SUNPHARMA.NS
2024-04-04,1584.821044921875,1619.3499755859375,1628.0,1587.1500244140625,1620.9000244140625,2439461,Sun Pharma,SUNPHARMA.NS
2024-04-05,1574.6917724609375,1609.0,1638.8499755859375,1606.0999755859375,1611.0,1548980,Sun Pharma,SUNPHARMA.NS
2024-04-08,1565.5902099609375,1599.699951171875,1618.9000244140625,1597.0,1611.0,1170390,Sun Pharma,SUNPHARMA.NS
2024-04-09,1568.37939453125,1602.550048828125,1608.8499755859375,1591.949951171875,1601.0,1389391,Sun Pharma,SUNPHARMA.NS
2024-04-10,1569.8475341796875,1604.050048828125,1608.5,1583.75,1603.050048828125,1928878,Sun Pharma,SUNPHARMA.NS
2024-04-12,1507.1630859375,1540.0,1595.0,1534.0,1595.0,8258068,Sun Pharma,SUNPHARMA.NS
2024-04-15,1507.2119140625,1540.050048828125,1544.0999755859375,1503.800048828125,1517.5999755859375,2474028,Sun Pharma,SUNPHARMA.NS
2024-04-16,1504.7655029296875,1537.550048828125,1543.300048828125,1525.1500244140625,1535.0,2058697,Sun Pharma,SUNPHARMA.NS
2024-04-18,1484.0662841796875,1516.4000244140625,1545.550048828125,1506.449951171875,1545.550048828125,3266796,Sun Pharma,SUNPHARMA.NS
2024-04-19,1490.329833984375,1522.800048828125,1528.300048828125,1503.699951171875,1505.0,2536516,Sun Pharma,SUNPHARMA.NS
2024-04-22,1507.260986328125,1540.0999755859375,1548.0,1521.949951171875,1528.449951171875,1680307,Sun Pharma,SUNPHARMA.NS
2024-04-23,1452.9932861328125,1484.6500244140625,1562.449951171875,1477.699951171875,1562.0,9160422,Sun Pharma,SUNPHARMA.NS
2024-04-24,1454.0699462890625,1485.75,1503.0,1479.3499755859375,1484.6500244140625,4652803,Sun Pharma,SUNPHARMA.NS
2024-04-25,1487.736328125,1520.1500244140625,1527.300048828125,1488.6500244140625,1490.0,3846327,Sun Pharma,SUNPHARMA.NS
2024-04-26,1474.426513671875,1506.550048828125,1532.0,1500.050048828125,1531.0,1794350,Sun Pharma,SUNPHARMA.NS
2024-04-29,1489.1553955078125,1521.5999755859375,1527.800048828125,1510.050048828125,1516.0,1091667,Sun Pharma,SUNPHARMA.NS
2024-04-30,1470.0712890625,1502.0999755859375,1529.1500244140625,1497.0,1527.0,1991646,Sun Pharma,SUNPHARMA.NS
2024-05-02,1486.61083984375,1519.0,1530.0,1502.0,1503.0,2494925,Sun Pharma,SUNPHARMA.NS
2024-05-03,1478.92822265625,1511.1500244140625,1537.0,1501.5,1527.0,3183226,Sun Pharma,SUNPHARMA.NS
2024-05-06,1496.5445556640625,1529.1500244140625,1534.0,1508.75,1518.0,1240626,Sun Pharma,SUNPHARMA.NS
2024-05-07,1483.0386962890625,1515.3499755859375,1543.1500244140625,1510.0999755859375,1535.949951171875,1532550,Sun Pharma,SUNPHARMA.NS
2024-05-08,1489.30224609375,1521.75,1525.800048828125,1502.25,1510.0,1026357,Sun Pharma,SUNPHARMA.NS
2024-05-09,1462.7801513671875,1494.6500244140625,1529.949951171875,1489.800048828125,1521.199951171875,1477007,Sun Pharma,SUNPHARMA.NS
2024-05-10,1474.426513671875,1506.550048828125,1526.449951171875,1491.0,1494.6500244140625,1528487,Sun Pharma,SUNPHARMA.NS
2024-05-13,1492.531982421875,1525.050048828125,1530.0,1502.0,1513.0,1628326,Sun Pharma,SUNPHARMA.NS
2024-05-14,1512.301025390625,1545.25,1547.949951171875,1516.050048828125,1525.0,2206236,Sun Pharma,SUNPHARMA.NS
2024-05-15,1494.831787109375,1527.4000244140625,1550.25,1520.3499755859375,1545.25,1207536,Sun Pharma,SUNPHARMA.NS
2024-05-16,1503.5421142578125,1536.300048828125,1541.1500244140625,1508.300048828125,1529.0,2684392,Sun Pharma,SUNPHARMA.NS
2024-05-17,1498.7464599609375,1531.4000244140625,1537.300048828125,1520.1500244140625,1536.0,1341676,Sun Pharma,SUNPHARMA.NS
2024-05-21,1508.0927734375,1540.949951171875,1558.300048828125,1524.0,1530.0,1791791,Sun Pharma,SUNPHARMA.NS
2024-05-22,1506.47802734375,1539.300048828125,1564.0,1505.4000244140625,1547.0,3948239,Sun Pharma,SUNPHARMA.NS
2024-05-23,1463.220458984375,1495.0999755859375,1510.0,1467.0,1510.0,11618479,Sun Pharma,SUNPHARMA.NS
2024-05-24,1454.999755859375,1486.699951171875,1505.699951171875,1477.0999755859375,1504.0,5307322,Sun Pharma,SUNPHARMA.NS
2024-05-27,1434.7900390625,1466.050048828125,1501.0,1460.550048828125,1486.699951171875,3474806,Sun Pharma,SUNPHARMA.NS
2024-05-28,1433.6644287109375,1464.9000244140625,1479.0999755859375,1455.949951171875,1468.949951171875,2616438,Sun Pharma,SUNPHARMA.NS
2024-05-29,1447.414794921875,1478.949951171875,1495.0,1465.6500244140625,1468.0999755859375,2843365,Sun Pharma,SUNPHARMA.NS
2024-05-30,1427.9879150390625,1459.0999755859375,1477.4000244140625,1449.5,1476.0,3133423,Sun Pharma,SUNPHARMA.NS
2024-05-31,1428.6732177734375,1459.800048828125,1479.4000244140625,1440.0,1465.0,5503924,Sun Pharma,SUNPHARMA.NS
2024-06-03,1422.067138671875,1453.050048828125,1498.0,1451.0,1496.5,1855318,Sun Pharma,SUNPHARMA.NS
2024-06-04,1399.36181640625,1429.8499755859375,1476.300048828125,1377.199951171875,1461.5999755859375,5055952,Sun Pharma,SUNPHARMA.NS
2024-06-05,1455.5867919921875,1487.300048828125,1490.0,1432.0,1449.699951171875,2487724,Sun Pharma,SUNPHARMA.NS
2024-06-06,1441.298095703125,1472.699951171875,1494.0,1455.050048828125,1494.0,3004955,Sun Pharma,SUNPHARMA.NS
2024-06-07,1474.719970703125,1506.8499755859375,1510.0999755859375,1472.1500244140625,1479.9000244140625,3404664,Sun Pharma,SUNPHARMA.NS
2024-06-10,1480.8365478515625,1513.0999755859375,1521.699951171875,1505.0999755859375,1519.0,1433942,Sun Pharma,SUNPHARMA.NS
2024-06-11,1467.771240234375,1499.75,1525.0,1497.3499755859375,1524.0,1441589,Sun Pharma,SUNPHARMA.NS
2024-06-12,1474.719970703125,1506.8499755859375,1514.550048828125,1495.8499755859375,1500.0,994784,Sun Pharma,SUNPHARMA.NS
2024-06-13,1478.5858154296875,1510.800048828125,1514.5999755859375,1498.0,1514.5999755859375,1412477,Sun Pharma,SUNPHARMA.NS
2024-06-14,1483.6749267578125,1516.0,1518.0,1505.550048828125,1513.8499755859375,937490,Sun Pharma,SUNPHARMA.NS
2024-06-18,1488.519287109375,1520.949951171875,1522.8499755859375,1510.199951171875,1522.5999755859375,1478241,Sun Pharma,SUNPHARMA.NS
2024-06-19,1471.9306640625,1504.0,1529.8499755859375,1500.0,1524.949951171875,1537367,Sun Pharma,SUNPHARMA.NS
2024-06-20,1439.63427734375,1471.0,1487.949951171875,1467.0,1487.949951171875,4168375,Sun Pharma,SUNPHARMA.NS
2024-06-21,1435.96435546875,1467.25,1488.0,1460.9000244140625,1480.0999755859375,4426556,Sun Pharma,SUNPHARMA.NS
2024-06-24,1462.63330078125,1494.5,1502.9000244140625,1475.050048828125,1475.050048828125,3726155,Sun Pharma,SUNPHARMA.NS
2024-06-25,1473.1051025390625,1505.199951171875,1508.0,1492.300048828125,1498.050048828125,1833311,Sun Pharma,SUNPHARMA.NS
2024-06-26,1488.715087890625,1521.1500244140625,1528.9000244140625,1495.25,1502.0,2563493,Sun Pharma,SUNPHARMA.NS
2024-06-27,1483.9195556640625,1516.25,1528.050048828125,1505.0,1525.0,3881458,Sun Pharma,SUNPHARMA.NS
2024-06-28,1488.4212646484375,1520.8499755859375,1538.949951171875,1515.5999755859375,1520.0,2634599,Sun Pharma,SUNPHARMA.NS
2024-07-01,1487.6873779296875,1520.0999755859375,1530.0,1503.8499755859375,1520.8499755859375,1451094,Sun Pharma,SUNPHARMA.NS
2024-07-02,1491.5531005859375,1524.050048828125,1534.9000244140625,1508.25,1514.0,1336816,Sun Pharma,SUNPHARMA.NS
2024-07-03,1501.2420654296875,1533.949951171875,1536.25,1498.300048828125,1519.3499755859375,1061099,Sun Pharma,SUNPHARMA.NS
2024-07-04,1524.6815185546875,1557.9000244140625,1571.0,1526.0,1535.0,2630823,Sun Pharma,SUNPHARMA.NS
2024-07-05,1534.95751953125,1568.4000244140625,1574.75,1557.0,1562.0,2481046,Sun Pharma,SUNPHARMA.NS
2024-07-08,1523.21337890625,1556.4000244140625,1574.800048828125,1550.949951171875,1570.5999755859375,1120204,Sun Pharma,SUNPHARMA.NS
2024-07-09,1551.5950927734375,1585.4000244140625,1589.9000244140625,1549.800048828125,1564.800048828125,1492840,Sun Pharma,SUNPHARMA.NS
2024-07-10,1564.4647216796875,1598.550048828125,1601.1500244140625,1567.5999755859375,1592.800048828125,1899956,Sun Pharma,SUNPHARMA.NS
2024-07-11,1548.0228271484375,1581.75,1602.5,1572.300048828125,1601.0,1707500,Sun Pharma,SUNPHARMA.NS
2024-07-12,1548.56298828125,1577.300048828125,1587.3499755859375,1550.0,1582.0,1426598,Sun Pharma,SUNPHARMA.NS
2024-07-15,1557.300537109375,1586.199951171875,1594.699951171875,1577.300048828125,1579.949951171875,832804,Sun Pharma,SUNPHARMA.NS
2024-07-16,1550.526611328125,1579.300048828125,1595.0,1574.949951171875,1589.0,688481,Sun Pharma,SUNPHARMA.NS
2024-07-18,1565.2042236328125,1594.25,1596.5999755859375,1570.25,1575.0,1665636,Sun Pharma,SUNPHARMA.NS
2024-07-19,1540.0704345703125,1568.6500244140625,1589.75,1565.1500244140625,1584.699951171875,1649335,Sun Pharma,SUNPHARMA.NS
2024-07-22,1558.4298095703125,1587.3499755859375,1589.5,1555.050048828125,1555.050048828125,826636,Sun Pharma,SUNPHARMA.NS
2024-07-23,1572.420166015625,1601.5999755859375,1605.6500244140625,1574.300048828125,1587.0,1502677,Sun Pharma,SUNPHARMA.NS
2024-07-24,1589.94482421875,1619.449951171875,1624.949951171875,1592.0,1602.0,2923358,Sun Pharma,SUNPHARMA.NS
2024-07-25,1635.450439453125,1665.800048828125,1681.300048828125,1602.199951171875,1614.8499755859375,5329712,Sun Pharma,SUNPHARMA.NS
2024-07-26,1683.0177001953125,1714.25,1723.800048828125,1665.0,1670.449951171875,4591049,Sun Pharma,SUNPHARMA.NS
2024-07-29,1691.853759765625,1723.25,1728.75,1692.75,1715.25,3187339,Sun Pharma,SUNPHARMA.NS
2024-07-30,1670.59814453125,1701.5999755859375,1725.449951171875,1697.0,1716.0999755859375,1525840,Sun Pharma,SUNPHARMA.NS
2024-07-31,1688.02490234375,1719.3499755859375,1730.949951171875,1695.199951171875,1702.0999755859375,1594881,Sun Pharma,SUNPHARMA.NS
2024-08-01,1683.9503173828125,1715.199951171875,1746.449951171875,1681.300048828125,1725.5,5258291,Sun Pharma,SUNPHARMA.NS
2024-08-02,1700.1005859375,1731.6500244140625,1741.800048828125,1683.8499755859375,1700.0,2992406,Sun Pharma,SUNPHARMA.NS
2024-08-05,1689.006591796875,1720.3499755859375,1758.0,1715.0,1725.0,5165558,Sun Pharma,SUNPHARMA.NS
2024-08-06,1676.4398193359375,1707.550048828125,1734.0,1703.949951171875,1725.0,1710278,Sun Pharma,SUNPHARMA.NS
2024-08-07,1702.849609375,1734.449951171875,1736.8499755859375,1709.4000244140625,1720.0,1922313,Sun Pharma,SUNPHARMA.NS
2024-08-08,1705.4024658203125,1737.050048828125,1748.6500244140625,1728.3499755859375,1735.0,2480113,Sun Pharma,SUNPHARMA.NS
2024-08-09,1703.6842041015625,1735.300048828125,1749.800048828125,1730.050048828125,1749.800048828125,751683,Sun Pharma,SUNPHARMA.NS
2024-08-12,1702.2606201171875,1733.8499755859375,1748.5,1730.050048828125,1735.0,1526788,Sun Pharma,SUNPHARMA.NS
2024-08-13,1708.396728515625,1740.0999755859375,1751.8499755859375,1725.5999755859375,1740.0,2076963,Sun Pharma,SUNPHARMA.NS
2024-08-14,1709.918701171875,1741.6500244140625,1753.0,1732.5999755859375,1747.5,2207250,Sun Pharma,SUNPHARMA.NS
2024-08-16,1710.99853515625,1742.75,1751.1500244140625,1728.6500244140625,1749.5999755859375,2180718,Sun Pharma,SUNPHARMA.NS
2024-08-19,1715.9566650390625,1747.800048828125,1752.8499755859375,1740.6500244140625,1752.8499755859375,1363446,Sun Pharma,SUNPHARMA.NS
2024-08-20,1734.16845703125,1766.3499755859375,1770.800048828125,1745.1500244140625,1751.800048828125,1766597,Sun Pharma,SUNPHARMA.NS
2024-08-21,1732.49951171875,1764.6500244140625,1771.949951171875,1757.300048828125,1770.0,1184193,Sun Pharma,SUNPHARMA.NS
2024-08-22,1718.754638671875,1750.6500244140625,1769.5,1748.4000244140625,1769.5,1369554,Sun Pharma,SUNPHARMA.NS
2024-08-23,1743.3973388671875,1775.75,1781.449951171875,1751.9000244140625,1753.75,3515492,Sun Pharma,SUNPHARMA.NS
2024-08-26,1740.1572265625,1772.449951171875,1780.0,1764.5,1780.0,933372,Sun Pharma,SUNPHARMA.NS
2024-08-27,1756.7984619140625,1789.4000244140625,1792.5999755859375,1767.1500244140625,1778.0,1231023,Sun Pharma,SUNPHARMA.NS
2024-08-28,1778.8394775390625,1811.8499755859375,1823.0,1786.3499755859375,1796.9000244140625,1768949,Sun Pharma,SUNPHARMA.NS
2024-08-29,1766.4200439453125,1799.199951171875,1826.8499755859375,1790.25,1809.9000244140625,3205924,Sun Pharma,SUNPHARMA.NS
2024-08-30,1788.4609375,1821.6500244140625,1828.1500244140625,1791.300048828125,1798.1500244140625,3036374,Sun Pharma,SUNPHARMA.NS
2024-09-02,1782.8648681640625,1815.949951171875,1837.0,1805.199951171875,1829.949951171875,1617946,Sun Pharma,SUNPHARMA.NS
2024-09-03,1778.4959716796875,1811.5,1839.550048828125,1805.0999755859375,1820.0,2148689,Sun Pharma,SUNPHARMA.NS
2024-09-04,1799.4569091796875,1832.8499755859375,1835.0,1801.300048828125,1811.5,2473477,Sun Pharma,SUNPHARMA.NS
2024-09-05,1793.2227783203125,1826.5,1843.9000244140625,1820.0,1833.199951171875,1902919,Sun Pharma,SUNPHARMA.NS
2024-09-06,1791.3082275390625,1824.550048828125,1850.0,1805.0,1819.550048828125,1701134,Sun Pharma,SUNPHARMA.NS
2024-09-09,1788.6573486328125,1821.8499755859375,1835.4000244140625,1812.8499755859375,1824.550048828125,1544883,Sun Pharma,SUNPHARMA.NS
2024-09-10,1802.89306640625,1836.3499755859375,1842.25,1825.699951171875,1830.0,1460472,Sun Pharma,SUNPHARMA.NS
2024-09-11,1812.07275390625,1845.699951171875,1857.5,1831.0999755859375,1836.4000244140625,1701900,Sun Pharma,SUNPHARMA.NS
2024-09-12,1831.4139404296875,1865.4000244140625,1871.5,1840.4000244140625,1855.1500244140625,2744070,Sun Pharma,SUNPHARMA.NS
2024-09-13,1819.9761962890625,1853.75,1865.0,1851.4000244140625,1865.0,1322430,Sun Pharma,SUNPHARMA.NS
2024-09-16,1829.008544921875,1862.949951171875,1873.3499755859375,1850.9000244140625,1862.0,1284085,Sun Pharma,SUNPHARMA.NS
2024-09-17,1832.10107421875,1866.0999755859375,1869.6500244140625,1859.25,1863.0,738265,Sun Pharma,SUNPHARMA.NS
2024-09-18,1802.5494384765625,1836.0,1868.0,1829.5999755859375,1868.0,1202676,Sun Pharma,SUNPHARMA.NS
2024-09-19,1812.41650390625,1846.050048828125,1856.0,1835.0,1845.199951171875,1675819,Sun Pharma,SUNPHARMA.NS
2024-09-20,1831.7576904296875,1865.75,1871.0,1841.9000244140625,1851.0999755859375,4229991,Sun Pharma,SUNPHARMA.NS
2024-09-23,1828.76318359375,1862.699951171875,1875.0,1857.5,1867.0,812520,Sun Pharma,SUNPHARMA.NS
2024-09-24,1834.0645751953125,1868.0999755859375,1880.6500244140625,1856.0,1856.0,2528953,Sun Pharma,SUNPHARMA.NS
2024-09-25,1836.47021484375,1870.550048828125,1876.0,1858.550048828125,1874.0,956893,Sun Pharma,SUNPHARMA.NS
2024-09-26,1863.812744140625,1898.4000244140625,1905.0,1867.050048828125,1870.550048828125,2452807,Sun Pharma,SUNPHARMA.NS
2024-09-27,1913.1961669921875,1948.699951171875,1959.300048828125,1915.25,1917.949951171875,3809008,Sun Pharma,SUNPHARMA.NS
2024-09-30,1891.5970458984375,1926.699951171875,1960.3499755859375,1921.050048828125,1949.0,2608461,Sun Pharma,SUNPHARMA.NS
2024-10-01,1884.969970703125,1919.949951171875,1934.75,1902.3499755859375,1924.8499755859375,1275678,Sun Pharma,SUNPHARMA.NS
2024-10-03,1876.035888671875,1910.8499755859375,1936.300048828125,1896.050048828125,1900.800048828125,2492195,Sun Pharma,SUNPHARMA.NS
2024-10-04,1875.25048828125,1910.050048828125,1952.25,1903.6500244140625,1910.8499755859375,2798189,Sun Pharma,SUNPHARMA.NS
2024-10-07,1870.537841796875,1905.25,1917.949951171875,1888.050048828125,1910.050048828125,1691999,Sun Pharma,SUNPHARMA.NS
2024-10-08,1882.2210693359375,1917.1500244140625,1921.449951171875,1901.550048828125,1904.0,2309881,Sun Pharma,SUNPHARMA.NS
2024-10-09,1895.671630859375,1930.8499755859375,1947.0,1894.5,1894.550048828125,1597182,Sun Pharma,SUNPHARMA.NS
2024-10-10,1853.356689453125,1887.75,1937.949951171875,1883.9000244140625,1929.5999755859375,2383012,Sun Pharma,SUNPHARMA.NS
2024-10-11,1867.298095703125,1901.949951171875,1909.3499755859375,1890.5,1899.0,1019117,Sun Pharma,SUNPHARMA.NS
2024-10-14,1874.955810546875,1909.75,1915.75,1895.0999755859375,1903.0,676879,Sun Pharma,SUNPHARMA.NS
2024-10-15,1863.8616943359375,1898.449951171875,1920.4000244140625,1894.6500244140625,1918.0,1383203,Sun Pharma,SUNPHARMA.NS
2024-10-16,1863.9107666015625,1898.5,1914.699951171875,1887.0,1908.949951171875,1401914,Sun Pharma,SUNPHARMA.NS
2024-10-17,1855.1239013671875,1889.550048828125,1923.6500244140625,1879.6500244140625,1923.550048828125,1447059,Sun Pharma,SUNPHARMA.NS
2024-10-18,1875.5450439453125,1910.3499755859375,1917.9000244140625,1872.699951171875,1900.0,1203693,Sun Pharma,SUNPHARMA.NS
2024-10-21,1862.4381103515625,1897.0,1920.550048828125,1890.550048828125,1918.800048828125,660583,Sun Pharma,SUNPHARMA.NS
2024-10-22,1853.160400390625,1887.550048828125,1906.0,1881.0,1892.0,1192915,Sun Pharma,SUNPHARMA.NS
2024-10-23,1805.8385009765625,1839.3499755859375,1889.550048828125,1832.0,1880.050048828125,1673366,Sun Pharma,SUNPHARMA.NS
2024-10-24,1815.2144775390625,1848.9000244140625,1859.550048828125,1829.449951171875,1830.0,1739776,Sun Pharma,SUNPHARMA.NS
2024-10-25,1826.5050048828125,1860.4000244140625,1875.5999755859375,1850.0999755859375,1856.800048828125,2148004,Sun Pharma,SUNPHARMA.NS
2024-10-28,1868.230712890625,1902.9000244140625,1916.0,1835.0,1863.199951171875,2445724,Sun Pharma,SUNPHARMA.NS
2024-10-29,1837.5008544921875,1871.5999755859375,1922.699951171875,1862.0,1922.0,2295542,Sun Pharma,SUNPHARMA.NS
2024-10-30,1818.3560791015625,1852.0999755859375,1880.9000244140625,1820.0,1868.5,1900203,Sun Pharma,SUNPHARMA.NS
2024-10-31,1815.2144775390625,1848.9000244140625,1872.5,1842.0999755859375,1860.0,2572932,Sun Pharma,SUNPHARMA.NS
2024-11-01,1824.54150390625,1858.4000244140625,1864.949951171875,1831.550048828125,1860.0,107596,Sun Pharma,SUNPHARMA.NS
2024-11-04,1775.943359375,1808.9000244140625,1845.0,1760.0999755859375,1845.0,5031861,Sun Pharma,SUNPHARMA.NS
2024-11-05,1770.73974609375,1803.5999755859375,1833.0,1799.449951171875,1805.0,1658010,Sun Pharma,SUNPHARMA.NS
2024-11-06,1794.1552734375,1827.449951171875,1840.0,1802.199951171875,1815.550048828125,2060619,Sun Pharma,SUNPHARMA.NS
2024-11-07,1758.3201904296875,1790.949951171875,1845.0,1778.800048828125,1845.0,1909269,Sun Pharma,SUNPHARMA.NS
2024-11-08,1776.6304931640625,1809.5999755859375,1815.050048828125,1790.949951171875,1799.800048828125,1644075,Sun Pharma,SUNPHARMA.NS
2024-11-11,1761.9036865234375,1794.5999755859375,1817.6500244140625,1791.949951171875,1817.4000244140625,1069649,Sun Pharma,SUNPHARMA.NS
2024-11-12,1768.0399169921875,1800.8499755859375,1825.0,1795.0999755859375,1801.9000244140625,2471888,Sun Pharma,SUNPHARMA.NS
2024-11-13,1746.5880126953125,1779.0,1797.300048828125,1770.449951171875,1791.0,1810332,Sun Pharma,SUNPHARMA.NS
2024-11-14,1735.9847412109375,1768.199951171875,1796.0,1763.1500244140625,1779.699951171875,1473358,Sun Pharma,SUNPHARMA.NS
2024-11-18,1715.9073486328125,1747.75,1799.0,1743.199951171875,1799.0,1533025,Sun Pharma,SUNPHARMA.NS
2024-11-19,1744.8699951171875,1777.25,1806.75,1730.0,1730.050048828125,1933316,Sun Pharma,SUNPHARMA.NS
2024-11-21,1747.56982421875,1780.0,1791.449951171875,1758.050048828125,1772.0,2014349,Sun Pharma,SUNPHARMA.NS
2024-11-22,1762.5911865234375,1795.300048828125,1814.949951171875,1768.050048828125,1785.0,1420813,Sun Pharma,SUNPHARMA.NS
2024-11-25,1766.12548828125,1798.9000244140625,1830.0,1784.1500244140625,1806.0,3137448,Sun Pharma,SUNPHARMA.NS
2024-11-26,1729.5050048828125,1761.5999755859375,1806.75,1753.199951171875,1806.75,1589883,Sun Pharma,SUNPHARMA.NS
2024-11-27,1717.5762939453125,1749.449951171875,1778.5999755859375,1740.25,1760.0999755859375,1982546,Sun Pharma,SUNPHARMA.NS
2024-11-28,1702.6533203125,1734.25,1760.699951171875,1723.4000244140625,1749.449951171875,3071758,Sun Pharma,SUNPHARMA.NS
2024-11-29,1748.4534912109375,1780.9000244140625,1795.800048828125,1739.199951171875,1742.9000244140625,2427677,Sun Pharma,SUNPHARMA.NS
2024-12-02,1775.5997314453125,1808.550048828125,1814.0,1792.1500244140625,1800.0,1948045,Sun Pharma,SUNPHARMA.NS
2024-12-03,1767.254638671875,1800.050048828125,1832.0,1788.3499755859375,1831.25,1543970,Sun Pharma,SUNPHARMA.NS
2024-12-04,1767.4017333984375,1800.199951171875,1814.8499755859375,1785.0,1810.5,2320116,Sun Pharma,SUNPHARMA.NS
2024-12-05,1780.410400390625,1813.449951171875,1825.949951171875,1775.4000244140625,1808.699951171875,2742263,Sun Pharma,SUNPHARMA.NS
2024-12-06,1771.9669189453125,1804.8499755859375,1823.949951171875,1801.0,1815.8499755859375,1590478,Sun Pharma,SUNPHARMA.NS
2024-12-09,1773.7342529296875,1806.6500244140625,1819.949951171875,1796.699951171875,1814.800048828125,1528215,Sun Pharma,SUNPHARMA.NS
2024-12-10,1776.97412109375,1809.949951171875,1823.0,1796.0,1821.0,2043634,Sun Pharma,SUNPHARMA.NS
2024-12-11,1780.950439453125,1814.0,1826.3499755859375,1805.050048828125,1824.300048828125,1745911,Sun Pharma,SUNPHARMA.NS
2024-12-12,1772.55615234375,1805.449951171875,1820.0,1798.050048828125,1819.0,1082394,Sun Pharma,SUNPHARMA.NS
2024-12-13,1780.410400390625,1813.449951171875,1816.800048828125,1774.050048828125,1804.75,1391111,Sun Pharma,SUNPHARMA.NS
2024-12-16,1776.8270263671875,1809.800048828125,1822.5,1792.3499755859375,1818.699951171875,1483330,Sun Pharma,SUNPHARMA.NS
2024-12-17,1756.455078125,1789.050048828125,1815.75,1783.0999755859375,1810.0,1608164,Sun Pharma,SUNPHARMA.NS
2024-12-18,1768.236328125,1801.050048828125,1822.449951171875,1792.800048828125,1798.0,1732860,Sun Pharma,SUNPHARMA.NS
2024-12-19,1790.0811767578125,1823.300048828125,1829.4000244140625,1790.800048828125,1801.0,1924091,Sun Pharma,SUNPHARMA.NS
2024-12-20,1775.8941650390625,1808.8499755859375,1825.949951171875,1794.0999755859375,1823.300048828125,2513418,Sun Pharma,SUNPHARMA.NS
2024-12-23,1781.5394287109375,1814.5999755859375,1828.0,1796.6500244140625,1811.0,1299181,Sun Pharma,SUNPHARMA.NS
2024-12-24,1785.8592529296875,1819.0,1831.75,1803.1500244140625,1814.9000244140625,1121058,Sun Pharma,SUNPHARMA.NS
2024-12-26,1807.802001953125,1841.3499755859375,1845.050048828125,1814.4000244140625,1820.0,1402706,Sun Pharma,SUNPHARMA.NS
2024-12-27,1827.3394775390625,1861.25,1866.0,1836.75,1845.5,1668898,Sun Pharma,SUNPHARMA.NS
2024-12-30,1849.576904296875,1883.9000244140625,1895.75,1855.0,1862.050048828125,6021550,Sun Pharma,SUNPHARMA.NS
2024-12-31,1851.982177734375,1886.3499755859375,1910.0,1868.800048828125,1876.800048828125,1844944,Sun Pharma,SUNPHARMA.NS
2025-01-01,1855.5166015625,1889.949951171875,1902.949951171875,1878.6500244140625,1889.9000244140625,1338092,Sun Pharma,SUNPHARMA.NS
2025-01-02,1843.7845458984375,1878.0,1896.0,1864.949951171875,1892.0,2507223,Sun Pharma,SUNPHARMA.NS
2025-01-03,1815.950927734375,1849.6500244140625,1884.0,1844.0,1878.0,1515825,Sun Pharma,SUNPHARMA.NS
2025-01-06,1813.741943359375,1847.4000244140625,1856.5,1825.6500244140625,1850.5,1397724,Sun Pharma,SUNPHARMA.NS
2025-01-07,1819.6326904296875,1853.4000244140625,1865.0,1845.6500244140625,1848.550048828125,1615649,Sun Pharma,SUNPHARMA.NS
2025-01-08,1804.2677001953125,1837.75,1862.5999755859375,1829.199951171875,1862.5999755859375,1298188,Sun Pharma,SUNPHARMA.NS
2025-01-09,1793.075439453125,1826.3499755859375,1841.0,1814.0,1841.0,1199181,Sun Pharma,SUNPHARMA.NS
2025-01-10,1752.282470703125,1784.800048828125,1834.5999755859375,1772.75,1825.449951171875,857827,Sun Pharma,SUNPHARMA.NS
2025-01-13,1715.072998046875,1746.9000244140625,1785.550048828125,1742.449951171875,1784.5999755859375,1645287,Sun Pharma,SUNPHARMA.NS
2025-01-14,1738.5865478515625,1770.8499755859375,1784.050048828125,1742.0999755859375,1755.0,1962645,Sun Pharma,SUNPHARMA.NS
2025-01-15,1724.841552734375,1756.8499755859375,1775.0,1747.699951171875,1772.800048828125,857867,Sun Pharma,SUNPHARMA.NS
2025-01-16,1731.174072265625,1763.300048828125,1775.5999755859375,1740.800048828125,1775.050048828125,2180496,Sun Pharma,SUNPHARMA.NS
2025-01-17,1754.00048828125,1786.550048828125,1791.949951171875,1767.5999755859375,1779.0,1163986,Sun Pharma,SUNPHARMA.NS
2025-01-20,1745.8516845703125,1778.25,1800.449951171875,1768.300048828125,1789.3499755859375,1341246,Sun Pharma,SUNPHARMA.NS
2025-01-21,1730.5849609375,1762.699951171875,1805.75,1759.5,1772.0999755859375,2489267,Sun Pharma,SUNPHARMA.NS
2025-01-22,1766.174560546875,1798.949951171875,1803.5999755859375,1773.8499755859375,1777.0,2262270,Sun Pharma,SUNPHARMA.NS
2025-01-23,1800.193115234375,1833.5999755859375,1839.75,1786.050048828125,1788.0999755859375,1974760,Sun Pharma,SUNPHARMA.NS
2025-01-24,1789.0009765625,1822.199951171875,1843.0999755859375,1808.199951171875,1829.0,1277935,Sun Pharma,SUNPHARMA.NS
2025-01-27,1754.2950439453125,1786.8499755859375,1824.25,1774.300048828125,1818.0999755859375,1452975,Sun Pharma,SUNPHARMA.NS
2025-01-28,1674.42724609375,1705.5,1780.0,1693.0999755859375,1779.800048828125,5972497,Sun Pharma,SUNPHARMA.NS
2025-01-29,1703.7332763671875,1735.3499755859375,1744.0,1696.0,1705.5,1433336,Sun Pharma,SUNPHARMA.NS
2025-01-30,1707.4150390625,1739.0999755859375,1760.300048828125,1725.300048828125,1740.449951171875,2017991,Sun Pharma,SUNPHARMA.NS
2025-01-31,1712.1766357421875,1743.949951171875,1769.8499755859375,1706.050048828125,1742.0,4275269,Sun Pharma,SUNPHARMA.NS
2025-02-01,1710.45849609375,1742.199951171875,1789.0,1733.300048828125,1740.0,1477972,Sun Pharma,SUNPHARMA.NS
2025-02-03,1708.8876953125,1740.5999755859375,1785.9000244140625,1710.550048828125,1781.449951171875,2210231,Sun Pharma,SUNPHARMA.NS
2025-02-04,1733.0885009765625,1765.25,1776.25,1740.6500244140625,1749.300048828125,2796294,Sun Pharma,SUNPHARMA.NS
2025-02-05,1720.8162841796875,1752.75,1773.800048828125,1735.199951171875,1773.800048828125,1787905,Sun Pharma,SUNPHARMA.NS
2025-02-06,1720.5693359375,1742.0,1768.3499755859375,1736.300048828125,1753.0,3421791,Sun Pharma,SUNPHARMA.NS
2025-02-07,1728.2734375,1749.800048828125,1753.0,1727.300048828125,1751.4000244140625,1371545,Sun Pharma,SUNPHARMA.NS
2025-02-10,1710.7911376953125,1732.0999755859375,1750.0,1723.699951171875,1741.25,1237839,Sun Pharma,SUNPHARMA.NS
2025-02-11,1678.839111328125,1699.75,1734.199951171875,1695.050048828125,1725.199951171875,2779274,Sun Pharma,SUNPHARMA.NS
2025-02-12,1673.01171875,1693.8499755859375,1714.949951171875,1688.050048828125,1706.449951171875,1757284,Sun Pharma,SUNPHARMA.NS
2025-02-13,1724.8658447265625,1746.3499755859375,1752.75,1699.949951171875,1700.0,2750390,Sun Pharma,SUNPHARMA.NS
2025-02-14,1679.579833984375,1700.5,1748.949951171875,1685.0,1747.3499755859375,2123774,Sun Pharma,SUNPHARMA.NS
2025-02-17,1693.1112060546875,1714.199951171875,1735.3499755859375,1696.050048828125,1700.5,2277889,Sun Pharma,SUNPHARMA.NS
2025-02-18,1680.6663818359375,1701.5999755859375,1729.75,1698.4000244140625,1714.199951171875,2163972,Sun Pharma,SUNPHARMA.NS
2025-02-19,1655.973876953125,1676.5999755859375,1699.0,1647.0999755859375,1665.0999755859375,2576319,Sun Pharma,SUNPHARMA.NS
2025-02-20,1648.7637939453125,1669.300048828125,1677.949951171875,1663.0,1667.1500244140625,1670915,Sun Pharma,SUNPHARMA.NS
2025-02-21,1623.528076171875,1643.75,1684.4000244140625,1632.0,1678.050048828125,2244190,Sun Pharma,SUNPHARMA.NS
2025-02-24,1619.3302001953125,1639.5,1669.9000244140625,1627.050048828125,1629.75,2357441,Sun Pharma,SUNPHARMA.NS
2025-02-25,1593.7490234375,1613.5999755859375,1647.800048828125,1606.25,1639.5,2836717,Sun Pharma,SUNPHARMA.NS
2025-02-27,1627.23193359375,1647.5,1653.0999755859375,1605.050048828125,1628.949951171875,2744489,Sun Pharma,SUNPHARMA.NS
2025-02-28,1573.6492919921875,1593.25,1671.0,1586.4000244140625,1671.0,3549979,Sun Pharma,SUNPHARMA.NS
2025-03-03,1565.599609375,1585.0999755859375,1607.4000244140625,1582.199951171875,1585.300048828125,1425492,Sun Pharma,SUNPHARMA.NS
2025-03-04,1547.2283935546875,1566.5,1590.0,1556.0,1585.0,1717135,Sun Pharma,SUNPHARMA.NS
2025-03-05,1562.982177734375,1582.449951171875,1586.300048828125,1553.050048828125,1564.5999755859375,2428171,Sun Pharma,SUNPHARMA.NS
2025-03-06,1594.14404296875,1614.0,1617.9000244140625,1572.550048828125,1598.25,2458676,Sun Pharma,SUNPHARMA.NS
2025-03-07,1589.501953125,1609.300048828125,1628.75,1605.6500244140625,1624.0,980890,Sun Pharma,SUNPHARMA.NS
2025-03-10,1591.6748046875,1611.5,1641.449951171875,1602.75,1621.949951171875,1600589,Sun Pharma,SUNPHARMA.NS
2025-03-11,1634.9359130859375,1655.300048828125,1663.5999755859375,1605.3499755859375,1616.0999755859375,3325416,Sun Pharma,SUNPHARMA.NS
2025-03-12,1656.2208251953125,1676.8499755859375,1680.25,1658.050048828125,1662.0,2389362,Sun Pharma,SUNPHARMA.NS
2025-03-13,1662.7396240234375,1683.449951171875,1687.1500244140625,1663.449951171875,1672.0,1666929,Sun Pharma,SUNPHARMA.NS
2025-03-17,1683.3331298828125,1704.300048828125,1720.1500244140625,1688.3499755859375,1694.050048828125,2588408,Sun Pharma,SUNPHARMA.NS
2025-03-18,1683.3331298828125,1704.300048828125,1704.300048828125,1704.300048828125,1704.300048828125,0,Sun Pharma,SUNPHARMA.NS
2025-03-19,1711.0380859375,1732.3499755859375,1748.0,1726.300048828125,1747.800048828125,2167448,Sun Pharma,SUNPHARMA.NS
2025-03-20,1728.7178955078125,1750.25,1757.1500244140625,1722.9000244140625,1735.6500244140625,1602232,Sun Pharma,SUNPHARMA.NS
2025-03-21,1762.5465087890625,1784.5,1792.800048828125,1750.25,1759.0,2483162,Sun Pharma,SUNPHARMA.NS
2025-03-24,1762.8427734375,1784.800048828125,1820.0,1777.5999755859375,1794.5,1182084,Sun Pharma,SUNPHARMA.NS
2025-03-25,1743.039306640625,1764.75,1795.949951171875,1758.5,1784.800048828125,1471028,Sun Pharma,SUNPHARMA.NS
2025-03-26,1737.3106689453125,1758.949951171875,1770.800048828125,1746.0999755859375,1767.949951171875,1762361,Sun Pharma,SUNPHARMA.NS
2025-03-27,1710.149169921875,1731.449951171875,1752.300048828125,1720.0,1751.0,3279881,Sun Pharma,SUNPHARMA.NS
2025-03-28,1713.359130859375,1734.699951171875,1741.3499755859375,1705.199951171875,1731.449951171875,1956781,Sun Pharma,SUNPHARMA.NS
2025-04-01,1677.4564208984375,1698.3499755859375,1733.949951171875,1681.5999755859375,1731.0,4142445,Sun Pharma,SUNPHARMA.NS
2025-04-02,1692.568115234375,1713.6500244140625,1718.449951171875,1685.9000244140625,1695.0,3369489,Sun Pharma,SUNPHARMA.NS
2025-04-03,1748.224853515625,1770.0,1812.699951171875,1750.0,1755.0,5715573,Sun Pharma,SUNPHARMA.NS
2025-04-04,1688.3209228515625,1709.3499755859375,1778.8499755859375,1658.050048828125,1778.8499755859375,5345276,Sun Pharma,SUNPHARMA.NS
2025-04-07,1645.8499755859375,1666.3499755859375,1692.0,1620.0999755859375,1620.0999755859375,5715334,Sun Pharma,SUNPHARMA.NS
2025-04-08,1667.5794677734375,1688.3499755859375,1709.8499755859375,1645.0,1645.0,2807382,Sun Pharma,SUNPHARMA.NS
2025-04-09,1631.8740234375,1652.199951171875,1679.75,1640.0,1650.0,3481864,Sun Pharma,SUNPHARMA.NS
2025-04-11,1666.789306640625,1687.550048828125,1737.0,1682.0999755859375,1710.0,3801939,Sun Pharma,SUNPHARMA.NS
2025-04-15,1684.0245361328125,1705.0,1724.5,1696.800048828125,1720.0,1993085,Sun Pharma,SUNPHARMA.NS
2025-04-16,1672.27099609375,1693.0999755859375,1702.699951171875,1682.0999755859375,1691.0999755859375,2205374,Sun Pharma,SUNPHARMA.NS
2025-04-17,1729.952392578125,1751.5,1758.0,1687.4000244140625,1695.0,2683908,Sun Pharma,SUNPHARMA.NS
2025-04-21,1723.4337158203125,1744.9000244140625,1761.0,1731.300048828125,1761.0,1539511,Sun Pharma,SUNPHARMA.NS
2025-04-22,1725.9029541015625,1747.4000244140625,1755.0,1734.5,1751.0,961907,Sun Pharma,SUNPHARMA.NS
2025-04-23,1766.7935791015625,1788.800048828125,1791.300048828125,1742.0999755859375,1754.199951171875,1471029,Sun Pharma,SUNPHARMA.NS
2025-04-24,1781.7078857421875,1803.9000244140625,1807.9000244140625,1773.9000244140625,1790.0,2101177,Sun Pharma,SUNPHARMA.NS
2025-04-25,1765.410888671875,1787.4000244140625,1815.5,1764.199951171875,1806.0,2036801,Sun Pharma,SUNPHARMA.NS
2025-04-28,1818.9439697265625,1841.5999755859375,1846.0,1781.199951171875,1787.4000244140625,3216482,Sun Pharma,SUNPHARMA.NS
2025-04-29,1783.2880859375,1805.5,1846.0,1797.0,1845.0,2886160,Sun Pharma,SUNPHARMA.NS
2025-04-30,1809.758544921875,1832.300048828125,1838.9000244140625,1803.300048828125,1810.0,2667314,Sun Pharma,SUNPHARMA.NS
2025-05-02,1802.153076171875,1824.5999755859375,1851.199951171875,1813.800048828125,1832.300048828125,1885257,Sun Pharma,SUNPHARMA.NS
2025-05-05,1814.005615234375,1836.5999755859375,1843.300048828125,1821.4000244140625,1827.800048828125,1219830,Sun Pharma,SUNPHARMA.NS
2025-05-06,1796.7208251953125,1819.0999755859375,1827.9000244140625,1799.0,1820.0,1414772,Sun Pharma,SUNPHARMA.NS
2025-05-07,1759.3858642578125,1781.300048828125,1826.4000244140625,1778.699951171875,1817.9000244140625,2015237,Sun Pharma,SUNPHARMA.NS
2025-05-08,1745.4593505859375,1767.199951171875,1788.9000244140625,1755.0,1781.300048828125,2647871,Sun Pharma,SUNPHARMA.NS
2025-05-09,1723.3349609375,1744.800048828125,1766.300048828125,1731.699951171875,1751.9000244140625,1148956,Sun Pharma,SUNPHARMA.NS
2025-05-12,1665.4556884765625,1686.199951171875,1712.4000244140625,1623.5999755859375,1695.699951171875,9221075,Sun Pharma,SUNPHARMA.NS
2025-05-13,1679.086181640625,1700.0,1748.5,1691.300048828125,1711.0,6988329,Sun Pharma,SUNPHARMA.NS
2025-05-14,1687.1851806640625,1708.199951171875,1711.4000244140625,1692.0999755859375,1702.0,1639324,Sun Pharma,SUNPHARMA.NS
2025-05-15,1718.6927490234375,1740.0999755859375,1744.4000244140625,1684.0999755859375,1701.0999755859375,3880385,Sun Pharma,SUNPHARMA.NS
2025-05-16,1713.5567626953125,1734.9000244140625,1741.5999755859375,1719.0,1740.0,1448249,Sun Pharma,SUNPHARMA.NS
2025-05-19,1708.9144287109375,1730.199951171875,1765.0,1726.5999755859375,1745.0,2074023,Sun Pharma,SUNPHARMA.NS
2025-05-20,1686.7900390625,1707.800048828125,1748.0,1703.300048828125,1743.800048828125,2706777,Sun Pharma,SUNPHARMA.NS
2025-05-21,1710.494873046875,1731.800048828125,1758.699951171875,1707.800048828125,1716.4000244140625,2754306,Sun Pharma,SUNPHARMA.NS
2025-05-22,1697.555908203125,1718.699951171875,1740.0,1707.199951171875,1734.199951171875,2670554,Sun Pharma,SUNPHARMA.NS
2025-05-23,1662.8878173828125,1683.5999755859375,1689.5,1636.5999755859375,1658.0,8339783,Sun Pharma,SUNPHARMA.NS
2025-05-26,1655.47998046875,1676.0999755859375,1702.4000244140625,1667.0,1693.0999755859375,2282131,Sun Pharma,SUNPHARMA.NS
2025-05-27,1662.6903076171875,1683.4000244140625,1692.0,1661.0999755859375,1676.0999755859375,2800622,Sun Pharma,SUNPHARMA.NS
2025-05-28,1645.8994140625,1666.4000244140625,1686.9000244140625,1663.0,1683.4000244140625,2657712,Sun Pharma,SUNPHARMA.NS
2025-05-29,1678.8885498046875,1699.800048828125,1703.300048828125,1670.4000244140625,1675.0,2377583,Sun Pharma,SUNPHARMA.NS
2025-05-30,1656.961669921875,1677.5999755859375,1713.5999755859375,1669.0999755859375,1702.0,3640641,Sun Pharma,SUNPHARMA.NS
2025-06-02,1653.99853515625,1674.5999755859375,1683.5,1660.5,1679.0,1819538,Sun Pharma,SUNPHARMA.NS
2025-06-03,1646.98583984375,1667.5,1695.0,1657.5999755859375,1695.0,2556920,Sun Pharma,SUNPHARMA.NS
2025-06-04,1644.41796875,1664.9000244140625,1669.0,1649.0,1656.0,1700482,Sun Pharma,SUNPHARMA.NS
2025-06-05,1662.3939208984375,1683.0999755859375,1694.300048828125,1662.0,1662.0,2037073,Sun Pharma,SUNPHARMA.NS
2025-06-06,1658.5419921875,1679.199951171875,1689.0,1669.0,1685.0,2500047,Sun Pharma,SUNPHARMA.NS
2025-06-09,1673.554931640625,1694.4000244140625,1698.800048828125,1673.300048828125,1679.9000244140625,2589656,Sun Pharma,SUNPHARMA.NS
2025-06-10,1668.02392578125,1688.800048828125,1706.9000244140625,1677.699951171875,1701.800048828125,2369135,Sun Pharma,SUNPHARMA.NS
2025-06-11,1669.8017578125,1690.5999755859375,1695.0,1679.300048828125,1694.800048828125,1999978,Sun Pharma,SUNPHARMA.NS
2025-06-12,1666.64111328125,1687.4000244140625,1727.5,1681.0999755859375,1694.9000244140625,3588365,Sun Pharma,SUNPHARMA.NS
2025-06-13,1667.0361328125,1687.800048828125,1700.0,1661.0999755859375,1666.800048828125,2404272,Sun Pharma,SUNPHARMA.NS
2025-06-16,1664.56689453125,1685.300048828125,1689.800048828125,1655.699951171875,1665.0,2249326,Sun Pharma,SUNPHARMA.NS
2025-06-17,1629.898681640625,1650.199951171875,1681.699951171875,1641.0999755859375,1680.0,5408285,Sun Pharma,SUNPHARMA.NS
2025-06-18,1627.7257080078125,1648.0,1661.300048828125,1638.5,1645.0,1455885,Sun Pharma,SUNPHARMA.NS
2025-06-19,1627.3306884765625,1647.5999755859375,1655.300048828125,1636.0,1648.0999755859375,1696525,Sun Pharma,SUNPHARMA.NS
2025-06-20,1644.615478515625,1665.0999755859375,1670.0,1645.5999755859375,1647.5999755859375,2567882,Sun Pharma,SUNPHARMA.NS
2025-06-23,1642.04736328125,1662.5,1667.0,1647.199951171875,1663.199951171875,840643,Sun Pharma,SUNPHARMA.NS
2025-06-24,1641.2572021484375,1661.699951171875,1686.4000244140625,1658.800048828125,1670.5,2066326,Sun Pharma,SUNPHARMA.NS
2025-06-25,1649.0599365234375,1669.5999755859375,1678.800048828125,1658.0999755859375,1661.699951171875,1372945,Sun Pharma,SUNPHARMA.NS
2025-06-26,1649.257568359375,1669.800048828125,1678.9000244140625,1650.4000244140625,1674.800048828125,2102627,Sun Pharma,SUNPHARMA.NS
2025-06-27,1666.8385009765625,1687.5999755859375,1695.699951171875,1668.199951171875,1670.199951171875,5313904,Sun Pharma,SUNPHARMA.NS
2025-06-30,1655.0850830078125,1675.699951171875,1704.5,1671.5999755859375,1696.0,2160184,Sun Pharma,SUNPHARMA.NS
2025-07-01,1646.6895751953125,1667.199951171875,1684.300048828125,1657.5,1675.699951171875,3298070,Sun Pharma,SUNPHARMA.NS
2025-07-02,1656.86279296875,1677.5,1682.0,1656.0,1656.0,1611046,Sun Pharma,SUNPHARMA.NS
2025-07-03,1659.0357666015625,1679.699951171875,1692.800048828125,1674.5,1677.5,1553777,Sun Pharma,SUNPHARMA.NS
2025-07-04,1655.6776123046875,1676.300048828125,1686.699951171875,1671.5999755859375,1686.699951171875,1264399,Sun Pharma,SUNPHARMA.NS
2025-07-07,1664.6953125,1679.9000244140625,1682.4000244140625,1663.0,1674.699951171875,1550620,Sun Pharma,SUNPHARMA.NS
2025-07-08,1657.3623046875,1672.5,1682.0,1649.0999755859375,1680.0,1860328,Sun Pharma,SUNPHARMA.NS
2025-07-09,1654.2904052734375,1669.4000244140625,1680.800048828125,1647.0,1660.0,2178705,Sun Pharma,SUNPHARMA.NS
2025-07-10,1647.4527587890625,1662.5,1670.5999755859375,1647.199951171875,1662.0,1741718,Sun Pharma,SUNPHARMA.NS
2025-07-11,1656.8668212890625,1672.0,1679.9000244140625,1662.199951171875,1665.800048828125,1298302,Sun Pharma,SUNPHARMA.NS
2025-07-14,1667.370849609375,1682.5999755859375,1696.9000244140625,1675.5,1680.4000244140625,1309704,Sun Pharma,SUNPHARMA.NS
2025-07-15,1711.864501953125,1727.5,1730.9000244140625,1687.9000244140625,1705.0,3332578,Sun Pharma,SUNPHARMA.NS
2025-07-16,1685.6043701171875,1701.0,1731.300048828125,1698.0,1730.0,2285143,Sun Pharma,SUNPHARMA.NS
2025-07-17,1687.982666015625,1703.4000244140625,1717.0,1696.0,1704.0,1461039,Sun Pharma,SUNPHARMA.NS
2025-07-18,1678.271240234375,1693.5999755859375,1709.4000244140625,1686.699951171875,1709.0,1253929,Sun Pharma,SUNPHARMA.NS
2025-07-21,1676.983154296875,1692.300048828125,1701.4000244140625,1677.5,1681.0999755859375,2390289,Sun Pharma,SUNPHARMA.NS
2025-07-22,1662.8125,1678.0,1693.0999755859375,1672.800048828125,1686.0999755859375,1244491,Sun Pharma,SUNPHARMA.NS
2025-07-23,1667.271728515625,1682.5,1689.5999755859375,1671.4000244140625,1678.5,1229173,Sun Pharma,SUNPHARMA.NS
2025-07-24,1676.685791015625,1692.0,1696.0,1680.0999755859375,1682.5,1079045,Sun Pharma,SUNPHARMA.NS
2025-07-25,1683.6224365234375,1699.0,1702.0,1682.199951171875,1690.0,1088592,Sun Pharma,SUNPHARMA.NS
2025-07-28,1686.7933349609375,1702.199951171875,1710.0999755859375,1693.9000244140625,1702.0999755859375,2168507,Sun Pharma,SUNPHARMA.NS
2025-07-29,1695.018310546875,1710.5,1718.0,1697.0999755859375,1698.0,1325544,Sun Pharma,SUNPHARMA.NS
2025-07-30,1718.1075439453125,1733.800048828125,1740.5,1712.0999755859375,1720.0,2318723,Sun Pharma,SUNPHARMA.NS
2025-07-31,1691.252685546875,1706.699951171875,1748.0,1694.0,1715.5,3233087,Sun Pharma,SUNPHARMA.NS
2025-08-01,1614.94970703125,1629.699951171875,1695.0,1608.0,1690.0,8774548,Sun Pharma,SUNPHARMA.NS
2025-08-04,1626.7418212890625,1641.5999755859375,1647.4000244140625,1613.5999755859375,1629.800048828125,1898762,Sun Pharma,SUNPHARMA.NS
2025-08-05,1617.327880859375,1632.0999755859375,1644.5999755859375,1620.0999755859375,1640.9000244140625,1622897,Sun Pharma,SUNPHARMA.NS
2025-08-06,1580.761962890625,1595.199951171875,1629.699951171875,1591.0,1629.699951171875,2376257,Sun Pharma,SUNPHARMA.NS
2025-08-07,1583.932861328125,1598.4000244140625,1605.4000244140625,1571.0,1581.0,3435674,Sun Pharma,SUNPHARMA.NS
2025-08-08,1572.5369873046875,1586.9000244140625,1602.0,1580.9000244140625,1590.0,1654424,Sun Pharma,SUNPHARMA.NS
2025-08-11,1593.842529296875,1608.4000244140625,1660.0,1584.199951171875,1586.9000244140625,1140902,Sun Pharma,SUNPHARMA.NS
2025-08-12,1607.5174560546875,1622.199951171875,1636.699951171875,1610.0999755859375,1611.699951171875,1679088,Sun Pharma,SUNPHARMA.NS
2025-08-13,1624.9583740234375,1639.800048828125,1643.5,1617.300048828125,1624.199951171875,1313668,Sun Pharma,SUNPHARMA.NS
2025-08-14,1626.5438232421875,1641.4000244140625,1651.0999755859375,1632.199951171875,1639.800048828125,1738094,Sun Pharma,SUNPHARMA.NS
2025-08-18,1617.9224853515625,1632.699951171875,1649.5999755859375,1625.4000244140625,1649.5999755859375,3080173,Sun Pharma,SUNPHARMA.NS
2025-08-19,1611.8775634765625,1626.5999755859375,1638.0,1619.0999755859375,1632.800048828125,2656391,Sun Pharma,SUNPHARMA.NS
2025-08-20,1618.31884765625,1633.0999755859375,1636.5,1616.0,1634.0,1831706,Sun Pharma,SUNPHARMA.NS
2025-08-21,1625.3544921875,1640.199951171875,1652.5,1623.9000244140625,1630.800048828125,1727099,Sun Pharma,SUNPHARMA.NS
2025-08-22,1626.940185546875,1641.800048828125,1651.4000244140625,1635.0999755859375,1642.0,2098310,Sun Pharma,SUNPHARMA.NS
2025-08-25,1641.7052001953125,1656.699951171875,1660.5,1634.0,1649.199951171875,1904984,Sun Pharma,SUNPHARMA.NS
2025-08-26,1585.8157958984375,1600.300048828125,1647.4000244140625,1596.199951171875,1645.0,4502371,Sun Pharma,SUNPHARMA.NS
2025-08-28,1571.347900390625,1585.699951171875,1600.0,1567.5999755859375,1593.0999755859375,4993739,Sun Pharma,SUNPHARMA.NS
2025-08-29,1580.0682373046875,1594.5,1601.699951171875,1575.800048828125,1581.0,3176534,Sun Pharma,SUNPHARMA.NS
2025-09-01,1549.150634765625,1563.300048828125,1600.199951171875,1556.199951171875,1599.0,9366820,Sun Pharma,SUNPHARMA.NS
2025-09-02,1551.033447265625,1565.199951171875,1570.300048828125,1558.0,1566.0,2855840,Sun Pharma,SUNPHARMA.NS
2025-09-03,1564.4112548828125,1578.699951171875,1581.0999755859375,1558.300048828125,1562.0999755859375,2091370,Sun Pharma,SUNPHARMA.NS
2025-09-04,1567.978759765625,1582.300048828125,1597.0,1561.0,1597.0,2298657,Sun Pharma,SUNPHARMA.NS
2025-09-05,1579.1763916015625,1593.5999755859375,1599.300048828125,1575.5,1582.4000244140625,1814479,Sun Pharma,SUNPHARMA.NS
2025-09-08,1566.6904296875,1581.0,1604.5,1578.199951171875,1597.5999755859375,1369139,Sun Pharma,SUNPHARMA.NS
2025-09-09,1577.2935791015625,1591.699951171875,1597.0,1577.5,1580.0,1709406,Sun Pharma,SUNPHARMA.NS
2025-09-10,1578.978271484375,1593.4000244140625,1601.5999755859375,1582.4000244140625,1592.0999755859375,2408379,Sun Pharma,SUNPHARMA.NS
2025-09-11,1595.130615234375,1609.699951171875,1617.0,1591.0,1592.5,1762484,Sun Pharma,SUNPHARMA.NS
2025-09-12,1601.9681396484375,1616.5999755859375,1622.5,1603.0999755859375,1610.0,1878894,Sun Pharma,SUNPHARMA.NS
2025-09-15,1587.5003662109375,1602.0,1617.0999755859375,1595.4000244140625,1616.5999755859375,2005917,Sun Pharma,SUNPHARMA.NS
2025-09-16,1595.9234619140625,1610.5,1615.0,1600.0,1602.5,1480567,Sun Pharma,SUNPHARMA.NS
2025-09-17,1605.53564453125,1620.199951171875,1622.0999755859375,1607.4000244140625,1612.5999755859375,2128406,Sun Pharma,SUNPHARMA.NS
2025-09-18,1633.678466796875,1648.5999755859375,1651.300048828125,1627.699951171875,1635.0999755859375,1832386,Sun Pharma,SUNPHARMA.NS
2025-09-19,1641.0115966796875,1656.0,1668.0999755859375,1643.0999755859375,1648.5999755859375,3191406,Sun Pharma,SUNPHARMA.NS
2025-09-22,1629.1202392578125,1644.0,1657.9000244140625,1635.300048828125,1650.0,1785320,Sun Pharma,SUNPHARMA.NS
2025-09-23,1616.43603515625,1631.199951171875,1644.0,1625.0999755859375,1643.199951171875,1967731,Sun Pharma,SUNPHARMA.NS
2025-09-24,1612.3731689453125,1627.0999755859375,1635.9000244140625,1625.0,1630.0,1131058,Sun Pharma,SUNPHARMA.NS
2025-09-25,1612.67041015625,1627.4000244140625,1642.800048828125,1622.699951171875,1627.9000244140625,2762750,Sun Pharma,SUNPHARMA.NS
2025-09-26,1572.3387451171875,1586.699951171875,1602.9000244140625,1548.0,1585.0,7256759,Sun Pharma,SUNPHARMA.NS
2025-09-29,1574.9154052734375,1589.300048828125,1618.9000244140625,1580.0,1581.0,4180922,Sun Pharma,SUNPHARMA.NS
2025-09-30,1579.8701171875,1594.300048828125,1604.300048828125,1586.0,1589.0999755859375,2257443,Sun Pharma,SUNPHARMA.NS
2025-10-01,1621.3907470703125,1636.199951171875,1651.5,1611.9000244140625,1611.9000244140625,3109095,Sun Pharma,SUNPHARMA.NS
2025-10-03,1616.43603515625,1631.199951171875,1645.5,1600.0,1600.0,4041865,Sun Pharma,SUNPHARMA.NS
2025-10-06,1639.723388671875,1654.699951171875,1659.699951171875,1620.0,1630.0,1756916,Sun Pharma,SUNPHARMA.NS
2025-10-07,1638.1378173828125,1653.0999755859375,1663.0,1647.0,1649.4000244140625,2174852,Sun Pharma,SUNPHARMA.NS
2025-10-08,1616.8323974609375,1631.5999755859375,1655.0,1629.0,1645.0,1846507,Sun Pharma,SUNPHARMA.NS
2025-10-09,1643.489013671875,1658.5,1662.300048828125,1632.4000244140625,1645.0,2197566,Sun Pharma,SUNPHARMA.NS
2025-10-10,1655.7767333984375,1670.9000244140625,1676.5999755859375,1649.0,1655.0,1454056,Sun Pharma,SUNPHARMA.NS
2025-10-13,1653.29931640625,1668.4000244140625,1675.0,1655.800048828125,1662.5,1375179,Sun Pharma,SUNPHARMA.NS
2025-10-14,1639.4261474609375,1654.4000244140625,1669.9000244140625,1646.199951171875,1667.5999755859375,2108287,Sun Pharma,SUNPHARMA.NS
2025-10-15,1640.1197509765625,1655.0999755859375,1668.699951171875,1650.0999755859375,1652.5,2088737,Sun Pharma,SUNPHARMA.NS
2025-10-16,1643.984375,1659.0,1662.9000244140625,1643.199951171875,1654.0,2895957,Sun Pharma,SUNPHARMA.NS
2025-10-17,1663.902587890625,1679.0999755859375,1692.0,1656.699951171875,1658.199951171875,1594147,Sun Pharma,SUNPHARMA.NS
2025-10-20,1673.3165283203125,1688.5999755859375,1696.9000244140625,1682.800048828125,1684.9000244140625,1647622,Sun Pharma,SUNPHARMA.NS
2025-10-21,1675.1993408203125,1690.5,1696.0,1684.0,1690.0,74296,Sun Pharma,SUNPHARMA.NS
2025-10-23,1674.6048583984375,1689.9000244140625,1712.0,1682.199951171875,1705.0,2687094,Sun Pharma,SUNPHARMA.NS
2025-10-24,1683.6224365234375,1699.0,1701.9000244140625,1686.0,1690.0,994307,Sun Pharma,SUNPHARMA.NS
2025-10-27,1678.271240234375,1693.5999755859375,1708.5,1690.0,1701.0,2067904,Sun Pharma,SUNPHARMA.NS
2025-10-28,1671.73095703125,1687.0,1702.699951171875,1679.199951171875,1692.0,2440939,Sun Pharma,SUNPHARMA.NS
2025-10-29,1700.3695068359375,1715.9000244140625,1722.0,1687.300048828125,1690.0,1016738,Sun Pharma,SUNPHARMA.NS
2025-10-30,1687.982666015625,1703.4000244140625,1716.9000244140625,1680.0999755859375,1715.800048828125,1986233,Sun Pharma,SUNPHARMA.NS
2025-10-31,1675.3974609375,1690.699951171875,1705.0,1686.800048828125,1700.0,1560918,Sun Pharma,SUNPHARMA.NS
2025-11-03,1690.9554443359375,1706.4000244140625,1712.800048828125,1681.199951171875,1688.199951171875,1099955,Sun Pharma,SUNPHARMA.NS
2025-11-04,1674.7039794921875,1690.0,1711.199951171875,1682.199951171875,1707.0,1597993,Sun Pharma,SUNPHARMA.NS
2025-11-06,1670.6409912109375,1685.9000244140625,1723.9000244140625,1667.0,1699.0,3389867,Sun Pharma,SUNPHARMA.NS
2025-11-07,1676.0911865234375,1691.4000244140625,1710.0,1683.0999755859375,1694.0,1512908,Sun Pharma,SUNPHARMA.NS
2025-11-10,1682.433349609375,1697.800048828125,1703.0999755859375,1685.800048828125,1697.5,1235665,Sun Pharma,SUNPHARMA.NS
2025-11-11,1700.567626953125,1716.0999755859375,1719.0,1695.0,1701.5999755859375,1315353,Sun Pharma,SUNPHARMA.NS
2025-11-12,1716.4228515625,1732.0999755859375,1744.0999755859375,1710.199951171875,1721.4000244140625,1833097,Sun Pharma,SUNPHARMA.NS
2025-11-13,1721.6748046875,1737.4000244140625,1747.800048828125,1725.4000244140625,1734.5,1727602,Sun Pharma,SUNPHARMA.NS
2025-11-14,1741.196533203125,1757.0999755859375,1760.0999755859375,1734.699951171875,1737.4000244140625,1667322,Sun Pharma,SUNPHARMA.NS
2025-11-17,1747.9349365234375,1763.9000244140625,1768.0,1747.699951171875,1765.800048828125,1430618,Sun Pharma,SUNPHARMA.NS
2025-11-18,1742.8812255859375,1758.800048828125,1764.5,1750.0,1764.0,1429522,Sun Pharma,SUNPHARMA.NS
2025-11-19,1767.9521484375,1784.0999755859375,1790.300048828125,1751.0999755859375,1762.0,2131124,Sun Pharma,SUNPHARMA.NS
2025-11-20,1761.3128662109375,1777.4000244140625,1792.0,1773.0999755859375,1790.0,1513894,Sun Pharma,SUNPHARMA.NS
2025-11-21,1763.5919189453125,1779.699951171875,1787.4000244140625,1773.699951171875,1778.0,2199311,Sun Pharma,SUNPHARMA.NS
2025-11-24,1764.68212890625,1780.800048828125,1785.9000244140625,1771.800048828125,1785.9000244140625,3434492,Sun Pharma,SUNPHARMA.NS
2025-11-25,1760.71826171875,1776.800048828125,1792.0999755859375,1766.0999755859375,1785.0,1848114,Sun Pharma,SUNPHARMA.NS
2025-11-26,1788.56396484375,1804.9000244140625,1806.9000244140625,1773.5999755859375,1775.5,1158948,Sun Pharma,SUNPHARMA.NS
2025-11-27,1793.9150390625,1810.300048828125,1814.9000244140625,1802.0999755859375,1802.0999755859375,2902053,Sun Pharma,SUNPHARMA.NS
2025-11-28,1815.022216796875,1831.5999755859375,1833.0,1807.5,1810.300048828125,1623103,Sun Pharma,SUNPHARMA.NS
2025-12-01,1791.0413818359375,1807.4000244140625,1849.0,1801.0,1841.0,1869293,Sun Pharma,SUNPHARMA.NS
2025-12-02,1783.2127685546875,1799.5,1814.9000244140625,1788.5999755859375,1804.0,2948688,Sun Pharma,SUNPHARMA.NS
2025-12-03,1790.34765625,1806.699951171875,1816.0,1782.5,1805.0,2114510,Sun Pharma,SUNPHARMA.NS
2025-12-04,1801.8426513671875,1818.300048828125,1823.199951171875,1798.300048828125,1808.4000244140625,1713961,Sun Pharma,SUNPHARMA.NS
2025-12-05,1788.96044921875,1805.300048828125,1820.199951171875,1800.199951171875,1819.0,1777401,Sun Pharma,SUNPHARMA.NS
2025-12-08,1779.942626953125,1796.199951171875,1806.0,1785.699951171875,1805.300048828125,2410074,Sun Pharma,SUNPHARMA.NS
2025-12-09,1759.925537109375,1776.0,1801.199951171875,1772.0,1796.0,2401728,Sun Pharma,SUNPHARMA.NS
2025-12-10,1769.3394775390625,1785.5,1791.699951171875,1767.9000244140625,1787.9000244140625,2321746,Sun Pharma,SUNPHARMA.NS
2025-12-11,1790.843017578125,1807.199951171875,1810.5,1775.0999755859375,1778.0,1280916,Sun Pharma,SUNPHARMA.NS
2025-12-12,1777.26708984375,1793.5,1811.800048828125,1791.0,1808.0,1442309,Sun Pharma,SUNPHARMA.NS
2025-12-15,1780.83447265625,1797.0999755859375,1804.5999755859375,1777.5999755859375,1779.0,1396948,Sun Pharma,SUNPHARMA.NS
2025-12-16,1765.177490234375,1781.300048828125,1791.9000244140625,1778.300048828125,1790.0,1533979,Sun Pharma,SUNPHARMA.NS
2025-12-17,1776.6724853515625,1792.9000244140625,1797.5999755859375,1771.5,1781.0,1910628,Sun Pharma,SUNPHARMA.NS
2025-12-18,1730.097900390625,1745.9000244140625,1785.0,1736.0,1785.0,3461351,Sun Pharma,SUNPHARMA.NS
2025-12-19,1729.1070556640625,1744.9000244140625,1760.0,1741.199951171875,1747.0,2768986,Sun Pharma,SUNPHARMA.NS
2025-12-22,1753.7816162109375,1769.800048828125,1773.199951171875,1743.0999755859375,1744.9000244140625,1467257,Sun Pharma,SUNPHARMA.NS
2025-12-23,1740.0074462890625,1755.9000244140625,1774.5999755859375,1751.699951171875,1772.0,1124853,Sun Pharma,SUNPHARMA.NS
2025-12-24,1721.278564453125,1737.0,1759.0,1719.0,1755.9000244140625,2224786,Sun Pharma,SUNPHARMA.NS
2025-12-26,1703.9368896484375,1719.5,1737.0,1708.0,1737.0,2507337,Sun Pharma,SUNPHARMA.NS
2025-12-29,1701.6575927734375,1717.199951171875,1727.5,1710.300048828125,1719.5,1800816,Sun Pharma,SUNPHARMA.NS
2025-12-30,1704.6304931640625,1720.199951171875,1723.0999755859375,1707.0,1723.0999755859375,2639497,Sun Pharma,SUNPHARMA.NS
2025-12-31,1704.135009765625,1719.699951171875,1725.5999755859375,1715.5,1720.199951171875,1428439,Sun Pharma,SUNPHARMA.NS
2026-01-01,1705.5223388671875,1721.0999755859375,1726.0,1708.9000244140625,1720.0,877515,Sun Pharma,SUNPHARMA.NS
2026-01-02,1712.35986328125,1728.0,1732.0,1719.4000244140625,1721.0999755859375,974123,Sun Pharma,SUNPHARMA.NS
2026-01-05,1713.2518310546875,1728.9000244140625,1746.0,1723.4000244140625,1728.0,1416698,Sun Pharma,SUNPHARMA.NS
2026-01-06,1744.2684326171875,1760.199951171875,1762.5999755859375,1725.699951171875,1725.699951171875,1658801,Sun Pharma,SUNPHARMA.NS
2026-01-07,1766.4658203125,1782.5999755859375,1806.5999755859375,1748.5,1755.0,3059500,Sun Pharma,SUNPHARMA.NS
2026-01-08,1744.763916015625,1760.699951171875,1778.5999755859375,1757.699951171875,1766.0,1910656,Sun Pharma,SUNPHARMA.NS
2026-01-09,1714.2427978515625,1729.9000244140625,1765.199951171875,1727.0,1765.199951171875,1585689,Sun Pharma,SUNPHARMA.NS
2026-01-12,1720.2874755859375,1736.0,1744.300048828125,1714.0999755859375,1732.0999755859375,2327272,Sun Pharma,SUNPHARMA.NS
2026-01-13,1713.053466796875,1728.699951171875,1743.800048828125,1712.0999755859375,1743.0,1770082,Sun Pharma,SUNPHARMA.NS
2026-01-14,1685.3070068359375,1700.699951171875,1737.0999755859375,1689.199951171875,1737.0999755859375,2479677,Sun Pharma,SUNPHARMA.NS
2026-01-15,1685.3070068359375,1700.699951171875,1700.699951171875,1700.699951171875,1700.699951171875,0,Sun Pharma,SUNPHARMA.NS
2026-01-16,1653.794921875,1668.9000244140625,1708.0,1659.300048828125,1708.0,3697596,Sun Pharma,SUNPHARMA.NS
2026-01-19,1660.2359619140625,1675.4000244140625,1687.300048828125,1600.0,1650.0,2975272,Sun Pharma,SUNPHARMA.NS
2026-01-20,1599.193603515625,1613.800048828125,1674.0999755859375,1602.800048828125,1674.0999755859375,5019166,Sun Pharma,SUNPHARMA.NS
2026-01-21,1598.3017578125,1612.9000244140625,1645.0,1607.699951171875,1637.0,3947877,Sun Pharma,SUNPHARMA.NS
2026-01-22,1619.408935546875,1634.199951171875,1646.5,1613.199951171875,1614.0999755859375,2279862,Sun Pharma,SUNPHARMA.NS
2026-01-23,1617.1297607421875,1631.9000244140625,1648.9000244140625,1625.4000244140625,1640.0,1678658,Sun Pharma,SUNPHARMA.NS
2026-01-27,1624.06640625,1638.9000244140625,1658.199951171875,1622.300048828125,1658.199951171875,2666522,Sun Pharma,SUNPHARMA.NS
2026-01-28,1596.0224609375,1610.5999755859375,1649.300048828125,1600.0,1639.9000244140625,4124391,Sun Pharma,SUNPHARMA.NS
2026-01-29,1574.9154052734375,1589.300048828125,1625.0,1583.699951171875,1625.0,5796513,Sun Pharma,SUNPHARMA.NS
2026-01-30,1580.8609619140625,1595.300048828125,1606.5,1585.0999755859375,1589.300048828125,3962196,Sun Pharma,SUNPHARMA.NS
2026-02-02,1613.166015625,1627.9000244140625,1634.0,1598.199951171875,1634.0,2721280,Sun Pharma,SUNPHARMA.NS
2026-02-03,1686.6943359375,1702.0999755859375,1725.0,1671.0,1709.9000244140625,8520586,Sun Pharma,SUNPHARMA.NS
2026-02-04,1688.9735107421875,1704.4000244140625,1729.0,1695.300048828125,1714.9000244140625,3952775,Sun Pharma,SUNPHARMA.NS
2026-02-05,1698.1494140625,1702.5999755859375,1710.0,1684.300048828125,1699.0,3074842,Sun Pharma,SUNPHARMA.NS
2026-02-06,1690.6690673828125,1695.0999755859375,1709.0,1689.5999755859375,1709.0,1277116,Sun Pharma,SUNPHARMA.NS
2026-02-09,1700.1441650390625,1704.5999755859375,1713.4000244140625,1696.0,1706.699951171875,2647031,Sun Pharma,SUNPHARMA.NS
2026-02-10,1703.3359375,1707.800048828125,1719.800048828125,1702.0999755859375,1709.5999755859375,1869988,Sun Pharma,SUNPHARMA.NS
2026-02-11,1706.627197265625,1711.0999755859375,1716.699951171875,1702.5,1715.0,1175501,Sun Pharma,SUNPHARMA.NS
2026-02-12,1710.4173583984375,1714.9000244140625,1719.0,1701.199951171875,1714.800048828125,1359444,Sun Pharma,SUNPHARMA.NS
2026-02-13,1693.062744140625,1697.5,1719.0,1694.5999755859375,1714.9000244140625,1148165,Sun Pharma,SUNPHARMA.NS
2026-02-16,1696.054931640625,1700.5,1715.0,1693.4000244140625,1697.5,1247403,Sun Pharma,SUNPHARMA.NS
2026-02-17,1712.611572265625,1717.0999755859375,1719.0,1693.9000244140625,1696.0,1053855,Sun Pharma,SUNPHARMA.NS
2026-02-18,1719.8924560546875,1724.4000244140625,1730.5999755859375,1717.0999755859375,1720.4000244140625,1262429,Sun Pharma,SUNPHARMA.NS
2026-02-19,1708.9212646484375,1713.4000244140625,1727.0,1710.0,1722.199951171875,1143429,Sun Pharma,SUNPHARMA.NS
2026-02-20,1719.8924560546875,1724.4000244140625,1727.0,1708.0999755859375,1710.0999755859375,1203988,Sun Pharma,SUNPHARMA.NS
2026-02-23,1727.7718505859375,1732.300048828125,1735.800048828125,1720.199951171875,1732.9000244140625,1550400,Sun Pharma,SUNPHARMA.NS
2026-02-24,1727.273193359375,1731.800048828125,1745.9000244140625,1723.699951171875,1732.0,2769363,Sun Pharma,SUNPHARMA.NS
2026-02-25,1759.58837890625,1764.199951171875,1770.4000244140625,1733.4000244140625,1742.0,1200997,Sun Pharma,SUNPHARMA.NS
2026-02-26,1781.0322265625,1785.699951171875,1792.199951171875,1760.300048828125,1764.199951171875,2076586,Sun Pharma,SUNPHARMA.NS
2026-02-27,1732.4595947265625,1737.0,1788.0999755859375,1730.9000244140625,1779.0,3041489,Sun Pharma,SUNPHARMA.NS
2026-03-02,1747.9190673828125,1752.5,1759.9000244140625,1712.0,1712.0,3919270,Sun Pharma,SUNPHARMA.NS
2026-03-04,1745.92431640625,1750.5,1757.199951171875,1721.0,1721.199951171875,4914857,Sun Pharma,SUNPHARMA.NS
2026-03-05,1779.8353271484375,1784.5,1794.9000244140625,1748.0,1750.0,3600895,Sun Pharma,SUNPHARMA.NS
2026-03-06,1794.6964111328125,1799.4000244140625,1805.5999755859375,1771.800048828125,1784.5,3669921,Sun Pharma,SUNPHARMA.NS
2026-03-09,1802.675537109375,1807.4000244140625,1815.0,1770.0,1772.9000244140625,4112775,Sun Pharma,SUNPHARMA.NS
2026-03-10,1808.0614013671875,1812.800048828125,1825.0999755859375,1803.300048828125,1810.0,3298680,Sun Pharma,SUNPHARMA.NS
2026-03-11,1821.127197265625,1825.9000244140625,1843.0,1818.0999755859375,1823.0,2510495,Sun Pharma,SUNPHARMA.NS
2026-03-12,1820.52880859375,1825.300048828125,1833.5999755859375,1808.4000244140625,1828.0,2606057,Sun Pharma,SUNPHARMA.NS
2026-03-13,1796.890625,1801.5999755859375,1833.300048828125,1797.0,1822.0,2554627,Sun Pharma,SUNPHARMA.NS
2026-03-16,1778.5386962890625,1783.199951171875,1818.0,1768.800048828125,1801.5999755859375,2452391,Sun Pharma,SUNPHARMA.NS
2026-03-17,1789.70947265625,1794.4000244140625,1806.0999755859375,1781.0999755859375,1794.0999755859375,1979497,Sun Pharma,SUNPHARMA.NS
2026-03-18,1773.651611328125,1778.300048828125,1805.0,1773.199951171875,1799.5999755859375,2436459,Sun Pharma,SUNPHARMA.NS
2026-03-19,1739.8402099609375,1744.4000244140625,1784.0,1737.9000244140625,1760.5,2301164,Sun Pharma,SUNPHARMA.NS
2026-03-20,1772.4547119140625,1777.0999755859375,1781.300048828125,1754.300048828125,1755.0999755859375,3591446,Sun Pharma,SUNPHARMA.NS
2026-03-23,1753.8035888671875,1758.4000244140625,1775.0,1741.0999755859375,1774.800048828125,2783613,Sun Pharma,SUNPHARMA.NS
2026-03-24,1748.717041015625,1753.300048828125,1779.9000244140625,1745.0999755859375,1775.0,2040152,Sun Pharma,SUNPHARMA.NS
2026-03-25,1790.7069091796875,1795.4000244140625,1809.5,1755.5,1766.699951171875,1900794,Sun Pharma,SUNPHARMA.NS
2026-03-27,1788.91162109375,1793.5999755859375,1819.0,1785.0,1785.0,2975423,Sun Pharma,SUNPHARMA.NS
2026-03-30,1752.606689453125,1757.199951171875,1790.0,1750.0999755859375,1786.800048828125,4182503,Sun Pharma,SUNPHARMA.NS
2026-04-01,1723.9818115234375,1728.5,1788.0,1713.199951171875,1762.0999755859375,3245628,Sun Pharma,SUNPHARMA.NS
2026-04-02,1689.1729736328125,1693.5999755859375,1700.0,1620.0,1665.0,3937824,Sun Pharma,SUNPHARMA.NS
2026-04-06,1690.17041015625,1694.5999755859375,1699.0,1654.9000244140625,1684.300048828125,3533715,Sun Pharma,SUNPHARMA.NS
2026-04-07,1713.5091552734375,1718.0,1723.9000244140625,1681.300048828125,1689.800048828125,2471378,Sun Pharma,SUNPHARMA.NS
2026-04-08,1710.1180419921875,1714.5999755859375,1749.199951171875,1685.5,1730.0,4859877,Sun Pharma,SUNPHARMA.NS
2026-04-09,1712.611572265625,1717.0999755859375,1730.9000244140625,1702.699951171875,1702.699951171875,3276165,Sun Pharma,SUNPHARMA.NS
2026-04-10,1650.57421875,1654.9000244140625,1700.0,1630.4000244140625,1699.199951171875,8089531,Sun Pharma,SUNPHARMA.NS
2026-04-13,1647.881103515625,1652.199951171875,1668.699951171875,1640.0999755859375,1654.9000244140625,3751005,Sun Pharma,SUNPHARMA.NS
2026-04-15,1692.1651611328125,1696.5999755859375,1699.199951171875,1657.699951171875,1675.0,3760449,Sun Pharma,SUNPHARMA.NS
2026-04-16,1688.67431640625,1693.0999755859375,1713.9000244140625,1666.5999755859375,1713.9000244140625,4512633,Sun Pharma,SUNPHARMA.NS
2026-04-17,1671.120361328125,1675.5,1696.9000244140625,1670.5,1696.9000244140625,3146482,Sun Pharma,SUNPHARMA.NS
2026-04-20,1664.23828125,1668.5999755859375,1680.0,1665.0,1680.0,1834532,Sun Pharma,SUNPHARMA.NS
2026-04-21,1660.84716796875,1665.199951171875,1682.9000244140625,1659.9000244140625,1667.199951171875,3631490,Sun Pharma,SUNPHARMA.NS
2026-04-22,1665.435302734375,1669.800048828125,1673.9000244140625,1652.4000244140625,1665.199951171875,2169514,Sun Pharma,SUNPHARMA.NS
2026-04-23,1675.708251953125,1680.0999755859375,1713.0,1661.199951171875,1669.0,3245164,Sun Pharma,SUNPHARMA.NS
2026-04-24,1616.164306640625,1620.4000244140625,1673.300048828125,1613.5999755859375,1670.4000244140625,9606128,Sun Pharma,SUNPHARMA.NS
2026-04-27,1728.96875,1733.5,1766.9000244140625,1621.9000244140625,1625.0,26995361,Sun Pharma,SUNPHARMA.NS
2026-04-28,1742.732666015625,1747.300048828125,1763.9000244140625,1714.300048828125,1724.0,16599167,Sun Pharma,SUNPHARMA.NS
2026-04-29,1774.050537109375,1778.699951171875,1789.800048828125,1750.0,1756.0,9809449,Sun Pharma,SUNPHARMA.NS
2026-04-30,1803.5732421875,1808.300048828125,1815.0,1761.4000244140625,1771.0,4749798,Sun Pharma,SUNPHARMA.NS
2026-05-01,1803.5732421875,1808.300048828125,1808.300048828125,1808.300048828125,1808.300048828125,0,Sun Pharma,SUNPHARMA.NS
2026-05-04,1818.7333984375,1823.5,1841.0,1810.0,1820.0,4206373,Sun Pharma,SUNPHARMA.NS
2026-05-05,1816.04052734375,1820.800048828125,1831.699951171875,1798.5999755859375,1828.5,3011421,Sun Pharma,SUNPHARMA.NS
2026-05-06,1845.3636474609375,1850.199951171875,1857.800048828125,1818.4000244140625,1837.0,3247156,Sun Pharma,SUNPHARMA.NS
2026-05-07,1829.60498046875,1834.4000244140625,1857.0999755859375,1826.300048828125,1850.199951171875,2201070,Sun Pharma,SUNPHARMA.NS
2026-05-08,1843.0697021484375,1847.9000244140625,1857.5,1819.199951171875,1822.0,2837885,Sun Pharma,SUNPHARMA.NS
2026-05-11,1867.8048095703125,1872.699951171875,1885.800048828125,1825.0,1827.199951171875,2564978,Sun Pharma,SUNPHARMA.NS
2026-05-12,1840.8753662109375,1845.699951171875,1879.4000244140625,1840.0,1875.0,3263351,Sun Pharma,SUNPHARMA.NS
2026-05-13,1820.0301513671875,1824.800048828125,1860.0,1820.0,1845.699951171875,1972365,Sun Pharma,SUNPHARMA.NS
2026-05-14,1858.32958984375,1863.199951171875,1867.5,1829.699951171875,1852.0,2429220,Sun Pharma,SUNPHARMA.NS
2026-05-15,1873.2904052734375,1878.199951171875,1887.9000244140625,1863.199951171875,1874.0,2756465,Sun Pharma,SUNPHARMA.NS
2026-05-18,1900.818359375,1905.800048828125,1911.0,1865.0,1878.199951171875,3456331,Sun Pharma,SUNPHARMA.NS
2026-05-19,1877.3797607421875,1882.300048828125,1916.5999755859375,1880.0,1900.5,2200951,Sun Pharma,SUNPHARMA.NS
2026-05-20,1875.385009765625,1880.300048828125,1892.9000244140625,1872.0,1880.0,1376695,Sun Pharma,SUNPHARMA.NS
2026-05-21,1886.3563232421875,1891.300048828125,1899.5999755859375,1868.0999755859375,1892.0,1605806,Sun Pharma,SUNPHARMA.NS
2026-05-22,1839.7783203125,1844.5999755859375,1903.0,1833.0999755859375,1903.0,3610732,Sun Pharma,SUNPHARMA.NS
2026-05-25,1835.7886962890625,1840.5999755859375,1849.0,1825.0,1840.0,3049028,Sun Pharma,SUNPHARMA.NS
2026-05-26,1835.98828125,1840.800048828125,1844.9000244140625,1815.9000244140625,1830.0,2337759,Sun Pharma,SUNPHARMA.NS
2026-05-27,1839.4791259765625,1844.300048828125,1882.0,1830.0,1865.0,1385752,Sun Pharma,SUNPHARMA.NS
2026-05-28,1839.4791259765625,1844.300048828125,1844.300048828125,1844.300048828125,1844.300048828125,0,Sun Pharma,SUNPHARMA.NS
2026-05-29,1794.4969482421875,1799.199951171875,1852.800048828125,1785.300048828125,1844.300048828125,10058572,Sun Pharma,SUNPHARMA.NS
2026-06-01,1791.8040771484375,1796.5,1812.0999755859375,1777.0999755859375,1812.0,2051152,Sun Pharma,SUNPHARMA.NS
2026-06-02,1785.2213134765625,1789.9000244140625,1800.0,1766.5,1794.199951171875,2885899,Sun Pharma,SUNPHARMA.NS
2026-06-03,1783.824951171875,1788.5,1796.300048828125,1756.800048828125,1781.0,4209769,Sun Pharma,SUNPHARMA.NS
2026-06-04,1775.4468994140625,1780.0999755859375,1793.4000244140625,1768.5999755859375,1787.0,2343536,Sun Pharma,SUNPHARMA.NS
2026-06-05,1777.5413818359375,1782.199951171875,1802.9000244140625,1779.0,1789.0,2495159,Sun Pharma,SUNPHARMA.NS
2026-06-08,1784.1241455078125,1788.800048828125,1803.5,1773.5,1780.699951171875,3098542,Sun Pharma,SUNPHARMA.NS
2026-06-09,1774.3497314453125,1779.0,1796.5999755859375,1766.0999755859375,1787.699951171875,3756570,Sun Pharma,SUNPHARMA.NS
2026-06-10,1781.73046875,1786.4000244140625,1797.5999755859375,1771.0,1779.5999755859375,1882009,Sun Pharma,SUNPHARMA.NS
2026-06-11,1789.510009765625,1794.199951171875,1805.0,1778.699951171875,1780.0,1858093,Sun Pharma,SUNPHARMA.NS
2026-06-12,1802.9747314453125,1807.699951171875,1814.5,1792.5,1807.0,1243362,Sun Pharma,SUNPHARMA.NS
2026-06-15,1801.2791748046875,1806.0,1818.0,1797.800048828125,1818.0,2188933,Sun Pharma,SUNPHARMA.NS
2026-06-16,1795.9930419921875,1800.699951171875,1809.9000244140625,1792.5999755859375,1808.0,1373638,Sun Pharma,SUNPHARMA.NS
2026-06-17,1815.6416015625,1820.4000244140625,1823.4000244140625,1802.5999755859375,1814.0,1771990,Sun Pharma,SUNPHARMA.NS
2026-06-18,1820.0301513671875,1824.800048828125,1830.0,1812.5,1817.5,2054738,Sun Pharma,SUNPHARMA.NS
2026-06-19,1833.4947509765625,1838.300048828125,1842.699951171875,1820.9000244140625,1824.0,2126703,Sun Pharma,SUNPHARMA.NS
2026-06-22,1858.030517578125,1862.9000244140625,1865.199951171875,1834.0,1845.0,1588758,Sun Pharma,SUNPHARMA.NS
2026-06-23,1863.1170654296875,1868.0,1902.4000244140625,1861.199951171875,1870.0,2812236,Sun Pharma,SUNPHARMA.NS
2026-06-24,1869.5003662109375,1874.4000244140625,1882.0999755859375,1864.9000244140625,1868.0,1406231,Sun Pharma,SUNPHARMA.NS
2026-06-25,1857.9307861328125,1862.800048828125,1887.0,1858.0,1870.0,1816438,Sun Pharma,SUNPHARMA.NS
2026-06-26,1857.9307861328125,1862.800048828125,1862.800048828125,1862.800048828125,1862.800048828125,0,Sun Pharma,SUNPHARMA.NS
2026-06-29,1869.8994140625,1874.800048828125,1897.0999755859375,1855.9000244140625,1876.800048828125,1655869,Sun Pharma,SUNPHARMA.NS
2026-06-30,1857.6314697265625,1862.5,1892.9000244140625,1859.4000244140625,1885.0,2352774,Sun Pharma,SUNPHARMA.NS
2026-07-01,1861.32177734375,1866.199951171875,1887.4000244140625,1860.199951171875,1877.9000244140625,1230360,Sun Pharma,SUNPHARMA.NS
2026-07-02,1866.1092529296875,1871.0,1882.0,1868.300048828125,1876.0,1485296,Sun Pharma,SUNPHARMA.NS
2026-07-03,1899.8209228515625,1904.800048828125,1925.0999755859375,1871.5999755859375,1880.0,2168491,Sun Pharma,SUNPHARMA.NS
2026-07-06,1907.800048828125,1912.800048828125,1917.0,1900.0,1904.0,1213635,Sun Pharma,SUNPHARMA.NS
2026-07-07,1903.4000244140625,1903.4000244140625,1924.9000244140625,1898.5999755859375,1900.5999755859375,2060613,Sun Pharma,SUNPHARMA.NS
2026-07-08,1888.199951171875,1888.199951171875,1929.5,1875.0999755859375,1904.0,2785926,Sun Pharma,SUNPHARMA.NS
2026-07-09,1938.699951171875,1938.699951171875,1952.0,1888.199951171875,1889.9000244140625,4446201,Sun Pharma,SUNPHARMA.NS
2026-07-10,1935.5,1935.5,1953.9000244140625,1926.5999755859375,1942.800048828125,1478172,Sun Pharma,SUNPHARMA.NS
2026-07-13,1921.4000244140625,1921.4000244140625,1933.0999755859375,1911.0,1925.9000244140625,1573176,Sun Pharma,SUNPHARMA.NS
2026-07-14,1942.5999755859375,1942.5999755859375,1950.800048828125,1910.0,1910.0,2822124,Sun Pharma,SUNPHARMA.NS
2026-07-15,1951.5,1951.5,1962.699951171875,1943.300048828125,1955.0,2283494,Sun Pharma,SUNPHARMA.NS
2026-07-16,1950.0999755859375,1950.0999755859375,1957.699951171875,1943.0,1950.0,1396189,Sun Pharma,SUNPHARMA.NS
2026-07-17,1932.5999755859375,1932.5999755859375,1952.5999755859375,1922.5,1948.699951171875,2475664,Sun Pharma,SUNPHARMA.NS
2026-07-20,1956.4000244140625,1956.4000244140625,1958.800048828125,1935.0,1942.0,1676034,Sun Pharma,SUNPHARMA.NS
2026-07-21,1961.9000244140625,1961.9000244140625,1966.5,1938.199951171875,1952.0999755859375,1412579,Sun Pharma,SUNPHARMA.NS
2026-07-22,1943.0,1943.0,1951.800048828125,1925.199951171875,1938.0,1718430,Sun Pharma,SUNPHARMA.NS
2026-07-23,1954.0,1954.0,1958.5,1926.800048828125,1929.0999755859375,2057288,Sun Pharma,SUNPHARMA.NS
2026-07-24,1941.0999755859375,1941.0999755859375,1959.800048828125,1934.800048828125,1945.0,1578929,Sun Pharma,SUNPHARMA.NS
2026-07-27,1973.699951171875,1973.699951171875,1977.0,1933.0,1948.5,5414380,Sun Pharma,SUNPHARMA.NS
2026-07-28,1976.699951171875,1976.699951171875,1993.0,1970.9000244140625,1978.800048828125,4579529,Sun Pharma,SUNPHARMA.NS
2026-07-29,1989.9000244140625,1989.9000244140625,1992.699951171875,1960.4000244140625,1977.0,2682295,Sun Pharma,SUNPHARMA.NS
2026-07-30,2001.0999755859375,2001.0999755859375,2017.300048828125,1988.0,1993.0999755859375,2224264,Sun Pharma,SUNPHARMA.NS
2026-07-31,1990.5,1990.5,2046.9000244140625,1965.300048828125,2016.4000244140625,4954449,Sun Pharma,SUNPHARMA.NS
2026-08-03,1963.5,1963.5,1988.0,1935.199951171875,1983.199951171875,3972351,Sun Pharma,SUNPHARMA.NS
2026-08-04,1964.0,1964.0,1965.0,1947.0,1951.0999755859375,1452888,Sun Pharma,SUNPHARMA.NS
2026-08-05,1940.0,1940.0,1968.199951171875,1934.0,1967.800048828125,2152829,Sun Pharma,SUNPHARMA.NS
2026-08-06,1951.0,1951.0,1965.9000244140625,1930.0,1930.0,1864891,Sun Pharma,SUNPHARMA.NS
2026-08-07,1945.0,1945.0,1957.0,1925.0999755859375,1955.0,2425268,Sun Pharma,SUNPHARMA.NS
2026-08-10,1944.4000244140625,1944.4000244140625,1965.0,1939.800048828125,1949.9000244140625,1726946,Sun Pharma,SUNPHARMA.NS
2026-08-11,1942.0,1942.0,1951.0999755859375,1928.5999755859375,1939.0,2125972,Sun Pharma,SUNPHARMA.NS
2026-08-12,1944.0,1944.0,1945.699951171875,1926.800048828125,1942.0,1536383,Sun Pharma,SUNPHARMA.NS
2026-08-13,1932.0,1932.0,1946.300048828125,1931.0999755859375,1943.0,1216049,Sun Pharma,SUNPHARMA.NS
2026-08-14,1930.0,1930.0,1937.0,1914.699951171875,1932.0,881282,Sun Pharma,SUNPHARMA.NS
2026-08-17,1882.0,1882.0,1949.800048828125,1880.4000244140625,1945.0,1893086,Sun Pharma,SUNPHARMA.NS
2026-08-18,1875.0999755859375,1875.0999755859375,1899.0,1868.300048828125,1890.0,1819169,Sun Pharma,SUNPHARMA.NS
2026-08-19,1900.0,1900.0,1900.0,1871.0,1871.0,1566692,Sun Pharma,SUNPHARMA.NS
2026-08-20,1904.0,1904.0,1911.5999755859375,1890.300048828125,1905.0,893691,Sun Pharma,SUNPHARMA.NS
2026-08-21,1902.4000244140625,1902.4000244140625,1917.4000244140625,1882.800048828125,1916.0,1491953,Sun Pharma,SUNPHARMA.NS
2026-08-24,1910.0,1910.0,1923.0,1892.5999755859375,1902.4000244140625,2317987,Sun Pharma,SUNPHARMA.NS
2026-08-25,1922.0,1922.0,1922.0,1896.199951171875,1906.5,1221044,Sun Pharma,SUNPHARMA.NS
2026-08-26,1899.5,1899.5,1926.9000244140625,1899.5,1926.9000244140625,648845,Sun Pharma,SUNPHARMA.NS
2026-08-27,1913.300048828125,1913.300048828125,1925.0,1898.0,1907.0999755859375,1107552,Sun Pharma,SUNPHARMA.NS
2026-08-28,1920.0,1920.0,1931.0,1903.800048828125,1925.0,1140742,Sun Pharma,SUNPHARMA.NS
2026-08-31,1984.800048828125,1984.800048828125,1984.800048828125,1905.0,1917.0,2413221,Sun Pharma,SUNPHARMA.NS
2026-09-01,1929.0,1929.0,1963.0999755859375,1921.0999755859375,1963.0999755859375,3595272,Sun Pharma,SUNPHARMA.NS
2026-09-02,1931.699951171875,1931.699951171875,1948.5,1910.0,1910.0,1245419,Sun Pharma,SUNPHARMA.NS
2026-09-03,1916.0,1916.0,1936.800048828125,1913.0,1932.0,1205170,Sun Pharma,SUNPHARMA.NS
