Date,Adj Close,Close,High,Low,Open,Volume,Company,Ticker
2021-09-03,124.49436950683594,144.36500549316406,145.2949981689453,141.64500427246094,142.8000030517578,84523820,Tata Steel,TATASTEEL.NS
2021-09-06,123.9208755493164,143.6999969482422,145.19500732421875,142.31500244140625,144.6999969482422,69586760,Tata Steel,TATASTEEL.NS
2021-09-07,123.20513153076172,142.8699951171875,145.89999389648438,142.06500244140625,144.39999389648438,63527170,Tata Steel,TATASTEEL.NS
2021-09-08,123.3042984008789,142.98500061035156,144.26499938964844,141.86000061035156,142.60000610351562,46762240,Tata Steel,TATASTEEL.NS
2021-09-09,124.78323364257812,144.6999969482422,145.19500732421875,142.0,142.0,53130300,Tata Steel,TATASTEEL.NS
2021-09-13,126.20182037353516,146.34500122070312,147.1999969482422,143.64999389648438,144.6999969482422,56702080,Tata Steel,TATASTEEL.NS
2021-09-14,125.24028778076172,145.22999572753906,147.60000610351562,144.89999389648438,147.60000610351562,55037670,Tata Steel,TATASTEEL.NS
2021-09-15,125.48175048828125,145.50999450683594,146.3699951171875,144.44000244140625,145.22999572753906,44174640,Tata Steel,TATASTEEL.NS
2021-09-16,123.89932250976562,143.6750030517578,147.19000244140625,143.125,146.0,56067970,Tata Steel,TATASTEEL.NS
2021-09-17,119.51423645019531,138.58999633789062,144.02999877929688,136.0,143.6999969482422,195720300,Tata Steel,TATASTEEL.NS
2021-09-20,108.0621109008789,125.30999755859375,135.19000244140625,124.73500061035156,135.0,282384120,Tata Steel,TATASTEEL.NS
2021-09-21,111.4339370727539,129.22000122070312,129.69000244140625,123.29000091552734,125.80000305175781,255935400,Tata Steel,TATASTEEL.NS
2021-09-22,112.60674285888672,130.5800018310547,131.8000030517578,128.30999755859375,129.94000244140625,111242470,Tata Steel,TATASTEEL.NS
2021-09-23,113.71918487548828,131.8699951171875,133.94500732421875,130.60499572753906,133.0,99462510,Tata Steel,TATASTEEL.NS
2021-09-24,109.70059967041016,127.20999908447266,132.39999389648438,125.84500122070312,132.0,132866160,Tata Steel,TATASTEEL.NS
2021-09-27,109.5626220703125,127.05000305175781,128.8699951171875,126.1050033569336,127.19999694824219,86688770,Tata Steel,TATASTEEL.NS
2021-09-28,110.46379089355469,128.09500122070312,129.67999267578125,126.30000305175781,127.34500122070312,81007360,Tata Steel,TATASTEEL.NS
2021-09-29,111.72281646728516,129.55499267578125,130.97999572753906,126.72000122070312,127.0,94945770,Tata Steel,TATASTEEL.NS
2021-09-30,111.14936065673828,128.88999938964844,131.63999938964844,128.38499450683594,130.3000030517578,75145680,Tata Steel,TATASTEEL.NS
2021-10-01,111.92117309570312,129.78500366210938,131.10000610351562,126.5,127.5,90374700,Tata Steel,TATASTEEL.NS
2021-10-04,114.18916320800781,132.4149932861328,132.77499389648438,128.0399932861328,129.78500366210938,96902370,Tata Steel,TATASTEEL.NS
2021-10-05,113.55963897705078,131.68499755859375,133.27000427246094,131.01499938964844,131.39999389648438,57952160,Tata Steel,TATASTEEL.NS
2021-10-06,110.37322998046875,127.98999786376953,132.86000061035156,127.31500244140625,131.99000549316406,86316930,Tata Steel,TATASTEEL.NS
2021-10-07,111.17523956298828,128.9199981689453,130.67999267578125,128.35499572753906,129.5,46033670,Tata Steel,TATASTEEL.NS
2021-10-08,112.20574951171875,130.11500549316406,134.40499877929688,129.63499450683594,130.1999969482422,107220150,Tata Steel,TATASTEEL.NS
2021-10-11,113.24491119384766,131.32000732421875,132.73500061035156,129.8000030517578,130.5,63496580,Tata Steel,TATASTEEL.NS
2021-10-12,114.61605072021484,132.91000366210938,133.5,130.5,131.32000732421875,60970190,Tata Steel,TATASTEEL.NS
2021-10-13,116.78916931152344,135.42999267578125,137.65499877929688,131.80499267578125,132.5500030517578,132857180,Tata Steel,TATASTEEL.NS
2021-10-14,118.57858276367188,137.5050048828125,139.05999755859375,135.39999389648438,137.39999389648438,82273710,Tata Steel,TATASTEEL.NS
2021-10-18,121.68306732177734,141.10499572753906,142.47500610351562,139.11000061035156,141.8000030517578,109232300,Tata Steel,TATASTEEL.NS
2021-10-19,117.8757553100586,136.69000244140625,142.65499877929688,135.7550048828125,142.10000610351562,87569240,Tata Steel,TATASTEEL.NS
2021-10-20,115.840576171875,134.3300018310547,137.60000610351562,132.6649932861328,137.1999969482422,69757740,Tata Steel,TATASTEEL.NS
2021-10-21,113.37425231933594,131.47000122070312,135.78500366210938,128.97000122070312,135.6699981689453,83575730,Tata Steel,TATASTEEL.NS
2021-10-22,111.78319549560547,129.625,132.46499633789062,127.0999984741211,132.0,80712890,Tata Steel,TATASTEEL.NS
2021-10-25,111.52880096435547,129.3300018310547,131.60000610351562,126.7249984741211,130.1999969482422,64185010,Tata Steel,TATASTEEL.NS
2021-10-26,115.87077331542969,134.36500549316406,135.10000610351562,130.14500427246094,130.3000030517578,77228750,Tata Steel,TATASTEEL.NS
2021-10-27,114.36163330078125,132.61500549316406,135.1699981689453,132.125,134.60000610351562,72418040,Tata Steel,TATASTEEL.NS
2021-10-28,112.07209014892578,129.9600067138672,131.59500122070312,129.11000061035156,131.49000549316406,93076820,Tata Steel,TATASTEEL.NS
2021-10-29,113.48204040527344,131.59500122070312,133.3699951171875,129.0,129.02499389648438,79147600,Tata Steel,TATASTEEL.NS
2021-11-01,117.70328521728516,136.49000549316406,137.2899932861328,133.0,134.0,96875330,Tata Steel,TATASTEEL.NS
2021-11-02,113.28370666503906,131.36500549316406,137.0,131.0800018310547,137.0,72161370,Tata Steel,TATASTEEL.NS
2021-11-03,114.35301208496094,132.60499572753906,133.1999969482422,131.1999969482422,132.47999572753906,57302440,Tata Steel,TATASTEEL.NS
2021-11-04,114.34008026123047,132.58999633789062,133.5,132.41000366210938,133.10000610351562,6744340,Tata Steel,TATASTEEL.NS
2021-11-08,115.8362808227539,134.3249969482422,134.76499938964844,130.61000061035156,134.08999633789062,54936670,Tata Steel,TATASTEEL.NS
2021-11-09,115.2067642211914,133.59500122070312,136.02999877929688,132.88499450683594,134.28500366210938,47565160,Tata Steel,TATASTEEL.NS
2021-11-10,111.98152923583984,129.85499572753906,132.89999389648438,128.7100067138672,132.8000030517578,118804170,Tata Steel,TATASTEEL.NS
2021-11-11,112.07209014892578,129.9600067138672,132.4499969482422,128.8350067138672,130.49000549316406,136638600,Tata Steel,TATASTEEL.NS
2021-11-12,111.00707244873047,128.72500610351562,134.0,127.11000061035156,134.0,232395580,Tata Steel,TATASTEEL.NS
2021-11-15,107.40241241455078,124.54499816894531,129.89999389648438,124.1500015258789,129.5,121082150,Tata Steel,TATASTEEL.NS
2021-11-16,105.96659088134766,122.87999725341797,126.1050033569336,122.37000274658203,124.54499816894531,123148800,Tata Steel,TATASTEEL.NS
2021-11-17,105.2120132446289,122.00499725341797,123.73999786376953,121.51000213623047,122.5,87802040,Tata Steel,TATASTEEL.NS
2021-11-18,102.32743835449219,118.66000366210938,122.83000183105469,118.19999694824219,122.36000061035156,101083510,Tata Steel,TATASTEEL.NS
2021-11-22,100.46904754638672,116.50499725341797,119.68000030517578,114.5999984741211,118.80999755859375,96210010,Tata Steel,TATASTEEL.NS
2021-11-23,102.79742431640625,119.20500183105469,120.9000015258789,116.51499938964844,116.80500030517578,93829630,Tata Steel,TATASTEEL.NS
2021-11-24,101.62892150878906,117.8499984741211,120.29499816894531,117.11499786376953,120.04000091552734,67671010,Tata Steel,TATASTEEL.NS
2021-11-25,101.21068572998047,117.36499786376953,118.66000366210938,116.5999984741211,118.0,47502860,Tata Steel,TATASTEEL.NS
2021-11-26,95.92011260986328,111.2300033569336,115.94999694824219,110.625,115.79000091552734,106455260,Tata Steel,TATASTEEL.NS
2021-11-29,96.13138580322266,111.4749984741211,113.69999694824219,107.50499725341797,111.2300033569336,93929910,Tata Steel,TATASTEEL.NS
2021-11-30,92.3758316040039,107.12000274658203,112.79000091552734,106.30000305175781,111.09500122070312,133559840,Tata Steel,TATASTEEL.NS
2021-12-01,93.35459899902344,108.25499725341797,109.69999694824219,106.6500015258789,109.19999694824219,93791140,Tata Steel,TATASTEEL.NS
2021-12-02,95.9287338256836,111.23999786376953,111.5999984741211,107.4000015258789,108.30000305175781,91286810,Tata Steel,TATASTEEL.NS
2021-12-03,96.41166687011719,111.80000305175781,113.41999816894531,110.2249984741211,111.5,100737840,Tata Steel,TATASTEEL.NS
2021-12-06,95.6182861328125,110.87999725341797,114.0999984741211,110.22000122070312,111.4000015258789,82159400,Tata Steel,TATASTEEL.NS
2021-12-07,99.06771850585938,114.87999725341797,115.55500030517578,112.0999984741211,112.11000061035156,85053900,Tata Steel,TATASTEEL.NS
2021-12-08,101.15462493896484,117.30000305175781,117.69999694824219,114.9000015258789,115.9000015258789,74485010,Tata Steel,TATASTEEL.NS
2021-12-09,101.48663330078125,117.68499755859375,118.19999694824219,115.9000015258789,118.19999694824219,52123940,Tata Steel,TATASTEEL.NS
2021-12-10,101.75828552246094,118.0,118.88999938964844,116.76000213623047,117.34500122070312,48121300,Tata Steel,TATASTEEL.NS
2021-12-13,100.49061584472656,116.52999877929688,119.9000015258789,116.16500091552734,118.80000305175781,53537780,Tata Steel,TATASTEEL.NS
2021-12-14,100.65446472167969,116.72000122070312,117.79000091552734,114.69999694824219,115.8949966430664,53522640,Tata Steel,TATASTEEL.NS
2021-12-15,99.52045440673828,115.40499877929688,117.55999755859375,114.9000015258789,117.00499725341797,44308330,Tata Steel,TATASTEEL.NS
2021-12-16,99.44715881347656,115.31999969482422,116.87999725341797,114.3550033569336,116.4000015258789,42460080,Tata Steel,TATASTEEL.NS
2021-12-17,97.6275863647461,113.20999908447266,115.88500213623047,112.5,115.4000015258789,47435020,Tata Steel,TATASTEEL.NS
2021-12-20,92.52672576904297,107.29499816894531,111.72000122070312,106.6050033569336,111.69999694824219,73526500,Tata Steel,TATASTEEL.NS
2021-12-21,95.29922485351562,110.51000213623047,112.42500305175781,108.5,109.0,70268490,Tata Steel,TATASTEEL.NS
2021-12-22,97.34732055664062,112.88500213623047,113.0999984741211,111.0,111.5,43669170,Tata Steel,TATASTEEL.NS
2021-12-23,97.24383544921875,112.76499938964844,114.68000030517578,112.0199966430664,113.80000305175781,46214780,Tata Steel,TATASTEEL.NS
2021-12-24,96.19175720214844,111.54499816894531,113.34500122070312,110.38500213623047,113.00499725341797,40936300,Tata Steel,TATASTEEL.NS
2021-12-27,96.7393569946289,112.18000030517578,112.47000122070312,110.23500061035156,111.1050033569336,27588510,Tata Steel,TATASTEEL.NS
2021-12-28,97.22659301757812,112.74500274658203,113.1500015258789,112.19999694824219,112.69999694824219,28807810,Tata Steel,TATASTEEL.NS
2021-12-29,96.2607421875,111.625,112.66500091552734,110.80000305175781,112.0,41935200,Tata Steel,TATASTEEL.NS
2021-12-30,94.94564819335938,110.0999984741211,112.69999694824219,109.9000015258789,111.79000091552734,41140930,Tata Steel,TATASTEEL.NS
2021-12-31,95.84680938720703,111.1449966430664,112.3499984741211,110.26499938964844,110.5,36870210,Tata Steel,TATASTEEL.NS
2022-01-03,98.52012634277344,114.24500274658203,115.0999984741211,111.5,111.5,38658030,Tata Steel,TATASTEEL.NS
2022-01-04,99.06771850585938,114.87999725341797,115.97000122070312,113.6500015258789,115.30000305175781,59757310,Tata Steel,TATASTEEL.NS
2022-01-05,101.55131530761719,117.76000213623047,118.08000183105469,114.125,114.69999694824219,61861760,Tata Steel,TATASTEEL.NS
2022-01-06,100.31382751464844,116.32499694824219,118.30000305175781,115.55500030517578,117.19999694824219,53354000,Tata Steel,TATASTEEL.NS
2022-01-07,100.06375122070312,116.03500366210938,117.4000015258789,114.78500366210938,116.5199966430664,39738570,Tata Steel,TATASTEEL.NS
2022-01-10,100.81399536132812,116.90499877929688,117.33999633789062,115.38500213623047,116.5,38225000,Tata Steel,TATASTEEL.NS
2022-01-11,97.46804809570312,113.0250015258789,116.2699966430664,111.30000305175781,115.86499786376953,96978850,Tata Steel,TATASTEEL.NS
2022-01-12,98.92974090576172,114.72000122070312,115.08000183105469,113.23999786376953,113.98500061035156,50358430,Tata Steel,TATASTEEL.NS
2022-01-13,105.30689239501953,122.11499786376953,122.55000305175781,115.21499633789062,115.4000015258789,157231160,Tata Steel,TATASTEEL.NS
2022-01-14,104.65579986572266,121.36000061035156,122.62999725341797,120.61000061035156,121.30000305175781,52679070,Tata Steel,TATASTEEL.NS
2022-01-17,106.04850769042969,122.9749984741211,124.5,119.03500366210938,121.5,89696070,Tata Steel,TATASTEEL.NS
2022-01-18,103.03887939453125,119.48500061035156,123.375,119.0,123.0,58408970,Tata Steel,TATASTEEL.NS
2022-01-19,104.31086730957031,120.95999908447266,122.08999633789062,118.30000305175781,119.5999984741211,73043210,Tata Steel,TATASTEEL.NS
2022-01-20,104.06077575683594,120.66999816894531,122.4000015258789,119.69999694824219,121.01000213623047,59205970,Tata Steel,TATASTEEL.NS
2022-01-21,100.87005615234375,116.97000122070312,120.43000030517578,115.63500213623047,120.0,71662670,Tata Steel,TATASTEEL.NS
2022-01-24,94.79041290283203,109.91999816894531,116.36499786376953,109.0,116.0,83920760,Tata Steel,TATASTEEL.NS
2022-01-25,95.6441650390625,110.91000366210938,112.0999984741211,108.70500183105469,109.47000122070312,57330630,Tata Steel,TATASTEEL.NS
2022-01-27,93.85476684570312,108.83499908447266,110.34500122070312,106.12999725341797,109.0,90566560,Tata Steel,TATASTEEL.NS
2022-01-28,93.53569030761719,108.46499633789062,112.57499694824219,108.09500122070312,110.58499908447266,78648930,Tata Steel,TATASTEEL.NS
2022-01-31,93.61331176757812,108.55500030517578,111.45999908447266,108.05000305175781,110.98999786376953,55709390,Tata Steel,TATASTEEL.NS
2022-02-01,100.66740417480469,116.73500061035156,117.44499969482422,108.63999938964844,110.48999786376953,170752680,Tata Steel,TATASTEEL.NS
2022-02-02,100.68032836914062,116.75,117.98999786376953,115.83000183105469,117.98999786376953,75247340,Tata Steel,TATASTEEL.NS
2022-02-03,100.60272216796875,116.66000366210938,118.16999816894531,114.62999725341797,115.30000305175781,65140900,Tata Steel,TATASTEEL.NS
2022-02-04,101.43920135498047,117.62999725341797,119.7750015258789,117.0250015258789,117.37999725341797,93174180,Tata Steel,TATASTEEL.NS
2022-02-07,102.01698303222656,118.30000305175781,121.45999908447266,116.0999984741211,116.83000183105469,145105250,Tata Steel,TATASTEEL.NS
2022-02-08,105.1732177734375,121.95999908447266,122.23999786376953,117.1500015258789,119.5,140839840,Tata Steel,TATASTEEL.NS
2022-02-09,105.41036224365234,122.23500061035156,123.4000015258789,120.81500244140625,123.0999984741211,73520600,Tata Steel,TATASTEEL.NS
2022-02-10,107.65249633789062,124.83499908447266,125.42500305175781,122.5999984741211,123.0,93920570,Tata Steel,TATASTEEL.NS
2022-02-11,108.17853546142578,125.44499969482422,126.49500274658203,123.30999755859375,123.9000015258789,96762260,Tata Steel,TATASTEEL.NS
2022-02-14,102.3489990234375,118.68499755859375,122.7750015258789,118.01000213623047,122.01000213623047,80216130,Tata Steel,TATASTEEL.NS
2022-02-15,104.15132904052734,120.7750015258789,121.19999694824219,115.15499877929688,119.68499755859375,101889210,Tata Steel,TATASTEEL.NS
2022-02-16,102.77586364746094,119.18000030517578,121.79000091552734,118.6500015258789,121.5,66092140,Tata Steel,TATASTEEL.NS
2022-02-17,102.70256042480469,119.09500122070312,120.94999694824219,118.61499786376953,120.11000061035156,56557920,Tata Steel,TATASTEEL.NS
2022-02-18,102.68962860107422,119.08000183105469,120.5,118.30000305175781,118.69999694824219,47251200,Tata Steel,TATASTEEL.NS
2022-02-21,101.91781616210938,118.18499755859375,120.19999694824219,117.44000244140625,118.80000305175781,49787320,Tata Steel,TATASTEEL.NS
2022-02-22,98.19673919677734,113.87000274658203,116.66500091552734,111.92500305175781,115.80000305175781,93858570,Tata Steel,TATASTEEL.NS
2022-02-23,98.22261047363281,113.9000015258789,115.26000213623047,113.4000015258789,114.80000305175781,49608380,Tata Steel,TATASTEEL.NS
2022-02-24,92.6172866821289,107.4000015258789,111.99500274658203,106.70999908447266,109.4000015258789,121268670,Tata Steel,TATASTEEL.NS
2022-02-25,98.77021026611328,114.53500366210938,115.06999969482422,109.55999755859375,109.7699966430664,92128860,Tata Steel,TATASTEEL.NS
2022-02-28,105.27239227294922,122.07499694824219,122.5,112.91999816894531,113.4000015258789,176054460,Tata Steel,TATASTEEL.NS
2022-03-02,111.18816375732422,128.93499755859375,129.9600067138672,121.8550033569336,122.07499694824219,248475320,Tata Steel,TATASTEEL.NS
2022-03-03,112.39115905761719,130.3300018310547,132.86500549316406,129.36500549316406,130.60000610351562,174503380,Tata Steel,TATASTEEL.NS
2022-03-04,110.13176727294922,127.70999908447266,131.98500061035156,127.30000305175781,130.24000549316406,162829230,Tata Steel,TATASTEEL.NS
2022-03-07,111.40806579589844,129.19000244140625,130.17999267578125,126.4000015258789,127.58999633789062,110400010,Tata Steel,TATASTEEL.NS
2022-03-08,109.47637176513672,126.94999694824219,129.39999389648438,124.4000015258789,129.3000030517578,91078220,Tata Steel,TATASTEEL.NS
2022-03-09,108.25614929199219,125.53500366210938,127.68000030517578,124.86000061035156,127.38999938964844,69348880,Tata Steel,TATASTEEL.NS
2022-03-10,112.85682678222656,130.8699951171875,131.3800048828125,124.0999984741211,125.78500366210938,136740620,Tata Steel,TATASTEEL.NS
2022-03-11,112.253173828125,130.1699981689453,133.99000549316406,129.6199951171875,131.5,118822990,Tata Steel,TATASTEEL.NS
2022-03-14,111.84786224365234,129.6999969482422,131.1699981689453,127.7699966430664,130.5,52780820,Tata Steel,TATASTEEL.NS
2022-03-15,106.39346313476562,123.375,129.3000030517578,122.80000305175781,129.17999267578125,96143130,Tata Steel,TATASTEEL.NS
2022-03-16,109.1098861694336,126.5250015258789,127.12000274658203,124.0199966430664,124.5,63024510,Tata Steel,TATASTEEL.NS
2022-03-17,112.40409088134766,130.34500122070312,131.77999877929688,127.11000061035156,127.5,106239760,Tata Steel,TATASTEEL.NS
2022-03-21,112.36096954345703,130.2949981689453,133.39999389648438,129.4499969482422,130.8000030517578,84227630,Tata Steel,TATASTEEL.NS
2022-03-22,112.279052734375,130.1999969482422,133.0,128.80499267578125,132.0,81795880,Tata Steel,TATASTEEL.NS
2022-03-23,114.77989196777344,133.10000610351562,134.77999877929688,129.23500061035156,132.39999389648438,130552380,Tata Steel,TATASTEEL.NS
2022-03-24,116.46578216552734,135.05499267578125,135.9499969482422,132.59500122070312,133.09500122070312,94605270,Tata Steel,TATASTEEL.NS
2022-03-25,115.46546173095703,133.89500427246094,136.60000610351562,133.35499572753906,135.49000549316406,69457440,Tata Steel,TATASTEEL.NS
2022-03-28,115.46546173095703,133.89500427246094,135.5,132.75999450683594,134.0,46554910,Tata Steel,TATASTEEL.NS
2022-03-29,115.09464263916016,133.46499633789062,134.61500549316406,132.6999969482422,134.39999389648438,43202370,Tata Steel,TATASTEEL.NS
2022-03-30,112.80077362060547,130.80499267578125,133.55499267578125,130.0,133.5,58483160,Tata Steel,TATASTEEL.NS
2022-03-31,112.72747802734375,130.72000122070312,132.0449981689453,130.00999450683594,130.8000030517578,40067950,Tata Steel,TATASTEEL.NS
2022-04-01,113.58122253417969,131.7100067138672,134.08999633789062,130.5449981689453,131.0,55321590,Tata Steel,TATASTEEL.NS
2022-04-04,115.71986389160156,134.19000244140625,135.39999389648438,131.44500732421875,131.7100067138672,69670320,Tata Steel,TATASTEEL.NS
2022-04-05,115.97856140136719,134.49000549316406,135.8000030517578,132.9250030517578,134.84500122070312,63296420,Tata Steel,TATASTEEL.NS
2022-04-06,118.20775604248047,137.0749969482422,138.6699981689453,134.67999267578125,135.0,114097540,Tata Steel,TATASTEEL.NS
2022-04-07,116.375244140625,134.9499969482422,138.10000610351562,134.10000610351562,137.6999969482422,55650640,Tata Steel,TATASTEEL.NS
2022-04-08,118.20775604248047,137.0749969482422,137.9949951171875,135.625,136.09500122070312,52287710,Tata Steel,TATASTEEL.NS
2022-04-11,117.0996322631836,135.7899932861328,138.39999389648438,135.3000030517578,137.07000732421875,44778820,Tata Steel,TATASTEEL.NS
2022-04-12,113.85285186767578,132.02499389648438,135.9949951171875,129.61000061035156,135.3000030517578,69191680,Tata Steel,TATASTEEL.NS
2022-04-13,113.78817749023438,131.9499969482422,134.60000610351562,131.5,133.4949951171875,44937800,Tata Steel,TATASTEEL.NS
2022-04-18,115.47840118408203,133.91000366210938,135.80499267578125,132.88499450683594,133.19000244140625,80700420,Tata Steel,TATASTEEL.NS
2022-04-19,114.40045166015625,132.66000366210938,136.6649932861328,130.89999389648438,135.25999450683594,64772190,Tata Steel,TATASTEEL.NS
2022-04-20,113.33544158935547,131.4250030517578,133.64500427246094,130.30499267578125,132.97000122070312,54100210,Tata Steel,TATASTEEL.NS
2022-04-21,112.29197692871094,130.21499633789062,132.27499389648438,128.5850067138672,131.60000610351562,66690280,Tata Steel,TATASTEEL.NS
2022-04-22,110.17057800292969,127.75499725341797,131.15499877929688,127.375,130.16000366210938,55848230,Tata Steel,TATASTEEL.NS
2022-04-25,105.23790740966797,122.03500366210938,126.29499816894531,121.27999877929688,125.0,72310460,Tata Steel,TATASTEEL.NS
2022-04-26,106.3805160522461,123.36000061035156,124.16999816894531,122.5,123.5,44812710,Tata Steel,TATASTEEL.NS
2022-04-27,107.51020812988281,124.66999816894531,125.5,121.04000091552734,122.69999694824219,71209740,Tata Steel,TATASTEEL.NS
2022-04-28,108.7304458618164,126.08499908447266,126.86499786376953,124.30000305175781,125.94999694824219,51295830,Tata Steel,TATASTEEL.NS
2022-04-29,109.61004638671875,127.1050033569336,129.1699981689453,126.56500244140625,126.80000305175781,57173520,Tata Steel,TATASTEEL.NS
2022-05-02,111.69265747070312,129.52000427246094,130.27499389648438,124.875,125.69999694824219,54426170,Tata Steel,TATASTEEL.NS
2022-05-04,108.77356719970703,126.13500213623047,133.0,125.44999694824219,132.72999572753906,138374020,Tata Steel,TATASTEEL.NS
2022-05-05,110.74837493896484,128.4250030517578,131.64999389648438,127.80000305175781,128.0,87338160,Tata Steel,TATASTEEL.NS
2022-05-06,110.70093536376953,128.3699951171875,129.0,124.30000305175781,126.80000305175781,69256760,Tata Steel,TATASTEEL.NS
2022-05-09,107.98882293701172,125.2249984741211,127.41999816894531,124.4000015258789,126.0,50552970,Tata Steel,TATASTEEL.NS
2022-05-10,100.45612335205078,116.48999786376953,125.46499633789062,115.8550033569336,125.0999984741211,145537420,Tata Steel,TATASTEEL.NS
2022-05-11,100.52511596679688,116.56999969482422,119.08999633789062,112.33999633789062,117.5,107063150,Tata Steel,TATASTEEL.NS
2022-05-12,96.38577270507812,111.7699966430664,116.23999786376953,110.30000305175781,115.69000244140625,94191610,Tata Steel,TATASTEEL.NS
2022-05-13,94.60070037841797,109.69999694824219,115.18000030517578,109.19999694824219,113.5,82924410,Tata Steel,TATASTEEL.NS
2022-05-16,95.16123962402344,110.3499984741211,113.4800033569336,109.4000015258789,111.9000015258789,62665270,Tata Steel,TATASTEEL.NS
2022-05-17,102.50852966308594,118.87000274658203,119.72000122070312,111.53500366210938,112.4000015258789,112876010,Tata Steel,TATASTEEL.NS
2022-05-18,101.77983856201172,118.0250015258789,120.9000015258789,117.5,119.69999694824219,81575800,Tata Steel,TATASTEEL.NS
2022-05-19,96.76953887939453,112.21499633789062,115.48999786376953,111.5199966430664,115.0999984741211,66545630,Tata Steel,TATASTEEL.NS
2022-05-20,100.9476547241211,117.05999755859375,117.83999633789062,114.12000274658203,116.23500061035156,65527500,Tata Steel,TATASTEEL.NS
2022-05-23,88.2149429321289,102.29499816894531,109.69999694824219,100.15499877929688,109.69999694824219,273883460,Tata Steel,TATASTEEL.NS
2022-05-24,86.78343200683594,100.63500213623047,103.98999786376953,100.19999694824219,103.0999984741211,123116660,Tata Steel,TATASTEEL.NS
2022-05-25,86.15821075439453,99.91000366210938,101.83499908447266,99.18000030517578,100.63500213623047,99343400,Tata Steel,TATASTEEL.NS
2022-05-26,90.7200927734375,105.19999694824219,106.75499725341797,99.5250015258789,100.69999694824219,150536730,Tata Steel,TATASTEEL.NS
2022-05-27,89.98709106445312,104.3499984741211,106.76499938964844,103.19999694824219,106.25,74772200,Tata Steel,TATASTEEL.NS
2022-05-30,90.32772064208984,104.74500274658203,106.37999725341797,104.3499984741211,105.9000015258789,72701590,Tata Steel,TATASTEEL.NS
2022-05-31,91.03485870361328,105.56500244140625,107.19000244140625,103.69999694824219,104.5,121248850,Tata Steel,TATASTEEL.NS
2022-06-01,91.71612548828125,106.3550033569336,107.9000015258789,105.33000183105469,106.55000305175781,94055290,Tata Steel,TATASTEEL.NS
2022-06-02,93.26835632324219,108.15499877929688,108.4749984741211,105.91000366210938,106.7750015258789,79177040,Tata Steel,TATASTEEL.NS
2022-06-03,92.03949737548828,106.7300033569336,109.27999877929688,106.5,109.19999694824219,53954860,Tata Steel,TATASTEEL.NS
2022-06-06,92.97084045410156,107.80999755859375,108.29000091552734,104.91999816894531,106.5,57262490,Tata Steel,TATASTEEL.NS
2022-06-07,92.14298248291016,106.8499984741211,108.1500015258789,106.3550033569336,106.69999694824219,43341570,Tata Steel,TATASTEEL.NS
2022-06-08,93.716796875,108.67500305175781,108.88999938964844,107.40499877929688,108.0999984741211,64734340,Tata Steel,TATASTEEL.NS
2022-06-09,90.103515625,104.48500061035156,108.7249984741211,104.12000274658203,107.49500274658203,98547810,Tata Steel,TATASTEEL.NS
2022-06-10,88.27961730957031,102.37000274658203,103.13999938964844,101.06500244140625,103.0,95225630,Tata Steel,TATASTEEL.NS
2022-06-13,85.5416259765625,99.19499969482422,101.19999694824219,99.0,100.43000030517578,82235750,Tata Steel,TATASTEEL.NS
2022-06-14,85.90382385253906,99.61499786376953,101.37000274658203,98.55500030517578,98.82499694824219,77202600,Tata Steel,TATASTEEL.NS
2022-06-15,87.21263122558594,95.95500183105469,97.42500305175781,95.06500244140625,95.3949966430664,92443330,Tata Steel,TATASTEEL.NS
2022-06-16,81.9546890258789,90.16999816894531,97.5,89.81999969482422,97.5,122741050,Tata Steel,TATASTEEL.NS
2022-06-17,82.40913391113281,90.66999816894531,92.73999786376953,89.55000305175781,89.80000305175781,121290260,Tata Steel,TATASTEEL.NS
2022-06-20,78.2918472290039,86.13999938964844,90.5,84.26499938964844,90.5,139866890,Tata Steel,TATASTEEL.NS
2022-06-21,80.41867065429688,88.4800033569336,89.55000305175781,86.4000015258789,87.5,124526970,Tata Steel,TATASTEEL.NS
2022-06-22,76.17414093017578,83.80999755859375,87.38500213623047,83.56999969482422,87.29499816894531,109877390,Tata Steel,TATASTEEL.NS
2022-06-23,76.46498107910156,84.12999725341797,85.59500122070312,82.69999694824219,84.0,111515840,Tata Steel,TATASTEEL.NS
2022-06-24,77.51476287841797,85.28500366210938,86.4749984741211,84.46499633789062,85.0,85433810,Tata Steel,TATASTEEL.NS
2022-06-27,78.87809753417969,86.78500366210938,87.88500213623047,86.30500030517578,87.05000305175781,72814730,Tata Steel,TATASTEEL.NS
2022-06-28,79.88241577148438,87.88999938964844,88.44000244140625,86.04000091552734,86.5999984741211,84647330,Tata Steel,TATASTEEL.NS
2022-06-29,80.12782287597656,88.16000366210938,88.87999725341797,86.8499984741211,87.0,72318470,Tata Steel,TATASTEEL.NS
2022-06-30,78.80538940429688,86.70500183105469,89.44999694824219,86.33000183105469,88.1500015258789,84672090,Tata Steel,TATASTEEL.NS
2022-07-01,79.3325424194336,87.28500366210938,87.5,85.91000366210938,86.69499969482422,54761890,Tata Steel,TATASTEEL.NS
2022-07-04,77.66927337646484,85.45500183105469,87.12000274658203,84.33000183105469,86.8499984741211,77554410,Tata Steel,TATASTEEL.NS
2022-07-05,78.1782455444336,86.01499938964844,87.91999816894531,85.77999877929688,86.19999694824219,79058290,Tata Steel,TATASTEEL.NS
2022-07-06,77.99646759033203,85.81500244140625,86.11000061035156,83.80500030517578,85.84500122070312,81439710,Tata Steel,TATASTEEL.NS
2022-07-07,81.80017852783203,90.0,90.65499877929688,85.8499984741211,86.69999694824219,111007940,Tata Steel,TATASTEEL.NS
2022-07-08,80.51863098144531,88.58999633789062,91.79000091552734,88.05000305175781,91.79000091552734,112000630,Tata Steel,TATASTEEL.NS
2022-07-11,82.9590072631836,91.2750015258789,92.9000015258789,87.50499725341797,88.5199966430664,150193340,Tata Steel,TATASTEEL.NS
2022-07-12,81.99104309082031,90.20999908447266,91.59500122070312,89.36000061035156,90.48999786376953,100175050,Tata Steel,TATASTEEL.NS
2022-07-13,82.2409896850586,90.48500061035156,91.41999816894531,90.06500244140625,90.59500122070312,70135110,Tata Steel,TATASTEEL.NS
2022-07-14,82.52729034423828,90.80000305175781,91.0999984741211,89.5,91.0,74498580,Tata Steel,TATASTEEL.NS
2022-07-15,80.3277816772461,88.37999725341797,91.02999877929688,87.75,90.5,81253510,Tata Steel,TATASTEEL.NS
2022-07-18,82.19100189208984,90.43000030517578,90.80000305175781,89.2249984741211,89.69999694824219,73060810,Tata Steel,TATASTEEL.NS
2022-07-19,83.5679702758789,91.94499969482422,92.19000244140625,90.0999984741211,90.0999984741211,85341580,Tata Steel,TATASTEEL.NS
2022-07-20,84.38597869873047,92.84500122070312,93.80000305175781,92.5199966430664,93.59500122070312,77088650,Tata Steel,TATASTEEL.NS
2022-07-21,84.91767120361328,93.43000030517578,93.88500213623047,92.44999694824219,93.0,50877140,Tata Steel,TATASTEEL.NS
2022-07-22,85.07672882080078,93.6050033569336,94.4000015258789,93.19999694824219,94.25,48608940,Tata Steel,TATASTEEL.NS
2022-07-25,87.31715393066406,96.06999969482422,96.48500061035156,93.36000061035156,93.5,99635630,Tata Steel,TATASTEEL.NS
2022-07-26,86.29918670654297,94.94999694824219,97.66999816894531,94.6050033569336,97.19999694824219,126264690,Tata Steel,TATASTEEL.NS
2022-07-27,87.1989974975586,95.94000244140625,96.15499877929688,94.36000061035156,95.0999984741211,52559020,Tata Steel,TATASTEEL.NS
2022-07-28,91.20719146728516,100.3499984741211,102.0,97.1500015258789,98.0999984741211,137156107,Tata Steel,TATASTEEL.NS
2022-07-29,97.79666137695312,107.5999984741211,109.30000305175781,102.1500015258789,103.0,166959934,Tata Steel,TATASTEEL.NS
2022-08-01,98.38743591308594,108.25,111.44999694824219,106.1500015258789,110.5,125365761,Tata Steel,TATASTEEL.NS
2022-08-02,97.25132751464844,107.0,108.0,105.3499984741211,108.0,64935371,Tata Steel,TATASTEEL.NS
2022-08-03,97.29676818847656,107.05000305175781,108.44999694824219,106.0,107.0,61428846,Tata Steel,TATASTEEL.NS
2022-08-04,97.88754272460938,107.69999694824219,109.5,106.05000305175781,107.5,79526154,Tata Steel,TATASTEEL.NS
2022-08-05,97.56944274902344,107.3499984741211,109.25,107.0999984741211,107.6500015258789,54469112,Tata Steel,TATASTEEL.NS
2022-08-08,97.43309783935547,107.19999694824219,108.1500015258789,106.69999694824219,107.8499984741211,41384943,Tata Steel,TATASTEEL.NS
2022-08-10,99.2508773803711,109.19999694824219,109.9000015258789,106.5,107.9000015258789,73880698,Tata Steel,TATASTEEL.NS
2022-08-11,99.15999603271484,109.0999984741211,110.6500015258789,108.5999984741211,110.30000305175781,75321498,Tata Steel,TATASTEEL.NS
2022-08-12,102.38655853271484,112.6500015258789,112.9000015258789,108.80000305175781,109.3499984741211,95942333,Tata Steel,TATASTEEL.NS
2022-08-16,102.70466613769531,113.0,113.69999694824219,111.0999984741211,113.69999694824219,69207437,Tata Steel,TATASTEEL.NS
2022-08-17,102.2502212524414,112.5,113.5,112.25,113.5,54008422,Tata Steel,TATASTEEL.NS
2022-08-18,102.29566955566406,112.55000305175781,113.0,111.4000015258789,112.5,49396425,Tata Steel,TATASTEEL.NS
2022-08-19,100.02344512939453,110.05000305175781,112.9000015258789,109.55000305175781,112.55000305175781,57134813,Tata Steel,TATASTEEL.NS
2022-08-22,95.47898864746094,105.05000305175781,109.5999984741211,104.69999694824219,109.5,74037526,Tata Steel,TATASTEEL.NS
2022-08-23,97.79666137695312,107.5999984741211,108.25,103.5,104.19999694824219,70531639,Tata Steel,TATASTEEL.NS
2022-08-24,96.84231567382812,106.55000305175781,108.1500015258789,105.75,107.55000305175781,55686404,Tata Steel,TATASTEEL.NS
2022-08-25,96.56966400146484,106.25,107.9000015258789,105.75,107.05000305175781,42186335,Tata Steel,TATASTEEL.NS
2022-08-26,97.56944274902344,107.3499984741211,109.19999694824219,107.0999984741211,107.25,71257092,Tata Steel,TATASTEEL.NS
2022-08-29,95.29720306396484,104.8499984741211,105.6500015258789,103.25,104.05000305175781,59895805,Tata Steel,TATASTEEL.NS
2022-08-30,98.4328842163086,108.30000305175781,108.5,106.05000305175781,106.5,67401780,Tata Steel,TATASTEEL.NS
2022-09-01,96.70598602294922,106.4000015258789,107.75,105.9000015258789,107.0,52454732,Tata Steel,TATASTEEL.NS
2022-09-02,95.88799285888672,105.5,107.0,105.0,107.0,45601352,Tata Steel,TATASTEEL.NS
2022-09-05,97.16043090820312,106.9000015258789,107.30000305175781,105.80000305175781,106.05000305175781,40352735,Tata Steel,TATASTEEL.NS
2022-09-06,98.7055435180664,108.5999984741211,108.80000305175781,106.05000305175781,107.4000015258789,59505849,Tata Steel,TATASTEEL.NS
2022-09-07,97.79666137695312,107.5999984741211,108.9000015258789,107.0999984741211,107.55000305175781,43945660,Tata Steel,TATASTEEL.NS
2022-09-08,96.20609283447266,105.8499984741211,108.4000015258789,105.3499984741211,108.4000015258789,71228405,Tata Steel,TATASTEEL.NS
2022-09-09,96.06975555419922,105.69999694824219,107.3499984741211,105.5,107.0,63647166,Tata Steel,TATASTEEL.NS
2022-09-12,97.93299102783203,107.75,107.94999694824219,106.5,106.80000305175781,40838533,Tata Steel,TATASTEEL.NS
2022-09-13,97.93299102783203,107.75,108.69999694824219,107.55000305175781,108.0,44179394,Tata Steel,TATASTEEL.NS
2022-09-14,99.20543670654297,109.1500015258789,110.4000015258789,105.80000305175781,106.30000305175781,86379872,Tata Steel,TATASTEEL.NS
2022-09-15,97.25132751464844,107.0,109.0,106.5,108.6500015258789,62926791,Tata Steel,TATASTEEL.NS
2022-09-16,96.06975555419922,105.69999694824219,107.5,105.0,106.19999694824219,107967267,Tata Steel,TATASTEEL.NS
2022-09-19,93.70664978027344,103.0999984741211,106.19999694824219,103.0,106.19999694824219,51146568,Tata Steel,TATASTEEL.NS
2022-09-20,96.16065216064453,105.80000305175781,106.3499984741211,104.0,104.19999694824219,52140254,Tata Steel,TATASTEEL.NS
2022-09-21,94.93363952636719,104.44999694824219,107.19999694824219,104.30000305175781,105.80000305175781,46142823,Tata Steel,TATASTEEL.NS
2022-09-22,94.16108703613281,103.5999984741211,105.30000305175781,103.5,104.44999694824219,61380323,Tata Steel,TATASTEEL.NS
2022-09-23,94.79731750488281,104.30000305175781,107.9000015258789,103.75,106.19999694824219,109765520,Tata Steel,TATASTEEL.NS
2022-09-26,90.75275421142578,99.8499984741211,104.44999694824219,98.5,104.4000015258789,101291962,Tata Steel,TATASTEEL.NS
2022-09-27,88.75318908691406,97.6500015258789,101.3499984741211,96.5,101.3499984741211,104949032,Tata Steel,TATASTEEL.NS
2022-09-28,86.52640533447266,95.19999694824219,97.8499984741211,95.0,96.55000305175781,71724106,Tata Steel,TATASTEEL.NS
2022-09-29,88.02608489990234,96.8499984741211,98.25,96.4000015258789,97.0,60884592,Tata Steel,TATASTEEL.NS
2022-09-30,90.25286865234375,99.30000305175781,100.4000015258789,95.69999694824219,96.8499984741211,66436616,Tata Steel,TATASTEEL.NS
2022-10-03,89.38941192626953,98.3499984741211,99.6500015258789,98.0,99.5999984741211,37282313,Tata Steel,TATASTEEL.NS
2022-10-04,91.93431091308594,101.1500015258789,101.5,100.0,100.30000305175781,40186702,Tata Steel,TATASTEEL.NS
2022-10-06,94.11566162109375,103.55000305175781,103.80000305175781,101.75,102.0,48169310,Tata Steel,TATASTEEL.NS
2022-10-07,93.88843536376953,103.30000305175781,103.5,101.9000015258789,103.30000305175781,36080875,Tata Steel,TATASTEEL.NS
2022-10-10,93.79753875732422,103.19999694824219,103.5,101.1500015258789,102.0,36641275,Tata Steel,TATASTEEL.NS
2022-10-11,91.20719146728516,100.3499984741211,103.6500015258789,99.80000305175781,103.55000305175781,41083734,Tata Steel,TATASTEEL.NS
2022-10-12,91.38898468017578,100.55000305175781,101.19999694824219,99.0,100.3499984741211,41357469,Tata Steel,TATASTEEL.NS
2022-10-13,90.97997283935547,100.0999984741211,101.80000305175781,98.80000305175781,101.0999984741211,34668093,Tata Steel,TATASTEEL.NS
2022-10-14,90.97997283935547,100.0999984741211,102.80000305175781,99.9000015258789,101.8499984741211,32456805,Tata Steel,TATASTEEL.NS
2022-10-17,90.48009490966797,99.55000305175781,100.4000015258789,98.0999984741211,99.75,37568783,Tata Steel,TATASTEEL.NS
2022-10-18,91.47987365722656,100.6500015258789,101.0,99.80000305175781,100.30000305175781,30722156,Tata Steel,TATASTEEL.NS
2022-10-19,90.93453216552734,100.05000305175781,101.25,99.69999694824219,100.5999984741211,38764542,Tata Steel,TATASTEEL.NS
2022-10-20,91.70709228515625,100.9000015258789,101.19999694824219,98.80000305175781,99.5,38091315,Tata Steel,TATASTEEL.NS
2022-10-21,91.07086181640625,100.19999694824219,101.44999694824219,99.3499984741211,100.8499984741211,30973997,Tata Steel,TATASTEEL.NS
2022-10-24,91.9797592163086,101.19999694824219,102.0999984741211,101.0,102.0,7480281,Tata Steel,TATASTEEL.NS
2022-10-25,91.9797592163086,101.19999694824219,102.5,100.69999694824219,101.1500015258789,37163180,Tata Steel,TATASTEEL.NS
2022-10-27,94.7064208984375,104.19999694824219,104.6500015258789,102.05000305175781,102.25,74349009,Tata Steel,TATASTEEL.NS
2022-10-28,92.34330749511719,101.5999984741211,104.5999984741211,100.80000305175781,104.0999984741211,51006232,Tata Steel,TATASTEEL.NS
2022-10-31,92.2978744506836,101.55000305175781,102.1500015258789,100.30000305175781,101.9000015258789,38715841,Tata Steel,TATASTEEL.NS
2022-11-01,91.9797592163086,101.19999694824219,101.44999694824219,98.55000305175781,98.55000305175781,69031178,Tata Steel,TATASTEEL.NS
2022-11-02,92.02520751953125,101.25,103.0,100.80000305175781,101.0,42336049,Tata Steel,TATASTEEL.NS
2022-11-03,92.70687103271484,102.0,102.44999694824219,100.0,100.75,39110676,Tata Steel,TATASTEEL.NS
2022-11-04,95.2063217163086,104.75,105.0,102.19999694824219,102.5,70299020,Tata Steel,TATASTEEL.NS
2022-11-07,96.97865295410156,106.69999694824219,107.44999694824219,104.5999984741211,105.9000015258789,74426059,Tata Steel,TATASTEEL.NS
2022-11-09,96.4333267211914,106.0999984741211,107.55000305175781,105.55000305175781,107.25,38295904,Tata Steel,TATASTEEL.NS
2022-11-10,95.1608657836914,104.69999694824219,106.0,104.44999694824219,105.19999694824219,27864285,Tata Steel,TATASTEEL.NS
2022-11-11,97.75121307373047,107.55000305175781,108.19999694824219,106.25,106.25,77933417,Tata Steel,TATASTEEL.NS
2022-11-14,98.79644012451172,108.69999694824219,110.0,108.25,108.5,55474425,Tata Steel,TATASTEEL.NS
2022-11-15,98.66010284423828,108.55000305175781,109.3499984741211,107.19999694824219,109.0,35007427,Tata Steel,TATASTEEL.NS
2022-11-16,96.84231567382812,106.55000305175781,108.80000305175781,105.19999694824219,108.44999694824219,40404167,Tata Steel,TATASTEEL.NS
2022-11-17,96.20609283447266,105.8499984741211,106.80000305175781,104.5,105.9000015258789,32894825,Tata Steel,TATASTEEL.NS
2022-11-18,95.88799285888672,105.5,106.30000305175781,104.69999694824219,105.8499984741211,28992538,Tata Steel,TATASTEEL.NS
2022-11-21,94.75187683105469,104.25,107.69999694824219,103.8499984741211,107.69999694824219,58404309,Tata Steel,TATASTEEL.NS
2022-11-22,95.61531829833984,105.19999694824219,105.4000015258789,103.55000305175781,104.4000015258789,27846186,Tata Steel,TATASTEEL.NS
2022-11-23,95.84253692626953,105.44999694824219,106.0,104.94999694824219,105.69999694824219,22809651,Tata Steel,TATASTEEL.NS
2022-11-24,95.88799285888672,105.5,105.94999694824219,104.5999984741211,105.8499984741211,23737867,Tata Steel,TATASTEEL.NS
2022-11-25,96.52420806884766,106.19999694824219,106.5,105.0999984741211,105.5999984741211,27361785,Tata Steel,TATASTEEL.NS
2022-11-28,95.34265899658203,104.9000015258789,106.4000015258789,104.5,106.0,33516118,Tata Steel,TATASTEEL.NS
2022-11-29,96.4333267211914,106.0999984741211,107.6500015258789,104.94999694824219,105.0,40661568,Tata Steel,TATASTEEL.NS
2022-11-30,97.84210205078125,107.6500015258789,107.94999694824219,105.9000015258789,106.0999984741211,61142050,Tata Steel,TATASTEEL.NS
2022-12-01,100.65966796875,110.75,111.30000305175781,108.0,108.69999694824219,91702642,Tata Steel,TATASTEEL.NS
2022-12-02,101.7957763671875,112.0,112.5,110.1500015258789,110.80000305175781,70541914,Tata Steel,TATASTEEL.NS
2022-12-05,105.29500579833984,115.8499984741211,116.0999984741211,112.6500015258789,113.30000305175781,96441799,Tata Steel,TATASTEEL.NS
2022-12-06,102.65922546386719,112.94999694824219,115.3499984741211,112.25,115.3499984741211,50581245,Tata Steel,TATASTEEL.NS
2022-12-07,101.06866455078125,111.19999694824219,113.5,110.8499984741211,113.4000015258789,39494279,Tata Steel,TATASTEEL.NS
2022-12-08,101.65943908691406,111.8499984741211,113.0,110.80000305175781,111.75,32416724,Tata Steel,TATASTEEL.NS
2022-12-09,100.38699340820312,110.44999694824219,113.75,109.69999694824219,112.80000305175781,35665257,Tata Steel,TATASTEEL.NS
2022-12-12,101.52310943603516,111.69999694824219,112.0999984741211,108.69999694824219,110.19999694824219,37082389,Tata Steel,TATASTEEL.NS
2022-12-13,101.06866455078125,111.19999694824219,112.8499984741211,110.80000305175781,112.55000305175781,32264080,Tata Steel,TATASTEEL.NS
2022-12-14,102.7501220703125,113.05000305175781,113.19999694824219,111.0999984741211,111.5999984741211,38606984,Tata Steel,TATASTEEL.NS
2022-12-15,100.84144592285156,110.94999694824219,113.44999694824219,110.69999694824219,112.6500015258789,34361613,Tata Steel,TATASTEEL.NS
2022-12-16,100.93233489990234,111.05000305175781,112.0999984741211,109.44999694824219,110.3499984741211,34736665,Tata Steel,TATASTEEL.NS
2022-12-19,101.61400604248047,111.80000305175781,112.0999984741211,110.80000305175781,111.05000305175781,17297590,Tata Steel,TATASTEEL.NS
2022-12-20,100.84144592285156,110.94999694824219,111.5,109.0,111.1500015258789,34836506,Tata Steel,TATASTEEL.NS
2022-12-21,99.43266296386719,109.4000015258789,112.0,108.69999694824219,111.80000305175781,32303565,Tata Steel,TATASTEEL.NS
2022-12-22,97.84210205078125,107.6500015258789,110.5999984741211,106.3499984741211,110.0,39639329,Tata Steel,TATASTEEL.NS
2022-12-23,92.93408966064453,102.25,106.75,101.94999694824219,106.0,46756489,Tata Steel,TATASTEEL.NS
2022-12-26,95.43354034423828,105.0,105.55000305175781,101.6500015258789,102.80000305175781,33995681,Tata Steel,TATASTEEL.NS
2022-12-27,101.0232162475586,111.1500015258789,111.55000305175781,105.8499984741211,106.6500015258789,76033410,Tata Steel,TATASTEEL.NS
2022-12-28,99.97799682617188,110.0,112.30000305175781,109.69999694824219,111.05000305175781,50660601,Tata Steel,TATASTEEL.NS
2022-12-29,101.56855773925781,111.75,112.0,108.8499984741211,109.0,51751642,Tata Steel,TATASTEEL.NS
2022-12-30,102.38655853271484,112.6500015258789,114.75,112.0999984741211,112.9000015258789,56048485,Tata Steel,TATASTEEL.NS
2023-01-02,108.3852310180664,119.25,119.69999694824219,113.75,114.4000015258789,143444095,Tata Steel,TATASTEEL.NS
2023-01-03,107.65812683105469,118.44999694824219,120.5,117.75,119.80000305175781,74419090,Tata Steel,TATASTEEL.NS
2023-01-04,105.2041244506836,115.75,119.05000305175781,115.3499984741211,118.75,55634568,Tata Steel,TATASTEEL.NS
2023-01-05,105.93122863769531,116.55000305175781,117.0,114.5,116.5,58806907,Tata Steel,TATASTEEL.NS
2023-01-06,105.11324310302734,115.6500015258789,117.8499984741211,115.25,117.0,58551863,Tata Steel,TATASTEEL.NS
2023-01-09,106.84012603759766,117.55000305175781,118.0999984741211,116.55000305175781,116.9000015258789,37763131,Tata Steel,TATASTEEL.NS
2023-01-10,108.02167510986328,118.8499984741211,119.75,117.55000305175781,117.6500015258789,56750710,Tata Steel,TATASTEEL.NS
2023-01-11,108.02167510986328,118.8499984741211,120.3499984741211,118.0,119.44999694824219,49321252,Tata Steel,TATASTEEL.NS
2023-01-12,107.34001159667969,118.0999984741211,119.25,117.5999984741211,118.94999694824219,33740024,Tata Steel,TATASTEEL.NS
2023-01-13,109.47590637207031,120.44999694824219,121.5999984741211,118.1500015258789,118.55000305175781,68884010,Tata Steel,TATASTEEL.NS
2023-01-16,109.02145385742188,119.94999694824219,121.44999694824219,118.80000305175781,121.44999694824219,44362359,Tata Steel,TATASTEEL.NS
2023-01-17,108.47612762451172,119.3499984741211,119.9000015258789,118.0,119.75,27880531,Tata Steel,TATASTEEL.NS
2023-01-18,111.29369354248047,122.44999694824219,123.0,120.0,120.0,64749065,Tata Steel,TATASTEEL.NS
2023-01-19,112.29347229003906,123.55000305175781,124.30000305175781,121.1500015258789,121.80000305175781,53564076,Tata Steel,TATASTEEL.NS
2023-01-20,111.74812316894531,122.94999694824219,124.19999694824219,122.0,123.4000015258789,37784498,Tata Steel,TATASTEEL.NS
2023-01-23,110.88468933105469,122.0,123.8499984741211,121.5,123.4000015258789,28601260,Tata Steel,TATASTEEL.NS
2023-01-24,109.43046569824219,120.4000015258789,122.55000305175781,120.0999984741211,122.5,27707765,Tata Steel,TATASTEEL.NS
2023-01-25,109.97579956054688,121.0,122.25,120.0999984741211,120.3499984741211,46522102,Tata Steel,TATASTEEL.NS
2023-01-27,109.6576919555664,120.6500015258789,123.25,119.0999984741211,121.9000015258789,58771746,Tata Steel,TATASTEEL.NS
2023-01-30,107.9307861328125,118.75,121.0999984741211,116.9000015258789,120.44999694824219,46551837,Tata Steel,TATASTEEL.NS
2023-01-31,108.79423522949219,119.69999694824219,120.44999694824219,117.75,118.75,43986769,Tata Steel,TATASTEEL.NS
2023-02-01,110.93013763427734,122.05000305175781,124.1500015258789,119.30000305175781,120.0999984741211,72919626,Tata Steel,TATASTEEL.NS
2023-02-02,109.02145385742188,119.94999694824219,122.5,118.4000015258789,121.94999694824219,38768010,Tata Steel,TATASTEEL.NS
2023-02-03,109.38501739501953,120.3499984741211,121.0,117.19999694824219,120.05000305175781,46977350,Tata Steel,TATASTEEL.NS
2023-02-06,106.74922943115234,117.44999694824219,120.0,117.0,120.0,49546361,Tata Steel,TATASTEEL.NS
2023-02-07,101.29589080810547,111.44999694824219,115.3499984741211,110.55000305175781,112.5999984741211,110953246,Tata Steel,TATASTEEL.NS
2023-02-08,101.29589080810547,111.44999694824219,112.75,110.0999984741211,111.44999694824219,66523699,Tata Steel,TATASTEEL.NS
2023-02-09,101.1141128540039,111.25,112.94999694824219,109.94999694824219,112.1500015258789,64710455,Tata Steel,TATASTEEL.NS
2023-02-10,98.88733673095703,108.80000305175781,111.25,108.30000305175781,111.0,60810058,Tata Steel,TATASTEEL.NS
2023-02-13,98.84188079833984,108.75,110.5999984741211,108.4000015258789,108.80000305175781,56186469,Tata Steel,TATASTEEL.NS
2023-02-14,99.29632568359375,109.25,109.9000015258789,108.25,109.55000305175781,31163587,Tata Steel,TATASTEEL.NS
2023-02-15,100.25066375732422,110.30000305175781,110.5999984741211,108.80000305175781,109.0,35544190,Tata Steel,TATASTEEL.NS
2023-02-16,101.7957763671875,112.0,112.19999694824219,110.6500015258789,111.0,30956191,Tata Steel,TATASTEEL.NS
2023-02-17,102.02299499511719,112.25,113.0999984741211,111.30000305175781,111.55000305175781,34107244,Tata Steel,TATASTEEL.NS
2023-02-20,102.1138916015625,112.3499984741211,112.69999694824219,111.05000305175781,112.30000305175781,19896764,Tata Steel,TATASTEEL.NS
2023-02-21,102.84100341796875,113.1500015258789,114.19999694824219,112.75,112.9000015258789,29830864,Tata Steel,TATASTEEL.NS
2023-02-22,101.0232162475586,111.1500015258789,113.69999694824219,110.6500015258789,113.25,24391211,Tata Steel,TATASTEEL.NS
2023-02-23,101.84122467041016,112.05000305175781,113.6500015258789,111.3499984741211,111.55000305175781,30845778,Tata Steel,TATASTEEL.NS
2023-02-24,99.75077056884766,109.75,112.9000015258789,109.55000305175781,112.5,34326940,Tata Steel,TATASTEEL.NS
2023-02-27,96.4333267211914,106.0999984741211,110.05000305175781,105.1500015258789,109.80000305175781,56217189,Tata Steel,TATASTEEL.NS
2023-02-28,94.47920989990234,103.94999694824219,107.05000305175781,103.55000305175781,106.8499984741211,76540448,Tata Steel,TATASTEEL.NS
2023-03-01,95.88799285888672,105.5,107.0999984741211,104.5,104.69999694824219,76175319,Tata Steel,TATASTEEL.NS
2023-03-02,95.11544036865234,104.6500015258789,106.9000015258789,104.3499984741211,106.05000305175781,55276248,Tata Steel,TATASTEEL.NS
2023-03-03,97.25132751464844,107.0,107.44999694824219,105.0,106.0,117175295,Tata Steel,TATASTEEL.NS
2023-03-06,96.02433013916016,105.6500015258789,107.5999984741211,105.0,107.5,106868143,Tata Steel,TATASTEEL.NS
2023-03-08,96.79688262939453,106.5,106.9000015258789,104.0,105.30000305175781,43939583,Tata Steel,TATASTEEL.NS
2023-03-09,98.34199523925781,108.19999694824219,108.94999694824219,107.5,107.8499984741211,51967449,Tata Steel,TATASTEEL.NS
2023-03-10,98.25110626220703,108.0999984741211,108.3499984741211,106.5999984741211,107.0,47699832,Tata Steel,TATASTEEL.NS
2023-03-13,97.06954956054688,106.80000305175781,109.0,106.3499984741211,108.25,34552596,Tata Steel,TATASTEEL.NS
2023-03-14,96.70598602294922,106.4000015258789,108.55000305175781,106.19999694824219,107.0,48584984,Tata Steel,TATASTEEL.NS
2023-03-15,98.7509994506836,108.6500015258789,109.1500015258789,107.4000015258789,107.5,38930902,Tata Steel,TATASTEEL.NS
2023-03-16,95.47898864746094,105.05000305175781,107.25,103.69999694824219,107.25,81088340,Tata Steel,TATASTEEL.NS
2023-03-17,97.25132751464844,107.0,107.3499984741211,105.0,106.44999694824219,48962238,Tata Steel,TATASTEEL.NS
2023-03-20,94.97909545898438,104.5,106.44999694824219,103.8499984741211,106.0999984741211,41569640,Tata Steel,TATASTEEL.NS
2023-03-21,95.2063217163086,104.75,105.4000015258789,104.30000305175781,105.0999984741211,26434897,Tata Steel,TATASTEEL.NS
2023-03-22,95.25177001953125,104.80000305175781,105.94999694824219,104.4000015258789,104.75,25891259,Tata Steel,TATASTEEL.NS
2023-03-23,95.34265899658203,104.9000015258789,105.5,104.3499984741211,104.4000015258789,20913844,Tata Steel,TATASTEEL.NS
2023-03-24,92.79776000976562,102.0999984741211,105.05000305175781,101.55000305175781,105.0,39014278,Tata Steel,TATASTEEL.NS
2023-03-27,92.97953796386719,102.30000305175781,103.4000015258789,102.0999984741211,102.55000305175781,24753289,Tata Steel,TATASTEEL.NS
2023-03-28,93.16131591796875,102.5,103.0999984741211,102.3499984741211,102.8499984741211,18703734,Tata Steel,TATASTEEL.NS
2023-03-29,94.16108703613281,103.5999984741211,104.5,101.6500015258789,102.5,37221124,Tata Steel,TATASTEEL.NS
2023-03-31,94.97909545898438,104.5,105.5,104.0999984741211,105.0,34579415,Tata Steel,TATASTEEL.NS
2023-04-03,94.61553955078125,104.0999984741211,105.25,103.80000305175781,105.0999984741211,21840428,Tata Steel,TATASTEEL.NS
2023-04-05,95.29720306396484,104.8499984741211,105.0,103.19999694824219,104.0999984741211,25194802,Tata Steel,TATASTEEL.NS
2023-04-06,94.84275817871094,104.3499984741211,105.0999984741211,104.19999694824219,104.8499984741211,21053782,Tata Steel,TATASTEEL.NS
2023-04-10,95.38809204101562,104.94999694824219,105.75,104.5,104.5,19992257,Tata Steel,TATASTEEL.NS
2023-04-11,97.75121307373047,107.55000305175781,107.8499984741211,105.0999984741211,105.55000305175781,49304956,Tata Steel,TATASTEEL.NS
2023-04-12,97.79666137695312,107.5999984741211,108.4000015258789,106.94999694824219,108.19999694824219,27349538,Tata Steel,TATASTEEL.NS
2023-04-13,97.70577239990234,107.5,108.1500015258789,105.9000015258789,107.5,34880922,Tata Steel,TATASTEEL.NS
2023-04-17,97.38764953613281,107.1500015258789,108.30000305175781,106.75,107.5999984741211,24642162,Tata Steel,TATASTEEL.NS
2023-04-18,97.79666137695312,107.5999984741211,107.9000015258789,106.8499984741211,107.19999694824219,25476339,Tata Steel,TATASTEEL.NS
2023-04-19,98.25110626220703,108.0999984741211,110.4000015258789,107.75,107.8499984741211,62100775,Tata Steel,TATASTEEL.NS
2023-04-20,98.16021728515625,108.0,108.69999694824219,107.4000015258789,108.19999694824219,18337948,Tata Steel,TATASTEEL.NS
2023-04-21,96.47876739501953,106.1500015258789,108.0999984741211,105.3499984741211,108.0,37638506,Tata Steel,TATASTEEL.NS
2023-04-24,96.79688262939453,106.5,106.69999694824219,105.3499984741211,106.4000015258789,23475012,Tata Steel,TATASTEEL.NS
2023-04-25,97.29676818847656,107.05000305175781,107.5999984741211,106.25,106.69999694824219,23333425,Tata Steel,TATASTEEL.NS
2023-04-26,97.114990234375,106.8499984741211,107.05000305175781,105.8499984741211,106.5,23590297,Tata Steel,TATASTEEL.NS
2023-04-27,97.84210205078125,107.6500015258789,107.8499984741211,106.30000305175781,106.30000305175781,22364308,Tata Steel,TATASTEEL.NS
2023-04-28,98.11477661132812,107.94999694824219,108.5,107.30000305175781,107.80000305175781,30072920,Tata Steel,TATASTEEL.NS
2023-05-02,100.25066375732422,110.30000305175781,110.8499984741211,108.0,108.0,52822162,Tata Steel,TATASTEEL.NS
2023-05-03,99.705322265625,109.69999694824219,111.0,108.75,109.80000305175781,51272624,Tata Steel,TATASTEEL.NS
2023-05-04,100.93233489990234,111.05000305175781,111.9000015258789,109.5,110.0,38636907,Tata Steel,TATASTEEL.NS
2023-05-05,98.7509994506836,108.6500015258789,110.8499984741211,108.4000015258789,110.8499984741211,32958346,Tata Steel,TATASTEEL.NS
2023-05-08,99.56900024414062,109.55000305175781,109.8499984741211,108.25,109.25,23130472,Tata Steel,TATASTEEL.NS
2023-05-09,99.56900024414062,109.55000305175781,111.19999694824219,109.1500015258789,109.5999984741211,27999202,Tata Steel,TATASTEEL.NS
2023-05-10,99.29632568359375,109.25,110.0,108.5999984741211,109.5999984741211,19213215,Tata Steel,TATASTEEL.NS
2023-05-11,98.66010284423828,108.55000305175781,109.5,108.25,109.19999694824219,19817637,Tata Steel,TATASTEEL.NS
2023-05-12,97.02410888671875,106.75,108.4000015258789,106.55000305175781,108.3499984741211,36794838,Tata Steel,TATASTEEL.NS
2023-05-15,97.88754272460938,107.69999694824219,108.19999694824219,105.6500015258789,107.05000305175781,22148028,Tata Steel,TATASTEEL.NS
2023-05-16,97.61488342285156,107.4000015258789,108.6500015258789,107.19999694824219,108.19999694824219,18587658,Tata Steel,TATASTEEL.NS
2023-05-17,96.34243774414062,106.0,107.5,105.55000305175781,107.4000015258789,28895465,Tata Steel,TATASTEEL.NS
2023-05-18,95.61531829833984,105.19999694824219,107.1500015258789,105.0999984741211,106.5,24208481,Tata Steel,TATASTEEL.NS
2023-05-19,95.11544036865234,104.6500015258789,105.69999694824219,104.05000305175781,105.5999984741211,29848841,Tata Steel,TATASTEEL.NS
2023-05-22,95.43354034423828,105.0,105.25,104.30000305175781,105.0,21588716,Tata Steel,TATASTEEL.NS
2023-05-23,95.97887420654297,105.5999984741211,106.05000305175781,105.0,105.0999984741211,21304034,Tata Steel,TATASTEEL.NS
2023-05-24,95.61531829833984,105.19999694824219,105.80000305175781,104.9000015258789,105.0999984741211,28454367,Tata Steel,TATASTEEL.NS
2023-05-25,95.29720306396484,104.8499984741211,105.19999694824219,104.30000305175781,105.0,25885062,Tata Steel,TATASTEEL.NS
2023-05-26,96.70598602294922,106.4000015258789,106.75,104.94999694824219,105.0,28362042,Tata Steel,TATASTEEL.NS
2023-05-29,98.5692138671875,108.44999694824219,108.8499984741211,106.30000305175781,107.0,41062311,Tata Steel,TATASTEEL.NS
2023-05-30,97.29676818847656,107.05000305175781,108.94999694824219,106.9000015258789,108.94999694824219,33475211,Tata Steel,TATASTEEL.NS
2023-05-31,96.16065216064453,105.80000305175781,106.94999694824219,105.5999984741211,106.4000015258789,41249944,Tata Steel,TATASTEEL.NS
2023-06-01,96.29698944091797,105.94999694824219,106.69999694824219,105.80000305175781,105.9000015258789,21211538,Tata Steel,TATASTEEL.NS
2023-06-02,98.16021728515625,108.0,108.30000305175781,106.5,106.5,46686933,Tata Steel,TATASTEEL.NS
2023-06-05,99.43266296386719,109.4000015258789,109.9000015258789,107.80000305175781,108.6500015258789,39642539,Tata Steel,TATASTEEL.NS
2023-06-06,99.06909942626953,109.0,109.8499984741211,108.30000305175781,109.75,26751372,Tata Steel,TATASTEEL.NS
2023-06-07,101.34133911132812,111.5,111.75,108.9000015258789,109.5,45157197,Tata Steel,TATASTEEL.NS
2023-06-08,101.0232162475586,111.1500015258789,113.0,110.94999694824219,111.5,46380294,Tata Steel,TATASTEEL.NS
2023-06-09,98.97821807861328,108.9000015258789,111.6500015258789,108.6500015258789,111.25,36392617,Tata Steel,TATASTEEL.NS
2023-06-12,99.52355194091797,109.5,110.5999984741211,109.1500015258789,109.1500015258789,23472313,Tata Steel,TATASTEEL.NS
2023-06-13,101.0232162475586,111.1500015258789,111.8499984741211,109.6500015258789,110.0,30018212,Tata Steel,TATASTEEL.NS
2023-06-14,103.43179321289062,113.80000305175781,114.0,111.4000015258789,111.5,66696433,Tata Steel,TATASTEEL.NS
2023-06-15,103.38633728027344,113.75,114.19999694824219,113.25,113.9000015258789,39430138,Tata Steel,TATASTEEL.NS
2023-06-16,103.84078216552734,114.25,114.80000305175781,113.8499984741211,114.4000015258789,31715807,Tata Steel,TATASTEEL.NS
2023-06-19,103.7044448852539,114.0999984741211,115.5999984741211,113.05000305175781,115.44999694824219,33502185,Tata Steel,TATASTEEL.NS
2023-06-20,103.84078216552734,114.25,115.25,113.5,114.0999984741211,30371599,Tata Steel,TATASTEEL.NS
2023-06-21,103.52267456054688,113.9000015258789,114.9000015258789,112.8499984741211,114.9000015258789,35627983,Tata Steel,TATASTEEL.NS
2023-06-22,104.27351379394531,111.0999984741211,112.19999694824219,110.55000305175781,110.5999984741211,34769987,Tata Steel,TATASTEEL.NS
2023-06-23,102.86568450927734,109.5999984741211,110.75,109.19999694824219,110.5,22190233,Tata Steel,TATASTEEL.NS
2023-06-26,103.1003189086914,109.8499984741211,110.19999694824219,108.0999984741211,109.5999984741211,25332751,Tata Steel,TATASTEEL.NS
2023-06-27,103.94502258300781,110.75,111.5,110.1500015258789,110.5999984741211,24129403,Tata Steel,TATASTEEL.NS
2023-06-28,104.69586944580078,111.55000305175781,112.05000305175781,110.9000015258789,111.5,23895274,Tata Steel,TATASTEEL.NS
2023-06-30,105.11820983886719,112.0,112.19999694824219,110.4000015258789,111.5999984741211,26741918,Tata Steel,TATASTEEL.NS
2023-07-03,106.15062713623047,113.0999984741211,114.25,112.05000305175781,112.25,30979256,Tata Steel,TATASTEEL.NS
2023-07-04,105.49363708496094,112.4000015258789,113.4000015258789,112.0999984741211,113.19999694824219,25080307,Tata Steel,TATASTEEL.NS
2023-07-05,106.00984191894531,112.94999694824219,113.55000305175781,112.19999694824219,112.55000305175781,27877180,Tata Steel,TATASTEEL.NS
2023-07-06,105.72827911376953,112.6500015258789,112.8499984741211,111.5,112.0,34320086,Tata Steel,TATASTEEL.NS
2023-07-07,104.74279022216797,111.5999984741211,113.30000305175781,111.25,112.0,30034274,Tata Steel,TATASTEEL.NS
2023-07-10,108.21544647216797,115.30000305175781,115.69999694824219,111.6500015258789,112.25,60652690,Tata Steel,TATASTEEL.NS
2023-07-11,108.07466888427734,115.1500015258789,116.0999984741211,114.80000305175781,115.5999984741211,37999385,Tata Steel,TATASTEEL.NS
2023-07-12,107.65230560302734,114.69999694824219,116.05000305175781,114.0,115.1500015258789,32771204,Tata Steel,TATASTEEL.NS
2023-07-13,107.79309844970703,114.8499984741211,116.94999694824219,114.5,116.0,44847814,Tata Steel,TATASTEEL.NS
2023-07-14,109.95177459716797,117.1500015258789,117.9000015258789,114.80000305175781,115.69999694824219,34521821,Tata Steel,TATASTEEL.NS
2023-07-17,110.5149154663086,117.75,119.3499984741211,117.0999984741211,117.94999694824219,49115369,Tata Steel,TATASTEEL.NS
2023-07-18,109.4355697631836,116.5999984741211,118.1500015258789,116.4000015258789,118.0,23433431,Tata Steel,TATASTEEL.NS
2023-07-19,109.5294189453125,116.69999694824219,117.19999694824219,116.0999984741211,116.69999694824219,17222355,Tata Steel,TATASTEEL.NS
2023-07-20,109.76406860351562,116.94999694824219,117.25,116.3499984741211,116.69999694824219,22303831,Tata Steel,TATASTEEL.NS
2023-07-21,109.4355697631836,116.5999984741211,117.94999694824219,115.5,116.5999984741211,31546136,Tata Steel,TATASTEEL.NS
2023-07-24,108.40316772460938,115.5,116.5,114.3499984741211,116.5,38113555,Tata Steel,TATASTEEL.NS
2023-07-25,111.92273712158203,119.25,119.9000015258789,114.3499984741211,115.0,88035259,Tata Steel,TATASTEEL.NS
2023-07-26,112.57972717285156,119.94999694824219,120.5999984741211,118.8499984741211,119.80000305175781,29716336,Tata Steel,TATASTEEL.NS
2023-07-27,112.43895721435547,119.80000305175781,121.44999694824219,119.1500015258789,120.25,39664251,Tata Steel,TATASTEEL.NS
2023-07-28,113.18978881835938,120.5999984741211,121.0999984741211,118.69999694824219,120.19999694824219,33996691,Tata Steel,TATASTEEL.NS
2023-07-31,115.58311462402344,123.1500015258789,123.8499984741211,120.5999984741211,120.5999984741211,52330311,Tata Steel,TATASTEEL.NS
2023-08-01,115.63003540039062,123.19999694824219,124.1500015258789,122.55000305175781,123.55000305175781,27863562,Tata Steel,TATASTEEL.NS
2023-08-02,111.64118194580078,118.94999694824219,122.9000015258789,118.25,122.9000015258789,54951586,Tata Steel,TATASTEEL.NS
2023-08-03,110.937255859375,118.19999694824219,119.6500015258789,117.5,118.69999694824219,34624188,Tata Steel,TATASTEEL.NS
2023-08-04,111.68810272216797,119.0,119.75,118.0,119.4000015258789,22303966,Tata Steel,TATASTEEL.NS
2023-08-07,111.54731750488281,118.8499984741211,119.5999984741211,118.0,119.5999984741211,20711952,Tata Steel,TATASTEEL.NS
2023-08-08,110.89032745361328,118.1500015258789,119.5,117.94999694824219,119.0,21275054,Tata Steel,TATASTEEL.NS
2023-08-09,112.81436920166016,120.19999694824219,120.5,116.9000015258789,118.3499984741211,34154214,Tata Steel,TATASTEEL.NS
2023-08-10,112.62665557861328,120.0,120.6500015258789,119.25,120.0,24439101,Tata Steel,TATASTEEL.NS
2023-08-11,112.90823364257812,120.30000305175781,121.4000015258789,119.1500015258789,120.30000305175781,26337436,Tata Steel,TATASTEEL.NS
2023-08-14,110.89032745361328,118.1500015258789,120.4000015258789,117.3499984741211,120.30000305175781,33095516,Tata Steel,TATASTEEL.NS
2023-08-16,108.82550811767578,115.94999694824219,117.94999694824219,115.4000015258789,117.94999694824219,31252473,Tata Steel,TATASTEEL.NS
2023-08-17,108.91936492919922,116.05000305175781,116.80000305175781,114.69999694824219,115.9000015258789,28461865,Tata Steel,TATASTEEL.NS
2023-08-18,108.68473052978516,115.80000305175781,116.4000015258789,114.75,116.30000305175781,30381609,Tata Steel,TATASTEEL.NS
2023-08-21,109.7171401977539,116.9000015258789,117.0999984741211,115.8499984741211,116.75,22629651,Tata Steel,TATASTEEL.NS
2023-08-22,110.32720184326172,117.55000305175781,117.75,116.5,117.1500015258789,17343131,Tata Steel,TATASTEEL.NS
2023-08-23,111.64118194580078,118.94999694824219,119.25,117.6500015258789,117.8499984741211,43744909,Tata Steel,TATASTEEL.NS
2023-08-24,110.98419189453125,118.25,120.0999984741211,118.05000305175781,119.5,27103446,Tata Steel,TATASTEEL.NS
2023-08-25,109.7171401977539,116.9000015258789,118.1500015258789,116.69999694824219,118.0,23692527,Tata Steel,TATASTEEL.NS
2023-08-28,110.37413024902344,117.5999984741211,118.25,117.0,117.0,19218821,Tata Steel,TATASTEEL.NS
2023-08-29,112.20430755615234,119.55000305175781,120.1500015258789,117.75,118.5,36038317,Tata Steel,TATASTEEL.NS
2023-08-30,114.59761810302734,122.0999984741211,122.69999694824219,120.25,120.5,51467177,Tata Steel,TATASTEEL.NS
2023-08-31,115.34847259521484,122.9000015258789,123.5999984741211,122.1500015258789,122.8499984741211,60626985,Tata Steel,TATASTEEL.NS
2023-09-01,119.24347686767578,127.05000305175781,128.6999969482422,123.4000015258789,123.5,76460408,Tata Steel,TATASTEEL.NS
2023-09-04,123.65467834472656,131.75,132.89999389648438,128.85000610351562,129.1999969482422,68525900,Tata Steel,TATASTEEL.NS
2023-09-05,123.60775756835938,131.6999969482422,132.4499969482422,128.85000610351562,131.75,36466807,Tata Steel,TATASTEEL.NS
2023-09-06,121.63680267333984,129.60000610351562,132.39999389648438,128.1999969482422,132.39999389648438,36058850,Tata Steel,TATASTEEL.NS
2023-09-07,122.15299224853516,130.14999389648438,130.8000030517578,128.60000610351562,129.5,30268235,Tata Steel,TATASTEEL.NS
2023-09-08,121.54293060302734,129.5,131.64999389648438,129.1999969482422,131.39999389648438,34313523,Tata Steel,TATASTEEL.NS
2023-09-11,123.09153747558594,131.14999389648438,131.85000610351562,129.1999969482422,129.5,33377857,Tata Steel,TATASTEEL.NS
2023-09-12,121.07365417480469,129.0,133.14999389648438,128.64999389648438,132.8000030517578,38065283,Tata Steel,TATASTEEL.NS
2023-09-13,121.5898666381836,129.5500030517578,130.5,127.69999694824219,129.60000610351562,23371459,Tata Steel,TATASTEEL.NS
2023-09-14,123.60775756835938,131.6999969482422,134.1999969482422,130.8000030517578,131.0,58800620,Tata Steel,TATASTEEL.NS
2023-09-15,123.8424072265625,131.9499969482422,133.3000030517578,129.85000610351562,132.60000610351562,85058495,Tata Steel,TATASTEEL.NS
2023-09-18,122.43456268310547,130.4499969482422,135.0,130.0500030517578,135.0,62420823,Tata Steel,TATASTEEL.NS
2023-09-20,120.41667175292969,128.3000030517578,131.8000030517578,128.0,130.4499969482422,43627379,Tata Steel,TATASTEEL.NS
2023-09-21,119.9473876953125,127.80000305175781,129.25,127.19999694824219,128.3000030517578,29826091,Tata Steel,TATASTEEL.NS
2023-09-22,118.9619140625,126.75,128.6999969482422,125.5,127.1500015258789,34059194,Tata Steel,TATASTEEL.NS
2023-09-25,119.57196807861328,127.4000015258789,128.3000030517578,126.0999984741211,127.30000305175781,23466981,Tata Steel,TATASTEEL.NS
2023-09-26,120.97979736328125,128.89999389648438,130.5500030517578,128.39999389648438,129.0,48936598,Tata Steel,TATASTEEL.NS
2023-09-27,120.27587890625,128.14999389648438,128.75,126.69999694824219,128.75,33277329,Tata Steel,TATASTEEL.NS
2023-09-28,119.00883483886719,126.80000305175781,129.3000030517578,126.30000305175781,128.35000610351562,29982233,Tata Steel,TATASTEEL.NS
2023-09-29,120.97979736328125,128.89999389648438,129.5500030517578,127.55000305175781,128.1999969482422,28406435,Tata Steel,TATASTEEL.NS
2023-10-03,120.1351089477539,128.0,129.10000610351562,127.25,129.0,18613557,Tata Steel,TATASTEEL.NS
2023-10-04,117.60100555419922,125.30000305175781,127.0999984741211,124.5,127.0,33272725,Tata Steel,TATASTEEL.NS
2023-10-05,117.5540771484375,125.25,126.1500015258789,124.55000305175781,125.9000015258789,27063441,Tata Steel,TATASTEEL.NS
2023-10-06,118.16414642333984,125.9000015258789,127.0,125.0999984741211,126.5,21928671,Tata Steel,TATASTEEL.NS
2023-10-09,116.24009704589844,123.8499984741211,124.9000015258789,122.5999984741211,124.80000305175781,21457836,Tata Steel,TATASTEEL.NS
2023-10-10,117.60100555419922,125.30000305175781,125.9000015258789,123.75,124.69999694824219,28745957,Tata Steel,TATASTEEL.NS
2023-10-11,117.27249908447266,124.94999694824219,126.30000305175781,124.69999694824219,126.0,24455932,Tata Steel,TATASTEEL.NS
2023-10-12,118.16414642333984,125.9000015258789,126.9000015258789,125.0999984741211,125.3499984741211,19361688,Tata Steel,TATASTEEL.NS
2023-10-13,117.36636352539062,125.05000305175781,125.75,124.0,125.0,26912800,Tata Steel,TATASTEEL.NS
2023-10-16,119.19654846191406,127.0,127.25,124.94999694824219,125.0999984741211,23868700,Tata Steel,TATASTEEL.NS
2023-10-17,119.57196807861328,127.4000015258789,128.5500030517578,127.0,127.9000015258789,24241710,Tata Steel,TATASTEEL.NS
2023-10-18,119.29039764404297,127.0999984741211,128.6999969482422,126.5999984741211,127.8499984741211,20926079,Tata Steel,TATASTEEL.NS
2023-10-19,118.25799560546875,126.0,126.5,124.3499984741211,125.5,30941319,Tata Steel,TATASTEEL.NS
2023-10-20,115.53617858886719,123.0999984741211,125.75,122.69999694824219,125.0,30746140,Tata Steel,TATASTEEL.NS
2023-10-23,112.62665557861328,120.0,123.4000015258789,119.69999694824219,123.3499984741211,30699479,Tata Steel,TATASTEEL.NS
2023-10-25,113.89370727539062,121.3499984741211,122.80000305175781,120.75,121.19999694824219,27346103,Tata Steel,TATASTEEL.NS
2023-10-26,112.53280639648438,119.9000015258789,120.9000015258789,118.9000015258789,120.8499984741211,36298907,Tata Steel,TATASTEEL.NS
2023-10-27,112.53280639648438,119.9000015258789,121.80000305175781,119.5,120.5,28424007,Tata Steel,TATASTEEL.NS
2023-10-30,111.82888793945312,119.1500015258789,121.25,118.94999694824219,121.05000305175781,18753217,Tata Steel,TATASTEEL.NS
2023-10-31,111.45346069335938,118.75,120.1500015258789,118.4000015258789,120.0,22319950,Tata Steel,TATASTEEL.NS
2023-11-01,109.4355697631836,116.5999984741211,119.0999984741211,116.0,119.0,24717941,Tata Steel,TATASTEEL.NS
2023-11-02,110.84339904785156,118.0999984741211,118.55000305175781,114.5999984741211,114.5999984741211,72538804,Tata Steel,TATASTEEL.NS
2023-11-03,110.09255981445312,117.30000305175781,118.5999984741211,117.0999984741211,118.19999694824219,31747230,Tata Steel,TATASTEEL.NS
2023-11-06,112.06352233886719,119.4000015258789,119.6500015258789,117.5,118.5,27883152,Tata Steel,TATASTEEL.NS
2023-11-07,112.29817199707031,119.6500015258789,120.19999694824219,118.4000015258789,119.30000305175781,25818033,Tata Steel,TATASTEEL.NS
2023-11-08,111.73503875732422,119.05000305175781,120.5,118.55000305175781,119.75,22552386,Tata Steel,TATASTEEL.NS
2023-11-09,112.29817199707031,119.6500015258789,120.5,118.8499984741211,119.19999694824219,22979112,Tata Steel,TATASTEEL.NS
2023-11-10,112.67359161376953,120.05000305175781,120.44999694824219,118.80000305175781,119.5,23584510,Tata Steel,TATASTEEL.NS
2023-11-13,113.56521606445312,121.0,121.25,119.9000015258789,120.8499984741211,17951775,Tata Steel,TATASTEEL.NS
2023-11-15,116.42781829833984,124.05000305175781,124.4000015258789,121.5,121.69999694824219,38344393,Tata Steel,TATASTEEL.NS
2023-11-16,117.0378646850586,124.69999694824219,125.25,123.0,124.0,30836413,Tata Steel,TATASTEEL.NS
2023-11-17,117.50714874267578,125.19999694824219,125.75,124.30000305175781,124.69999694824219,23319439,Tata Steel,TATASTEEL.NS
2023-11-20,116.7093734741211,124.3499984741211,125.6500015258789,124.05000305175781,125.05000305175781,18780290,Tata Steel,TATASTEEL.NS
2023-11-21,118.49263000488281,126.25,126.4000015258789,124.94999694824219,125.05000305175781,29643312,Tata Steel,TATASTEEL.NS
2023-11-22,118.35184478759766,126.0999984741211,126.9000015258789,125.5,126.4000015258789,19588063,Tata Steel,TATASTEEL.NS
2023-11-23,118.91497802734375,126.69999694824219,127.4000015258789,125.9000015258789,126.3499984741211,30736851,Tata Steel,TATASTEEL.NS
2023-11-24,118.2110595703125,125.94999694824219,127.0,125.55000305175781,126.69999694824219,14719450,Tata Steel,TATASTEEL.NS
2023-11-28,119.0557632446289,126.8499984741211,127.0,126.0,127.0,18377843,Tata Steel,TATASTEEL.NS
2023-11-29,119.90046691894531,127.75,128.14999389648438,126.69999694824219,127.1500015258789,23092165,Tata Steel,TATASTEEL.NS
2023-11-30,120.04125213623047,127.9000015258789,128.85000610351562,126.5,127.80000305175781,40165104,Tata Steel,TATASTEEL.NS
2023-12-01,122.01221466064453,130.0,130.3000030517578,128.0500030517578,128.89999389648438,31192397,Tata Steel,TATASTEEL.NS
2023-12-04,122.95075988769531,131.0,132.35000610351562,130.39999389648438,132.1999969482422,41230928,Tata Steel,TATASTEEL.NS
2023-12-05,123.51390075683594,131.60000610351562,132.4499969482422,130.0,131.0,35192149,Tata Steel,TATASTEEL.NS
2023-12-06,123.74854278564453,131.85000610351562,133.39999389648438,130.8000030517578,132.5,40753593,Tata Steel,TATASTEEL.NS
2023-12-07,122.01221466064453,130.0,132.1999969482422,129.8000030517578,131.6999969482422,34686333,Tata Steel,TATASTEEL.NS
2023-12-08,121.2613754272461,129.1999969482422,131.39999389648438,127.94999694824219,130.14999389648438,34393711,Tata Steel,TATASTEEL.NS
2023-12-11,122.05915069580078,130.0500030517578,130.5,128.75,129.85000610351562,24038059,Tata Steel,TATASTEEL.NS
2023-12-12,122.1060791015625,130.10000610351562,132.14999389648438,129.6999969482422,130.0500030517578,30696410,Tata Steel,TATASTEEL.NS
2023-12-13,123.32618713378906,131.39999389648438,131.5,129.14999389648438,130.5500030517578,22767972,Tata Steel,TATASTEEL.NS
2023-12-14,123.88932800292969,132.0,133.25,131.5,132.3000030517578,43372143,Tata Steel,TATASTEEL.NS
2023-12-15,128.06590270996094,136.4499969482422,136.75,133.0,133.39999389648438,77377446,Tata Steel,TATASTEEL.NS
2023-12-18,128.20669555664062,136.60000610351562,137.60000610351562,135.10000610351562,136.85000610351562,38461877,Tata Steel,TATASTEEL.NS
2023-12-19,127.08041381835938,135.39999389648438,137.60000610351562,134.8000030517578,136.64999389648438,27726431,Tata Steel,TATASTEEL.NS
2023-12-20,121.77757263183594,129.75,136.14999389648438,128.75,135.89999389648438,39495961,Tata Steel,TATASTEEL.NS
2023-12-21,122.95075988769531,131.0,131.4499969482422,127.8499984741211,128.6999969482422,34914399,Tata Steel,TATASTEEL.NS
2023-12-22,125.3440933227539,133.5500030517578,134.75,131.75,132.39999389648438,37357334,Tata Steel,TATASTEEL.NS
2023-12-26,126.89270782470703,135.1999969482422,136.10000610351562,134.4499969482422,134.6999969482422,25936447,Tata Steel,TATASTEEL.NS
2023-12-27,128.7698211669922,137.1999969482422,138.89999389648438,135.5,135.85000610351562,48101400,Tata Steel,TATASTEEL.NS
2023-12-28,129.66143798828125,138.14999389648438,138.75,136.85000610351562,138.14999389648438,34661176,Tata Steel,TATASTEEL.NS
2023-12-29,131.02235412597656,139.60000610351562,141.25,137.14999389648438,138.60000610351562,49202910,Tata Steel,TATASTEEL.NS
2024-01-01,131.25698852539062,139.85000610351562,140.9499969482422,139.0500030517578,140.0,21186105,Tata Steel,TATASTEEL.NS
2024-01-02,131.02235412597656,139.60000610351562,140.60000610351562,137.0500030517578,140.5,27764060,Tata Steel,TATASTEEL.NS
2024-01-03,127.03350067138672,135.35000610351562,139.60000610351562,134.35000610351562,139.5,45176618,Tata Steel,TATASTEEL.NS
2024-01-04,126.00108337402344,134.25,136.35000610351562,134.0,136.0,43913498,Tata Steel,TATASTEEL.NS
2024-01-05,125.43794250488281,133.64999389648438,135.9499969482422,132.85000610351562,135.0,71330190,Tata Steel,TATASTEEL.NS
2024-01-08,123.88932800292969,132.0,135.9499969482422,131.75,135.3000030517578,39559717,Tata Steel,TATASTEEL.NS
2024-01-09,125.43794250488281,133.64999389648438,134.8000030517578,132.5,133.5,30736868,Tata Steel,TATASTEEL.NS
2024-01-10,125.86030578613281,134.10000610351562,134.6999969482422,132.10000610351562,133.8000030517578,27213624,Tata Steel,TATASTEEL.NS
2024-01-11,126.61113739013672,134.89999389648438,135.64999389648438,134.1999969482422,134.85000610351562,23113349,Tata Steel,TATASTEEL.NS
2024-01-12,126.9865493774414,135.3000030517578,136.25,134.64999389648438,135.8000030517578,32883921,Tata Steel,TATASTEEL.NS
2024-01-15,126.61113739013672,134.89999389648438,136.25,133.9499969482422,136.0,34158775,Tata Steel,TATASTEEL.NS
2024-01-16,128.81674194335938,137.25,138.5,134.0,134.6999969482422,56361287,Tata Steel,TATASTEEL.NS
2024-01-17,123.56082916259766,131.64999389648438,135.75,131.39999389648438,135.4499969482422,58982971,Tata Steel,TATASTEEL.NS
2024-01-18,122.95075988769531,131.0,132.25,128.1999969482422,131.64999389648438,45273496,Tata Steel,TATASTEEL.NS
2024-01-19,126.00108337402344,134.25,134.6999969482422,131.60000610351562,132.60000610351562,32653013,Tata Steel,TATASTEEL.NS
2024-01-23,122.1060791015625,130.10000610351562,135.1999969482422,129.3000030517578,134.8000030517578,35373970,Tata Steel,TATASTEEL.NS
2024-01-24,126.84575653076172,135.14999389648438,135.5500030517578,130.10000610351562,130.1999969482422,39340119,Tata Steel,TATASTEEL.NS
2024-01-25,125.53179168701172,133.75,136.5,132.0,136.5,61358839,Tata Steel,TATASTEEL.NS
2024-01-29,126.7049789428711,135.0,135.39999389648438,133.5,134.6999969482422,29745400,Tata Steel,TATASTEEL.NS
2024-01-30,126.4234390258789,134.6999969482422,137.6999969482422,134.5,135.60000610351562,35704185,Tata Steel,TATASTEEL.NS
2024-01-31,127.59661865234375,135.9499969482422,136.6999969482422,134.5,135.0,36079354,Tata Steel,TATASTEEL.NS
2024-02-01,126.51728057861328,134.8000030517578,136.75,134.5,136.39999389648438,31701793,Tata Steel,TATASTEEL.NS
2024-02-02,130.17762756347656,138.6999969482422,139.60000610351562,134.8000030517578,135.3000030517578,69296192,Tata Steel,TATASTEEL.NS
2024-02-05,132.85252380371094,141.5500030517578,143.35000610351562,139.35000610351562,140.0,80737626,Tata Steel,TATASTEEL.NS
2024-02-06,135.76205444335938,144.64999389648438,145.10000610351562,140.4499969482422,143.0,53192936,Tata Steel,TATASTEEL.NS
2024-02-07,135.5273895263672,144.39999389648438,147.39999389648438,144.0500030517578,146.85000610351562,61517064,Tata Steel,TATASTEEL.NS
2024-02-08,134.82350158691406,143.64999389648438,145.64999389648438,143.0500030517578,145.3000030517578,38997666,Tata Steel,TATASTEEL.NS
2024-02-09,132.61788940429688,141.3000030517578,144.4499969482422,139.14999389648438,144.1999969482422,35961925,Tata Steel,TATASTEEL.NS
2024-02-12,128.95751953125,137.39999389648438,142.9499969482422,136.64999389648438,142.0,36477544,Tata Steel,TATASTEEL.NS
2024-02-13,129.3798828125,137.85000610351562,138.25,134.10000610351562,137.75,39155909,Tata Steel,TATASTEEL.NS
2024-02-14,132.52403259277344,141.1999969482422,141.5,135.75,137.0,29141690,Tata Steel,TATASTEEL.NS
2024-02-15,132.52403259277344,141.1999969482422,143.4499969482422,141.0,141.5,31587387,Tata Steel,TATASTEEL.NS
2024-02-16,133.55645751953125,142.3000030517578,143.4499969482422,141.5,142.0500030517578,22316127,Tata Steel,TATASTEEL.NS
2024-02-19,133.22796630859375,141.9499969482422,143.35000610351562,141.35000610351562,142.9499969482422,16973568,Tata Steel,TATASTEEL.NS
2024-02-20,132.3832550048828,141.0500030517578,142.25,140.0500030517578,141.9499969482422,24291123,Tata Steel,TATASTEEL.NS
2024-02-21,135.05812072753906,143.89999389648438,146.1999969482422,141.4499969482422,141.5500030517578,88000833,Tata Steel,TATASTEEL.NS
2024-02-22,136.9352264404297,145.89999389648438,146.14999389648438,143.5,145.0,46728176,Tata Steel,TATASTEEL.NS
2024-02-23,136.5128936767578,145.4499969482422,147.10000610351562,145.0,146.39999389648438,28414697,Tata Steel,TATASTEEL.NS
2024-02-26,133.8849334716797,142.64999389648438,145.9499969482422,142.25,145.85000610351562,22570277,Tata Steel,TATASTEEL.NS
2024-02-27,135.33969116210938,144.1999969482422,144.5,142.0,142.64999389648438,24119469,Tata Steel,TATASTEEL.NS
2024-02-28,132.10169982910156,140.75,144.9499969482422,140.0500030517578,144.0500030517578,20721926,Tata Steel,TATASTEEL.NS
2024-02-29,132.19554138183594,140.85000610351562,141.85000610351562,139.39999389648438,140.8000030517578,32248156,Tata Steel,TATASTEEL.NS
2024-03-01,140.73638916015625,149.9499969482422,150.64999389648438,143.0,143.0,123709943,Tata Steel,TATASTEEL.NS
2024-03-04,143.69285583496094,153.10000610351562,154.89999389648438,151.0500030517578,154.89999389648438,67577785,Tata Steel,TATASTEEL.NS
2024-03-05,142.51966857910156,151.85000610351562,154.0,150.75,153.1999969482422,37165490,Tata Steel,TATASTEEL.NS
2024-03-06,142.28501892089844,151.60000610351562,152.64999389648438,147.89999389648438,151.8000030517578,51782444,Tata Steel,TATASTEEL.NS
2024-03-07,147.58786010742188,157.25,159.14999389648438,152.25,152.39999389648438,124847699,Tata Steel,TATASTEEL.NS
2024-03-11,144.02133178710938,153.4499969482422,158.89999389648438,153.0,158.89999389648438,54155385,Tata Steel,TATASTEEL.NS
2024-03-12,143.1297149658203,152.5,154.5500030517578,150.89999389648438,154.1999969482422,34947937,Tata Steel,TATASTEEL.NS
2024-03-13,134.82350158691406,143.64999389648438,152.89999389648438,142.5,152.8000030517578,70937597,Tata Steel,TATASTEEL.NS
2024-03-14,133.69723510742188,142.4499969482422,143.9499969482422,138.35000610351562,143.60000610351562,91956952,Tata Steel,TATASTEEL.NS
2024-03-15,132.99330139160156,141.6999969482422,143.6999969482422,139.85000610351562,142.89999389648438,68482621,Tata Steel,TATASTEEL.NS
2024-03-18,140.5017547607422,149.6999969482422,150.25,142.1999969482422,142.5500030517578,166913078,Tata Steel,TATASTEEL.NS
2024-03-19,139.61013793945312,148.75,152.4499969482422,147.60000610351562,149.0,105004268,Tata Steel,TATASTEEL.NS
2024-03-20,136.7006072998047,145.64999389648438,150.64999389648438,143.85000610351562,149.60000610351562,77550319,Tata Steel,TATASTEEL.NS
2024-03-21,140.87718200683594,150.10000610351562,151.1999969482422,147.8000030517578,148.0,84225737,Tata Steel,TATASTEEL.NS
2024-03-22,142.4727325439453,151.8000030517578,152.75,148.35000610351562,149.0,68241556,Tata Steel,TATASTEEL.NS
2024-03-26,143.0358428955078,152.39999389648438,153.39999389648438,150.5,151.14999389648438,52965508,Tata Steel,TATASTEEL.NS
2024-03-27,143.31741333007812,152.6999969482422,154.10000610351562,152.0,152.4499969482422,35328794,Tata Steel,TATASTEEL.NS
2024-03-28,146.27389526367188,155.85000610351562,157.0,152.6999969482422,152.6999969482422,62575327,Tata Steel,TATASTEEL.NS
2024-04-01,153.1253204345703,163.14999389648438,163.89999389648438,156.5,156.8000030517578,84583929,Tata Steel,TATASTEEL.NS
2024-04-02,154.5331573486328,164.64999389648438,165.5,161.8000030517578,162.9499969482422,69533405,Tata Steel,TATASTEEL.NS
2024-04-03,153.59458923339844,163.64999389648438,166.25,163.10000610351562,164.64999389648438,50938559,Tata Steel,TATASTEEL.NS
2024-04-04,153.35995483398438,163.39999389648438,165.9499969482422,161.0,165.5500030517578,61094750,Tata Steel,TATASTEEL.NS
2024-04-05,153.3130340576172,163.35000610351562,164.14999389648438,160.8000030517578,163.89999389648438,44668121,Tata Steel,TATASTEEL.NS
2024-04-08,155.04937744140625,165.1999969482422,166.9499969482422,164.1999969482422,166.9499969482422,48255703,Tata Steel,TATASTEEL.NS
2024-04-09,155.8002166748047,166.0,169.8000030517578,165.1999969482422,166.0,63884687,Tata Steel,TATASTEEL.NS
2024-04-10,154.90858459472656,165.0500030517578,169.1999969482422,164.5,167.3000030517578,64134758,Tata Steel,TATASTEEL.NS
2024-04-12,153.4538116455078,163.5,166.0,163.0,166.0,55317636,Tata Steel,TATASTEEL.NS
2024-04-15,150.96664428710938,160.85000610351562,164.6999969482422,158.60000610351562,161.8000030517578,66426404,Tata Steel,TATASTEEL.NS
2024-04-16,150.2158203125,160.0500030517578,162.4499969482422,159.0,160.85000610351562,41391261,Tata Steel,TATASTEEL.NS
2024-04-18,150.2158203125,160.0500030517578,164.0,159.14999389648438,160.89999389648438,68093672,Tata Steel,TATASTEEL.NS
2024-04-19,152.1398468017578,162.10000610351562,162.5,157.3000030517578,160.0,60078229,Tata Steel,TATASTEEL.NS
2024-04-22,151.90521240234375,161.85000610351562,164.6999969482422,161.5,163.8000030517578,39304790,Tata Steel,TATASTEEL.NS
2024-04-23,151.2482147216797,161.14999389648438,163.5,160.8000030517578,163.5,30295177,Tata Steel,TATASTEEL.NS
2024-04-24,155.37786865234375,165.5500030517578,166.89999389648438,161.4499969482422,162.4499969482422,59894921,Tata Steel,TATASTEEL.NS
2024-04-25,157.395751953125,167.6999969482422,168.0,164.14999389648438,165.39999389648438,50128523,Tata Steel,TATASTEEL.NS
2024-04-26,155.6125030517578,165.8000030517578,170.6999969482422,165.25,168.0,65355111,Tata Steel,TATASTEEL.NS
2024-04-29,157.1141815185547,167.39999389648438,169.60000610351562,166.89999389648438,168.1999969482422,44906151,Tata Steel,TATASTEEL.NS
2024-04-30,154.8616485595703,165.0,168.39999389648438,164.5,168.39999389648438,55043389,Tata Steel,TATASTEEL.NS
2024-05-02,157.0672607421875,167.35000610351562,168.89999389648438,165.0,165.0,69320283,Tata Steel,TATASTEEL.NS
2024-05-03,156.2694854736328,166.5,170.75,165.14999389648438,168.9499969482422,62573586,Tata Steel,TATASTEEL.NS
2024-05-06,157.30189514160156,167.60000610351562,168.64999389648438,164.6999969482422,167.9499969482422,37621296,Tata Steel,TATASTEEL.NS
2024-05-07,154.15774536132812,164.25,167.9499969482422,162.3000030517578,167.9499969482422,43611824,Tata Steel,TATASTEEL.NS
2024-05-08,155.84713745117188,166.0500030517578,167.10000610351562,163.5,164.1999969482422,30128705,Tata Steel,TATASTEEL.NS
2024-05-09,151.95213317871094,161.89999389648438,166.6999969482422,161.5,165.9499969482422,30223088,Tata Steel,TATASTEEL.NS
2024-05-10,152.28062438964844,162.25,164.35000610351562,161.85000610351562,163.1999969482422,31472419,Tata Steel,TATASTEEL.NS
2024-05-13,153.78233337402344,163.85000610351562,164.5,158.0500030517578,162.4499969482422,36561003,Tata Steel,TATASTEEL.NS
2024-05-14,154.81472778320312,164.9499969482422,166.5500030517578,163.5,164.10000610351562,46261468,Tata Steel,TATASTEEL.NS
2024-05-15,155.4248046875,165.60000610351562,167.5500030517578,164.9499969482422,164.9499969482422,29601304,Tata Steel,TATASTEEL.NS
2024-05-16,155.7063446044922,165.89999389648438,168.0,162.3000030517578,167.25,41126570,Tata Steel,TATASTEEL.NS
2024-05-17,157.0672607421875,167.35000610351562,168.4499969482422,165.4499969482422,166.60000610351562,39181277,Tata Steel,TATASTEEL.NS
2024-05-21,163.6371612548828,174.35000610351562,175.1999969482422,167.9499969482422,168.5,84833644,Tata Steel,TATASTEEL.NS
2024-05-22,162.6516571044922,173.3000030517578,175.5,171.5,175.4499969482422,42919832,Tata Steel,TATASTEEL.NS
2024-05-23,164.7164764404297,175.5,175.8000030517578,170.5,173.0500030517578,49377680,Tata Steel,TATASTEEL.NS
2024-05-24,164.1064453125,174.85000610351562,177.5500030517578,174.14999389648438,174.9499969482422,38674485,Tata Steel,TATASTEEL.NS
2024-05-27,164.7164764404297,175.5,177.6999969482422,174.85000610351562,177.6999969482422,30410585,Tata Steel,TATASTEEL.NS
2024-05-28,164.15335083007812,174.89999389648438,177.5,173.4499969482422,175.89999389648438,39208456,Tata Steel,TATASTEEL.NS
2024-05-29,163.5432891845703,174.25,176.0,173.5,174.75,36575550,Tata Steel,TATASTEEL.NS
2024-05-30,154.0638885498047,164.14999389648438,172.0,163.35000610351562,172.0,108813875,Tata Steel,TATASTEEL.NS
2024-05-31,156.9264678955078,167.1999969482422,167.9499969482422,164.0,166.0500030517578,83713848,Tata Steel,TATASTEEL.NS
2024-06-03,163.5432891845703,174.25,175.0,168.85000610351562,173.25,86397540,Tata Steel,TATASTEEL.NS
2024-06-04,149.1833953857422,158.9499969482422,174.64999389648438,148.14999389648438,174.5,125042158,Tata Steel,TATASTEEL.NS
2024-06-05,158.80357360839844,169.1999969482422,169.60000610351562,159.0,162.14999389648438,60098501,Tata Steel,TATASTEEL.NS
2024-06-06,161.47848510742188,172.0500030517578,174.6999969482422,169.39999389648438,170.0,57920819,Tata Steel,TATASTEEL.NS
2024-06-07,167.90757751464844,178.89999389648438,179.64999389648438,170.8000030517578,172.0,84319867,Tata Steel,TATASTEEL.NS
2024-06-10,169.212158203125,180.2899932861328,182.10000610351562,177.36000061035156,180.2100067138672,74286848,Tata Steel,TATASTEEL.NS
2024-06-11,170.18826293945312,181.3300018310547,183.75,180.5,180.5,55555544,Tata Steel,TATASTEEL.NS
2024-06-12,171.03297424316406,182.22999572753906,183.8699951171875,181.5,182.25,33304643,Tata Steel,TATASTEEL.NS
2024-06-13,171.34268188476562,182.55999755859375,184.10000610351562,180.50999450683594,183.39999389648438,36669164,Tata Steel,TATASTEEL.NS
2024-06-14,171.8964385986328,183.14999389648438,183.5,181.39999389648438,182.9499969482422,28509237,Tata Steel,TATASTEEL.NS
2024-06-18,169.9911651611328,181.1199951171875,184.60000610351562,180.60000610351562,183.8000030517578,35032118,Tata Steel,TATASTEEL.NS
2024-06-19,168.95877075195312,180.02000427246094,182.49000549316406,179.30999755859375,182.4499969482422,27476795,Tata Steel,TATASTEEL.NS
2024-06-20,171.07989501953125,182.27999877929688,182.9499969482422,179.3699951171875,181.60000610351562,38837494,Tata Steel,TATASTEEL.NS
2024-06-21,172.2863006591797,179.94000244140625,180.89999389648438,178.17999267578125,179.39999389648438,65494855,Tata Steel,TATASTEEL.NS
2024-06-24,170.39051818847656,177.9600067138672,178.9499969482422,175.10000610351562,177.44000244140625,47597307,Tata Steel,TATASTEEL.NS
2024-06-25,168.20750427246094,175.67999267578125,179.0,175.25,177.99000549316406,30599989,Tata Steel,TATASTEEL.NS
2024-06-26,165.22019958496094,172.55999755859375,176.0,171.83999633789062,175.67999267578125,44006436,Tata Steel,TATASTEEL.NS
2024-06-27,166.7521514892578,174.16000366210938,174.9499969482422,171.8000030517578,172.55999755859375,49767976,Tata Steel,TATASTEEL.NS
2024-06-28,166.60853576660156,174.00999450683594,177.10000610351562,173.57000732421875,174.1699981689453,37521949,Tata Steel,TATASTEEL.NS
2024-07-01,166.66598510742188,174.07000732421875,175.99000549316406,173.50999450683594,174.5,27807688,Tata Steel,TATASTEEL.NS
2024-07-02,167.11598205566406,174.5399932861328,175.75,173.60000610351562,174.47000122070312,33359495,Tata Steel,TATASTEEL.NS
2024-07-03,168.86814880371094,176.3699951171875,176.8800048828125,174.39999389648438,174.5399932861328,29090492,Tata Steel,TATASTEEL.NS
2024-07-04,168.7915496826172,176.2899932861328,178.19000244140625,175.82000732421875,177.0,29504744,Tata Steel,TATASTEEL.NS
2024-07-05,167.2787628173828,174.7100067138672,176.1999969482422,173.39999389648438,176.1999969482422,38123217,Tata Steel,TATASTEEL.NS
2024-07-08,164.9521026611328,172.27999877929688,175.47000122070312,172.08999633789062,174.60000610351562,31479861,Tata Steel,TATASTEEL.NS
2024-07-09,164.49252319335938,171.8000030517578,173.6999969482422,171.50999450683594,173.60000610351562,25127904,Tata Steel,TATASTEEL.NS
2024-07-10,160.83502197265625,167.97999572753906,172.88999938964844,167.02000427246094,172.5,41525591,Tata Steel,TATASTEEL.NS
2024-07-11,161.7350311279297,168.9199981689453,170.9499969482422,168.6699981689453,170.0,33987236,Tata Steel,TATASTEEL.NS
2024-07-12,161.5148162841797,168.69000244140625,170.38999938964844,168.00999450683594,170.1999969482422,33311402,Tata Steel,TATASTEEL.NS
2024-07-15,159.66690063476562,166.75999450683594,168.99000549316406,165.8000030517578,168.69000244140625,32635187,Tata Steel,TATASTEEL.NS
2024-07-16,159.96372985839844,167.07000732421875,169.82000732421875,166.6999969482422,167.8000030517578,26505901,Tata Steel,TATASTEEL.NS
2024-07-18,159.28392028808594,166.36000061035156,167.61000061035156,164.44000244140625,167.61000061035156,36568852,Tata Steel,TATASTEEL.NS
2024-07-19,151.05929565429688,157.77000427246094,166.08999633789062,157.1999969482422,166.0,77987514,Tata Steel,TATASTEEL.NS
2024-07-22,153.50083923339844,160.32000732421875,160.6999969482422,156.41000366210938,158.39999389648438,40353690,Tata Steel,TATASTEEL.NS
2024-07-23,153.21359252929688,160.02000427246094,161.97000122070312,155.0,161.60000610351562,37077411,Tata Steel,TATASTEEL.NS
2024-07-24,153.4912567138672,160.30999755859375,162.02000427246094,159.19000244140625,160.02000427246094,28086566,Tata Steel,TATASTEEL.NS
2024-07-25,150.69546508789062,157.38999938964844,158.5,156.89999389648438,158.5,45155876,Tata Steel,TATASTEEL.NS
2024-07-26,155.63597106933594,162.5500030517578,162.9499969482422,158.2100067138672,158.75,45642032,Tata Steel,TATASTEEL.NS
2024-07-29,155.94235229492188,162.8699951171875,164.6999969482422,162.3300018310547,164.6999969482422,31754833,Tata Steel,TATASTEEL.NS
2024-07-30,157.09132385253906,164.07000732421875,165.3000030517578,161.30999755859375,162.89999389648438,42824600,Tata Steel,TATASTEEL.NS
2024-07-31,158.2977294921875,165.3300018310547,166.5,163.5500030517578,166.2899932861328,52769925,Tata Steel,TATASTEEL.NS
2024-08-01,156.12428283691406,163.05999755859375,168.9499969482422,160.89999389648438,168.1999969482422,118341338,Tata Steel,TATASTEEL.NS
2024-08-02,151.4901580810547,158.22000122070312,161.19000244140625,154.72000122070312,161.0,72427529,Tata Steel,TATASTEEL.NS
2024-08-05,143.4474639892578,149.82000732421875,154.0,149.0,153.66000366210938,102883971,Tata Steel,TATASTEEL.NS
2024-08-06,143.9261932373047,150.32000732421875,153.8000030517578,149.61000061035156,151.2100067138672,53507102,Tata Steel,TATASTEEL.NS
2024-08-07,147.31561279296875,153.86000061035156,154.3000030517578,151.89999389648438,153.6999969482422,32029697,Tata Steel,TATASTEEL.NS
2024-08-08,143.88787841796875,150.27999877929688,153.44000244140625,150.0,153.39999389648438,51858615,Tata Steel,TATASTEEL.NS
2024-08-09,145.35279846191406,151.80999755859375,153.0,151.25,153.0,23290101,Tata Steel,TATASTEEL.NS
2024-08-12,145.5921630859375,152.05999755859375,153.39999389648438,149.8800048828125,151.0,30550334,Tata Steel,TATASTEEL.NS
2024-08-13,142.5474395751953,148.8800048828125,152.9499969482422,148.5,152.10000610351562,29396493,Tata Steel,TATASTEEL.NS
2024-08-14,139.95269775390625,146.1699981689453,149.89999389648438,142.35000610351562,149.89999389648438,97911180,Tata Steel,TATASTEEL.NS
2024-08-16,143.16021728515625,149.52000427246094,150.0,146.4600067138672,148.0,54131721,Tata Steel,TATASTEEL.NS
2024-08-19,147.41136169433594,153.9600067138672,154.3000030517578,150.38999938964844,150.85000610351562,62889770,Tata Steel,TATASTEEL.NS
2024-08-20,147.3826141357422,153.92999267578125,155.6999969482422,152.8000030517578,155.6999969482422,37559016,Tata Steel,TATASTEEL.NS
2024-08-21,145.45811462402344,151.9199981689453,154.17999267578125,151.77000427246094,153.0,49749381,Tata Steel,TATASTEEL.NS
2024-08-22,147.5836944580078,154.13999938964844,154.35000610351562,152.50999450683594,152.50999450683594,36719176,Tata Steel,TATASTEEL.NS
2024-08-23,147.64114379882812,154.1999969482422,154.38999938964844,152.5500030517578,154.0,31490857,Tata Steel,TATASTEEL.NS
2024-08-26,149.0773468017578,155.6999969482422,156.39999389648438,153.6999969482422,154.61000061035156,32497603,Tata Steel,TATASTEEL.NS
2024-08-27,148.119873046875,154.6999969482422,156.5,154.60000610351562,155.8000030517578,24523684,Tata Steel,TATASTEEL.NS
2024-08-28,147.16241455078125,153.6999969482422,155.0,153.0500030517578,154.6999969482422,25195197,Tata Steel,TATASTEEL.NS
2024-08-29,146.4634552001953,152.97000122070312,153.55999755859375,151.1999969482422,153.2100067138672,44452983,Tata Steel,TATASTEEL.NS
2024-08-30,146.26239013671875,152.75999450683594,155.25,152.47000122070312,153.0,55134023,Tata Steel,TATASTEEL.NS
2024-09-02,146.37730407714844,152.8800048828125,153.89999389648438,152.13999938964844,153.89999389648438,19200143,Tata Steel,TATASTEEL.NS
2024-09-03,145.6783447265625,152.14999389648438,153.4499969482422,152.00999450683594,152.83999633789062,19780066,Tata Steel,TATASTEEL.NS
2024-09-04,144.7495880126953,151.17999267578125,152.17999267578125,149.16000366210938,149.5,39613696,Tata Steel,TATASTEEL.NS
2024-09-05,145.26663208007812,151.72000122070312,152.7899932861328,151.0,151.0,28347324,Tata Steel,TATASTEEL.NS
2024-09-06,144.78790283203125,151.22000122070312,152.89999389648438,149.64999389648438,151.94000244140625,30709532,Tata Steel,TATASTEEL.NS
2024-09-09,143.11233520507812,149.47000122070312,150.89999389648438,148.0500030517578,150.89999389648438,32624586,Tata Steel,TATASTEEL.NS
2024-09-10,143.064453125,149.4199981689453,151.58999633789062,148.80999755859375,150.5,41607844,Tata Steel,TATASTEEL.NS
2024-09-11,141.8676300048828,148.1699981689453,150.1999969482422,147.6199951171875,149.89999389648438,24633287,Tata Steel,TATASTEEL.NS
2024-09-12,145.28578186035156,151.74000549316406,152.44000244140625,148.75,152.0,73191476,Tata Steel,TATASTEEL.NS
2024-09-13,146.96133422851562,153.49000549316406,155.39999389648438,152.5,152.77999877929688,54894255,Tata Steel,TATASTEEL.NS
2024-09-16,147.65072631835938,154.2100067138672,155.66000366210938,153.5,155.0,32575460,Tata Steel,TATASTEEL.NS
2024-09-17,146.31983947753906,152.82000732421875,154.24000549316406,152.27000427246094,154.0,18275113,Tata Steel,TATASTEEL.NS
2024-09-18,144.19427490234375,150.60000610351562,152.97999572753906,149.61000061035156,152.39999389648438,24856345,Tata Steel,TATASTEEL.NS
2024-09-19,143.17935180664062,149.5399932861328,152.19000244140625,147.7899932861328,151.88999938964844,36913781,Tata Steel,TATASTEEL.NS
2024-09-20,145.5538787841797,152.02000427246094,153.33999633789062,150.64999389648438,151.0,53873369,Tata Steel,TATASTEEL.NS
2024-09-23,147.44007873535156,153.99000549316406,154.38999938964844,152.8000030517578,154.3800048828125,33281905,Tata Steel,TATASTEEL.NS
2024-09-24,153.70188903808594,160.52999877929688,161.5,154.85000610351562,155.14999389648438,137414352,Tata Steel,TATASTEEL.NS
2024-09-25,154.78384399414062,161.66000366210938,162.69000244140625,159.52000427246094,161.5,58044967,Tata Steel,TATASTEEL.NS
2024-09-26,158.56582641601562,165.61000061035156,165.89999389648438,160.47999572753906,162.0,88661662,Tata Steel,TATASTEEL.NS
2024-09-27,159.46583557128906,166.5500030517578,169.00999450683594,165.88999938964844,167.0,72795668,Tata Steel,TATASTEEL.NS
2024-09-30,161.38076782226562,168.5500030517578,170.17999267578125,167.25999450683594,167.5,92381529,Tata Steel,TATASTEEL.NS
2024-10-01,159.9254150390625,167.02999877929688,169.49000549316406,165.10000610351562,169.49000549316406,50761579,Tata Steel,TATASTEEL.NS
2024-10-03,159.87754821777344,166.97999572753906,169.99000549316406,164.52000427246094,165.5,75959797,Tata Steel,TATASTEEL.NS
2024-10-04,159.65733337402344,166.75,169.10000610351562,164.0,167.0,53880875,Tata Steel,TATASTEEL.NS
2024-10-07,157.36898803710938,164.36000061035156,167.9499969482422,162.3300018310547,167.10000610351562,48775098,Tata Steel,TATASTEEL.NS
2024-10-08,152.73486328125,159.52000427246094,163.58999633789062,156.6999969482422,163.0,74956764,Tata Steel,TATASTEEL.NS
2024-10-09,152.29443359375,159.05999755859375,162.1999969482422,158.11000061035156,159.52000427246094,42766218,Tata Steel,TATASTEEL.NS
2024-10-10,152.92636108398438,159.72000122070312,161.17999267578125,156.60000610351562,158.3000030517578,46507936,Tata Steel,TATASTEEL.NS
2024-10-11,153.8263702392578,160.66000366210938,163.77999877929688,159.1999969482422,159.3000030517578,53263433,Tata Steel,TATASTEEL.NS
2024-10-14,151.58590698242188,158.32000732421875,163.3800048828125,158.0399932861328,161.8800048828125,35566857,Tata Steel,TATASTEEL.NS
2024-10-15,149.01031494140625,155.6300048828125,159.52999877929688,155.0500030517578,159.5,38964393,Tata Steel,TATASTEEL.NS
2024-10-16,148.6369171142578,155.24000549316406,156.5500030517578,154.02000427246094,155.19000244140625,28518262,Tata Steel,TATASTEEL.NS
2024-10-17,145.91769409179688,152.39999389648438,156.3000030517578,152.10000610351562,155.64999389648438,28404223,Tata Steel,TATASTEEL.NS
2024-10-18,148.78053283691406,155.38999938964844,156.1999969482422,151.10000610351562,152.39999389648438,34750795,Tata Steel,TATASTEEL.NS
2024-10-21,148.4358367919922,155.02999877929688,157.92999267578125,154.58999633789062,156.10000610351562,25799090,Tata Steel,TATASTEEL.NS
2024-10-22,143.99319458007812,150.38999938964844,154.89999389648438,150.10000610351562,154.89999389648438,39079846,Tata Steel,TATASTEEL.NS
2024-10-23,142.45167541503906,148.77999877929688,151.9499969482422,148.0500030517578,150.3000030517578,42107893,Tata Steel,TATASTEEL.NS
2024-10-24,142.64317321777344,148.97999572753906,149.8300018310547,148.00999450683594,149.49000549316406,22115070,Tata Steel,TATASTEEL.NS
2024-10-25,139.6558837890625,145.86000061035156,149.5,144.42999267578125,149.0,39730802,Tata Steel,TATASTEEL.NS
2024-10-28,143.0261688232422,149.3800048828125,149.72999572753906,144.72999572753906,146.0,28386897,Tata Steel,TATASTEEL.NS
2024-10-29,143.67723083496094,150.05999755859375,150.4499969482422,146.5500030517578,149.85000610351562,32258407,Tata Steel,TATASTEEL.NS
2024-10-30,142.63360595703125,148.97000122070312,150.9499969482422,148.10000610351562,148.10000610351562,21362130,Tata Steel,TATASTEEL.NS
2024-10-31,142.24102783203125,148.55999755859375,149.9499969482422,148.1999969482422,149.0800018310547,26383702,Tata Steel,TATASTEEL.NS
2024-11-01,143.3804168701172,149.75,150.25,149.0,149.66000366210938,5106804,Tata Steel,TATASTEEL.NS
2024-11-04,140.69952392578125,146.9499969482422,150.0,145.10000610351562,150.0,25571021,Tata Steel,TATASTEEL.NS
2024-11-05,145.8123779296875,152.2899932861328,152.5500030517578,146.9499969482422,147.0,42772283,Tata Steel,TATASTEEL.NS
2024-11-06,147.08580017089844,153.6199951171875,154.9499969482422,149.58999633789062,154.0,48928986,Tata Steel,TATASTEEL.NS
2024-11-07,144.5293731689453,150.9499969482422,156.9199981689453,150.1999969482422,156.11000061035156,88254789,Tata Steel,TATASTEEL.NS
2024-11-08,141.29315185546875,147.57000732421875,152.0,146.94000244140625,152.0,61980989,Tata Steel,TATASTEEL.NS
2024-11-11,138.84202575683594,145.00999450683594,147.69000244140625,144.10000610351562,147.57000732421875,47497863,Tata Steel,TATASTEEL.NS
2024-11-12,138.0377655029297,144.1699981689453,147.1300048828125,143.60000610351562,145.64999389648438,28861672,Tata Steel,TATASTEEL.NS
2024-11-13,133.2504425048828,139.1699981689453,143.60000610351562,138.60000610351562,143.60000610351562,57609083,Tata Steel,TATASTEEL.NS
2024-11-14,132.11105346679688,137.97999572753906,140.72999572753906,137.5,139.7100067138672,36345184,Tata Steel,TATASTEEL.NS
2024-11-18,135.20367431640625,141.2100067138672,143.25,138.0,139.49000549316406,40233848,Tata Steel,TATASTEEL.NS
2024-11-19,133.52810668945312,139.4600067138672,142.49000549316406,139.05999755859375,142.0,37611903,Tata Steel,TATASTEEL.NS
2024-11-21,134.2557830810547,140.22000122070312,141.60000610351562,137.25,139.5,58398744,Tata Steel,TATASTEEL.NS
2024-11-22,136.70689392089844,142.77999877929688,143.19000244140625,139.64999389648438,140.14999389648438,43710169,Tata Steel,TATASTEEL.NS
2024-11-25,137.5590362548828,143.6699981689453,146.14999389648438,142.83999633789062,144.94000244140625,53883890,Tata Steel,TATASTEEL.NS
2024-11-26,138.32501220703125,144.47000122070312,145.8000030517578,143.5800018310547,144.22000122070312,25608469,Tata Steel,TATASTEEL.NS
2024-11-27,138.3824462890625,144.52999877929688,144.89999389648438,142.89999389648438,144.30999755859375,24895631,Tata Steel,TATASTEEL.NS
2024-11-28,137.2909393310547,143.38999938964844,145.25,143.08999633789062,144.0,30947861,Tata Steel,TATASTEEL.NS
2024-11-29,138.3920135498047,144.5399932861328,145.49000549316406,143.0500030517578,143.89999389648438,29742979,Tata Steel,TATASTEEL.NS
2024-12-02,140.1824951171875,146.41000366210938,146.8300018310547,143.13999938964844,144.11000061035156,23840351,Tata Steel,TATASTEEL.NS
2024-12-03,140.30694580078125,146.5399932861328,148.1999969482422,146.33999633789062,146.75,35527228,Tata Steel,TATASTEEL.NS
2024-12-04,139.6463165283203,145.85000610351562,147.0500030517578,144.0,147.0,38537808,Tata Steel,TATASTEEL.NS
2024-12-05,140.81442260742188,147.07000732421875,147.8800048828125,144.8000030517578,146.5,36328245,Tata Steel,TATASTEEL.NS
2024-12-06,141.98252868652344,148.2899932861328,148.67999267578125,146.60000610351562,147.5,30604899,Tata Steel,TATASTEEL.NS
2024-12-09,143.50489807128906,149.8800048828125,150.6699981689453,146.6300048828125,148.2899932861328,39059139,Tata Steel,TATASTEEL.NS
2024-12-10,143.9261932373047,150.32000732421875,152.5,149.30999755859375,150.19000244140625,36278104,Tata Steel,TATASTEEL.NS
2024-12-11,144.19427490234375,150.60000610351562,152.11000061035156,150.05999755859375,150.58999633789062,20499709,Tata Steel,TATASTEEL.NS
2024-12-12,144.36660766601562,150.77999877929688,151.6300048828125,148.6999969482422,150.8699951171875,25761723,Tata Steel,TATASTEEL.NS
2024-12-13,142.61444091796875,148.9499969482422,150.0500030517578,145.5500030517578,150.0,39701388,Tata Steel,TATASTEEL.NS
2024-12-16,141.5037841796875,147.7899932861328,149.8000030517578,147.10000610351562,148.94000244140625,22634773,Tata Steel,TATASTEEL.NS
2024-12-17,139.48353576660156,145.67999267578125,148.5,145.3300018310547,147.7899932861328,27110781,Tata Steel,TATASTEEL.NS
2024-12-18,138.31544494628906,144.4600067138672,146.89999389648438,143.3000030517578,146.0,19850229,Tata Steel,TATASTEEL.NS
2024-12-19,137.16647338867188,143.25999450683594,143.8000030517578,141.10000610351562,141.5500030517578,27104579,Tata Steel,TATASTEEL.NS
2024-12-20,134.69619750976562,140.67999267578125,144.39999389648438,140.0,142.88999938964844,46503449,Tata Steel,TATASTEEL.NS
2024-12-23,135.68240356445312,141.7100067138672,143.8000030517578,140.61000061035156,142.4499969482422,27514178,Tata Steel,TATASTEEL.NS
2024-12-24,134.40896606445312,140.3800048828125,141.5,139.25,141.1999969482422,25882917,Tata Steel,TATASTEEL.NS
2024-12-26,134.3898162841797,140.36000061035156,141.14999389648438,139.50999450683594,140.9499969482422,23939932,Tata Steel,TATASTEEL.NS
2024-12-27,133.0015106201172,138.91000366210938,141.75,138.61000061035156,140.6999969482422,19562177,Tata Steel,TATASTEEL.NS
2024-12-30,131.057861328125,136.8800048828125,139.25,136.08999633789062,138.91000366210938,32555723,Tata Steel,TATASTEEL.NS
2024-12-31,132.17808532714844,138.0500030517578,138.67999267578125,136.55999755859375,136.8699951171875,20080291,Tata Steel,TATASTEEL.NS
2025-01-01,130.92381286621094,136.74000549316406,138.4499969482422,136.5800018310547,138.10000610351562,18169498,Tata Steel,TATASTEEL.NS
2025-01-02,132.3025360107422,138.17999267578125,138.4499969482422,136.39999389648438,137.0,23388424,Tata Steel,TATASTEEL.NS
2025-01-03,132.47488403320312,138.36000061035156,139.72999572753906,137.83999633789062,138.17999267578125,23351832,Tata Steel,TATASTEEL.NS
2025-01-06,126.55774688720703,132.17999267578125,138.38999938964844,131.35000610351562,138.36000061035156,44620509,Tata Steel,TATASTEEL.NS
2025-01-07,127.70672607421875,133.3800048828125,133.8800048828125,132.00999450683594,132.77999877929688,24239451,Tata Steel,TATASTEEL.NS
2025-01-08,126.9981918334961,132.63999938964844,134.24000549316406,131.77000427246094,133.92999267578125,31570331,Tata Steel,TATASTEEL.NS
2025-01-09,124.40345764160156,129.92999267578125,132.39999389648438,129.6999969482422,132.0,31903107,Tata Steel,TATASTEEL.NS
2025-01-10,122.00980377197266,127.43000030517578,130.38999938964844,126.69999694824219,129.92999267578125,34855510,Tata Steel,TATASTEEL.NS
2025-01-13,117.70120239257812,122.93000030517578,126.5,122.62000274658203,126.0,38968332,Tata Steel,TATASTEEL.NS
2025-01-14,121.53106689453125,126.93000030517578,127.63999938964844,122.94000244140625,122.94000244140625,36877365,Tata Steel,TATASTEEL.NS
2025-01-15,121.14807891845703,126.52999877929688,128.30999755859375,125.77999877929688,128.0,18773125,Tata Steel,TATASTEEL.NS
2025-01-16,122.3736343383789,127.80999755859375,128.47000122070312,126.55999755859375,128.0,22164393,Tata Steel,TATASTEEL.NS
2025-01-17,124.73857879638672,130.27999877929688,131.16000366210938,127.63999938964844,127.9000015258789,27421959,Tata Steel,TATASTEEL.NS
2025-01-20,126.05988311767578,131.66000366210938,132.10000610351562,128.91000366210938,130.99000549316406,20571916,Tata Steel,TATASTEEL.NS
2025-01-21,124.18324279785156,129.6999969482422,132.39999389648438,129.25,132.05999755859375,32238213,Tata Steel,TATASTEEL.NS
2025-01-22,123.4364242553711,128.9199981689453,130.35000610351562,127.12000274658203,130.25,27505569,Tata Steel,TATASTEEL.NS
2025-01-23,124.82474517822266,130.3699951171875,130.75,127.69999694824219,127.8499984741211,20722538,Tata Steel,TATASTEEL.NS
2025-01-24,124.22154998779297,129.74000549316406,133.1999969482422,129.30999755859375,130.5,37092106,Tata Steel,TATASTEEL.NS
2025-01-27,120.99488830566406,126.37000274658203,129.4499969482422,125.73999786376953,129.02000427246094,24650571,Tata Steel,TATASTEEL.NS
2025-01-28,123.14917755126953,128.6199951171875,130.49000549316406,124.73999786376953,126.37000274658203,40373804,Tata Steel,TATASTEEL.NS
2025-01-29,125.23645782470703,130.8000030517578,131.33999633789062,128.5500030517578,129.0,16674706,Tata Steel,TATASTEEL.NS
2025-01-30,125.54283905029297,131.1199951171875,132.14999389648438,130.10000610351562,130.8000030517578,25256096,Tata Steel,TATASTEEL.NS
2025-01-31,128.8939666748047,134.6199951171875,135.0,129.92999267578125,131.1199951171875,26689228,Tata Steel,TATASTEEL.NS
2025-02-01,127.31415557861328,132.97000122070312,135.5,130.25,135.0,21173846,Tata Steel,TATASTEEL.NS
2025-02-03,126.21308135986328,131.82000732421875,132.50999450683594,127.80999755859375,131.2899932861328,27765357,Tata Steel,TATASTEEL.NS
2025-02-04,127.74501037597656,133.4199981689453,134.33999633789062,131.8699951171875,132.8000030517578,25032519,Tata Steel,TATASTEEL.NS
2025-02-05,128.68333435058594,134.39999389648438,135.38999938964844,133.0800018310547,133.14999389648438,16958362,Tata Steel,TATASTEEL.NS
2025-02-06,126.90243530273438,132.5399932861328,134.8699951171875,132.02000427246094,134.5,22408168,Tata Steel,TATASTEEL.NS
2025-02-07,132.42701721191406,138.30999755859375,138.75,132.55999755859375,133.3000030517578,52950146,Tata Steel,TATASTEEL.NS
2025-02-10,128.33863830566406,134.0399932861328,138.10000610351562,133.0,138.10000610351562,26120805,Tata Steel,TATASTEEL.NS
2025-02-11,124.5758056640625,130.11000061035156,134.33999633789062,129.6999969482422,133.0,23635428,Tata Steel,TATASTEEL.NS
2025-02-12,126.65350341796875,132.27999877929688,133.2899932861328,128.30999755859375,129.35000610351562,37927696,Tata Steel,TATASTEEL.NS
2025-02-13,130.45465087890625,136.25,137.69000244140625,131.86000061035156,132.27999877929688,52036196,Tata Steel,TATASTEEL.NS
2025-02-14,128.75035095214844,134.47000122070312,139.25,133.3300018310547,136.25,41469242,Tata Steel,TATASTEEL.NS
2025-02-17,128.5780029296875,134.2899932861328,134.8000030517578,130.72999572753906,132.91000366210938,21189637,Tata Steel,TATASTEEL.NS
2025-02-18,128.81736755371094,134.5399932861328,134.89999389648438,131.75,134.2899932861328,23957576,Tata Steel,TATASTEEL.NS
2025-02-19,129.9854736328125,135.75999450683594,136.8800048828125,133.02999877929688,134.5,18447487,Tata Steel,TATASTEEL.NS
2025-02-20,132.1685028076172,138.0399932861328,138.36000061035156,135.0,135.27000427246094,24139808,Tata Steel,TATASTEEL.NS
2025-02-21,134.77281188964844,140.75999450683594,141.60000610351562,137.14999389648438,137.91000366210938,41987785,Tata Steel,TATASTEEL.NS
2025-02-24,131.7950897216797,137.64999389648438,140.66000366210938,136.66000366210938,138.80999755859375,25193205,Tata Steel,TATASTEEL.NS
2025-02-25,131.23977661132812,137.07000732421875,139.35000610351562,136.6999969482422,138.49000549316406,23575603,Tata Steel,TATASTEEL.NS
2025-02-27,132.7908477783203,138.69000244140625,138.99000549316406,135.8800048828125,137.2100067138672,30747044,Tata Steel,TATASTEEL.NS
2025-02-28,131.36424255371094,137.1999969482422,137.8000030517578,134.05999755859375,137.8000030517578,45540594,Tata Steel,TATASTEEL.NS
2025-03-03,132.6759796142578,138.57000732421875,139.0500030517578,134.30999755859375,137.0,31154401,Tata Steel,TATASTEEL.NS
2025-03-04,133.4132080078125,139.33999633789062,140.94000244140625,135.80999755859375,136.14999389648438,28634645,Tata Steel,TATASTEEL.NS
2025-03-05,139.88568115234375,146.10000610351562,146.49000549316406,139.0,139.0,62109377,Tata Steel,TATASTEEL.NS
2025-03-06,144.04107666015625,150.44000244140625,152.1999969482422,146.1999969482422,146.7899932861328,79121467,Tata Steel,TATASTEEL.NS
2025-03-07,145.11343383789062,151.55999755859375,152.4499969482422,149.27000427246094,149.74000549316406,81821791,Tata Steel,TATASTEEL.NS
2025-03-10,144.62513732910156,151.0500030517578,154.24000549316406,150.41000366210938,151.55999755859375,54450331,Tata Steel,TATASTEEL.NS
2025-03-11,144.337890625,150.75,151.6999969482422,148.0,148.10000610351562,35916900,Tata Steel,TATASTEEL.NS
2025-03-12,143.9070281982422,150.3000030517578,152.27999877929688,147.6999969482422,151.0,26377549,Tata Steel,TATASTEEL.NS
2025-03-13,144.46237182617188,150.8800048828125,153.55999755859375,150.02000427246094,152.0,48286431,Tata Steel,TATASTEEL.NS
2025-03-17,145.35279846191406,151.80999755859375,152.63999938964844,150.89999389648438,151.99000549316406,35879780,Tata Steel,TATASTEEL.NS
2025-03-18,145.35279846191406,151.80999755859375,151.80999755859375,151.80999755859375,151.80999755859375,0,Tata Steel,TATASTEEL.NS
2025-03-19,151.85400390625,158.60000610351562,159.1999969482422,156.5,156.8000030517578,66161413,Tata Steel,TATASTEEL.NS
2025-03-20,152.27528381347656,159.0399932861328,160.10000610351562,156.64999389648438,160.0,39889517,Tata Steel,TATASTEEL.NS
2025-03-21,150.5901336669922,157.27999877929688,159.75,156.82000732421875,159.02999877929688,49184821,Tata Steel,TATASTEEL.NS
2025-03-24,151.681640625,158.4199981689453,159.0,157.11000061035156,158.0,30905773,Tata Steel,TATASTEEL.NS
2025-03-25,150.06353759765625,156.72999572753906,159.0,156.0500030517578,159.0,28467187,Tata Steel,TATASTEEL.NS
2025-03-26,149.1826629638672,155.80999755859375,157.5399932861328,155.00999450683594,156.1999969482422,23182869,Tata Steel,TATASTEEL.NS
2025-03-27,148.8092498779297,155.4199981689453,156.10000610351562,154.1999969482422,154.8000030517578,25909068,Tata Steel,TATASTEEL.NS
2025-03-28,147.679443359375,154.24000549316406,156.91000366210938,153.3699951171875,155.3800048828125,24589315,Tata Steel,TATASTEEL.NS
2025-04-01,146.60707092285156,153.1199951171875,155.33999633789062,152.07000732421875,152.07000732421875,29142122,Tata Steel,TATASTEEL.NS
2025-04-02,148.1103057861328,154.69000244140625,156.25,152.27000427246094,154.0,24977582,Tata Steel,TATASTEEL.NS
2025-04-03,147.08580017089844,153.6199951171875,155.97000122070312,152.60000610351562,153.0,15117526,Tata Steel,TATASTEEL.NS
2025-04-04,134.41854858398438,140.38999938964844,152.99000549316406,140.0,152.6199951171875,80846143,Tata Steel,TATASTEEL.NS
2025-04-07,123.97259521484375,129.47999572753906,130.35000610351562,125.33000183105469,128.0,121806340,Tata Steel,TATASTEEL.NS
2025-04-08,124.73857879638672,130.27999877929688,136.1999969482422,128.02000427246094,134.88999938964844,68999181,Tata Steel,TATASTEEL.NS
2025-04-09,121.77043151855469,127.18000030517578,130.0,125.30000305175781,130.0,73399980,Tata Steel,TATASTEEL.NS
2025-04-11,127.74501037597656,133.4199981689453,134.6999969482422,130.49000549316406,134.6699981689453,73706472,Tata Steel,TATASTEEL.NS
2025-04-15,130.60784912109375,136.41000366210938,137.0,134.83999633789062,135.60000610351562,38967608,Tata Steel,TATASTEEL.NS
2025-04-16,131.14401245117188,136.97000122070312,137.60000610351562,134.6199951171875,136.41000366210938,42684087,Tata Steel,TATASTEEL.NS
2025-04-17,131.30677795410156,137.13999938964844,137.9600067138672,133.6999969482422,134.39999389648438,62282856,Tata Steel,TATASTEEL.NS
2025-04-21,133.260009765625,139.17999267578125,140.3000030517578,137.0500030517578,137.64999389648438,26503486,Tata Steel,TATASTEEL.NS
2025-04-22,132.2834014892578,138.16000366210938,142.83999633789062,137.6999969482422,142.0,58429662,Tata Steel,TATASTEEL.NS
2025-04-23,135.15579223632812,141.16000366210938,141.5,137.32000732421875,139.38999938964844,37851304,Tata Steel,TATASTEEL.NS
2025-04-24,135.50048828125,141.52000427246094,141.8800048828125,140.27999877929688,140.6999969482422,23061444,Tata Steel,TATASTEEL.NS
2025-04-25,132.9440460205078,138.85000610351562,143.4499969482422,138.02000427246094,142.0,37764696,Tata Steel,TATASTEEL.NS
2025-04-28,136.027099609375,142.07000732421875,142.60000610351562,138.3800048828125,138.5399932861328,26971589,Tata Steel,TATASTEEL.NS
2025-04-29,135.48133850097656,141.5,143.3000030517578,140.9199981689453,142.07000732421875,25758449,Tata Steel,TATASTEEL.NS
2025-04-30,134.12173461914062,140.0800018310547,141.55999755859375,138.0,141.4499969482422,29205042,Tata Steel,TATASTEEL.NS
2025-05-02,135.38558959960938,141.39999389648438,143.10000610351562,139.4499969482422,140.0,29588258,Tata Steel,TATASTEEL.NS
2025-05-05,136.0366668701172,142.0800018310547,142.6999969482422,141.1999969482422,141.57000732421875,17213477,Tata Steel,TATASTEEL.NS
2025-05-06,138.29629516601562,144.44000244140625,145.39999389648438,141.5399932861328,142.0800018310547,42658262,Tata Steel,TATASTEEL.NS
2025-05-07,139.78993225097656,146.0,146.9499969482422,142.1999969482422,142.1999969482422,34674594,Tata Steel,TATASTEEL.NS
2025-05-08,137.5590362548828,143.6699981689453,146.66000366210938,142.85000610351562,146.0,29687927,Tata Steel,TATASTEEL.NS
2025-05-09,136.70689392089844,142.77999877929688,143.27000427246094,140.50999450683594,140.99000549316406,21875453,Tata Steel,TATASTEEL.NS
2025-05-12,145.18045043945312,151.6300048828125,151.9499969482422,144.5,145.61000061035156,47087413,Tata Steel,TATASTEEL.NS
2025-05-13,143.0740203857422,149.42999267578125,152.99000549316406,149.00999450683594,152.0,54389876,Tata Steel,TATASTEEL.NS
2025-05-14,148.70391845703125,155.30999755859375,157.14999389648438,151.0,151.0,60002060,Tata Steel,TATASTEEL.NS
2025-05-15,150.65716552734375,157.35000610351562,157.83999633789062,154.3000030517578,155.5,57066105,Tata Steel,TATASTEEL.NS
2025-05-16,150.84866333007812,157.5500030517578,158.14999389648438,157.0,157.35000610351562,22884754,Tata Steel,TATASTEEL.NS
2025-05-19,150.86781311035156,157.57000732421875,158.13999938964844,156.1300048828125,158.0,21839582,Tata Steel,TATASTEEL.NS
2025-05-20,151.94015502929688,158.69000244140625,162.10000610351562,158.0,158.35000610351562,58061639,Tata Steel,TATASTEEL.NS
2025-05-21,154.76467895507812,161.63999938964844,161.85000610351562,158.52999877929688,159.4499969482422,36044599,Tata Steel,TATASTEEL.NS
2025-05-22,154.4295654296875,161.2899932861328,163.60000610351562,160.36000061035156,160.97999572753906,60715453,Tata Steel,TATASTEEL.NS
2025-05-23,156.03811645507812,162.97000122070312,163.52999877929688,161.5,161.60000610351562,29483665,Tata Steel,TATASTEEL.NS
2025-05-26,155.59767150878906,162.50999450683594,165.5500030517578,162.0500030517578,163.10000610351562,25581584,Tata Steel,TATASTEEL.NS
2025-05-27,154.78384399414062,161.66000366210938,163.89999389648438,160.6199951171875,162.50999450683594,23296776,Tata Steel,TATASTEEL.NS
2025-05-28,154.3817138671875,161.24000549316406,162.69000244140625,160.64999389648438,162.39999389648438,13044476,Tata Steel,TATASTEEL.NS
2025-05-29,156.18173217773438,163.1199951171875,163.9499969482422,161.5,162.19000244140625,26455081,Tata Steel,TATASTEEL.NS
2025-05-30,154.17105102539062,161.02000427246094,163.88999938964844,160.50999450683594,163.11000061035156,32739340,Tata Steel,TATASTEEL.NS
2025-06-02,152.27528381347656,159.0399932861328,160.1199951171875,157.3000030517578,159.0,31365564,Tata Steel,TATASTEEL.NS
2025-06-03,150.65716552734375,157.35000610351562,160.64999389648438,157.1699981689453,159.0399932861328,28398746,Tata Steel,TATASTEEL.NS
2025-06-04,151.45184326171875,158.17999267578125,158.97999572753906,156.80999755859375,157.5,16660138,Tata Steel,TATASTEEL.NS
2025-06-05,151.25079345703125,157.97000122070312,159.08999633789062,157.0500030517578,158.86000061035156,23708504,Tata Steel,TATASTEEL.NS
2025-06-06,154.30775451660156,157.49000549316406,157.8800048828125,154.25,155.6999969482422,25804151,Tata Steel,TATASTEEL.NS
2025-06-09,154.1411895751953,157.32000732421875,158.1999969482422,156.82000732421875,157.69000244140625,15315437,Tata Steel,TATASTEEL.NS
2025-06-10,152.5343017578125,155.67999267578125,159.3000030517578,155.5,158.0,22764080,Tata Steel,TATASTEEL.NS
2025-06-11,153.24957275390625,156.41000366210938,157.52999877929688,155.30999755859375,156.4499969482422,17605668,Tata Steel,TATASTEEL.NS
2025-06-12,149.80068969726562,152.88999938964844,156.25999450683594,151.85000610351562,156.0,27846151,Tata Steel,TATASTEEL.NS
2025-06-13,149.05604553222656,152.1300048828125,152.5,149.8000030517578,149.8000030517578,24277592,Tata Steel,TATASTEEL.NS
2025-06-16,151.05482482910156,154.1699981689453,154.5,150.83999633789062,152.00999450683594,16188193,Tata Steel,TATASTEEL.NS
2025-06-17,149.5165557861328,152.60000610351562,154.88999938964844,152.35000610351562,153.80999755859375,16740382,Tata Steel,TATASTEEL.NS
2025-06-18,149.0364532470703,152.11000061035156,153.1999969482422,150.8000030517578,152.1999969482422,14860746,Tata Steel,TATASTEEL.NS
2025-06-19,147.94888305664062,151.0,152.4499969482422,150.5,152.0,20145922,Tata Steel,TATASTEEL.NS
2025-06-20,148.89927673339844,151.97000122070312,153.1699981689453,150.6300048828125,150.75,29944714,Tata Steel,TATASTEEL.NS
2025-06-23,149.3499755859375,152.42999267578125,153.3000030517578,150.47999572753906,150.5,17096676,Tata Steel,TATASTEEL.NS
2025-06-24,151.66229248046875,154.7899932861328,156.97000122070312,153.63999938964844,153.8000030517578,25403324,Tata Steel,TATASTEEL.NS
2025-06-25,153.22996520996094,156.38999938964844,156.89999389648438,155.50999450683594,155.89999389648438,18240433,Tata Steel,TATASTEEL.NS
2025-06-26,157.29611206054688,160.5399932861328,161.10000610351562,156.4499969482422,156.8699951171875,40650557,Tata Steel,TATASTEEL.NS
2025-06-27,158.18772888183594,161.4499969482422,163.3000030517578,160.6999969482422,161.0,31989509,Tata Steel,TATASTEEL.NS
2025-06-30,156.53187561035156,159.75999450683594,162.1999969482422,159.5,160.99000549316406,15842285,Tata Steel,TATASTEEL.NS
2025-07-01,156.8258056640625,160.05999755859375,160.44000244140625,157.72999572753906,160.00999450683594,17823415,Tata Steel,TATASTEEL.NS
2025-07-02,162.52821350097656,165.8800048828125,166.14999389648438,159.8300018310547,160.05999755859375,63315210,Tata Steel,TATASTEEL.NS
2025-07-03,162.5576171875,165.91000366210938,168.77999877929688,165.2100067138672,166.0,60571824,Tata Steel,TATASTEEL.NS
2025-07-04,159.71620178222656,163.00999450683594,166.49000549316406,162.0,165.91000366210938,22938753,Tata Steel,TATASTEEL.NS
2025-07-07,159.1185302734375,162.39999389648438,163.35000610351562,160.0500030517578,163.0,17469909,Tata Steel,TATASTEEL.NS
2025-07-08,158.6972198486328,161.97000122070312,162.89999389648438,161.60000610351562,162.4499969482422,11398248,Tata Steel,TATASTEEL.NS
2025-07-09,155.7872314453125,159.0,161.9499969482422,157.50999450683594,161.9499969482422,29839077,Tata Steel,TATASTEEL.NS
2025-07-10,157.4136962890625,160.66000366210938,161.5500030517578,159.27999877929688,160.0,17566887,Tata Steel,TATASTEEL.NS
2025-07-11,156.61026000976562,159.83999633789062,161.6199951171875,159.32000732421875,160.63999938964844,20689511,Tata Steel,TATASTEEL.NS
2025-07-14,157.19813537597656,160.44000244140625,161.1199951171875,159.3000030517578,159.83999633789062,15152964,Tata Steel,TATASTEEL.NS
2025-07-15,155.7872314453125,159.0,160.85000610351562,157.9499969482422,160.25999450683594,17993051,Tata Steel,TATASTEEL.NS
2025-07-16,154.15097045898438,157.3300018310547,159.27000427246094,157.0,159.0,14591157,Tata Steel,TATASTEEL.NS
2025-07-17,156.66903686523438,159.89999389648438,160.6999969482422,157.1199951171875,157.5,21733241,Tata Steel,TATASTEEL.NS
2025-07-18,159.08912658691406,162.3699951171875,162.75,160.10000610351562,160.10000610351562,30728478,Tata Steel,TATASTEEL.NS
2025-07-21,159.72601318359375,163.02000427246094,165.60000610351562,162.49000549316406,162.5,29812899,Tata Steel,TATASTEEL.NS
2025-07-22,159.74559020996094,163.0399932861328,164.41000366210938,162.72999572753906,163.3000030517578,13615524,Tata Steel,TATASTEEL.NS
2025-07-23,159.48106384277344,162.77000427246094,164.13999938964844,161.8800048828125,163.25,14287149,Tata Steel,TATASTEEL.NS
2025-07-24,160.17669677734375,163.47999572753906,164.75,162.80999755859375,163.0,14377270,Tata Steel,TATASTEEL.NS
2025-07-25,158.16812133789062,161.42999267578125,163.58999633789062,161.0500030517578,163.5,12443495,Tata Steel,TATASTEEL.NS
2025-07-28,156.4534912109375,159.67999267578125,162.2899932861328,159.08999633789062,161.22999572753906,19296285,Tata Steel,TATASTEEL.NS
2025-07-29,158.42288208007812,161.69000244140625,162.4499969482422,158.1999969482422,158.1999969482422,15262937,Tata Steel,TATASTEEL.NS
2025-07-30,158.09954833984375,161.36000061035156,162.7899932861328,161.0500030517578,161.69000244140625,16083106,Tata Steel,TATASTEEL.NS
2025-07-31,154.7486572265625,157.94000244140625,162.1300048828125,156.55999755859375,161.0,26213891,Tata Steel,TATASTEEL.NS
2025-08-01,149.9182586669922,153.00999450683594,157.92999267578125,152.50999450683594,157.92999267578125,23927359,Tata Steel,TATASTEEL.NS
2025-08-04,156.33590698242188,159.55999755859375,159.9199981689453,153.5,153.5,30064719,Tata Steel,TATASTEEL.NS
2025-08-05,156.3946990966797,159.6199951171875,160.13999938964844,158.27999877929688,159.55999755859375,14441034,Tata Steel,TATASTEEL.NS
2025-08-06,155.4541015625,158.66000366210938,159.8000030517578,157.8000030517578,159.6199951171875,13438851,Tata Steel,TATASTEEL.NS
2025-08-07,156.44369506835938,159.6699981689453,160.0,156.25999450683594,157.14999389648438,23159540,Tata Steel,TATASTEEL.NS
2025-08-08,154.75843811035156,157.9499969482422,159.9499969482422,157.00999450683594,159.5,11951173,Tata Steel,TATASTEEL.NS
2025-08-11,155.3169403076172,158.52000427246094,160.0,157.14999389648438,157.9499969482422,14325736,Tata Steel,TATASTEEL.NS
2025-08-12,156.92379760742188,160.16000366210938,161.64999389648438,158.5,158.52000427246094,20056598,Tata Steel,TATASTEEL.NS
2025-08-13,156.94337463378906,160.17999267578125,162.39999389648438,159.89999389648438,160.9600067138672,18079396,Tata Steel,TATASTEEL.NS
2025-08-14,152.16200256347656,155.3000030517578,160.60000610351562,154.8300018310547,160.02000427246094,47256126,Tata Steel,TATASTEEL.NS
2025-08-18,154.76824951171875,157.9600067138672,159.0,156.0,158.0,61022494,Tata Steel,TATASTEEL.NS
2025-08-19,156.0125732421875,159.22999572753906,159.4600067138672,156.75999450683594,158.5,21224239,Tata Steel,TATASTEEL.NS
2025-08-20,158.64822387695312,161.9199981689453,162.75999450683594,158.02999877929688,158.1999969482422,28520245,Tata Steel,TATASTEEL.NS
2025-08-21,158.2465057373047,161.50999450683594,162.5399932861328,161.19000244140625,161.9199981689453,17282594,Tata Steel,TATASTEEL.NS
2025-08-22,155.34632873535156,158.5500030517578,161.27999877929688,158.10000610351562,161.25,16063984,Tata Steel,TATASTEEL.NS
2025-08-25,156.40451049804688,159.6300048828125,160.3300018310547,158.63999938964844,159.1999969482422,16376542,Tata Steel,TATASTEEL.NS
2025-08-26,151.89744567871094,155.02999877929688,159.16000366210938,154.63999938964844,159.16000366210938,19621100,Tata Steel,TATASTEEL.NS
2025-08-28,150.52574157714844,153.6300048828125,155.8699951171875,153.16000366210938,155.77999877929688,22269875,Tata Steel,TATASTEEL.NS
2025-08-29,151.35855102539062,154.47999572753906,155.10000610351562,153.0500030517578,154.5,16971859,Tata Steel,TATASTEEL.NS
2025-09-01,153.01441955566406,156.1699981689453,156.36000061035156,153.6999969482422,154.47999572753906,10798622,Tata Steel,TATASTEEL.NS
2025-09-02,155.18955993652344,158.38999938964844,159.07000732421875,155.5,156.1699981689453,21202113,Tata Steel,TATASTEEL.NS
2025-09-03,164.4584197998047,167.85000610351562,168.0,158.39999389648438,158.39999389648438,82352014,Tata Steel,TATASTEEL.NS
2025-09-04,163.43942260742188,166.80999755859375,169.3000030517578,166.6199951171875,169.0,26316842,Tata Steel,TATASTEEL.NS
2025-09-05,164.29183959960938,167.67999267578125,168.0,165.94000244140625,167.0,16798170,Tata Steel,TATASTEEL.NS
2025-09-08,165.4088134765625,168.82000732421875,172.5,168.4600067138672,170.0,36402317,Tata Steel,TATASTEEL.NS
2025-09-09,165.7321319580078,169.14999389648438,169.72000122070312,167.99000549316406,169.3000030517578,14028910,Tata Steel,TATASTEEL.NS
2025-09-10,166.0064697265625,169.42999267578125,170.72999572753906,168.75,169.19000244140625,13128306,Tata Steel,TATASTEEL.NS
2025-09-11,165.9868927001953,169.41000366210938,170.89999389648438,168.4600067138672,169.35000610351562,13829526,Tata Steel,TATASTEEL.NS
2025-09-12,166.3494110107422,169.77999877929688,171.0,168.6300048828125,169.60000610351562,12119036,Tata Steel,TATASTEEL.NS
2025-09-15,165.81051635742188,169.22999572753906,170.1999969482422,168.6300048828125,169.77000427246094,10611401,Tata Steel,TATASTEEL.NS
2025-09-16,168.54415893554688,172.02000427246094,172.27000427246094,169.02000427246094,169.38999938964844,26629438,Tata Steel,TATASTEEL.NS
2025-09-17,167.89749145507812,171.36000061035156,172.89999389648438,169.35000610351562,172.5,21381306,Tata Steel,TATASTEEL.NS
2025-09-18,168.55393981933594,172.02999877929688,172.1999969482422,169.80999755859375,171.4600067138672,16413388,Tata Steel,TATASTEEL.NS
2025-09-19,168.0150604248047,171.47999572753906,172.6699981689453,170.60000610351562,172.10000610351562,25406461,Tata Steel,TATASTEEL.NS
2025-09-22,167.9268798828125,171.38999938964844,172.2100067138672,170.50999450683594,170.8000030517578,20970704,Tata Steel,TATASTEEL.NS
2025-09-23,169.78848266601562,173.2899932861328,173.80999755859375,171.1999969482422,171.4499969482422,24533561,Tata Steel,TATASTEEL.NS
2025-09-24,169.1712188720703,172.66000366210938,174.44000244140625,172.3800048828125,173.16000366210938,20168891,Tata Steel,TATASTEEL.NS
2025-09-25,168.89688110351562,172.3800048828125,173.85000610351562,171.86000061035156,172.89999389648438,17026549,Tata Steel,TATASTEEL.NS
2025-09-26,164.01748657226562,167.39999389648438,173.3699951171875,167.1999969482422,172.22000122070312,20157657,Tata Steel,TATASTEEL.NS
2025-09-29,165.56556701660156,168.97999572753906,170.27999877929688,167.55999755859375,167.60000610351562,16832342,Tata Steel,TATASTEEL.NS
2025-09-30,165.3598175048828,168.77000427246094,170.14999389648438,168.41000366210938,169.5,24553596,Tata Steel,TATASTEEL.NS
2025-10-01,164.12527465820312,167.50999450683594,169.74000549316406,166.1300048828125,169.0,17542776,Tata Steel,TATASTEEL.NS
2025-10-03,169.71011352539062,173.2100067138672,174.74000549316406,168.1199951171875,168.1199951171875,55172705,Tata Steel,TATASTEEL.NS
2025-10-06,166.62374877929688,170.05999755859375,173.47999572753906,169.3000030517578,173.3000030517578,21474004,Tata Steel,TATASTEEL.NS
2025-10-07,167.966064453125,171.42999267578125,172.1999969482422,170.39999389648438,170.39999389648438,19189843,Tata Steel,TATASTEEL.NS
2025-10-08,168.46575927734375,171.94000244140625,173.6300048828125,170.05999755859375,172.0,22662699,Tata Steel,TATASTEEL.NS
2025-10-09,172.85523986816406,176.4199981689453,177.82000732421875,172.77999877929688,172.7899932861328,68504717,Tata Steel,TATASTEEL.NS
2025-10-10,170.3469696044922,173.86000061035156,176.13999938964844,172.89999389648438,176.0,18085975,Tata Steel,TATASTEEL.NS
2025-10-13,169.5337371826172,173.02999877929688,173.8000030517578,170.91000366210938,173.0,19386219,Tata Steel,TATASTEEL.NS
2025-10-14,167.0646514892578,170.50999450683594,176.4499969482422,169.25,174.91000366210938,22082970,Tata Steel,TATASTEEL.NS
2025-10-15,169.739501953125,173.24000549316406,174.0,170.11000061035156,170.8300018310547,15031989,Tata Steel,TATASTEEL.NS
2025-10-16,170.48414611816406,174.0,174.49000549316406,172.22000122070312,173.0,12205250,Tata Steel,TATASTEEL.NS
2025-10-17,168.7401123046875,172.22000122070312,174.30999755859375,170.99000549316406,173.60000610351562,21659007,Tata Steel,TATASTEEL.NS
2025-10-20,168.47555541992188,171.9499969482422,173.3000030517578,170.82000732421875,173.3000030517578,18049579,Tata Steel,TATASTEEL.NS
2025-10-21,169.28878784179688,172.77999877929688,173.25,172.10000610351562,172.39999389648438,2471987,Tata Steel,TATASTEEL.NS
2025-10-23,170.6409149169922,174.16000366210938,176.0800018310547,173.63999938964844,173.89999389648438,31472510,Tata Steel,TATASTEEL.NS
2025-10-24,170.91525268554688,174.44000244140625,177.35000610351562,173.72000122070312,174.60000610351562,25226376,Tata Steel,TATASTEEL.NS
2025-10-27,173.09039306640625,176.66000366210938,177.89999389648438,175.52999877929688,175.88999938964844,23832477,Tata Steel,TATASTEEL.NS
2025-10-28,178.13632202148438,181.80999755859375,182.05999755859375,177.02000427246094,177.35000610351562,59511794,Tata Steel,TATASTEEL.NS
2025-10-29,181.44802856445312,185.19000244140625,186.94000244140625,182.0500030517578,183.6699981689453,51610530,Tata Steel,TATASTEEL.NS
2025-10-30,180.62501525878906,184.35000610351562,185.19000244140625,182.63999938964844,184.39999389648438,24270977,Tata Steel,TATASTEEL.NS
2025-10-31,179.1455078125,182.83999633789062,184.3000030517578,182.1199951171875,184.0,16041321,Tata Steel,TATASTEEL.NS
2025-11-03,178.9789581298828,182.6699981689453,184.10000610351562,181.8000030517578,182.39999389648438,16652212,Tata Steel,TATASTEEL.NS
2025-11-04,175.667236328125,179.2899932861328,183.08999633789062,178.89999389648438,183.0,18746387,Tata Steel,TATASTEEL.NS
2025-11-06,173.6880645751953,177.27000427246094,180.6699981689453,176.52000427246094,179.2899932861328,23664538,Tata Steel,TATASTEEL.NS
2025-11-07,177.70521545410156,181.3699951171875,182.25,175.00999450683594,177.0,19165876,Tata Steel,TATASTEEL.NS
2025-11-10,177.81298828125,181.47999572753906,182.50999450683594,180.1999969482422,182.02999877929688,18376132,Tata Steel,TATASTEEL.NS
2025-11-11,177.3818817138672,181.0399932861328,182.89999389648438,179.02000427246094,182.89999389648438,14109340,Tata Steel,TATASTEEL.NS
2025-11-12,175.00099182128906,178.61000061035156,182.14999389648438,178.0,181.44000244140625,19037263,Tata Steel,TATASTEEL.NS
2025-11-13,173.08058166503906,176.64999389648438,184.0,175.10000610351562,184.0,82083661,Tata Steel,TATASTEEL.NS
2025-11-14,170.73887634277344,174.25999450683594,177.6999969482422,172.1199951171875,177.52000427246094,38345500,Tata Steel,TATASTEEL.NS
2025-11-17,169.67091369628906,173.1699981689453,175.25,172.6199951171875,175.1300048828125,28204282,Tata Steel,TATASTEEL.NS
2025-11-18,168.9654541015625,172.4499969482422,173.1199951171875,170.5500030517578,172.39999389648438,34278387,Tata Steel,TATASTEEL.NS
2025-11-19,169.71011352539062,173.2100067138672,173.89999389648438,172.05999755859375,172.4499969482422,19621610,Tata Steel,TATASTEEL.NS
2025-11-20,168.9752655029297,172.4600067138672,174.36000061035156,172.25999450683594,174.10000610351562,15968891,Tata Steel,TATASTEEL.NS
2025-11-21,164.60537719726562,168.0,171.89999389648438,167.6999969482422,171.8000030517578,28412865,Tata Steel,TATASTEEL.NS
2025-11-24,162.0187225341797,165.36000061035156,168.3800048828125,165.17999267578125,168.0,31202769,Tata Steel,TATASTEEL.NS
2025-11-25,162.9691162109375,166.3300018310547,167.27000427246094,165.0800018310547,166.0,19983310,Tata Steel,TATASTEEL.NS
2025-11-26,166.2416229248047,169.6699981689453,169.9499969482422,166.89999389648438,167.0,15044796,Tata Steel,TATASTEEL.NS
2025-11-27,164.73275756835938,168.1300048828125,171.0,167.17999267578125,170.4499969482422,17546627,Tata Steel,TATASTEEL.NS
2025-11-28,164.56619262695312,167.9600067138672,169.0,167.2899932861328,168.1300048828125,11975539,Tata Steel,TATASTEEL.NS
2025-12-01,165.22265625,168.6300048828125,169.64999389648438,167.6999969482422,169.0,11758473,Tata Steel,TATASTEEL.NS
2025-12-02,164.3898162841797,167.77999877929688,168.85000610351562,167.0,168.42999267578125,15355023,Tata Steel,TATASTEEL.NS
2025-12-03,163.5471954345703,166.9199981689453,167.99000549316406,165.0,167.77999877929688,18873943,Tata Steel,TATASTEEL.NS
2025-12-04,163.40023803710938,166.77000427246094,167.97000122070312,166.1999969482422,167.8000030517578,11419966,Tata Steel,TATASTEEL.NS
2025-12-05,163.7333526611328,167.11000061035156,167.64999389648438,165.0,167.0,33500436,Tata Steel,TATASTEEL.NS
2025-12-08,160.1669158935547,163.47000122070312,168.1999969482422,163.0,167.08999633789062,15772400,Tata Steel,TATASTEEL.NS
2025-12-09,157.42349243164062,160.6699981689453,163.38999938964844,160.05999755859375,163.38999938964844,25766371,Tata Steel,TATASTEEL.NS
2025-12-10,158.95196533203125,162.22999572753906,163.67999267578125,160.80999755859375,161.0,22537548,Tata Steel,TATASTEEL.NS
2025-12-11,163.0181121826172,166.3800048828125,166.66000366210938,163.1699981689453,163.5,32603566,Tata Steel,TATASTEEL.NS
2025-12-12,168.41677856445312,171.88999938964844,172.5,167.39999389648438,167.60000610351562,41130927,Tata Steel,TATASTEEL.NS
2025-12-15,169.37696838378906,172.8699951171875,173.1699981689453,170.5,170.9499969482422,23254201,Tata Steel,TATASTEEL.NS
2025-12-16,166.39840698242188,169.8300018310547,172.6999969482422,169.25,172.6999969482422,22981935,Tata Steel,TATASTEEL.NS
2025-12-17,166.89808654785156,170.33999633789062,171.3000030517578,169.66000366210938,170.08999633789062,11624504,Tata Steel,TATASTEEL.NS
2025-12-18,164.7229461669922,168.1199951171875,170.4499969482422,167.55999755859375,169.9199981689453,13152378,Tata Steel,TATASTEEL.NS
2025-12-19,165.28143310546875,168.69000244140625,169.6199951171875,167.8300018310547,169.14999389648438,28448892,Tata Steel,TATASTEEL.NS
2025-12-22,165.80072021484375,169.22000122070312,171.4600067138672,169.0,169.0399932861328,23729300,Tata Steel,TATASTEEL.NS
2025-12-23,167.44677734375,170.89999389648438,171.35000610351562,169.25,169.35000610351562,17348078,Tata Steel,TATASTEEL.NS
2025-12-24,166.63356018066406,170.07000732421875,171.64999389648438,169.6699981689453,171.35000610351562,17430406,Tata Steel,TATASTEEL.NS
2025-12-26,165.70274353027344,169.1199951171875,169.89999389648438,167.82000732421875,169.88999938964844,16904834,Tata Steel,TATASTEEL.NS
2025-12-29,168.81849670410156,172.3000030517578,174.1300048828125,169.2899932861328,169.50999450683594,48001907,Tata Steel,TATASTEEL.NS
2025-12-30,172.24777221679688,175.8000030517578,176.35000610351562,170.8000030517578,172.77999877929688,33741158,Tata Steel,TATASTEEL.NS
2025-12-31,176.4412841796875,180.0800018310547,181.39999389648438,178.5,180.0,50897201,Tata Steel,TATASTEEL.NS
2026-01-01,178.21470642089844,181.88999938964844,182.1999969482422,180.1999969482422,180.60000610351562,21507757,Tata Steel,TATASTEEL.NS
2026-01-02,179.18470764160156,182.8800048828125,183.85000610351562,181.60000610351562,182.0,23006840,Tata Steel,TATASTEEL.NS
2026-01-05,181.9673309326172,185.72000122070312,186.88999938964844,182.8699951171875,182.8800048828125,30646009,Tata Steel,TATASTEEL.NS
2026-01-06,182.4376220703125,186.1999969482422,187.85000610351562,184.47000122070312,186.0,28514282,Tata Steel,TATASTEEL.NS
2026-01-07,180.08612060546875,183.8000030517578,186.64999389648438,182.89999389648438,186.1999969482422,18231588,Tata Steel,TATASTEEL.NS
2026-01-08,176.48046875,180.1199951171875,185.8699951171875,179.5500030517578,185.4499969482422,38454951,Tata Steel,TATASTEEL.NS
2026-01-09,174.79522705078125,178.39999389648438,181.5,177.3300018310547,179.0500030517578,25318701,Tata Steel,TATASTEEL.NS
2026-01-12,179.53744506835938,183.24000549316406,183.64999389648438,177.63999938964844,178.39999389648438,25782267,Tata Steel,TATASTEEL.NS
2026-01-13,178.8809814453125,182.57000732421875,184.38999938964844,181.10000610351562,183.5,19155081,Tata Steel,TATASTEEL.NS
2026-01-14,185.42599487304688,189.25,190.64999389648438,181.66000366210938,182.57000732421875,55907778,Tata Steel,TATASTEEL.NS
2026-01-15,185.42599487304688,189.25,189.25,189.25,189.25,0,Tata Steel,TATASTEEL.NS
2026-01-16,184.40701293945312,188.2100067138672,191.0,187.30999755859375,190.0500030517578,26028519,Tata Steel,TATASTEEL.NS
2026-01-19,184.46580505371094,188.27000427246094,189.44000244140625,186.8000030517578,187.10000610351562,19709364,Tata Steel,TATASTEEL.NS
2026-01-20,179.85096740722656,183.55999755859375,190.0,183.02999877929688,188.27000427246094,20094927,Tata Steel,TATASTEEL.NS
2026-01-21,180.6837921142578,184.41000366210938,185.7100067138672,180.8800048828125,183.55999755859375,35037961,Tata Steel,TATASTEEL.NS
2026-01-22,185.27903747558594,189.10000610351562,189.99000549316406,185.7899932861328,185.88999938964844,35681682,Tata Steel,TATASTEEL.NS
2026-01-23,183.8191375732422,187.61000061035156,192.39999389648438,187.27000427246094,190.5,28492706,Tata Steel,TATASTEEL.NS
2026-01-27,188.394775390625,192.27999877929688,193.13999938964844,187.72000122070312,189.6699981689453,42314287,Tata Steel,TATASTEEL.NS
2026-01-28,189.9330596923828,193.85000610351562,195.1999969482422,192.10000610351562,193.49000549316406,33310718,Tata Steel,TATASTEEL.NS
2026-01-29,198.23190307617188,202.32000732421875,202.99000549316406,194.11000061035156,194.4499969482422,60610904,Tata Steel,TATASTEEL.NS
2026-01-30,189.22760009765625,193.1300048828125,199.0,190.6300048828125,198.5500030517578,52262849,Tata Steel,TATASTEEL.NS
2026-02-02,184.70094299316406,188.50999450683594,189.0,182.5500030517578,185.3800048828125,25601945,Tata Steel,TATASTEEL.NS
2026-02-03,189.03163146972656,192.92999267578125,199.0,191.50999450683594,193.5800018310547,28467895,Tata Steel,TATASTEEL.NS
2026-02-04,191.45172119140625,195.39999389648438,196.13999938964844,193.4499969482422,193.99000549316406,13859145,Tata Steel,TATASTEEL.NS
2026-02-05,193.7640380859375,197.75999450683594,198.41000366210938,191.52000427246094,193.0,31293689,Tata Steel,TATASTEEL.NS
2026-02-06,193.07818603515625,197.05999755859375,197.60000610351562,194.3699951171875,197.60000610351562,18446912,Tata Steel,TATASTEEL.NS
2026-02-09,197.91836547851562,202.0,206.33999633789062,197.5500030517578,202.0,68967709,Tata Steel,TATASTEEL.NS
2026-02-10,203.8069305419922,208.00999450683594,211.10000610351562,201.0800018310547,202.99000549316406,82443790,Tata Steel,TATASTEEL.NS
2026-02-11,203.39541625976562,207.58999633789062,210.25,205.3000030517578,209.39999389648438,40897457,Tata Steel,TATASTEEL.NS
2026-02-12,203.9049072265625,208.11000061035156,210.38999938964844,206.1999969482422,208.0,24109860,Tata Steel,TATASTEEL.NS
2026-02-13,199.07452392578125,203.17999267578125,206.85000610351562,202.55999755859375,206.58999633789062,25870923,Tata Steel,TATASTEEL.NS
2026-02-16,201.65138244628906,205.80999755859375,206.1199951171875,200.5500030517578,201.0,17932490,Tata Steel,TATASTEEL.NS
2026-02-17,198.97654724121094,203.0800018310547,205.8000030517578,201.66000366210938,205.5,18506676,Tata Steel,TATASTEEL.NS
2026-02-18,204.8063201904297,209.02999877929688,209.6999969482422,203.5500030517578,203.5500030517578,48357001,Tata Steel,TATASTEEL.NS
2026-02-19,201.2594757080078,205.41000366210938,211.38999938964844,204.25,211.0,27749813,Tata Steel,TATASTEEL.NS
2026-02-20,204.1498565673828,208.36000061035156,209.3000030517578,204.72999572753906,206.41000366210938,26605844,Tata Steel,TATASTEEL.NS
2026-02-23,203.93429565429688,208.13999938964844,210.10000610351562,205.5,210.0,23377191,Tata Steel,TATASTEEL.NS
2026-02-24,204.904296875,209.1300048828125,209.5399932861328,206.75,207.2100067138672,23413086,Tata Steel,TATASTEEL.NS
2026-02-25,210.30296325683594,214.63999938964844,216.4499969482422,209.39999389648438,210.10000610351562,48873839,Tata Steel,TATASTEEL.NS
2026-02-26,211.16519165039062,215.52000427246094,215.9499969482422,213.00999450683594,215.9499969482422,25522669,Tata Steel,TATASTEEL.NS
2026-02-27,208.03964233398438,212.3300018310547,215.89999389648438,211.66000366210938,215.5,25598534,Tata Steel,TATASTEEL.NS
2026-03-02,206.74630737304688,211.00999450683594,214.33999633789062,204.5,205.0,30523310,Tata Steel,TATASTEEL.NS
2026-03-04,192.75485229492188,196.72999572753906,207.0,194.42999267578125,207.0,72096617,Tata Steel,TATASTEEL.NS
2026-03-05,196.51727294921875,200.57000732421875,203.0399932861328,197.6300048828125,198.5,41033397,Tata Steel,TATASTEEL.NS
2026-03-06,194.4499053955078,198.4600067138672,202.1999969482422,197.10000610351562,199.5,28551376,Tata Steel,TATASTEEL.NS
2026-03-09,187.15042114257812,191.00999450683594,193.6999969482422,187.02999877929688,193.4499969482422,43019965,Tata Steel,TATASTEEL.NS
2026-03-10,191.059814453125,195.0,196.63999938964844,192.0,194.00999450683594,25783308,Tata Steel,TATASTEEL.NS
2026-03-11,190.80506896972656,194.74000549316406,198.8800048828125,194.0,197.13999938964844,34207226,Tata Steel,TATASTEEL.NS
2026-03-12,189.56072998046875,193.47000122070312,194.66000366210938,190.10000610351562,193.99000549316406,24413736,Tata Steel,TATASTEEL.NS
2026-03-13,179.80197143554688,183.50999450683594,192.5,182.25999450683594,191.9499969482422,42683952,Tata Steel,TATASTEEL.NS
2026-03-16,183.1626739501953,186.94000244140625,187.64999389648438,181.25,183.0,44789516,Tata Steel,TATASTEEL.NS
2026-03-17,191.48110961914062,195.42999267578125,196.30999755859375,186.85000610351562,187.8000030517578,45672442,Tata Steel,TATASTEEL.NS
2026-03-18,191.46153259277344,195.41000366210938,196.42999267578125,193.1699981689453,196.39999389648438,26353743,Tata Steel,TATASTEEL.NS
2026-03-19,186.66053771972656,190.50999450683594,194.22000122070312,189.3699951171875,190.8000030517578,24146344,Tata Steel,TATASTEEL.NS
2026-03-20,192.79405212402344,196.77000427246094,199.44000244140625,193.33999633789062,193.39999389648438,46881257,Tata Steel,TATASTEEL.NS
2026-03-23,183.38803100585938,187.1699981689453,193.9499969482422,186.50999450683594,193.0,44393392,Tata Steel,TATASTEEL.NS
2026-03-24,186.93487548828125,190.7899932861328,192.19000244140625,187.77999877929688,192.0,34321983,Tata Steel,TATASTEEL.NS
2026-03-25,192.6764678955078,196.64999389648438,197.14999389648438,192.32000732421875,193.02999877929688,34767360,Tata Steel,TATASTEEL.NS
2026-03-27,189.31578063964844,193.22000122070312,195.5,192.63999938964844,194.32000732421875,36938046,Tata Steel,TATASTEEL.NS
2026-03-30,187.98326110839844,191.86000061035156,194.4199981689453,188.3000030517578,192.0,45914996,Tata Steel,TATASTEEL.NS
2026-04-01,190.66790771484375,194.60000610351562,200.1999969482422,194.0,200.0,35813622,Tata Steel,TATASTEEL.NS
2026-04-02,190.21719360351562,194.13999938964844,194.85000610351562,187.9499969482422,192.91000366210938,27633959,Tata Steel,TATASTEEL.NS
2026-04-06,192.13758850097656,196.10000610351562,196.64999389648438,190.25,193.02000427246094,28115748,Tata Steel,TATASTEEL.NS
2026-04-07,194.12657165527344,198.1300048828125,198.4199981689453,193.27999877929688,195.60000610351562,32090982,Tata Steel,TATASTEEL.NS
2026-04-08,200.05430603027344,204.17999267578125,206.39999389648438,202.0,202.00999450683594,37018381,Tata Steel,TATASTEEL.NS
2026-04-09,201.0537109375,205.1999969482422,208.19000244140625,204.05999755859375,204.50999450683594,36853400,Tata Steel,TATASTEEL.NS
2026-04-10,202.4352264404297,206.61000061035156,209.0,204.8000030517578,207.97999572753906,28385501,Tata Steel,TATASTEEL.NS
2026-04-13,202.21966552734375,206.38999938964844,207.0,201.5,203.6999969482422,25848544,Tata Steel,TATASTEEL.NS
2026-04-15,204.50257873535156,208.72000122070312,211.14999389648438,207.60000610351562,209.0,30858355,Tata Steel,TATASTEEL.NS
2026-04-16,206.4327850341797,210.69000244140625,212.9199981689453,209.00999450683594,209.75,26751249,Tata Steel,TATASTEEL.NS
2026-04-17,207.83387756347656,212.1199951171875,212.4600067138672,208.5,210.69000244140625,22837792,Tata Steel,TATASTEEL.NS
2026-04-20,207.4419708251953,211.72000122070312,213.39999389648438,209.8000030517578,212.0,24992602,Tata Steel,TATASTEEL.NS
2026-04-21,207.72610473632812,212.00999450683594,214.49000549316406,211.0800018310547,211.72000122070312,17427021,Tata Steel,TATASTEEL.NS
2026-04-22,208.72549438476562,213.02999877929688,213.77999877929688,210.50999450683594,211.0,20795714,Tata Steel,TATASTEEL.NS
2026-04-23,206.64833068847656,210.91000366210938,213.10000610351562,210.16000366210938,213.0399932861328,19304122,Tata Steel,TATASTEEL.NS
2026-04-24,205.8253173828125,210.07000732421875,212.0,208.60000610351562,211.0,22379072,Tata Steel,TATASTEEL.NS
2026-04-27,208.9606475830078,213.27000427246094,215.0,210.92999267578125,211.0,33068230,Tata Steel,TATASTEEL.NS
2026-04-28,210.70468139648438,215.0500030517578,218.24000549316406,212.1999969482422,213.1999969482422,34950491,Tata Steel,TATASTEEL.NS
2026-04-29,211.51791381835938,215.8800048828125,217.0,211.36000061035156,216.10000610351562,32800573,Tata Steel,TATASTEEL.NS
2026-04-30,207.0892333984375,211.36000061035156,215.77999877929688,210.0,215.77999877929688,24894783,Tata Steel,TATASTEEL.NS
2026-05-01,207.0892333984375,211.36000061035156,211.36000061035156,211.36000061035156,211.36000061035156,0,Tata Steel,TATASTEEL.NS
2026-05-04,207.9514617919922,212.24000549316406,214.5,211.39999389648438,212.5500030517578,23140911,Tata Steel,TATASTEEL.NS
2026-05-05,207.050048828125,211.32000732421875,212.33999633789062,209.4499969482422,212.1999969482422,20733709,Tata Steel,TATASTEEL.NS
2026-05-06,211.11619567871094,215.47000122070312,216.72999572753906,212.4199981689453,214.0,24082651,Tata Steel,TATASTEEL.NS
2026-05-07,212.70346069335938,217.08999633789062,219.1999969482422,215.75,216.6999969482422,21243369,Tata Steel,TATASTEEL.NS
2026-05-08,210.156005859375,214.49000549316406,217.39999389648438,214.25,217.0,17760366,Tata Steel,TATASTEEL.NS
2026-05-11,207.79469299316406,212.0800018310547,215.0,211.52000427246094,213.5,16301350,Tata Steel,TATASTEEL.NS
2026-05-12,207.71630859375,212.0,216.3300018310547,211.5,212.0,28371348,Tata Steel,TATASTEEL.NS
2026-05-13,215.1823272705078,219.6199951171875,220.91000366210938,213.07000732421875,213.24000549316406,46231533,Tata Steel,TATASTEEL.NS
2026-05-14,216.66183471679688,221.1300048828125,222.89999389648438,219.02000427246094,222.3000030517578,34985006,Tata Steel,TATASTEEL.NS
2026-05-15,212.45851135253906,216.83999633789062,224.39999389648438,216.0,223.0,33231023,Tata Steel,TATASTEEL.NS
2026-05-18,205.4725799560547,209.7100067138672,211.82000732421875,205.0500030517578,211.0,73796001,Tata Steel,TATASTEEL.NS
2026-05-19,205.06106567382812,209.2899932861328,212.3300018310547,208.89999389648438,210.58999633789062,32573663,Tata Steel,TATASTEEL.NS
2026-05-20,202.82713317871094,207.00999450683594,207.5,203.0399932861328,207.5,56670462,Tata Steel,TATASTEEL.NS
2026-05-21,204.36541748046875,208.5800018310547,210.07000732421875,207.66000366210938,209.75,24385712,Tata Steel,TATASTEEL.NS
2026-05-22,204.9630889892578,209.19000244140625,210.8800048828125,208.25999450683594,209.60000610351562,22023114,Tata Steel,TATASTEEL.NS
2026-05-25,205.97227478027344,210.22000122070312,211.75,209.44000244140625,211.3000030517578,23090495,Tata Steel,TATASTEEL.NS
2026-05-26,206.21722412109375,210.47000122070312,211.13999938964844,209.50999450683594,209.89999389648438,17801824,Tata Steel,TATASTEEL.NS
2026-05-27,210.36175537109375,214.6999969482422,218.9600067138672,210.6999969482422,210.6999969482422,39110042,Tata Steel,TATASTEEL.NS
2026-05-28,210.36175537109375,214.6999969482422,214.6999969482422,214.6999969482422,214.6999969482422,0,Tata Steel,TATASTEEL.NS
2026-05-29,203.8167266845703,208.02000427246094,215.6999969482422,206.6999969482422,215.69000244140625,67467374,Tata Steel,TATASTEEL.NS
2026-06-01,206.31521606445312,210.57000732421875,211.39999389648438,206.5,210.0,23733470,Tata Steel,TATASTEEL.NS
2026-06-02,206.3446044921875,210.60000610351562,213.4600067138672,208.57000732421875,209.00999450683594,29358964,Tata Steel,TATASTEEL.NS
2026-06-03,207.60853576660156,211.88999938964844,212.49000549316406,207.60000610351562,210.7100067138672,23198930,Tata Steel,TATASTEEL.NS
2026-06-04,206.31521606445312,210.57000732421875,212.24000549316406,209.30999755859375,210.4199981689453,18939468,Tata Steel,TATASTEEL.NS
2026-06-05,202.5919952392578,206.77000427246094,210.5,203.89999389648438,209.39999389648438,35802398,Tata Steel,TATASTEEL.NS
2026-06-08,198.6238250732422,202.72000122070312,205.2100067138672,201.60000610351562,203.44000244140625,31036948,Tata Steel,TATASTEEL.NS
2026-06-09,199.07452392578125,203.17999267578125,204.0,200.33999633789062,203.0,42111455,Tata Steel,TATASTEEL.NS
2026-06-10,195.28271484375,199.30999755859375,203.39999389648438,198.0,203.0,34008938,Tata Steel,TATASTEEL.NS
2026-06-11,193.9600067138672,197.9600067138672,199.35000610351562,196.0500030517578,197.44000244140625,38292223,Tata Steel,TATASTEEL.NS
2026-06-12,197.86000061035156,197.86000061035156,200.82000732421875,195.8000030517578,200.0,27622963,Tata Steel,TATASTEEL.NS
2026-06-15,197.27999877929688,197.27999877929688,200.9499969482422,196.82000732421875,199.9600067138672,27071539,Tata Steel,TATASTEEL.NS
2026-06-16,196.0,196.0,197.60000610351562,193.30999755859375,197.50999450683594,29255187,Tata Steel,TATASTEEL.NS
2026-06-17,199.00999450683594,199.00999450683594,199.5,195.60000610351562,196.7899932861328,22491220,Tata Steel,TATASTEEL.NS
2026-06-18,200.52000427246094,200.52000427246094,200.6999969482422,198.14999389648438,199.00999450683594,22111931,Tata Steel,TATASTEEL.NS
2026-06-19,198.9600067138672,198.9600067138672,199.36000061035156,196.5,199.25,31571461,Tata Steel,TATASTEEL.NS
2026-06-22,198.97000122070312,198.97000122070312,200.66000366210938,198.6999969482422,199.3000030517578,19238506,Tata Steel,TATASTEEL.NS
2026-06-23,193.55999755859375,193.55999755859375,197.97999572753906,192.72999572753906,197.75,34634510,Tata Steel,TATASTEEL.NS
2026-06-24,190.16000366210938,190.16000366210938,193.3800048828125,189.58999633789062,192.8000030517578,51305789,Tata Steel,TATASTEEL.NS
2026-06-25,188.7100067138672,188.7100067138672,190.86000061035156,187.61000061035156,190.0,34151735,Tata Steel,TATASTEEL.NS
2026-06-26,188.7100067138672,188.7100067138672,188.7100067138672,188.7100067138672,188.7100067138672,0,Tata Steel,TATASTEEL.NS
2026-06-29,189.57000732421875,189.57000732421875,191.27000427246094,188.60000610351562,188.72999572753906,62549132,Tata Steel,TATASTEEL.NS
2026-06-30,188.05999755859375,188.05999755859375,190.39999389648438,187.0500030517578,189.5,33686235,Tata Steel,TATASTEEL.NS
2026-07-01,185.1699981689453,185.1699981689453,188.7100067138672,184.6999969482422,188.5,20614036,Tata Steel,TATASTEEL.NS
2026-07-02,187.6699981689453,187.6699981689453,188.60000610351562,185.13999938964844,186.0,29139217,Tata Steel,TATASTEEL.NS
2026-07-03,189.8000030517578,189.8000030517578,192.97999572753906,189.11000061035156,190.60000610351562,28474469,Tata Steel,TATASTEEL.NS
2026-07-06,190.8699951171875,190.8699951171875,191.4499969482422,189.19000244140625,190.38999938964844,14466645,Tata Steel,TATASTEEL.NS
2026-07-07,189.7899932861328,189.7899932861328,191.3000030517578,189.0,191.0,22805982,Tata Steel,TATASTEEL.NS
2026-07-08,188.1999969482422,188.1999969482422,189.7899932861328,186.52000427246094,187.66000366210938,17816943,Tata Steel,TATASTEEL.NS
2026-07-09,187.91000366210938,187.91000366210938,189.8699951171875,186.6199951171875,189.5,21203724,Tata Steel,TATASTEEL.NS
2026-07-10,191.19000244140625,191.19000244140625,193.3000030517578,188.74000549316406,189.67999267578125,23145573,Tata Steel,TATASTEEL.NS
2026-07-13,187.11000061035156,187.11000061035156,189.27000427246094,185.39999389648438,189.0,47597415,Tata Steel,TATASTEEL.NS
2026-07-14,188.27000427246094,188.27000427246094,190.35000610351562,186.6999969482422,186.6999969482422,24096425,Tata Steel,TATASTEEL.NS
2026-07-15,185.25999450683594,185.25999450683594,189.3300018310547,184.80999755859375,188.74000549316406,24924570,Tata Steel,TATASTEEL.NS
2026-07-16,185.49000549316406,185.49000549316406,186.75,184.91000366210938,186.5,13166990,Tata Steel,TATASTEEL.NS
2026-07-17,185.88999938964844,185.88999938964844,186.58999633789062,183.41000366210938,185.1999969482422,20132684,Tata Steel,TATASTEEL.NS
2026-07-20,186.41000366210938,186.41000366210938,187.19000244140625,185.75999450683594,186.67999267578125,11188887,Tata Steel,TATASTEEL.NS
2026-07-21,187.24000549316406,187.24000549316406,188.10000610351562,184.6999969482422,186.75,21618426,Tata Steel,TATASTEEL.NS
2026-07-22,186.52999877929688,186.52999877929688,187.99000549316406,184.91000366210938,187.99000549316406,16643117,Tata Steel,TATASTEEL.NS
2026-07-23,184.22999572753906,184.22999572753906,186.0,183.5,186.0,20581098,Tata Steel,TATASTEEL.NS
2026-07-24,182.6699981689453,182.6699981689453,183.52000427246094,181.1999969482422,183.41000366210938,16117953,Tata Steel,TATASTEEL.NS
2026-07-27,184.25,184.25,184.88999938964844,183.3300018310547,183.60000610351562,11857396,Tata Steel,TATASTEEL.NS
2026-07-28,182.6300048828125,182.6300048828125,185.13999938964844,182.00999450683594,184.30999755859375,19135253,Tata Steel,TATASTEEL.NS
2026-07-29,187.27000427246094,187.27000427246094,188.6699981689453,183.0399932861328,183.5,24872418,Tata Steel,TATASTEEL.NS
2026-07-30,186.9199981689453,186.9199981689453,188.99000549316406,186.10000610351562,188.00999450683594,13769746,Tata Steel,TATASTEEL.NS
2026-07-31,189.69000244140625,189.69000244140625,191.83999633789062,186.30999755859375,188.25,34249584,Tata Steel,TATASTEEL.NS
2026-08-03,191.0,191.0,193.5,188.49000549316406,192.94000244140625,27563681,Tata Steel,TATASTEEL.NS
2026-08-04,190.9499969482422,190.9499969482422,192.60000610351562,189.0,190.6999969482422,22165429,Tata Steel,TATASTEEL.NS
2026-08-05,192.99000549316406,192.99000549316406,192.99000549316406,189.83999633789062,192.25,22780522,Tata Steel,TATASTEEL.NS
2026-08-06,189.3000030517578,189.3000030517578,193.64999389648438,188.99000549316406,193.4499969482422,18802510,Tata Steel,TATASTEEL.NS
2026-08-07,187.5500030517578,187.5500030517578,189.69000244140625,186.75,189.41000366210938,9924021,Tata Steel,TATASTEEL.NS
2026-08-10,190.24000549316406,190.24000549316406,192.35000610351562,187.5500030517578,187.55999755859375,33338101,Tata Steel,TATASTEEL.NS
2026-08-11,188.25,188.25,190.55999755859375,186.77999877929688,190.24000549316406,20973262,Tata Steel,TATASTEEL.NS
2026-08-12,186.1999969482422,186.1999969482422,188.8800048828125,183.60000610351562,188.35000610351562,36484049,Tata Steel,TATASTEEL.NS
2026-08-13,184.85000610351562,184.85000610351562,186.66000366210938,183.4600067138672,186.1999969482422,19940424,Tata Steel,TATASTEEL.NS
2026-08-14,183.5,183.5,184.19000244140625,180.0,184.0,16131505,Tata Steel,TATASTEEL.NS
2026-08-17,186.0,186.0,186.35000610351562,182.05999755859375,183.5,16278106,Tata Steel,TATASTEEL.NS
2026-08-18,185.5,185.5,187.11000061035156,184.3300018310547,186.33999633789062,13393441,Tata Steel,TATASTEEL.NS
2026-08-19,184.0,184.0,184.9499969482422,182.5,184.16000366210938,15509632,Tata Steel,TATASTEEL.NS
2026-08-20,183.5,183.5,185.60000610351562,182.9499969482422,185.0,21782667,Tata Steel,TATASTEEL.NS
2026-08-21,183.0,183.0,184.94000244140625,182.0,184.39999389648438,26299054,Tata Steel,TATASTEEL.NS
2026-08-24,186.3000030517578,186.3000030517578,186.3000030517578,183.05999755859375,184.14999389648438,37800944,Tata Steel,TATASTEEL.NS
2026-08-25,186.94000244140625,186.94000244140625,187.27000427246094,183.5,186.3000030517578,24578020,Tata Steel,TATASTEEL.NS
2026-08-26,188.00999450683594,188.00999450683594,189.9499969482422,184.2899932861328,186.49000549316406,32199274,Tata Steel,TATASTEEL.NS
2026-08-27,186.8000030517578,186.8000030517578,190.25,186.5,188.0500030517578,40921836,Tata Steel,TATASTEEL.NS
2026-08-28,186.5,186.5,188.7899932861328,184.0800018310547,187.60000610351562,39370394,Tata Steel,TATASTEEL.NS
2026-08-31,184.35000610351562,184.35000610351562,185.82000732421875,181.39999389648438,185.35000610351562,36802869,Tata Steel,TATASTEEL.NS
2026-09-01,184.07000732421875,184.07000732421875,188.67999267578125,182.1199951171875,183.6999969482422,46663321,Tata Steel,TATASTEEL.NS
2026-09-02,183.85000610351562,183.85000610351562,184.05999755859375,181.44000244140625,182.5,19496175,Tata Steel,TATASTEEL.NS
2026-09-03,184.1999969482422,184.1999969482422,187.64999389648438,182.0,184.11000061035156,21959759,Tata Steel,TATASTEEL.NS
