Date,Adj Close,Close,High,Low,Open,Volume,Company,Ticker
2021-09-03,3337.58349609375,3842.050048828125,3856.89990234375,3804.550048828125,3825.0,1746812,TCS,TCS.NS
2021-09-06,3346.2265625,3852.0,3877.60009765625,3814.0,3849.699951171875,1723693,TCS,TCS.NS
2021-09-07,3314.86669921875,3815.89990234375,3869.949951171875,3808.25,3864.0,1585039,TCS,TCS.NS
2021-09-08,3278.598876953125,3774.14990234375,3815.0,3756.0,3810.0,4147175,TCS,TCS.NS
2021-09-09,3293.58349609375,3791.39990234375,3808.699951171875,3765.0,3789.699951171875,1441148,TCS,TCS.NS
2021-09-13,3340.44970703125,3845.35009765625,3852.39990234375,3767.0,3767.0,1691473,TCS,TCS.NS
2021-09-14,3375.675537109375,3885.89990234375,3896.5,3825.0,3849.949951171875,1991188,TCS,TCS.NS
2021-09-15,3435.31201171875,3954.550048828125,3980.0,3866.0,3882.10009765625,2461369,TCS,TCS.NS
2021-09-16,3390.791015625,3903.300048828125,3981.75,3892.10009765625,3930.0,2946666,TCS,TCS.NS
2021-09-17,3325.247314453125,3827.85009765625,3945.0,3805.0,3920.0,6477148,TCS,TCS.NS
2021-09-20,3321.46875,3823.5,3871.0,3807.85009765625,3809.0,2002008,TCS,TCS.NS
2021-09-21,3355.738525390625,3862.949951171875,3871.550048828125,3821.64990234375,3858.0,1568129,TCS,TCS.NS
2021-09-22,3355.043701171875,3862.14990234375,3896.85009765625,3852.449951171875,3862.5,1744067,TCS,TCS.NS
2021-09-23,3361.2119140625,3869.25,3879.0,3835.0,3870.0,2003869,TCS,TCS.NS
2021-09-24,3362.992919921875,3871.300048828125,3944.39990234375,3855.0,3890.0,2320754,TCS,TCS.NS
2021-09-27,3333.15283203125,3836.949951171875,3904.0,3802.89990234375,3900.0,1673362,TCS,TCS.NS
2021-09-28,3282.941650390625,3779.14990234375,3850.0,3751.25,3850.0,2253075,TCS,TCS.NS
2021-09-29,3294.018310546875,3791.89990234375,3806.0,3722.14990234375,3759.800048828125,2489161,TCS,TCS.NS
2021-09-30,3279.814453125,3775.550048828125,3805.0,3750.10009765625,3805.0,2252412,TCS,TCS.NS
2021-10-01,3240.419677734375,3730.199951171875,3810.0,3725.0,3781.75,1578374,TCS,TCS.NS
2021-10-04,3277.860107421875,3773.300048828125,3783.64990234375,3707.449951171875,3724.800048828125,1356860,TCS,TCS.NS
2021-10-05,3329.982177734375,3833.300048828125,3840.0,3741.60009765625,3754.0,1877966,TCS,TCS.NS
2021-10-06,3310.522705078125,3810.89990234375,3857.449951171875,3795.0,3836.0,1678154,TCS,TCS.NS
2021-10-07,3381.75634765625,3892.89990234375,3899.0,3820.050048828125,3830.0,1647233,TCS,TCS.NS
2021-10-08,3418.892822265625,3935.64990234375,3989.89990234375,3900.0,3925.0,2934339,TCS,TCS.NS
2021-10-11,3201.67529296875,3685.60009765625,3757.5,3660.0,3755.0,11845402,TCS,TCS.NS
2021-10-12,3173.2255859375,3652.85009765625,3707.0,3630.60009765625,3706.0,5752877,TCS,TCS.NS
2021-10-13,3175.2666015625,3655.199951171875,3675.449951171875,3645.0,3650.0,3545655,TCS,TCS.NS
2021-10-14,3143.28076171875,3611.449951171875,3670.0,3608.199951171875,3625.0,6442299,TCS,TCS.NS
2021-10-18,3174.35302734375,3647.14990234375,3652.699951171875,3601.449951171875,3603.449951171875,3590107,TCS,TCS.NS
2021-10-19,3163.0380859375,3634.14990234375,3690.10009765625,3625.199951171875,3669.0,3135441,TCS,TCS.NS
2021-10-20,3141.01806640625,3608.85009765625,3630.0,3578.300048828125,3612.0,2933693,TCS,TCS.NS
2021-10-21,3074.565673828125,3532.5,3607.449951171875,3511.25,3604.10009765625,4871211,TCS,TCS.NS
2021-10-22,3045.278076171875,3498.85009765625,3561.60009765625,3485.0,3560.0,2691670,TCS,TCS.NS
2021-10-25,3040.142822265625,3492.949951171875,3514.550048828125,3450.0,3503.0,2595594,TCS,TCS.NS
2021-10-26,3031.134521484375,3482.60009765625,3529.0,3475.0,3494.5,3878763,TCS,TCS.NS
2021-10-27,3037.357421875,3489.75,3511.25,3483.0,3483.0,2510813,TCS,TCS.NS
2021-10-28,2978.085693359375,3421.64990234375,3518.0,3415.0,3518.0,2424942,TCS,TCS.NS
2021-10-29,2957.283447265625,3397.75,3461.0,3385.949951171875,3400.050048828125,3960501,TCS,TCS.NS
2021-11-01,3025.738037109375,3476.39990234375,3487.0,3412.949951171875,3437.949951171875,2020718,TCS,TCS.NS
2021-11-02,3032.527099609375,3484.199951171875,3513.60009765625,3469.75,3494.0,3087414,TCS,TCS.NS
2021-11-03,3039.533447265625,3492.25,3519.89990234375,3466.050048828125,3504.199951171875,1537639,TCS,TCS.NS
2021-11-04,3053.80712890625,3508.64990234375,3513.25,3505.0,3512.949951171875,328991,TCS,TCS.NS
2021-11-08,3048.672119140625,3502.75,3548.0,3481.199951171875,3548.0,2526082,TCS,TCS.NS
2021-11-09,3051.239501953125,3505.699951171875,3535.0,3496.0,3508.0,1782692,TCS,TCS.NS
2021-11-10,3032.614013671875,3484.300048828125,3519.699951171875,3480.199951171875,3498.0,1516489,TCS,TCS.NS
2021-11-11,3036.00830078125,3488.199951171875,3510.050048828125,3436.0,3480.0,1284514,TCS,TCS.NS
2021-11-12,3068.95166015625,3526.050048828125,3534.14990234375,3485.699951171875,3506.0,1747259,TCS,TCS.NS
2021-11-15,3092.669921875,3553.300048828125,3569.60009765625,3528.0,3528.0,1809157,TCS,TCS.NS
2021-11-16,3095.366943359375,3556.39990234375,3575.550048828125,3542.0,3569.0,2013204,TCS,TCS.NS
2021-11-17,3065.33984375,3521.89990234375,3562.85009765625,3506.39990234375,3550.60009765625,1632914,TCS,TCS.NS
2021-11-18,3025.128662109375,3475.699951171875,3520.85009765625,3451.60009765625,3515.14990234375,2136598,TCS,TCS.NS
2021-11-22,3010.0712890625,3458.39990234375,3515.949951171875,3440.300048828125,3478.39990234375,3167936,TCS,TCS.NS
2021-11-23,3015.1630859375,3464.25,3480.949951171875,3407.800048828125,3445.0,2153461,TCS,TCS.NS
2021-11-24,2996.92919921875,3443.300048828125,3493.050048828125,3424.0,3472.199951171875,2161746,TCS,TCS.NS
2021-11-25,2999.191650390625,3445.89990234375,3463.0,3434.050048828125,3443.89990234375,1849619,TCS,TCS.NS
2021-11-26,3000.018310546875,3446.85009765625,3490.0,3411.89990234375,3425.0,1941251,TCS,TCS.NS
2021-11-29,3048.019775390625,3502.0,3529.35009765625,3406.449951171875,3447.14990234375,2981745,TCS,TCS.NS
2021-11-30,3071.650146484375,3529.14990234375,3563.75,3491.0,3491.0,5588446,TCS,TCS.NS
2021-12-01,3113.992919921875,3577.800048828125,3590.0,3535.0,3535.0,2102118,TCS,TCS.NS
2021-12-02,3170.653076171875,3642.89990234375,3648.0,3574.10009765625,3589.199951171875,3152938,TCS,TCS.NS
2021-12-03,3168.521728515625,3640.449951171875,3665.949951171875,3630.85009765625,3646.449951171875,2486263,TCS,TCS.NS
2021-12-06,3077.960205078125,3536.39990234375,3658.0,3522.0,3640.449951171875,1849642,TCS,TCS.NS
2021-12-07,3119.824951171875,3584.5,3598.0,3524.300048828125,3562.5,1484458,TCS,TCS.NS
2021-12-08,3156.728271484375,3626.89990234375,3646.449951171875,3601.0,3601.0,1428660,TCS,TCS.NS
2021-12-09,3134.838134765625,3601.75,3634.75,3566.0,3610.0,1567957,TCS,TCS.NS
2021-12-10,3165.344970703125,3636.800048828125,3642.0,3575.10009765625,3585.0,1510718,TCS,TCS.NS
2021-12-13,3141.7138671875,3609.64990234375,3662.0,3601.699951171875,3650.0,1883864,TCS,TCS.NS
2021-12-14,3154.02978515625,3623.800048828125,3635.0,3576.699951171875,3605.0,1747007,TCS,TCS.NS
2021-12-15,3107.509033203125,3570.35009765625,3623.0,3558.14990234375,3620.0,1603233,TCS,TCS.NS
2021-12-16,3117.2998046875,3581.60009765625,3608.449951171875,3570.0,3582.0,2072320,TCS,TCS.NS
2021-12-17,3119.6943359375,3584.35009765625,3651.35009765625,3573.699951171875,3602.5,4333992,TCS,TCS.NS
2021-12-20,3095.802734375,3556.89990234375,3606.0,3510.14990234375,3589.0,2312310,TCS,TCS.NS
2021-12-21,3140.539306640625,3608.300048828125,3641.199951171875,3566.39990234375,3582.64990234375,2340989,TCS,TCS.NS
2021-12-22,3160.078857421875,3630.75,3636.800048828125,3606.25,3624.0,1224328,TCS,TCS.NS
2021-12-23,3187.88720703125,3662.699951171875,3670.5,3630.0,3648.0,1792861,TCS,TCS.NS
2021-12-24,3195.024169921875,3670.89990234375,3705.0,3644.800048828125,3685.0,2209923,TCS,TCS.NS
2021-12-27,3216.95751953125,3696.10009765625,3700.0,3653.10009765625,3671.0,1534135,TCS,TCS.NS
2021-12-28,3226.052734375,3706.550048828125,3725.0,3693.85009765625,3710.0,1456218,TCS,TCS.NS
2021-12-29,3215.739013671875,3694.699951171875,3719.949951171875,3685.0,3692.25,1456923,TCS,TCS.NS
2021-12-30,3249.7265625,3733.75,3740.0,3680.0,3681.35009765625,1966475,TCS,TCS.NS
2021-12-31,3253.73046875,3738.35009765625,3760.0,3731.300048828125,3742.800048828125,1207141,TCS,TCS.NS
2022-01-03,3322.837158203125,3817.75,3830.0,3745.0,3750.0,2346158,TCS,TCS.NS
2022-01-04,3381.1513671875,3884.75,3889.14990234375,3811.699951171875,3831.10009765625,2488606,TCS,TCS.NS
2022-01-05,3360.43701171875,3860.949951171875,3870.0,3812.39990234375,3865.0,1733031,TCS,TCS.NS
2022-01-06,3313.8720703125,3807.449951171875,3835.0,3772.0,3812.0,1810293,TCS,TCS.NS
2022-01-07,3353.95263671875,3853.5,3864.89990234375,3796.39990234375,3820.0,2460591,TCS,TCS.NS
2022-01-10,3376.886962890625,3879.85009765625,3978.0,3861.0,3978.0,3937092,TCS,TCS.NS
2022-01-11,3408.26318359375,3915.89990234375,3925.0,3856.0,3856.0,1906106,TCS,TCS.NS
2022-01-12,3359.52294921875,3859.89990234375,3929.0,3836.550048828125,3925.0,3203744,TCS,TCS.NS
2022-01-13,3392.596923828125,3897.89990234375,3923.0,3857.0,3918.0,6684507,TCS,TCS.NS
2022-01-14,3453.740234375,3968.14990234375,3977.0,3860.050048828125,3877.85009765625,3348123,TCS,TCS.NS
2022-01-17,3498.129150390625,4019.14990234375,4043.0,3962.300048828125,3992.699951171875,3442604,TCS,TCS.NS
2022-01-18,3473.279541015625,3990.60009765625,4041.699951171875,3980.0,4033.949951171875,2389041,TCS,TCS.NS
2022-01-19,3413.162841796875,3914.64990234375,4012.0,3910.5,4012.0,3102539,TCS,TCS.NS
2022-01-20,3336.348876953125,3826.550048828125,3920.0,3811.0,3910.0,6176776,TCS,TCS.NS
2022-01-21,3342.408935546875,3833.5,3851.550048828125,3771.10009765625,3807.0,3112358,TCS,TCS.NS
2022-01-24,3288.220458984375,3771.35009765625,3849.64990234375,3740.10009765625,3840.0,3258414,TCS,TCS.NS
2022-01-25,3286.9560546875,3769.89990234375,3809.39990234375,3722.199951171875,3769.5,3330501,TCS,TCS.NS
2022-01-27,3181.76220703125,3649.25,3733.39990234375,3625.10009765625,3731.0,5718297,TCS,TCS.NS
2022-01-28,3217.335205078125,3690.050048828125,3729.800048828125,3646.0,3646.0,3143862,TCS,TCS.NS
2022-01-31,3257.616455078125,3736.25,3758.0,3721.39990234375,3749.0,2739393,TCS,TCS.NS
2022-02-01,3313.766845703125,3800.64990234375,3808.0,3736.39990234375,3770.0,2105169,TCS,TCS.NS
2022-02-02,3362.2001953125,3856.199951171875,3864.0,3800.64990234375,3827.89990234375,1984212,TCS,TCS.NS
2022-02-03,3334.6484375,3824.60009765625,3882.5,3816.050048828125,3851.0,1960538,TCS,TCS.NS
2022-02-04,3326.191162109375,3814.89990234375,3824.699951171875,3769.0,3815.300048828125,2307366,TCS,TCS.NS
2022-02-07,3294.890380859375,3779.0,3831.800048828125,3756.14990234375,3791.0,1919149,TCS,TCS.NS
2022-02-08,3263.894287109375,3743.449951171875,3799.699951171875,3721.0,3791.550048828125,2946443,TCS,TCS.NS
2022-02-09,3278.803955078125,3760.550048828125,3777.949951171875,3746.10009765625,3750.0,1638721,TCS,TCS.NS
2022-02-10,3287.347900390625,3770.35009765625,3789.800048828125,3758.0,3789.800048828125,2112459,TCS,TCS.NS
2022-02-11,3221.60791015625,3694.949951171875,3752.5,3690.0,3752.5,3851488,TCS,TCS.NS
2022-02-14,3255.43701171875,3733.75,3793.25,3710.0,3724.0,5951745,TCS,TCS.NS
2022-02-15,3328.7197265625,3817.800048828125,3835.0,3748.0,3786.0,3931683,TCS,TCS.NS
2022-02-16,3324.6220703125,3813.10009765625,3854.10009765625,3806.0,3844.0,3256906,TCS,TCS.NS
2022-02-17,3299.423828125,3784.199951171875,3835.0,3779.0,3825.0,3134372,TCS,TCS.NS
2022-02-18,3307.881591796875,3793.89990234375,3815.949951171875,3757.60009765625,3769.0,3688883,TCS,TCS.NS
2022-02-21,3242.925537109375,3719.39990234375,3827.800048828125,3705.550048828125,3810.0,7465922,TCS,TCS.NS
2022-02-22,3126.962890625,3586.39990234375,3667.89990234375,3570.0,3650.0,5408531,TCS,TCS.NS
2022-02-23,3107.258544921875,3563.800048828125,3622.89990234375,3555.64990234375,3611.0,2426203,TCS,TCS.NS
2022-02-24,2965.880615234375,3401.64990234375,3483.85009765625,3391.10009765625,3474.0,5039136,TCS,TCS.NS
2022-02-25,3069.7236328125,3520.75,3530.0,3462.0,3468.0,2549723,TCS,TCS.NS
2022-02-28,3098.887939453125,3554.199951171875,3563.75,3455.89990234375,3490.0,3288942,TCS,TCS.NS
2022-03-02,3091.869140625,3546.14990234375,3571.949951171875,3506.0,3552.5,2761341,TCS,TCS.NS
2022-03-03,3090.34326171875,3544.39990234375,3578.60009765625,3530.10009765625,3562.85009765625,1928039,TCS,TCS.NS
2022-03-04,3072.86181640625,3524.35009765625,3561.199951171875,3487.050048828125,3501.5,2370257,TCS,TCS.NS
2022-03-07,3038.4658203125,3484.89990234375,3548.0,3431.550048828125,3450.0,3054130,TCS,TCS.NS
2022-03-08,3138.77685546875,3599.949951171875,3609.0,3460.0,3460.0,3300992,TCS,TCS.NS
2022-03-09,3167.244384765625,3632.60009765625,3654.0,3597.050048828125,3605.0,2719654,TCS,TCS.NS
2022-03-10,3157.0869140625,3620.949951171875,3684.0,3615.0,3684.0,2005441,TCS,TCS.NS
2022-03-11,3138.07958984375,3599.14990234375,3639.85009765625,3592.85009765625,3603.25,1623423,TCS,TCS.NS
2022-03-14,3176.312255859375,3643.0,3648.35009765625,3580.0,3580.0,1765688,TCS,TCS.NS
2022-03-15,3133.502685546875,3593.89990234375,3659.0,3585.39990234375,3659.0,3651133,TCS,TCS.NS
2022-03-16,3187.560302734375,3655.89990234375,3668.0,3616.25,3640.5,3090475,TCS,TCS.NS
2022-03-17,3202.251708984375,3672.75,3710.0,3660.300048828125,3696.60009765625,3600452,TCS,TCS.NS
2022-03-21,3162.100830078125,3626.699951171875,3713.949951171875,3615.0,3696.0,2413831,TCS,TCS.NS
2022-03-22,3226.838623046875,3700.949951171875,3711.0,3625.0,3640.0,2907611,TCS,TCS.NS
2022-03-23,3236.822021484375,3712.39990234375,3729.800048828125,3690.0,3708.0,1596195,TCS,TCS.NS
2022-03-24,3269.474365234375,3749.85009765625,3758.199951171875,3695.0,3700.0,1879046,TCS,TCS.NS
2022-03-25,3232.506103515625,3707.449951171875,3779.5,3672.0,3759.89990234375,1690133,TCS,TCS.NS
2022-03-28,3232.724365234375,3707.699951171875,3713.0,3661.199951171875,3695.0,1760990,TCS,TCS.NS
2022-03-29,3230.6748046875,3705.35009765625,3722.0,3691.0,3694.75,2689063,TCS,TCS.NS
2022-03-30,3253.518798828125,3731.550048828125,3738.0,3706.199951171875,3738.0,1583455,TCS,TCS.NS
2022-03-31,3260.843017578125,3739.949951171875,3754.64990234375,3720.199951171875,3740.0,2168110,TCS,TCS.NS
2022-04-01,3277.234619140625,3758.75,3763.0,3728.050048828125,3748.0,1387014,TCS,TCS.NS
2022-04-04,3287.347900390625,3770.35009765625,3780.0,3737.10009765625,3762.0,1472994,TCS,TCS.NS
2022-04-05,3326.104248046875,3814.800048828125,3835.60009765625,3772.0,3772.0,2314947,TCS,TCS.NS
2022-04-06,3274.269775390625,3755.35009765625,3809.300048828125,3731.14990234375,3809.300048828125,2051729,TCS,TCS.NS
2022-04-07,3212.190673828125,3684.14990234375,3745.5,3679.0,3745.5,2494829,TCS,TCS.NS
2022-04-08,3213.498291015625,3685.64990234375,3705.0,3642.5,3690.0,2296773,TCS,TCS.NS
2022-04-11,3222.870849609375,3696.39990234375,3712.35009765625,3656.10009765625,3690.0,2291660,TCS,TCS.NS
2022-04-12,3218.25048828125,3691.10009765625,3739.0,3648.35009765625,3683.0,4483476,TCS,TCS.NS
2022-04-13,3192.8349609375,3661.949951171875,3709.85009765625,3655.550048828125,3707.0,1621672,TCS,TCS.NS
2022-04-18,3076.088134765625,3528.050048828125,3610.0,3522.5,3610.0,3820792,TCS,TCS.NS
2022-04-19,3027.130859375,3471.89990234375,3563.550048828125,3439.14990234375,3550.0,3170014,TCS,TCS.NS
2022-04-20,3101.15576171875,3556.800048828125,3569.14990234375,3480.0,3500.0,2640370,TCS,TCS.NS
2022-04-21,3163.80126953125,3628.64990234375,3644.0,3567.39990234375,3580.0,2280996,TCS,TCS.NS
2022-04-22,3149.763427734375,3612.550048828125,3617.0,3571.5,3581.10009765625,1581465,TCS,TCS.NS
2022-04-25,3093.656494140625,3548.199951171875,3584.0,3533.10009765625,3558.0,1960694,TCS,TCS.NS
2022-04-26,3092.000244140625,3546.300048828125,3587.89990234375,3518.14990234375,3575.14990234375,1943469,TCS,TCS.NS
2022-04-27,3104.99169921875,3561.199951171875,3568.449951171875,3506.300048828125,3546.0,1727648,TCS,TCS.NS
2022-04-28,3125.13232421875,3584.300048828125,3604.39990234375,3538.050048828125,3588.0,1703660,TCS,TCS.NS
2022-04-29,3092.3486328125,3546.699951171875,3623.25,3536.85009765625,3597.0,2051115,TCS,TCS.NS
2022-05-02,3088.599609375,3542.39990234375,3547.949951171875,3492.75,3519.89990234375,1324161,TCS,TCS.NS
2022-05-04,3033.9755859375,3479.75,3545.449951171875,3465.300048828125,3538.5,2305825,TCS,TCS.NS
2022-05-05,3063.314697265625,3513.39990234375,3533.0,3485.35009765625,3512.10009765625,1612262,TCS,TCS.NS
2022-05-06,2992.865966796875,3432.60009765625,3474.5,3424.5,3459.0,2010812,TCS,TCS.NS
2022-05-09,3003.7646484375,3445.10009765625,3456.0,3346.85009765625,3398.0,2481830,TCS,TCS.NS
2022-05-10,2998.228271484375,3438.75,3464.800048828125,3422.0,3434.0,1622685,TCS,TCS.NS
2022-05-11,2974.90478515625,3412.0,3448.449951171875,3382.14990234375,3435.0,1841769,TCS,TCS.NS
2022-05-12,2971.983642578125,3408.64990234375,3449.699951171875,3350.10009765625,3378.0,2807195,TCS,TCS.NS
2022-05-13,2977.43310546875,3414.89990234375,3439.89990234375,3382.14990234375,3435.0,2187823,TCS,TCS.NS
2022-05-16,2944.21435546875,3376.800048828125,3430.0,3366.60009765625,3415.0,1195813,TCS,TCS.NS
2022-05-17,3009.431884765625,3451.60009765625,3467.0,3350.39990234375,3370.0,1754076,TCS,TCS.NS
2022-05-18,3006.99072265625,3448.800048828125,3495.0,3443.050048828125,3465.0,1866781,TCS,TCS.NS
2022-05-19,2844.0771484375,3261.949951171875,3405.0,3230.0,3397.0,4642963,TCS,TCS.NS
2022-05-20,2871.149658203125,3293.0,3313.89990234375,3270.050048828125,3310.0,3065125,TCS,TCS.NS
2022-05-23,2896.21630859375,3321.75,3338.89990234375,3267.0,3304.800048828125,2293690,TCS,TCS.NS
2022-05-24,2866.78955078125,3288.0,3324.85009765625,3275.60009765625,3315.14990234375,1711510,TCS,TCS.NS
2022-05-25,2780.461181640625,3167.64990234375,3292.85009765625,3154.050048828125,3292.85009765625,3548046,TCS,TCS.NS
2022-05-26,2832.512939453125,3226.949951171875,3241.5,3180.550048828125,3191.0,2813186,TCS,TCS.NS
2022-05-27,2862.66455078125,3261.300048828125,3278.89990234375,3229.199951171875,3253.199951171875,3103153,TCS,TCS.NS
2022-05-30,2962.685791015625,3375.25,3386.60009765625,3286.35009765625,3297.0,2094624,TCS,TCS.NS
2022-05-31,2953.118408203125,3364.35009765625,3383.39990234375,3325.0,3354.14990234375,4840965,TCS,TCS.NS
2022-06-01,2945.086669921875,3355.199951171875,3388.0,3340.050048828125,3388.0,1493835,TCS,TCS.NS
2022-06-02,3004.599365234375,3423.0,3432.0,3346.300048828125,3355.0,2657939,TCS,TCS.NS
2022-06-03,3019.653076171875,3440.14990234375,3477.300048828125,3431.199951171875,3459.39990234375,1913622,TCS,TCS.NS
2022-06-06,3011.577392578125,3430.949951171875,3453.0,3377.14990234375,3418.0,1084210,TCS,TCS.NS
2022-06-07,2951.669677734375,3362.699951171875,3418.85009765625,3356.0,3401.050048828125,2308256,TCS,TCS.NS
2022-06-08,2988.05322265625,3404.14990234375,3413.949951171875,3346.5,3380.14990234375,2185707,TCS,TCS.NS
2022-06-09,3008.1982421875,3427.10009765625,3437.0,3353.10009765625,3385.0,1279197,TCS,TCS.NS
2022-06-10,2949.212158203125,3359.89990234375,3393.0,3352.0,3382.0,1527582,TCS,TCS.NS
2022-06-13,2826.061279296875,3219.60009765625,3293.0,3192.449951171875,3290.0,3030921,TCS,TCS.NS
2022-06-14,2818.11767578125,3210.550048828125,3238.89990234375,3174.699951171875,3190.0,2611493,TCS,TCS.NS
2022-06-15,2814.386962890625,3206.300048828125,3234.0,3201.0,3218.5,1404536,TCS,TCS.NS
2022-06-16,2757.946533203125,3142.0,3244.85009765625,3133.050048828125,3240.0,2032028,TCS,TCS.NS
2022-06-17,2711.33740234375,3088.89990234375,3118.75,3023.85009765625,3092.0,5240434,TCS,TCS.NS
2022-06-20,2731.965087890625,3112.39990234375,3138.75,3069.0,3094.0,1502769,TCS,TCS.NS
2022-06-21,2819.346435546875,3211.949951171875,3237.75,3125.39990234375,3130.0,2964461,TCS,TCS.NS
2022-06-22,2829.001708984375,3222.949951171875,3250.550048828125,3183.0,3199.89990234375,3336315,TCS,TCS.NS
2022-06-23,2904.3583984375,3308.800048828125,3318.0,3222.949951171875,3222.949951171875,3692578,TCS,TCS.NS
2022-06-24,2890.5771484375,3293.10009765625,3345.0,3277.5,3339.0,2132118,TCS,TCS.NS
2022-06-27,2909.537353515625,3314.699951171875,3362.89990234375,3306.5,3350.0,2037686,TCS,TCS.NS
2022-06-28,2912.565673828125,3318.14990234375,3330.0,3272.60009765625,3307.0,1400046,TCS,TCS.NS
2022-06-29,2888.294677734375,3290.5,3333.0,3271.0,3271.0,2133994,TCS,TCS.NS
2022-06-30,2867.75537109375,3267.10009765625,3310.89990234375,3255.0,3272.0,2719603,TCS,TCS.NS
2022-07-01,2909.888427734375,3315.10009765625,3333.0,3252.050048828125,3260.0,1502879,TCS,TCS.NS
2022-07-04,2839.623046875,3235.050048828125,3317.949951171875,3225.050048828125,3312.0,2622535,TCS,TCS.NS
2022-07-05,2823.164794921875,3216.300048828125,3272.0,3206.949951171875,3255.0,2170627,TCS,TCS.NS
2022-07-06,2862.181396484375,3260.75,3268.5,3202.25,3218.5,2182144,TCS,TCS.NS
2022-07-07,2885.968994140625,3287.85009765625,3319.39990234375,3265.050048828125,3271.0,1989921,TCS,TCS.NS
2022-07-08,2866.306884765625,3265.449951171875,3305.0,3250.0,3300.0,2136916,TCS,TCS.NS
2022-07-11,2733.193603515625,3113.800048828125,3225.0,3106.0,3206.14990234375,6974600,TCS,TCS.NS
2022-07-12,2707.650146484375,3084.699951171875,3136.199951171875,3080.25,3114.89990234375,3734815,TCS,TCS.NS
2022-07-13,2667.31689453125,3038.75,3110.0,3035.0,3104.0,3863530,TCS,TCS.NS
2022-07-14,2639.154052734375,2998.75,3057.0,2967.0,3056.0,4764908,TCS,TCS.NS
2022-07-15,2635.501953125,2994.60009765625,3028.89990234375,2953.0,3018.550048828125,4574806,TCS,TCS.NS
2022-07-18,2696.139892578125,3063.5,3076.949951171875,3014.300048828125,3023.0,3202795,TCS,TCS.NS
2022-07-19,2705.60107421875,3074.25,3078.949951171875,3030.050048828125,3030.050048828125,1865074,TCS,TCS.NS
2022-07-20,2785.29248046875,3164.800048828125,3171.949951171875,3098.050048828125,3107.800048828125,3402251,TCS,TCS.NS
2022-07-21,2796.293701171875,3177.300048828125,3184.0,3144.050048828125,3167.0,2420640,TCS,TCS.NS
2022-07-22,2790.749267578125,3171.0,3197.0,3143.5,3185.0,2075886,TCS,TCS.NS
2022-07-25,2787.008544921875,3166.75,3186.449951171875,3149.10009765625,3165.0,1797504,TCS,TCS.NS
2022-07-26,2742.256591796875,3115.89990234375,3168.89990234375,3096.5,3164.699951171875,2639367,TCS,TCS.NS
2022-07-27,2806.458984375,3188.85009765625,3194.10009765625,3110.0,3115.0,1389808,TCS,TCS.NS
2022-07-28,2869.516357421875,3260.5,3264.0,3201.64990234375,3216.0,2106333,TCS,TCS.NS
2022-07-29,2905.951904296875,3301.89990234375,3317.300048828125,3275.0,3290.0,2430257,TCS,TCS.NS
2022-08-01,2903.224365234375,3298.800048828125,3327.0,3271.0,3327.0,1306913,TCS,TCS.NS
2022-08-02,2897.06298828125,3291.800048828125,3312.89990234375,3271.64990234375,3290.0,1269114,TCS,TCS.NS
2022-08-03,2939.043212890625,3339.5,3349.0,3277.050048828125,3280.0,2895824,TCS,TCS.NS
2022-08-04,2952.640625,3354.949951171875,3387.89990234375,3307.35009765625,3350.0,2150567,TCS,TCS.NS
2022-08-05,2961.52978515625,3365.050048828125,3377.0,3355.0,3361.199951171875,1106933,TCS,TCS.NS
2022-08-08,2969.802490234375,3374.449951171875,3378.89990234375,3336.0,3365.0,1068836,TCS,TCS.NS
2022-08-10,2952.024658203125,3354.25,3385.0,3335.0,3385.0,1878359,TCS,TCS.NS
2022-08-11,3012.09033203125,3422.5,3428.699951171875,3375.050048828125,3400.0,1449248,TCS,TCS.NS
2022-08-12,2993.652587890625,3401.550048828125,3419.0,3381.25,3419.0,1472354,TCS,TCS.NS
2022-08-16,2985.863525390625,3392.699951171875,3414.85009765625,3387.5,3411.0,839942,TCS,TCS.NS
2022-08-17,2993.257080078125,3401.10009765625,3417.949951171875,3371.10009765625,3385.10009765625,1622326,TCS,TCS.NS
2022-08-18,2975.78662109375,3381.25,3392.0,3362.0,3390.0,1430659,TCS,TCS.NS
2022-08-19,2979.747314453125,3385.75,3421.5,3371.25,3387.0,1398410,TCS,TCS.NS
2022-08-22,2952.288818359375,3354.550048828125,3384.10009765625,3347.39990234375,3365.0,1536532,TCS,TCS.NS
2022-08-23,2890.726806640625,3284.60009765625,3341.89990234375,3270.0,3319.949951171875,1849256,TCS,TCS.NS
2022-08-24,2864.98388671875,3255.35009765625,3308.0,3250.199951171875,3292.0,1691923,TCS,TCS.NS
2022-08-25,2832.2890625,3218.199951171875,3278.14990234375,3214.75,3276.0,1946930,TCS,TCS.NS
2022-08-26,2835.8095703125,3222.199951171875,3257.0,3216.800048828125,3234.300048828125,1457962,TCS,TCS.NS
2022-08-29,2756.9091796875,3132.550048828125,3142.699951171875,3081.0,3125.0,2539173,TCS,TCS.NS
2022-08-30,2826.084716796875,3211.14990234375,3226.5,3142.10009765625,3155.0,3431525,TCS,TCS.NS
2022-09-01,2756.161376953125,3131.699951171875,3190.0,3121.0,3190.0,3546935,TCS,TCS.NS
2022-09-02,2755.017333984375,3130.39990234375,3163.0,3120.300048828125,3163.0,2052900,TCS,TCS.NS
2022-09-05,2757.6572265625,3133.39990234375,3147.949951171875,3112.25,3123.64990234375,2147912,TCS,TCS.NS
2022-09-06,2752.069091796875,3127.050048828125,3140.85009765625,3106.35009765625,3135.5,1936453,TCS,TCS.NS
2022-09-07,2771.91552734375,3149.60009765625,3161.89990234375,3102.0,3102.0,1291534,TCS,TCS.NS
2022-09-08,2789.560791015625,3169.64990234375,3183.5,3160.10009765625,3170.0,1346113,TCS,TCS.NS
2022-09-09,2831.804931640625,3217.64990234375,3233.5,3168.5,3195.0,1561185,TCS,TCS.NS
2022-09-12,2854.07177734375,3242.949951171875,3269.800048828125,3225.0,3239.89990234375,1785928,TCS,TCS.NS
2022-09-13,2842.102294921875,3229.35009765625,3263.449951171875,3225.0,3263.449951171875,1972678,TCS,TCS.NS
2022-09-14,2746.217041015625,3120.39990234375,3141.39990234375,3113.800048828125,3135.0,5090269,TCS,TCS.NS
2022-09-15,2732.09130859375,3104.35009765625,3137.75,3100.0,3130.0,2138023,TCS,TCS.NS
2022-09-16,2647.911376953125,3008.699951171875,3094.35009765625,3000.0,3076.0,5322221,TCS,TCS.NS
2022-09-19,2665.60107421875,3028.800048828125,3042.0,2987.800048828125,3036.0,2072220,TCS,TCS.NS
2022-09-20,2675.72216796875,3040.300048828125,3079.949951171875,3030.0,3050.0,1544295,TCS,TCS.NS
2022-09-21,2641.310546875,3001.199951171875,3041.39990234375,2998.14990234375,3028.0,2253818,TCS,TCS.NS
2022-09-22,2646.76708984375,3007.39990234375,3029.949951171875,2979.300048828125,2990.0,2017983,TCS,TCS.NS
2022-09-23,2624.45703125,2982.050048828125,3022.5,2979.0,3004.0,2652374,TCS,TCS.NS
2022-09-26,2635.326171875,2994.39990234375,3025.85009765625,2926.10009765625,2959.85009765625,2925489,TCS,TCS.NS
2022-09-27,2655.61181640625,3017.449951171875,3025.0,2976.0,3009.39990234375,2227447,TCS,TCS.NS
2022-09-28,2671.629150390625,3035.64990234375,3049.949951171875,2980.0,2980.0,2739767,TCS,TCS.NS
2022-09-29,2637.8779296875,2997.300048828125,3055.85009765625,2990.0,3054.0,2493902,TCS,TCS.NS
2022-09-30,2644.259033203125,3004.550048828125,3019.699951171875,2950.10009765625,2990.85009765625,2817353,TCS,TCS.NS
2022-10-03,2627.009033203125,2984.949951171875,3020.699951171875,2974.0,2995.0,1763331,TCS,TCS.NS
2022-10-04,2720.473876953125,3091.14990234375,3098.0,3023.0,3029.949951171875,2145875,TCS,TCS.NS
2022-10-06,2729.979248046875,3101.949951171875,3124.0,3092.449951171875,3111.0,1790816,TCS,TCS.NS
2022-10-07,2697.37158203125,3064.89990234375,3105.0,3058.10009765625,3097.39990234375,1939879,TCS,TCS.NS
2022-10-10,2744.5888671875,3118.550048828125,3127.0,3005.0,3010.0,3064063,TCS,TCS.NS
2022-10-11,2701.464111328125,3069.550048828125,3145.0,3053.35009765625,3100.0,4730645,TCS,TCS.NS
2022-10-12,2728.9228515625,3100.75,3109.89990234375,3062.050048828125,3084.89990234375,1665247,TCS,TCS.NS
2022-10-13,2731.16748046875,3103.300048828125,3110.0,3052.35009765625,3100.75,2054781,TCS,TCS.NS
2022-10-14,2727.5146484375,3099.14990234375,3150.0,3071.0,3145.0,2245977,TCS,TCS.NS
2022-10-17,2745.691650390625,3111.75,3128.39990234375,3071.449951171875,3072.64990234375,1517005,TCS,TCS.NS
2022-10-18,2774.76513671875,3144.699951171875,3155.35009765625,3128.550048828125,3150.0,1793722,TCS,TCS.NS
2022-10-19,2754.603515625,3121.85009765625,3159.0,3112.0,3159.0,1194289,TCS,TCS.NS
2022-10-20,2785.88330078125,3157.300048828125,3160.0,3105.0,3105.0,1587601,TCS,TCS.NS
2022-10-21,2768.32421875,3137.39990234375,3160.39990234375,3127.0,3157.800048828125,1021913,TCS,TCS.NS
2022-10-24,2789.765380859375,3161.699951171875,3178.0,3155.0,3170.10009765625,260949,TCS,TCS.NS
2022-10-25,2790.11865234375,3162.10009765625,3184.25,3151.14990234375,3180.5,2069643,TCS,TCS.NS
2022-10-27,2785.97119140625,3157.39990234375,3174.0,3134.35009765625,3160.699951171875,2438421,TCS,TCS.NS
2022-10-28,2791.1337890625,3163.25,3178.5,3145.0,3150.0,1355739,TCS,TCS.NS
2022-10-31,2817.515869140625,3193.14990234375,3199.0,3177.800048828125,3199.0,1919414,TCS,TCS.NS
2022-11-01,2876.23681640625,3259.699951171875,3262.60009765625,3203.449951171875,3214.5,2991060,TCS,TCS.NS
2022-11-02,2860.354248046875,3241.699951171875,3270.0,3222.050048828125,3270.0,1405955,TCS,TCS.NS
2022-11-03,2829.515869140625,3206.75,3228.050048828125,3195.0,3228.050048828125,1422652,TCS,TCS.NS
2022-11-04,2838.9130859375,3217.39990234375,3220.050048828125,3166.14990234375,3217.0,1464013,TCS,TCS.NS
2022-11-07,2853.29541015625,3233.699951171875,3242.800048828125,3195.10009765625,3229.0,1474498,TCS,TCS.NS
2022-11-09,2837.72216796875,3216.050048828125,3249.800048828125,3201.64990234375,3249.800048828125,1162267,TCS,TCS.NS
2022-11-10,2828.545654296875,3205.64990234375,3225.0,3170.0,3170.0,1573092,TCS,TCS.NS
2022-11-11,2925.8701171875,3315.949951171875,3341.60009765625,3255.050048828125,3269.60009765625,3265394,TCS,TCS.NS
2022-11-14,2943.120849609375,3335.5,3349.0,3309.0,3324.0,1342074,TCS,TCS.NS
2022-11-15,2940.5615234375,3332.60009765625,3339.949951171875,3292.0,3321.0,1400708,TCS,TCS.NS
2022-11-16,2960.635009765625,3355.35009765625,3367.89990234375,3321.449951171875,3338.89990234375,1748235,TCS,TCS.NS
2022-11-17,2955.0322265625,3349.0,3360.0,3317.75,3340.0,1417986,TCS,TCS.NS
2022-11-18,2950.134521484375,3343.449951171875,3362.75,3321.0,3350.0,1164540,TCS,TCS.NS
2022-11-21,2897.2373046875,3283.5,3333.699951171875,3273.0,3322.5,1304194,TCS,TCS.NS
2022-11-22,2924.98779296875,3314.949951171875,3318.949951171875,3255.25,3280.0,1149739,TCS,TCS.NS
2022-11-23,2919.119873046875,3308.300048828125,3330.0,3291.0,3330.0,1150011,TCS,TCS.NS
2022-11-24,2982.517822265625,3380.14990234375,3392.949951171875,3308.300048828125,3316.25,1296591,TCS,TCS.NS
2022-11-25,2990.900146484375,3389.64990234375,3403.35009765625,3348.0,3383.0,1588981,TCS,TCS.NS
2022-11-28,2995.84130859375,3395.25,3417.0,3365.550048828125,3366.0,2195437,TCS,TCS.NS
2022-11-29,2997.6943359375,3397.35009765625,3429.0,3383.0,3383.0,1576028,TCS,TCS.NS
2022-11-30,2991.914794921875,3390.800048828125,3414.89990234375,3375.0,3383.0,3410702,TCS,TCS.NS
2022-12-01,3066.78369140625,3475.64990234375,3480.0,3420.0,3425.0,2180856,TCS,TCS.NS
2022-12-02,3034.5771484375,3439.14990234375,3468.89990234375,3413.0,3458.10009765625,2411749,TCS,TCS.NS
2022-12-05,3022.885986328125,3425.89990234375,3439.14990234375,3407.0,3433.0,1475065,TCS,TCS.NS
2022-12-06,2987.10595703125,3385.35009765625,3407.949951171875,3368.0,3400.050048828125,1166999,TCS,TCS.NS
2022-12-07,2982.914794921875,3380.60009765625,3393.699951171875,3354.0,3368.300048828125,1167505,TCS,TCS.NS
2022-12-08,2956.399658203125,3350.550048828125,3380.60009765625,3339.449951171875,3360.0,1285619,TCS,TCS.NS
2022-12-09,2905.399169921875,3292.75,3374.10009765625,3276.35009765625,3374.10009765625,1797896,TCS,TCS.NS
2022-12-12,2899.8408203125,3286.449951171875,3296.0,3236.10009765625,3255.5,1527610,TCS,TCS.NS
2022-12-13,2940.119873046875,3332.10009765625,3336.449951171875,3267.800048828125,3277.199951171875,1378016,TCS,TCS.NS
2022-12-14,2969.458740234375,3365.35009765625,3377.0,3340.89990234375,3348.800048828125,1213311,TCS,TCS.NS
2022-12-15,2916.29638671875,3305.10009765625,3364.75,3298.949951171875,3358.800048828125,1415694,TCS,TCS.NS
2022-12-16,2859.0751953125,3240.25,3292.0,3225.199951171875,3275.0,2703680,TCS,TCS.NS
2022-12-19,2825.369140625,3202.050048828125,3245.5,3194.5,3227.0,2120965,TCS,TCS.NS
2022-12-20,2862.33984375,3243.949951171875,3249.0,3163.64990234375,3198.89990234375,1529971,TCS,TCS.NS
2022-12-21,2884.04638671875,3268.550048828125,3283.050048828125,3240.0,3249.0,1432566,TCS,TCS.NS
2022-12-22,2876.23681640625,3259.699951171875,3294.0,3245.10009765625,3294.0,1384101,TCS,TCS.NS
2022-12-23,2848.575439453125,3228.35009765625,3266.85009765625,3217.0,3217.0,1360281,TCS,TCS.NS
2022-12-26,2870.237060546875,3252.89990234375,3272.0,3225.050048828125,3228.35009765625,870157,TCS,TCS.NS
2022-12-27,2876.060791015625,3259.5,3273.800048828125,3231.5,3269.199951171875,835883,TCS,TCS.NS
2022-12-28,2873.942626953125,3257.10009765625,3266.10009765625,3226.0,3249.800048828125,910795,TCS,TCS.NS
2022-12-29,2884.222412109375,3268.75,3271.5,3228.0,3231.10009765625,1037927,TCS,TCS.NS
2022-12-30,2873.589599609375,3256.699951171875,3299.0,3246.199951171875,3286.050048828125,1163131,TCS,TCS.NS
2023-01-02,2877.781494140625,3261.449951171875,3266.85009765625,3235.199951171875,3261.0,709547,TCS,TCS.NS
2023-01-03,2921.811767578125,3311.35009765625,3320.0,3245.300048828125,3252.0,1245178,TCS,TCS.NS
2023-01-04,2924.722900390625,3314.64990234375,3327.35009765625,3286.199951171875,3306.699951171875,1231668,TCS,TCS.NS
2023-01-05,2921.58984375,3311.10009765625,3337.300048828125,3281.949951171875,3330.199951171875,1826057,TCS,TCS.NS
2023-01-06,2833.751953125,3211.550048828125,3301.550048828125,3200.0,3300.0,2488376,TCS,TCS.NS
2023-01-09,2929.3994140625,3319.949951171875,3327.0,3221.14990234375,3229.0,2885060,TCS,TCS.NS
2023-01-10,2899.7958984375,3286.39990234375,3298.0,3230.10009765625,3285.0,3864655,TCS,TCS.NS
2023-01-11,2937.1201171875,3328.699951171875,3349.5,3271.14990234375,3290.10009765625,2720512,TCS,TCS.NS
2023-01-12,2942.10546875,3334.35009765625,3350.0,3315.550048828125,3329.0,2250391,TCS,TCS.NS
2023-01-13,2977.576904296875,3374.550048828125,3379.0,3305.0,3342.89990234375,1742837,TCS,TCS.NS
2023-01-16,3008.7099609375,3334.050048828125,3353.0,3298.050048828125,3317.0,1843607,TCS,TCS.NS
2023-01-17,3048.73193359375,3378.39990234375,3381.800048828125,3321.0,3330.0,1688475,TCS,TCS.NS
2023-01-18,3059.200439453125,3390.0,3408.949951171875,3372.25,3380.0,2421189,TCS,TCS.NS
2023-01-19,3043.94921875,3373.10009765625,3387.0,3361.0,3380.0,1585044,TCS,TCS.NS
2023-01-20,3034.92529296875,3363.10009765625,3394.64990234375,3355.60009765625,3365.0,1529349,TCS,TCS.NS
2023-01-23,3081.670166015625,3414.89990234375,3419.0,3355.60009765625,3388.0,1067916,TCS,TCS.NS
2023-01-24,3100.982177734375,3436.300048828125,3451.949951171875,3417.300048828125,3425.0,1387863,TCS,TCS.NS
2023-01-25,3095.07177734375,3429.75,3435.0,3405.0,3425.300048828125,874110,TCS,TCS.NS
2023-01-27,3078.1962890625,3411.050048828125,3446.0,3382.300048828125,3426.0,1785879,TCS,TCS.NS
2023-01-30,3098.5908203125,3433.64990234375,3458.449951171875,3385.550048828125,3420.0,1953798,TCS,TCS.NS
2023-01-31,3030.954345703125,3358.699951171875,3449.0,3351.0,3449.0,2820375,TCS,TCS.NS
2023-02-01,3075.759765625,3408.35009765625,3419.0,3355.0,3363.0,2205161,TCS,TCS.NS
2023-02-02,3122.73046875,3460.39990234375,3469.0,3420.10009765625,3427.0,1813847,TCS,TCS.NS
2023-02-03,3142.493896484375,3482.300048828125,3504.0,3452.89990234375,3504.0,1804469,TCS,TCS.NS
2023-02-06,3122.32421875,3459.949951171875,3473.14990234375,3436.85009765625,3473.14990234375,1138714,TCS,TCS.NS
2023-02-07,3133.6953125,3472.550048828125,3493.0,3461.39990234375,3468.89990234375,1455647,TCS,TCS.NS
2023-02-08,3176.605224609375,3520.10009765625,3539.89990234375,3478.050048828125,3478.050048828125,1986946,TCS,TCS.NS
2023-02-09,3195.33056640625,3540.85009765625,3547.60009765625,3505.300048828125,3515.0,1655427,TCS,TCS.NS
2023-02-10,3192.35205078125,3537.550048828125,3542.35009765625,3508.14990234375,3520.0,1187821,TCS,TCS.NS
2023-02-13,3142.583740234375,3482.39990234375,3549.0,3473.39990234375,3549.0,1087939,TCS,TCS.NS
2023-02-14,3158.556884765625,3500.10009765625,3524.85009765625,3495.0,3505.0,1579818,TCS,TCS.NS
2023-02-15,3177.10107421875,3520.64990234375,3526.0,3460.14990234375,3487.0,1429449,TCS,TCS.NS
2023-02-16,3210.851806640625,3558.050048828125,3575.0,3527.0,3527.199951171875,1618931,TCS,TCS.NS
2023-02-17,3159.50390625,3501.14990234375,3538.89990234375,3490.0,3526.14990234375,1061369,TCS,TCS.NS
2023-02-20,3147.00537109375,3487.300048828125,3522.0,3475.050048828125,3502.0,1296082,TCS,TCS.NS
2023-02-21,3114.24755859375,3451.0,3508.89990234375,3444.75,3494.0,1139541,TCS,TCS.NS
2023-02-22,3069.623291015625,3401.550048828125,3447.0,3395.0,3414.949951171875,1218430,TCS,TCS.NS
2023-02-23,3080.677734375,3413.800048828125,3452.39990234375,3408.0,3421.0,1441570,TCS,TCS.NS
2023-02-24,3068.630859375,3400.449951171875,3433.949951171875,3382.300048828125,3422.5,977592,TCS,TCS.NS
2023-02-27,3006.724609375,3331.85009765625,3390.0,3316.0,3390.0,1128022,TCS,TCS.NS
2023-02-28,2989.5791015625,3312.85009765625,3392.0,3299.89990234375,3328.5,4116217,TCS,TCS.NS
2023-03-01,3055.31982421875,3385.699951171875,3389.0,3315.0,3323.0,1669307,TCS,TCS.NS
2023-03-02,2997.339599609375,3321.449951171875,3369.89990234375,3318.0,3361.0,1556538,TCS,TCS.NS
2023-03-03,3016.019775390625,3342.14990234375,3358.0,3331.10009765625,3354.0,1043190,TCS,TCS.NS
2023-03-06,3042.8212890625,3371.85009765625,3404.949951171875,3359.0,3361.89990234375,1334132,TCS,TCS.NS
2023-03-08,3059.561279296875,3390.39990234375,3396.0,3330.85009765625,3364.0,1844590,TCS,TCS.NS
2023-03-09,3011.237060546875,3336.85009765625,3385.0,3330.85009765625,3385.0,1648500,TCS,TCS.NS
2023-03-10,3005.957763671875,3331.0,3337.25,3290.0,3312.89990234375,1024404,TCS,TCS.NS
2023-03-13,2961.694091796875,3281.949951171875,3369.800048828125,3272.0,3333.0,1901233,TCS,TCS.NS
2023-03-14,2901.231689453125,3214.949951171875,3304.39990234375,3209.39990234375,3280.0,2670334,TCS,TCS.NS
2023-03-15,2886.748046875,3198.89990234375,3260.35009765625,3192.0,3250.0,1780522,TCS,TCS.NS
2023-03-16,2874.2041015625,3185.0,3219.800048828125,3172.0,3208.0,1901060,TCS,TCS.NS
2023-03-17,2869.060546875,3179.300048828125,3221.39990234375,3144.0,3150.5,6739966,TCS,TCS.NS
2023-03-20,2836.5732421875,3143.300048828125,3169.64990234375,3095.050048828125,3169.64990234375,2289468,TCS,TCS.NS
2023-03-21,2803.00341796875,3106.10009765625,3156.75,3097.449951171875,3143.300048828125,1815297,TCS,TCS.NS
2023-03-22,2825.292724609375,3130.800048828125,3143.5,3106.10009765625,3130.050048828125,1123939,TCS,TCS.NS
2023-03-23,2819.74365234375,3124.64990234375,3146.35009765625,3101.0,3114.89990234375,1372218,TCS,TCS.NS
2023-03-24,2815.998046875,3120.5,3170.0,3106.0,3148.89990234375,1329577,TCS,TCS.NS
2023-03-27,2817.623046875,3122.300048828125,3152.75,3106.0,3135.0,1524217,TCS,TCS.NS
2023-03-28,2811.84716796875,3115.89990234375,3149.550048828125,3110.14990234375,3127.0,1303530,TCS,TCS.NS
2023-03-29,2832.602783203125,3138.89990234375,3150.0,3104.10009765625,3129.0,1740616,TCS,TCS.NS
2023-03-31,2893.06494140625,3205.89990234375,3213.0,3152.0,3189.949951171875,2382581,TCS,TCS.NS
2023-04-03,2887.74072265625,3200.0,3224.949951171875,3173.75,3224.949951171875,1521830,TCS,TCS.NS
2023-04-05,2923.65673828125,3239.800048828125,3264.35009765625,3185.5,3185.5,2655065,TCS,TCS.NS
2023-04-06,2906.420654296875,3220.699951171875,3257.35009765625,3215.0,3225.0,1703464,TCS,TCS.NS
2023-04-10,2944.954345703125,3263.39990234375,3272.0,3215.0,3220.0,2203187,TCS,TCS.NS
2023-04-11,2900.194580078125,3213.800048828125,3272.949951171875,3192.14990234375,3264.0,2348779,TCS,TCS.NS
2023-04-12,2925.32666015625,3241.64990234375,3260.949951171875,3199.0,3227.949951171875,2417727,TCS,TCS.NS
2023-04-13,2877.678955078125,3188.85009765625,3230.0,3180.0,3210.0,4174070,TCS,TCS.NS
2023-04-17,2833.144775390625,3139.5,3163.39990234375,3070.25,3134.10009765625,5505048,TCS,TCS.NS
2023-04-18,2825.248291015625,3130.75,3156.85009765625,3110.60009765625,3154.949951171875,2617302,TCS,TCS.NS
2023-04-19,2788.114013671875,3089.60009765625,3140.0,3071.5,3130.75,3298034,TCS,TCS.NS
2023-04-20,2801.830322265625,3104.800048828125,3113.0,3078.0,3090.0,2419999,TCS,TCS.NS
2023-04-21,2852.410888671875,3160.85009765625,3164.449951171875,3100.800048828125,3110.0,1929184,TCS,TCS.NS
2023-04-24,2864.999755859375,3174.800048828125,3180.949951171875,3126.14990234375,3151.10009765625,1640676,TCS,TCS.NS
2023-04-25,2866.082763671875,3176.0,3191.199951171875,3147.5,3183.0,2024090,TCS,TCS.NS
2023-04-26,2886.071044921875,3198.14990234375,3208.39990234375,3181.0,3181.0,2000029,TCS,TCS.NS
2023-04-27,2876.86669921875,3187.949951171875,3199.199951171875,3170.64990234375,3185.0,2434446,TCS,TCS.NS
2023-04-28,2905.112548828125,3219.25,3227.25,3196.25,3200.39990234375,2931312,TCS,TCS.NS
2023-05-02,2905.247314453125,3219.39990234375,3235.0,3210.0,3235.0,2321159,TCS,TCS.NS
2023-05-03,2869.60205078125,3179.89990234375,3216.0,3173.14990234375,3216.0,2468285,TCS,TCS.NS
2023-05-04,2906.420654296875,3220.699951171875,3224.449951171875,3178.0,3180.14990234375,1953253,TCS,TCS.NS
2023-05-05,2915.444580078125,3230.699951171875,3244.0,3210.050048828125,3220.0,1710027,TCS,TCS.NS
2023-05-08,2933.403076171875,3250.60009765625,3254.85009765625,3231.300048828125,3245.0,928235,TCS,TCS.NS
2023-05-09,2962.86669921875,3283.25,3298.0,3246.0,3252.60009765625,1107375,TCS,TCS.NS
2023-05-10,2966.070556640625,3286.800048828125,3306.5,3266.050048828125,3290.0,1559987,TCS,TCS.NS
2023-05-11,2961.8740234375,3282.14990234375,3309.699951171875,3272.0,3309.0,1719623,TCS,TCS.NS
2023-05-12,2954.79052734375,3274.300048828125,3290.0,3260.0,3279.14990234375,1027479,TCS,TCS.NS
2023-05-15,2937.41845703125,3255.050048828125,3292.0,3248.35009765625,3284.0,1150390,TCS,TCS.NS
2023-05-16,2940.216064453125,3258.14990234375,3285.0,3250.449951171875,3256.199951171875,986306,TCS,TCS.NS
2023-05-17,2895.591552734375,3208.699951171875,3280.0,3198.25,3255.949951171875,1588815,TCS,TCS.NS
2023-05-18,2887.605712890625,3199.85009765625,3228.949951171875,3195.0,3225.949951171875,1369364,TCS,TCS.NS
2023-05-19,2908.361083984375,3222.85009765625,3234.5,3203.050048828125,3210.0,1152449,TCS,TCS.NS
2023-05-22,2976.809326171875,3298.699951171875,3308.449951171875,3217.050048828125,3230.0,1333243,TCS,TCS.NS
2023-05-23,2975.320556640625,3297.050048828125,3327.949951171875,3290.10009765625,3306.0,1687418,TCS,TCS.NS
2023-05-24,2981.005859375,3303.35009765625,3317.199951171875,3276.0,3276.0,1016555,TCS,TCS.NS
2023-05-25,2972.116455078125,3293.5,3306.0,3267.10009765625,3294.0,1374917,TCS,TCS.NS
2023-05-26,3004.06201171875,3328.89990234375,3338.64990234375,3291.0,3293.5,1791115,TCS,TCS.NS
2023-05-29,2996.34716796875,3320.35009765625,3372.0,3312.0,3360.800048828125,1210372,TCS,TCS.NS
2023-05-30,2992.601806640625,3316.199951171875,3326.949951171875,3301.35009765625,3315.0,1344224,TCS,TCS.NS
2023-05-31,2968.50732421875,3289.5,3327.699951171875,3265.14990234375,3309.0,5815424,TCS,TCS.NS
2023-06-01,2999.640869140625,3324.0,3340.0,3297.5,3314.0,1177314,TCS,TCS.NS
2023-06-02,2983.036376953125,3305.60009765625,3335.89990234375,3297.449951171875,3326.25,2030661,TCS,TCS.NS
2023-06-05,2967.965576171875,3288.89990234375,3327.0,3285.050048828125,3315.0,1861468,TCS,TCS.NS
2023-06-06,2916.888671875,3232.300048828125,3288.85009765625,3220.60009765625,3280.0,2022849,TCS,TCS.NS
2023-06-07,2955.33203125,3274.89990234375,3278.85009765625,3241.0,3253.0,1567196,TCS,TCS.NS
2023-06-08,2920.6337890625,3236.449951171875,3270.0,3233.0,3261.0,1759366,TCS,TCS.NS
2023-06-09,2896.133056640625,3209.300048828125,3250.0,3205.35009765625,3245.0,1775689,TCS,TCS.NS
2023-06-12,2930.06396484375,3246.89990234375,3254.39990234375,3211.0,3215.0,2324605,TCS,TCS.NS
2023-06-13,2927.1767578125,3243.699951171875,3265.0,3239.0,3260.0,1371928,TCS,TCS.NS
2023-06-14,2933.809326171875,3251.050048828125,3255.85009765625,3225.85009765625,3243.699951171875,1658544,TCS,TCS.NS
2023-06-15,2924.0361328125,3216.300048828125,3247.449951171875,3210.0,3245.300048828125,2273810,TCS,TCS.NS
2023-06-16,2886.39794921875,3174.89990234375,3199.39990234375,3156.0,3197.0,4156189,TCS,TCS.NS
2023-06-19,2918.672119140625,3210.39990234375,3214.89990234375,3175.0,3190.0,1468186,TCS,TCS.NS
2023-06-20,2934.400390625,3227.699951171875,3232.5,3201.050048828125,3214.0,1528452,TCS,TCS.NS
2023-06-21,2962.12890625,3258.199951171875,3261.39990234375,3223.949951171875,3250.0,1645987,TCS,TCS.NS
2023-06-22,2944.21875,3238.5,3267.64990234375,3230.10009765625,3260.0,1529603,TCS,TCS.NS
2023-06-23,2924.081787109375,3216.35009765625,3249.39990234375,3209.14990234375,3237.300048828125,1119505,TCS,TCS.NS
2023-06-26,2899.8076171875,3189.64990234375,3213.89990234375,3173.0,3205.0,1978803,TCS,TCS.NS
2023-06-27,2906.80810546875,3197.35009765625,3209.64990234375,3182.300048828125,3202.0,863542,TCS,TCS.NS
2023-06-28,2923.26318359375,3215.449951171875,3230.949951171875,3193.39990234375,3208.0,1575872,TCS,TCS.NS
2023-06-30,3002.17626953125,3302.25,3310.0,3214.10009765625,3220.0,2672406,TCS,TCS.NS
2023-07-03,2974.947265625,3272.300048828125,3318.800048828125,3268.75,3314.300048828125,1687264,TCS,TCS.NS
2023-07-04,3008.17626953125,3308.85009765625,3315.0,3277.300048828125,3290.0,1656681,TCS,TCS.NS
2023-07-05,3018.26708984375,3319.949951171875,3329.0,3305.0,3320.0,1453008,TCS,TCS.NS
2023-07-06,3020.94921875,3322.89990234375,3328.449951171875,3302.0,3306.550048828125,1848238,TCS,TCS.NS
2023-07-07,3026.722412109375,3329.25,3356.89990234375,3302.0,3302.0,1789326,TCS,TCS.NS
2023-07-10,2974.62939453125,3271.949951171875,3324.75,3265.199951171875,3324.75,1407431,TCS,TCS.NS
2023-07-11,2975.037841796875,3272.39990234375,3295.0,3260.800048828125,3295.0,1110172,TCS,TCS.NS
2023-07-12,2963.674072265625,3259.89990234375,3289.14990234375,3250.10009765625,3280.949951171875,1515240,TCS,TCS.NS
2023-07-13,3036.9951171875,3340.550048828125,3367.449951171875,3272.75,3284.0,4585146,TCS,TCS.NS
2023-07-14,3195.274658203125,3514.64990234375,3524.85009765625,3352.0,3365.0,6306101,TCS,TCS.NS
2023-07-17,3174.41015625,3491.699951171875,3549.89990234375,3477.050048828125,3510.0,2743228,TCS,TCS.NS
2023-07-18,3179.092529296875,3496.85009765625,3524.0,3465.0,3476.0,2600090,TCS,TCS.NS
2023-07-19,3154.7275390625,3470.050048828125,3516.85009765625,3445.64990234375,3500.0,2405370,TCS,TCS.NS
2023-07-20,3156.779296875,3463.300048828125,3478.89990234375,3436.050048828125,3453.10009765625,1715404,TCS,TCS.NS
2023-07-21,3070.186767578125,3368.300048828125,3434.89990234375,3359.050048828125,3404.050048828125,3770223,TCS,TCS.NS
2023-07-24,3094.2958984375,3394.75,3413.449951171875,3372.10009765625,3381.0,1680132,TCS,TCS.NS
2023-07-25,3098.306640625,3399.14990234375,3406.800048828125,3380.199951171875,3397.5,1272980,TCS,TCS.NS
2023-07-26,3088.41650390625,3388.300048828125,3420.85009765625,3385.0,3400.35009765625,1066803,TCS,TCS.NS
2023-07-27,3096.25537109375,3396.89990234375,3411.64990234375,3385.050048828125,3394.949951171875,1701769,TCS,TCS.NS
2023-07-28,3058.428466796875,3355.39990234375,3393.699951171875,3331.0,3385.0,2599831,TCS,TCS.NS
2023-07-31,3118.632568359375,3421.449951171875,3426.64990234375,3360.89990234375,3364.39990234375,2743678,TCS,TCS.NS
2023-08-01,3146.524658203125,3452.050048828125,3460.0,3415.0,3415.0,1956167,TCS,TCS.NS
2023-08-02,3136.133544921875,3440.64990234375,3446.39990234375,3413.60009765625,3434.949951171875,1914899,TCS,TCS.NS
2023-08-03,3099.035400390625,3399.949951171875,3433.25,3368.0,3420.0,2026351,TCS,TCS.NS
2023-08-04,3138.776611328125,3443.550048828125,3471.0,3401.25,3401.25,2248493,TCS,TCS.NS
2023-08-07,3175.69189453125,3484.050048828125,3488.0,3441.25,3453.949951171875,1853889,TCS,TCS.NS
2023-08-08,3163.4326171875,3470.60009765625,3489.949951171875,3456.60009765625,3484.050048828125,1634225,TCS,TCS.NS
2023-08-09,3156.0498046875,3462.5,3467.0,3425.050048828125,3464.89990234375,1794589,TCS,TCS.NS
2023-08-10,3137.455322265625,3442.10009765625,3464.89990234375,3430.050048828125,3450.0,1096701,TCS,TCS.NS
2023-08-11,3143.562255859375,3448.800048828125,3466.64990234375,3414.0,3438.10009765625,1679974,TCS,TCS.NS
2023-08-14,3144.519287109375,3449.85009765625,3455.0,3411.0,3440.699951171875,1190425,TCS,TCS.NS
2023-08-16,3152.312255859375,3458.39990234375,3466.0,3435.199951171875,3450.0,1328445,TCS,TCS.NS
2023-08-17,3131.6669921875,3435.75,3460.800048828125,3413.199951171875,3455.0,1843241,TCS,TCS.NS
2023-08-18,3069.0927734375,3367.10009765625,3410.0,3356.5,3410.0,2526749,TCS,TCS.NS
2023-08-21,3100.585205078125,3401.64990234375,3409.75,3372.0,3375.0,1375579,TCS,TCS.NS
2023-08-22,3082.810546875,3382.14990234375,3411.0,3365.050048828125,3400.0,1222012,TCS,TCS.NS
2023-08-23,3097.48583984375,3398.25,3402.0,3376.0,3388.0,1330046,TCS,TCS.NS
2023-08-24,3087.915283203125,3387.75,3413.050048828125,3378.10009765625,3408.0,1152881,TCS,TCS.NS
2023-08-25,3082.036376953125,3381.300048828125,3385.800048828125,3350.25,3375.0,1158046,TCS,TCS.NS
2023-08-28,3076.795166015625,3375.550048828125,3394.0,3360.10009765625,3394.0,1037485,TCS,TCS.NS
2023-08-29,3077.341796875,3376.14990234375,3389.550048828125,3365.0,3381.050048828125,944517,TCS,TCS.NS
2023-08-30,3090.832275390625,3390.949951171875,3408.10009765625,3383.050048828125,3398.0,1188200,TCS,TCS.NS
2023-08-31,3059.70458984375,3356.800048828125,3417.39990234375,3343.64990234375,3401.0,3417652,TCS,TCS.NS
2023-09-01,3080.121826171875,3379.199951171875,3389.0,3356.800048828125,3366.0,1277950,TCS,TCS.NS
2023-09-04,3115.943603515625,3418.5,3432.85009765625,3370.050048828125,3378.0,1828332,TCS,TCS.NS
2023-09-05,3125.833984375,3429.35009765625,3447.0,3405.14990234375,3420.0,1501842,TCS,TCS.NS
2023-09-06,3126.335205078125,3429.89990234375,3443.89990234375,3398.10009765625,3434.0,1314818,TCS,TCS.NS
2023-09-07,3149.441162109375,3455.25,3460.0,3422.300048828125,3430.800048828125,1885092,TCS,TCS.NS
2023-09-08,3137.272705078125,3441.89990234375,3465.0,3435.050048828125,3455.25,1518917,TCS,TCS.NS
2023-09-11,3172.593017578125,3480.64990234375,3485.699951171875,3445.0,3462.0,1783604,TCS,TCS.NS
2023-09-12,3263.87890625,3580.800048828125,3589.89990234375,3483.0,3492.0,4476016,TCS,TCS.NS
2023-09-13,3252.07568359375,3567.85009765625,3588.85009765625,3545.0,3571.10009765625,1754929,TCS,TCS.NS
2023-09-14,3244.966064453125,3560.050048828125,3597.699951171875,3545.60009765625,3570.050048828125,2604721,TCS,TCS.NS
2023-09-15,3279.830322265625,3598.300048828125,3607.35009765625,3562.449951171875,3567.85009765625,2952897,TCS,TCS.NS
2023-09-18,3286.98583984375,3606.14990234375,3619.300048828125,3575.25,3580.050048828125,1395753,TCS,TCS.NS
2023-09-20,3286.894775390625,3606.050048828125,3625.0,3580.0,3580.0,1649396,TCS,TCS.NS
2023-09-21,3267.981201171875,3585.300048828125,3605.0,3528.0,3588.550048828125,2004073,TCS,TCS.NS
2023-09-22,3284.70703125,3603.64990234375,3633.75,3565.050048828125,3584.0,1989083,TCS,TCS.NS
2023-09-25,3260.552490234375,3577.14990234375,3620.0,3558.64990234375,3602.5,1238778,TCS,TCS.NS
2023-09-26,3268.345458984375,3585.699951171875,3594.949951171875,3536.0,3567.60009765625,1726062,TCS,TCS.NS
2023-09-27,3271.626953125,3589.300048828125,3614.0,3555.699951171875,3590.0,1541134,TCS,TCS.NS
2023-09-28,3223.72802734375,3536.75,3602.800048828125,3527.35009765625,3600.0,1755753,TCS,TCS.NS
2023-09-29,3216.299072265625,3528.60009765625,3568.449951171875,3505.550048828125,3537.199951171875,2243791,TCS,TCS.NS
2023-10-03,3202.855224609375,3513.85009765625,3534.199951171875,3480.10009765625,3534.199951171875,1948148,TCS,TCS.NS
2023-10-04,3224.639404296875,3537.75,3548.0,3477.300048828125,3486.300048828125,1788138,TCS,TCS.NS
2023-10-05,3271.672607421875,3589.35009765625,3624.0,3551.199951171875,3554.0,2990768,TCS,TCS.NS
2023-10-06,3300.88623046875,3621.39990234375,3634.949951171875,3575.050048828125,3591.0,2075691,TCS,TCS.NS
2023-10-09,3316.3359375,3638.35009765625,3679.0,3631.0,3645.050048828125,4233074,TCS,TCS.NS
2023-10-10,3307.721923828125,3628.89990234375,3648.0,3601.35009765625,3640.050048828125,1848148,TCS,TCS.NS
2023-10-11,3290.40380859375,3609.89990234375,3650.0,3605.0,3650.0,2426417,TCS,TCS.NS
2023-10-12,3229.01513671875,3542.550048828125,3588.64990234375,3538.10009765625,3575.0,4241281,TCS,TCS.NS
2023-10-13,3254.810302734375,3570.85009765625,3577.0,3525.0,3530.0,2890357,TCS,TCS.NS
2023-10-16,3212.15234375,3524.050048828125,3574.64990234375,3519.10009765625,3566.0,1671104,TCS,TCS.NS
2023-10-17,3196.656982421875,3507.050048828125,3534.14990234375,3503.35009765625,3530.0,1672065,TCS,TCS.NS
2023-10-18,3178.60888671875,3487.25,3522.699951171875,3484.0,3511.0,1408245,TCS,TCS.NS
2023-10-19,3157.95556640625,3455.64990234375,3476.85009765625,3451.89990234375,3469.5,1514545,TCS,TCS.NS
2023-10-20,3193.5048828125,3494.550048828125,3499.5,3444.050048828125,3450.39990234375,1481211,TCS,TCS.NS
2023-10-23,3116.375244140625,3410.14990234375,3478.949951171875,3401.300048828125,3473.0,1106272,TCS,TCS.NS
2023-10-25,3098.05322265625,3390.10009765625,3425.0,3377.199951171875,3390.5,1518537,TCS,TCS.NS
2023-10-26,3049.298828125,3336.75,3373.699951171875,3330.0,3368.050048828125,1984471,TCS,TCS.NS
2023-10-27,3062.275146484375,3350.949951171875,3362.0,3337.0,3350.0,1108851,TCS,TCS.NS
2023-10-30,3087.498046875,3378.550048828125,3382.85009765625,3333.75,3350.0,910972,TCS,TCS.NS
2023-10-31,3078.5419921875,3368.75,3399.0,3350.050048828125,3399.0,999811,TCS,TCS.NS
2023-11-01,3043.724365234375,3330.64990234375,3371.60009765625,3311.0,3355.0,1563475,TCS,TCS.NS
2023-11-02,3070.637451171875,3360.10009765625,3375.949951171875,3343.199951171875,3343.199951171875,1245384,TCS,TCS.NS
2023-11-03,3062.22998046875,3350.89990234375,3387.89990234375,3344.300048828125,3382.0,1402598,TCS,TCS.NS
2023-11-06,3089.051513671875,3380.25,3392.300048828125,3359.0,3375.0,1099852,TCS,TCS.NS
2023-11-07,3080.095947265625,3370.449951171875,3404.14990234375,3366.0,3378.0,1191144,TCS,TCS.NS
2023-11-08,3090.239501953125,3381.550048828125,3401.949951171875,3369.550048828125,3371.449951171875,992899,TCS,TCS.NS
2023-11-09,3059.0771484375,3347.449951171875,3391.5,3342.050048828125,3390.10009765625,2112352,TCS,TCS.NS
2023-11-10,3046.282958984375,3333.449951171875,3347.449951171875,3322.35009765625,3338.0,1338557,TCS,TCS.NS
2023-11-13,3044.546875,3331.550048828125,3356.0,3327.0,3356.0,1030990,TCS,TCS.NS
2023-11-15,3111.029541015625,3404.300048828125,3413.0,3356.050048828125,3383.10009765625,2059802,TCS,TCS.NS
2023-11-16,3196.520751953125,3497.85009765625,3529.35009765625,3414.199951171875,3430.050048828125,3951984,TCS,TCS.NS
2023-11-17,3200.723876953125,3502.449951171875,3524.5,3492.550048828125,3497.85009765625,2021292,TCS,TCS.NS
2023-11-20,3216.39697265625,3519.60009765625,3533.89990234375,3491.25,3491.25,1475621,TCS,TCS.NS
2023-11-21,3207.806396484375,3510.199951171875,3539.050048828125,3501.0,3519.60009765625,1807236,TCS,TCS.NS
2023-11-22,3226.0380859375,3530.14990234375,3532.64990234375,3481.10009765625,3500.0,1798051,TCS,TCS.NS
2023-11-23,3206.02490234375,3508.25,3544.0,3500.0,3530.0,2729804,TCS,TCS.NS
2023-11-24,3159.281005859375,3457.10009765625,3504.550048828125,3453.0,3494.25,1989733,TCS,TCS.NS
2023-11-28,3171.206787109375,3470.14990234375,3481.25,3433.0,3457.10009765625,1689195,TCS,TCS.NS
2023-11-29,3211.051025390625,3513.75,3518.0,3475.800048828125,3481.0,1441634,TCS,TCS.NS
2023-11-30,3187.154052734375,3487.60009765625,3516.64990234375,3481.0,3499.449951171875,3266235,TCS,TCS.NS
2023-12-01,3209.131591796875,3511.64990234375,3516.949951171875,3490.050048828125,3500.0,1172141,TCS,TCS.NS
2023-12-04,3209.862548828125,3512.449951171875,3547.800048828125,3498.0,3544.64990234375,1625213,TCS,TCS.NS
2023-12-05,3227.363037109375,3531.60009765625,3538.0,3502.800048828125,3538.0,1377656,TCS,TCS.NS
2023-12-06,3293.6171875,3604.10009765625,3612.85009765625,3525.14990234375,3532.60009765625,1896572,TCS,TCS.NS
2023-12-07,3303.487060546875,3614.89990234375,3630.550048828125,3591.699951171875,3605.0,1967653,TCS,TCS.NS
2023-12-08,3314.27099609375,3626.699951171875,3645.0,3602.050048828125,3633.0,1641155,TCS,TCS.NS
2023-12-11,3329.074462890625,3642.89990234375,3653.0,3615.0,3622.89990234375,1102503,TCS,TCS.NS
2023-12-12,3355.75927734375,3672.10009765625,3698.39990234375,3631.0,3638.949951171875,2236866,TCS,TCS.NS
2023-12-13,3283.9765625,3593.550048828125,3650.0,3563.0,3643.550048828125,3850968,TCS,TCS.NS
2023-12-14,3351.3271484375,3667.25,3678.0,3627.60009765625,3630.0,3290396,TCS,TCS.NS
2023-12-15,3528.385986328125,3861.0,3895.949951171875,3666.699951171875,3666.699951171875,8531230,TCS,TCS.NS
2023-12-18,3526.7412109375,3859.199951171875,3929.0,3830.14990234375,3858.10009765625,2521612,TCS,TCS.NS
2023-12-19,3487.445556640625,3816.199951171875,3855.10009765625,3790.0,3845.0,2004435,TCS,TCS.NS
2023-12-20,3454.41015625,3780.050048828125,3898.800048828125,3766.550048828125,3827.25,2586083,TCS,TCS.NS
2023-12-21,3461.21826171875,3787.5,3806.699951171875,3743.35009765625,3756.25,1517562,TCS,TCS.NS
2023-12-22,3494.57373046875,3824.0,3845.949951171875,3762.0,3800.0,2413058,TCS,TCS.NS
2023-12-26,3468.57470703125,3795.550048828125,3834.0,3790.14990234375,3819.85009765625,1285231,TCS,TCS.NS
2023-12-27,3482.8759765625,3811.199951171875,3818.199951171875,3768.0,3799.0,1293976,TCS,TCS.NS
2023-12-28,3472.549560546875,3799.89990234375,3838.0,3792.10009765625,3824.0,1682889,TCS,TCS.NS
2023-12-29,3466.609375,3793.39990234375,3822.60009765625,3765.39990234375,3792.0,1574996,TCS,TCS.NS
2024-01-01,3482.784912109375,3811.10009765625,3832.0,3773.0,3790.0,825907,TCS,TCS.NS
2024-01-02,3457.28857421875,3783.199951171875,3811.10009765625,3767.25,3811.10009765625,1344068,TCS,TCS.NS
2024-01-03,3373.716552734375,3691.75,3771.85009765625,3687.050048828125,3767.0,1803075,TCS,TCS.NS
2024-01-04,3350.91552734375,3666.800048828125,3719.0,3651.0,3701.75,3598144,TCS,TCS.NS
2024-01-05,3415.89111328125,3737.89990234375,3747.75,3674.85009765625,3675.0,1963127,TCS,TCS.NS
2024-01-08,3361.42578125,3678.300048828125,3739.75,3672.39990234375,3737.89990234375,1067805,TCS,TCS.NS
2024-01-09,3372.02587890625,3689.89990234375,3752.35009765625,3682.75,3709.949951171875,1370944,TCS,TCS.NS
2024-01-10,3393.181884765625,3713.050048828125,3729.25,3688.0,3690.0,1292227,TCS,TCS.NS
2024-01-11,3413.74365234375,3735.550048828125,3773.0,3707.0,3724.0,1777909,TCS,TCS.NS
2024-01-12,3548.30810546875,3882.800048828125,3905.25,3821.60009765625,3848.0,6813450,TCS,TCS.NS
2024-01-15,3567.49951171875,3903.800048828125,3965.0,3885.0,3960.0,2801505,TCS,TCS.NS
2024-01-16,3528.660400390625,3861.300048828125,3899.0,3855.550048828125,3899.0,1432672,TCS,TCS.NS
2024-01-17,3549.953125,3884.60009765625,3909.949951171875,3812.550048828125,3819.0,3458696,TCS,TCS.NS
2024-01-18,3566.402587890625,3902.60009765625,3908.800048828125,3862.0,3898.0,2239110,TCS,TCS.NS
2024-01-19,3628.471435546875,3943.050048828125,3963.550048828125,3915.050048828125,3945.0,2941975,TCS,TCS.NS
2024-01-23,3550.43701171875,3858.25,3933.89990234375,3842.75,3900.0,2618854,TCS,TCS.NS
2024-01-24,3535.29931640625,3841.800048828125,3883.64990234375,3805.60009765625,3880.0,2657709,TCS,TCS.NS
2024-01-25,3506.31201171875,3810.300048828125,3861.0,3778.699951171875,3839.89990234375,2205154,TCS,TCS.NS
2024-01-29,3497.75390625,3801.0,3820.0,3780.85009765625,3800.800048828125,1646747,TCS,TCS.NS
2024-01-30,3497.340087890625,3800.550048828125,3847.800048828125,3787.0,3807.449951171875,1411621,TCS,TCS.NS
2024-01-31,3511.51171875,3815.949951171875,3834.0,3796.449951171875,3811.199951171875,2459358,TCS,TCS.NS
2024-02-01,3546.663818359375,3854.14990234375,3904.89990234375,3805.050048828125,3820.0,2363107,TCS,TCS.NS
2024-02-02,3649.86669921875,3966.300048828125,3984.39990234375,3872.0,3875.050048828125,2826510,TCS,TCS.NS
2024-02-05,3656.307861328125,3973.300048828125,4022.0,3962.10009765625,3983.0,1691523,TCS,TCS.NS
2024-02-06,3806.02783203125,4136.0,4149.89990234375,3990.0,3997.0,4474396,TCS,TCS.NS
2024-02-07,3757.6240234375,4083.39990234375,4155.0,4073.949951171875,4153.0,2124267,TCS,TCS.NS
2024-02-08,3804.279296875,4134.10009765625,4158.0,4086.050048828125,4090.0,2345173,TCS,TCS.NS
2024-02-09,3803.9111328125,4133.7001953125,4184.75,4100.0,4136.5498046875,2100596,TCS,TCS.NS
2024-02-12,3791.948486328125,4120.7001953125,4159.60009765625,4105.5498046875,4130.0,1013716,TCS,TCS.NS
2024-02-13,3818.45068359375,4149.5,4170.0,4081.5,4125.4501953125,1257415,TCS,TCS.NS
2024-02-14,3772.99169921875,4100.10009765625,4114.89990234375,4049.5,4107.0,1391283,TCS,TCS.NS
2024-02-15,3775.844482421875,4103.2001953125,4146.2998046875,4083.0,4128.0,1091582,TCS,TCS.NS
2024-02-16,3798.942138671875,4128.2998046875,4147.9501953125,4100.10009765625,4113.25,1307556,TCS,TCS.NS
2024-02-19,3776.396484375,4103.7998046875,4128.2998046875,4055.0,4123.0498046875,772291,TCS,TCS.NS
2024-02-20,3709.08251953125,4030.64990234375,4098.0,4010.0,4082.10009765625,1193648,TCS,TCS.NS
2024-02-21,3673.0556640625,3991.5,4063.35009765625,3980.60009765625,4013.0,1885939,TCS,TCS.NS
2024-02-22,3761.029052734375,4087.10009765625,4094.949951171875,3971.0,3971.0,2982052,TCS,TCS.NS
2024-02-23,3728.8212890625,4052.10009765625,4130.0,4046.39990234375,4130.0,2538072,TCS,TCS.NS
2024-02-26,3681.8447265625,4001.050048828125,4050.0,3982.75,4036.0,1379284,TCS,TCS.NS
2024-02-27,3776.94873046875,4104.39990234375,4124.0,3999.0,3999.0,2960475,TCS,TCS.NS
2024-02-28,3790.337646484375,4118.9501953125,4154.89990234375,4089.0,4095.60009765625,1939225,TCS,TCS.NS
2024-02-29,3768.39111328125,4095.10009765625,4138.10009765625,4064.550048828125,4099.0,3772719,TCS,TCS.NS
2024-03-01,3767.700927734375,4094.35009765625,4140.0,4086.800048828125,4107.2001953125,2043265,TCS,TCS.NS
2024-03-04,3755.1396484375,4080.699951171875,4117.89990234375,4075.89990234375,4105.0,1749271,TCS,TCS.NS
2024-03-05,3692.0126953125,4012.10009765625,4064.0,3980.0,4062.0,2070859,TCS,TCS.NS
2024-03-06,3740.048095703125,4064.300048828125,4072.0,3958.449951171875,3994.050048828125,1744204,TCS,TCS.NS
2024-03-07,3780.813720703125,4108.60009765625,4124.0,4037.699951171875,4065.0,2688905,TCS,TCS.NS
2024-03-11,3793.466552734375,4122.35009765625,4153.0,4089.0,4089.0,2304068,TCS,TCS.NS
2024-03-12,3857.79052734375,4192.25,4229.9501953125,4121.0498046875,4122.35009765625,4039801,TCS,TCS.NS
2024-03-13,3817.99072265625,4149.0,4241.0,4131.89990234375,4205.0,2837260,TCS,TCS.NS
2024-03-14,3871.915283203125,4207.60009765625,4225.0,4086.0,4153.4501953125,2919608,TCS,TCS.NS
2024-03-15,3882.635986328125,4219.25,4239.0,4177.0,4192.60009765625,3373143,TCS,TCS.NS
2024-03-18,3821.21142578125,4152.5,4254.75,4117.85009765625,4215.25,1526904,TCS,TCS.NS
2024-03-19,3659.989013671875,3977.300048828125,4058.0,3966.60009765625,4051.25,8931209,TCS,TCS.NS
2024-03-20,3654.09912109375,3970.89990234375,4018.0,3960.199951171875,3986.0,1817913,TCS,TCS.NS
2024-03-21,3655.985595703125,3972.949951171875,4008.39990234375,3948.0,3990.050048828125,3829582,TCS,TCS.NS
2024-03-22,3598.88623046875,3910.89990234375,3938.0,3855.0,3897.0,5852485,TCS,TCS.NS
2024-03-26,3568.1513671875,3877.5,3946.699951171875,3871.449951171875,3875.0,3440925,TCS,TCS.NS
2024-03-27,3534.470703125,3840.89990234375,3895.0,3829.39990234375,3888.5,1968575,TCS,TCS.NS
2024-03-28,3567.046630859375,3876.300048828125,3915.0,3840.5,3850.10009765625,4311783,TCS,TCS.NS
2024-04-01,3604.26904296875,3916.75,3933.300048828125,3888.050048828125,3897.699951171875,1569676,TCS,TCS.NS
2024-04-02,3573.9482421875,3883.800048828125,3909.85009765625,3873.0,3890.0,2142666,TCS,TCS.NS
2024-04-03,3632.382080078125,3947.300048828125,3981.0,3851.0,3851.0,3973090,TCS,TCS.NS
2024-04-04,3683.9150390625,4003.300048828125,4028.64990234375,3935.25,3975.89990234375,3394637,TCS,TCS.NS
2024-04-05,3661.78369140625,3979.25,4002.0,3960.5,3978.0,1636819,TCS,TCS.NS
2024-04-08,3655.617919921875,3972.550048828125,4032.64990234375,3960.0,3983.0,2302538,TCS,TCS.NS
2024-04-09,3631.692138671875,3946.550048828125,4015.85009765625,3925.050048828125,3984.0,1876992,TCS,TCS.NS
2024-04-10,3666.752685546875,3984.64990234375,3990.199951171875,3918.0,3956.39990234375,2101965,TCS,TCS.NS
2024-04-12,3682.166259765625,4001.39990234375,4013.35009765625,3945.5,3971.0,4354821,TCS,TCS.NS
2024-04-15,3626.76904296875,3941.199951171875,4064.199951171875,3919.050048828125,4001.39990234375,4200329,TCS,TCS.NS
2024-04-16,3563.82568359375,3872.800048828125,3928.699951171875,3862.85009765625,3902.0,3051420,TCS,TCS.NS
2024-04-18,3553.8876953125,3862.0,3936.0,3850.0,3876.800048828125,3476284,TCS,TCS.NS
2024-04-19,3520.944091796875,3826.199951171875,3852.550048828125,3800.89990234375,3838.0,2957749,TCS,TCS.NS
2024-04-22,3556.280517578125,3864.60009765625,3878.0,3812.0,3837.0,1728883,TCS,TCS.NS
2024-04-23,3565.57421875,3874.699951171875,3895.0,3860.60009765625,3877.050048828125,1807586,TCS,TCS.NS
2024-04-24,3525.406982421875,3831.050048828125,3898.0,3824.449951171875,3890.0,1317312,TCS,TCS.NS
2024-04-25,3544.869384765625,3852.199951171875,3873.64990234375,3811.0,3811.199951171875,2856271,TCS,TCS.NS
2024-04-26,3516.48095703125,3821.35009765625,3876.800048828125,3802.550048828125,3855.14990234375,2039178,TCS,TCS.NS
2024-04-29,3561.43310546875,3870.199951171875,3877.800048828125,3819.199951171875,3838.0,1110693,TCS,TCS.NS
2024-04-30,3515.836181640625,3820.64990234375,3881.75,3810.0,3872.0,2203078,TCS,TCS.NS
2024-05-02,3555.083984375,3863.300048828125,3871.10009765625,3778.050048828125,3778.050048828125,2491044,TCS,TCS.NS
2024-05-03,3536.771240234375,3843.39990234375,3893.60009765625,3797.60009765625,3890.14990234375,2962234,TCS,TCS.NS
2024-05-06,3608.226806640625,3921.050048828125,3939.949951171875,3853.0,3853.0,2053831,TCS,TCS.NS
2024-05-07,3661.507080078125,3978.949951171875,3988.0,3913.5,3930.800048828125,2062112,TCS,TCS.NS
2024-05-08,3659.6669921875,3976.949951171875,3984.300048828125,3938.60009765625,3961.0,1247685,TCS,TCS.NS
2024-05-09,3644.252685546875,3960.199951171875,3971.0,3910.050048828125,3962.0,1726486,TCS,TCS.NS
2024-05-10,3583.24267578125,3893.89990234375,3973.60009765625,3885.050048828125,3962.60009765625,1672489,TCS,TCS.NS
2024-05-13,3632.842529296875,3947.800048828125,3955.0,3870.0,3884.5,931326,TCS,TCS.NS
2024-05-14,3589.960205078125,3901.199951171875,3945.800048828125,3892.89990234375,3936.0,1058317,TCS,TCS.NS
2024-05-15,3570.81982421875,3880.39990234375,3926.949951171875,3875.5,3904.5,1115021,TCS,TCS.NS
2024-05-16,3615.82080078125,3900.949951171875,3909.5,3843.5,3891.10009765625,2599399,TCS,TCS.NS
2024-05-17,3553.857421875,3834.10009765625,3920.0,3830.0,3919.0,2765804,TCS,TCS.NS
2024-05-21,3540.97314453125,3820.199951171875,3844.75,3810.050048828125,3830.60009765625,1908117,TCS,TCS.NS
2024-05-22,3551.91064453125,3832.0,3841.25,3817.550048828125,3835.0,1311168,TCS,TCS.NS
2024-05-23,3608.869384765625,3893.449951171875,3905.0,3825.5,3840.949951171875,2095742,TCS,TCS.NS
2024-05-24,3568.131591796875,3849.5,3883.800048828125,3844.300048828125,3878.25,1309452,TCS,TCS.NS
2024-05-27,3565.8603515625,3847.050048828125,3908.35009765625,3841.35009765625,3855.0,1841538,TCS,TCS.NS
2024-05-28,3559.2333984375,3839.89990234375,3870.0,3830.0,3858.0,1801993,TCS,TCS.NS
2024-05-29,3525.6328125,3803.64990234375,3848.89990234375,3800.0,3848.89990234375,1568095,TCS,TCS.NS
2024-05-30,3463.0205078125,3736.10009765625,3794.39990234375,3715.449951171875,3777.0,2919230,TCS,TCS.NS
2024-05-31,3402.632080078125,3670.949951171875,3749.800048828125,3653.75,3740.0,10956800,TCS,TCS.NS
2024-06-03,3432.20068359375,3702.85009765625,3751.550048828125,3696.0,3732.800048828125,2156773,TCS,TCS.NS
2024-06-04,3443.462646484375,3715.0,3745.0,3591.5,3700.0,3395997,TCS,TCS.NS
2024-06-05,3472.61376953125,3746.449951171875,3783.800048828125,3700.0,3716.0,2799670,TCS,TCS.NS
2024-06-06,3550.42724609375,3830.39990234375,3839.89990234375,3741.5,3781.0,4328036,TCS,TCS.NS
2024-06-07,3609.33251953125,3893.949951171875,3915.0,3837.300048828125,3837.300048828125,4552445,TCS,TCS.NS
2024-06-10,3576.6591796875,3858.699951171875,3905.89990234375,3841.89990234375,3895.0,1734661,TCS,TCS.NS
2024-06-11,3570.541748046875,3852.10009765625,3879.949951171875,3841.0,3845.0,1419898,TCS,TCS.NS
2024-06-12,3551.586181640625,3831.64990234375,3893.5,3827.449951171875,3874.39990234375,2177001,TCS,TCS.NS
2024-06-13,3594.6875,3878.14990234375,3890.0,3852.0,3856.800048828125,1932323,TCS,TCS.NS
2024-06-14,3551.95703125,3832.050048828125,3889.0,3828.0,3889.0,1860730,TCS,TCS.NS
2024-06-18,3536.245849609375,3815.10009765625,3842.0,3795.050048828125,3826.050048828125,1774045,TCS,TCS.NS
2024-06-19,3523.825439453125,3801.699951171875,3833.85009765625,3792.949951171875,3827.64990234375,1509050,TCS,TCS.NS
2024-06-20,3510.43115234375,3787.25,3809.949951171875,3780.050048828125,3796.0,2846526,TCS,TCS.NS
2024-06-21,3532.214111328125,3810.75,3877.800048828125,3798.050048828125,3827.0,4642195,TCS,TCS.NS
2024-06-24,3537.82177734375,3816.800048828125,3857.0,3791.300048828125,3808.75,1702154,TCS,TCS.NS
2024-06-25,3557.889404296875,3838.449951171875,3847.64990234375,3792.89990234375,3817.0,1338808,TCS,TCS.NS
2024-06-26,3574.017333984375,3855.85009765625,3866.949951171875,3841.0,3844.5,1639845,TCS,TCS.NS
2024-06-27,3646.593994140625,3934.14990234375,3942.0,3818.10009765625,3831.0,4526556,TCS,TCS.NS
2024-06-28,3618.786865234375,3904.14990234375,3960.0,3897.85009765625,3917.800048828125,2731571,TCS,TCS.NS
2024-07-01,3687.42431640625,3978.199951171875,4001.699951171875,3884.0,3884.0,2658723,TCS,TCS.NS
2024-07-02,3723.75927734375,4017.39990234375,4023.39990234375,3982.550048828125,3993.60009765625,2307449,TCS,TCS.NS
2024-07-03,3675.421142578125,3965.25,4026.10009765625,3955.0,4020.0,1821198,TCS,TCS.NS
2024-07-04,3727.0498046875,4020.949951171875,4047.35009765625,3982.10009765625,3999.85009765625,2518001,TCS,TCS.NS
2024-07-05,3718.568603515625,4011.800048828125,4026.75,3988.0,4010.0,1668616,TCS,TCS.NS
2024-07-08,3701.328369140625,3993.199951171875,4031.25,3978.050048828125,4022.0,1758882,TCS,TCS.NS
2024-07-09,3694.19091796875,3985.5,4006.949951171875,3975.10009765625,3985.0,1305801,TCS,TCS.NS
2024-07-10,3623.42138671875,3909.14990234375,4003.300048828125,3902.0,3983.699951171875,2669716,TCS,TCS.NS
2024-07-11,3636.90771484375,3923.699951171875,3980.0,3895.60009765625,3931.0,4872189,TCS,TCS.NS
2024-07-12,3878.135986328125,4183.9501953125,4199.9501953125,3971.300048828125,3980.0,13509164,TCS,TCS.NS
2024-07-15,3864.4638671875,4169.2001953125,4240.0,4157.0498046875,4235.7001953125,4848030,TCS,TCS.NS
2024-07-16,3873.038330078125,4178.4501953125,4194.5498046875,4144.89990234375,4172.0,2029521,TCS,TCS.NS
2024-07-18,4000.115966796875,4315.5498046875,4325.0,4160.0,4160.0,5613364,TCS,TCS.NS
2024-07-19,3997.1904296875,4302.39990234375,4358.75,4285.25,4317.39990234375,3903354,TCS,TCS.NS
2024-07-22,3983.20849609375,4287.35009765625,4319.9501953125,4265.0,4299.9501953125,1896386,TCS,TCS.NS
2024-07-23,3997.1435546875,4302.35009765625,4361.7001953125,4266.2998046875,4283.0,2365208,TCS,TCS.NS
2024-07-24,4000.7666015625,4306.25,4339.10009765625,4268.10009765625,4287.5,1809793,TCS,TCS.NS
2024-07-25,4015.8642578125,4322.5,4343.0,4274.2001953125,4295.0,2810342,TCS,TCS.NS
2024-07-26,4076.578857421875,4387.85009765625,4422.4501953125,4337.0498046875,4350.0,3552210,TCS,TCS.NS
2024-07-29,4070.30810546875,4381.10009765625,4431.0,4371.0,4415.0,1746803,TCS,TCS.NS
2024-07-30,4055.675048828125,4365.35009765625,4398.0,4327.2998046875,4391.10009765625,1797906,TCS,TCS.NS
2024-07-31,4074.255859375,4385.35009765625,4414.0,4345.0,4350.0,2330091,TCS,TCS.NS
2024-08-01,4085.171630859375,4397.10009765625,4419.2998046875,4365.0498046875,4399.39990234375,2202244,TCS,TCS.NS
2024-08-02,3979.212646484375,4283.0498046875,4398.0,4270.0,4365.0,2811282,TCS,TCS.NS
2024-08-05,3860.293212890625,4155.0498046875,4239.0,4110.5,4239.0,2787771,TCS,TCS.NS
2024-08-06,3875.2978515625,4171.2001953125,4258.25,4160.7998046875,4170.9501953125,2203067,TCS,TCS.NS
2024-08-07,3902.47265625,4200.4501953125,4244.9501953125,4180.2998046875,4228.0,1237666,TCS,TCS.NS
2024-08-08,3876.551513671875,4172.5498046875,4232.0,4160.0,4181.0,2441283,TCS,TCS.NS
2024-08-09,3928.764892578125,4228.75,4253.64990234375,4205.5498046875,4217.0,1302536,TCS,TCS.NS
2024-08-12,3898.01318359375,4195.64990234375,4239.0,4186.35009765625,4230.0,936912,TCS,TCS.NS
2024-08-13,3899.22119140625,4196.9501953125,4234.0,4183.0,4213.0,1495593,TCS,TCS.NS
2024-08-14,3990.547119140625,4295.25,4306.2001953125,4188.14990234375,4209.0,3226545,TCS,TCS.NS
2024-08-16,4102.77783203125,4416.0498046875,4427.0,4325.10009765625,4350.0,3457058,TCS,TCS.NS
2024-08-19,4171.4814453125,4490.0,4494.25,4390.35009765625,4421.0,2055210,TCS,TCS.NS
2024-08-20,4202.41943359375,4523.2998046875,4565.0,4500.0,4505.0,2212298,TCS,TCS.NS
2024-08-21,4228.61962890625,4551.5,4560.0,4492.5498046875,4518.0,1896990,TCS,TCS.NS
2024-08-22,4182.63037109375,4502.0,4560.9501953125,4497.2001953125,4560.0,1829872,TCS,TCS.NS
2024-08-23,4147.2333984375,4463.89990234375,4506.0,4455.0,4500.0,1809253,TCS,TCS.NS
2024-08-26,4183.04833984375,4502.4501953125,4552.14990234375,4485.0,4489.0,1844164,TCS,TCS.NS
2024-08-27,4178.12548828125,4497.14990234375,4510.0,4486.7998046875,4505.0,930697,TCS,TCS.NS
2024-08-28,4186.39306640625,4506.0498046875,4562.5,4457.2998046875,4498.75,1848058,TCS,TCS.NS
2024-08-29,4191.73486328125,4511.7998046875,4556.0,4460.0,4460.0,2133641,TCS,TCS.NS
2024-08-30,4230.70947265625,4553.75,4592.25,4487.7998046875,4500.0,3637222,TCS,TCS.NS
2024-09-02,4200.3291015625,4521.0498046875,4588.0,4512.0,4576.0,1216500,TCS,TCS.NS
2024-09-03,4192.24658203125,4512.35009765625,4555.89990234375,4495.89990234375,4521.0498046875,1717263,TCS,TCS.NS
2024-09-04,4161.49462890625,4479.25,4487.0,4436.7001953125,4476.9501953125,1265505,TCS,TCS.NS
2024-09-05,4158.4287109375,4475.9501953125,4499.0,4454.14990234375,4481.0,1688793,TCS,TCS.NS
2024-09-06,4140.5908203125,4456.75,4518.9501953125,4440.0,4473.9501953125,1649179,TCS,TCS.NS
2024-09-09,4133.9013671875,4449.5498046875,4490.25,4430.5,4455.0,1184938,TCS,TCS.NS
2024-09-10,4188.0654296875,4507.85009765625,4539.9501953125,4440.4501953125,4442.4501953125,1385591,TCS,TCS.NS
2024-09-11,4161.58740234375,4479.35009765625,4549.35009765625,4471.25,4521.4501953125,1325919,TCS,TCS.NS
2024-09-12,4197.21728515625,4517.7001953125,4532.60009765625,4431.2998046875,4510.25,2742216,TCS,TCS.NS
2024-09-13,4201.76904296875,4522.60009765625,4547.0,4505.0,4530.0,1458786,TCS,TCS.NS
2024-09-16,4193.08251953125,4513.25,4546.0498046875,4494.4501953125,4527.0,1155120,TCS,TCS.NS
2024-09-17,4186.02197265625,4505.64990234375,4535.7998046875,4466.0,4513.25,1699364,TCS,TCS.NS
2024-09-18,4037.836181640625,4346.14990234375,4497.0498046875,4321.0,4497.0498046875,2961779,TCS,TCS.NS
2024-09-19,3991.383544921875,4296.14990234375,4422.2001953125,4281.7998046875,4390.0498046875,2927551,TCS,TCS.NS
2024-09-20,3980.931884765625,4284.89990234375,4330.7001953125,4227.5,4316.89990234375,5447908,TCS,TCS.NS
2024-09-23,3965.6953125,4268.5,4309.39990234375,4253.0,4300.0,1702319,TCS,TCS.NS
2024-09-24,3968.296142578125,4271.2998046875,4291.0,4240.0,4251.64990234375,3012026,TCS,TCS.NS
2024-09-25,3971.501953125,4274.75,4289.60009765625,4240.0,4252.35009765625,2713073,TCS,TCS.NS
2024-09-26,3987.99267578125,4292.5,4316.7998046875,4260.0,4260.0,3964251,TCS,TCS.NS
2024-09-27,4003.043212890625,4308.7001953125,4378.0,4300.0498046875,4335.0,3012477,TCS,TCS.NS
2024-09-30,3965.6953125,4268.5,4298.75,4260.0498046875,4286.89990234375,2503416,TCS,TCS.NS
2024-10-01,3983.71826171875,4287.89990234375,4295.75,4242.9501953125,4255.5498046875,1823365,TCS,TCS.NS
2024-10-03,3932.481201171875,4232.75,4279.0,4210.0,4262.60009765625,3350119,TCS,TCS.NS
2024-10-04,3950.59765625,4252.25,4298.0,4224.0498046875,4225.0,2965463,TCS,TCS.NS
2024-10-07,3969.736328125,4272.85009765625,4297.25,4229.39990234375,4273.89990234375,1472619,TCS,TCS.NS
2024-10-08,3951.5263671875,4253.25,4279.39990234375,4203.9501953125,4272.60009765625,1541867,TCS,TCS.NS
2024-10-09,3951.248291015625,4252.9501953125,4295.0,4246.7001953125,4260.0,1082504,TCS,TCS.NS
2024-10-10,3927.510498046875,4227.39990234375,4293.85009765625,4198.60009765625,4253.25,2378875,TCS,TCS.NS
2024-10-11,3854.858154296875,4149.2001953125,4241.9501953125,4112.4501953125,4143.0,5759183,TCS,TCS.NS
2024-10-14,3843.19873046875,4136.64990234375,4165.39990234375,4122.2001953125,4140.0,2137590,TCS,TCS.NS
2024-10-15,3824.756591796875,4116.7998046875,4169.9501953125,4095.0,4131.0498046875,2759474,TCS,TCS.NS
2024-10-16,3804.45654296875,4094.949951171875,4115.0,4067.199951171875,4085.0,2359151,TCS,TCS.NS
2024-10-17,3817.51025390625,4109.0,4129.9501953125,4092.949951171875,4112.7998046875,2522659,TCS,TCS.NS
2024-10-18,3839.90771484375,4123.0498046875,4146.14990234375,4080.0,4090.0,2361000,TCS,TCS.NS
2024-10-21,3799.675048828125,4079.85009765625,4139.9501953125,4070.0,4132.60009765625,1595450,TCS,TCS.NS
2024-10-22,3739.744384765625,4015.5,4089.800048828125,4006.35009765625,4066.0,1928049,TCS,TCS.NS
2024-10-23,3787.0087890625,4066.25,4113.5498046875,3995.14990234375,3999.60009765625,1966476,TCS,TCS.NS
2024-10-24,3769.919189453125,4047.89990234375,4079.0,4004.0,4004.0,2676744,TCS,TCS.NS
2024-10-25,3778.90673828125,4057.550048828125,4092.0,4032.699951171875,4057.050048828125,1759676,TCS,TCS.NS
2024-10-28,3809.91943359375,4090.85009765625,4134.0,4051.0,4068.949951171875,1532534,TCS,TCS.NS
2024-10-29,3795.390625,4075.25,4103.5,4060.10009765625,4095.85009765625,1445885,TCS,TCS.NS
2024-10-30,3804.145263671875,4084.64990234375,4107.0,4060.050048828125,4075.0,1935002,TCS,TCS.NS
2024-10-31,3695.92529296875,3968.449951171875,4078.300048828125,3960.0,4070.0,3740372,TCS,TCS.NS
2024-11-01,3710.593505859375,3984.199951171875,3998.949951171875,3976.050048828125,3989.85009765625,154895,TCS,TCS.NS
2024-11-04,3691.92041015625,3964.14990234375,3991.89990234375,3913.25,3966.300048828125,2269192,TCS,TCS.NS
2024-11-05,3698.6259765625,3971.35009765625,3986.0,3941.10009765625,3941.10009765625,967590,TCS,TCS.NS
2024-11-06,3855.368408203125,4139.64990234375,4149.7998046875,3975.25,4003.60009765625,3792017,TCS,TCS.NS
2024-11-07,3865.845947265625,4150.89990234375,4205.7998046875,4085.050048828125,4169.7001953125,3724349,TCS,TCS.NS
2024-11-08,3862.213623046875,4147.0,4169.75,4117.64990234375,4155.0,1648039,TCS,TCS.NS
2024-11-11,3910.363525390625,4198.7001953125,4234.2998046875,4117.64990234375,4128.2001953125,1406487,TCS,TCS.NS
2024-11-12,3909.15234375,4197.39990234375,4218.0,4164.35009765625,4216.0,1587640,TCS,TCS.NS
2024-11-13,3865.333740234375,4150.35009765625,4196.75,4131.0498046875,4178.10009765625,1098813,TCS,TCS.NS
2024-11-14,3861.18896484375,4145.89990234375,4160.0,4116.4501953125,4135.0,1825432,TCS,TCS.NS
2024-11-18,3743.46923828125,4019.5,4213.0,3990.199951171875,4213.0,3313944,TCS,TCS.NS
2024-11-19,3762.142578125,4039.550048828125,4132.14990234375,4014.10009765625,4019.89990234375,1776233,TCS,TCS.NS
2024-11-21,3793.15576171875,4072.85009765625,4092.449951171875,4024.0,4044.89990234375,2384347,TCS,TCS.NS
2024-11-22,3953.111572265625,4244.60009765625,4254.9501953125,4054.0,4071.0,3096553,TCS,TCS.NS
2024-11-25,4018.769775390625,4315.10009765625,4328.10009765625,4252.2001953125,4280.0,4052167,TCS,TCS.NS
2024-11-26,4053.78759765625,4352.7001953125,4366.60009765625,4310.0,4321.0498046875,2060669,TCS,TCS.NS
2024-11-27,4035.021728515625,4332.5498046875,4377.39990234375,4324.0498046875,4358.9501953125,1558993,TCS,TCS.NS
2024-11-28,3953.39111328125,4244.89990234375,4339.9501953125,4233.0,4319.0,2558544,TCS,TCS.NS
2024-11-29,3977.55908203125,4270.85009765625,4298.7001953125,4195.64990234375,4220.0,2017425,TCS,TCS.NS
2024-12-02,3982.96044921875,4276.64990234375,4288.2001953125,4230.0498046875,4270.0,1670944,TCS,TCS.NS
2024-12-03,4007.267822265625,4302.75,4325.0,4265.4501953125,4314.35009765625,2010905,TCS,TCS.NS
2024-12-04,4055.37109375,4354.39990234375,4386.9501953125,4289.0498046875,4313.5498046875,3302642,TCS,TCS.NS
2024-12-05,4157.49072265625,4464.0498046875,4489.0,4360.0,4400.7998046875,3746747,TCS,TCS.NS
2024-12-06,4140.21435546875,4445.5,4465.0,4412.75,4453.0,1842087,TCS,TCS.NS
2024-12-09,4146.40771484375,4452.14990234375,4469.39990234375,4415.5498046875,4430.4501953125,2066639,TCS,TCS.NS
2024-12-10,4128.15380859375,4432.5498046875,4493.7998046875,4412.10009765625,4426.14990234375,2087828,TCS,TCS.NS
2024-12-11,4123.40478515625,4427.4501953125,4448.64990234375,4407.0,4431.85009765625,1635256,TCS,TCS.NS
2024-12-12,4149.01611328125,4454.9501953125,4485.0,4426.0,4430.0498046875,1914642,TCS,TCS.NS
2024-12-13,4166.66455078125,4473.89990234375,4494.89990234375,4394.39990234375,4434.9501953125,1967048,TCS,TCS.NS
2024-12-16,4111.99560546875,4415.2001953125,4475.0,4397.0,4459.0,1646224,TCS,TCS.NS
2024-12-17,4031.24951171875,4328.5,4432.9501953125,4318.0,4410.0,3225027,TCS,TCS.NS
2024-12-18,4049.27099609375,4347.85009765625,4362.0,4289.60009765625,4311.7001953125,1575404,TCS,TCS.NS
2024-12-19,3978.536376953125,4271.89990234375,4364.0,4262.0,4282.0,3015763,TCS,TCS.NS
2024-12-20,3883.913330078125,4170.2998046875,4382.0,4152.5,4329.0,4116989,TCS,TCS.NS
2024-12-23,3872.73779296875,4158.2998046875,4217.0,4114.89990234375,4200.0498046875,2195338,TCS,TCS.NS
2024-12-24,3892.4814453125,4179.5,4218.0,4158.2998046875,4158.2998046875,1181886,TCS,TCS.NS
2024-12-26,3882.7958984375,4169.10009765625,4199.9501953125,4143.14990234375,4179.5,1208464,TCS,TCS.NS
2024-12-27,3878.837890625,4164.85009765625,4180.9501953125,4147.25,4163.0,858100,TCS,TCS.NS
2024-12-30,3873.202880859375,4158.7998046875,4199.2998046875,4112.0,4151.0,1527169,TCS,TCS.NS
2024-12-31,3813.5986328125,4094.800048828125,4139.9501953125,4032.050048828125,4135.0,1555429,TCS,TCS.NS
2025-01-01,3830.036376953125,4112.4501953125,4134.0,4085.449951171875,4094.39990234375,763161,TCS,TCS.NS
2025-01-02,3888.989501953125,4175.75,4183.0,4096.9501953125,4120.0,1720835,TCS,TCS.NS
2025-01-03,3818.348388671875,4099.89990234375,4179.9501953125,4092.300048828125,4179.9501953125,1791953,TCS,TCS.NS
2025-01-06,3813.78466796875,4095.0,4149.64990234375,4066.39990234375,4105.5,2085593,TCS,TCS.NS
2025-01-07,3751.6650390625,4028.300048828125,4140.35009765625,4011.550048828125,4114.9501953125,2669054,TCS,TCS.NS
2025-01-08,3826.26416015625,4108.39990234375,4126.0,4017.75,4034.89990234375,2181277,TCS,TCS.NS
2025-01-09,3761.490478515625,4038.85009765625,4137.75,4025.300048828125,4101.0,2392472,TCS,TCS.NS
2025-01-10,3972.715576171875,4265.64990234375,4297.0,4170.0,4200.0,7894300,TCS,TCS.NS
2025-01-13,3996.41845703125,4291.10009765625,4322.9501953125,4227.39990234375,4245.0,4003771,TCS,TCS.NS
2025-01-14,3942.35400390625,4233.0498046875,4313.89990234375,4219.0498046875,4302.0,3441709,TCS,TCS.NS
2025-01-15,3957.767822265625,4249.60009765625,4256.4501953125,4207.4501953125,4218.0,1653474,TCS,TCS.NS
2025-01-16,3917.441162109375,4206.2998046875,4294.0,4191.85009765625,4260.0,2637705,TCS,TCS.NS
2025-01-17,3911.750244140625,4124.2998046875,4160.60009765625,4100.0498046875,4159.89990234375,1761466,TCS,TCS.NS
2025-01-20,3867.64697265625,4077.800048828125,4145.7998046875,4068.10009765625,4145.7998046875,1287799,TCS,TCS.NS
2025-01-21,3827.85888671875,4035.85009765625,4111.0,4030.0,4095.300048828125,1971591,TCS,TCS.NS
2025-01-22,3942.385986328125,4156.60009765625,4163.14990234375,4044.199951171875,4050.0,2409223,TCS,TCS.NS
2025-01-23,3931.810791015625,4145.4501953125,4191.35009765625,4140.0498046875,4168.0,1822998,TCS,TCS.NS
2025-01-24,3938.35498046875,4152.35009765625,4178.0,4104.0,4104.0,1910099,TCS,TCS.NS
2025-01-27,3855.648681640625,4065.14990234375,4156.35009765625,4041.050048828125,4102.0,1551782,TCS,TCS.NS
2025-01-28,3832.079345703125,4040.300048828125,4102.0,4028.300048828125,4070.800048828125,2468272,TCS,TCS.NS
2025-01-29,3888.512939453125,4099.7998046875,4107.85009765625,4054.0,4054.0,1217089,TCS,TCS.NS
2025-01-30,3888.75048828125,4100.0498046875,4129.89990234375,4058.5,4099.89990234375,1531251,TCS,TCS.NS
2025-01-31,3900.463623046875,4112.39990234375,4128.4501953125,4085.25,4110.0,1492943,TCS,TCS.NS
2025-02-01,3863.236328125,4073.14990234375,4135.89990234375,4056.0,4113.0,437172,TCS,TCS.NS
2025-02-03,3858.96826171875,4068.64990234375,4077.0,3998.699951171875,4030.89990234375,1265713,TCS,TCS.NS
2025-02-04,3895.389404296875,4107.0498046875,4118.85009765625,4066.050048828125,4083.699951171875,2547132,TCS,TCS.NS
2025-02-05,3880.26171875,4091.10009765625,4150.0,4076.0,4150.0,1693912,TCS,TCS.NS
2025-02-06,3872.341796875,4082.75,4139.5,4051.550048828125,4105.39990234375,2284536,TCS,TCS.NS
2025-02-07,3821.7412109375,4029.39990234375,4090.0,4008.0,4090.0,1548940,TCS,TCS.NS
2025-02-10,3828.902099609375,4036.949951171875,4052.0,4014.35009765625,4040.0,1339511,TCS,TCS.NS
2025-02-11,3759.284912109375,3963.550048828125,4040.0,3955.0,4018.39990234375,1810908,TCS,TCS.NS
2025-02-12,3746.575439453125,3950.14990234375,4021.75,3940.14990234375,3971.10009765625,1678002,TCS,TCS.NS
2025-02-13,3708.63671875,3910.14990234375,3984.449951171875,3902.25,3968.0,2277310,TCS,TCS.NS
2025-02-14,3732.064208984375,3934.85009765625,3948.0,3900.0,3925.0,1681975,TCS,TCS.NS
2025-02-17,3703.2783203125,3904.5,3934.0,3856.199951171875,3856.5,1799806,TCS,TCS.NS
2025-02-18,3673.5908203125,3873.199951171875,3924.39990234375,3864.5,3898.39990234375,2149879,TCS,TCS.NS
2025-02-19,3589.083251953125,3784.10009765625,3874.949951171875,3768.14990234375,3872.199951171875,4366672,TCS,TCS.NS
2025-02-20,3584.625244140625,3779.39990234375,3788.0,3751.300048828125,3761.5,2888572,TCS,TCS.NS
2025-02-21,3590.88525390625,3786.0,3817.0,3775.0,3776.10009765625,1833931,TCS,TCS.NS
2025-02-24,3486.175048828125,3675.60009765625,3763.199951171875,3670.0,3743.14990234375,2508516,TCS,TCS.NS
2025-02-25,3442.497802734375,3629.550048828125,3658.0,3621.25,3625.0,4101954,TCS,TCS.NS
2025-02-27,3426.373779296875,3612.550048828125,3638.0,3600.699951171875,3611.699951171875,3823856,TCS,TCS.NS
2025-02-28,3303.7373046875,3483.25,3600.0,3457.0,3584.949951171875,7085018,TCS,TCS.NS
2025-03-03,3313.03271484375,3493.050048828125,3523.25,3476.14990234375,3485.0,4990439,TCS,TCS.NS
2025-03-04,3350.02294921875,3532.050048828125,3551.0,3464.300048828125,3474.0,2797737,TCS,TCS.NS
2025-03-05,3364.24951171875,3547.050048828125,3600.35009765625,3520.85009765625,3520.85009765625,2501894,TCS,TCS.NS
2025-03-06,3415.98828125,3601.60009765625,3609.449951171875,3536.10009765625,3557.0,2786513,TCS,TCS.NS
2025-03-07,3425.093505859375,3611.199951171875,3625.0,3574.39990234375,3600.0,2051315,TCS,TCS.NS
2025-03-10,3404.654296875,3589.64990234375,3622.10009765625,3582.60009765625,3606.5,1004626,TCS,TCS.NS
2025-03-11,3391.0439453125,3575.300048828125,3588.75,3537.64990234375,3558.0,1995450,TCS,TCS.NS
2025-03-12,3325.5048828125,3506.199951171875,3569.25,3486.85009765625,3565.0,3174167,TCS,TCS.NS
2025-03-13,3330.10498046875,3511.050048828125,3524.300048828125,3484.10009765625,3502.300048828125,1693004,TCS,TCS.NS
2025-03-17,3317.442626953125,3497.699951171875,3530.449951171875,3477.35009765625,3489.0,2690906,TCS,TCS.NS
2025-03-18,3317.442626953125,3497.699951171875,3497.699951171875,3497.699951171875,3497.699951171875,0,TCS,TCS.NS
2025-03-19,3316.8740234375,3497.10009765625,3547.0,3462.75,3547.0,3051244,TCS,TCS.NS
2025-03-20,3379.519775390625,3563.14990234375,3578.949951171875,3512.0,3512.0,2845192,TCS,TCS.NS
2025-03-21,3393.69970703125,3578.10009765625,3616.25,3465.0,3475.0,4161925,TCS,TCS.NS
2025-03-24,3441.9287109375,3628.949951171875,3649.75,3566.60009765625,3600.0,1834751,TCS,TCS.NS
2025-03-25,3469.24462890625,3657.75,3710.0,3638.0,3645.0,3135390,TCS,TCS.NS
2025-03-26,3448.42578125,3635.800048828125,3680.5,3625.85009765625,3647.75,1734499,TCS,TCS.NS
2025-03-27,3463.032470703125,3651.199951171875,3663.0,3610.5,3614.85009765625,2528474,TCS,TCS.NS
2025-03-28,3420.303466796875,3606.14990234375,3660.949951171875,3591.89990234375,3651.0,2051919,TCS,TCS.NS
2025-04-01,3367.805908203125,3550.800048828125,3584.0,3525.0,3572.699951171875,2618493,TCS,TCS.NS
2025-04-02,3361.309326171875,3543.949951171875,3564.10009765625,3530.050048828125,3544.0,1764313,TCS,TCS.NS
2025-04-03,3227.765625,3403.14990234375,3502.0,3396.14990234375,3491.0,4537821,TCS,TCS.NS
2025-04-04,3129.3623046875,3299.39990234375,3399.64990234375,3295.5,3362.60009765625,5317367,TCS,TCS.NS
2025-04-07,3105.318603515625,3274.050048828125,3291.39990234375,3056.050048828125,3100.0,6623955,TCS,TCS.NS
2025-04-08,3123.244873046875,3292.949951171875,3349.0,3255.300048828125,3302.050048828125,5557558,TCS,TCS.NS
2025-04-09,3079.28369140625,3246.60009765625,3270.0,3212.050048828125,3260.550048828125,2990265,TCS,TCS.NS
2025-04-11,3064.961669921875,3231.5,3298.949951171875,3206.0,3289.550048828125,7108961,TCS,TCS.NS
2025-04-15,3080.80078125,3248.199951171875,3314.39990234375,3238.60009765625,3314.39990234375,3512160,TCS,TCS.NS
2025-04-16,3105.081787109375,3273.800048828125,3278.10009765625,3229.0,3248.199951171875,2384391,TCS,TCS.NS
2025-04-17,3128.888427734375,3298.89990234375,3303.60009765625,3218.0,3245.5,2932346,TCS,TCS.NS
2025-04-21,3150.41845703125,3321.60009765625,3354.0,3284.10009765625,3290.10009765625,2432946,TCS,TCS.NS
2025-04-22,3143.589599609375,3314.39990234375,3333.89990234375,3295.0,3322.60009765625,2710498,TCS,TCS.NS
2025-04-23,3237.10791015625,3413.0,3420.89990234375,3337.300048828125,3365.0,3543923,TCS,TCS.NS
2025-04-24,3226.29541015625,3401.60009765625,3412.5,3387.699951171875,3401.10009765625,2252175,TCS,TCS.NS
2025-04-25,3270.3046875,3448.0,3477.800048828125,3405.0,3420.0,2742991,TCS,TCS.NS
2025-04-28,3266.0361328125,3443.5,3457.800048828125,3405.0,3435.0,1593296,TCS,TCS.NS
2025-04-29,3293.54150390625,3472.5,3495.0,3430.39990234375,3455.0,1578332,TCS,TCS.NS
2025-04-30,3275.710205078125,3453.699951171875,3509.89990234375,3366.0,3472.0,2809332,TCS,TCS.NS
2025-05-02,3254.180419921875,3431.0,3491.5,3420.0,3472.0,1721761,TCS,TCS.NS
2025-05-05,3276.27978515625,3454.300048828125,3504.5,3446.39990234375,3450.0,1284443,TCS,TCS.NS
2025-05-06,3281.685791015625,3460.0,3473.0,3437.0,3460.0,1324763,TCS,TCS.NS
2025-05-07,3267.553955078125,3445.10009765625,3459.5,3420.60009765625,3420.60009765625,1477128,TCS,TCS.NS
2025-05-08,3271.15771484375,3448.89990234375,3477.0,3428.699951171875,3448.0,2543591,TCS,TCS.NS
2025-05-09,3263.0009765625,3440.300048828125,3446.199951171875,3398.10009765625,3399.0,2531757,TCS,TCS.NS
2025-05-12,3433.819091796875,3620.39990234375,3630.5,3502.199951171875,3505.0,2228678,TCS,TCS.NS
2025-05-13,3333.85107421875,3515.0,3623.0,3510.5,3620.39990234375,3062887,TCS,TCS.NS
2025-05-14,3365.814453125,3548.699951171875,3561.0,3508.60009765625,3521.0,2119499,TCS,TCS.NS
2025-05-15,3395.40625,3579.89990234375,3600.0,3514.10009765625,3564.0,3548330,TCS,TCS.NS
2025-05-16,3377.765380859375,3561.300048828125,3593.89990234375,3546.10009765625,3593.89990234375,1666727,TCS,TCS.NS
2025-05-19,3337.455322265625,3518.800048828125,3550.0,3503.699951171875,3550.0,2537377,TCS,TCS.NS
2025-05-20,3318.011962890625,3498.300048828125,3558.0,3494.0,3531.800048828125,2038374,TCS,TCS.NS
2025-05-21,3344.094970703125,3525.800048828125,3537.0,3498.300048828125,3508.0,1440153,TCS,TCS.NS
2025-05-22,3297.809814453125,3477.0,3497.800048828125,3451.300048828125,3495.0,2034383,TCS,TCS.NS
2025-05-23,3333.47216796875,3514.60009765625,3535.0,3465.60009765625,3477.0,1274331,TCS,TCS.NS
2025-05-26,3355.002197265625,3537.300048828125,3545.0,3510.10009765625,3521.0,967470,TCS,TCS.NS
2025-05-27,3318.39111328125,3498.699951171875,3540.0,3483.10009765625,3532.0,2467680,TCS,TCS.NS
2025-05-28,3317.442626953125,3497.699951171875,3529.0,3493.0,3520.0,1222933,TCS,TCS.NS
2025-05-29,3317.822265625,3498.10009765625,3532.5,3486.5,3504.699951171875,3188072,TCS,TCS.NS
2025-05-30,3284.910400390625,3463.39990234375,3506.699951171875,3453.10009765625,3490.0,3404365,TCS,TCS.NS
2025-06-02,3272.01123046875,3449.800048828125,3460.0,3418.60009765625,3450.0,1877585,TCS,TCS.NS
2025-06-03,3229.709716796875,3405.199951171875,3473.5,3400.5,3446.0,2848125,TCS,TCS.NS
2025-06-04,3235.1640625,3380.89990234375,3394.800048828125,3370.0,3389.0,2544807,TCS,TCS.NS
2025-06-05,3225.78662109375,3371.10009765625,3409.0,3363.699951171875,3409.0,3584683,TCS,TCS.NS
2025-06-06,3238.322265625,3384.199951171875,3390.89990234375,3358.699951171875,3371.10009765625,2070390,TCS,TCS.NS
2025-06-09,3274.396728515625,3421.89990234375,3434.0,3390.89990234375,3400.0,1718678,TCS,TCS.NS
2025-06-10,3313.629638671875,3462.89990234375,3485.800048828125,3423.199951171875,3440.0,2419874,TCS,TCS.NS
2025-06-11,3322.24169921875,3471.89990234375,3489.0,3449.10009765625,3470.0,2847013,TCS,TCS.NS
2025-06-12,3286.16650390625,3434.199951171875,3474.699951171875,3423.199951171875,3471.89990234375,4060134,TCS,TCS.NS
2025-06-13,3297.1708984375,3445.699951171875,3450.5,3393.199951171875,3393.199951171875,2178493,TCS,TCS.NS
2025-06-16,3345.590087890625,3496.300048828125,3509.0,3426.199951171875,3440.0,1934088,TCS,TCS.NS
2025-06-17,3363.770751953125,3515.300048828125,3520.0,3488.10009765625,3510.0,2111940,TCS,TCS.NS
2025-06-18,3302.62548828125,3451.39990234375,3538.0,3443.10009765625,3519.10009765625,2696327,TCS,TCS.NS
2025-06-19,3276.40625,3424.0,3451.0,3413.0,3450.0,2672768,TCS,TCS.NS
2025-06-20,3287.60205078125,3435.699951171875,3446.300048828125,3410.89990234375,3425.0,2351248,TCS,TCS.NS
2025-06-23,3247.31689453125,3393.60009765625,3425.0,3370.0,3415.0,3123421,TCS,TCS.NS
2025-06-24,3244.25439453125,3390.39990234375,3442.10009765625,3382.0,3434.60009765625,3403048,TCS,TCS.NS
2025-06-25,3296.31005859375,3444.800048828125,3450.0,3400.0,3407.300048828125,1757699,TCS,TCS.NS
2025-06-26,3293.439208984375,3441.800048828125,3451.39990234375,3415.300048828125,3444.800048828125,2879106,TCS,TCS.NS
2025-06-27,3292.76953125,3441.10009765625,3466.39990234375,3431.0,3455.0,1778433,TCS,TCS.NS
2025-06-30,3312.7685546875,3462.0,3464.89990234375,3430.0,3439.89990234375,1468351,TCS,TCS.NS
2025-07-01,3281.860595703125,3429.699951171875,3485.0,3413.5,3455.0,2375183,TCS,TCS.NS
2025-07-02,3275.736572265625,3423.300048828125,3489.89990234375,3420.0,3487.199951171875,3090585,TCS,TCS.NS
2025-07-03,3254.20654296875,3400.800048828125,3435.300048828125,3397.60009765625,3430.0,2531870,TCS,TCS.NS
2025-07-04,3272.387451171875,3419.800048828125,3427.0,3390.10009765625,3408.0,1109320,TCS,TCS.NS
2025-07-07,3264.63671875,3411.699951171875,3426.10009765625,3408.39990234375,3418.300048828125,1639174,TCS,TCS.NS
2025-07-08,3259.37353515625,3406.199951171875,3425.0,3393.39990234375,3405.0,2325242,TCS,TCS.NS
2025-07-09,3237.939208984375,3383.800048828125,3414.0,3367.0,3410.0,2034938,TCS,TCS.NS
2025-07-10,3236.217041015625,3382.0,3399.0,3356.0,3380.0,3035012,TCS,TCS.NS
2025-07-11,3125.21728515625,3266.0,3335.0,3261.10009765625,3299.89990234375,7635550,TCS,TCS.NS
2025-07-14,3083.78369140625,3222.699951171875,3272.0,3200.0,3266.0,3924009,TCS,TCS.NS
2025-07-15,3112.10791015625,3252.300048828125,3259.39990234375,3206.0,3206.0,2590889,TCS,TCS.NS
2025-07-16,3104.234375,3233.10009765625,3244.89990234375,3220.60009765625,3227.0,2540733,TCS,TCS.NS
2025-07-17,3081.286865234375,3209.199951171875,3242.0,3204.10009765625,3224.10009765625,2947640,TCS,TCS.NS
2025-07-18,3062.75634765625,3189.89990234375,3228.800048828125,3187.0,3225.0,3432645,TCS,TCS.NS
2025-07-21,3032.319580078125,3158.199951171875,3197.60009765625,3152.0,3190.0,3844346,TCS,TCS.NS
2025-07-22,3033.6640625,3159.60009765625,3180.10009765625,3154.60009765625,3159.60009765625,3198036,TCS,TCS.NS
2025-07-23,3052.386962890625,3179.10009765625,3182.0,3157.60009765625,3159.60009765625,1922875,TCS,TCS.NS
2025-07-24,3022.5263671875,3148.0,3173.699951171875,3140.0,3165.10009765625,2934778,TCS,TCS.NS
2025-07-25,3010.8125,3135.800048828125,3156.89990234375,3125.60009765625,3140.0,2568917,TCS,TCS.NS
2025-07-28,2956.56494140625,3079.300048828125,3118.0,3069.89990234375,3110.0,3374473,TCS,TCS.NS
2025-07-29,2934.193359375,3056.0,3074.0,3041.199951171875,3060.0,4785312,TCS,TCS.NS
2025-07-30,2931.88916015625,3053.60009765625,3069.0,3047.199951171875,3060.0,2880121,TCS,TCS.NS
2025-07-31,2915.758544921875,3036.800048828125,3059.800048828125,3015.0,3041.699951171875,2968371,TCS,TCS.NS
2025-08-01,2883.305908203125,3003.0,3036.800048828125,3000.0,3029.89990234375,2053847,TCS,TCS.NS
2025-08-04,2951.85986328125,3074.39990234375,3079.39990234375,2991.60009765625,3009.10009765625,2519252,TCS,TCS.NS
2025-08-05,2941.778564453125,3063.89990234375,3077.5,3042.0,3074.39990234375,1927996,TCS,TCS.NS
2025-08-06,2911.437744140625,3032.300048828125,3066.800048828125,3026.0,3063.0,1487081,TCS,TCS.NS
2025-08-07,2925.552001953125,3047.0,3051.60009765625,3010.89990234375,3016.0,2543076,TCS,TCS.NS
2025-08-08,2915.37451171875,3036.39990234375,3059.800048828125,3025.0,3048.10009765625,2762140,TCS,TCS.NS
2025-08-11,2919.59912109375,3040.800048828125,3049.89990234375,3021.300048828125,3036.39990234375,1884215,TCS,TCS.NS
2025-08-12,2914.4140625,3035.39990234375,3096.39990234375,3026.89990234375,3041.0,3358232,TCS,TCS.NS
2025-08-13,2915.182373046875,3036.199951171875,3044.39990234375,3028.60009765625,3036.10009765625,2148166,TCS,TCS.NS
2025-08-14,2901.836669921875,3022.300048828125,3055.89990234375,3019.10009765625,3034.0,3342174,TCS,TCS.NS
2025-08-18,2891.17919921875,3011.199951171875,3049.0,3003.39990234375,3046.5,2945609,TCS,TCS.NS
2025-08-19,2895.979736328125,3016.199951171875,3025.0,3011.10009765625,3011.199951171875,2650784,TCS,TCS.NS
2025-08-20,2975.095703125,3098.60009765625,3103.39990234375,3010.89990234375,3010.89990234375,4952358,TCS,TCS.NS
2025-08-21,2978.93603515625,3102.60009765625,3130.0,3083.10009765625,3130.0,3230726,TCS,TCS.NS
2025-08-22,2932.273193359375,3054.0,3095.699951171875,3050.0,3086.0,1593791,TCS,TCS.NS
2025-08-25,3015.42138671875,3140.60009765625,3152.0,3077.10009765625,3087.300048828125,3448370,TCS,TCS.NS
2025-08-26,3031.35986328125,3157.199951171875,3162.0,3120.0,3129.0,5522097,TCS,TCS.NS
2025-08-28,2970.390625,3093.699951171875,3146.5,3086.5,3145.0,3116051,TCS,TCS.NS
2025-08-29,2961.749267578125,3084.699951171875,3115.0,3077.199951171875,3093.0,2271789,TCS,TCS.NS
2025-09-01,2988.53759765625,3112.60009765625,3131.10009765625,3090.0,3090.0,1246862,TCS,TCS.NS
2025-09-02,2987.48095703125,3111.5,3155.0,3103.10009765625,3121.10009765625,2185229,TCS,TCS.NS
2025-09-03,2974.039306640625,3097.5,3141.89990234375,3088.0,3129.89990234375,1799774,TCS,TCS.NS
2025-09-04,2972.310546875,3095.699951171875,3118.0,3090.800048828125,3116.0,1481391,TCS,TCS.NS
2025-09-05,2926.80029296875,3048.300048828125,3103.39990234375,3028.60009765625,3097.10009765625,2802055,TCS,TCS.NS
2025-09-08,2898.668212890625,3019.0,3064.89990234375,3016.0,3050.0,2626187,TCS,TCS.NS
2025-09-09,2927.856201171875,3049.39990234375,3060.0,3030.800048828125,3032.10009765625,2489301,TCS,TCS.NS
2025-09-10,2986.041015625,3110.0,3122.699951171875,3053.39990234375,3056.39990234375,2079428,TCS,TCS.NS
2025-09-11,2999.675048828125,3124.199951171875,3139.0,3110.10009765625,3139.0,2263446,TCS,TCS.NS
2025-09-12,3008.508056640625,3133.39990234375,3148.699951171875,3121.0,3144.0,1447167,TCS,TCS.NS
2025-09-15,2987.865234375,3111.89990234375,3134.0,3096.0,3134.0,1732539,TCS,TCS.NS
2025-09-16,3020.318359375,3145.699951171875,3150.0,3109.10009765625,3128.0,2573429,TCS,TCS.NS
2025-09-17,3046.337646484375,3172.800048828125,3182.39990234375,3142.39990234375,3152.0,2418271,TCS,TCS.NS
2025-09-18,3050.08203125,3176.699951171875,3203.0,3161.39990234375,3185.0,2633138,TCS,TCS.NS
2025-09-19,3042.881591796875,3169.199951171875,3180.5,3144.0,3170.0,4901694,TCS,TCS.NS
2025-09-22,2951.283935546875,3073.800048828125,3106.89990234375,3065.0,3095.0,3634901,TCS,TCS.NS
2025-09-23,2940.338134765625,3062.39990234375,3080.699951171875,3052.0,3070.0,3177741,TCS,TCS.NS
2025-09-24,2914.4140625,3035.39990234375,3057.0,3033.0,3050.0,1625714,TCS,TCS.NS
2025-09-25,2839.523193359375,2957.39990234375,3029.60009765625,2951.0,3022.0,4974361,TCS,TCS.NS
2025-09-26,2783.547119140625,2899.10009765625,2954.800048828125,2891.300048828125,2941.0,3934636,TCS,TCS.NS
2025-09-29,2780.666748046875,2896.10009765625,2929.300048828125,2894.0,2916.0,3110035,TCS,TCS.NS
2025-09-30,2773.2734375,2888.39990234375,2915.300048828125,2885.10009765625,2911.0,2253458,TCS,TCS.NS
2025-10-01,2798.045166015625,2914.199951171875,2924.800048828125,2866.60009765625,2891.0,1952902,TCS,TCS.NS
2025-10-03,2786.2353515625,2901.89990234375,2924.0,2891.10009765625,2924.0,2899519,TCS,TCS.NS
2025-10-06,2869.287841796875,2988.39990234375,2993.60009765625,2895.60009765625,2902.0,2112774,TCS,TCS.NS
2025-10-07,2855.173583984375,2973.699951171875,3004.5,2955.5,2995.0,3062943,TCS,TCS.NS
2025-10-08,2906.541015625,3027.199951171875,3043.0,2968.0,2975.0,4121889,TCS,TCS.NS
2025-10-09,2939.666015625,3061.699951171875,3066.0,3020.0,3034.0,3211304,TCS,TCS.NS
2025-10-10,2907.59765625,3028.300048828125,3070.0,3006.89990234375,3050.0,8817365,TCS,TCS.NS
2025-10-13,2887.338134765625,3007.199951171875,3035.5,2998.199951171875,3027.0,2866865,TCS,TCS.NS
2025-10-14,2842.307861328125,2960.300048828125,3027.199951171875,2955.5,3021.0,3611416,TCS,TCS.NS
2025-10-15,2862.063720703125,2969.800048828125,2979.699951171875,2951.0,2971.0,4282226,TCS,TCS.NS
2025-10-16,2862.93115234375,2970.699951171875,2975.0,2943.10009765625,2969.89990234375,3251495,TCS,TCS.NS
2025-10-17,2854.73974609375,2962.199951171875,2988.800048828125,2955.39990234375,2970.0,4374683,TCS,TCS.NS
2025-10-20,2905.81689453125,3015.199951171875,3023.0,2978.5,2985.5,3133039,TCS,TCS.NS
2025-10-21,2897.62548828125,3006.699951171875,3031.800048828125,2996.0,3031.10009765625,310644,TCS,TCS.NS
2025-10-23,2961.712890625,3073.199951171875,3098.0,3036.10009765625,3055.0,5564758,TCS,TCS.NS
2025-10-24,2952.075439453125,3063.199951171875,3090.0,3058.300048828125,3080.0,2684318,TCS,TCS.NS
2025-10-27,2972.988525390625,3084.89990234375,3094.199951171875,3060.199951171875,3066.5,1946312,TCS,TCS.NS
2025-10-28,2946.9677734375,3057.89990234375,3090.199951171875,3040.199951171875,3076.0,3470737,TCS,TCS.NS
2025-10-29,2946.678955078125,3057.60009765625,3076.0,3046.10009765625,3057.89990234375,2895420,TCS,TCS.NS
2025-10-30,2925.187744140625,3035.300048828125,3063.800048828125,3032.800048828125,3049.10009765625,2241536,TCS,TCS.NS
2025-10-31,2947.064208984375,3058.0,3067.39990234375,3025.10009765625,3035.0,1868085,TCS,TCS.NS
2025-11-03,2907.359130859375,3016.800048828125,3058.0,3010.0,3046.89990234375,2194877,TCS,TCS.NS
2025-11-04,2881.72412109375,2990.199951171875,3029.300048828125,2976.0,3019.60009765625,2670720,TCS,TCS.NS
2025-11-06,2901.6728515625,3010.89990234375,3024.0,2990.0,2990.10009765625,2542721,TCS,TCS.NS
2025-11-07,2883.265869140625,2991.800048828125,3004.0,2960.5,3001.0,1830520,TCS,TCS.NS
2025-11-10,2915.4541015625,3025.199951171875,3047.89990234375,2992.0,2993.0,1556656,TCS,TCS.NS
2025-11-11,2936.46337890625,3047.0,3055.699951171875,3018.0,3045.0,2806868,TCS,TCS.NS
2025-11-12,3018.18701171875,3131.800048828125,3136.39990234375,3057.10009765625,3060.0,4460315,TCS,TCS.NS
2025-11-13,2993.03369140625,3105.699951171875,3131.89990234375,3102.0,3131.800048828125,1740435,TCS,TCS.NS
2025-11-14,2993.322998046875,3106.0,3113.10009765625,3077.300048828125,3090.0,2210794,TCS,TCS.NS
2025-11-17,2989.66064453125,3102.199951171875,3123.5,3086.60009765625,3106.0,2232853,TCS,TCS.NS
2025-11-18,2975.108642578125,3087.10009765625,3105.0,3078.0,3102.0,2548350,TCS,TCS.NS
2025-11-19,3033.51025390625,3147.699951171875,3155.0,3083.5,3097.0,3151053,TCS,TCS.NS
2025-11-20,3030.715576171875,3144.800048828125,3164.5,3138.10009765625,3148.0,2700767,TCS,TCS.NS
2025-11-21,3036.30517578125,3150.60009765625,3170.0,3135.199951171875,3144.800048828125,4177037,TCS,TCS.NS
2025-11-24,3027.24609375,3141.199951171875,3178.89990234375,3131.0,3158.0,6703764,TCS,TCS.NS
2025-11-25,3006.04443359375,3119.199951171875,3149.800048828125,3115.0,3145.300048828125,2737920,TCS,TCS.NS
2025-11-26,3048.15869140625,3162.89990234375,3178.0,3117.0,3118.800048828125,2508527,TCS,TCS.NS
2025-11-27,3022.81298828125,3136.60009765625,3180.0,3125.0,3180.0,2836233,TCS,TCS.NS
2025-11-28,3023.68017578125,3137.5,3147.300048828125,3125.0,3140.0,1616690,TCS,TCS.NS
2025-12-01,3019.72900390625,3133.39990234375,3154.0,3122.199951171875,3137.89990234375,1747647,TCS,TCS.NS
2025-12-02,3021.94580078125,3135.699951171875,3144.0,3120.39990234375,3131.0,2512003,TCS,TCS.NS
2025-12-03,3064.638427734375,3180.0,3211.89990234375,3139.0,3140.0,3952112,TCS,TCS.NS
2025-12-04,3112.0537109375,3229.199951171875,3250.0,3187.39990234375,3194.0,5025905,TCS,TCS.NS
2025-12-05,3120.727294921875,3238.199951171875,3271.60009765625,3222.39990234375,3230.0,5244013,TCS,TCS.NS
2025-12-08,3119.0888671875,3236.5,3259.89990234375,3208.60009765625,3243.0,2544725,TCS,TCS.NS
2025-12-09,3091.911865234375,3208.300048828125,3233.699951171875,3181.199951171875,3230.0,2734893,TCS,TCS.NS
2025-12-10,3073.504638671875,3189.199951171875,3225.0,3178.10009765625,3225.0,1386849,TCS,TCS.NS
2025-12-11,3076.10693359375,3191.89990234375,3208.39990234375,3153.10009765625,3205.0,1914362,TCS,TCS.NS
2025-12-12,3103.669189453125,3220.5,3223.0,3185.699951171875,3197.699951171875,1146554,TCS,TCS.NS
2025-12-15,3113.017333984375,3230.199951171875,3238.199951171875,3197.300048828125,3211.10009765625,1562190,TCS,TCS.NS
2025-12-16,3088.827880859375,3205.10009765625,3220.0,3191.10009765625,3220.0,1734623,TCS,TCS.NS
2025-12-17,3101.067138671875,3217.800048828125,3236.89990234375,3200.5,3200.5,1376350,TCS,TCS.NS
2025-12-18,3161.78173828125,3280.800048828125,3287.800048828125,3221.0,3228.0,2307422,TCS,TCS.NS
2025-12-19,3162.938232421875,3282.0,3317.89990234375,3278.800048828125,3299.0,3902511,TCS,TCS.NS
2025-12-22,3204.281982421875,3324.89990234375,3328.60009765625,3291.0,3310.0,2632816,TCS,TCS.NS
2025-12-23,3189.922607421875,3310.0,3319.89990234375,3293.5,3319.89990234375,2365420,TCS,TCS.NS
2025-12-24,3198.595947265625,3319.0,3327.10009765625,3296.10009765625,3304.10009765625,1367708,TCS,TCS.NS
2025-12-26,3161.010986328125,3280.0,3320.0,3271.800048828125,3313.10009765625,1176664,TCS,TCS.NS
2025-12-29,3133.544677734375,3251.5,3288.0,3242.89990234375,3280.0,2079473,TCS,TCS.NS
2025-12-30,3129.01513671875,3246.800048828125,3267.5,3239.5,3250.0,2807593,TCS,TCS.NS
2025-12-31,3089.887939453125,3206.199951171875,3246.0,3198.5,3240.0,3362634,TCS,TCS.NS
2026-01-01,3110.31884765625,3227.39990234375,3234.10009765625,3198.199951171875,3215.0,1255735,TCS,TCS.NS
2026-01-02,3132.7734375,3250.699951171875,3254.300048828125,3219.5,3234.0,1184324,TCS,TCS.NS
2026-01-05,3099.428955078125,3216.10009765625,3247.0,3191.0,3240.5,2341703,TCS,TCS.NS
2026-01-06,3137.688720703125,3255.800048828125,3263.199951171875,3205.0,3210.0,2912325,TCS,TCS.NS
2026-01-07,3176.044921875,3295.60009765625,3300.60009765625,3223.199951171875,3242.89990234375,1989442,TCS,TCS.NS
2026-01-08,3087.671630859375,3203.89990234375,3286.89990234375,3182.0,3286.89990234375,4159336,TCS,TCS.NS
2026-01-09,3091.43017578125,3207.800048828125,3229.699951171875,3191.0,3191.0,1938673,TCS,TCS.NS
2026-01-12,3122.076416015625,3239.60009765625,3252.0,3174.300048828125,3203.0,2228342,TCS,TCS.NS
2026-01-13,3149.4462890625,3268.0,3280.0,3210.5,3245.0,5645341,TCS,TCS.NS
2026-01-14,3076.68505859375,3192.5,3260.0,3183.0,3260.0,3539511,TCS,TCS.NS
2026-01-15,3076.68505859375,3192.5,3192.5,3192.5,3192.5,0,TCS,TCS.NS
2026-01-16,3146.54931640625,3206.699951171875,3221.89990234375,3171.0,3219.39990234375,4293470,TCS,TCS.NS
2026-01-19,3104.258056640625,3163.60009765625,3220.0,3152.10009765625,3188.0,3387562,TCS,TCS.NS
2026-01-20,3044.10791015625,3102.300048828125,3160.0,3091.10009765625,3151.60009765625,4499273,TCS,TCS.NS
2026-01-21,3064.027099609375,3122.60009765625,3138.5,3082.0,3100.0,2015150,TCS,TCS.NS
2026-01-22,3091.305419921875,3150.39990234375,3160.0,3122.300048828125,3150.0,2269827,TCS,TCS.NS
2026-01-23,3103.178466796875,3162.5,3194.5,3152.0,3190.300048828125,2068857,TCS,TCS.NS
2026-01-27,3098.762939453125,3158.0,3175.0,3130.0,3175.0,4279874,TCS,TCS.NS
2026-01-28,3140.073486328125,3200.10009765625,3205.199951171875,3170.60009765625,3176.0,2751234,TCS,TCS.NS
2026-01-29,3085.41796875,3144.39990234375,3200.10009765625,3125.60009765625,3200.10009765625,2457641,TCS,TCS.NS
2026-01-30,3065.302734375,3123.89990234375,3141.0,3092.0,3141.0,3022068,TCS,TCS.NS
2026-02-02,3110.1455078125,3169.60009765625,3198.0,3134.0,3198.0,2636272,TCS,TCS.NS
2026-02-03,3164.80078125,3225.300048828125,3350.0,3186.300048828125,3350.0,4366060,TCS,TCS.NS
2026-02-04,2942.84375,2999.10009765625,3120.0,2986.0,3120.0,10852595,TCS,TCS.NS
2026-02-05,2935.38623046875,2991.5,3029.699951171875,2972.300048828125,2990.0,3521545,TCS,TCS.NS
2026-02-06,2886.422119140625,2941.60009765625,2985.0,2916.0,2976.60009765625,4687389,TCS,TCS.NS
2026-02-09,2892.8984375,2948.199951171875,2977.0,2937.5,2959.10009765625,2380318,TCS,TCS.NS
2026-02-10,2928.61572265625,2984.60009765625,3011.60009765625,2943.5,2949.800048828125,3547763,TCS,TCS.NS
2026-02-11,2855.21875,2909.800048828125,2998.0,2904.199951171875,2980.0,3363513,TCS,TCS.NS
2026-02-12,2698.514404296875,2750.10009765625,2880.0,2740.0,2869.800048828125,10612156,TCS,TCS.NS
2026-02-13,2641.700439453125,2692.199951171875,2713.0,2585.0,2585.0,11168735,TCS,TCS.NS
2026-02-16,2655.830322265625,2706.60009765625,2719.800048828125,2671.0,2700.0,2918730,TCS,TCS.NS
2026-02-17,2666.427490234375,2717.39990234375,2760.0,2695.199951171875,2716.0,4209118,TCS,TCS.NS
2026-02-18,2644.349609375,2694.89990234375,2730.0,2657.300048828125,2730.0,2950820,TCS,TCS.NS
2026-02-19,2627.66845703125,2677.89990234375,2748.699951171875,2666.60009765625,2708.0,3238849,TCS,TCS.NS
2026-02-20,2635.81298828125,2686.199951171875,2702.60009765625,2647.5,2667.0,2293482,TCS,TCS.NS
2026-02-23,2626.0986328125,2676.300048828125,2704.0,2660.199951171875,2686.0,4699596,TCS,TCS.NS
2026-02-24,2525.423095703125,2573.699951171875,2647.5,2561.300048828125,2641.0,7798833,TCS,TCS.NS
2026-02-25,2579.980224609375,2629.300048828125,2654.199951171875,2595.0,2596.0,3621285,TCS,TCS.NS
2026-02-26,2598.03515625,2647.699951171875,2671.0,2635.0,2650.0,3464267,TCS,TCS.NS
2026-02-27,2587.92822265625,2637.39990234375,2688.60009765625,2626.10009765625,2681.60009765625,5083717,TCS,TCS.NS
2026-03-02,2564.4765625,2613.5,2623.800048828125,2580.300048828125,2592.0,3374385,TCS,TCS.NS
2026-03-04,2539.2587890625,2587.800048828125,2635.0,2580.39990234375,2625.0,3446434,TCS,TCS.NS
2026-03-05,2530.427490234375,2578.800048828125,2609.5,2546.39990234375,2600.0,2960636,TCS,TCS.NS
2026-03-06,2509.625244140625,2557.60009765625,2619.199951171875,2553.60009765625,2572.0,3998643,TCS,TCS.NS
2026-03-09,2479.99169921875,2527.39990234375,2560.0,2505.0,2530.0,3653428,TCS,TCS.NS
2026-03-10,2465.9599609375,2513.10009765625,2545.199951171875,2490.10009765625,2541.0,4323710,TCS,TCS.NS
2026-03-11,2418.6640625,2464.89990234375,2521.0,2460.10009765625,2508.10009765625,2720664,TCS,TCS.NS
2026-03-12,2396.5859375,2442.39990234375,2472.89990234375,2436.0,2459.800048828125,2752075,TCS,TCS.NS
2026-03-13,2365.284423828125,2410.5,2445.89990234375,2397.0,2437.0,2466488,TCS,TCS.NS
2026-03-16,2364.0087890625,2409.199951171875,2425.0,2366.10009765625,2410.0,3807907,TCS,TCS.NS
2026-03-17,2346.837158203125,2391.699951171875,2420.0,2360.0,2420.0,2993367,TCS,TCS.NS
2026-03-18,2395.01611328125,2440.800048828125,2482.89990234375,2410.0,2410.0,3082388,TCS,TCS.NS
2026-03-19,2311.806640625,2356.0,2424.0,2350.199951171875,2417.0,2757060,TCS,TCS.NS
2026-03-20,2345.7578125,2390.60009765625,2407.800048828125,2364.199951171875,2386.0,4206320,TCS,TCS.NS
2026-03-23,2339.085205078125,2383.800048828125,2406.800048828125,2348.0,2365.0,3860515,TCS,TCS.NS
2026-03-24,2353.803955078125,2398.800048828125,2435.39990234375,2379.10009765625,2404.10009765625,3420182,TCS,TCS.NS
2026-03-25,2332.80517578125,2377.39990234375,2421.60009765625,2369.800048828125,2400.89990234375,5843778,TCS,TCS.NS
2026-03-27,2344.97265625,2389.800048828125,2422.10009765625,2385.0,2403.89990234375,4979411,TCS,TCS.NS
2026-03-30,2314.652099609375,2358.89990234375,2398.0,2346.199951171875,2375.10009765625,6804756,TCS,TCS.NS
2026-04-01,2363.02734375,2408.199951171875,2472.0,2397.89990234375,2429.0,4132661,TCS,TCS.NS
2026-04-02,2404.730224609375,2450.699951171875,2469.89990234375,2375.699951171875,2386.0,5378361,TCS,TCS.NS
2026-04-06,2427.4951171875,2473.89990234375,2482.0,2448.199951171875,2474.0,2572417,TCS,TCS.NS
2026-04-07,2492.1591796875,2539.800048828125,2543.89990234375,2448.0,2461.0,4516550,TCS,TCS.NS
2026-04-08,2511.195068359375,2559.199951171875,2580.300048828125,2540.10009765625,2572.0,4769337,TCS,TCS.NS
2026-04-09,2540.436279296875,2589.0,2605.0,2531.10009765625,2554.0,5628261,TCS,TCS.NS
2026-04-10,2476.94970703125,2524.300048828125,2565.800048828125,2501.10009765625,2565.800048828125,10480239,TCS,TCS.NS
2026-04-13,2426.2197265625,2472.60009765625,2504.89990234375,2470.0,2489.89990234375,3739587,TCS,TCS.NS
2026-04-15,2506.975830078125,2554.89990234375,2559.0,2493.39990234375,2501.89990234375,5261384,TCS,TCS.NS
2026-04-16,2528.56298828125,2576.89990234375,2594.0,2558.0,2572.0,3905403,TCS,TCS.NS
2026-04-17,2533.07666015625,2581.5,2589.0,2555.89990234375,2570.0,2718206,TCS,TCS.NS
2026-04-20,2531.212646484375,2579.60009765625,2594.0,2561.199951171875,2587.10009765625,2288558,TCS,TCS.NS
2026-04-21,2561.532958984375,2610.5,2614.0,2560.0,2560.0,2719959,TCS,TCS.NS
2026-04-22,2490.883544921875,2538.5,2580.0,2503.60009765625,2580.0,5232045,TCS,TCS.NS
2026-04-23,2474.496826171875,2521.800048828125,2559.5,2516.300048828125,2529.0,2509050,TCS,TCS.NS
2026-04-24,2351.939453125,2396.89990234375,2505.0,2388.800048828125,2488.0,5107719,TCS,TCS.NS
2026-04-27,2401.6884765625,2447.60009765625,2459.0,2396.89990234375,2396.89990234375,5853425,TCS,TCS.NS
2026-04-28,2398.8427734375,2444.699951171875,2487.0,2427.39990234375,2444.0,4508363,TCS,TCS.NS
2026-04-29,2428.280029296875,2474.699951171875,2487.89990234375,2447.60009765625,2451.0,2835961,TCS,TCS.NS
2026-04-30,2427.4951171875,2473.89990234375,2491.0,2438.0,2479.0,3970446,TCS,TCS.NS
2026-05-01,2427.4951171875,2473.89990234375,2473.89990234375,2473.89990234375,2473.89990234375,0,TCS,TCS.NS
2026-05-04,2385.6943359375,2431.300048828125,2498.300048828125,2425.0,2494.0,2632358,TCS,TCS.NS
2026-05-05,2381.76953125,2427.300048828125,2460.39990234375,2412.199951171875,2430.0,3385720,TCS,TCS.NS
2026-05-06,2389.71728515625,2435.39990234375,2471.0,2406.5,2441.89990234375,3147628,TCS,TCS.NS
2026-05-07,2356.35498046875,2401.39990234375,2439.699951171875,2398.0,2438.199951171875,5829594,TCS,TCS.NS
2026-05-08,2349.486083984375,2394.39990234375,2407.0,2375.10009765625,2398.0,3792199,TCS,TCS.NS
2026-05-11,2348.014404296875,2392.89990234375,2415.0,2371.0,2371.0,1975188,TCS,TCS.NS
2026-05-12,2257.151611328125,2300.300048828125,2375.0,2283.0,2375.0,6347884,TCS,TCS.NS
2026-05-13,2230.167236328125,2272.800048828125,2309.199951171875,2269.0,2306.0,3171843,TCS,TCS.NS
2026-05-14,2203.8701171875,2246.0,2265.0,2206.39990234375,2265.0,5633313,TCS,TCS.NS
2026-05-15,2221.532470703125,2264.0,2304.89990234375,2252.0,2252.0,3410637,TCS,TCS.NS
2026-05-18,2240.3720703125,2283.199951171875,2292.89990234375,2252.199951171875,2264.0,3773336,TCS,TCS.NS
2026-05-19,2283.448974609375,2327.10009765625,2377.60009765625,2297.10009765625,2300.0,10394707,TCS,TCS.NS
2026-05-20,2283.7431640625,2327.39990234375,2342.0,2317.800048828125,2323.89990234375,2537422,TCS,TCS.NS
2026-05-21,2283.546875,2327.199951171875,2335.89990234375,2314.0,2331.0,3299087,TCS,TCS.NS
2026-05-22,2273.83251953125,2317.300048828125,2340.0,2308.10009765625,2331.10009765625,2617262,TCS,TCS.NS
2026-05-25,2295.61328125,2308.199951171875,2326.10009765625,2293.0,2325.0,3298364,TCS,TCS.NS
2026-05-26,2263.78759765625,2276.199951171875,2327.89990234375,2272.39990234375,2308.199951171875,3587597,TCS,TCS.NS
2026-05-27,2271.744140625,2284.199951171875,2295.60009765625,2260.89990234375,2275.0,2653950,TCS,TCS.NS
2026-05-28,2271.744140625,2284.199951171875,2284.199951171875,2284.199951171875,2284.199951171875,0,TCS,TCS.NS
2026-05-29,2246.58203125,2258.89990234375,2334.0,2235.0,2291.0,16331582,TCS,TCS.NS
2026-06-01,2284.8720703125,2297.39990234375,2335.0,2280.0,2284.0,7505095,TCS,TCS.NS
2026-06-02,2433.556884765625,2446.89990234375,2457.39990234375,2316.199951171875,2320.0,11306127,TCS,TCS.NS
2026-06-03,2229.475830078125,2241.699951171875,2393.0,2224.800048828125,2393.0,15660062,TCS,TCS.NS
2026-06-04,2228.77978515625,2241.0,2253.10009765625,2216.60009765625,2241.699951171875,4867263,TCS,TCS.NS
2026-06-05,2186.9091796875,2198.89990234375,2271.800048828125,2192.0,2262.89990234375,5019717,TCS,TCS.NS
2026-06-08,2139.668212890625,2151.39990234375,2177.0,2143.300048828125,2170.0,6536734,TCS,TCS.NS
2026-06-09,2139.2705078125,2151.0,2174.0,2132.800048828125,2174.0,4148655,TCS,TCS.NS
2026-06-10,2142.154541015625,2153.89990234375,2180.800048828125,2144.800048828125,2151.300048828125,2848650,TCS,TCS.NS
2026-06-11,2123.95458984375,2135.60009765625,2154.60009765625,2110.0,2127.0,3079815,TCS,TCS.NS
2026-06-12,2149.61376953125,2161.39990234375,2168.0,2138.0,2150.0,2124656,TCS,TCS.NS
2026-06-15,2150.21044921875,2162.0,2192.0,2159.300048828125,2192.0,3337083,TCS,TCS.NS
2026-06-16,2187.0087890625,2199.0,2209.0,2160.60009765625,2167.0,3079898,TCS,TCS.NS
2026-06-17,2210.8779296875,2223.0,2231.0,2200.699951171875,2209.0,2865010,TCS,TCS.NS
2026-06-18,2191.285400390625,2203.300048828125,2214.0,2182.0,2209.0,3735188,TCS,TCS.NS
2026-06-19,2113.412353515625,2125.0,2138.0,2059.89990234375,2105.0,13286502,TCS,TCS.NS
2026-06-22,2116.197021484375,2127.800048828125,2157.0,2121.0,2132.199951171875,4566101,TCS,TCS.NS
2026-06-23,2048.368896484375,2059.60009765625,2114.0,2055.0,2111.0,6392736,TCS,TCS.NS
2026-06-24,2097.49951171875,2109.0,2120.699951171875,2061.0,2061.0,4747277,TCS,TCS.NS
2026-06-25,2083.27734375,2094.699951171875,2148.5,2088.0,2133.60009765625,4738903,TCS,TCS.NS
2026-06-26,2083.27734375,2094.699951171875,2094.699951171875,2094.699951171875,2094.699951171875,0,TCS,TCS.NS
2026-06-29,2086.4599609375,2097.89990234375,2105.0,2071.0,2090.0,3412470,TCS,TCS.NS
2026-06-30,2020.422119140625,2031.5,2104.300048828125,2018.800048828125,2090.0,6848411,TCS,TCS.NS
2026-07-01,1971.788818359375,1982.5999755859375,2052.0,1976.800048828125,2039.9000244140625,4658295,TCS,TCS.NS
2026-07-02,2056.82275390625,2068.10009765625,2076.89990234375,2002.5,2008.0,6040621,TCS,TCS.NS
2026-07-03,2082.083984375,2093.5,2116.60009765625,2085.0,2100.0,4028819,TCS,TCS.NS
2026-07-06,2046.3798828125,2057.60009765625,2093.0,2050.60009765625,2090.0,2567386,TCS,TCS.NS
2026-07-07,2084.669921875,2096.10009765625,2122.699951171875,2049.0,2050.0,4769048,TCS,TCS.NS
2026-07-08,2046.2803955078125,2057.5,2109.699951171875,2048.800048828125,2094.0,3666985,TCS,TCS.NS
2026-07-09,2038.323974609375,2049.5,2065.0,2016.0,2057.5,3791498,TCS,TCS.NS
2026-07-10,2057.717529296875,2069.0,2133.300048828125,2064.60009765625,2105.199951171875,6714551,TCS,TCS.NS
2026-07-13,2169.604248046875,2181.5,2204.89990234375,2065.10009765625,2075.0,12382622,TCS,TCS.NS
2026-07-14,2188.60009765625,2200.60009765625,2228.0,2179.0,2182.89990234375,9546290,TCS,TCS.NS
2026-07-15,2189.199951171875,2189.199951171875,2202.89990234375,2145.39990234375,2174.10009765625,5426489,TCS,TCS.NS
2026-07-16,2201.0,2201.0,2231.39990234375,2187.800048828125,2206.0,5197595,TCS,TCS.NS
2026-07-17,2269.0,2269.0,2275.0,2215.10009765625,2224.800048828125,5615138,TCS,TCS.NS
2026-07-20,2251.10009765625,2251.10009765625,2283.39990234375,2245.10009765625,2280.10009765625,2202693,TCS,TCS.NS
2026-07-21,2221.10009765625,2221.10009765625,2259.89990234375,2218.5,2245.10009765625,2382160,TCS,TCS.NS
2026-07-22,2208.300048828125,2208.300048828125,2226.800048828125,2201.0,2216.0,1599665,TCS,TCS.NS
2026-07-23,2242.89990234375,2242.89990234375,2250.0,2193.60009765625,2204.0,2503539,TCS,TCS.NS
2026-07-24,2254.300048828125,2254.300048828125,2264.300048828125,2205.10009765625,2205.10009765625,3211699,TCS,TCS.NS
2026-07-27,2295.60009765625,2295.60009765625,2315.0,2272.39990234375,2286.0,4007292,TCS,TCS.NS
2026-07-28,2398.0,2398.0,2417.39990234375,2323.0,2325.0,8248513,TCS,TCS.NS
2026-07-29,2446.60009765625,2446.60009765625,2475.5,2415.10009765625,2440.0,7169419,TCS,TCS.NS
2026-07-30,2431.800048828125,2431.800048828125,2495.0,2423.0,2440.0,4901582,TCS,TCS.NS
2026-07-31,2365.60009765625,2365.60009765625,2391.0,2326.10009765625,2385.0,4343683,TCS,TCS.NS
2026-08-03,2473.699951171875,2473.699951171875,2473.699951171875,2383.0,2383.89990234375,3036839,TCS,TCS.NS
2026-08-04,2460.0,2460.0,2467.39990234375,2435.10009765625,2463.10009765625,2792792,TCS,TCS.NS
2026-08-05,2413.0,2413.0,2460.89990234375,2408.0,2460.0,3014409,TCS,TCS.NS
2026-08-06,2373.0,2373.0,2434.5,2368.5,2417.0,2729141,TCS,TCS.NS
2026-08-07,2452.699951171875,2452.699951171875,2457.699951171875,2375.0,2375.0,4547979,TCS,TCS.NS
2026-08-10,2425.699951171875,2425.699951171875,2472.89990234375,2423.5,2452.699951171875,2322023,TCS,TCS.NS
2026-08-11,2445.699951171875,2445.699951171875,2456.60009765625,2428.0,2438.0,1514105,TCS,TCS.NS
2026-08-12,2349.699951171875,2349.699951171875,2445.800048828125,2300.10009765625,2445.699951171875,7022647,TCS,TCS.NS
2026-08-13,2375.0,2375.0,2375.0,2332.300048828125,2349.699951171875,2123494,TCS,TCS.NS
2026-08-14,2361.0,2361.0,2390.0,2333.39990234375,2375.10009765625,2232160,TCS,TCS.NS
2026-08-17,2313.199951171875,2313.199951171875,2361.10009765625,2310.60009765625,2351.0,2237636,TCS,TCS.NS
2026-08-18,2280.0,2280.0,2307.0,2280.0,2300.0,1797822,TCS,TCS.NS
2026-08-19,2289.0,2289.0,2308.199951171875,2258.300048828125,2293.60009765625,3368922,TCS,TCS.NS
2026-08-20,2298.0,2298.0,2329.0,2288.10009765625,2319.39990234375,2047848,TCS,TCS.NS
2026-08-21,2302.0,2302.0,2307.199951171875,2263.300048828125,2290.10009765625,2066749,TCS,TCS.NS
2026-08-24,2284.10009765625,2284.10009765625,2321.60009765625,2279.5,2302.39990234375,1542723,TCS,TCS.NS
2026-08-25,2296.199951171875,2296.199951171875,2313.5,2262.0,2305.0,3041609,TCS,TCS.NS
2026-08-26,2270.0,2270.0,2306.300048828125,2266.39990234375,2305.10009765625,1660737,TCS,TCS.NS
2026-08-27,2248.39990234375,2248.39990234375,2283.60009765625,2243.89990234375,2270.0,1709113,TCS,TCS.NS
2026-08-28,2342.0,2342.0,2348.5,2263.300048828125,2272.0,4054069,TCS,TCS.NS
2026-08-31,2399.300048828125,2399.300048828125,2399.300048828125,2306.199951171875,2342.0,2905846,TCS,TCS.NS
2026-09-01,2369.0,2369.0,2372.0,2325.0,2355.0,2678034,TCS,TCS.NS
2026-09-02,2348.0,2348.0,2363.0,2303.5,2347.89990234375,2533005,TCS,TCS.NS
2026-09-03,2320.10009765625,2320.10009765625,2353.60009765625,2316.10009765625,2353.60009765625,1891690,TCS,TCS.NS
