Date,Adj Close,Close,High,Low,Open,Volume,Company,Ticker
2021-09-03,299.20599365234375,327.54998779296875,328.3500061035156,324.75,326.5,7549940,Wipro,WIPRO.NS
2021-09-06,313.5246887207031,343.2250061035156,344.3500061035156,328.32501220703125,328.32501220703125,24676832,Wipro,WIPRO.NS
2021-09-07,307.9524841308594,337.125,345.0,336.375,345.0,12812218,Wipro,WIPRO.NS
2021-09-08,302.4488525390625,331.1000061035156,337.70001220703125,330.0,337.70001220703125,13432462,Wipro,WIPRO.NS
2021-09-09,302.517333984375,331.17498779296875,332.2749938964844,327.0,330.45001220703125,11611460,Wipro,WIPRO.NS
2021-09-13,306.3539123535156,335.375,335.92498779296875,328.92498779296875,331.17498779296875,11177578,Wipro,WIPRO.NS
2021-09-14,307.58709716796875,336.7250061035156,337.8500061035156,335.0,335.5,7322676,Wipro,WIPRO.NS
2021-09-15,307.86114501953125,337.0249938964844,340.2749938964844,335.0,337.0,8290832,Wipro,WIPRO.NS
2021-09-16,305.0293884277344,333.92498779296875,340.375,332.5,339.875,9315692,Wipro,WIPRO.NS
2021-09-17,303.84185791015625,332.625,337.20001220703125,331.375,335.70001220703125,10815562,Wipro,WIPRO.NS
2021-09-20,302.58587646484375,331.25,335.25,326.70001220703125,328.875,9092860,Wipro,WIPRO.NS
2021-09-21,304.91522216796875,333.79998779296875,334.5,328.54998779296875,330.25,7367102,Wipro,WIPRO.NS
2021-09-22,305.16644287109375,334.07501220703125,337.25,331.5,334.5,9583304,Wipro,WIPRO.NS
2021-09-23,307.97528076171875,337.1499938964844,338.5,335.70001220703125,336.45001220703125,6462586,Wipro,WIPRO.NS
2021-09-24,308.9801025390625,338.25,349.57501220703125,337.5,340.25,24253176,Wipro,WIPRO.NS
2021-09-27,298.65802001953125,326.95001220703125,339.17498779296875,325.5,339.0249938964844,16798164,Wipro,WIPRO.NS
2021-09-28,292.12664794921875,319.79998779296875,326.95001220703125,317.625,326.95001220703125,16224924,Wipro,WIPRO.NS
2021-09-29,292.65191650390625,320.375,323.25,313.67498779296875,314.9750061035156,17679132,Wipro,WIPRO.NS
2021-09-30,289.6146545410156,317.04998779296875,323.375,316.2749938964844,319.375,12027918,Wipro,WIPRO.NS
2021-10-01,290.5965881347656,318.125,319.875,315.1000061035156,317.3999938964844,8417708,Wipro,WIPRO.NS
2021-10-04,292.7889099121094,320.5249938964844,321.79998779296875,317.9750061035156,319.95001220703125,10494244,Wipro,WIPRO.NS
2021-10-05,295.43792724609375,323.42498779296875,324.75,317.0249938964844,318.2250061035156,10912148,Wipro,WIPRO.NS
2021-10-06,290.3682556152344,317.875,325.2250061035156,317.20001220703125,325.20001220703125,9673198,Wipro,WIPRO.NS
2021-10-07,293.6567077636719,321.4750061035156,324.2749938964844,318.45001220703125,319.5,7448686,Wipro,WIPRO.NS
2021-10-08,301.9692687988281,330.57501220703125,333.7749938964844,322.5,323.07501220703125,22091966,Wipro,WIPRO.NS
2021-10-11,298.15557861328125,326.3999938964844,333.1499938964844,317.5,324.4750061035156,20422932,Wipro,WIPRO.NS
2021-10-12,301.032958984375,329.54998779296875,331.20001220703125,321.2749938964844,326.0,18680432,Wipro,WIPRO.NS
2021-10-13,307.1988220214844,336.29998779296875,337.3500061035156,328.0,332.5,18925882,Wipro,WIPRO.NS
2021-10-14,323.48138427734375,354.125,369.92498779296875,347.5,348.5,118377606,Wipro,WIPRO.NS
2021-10-18,324.16650390625,354.875,360.3999938964844,351.20001220703125,359.5,21198892,Wipro,WIPRO.NS
2021-10-19,324.9886169433594,355.7749938964844,364.9750061035156,354.0,358.54998779296875,21865148,Wipro,WIPRO.NS
2021-10-20,320.60400390625,350.9750061035156,361.375,347.875,356.79998779296875,16108782,Wipro,WIPRO.NS
2021-10-21,318.0234375,348.1499938964844,354.5,340.8500061035156,354.4750061035156,15916912,Wipro,WIPRO.NS
2021-10-22,311.67486572265625,341.20001220703125,352.75,339.125,350.875,10758302,Wipro,WIPRO.NS
2021-10-25,304.9608459472656,333.8500061035156,342.1000061035156,330.3999938964844,341.375,17621916,Wipro,WIPRO.NS
2021-10-26,305.16644287109375,334.07501220703125,339.3999938964844,332.5,335.5249938964844,12193966,Wipro,WIPRO.NS
2021-10-27,306.5137634277344,335.54998779296875,337.2749938964844,331.7250061035156,334.07501220703125,12631178,Wipro,WIPRO.NS
2021-10-28,300.0281677246094,328.45001220703125,335.79998779296875,327.5,335.5,10357542,Wipro,WIPRO.NS
2021-10-29,295.3923034667969,323.375,329.70001220703125,322.125,329.125,13522634,Wipro,WIPRO.NS
2021-11-01,299.3658752441406,327.7250061035156,328.4750061035156,323.75,325.54998779296875,8802466,Wipro,WIPRO.NS
2021-11-02,298.61224365234375,326.8999938964844,330.5,325.54998779296875,328.5,8079378,Wipro,WIPRO.NS
2021-11-03,298.0185241699219,326.25,330.92498779296875,325.1000061035156,329.70001220703125,6871182,Wipro,WIPRO.NS
2021-11-04,298.566650390625,326.8500061035156,328.82501220703125,323.70001220703125,327.5,1565810,Wipro,WIPRO.NS
2021-11-08,300.6904296875,329.17498779296875,330.5,323.75,326.4750061035156,9504460,Wipro,WIPRO.NS
2021-11-09,300.736083984375,329.2250061035156,333.125,328.3500061035156,331.54998779296875,8284130,Wipro,WIPRO.NS
2021-11-10,298.0641784667969,326.29998779296875,329.5,325.7749938964844,327.95001220703125,8091390,Wipro,WIPRO.NS
2021-11-11,293.1314392089844,320.8999938964844,324.875,318.3999938964844,324.875,12067796,Wipro,WIPRO.NS
2021-11-12,301.46685791015625,330.0249938964844,331.25,322.8999938964844,324.0,12126506,Wipro,WIPRO.NS
2021-11-15,300.9416198730469,329.45001220703125,333.0,328.57501220703125,330.7749938964844,9435996,Wipro,WIPRO.NS
2021-11-16,302.10626220703125,330.7250061035156,334.375,327.32501220703125,329.20001220703125,11327094,Wipro,WIPRO.NS
2021-11-17,302.2661437988281,330.8999938964844,334.0,329.0,330.7250061035156,8854994,Wipro,WIPRO.NS
2021-11-18,297.5389709472656,325.7250061035156,332.9750061035156,322.625,331.70001220703125,7842498,Wipro,WIPRO.NS
2021-11-22,294.1590881347656,322.0249938964844,330.2250061035156,319.0,329.0,11582434,Wipro,WIPRO.NS
2021-11-23,293.5881652832031,321.3999938964844,324.4750061035156,313.0249938964844,321.3500061035156,9134924,Wipro,WIPRO.NS
2021-11-24,290.7107849121094,318.25,323.79998779296875,316.54998779296875,322.1499938964844,7985552,Wipro,WIPRO.NS
2021-11-25,290.8021240234375,318.3500061035156,320.8999938964844,316.5,318.5,6661362,Wipro,WIPRO.NS
2021-11-26,283.83697509765625,310.7250061035156,317.20001220703125,309.82501220703125,316.0,8277074,Wipro,WIPRO.NS
2021-11-29,288.0160217285156,315.29998779296875,316.42498779296875,301.9750061035156,308.2749938964844,10376060,Wipro,WIPRO.NS
2021-11-30,291.0533142089844,318.625,322.75,315.25,315.29998779296875,26850200,Wipro,WIPRO.NS
2021-12-01,289.934326171875,317.3999938964844,322.9750061035156,316.625,321.29998779296875,9453644,Wipro,WIPRO.NS
2021-12-02,295.4151611328125,323.3999938964844,324.04998779296875,314.5,318.45001220703125,10210456,Wipro,WIPRO.NS
2021-12-03,292.65191650390625,320.375,326.9750061035156,319.95001220703125,322.375,13405010,Wipro,WIPRO.NS
2021-12-06,285.2300109863281,312.25,322.1000061035156,311.57501220703125,318.625,9409906,Wipro,WIPRO.NS
2021-12-07,288.8382263183594,316.20001220703125,317.2749938964844,311.5,314.0,8557090,Wipro,WIPRO.NS
2021-12-08,293.0858154296875,320.8500061035156,326.5,319.125,319.5,15360658,Wipro,WIPRO.NS
2021-12-09,293.77093505859375,321.6000061035156,323.79998779296875,318.92498779296875,320.875,6865604,Wipro,WIPRO.NS
2021-12-10,291.5101013183594,319.125,322.95001220703125,317.54998779296875,321.07501220703125,8525212,Wipro,WIPRO.NS
2021-12-13,294.7757263183594,322.70001220703125,328.2749938964844,320.1000061035156,321.75,13123680,Wipro,WIPRO.NS
2021-12-14,295.4608154296875,323.45001220703125,325.95001220703125,319.625,323.0,8609412,Wipro,WIPRO.NS
2021-12-15,290.6651306152344,318.20001220703125,323.3500061035156,317.67498779296875,323.3500061035156,7123544,Wipro,WIPRO.NS
2021-12-16,294.2732849121094,322.1499938964844,324.95001220703125,319.70001220703125,322.0,12437240,Wipro,WIPRO.NS
2021-12-17,306.3767395019531,335.3999938964844,338.3999938964844,325.04998779296875,330.0,104600018,Wipro,WIPRO.NS
2021-12-20,304.16162109375,332.9750061035156,338.75,331.5,333.7749938964844,26298202,Wipro,WIPRO.NS
2021-12-21,315.51141357421875,345.3999938964844,348.54998779296875,335.5,338.0,27362096,Wipro,WIPRO.NS
2021-12-22,313.15924072265625,342.82501220703125,347.95001220703125,340.6000061035156,347.95001220703125,12327754,Wipro,WIPRO.NS
2021-12-23,317.22418212890625,347.2749938964844,351.0,344.54998779296875,345.04998779296875,12944908,Wipro,WIPRO.NS
2021-12-24,319.0054626464844,349.2250061035156,351.20001220703125,345.07501220703125,348.875,13182426,Wipro,WIPRO.NS
2021-12-27,319.5306701660156,349.79998779296875,350.5,345.57501220703125,349.92498779296875,10188656,Wipro,WIPRO.NS
2021-12-28,322.2025146484375,352.7250061035156,353.75,350.7749938964844,351.5,10158044,Wipro,WIPRO.NS
2021-12-29,321.4032897949219,351.8500061035156,355.0,350.0249938964844,352.625,7898416,Wipro,WIPRO.NS
2021-12-30,326.1532897949219,357.04998779296875,359.95001220703125,352.0,352.54998779296875,18087350,Wipro,WIPRO.NS
2021-12-31,326.72418212890625,357.67498779296875,359.3999938964844,354.54998779296875,357.8999938964844,8549558,Wipro,WIPRO.NS
2022-01-03,328.2542724609375,359.3500061035156,363.3999938964844,358.0,359.0,9280810,Wipro,WIPRO.NS
2022-01-04,329.5331115722656,360.75,361.54998779296875,355.7749938964844,361.375,10228800,Wipro,WIPRO.NS
2022-01-05,325.8792419433594,356.75,360.42498779296875,351.5,360.0,14711264,Wipro,WIPRO.NS
2022-01-06,322.339599609375,352.875,356.125,349.9750061035156,352.8999938964844,12883220,Wipro,WIPRO.NS
2022-01-07,324.9658203125,355.75,360.75,353.79998779296875,354.0,13120326,Wipro,WIPRO.NS
2022-01-10,316.7445983886719,346.75,354.5,345.0,354.5,27537820,Wipro,WIPRO.NS
2022-01-11,317.0414733886719,347.07501220703125,349.2250061035156,344.5,347.5,15487458,Wipro,WIPRO.NS
2022-01-12,315.76263427734375,345.67498779296875,350.875,341.6000061035156,350.0,23460682,Wipro,WIPRO.NS
2022-01-13,296.76251220703125,324.875,333.0,324.0,331.6000061035156,61505934,Wipro,WIPRO.NS
2022-01-14,292.218017578125,319.8999938964844,324.625,318.25,324.625,26514548,Wipro,WIPRO.NS
2022-01-17,295.34661865234375,323.32501220703125,325.82501220703125,316.5249938964844,319.75,20457876,Wipro,WIPRO.NS
2022-01-18,289.24920654296875,316.6499938964844,325.0,315.57501220703125,324.45001220703125,14329980,Wipro,WIPRO.NS
2022-01-19,283.699951171875,310.57501220703125,315.82501220703125,309.5,315.5,17382766,Wipro,WIPRO.NS
2022-01-20,280.982421875,307.6000061035156,311.20001220703125,305.25,310.32501220703125,16827124,Wipro,WIPRO.NS
2022-01-21,276.7964782714844,302.5249938964844,305.5,300.3999938964844,305.0,19646694,Wipro,WIPRO.NS
2022-01-24,262.01995849609375,286.375,302.75,284.2250061035156,302.75,26150716,Wipro,WIPRO.NS
2022-01-25,257.4223327636719,281.3500061035156,286.0,275.3500061035156,281.25,34712370,Wipro,WIPRO.NS
2022-01-27,249.21054077148438,272.375,278.45001220703125,268.6000061035156,277.5,31351744,Wipro,WIPRO.NS
2022-01-28,252.59593200683594,276.07501220703125,282.4750061035156,273.32501220703125,275.04998779296875,29899780,Wipro,WIPRO.NS
2022-01-31,261.9512939453125,286.29998779296875,287.20001220703125,281.2749938964844,284.5,26252174,Wipro,WIPRO.NS
2022-02-01,263.8041076660156,288.32501220703125,291.20001220703125,283.2250061035156,289.95001220703125,20920202,Wipro,WIPRO.NS
2022-02-02,268.9964599609375,294.0,295.0,287.5,291.0,16368826,Wipro,WIPRO.NS
2022-02-03,264.53607177734375,289.125,294.3999938964844,288.07501220703125,292.3500061035156,14082780,Wipro,WIPRO.NS
2022-02-04,261.5624694824219,285.875,288.8999938964844,284.0249938964844,288.5,13633558,Wipro,WIPRO.NS
2022-02-07,254.8146514892578,278.5,286.8999938964844,277.79998779296875,285.95001220703125,15091358,Wipro,WIPRO.NS
2022-02-08,256.301513671875,280.125,282.8999938964844,277.2250061035156,280.70001220703125,13953814,Wipro,WIPRO.NS
2022-02-09,260.28155517578125,284.4750061035156,285.375,281.6499938964844,282.20001220703125,10207476,Wipro,WIPRO.NS
2022-02-10,262.4316711425781,286.82501220703125,287.375,283.1000061035156,286.20001220703125,11603824,Wipro,WIPRO.NS
2022-02-11,256.8504638671875,280.7250061035156,283.0,278.54998779296875,283.0,15442458,Wipro,WIPRO.NS
2022-02-14,247.81529235839844,270.8500061035156,278.57501220703125,270.0,275.0,16241546,Wipro,WIPRO.NS
2022-02-15,257.7196350097656,281.67498779296875,282.625,271.625,272.79998779296875,13676992,Wipro,WIPRO.NS
2022-02-16,257.9712829589844,281.95001220703125,285.1499938964844,278.7749938964844,282.57501220703125,14607822,Wipro,WIPRO.NS
2022-02-17,258.42877197265625,282.45001220703125,286.20001220703125,280.57501220703125,286.0,14228840,Wipro,WIPRO.NS
2022-02-18,257.30792236328125,281.2250061035156,282.8500061035156,277.67498779296875,279.5,13411838,Wipro,WIPRO.NS
2022-02-21,261.12786865234375,285.3999938964844,286.3500061035156,277.70001220703125,277.875,17534002,Wipro,WIPRO.NS
2022-02-22,258.0856628417969,282.07501220703125,284.5,278.04998779296875,278.125,21490124,Wipro,WIPRO.NS
2022-02-23,259.4352111816406,283.54998779296875,285.45001220703125,281.32501220703125,284.6000061035156,14408512,Wipro,WIPRO.NS
2022-02-24,245.7337646484375,268.57501220703125,278.45001220703125,265.57501220703125,274.0,26953888,Wipro,WIPRO.NS
2022-02-25,254.01409912109375,277.625,279.375,273.75,274.0,15922624,Wipro,WIPRO.NS
2022-02-28,254.26571655273438,277.8999938964844,280.04998779296875,272.04998779296875,275.5,18316874,Wipro,WIPRO.NS
2022-03-02,253.99124145507812,277.6000061035156,279.1499938964844,275.20001220703125,277.5,16354110,Wipro,WIPRO.NS
2022-03-03,260.5559997558594,284.7749938964844,287.9750061035156,280.17498779296875,281.5,25911326,Wipro,WIPRO.NS
2022-03-04,263.1864929199219,287.6499938964844,290.0,277.0249938964844,280.5,26948372,Wipro,WIPRO.NS
2022-03-07,261.6081848144531,285.92498779296875,289.82501220703125,281.125,281.5,21112334,Wipro,WIPRO.NS
2022-03-08,268.7448425292969,293.7250061035156,295.375,286.0,286.0,22039998,Wipro,WIPRO.NS
2022-03-09,267.852783203125,292.75,298.20001220703125,291.07501220703125,294.0,23527232,Wipro,WIPRO.NS
2022-03-10,269.11083984375,294.125,298.25,292.29998779296875,297.5,16161966,Wipro,WIPRO.NS
2022-03-11,268.17303466796875,293.1000061035156,295.0,291.20001220703125,293.5,9927188,Wipro,WIPRO.NS
2022-03-14,273.639892578125,299.07501220703125,300.3999938964844,293.0,293.20001220703125,15006442,Wipro,WIPRO.NS
2022-03-15,268.8592529296875,293.8500061035156,301.8500061035156,292.1499938964844,301.8500061035156,13853244,Wipro,WIPRO.NS
2022-03-16,273.68560791015625,299.125,299.7250061035156,296.25,297.625,11150296,Wipro,WIPRO.NS
2022-03-17,275.03515625,300.6000061035156,305.5,299.5,302.5,16881290,Wipro,WIPRO.NS
2022-03-21,274.4861755371094,300.0,308.0,299.0,302.54998779296875,15592952,Wipro,WIPRO.NS
2022-03-22,279.08380126953125,305.0249938964844,305.5,298.07501220703125,301.70001220703125,15580500,Wipro,WIPRO.NS
2022-03-23,279.6099548339844,305.6000061035156,307.5,303.8500061035156,306.9750061035156,11393836,Wipro,WIPRO.NS
2022-03-24,279.3126220703125,305.2749938964844,306.8999938964844,302.8999938964844,303.5,7751490,Wipro,WIPRO.NS
2022-03-25,276.01873779296875,301.67498779296875,307.0,298.625,305.5,11986194,Wipro,WIPRO.NS
2022-03-28,274.5776672363281,300.1000061035156,304.5,298.54998779296875,304.0,11476810,Wipro,WIPRO.NS
2022-03-29,275.6298828125,301.25,302.67498779296875,299.57501220703125,301.5,9402006,Wipro,WIPRO.NS
2022-03-30,274.8521423339844,300.3999938964844,304.6499938964844,299.75,302.54998779296875,15488764,Wipro,WIPRO.NS
2022-03-31,270.7806396484375,295.95001220703125,301.6499938964844,295.1000061035156,300.0,14476178,Wipro,WIPRO.NS
2022-04-01,275.30963134765625,300.8999938964844,301.70001220703125,294.6499938964844,295.8500061035156,8567994,Wipro,WIPRO.NS
2022-04-04,277.04803466796875,302.79998779296875,303.25,299.5,302.5,8855948,Wipro,WIPRO.NS
2022-04-05,276.3791809082031,299.57501220703125,304.75,299.0249938964844,302.7250061035156,12862488,Wipro,WIPRO.NS
2022-04-06,273.7960205078125,296.7749938964844,299.0,295.5,299.0,8235902,Wipro,WIPRO.NS
2022-04-07,267.9376220703125,290.42498779296875,296.0,288.75,296.0,15721530,Wipro,WIPRO.NS
2022-04-08,269.2292785644531,291.82501220703125,293.5,290.25,293.0,8636632,Wipro,WIPRO.NS
2022-04-11,263.44012451171875,285.54998779296875,292.125,284.04998779296875,292.0,17164216,Wipro,WIPRO.NS
2022-04-12,257.7202453613281,279.3500061035156,284.0,278.1000061035156,284.0,16338532,Wipro,WIPRO.NS
2022-04-13,257.9508056640625,279.6000061035156,282.75,277.29998779296875,280.0,11204576,Wipro,WIPRO.NS
2022-04-18,248.4483642578125,269.29998779296875,274.92498779296875,268.0,274.92498779296875,18930062,Wipro,WIPRO.NS
2022-04-19,244.68890380859375,265.2250061035156,272.7749938964844,263.0249938964844,272.0,13286008,Wipro,WIPRO.NS
2022-04-20,247.47967529296875,268.25,270.2749938964844,265.67498779296875,268.0,8660976,Wipro,WIPRO.NS
2022-04-21,248.7251434326172,269.6000061035156,271.25,268.67498779296875,270.5,13388782,Wipro,WIPRO.NS
2022-04-22,248.033203125,268.8500061035156,270.42498779296875,265.32501220703125,267.5,9782424,Wipro,WIPRO.NS
2022-04-25,244.18145751953125,264.67498779296875,265.57501220703125,261.6499938964844,264.9750061035156,9473768,Wipro,WIPRO.NS
2022-04-26,244.13534545898438,264.625,268.875,263.54998779296875,268.5,8718740,Wipro,WIPRO.NS
2022-04-27,239.3841094970703,259.4750061035156,263.5,257.25,263.5,16275078,Wipro,WIPRO.NS
2022-04-28,241.04470825195312,261.2749938964844,263.32501220703125,258.0,262.0,13241338,Wipro,WIPRO.NS
2022-04-29,234.7020263671875,254.39999389648438,264.25,253.5,264.25,24151260,Wipro,WIPRO.NS
2022-05-02,228.33631896972656,247.5,259.5,246.3000030517578,257.75,43822854,Wipro,WIPRO.NS
2022-05-04,226.837158203125,245.875,251.9250030517578,244.625,250.0,17267854,Wipro,WIPRO.NS
2022-05-05,231.17320251464844,250.5749969482422,251.85000610351562,248.14999389648438,250.5,10869532,Wipro,WIPRO.NS
2022-05-06,223.76959228515625,242.5500030517578,245.4499969482422,240.5,245.0,18441782,Wipro,WIPRO.NS
2022-05-09,222.87008666992188,241.5749969482422,244.6750030517578,237.3000030517578,241.0,16675250,Wipro,WIPRO.NS
2022-05-10,220.33297729492188,238.8249969482422,241.875,238.0749969482422,241.5,14969534,Wipro,WIPRO.NS
2022-05-11,217.68060302734375,235.9499969482422,240.97500610351562,231.27499389648438,240.02499389648438,21029342,Wipro,WIPRO.NS
2022-05-12,218.55703735351562,236.89999389648438,238.0,231.0749969482422,234.0500030517578,14573000,Wipro,WIPRO.NS
2022-05-13,216.18142700195312,234.3249969482422,239.75,233.5,239.75,16775318,Wipro,WIPRO.NS
2022-05-16,215.88157653808594,234.0,237.1750030517578,232.5,237.0,7314066,Wipro,WIPRO.NS
2022-05-17,224.48458862304688,243.3249969482422,244.5,234.14999389648438,235.5,11321450,Wipro,WIPRO.NS
2022-05-18,221.99363708496094,240.625,247.625,240.3000030517578,245.4499969482422,15390968,Wipro,WIPRO.NS
2022-05-19,208.1089324951172,225.5749969482422,236.89999389648438,225.0,233.0749969482422,22945978,Wipro,WIPRO.NS
2022-05-20,212.0067901611328,229.8000030517578,231.10000610351562,227.5,231.0,12731912,Wipro,WIPRO.NS
2022-05-23,214.9590301513672,233.0,233.89999389648438,228.75,231.89999389648438,14111568,Wipro,WIPRO.NS
2022-05-24,212.1682586669922,229.97500610351562,234.8000030517578,229.0,234.22500610351562,13779460,Wipro,WIPRO.NS
2022-05-25,205.20285034179688,222.4250030517578,230.4250030517578,221.60000610351562,230.0749969482422,15481506,Wipro,WIPRO.NS
2022-05-26,209.123779296875,226.6750030517578,227.35000610351562,222.0,223.0,11583082,Wipro,WIPRO.NS
2022-05-27,215.39727783203125,233.47500610351562,233.97500610351562,228.125,230.0,11414472,Wipro,WIPRO.NS
2022-05-30,219.68719482421875,238.125,240.75,236.5749969482422,236.5749969482422,12291148,Wipro,WIPRO.NS
2022-05-31,220.51751708984375,239.02499389648438,240.375,235.1999969482422,237.9499969482422,31587004,Wipro,WIPRO.NS
2022-06-01,217.150146484375,235.375,239.47500610351562,234.25,239.47500610351562,10514566,Wipro,WIPRO.NS
2022-06-02,218.71849060058594,237.0749969482422,238.22500610351562,234.0500030517578,235.89999389648438,10535040,Wipro,WIPRO.NS
2022-06-03,219.3412322998047,237.75,244.0,237.25,239.8249969482422,23269778,Wipro,WIPRO.NS
2022-06-06,218.28030395507812,236.60000610351562,237.75,232.10000610351562,236.0,13791156,Wipro,WIPRO.NS
2022-06-07,215.7201385498047,233.8249969482422,235.375,232.5749969482422,235.0,4701342,Wipro,WIPRO.NS
2022-06-08,216.98867797851562,235.1999969482422,236.0,232.14999389648438,235.52499389648438,5627652,Wipro,WIPRO.NS
2022-06-09,219.1336669921875,237.52499389648438,238.0749969482422,232.125,233.52499389648438,7402238,Wipro,WIPRO.NS
2022-06-10,212.6295623779297,230.47500610351562,233.60000610351562,228.14999389648438,233.60000610351562,17453098,Wipro,WIPRO.NS
2022-06-13,205.77944946289062,223.0500030517578,226.5,222.5,225.02499389648438,14130822,Wipro,WIPRO.NS
2022-06-14,205.6871795654297,222.9499969482422,226.85000610351562,219.0,220.0,13056384,Wipro,WIPRO.NS
2022-06-15,203.0117645263672,220.0500030517578,225.3249969482422,219.64999389648438,224.22500610351562,11391596,Wipro,WIPRO.NS
2022-06-16,194.80084228515625,211.14999389648438,223.375,209.875,223.0,17944686,Wipro,WIPRO.NS
2022-06-17,186.9128875732422,202.60000610351562,209.375,201.02499389648438,208.0,41550546,Wipro,WIPRO.NS
2022-06-20,191.2720184326172,207.3249969482422,208.9499969482422,202.0749969482422,204.5,20750838,Wipro,WIPRO.NS
2022-06-21,196.1155242919922,212.5749969482422,213.375,208.3249969482422,210.0,12187804,Wipro,WIPRO.NS
2022-06-22,189.70367431640625,205.625,211.35000610351562,205.14999389648438,211.35000610351562,16202862,Wipro,WIPRO.NS
2022-06-23,193.30166625976562,209.52499389648438,210.39999389648438,205.64999389648438,206.25,19655010,Wipro,WIPRO.NS
2022-06-24,193.16329956054688,209.375,213.0,207.875,210.5,15362102,Wipro,WIPRO.NS
2022-06-27,196.0001983642578,212.4499969482422,215.375,212.0,213.5,12447870,Wipro,WIPRO.NS
2022-06-28,197.084228515625,213.625,214.5500030517578,207.85000610351562,211.0,12091828,Wipro,WIPRO.NS
2022-06-29,194.0858612060547,210.375,212.39999389648438,208.6999969482422,210.0,16684176,Wipro,WIPRO.NS
2022-06-30,191.91781616210938,208.02499389648438,211.5,207.5,210.9499969482422,12123284,Wipro,WIPRO.NS
2022-07-01,194.66246032714844,211.0,211.60000610351562,205.6999969482422,207.5,8907248,Wipro,WIPRO.NS
2022-07-04,193.87828063964844,210.14999389648438,210.875,208.0,210.47500610351562,6372716,Wipro,WIPRO.NS
2022-07-05,190.7876739501953,206.8000030517578,211.52499389648438,206.52499389648438,210.5500030517578,11513210,Wipro,WIPRO.NS
2022-07-06,191.91781616210938,208.02499389648438,209.3000030517578,206.5500030517578,209.3000030517578,10522910,Wipro,WIPRO.NS
2022-07-07,194.1089324951172,210.39999389648438,211.97500610351562,208.60000610351562,210.0,10706024,Wipro,WIPRO.NS
2022-07-08,193.32473754882812,209.5500030517578,212.35000610351562,208.27499389648438,212.0,9535432,Wipro,WIPRO.NS
2022-07-11,189.68060302734375,205.60000610351562,207.5,202.77499389648438,207.375,16689574,Wipro,WIPRO.NS
2022-07-12,188.73495483398438,204.5749969482422,207.4250030517578,204.0,204.5,9777472,Wipro,WIPRO.NS
2022-07-13,187.60479736328125,203.35000610351562,206.0,202.6750030517578,206.0,11956780,Wipro,WIPRO.NS
2022-07-14,185.18304443359375,200.72500610351562,205.3000030517578,200.25,205.3000030517578,13161242,Wipro,WIPRO.NS
2022-07-15,181.6772918701172,196.9250030517578,202.0500030517578,195.5,200.47500610351562,22328354,Wipro,WIPRO.NS
2022-07-18,186.70530700683594,202.375,202.85000610351562,198.3249969482422,199.5,13632394,Wipro,WIPRO.NS
2022-07-19,187.1204376220703,202.8249969482422,203.89999389648438,200.60000610351562,201.5,12897178,Wipro,WIPRO.NS
2022-07-20,190.09573364257812,206.0500030517578,208.75,203.5500030517578,205.39999389648438,25237412,Wipro,WIPRO.NS
2022-07-21,190.97218322753906,207.0,208.75,201.3000030517578,204.4250030517578,45382342,Wipro,WIPRO.NS
2022-07-22,189.5191650390625,205.4250030517578,208.6999969482422,204.52499389648438,207.875,15468542,Wipro,WIPRO.NS
2022-07-25,191.34120178222656,207.39999389648438,207.8249969482422,204.27499389648438,205.25,12535662,Wipro,WIPRO.NS
2022-07-26,186.9128875732422,202.60000610351562,207.6999969482422,202.14999389648438,207.39999389648438,15186298,Wipro,WIPRO.NS
2022-07-27,187.5817413330078,203.3249969482422,203.6999969482422,200.97500610351562,202.47500610351562,14084158,Wipro,WIPRO.NS
2022-07-28,191.89476013183594,208.0,208.5,205.4499969482422,205.89999389648438,15898464,Wipro,WIPRO.NS
2022-07-29,195.44667053222656,211.85000610351562,212.14999389648438,208.89999389648438,210.3000030517578,15919784,Wipro,WIPRO.NS
2022-08-01,197.8914794921875,214.5,215.4499969482422,211.3000030517578,213.10000610351562,10365748,Wipro,WIPRO.NS
2022-08-02,198.16822814941406,214.8000030517578,215.8249969482422,212.3249969482422,214.47500610351562,16912426,Wipro,WIPRO.NS
2022-08-03,199.436767578125,216.1750030517578,216.5,213.75,214.5,12034938,Wipro,WIPRO.NS
2022-08-04,200.8898162841797,217.75,220.14999389648438,213.5500030517578,218.52499389648438,17789134,Wipro,WIPRO.NS
2022-08-05,202.9656219482422,220.0,221.0,218.0749969482422,218.0749969482422,12967586,Wipro,WIPRO.NS
2022-08-08,201.05126953125,217.9250030517578,221.39999389648438,217.60000610351562,221.39999389648438,9557496,Wipro,WIPRO.NS
2022-08-10,198.4219512939453,215.0749969482422,218.0,213.14999389648438,217.5,11329742,Wipro,WIPRO.NS
2022-08-11,202.2506103515625,219.22500610351562,221.0,218.14999389648438,219.0,9154644,Wipro,WIPRO.NS
2022-08-12,201.16659545898438,218.0500030517578,219.25,217.5,218.5500030517578,7092398,Wipro,WIPRO.NS
2022-08-16,201.6278839111328,218.5500030517578,219.89999389648438,218.3000030517578,219.25,4774208,Wipro,WIPRO.NS
2022-08-17,204.37252807617188,221.52499389648438,222.4499969482422,218.3249969482422,218.625,10401476,Wipro,WIPRO.NS
2022-08-18,200.68223571777344,217.52499389648438,220.875,217.02499389648438,220.875,16888260,Wipro,WIPRO.NS
2022-08-19,199.48291015625,216.22500610351562,221.25,215.5,219.47500610351562,17253908,Wipro,WIPRO.NS
2022-08-22,193.7399139404297,210.0,215.4499969482422,209.52499389648438,215.4499969482422,12900580,Wipro,WIPRO.NS
2022-08-23,192.19459533691406,208.3249969482422,209.25,205.0,207.5,17028776,Wipro,WIPRO.NS
2022-08-24,191.9639434814453,208.0749969482422,209.75,207.1750030517578,208.89999389648438,7429170,Wipro,WIPRO.NS
2022-08-25,191.52574157714844,207.60000610351562,210.0500030517578,207.47500610351562,209.64999389648438,8753902,Wipro,WIPRO.NS
2022-08-26,192.4713592529297,208.625,211.25,208.14999389648438,209.25,7904194,Wipro,WIPRO.NS
2022-08-29,186.5207977294922,202.1750030517578,203.1750030517578,199.5,202.5,23519514,Wipro,WIPRO.NS
2022-08-30,190.7646026611328,206.77499389648438,207.97500610351562,203.125,204.5749969482422,19750992,Wipro,WIPRO.NS
2022-09-01,189.33462524414062,205.22500610351562,205.8249969482422,202.4250030517578,204.9499969482422,11778706,Wipro,WIPRO.NS
2022-09-02,188.0660858154297,203.85000610351562,206.375,203.5500030517578,206.27499389648438,9815080,Wipro,WIPRO.NS
2022-09-05,187.05125427246094,202.75,204.0,202.0,203.5,18018508,Wipro,WIPRO.NS
2022-09-06,186.56692504882812,202.22500610351562,203.6750030517578,200.625,203.5,18226162,Wipro,WIPRO.NS
2022-09-07,187.9507598876953,203.72500610351562,204.4250030517578,200.5,201.0500030517578,12248532,Wipro,WIPRO.NS
2022-09-08,190.4186553955078,206.39999389648438,207.1750030517578,204.8000030517578,205.0,14064948,Wipro,WIPRO.NS
2022-09-09,192.42523193359375,208.5749969482422,209.72500610351562,205.6750030517578,208.5,14671342,Wipro,WIPRO.NS
2022-09-12,194.66246032714844,211.0,212.1999969482422,209.02499389648438,209.9250030517578,11678424,Wipro,WIPRO.NS
2022-09-13,194.96231079101562,211.3249969482422,213.0,210.75,212.4499969482422,9408334,Wipro,WIPRO.NS
2022-09-14,192.03314208984375,208.14999389648438,211.35000610351562,204.5,204.5,17583964,Wipro,WIPRO.NS
2022-09-15,191.45654296875,207.52499389648438,210.4499969482422,206.625,209.85000610351562,10640314,Wipro,WIPRO.NS
2022-09-16,185.2753143310547,200.8249969482422,206.375,200.10000610351562,206.375,20192486,Wipro,WIPRO.NS
2022-09-19,185.4136962890625,200.97500610351562,203.10000610351562,198.5,202.5,13584188,Wipro,WIPRO.NS
2022-09-20,186.77450561523438,202.4499969482422,204.6999969482422,202.22500610351562,203.0,8989822,Wipro,WIPRO.NS
2022-09-21,184.8601531982422,200.375,202.9499969482422,199.75,202.9499969482422,19290112,Wipro,WIPRO.NS
2022-09-22,183.5685577392578,198.97500610351562,200.1750030517578,197.5,199.0,16500324,Wipro,WIPRO.NS
2022-09-23,181.9079132080078,197.1750030517578,199.6999969482422,196.8249969482422,199.0500030517578,13966710,Wipro,WIPRO.NS
2022-09-26,182.1155242919922,197.39999389648438,199.60000610351562,192.3000030517578,196.0,18994144,Wipro,WIPRO.NS
2022-09-27,183.77613830566406,199.1999969482422,200.6999969482422,196.0,198.39999389648438,12454694,Wipro,WIPRO.NS
2022-09-28,183.6146697998047,199.02499389648438,200.25,197.6750030517578,198.0,8921590,Wipro,WIPRO.NS
2022-09-29,181.19293212890625,196.39999389648438,200.9499969482422,195.77499389648438,200.5,11883068,Wipro,WIPRO.NS
2022-09-30,181.86178588867188,197.125,198.35000610351562,193.75,196.22500610351562,13570530,Wipro,WIPRO.NS
2022-10-03,181.97714233398438,197.25,199.0,195.3000030517578,196.9499969482422,8140834,Wipro,WIPRO.NS
2022-10-04,187.05125427246094,202.75,203.0,199.5,199.97500610351562,12591696,Wipro,WIPRO.NS
2022-10-06,189.1962432861328,205.0749969482422,206.5,203.72500610351562,204.6750030517578,11203878,Wipro,WIPRO.NS
2022-10-07,188.25059509277344,204.0500030517578,205.875,203.125,204.89999389648438,7580186,Wipro,WIPRO.NS
2022-10-10,189.72671508789062,205.64999389648438,206.75,199.875,200.14999389648438,18714926,Wipro,WIPRO.NS
2022-10-11,186.54385375976562,202.1999969482422,208.9499969482422,201.14999389648438,207.4499969482422,22723292,Wipro,WIPRO.NS
2022-10-12,188.18141174316406,203.97500610351562,204.8000030517578,200.8000030517578,202.125,12610118,Wipro,WIPRO.NS
2022-10-13,174.87332153320312,189.5500030517578,196.1750030517578,189.0500030517578,193.5,84896212,Wipro,WIPRO.NS
2022-10-14,174.0430145263672,188.64999389648438,193.75,188.125,193.5,27864794,Wipro,WIPRO.NS
2022-10-17,173.02818298339844,187.5500030517578,189.47500610351562,186.1999969482422,188.64999389648438,16909538,Wipro,WIPRO.NS
2022-10-18,174.965576171875,189.64999389648438,192.125,189.1999969482422,191.85000610351562,22328480,Wipro,WIPRO.NS
2022-10-19,174.38897705078125,189.02499389648438,190.60000610351562,188.52499389648438,190.60000610351562,10198278,Wipro,WIPRO.NS
2022-10-20,175.98040771484375,190.75,191.3000030517578,188.0,188.5,11868814,Wipro,WIPRO.NS
2022-10-21,176.46475219726562,191.27499389648438,191.64999389648438,190.10000610351562,191.25,8931540,Wipro,WIPRO.NS
2022-10-24,177.45652770996094,192.35000610351562,193.1999969482422,192.0,193.1999969482422,3472470,Wipro,WIPRO.NS
2022-10-25,177.4334716796875,192.3249969482422,193.22500610351562,191.8249969482422,193.22500610351562,5783256,Wipro,WIPRO.NS
2022-10-27,176.51087951660156,191.3249969482422,193.47500610351562,190.5500030517578,193.0,11723118,Wipro,WIPRO.NS
2022-10-28,176.7876434326172,191.625,192.9250030517578,191.0,191.39999389648438,7609676,Wipro,WIPRO.NS
2022-10-31,178.30990600585938,193.27499389648438,194.1999969482422,192.375,193.27499389648438,6638382,Wipro,WIPRO.NS
2022-11-01,181.0084228515625,196.1999969482422,196.5,193.3000030517578,194.0,11540196,Wipro,WIPRO.NS
2022-11-02,181.72341918945312,196.97500610351562,197.4250030517578,195.3249969482422,196.4250030517578,6716614,Wipro,WIPRO.NS
2022-11-03,179.2093963623047,194.25,196.875,192.77499389648438,194.875,10312476,Wipro,WIPRO.NS
2022-11-04,180.15504455566406,195.27499389648438,196.1999969482422,192.8249969482422,194.25,9023630,Wipro,WIPRO.NS
2022-11-07,180.59324645996094,195.75,197.4250030517578,193.8000030517578,196.5,8252598,Wipro,WIPRO.NS
2022-11-09,180.3395538330078,195.47500610351562,197.1999969482422,194.5749969482422,197.02499389648438,6862546,Wipro,WIPRO.NS
2022-11-10,179.39390563964844,194.4499969482422,195.5500030517578,193.5,194.39999389648438,5494908,Wipro,WIPRO.NS
2022-11-11,184.3758087158203,199.85000610351562,202.9250030517578,198.625,199.25,28417046,Wipro,WIPRO.NS
2022-11-14,182.92276000976562,198.27499389648438,201.3249969482422,197.77499389648438,201.3249969482422,17623428,Wipro,WIPRO.NS
2022-11-15,183.19952392578125,198.5749969482422,199.77499389648438,197.0,199.02499389648438,12462712,Wipro,WIPRO.NS
2022-11-16,183.70693969726562,199.125,200.85000610351562,198.10000610351562,199.5,11039528,Wipro,WIPRO.NS
2022-11-17,183.0150146484375,198.375,199.0,197.5,198.9499969482422,6057616,Wipro,WIPRO.NS
2022-11-18,181.6772918701172,196.9250030517578,199.4499969482422,196.39999389648438,198.9250030517578,9546202,Wipro,WIPRO.NS
2022-11-21,179.27862548828125,194.3249969482422,197.22500610351562,193.8000030517578,196.9250030517578,7904612,Wipro,WIPRO.NS
2022-11-22,179.34779357910156,194.39999389648438,194.6999969482422,192.25,194.5,8410828,Wipro,WIPRO.NS
2022-11-23,179.32473754882812,194.375,195.97500610351562,194.0,195.375,6717760,Wipro,WIPRO.NS
2022-11-24,183.70693969726562,199.125,199.875,194.5749969482422,194.9499969482422,13370266,Wipro,WIPRO.NS
2022-11-25,185.80577087402344,201.39999389648438,202.1999969482422,197.9499969482422,199.5,13648550,Wipro,WIPRO.NS
2022-11-28,187.1204376220703,202.8249969482422,204.72500610351562,201.0,201.39999389648438,13679200,Wipro,WIPRO.NS
2022-11-29,186.8898162841797,202.5749969482422,204.4499969482422,201.4499969482422,201.5,9102602,Wipro,WIPRO.NS
2022-11-30,187.6970672607422,203.4499969482422,204.0,201.3249969482422,203.4499969482422,13892346,Wipro,WIPRO.NS
2022-12-01,190.83380126953125,206.85000610351562,208.1750030517578,205.8249969482422,206.4250030517578,15852984,Wipro,WIPRO.NS
2022-12-02,190.234130859375,206.1999969482422,206.9499969482422,204.52499389648438,206.89999389648438,11726622,Wipro,WIPRO.NS
2022-12-05,190.21107482910156,206.1750030517578,207.47500610351562,205.3249969482422,206.625,9947062,Wipro,WIPRO.NS
2022-12-06,189.74978637695312,205.6750030517578,206.3000030517578,203.89999389648438,205.25,8832518,Wipro,WIPRO.NS
2022-12-07,187.4202880859375,203.14999389648438,204.75,202.64999389648438,204.5,6568616,Wipro,WIPRO.NS
2022-12-08,186.22096252441406,201.85000610351562,204.0,201.64999389648438,203.625,8940712,Wipro,WIPRO.NS
2022-12-09,181.76953125,197.02499389648438,203.0,195.625,203.0,15423336,Wipro,WIPRO.NS
2022-12-12,182.83050537109375,198.1750030517578,198.75,194.0,196.4499969482422,10365880,Wipro,WIPRO.NS
2022-12-13,183.47630310058594,198.875,199.6750030517578,198.0,199.1750030517578,6813842,Wipro,WIPRO.NS
2022-12-14,184.53724670410156,200.02499389648438,202.25,199.625,200.39999389648438,9995152,Wipro,WIPRO.NS
2022-12-15,182.30003356933594,197.60000610351562,199.875,197.02499389648438,199.875,7766926,Wipro,WIPRO.NS
2022-12-16,179.7860107421875,194.875,197.39999389648438,194.02499389648438,195.6999969482422,18012634,Wipro,WIPRO.NS
2022-12-19,179.46310424804688,194.52499389648438,195.25,192.85000610351562,194.22500610351562,8838046,Wipro,WIPRO.NS
2022-12-20,179.4169921875,194.47500610351562,194.9499969482422,191.5,194.39999389648438,8778558,Wipro,WIPRO.NS
2022-12-21,179.67068481445312,194.75,196.625,193.9250030517578,195.4499969482422,10215214,Wipro,WIPRO.NS
2022-12-22,179.32473754882812,194.375,195.97500610351562,193.0,195.0500030517578,9093800,Wipro,WIPRO.NS
2022-12-23,174.2044677734375,188.8249969482422,192.9250030517578,188.5,192.0,12120710,Wipro,WIPRO.NS
2022-12-26,175.5191192626953,190.25,190.8000030517578,188.14999389648438,189.0,7261148,Wipro,WIPRO.NS
2022-12-27,178.33297729492188,193.3000030517578,193.6750030517578,190.125,191.25,7685840,Wipro,WIPRO.NS
2022-12-28,178.88648986816406,193.89999389648438,194.77499389648438,191.625,192.5,7676002,Wipro,WIPRO.NS
2022-12-29,180.24729919433594,195.375,196.0500030517578,192.39999389648438,193.125,9485398,Wipro,WIPRO.NS
2022-12-30,181.16989135742188,196.375,198.14999389648438,195.77499389648438,196.5,8256556,Wipro,WIPRO.NS
2023-01-02,181.30824279785156,196.52499389648438,196.9499969482422,195.25,196.5,5559512,Wipro,WIPRO.NS
2023-01-03,183.1533966064453,198.52499389648438,198.875,195.85000610351562,196.52499389648438,5994422,Wipro,WIPRO.NS
2023-01-04,179.76296997070312,194.85000610351562,198.75,194.3000030517578,198.75,8926522,Wipro,WIPRO.NS
2023-01-05,178.4713592529297,193.4499969482422,196.10000610351562,191.875,195.0,9568980,Wipro,WIPRO.NS
2023-01-06,176.21102905273438,191.0,194.39999389648438,190.6999969482422,193.5,8484754,Wipro,WIPRO.NS
2023-01-09,180.73162841796875,195.89999389648438,196.5,192.5500030517578,193.0,7347432,Wipro,WIPRO.NS
2023-01-10,181.30824279785156,196.52499389648438,196.9499969482422,193.6750030517578,196.0,7879496,Wipro,WIPRO.NS
2023-01-11,181.6772918701172,196.9250030517578,198.0,195.75,196.5,7656600,Wipro,WIPRO.NS
2023-01-12,181.97714233398438,197.25,198.9499969482422,195.25,197.875,9510500,Wipro,WIPRO.NS
2023-01-13,181.70034790039062,196.9499969482422,198.3000030517578,193.25,198.0,13621860,Wipro,WIPRO.NS
2023-01-16,183.868408203125,199.3000030517578,200.5,194.5,195.0,23867444,Wipro,WIPRO.NS
2023-01-17,182.83050537109375,198.1750030517578,201.02499389648438,196.875,200.02499389648438,14310032,Wipro,WIPRO.NS
2023-01-18,185.99032592773438,201.60000610351562,201.9250030517578,199.0,199.25,16080426,Wipro,WIPRO.NS
2023-01-19,186.08255004882812,201.6999969482422,202.0,199.375,201.0500030517578,9447456,Wipro,WIPRO.NS
2023-01-20,185.9672393798828,201.5749969482422,202.6999969482422,200.64999389648438,201.77499389648438,9265614,Wipro,WIPRO.NS
2023-01-23,187.74319458007812,203.5,203.875,201.25,202.60000610351562,8815290,Wipro,WIPRO.NS
2023-01-24,188.02064514160156,203.3000030517578,205.10000610351562,202.5749969482422,204.1999969482422,9552640,Wipro,WIPRO.NS
2023-01-25,185.68539428710938,200.77499389648438,202.9499969482422,200.0,202.5,6355554,Wipro,WIPRO.NS
2023-01-27,184.06692504882812,199.02499389648438,201.8000030517578,197.10000610351562,200.77499389648438,7410134,Wipro,WIPRO.NS
2023-01-30,186.00909423828125,201.125,202.39999389648438,197.52499389648438,199.02499389648438,7261256,Wipro,WIPRO.NS
2023-01-31,184.43687438964844,199.4250030517578,201.27499389648438,198.85000610351562,201.14999389648438,9566846,Wipro,WIPRO.NS
2023-02-01,186.07847595214844,201.1999969482422,201.9499969482422,199.1750030517578,200.75,7029896,Wipro,WIPRO.NS
2023-02-02,189.3385467529297,204.72500610351562,205.0,201.1999969482422,201.1999969482422,10835460,Wipro,WIPRO.NS
2023-02-03,188.6217803955078,203.9499969482422,206.5,203.0749969482422,206.27499389648438,8850236,Wipro,WIPRO.NS
2023-02-06,187.11891174316406,202.3249969482422,203.10000610351562,200.8000030517578,202.6999969482422,5958022,Wipro,WIPRO.NS
2023-02-07,185.1998748779297,200.25,202.75,199.52499389648438,202.75,6683580,Wipro,WIPRO.NS
2023-02-08,188.0900115966797,203.375,203.8000030517578,200.5,200.5,8300976,Wipro,WIPRO.NS
2023-02-09,188.80674743652344,204.14999389648438,204.47500610351562,201.77499389648438,203.375,5277374,Wipro,WIPRO.NS
2023-02-10,187.6507110595703,202.89999389648438,203.5,201.39999389648438,203.5,5160140,Wipro,WIPRO.NS
2023-02-13,185.24612426757812,200.3000030517578,202.8249969482422,199.60000610351562,202.8249969482422,4825356,Wipro,WIPRO.NS
2023-02-14,187.3270263671875,202.5500030517578,203.22500610351562,200.75,201.5,4638822,Wipro,WIPRO.NS
2023-02-15,188.3905792236328,203.6999969482422,203.9250030517578,200.1750030517578,201.35000610351562,5227672,Wipro,WIPRO.NS
2023-02-16,189.546630859375,204.9499969482422,206.625,204.27499389648438,204.39999389648438,11189362,Wipro,WIPRO.NS
2023-02-17,187.8819122314453,203.14999389648438,204.0,202.0,203.4250030517578,5616244,Wipro,WIPRO.NS
2023-02-20,188.22872924804688,203.52499389648438,203.89999389648438,201.10000610351562,202.64999389648438,6497188,Wipro,WIPRO.NS
2023-02-21,186.24032592773438,201.375,204.0,201.0500030517578,203.6999969482422,5761172,Wipro,WIPRO.NS
2023-02-22,182.72592163085938,197.5749969482422,200.1750030517578,197.22500610351562,199.75,6883372,Wipro,WIPRO.NS
2023-02-23,182.1710205078125,196.97500610351562,199.35000610351562,196.6999969482422,197.89999389648438,6078322,Wipro,WIPRO.NS
2023-02-24,181.87042236328125,196.64999389648438,198.25,196.27499389648438,197.97500610351562,5106634,Wipro,WIPRO.NS
2023-02-27,180.50628662109375,195.1750030517578,196.64999389648438,192.72500610351562,196.375,5554710,Wipro,WIPRO.NS
2023-02-28,178.98028564453125,193.52499389648438,196.60000610351562,192.85000610351562,195.9250030517578,10061602,Wipro,WIPRO.NS
2023-03-01,180.78375244140625,195.47500610351562,195.875,193.64999389648438,194.0500030517578,4542612,Wipro,WIPRO.NS
2023-03-02,179.44273376464844,194.02499389648438,195.1750030517578,193.64999389648438,194.35000610351562,4438972,Wipro,WIPRO.NS
2023-03-03,180.5525360107422,195.22500610351562,195.72500610351562,194.5500030517578,195.3000030517578,4393936,Wipro,WIPRO.NS
2023-03-06,182.07852172851562,196.875,198.3249969482422,196.0500030517578,196.22500610351562,6727722,Wipro,WIPRO.NS
2023-03-08,181.54673767089844,196.3000030517578,196.5,194.4250030517578,195.8249969482422,4908842,Wipro,WIPRO.NS
2023-03-09,180.3907012939453,195.0500030517578,196.9250030517578,194.8000030517578,196.39999389648438,4157054,Wipro,WIPRO.NS
2023-03-10,179.92825317382812,194.5500030517578,194.9499969482422,193.3000030517578,193.9499969482422,4567396,Wipro,WIPRO.NS
2023-03-13,178.2404327392578,192.72500610351562,196.3000030517578,191.875,194.5,5982520,Wipro,WIPRO.NS
2023-03-14,175.4658966064453,189.72500610351562,193.5749969482422,188.6750030517578,193.27499389648438,8094852,Wipro,WIPRO.NS
2023-03-15,173.75494384765625,187.875,191.85000610351562,187.4499969482422,191.85000610351562,7687926,Wipro,WIPRO.NS
2023-03-16,172.41390991210938,186.4250030517578,188.35000610351562,185.0,187.6750030517578,7686620,Wipro,WIPRO.NS
2023-03-17,174.1017608642578,188.25,189.1750030517578,186.9250030517578,188.60000610351562,9044282,Wipro,WIPRO.NS
2023-03-20,169.77810668945312,183.5749969482422,187.97500610351562,182.5749969482422,187.5,8184754,Wipro,WIPRO.NS
2023-03-21,169.43128967285156,183.1999969482422,185.125,182.72500610351562,184.5,7211152,Wipro,WIPRO.NS
2023-03-22,169.43128967285156,183.1999969482422,185.0,182.9250030517578,183.9250030517578,5374846,Wipro,WIPRO.NS
2023-03-23,167.16543579101562,180.75,182.4499969482422,180.1750030517578,182.4499969482422,9485192,Wipro,WIPRO.NS
2023-03-24,167.28102111816406,180.875,183.4250030517578,180.5,181.6750030517578,7906696,Wipro,WIPRO.NS
2023-03-27,167.04981994628906,180.625,182.0,179.60000610351562,180.875,6227714,Wipro,WIPRO.NS
2023-03-28,164.71461486816406,178.10000610351562,182.02499389648438,177.6999969482422,181.5,7813096,Wipro,WIPRO.NS
2023-03-29,166.03248596191406,179.52499389648438,180.375,177.5,179.0,8823840,Wipro,WIPRO.NS
2023-03-31,168.8995361328125,182.625,182.875,180.64999389648438,181.6750030517578,7914212,Wipro,WIPRO.NS
2023-04-03,170.14804077148438,183.97500610351562,184.1999969482422,182.5749969482422,183.97500610351562,4053500,Wipro,WIPRO.NS
2023-04-05,170.9804229736328,184.875,185.9499969482422,183.60000610351562,184.85000610351562,6443110,Wipro,WIPRO.NS
2023-04-06,169.54690551757812,183.3249969482422,185.22500610351562,182.9250030517578,184.5,6429614,Wipro,WIPRO.NS
2023-04-10,172.6219940185547,186.64999389648438,187.1999969482422,183.8000030517578,184.0,5624940,Wipro,WIPRO.NS
2023-04-11,171.2116241455078,185.125,187.4250030517578,184.3000030517578,186.75,6784354,Wipro,WIPRO.NS
2023-04-12,172.0902099609375,186.0749969482422,186.72500610351562,184.6750030517578,185.3000030517578,5578210,Wipro,WIPRO.NS
2023-04-13,170.30987548828125,184.14999389648438,184.9499969482422,183.0,184.9499969482422,6724634,Wipro,WIPRO.NS
2023-04-17,167.0960693359375,180.6750030517578,180.97500610351562,176.0,179.97500610351562,13603290,Wipro,WIPRO.NS
2023-04-18,170.1249237060547,183.9499969482422,184.4499969482422,179.625,181.72500610351562,8024898,Wipro,WIPRO.NS
2023-04-19,166.84173583984375,180.39999389648438,183.9499969482422,180.1999969482422,183.9499969482422,7475944,Wipro,WIPRO.NS
2023-04-20,167.7897186279297,181.4250030517578,181.85000610351562,179.5,180.25,4423266,Wipro,WIPRO.NS
2023-04-21,170.1942901611328,184.02499389648438,184.35000610351562,181.8249969482422,182.0500030517578,5299988,Wipro,WIPRO.NS
2023-04-24,174.77227783203125,188.97500610351562,189.3000030517578,185.27499389648438,187.5,17779044,Wipro,WIPRO.NS
2023-04-25,173.7086944580078,187.8249969482422,189.4499969482422,187.0500030517578,189.10000610351562,7528552,Wipro,WIPRO.NS
2023-04-26,173.2000274658203,187.27499389648438,188.8249969482422,186.6999969482422,188.8249969482422,7008146,Wipro,WIPRO.NS
2023-04-27,173.1306610107422,187.1999969482422,188.3000030517578,186.02499389648438,188.1999969482422,8491700,Wipro,WIPRO.NS
2023-04-28,178.03233337402344,192.5,194.0,190.0,190.0,27709406,Wipro,WIPRO.NS
2023-05-02,179.58145141601562,194.1750030517578,196.0749969482422,193.72500610351562,194.5,9746608,Wipro,WIPRO.NS
2023-05-03,178.0785675048828,192.5500030517578,194.1750030517578,191.02499389648438,194.1750030517578,4828488,Wipro,WIPRO.NS
2023-05-04,177.43118286132812,191.85000610351562,193.0749969482422,191.52499389648438,192.375,6253358,Wipro,WIPRO.NS
2023-05-05,175.44277954101562,189.6999969482422,192.1999969482422,189.5,191.375,7902194,Wipro,WIPRO.NS
2023-05-08,175.88209533691406,190.1750030517578,191.5,189.8000030517578,190.5,9613544,Wipro,WIPRO.NS
2023-05-09,176.78379821777344,191.14999389648438,191.72500610351562,190.02499389648438,191.25,5716698,Wipro,WIPRO.NS
2023-05-10,177.45431518554688,191.875,192.27499389648438,191.0,192.0,3670402,Wipro,WIPRO.NS
2023-05-11,177.8704833984375,192.3249969482422,193.4250030517578,191.5500030517578,192.85000610351562,4049964,Wipro,WIPRO.NS
2023-05-12,177.22308349609375,191.625,192.625,190.77499389648438,192.3000030517578,4580358,Wipro,WIPRO.NS
2023-05-15,178.37913513183594,192.875,193.5,191.25,191.625,5089694,Wipro,WIPRO.NS
2023-05-16,178.93406677246094,193.47500610351562,194.39999389648438,193.25,193.75,4059352,Wipro,WIPRO.NS
2023-05-17,176.78379821777344,191.14999389648438,193.6750030517578,190.6750030517578,193.10000610351562,5376102,Wipro,WIPRO.NS
2023-05-18,176.9225311279297,191.3000030517578,192.6750030517578,191.125,192.60000610351562,4237016,Wipro,WIPRO.NS
2023-05-19,178.58726501464844,193.10000610351562,194.10000610351562,191.75,192.39999389648438,7281582,Wipro,WIPRO.NS
2023-05-22,183.0033721923828,197.875,198.3000030517578,192.6999969482422,193.25,12197390,Wipro,WIPRO.NS
2023-05-23,183.8819580078125,198.8249969482422,201.0500030517578,198.02499389648438,198.5,12725634,Wipro,WIPRO.NS
2023-05-24,184.8299560546875,199.85000610351562,200.22500610351562,196.6750030517578,197.25,8256974,Wipro,WIPRO.NS
2023-05-25,182.24038696289062,197.0500030517578,199.5,196.3249969482422,199.5,13605054,Wipro,WIPRO.NS
2023-05-26,185.75479125976562,200.85000610351562,201.27499389648438,197.5,197.5749969482422,7926180,Wipro,WIPRO.NS
2023-05-29,184.8761749267578,199.89999389648438,203.0,199.6750030517578,202.0,7959308,Wipro,WIPRO.NS
2023-05-30,186.1247100830078,201.25,201.9250030517578,199.72500610351562,200.0,7378972,Wipro,WIPRO.NS
2023-05-31,186.65650939941406,201.8249969482422,202.39999389648438,200.25,200.875,11783582,Wipro,WIPRO.NS
2023-06-01,188.2749786376953,203.5749969482422,204.0,202.02499389648438,202.5,7065484,Wipro,WIPRO.NS
2023-06-02,187.25765991210938,202.47500610351562,204.89999389648438,202.0,204.35000610351562,6320754,Wipro,WIPRO.NS
2023-06-05,186.91082763671875,202.10000610351562,204.875,201.85000610351562,204.4499969482422,7252860,Wipro,WIPRO.NS
2023-06-06,184.945556640625,199.97500610351562,201.6750030517578,197.77499389648438,201.6750030517578,13707400,Wipro,WIPRO.NS
2023-06-07,186.263427734375,201.39999389648438,201.8000030517578,200.5,201.1999969482422,8215860,Wipro,WIPRO.NS
2023-06-08,184.7605743408203,199.77499389648438,202.375,199.375,202.0500030517578,10615052,Wipro,WIPRO.NS
2023-06-09,183.7201385498047,198.64999389648438,200.1750030517578,198.02499389648438,199.72500610351562,12018232,Wipro,WIPRO.NS
2023-06-12,182.9340057373047,197.8000030517578,199.89999389648438,197.3000030517578,199.89999389648438,11973622,Wipro,WIPRO.NS
2023-06-13,182.910888671875,197.77499389648438,199.25,197.25,198.97500610351562,13016186,Wipro,WIPRO.NS
2023-06-14,183.32708740234375,198.22500610351562,198.5749969482422,196.35000610351562,198.14999389648438,18512564,Wipro,WIPRO.NS
2023-06-15,179.85891723632812,194.47500610351562,198.72500610351562,194.125,198.5500030517578,28702320,Wipro,WIPRO.NS
2023-06-16,176.32135009765625,190.64999389648438,194.3249969482422,189.5749969482422,192.77499389648438,41110648,Wipro,WIPRO.NS
2023-06-19,175.7895965576172,190.0749969482422,191.0,188.5500030517578,191.0,10629440,Wipro,WIPRO.NS
2023-06-20,176.87628173828125,191.25,192.47500610351562,190.3000030517578,190.89999389648438,11802658,Wipro,WIPRO.NS
2023-06-21,178.2635498046875,192.75,193.625,191.5500030517578,192.125,8829264,Wipro,WIPRO.NS
2023-06-22,176.78379821777344,191.14999389648438,193.0,190.8000030517578,193.0,9356174,Wipro,WIPRO.NS
2023-06-23,175.6970977783203,189.97500610351562,191.5,189.0500030517578,191.14999389648438,6470406,Wipro,WIPRO.NS
2023-06-26,176.1363983154297,190.4499969482422,190.9499969482422,189.52499389648438,190.0,4100400,Wipro,WIPRO.NS
2023-06-27,176.9225311279297,191.3000030517578,192.125,190.75,192.125,5880750,Wipro,WIPRO.NS
2023-06-28,176.50634765625,190.85000610351562,191.875,190.39999389648438,191.875,7140112,Wipro,WIPRO.NS
2023-06-30,179.9513702392578,194.5749969482422,194.875,191.5,192.5,9070810,Wipro,WIPRO.NS
2023-07-03,181.0843048095703,195.8000030517578,196.9499969482422,194.75,196.9499969482422,9036924,Wipro,WIPRO.NS
2023-07-04,183.0958709716797,197.97500610351562,198.6750030517578,196.5,196.875,12617234,Wipro,WIPRO.NS
2023-07-05,182.1479034423828,196.9499969482422,197.6999969482422,195.9250030517578,197.0500030517578,12366958,Wipro,WIPRO.NS
2023-07-06,183.21145629882812,198.10000610351562,198.47500610351562,196.5749969482422,197.25,9037242,Wipro,WIPRO.NS
2023-07-07,183.04962158203125,197.9250030517578,198.72500610351562,196.60000610351562,197.5,9065220,Wipro,WIPRO.NS
2023-07-10,180.3213348388672,194.97500610351562,197.9250030517578,194.8249969482422,197.9250030517578,5630400,Wipro,WIPRO.NS
2023-07-11,181.29241943359375,196.02499389648438,196.39999389648438,193.9250030517578,195.0,9634838,Wipro,WIPRO.NS
2023-07-12,181.19993591308594,195.9250030517578,196.97500610351562,195.1750030517578,196.9499969482422,6848220,Wipro,WIPRO.NS
2023-07-13,182.33285522460938,197.14999389648438,199.3000030517578,195.625,195.9250030517578,13595726,Wipro,WIPRO.NS
2023-07-14,187.30389404296875,202.52499389648438,202.75,196.1750030517578,197.375,31366784,Wipro,WIPRO.NS
2023-07-17,192.0205841064453,207.625,212.47500610351562,202.89999389648438,203.5,45759860,Wipro,WIPRO.NS
2023-07-18,192.9223175048828,208.60000610351562,210.14999389648438,206.125,209.0,17769026,Wipro,WIPRO.NS
2023-07-19,193.26914978027344,208.97500610351562,210.5,207.0749969482422,210.0,10830990,Wipro,WIPRO.NS
2023-07-20,193.13038635253906,208.8249969482422,210.0,207.3249969482422,209.25,8255710,Wipro,WIPRO.NS
2023-07-21,187.1420440673828,202.35000610351562,207.1750030517578,200.5,202.5,23514212,Wipro,WIPRO.NS
2023-07-24,186.84146118164062,202.02499389648438,204.0,201.75,203.14999389648438,6808460,Wipro,WIPRO.NS
2023-07-25,185.15362548828125,200.1999969482422,202.75,200.0,202.75,6458200,Wipro,WIPRO.NS
2023-07-26,186.24032592773438,201.375,201.8000030517578,200.6999969482422,201.75,5329662,Wipro,WIPRO.NS
2023-07-27,184.945556640625,199.97500610351562,203.3000030517578,199.5,202.0,8948358,Wipro,WIPRO.NS
2023-07-28,184.390625,199.375,201.4250030517578,198.27499389648438,200.52499389648438,6760060,Wipro,WIPRO.NS
2023-07-31,187.30389404296875,202.52499389648438,203.0,199.47500610351562,199.875,6762180,Wipro,WIPRO.NS
2023-08-01,188.1824951171875,203.47500610351562,204.0,202.02499389648438,202.75,7181804,Wipro,WIPRO.NS
2023-08-02,186.263427734375,201.39999389648438,202.9499969482422,199.5,202.9499969482422,5399618,Wipro,WIPRO.NS
2023-08-03,184.8068084716797,199.8249969482422,201.0,198.52499389648438,201.0,6821698,Wipro,WIPRO.NS
2023-08-04,189.0611114501953,204.4250030517578,205.0,200.14999389648438,200.4250030517578,12481540,Wipro,WIPRO.NS
2023-08-07,190.12464904785156,205.5749969482422,206.5,204.02499389648438,204.97500610351562,8822866,Wipro,WIPRO.NS
2023-08-08,192.52926635742188,208.1750030517578,208.75,204.97500610351562,206.1999969482422,15724284,Wipro,WIPRO.NS
2023-08-09,193.1997528076172,208.89999389648438,209.25,206.27499389648438,207.75,9309388,Wipro,WIPRO.NS
2023-08-10,193.5928192138672,209.3249969482422,210.39999389648438,207.77499389648438,208.5500030517578,9901644,Wipro,WIPRO.NS
2023-08-11,191.00326538085938,206.52499389648438,211.0749969482422,206.1750030517578,209.3249969482422,7571468,Wipro,WIPRO.NS
2023-08-14,191.97434997558594,207.5749969482422,208.10000610351562,204.75,206.625,5792180,Wipro,WIPRO.NS
2023-08-16,193.5928192138672,209.3249969482422,210.10000610351562,207.0,207.0749969482422,8131780,Wipro,WIPRO.NS
2023-08-17,193.0841522216797,208.77499389648438,210.1999969482422,207.25,209.3249969482422,6340960,Wipro,WIPRO.NS
2023-08-18,190.37899780273438,205.85000610351562,208.1750030517578,204.0,207.52499389648438,10602392,Wipro,WIPRO.NS
2023-08-21,191.7200164794922,207.3000030517578,208.6750030517578,205.8249969482422,205.89999389648438,7334260,Wipro,WIPRO.NS
2023-08-22,192.87608337402344,208.5500030517578,209.0500030517578,206.375,207.5,6350240,Wipro,WIPRO.NS
2023-08-23,192.0205841064453,207.625,208.97500610351562,207.3000030517578,208.625,6134234,Wipro,WIPRO.NS
2023-08-24,190.8414306640625,206.35000610351562,210.0,206.0,209.375,5776956,Wipro,WIPRO.NS
2023-08-25,189.45416259765625,204.85000610351562,205.64999389648438,203.5500030517578,205.0,6598510,Wipro,WIPRO.NS
2023-08-28,188.69114685058594,204.02499389648438,206.22500610351562,203.8249969482422,205.72500610351562,3401974,Wipro,WIPRO.NS
2023-08-29,188.7142791748047,204.0500030517578,205.9499969482422,203.5500030517578,204.8249969482422,3998562,Wipro,WIPRO.NS
2023-08-30,188.29811096191406,203.60000610351562,205.10000610351562,203.3249969482422,205.0,4018182,Wipro,WIPRO.NS
2023-08-31,188.85299682617188,204.1999969482422,205.0,203.22500610351562,204.0,22061952,Wipro,WIPRO.NS
2023-09-01,192.52926635742188,208.1750030517578,208.875,203.75,203.97500610351562,8476130,Wipro,WIPRO.NS
2023-09-04,200.7372283935547,217.0500030517578,218.25,208.0,209.0,27634648,Wipro,WIPRO.NS
2023-09-05,199.69679260253906,215.9250030517578,218.75,215.14999389648438,217.89999389648438,17973426,Wipro,WIPRO.NS
2023-09-06,198.51760864257812,214.64999389648438,217.77499389648438,212.9499969482422,216.875,13531912,Wipro,WIPRO.NS
2023-09-07,200.15921020507812,216.4250030517578,216.85000610351562,213.375,214.97500610351562,9322650,Wipro,WIPRO.NS
2023-09-08,198.84130859375,215.0,216.72500610351562,214.64999389648438,216.72500610351562,5748410,Wipro,WIPRO.NS
2023-09-11,201.0840606689453,217.4250030517578,218.75,215.0500030517578,216.5,8253314,Wipro,WIPRO.NS
2023-09-12,201.15342712402344,217.5,220.75,213.4499969482422,218.5500030517578,14545328,Wipro,WIPRO.NS
2023-09-13,201.4771270751953,217.85000610351562,218.97500610351562,215.75,217.47500610351562,7445670,Wipro,WIPRO.NS
2023-09-14,201.8239288330078,218.22500610351562,221.625,217.64999389648438,219.1999969482422,14895010,Wipro,WIPRO.NS
2023-09-15,203.95106506347656,220.52499389648438,221.875,219.125,219.89999389648438,19835876,Wipro,WIPRO.NS
2023-09-18,201.66207885742188,218.0500030517578,220.52499389648438,217.60000610351562,220.52499389648438,6025196,Wipro,WIPRO.NS
2023-09-20,198.88755798339844,215.0500030517578,218.4250030517578,214.52499389648438,217.125,9102700,Wipro,WIPRO.NS
2023-09-21,198.35574340820312,214.47500610351562,215.625,211.52499389648438,214.9499969482422,8893070,Wipro,WIPRO.NS
2023-09-22,193.52346801757812,209.25,213.375,208.3000030517578,212.1999969482422,19818260,Wipro,WIPRO.NS
2023-09-25,191.4888153076172,207.0500030517578,209.875,206.0,209.25,9301132,Wipro,WIPRO.NS
2023-09-26,190.9339141845703,206.4499969482422,208.39999389648438,205.85000610351562,208.39999389648438,6480566,Wipro,WIPRO.NS
2023-09-27,192.20556640625,207.8249969482422,208.27499389648438,205.14999389648438,206.125,7773994,Wipro,WIPRO.NS
2023-09-28,187.442626953125,202.6750030517578,208.25,202.0,208.25,16876116,Wipro,WIPRO.NS
2023-09-29,187.7663116455078,203.02499389648438,204.625,200.75,202.5,12780272,Wipro,WIPRO.NS
2023-10-03,187.48886108398438,202.72500610351562,204.0500030517578,201.8000030517578,203.22500610351562,5728104,Wipro,WIPRO.NS
2023-10-04,187.23452758789062,202.4499969482422,202.72500610351562,200.3249969482422,201.35000610351562,6905870,Wipro,WIPRO.NS
2023-10-05,188.11312866210938,203.39999389648438,205.1999969482422,202.5,203.97500610351562,8125304,Wipro,WIPRO.NS
2023-10-06,188.5986785888672,203.9250030517578,204.89999389648438,203.47500610351562,204.0,6365004,Wipro,WIPRO.NS
2023-10-09,187.55824279785156,202.8000030517578,205.5,201.6999969482422,202.10000610351562,6030450,Wipro,WIPRO.NS
2023-10-10,188.55242919921875,203.875,204.375,203.10000610351562,203.1999969482422,5128014,Wipro,WIPRO.NS
2023-10-11,194.74887084960938,210.5749969482422,211.97500610351562,204.5,204.5,19092228,Wipro,WIPRO.NS
2023-10-12,192.87608337402344,208.5500030517578,210.9499969482422,207.35000610351562,210.875,10234398,Wipro,WIPRO.NS
2023-10-13,190.07843017578125,205.52499389648438,207.1999969482422,204.52499389648438,205.9499969482422,10914054,Wipro,WIPRO.NS
2023-10-16,189.68539428710938,205.10000610351562,205.9499969482422,204.0749969482422,205.5,5277652,Wipro,WIPRO.NS
2023-10-17,190.2402801513672,205.6999969482422,206.9250030517578,205.52499389648438,205.85000610351562,5979388,Wipro,WIPRO.NS
2023-10-18,188.41371154785156,203.72500610351562,206.8249969482422,203.5,204.5,4881066,Wipro,WIPRO.NS
2023-10-19,182.79527282714844,197.64999389648438,198.375,195.0500030517578,195.97500610351562,25629102,Wipro,WIPRO.NS
2023-10-20,181.19993591308594,195.9250030517578,198.02499389648438,195.5,197.52499389648438,8429336,Wipro,WIPRO.NS
2023-10-23,177.17686462402344,191.5749969482422,196.5,191.10000610351562,195.4250030517578,8837826,Wipro,WIPRO.NS
2023-10-25,176.57571411132812,190.9250030517578,193.85000610351562,190.5500030517578,192.1999969482422,6678294,Wipro,WIPRO.NS
2023-10-26,174.91098022460938,189.125,190.27499389648438,187.52499389648438,189.39999389648438,10995582,Wipro,WIPRO.NS
2023-10-27,176.8069305419922,191.1750030517578,192.1750030517578,189.52499389648438,189.52499389648438,6202812,Wipro,WIPRO.NS
2023-10-30,176.64505004882812,191.0,192.1750030517578,190.1999969482422,192.0,4688744,Wipro,WIPRO.NS
2023-10-31,176.55258178710938,190.89999389648438,192.0500030517578,189.5749969482422,191.60000610351562,6153536,Wipro,WIPRO.NS
2023-11-01,176.1595458984375,190.47500610351562,192.77499389648438,190.0749969482422,191.9250030517578,4241952,Wipro,WIPRO.NS
2023-11-02,177.40805053710938,191.8249969482422,192.5749969482422,191.0500030517578,191.89999389648438,4742730,Wipro,WIPRO.NS
2023-11-03,177.36183166503906,191.77499389648438,193.35000610351562,191.3249969482422,193.0,5291528,Wipro,WIPRO.NS
2023-11-06,177.8704833984375,192.3249969482422,193.22500610351562,191.5,193.0,4939936,Wipro,WIPRO.NS
2023-11-07,177.24620056152344,191.64999389648438,193.5,191.4250030517578,192.4499969482422,5692178,Wipro,WIPRO.NS
2023-11-08,176.73757934570312,191.10000610351562,192.9250030517578,190.75,192.3000030517578,7102052,Wipro,WIPRO.NS
2023-11-09,176.11329650878906,190.4250030517578,192.0,189.85000610351562,191.5,9231126,Wipro,WIPRO.NS
2023-11-10,175.3965301513672,189.64999389648438,190.89999389648438,188.5,190.14999389648438,10710700,Wipro,WIPRO.NS
2023-11-13,176.48321533203125,190.8249969482422,191.4499969482422,190.0,191.3000030517578,3585902,Wipro,WIPRO.NS
2023-11-15,181.10745239257812,195.8249969482422,196.125,192.125,192.77499389648438,10792518,Wipro,WIPRO.NS
2023-11-16,183.6276397705078,198.5500030517578,199.75,194.64999389648438,195.8249969482422,13843576,Wipro,WIPRO.NS
2023-11-17,182.8415069580078,197.6999969482422,199.5,197.25,199.0,7886928,Wipro,WIPRO.NS
2023-11-20,185.06114196777344,200.10000610351562,200.5500030517578,196.60000610351562,196.60000610351562,8610496,Wipro,WIPRO.NS
2023-11-21,185.2692413330078,200.3249969482422,201.3000030517578,200.02499389648438,201.3000030517578,5440248,Wipro,WIPRO.NS
2023-11-22,185.0842742919922,200.125,201.3000030517578,199.5500030517578,201.25,5318582,Wipro,WIPRO.NS
2023-11-23,186.1247100830078,201.25,202.5,200.25,200.25,9677360,Wipro,WIPRO.NS
2023-11-24,183.1189727783203,198.0,201.75,197.77499389648438,201.25,6250566,Wipro,WIPRO.NS
2023-11-28,183.5120391845703,198.4250030517578,199.375,196.5500030517578,198.5,8145314,Wipro,WIPRO.NS
2023-11-29,187.85879516601562,203.125,204.27499389648438,199.0,199.0,15544086,Wipro,WIPRO.NS
2023-11-30,191.00326538085938,206.52499389648438,207.25,202.02499389648438,203.47500610351562,19825958,Wipro,WIPRO.NS
2023-12-01,188.50619506835938,203.8249969482422,206.875,203.25,206.875,9830426,Wipro,WIPRO.NS
2023-12-04,188.41371154785156,203.72500610351562,206.5,203.375,206.35000610351562,10662472,Wipro,WIPRO.NS
2023-12-05,186.980224609375,202.1750030517578,204.5,201.0500030517578,203.6999969482422,11165368,Wipro,WIPRO.NS
2023-12-06,193.6390838623047,209.375,210.1999969482422,202.97500610351562,203.375,22082070,Wipro,WIPRO.NS
2023-12-07,193.40785217285156,209.125,210.75,208.3249969482422,210.0,11250552,Wipro,WIPRO.NS
2023-12-08,195.41940307617188,211.3000030517578,212.25,207.5,209.39999389648438,15479122,Wipro,WIPRO.NS
2023-12-11,194.49456787109375,210.3000030517578,211.10000610351562,208.625,210.0,10084242,Wipro,WIPRO.NS
2023-12-12,195.23443603515625,211.10000610351562,213.9499969482422,210.0749969482422,210.35000610351562,11903364,Wipro,WIPRO.NS
2023-12-13,194.05523681640625,209.8249969482422,212.14999389648438,207.5,211.77499389648438,9696816,Wipro,WIPRO.NS
2023-12-14,200.87594604492188,217.1999969482422,218.0,211.625,211.75,24681376,Wipro,WIPRO.NS
2023-12-15,206.494384765625,223.27499389648438,224.75,216.75,218.02499389648438,41567234,Wipro,WIPRO.NS
2023-12-18,205.8932342529297,222.625,226.75,221.0,223.0,20182072,Wipro,WIPRO.NS
2023-12-19,202.86439514160156,219.35000610351562,223.6750030517578,217.5,222.8000030517578,16064694,Wipro,WIPRO.NS
2023-12-20,199.74302673339844,215.97500610351562,224.75,214.6750030517578,221.0,26449942,Wipro,WIPRO.NS
2023-12-21,200.6909942626953,217.0,218.25,213.60000610351562,214.4499969482422,10663008,Wipro,WIPRO.NS
2023-12-22,213.93936157226562,231.3249969482422,233.14999389648438,217.0,217.64999389648438,46080814,Wipro,WIPRO.NS
2023-12-26,217.38441467285156,235.0500030517578,237.89999389648438,224.1750030517578,227.0,54628644,Wipro,WIPRO.NS
2023-12-27,217.77749633789062,235.47500610351562,237.6999969482422,232.0500030517578,234.25,25262992,Wipro,WIPRO.NS
2023-12-28,217.0838623046875,234.72500610351562,238.6999969482422,233.8249969482422,236.27499389648438,16839956,Wipro,WIPRO.NS
2023-12-29,217.93931579589844,235.64999389648438,237.6750030517578,233.0500030517578,235.47500610351562,15961140,Wipro,WIPRO.NS
2024-01-01,220.64447021484375,238.5749969482422,241.75,234.14999389648438,236.5,20347278,Wipro,WIPRO.NS
2024-01-02,216.96826171875,234.60000610351562,239.0,232.14999389648438,239.0,14282514,Wipro,WIPRO.NS
2024-01-03,210.8180389404297,227.9499969482422,231.9499969482422,227.5,231.9499969482422,19534364,Wipro,WIPRO.NS
2024-01-04,209.19955444335938,226.1999969482422,229.9250030517578,225.6999969482422,228.5,15170336,Wipro,WIPRO.NS
2024-01-05,211.1417236328125,228.3000030517578,231.5,226.75,227.52499389648438,16889130,Wipro,WIPRO.NS
2024-01-08,208.25160217285156,225.1750030517578,230.0,224.52499389648438,228.75,10082886,Wipro,WIPRO.NS
2024-01-09,208.43655395507812,225.375,231.25,224.97500610351562,229.0,14465048,Wipro,WIPRO.NS
2024-01-10,209.75445556640625,226.8000030517578,228.0,224.5,225.72500610351562,8874676,Wipro,WIPRO.NS
2024-01-11,207.2574005126953,224.10000610351562,228.4499969482422,223.35000610351562,227.47500610351562,8638818,Wipro,WIPRO.NS
2024-01-12,215.23416137695312,232.72500610351562,234.5,227.5,227.5,36086734,Wipro,WIPRO.NS
2024-01-15,228.7137451171875,247.3000030517578,264.5,244.5749969482422,255.97500610351562,127844264,Wipro,WIPRO.NS
2024-01-16,224.27450561523438,242.5,247.5,240.25,247.5,25912492,Wipro,WIPRO.NS
2024-01-17,223.0721893310547,241.1999969482422,245.75,236.0,237.5749969482422,28668932,Wipro,WIPRO.NS
2024-01-18,223.1878204345703,241.3249969482422,244.5,234.1999969482422,241.1999969482422,26144924,Wipro,WIPRO.NS
2024-01-19,224.297607421875,242.52499389648438,246.6750030517578,241.8000030517578,244.0,15498620,Wipro,WIPRO.NS
2024-01-23,217.29193115234375,234.9499969482422,243.0,233.52499389648438,239.02499389648438,19972336,Wipro,WIPRO.NS
2024-01-24,221.53211975097656,239.02499389648438,239.5,234.02499389648438,235.5,11708750,Wipro,WIPRO.NS
2024-01-25,217.80169677734375,235.0,239.6750030517578,234.27499389648438,239.02499389648438,12852980,Wipro,WIPRO.NS
2024-01-29,219.19190979003906,236.5,238.5,235.0,235.0,10051300,Wipro,WIPRO.NS
2024-01-30,218.96018981933594,236.25,241.4499969482422,235.75,237.1999969482422,11828014,Wipro,WIPRO.NS
2024-01-31,221.5784454345703,239.0749969482422,239.9499969482422,234.5,236.25,10584480,Wipro,WIPRO.NS
2024-02-01,218.42730712890625,235.6750030517578,238.85000610351562,235.3000030517578,238.77499389648438,7828120,Wipro,WIPRO.NS
2024-02-02,223.89549255371094,241.5749969482422,243.25,237.5,237.5,16296222,Wipro,WIPRO.NS
2024-02-05,223.5247802734375,241.1750030517578,244.75,239.5749969482422,241.5,11566604,Wipro,WIPRO.NS
2024-02-06,231.54173278808594,249.8249969482422,250.89999389648438,241.5500030517578,242.35000610351562,29024038,Wipro,WIPRO.NS
2024-02-07,229.47958374023438,247.60000610351562,250.85000610351562,246.27499389648438,250.47500610351562,9103534,Wipro,WIPRO.NS
2024-02-08,226.5369415283203,244.4250030517578,250.0500030517578,242.5500030517578,247.9499969482422,11303840,Wipro,WIPRO.NS
2024-02-09,227.27838134765625,245.22500610351562,247.375,241.375,245.4499969482422,7893788,Wipro,WIPRO.NS
2024-02-12,232.37586975097656,250.72500610351562,255.39999389648438,245.5,245.5,48873500,Wipro,WIPRO.NS
2024-02-13,237.0794677734375,255.8000030517578,256.5,245.85000610351562,251.5500030517578,22373576,Wipro,WIPRO.NS
2024-02-14,238.42333984375,257.25,258.5,248.52499389648438,251.97500610351562,22594656,Wipro,WIPRO.NS
2024-02-15,240.2769775390625,259.25,261.42498779296875,256.5249938964844,258.4750061035156,14570776,Wipro,WIPRO.NS
2024-02-16,251.63047790527344,271.5,272.5,260.4750061035156,261.25,34942644,Wipro,WIPRO.NS
2024-02-19,248.3634490966797,267.9750061035156,272.95001220703125,265.67498779296875,272.95001220703125,18602758,Wipro,WIPRO.NS
2024-02-20,246.50982666015625,265.9750061035156,269.07501220703125,263.125,267.8999938964844,10374126,Wipro,WIPRO.NS
2024-02-21,241.62088012695312,260.70001220703125,268.1499938964844,259.75,267.95001220703125,13115574,Wipro,WIPRO.NS
2024-02-22,246.09274291992188,265.5249938964844,266.5,260.7250061035156,261.3999938964844,14596482,Wipro,WIPRO.NS
2024-02-23,248.4561309814453,268.07501220703125,270.625,266.6499938964844,267.5,19860994,Wipro,WIPRO.NS
2024-02-26,246.95005798339844,266.45001220703125,268.25,263.0249938964844,268.125,8820636,Wipro,WIPRO.NS
2024-02-27,246.27810668945312,265.7250061035156,268.70001220703125,263.7749938964844,267.0,10399260,Wipro,WIPRO.NS
2024-02-28,239.90625,258.8500061035156,265.4750061035156,257.5,265.0,12789056,Wipro,WIPRO.NS
2024-02-29,240.3232879638672,259.29998779296875,262.125,256.6000061035156,258.6499938964844,14462764,Wipro,WIPRO.NS
2024-03-01,240.55499267578125,259.54998779296875,262.6000061035156,258.7749938964844,261.20001220703125,9420630,Wipro,WIPRO.NS
2024-03-04,241.2037811279297,260.25,263.20001220703125,259.2749938964844,261.4750061035156,5662370,Wipro,WIPRO.NS
2024-03-05,237.86724853515625,256.6499938964844,260.25,255.3249969482422,258.875,10521548,Wipro,WIPRO.NS
2024-03-06,237.79774475097656,256.57501220703125,257.42498779296875,250.0,256.8500061035156,11091922,Wipro,WIPRO.NS
2024-03-07,238.88673400878906,257.75,260.20001220703125,255.25,256.875,9707982,Wipro,WIPRO.NS
2024-03-11,238.44650268554688,257.2749938964844,259.4750061035156,256.1499938964844,258.70001220703125,11131512,Wipro,WIPRO.NS
2024-03-12,236.7318878173828,255.4250030517578,261.25,253.875,256.375,11652760,Wipro,WIPRO.NS
2024-03-13,233.74290466308594,252.1999969482422,259.3500061035156,248.39999389648438,256.8999938964844,13580480,Wipro,WIPRO.NS
2024-03-14,240.0220947265625,258.9750061035156,259.45001220703125,247.5749969482422,250.5749969482422,12825472,Wipro,WIPRO.NS
2024-03-15,239.5818634033203,258.5,259.125,253.1999969482422,257.375,13649086,Wipro,WIPRO.NS
2024-03-18,236.43069458007812,255.10000610351562,259.2749938964844,254.5,259.0,6393960,Wipro,WIPRO.NS
2024-03-19,229.31736755371094,247.4250030517578,254.5,246.5749969482422,254.5,9617386,Wipro,WIPRO.NS
2024-03-20,228.69178771972656,246.75,250.625,244.60000610351562,248.02499389648438,8385344,Wipro,WIPRO.NS
2024-03-21,231.91246032714844,250.22500610351562,252.64999389648438,249.22500610351562,249.8249969482422,11644580,Wipro,WIPRO.NS
2024-03-22,225.72596740722656,243.5500030517578,245.375,239.77499389648438,244.625,28646502,Wipro,WIPRO.NS
2024-03-26,222.3662567138672,239.9250030517578,245.47500610351562,239.52499389648438,243.0,18273346,Wipro,WIPRO.NS
2024-03-27,218.86752319335938,236.14999389648438,240.47500610351562,235.625,239.85000610351562,14320668,Wipro,WIPRO.NS
2024-03-28,222.4821014404297,240.0500030517578,241.52499389648438,237.64999389648438,238.35000610351562,15455150,Wipro,WIPRO.NS
2024-04-01,224.72964477539062,242.47500610351562,243.1999969482422,240.77499389648438,241.85000610351562,6041008,Wipro,WIPRO.NS
2024-04-02,222.9918670654297,240.60000610351562,241.35000610351562,239.8000030517578,240.97500610351562,6932654,Wipro,WIPRO.NS
2024-04-03,223.91867065429688,241.60000610351562,243.85000610351562,237.97500610351562,240.0,13794516,Wipro,WIPRO.NS
2024-04-04,225.86497497558594,243.6999969482422,245.97500610351562,239.8000030517578,242.89999389648438,16004046,Wipro,WIPRO.NS
2024-04-05,224.77597045898438,242.52499389648438,243.5749969482422,241.27499389648438,243.25,6414344,Wipro,WIPRO.NS
2024-04-08,222.38943481445312,239.9499969482422,245.8000030517578,239.10000610351562,245.0,26640770,Wipro,WIPRO.NS
2024-04-09,220.4894561767578,237.89999389648438,242.625,237.60000610351562,241.97500610351562,15801250,Wipro,WIPRO.NS
2024-04-10,221.1845703125,238.64999389648438,239.72500610351562,236.5500030517578,238.75,10771534,Wipro,WIPRO.NS
2024-04-12,218.1492462158203,235.375,240.0,235.0,237.5,13170046,Wipro,WIPRO.NS
2024-04-15,212.86639404296875,229.6750030517578,234.1750030517578,229.10000610351562,233.22500610351562,12176472,Wipro,WIPRO.NS
2024-04-16,207.7689208984375,224.1750030517578,229.25,222.39999389648438,226.52499389648438,21439424,Wipro,WIPRO.NS
2024-04-18,205.915283203125,222.1750030517578,227.72500610351562,221.4250030517578,226.25,21986258,Wipro,WIPRO.NS
2024-04-19,209.80792236328125,226.375,226.9499969482422,218.5,220.0,20470106,Wipro,WIPRO.NS
2024-04-22,214.09442138671875,231.0,233.0749969482422,225.0,226.375,18881740,Wipro,WIPRO.NS
2024-04-23,214.14077758789062,231.0500030517578,233.39999389648438,230.10000610351562,233.39999389648438,10322712,Wipro,WIPRO.NS
2024-04-24,213.12127685546875,229.9499969482422,232.3249969482422,229.3000030517578,231.9499969482422,5915168,Wipro,WIPRO.NS
2024-04-25,213.6310272216797,230.5,231.27499389648438,227.89999389648438,229.4499969482422,11805090,Wipro,WIPRO.NS
2024-04-26,215.2992706298828,232.3000030517578,237.89999389648438,230.8000030517578,230.9499969482422,21478294,Wipro,WIPRO.NS
2024-04-29,214.53466796875,231.47500610351562,234.0,230.8000030517578,233.8249969482422,7249940,Wipro,WIPRO.NS
2024-04-30,214.27978515625,231.1999969482422,233.375,230.75,231.5,8902956,Wipro,WIPRO.NS
2024-05-02,211.96275329589844,228.6999969482422,231.5,227.72500610351562,231.1999969482422,14937276,Wipro,WIPRO.NS
2024-05-03,211.93959045410156,228.6750030517578,231.0,226.60000610351562,230.1999969482422,9730626,Wipro,WIPRO.NS
2024-05-06,212.54200744628906,229.3249969482422,231.3000030517578,228.0,229.39999389648438,6918126,Wipro,WIPRO.NS
2024-05-07,214.97488403320312,231.9499969482422,232.6750030517578,227.0,230.89999389648438,9278528,Wipro,WIPRO.NS
2024-05-08,214.6505126953125,231.60000610351562,233.1999969482422,230.64999389648438,232.5,8205680,Wipro,WIPRO.NS
2024-05-09,211.26763916015625,227.9499969482422,232.1999969482422,227.02499389648438,230.875,9233484,Wipro,WIPRO.NS
2024-05-10,209.39083862304688,225.9250030517578,228.75,225.14999389648438,228.02499389648438,6654714,Wipro,WIPRO.NS
2024-05-13,209.4371795654297,225.97500610351562,226.625,222.5,225.9250030517578,7111608,Wipro,WIPRO.NS
2024-05-14,211.47618103027344,228.1750030517578,229.9499969482422,226.10000610351562,226.35000610351562,4909420,Wipro,WIPRO.NS
2024-05-15,212.3798065185547,229.14999389648438,229.875,227.3249969482422,228.1750030517578,4793424,Wipro,WIPRO.NS
2024-05-16,215.2297821044922,232.22500610351562,233.75,228.0500030517578,231.0,14621472,Wipro,WIPRO.NS
2024-05-17,213.6310272216797,230.5,232.1999969482422,230.02499389648438,232.1999969482422,6876820,Wipro,WIPRO.NS
2024-05-21,213.5846710205078,230.4499969482422,232.39999389648438,229.85000610351562,231.5,8467448,Wipro,WIPRO.NS
2024-05-22,213.77003479003906,230.64999389648438,231.72500610351562,229.4250030517578,231.4499969482422,7765884,Wipro,WIPRO.NS
2024-05-23,215.85537719726562,232.89999389648438,234.0,230.875,231.25,13171332,Wipro,WIPRO.NS
2024-05-24,214.85903930664062,231.8249969482422,235.25,231.0,233.5,8205526,Wipro,WIPRO.NS
2024-05-27,209.66888427734375,226.22500610351562,231.0749969482422,225.8000030517578,231.0,40983758,Wipro,WIPRO.NS
2024-05-28,211.33714294433594,228.02499389648438,228.625,226.5500030517578,227.0,15778126,Wipro,WIPRO.NS
2024-05-29,208.9042510986328,225.39999389648438,227.75,224.75,227.0,9756036,Wipro,WIPRO.NS
2024-05-30,202.48605346679688,218.47500610351562,224.75,217.5500030517578,224.5,20724568,Wipro,WIPRO.NS
2024-05-31,203.06532287597656,219.10000610351562,221.0749969482422,217.75,218.77499389648438,21438004,Wipro,WIPRO.NS
2024-06-03,205.79942321777344,222.0500030517578,225.27499389648438,220.77499389648438,225.10000610351562,8964424,Wipro,WIPRO.NS
2024-06-04,203.04214477539062,219.0749969482422,222.9499969482422,208.5,222.9499969482422,17730732,Wipro,WIPRO.NS
2024-06-05,209.22865295410156,225.75,227.5,219.52499389648438,219.85000610351562,12267428,Wipro,WIPRO.NS
2024-06-06,213.6310272216797,230.5,231.0,226.3000030517578,227.47500610351562,15425568,Wipro,WIPRO.NS
2024-06-07,224.5442657470703,242.27499389648438,243.1999969482422,234.14999389648438,235.0,72672440,Wipro,WIPRO.NS
2024-06-10,220.23458862304688,237.625,244.1999969482422,236.6750030517578,244.1999969482422,18311752,Wipro,WIPRO.NS
2024-06-11,220.6053009033203,238.02499389648438,239.60000610351562,237.1750030517578,239.60000610351562,9371714,Wipro,WIPRO.NS
2024-06-12,220.9991912841797,238.4499969482422,242.1999969482422,237.77499389648438,239.0,13875116,Wipro,WIPRO.NS
2024-06-13,223.640625,241.3000030517578,242.6750030517578,239.0749969482422,240.0,12995932,Wipro,WIPRO.NS
2024-06-14,221.27723693847656,238.75,242.8000030517578,238.10000610351562,242.5,11322596,Wipro,WIPRO.NS
2024-06-18,227.92715454101562,245.9250030517578,246.5,240.02499389648438,240.5,31870984,Wipro,WIPRO.NS
2024-06-19,229.73443603515625,247.875,248.5749969482422,243.375,246.125,20880284,Wipro,WIPRO.NS
2024-06-20,227.2552032470703,245.1999969482422,248.75,244.125,248.75,12571126,Wipro,WIPRO.NS
2024-06-21,227.32472229003906,245.27499389648438,250.47500610351562,244.5500030517578,248.97500610351562,95171176,Wipro,WIPRO.NS
2024-06-24,227.32472229003906,245.27499389648438,247.4499969482422,244.72500610351562,245.0500030517578,9934518,Wipro,WIPRO.NS
2024-06-25,230.2441864013672,248.4250030517578,249.0,244.64999389648438,245.27499389648438,9258210,Wipro,WIPRO.NS
2024-06-26,229.47958374023438,247.60000610351562,249.9499969482422,246.89999389648438,248.4250030517578,12812090,Wipro,WIPRO.NS
2024-06-27,236.70870971679688,255.39999389648438,255.97500610351562,244.60000610351562,246.0749969482422,42137138,Wipro,WIPRO.NS
2024-06-28,238.58551025390625,257.42498779296875,258.1499938964844,252.9250030517578,256.0,16405832,Wipro,WIPRO.NS
2024-07-01,244.3781280517578,263.67498779296875,267.8999938964844,257.04998779296875,258.95001220703125,30757528,Wipro,WIPRO.NS
2024-07-02,249.4060821533203,269.1000061035156,272.5,264.1499938964844,264.6499938964844,36276968,Wipro,WIPRO.NS
2024-07-03,249.7768096923828,269.5,272.7250061035156,267.75,270.95001220703125,16049384,Wipro,WIPRO.NS
2024-07-04,245.93057250976562,265.3500061035156,274.3999938964844,264.54998779296875,270.70001220703125,19524632,Wipro,WIPRO.NS
2024-07-05,247.9695281982422,267.54998779296875,268.25,264.7250061035156,265.67498779296875,10376090,Wipro,WIPRO.NS
2024-07-08,250.79632568359375,270.6000061035156,271.5,267.5,267.9750061035156,12176360,Wipro,WIPRO.NS
2024-07-09,250.7036590576172,270.5,272.4750061035156,268.79998779296875,272.0,8681444,Wipro,WIPRO.NS
2024-07-10,248.17803955078125,267.7749938964844,271.67498779296875,265.875,270.5,9233748,Wipro,WIPRO.NS
2024-07-11,247.50611877441406,267.04998779296875,269.7749938964844,265.0,268.3500061035156,8807618,Wipro,WIPRO.NS
2024-07-12,259.57794189453125,280.07501220703125,282.3999938964844,270.7749938964844,272.5,54186042,Wipro,WIPRO.NS
2024-07-15,259.3693542480469,279.8500061035156,283.45001220703125,278.07501220703125,283.45001220703125,16099478,Wipro,WIPRO.NS
2024-07-16,259.3693542480469,279.8500061035156,281.29998779296875,278.20001220703125,280.92498779296875,11239032,Wipro,WIPRO.NS
2024-07-18,265.6253967285156,286.6000061035156,287.20001220703125,278.17498779296875,278.2749938964844,25019786,Wipro,WIPRO.NS
2024-07-19,258.2108459472656,278.6000061035156,289.95001220703125,277.3500061035156,289.95001220703125,26523490,Wipro,WIPRO.NS
2024-07-22,234.39166259765625,252.89999389648438,263.375,250.77499389648438,260.5,76014568,Wipro,WIPRO.NS
2024-07-23,231.9587860107422,250.27499389648438,254.0,243.1750030517578,254.0,25847632,Wipro,WIPRO.NS
2024-07-24,231.75025939941406,250.0500030517578,253.1750030517578,249.9250030517578,251.25,12240276,Wipro,WIPRO.NS
2024-07-25,234.87826538085938,253.4250030517578,253.75,246.64999389648438,248.0,21887890,Wipro,WIPRO.NS
2024-07-26,243.19642639160156,262.3999938964844,264.2749938964844,254.25,255.0,26153996,Wipro,WIPRO.NS
2024-07-29,243.01109313964844,262.20001220703125,265.2749938964844,261.42498779296875,264.0,12011554,Wipro,WIPRO.NS
2024-07-30,241.6671905517578,260.75,263.4750061035156,259.875,262.20001220703125,10816526,Wipro,WIPRO.NS
2024-07-31,241.89889526367188,261.0,262.45001220703125,259.7250061035156,260.8999938964844,7758508,Wipro,WIPRO.NS
2024-08-01,241.6903533935547,260.7749938964844,263.3999938964844,258.75,261.5,10759752,Wipro,WIPRO.NS
2024-08-02,232.7002410888672,251.0749969482422,259.625,250.5,257.5,15652228,Wipro,WIPRO.NS
2024-08-05,224.7528076171875,242.5,247.9250030517578,240.125,245.0,21938080,Wipro,WIPRO.NS
2024-08-06,226.83815002441406,244.75,249.6750030517578,243.3000030517578,244.875,11271584,Wipro,WIPRO.NS
2024-08-07,230.49905395507812,248.6999969482422,250.0500030517578,246.3249969482422,249.35000610351562,7079826,Wipro,WIPRO.NS
2024-08-08,225.8186492919922,243.64999389648438,247.0,243.1750030517578,247.0,13160570,Wipro,WIPRO.NS
2024-08-09,227.67227172851562,245.64999389648438,248.22500610351562,244.8249969482422,247.6750030517578,6065948,Wipro,WIPRO.NS
2024-08-12,226.62960815429688,244.52499389648438,247.0,243.6999969482422,245.77499389648438,7338468,Wipro,WIPRO.NS
2024-08-13,227.30154418945312,245.25,246.35000610351562,243.5749969482422,244.52499389648438,6289418,Wipro,WIPRO.NS
2024-08-14,229.45640563964844,247.5749969482422,248.4250030517578,245.22500610351562,246.5,11121756,Wipro,WIPRO.NS
2024-08-16,239.23431396484375,258.125,258.7250061035156,248.97500610351562,250.5,25931140,Wipro,WIPRO.NS
2024-08-19,240.85623168945312,259.875,261.6000061035156,256.8500061035156,258.0,11466562,Wipro,WIPRO.NS
2024-08-20,243.12693786621094,262.32501220703125,263.79998779296875,259.82501220703125,259.95001220703125,9543812,Wipro,WIPRO.NS
2024-08-21,243.9147186279297,263.17498779296875,264.04998779296875,260.5249938964844,261.70001220703125,6454402,Wipro,WIPRO.NS
2024-08-22,240.50868225097656,259.5,265.2749938964844,259.0249938964844,263.8999938964844,11496506,Wipro,WIPRO.NS
2024-08-23,237.45021057128906,256.20001220703125,260.7250061035156,255.6750030517578,259.95001220703125,11277706,Wipro,WIPRO.NS
2024-08-26,240.97207641601562,260.0,262.3999938964844,257.9750061035156,258.0,17351380,Wipro,WIPRO.NS
2024-08-27,239.65138244628906,258.57501220703125,261.625,258.0,260.0,7965796,Wipro,WIPRO.NS
2024-08-28,247.7378387451172,267.29998779296875,269.04998779296875,258.92498779296875,260.0,34375566,Wipro,WIPRO.NS
2024-08-29,249.6378173828125,269.3500061035156,270.9750061035156,267.0249938964844,267.5,25685318,Wipro,WIPRO.NS
2024-08-30,249.49880981445312,269.20001220703125,271.0,267.8500061035156,270.8500061035156,19434804,Wipro,WIPRO.NS
2024-09-02,246.74151611328125,266.2250061035156,271.0,265.92498779296875,269.20001220703125,15735982,Wipro,WIPRO.NS
2024-09-03,248.40975952148438,268.0249938964844,270.42498779296875,264.75,266.5,15056686,Wipro,WIPRO.NS
2024-09-04,240.57818603515625,259.57501220703125,264.125,258.375,264.0,20402128,Wipro,WIPRO.NS
2024-09-05,243.21958923339844,262.42498779296875,263.0,259.75,260.6000061035156,12069118,Wipro,WIPRO.NS
2024-09-06,241.25009155273438,260.29998779296875,264.95001220703125,259.2250061035156,262.42498779296875,14579954,Wipro,WIPRO.NS
2024-09-09,238.58551025390625,257.42498779296875,260.875,256.7250061035156,258.54998779296875,11919540,Wipro,WIPRO.NS
2024-09-10,243.63668823242188,262.875,264.0,257.0,258.3999938964844,10287272,Wipro,WIPRO.NS
2024-09-11,238.35382080078125,257.17498779296875,263.125,256.625,262.5,8261524,Wipro,WIPRO.NS
2024-09-12,245.62933349609375,265.0249938964844,266.0,258.875,260.2250061035156,15779474,Wipro,WIPRO.NS
2024-09-13,255.15234375,275.29998779296875,276.25,265.42498779296875,266.8999938964844,35919706,Wipro,WIPRO.NS
2024-09-16,255.7548065185547,275.95001220703125,278.42498779296875,274.5,276.5,11088578,Wipro,WIPRO.NS
2024-09-17,255.7548065185547,275.95001220703125,277.45001220703125,273.5249938964844,274.5,8728238,Wipro,WIPRO.NS
2024-09-18,249.38294982910156,269.07501220703125,274.5249938964844,266.32501220703125,274.5249938964844,16665520,Wipro,WIPRO.NS
2024-09-19,247.1585693359375,266.67498779296875,275.7250061035156,264.57501220703125,272.1000061035156,20969182,Wipro,WIPRO.NS
2024-09-20,249.8231658935547,269.54998779296875,270.375,265.5,268.95001220703125,16664232,Wipro,WIPRO.NS
2024-09-23,247.8768768310547,267.45001220703125,270.20001220703125,266.0,269.54998779296875,8544290,Wipro,WIPRO.NS
2024-09-24,250.03167724609375,269.7749938964844,270.95001220703125,264.67498779296875,266.1000061035156,12355694,Wipro,WIPRO.NS
2024-09-25,248.47930908203125,268.1000061035156,269.70001220703125,265.375,269.3999938964844,8065196,Wipro,WIPRO.NS
2024-09-26,251.12071228027344,270.95001220703125,271.54998779296875,267.8500061035156,269.3500061035156,11403400,Wipro,WIPRO.NS
2024-09-27,251.07437133789062,270.8999938964844,279.45001220703125,270.3500061035156,274.45001220703125,26462384,Wipro,WIPRO.NS
2024-09-30,250.91217041015625,270.7250061035156,272.25,267.0,269.0,8199446,Wipro,WIPRO.NS
2024-10-01,253.36827087402344,273.375,274.79998779296875,270.1000061035156,270.1000061035156,9411274,Wipro,WIPRO.NS
2024-10-03,245.67567443847656,265.07501220703125,271.20001220703125,263.125,270.04998779296875,14035368,Wipro,WIPRO.NS
2024-10-04,247.25125122070312,266.7749938964844,270.9750061035156,264.0249938964844,264.0249938964844,11922754,Wipro,WIPRO.NS
2024-10-07,246.27810668945312,265.7250061035156,270.8500061035156,262.9750061035156,269.0,9878074,Wipro,WIPRO.NS
2024-10-08,244.19277954101562,263.4750061035156,266.8999938964844,260.1499938964844,265.7749938964844,11502804,Wipro,WIPRO.NS
2024-10-09,246.13909912109375,265.57501220703125,269.3500061035156,264.25,264.8999938964844,8841688,Wipro,WIPRO.NS
2024-10-10,243.2891082763672,262.5,268.79998779296875,261.7250061035156,267.5,12620244,Wipro,WIPRO.NS
2024-10-11,244.81837463378906,264.1499938964844,267.20001220703125,260.17498779296875,260.17498779296875,8436982,Wipro,WIPRO.NS
2024-10-14,254.66575622558594,274.7749938964844,275.92498779296875,268.1499938964844,269.3500061035156,33136266,Wipro,WIPRO.NS
2024-10-15,246.97320556640625,266.4750061035156,276.42498779296875,265.42498779296875,276.42498779296875,21601252,Wipro,WIPRO.NS
2024-10-16,246.60250854492188,266.07501220703125,269.3999938964844,264.5,266.5,12553622,Wipro,WIPRO.NS
2024-10-17,245.0269012451172,264.375,269.0,262.5249938964844,267.4750061035156,23755278,Wipro,WIPRO.NS
2024-10-18,254.24876403808594,274.32501220703125,279.20001220703125,262.3999938964844,266.0,74653054,Wipro,WIPRO.NS
2024-10-21,253.99380493164062,274.04998779296875,280.95001220703125,273.5,275.79998779296875,23966964,Wipro,WIPRO.NS
2024-10-22,252.76580810546875,272.7250061035156,277.75,271.92498779296875,274.8999938964844,18478300,Wipro,WIPRO.NS
2024-10-23,253.5767822265625,273.6000061035156,277.25,271.1000061035156,273.75,12698576,Wipro,WIPRO.NS
2024-10-24,253.43775939941406,273.45001220703125,275.25,272.57501220703125,273.6000061035156,9576604,Wipro,WIPRO.NS
2024-10-25,251.83901977539062,271.7250061035156,276.0,270.25,274.875,10124540,Wipro,WIPRO.NS
2024-10-28,258.8595886230469,279.29998779296875,279.8999938964844,271.3500061035156,271.7250061035156,11185858,Wipro,WIPRO.NS
2024-10-29,260.52789306640625,281.1000061035156,281.70001220703125,276.625,279.8999938964844,12055630,Wipro,WIPRO.NS
2024-10-30,261.9412841796875,282.625,289.375,280.54998779296875,281.25,20755492,Wipro,WIPRO.NS
2024-10-31,255.7084503173828,275.8999938964844,283.1499938964844,274.1499938964844,282.3999938964844,15680094,Wipro,WIPRO.NS
2024-11-01,255.49990844726562,275.67498779296875,277.45001220703125,275.0,275.8500061035156,1962810,Wipro,WIPRO.NS
2024-11-04,250.61093139648438,270.3999938964844,276.2250061035156,267.1000061035156,275.5,9855560,Wipro,WIPRO.NS
2024-11-05,251.95486450195312,271.8500061035156,272.67498779296875,270.20001220703125,271.5,6862260,Wipro,WIPRO.NS
2024-11-06,261.3157043457031,281.95001220703125,282.92498779296875,270.5,273.7250061035156,19554884,Wipro,WIPRO.NS
2024-11-07,261.0840148925781,281.70001220703125,284.8500061035156,277.2250061035156,283.0,11997142,Wipro,WIPRO.NS
2024-11-08,263.67901611328125,284.5,289.3999938964844,282.5,282.5,20852658,Wipro,WIPRO.NS
2024-11-11,265.764404296875,286.75,291.6000061035156,283.0249938964844,284.5,16139444,Wipro,WIPRO.NS
2024-11-12,264.4437255859375,285.32501220703125,289.8500061035156,284.5249938964844,287.5,11260890,Wipro,WIPRO.NS
2024-11-13,263.67901611328125,284.5,286.79998779296875,282.7749938964844,285.0,11391200,Wipro,WIPRO.NS
2024-11-14,262.61322021484375,283.3500061035156,287.2749938964844,282.1000061035156,284.4750061035156,9783520,Wipro,WIPRO.NS
2024-11-18,256.19500732421875,276.42498779296875,283.3500061035156,270.1499938964844,283.3500061035156,15289764,Wipro,WIPRO.NS
2024-11-19,260.43524169921875,281.0,284.8999938964844,277.3500061035156,278.0,12919778,Wipro,WIPRO.NS
2024-11-21,258.18768310546875,278.57501220703125,283.79998779296875,277.6499938964844,281.0,11672608,Wipro,WIPRO.NS
2024-11-22,264.9071044921875,285.82501220703125,286.79998779296875,278.95001220703125,280.9750061035156,14733232,Wipro,WIPRO.NS
2024-11-25,269.91192626953125,291.2250061035156,293.7749938964844,286.95001220703125,287.75,23297474,Wipro,WIPRO.NS
2024-11-26,272.9472351074219,294.5,295.17498779296875,289.6499938964844,292.5,15771340,Wipro,WIPRO.NS
2024-11-27,270.12042236328125,291.45001220703125,298.0,290.95001220703125,295.75,13659676,Wipro,WIPRO.NS
2024-11-28,265.1619873046875,286.1000061035156,293.0,285.2749938964844,292.875,11896556,Wipro,WIPRO.NS
2024-11-29,267.78021240234375,288.92498779296875,290.375,285.79998779296875,287.5,8540112,Wipro,WIPRO.NS
2024-12-02,270.88507080078125,292.2749938964844,292.7749938964844,289.1000061035156,291.2250061035156,11194000,Wipro,WIPRO.NS
2024-12-03,270.3057861328125,291.6499938964844,296.20001220703125,289.29998779296875,295.3500061035156,15445286,Wipro,WIPRO.NS
2024-12-04,272.48382568359375,294.0,297.0,291.79998779296875,294.6499938964844,14036431,Wipro,WIPRO.NS
2024-12-05,277.3959045410156,299.29998779296875,300.8999938964844,293.8999938964844,295.0,13487264,Wipro,WIPRO.NS
2024-12-06,275.588623046875,297.3500061035156,299.1499938964844,296.20001220703125,299.1499938964844,7894350,Wipro,WIPRO.NS
2024-12-09,281.520263671875,303.75,305.70001220703125,293.75,295.0,9285213,Wipro,WIPRO.NS
2024-12-10,285.5519104003906,308.1000061035156,311.0,303.45001220703125,306.0,17028502,Wipro,WIPRO.NS
2024-12-11,286.3860778808594,309.0,309.8999938964844,305.54998779296875,308.1499938964844,8608406,Wipro,WIPRO.NS
2024-12-12,286.478759765625,309.1000061035156,313.79998779296875,307.45001220703125,308.0,12958440,Wipro,WIPRO.NS
2024-12-13,287.26654052734375,309.95001220703125,311.04998779296875,304.20001220703125,309.1000061035156,7382211,Wipro,WIPRO.NS
2024-12-16,286.5714416503906,309.20001220703125,311.3999938964844,307.1000061035156,310.0,7221189,Wipro,WIPRO.NS
2024-12-17,286.2470397949219,308.8500061035156,312.25,307.29998779296875,311.0,10568517,Wipro,WIPRO.NS
2024-12-18,289.72259521484375,312.6000061035156,313.25,308.54998779296875,309.0,10965226,Wipro,WIPRO.NS
2024-12-19,289.8616027832031,312.75,313.3999938964844,301.1499938964844,306.3500061035156,12405595,Wipro,WIPRO.NS
2024-12-20,282.8641662597656,305.20001220703125,320.0,304.3999938964844,315.5,22214824,Wipro,WIPRO.NS
2024-12-23,285.3665771484375,307.8999938964844,310.6499938964844,305.0,306.6000061035156,6693583,Wipro,WIPRO.NS
2024-12-24,282.95684814453125,305.29998779296875,309.20001220703125,302.79998779296875,307.5,8837902,Wipro,WIPRO.NS
2024-12-26,282.7251281738281,305.04998779296875,306.95001220703125,304.0,305.3999938964844,6516148,Wipro,WIPRO.NS
2024-12-27,286.478759765625,309.1000061035156,310.8999938964844,304.70001220703125,305.20001220703125,8063921,Wipro,WIPRO.NS
2024-12-30,281.47393798828125,303.70001220703125,309.3999938964844,302.6499938964844,309.1000061035156,13709891,Wipro,WIPRO.NS
2024-12-31,279.7593078613281,301.8500061035156,303.0,295.25,300.95001220703125,9337030,Wipro,WIPRO.NS
2025-01-01,278.32275390625,300.29998779296875,303.3500061035156,298.95001220703125,300.0,7878201,Wipro,WIPRO.NS
2025-01-02,281.5666198730469,303.79998779296875,304.45001220703125,297.1499938964844,298.0,8800435,Wipro,WIPRO.NS
2025-01-03,272.9009094238281,294.45001220703125,303.79998779296875,294.0,303.29998779296875,12535720,Wipro,WIPRO.NS
2025-01-06,272.7618408203125,294.29998779296875,297.79998779296875,290.54998779296875,295.0,9173687,Wipro,WIPRO.NS
2025-01-07,272.5301513671875,294.04998779296875,297.5,291.29998779296875,294.29998779296875,7381943,Wipro,WIPRO.NS
2025-01-08,275.77398681640625,297.54998779296875,298.45001220703125,289.29998779296875,293.0,7937785,Wipro,WIPRO.NS
2025-01-09,270.9082336425781,292.29998779296875,298.0,291.3500061035156,297.0,7964702,Wipro,WIPRO.NS
2025-01-10,278.554443359375,300.54998779296875,303.25,294.29998779296875,294.29998779296875,19505556,Wipro,WIPRO.NS
2025-01-13,270.49114990234375,291.8500061035156,299.25,290.25,298.95001220703125,9541248,Wipro,WIPRO.NS
2025-01-14,271.4179382324219,292.8500061035156,294.54998779296875,286.54998779296875,291.79998779296875,7670070,Wipro,WIPRO.NS
2025-01-15,271.23260498046875,292.6499938964844,294.70001220703125,289.70001220703125,293.0,4662694,Wipro,WIPRO.NS
2025-01-16,266.96923828125,288.04998779296875,296.5,286.70001220703125,295.8999938964844,10345666,Wipro,WIPRO.NS
2025-01-17,261.3157043457031,281.95001220703125,287.79998779296875,280.5,287.79998779296875,9358955,Wipro,WIPRO.NS
2025-01-20,278.2763977050781,300.25,305.3999938964844,296.95001220703125,302.0,39380165,Wipro,WIPRO.NS
2025-01-21,276.51544189453125,298.3500061035156,305.8500061035156,297.79998779296875,302.3999938964844,15619474,Wipro,WIPRO.NS
2025-01-22,286.478759765625,309.1000061035156,310.0,299.3500061035156,299.3500061035156,30859317,Wipro,WIPRO.NS
2025-01-23,294.4493713378906,317.70001220703125,324.6000061035156,310.6499938964844,311.1000061035156,39904371,Wipro,WIPRO.NS
2025-01-24,296.6737060546875,320.1000061035156,322.5,316.6000061035156,319.0,17479586,Wipro,WIPRO.NS
2025-01-27,285.4129333496094,307.95001220703125,319.1499938964844,306.75,317.79998779296875,12372895,Wipro,WIPRO.NS
2025-01-28,286.9725341796875,303.6000061035156,307.6000061035156,301.54998779296875,304.0,12077491,Wipro,WIPRO.NS
2025-01-29,295.33782958984375,312.45001220703125,314.70001220703125,305.04998779296875,305.04998779296875,16338112,Wipro,WIPRO.NS
2025-01-30,292.0767517089844,309.0,313.70001220703125,305.95001220703125,311.0,9984186,Wipro,WIPRO.NS
2025-01-31,294.81793212890625,311.8999938964844,315.70001220703125,309.54998779296875,311.70001220703125,15597644,Wipro,WIPRO.NS
2025-02-01,288.1068115234375,304.79998779296875,313.25,303.3500061035156,312.54998779296875,6046117,Wipro,WIPRO.NS
2025-02-03,296.42486572265625,313.6000061035156,314.0,300.29998779296875,303.0,14877076,Wipro,WIPRO.NS
2025-02-04,298.9297180175781,316.25,318.8500061035156,313.3500061035156,318.0,15366864,Wipro,WIPRO.NS
2025-02-05,299.733154296875,317.1000061035156,321.45001220703125,314.8999938964844,317.79998779296875,9628027,Wipro,WIPRO.NS
2025-02-06,300.53662109375,317.95001220703125,323.6000061035156,314.54998779296875,320.0,15062390,Wipro,WIPRO.NS
2025-02-07,300.5838623046875,318.0,319.0,314.0,319.0,8589587,Wipro,WIPRO.NS
2025-02-10,301.5763854980469,319.04998779296875,321.0,315.8500061035156,318.79998779296875,12304840,Wipro,WIPRO.NS
2025-02-11,295.85772705078125,313.0,320.3999938964844,311.6000061035156,319.5,10627890,Wipro,WIPRO.NS
2025-02-12,293.2110900878906,310.20001220703125,315.75,309.3500061035156,313.45001220703125,9668342,Wipro,WIPRO.NS
2025-02-13,291.65142822265625,308.54998779296875,313.6499938964844,306.95001220703125,310.29998779296875,8832731,Wipro,WIPRO.NS
2025-02-14,291.22607421875,308.1000061035156,312.3999938964844,304.54998779296875,310.04998779296875,7371341,Wipro,WIPRO.NS
2025-02-17,288.6266784667969,305.3500061035156,310.29998779296875,302.0,308.1000061035156,7507772,Wipro,WIPRO.NS
2025-02-18,295.10150146484375,312.20001220703125,312.75,305.3500061035156,305.3500061035156,10368789,Wipro,WIPRO.NS
2025-02-19,296.8974914550781,314.1000061035156,316.5,308.29998779296875,311.25,7835672,Wipro,WIPRO.NS
2025-02-20,296.1412658691406,313.29998779296875,314.29998779296875,310.25,311.20001220703125,7697134,Wipro,WIPRO.NS
2025-02-21,289.5718994140625,306.3500061035156,312.79998779296875,305.04998779296875,312.79998779296875,8722925,Wipro,WIPRO.NS
2025-02-24,278.8907775878906,295.04998779296875,303.29998779296875,293.3500061035156,302.95001220703125,12600963,Wipro,WIPRO.NS
2025-02-25,275.34613037109375,291.29998779296875,296.29998779296875,290.1000061035156,294.3500061035156,10810040,Wipro,WIPRO.NS
2025-02-27,278.37091064453125,294.5,295.79998779296875,291.3500061035156,294.0,15555649,Wipro,WIPRO.NS
2025-02-28,262.4437561035156,277.6499938964844,294.0,277.0,294.0,17458839,Wipro,WIPRO.NS
2025-03-03,268.0206298828125,283.54998779296875,286.3500061035156,279.29998779296875,279.45001220703125,11471554,Wipro,WIPRO.NS
2025-03-04,264.6650390625,280.0,283.1000061035156,276.29998779296875,279.0,9331785,Wipro,WIPRO.NS
2025-03-05,269.4857177734375,285.1000061035156,286.95001220703125,278.6499938964844,281.3999938964844,10285712,Wipro,WIPRO.NS
2025-03-06,270.2419128417969,285.8999938964844,292.0,283.5,288.45001220703125,9782051,Wipro,WIPRO.NS
2025-03-07,269.2021484375,284.79998779296875,287.70001220703125,282.8999938964844,287.3999938964844,8097300,Wipro,WIPRO.NS
2025-03-10,265.5157470703125,280.8999938964844,285.6499938964844,277.95001220703125,284.45001220703125,8165123,Wipro,WIPRO.NS
2025-03-11,262.53826904296875,277.75,279.29998779296875,273.20001220703125,277.0,8602609,Wipro,WIPRO.NS
2025-03-12,253.84214782714844,268.54998779296875,277.70001220703125,262.20001220703125,277.70001220703125,18584311,Wipro,WIPRO.NS
2025-03-13,249.5413360595703,264.0,271.1000061035156,263.3500061035156,268.54998779296875,8683943,Wipro,WIPRO.NS
2025-03-17,245.61862182617188,259.8500061035156,265.20001220703125,258.8999938964844,264.0,12697926,Wipro,WIPRO.NS
2025-03-18,245.61862182617188,259.8500061035156,259.8500061035156,259.8500061035156,259.8500061035156,0,Wipro,WIPRO.NS
2025-03-19,251.1482391357422,265.70001220703125,266.5,256.25,262.0,14044300,Wipro,WIPRO.NS
2025-03-20,253.32223510742188,268.0,273.95001220703125,267.5,269.20001220703125,17038774,Wipro,WIPRO.NS
2025-03-21,249.82489013671875,264.29998779296875,269.54998779296875,260.20001220703125,264.0,22659168,Wipro,WIPRO.NS
2025-03-24,254.6455535888672,269.3999938964844,271.6499938964844,265.3999938964844,267.04998779296875,9269617,Wipro,WIPRO.NS
2025-03-25,256.157958984375,271.0,274.70001220703125,269.3500061035156,272.0,12563930,Wipro,WIPRO.NS
2025-03-26,252.755126953125,267.3999938964844,272.25,266.75,272.0,7308412,Wipro,WIPRO.NS
2025-03-27,257.292236328125,272.20001220703125,273.54998779296875,269.6000061035156,270.0,14783522,Wipro,WIPRO.NS
2025-03-28,247.88717651367188,262.25,271.8500061035156,261.6000061035156,271.0,14283389,Wipro,WIPRO.NS
2025-04-01,248.218017578125,262.6000061035156,263.0,258.5,260.3500061035156,8388635,Wipro,WIPRO.NS
2025-04-02,249.1632537841797,263.6000061035156,265.54998779296875,261.1000061035156,262.79998779296875,7136992,Wipro,WIPRO.NS
2025-04-03,242.310302734375,256.3500061035156,260.5,255.3000030517578,259.8999938964844,12262561,Wipro,WIPRO.NS
2025-04-04,232.8107147216797,246.3000030517578,253.9499969482422,244.85000610351562,253.0,14639785,Wipro,WIPRO.NS
2025-04-07,229.596923828125,242.89999389648438,243.85000610351562,228.0,231.0500030517578,13011904,Wipro,WIPRO.NS
2025-04-08,233.7086944580078,247.25,249.5,243.85000610351562,244.75,13806651,Wipro,WIPRO.NS
2025-04-09,223.68922424316406,236.64999389648438,242.3000030517578,234.0,240.6999969482422,19063559,Wipro,WIPRO.NS
2025-04-11,226.61944580078125,239.75,245.0,238.35000610351562,245.0,11205821,Wipro,WIPRO.NS
2025-04-15,230.6366729736328,244.0,245.0500030517578,241.35000610351562,245.0500030517578,10694621,Wipro,WIPRO.NS
2025-04-16,234.08676147460938,247.64999389648438,248.4499969482422,241.1999969482422,244.0,16203319,Wipro,WIPRO.NS
2025-04-17,223.92552185058594,236.89999389648438,237.8000030517578,232.14999389648438,235.0,54875421,Wipro,WIPRO.NS
2025-04-21,225.39064025878906,238.4499969482422,240.8000030517578,237.39999389648438,237.39999389648438,16298364,Wipro,WIPRO.NS
2025-04-22,221.32614135742188,234.14999389648438,239.0,233.5,238.4499969482422,18367713,Wipro,WIPRO.NS
2025-04-23,230.25860595703125,243.60000610351562,245.35000610351562,236.10000610351562,237.1999969482422,31898042,Wipro,WIPRO.NS
2025-04-24,229.4551544189453,242.75,245.14999389648438,241.5,244.8000030517578,23000820,Wipro,WIPRO.NS
2025-04-25,227.70645141601562,240.89999389648438,246.14999389648438,238.0500030517578,243.9499969482422,16620430,Wipro,WIPRO.NS
2025-04-28,227.32835388183594,240.5,241.9499969482422,238.75,240.5,14218414,Wipro,WIPRO.NS
2025-04-29,228.17906188964844,241.39999389648438,243.60000610351562,239.85000610351562,241.60000610351562,16647246,Wipro,WIPRO.NS
2025-04-30,228.2736053466797,241.5,243.39999389648438,239.1999969482422,241.5500030517578,14206640,Wipro,WIPRO.NS
2025-05-02,228.4437255859375,241.67999267578125,245.8000030517578,240.75,242.0399932861328,10822257,Wipro,WIPRO.NS
2025-05-05,230.23023986816406,243.57000732421875,246.8699951171875,242.6999969482422,244.0,12170446,Wipro,WIPRO.NS
2025-05-06,227.9805908203125,241.19000244140625,245.89999389648438,240.61000061035156,244.5,8869045,Wipro,WIPRO.NS
2025-05-07,230.6744842529297,244.0399932861328,244.4499969482422,236.00999450683594,236.00999450683594,9130056,Wipro,WIPRO.NS
2025-05-08,228.3397674560547,241.57000732421875,245.8300018310547,239.30999755859375,243.11000061035156,11434833,Wipro,WIPRO.NS
2025-05-09,228.7556610107422,242.00999450683594,242.9499969482422,236.5,236.60000610351562,10582438,Wipro,WIPRO.NS
2025-05-12,243.18936157226562,257.2799987792969,257.94000244140625,244.8800048828125,245.08999633789062,19791711,Wipro,WIPRO.NS
2025-05-13,237.79208374023438,251.57000732421875,256.95001220703125,250.6199951171875,256.95001220703125,11714159,Wipro,WIPRO.NS
2025-05-14,239.08705139160156,252.94000244140625,253.69000244140625,250.75,251.57000732421875,8839105,Wipro,WIPRO.NS
2025-05-15,242.51824951171875,256.57000732421875,257.1000061035156,250.6199951171875,253.1999969482422,12083645,Wipro,WIPRO.NS
2025-05-16,240.38201904296875,254.30999755859375,257.0,253.52999877929688,257.0,6640387,Wipro,WIPRO.NS
2025-05-19,237.9622344970703,251.75,254.74000549316406,251.27999877929688,254.30999755859375,6788784,Wipro,WIPRO.NS
2025-05-20,236.03396606445312,249.7100067138672,254.60000610351562,249.30999755859375,253.0,9366429,Wipro,WIPRO.NS
2025-05-21,237.1776885986328,250.9199981689453,252.11000061035156,248.10000610351562,249.7100067138672,5313593,Wipro,WIPRO.NS
2025-05-22,232.47042846679688,245.94000244140625,249.88999938964844,245.0,249.0,11469037,Wipro,WIPRO.NS
2025-05-23,233.8126678466797,247.36000061035156,250.49000549316406,245.60000610351562,246.10000610351562,7437642,Wipro,WIPRO.NS
2025-05-26,236.53494262695312,250.24000549316406,250.85000610351562,248.1999969482422,248.49000549316406,3690751,Wipro,WIPRO.NS
2025-05-27,234.6539306640625,248.25,250.99000549316406,247.99000549316406,250.99000549316406,6861143,Wipro,WIPRO.NS
2025-05-28,233.87881469726562,247.42999267578125,250.13999938964844,246.9600067138672,249.58999633789062,6205160,Wipro,WIPRO.NS
2025-05-29,236.44039916992188,250.13999938964844,251.74000549316406,248.10000610351562,249.64999389648438,11785042,Wipro,WIPRO.NS
2025-05-30,235.9961395263672,249.6699981689453,251.11000061035156,248.52000427246094,250.0,13858429,Wipro,WIPRO.NS
2025-06-02,234.11512756347656,247.67999267578125,248.4199981689453,246.1999969482422,247.60000610351562,5846259,Wipro,WIPRO.NS
2025-06-03,232.73509216308594,246.22000122070312,249.5,245.72999572753906,248.0,8573438,Wipro,WIPRO.NS
2025-06-04,233.34005737304688,246.86000061035156,249.80999755859375,246.50999450683594,246.50999450683594,6698150,Wipro,WIPRO.NS
2025-06-05,234.36090087890625,247.94000244140625,249.49000549316406,246.8800048828125,246.89999389648438,6468060,Wipro,WIPRO.NS
2025-06-06,234.9752960205078,248.58999633789062,249.97999572753906,247.10000610351562,247.10000610351562,4445411,Wipro,WIPRO.NS
2025-06-09,237.5274200439453,251.2899932861328,253.39999389648438,249.22000122070312,249.60000610351562,9193904,Wipro,WIPRO.NS
2025-06-10,240.91136169433594,254.8699951171875,255.8000030517578,251.8300018310547,252.89999389648438,10739851,Wipro,WIPRO.NS
2025-06-11,244.73956298828125,258.9200134277344,261.6000061035156,254.10000610351562,256.0199890136719,17268454,Wipro,WIPRO.NS
2025-06-12,245.39173889160156,259.6099853515625,263.0,256.32000732421875,260.0,14528657,Wipro,WIPRO.NS
2025-06-13,245.95889282226562,260.2099914550781,262.25,254.0,255.0,8692116,Wipro,WIPRO.NS
2025-06-16,248.49212646484375,262.8900146484375,265.30999755859375,258.0,260.0,10935361,Wipro,WIPRO.NS
2025-06-17,248.51104736328125,262.9100036621094,265.45001220703125,261.6600036621094,262.8900146484375,7528454,Wipro,WIPRO.NS
2025-06-18,247.26332092285156,261.5899963378906,265.6000061035156,261.0299987792969,262.8999938964844,5016660,Wipro,WIPRO.NS
2025-06-19,251.03477478027344,265.5799865722656,266.44000244140625,261.80999755859375,262.8500061035156,14184486,Wipro,WIPRO.NS
2025-06-20,251.9422149658203,266.5400085449219,267.20001220703125,262.8699951171875,266.0,12904674,Wipro,WIPRO.NS
2025-06-23,248.82293701171875,263.239990234375,265.20001220703125,261.80999755859375,264.0,6214062,Wipro,WIPRO.NS
2025-06-24,250.45822143554688,264.9700012207031,268.6499938964844,264.7099914550781,265.5,6319428,Wipro,WIPRO.NS
2025-06-25,254.65504455566406,269.4100036621094,269.9599914550781,265.8500061035156,265.8999938964844,5331739,Wipro,WIPRO.NS
2025-06-26,253.8137969970703,268.5199890136719,271.29998779296875,267.19000244140625,269.1000061035156,8564099,Wipro,WIPRO.NS
2025-06-27,250.5338134765625,265.04998779296875,270.0,264.5,269.0,8906108,Wipro,WIPRO.NS
2025-06-30,251.4128875732422,265.9800109863281,266.739990234375,262.8999938964844,266.1000061035156,7119563,Wipro,WIPRO.NS
2025-07-01,250.06118774414062,264.54998779296875,268.3500061035156,263.70001220703125,265.5,3886095,Wipro,WIPRO.NS
2025-07-02,252.37701416015625,267.0,268.70001220703125,264.45001220703125,265.0,8750887,Wipro,WIPRO.NS
2025-07-03,252.42428588867188,267.04998779296875,270.8500061035156,266.45001220703125,268.3999938964844,9357962,Wipro,WIPRO.NS
2025-07-04,255.25997924804688,270.04998779296875,271.3999938964844,267.5,268.29998779296875,7141779,Wipro,WIPRO.NS
2025-07-07,253.0859375,267.75,270.54998779296875,267.29998779296875,270.04998779296875,4849218,Wipro,WIPRO.NS
2025-07-08,254.8818817138672,269.6499938964844,270.29998779296875,267.3500061035156,267.79998779296875,5519016,Wipro,WIPRO.NS
2025-07-09,253.13320922851562,267.79998779296875,269.3999938964844,264.8500061035156,268.0,11564433,Wipro,WIPRO.NS
2025-07-10,250.5338134765625,265.04998779296875,267.54998779296875,263.1499938964844,267.54998779296875,6911031,Wipro,WIPRO.NS
2025-07-11,244.1534881591797,258.29998779296875,262.04998779296875,257.75,261.0,13109857,Wipro,WIPRO.NS
2025-07-14,240.32530212402344,254.25,259.54998779296875,251.64999389648438,258.29998779296875,10388421,Wipro,WIPRO.NS
2025-07-15,243.3027801513672,257.3999938964844,259.8500061035156,252.8000030517578,254.0,8750149,Wipro,WIPRO.NS
2025-07-16,248.4070281982422,262.79998779296875,264.0,256.04998779296875,257.3999938964844,12179338,Wipro,WIPRO.NS
2025-07-17,246.32754516601562,260.6000061035156,264.3500061035156,258.0,263.8500061035156,7484171,Wipro,WIPRO.NS
2025-07-18,252.32977294921875,266.95001220703125,271.8999938964844,265.6000061035156,268.6000061035156,30319126,Wipro,WIPRO.NS
2025-07-21,246.0912322998047,260.3500061035156,267.1499938964844,259.20001220703125,266.95001220703125,12190000,Wipro,WIPRO.NS
2025-07-22,245.47683715820312,259.70001220703125,262.1499938964844,258.75,261.70001220703125,6724044,Wipro,WIPRO.NS
2025-07-23,247.08370971679688,261.3999938964844,261.75,258.1499938964844,260.25,6510321,Wipro,WIPRO.NS
2025-07-24,247.50909423828125,261.8500061035156,263.3999938964844,260.25,262.0,8139900,Wipro,WIPRO.NS
2025-07-25,245.0042266845703,259.20001220703125,262.04998779296875,256.04998779296875,261.79998779296875,8427780,Wipro,WIPRO.NS
2025-07-28,241.0043487548828,250.0500030517578,254.0,249.0,254.0,8998911,Wipro,WIPRO.NS
2025-07-29,242.6910400390625,251.8000030517578,252.6999969482422,247.25,249.1999969482422,12923128,Wipro,WIPRO.NS
2025-07-30,241.14891052246094,250.1999969482422,252.5,249.1999969482422,251.4499969482422,6057152,Wipro,WIPRO.NS
2025-07-31,239.31765747070312,248.3000030517578,250.14999389648438,246.0500030517578,248.10000610351562,7338764,Wipro,WIPRO.NS
2025-08-01,233.9684295654297,242.75,246.89999389648438,242.1999969482422,246.5,7436999,Wipro,WIPRO.NS
2025-08-04,237.1490478515625,246.0500030517578,246.4199981689453,241.10000610351562,242.75,5234393,Wipro,WIPRO.NS
2025-08-05,237.0141143798828,245.91000366210938,246.9499969482422,244.52999877929688,246.0500030517578,7383968,Wipro,WIPRO.NS
2025-08-06,231.27935791015625,239.9600067138672,246.0,239.30999755859375,246.0,7700190,Wipro,WIPRO.NS
2025-08-07,233.55398559570312,242.32000732421875,243.17999267578125,238.61000061035156,239.11000061035156,6190830,Wipro,WIPRO.NS
2025-08-08,230.4022674560547,239.0500030517578,243.25,238.39999389648438,242.39999389648438,8922847,Wipro,WIPRO.NS
2025-08-11,232.87928771972656,241.6199951171875,244.75,238.6199951171875,239.0500030517578,3047287,Wipro,WIPRO.NS
2025-08-12,232.97567749023438,241.72000122070312,246.2899932861328,241.10000610351562,242.6999969482422,8101435,Wipro,WIPRO.NS
2025-08-13,232.908203125,241.64999389648438,242.88999938964844,240.1199951171875,242.88999938964844,5820844,Wipro,WIPRO.NS
2025-08-14,237.88156127929688,246.80999755859375,248.42999267578125,242.41000366210938,243.10000610351562,12857225,Wipro,WIPRO.NS
2025-08-18,236.33944702148438,245.2100067138672,249.00999450683594,244.75999450683594,248.63999938964844,5789317,Wipro,WIPRO.NS
2025-08-19,238.02613830566406,246.9600067138672,247.5,244.77999877929688,245.4600067138672,4090961,Wipro,WIPRO.NS
2025-08-20,241.76577758789062,250.83999633789062,252.88999938964844,245.3000030517578,245.3000030517578,10099384,Wipro,WIPRO.NS
2025-08-21,240.86941528320312,249.91000366210938,252.74000549316406,249.61000061035156,252.74000549316406,7607486,Wipro,WIPRO.NS
2025-08-22,239.64535522460938,248.63999938964844,253.0,247.61000061035156,252.0,13572686,Wipro,WIPRO.NS
2025-08-25,244.6572265625,253.83999633789062,257.2900085449219,250.60000610351562,250.60000610351562,16391069,Wipro,WIPRO.NS
2025-08-26,242.9127197265625,252.02999877929688,254.82000732421875,251.30999755859375,253.0,15797327,Wipro,WIPRO.NS
2025-08-28,241.5826416015625,250.64999389648438,252.35000610351562,249.0800018310547,252.02000427246094,5851451,Wipro,WIPRO.NS
2025-08-29,240.38751220703125,249.41000366210938,253.10000610351562,248.66000366210938,250.5,10117017,Wipro,WIPRO.NS
2025-09-01,241.30313110351562,250.36000061035156,252.99000549316406,249.39999389648438,249.4199981689453,3198345,Wipro,WIPRO.NS
2025-09-02,241.85250854492188,250.92999267578125,253.14999389648438,249.60000610351562,250.36000061035156,5046939,Wipro,WIPRO.NS
2025-09-03,240.53207397460938,249.55999755859375,252.39999389648438,249.1199951171875,251.89999389648438,3862765,Wipro,WIPRO.NS
2025-09-04,236.1081085205078,244.97000122070312,250.33999633789062,244.44000244140625,249.5,5021036,Wipro,WIPRO.NS
2025-09-05,234.85513305664062,243.6699981689453,247.32000732421875,241.27000427246094,246.10000610351562,6233782,Wipro,WIPRO.NS
2025-09-08,233.7467498779297,242.52000427246094,246.99000549316406,242.1999969482422,244.36000061035156,6596932,Wipro,WIPRO.NS
2025-09-09,240.13690185546875,249.14999389648438,249.85000610351562,245.0,245.0,12836972,Wipro,WIPRO.NS
2025-09-10,246.49815368652344,255.75,257.1700134277344,249.25,249.3000030517578,15261331,Wipro,WIPRO.NS
2025-09-11,244.72471618652344,253.91000366210938,255.6999969482422,252.1699981689453,255.6999969482422,5865301,Wipro,WIPRO.NS
2025-09-12,242.8259735107422,251.94000244140625,255.89999389648438,250.82000732421875,254.8800048828125,5345794,Wipro,WIPRO.NS
2025-09-15,242.18984985351562,251.27999877929688,251.7899932861328,249.60000610351562,251.5,3700703,Wipro,WIPRO.NS
2025-09-16,244.8210906982422,254.00999450683594,254.5,250.1999969482422,252.0,7316998,Wipro,WIPRO.NS
2025-09-17,244.95602416992188,254.14999389648438,255.5,252.85000610351562,253.3000030517578,7339871,Wipro,WIPRO.NS
2025-09-18,247.6354522705078,256.92999267578125,259.79998779296875,256.0,257.0,10498239,Wipro,WIPRO.NS
2025-09-19,246.6234588623047,255.8800048828125,257.6600036621094,254.6999969482422,257.0,10741757,Wipro,WIPRO.NS
2025-09-22,241.2742156982422,250.3300018310547,251.77999877929688,247.2100067138672,248.5500030517578,15784007,Wipro,WIPRO.NS
2025-09-23,240.59954833984375,249.6300048828125,252.0,248.75,250.22000122070312,8674114,Wipro,WIPRO.NS
2025-09-24,235.7418670654297,244.58999633789062,249.1199951171875,244.25,248.3300018310547,7888797,Wipro,WIPRO.NS
2025-09-25,233.2455596923828,242.0,245.63999938964844,241.27999877929688,245.4499969482422,7957740,Wipro,WIPRO.NS
2025-09-26,227.22164916992188,235.75,241.5500030517578,235.00999450683594,241.4499969482422,16999628,Wipro,WIPRO.NS
2025-09-29,230.97093200683594,239.63999938964844,240.7899932861328,236.2899932861328,236.8800048828125,8894412,Wipro,WIPRO.NS
2025-09-30,230.71070861816406,239.3699951171875,241.5,239.0,239.92999267578125,5590909,Wipro,WIPRO.NS
2025-10-01,232.3491973876953,241.07000732421875,243.57000732421875,237.83999633789062,240.0,9479378,Wipro,WIPRO.NS
2025-10-03,232.262451171875,240.97999572753906,241.39999389648438,238.05999755859375,240.97999572753906,10968346,Wipro,WIPRO.NS
2025-10-06,233.37086486816406,242.1300048828125,242.9600067138672,239.32000732421875,240.0,6064946,Wipro,WIPRO.NS
2025-10-07,234.72021484375,243.52999877929688,245.0,242.13999938964844,242.89999389648438,6587728,Wipro,WIPRO.NS
2025-10-08,235.43344116210938,244.27000427246094,246.35000610351562,242.57000732421875,243.25,7360563,Wipro,WIPRO.NS
2025-10-09,237.4863739013672,246.39999389648438,246.8000030517578,243.16000366210938,243.99000549316406,4629760,Wipro,WIPRO.NS
2025-10-10,239.70318603515625,248.6999969482422,251.25,246.25,248.0,7070200,Wipro,WIPRO.NS
2025-10-13,236.2623291015625,245.1300048828125,247.6999969482422,244.50999450683594,246.05999755859375,6717589,Wipro,WIPRO.NS
2025-10-14,239.4333038330078,248.4199981689453,250.14999389648438,245.11000061035156,245.8000030517578,7888607,Wipro,WIPRO.NS
2025-10-15,241.1585693359375,250.2100067138672,252.1300048828125,248.5399932861328,250.0,13278925,Wipro,WIPRO.NS
2025-10-16,244.62832641601562,253.80999755859375,254.07000732421875,248.8000030517578,250.39999389648438,10661302,Wipro,WIPRO.NS
2025-10-17,232.1853485107422,240.89999389648438,250.0,239.11000061035156,250.0,43802251,Wipro,WIPRO.NS
2025-10-20,232.5130615234375,241.24000549316406,241.94000244140625,239.27000427246094,240.89999389648438,9871824,Wipro,WIPRO.NS
2025-10-21,232.6287078857422,241.36000061035156,242.16000366210938,240.36000061035156,241.0,2082336,Wipro,WIPRO.NS
2025-10-23,235.4623565673828,244.3000030517578,247.8000030517578,243.3699951171875,244.8000030517578,18964626,Wipro,WIPRO.NS
2025-10-24,234.1901092529297,242.97999572753906,245.8800048828125,242.16000366210938,245.0,6803979,Wipro,WIPRO.NS
2025-10-27,235.0864715576172,243.91000366210938,245.72999572753906,243.05999755859375,243.2899932861328,9550336,Wipro,WIPRO.NS
2025-10-28,233.61181640625,242.3800048828125,244.6999969482422,241.39999389648438,243.66000366210938,8780789,Wipro,WIPRO.NS
2025-10-29,233.5154266357422,242.27999877929688,243.60000610351562,241.63999938964844,243.60000610351562,8776917,Wipro,WIPRO.NS
2025-10-30,233.16844177246094,241.9199981689453,244.77000427246094,240.5,242.88999938964844,8344622,Wipro,WIPRO.NS
2025-10-31,231.96368408203125,240.6699981689453,243.19000244140625,240.5,242.11000061035156,5659566,Wipro,WIPRO.NS
2025-11-03,231.79981994628906,240.5,241.2899932861328,239.5,240.6699981689453,4902693,Wipro,WIPRO.NS
2025-11-04,229.3131561279297,237.9199981689453,240.83999633789062,237.52000427246094,240.5,6848284,Wipro,WIPRO.NS
2025-11-06,231.36610412597656,240.0500030517578,240.6199951171875,238.3699951171875,240.0,7141517,Wipro,WIPRO.NS
2025-11-07,227.9348907470703,236.49000549316406,239.25,236.0,238.6999969482422,5520619,Wipro,WIPRO.NS
2025-11-10,231.1636962890625,239.83999633789062,241.5500030517578,237.02000427246094,237.44000244140625,8566758,Wipro,WIPRO.NS
2025-11-11,232.94677734375,241.69000244140625,242.0500030517578,238.80999755859375,241.10000610351562,8831094,Wipro,WIPRO.NS
2025-11-12,236.3490753173828,245.22000122070312,246.3000030517578,242.10000610351562,242.75,13152546,Wipro,WIPRO.NS
2025-11-13,236.45509338378906,245.3300018310547,246.0,244.0,246.0,6211124,Wipro,WIPRO.NS
2025-11-14,235.52981567382812,244.3699951171875,245.89999389648438,242.14999389648438,243.9199981689453,6841554,Wipro,WIPRO.NS
2025-11-17,235.22140502929688,244.0500030517578,244.77999877929688,242.69000244140625,243.97000122070312,6559062,Wipro,WIPRO.NS
2025-11-18,232.1853485107422,240.89999389648438,244.0,240.3000030517578,242.92999267578125,4730012,Wipro,WIPRO.NS
2025-11-19,237.16831970214844,246.07000732421875,246.85000610351562,240.5399932861328,241.1999969482422,13298452,Wipro,WIPRO.NS
2025-11-20,237.35145568847656,246.25999450683594,247.8000030517578,245.7100067138672,247.5,6705862,Wipro,WIPRO.NS
2025-11-21,235.64549255371094,244.49000549316406,247.25,243.61000061035156,245.0,5516450,Wipro,WIPRO.NS
2025-11-24,238.32492065429688,247.27000427246094,249.3800048828125,245.02000427246094,245.02000427246094,19711070,Wipro,WIPRO.NS
2025-11-25,236.75389099121094,245.63999938964844,248.0,244.0,248.0,8188793,Wipro,WIPRO.NS
2025-11-26,241.13929748535156,250.19000244140625,250.5500030517578,245.6199951171875,246.0,8202096,Wipro,WIPRO.NS
2025-11-27,240.53207397460938,249.55999755859375,251.9199981689453,247.69000244140625,250.39999389648438,5268129,Wipro,WIPRO.NS
2025-11-28,240.50315856933594,249.52999877929688,251.99000549316406,248.60000610351562,251.0,7049965,Wipro,WIPRO.NS
2025-12-01,241.2260284423828,250.27999877929688,250.75,248.86000061035156,250.10000610351562,3865446,Wipro,WIPRO.NS
2025-12-02,241.1199951171875,250.1699981689453,251.4499969482422,248.8699951171875,250.0,8535708,Wipro,WIPRO.NS
2025-12-03,245.4764862060547,254.69000244140625,257.1300048828125,250.5500030517578,250.60000610351562,17215454,Wipro,WIPRO.NS
2025-12-04,247.6354522705078,256.92999267578125,258.79998779296875,255.5,256.0,10687381,Wipro,WIPRO.NS
2025-12-05,250.50767517089844,259.9100036621094,261.1000061035156,257.70001220703125,258.20001220703125,7886562,Wipro,WIPRO.NS
2025-12-08,251.9244842529297,261.3800048828125,263.07000732421875,259.7099914550781,260.010009765625,9684253,Wipro,WIPRO.NS
2025-12-09,248.09811401367188,257.4100036621094,261.82000732421875,257.04998779296875,261.3800048828125,8560580,Wipro,WIPRO.NS
2025-12-10,248.64749145507812,257.9800109863281,260.3699951171875,257.25,258.010009765625,7944200,Wipro,WIPRO.NS
2025-12-11,249.8715362548828,259.25,259.9800109863281,257.7200012207031,258.30999755859375,6473376,Wipro,WIPRO.NS
2025-12-12,251.1726837158203,260.6000061035156,260.82000732421875,257.3599853515625,259.5,4008271,Wipro,WIPRO.NS
2025-12-15,252.27145385742188,261.739990234375,262.5,258.5400085449219,259.989990234375,4023911,Wipro,WIPRO.NS
2025-12-16,249.84262084960938,259.2200012207031,261.75,258.79998779296875,261.739990234375,2982041,Wipro,WIPRO.NS
2025-12-17,251.6931915283203,261.1400146484375,262.1300048828125,258.30999755859375,259.0,4923276,Wipro,WIPRO.NS
2025-12-18,254.3051300048828,263.8500061035156,264.989990234375,261.0,261.17999267578125,9008412,Wipro,WIPRO.NS
2025-12-19,254.88343811035156,264.45001220703125,267.0,263.29998779296875,267.0,12750745,Wipro,WIPRO.NS
2025-12-22,262.8060607910156,272.6700134277344,273.1000061035156,266.79998779296875,267.510009765625,14651313,Wipro,WIPRO.NS
2025-12-23,261.5820007324219,271.3999938964844,272.4800109863281,270.2099914550781,272.0,7572420,Wipro,WIPRO.NS
2025-12-24,258.3628234863281,268.05999755859375,270.9800109863281,267.20001220703125,270.94000244140625,4694861,Wipro,WIPRO.NS
2025-12-26,256.6664733886719,266.29998779296875,268.8800048828125,265.739990234375,267.20001220703125,2899112,Wipro,WIPRO.NS
2025-12-29,254.68101501464844,264.239990234375,267.3900146484375,263.6000061035156,265.989990234375,3755074,Wipro,WIPRO.NS
2025-12-30,254.11236572265625,263.6499938964844,264.7200012207031,263.0199890136719,264.0,5117699,Wipro,WIPRO.NS
2025-12-31,253.75575256347656,263.2799987792969,264.6000061035156,261.260009765625,264.0,5705044,Wipro,WIPRO.NS
2026-01-01,257.67852783203125,267.3500061035156,268.04998779296875,263.75,264.5,3639755,Wipro,WIPRO.NS
2026-01-02,259.268798828125,269.0,272.3999938964844,266.1499938964844,267.3500061035156,8286204,Wipro,WIPRO.NS
2026-01-05,253.77499389648438,263.29998779296875,269.6499938964844,261.70001220703125,269.45001220703125,7006599,Wipro,WIPRO.NS
2026-01-06,255.9918212890625,265.6000061035156,266.1000061035156,262.95001220703125,263.29998779296875,4083654,Wipro,WIPRO.NS
2026-01-07,261.0036926269531,270.79998779296875,272.5,264.5,265.0,10242615,Wipro,WIPRO.NS
2026-01-08,252.71481323242188,262.20001220703125,270.8999938964844,261.3500061035156,270.8999938964844,9269522,Wipro,WIPRO.NS
2026-01-09,252.473876953125,261.95001220703125,263.95001220703125,260.45001220703125,261.3500061035156,4735387,Wipro,WIPRO.NS
2026-01-12,253.58224487304688,263.1000061035156,264.5,259.04998779296875,260.70001220703125,3802164,Wipro,WIPRO.NS
2026-01-13,254.64247131347656,264.20001220703125,264.8500061035156,261.29998779296875,263.45001220703125,6931244,Wipro,WIPRO.NS
2026-01-14,250.78717041015625,260.20001220703125,264.0,259.6000061035156,264.0,5625861,Wipro,WIPRO.NS
2026-01-15,250.78717041015625,260.20001220703125,260.20001220703125,260.20001220703125,260.20001220703125,0,Wipro,WIPRO.NS
2026-01-16,257.77490234375,267.45001220703125,269.79998779296875,263.0,263.25,12028289,Wipro,WIPRO.NS
2026-01-19,237.0526580810547,245.9499969482422,252.0,241.5500030517578,252.0,65833247,Wipro,WIPRO.NS
2026-01-20,231.2215118408203,239.89999389648438,246.0,239.39999389648438,245.9499969482422,16796201,Wipro,WIPRO.NS
2026-01-21,230.88418579101562,239.5500030517578,242.60000610351562,237.60000610351562,239.89999389648438,14397792,Wipro,WIPRO.NS
2026-01-22,231.9443817138672,240.64999389648438,242.89999389648438,239.1999969482422,242.0,8537915,Wipro,WIPRO.NS
2026-01-23,229.77577209472656,238.39999389648438,243.5500030517578,237.85000610351562,242.3000030517578,13546802,Wipro,WIPRO.NS
2026-01-27,232.148681640625,234.8000030517578,236.39999389648438,231.75,235.1999969482422,15677537,Wipro,WIPRO.NS
2026-01-28,234.66989135742188,237.35000610351562,238.10000610351562,234.9499969482422,235.5,10155128,Wipro,WIPRO.NS
2026-01-29,237.09222412109375,239.8000030517578,240.89999389648438,235.4499969482422,236.1999969482422,12201949,Wipro,WIPRO.NS
2026-01-30,234.22496032714844,236.89999389648438,238.0,235.3000030517578,238.0,11362317,Wipro,WIPRO.NS
2026-02-02,239.56399536132812,242.3000030517578,244.0800018310547,239.2899932861328,244.0,12335721,Wipro,WIPRO.NS
2026-02-03,239.94960021972656,242.69000244140625,259.8900146484375,242.27999877929688,259.2099914550781,25915412,Wipro,WIPRO.NS
2026-02-04,230.70516967773438,233.33999633789062,235.9199981689453,226.25999450683594,235.91000366210938,25995324,Wipro,WIPRO.NS
2026-02-05,230.75460815429688,233.38999938964844,235.57000732421875,231.6999969482422,233.33999633789062,10102736,Wipro,WIPRO.NS
2026-02-06,228.11476135253906,230.72000122070312,232.92999267578125,228.60000610351562,232.92999267578125,12279085,Wipro,WIPRO.NS
2026-02-09,227.4819793701172,230.0800018310547,232.92999267578125,229.61000061035156,231.85000610351562,9112474,Wipro,WIPRO.NS
2026-02-10,228.85629272460938,231.47000122070312,232.86000061035156,227.1999969482422,229.97999572753906,12435622,Wipro,WIPRO.NS
2026-02-11,227.21502685546875,229.80999755859375,233.0,229.5,231.47000122070312,7874912,Wipro,WIPRO.NS
2026-02-12,216.606201171875,219.0800018310547,226.25999450683594,218.5,226.1999969482422,40899346,Wipro,WIPRO.NS
2026-02-13,211.6725311279297,214.08999633789062,216.47999572753906,209.00999450683594,210.64999389648438,23721186,Wipro,WIPRO.NS
2026-02-16,210.85189819335938,213.25999450683594,216.91000366210938,210.11000061035156,214.6199951171875,20754327,Wipro,WIPRO.NS
2026-02-17,213.2544708251953,215.69000244140625,219.38999938964844,212.25999450683594,213.25999450683594,26941553,Wipro,WIPRO.NS
2026-02-18,209.55670166015625,211.9499969482422,216.39999389648438,210.25999450683594,216.1999969482422,22679760,Wipro,WIPRO.NS
2026-02-19,208.82505798339844,211.2100067138672,215.44000244140625,210.39999389648438,214.0,14151588,Wipro,WIPRO.NS
2026-02-20,207.4903106689453,209.86000061035156,211.9600067138672,208.25,209.6999969482422,17690420,Wipro,WIPRO.NS
2026-02-23,203.56512451171875,205.88999938964844,211.74000549316406,204.27999877929688,210.36000061035156,20946229,Wipro,WIPRO.NS
2026-02-24,197.8800506591797,200.13999938964844,203.2899932861328,199.36000061035156,203.0,25036686,Wipro,WIPRO.NS
2026-02-25,199.63995361328125,201.9199981689453,205.47999572753906,201.30999755859375,201.30999755859375,13979068,Wipro,WIPRO.NS
2026-02-26,198.8094482421875,201.0800018310547,204.6300048828125,199.1199951171875,203.7100067138672,14378069,Wipro,WIPRO.NS
2026-02-27,198.69081115722656,200.9600067138672,204.0,200.0500030517578,204.0,13288519,Wipro,WIPRO.NS
2026-03-02,196.32778930664062,198.57000732421875,200.36000061035156,194.6999969482422,195.0,10486866,Wipro,WIPRO.NS
2026-03-04,193.34188842773438,195.5500030517578,197.1199951171875,194.50999450683594,196.00999450683594,19562075,Wipro,WIPRO.NS
2026-03-05,193.4704132080078,195.67999267578125,196.97000122070312,193.22000122070312,196.39999389648438,13149281,Wipro,WIPRO.NS
2026-03-06,193.19357299804688,195.39999389648438,198.92999267578125,195.0,195.60000610351562,9022914,Wipro,WIPRO.NS
2026-03-09,196.50575256347656,198.75,199.5,193.02999877929688,194.0,25862728,Wipro,WIPRO.NS
2026-03-10,198.6611328125,200.92999267578125,201.30999755859375,197.4199981689453,200.5,12982340,Wipro,WIPRO.NS
2026-03-11,199.9464569091797,202.22999572753906,205.9499969482422,201.5800018310547,202.69000244140625,29199002,Wipro,WIPRO.NS
2026-03-12,200.22329711914062,202.50999450683594,203.8000030517578,199.6999969482422,201.05999755859375,19042475,Wipro,WIPRO.NS
2026-03-13,195.34896850585938,197.5800018310547,202.07000732421875,196.0399932861328,200.60000610351562,12629652,Wipro,WIPRO.NS
2026-03-16,192.9068603515625,195.11000061035156,198.2899932861328,192.77000427246094,196.24000549316406,12631649,Wipro,WIPRO.NS
2026-03-17,189.15965270996094,191.32000732421875,195.11000061035156,188.25,195.0,21778468,Wipro,WIPRO.NS
2026-03-18,192.1060028076172,194.3000030517578,198.0,192.69000244140625,193.0,24529164,Wipro,WIPRO.NS
2026-03-19,186.2825164794922,188.41000366210938,192.7899932861328,187.67999267578125,191.97999572753906,13685195,Wipro,WIPRO.NS
2026-03-20,188.744384765625,190.89999389648438,192.3000030517578,188.41000366210938,191.19000244140625,24395304,Wipro,WIPRO.NS
2026-03-23,185.42233276367188,187.5399932861328,190.6199951171875,187.0,189.41000366210938,12014988,Wipro,WIPRO.NS
2026-03-24,186.60879516601562,188.74000549316406,191.5,187.8000030517578,191.5,11843191,Wipro,WIPRO.NS
2026-03-25,186.915283203125,189.0500030517578,190.6199951171875,187.89999389648438,189.0,13862888,Wipro,WIPRO.NS
2026-03-27,189.43649291992188,191.60000610351562,192.2899932861328,187.89999389648438,189.0500030517578,26269256,Wipro,WIPRO.NS
2026-03-30,185.52120971679688,187.63999938964844,191.6300048828125,186.5,189.99000549316406,27946986,Wipro,WIPRO.NS
2026-04-01,189.02122497558594,191.17999267578125,194.49000549316406,190.41000366210938,191.50999450683594,11769673,Wipro,WIPRO.NS
2026-04-02,192.70912170410156,194.91000366210938,195.33999633789062,188.5800018310547,190.5,16623045,Wipro,WIPRO.NS
2026-04-06,195.06224060058594,197.2899932861328,201.17999267578125,196.11000061035156,197.0,23282287,Wipro,WIPRO.NS
2026-04-07,202.40834045410156,204.72000122070312,205.27000427246094,197.00999450683594,197.00999450683594,24771466,Wipro,WIPRO.NS
2026-04-08,201.12301635742188,203.4199981689453,209.0,202.8000030517578,207.6999969482422,22084158,Wipro,WIPRO.NS
2026-04-09,200.5792236328125,202.8699951171875,204.16000366210938,201.6300048828125,203.7100067138672,14540807,Wipro,WIPRO.NS
2026-04-10,202.56654357910156,204.8800048828125,208.6999969482422,200.6199951171875,208.6999969482422,51219565,Wipro,WIPRO.NS
2026-04-13,200.6781005859375,202.97000122070312,203.39999389648438,200.30999755859375,203.00999450683594,21930624,Wipro,WIPRO.NS
2026-04-15,207.3815460205078,209.75,210.49000549316406,205.10000610351562,206.5,27890080,Wipro,WIPRO.NS
2026-04-16,207.88577270507812,210.25999450683594,212.97999572753906,208.2100067138672,212.97999572753906,36305074,Wipro,WIPRO.NS
2026-04-17,202.0128631591797,204.32000732421875,206.4499969482422,202.5,205.0,80542603,Wipro,WIPRO.NS
2026-04-20,200.19363403320312,202.47999572753906,205.1999969482422,202.0,204.5,27927164,Wipro,WIPRO.NS
2026-04-21,202.695068359375,205.00999450683594,205.6999969482422,202.47999572753906,203.0,21530723,Wipro,WIPRO.NS
2026-04-22,201.69647216796875,204.0,205.3800048828125,202.1999969482422,203.5,21790433,Wipro,WIPRO.NS
2026-04-23,200.47047424316406,202.75999450683594,204.89999389648438,202.3000030517578,204.0,20307250,Wipro,WIPRO.NS
2026-04-24,197.10887145996094,199.36000061035156,202.75,197.8800048828125,202.75,39363394,Wipro,WIPRO.NS
2026-04-27,202.734619140625,205.0500030517578,205.25,199.36000061035156,199.36000061035156,42632215,Wipro,WIPRO.NS
2026-04-28,199.30380249023438,201.5800018310547,205.67999267578125,201.02000427246094,204.55999755859375,23455983,Wipro,WIPRO.NS
2026-04-29,198.41395568847656,200.67999267578125,203.60000610351562,200.3000030517578,201.5800018310547,15667662,Wipro,WIPRO.NS
2026-04-30,198.38429260253906,200.64999389648438,202.14999389648438,200.0,200.88999938964844,15300274,Wipro,WIPRO.NS
2026-05-01,198.38429260253906,200.64999389648438,200.64999389648438,200.64999389648438,200.64999389648438,0,Wipro,WIPRO.NS
2026-05-04,198.48316955566406,200.75,203.3699951171875,200.05999755859375,202.39999389648438,8446995,Wipro,WIPRO.NS
2026-05-05,197.5241241455078,199.77999877929688,202.3000030517578,199.60000610351562,200.0,8899200,Wipro,WIPRO.NS
2026-05-06,196.87156677246094,199.1199951171875,201.1300048828125,198.25,200.50999450683594,13166683,Wipro,WIPRO.NS
2026-05-07,195.13145446777344,197.36000061035156,200.27999877929688,197.19000244140625,199.5,19303572,Wipro,WIPRO.NS
2026-05-08,195.6752471923828,197.91000366210938,198.94000244140625,196.6999969482422,198.0,15970687,Wipro,WIPRO.NS
2026-05-11,194.45912170410156,196.67999267578125,198.24000549316406,196.14999389648438,197.8800048828125,9199527,Wipro,WIPRO.NS
2026-05-12,187.42941284179688,189.57000732421875,196.13999938964844,189.10000610351562,196.10000610351562,27435195,Wipro,WIPRO.NS
2026-05-13,185.6793975830078,187.8000030517578,191.3000030517578,187.30999755859375,190.6699981689453,17242394,Wipro,WIPRO.NS
2026-05-14,186.1737518310547,188.3000030517578,190.17999267578125,187.0,188.25,18280387,Wipro,WIPRO.NS
2026-05-15,187.85455322265625,190.0,191.89999389648438,188.8000030517578,189.89999389648438,17902610,Wipro,WIPRO.NS
2026-05-18,190.0000457763672,192.1699981689453,192.75,189.1999969482422,190.99000549316406,16327369,Wipro,WIPRO.NS
2026-05-19,192.96617126464844,195.1699981689453,198.0,192.39999389648438,192.39999389648438,20534622,Wipro,WIPRO.NS
2026-05-20,194.89414978027344,197.1199951171875,197.94000244140625,194.00999450683594,194.61000061035156,16201692,Wipro,WIPRO.NS
2026-05-21,197.4845733642578,199.74000549316406,200.0399932861328,197.5,198.5,18980608,Wipro,WIPRO.NS
2026-05-22,200.8165283203125,203.11000061035156,205.39999389648438,198.8300018310547,200.0,40014399,Wipro,WIPRO.NS
2026-05-25,204.50439453125,206.83999633789062,209.5500030517578,204.05999755859375,207.0,72041558,Wipro,WIPRO.NS
2026-05-26,201.4295196533203,203.72999572753906,208.69000244140625,202.94000244140625,206.99000549316406,46458415,Wipro,WIPRO.NS
2026-05-27,199.30380249023438,201.5800018310547,205.99000549316406,200.1999969482422,203.85000610351562,39465643,Wipro,WIPRO.NS
2026-05-28,199.30380249023438,201.5800018310547,201.5800018310547,201.5800018310547,201.5800018310547,0,Wipro,WIPRO.NS
2026-05-29,201.9436492919922,204.25,211.0,203.64999389648438,211.0,82734524,Wipro,WIPRO.NS
2026-06-01,204.0792694091797,206.41000366210938,207.75,205.10000610351562,205.10000610351562,26491139,Wipro,WIPRO.NS
2026-06-02,207.47052001953125,209.83999633789062,210.17999267578125,206.50999450683594,208.0,42476874,Wipro,WIPRO.NS
2026-06-03,201.79534912109375,204.10000610351562,208.39999389648438,202.0,208.0,62282204,Wipro,WIPRO.NS
2026-06-04,202.0128631591797,204.32000732421875,205.08999633789062,202.10000610351562,203.0,40659957,Wipro,WIPRO.NS
2026-06-05,196.13003540039062,198.3699951171875,199.0,188.14999389648438,191.52000427246094,43539069,Wipro,WIPRO.NS
2026-06-08,179.7075958251953,181.75999450683594,193.88999938964844,181.0,193.38999938964844,75164049,Wipro,WIPRO.NS
2026-06-09,179.61862182617188,181.6699981689453,184.35000610351562,180.60000610351562,183.97000122070312,28381665,Wipro,WIPRO.NS
2026-06-10,176.9095458984375,178.92999267578125,182.2899932861328,178.5,182.10000610351562,16935979,Wipro,WIPRO.NS
2026-06-11,175.36717224121094,177.3699951171875,178.1999969482422,175.8300018310547,176.97000122070312,14468882,Wipro,WIPRO.NS
2026-06-12,178.10589599609375,180.13999938964844,180.4499969482422,177.57000732421875,178.64999389648438,13850153,Wipro,WIPRO.NS
2026-06-15,179.33189392089844,181.3800048828125,183.0,180.91000366210938,183.0,13870660,Wipro,WIPRO.NS
2026-06-16,180.60733032226562,182.6699981689453,183.3800048828125,181.6300048828125,182.38999938964844,11706020,Wipro,WIPRO.NS
2026-06-17,182.3870086669922,184.47000122070312,185.25,183.5800018310547,184.0,16131548,Wipro,WIPRO.NS
2026-06-18,180.77540588378906,182.83999633789062,184.75999450683594,181.7100067138672,184.47000122070312,18165845,Wipro,WIPRO.NS
2026-06-19,178.75843811035156,180.8000030517578,181.47999572753906,174.88999938964844,176.75999450683594,37469436,Wipro,WIPRO.NS
2026-06-22,178.1454315185547,180.17999267578125,182.39999389648438,180.0,180.83999633789062,10368112,Wipro,WIPRO.NS
2026-06-23,172.5196990966797,174.49000549316406,179.5,174.0,179.5,23954730,Wipro,WIPRO.NS
2026-06-24,172.50979614257812,174.47999572753906,175.49000549316406,171.49000549316406,171.5,56627728,Wipro,WIPRO.NS
2026-06-25,173.02394104003906,175.0,176.38999938964844,172.69000244140625,176.0,21544904,Wipro,WIPRO.NS
2026-06-26,173.02394104003906,175.0,175.0,175.0,175.0,0,Wipro,WIPRO.NS
2026-06-29,173.49850463867188,175.47999572753906,176.69000244140625,174.60000610351562,176.27999877929688,24484011,Wipro,WIPRO.NS
2026-06-30,168.4659881591797,170.38999938964844,175.39999389648438,170.0500030517578,175.0,26845383,Wipro,WIPRO.NS
2026-07-01,168.20892333984375,170.1300048828125,172.14999389648438,169.25,171.0,34638511,Wipro,WIPRO.NS
2026-07-02,172.0352325439453,174.0,174.97000122070312,169.0,169.49000549316406,43447174,Wipro,WIPRO.NS
2026-07-03,174.09173583984375,176.0800018310547,178.13999938964844,174.58999633789062,176.1999969482422,29538753,Wipro,WIPRO.NS
2026-07-06,172.35162353515625,174.32000732421875,176.3000030517578,173.57000732421875,176.0800018310547,8304046,Wipro,WIPRO.NS
2026-07-07,171.04652404785156,173.0,176.1999969482422,172.77000427246094,173.89999389648438,18837725,Wipro,WIPRO.NS
2026-07-08,170.76968383789062,172.72000122070312,175.39999389648438,172.24000549316406,173.0,16482564,Wipro,WIPRO.NS
2026-07-09,170.80921936035156,172.75999450683594,174.2899932861328,171.64999389648438,173.0,10270117,Wipro,WIPRO.NS
2026-07-10,173.47874450683594,175.4600067138672,177.22000122070312,175.0,175.22999572753906,16249590,Wipro,WIPRO.NS
2026-07-13,176.41519165039062,178.42999267578125,179.9499969482422,174.36000061035156,174.60000610351562,22417855,Wipro,WIPRO.NS
2026-07-14,175.1397705078125,177.13999938964844,180.5,176.7100067138672,178.5,14461463,Wipro,WIPRO.NS
2026-07-15,172.67788696289062,174.64999389648438,176.60000610351562,174.49000549316406,175.1199951171875,10398720,Wipro,WIPRO.NS
2026-07-16,175.73300170898438,177.74000549316406,177.99000549316406,175.41000366210938,175.60000610351562,11184572,Wipro,WIPRO.NS
2026-07-17,174.0126495361328,176.0,176.25999450683594,173.5500030517578,173.5500030517578,22960032,Wipro,WIPRO.NS
2026-07-20,174.3883514404297,176.3800048828125,177.8000030517578,175.85000610351562,177.0,10183661,Wipro,WIPRO.NS
2026-07-21,172.99427795410156,174.97000122070312,177.5,174.5,176.11000061035156,11350578,Wipro,WIPRO.NS
2026-07-22,172.4702606201172,174.44000244140625,174.9600067138672,173.4199981689453,174.77000427246094,5057035,Wipro,WIPRO.NS
2026-07-23,172.84597778320312,174.82000732421875,175.55999755859375,173.30999755859375,173.80999755859375,9055905,Wipro,WIPRO.NS
2026-07-24,175.1199951171875,177.1199951171875,177.89999389648438,172.8000030517578,174.0,13282944,Wipro,WIPRO.NS
2026-07-27,178.52999877929688,178.52999877929688,178.77999877929688,175.61000061035156,177.5,12504426,Wipro,WIPRO.NS
2026-07-28,181.1199951171875,181.1199951171875,181.6999969482422,178.5500030517578,178.5500030517578,26873060,Wipro,WIPRO.NS
2026-07-29,183.61000061035156,183.61000061035156,185.75999450683594,181.4499969482422,183.0,26147867,Wipro,WIPRO.NS
2026-07-30,186.3300018310547,186.3300018310547,191.33999633789062,183.39999389648438,183.39999389648438,54015268,Wipro,WIPRO.NS
2026-07-31,183.64999389648438,183.64999389648438,185.24000549316406,180.8300018310547,184.85000610351562,18762810,Wipro,WIPRO.NS
2026-08-03,188.66000366210938,188.66000366210938,189.80999755859375,184.02000427246094,184.02000427246094,15840516,Wipro,WIPRO.NS
2026-08-04,186.3000030517578,186.3000030517578,189.39999389648438,186.3000030517578,189.0,11903457,Wipro,WIPRO.NS
2026-08-05,186.99000549316406,186.99000549316406,188.5399932861328,186.07000732421875,187.0,8829250,Wipro,WIPRO.NS
2026-08-06,186.1199951171875,186.1199951171875,188.24000549316406,185.41000366210938,186.0,6629768,Wipro,WIPRO.NS
2026-08-07,187.52999877929688,187.52999877929688,188.3699951171875,185.64999389648438,185.8699951171875,7823102,Wipro,WIPRO.NS
2026-08-10,185.5,185.5,187.88999938964844,185.0,187.52999877929688,5337618,Wipro,WIPRO.NS
2026-08-11,184.60000610351562,184.60000610351562,187.47999572753906,183.30999755859375,185.5,9182421,Wipro,WIPRO.NS
2026-08-12,183.94000244140625,183.94000244140625,185.0,181.91000366210938,184.50999450683594,8624548,Wipro,WIPRO.NS
2026-08-13,183.10000610351562,183.10000610351562,183.75,181.72000122070312,183.49000549316406,5434084,Wipro,WIPRO.NS
2026-08-14,184.0,184.0,185.83999633789062,183.10000610351562,183.5500030517578,7366162,Wipro,WIPRO.NS
2026-08-17,181.89999389648438,181.89999389648438,183.7100067138672,181.0,183.5,4436515,Wipro,WIPRO.NS
2026-08-18,178.05999755859375,178.05999755859375,181.99000549316406,178.05999755859375,181.89999389648438,7074731,Wipro,WIPRO.NS
2026-08-19,179.5500030517578,179.5500030517578,179.9499969482422,178.22000122070312,179.05999755859375,5964187,Wipro,WIPRO.NS
2026-08-20,181.0,181.0,182.4600067138672,180.50999450683594,181.55999755859375,5364164,Wipro,WIPRO.NS
2026-08-21,180.7899932861328,180.7899932861328,181.75999450683594,180.0,180.60000610351562,4637869,Wipro,WIPRO.NS
2026-08-24,181.30999755859375,181.30999755859375,183.9199981689453,180.55999755859375,181.0,9441129,Wipro,WIPRO.NS
2026-08-25,180.08999633789062,180.08999633789062,181.2899932861328,178.38999938964844,181.2899932861328,8352475,Wipro,WIPRO.NS
2026-08-26,177.35000610351562,177.35000610351562,180.9499969482422,176.66000366210938,180.08999633789062,9355776,Wipro,WIPRO.NS
2026-08-27,176.39999389648438,176.39999389648438,178.6999969482422,176.39999389648438,177.35000610351562,4695019,Wipro,WIPRO.NS
2026-08-28,180.9499969482422,180.9499969482422,181.85000610351562,178.25,178.25,14686269,Wipro,WIPRO.NS
2026-08-31,184.5,184.5,184.5,176.1699981689453,180.1699981689453,16666567,Wipro,WIPRO.NS
2026-09-01,181.6999969482422,181.6999969482422,182.10000610351562,178.5,181.0,6813425,Wipro,WIPRO.NS
2026-09-02,177.08999633789062,177.08999633789062,180.38999938964844,176.8000030517578,180.0,12056634,Wipro,WIPRO.NS
2026-09-03,175.72000122070312,175.72000122070312,178.0399932861328,175.72000122070312,177.5,6481730,Wipro,WIPRO.NS
